side,lr,money,retained,tag,intent,cost,spendCeiling,profP25,profMed,profP75,spendBand,primary,primaryProb,primarySupport,armor,helmet,kit,util,nextLoss,confidence
T,1400,3250,none,SAVE,none,700,800,3100,3150,3250,below_p25,none,0.000,absent,false,false,false,HE+fire,3950,medium
T,1400,3300,none,SAVE,none,700,850,3150,3250,3300,below_p25,none,0.000,absent,false,false,false,HE+fire,4000,medium
T,1400,3350,none,SAVE,none,700,900,3200,3250,3300,below_p25,none,0.000,absent,false,false,false,HE+fire,4050,medium
T,1400,3400,none,LIGHT,paid_pistol,950,950,3250,3300,3300,below_p25,P250,0.000,absent,true,false,false,-,3850,medium
T,1400,3450,none,LIGHT,paid_pistol,950,1000,3250,3300,3350,below_p25,P250,0.000,absent,true,false,false,-,3900,medium
T,1400,3500,none,LIGHT,paid_pistol,950,1050,3250,3450,3500,below_p25,P250,0.000,absent,true,false,false,-,3950,medium
T,1400,3550,none,LIGHT,paid_pistol,950,1100,3250,3500,3500,below_p25,P250,0.000,absent,true,false,false,-,4000,medium
T,1400,3600,none,LIGHT,paid_pistol,1150,1150,3250,3500,3500,below_p25,Tec-9,0.000,absent,true,false,false,-,3850,medium
T,1400,3650,none,LIGHT,paid_pistol,1150,1200,3350,3500,3500,below_p25,Tec-9,0.000,absent,true,false,false,-,3900,medium
T,1400,3700,none,LIGHT,paid_pistol,1150,1250,3350,3650,3700,below_p25,Tec-9,0.000,absent,true,false,false,-,3950,medium
T,1400,3750,none,LIGHT,paid_pistol,1150,1300,3500,3700,3700,below_p25,Tec-9,0.000,absent,true,false,false,-,4000,medium
T,1400,3800,none,LIGHT,paid_pistol,1350,1350,3600,3700,3800,below_p25,Tec-9,0.000,absent,true,false,false,flash1,3850,medium
T,1400,3850,none,LIGHT,paid_pistol,1350,1400,3450,3700,3800,below_p25,Tec-9,0.000,absent,true,false,false,flash1,3900,medium
T,1400,3900,none,LIGHT,paid_pistol,1450,1450,3600,3800,3900,below_p25,Tec-9,0.000,absent,true,false,false,smoke,3850,medium
T,1400,3950,none,RIFLE,rifle,3850,3950,3800,3900,3900,within,AK-47,NaN,low,true,false,false,smoke+flash1,1500,medium
T,1400,4000,none,RIFLE,rifle,3850,4000,3900,3950,4000,below_p25,AK-47,NaN,low,true,false,false,smoke+flash1,1550,medium
T,1400,4050,none,RIFLE,rifle,4050,4050,3900,3950,4000,above_p75,AK-47,NaN,low,true,false,false,smoke+flash2,1400,medium
T,1400,4100,none,RIFLE,rifle,4050,4100,3850,3900,4000,above_p75,AK-47,NaN,low,true,false,false,smoke+flash2,1450,medium
T,1400,4150,none,RIFLE,rifle,4150,4150,3750,3900,4000,above_p75,AK-47,NaN,low,true,false,false,smoke+flash1+HE,1400,medium
T,1400,4200,none,RIFLE,rifle,4150,4200,3900,4000,4200,within,AK-47,NaN,low,true,false,false,smoke+flash1+HE,1450,high
T,1400,4250,none,RIFLE,rifle,4250,4250,3900,4200,4200,above_p75,AK-47,NaN,low,true,false,false,smoke+flash1+fire,1400,high
T,1400,4300,none,RIFLE,rifle,4250,4300,3900,4200,4200,above_p75,AK-47,NaN,low,true,false,false,smoke+flash1+fire,1450,high
T,1400,4350,none,RIFLE,rifle,4250,4350,3900,4200,4200,above_p75,AK-47,NaN,low,true,false,false,smoke+flash1+fire,1500,high
T,1400,4400,none,RIFLE,rifle,4250,4400,3900,4250,4400,within,AK-47,NaN,low,true,false,false,smoke+flash1+fire,1550,high
T,1400,4450,none,RIFLE,rifle,4450,4450,4000,4400,4400,above_p75,AK-47,NaN,low,true,false,false,smoke+flash2+fire,1400,high
T,1400,4500,none,RIFLE,rifle,4450,4500,4150,4400,4400,above_p75,AK-47,NaN,low,true,false,false,smoke+flash2+fire,1450,high
T,1400,4550,none,RIFLE,rifle,4550,4550,4050,4400,4400,above_p75,AK-47,NaN,low,true,false,false,smoke+flash1+HE+fire,1400,high
T,1400,4600,none,RIFLE,rifle,4550,4600,4400,4500,4600,within,AK-47,NaN,low,true,false,false,smoke+flash1+HE+fire,1450,high
T,1400,4650,none,RIFLE,rifle,4650,4650,4400,4600,4600,above_p75,AK-47,NaN,low,true,true,false,smoke,1400,high
T,1400,4700,none,RIFLE,rifle,4650,4700,4500,4600,4600,above_p75,AK-47,NaN,low,true,true,false,smoke,1450,high
T,1400,4750,none,RIFLE,rifle,4650,4750,4450,4600,4600,above_p75,AK-47,NaN,low,true,true,false,smoke,1500,high
T,1400,4800,none,RIFLE,rifle,4650,4800,4600,4700,4800,within,AK-47,NaN,low,true,true,false,smoke,1550,high
T,1400,4850,none,RIFLE,rifle,4850,4850,4600,4700,4800,above_p75,AK-47,NaN,low,true,true,false,smoke+flash1,1400,high
T,1400,4900,none,RIFLE,rifle,4850,4900,4700,4800,4900,within,AK-47,NaN,low,true,true,false,smoke+flash1,1450,high
T,1400,4950,none,RIFLE,rifle,4850,4950,4700,4800,4900,within,AK-47,NaN,low,true,true,false,smoke+flash1,1500,high
T,1400,5000,none,RIFLE,rifle,4850,5000,4800,4800,4900,within,AK-47,NaN,low,true,true,false,smoke+flash1,1550,high
T,1400,5050,none,RIFLE,rifle,5050,5050,4800,4900,4900,above_p75,AK-47,NaN,low,true,true,false,smoke+flash2,1400,high
T,1400,5100,none,RIFLE,rifle,5050,5100,4800,4900,4900,above_p75,AK-47,NaN,low,true,true,false,smoke+flash2,1450,high
T,1400,5150,none,RIFLE,rifle,5150,5150,4800,4900,4900,above_p75,AK-47,NaN,low,true,true,false,smoke+flash1+HE,1400,high
T,1400,5200,none,RIFLE,rifle,5150,5200,4800,4900,4900,above_p75,AK-47,NaN,low,true,true,false,smoke+flash1+HE,1450,high
T,1400,5250,none,RIFLE,rifle,5250,5250,4800,4900,4900,above_p75,AK-47,NaN,low,true,true,false,smoke+flash1+fire,1400,high
T,1400,5300,none,RIFLE,rifle,5250,5300,4800,4900,4900,above_p75,AK-47,NaN,low,true,true,false,smoke+flash1+fire,1450,high
T,1400,5350,none,RIFLE,rifle,5250,5350,4800,4900,4900,above_p75,AK-47,NaN,low,true,true,false,smoke+flash1+fire,1500,high
T,1400,5400,none,RIFLE,rifle,5250,5400,4800,4800,4900,above_p75,AK-47,NaN,low,true,true,false,smoke+flash1+fire,1550,high
T,1400,5450,none,RIFLE,rifle,5450,5450,4800,4800,4900,above_p75,AK-47,NaN,low,true,true,false,smoke+flash2+fire,1400,high
T,1400,5500,none,RIFLE,rifle,5450,5500,4800,4800,4900,above_p75,AK-47,NaN,low,true,true,false,smoke+flash2+fire,1450,high
T,1400,5550,none,RIFLE,rifle,5550,5550,4800,4800,4900,above_p75,AK-47,NaN,low,true,true,false,smoke+flash1+HE+fire,1400,high
T,1400,5600,none,RIFLE,rifle,5550,5600,4800,4800,4900,above_p75,AK-47,NaN,low,true,true,false,smoke+flash1+HE+fire,1450,high
T,1400,5650,none,RIFLE,rifle,5550,5650,4800,4900,4900,above_p75,AK-47,NaN,low,true,true,false,smoke+flash1+HE+fire,1500,high
T,1400,5700,none,RIFLE,rifle,5550,5700,4800,4900,4900,above_p75,AK-47,NaN,low,true,true,false,smoke+flash1+HE+fire,1550,high
T,1400,5750,none,RIFLE,rifle,5550,5750,4800,4900,4900,above_p75,AK-47,NaN,low,true,true,false,smoke+flash1+HE+fire,1600,high
T,1400,5800,none,RIFLE,rifle,5550,5800,4800,4900,4900,above_p75,AK-47,NaN,low,true,true,false,smoke+flash1+HE+fire,1650,high
T,1400,5850,none,RIFLE,rifle,5550,5850,4800,4900,4900,above_p75,AK-47,NaN,low,true,true,false,smoke+flash1+HE+fire,1700,high
T,1400,5900,none,RIFLE,rifle,5550,5900,4800,4900,4900,above_p75,AK-47,NaN,low,true,true,false,smoke+flash1+HE+fire,1750,high
T,1400,5950,none,RIFLE,rifle,5550,5950,4800,4900,4900,above_p75,AK-47,NaN,low,true,true,false,smoke+flash1+HE+fire,1800,high
T,1400,6000,none,RIFLE,rifle,5550,6000,4800,4900,4900,above_p75,AK-47,NaN,low,true,true,false,smoke+flash1+HE+fire,1850,high
T,1400,3250,AK-47,RIFLE,keep_current,650,800,700,900,1200,below_p25,keep_current,0.000,n/a,true,false,false,-,4000,high
T,1400,3300,AK-47,RIFLE,keep_current,850,850,700,900,1200,within,keep_current,0.000,n/a,true,false,false,flash1,3850,high
T,1400,3350,AK-47,RIFLE,keep_current,850,900,700,900,1200,within,keep_current,0.000,n/a,true,false,false,flash1,3900,high
T,1400,3400,AK-47,RIFLE,keep_current,950,950,700,900,1200,within,keep_current,0.000,n/a,true,false,false,smoke,3850,high
T,1400,3450,AK-47,RIFLE,keep_current,950,1000,700,900,1200,within,keep_current,0.000,n/a,true,false,false,smoke,3900,high
T,1400,3500,AK-47,RIFLE,keep_current,950,1050,700,1000,1200,within,keep_current,0.000,n/a,true,false,false,smoke,3950,high
T,1400,3550,AK-47,RIFLE,keep_current,950,1100,700,1000,1200,within,keep_current,0.000,n/a,true,false,false,smoke,4000,high
T,1400,3600,AK-47,RIFLE,keep_current,1150,1150,700,900,1200,within,keep_current,0.000,n/a,true,false,false,smoke+flash1,3850,high
T,1400,3650,AK-47,RIFLE,keep_current,1150,1200,700,900,1100,above_p75,keep_current,0.000,n/a,true,false,false,smoke+flash1,3900,high
T,1400,3700,AK-47,RIFLE,keep_current,1150,1250,700,900,1100,above_p75,keep_current,0.000,n/a,true,false,false,smoke+flash1,3950,high
T,1400,3750,AK-47,RIFLE,keep_current,1150,1300,700,900,1100,above_p75,keep_current,0.000,n/a,true,false,false,smoke+flash1,4000,high
T,1400,3800,AK-47,RIFLE,keep_current,1150,1350,700,900,1100,above_p75,keep_current,0.000,n/a,true,false,false,smoke+flash1,4050,high
T,1400,3850,AK-47,RIFLE,keep_current,1150,1400,700,900,1100,above_p75,keep_current,0.000,n/a,true,false,false,smoke+flash1,4100,high
T,1400,3900,AK-47,RIFLE,keep_current,1450,1450,600,900,1100,above_p75,keep_current,0.000,n/a,true,false,false,smoke+flash1+HE,3850,high
T,1400,3950,AK-47,RIFLE,keep_current,1450,1500,600,900,1100,above_p75,keep_current,0.000,n/a,true,false,false,smoke+flash1+HE,3900,high
T,1400,4000,AK-47,RIFLE,keep_current,1550,1550,600,800,1100,above_p75,keep_current,0.000,n/a,true,false,false,smoke+flash1+fire,3850,high
T,1400,4050,AK-47,RIFLE,keep_current,1550,1600,600,800,1100,above_p75,keep_current,0.000,n/a,true,false,false,smoke+flash1+fire,3900,high
T,1400,4100,AK-47,RIFLE,keep_current,1550,1650,600,800,1100,above_p75,keep_current,0.000,n/a,true,false,false,smoke+flash1+fire,3950,high
T,1400,4150,AK-47,RIFLE,keep_current,1550,1700,600,900,1100,above_p75,keep_current,0.000,n/a,true,false,false,smoke+flash1+fire,4000,high
T,1400,4200,AK-47,RIFLE,keep_current,1550,1750,600,900,1100,above_p75,keep_current,0.000,n/a,true,false,false,smoke+flash1+fire,4050,high
T,1400,4250,AK-47,RIFLE,keep_current,1550,1800,600,900,1100,above_p75,keep_current,0.000,n/a,true,false,false,smoke+flash1+fire,4100,high
T,1400,4300,AK-47,RIFLE,keep_current,1850,1850,600,800,1100,above_p75,keep_current,0.000,n/a,true,false,false,smoke+flash1+HE+fire,3850,high
T,1400,4350,AK-47,RIFLE,keep_current,1850,1900,600,800,1100,above_p75,keep_current,0.000,n/a,true,false,false,smoke+flash1+HE+fire,3900,high
T,1400,4400,AK-47,RIFLE,keep_current,1850,1950,600,700,1000,above_p75,keep_current,0.000,n/a,true,false,false,smoke+flash1+HE+fire,3950,high
T,1400,4450,AK-47,RIFLE,keep_current,1850,2000,600,700,1000,above_p75,keep_current,0.000,n/a,true,false,false,smoke+flash1+HE+fire,4000,high
T,1400,4500,AK-47,RIFLE,keep_current,1850,2050,600,700,900,above_p75,keep_current,0.000,n/a,true,false,false,smoke+flash1+HE+fire,4050,high
T,1400,4550,AK-47,RIFLE,keep_current,1850,2100,600,700,900,above_p75,keep_current,0.000,n/a,true,false,false,smoke+flash1+HE+fire,4100,high
T,1400,4600,AK-47,RIFLE,keep_current,2150,2150,600,700,900,above_p75,keep_current,0.000,n/a,true,true,false,smoke+flash1,3850,high
T,1400,4650,AK-47,RIFLE,keep_current,2150,2200,600,700,900,above_p75,keep_current,0.000,n/a,true,true,false,smoke+flash1,3900,high
T,1400,4700,AK-47,RIFLE,keep_current,2150,2250,500,700,900,above_p75,keep_current,0.000,n/a,true,true,false,smoke+flash1,3950,high
T,1400,4750,AK-47,RIFLE,keep_current,2150,2300,500,700,900,above_p75,keep_current,0.000,n/a,true,true,false,smoke+flash1,4000,high
T,1400,4800,AK-47,RIFLE,keep_current,2150,2350,500,700,900,above_p75,keep_current,0.000,n/a,true,true,false,smoke+flash1,4050,high
T,1400,4850,AK-47,RIFLE,keep_current,2150,2400,500,700,800,above_p75,keep_current,0.000,n/a,true,true,false,smoke+flash1,4100,high
T,1400,4900,AK-47,RIFLE,keep_current,2450,2450,500,700,800,above_p75,keep_current,0.000,n/a,true,true,false,smoke+flash1+HE,3850,high
T,1400,4950,AK-47,RIFLE,keep_current,2450,2500,400,700,800,above_p75,keep_current,0.000,n/a,true,true,false,smoke+flash1+HE,3900,high
T,1400,5000,AK-47,RIFLE,keep_current,2550,2550,400,700,800,above_p75,keep_current,0.000,n/a,true,true,false,smoke+flash1+fire,3850,high
T,1400,5050,AK-47,RIFLE,keep_current,2550,2600,400,700,700,above_p75,keep_current,0.000,n/a,true,true,false,smoke+flash1+fire,3900,high
T,1400,5100,AK-47,RIFLE,keep_current,2550,2650,400,700,700,above_p75,keep_current,0.000,n/a,true,true,false,smoke+flash1+fire,3950,high
T,1400,5150,AK-47,RIFLE,keep_current,2550,2700,400,700,700,above_p75,keep_current,0.000,n/a,true,true,false,smoke+flash1+fire,4000,high
T,1400,5200,AK-47,RIFLE,keep_current,2550,2750,400,700,700,above_p75,keep_current,0.000,n/a,true,true,false,smoke+flash1+fire,4050,high
T,1400,5250,AK-47,RIFLE,keep_current,2550,2800,400,700,700,above_p75,keep_current,0.000,n/a,true,true,false,smoke+flash1+fire,4100,high
T,1400,5300,AK-47,RIFLE,keep_current,2850,2850,400,700,700,above_p75,keep_current,0.000,n/a,true,true,false,smoke+flash1+HE+fire,3850,high
T,1400,5350,AK-47,RIFLE,keep_current,2850,2900,400,700,700,above_p75,keep_current,0.000,n/a,true,true,false,smoke+flash1+HE+fire,3900,high
T,1400,5400,AK-47,RIFLE,keep_current,2850,2950,400,700,700,above_p75,keep_current,0.000,n/a,true,true,false,smoke+flash1+HE+fire,3950,high
T,1400,5450,AK-47,RIFLE,keep_current,2850,3000,400,700,700,above_p75,keep_current,0.000,n/a,true,true,false,smoke+flash1+HE+fire,4000,high
T,1400,5500,AK-47,RIFLE,keep_current,2850,3050,400,700,700,above_p75,keep_current,0.000,n/a,true,true,false,smoke+flash1+HE+fire,4050,high
T,1400,5550,AK-47,RIFLE,keep_current,2850,3100,400,700,700,above_p75,keep_current,0.000,n/a,true,true,false,smoke+flash1+HE+fire,4100,high
T,1400,5600,AK-47,RIFLE,keep_current,2850,3150,400,700,700,above_p75,keep_current,0.000,n/a,true,true,false,smoke+flash1+HE+fire,4150,high
T,1400,5650,AK-47,RIFLE,keep_current,2850,3200,400,700,700,above_p75,keep_current,0.000,n/a,true,true,false,smoke+flash1+HE+fire,4200,high
T,1400,5700,AK-47,RIFLE,keep_current,2850,3250,400,700,700,above_p75,keep_current,0.000,n/a,true,true,false,smoke+flash1+HE+fire,4250,high
T,1400,5750,AK-47,RIFLE,keep_current,2850,3300,400,700,700,above_p75,keep_current,0.000,n/a,true,true,false,smoke+flash1+HE+fire,4300,high
T,1400,5800,AK-47,RIFLE,keep_current,2850,3350,400,700,700,above_p75,keep_current,0.000,n/a,true,true,false,smoke+flash1+HE+fire,4350,high
T,1400,5850,AK-47,RIFLE,keep_current,2850,3400,400,700,700,above_p75,keep_current,0.000,n/a,true,true,false,smoke+flash1+HE+fire,4400,high
T,1400,5900,AK-47,RIFLE,keep_current,2850,3450,400,700,700,above_p75,keep_current,0.000,n/a,true,true,false,smoke+flash1+HE+fire,4450,high
T,1400,5950,AK-47,RIFLE,keep_current,2850,3500,500,700,700,above_p75,keep_current,0.000,n/a,true,true,false,smoke+flash1+HE+fire,4500,high
T,1400,6000,AK-47,RIFLE,keep_current,2850,3550,500,700,700,above_p75,keep_current,0.000,n/a,true,true,false,smoke+flash1+HE+fire,4550,high
T,1400,3250,AWP,AWP,keep_current,650,800,700,900,1100,below_p25,keep_current,0.000,n/a,true,false,false,-,4000,high
T,1400,3300,AWP,AWP,keep_current,850,850,700,900,1100,within,keep_current,0.000,n/a,true,false,false,flash1,3850,high
T,1400,3350,AWP,AWP,keep_current,850,900,700,900,1100,within,keep_current,0.000,n/a,true,false,false,flash1,3900,high
T,1400,3400,AWP,AWP,keep_current,950,950,700,900,1100,within,keep_current,0.000,n/a,true,false,false,smoke,3850,high
T,1400,3450,AWP,AWP,keep_current,950,1000,700,900,1100,within,keep_current,0.000,n/a,true,false,false,smoke,3900,high
T,1400,3500,AWP,AWP,keep_current,950,1050,700,850,1100,within,keep_current,0.000,n/a,true,false,false,smoke,3950,high
T,1400,3550,AWP,AWP,keep_current,950,1100,700,850,1100,within,keep_current,0.000,n/a,true,false,false,smoke,4000,high
T,1400,3600,AWP,AWP,keep_current,1150,1150,700,850,1100,above_p75,keep_current,0.000,n/a,true,false,false,smoke+flash1,3850,high
T,1400,3650,AWP,AWP,keep_current,1150,1200,700,850,1100,above_p75,keep_current,0.000,n/a,true,false,false,smoke+flash1,3900,high
T,1400,3700,AWP,AWP,keep_current,1150,1250,700,850,1100,above_p75,keep_current,0.000,n/a,true,false,false,smoke+flash1,3950,high
T,1400,3750,AWP,AWP,keep_current,1150,1300,700,800,1100,above_p75,keep_current,0.000,n/a,true,false,false,smoke+flash1,4000,high
T,1400,3800,AWP,AWP,keep_current,1150,1350,700,800,1100,above_p75,keep_current,0.000,n/a,true,false,false,smoke+flash1,4050,high
T,1400,3850,AWP,AWP,keep_current,1150,1400,700,800,1100,above_p75,keep_current,0.000,n/a,true,false,false,smoke+flash1,4100,high
T,1400,3900,AWP,AWP,keep_current,1450,1450,700,800,1100,above_p75,keep_current,0.000,n/a,true,false,false,smoke+flash1+HE,3850,high
T,1400,3950,AWP,AWP,keep_current,1450,1500,700,800,1100,above_p75,keep_current,0.000,n/a,true,false,false,smoke+flash1+HE,3900,high
T,1400,4000,AWP,AWP,keep_current,1550,1550,700,800,1100,above_p75,keep_current,0.000,n/a,true,false,false,smoke+flash1+fire,3850,high
T,1400,4050,AWP,AWP,keep_current,1550,1600,700,800,1100,above_p75,keep_current,0.000,n/a,true,false,false,smoke+flash1+fire,3900,high
T,1400,4100,AWP,AWP,keep_current,1550,1650,700,800,1100,above_p75,keep_current,0.000,n/a,true,false,false,smoke+flash1+fire,3950,high
T,1400,4150,AWP,AWP,keep_current,1550,1700,600,750,1100,above_p75,keep_current,0.000,n/a,true,false,false,smoke+flash1+fire,4000,high
T,1400,4200,AWP,AWP,keep_current,1550,1750,600,750,1100,above_p75,keep_current,0.000,n/a,true,false,false,smoke+flash1+fire,4050,high
T,1400,4250,AWP,AWP,keep_current,1550,1800,600,700,1100,above_p75,keep_current,0.000,n/a,true,false,false,smoke+flash1+fire,4100,high
T,1400,4300,AWP,AWP,keep_current,1850,1850,600,700,1100,above_p75,keep_current,0.000,n/a,true,false,false,smoke+flash1+HE+fire,3850,high
T,1400,4350,AWP,AWP,keep_current,1850,1900,600,700,1100,above_p75,keep_current,0.000,n/a,true,false,false,smoke+flash1+HE+fire,3900,high
T,1400,4400,AWP,AWP,keep_current,1850,1950,500,700,1100,above_p75,keep_current,0.000,n/a,true,false,false,smoke+flash1+HE+fire,3950,high
T,1400,4450,AWP,AWP,keep_current,1850,2000,500,700,1100,above_p75,keep_current,0.000,n/a,true,false,false,smoke+flash1+HE+fire,4000,high
T,1400,4500,AWP,AWP,keep_current,1850,2050,500,700,900,above_p75,keep_current,0.000,n/a,true,false,false,smoke+flash1+HE+fire,4050,high
T,1400,4550,AWP,AWP,keep_current,1850,2100,400,700,900,above_p75,keep_current,0.000,n/a,true,false,false,smoke+flash1+HE+fire,4100,high
T,1400,4600,AWP,AWP,keep_current,2150,2150,400,700,900,above_p75,keep_current,0.000,n/a,true,true,false,smoke+flash1,3850,high
T,1400,4650,AWP,AWP,keep_current,2150,2200,400,700,800,above_p75,keep_current,0.000,n/a,true,true,false,smoke+flash1,3900,high
T,1400,4700,AWP,AWP,keep_current,2150,2250,400,700,800,above_p75,keep_current,0.000,n/a,true,true,false,smoke+flash1,3950,high
T,1400,4750,AWP,AWP,keep_current,2150,2300,400,700,800,above_p75,keep_current,0.000,n/a,true,true,false,smoke+flash1,4000,high
T,1400,4800,AWP,AWP,keep_current,2150,2350,400,700,800,above_p75,keep_current,0.000,n/a,true,true,false,smoke+flash1,4050,high
T,1400,4850,AWP,AWP,keep_current,2150,2400,400,700,800,above_p75,keep_current,0.000,n/a,true,true,false,smoke+flash1,4100,high
T,1400,4900,AWP,AWP,keep_current,2450,2450,400,700,800,above_p75,keep_current,0.000,n/a,true,true,false,smoke+flash1+HE,3850,high
T,1400,4950,AWP,AWP,keep_current,2450,2500,400,700,800,above_p75,keep_current,0.000,n/a,true,true,false,smoke+flash1+HE,3900,high
T,1400,5000,AWP,AWP,keep_current,2550,2550,400,700,800,above_p75,keep_current,0.000,n/a,true,true,false,smoke+flash1+fire,3850,high
T,1400,5050,AWP,AWP,keep_current,2550,2600,400,700,800,above_p75,keep_current,0.000,n/a,true,true,false,smoke+flash1+fire,3900,high
T,1400,5100,AWP,AWP,keep_current,2550,2650,400,700,800,above_p75,keep_current,0.000,n/a,true,true,false,smoke+flash1+fire,3950,high
T,1400,5150,AWP,AWP,keep_current,2550,2700,400,700,800,above_p75,keep_current,0.000,n/a,true,true,false,smoke+flash1+fire,4000,high
T,1400,5200,AWP,AWP,keep_current,2550,2750,400,700,800,above_p75,keep_current,0.000,n/a,true,true,false,smoke+flash1+fire,4050,high
T,1400,5250,AWP,AWP,keep_current,2550,2800,400,700,800,above_p75,keep_current,0.000,n/a,true,true,false,smoke+flash1+fire,4100,high
T,1400,5300,AWP,AWP,keep_current,2850,2850,300,700,800,above_p75,keep_current,0.000,n/a,true,true,false,smoke+flash1+HE+fire,3850,high
T,1400,5350,AWP,AWP,keep_current,2850,2900,300,700,800,above_p75,keep_current,0.000,n/a,true,true,false,smoke+flash1+HE+fire,3900,high
T,1400,5400,AWP,AWP,keep_current,2850,2950,300,700,800,above_p75,keep_current,0.000,n/a,true,true,false,smoke+flash1+HE+fire,3950,high
T,1400,5450,AWP,AWP,keep_current,2850,3000,300,700,800,above_p75,keep_current,0.000,n/a,true,true,false,smoke+flash1+HE+fire,4000,high
T,1400,5500,AWP,AWP,keep_current,2850,3050,300,700,800,above_p75,keep_current,0.000,n/a,true,true,false,smoke+flash1+HE+fire,4050,high
T,1400,5550,AWP,AWP,keep_current,2850,3100,300,700,800,above_p75,keep_current,0.000,n/a,true,true,false,smoke+flash1+HE+fire,4100,high
T,1400,5600,AWP,AWP,keep_current,2850,3150,300,700,800,above_p75,keep_current,0.000,n/a,true,true,false,smoke+flash1+HE+fire,4150,high
T,1400,5650,AWP,AWP,keep_current,2850,3200,300,700,800,above_p75,keep_current,0.000,n/a,true,true,false,smoke+flash1+HE+fire,4200,high
T,1400,5700,AWP,AWP,keep_current,2850,3250,300,700,800,above_p75,keep_current,0.000,n/a,true,true,false,smoke+flash1+HE+fire,4250,high
T,1400,5750,AWP,AWP,keep_current,2850,3300,300,700,800,above_p75,keep_current,0.000,n/a,true,true,false,smoke+flash1+HE+fire,4300,high
T,1400,5800,AWP,AWP,keep_current,2850,3350,300,700,800,above_p75,keep_current,0.000,n/a,true,true,false,smoke+flash1+HE+fire,4350,high
T,1400,5850,AWP,AWP,keep_current,2850,3400,400,700,800,above_p75,keep_current,0.000,n/a,true,true,false,smoke+flash1+HE+fire,4400,high
T,1400,5900,AWP,AWP,keep_current,2850,3450,400,700,800,above_p75,keep_current,0.000,n/a,true,true,false,smoke+flash1+HE+fire,4450,high
T,1400,5950,AWP,AWP,keep_current,2850,3500,500,700,800,above_p75,keep_current,0.000,n/a,true,true,false,smoke+flash1+HE+fire,4500,high
T,1400,6000,AWP,AWP,keep_current,2850,3550,500,700,800,above_p75,keep_current,0.000,n/a,true,true,false,smoke+flash1+HE+fire,4550,high
T,1400,3250,M4A1-S,RIFLE,keep_current,650,800,700,900,1200,below_p25,keep_current,0.000,n/a,true,false,false,-,4000,high
T,1400,3300,M4A1-S,RIFLE,keep_current,850,850,700,900,1100,within,keep_current,0.000,n/a,true,false,false,flash1,3850,high
T,1400,3350,M4A1-S,RIFLE,keep_current,850,900,700,900,1100,within,keep_current,0.000,n/a,true,false,false,flash1,3900,high
T,1400,3400,M4A1-S,RIFLE,keep_current,950,950,700,900,1100,within,keep_current,0.000,n/a,true,false,false,smoke,3850,high
T,1400,3450,M4A1-S,RIFLE,keep_current,950,1000,700,900,1100,within,keep_current,0.000,n/a,true,false,false,smoke,3900,high
T,1400,3500,M4A1-S,RIFLE,keep_current,950,1050,700,1000,1200,within,keep_current,0.000,n/a,true,false,false,smoke,3950,high
T,1400,3550,M4A1-S,RIFLE,keep_current,950,1100,700,1000,1200,within,keep_current,0.000,n/a,true,false,false,smoke,4000,high
T,1400,3600,M4A1-S,RIFLE,keep_current,1150,1150,700,1000,1200,within,keep_current,0.000,n/a,true,false,false,smoke+flash1,3850,high
T,1400,3650,M4A1-S,RIFLE,keep_current,1150,1200,700,1000,1200,within,keep_current,0.000,n/a,true,false,false,smoke+flash1,3900,high
T,1400,3700,M4A1-S,RIFLE,keep_current,1150,1250,700,900,1100,above_p75,keep_current,0.000,n/a,true,false,false,smoke+flash1,3950,high
T,1400,3750,M4A1-S,RIFLE,keep_current,1150,1300,700,900,1100,above_p75,keep_current,0.000,n/a,true,false,false,smoke+flash1,4000,high
T,1400,3800,M4A1-S,RIFLE,keep_current,1150,1350,700,900,1100,above_p75,keep_current,0.000,n/a,true,false,false,smoke+flash1,4050,high
T,1400,3850,M4A1-S,RIFLE,keep_current,1150,1400,700,1000,1100,above_p75,keep_current,0.000,n/a,true,false,false,smoke+flash1,4100,high
T,1400,3900,M4A1-S,RIFLE,keep_current,1450,1450,700,900,1100,above_p75,keep_current,0.000,n/a,true,false,false,smoke+flash1+HE,3850,high
T,1400,3950,M4A1-S,RIFLE,keep_current,1450,1500,700,900,1100,above_p75,keep_current,0.000,n/a,true,false,false,smoke+flash1+HE,3900,high
T,1400,4000,M4A1-S,RIFLE,keep_current,1550,1550,700,900,1100,above_p75,keep_current,0.000,n/a,true,false,false,smoke+flash1+fire,3850,high
T,1400,4050,M4A1-S,RIFLE,keep_current,1550,1600,700,900,1100,above_p75,keep_current,0.000,n/a,true,false,false,smoke+flash1+fire,3900,high
T,1400,4100,M4A1-S,RIFLE,keep_current,1550,1650,700,900,1200,above_p75,keep_current,0.000,n/a,true,false,false,smoke+flash1+fire,3950,high
T,1400,4150,M4A1-S,RIFLE,keep_current,1550,1700,600,900,1200,above_p75,keep_current,0.000,n/a,true,false,false,smoke+flash1+fire,4000,high
T,1400,4200,M4A1-S,RIFLE,keep_current,1550,1750,600,900,1200,above_p75,keep_current,0.000,n/a,true,false,false,smoke+flash1+fire,4050,high
T,1400,4250,M4A1-S,RIFLE,keep_current,1550,1800,600,900,1100,above_p75,keep_current,0.000,n/a,true,false,false,smoke+flash1+fire,4100,high
T,1400,4300,M4A1-S,RIFLE,keep_current,1850,1850,600,900,1100,above_p75,keep_current,0.000,n/a,true,false,false,smoke+flash1+HE+fire,3850,high
T,1400,4350,M4A1-S,RIFLE,keep_current,1850,1900,600,800,1100,above_p75,keep_current,0.000,n/a,true,false,false,smoke+flash1+HE+fire,3900,high
T,1400,4400,M4A1-S,RIFLE,keep_current,1850,1950,600,800,1100,above_p75,keep_current,0.000,n/a,true,false,false,smoke+flash1+HE+fire,3950,high
T,1400,4450,M4A1-S,RIFLE,keep_current,1850,2000,600,700,1100,above_p75,keep_current,0.000,n/a,true,false,false,smoke+flash1+HE+fire,4000,high
T,1400,4500,M4A1-S,RIFLE,keep_current,1850,2050,600,700,1000,above_p75,keep_current,0.000,n/a,true,false,false,smoke+flash1+HE+fire,4050,high
T,1400,4550,M4A1-S,RIFLE,keep_current,1850,2100,600,700,900,above_p75,keep_current,0.000,n/a,true,false,false,smoke+flash1+HE+fire,4100,high
T,1400,4600,M4A1-S,RIFLE,keep_current,2150,2150,600,700,900,above_p75,keep_current,0.000,n/a,true,true,false,smoke+flash1,3850,high
T,1400,4650,M4A1-S,RIFLE,keep_current,2150,2200,600,700,900,above_p75,keep_current,0.000,n/a,true,true,false,smoke+flash1,3900,high
T,1400,4700,M4A1-S,RIFLE,keep_current,2150,2250,600,700,900,above_p75,keep_current,0.000,n/a,true,true,false,smoke+flash1,3950,high
T,1400,4750,M4A1-S,RIFLE,keep_current,2150,2300,500,700,900,above_p75,keep_current,0.000,n/a,true,true,false,smoke+flash1,4000,high
T,1400,4800,M4A1-S,RIFLE,keep_current,2150,2350,500,700,900,above_p75,keep_current,0.000,n/a,true,true,false,smoke+flash1,4050,high
T,1400,4850,M4A1-S,RIFLE,keep_current,2150,2400,500,700,900,above_p75,keep_current,0.000,n/a,true,true,false,smoke+flash1,4100,high
T,1400,4900,M4A1-S,RIFLE,keep_current,2450,2450,500,700,900,above_p75,keep_current,0.000,n/a,true,true,false,smoke+flash1+HE,3850,high
T,1400,4950,M4A1-S,RIFLE,keep_current,2450,2500,400,700,800,above_p75,keep_current,0.000,n/a,true,true,false,smoke+flash1+HE,3900,high
T,1400,5000,M4A1-S,RIFLE,keep_current,2550,2550,400,700,800,above_p75,keep_current,0.000,n/a,true,true,false,smoke+flash1+fire,3850,high
T,1400,5050,M4A1-S,RIFLE,keep_current,2550,2600,400,700,800,above_p75,keep_current,0.000,n/a,true,true,false,smoke+flash1+fire,3900,high
T,1400,5100,M4A1-S,RIFLE,keep_current,2550,2650,400,700,800,above_p75,keep_current,0.000,n/a,true,true,false,smoke+flash1+fire,3950,high
T,1400,5150,M4A1-S,RIFLE,keep_current,2550,2700,400,700,800,above_p75,keep_current,0.000,n/a,true,true,false,smoke+flash1+fire,4000,high
T,1400,5200,M4A1-S,RIFLE,keep_current,2550,2750,400,700,700,above_p75,keep_current,0.000,n/a,true,true,false,smoke+flash1+fire,4050,high
T,1400,5250,M4A1-S,RIFLE,keep_current,2550,2800,400,700,700,above_p75,keep_current,0.000,n/a,true,true,false,smoke+flash1+fire,4100,high
T,1400,5300,M4A1-S,RIFLE,keep_current,2850,2850,400,700,700,above_p75,keep_current,0.000,n/a,true,true,false,smoke+flash1+HE+fire,3850,high
T,1400,5350,M4A1-S,RIFLE,keep_current,2850,2900,400,700,700,above_p75,keep_current,0.000,n/a,true,true,false,smoke+flash1+HE+fire,3900,high
T,1400,5400,M4A1-S,RIFLE,keep_current,2850,2950,400,700,700,above_p75,keep_current,0.000,n/a,true,true,false,smoke+flash1+HE+fire,3950,high
T,1400,5450,M4A1-S,RIFLE,keep_current,2850,3000,400,700,700,above_p75,keep_current,0.000,n/a,true,true,false,smoke+flash1+HE+fire,4000,high
T,1400,5500,M4A1-S,RIFLE,keep_current,2850,3050,400,700,700,above_p75,keep_current,0.000,n/a,true,true,false,smoke+flash1+HE+fire,4050,high
T,1400,5550,M4A1-S,RIFLE,keep_current,2850,3100,400,700,700,above_p75,keep_current,0.000,n/a,true,true,false,smoke+flash1+HE+fire,4100,high
T,1400,5600,M4A1-S,RIFLE,keep_current,2850,3150,400,700,700,above_p75,keep_current,0.000,n/a,true,true,false,smoke+flash1+HE+fire,4150,high
T,1400,5650,M4A1-S,RIFLE,keep_current,2850,3200,400,700,700,above_p75,keep_current,0.000,n/a,true,true,false,smoke+flash1+HE+fire,4200,high
T,1400,5700,M4A1-S,RIFLE,keep_current,2850,3250,400,700,800,above_p75,keep_current,0.000,n/a,true,true,false,smoke+flash1+HE+fire,4250,high
T,1400,5750,M4A1-S,RIFLE,keep_current,2850,3300,400,700,800,above_p75,keep_current,0.000,n/a,true,true,false,smoke+flash1+HE+fire,4300,high
T,1400,5800,M4A1-S,RIFLE,keep_current,2850,3350,500,700,800,above_p75,keep_current,0.000,n/a,true,true,false,smoke+flash1+HE+fire,4350,high
T,1400,5850,M4A1-S,RIFLE,keep_current,2850,3400,500,700,800,above_p75,keep_current,0.000,n/a,true,true,false,smoke+flash1+HE+fire,4400,high
T,1400,5900,M4A1-S,RIFLE,keep_current,2850,3450,500,700,800,above_p75,keep_current,0.000,n/a,true,true,false,smoke+flash1+HE+fire,4450,high
T,1400,5950,M4A1-S,RIFLE,keep_current,2850,3500,500,700,800,above_p75,keep_current,0.000,n/a,true,true,false,smoke+flash1+HE+fire,4500,high
T,1400,6000,M4A1-S,RIFLE,keep_current,2850,3550,500,700,800,above_p75,keep_current,0.000,n/a,true,true,false,smoke+flash1+HE+fire,4550,high
T,1400,3250,M4A4,RIFLE,keep_current,650,800,700,900,1200,below_p25,keep_current,0.000,n/a,true,false,false,-,4000,high
T,1400,3300,M4A4,RIFLE,keep_current,850,850,700,900,1100,within,keep_current,0.000,n/a,true,false,false,flash1,3850,high
T,1400,3350,M4A4,RIFLE,keep_current,850,900,700,900,1100,within,keep_current,0.000,n/a,true,false,false,flash1,3900,high
T,1400,3400,M4A4,RIFLE,keep_current,950,950,700,900,1100,within,keep_current,0.000,n/a,true,false,false,smoke,3850,high
T,1400,3450,M4A4,RIFLE,keep_current,950,1000,700,900,1100,within,keep_current,0.000,n/a,true,false,false,smoke,3900,high
T,1400,3500,M4A4,RIFLE,keep_current,950,1050,700,1000,1200,within,keep_current,0.000,n/a,true,false,false,smoke,3950,high
T,1400,3550,M4A4,RIFLE,keep_current,950,1100,700,1000,1200,within,keep_current,0.000,n/a,true,false,false,smoke,4000,high
T,1400,3600,M4A4,RIFLE,keep_current,1150,1150,700,1000,1200,within,keep_current,0.000,n/a,true,false,false,smoke+flash1,3850,high
T,1400,3650,M4A4,RIFLE,keep_current,1150,1200,700,1000,1200,within,keep_current,0.000,n/a,true,false,false,smoke+flash1,3900,high
T,1400,3700,M4A4,RIFLE,keep_current,1150,1250,700,900,1100,above_p75,keep_current,0.000,n/a,true,false,false,smoke+flash1,3950,high
T,1400,3750,M4A4,RIFLE,keep_current,1150,1300,700,900,1100,above_p75,keep_current,0.000,n/a,true,false,false,smoke+flash1,4000,high
T,1400,3800,M4A4,RIFLE,keep_current,1150,1350,700,900,1100,above_p75,keep_current,0.000,n/a,true,false,false,smoke+flash1,4050,high
T,1400,3850,M4A4,RIFLE,keep_current,1150,1400,700,1000,1100,above_p75,keep_current,0.000,n/a,true,false,false,smoke+flash1,4100,high
T,1400,3900,M4A4,RIFLE,keep_current,1450,1450,700,900,1100,above_p75,keep_current,0.000,n/a,true,false,false,smoke+flash1+HE,3850,high
T,1400,3950,M4A4,RIFLE,keep_current,1450,1500,700,900,1100,above_p75,keep_current,0.000,n/a,true,false,false,smoke+flash1+HE,3900,high
T,1400,4000,M4A4,RIFLE,keep_current,1550,1550,700,900,1100,above_p75,keep_current,0.000,n/a,true,false,false,smoke+flash1+fire,3850,high
T,1400,4050,M4A4,RIFLE,keep_current,1550,1600,700,900,1100,above_p75,keep_current,0.000,n/a,true,false,false,smoke+flash1+fire,3900,high
T,1400,4100,M4A4,RIFLE,keep_current,1550,1650,700,900,1200,above_p75,keep_current,0.000,n/a,true,false,false,smoke+flash1+fire,3950,high
T,1400,4150,M4A4,RIFLE,keep_current,1550,1700,600,900,1200,above_p75,keep_current,0.000,n/a,true,false,false,smoke+flash1+fire,4000,high
T,1400,4200,M4A4,RIFLE,keep_current,1550,1750,600,900,1200,above_p75,keep_current,0.000,n/a,true,false,false,smoke+flash1+fire,4050,high
T,1400,4250,M4A4,RIFLE,keep_current,1550,1800,600,900,1100,above_p75,keep_current,0.000,n/a,true,false,false,smoke+flash1+fire,4100,high
T,1400,4300,M4A4,RIFLE,keep_current,1850,1850,600,900,1100,above_p75,keep_current,0.000,n/a,true,false,false,smoke+flash1+HE+fire,3850,high
T,1400,4350,M4A4,RIFLE,keep_current,1850,1900,600,800,1100,above_p75,keep_current,0.000,n/a,true,false,false,smoke+flash1+HE+fire,3900,high
T,1400,4400,M4A4,RIFLE,keep_current,1850,1950,600,800,1100,above_p75,keep_current,0.000,n/a,true,false,false,smoke+flash1+HE+fire,3950,high
T,1400,4450,M4A4,RIFLE,keep_current,1850,2000,600,700,1100,above_p75,keep_current,0.000,n/a,true,false,false,smoke+flash1+HE+fire,4000,high
T,1400,4500,M4A4,RIFLE,keep_current,1850,2050,600,700,1000,above_p75,keep_current,0.000,n/a,true,false,false,smoke+flash1+HE+fire,4050,high
T,1400,4550,M4A4,RIFLE,keep_current,1850,2100,600,700,900,above_p75,keep_current,0.000,n/a,true,false,false,smoke+flash1+HE+fire,4100,high
T,1400,4600,M4A4,RIFLE,keep_current,2150,2150,600,700,900,above_p75,keep_current,0.000,n/a,true,true,false,smoke+flash1,3850,high
T,1400,4650,M4A4,RIFLE,keep_current,2150,2200,600,700,900,above_p75,keep_current,0.000,n/a,true,true,false,smoke+flash1,3900,high
T,1400,4700,M4A4,RIFLE,keep_current,2150,2250,600,700,900,above_p75,keep_current,0.000,n/a,true,true,false,smoke+flash1,3950,high
T,1400,4750,M4A4,RIFLE,keep_current,2150,2300,500,700,900,above_p75,keep_current,0.000,n/a,true,true,false,smoke+flash1,4000,high
T,1400,4800,M4A4,RIFLE,keep_current,2150,2350,500,700,900,above_p75,keep_current,0.000,n/a,true,true,false,smoke+flash1,4050,high
T,1400,4850,M4A4,RIFLE,keep_current,2150,2400,500,700,900,above_p75,keep_current,0.000,n/a,true,true,false,smoke+flash1,4100,high
T,1400,4900,M4A4,RIFLE,keep_current,2450,2450,500,700,900,above_p75,keep_current,0.000,n/a,true,true,false,smoke+flash1+HE,3850,high
T,1400,4950,M4A4,RIFLE,keep_current,2450,2500,400,700,800,above_p75,keep_current,0.000,n/a,true,true,false,smoke+flash1+HE,3900,high
T,1400,5000,M4A4,RIFLE,keep_current,2550,2550,400,700,800,above_p75,keep_current,0.000,n/a,true,true,false,smoke+flash1+fire,3850,high
T,1400,5050,M4A4,RIFLE,keep_current,2550,2600,400,700,800,above_p75,keep_current,0.000,n/a,true,true,false,smoke+flash1+fire,3900,high
T,1400,5100,M4A4,RIFLE,keep_current,2550,2650,400,700,800,above_p75,keep_current,0.000,n/a,true,true,false,smoke+flash1+fire,3950,high
T,1400,5150,M4A4,RIFLE,keep_current,2550,2700,400,700,800,above_p75,keep_current,0.000,n/a,true,true,false,smoke+flash1+fire,4000,high
T,1400,5200,M4A4,RIFLE,keep_current,2550,2750,400,700,700,above_p75,keep_current,0.000,n/a,true,true,false,smoke+flash1+fire,4050,high
T,1400,5250,M4A4,RIFLE,keep_current,2550,2800,400,700,700,above_p75,keep_current,0.000,n/a,true,true,false,smoke+flash1+fire,4100,high
T,1400,5300,M4A4,RIFLE,keep_current,2850,2850,400,700,700,above_p75,keep_current,0.000,n/a,true,true,false,smoke+flash1+HE+fire,3850,high
T,1400,5350,M4A4,RIFLE,keep_current,2850,2900,400,700,700,above_p75,keep_current,0.000,n/a,true,true,false,smoke+flash1+HE+fire,3900,high
T,1400,5400,M4A4,RIFLE,keep_current,2850,2950,400,700,700,above_p75,keep_current,0.000,n/a,true,true,false,smoke+flash1+HE+fire,3950,high
T,1400,5450,M4A4,RIFLE,keep_current,2850,3000,400,700,700,above_p75,keep_current,0.000,n/a,true,true,false,smoke+flash1+HE+fire,4000,high
T,1400,5500,M4A4,RIFLE,keep_current,2850,3050,400,700,700,above_p75,keep_current,0.000,n/a,true,true,false,smoke+flash1+HE+fire,4050,high
T,1400,5550,M4A4,RIFLE,keep_current,2850,3100,400,700,700,above_p75,keep_current,0.000,n/a,true,true,false,smoke+flash1+HE+fire,4100,high
T,1400,5600,M4A4,RIFLE,keep_current,2850,3150,400,700,700,above_p75,keep_current,0.000,n/a,true,true,false,smoke+flash1+HE+fire,4150,high
T,1400,5650,M4A4,RIFLE,keep_current,2850,3200,400,700,700,above_p75,keep_current,0.000,n/a,true,true,false,smoke+flash1+HE+fire,4200,high
T,1400,5700,M4A4,RIFLE,keep_current,2850,3250,400,700,800,above_p75,keep_current,0.000,n/a,true,true,false,smoke+flash1+HE+fire,4250,high
T,1400,5750,M4A4,RIFLE,keep_current,2850,3300,400,700,800,above_p75,keep_current,0.000,n/a,true,true,false,smoke+flash1+HE+fire,4300,high
T,1400,5800,M4A4,RIFLE,keep_current,2850,3350,500,700,800,above_p75,keep_current,0.000,n/a,true,true,false,smoke+flash1+HE+fire,4350,high
T,1400,5850,M4A4,RIFLE,keep_current,2850,3400,500,700,800,above_p75,keep_current,0.000,n/a,true,true,false,smoke+flash1+HE+fire,4400,high
T,1400,5900,M4A4,RIFLE,keep_current,2850,3450,500,700,800,above_p75,keep_current,0.000,n/a,true,true,false,smoke+flash1+HE+fire,4450,high
T,1400,5950,M4A4,RIFLE,keep_current,2850,3500,500,700,800,above_p75,keep_current,0.000,n/a,true,true,false,smoke+flash1+HE+fire,4500,high
T,1400,6000,M4A4,RIFLE,keep_current,2850,3550,500,700,800,above_p75,keep_current,0.000,n/a,true,true,false,smoke+flash1+HE+fire,4550,high
T,1400,3350,MAC-10,RIFLE,keep_current,850,900,400,800,1000,within,keep_current,0.000,n/a,true,false,false,flash1,3900,high
T,1400,3400,MAC-10,RIFLE,keep_current,950,950,400,800,1000,within,keep_current,0.000,n/a,true,false,false,smoke,3850,high
T,1400,3450,MAC-10,RIFLE,keep_current,950,1000,700,900,1000,within,keep_current,0.000,n/a,true,false,false,smoke,3900,high
T,1400,3500,MAC-10,RIFLE,keep_current,950,1050,700,900,1100,within,keep_current,0.000,n/a,true,false,false,smoke,3950,high
T,1400,3550,MAC-10,RIFLE,keep_current,950,1100,700,900,1100,within,keep_current,0.000,n/a,true,false,false,smoke,4000,high
T,1400,3600,MAC-10,RIFLE,keep_current,1150,1150,700,900,1100,above_p75,keep_current,0.000,n/a,true,false,false,smoke+flash1,3850,high
T,1400,3650,MAC-10,RIFLE,keep_current,1150,1200,700,900,1100,above_p75,keep_current,0.000,n/a,true,false,false,smoke+flash1,3900,high
T,1400,3700,MAC-10,RIFLE,keep_current,1150,1250,700,900,1100,above_p75,keep_current,0.000,n/a,true,false,false,smoke+flash1,3950,high
T,1400,3750,MAC-10,RIFLE,keep_current,1150,1300,700,900,1100,above_p75,keep_current,0.000,n/a,true,false,false,smoke+flash1,4000,high
T,1400,3800,MAC-10,RIFLE,keep_current,1150,1350,700,900,1200,within,keep_current,0.000,n/a,true,false,false,smoke+flash1,4050,high
T,1400,3850,MAC-10,RIFLE,keep_current,1150,1400,700,900,1200,within,keep_current,0.000,n/a,true,false,false,smoke+flash1,4100,high
T,1400,3900,MAC-10,RIFLE,keep_current,1450,1450,700,900,1200,above_p75,keep_current,0.000,n/a,true,false,false,smoke+flash1+HE,3850,high
T,1400,3950,MAC-10,RIFLE,keep_current,1450,1500,700,900,1200,above_p75,keep_current,0.000,n/a,true,false,false,smoke+flash1+HE,3900,high
T,1400,4000,MAC-10,RIFLE,keep_current,1550,1550,700,900,1200,above_p75,keep_current,0.000,n/a,true,false,false,smoke+flash1+fire,3850,high
T,1400,4050,MAC-10,RIFLE,keep_current,1550,1600,700,900,1200,above_p75,keep_current,0.000,n/a,true,false,false,smoke+flash1+fire,3900,high
T,1400,4100,MAC-10,RIFLE,keep_current,1550,1650,700,900,1200,above_p75,keep_current,0.000,n/a,true,false,false,smoke+flash1+fire,3950,high
T,1400,4150,MAC-10,RIFLE,keep_current,1550,1700,700,900,1200,above_p75,keep_current,0.000,n/a,true,false,false,smoke+flash1+fire,4000,high
T,1400,4200,MAC-10,RIFLE,keep_current,1550,1750,700,900,1200,above_p75,keep_current,0.000,n/a,true,false,false,smoke+flash1+fire,4050,high
T,1400,4250,MAC-10,RIFLE,keep_current,1550,1800,700,900,1200,above_p75,keep_current,0.000,n/a,true,false,false,smoke+flash1+fire,4100,high
T,1400,4300,MAC-10,RIFLE,keep_current,1850,1850,700,900,1200,above_p75,keep_current,0.000,n/a,true,false,false,smoke+flash1+HE+fire,3850,high
T,1400,4350,MAC-10,RIFLE,keep_current,1850,1900,700,900,1200,above_p75,keep_current,0.000,n/a,true,false,false,smoke+flash1+HE+fire,3900,high
T,1400,4400,MAC-10,RIFLE,keep_current,1850,1950,700,900,1200,above_p75,keep_current,0.000,n/a,true,false,false,smoke+flash1+HE+fire,3950,high
T,1400,4450,MAC-10,RIFLE,keep_current,1850,2000,700,900,1200,above_p75,keep_current,0.000,n/a,true,false,false,smoke+flash1+HE+fire,4000,high
T,1400,4500,MAC-10,RIFLE,keep_current,1850,2050,700,900,1200,above_p75,keep_current,0.000,n/a,true,false,false,smoke+flash1+HE+fire,4050,high
T,1400,4550,MAC-10,RIFLE,keep_current,1850,2100,700,900,1200,above_p75,keep_current,0.000,n/a,true,false,false,smoke+flash1+HE+fire,4100,high
T,1400,4600,MAC-10,RIFLE,keep_current,1850,2150,700,900,1200,above_p75,keep_current,0.000,n/a,true,false,false,smoke+flash1+HE+fire,4150,high
T,1400,4650,MAC-10,RIFLE,keep_current,1850,2200,700,900,1200,above_p75,keep_current,0.000,n/a,true,false,false,smoke+flash1+HE+fire,4200,high
T,1400,4700,MAC-10,RIFLE,keep_current,1850,2250,700,900,1200,above_p75,keep_current,0.000,n/a,true,false,false,smoke+flash1+HE+fire,4250,high
T,1400,4750,MAC-10,RIFLE,keep_current,1850,2300,700,900,1200,above_p75,keep_current,0.000,n/a,true,false,false,smoke+flash1+HE+fire,4300,high
T,1400,4800,MAC-10,RIFLE,keep_current,1850,2350,700,900,1200,above_p75,keep_current,0.000,n/a,true,false,false,smoke+flash1+HE+fire,4350,high
T,1400,4850,MAC-10,RIFLE,keep_current,1850,2400,700,900,1200,above_p75,keep_current,0.000,n/a,true,false,false,smoke+flash1+HE+fire,4400,high
T,1400,4900,MAC-10,RIFLE,keep_current,1850,2450,700,900,1200,above_p75,keep_current,0.000,n/a,true,false,false,smoke+flash1+HE+fire,4450,high
T,1400,4950,MAC-10,RIFLE,keep_current,1850,2500,700,900,1200,above_p75,keep_current,0.000,n/a,true,false,false,smoke+flash1+HE+fire,4500,high
T,1400,5000,MAC-10,RIFLE,keep_current,1850,2550,700,900,1200,above_p75,keep_current,0.000,n/a,true,false,false,smoke+flash1+HE+fire,4550,high
T,1400,5050,MAC-10,RIFLE,keep_current,1850,2600,700,900,1200,above_p75,keep_current,0.000,n/a,true,false,false,smoke+flash1+HE+fire,4600,high
T,1400,5100,MAC-10,RIFLE,keep_current,1850,2650,700,900,1200,above_p75,keep_current,0.000,n/a,true,false,false,smoke+flash1+HE+fire,4650,high
T,1400,5150,MAC-10,RIFLE,keep_current,1850,2700,700,900,1200,above_p75,keep_current,0.000,n/a,true,false,false,smoke+flash1+HE+fire,4700,high
T,1400,5200,MAC-10,RIFLE,keep_current,1850,2750,700,900,1200,above_p75,keep_current,0.000,n/a,true,false,false,smoke+flash1+HE+fire,4750,high
T,1400,5250,MAC-10,RIFLE,keep_current,1850,2800,700,900,1200,above_p75,keep_current,0.000,n/a,true,false,false,smoke+flash1+HE+fire,4800,high
T,1400,5300,MAC-10,RIFLE,keep_current,1850,2850,700,900,1200,above_p75,keep_current,0.000,n/a,true,false,false,smoke+flash1+HE+fire,4850,high
T,1400,5350,MAC-10,RIFLE,keep_current,1850,2900,700,900,1200,above_p75,keep_current,0.000,n/a,true,false,false,smoke+flash1+HE+fire,4900,high
T,1400,5400,MAC-10,RIFLE,keep_current,1850,2950,700,900,1200,above_p75,keep_current,0.000,n/a,true,false,false,smoke+flash1+HE+fire,4950,high
T,1400,5450,MAC-10,RIFLE,keep_current,1850,3000,700,900,1200,above_p75,keep_current,0.000,n/a,true,false,false,smoke+flash1+HE+fire,5000,high
T,1400,5500,MAC-10,RIFLE,keep_current,1850,3050,700,900,1200,above_p75,keep_current,0.000,n/a,true,false,false,smoke+flash1+HE+fire,5050,high
T,1400,5550,MAC-10,RIFLE,keep_current,1850,3100,700,900,1200,above_p75,keep_current,0.000,n/a,true,false,false,smoke+flash1+HE+fire,5100,high
T,1400,5600,MAC-10,RIFLE,keep_current,1850,3150,700,800,1200,above_p75,keep_current,0.000,n/a,true,false,false,smoke+flash1+HE+fire,5150,high
T,1400,5650,MAC-10,RIFLE,keep_current,1850,3200,700,800,1200,above_p75,keep_current,0.000,n/a,true,false,false,smoke+flash1+HE+fire,5200,high
T,1400,5700,MAC-10,RIFLE,keep_current,1850,3250,700,800,1100,above_p75,keep_current,0.000,n/a,true,false,false,smoke+flash1+HE+fire,5250,high
T,1400,5750,MAC-10,RIFLE,keep_current,1850,3300,700,800,1100,above_p75,keep_current,0.000,n/a,true,false,false,smoke+flash1+HE+fire,5300,high
T,1400,5800,MAC-10,RIFLE,keep_current,1850,3350,700,800,1100,above_p75,keep_current,0.000,n/a,true,false,false,smoke+flash1+HE+fire,5350,high
T,1400,5850,MAC-10,RIFLE,keep_current,1850,3400,600,800,1100,above_p75,keep_current,0.000,n/a,true,false,false,smoke+flash1+HE+fire,5400,high
T,1400,3300,MP9,RIFLE,keep_current,850,850,400,800,900,within,keep_current,0.000,n/a,true,false,false,flash1,3850,high
T,1400,3350,MP9,RIFLE,keep_current,850,900,600,800,1000,within,keep_current,0.000,n/a,true,false,false,flash1,3900,high
T,1400,3400,MP9,RIFLE,keep_current,950,950,600,800,1000,within,keep_current,0.000,n/a,true,false,false,smoke,3850,high
T,1400,3450,MP9,RIFLE,keep_current,950,1000,600,800,1000,within,keep_current,0.000,n/a,true,false,false,smoke,3900,high
T,1400,3500,MP9,RIFLE,keep_current,950,1050,600,800,1000,within,keep_current,0.000,n/a,true,false,false,smoke,3950,high
T,1400,3550,MP9,RIFLE,keep_current,950,1100,600,800,1000,within,keep_current,0.000,n/a,true,false,false,smoke,4000,high
T,1400,3600,MP9,RIFLE,keep_current,1150,1150,700,900,1100,above_p75,keep_current,0.000,n/a,true,false,false,smoke+flash1,3850,high
T,1400,3650,MP9,RIFLE,keep_current,1150,1200,700,900,1100,above_p75,keep_current,0.000,n/a,true,false,false,smoke+flash1,3900,high
T,1400,3700,MP9,RIFLE,keep_current,1150,1250,700,900,1100,above_p75,keep_current,0.000,n/a,true,false,false,smoke+flash1,3950,high
T,1400,3750,MP9,RIFLE,keep_current,1150,1300,700,900,1100,above_p75,keep_current,0.000,n/a,true,false,false,smoke+flash1,4000,high
T,1400,3800,MP9,RIFLE,keep_current,1150,1350,700,900,1100,above_p75,keep_current,0.000,n/a,true,false,false,smoke+flash1,4050,high
T,1400,3850,MP9,RIFLE,keep_current,1150,1400,700,900,1100,above_p75,keep_current,0.000,n/a,true,false,false,smoke+flash1,4100,high
T,1400,3900,MP9,RIFLE,keep_current,1450,1450,700,900,1200,above_p75,keep_current,0.000,n/a,true,false,false,smoke+flash1+HE,3850,high
T,1400,3950,MP9,RIFLE,keep_current,1450,1500,700,900,1200,above_p75,keep_current,0.000,n/a,true,false,false,smoke+flash1+HE,3900,high
T,1400,4000,MP9,RIFLE,keep_current,1550,1550,700,900,1200,above_p75,keep_current,0.000,n/a,true,false,false,smoke+flash1+fire,3850,high
T,1400,4050,MP9,RIFLE,keep_current,1550,1600,700,900,1200,above_p75,keep_current,0.000,n/a,true,false,false,smoke+flash1+fire,3900,high
T,1400,4100,MP9,RIFLE,keep_current,1550,1650,700,900,1200,above_p75,keep_current,0.000,n/a,true,false,false,smoke+flash1+fire,3950,high
T,1400,4150,MP9,RIFLE,keep_current,1550,1700,700,900,1200,above_p75,keep_current,0.000,n/a,true,false,false,smoke+flash1+fire,4000,high
T,1400,4200,MP9,RIFLE,keep_current,1550,1750,700,900,1200,above_p75,keep_current,0.000,n/a,true,false,false,smoke+flash1+fire,4050,high
T,1400,4250,MP9,RIFLE,keep_current,1550,1800,700,900,1200,above_p75,keep_current,0.000,n/a,true,false,false,smoke+flash1+fire,4100,high
T,1400,4300,MP9,RIFLE,keep_current,1850,1850,700,900,1200,above_p75,keep_current,0.000,n/a,true,false,false,smoke+flash1+HE+fire,3850,high
T,1400,4350,MP9,RIFLE,keep_current,1850,1900,700,900,1200,above_p75,keep_current,0.000,n/a,true,false,false,smoke+flash1+HE+fire,3900,high
T,1400,4400,MP9,RIFLE,keep_current,1850,1950,700,900,1200,above_p75,keep_current,0.000,n/a,true,false,false,smoke+flash1+HE+fire,3950,high
T,1400,4450,MP9,RIFLE,keep_current,1850,2000,700,900,1200,above_p75,keep_current,0.000,n/a,true,false,false,smoke+flash1+HE+fire,4000,high
T,1400,4500,MP9,RIFLE,keep_current,1850,2050,700,900,1200,above_p75,keep_current,0.000,n/a,true,false,false,smoke+flash1+HE+fire,4050,high
T,1400,4550,MP9,RIFLE,keep_current,1850,2100,700,900,1200,above_p75,keep_current,0.000,n/a,true,false,false,smoke+flash1+HE+fire,4100,high
T,1400,4600,MP9,RIFLE,keep_current,1850,2150,700,900,1200,above_p75,keep_current,0.000,n/a,true,false,false,smoke+flash1+HE+fire,4150,high
T,1400,4650,MP9,RIFLE,keep_current,1850,2200,700,900,1200,above_p75,keep_current,0.000,n/a,true,false,false,smoke+flash1+HE+fire,4200,high
T,1400,4700,MP9,RIFLE,keep_current,1850,2250,700,900,1200,above_p75,keep_current,0.000,n/a,true,false,false,smoke+flash1+HE+fire,4250,high
T,1400,4750,MP9,RIFLE,keep_current,1850,2300,700,900,1200,above_p75,keep_current,0.000,n/a,true,false,false,smoke+flash1+HE+fire,4300,high
T,1400,4800,MP9,RIFLE,keep_current,1850,2350,700,900,1200,above_p75,keep_current,0.000,n/a,true,false,false,smoke+flash1+HE+fire,4350,high
T,1400,4850,MP9,RIFLE,keep_current,1850,2400,700,900,1200,above_p75,keep_current,0.000,n/a,true,false,false,smoke+flash1+HE+fire,4400,high
T,1400,4900,MP9,RIFLE,keep_current,1850,2450,700,900,1200,above_p75,keep_current,0.000,n/a,true,false,false,smoke+flash1+HE+fire,4450,high
T,1400,4950,MP9,RIFLE,keep_current,1850,2500,700,900,1200,above_p75,keep_current,0.000,n/a,true,false,false,smoke+flash1+HE+fire,4500,high
T,1400,5000,MP9,RIFLE,keep_current,1850,2550,700,900,1200,above_p75,keep_current,0.000,n/a,true,false,false,smoke+flash1+HE+fire,4550,high
T,1400,5050,MP9,RIFLE,keep_current,1850,2600,700,900,1200,above_p75,keep_current,0.000,n/a,true,false,false,smoke+flash1+HE+fire,4600,high
T,1400,5100,MP9,RIFLE,keep_current,1850,2650,700,900,1200,above_p75,keep_current,0.000,n/a,true,false,false,smoke+flash1+HE+fire,4650,high
T,1400,5150,MP9,RIFLE,keep_current,1850,2700,700,900,1200,above_p75,keep_current,0.000,n/a,true,false,false,smoke+flash1+HE+fire,4700,high
T,1400,5200,MP9,RIFLE,keep_current,1850,2750,700,900,1200,above_p75,keep_current,0.000,n/a,true,false,false,smoke+flash1+HE+fire,4750,high
T,1400,5250,MP9,RIFLE,keep_current,1850,2800,700,900,1200,above_p75,keep_current,0.000,n/a,true,false,false,smoke+flash1+HE+fire,4800,high
T,1400,5300,MP9,RIFLE,keep_current,1850,2850,700,900,1200,above_p75,keep_current,0.000,n/a,true,false,false,smoke+flash1+HE+fire,4850,high
T,1400,5350,MP9,RIFLE,keep_current,1850,2900,700,900,1200,above_p75,keep_current,0.000,n/a,true,false,false,smoke+flash1+HE+fire,4900,high
T,1400,5400,MP9,RIFLE,keep_current,1850,2950,700,900,1200,above_p75,keep_current,0.000,n/a,true,false,false,smoke+flash1+HE+fire,4950,high
T,1400,5450,MP9,RIFLE,keep_current,1850,3000,700,900,1100,above_p75,keep_current,0.000,n/a,true,false,false,smoke+flash1+HE+fire,5000,high
T,1400,5500,MP9,RIFLE,keep_current,1850,3050,700,800,1100,above_p75,keep_current,0.000,n/a,true,false,false,smoke+flash1+HE+fire,5050,high
T,1400,5550,MP9,RIFLE,keep_current,1850,3100,700,800,1100,above_p75,keep_current,0.000,n/a,true,false,false,smoke+flash1+HE+fire,5100,high
T,1400,5600,MP9,RIFLE,keep_current,1850,3150,700,800,1100,above_p75,keep_current,0.000,n/a,true,false,false,smoke+flash1+HE+fire,5150,high
T,1400,5650,MP9,RIFLE,keep_current,1850,3200,700,800,1100,above_p75,keep_current,0.000,n/a,true,false,false,smoke+flash1+HE+fire,5200,high
T,1400,5700,MP9,RIFLE,keep_current,1850,3250,700,800,1100,above_p75,keep_current,0.000,n/a,true,false,false,smoke+flash1+HE+fire,5250,high
T,1400,5750,MP9,RIFLE,keep_current,1850,3300,700,800,1100,above_p75,keep_current,0.000,n/a,true,false,false,smoke+flash1+HE+fire,5300,high
T,1400,5800,MP9,RIFLE,keep_current,1850,3350,700,700,1100,above_p75,keep_current,0.000,n/a,true,false,false,smoke+flash1+HE+fire,5350,high
T,1400,5850,MP9,RIFLE,keep_current,1850,3400,700,700,1100,above_p75,keep_current,0.000,n/a,true,false,false,smoke+flash1+HE+fire,5400,high
T,1400,5900,MP9,RIFLE,keep_current,1850,3450,700,700,1100,above_p75,keep_current,0.000,n/a,true,false,false,smoke+flash1+HE+fire,5450,high
T,1400,5950,MP9,RIFLE,keep_current,1850,3500,700,700,1100,above_p75,keep_current,0.000,n/a,true,false,false,smoke+flash1+HE+fire,5500,high
T,1400,6000,MP9,RIFLE,keep_current,1850,3550,700,700,1100,above_p75,keep_current,0.000,n/a,true,false,false,smoke+flash1+HE+fire,5550,high
T,1900,800,none,SAVE,none,0,0,650,650,700,below_p25,none,0.000,absent,false,false,false,-,2700,medium
T,1900,850,none,SAVE,none,0,0,650,650,700,below_p25,none,0.000,absent,false,false,false,-,2750,medium
T,1900,900,none,SAVE,none,0,0,650,650,700,below_p25,none,0.000,absent,false,false,false,-,2800,medium
T,1900,950,none,SAVE,none,0,0,650,650,700,below_p25,none,0.000,absent,false,false,false,-,2850,medium
T,1900,1000,none,SAVE,none,0,0,650,650,700,below_p25,none,0.000,absent,false,false,false,-,2900,medium
T,1900,1050,none,SAVE,none,0,0,650,650,700,below_p25,none,0.000,absent,false,false,false,-,2950,medium
T,1900,1100,none,SAVE,none,0,0,650,650,700,below_p25,none,0.000,absent,false,false,false,-,3000,medium
T,1900,1150,none,SAVE,none,0,0,650,650,700,below_p25,none,0.000,absent,false,false,false,-,3050,medium
T,1900,1200,none,SAVE,none,0,0,650,650,800,below_p25,none,0.000,absent,false,false,false,-,3100,medium
T,1900,1250,none,SAVE,none,0,0,650,650,950,below_p25,none,0.000,absent,false,false,false,-,3150,medium
T,1900,1300,none,SAVE,none,0,0,650,700,950,below_p25,none,0.000,absent,false,false,false,-,3200,medium
T,1900,1350,none,SAVE,none,0,0,650,1150,1350,below_p25,none,0.000,absent,false,false,false,-,3250,medium
T,1900,1400,none,SAVE,none,0,0,650,1250,1350,below_p25,none,0.000,absent,false,false,false,-,3300,medium
T,1900,1450,none,SAVE,none,0,0,1150,1350,1450,below_p25,none,0.000,absent,false,false,false,-,3350,medium
T,1900,1500,none,SAVE,none,0,0,1150,1350,1450,below_p25,none,0.000,absent,false,false,false,-,3400,medium
T,1900,1550,none,SAVE,none,0,0,1250,1400,1450,below_p25,none,0.000,absent,false,false,false,-,3450,medium
T,1900,1600,none,SAVE,none,0,0,1150,1450,1450,below_p25,none,0.000,absent,false,false,false,-,3500,medium
T,1900,1650,none,SAVE,none,0,0,1150,1450,1600,below_p25,none,0.000,absent,false,false,false,-,3550,medium
T,1900,1700,none,SAVE,none,0,0,1300,1500,1650,below_p25,none,0.000,absent,false,false,false,-,3600,medium
T,1900,1750,none,SAVE,none,0,0,1150,1650,1700,below_p25,none,0.000,absent,false,false,false,-,3650,medium
T,1900,1800,none,SAVE,none,0,0,1400,1700,1800,below_p25,none,0.000,absent,false,false,false,-,3700,medium
T,1900,1850,none,SAVE,none,0,0,1150,1700,1800,below_p25,none,0.000,absent,false,false,false,-,3750,medium
T,1900,1900,none,SAVE,none,0,0,300,1700,1800,below_p25,none,0.000,absent,false,false,false,-,3800,medium
T,1900,1950,none,SAVE,none,0,0,0,1700,1800,within,none,0.000,absent,false,false,false,-,3850,medium
T,1900,2000,none,SAVE,none,0,50,0,1800,2000,within,none,0.000,absent,false,false,false,-,3900,medium
T,1900,2050,none,SAVE,none,0,100,0,1850,2000,within,none,0.000,absent,false,false,false,-,3950,medium
T,1900,2100,none,SAVE,none,0,150,0,1900,2000,within,none,0.000,absent,false,false,false,-,4000,medium
T,1900,2150,none,SAVE,none,0,200,0,1850,2000,within,none,0.000,absent,false,false,false,-,4050,medium
T,1900,2200,none,SAVE,none,0,250,0,2000,2050,within,none,0.000,absent,false,false,false,-,4100,medium
T,1900,2250,none,SAVE,none,300,300,0,1850,2200,within,none,0.000,absent,false,false,false,HE,3850,medium
T,1900,2300,none,SAVE,none,300,350,0,2000,2200,within,none,0.000,absent,false,false,false,HE,3900,medium
T,1900,2350,none,SAVE,none,400,400,0,1700,2200,within,none,0.000,absent,false,false,false,fire,3850,medium
T,1900,2400,none,SAVE,none,400,450,0,2050,2300,within,none,0.000,absent,false,false,false,fire,3900,medium
T,1900,2450,none,SAVE,none,400,500,0,2150,2350,within,none,0.000,absent,false,false,false,fire,3950,medium
T,1900,2500,none,SAVE,none,400,550,0,2200,2400,within,none,0.000,absent,false,false,false,fire,4000,medium
T,1900,2550,none,SAVE,none,400,600,300,2000,2400,within,none,0.000,absent,false,false,false,fire,4050,medium
T,1900,2600,none,SAVE,none,400,650,300,2250,2500,within,none,0.000,absent,false,false,false,fire,4100,medium
T,1900,2650,none,SAVE,none,700,700,300,2200,2550,within,none,0.000,absent,false,false,false,HE+fire,3850,medium
T,1900,2700,none,SAVE,none,700,750,300,2000,2600,within,none,0.000,absent,false,false,false,HE+fire,3900,medium
T,1900,2750,none,SAVE,none,700,800,500,2000,2600,within,none,0.000,absent,false,false,false,HE+fire,3950,medium
T,1900,2800,none,SAVE,none,700,850,700,2200,2750,within,none,0.000,absent,false,false,false,HE+fire,4000,medium
T,1900,2850,none,SAVE,none,700,900,800,2050,2750,below_p25,none,0.000,absent,false,false,false,HE+fire,4050,medium
T,1900,2900,none,LIGHT,paid_pistol,950,950,800,2000,2750,within,P250,0.000,absent,true,false,false,-,3850,medium
T,1900,2950,none,LIGHT,paid_pistol,950,1000,800,2000,2750,within,P250,0.000,absent,true,false,false,-,3900,medium
T,1900,3000,none,LIGHT,paid_pistol,950,1050,800,2000,2750,within,P250,0.000,absent,true,false,false,-,3950,medium
T,1900,3050,none,LIGHT,paid_pistol,950,1100,700,2000,2800,within,P250,0.000,absent,true,false,false,-,4000,medium
T,1900,3100,none,LIGHT,paid_pistol,1150,1150,1000,2600,3000,within,Tec-9,0.000,absent,true,false,false,-,3850,medium
T,1900,3150,none,LIGHT,paid_pistol,1150,1200,1150,2600,3100,within,Tec-9,0.000,absent,true,false,false,-,3900,medium
T,1900,3200,none,LIGHT,paid_pistol,1150,1250,1350,2600,3100,below_p25,Tec-9,0.000,absent,true,false,false,-,3950,medium
T,1900,3250,none,LIGHT,paid_pistol,1150,1300,1450,2200,3100,below_p25,Tec-9,0.000,absent,true,false,false,-,4000,medium
T,1900,3300,none,LIGHT,paid_pistol,1350,1350,1650,3100,3250,below_p25,Tec-9,0.000,absent,true,false,false,flash1,3850,medium
T,1900,3350,none,LIGHT,paid_pistol,1350,1400,1650,3100,3300,below_p25,Tec-9,0.000,absent,true,false,false,flash1,3900,medium
T,1900,3400,none,LIGHT,paid_pistol,1450,1450,1650,3100,3300,below_p25,Tec-9,0.000,absent,true,false,false,smoke,3850,medium
T,1900,3450,none,LIGHT,paid_pistol,1450,1500,1650,3100,3300,below_p25,Tec-9,0.000,absent,true,false,false,smoke,3900,medium
T,1900,3500,none,LIGHT,paid_pistol,1450,1550,1800,3300,3450,below_p25,Tec-9,0.000,absent,true,false,false,smoke,3950,medium
T,1900,3550,none,LIGHT,paid_pistol,1450,1600,1800,3300,3500,below_p25,Tec-9,0.000,absent,true,false,false,smoke,4000,medium
T,1900,3600,none,LIGHT,paid_pistol,1650,1650,1800,3250,3500,below_p25,Tec-9,0.000,absent,true,false,false,smoke+flash1,3850,medium
T,1900,3650,none,SMG,smg,1700,1700,1750,3250,3500,below_p25,MAC-10,NaN,low,true,false,false,-,3850,medium
T,1900,3700,none,SMG,smg,1700,1750,2100,3500,3700,below_p25,MAC-10,0.000,absent,true,false,false,-,3900,medium
T,1900,3750,none,SMG,smg,1700,1800,2100,3500,3700,below_p25,MAC-10,0.000,absent,true,false,false,-,3950,medium
T,1900,3800,none,SMG,smg,1700,1850,2200,3500,3700,below_p25,MAC-10,0.000,absent,true,false,false,-,4000,medium
T,1900,3850,none,SMG,smg,1900,1900,2200,3550,3700,below_p25,MAC-10,0.000,absent,true,false,false,flash1,3850,medium
T,1900,3900,none,SMG,smg,1900,1950,3250,3700,3900,below_p25,MAC-10,0.000,absent,true,false,false,flash1,3900,medium
T,1900,3950,none,SMG,smg,2000,2000,3400,3700,3900,below_p25,MAC-10,0.000,absent,true,false,false,smoke,3850,medium
T,1900,4000,none,SMG,smg,2000,2050,3700,3900,4000,below_p25,MAC-10,0.000,absent,true,false,false,smoke,3900,medium
T,1900,4050,none,SMG,smg,2000,2100,3900,3950,4000,below_p25,MAC-10,0.000,absent,true,false,false,smoke,3950,medium
T,1900,4100,none,RIFLE,rifle,4050,4100,3900,4000,4000,above_p75,AK-47,NaN,low,true,false,false,smoke+flash2,1950,medium
T,1900,4150,none,RIFLE,rifle,4150,4150,3800,3950,4000,above_p75,AK-47,NaN,low,true,false,false,smoke+flash1+HE,1900,medium
T,1900,4200,none,RIFLE,rifle,4150,4200,3900,4000,4200,within,AK-47,NaN,low,true,false,false,smoke+flash1+HE,1950,medium
T,1900,4250,none,RIFLE,rifle,4250,4250,3900,4000,4200,above_p75,AK-47,NaN,low,true,false,false,smoke+flash1+fire,1900,medium
T,1900,4300,none,RIFLE,rifle,4250,4300,3900,4200,4200,above_p75,AK-47,NaN,low,true,false,false,smoke+flash1+fire,1950,medium
T,1900,4350,none,RIFLE,rifle,4250,4350,3900,4200,4200,above_p75,AK-47,NaN,low,true,false,false,smoke+flash1+fire,2000,high
T,1900,4400,none,RIFLE,rifle,4250,4400,4200,4300,4400,within,AK-47,NaN,low,true,false,false,smoke+flash1+fire,2050,high
T,1900,4450,none,RIFLE,rifle,4450,4450,4200,4400,4400,above_p75,AK-47,NaN,low,true,false,false,smoke+flash2+fire,1900,high
T,1900,4500,none,RIFLE,rifle,4450,4500,4300,4400,4400,above_p75,AK-47,NaN,low,true,false,false,smoke+flash2+fire,1950,high
T,1900,4550,none,RIFLE,rifle,4550,4550,4300,4400,4400,above_p75,AK-47,NaN,low,true,false,false,smoke+flash1+HE+fire,1900,high
T,1900,4600,none,RIFLE,rifle,4550,4600,4400,4500,4600,within,AK-47,NaN,low,true,false,false,smoke+flash1+HE+fire,1950,high
T,1900,4650,none,RIFLE,rifle,4650,4650,4400,4600,4600,above_p75,AK-47,NaN,low,true,true,false,smoke,1900,high
T,1900,4700,none,RIFLE,rifle,4650,4700,4600,4600,4600,above_p75,AK-47,NaN,low,true,true,false,smoke,1950,high
T,1900,4750,none,RIFLE,rifle,4650,4750,4500,4600,4600,above_p75,AK-47,NaN,low,true,true,false,smoke,2000,high
T,1900,4800,none,RIFLE,rifle,4650,4800,4600,4700,4800,within,AK-47,NaN,low,true,true,false,smoke,2050,high
T,1900,4850,none,RIFLE,rifle,4850,4850,4600,4700,4800,above_p75,AK-47,NaN,low,true,true,false,smoke+flash1,1900,high
T,1900,4900,none,RIFLE,rifle,4850,4900,4700,4800,4900,within,AK-47,NaN,low,true,true,false,smoke+flash1,1950,high
T,1900,4950,none,RIFLE,rifle,4850,4950,4800,4800,4900,within,AK-47,NaN,low,true,true,false,smoke+flash1,2000,high
T,1900,5000,none,RIFLE,rifle,4850,5000,4800,4800,4900,within,AK-47,NaN,low,true,true,false,smoke+flash1,2050,high
T,1900,5050,none,RIFLE,rifle,5050,5050,4800,4800,4900,above_p75,AK-47,NaN,low,true,true,false,smoke+flash2,1900,high
T,1900,5100,none,RIFLE,rifle,5050,5100,4800,4900,4900,above_p75,AK-47,NaN,low,true,true,false,smoke+flash2,1950,high
T,1900,5150,none,RIFLE,rifle,5150,5150,4800,4900,4900,above_p75,AK-47,NaN,low,true,true,false,smoke+flash1+HE,1900,high
T,1900,5200,none,RIFLE,rifle,5150,5200,4800,4900,4900,above_p75,AK-47,NaN,low,true,true,false,smoke+flash1+HE,1950,high
T,1900,5250,none,RIFLE,rifle,5250,5250,4800,4900,4900,above_p75,AK-47,NaN,low,true,true,false,smoke+flash1+fire,1900,high
T,1900,5300,none,RIFLE,rifle,5250,5300,4800,4900,4900,above_p75,AK-47,NaN,low,true,true,false,smoke+flash1+fire,1950,high
T,1900,5350,none,RIFLE,rifle,5250,5350,4800,4900,4900,above_p75,AK-47,NaN,low,true,true,false,smoke+flash1+fire,2000,high
T,1900,5400,none,RIFLE,rifle,5250,5400,4800,4900,4900,above_p75,AK-47,NaN,low,true,true,false,smoke+flash1+fire,2050,high
T,1900,5450,none,RIFLE,rifle,5450,5450,4800,4900,5100,above_p75,AK-47,NaN,low,true,true,false,smoke+flash2+fire,1900,high
T,1900,5500,none,RIFLE,rifle,5450,5500,4800,4900,5100,above_p75,AK-47,NaN,low,true,true,false,smoke+flash2+fire,1950,high
T,1900,5550,none,RIFLE,rifle,5550,5550,4800,4900,5100,above_p75,AK-47,NaN,low,true,true,false,smoke+flash1+HE+fire,1900,high
T,1900,5600,none,RIFLE,rifle,5550,5600,4800,4900,5100,above_p75,AK-47,NaN,low,true,true,false,smoke+flash1+HE+fire,1950,high
T,1900,5650,none,RIFLE,rifle,5550,5650,4800,4900,4900,above_p75,AK-47,NaN,low,true,true,false,smoke+flash1+HE+fire,2000,high
T,1900,5700,none,RIFLE,rifle,5550,5700,4800,4900,4900,above_p75,AK-47,NaN,low,true,true,false,smoke+flash1+HE+fire,2050,high
T,1900,5750,none,RIFLE,rifle,5550,5750,4800,4900,4900,above_p75,AK-47,NaN,low,true,true,false,smoke+flash1+HE+fire,2100,high
T,1900,5800,none,RIFLE,rifle,5550,5800,4800,4900,4900,above_p75,AK-47,NaN,low,true,true,false,smoke+flash1+HE+fire,2150,high
T,1900,5850,none,RIFLE,rifle,5550,5850,4800,4900,4900,above_p75,AK-47,NaN,low,true,true,false,smoke+flash1+HE+fire,2200,high
T,1900,5900,none,RIFLE,rifle,5550,5900,4800,4900,4900,above_p75,AK-47,NaN,low,true,true,false,smoke+flash1+HE+fire,2250,high
T,1900,5950,none,RIFLE,rifle,5550,5950,4800,4900,4900,above_p75,AK-47,NaN,low,true,true,false,smoke+flash1+HE+fire,2300,high
T,1900,6000,none,RIFLE,rifle,5550,6000,4800,4900,4900,above_p75,AK-47,NaN,low,true,true,false,smoke+flash1+HE+fire,2350,high
T,1900,800,AK-47,RIFLE,keep_current,650,650,0,300,700,within,keep_current,0.000,n/a,true,false,false,-,2050,high
T,1900,850,AK-47,RIFLE,keep_current,650,650,0,400,700,within,keep_current,0.000,n/a,true,false,false,-,2100,high
T,1900,900,AK-47,RIFLE,keep_current,650,650,0,400,700,within,keep_current,0.000,n/a,true,false,false,-,2150,high
T,1900,950,AK-47,RIFLE,keep_current,650,650,200,400,700,within,keep_current,0.000,n/a,true,false,false,-,2200,high
T,1900,1000,AK-47,RIFLE,keep_current,650,650,200,500,700,within,keep_current,0.000,n/a,true,false,false,-,2250,high
T,1900,1050,AK-47,RIFLE,keep_current,650,650,200,500,700,within,keep_current,0.000,n/a,true,false,false,-,2300,high
T,1900,1100,AK-47,RIFLE,keep_current,650,650,200,600,700,within,keep_current,0.000,n/a,true,false,false,-,2350,high
T,1900,1150,AK-47,RIFLE,keep_current,650,650,200,600,700,within,keep_current,0.000,n/a,true,false,false,-,2400,high
T,1900,1200,AK-47,RIFLE,keep_current,650,650,200,600,700,within,keep_current,0.000,n/a,true,false,false,-,2450,high
T,1900,1250,AK-47,RIFLE,keep_current,650,650,200,600,700,within,keep_current,0.000,n/a,true,false,false,-,2500,high
T,1900,1300,AK-47,RIFLE,keep_current,650,650,200,600,700,within,keep_current,0.000,n/a,true,false,false,-,2550,high
T,1900,1350,AK-47,RIFLE,keep_current,650,650,200,600,700,within,keep_current,0.000,n/a,true,false,false,-,2600,high
T,1900,1400,AK-47,RIFLE,keep_current,650,650,200,600,700,within,keep_current,0.000,n/a,true,false,false,-,2650,high
T,1900,1450,AK-47,RIFLE,keep_current,650,650,200,700,700,within,keep_current,0.000,n/a,true,false,false,-,2700,high
T,1900,1500,AK-47,RIFLE,keep_current,650,650,0,700,700,within,keep_current,0.000,n/a,true,false,false,-,2750,high
T,1900,1550,AK-47,RIFLE,keep_current,650,650,0,700,700,within,keep_current,0.000,n/a,true,false,false,-,2800,high
T,1900,1600,AK-47,RIFLE,keep_current,650,650,0,700,700,within,keep_current,0.000,n/a,true,false,false,-,2850,high
T,1900,1650,AK-47,RIFLE,keep_current,650,650,0,700,700,within,keep_current,0.000,n/a,true,false,false,-,2900,high
T,1900,1700,AK-47,RIFLE,keep_current,650,650,0,700,700,within,keep_current,0.000,n/a,true,false,false,-,2950,high
T,1900,1750,AK-47,RIFLE,keep_current,650,650,0,700,700,within,keep_current,0.000,n/a,true,false,false,-,3000,high
T,1900,1800,AK-47,RIFLE,keep_current,650,650,0,700,700,within,keep_current,0.000,n/a,true,false,false,-,3050,high
T,1900,1850,AK-47,RIFLE,keep_current,650,650,0,600,700,within,keep_current,0.000,n/a,true,false,false,-,3100,high
T,1900,800,M4A1-S,RIFLE,keep_current,650,650,0,300,600,above_p75,keep_current,0.000,n/a,true,false,false,-,2050,high
T,1900,850,M4A1-S,RIFLE,keep_current,650,650,0,300,600,above_p75,keep_current,0.000,n/a,true,false,false,-,2100,high
T,1900,900,M4A1-S,RIFLE,keep_current,650,650,0,400,700,within,keep_current,0.000,n/a,true,false,false,-,2150,high
T,1900,950,M4A1-S,RIFLE,keep_current,650,650,0,400,700,within,keep_current,0.000,n/a,true,false,false,-,2200,high
T,1900,1000,M4A1-S,RIFLE,keep_current,650,650,0,400,700,within,keep_current,0.000,n/a,true,false,false,-,2250,high
T,1900,1050,M4A1-S,RIFLE,keep_current,650,650,0,400,700,within,keep_current,0.000,n/a,true,false,false,-,2300,high
T,1900,1100,M4A1-S,RIFLE,keep_current,650,650,0,400,700,within,keep_current,0.000,n/a,true,false,false,-,2350,high
T,1900,1150,M4A1-S,RIFLE,keep_current,650,650,0,400,700,within,keep_current,0.000,n/a,true,false,false,-,2400,high
T,1900,1200,M4A1-S,RIFLE,keep_current,650,650,0,500,700,within,keep_current,0.000,n/a,true,false,false,-,2450,high
T,1900,1250,M4A1-S,RIFLE,keep_current,650,650,0,500,700,within,keep_current,0.000,n/a,true,false,false,-,2500,high
T,1900,1300,M4A1-S,RIFLE,keep_current,650,650,0,500,700,within,keep_current,0.000,n/a,true,false,false,-,2550,high
T,1900,1350,M4A1-S,RIFLE,keep_current,650,650,0,600,700,within,keep_current,0.000,n/a,true,false,false,-,2600,high
T,1900,1400,M4A1-S,RIFLE,keep_current,650,650,0,600,700,within,keep_current,0.000,n/a,true,false,false,-,2650,high
T,1900,1450,M4A1-S,RIFLE,keep_current,650,650,0,600,700,within,keep_current,0.000,n/a,true,false,false,-,2700,high
T,1900,1500,M4A1-S,RIFLE,keep_current,650,650,0,600,700,within,keep_current,0.000,n/a,true,false,false,-,2750,high
T,1900,1550,M4A1-S,RIFLE,keep_current,650,650,0,600,700,within,keep_current,0.000,n/a,true,false,false,-,2800,high
T,1900,1600,M4A1-S,RIFLE,keep_current,650,650,0,600,700,within,keep_current,0.000,n/a,true,false,false,-,2850,high
T,1900,1650,M4A1-S,RIFLE,keep_current,650,650,0,500,700,within,keep_current,0.000,n/a,true,false,false,-,2900,high
T,1900,1700,M4A1-S,RIFLE,keep_current,650,650,0,400,700,within,keep_current,0.000,n/a,true,false,false,-,2950,high
T,1900,1750,M4A1-S,RIFLE,keep_current,650,650,0,400,700,within,keep_current,0.000,n/a,true,false,false,-,3000,high
T,1900,1800,M4A1-S,RIFLE,keep_current,650,650,0,300,700,within,keep_current,0.000,n/a,true,false,false,-,3050,high
T,1900,1850,M4A1-S,RIFLE,keep_current,650,650,0,300,700,within,keep_current,0.000,n/a,true,false,false,-,3100,high
T,1900,1900,M4A1-S,RIFLE,keep_current,650,650,0,200,700,within,keep_current,0.000,n/a,true,false,false,-,3150,high
T,1900,1950,M4A1-S,RIFLE,keep_current,650,650,0,0,700,within,keep_current,0.000,n/a,true,false,false,-,3200,high
T,1900,2000,M4A1-S,RIFLE,keep_current,650,650,0,0,700,within,keep_current,0.000,n/a,true,false,false,-,3250,high
T,1900,2050,M4A1-S,RIFLE,keep_current,650,650,0,0,700,within,keep_current,0.000,n/a,true,false,false,-,3300,high
T,1900,2100,M4A1-S,RIFLE,keep_current,650,650,0,0,700,within,keep_current,0.000,n/a,true,false,false,-,3350,high
T,1900,2150,M4A1-S,RIFLE,keep_current,650,650,0,0,700,within,keep_current,0.000,n/a,true,false,false,-,3400,high
T,1900,2200,M4A1-S,RIFLE,keep_current,650,650,0,0,700,within,keep_current,0.000,n/a,true,false,false,-,3450,high
T,1900,800,M4A4,RIFLE,keep_current,650,650,0,300,600,above_p75,keep_current,0.000,n/a,true,false,false,-,2050,high
T,1900,850,M4A4,RIFLE,keep_current,650,650,0,300,600,above_p75,keep_current,0.000,n/a,true,false,false,-,2100,high
T,1900,900,M4A4,RIFLE,keep_current,650,650,0,400,700,within,keep_current,0.000,n/a,true,false,false,-,2150,high
T,1900,950,M4A4,RIFLE,keep_current,650,650,0,400,700,within,keep_current,0.000,n/a,true,false,false,-,2200,high
T,1900,1000,M4A4,RIFLE,keep_current,650,650,0,400,700,within,keep_current,0.000,n/a,true,false,false,-,2250,high
T,1900,1050,M4A4,RIFLE,keep_current,650,650,0,400,700,within,keep_current,0.000,n/a,true,false,false,-,2300,high
T,1900,1100,M4A4,RIFLE,keep_current,650,650,0,400,700,within,keep_current,0.000,n/a,true,false,false,-,2350,high
T,1900,1150,M4A4,RIFLE,keep_current,650,650,0,400,700,within,keep_current,0.000,n/a,true,false,false,-,2400,high
T,1900,1200,M4A4,RIFLE,keep_current,650,650,0,500,700,within,keep_current,0.000,n/a,true,false,false,-,2450,high
T,1900,1250,M4A4,RIFLE,keep_current,650,650,0,500,700,within,keep_current,0.000,n/a,true,false,false,-,2500,high
T,1900,1300,M4A4,RIFLE,keep_current,650,650,0,500,700,within,keep_current,0.000,n/a,true,false,false,-,2550,high
T,1900,1350,M4A4,RIFLE,keep_current,650,650,0,600,700,within,keep_current,0.000,n/a,true,false,false,-,2600,high
T,1900,1400,M4A4,RIFLE,keep_current,650,650,0,600,700,within,keep_current,0.000,n/a,true,false,false,-,2650,high
T,1900,1450,M4A4,RIFLE,keep_current,650,650,0,600,700,within,keep_current,0.000,n/a,true,false,false,-,2700,high
T,1900,1500,M4A4,RIFLE,keep_current,650,650,0,600,700,within,keep_current,0.000,n/a,true,false,false,-,2750,high
T,1900,1550,M4A4,RIFLE,keep_current,650,650,0,600,700,within,keep_current,0.000,n/a,true,false,false,-,2800,high
T,1900,1600,M4A4,RIFLE,keep_current,650,650,0,600,700,within,keep_current,0.000,n/a,true,false,false,-,2850,high
T,1900,1650,M4A4,RIFLE,keep_current,650,650,0,500,700,within,keep_current,0.000,n/a,true,false,false,-,2900,high
T,1900,1700,M4A4,RIFLE,keep_current,650,650,0,400,700,within,keep_current,0.000,n/a,true,false,false,-,2950,high
T,1900,1750,M4A4,RIFLE,keep_current,650,650,0,400,700,within,keep_current,0.000,n/a,true,false,false,-,3000,high
T,1900,1800,M4A4,RIFLE,keep_current,650,650,0,300,700,within,keep_current,0.000,n/a,true,false,false,-,3050,high
T,1900,1850,M4A4,RIFLE,keep_current,650,650,0,300,700,within,keep_current,0.000,n/a,true,false,false,-,3100,high
T,1900,1900,M4A4,RIFLE,keep_current,650,650,0,200,700,within,keep_current,0.000,n/a,true,false,false,-,3150,high
T,1900,1950,M4A4,RIFLE,keep_current,650,650,0,0,700,within,keep_current,0.000,n/a,true,false,false,-,3200,high
T,1900,2000,M4A4,RIFLE,keep_current,650,650,0,0,700,within,keep_current,0.000,n/a,true,false,false,-,3250,high
T,1900,2050,M4A4,RIFLE,keep_current,650,650,0,0,700,within,keep_current,0.000,n/a,true,false,false,-,3300,high
T,1900,2100,M4A4,RIFLE,keep_current,650,650,0,0,700,within,keep_current,0.000,n/a,true,false,false,-,3350,high
T,1900,2150,M4A4,RIFLE,keep_current,650,650,0,0,700,within,keep_current,0.000,n/a,true,false,false,-,3400,high
T,1900,2200,M4A4,RIFLE,keep_current,650,650,0,0,700,within,keep_current,0.000,n/a,true,false,false,-,3450,high
T,2400,800,none,SAVE,none,0,0,0,0,0,within,none,0.000,absent,false,false,false,-,3200,medium
T,2400,850,none,SAVE,none,0,0,0,0,0,within,none,0.000,absent,false,false,false,-,3250,medium
T,2400,900,none,SAVE,none,0,0,0,0,0,within,none,0.000,absent,false,false,false,-,3300,medium
T,2400,950,none,SAVE,none,0,0,0,0,0,within,none,0.000,absent,false,false,false,-,3350,medium
T,2400,1000,none,SAVE,none,0,0,0,0,0,within,none,0.000,absent,false,false,false,-,3400,medium
T,2400,1050,none,SAVE,none,0,0,0,0,0,within,none,0.000,absent,false,false,false,-,3450,medium
T,2400,1100,none,SAVE,none,0,0,0,0,0,within,none,0.000,absent,false,false,false,-,3500,medium
T,2400,1150,none,SAVE,none,0,0,0,0,0,within,none,0.000,absent,false,false,false,-,3550,medium
T,2400,1200,none,SAVE,none,0,0,0,0,0,within,none,0.000,absent,false,false,false,-,3600,medium
T,2400,1250,none,SAVE,none,0,0,0,0,0,within,none,0.000,absent,false,false,false,-,3650,medium
T,2400,1300,none,SAVE,none,0,0,0,0,0,within,none,0.000,absent,false,false,false,-,3700,medium
T,2400,1350,none,SAVE,none,0,0,0,0,0,within,none,0.000,absent,false,false,false,-,3750,medium
T,2400,1400,none,SAVE,none,0,0,0,0,0,within,none,0.000,absent,false,false,false,-,3800,medium
T,2400,1450,none,SAVE,none,0,0,0,0,0,within,none,0.000,absent,false,false,false,-,3850,medium
T,2400,1500,none,SAVE,none,0,50,0,0,0,within,none,0.000,absent,false,false,false,-,3900,medium
T,2400,1550,none,SAVE,none,0,100,0,0,0,within,none,0.000,absent,false,false,false,-,3950,medium
T,2400,1600,none,SAVE,none,0,150,0,0,0,within,none,0.000,absent,false,false,false,-,4000,medium
T,2400,1650,none,SAVE,none,0,200,0,0,0,within,none,0.000,absent,false,false,false,-,4050,medium
T,2400,1700,none,SAVE,none,0,250,0,0,0,within,none,0.000,absent,false,false,false,-,4100,medium
T,2400,1750,none,SAVE,none,300,300,0,0,0,above_p75,none,0.000,absent,false,false,false,HE,3850,medium
T,2400,1800,none,SAVE,none,300,350,0,0,0,above_p75,none,0.000,absent,false,false,false,HE,3900,medium
T,2400,1850,none,SAVE,none,400,400,0,0,0,above_p75,none,0.000,absent,false,false,false,fire,3850,medium
T,2400,1900,none,SAVE,none,400,450,0,0,0,above_p75,none,0.000,absent,false,false,false,fire,3900,medium
T,2400,1950,none,SAVE,none,400,500,0,0,0,above_p75,none,0.000,absent,false,false,false,fire,3950,medium
T,2400,2000,none,SAVE,none,400,550,0,0,0,above_p75,none,0.000,absent,false,false,false,fire,4000,medium
T,2400,2050,none,SAVE,none,400,600,0,0,300,above_p75,none,0.000,absent,false,false,false,fire,4050,medium
T,2400,2100,none,SAVE,none,400,650,0,0,300,above_p75,none,0.000,absent,false,false,false,fire,4100,medium
T,2400,2150,none,SAVE,none,700,700,0,0,200,above_p75,none,0.000,absent,false,false,false,HE+fire,3850,medium
T,2400,2200,none,SAVE,none,700,750,0,0,300,above_p75,none,0.000,absent,false,false,false,HE+fire,3900,medium
T,2400,2250,none,SAVE,none,700,800,0,0,700,within,none,0.000,absent,false,false,false,HE+fire,3950,medium
T,2400,2300,none,SAVE,none,700,850,0,0,700,within,none,0.000,absent,false,false,false,HE+fire,4000,medium
T,2400,2350,none,SAVE,none,700,900,0,200,700,within,none,0.000,absent,false,false,false,HE+fire,4050,medium
T,2400,2400,none,LIGHT,paid_pistol,950,950,0,200,700,above_p75,P250,0.000,absent,true,false,false,-,3850,medium
T,2400,2450,none,LIGHT,paid_pistol,950,1000,0,300,700,above_p75,P250,0.000,absent,true,false,false,-,3900,medium
T,2400,2500,none,LIGHT,paid_pistol,950,1050,0,700,2200,within,P250,0.000,absent,true,false,false,-,3950,medium
T,2400,2550,none,LIGHT,paid_pistol,950,1100,0,700,2400,within,P250,0.000,absent,true,false,false,-,4000,medium
T,2400,2600,none,LIGHT,paid_pistol,1150,1150,300,2000,2550,within,Tec-9,0.000,absent,true,false,false,-,3850,medium
T,2400,2650,none,LIGHT,paid_pistol,1150,1200,700,2450,2600,within,Tec-9,0.000,absent,true,false,false,-,3900,medium
T,2400,2700,none,LIGHT,paid_pistol,1150,1250,400,1700,2600,within,Tec-9,0.000,absent,true,false,false,-,3950,medium
T,2400,2750,none,LIGHT,paid_pistol,1150,1300,400,700,2600,within,Tec-9,0.000,absent,true,false,false,-,4000,medium
T,2400,2800,none,LIGHT,paid_pistol,1350,1350,600,800,2650,within,Tec-9,0.000,absent,true,false,false,flash1,3850,medium
T,2400,2850,none,LIGHT,paid_pistol,1350,1400,700,1000,2700,within,Tec-9,0.000,absent,true,false,false,flash1,3900,medium
T,2400,2900,none,LIGHT,paid_pistol,1450,1450,700,2200,2800,within,Tec-9,0.000,absent,true,false,false,smoke,3850,medium
T,2400,2950,none,LIGHT,paid_pistol,1450,1500,700,2600,2800,within,Tec-9,0.000,absent,true,false,false,smoke,3900,medium
T,2400,3000,none,LIGHT,paid_pistol,1450,1550,700,2000,2800,within,Tec-9,0.000,absent,true,false,false,smoke,3950,medium
T,2400,3050,none,LIGHT,paid_pistol,1450,1600,700,1350,2800,within,Tec-9,0.000,absent,true,false,false,smoke,4000,medium
T,2400,3100,none,LIGHT,paid_pistol,1650,1650,700,1350,2900,within,Tec-9,0.000,absent,true,false,false,smoke+flash1,3850,medium
T,2400,3150,none,SMG,smg,1700,1700,700,1800,3100,within,MAC-10,NaN,low,true,false,false,-,3850,medium
T,2400,3200,none,SMG,smg,1700,1750,700,2200,3100,within,MAC-10,NaN,low,true,false,false,-,3900,medium
T,2400,3250,none,SMG,smg,1700,1800,700,2200,3100,within,MAC-10,NaN,low,true,false,false,-,3950,medium
T,2400,3300,none,SMG,smg,1700,1850,800,2700,3100,within,MAC-10,NaN,low,true,false,false,-,4000,medium
T,2400,3350,none,SMG,smg,1900,1900,1000,2200,3100,within,MAC-10,NaN,low,true,false,false,flash1,3850,medium
T,2400,3400,none,SMG,smg,1900,1950,1000,2050,3100,within,MAC-10,NaN,low,true,false,false,flash1,3900,medium
T,2400,3450,none,SMG,smg,2000,2000,1000,1850,3100,within,MAC-10,NaN,low,true,false,false,smoke,3850,medium
T,2400,3500,none,SMG,smg,2000,2050,1350,2200,3400,within,MAC-10,NaN,low,true,false,false,smoke,3900,medium
T,2400,3550,none,SMG,smg,2000,2100,1500,2350,3500,within,MAC-10,0.000,absent,true,false,false,smoke,3950,medium
T,2400,3600,none,SMG,smg,2000,2150,1650,2400,3500,within,MAC-10,0.000,absent,true,false,false,smoke,4000,medium
T,2400,3650,none,SMG,smg,2200,2200,1650,2400,3500,within,MAC-10,0.000,absent,true,false,false,smoke+flash1,3850,medium
T,2400,3700,none,SMG,smg,2200,2250,1850,3350,3550,within,MAC-10,0.000,absent,true,false,false,smoke+flash1,3900,medium
T,2400,3750,none,SMG,smg,2200,2300,2000,3450,3700,within,MAC-10,0.000,absent,true,false,false,smoke+flash1,3950,medium
T,2400,3800,none,SMG,smg,2200,2350,2000,3500,3700,within,MAC-10,0.000,absent,true,false,false,smoke+flash1,4000,medium
T,2400,3850,none,SMG,smg,2200,2400,2000,3500,3700,within,MAC-10,0.000,absent,true,false,false,smoke+flash1,4050,medium
T,2400,3900,none,RIFLE,budget_rifle,2450,2450,2400,3700,3900,within,Galil AR,NaN,low,true,false,false,-,3850,medium
T,2400,3950,none,RIFLE,budget_rifle,2450,2500,2450,3700,3900,within,Galil AR,NaN,low,true,false,false,-,3900,medium
T,2400,4000,none,RIFLE,budget_rifle,2450,2550,3700,3900,4000,below_p25,Galil AR,NaN,low,true,false,false,-,3950,medium
T,2400,4050,none,RIFLE,budget_rifle,2450,2600,3700,3900,4000,below_p25,Galil AR,NaN,low,true,false,false,-,4000,medium
T,2400,4100,none,RIFLE,budget_rifle,2650,2650,3700,3900,4000,below_p25,Galil AR,NaN,low,true,false,false,flash1,3850,medium
T,2400,4150,none,RIFLE,rifle,4150,4150,3700,3900,4000,above_p75,AK-47,NaN,low,true,false,false,smoke+flash1+HE,2400,medium
T,2400,4200,none,RIFLE,rifle,4150,4200,3900,4000,4200,within,AK-47,NaN,low,true,false,false,smoke+flash1+HE,2450,medium
T,2400,4250,none,RIFLE,rifle,4250,4250,3900,4000,4200,above_p75,AK-47,NaN,low,true,false,false,smoke+flash1+fire,2400,medium
T,2400,4300,none,RIFLE,rifle,4250,4300,3900,4200,4200,above_p75,AK-47,NaN,low,true,false,false,smoke+flash1+fire,2450,medium
T,2400,4350,none,RIFLE,rifle,4250,4350,3900,4200,4200,above_p75,AK-47,NaN,low,true,false,false,smoke+flash1+fire,2500,medium
T,2400,4400,none,RIFLE,rifle,4250,4400,4200,4300,4400,within,AK-47,NaN,low,true,false,false,smoke+flash1+fire,2550,high
T,2400,4450,none,RIFLE,rifle,4450,4450,4200,4300,4400,above_p75,AK-47,NaN,low,true,false,false,smoke+flash2+fire,2400,high
T,2400,4500,none,RIFLE,rifle,4450,4500,4200,4400,4400,above_p75,AK-47,NaN,low,true,false,false,smoke+flash2+fire,2450,high
T,2400,4550,none,RIFLE,rifle,4550,4550,4200,4400,4400,above_p75,AK-47,NaN,low,true,false,false,smoke+flash1+HE+fire,2400,high
T,2400,4600,none,RIFLE,rifle,4550,4600,4300,4400,4600,within,AK-47,NaN,low,true,false,false,smoke+flash1+HE+fire,2450,high
T,2400,4650,none,RIFLE,rifle,4650,4650,4400,4400,4600,above_p75,AK-47,NaN,low,true,true,false,smoke,2400,high
T,2400,4700,none,RIFLE,rifle,4650,4700,4400,4600,4600,above_p75,AK-47,NaN,low,true,true,false,smoke,2450,high
T,2400,4750,none,RIFLE,rifle,4650,4750,4400,4600,4600,above_p75,AK-47,NaN,low,true,true,false,smoke,2500,high
T,2400,4800,none,RIFLE,rifle,4650,4800,4600,4700,4800,within,AK-47,NaN,low,true,true,false,smoke,2550,high
T,2400,4850,none,RIFLE,rifle,4850,4850,4600,4700,4800,above_p75,AK-47,NaN,low,true,true,false,smoke+flash1,2400,high
T,2400,4900,none,RIFLE,rifle,4850,4900,4700,4800,4800,above_p75,AK-47,NaN,low,true,true,false,smoke+flash1,2450,high
T,2400,4950,none,RIFLE,rifle,4850,4950,4700,4800,4800,above_p75,AK-47,NaN,low,true,true,false,smoke+flash1,2500,high
T,2400,5000,none,RIFLE,rifle,4850,5000,4700,4800,4900,within,AK-47,NaN,low,true,true,false,smoke+flash1,2550,high
T,2400,5050,none,RIFLE,rifle,5050,5050,4800,4800,4900,above_p75,AK-47,NaN,low,true,true,false,smoke+flash2,2400,high
T,2400,5100,none,RIFLE,rifle,5050,5100,4800,4800,4900,above_p75,AK-47,NaN,low,true,true,false,smoke+flash2,2450,high
T,2400,5150,none,RIFLE,rifle,5150,5150,4800,4800,4900,above_p75,AK-47,NaN,low,true,true,false,smoke+flash1+HE,2400,high
T,2400,5200,none,RIFLE,rifle,5150,5200,4800,4800,4900,above_p75,AK-47,NaN,low,true,true,false,smoke+flash1+HE,2450,high
T,2400,5250,none,RIFLE,rifle,5250,5250,4800,4800,4900,above_p75,AK-47,NaN,low,true,true,false,smoke+flash1+fire,2400,high
T,2400,5300,none,RIFLE,rifle,5250,5300,4800,4800,4900,above_p75,AK-47,NaN,low,true,true,false,smoke+flash1+fire,2450,high
T,2400,5350,none,RIFLE,rifle,5250,5350,4800,4800,4900,above_p75,AK-47,NaN,low,true,true,false,smoke+flash1+fire,2500,high
T,2400,5400,none,RIFLE,rifle,5250,5400,4800,4800,4900,above_p75,AK-47,NaN,low,true,true,false,smoke+flash1+fire,2550,high
T,2400,5450,none,RIFLE,rifle,5450,5450,4800,4800,4900,above_p75,AK-47,NaN,low,true,true,false,smoke+flash2+fire,2400,high
T,2400,5500,none,RIFLE,rifle,5450,5500,4800,4800,4900,above_p75,AK-47,NaN,low,true,true,false,smoke+flash2+fire,2450,high
T,2400,5550,none,RIFLE,rifle,5550,5550,4800,4800,4900,above_p75,AK-47,NaN,low,true,true,false,smoke+flash1+HE+fire,2400,high
T,2400,5600,none,RIFLE,rifle,5550,5600,4800,4800,4900,above_p75,AK-47,NaN,low,true,true,false,smoke+flash1+HE+fire,2450,high
T,2400,5650,none,RIFLE,rifle,5550,5650,4800,4800,4900,above_p75,AK-47,NaN,low,true,true,false,smoke+flash1+HE+fire,2500,high
T,2400,5700,none,RIFLE,rifle,5550,5700,4800,4800,4900,above_p75,AK-47,NaN,low,true,true,false,smoke+flash1+HE+fire,2550,high
T,2400,5750,none,RIFLE,rifle,5550,5750,4800,4800,4900,above_p75,AK-47,NaN,low,true,true,false,smoke+flash1+HE+fire,2600,high
T,2400,5800,none,RIFLE,rifle,5550,5800,4800,4800,4900,above_p75,AK-47,NaN,low,true,true,false,smoke+flash1+HE+fire,2650,high
T,2400,5850,none,RIFLE,rifle,5550,5850,4800,4800,4900,above_p75,AK-47,NaN,low,true,true,false,smoke+flash1+HE+fire,2700,high
T,2400,5900,none,RIFLE,rifle,5550,5900,4800,4800,4900,above_p75,AK-47,NaN,low,true,true,false,smoke+flash1+HE+fire,2750,high
T,2400,5950,none,RIFLE,rifle,5550,5950,4800,4800,4900,above_p75,AK-47,NaN,low,true,true,false,smoke+flash1+HE+fire,2800,high
T,2400,6000,none,RIFLE,rifle,5550,6000,4800,4800,4900,above_p75,AK-47,NaN,low,true,true,false,smoke+flash1+HE+fire,2850,high
T,2400,1000,AK-47,RIFLE,keep_current,650,650,0,400,600,above_p75,keep_current,0.000,n/a,true,false,false,-,2750,high
T,2400,1050,AK-47,RIFLE,keep_current,650,650,0,400,600,above_p75,keep_current,0.000,n/a,true,false,false,-,2800,high
T,2400,1100,AK-47,RIFLE,keep_current,650,650,0,400,400,above_p75,keep_current,0.000,n/a,true,false,false,-,2850,high
T,2400,1150,AK-47,RIFLE,keep_current,650,650,0,300,400,above_p75,keep_current,0.000,n/a,true,false,false,-,2900,high
T,2400,1200,AK-47,RIFLE,keep_current,650,650,0,300,400,above_p75,keep_current,0.000,n/a,true,false,false,-,2950,high
T,2400,1250,AK-47,RIFLE,keep_current,650,650,0,0,400,above_p75,keep_current,0.000,n/a,true,false,false,-,3000,high
T,2400,1300,AK-47,RIFLE,keep_current,650,650,0,0,400,above_p75,keep_current,0.000,n/a,true,false,false,-,3050,high
T,2400,1350,AK-47,RIFLE,keep_current,650,650,0,0,400,above_p75,keep_current,0.000,n/a,true,false,false,-,3100,high
T,2400,1400,AK-47,RIFLE,keep_current,650,650,0,0,400,above_p75,keep_current,0.000,n/a,true,false,false,-,3150,high
T,2400,1450,AK-47,RIFLE,keep_current,650,650,0,0,400,above_p75,keep_current,0.000,n/a,true,false,false,-,3200,high
T,2400,1500,AK-47,RIFLE,keep_current,650,650,0,0,400,above_p75,keep_current,0.000,n/a,true,false,false,-,3250,high
T,2400,1550,AK-47,RIFLE,keep_current,650,650,0,0,400,above_p75,keep_current,0.000,n/a,true,false,false,-,3300,high
T,2400,1600,AK-47,RIFLE,keep_current,650,650,0,0,0,above_p75,keep_current,0.000,n/a,true,false,false,-,3350,high
T,2400,1650,AK-47,RIFLE,keep_current,650,650,0,0,0,above_p75,keep_current,0.000,n/a,true,false,false,-,3400,high
T,2400,1700,AK-47,RIFLE,keep_current,650,650,0,0,0,above_p75,keep_current,0.000,n/a,true,false,false,-,3450,high
T,2400,1750,AK-47,RIFLE,keep_current,650,650,0,0,0,above_p75,keep_current,0.000,n/a,true,false,false,-,3500,high
T,2400,1800,AK-47,RIFLE,keep_current,650,650,0,0,0,above_p75,keep_current,0.000,n/a,true,false,false,-,3550,high
T,2400,1850,AK-47,RIFLE,keep_current,650,650,0,0,0,above_p75,keep_current,0.000,n/a,true,false,false,-,3600,high
T,2400,1900,AK-47,RIFLE,keep_current,650,650,0,0,0,above_p75,keep_current,0.000,n/a,true,false,false,-,3650,high
T,2400,1950,AK-47,RIFLE,keep_current,650,650,0,0,0,above_p75,keep_current,0.000,n/a,true,false,false,-,3700,high
T,2400,2000,AK-47,RIFLE,keep_current,650,650,0,0,0,above_p75,keep_current,0.000,n/a,true,false,false,-,3750,high
T,2400,2050,AK-47,RIFLE,keep_current,650,650,0,0,0,above_p75,keep_current,0.000,n/a,true,false,false,-,3800,high
T,2400,2100,AK-47,RIFLE,keep_current,650,650,0,0,0,above_p75,keep_current,0.000,n/a,true,false,false,-,3850,high
T,2400,2150,AK-47,RIFLE,keep_current,650,700,0,0,0,above_p75,keep_current,0.000,n/a,true,false,false,-,3900,high
T,2400,2200,AK-47,RIFLE,keep_current,650,750,0,0,0,above_p75,keep_current,0.000,n/a,true,false,false,-,3950,high
T,2400,2250,AK-47,RIFLE,keep_current,650,800,0,0,0,above_p75,keep_current,0.000,n/a,true,false,false,-,4000,high
T,2400,2300,AK-47,RIFLE,keep_current,850,850,0,0,0,above_p75,keep_current,0.000,n/a,true,false,false,flash1,3850,high
T,2400,2350,AK-47,RIFLE,keep_current,850,900,0,0,0,above_p75,keep_current,0.000,n/a,true,false,false,flash1,3900,high
T,2400,2400,AK-47,RIFLE,keep_current,950,950,0,0,0,above_p75,keep_current,0.000,n/a,true,false,false,smoke,3850,high
T,2400,2450,AK-47,RIFLE,keep_current,950,1000,0,0,0,above_p75,keep_current,0.000,n/a,true,false,false,smoke,3900,high
T,2400,2500,AK-47,RIFLE,keep_current,950,1050,0,0,0,above_p75,keep_current,0.000,n/a,true,false,false,smoke,3950,high
T,2400,2550,AK-47,RIFLE,keep_current,950,1100,0,0,0,above_p75,keep_current,0.000,n/a,true,false,false,smoke,4000,high
T,2400,2600,AK-47,RIFLE,keep_current,1150,1150,0,0,0,above_p75,keep_current,0.000,n/a,true,false,false,smoke+flash1,3850,high
T,2400,2650,AK-47,RIFLE,keep_current,1150,1200,0,0,0,above_p75,keep_current,0.000,n/a,true,false,false,smoke+flash1,3900,high
T,2400,2700,AK-47,RIFLE,keep_current,1150,1250,0,0,0,above_p75,keep_current,0.000,n/a,true,false,false,smoke+flash1,3950,high
T,2400,2750,AK-47,RIFLE,keep_current,1150,1300,0,0,0,above_p75,keep_current,0.000,n/a,true,false,false,smoke+flash1,4000,high
T,2400,2800,AK-47,RIFLE,keep_current,1150,1350,0,0,0,above_p75,keep_current,0.000,n/a,true,false,false,smoke+flash1,4050,high
T,2400,2850,AK-47,RIFLE,keep_current,1150,1400,0,0,0,above_p75,keep_current,0.000,n/a,true,false,false,smoke+flash1,4100,high
T,2400,2900,AK-47,RIFLE,keep_current,1450,1450,0,0,0,above_p75,keep_current,0.000,n/a,true,false,false,smoke+flash1+HE,3850,high
T,2400,2950,AK-47,RIFLE,keep_current,1450,1500,0,0,0,above_p75,keep_current,0.000,n/a,true,false,false,smoke+flash1+HE,3900,high
T,2400,1000,M4A1-S,RIFLE,keep_current,650,650,0,400,600,above_p75,keep_current,0.000,n/a,true,false,false,-,2750,high
T,2400,1050,M4A1-S,RIFLE,keep_current,650,650,0,400,600,above_p75,keep_current,0.000,n/a,true,false,false,-,2800,high
T,2400,1100,M4A1-S,RIFLE,keep_current,650,650,0,400,400,above_p75,keep_current,0.000,n/a,true,false,false,-,2850,high
T,2400,1150,M4A1-S,RIFLE,keep_current,650,650,0,300,400,above_p75,keep_current,0.000,n/a,true,false,false,-,2900,high
T,2400,1200,M4A1-S,RIFLE,keep_current,650,650,0,300,400,above_p75,keep_current,0.000,n/a,true,false,false,-,2950,high
T,2400,1250,M4A1-S,RIFLE,keep_current,650,650,0,0,400,above_p75,keep_current,0.000,n/a,true,false,false,-,3000,high
T,2400,1300,M4A1-S,RIFLE,keep_current,650,650,0,0,400,above_p75,keep_current,0.000,n/a,true,false,false,-,3050,high
T,2400,1350,M4A1-S,RIFLE,keep_current,650,650,0,0,400,above_p75,keep_current,0.000,n/a,true,false,false,-,3100,high
T,2400,1400,M4A1-S,RIFLE,keep_current,650,650,0,0,400,above_p75,keep_current,0.000,n/a,true,false,false,-,3150,high
T,2400,1450,M4A1-S,RIFLE,keep_current,650,650,0,0,400,above_p75,keep_current,0.000,n/a,true,false,false,-,3200,high
T,2400,1500,M4A1-S,RIFLE,keep_current,650,650,0,0,400,above_p75,keep_current,0.000,n/a,true,false,false,-,3250,high
T,2400,1550,M4A1-S,RIFLE,keep_current,650,650,0,0,400,above_p75,keep_current,0.000,n/a,true,false,false,-,3300,high
T,2400,1600,M4A1-S,RIFLE,keep_current,650,650,0,0,0,above_p75,keep_current,0.000,n/a,true,false,false,-,3350,high
T,2400,1650,M4A1-S,RIFLE,keep_current,650,650,0,0,0,above_p75,keep_current,0.000,n/a,true,false,false,-,3400,high
T,2400,1700,M4A1-S,RIFLE,keep_current,650,650,0,0,0,above_p75,keep_current,0.000,n/a,true,false,false,-,3450,high
T,2400,1750,M4A1-S,RIFLE,keep_current,650,650,0,0,0,above_p75,keep_current,0.000,n/a,true,false,false,-,3500,high
T,2400,1800,M4A1-S,RIFLE,keep_current,650,650,0,0,0,above_p75,keep_current,0.000,n/a,true,false,false,-,3550,high
T,2400,1850,M4A1-S,RIFLE,keep_current,650,650,0,0,0,above_p75,keep_current,0.000,n/a,true,false,false,-,3600,high
T,2400,1900,M4A1-S,RIFLE,keep_current,650,650,0,0,0,above_p75,keep_current,0.000,n/a,true,false,false,-,3650,high
T,2400,1950,M4A1-S,RIFLE,keep_current,650,650,0,0,0,above_p75,keep_current,0.000,n/a,true,false,false,-,3700,high
T,2400,2000,M4A1-S,RIFLE,keep_current,650,650,0,0,0,above_p75,keep_current,0.000,n/a,true,false,false,-,3750,high
T,2400,2050,M4A1-S,RIFLE,keep_current,650,650,0,0,0,above_p75,keep_current,0.000,n/a,true,false,false,-,3800,high
T,2400,2100,M4A1-S,RIFLE,keep_current,650,650,0,0,0,above_p75,keep_current,0.000,n/a,true,false,false,-,3850,high
T,2400,2150,M4A1-S,RIFLE,keep_current,650,700,0,0,0,above_p75,keep_current,0.000,n/a,true,false,false,-,3900,high
T,2400,2200,M4A1-S,RIFLE,keep_current,650,750,0,0,0,above_p75,keep_current,0.000,n/a,true,false,false,-,3950,high
T,2400,2250,M4A1-S,RIFLE,keep_current,650,800,0,0,0,above_p75,keep_current,0.000,n/a,true,false,false,-,4000,high
T,2400,2300,M4A1-S,RIFLE,keep_current,850,850,0,0,0,above_p75,keep_current,0.000,n/a,true,false,false,flash1,3850,high
T,2400,2350,M4A1-S,RIFLE,keep_current,850,900,0,0,0,above_p75,keep_current,0.000,n/a,true,false,false,flash1,3900,high
T,2400,2400,M4A1-S,RIFLE,keep_current,950,950,0,0,0,above_p75,keep_current,0.000,n/a,true,false,false,smoke,3850,high
T,2400,2450,M4A1-S,RIFLE,keep_current,950,1000,0,0,0,above_p75,keep_current,0.000,n/a,true,false,false,smoke,3900,high
T,2400,2500,M4A1-S,RIFLE,keep_current,950,1050,0,0,0,above_p75,keep_current,0.000,n/a,true,false,false,smoke,3950,high
T,2400,2550,M4A1-S,RIFLE,keep_current,950,1100,0,0,0,above_p75,keep_current,0.000,n/a,true,false,false,smoke,4000,high
T,2400,2600,M4A1-S,RIFLE,keep_current,1150,1150,0,0,0,above_p75,keep_current,0.000,n/a,true,false,false,smoke+flash1,3850,high
T,2400,2650,M4A1-S,RIFLE,keep_current,1150,1200,0,0,0,above_p75,keep_current,0.000,n/a,true,false,false,smoke+flash1,3900,high
T,2400,2700,M4A1-S,RIFLE,keep_current,1150,1250,0,0,0,above_p75,keep_current,0.000,n/a,true,false,false,smoke+flash1,3950,high
T,2400,2750,M4A1-S,RIFLE,keep_current,1150,1300,0,0,0,above_p75,keep_current,0.000,n/a,true,false,false,smoke+flash1,4000,high
T,2400,2800,M4A1-S,RIFLE,keep_current,1150,1350,0,0,0,above_p75,keep_current,0.000,n/a,true,false,false,smoke+flash1,4050,high
T,2400,2850,M4A1-S,RIFLE,keep_current,1150,1400,0,0,0,above_p75,keep_current,0.000,n/a,true,false,false,smoke+flash1,4100,high
T,2400,2900,M4A1-S,RIFLE,keep_current,1450,1450,0,0,0,above_p75,keep_current,0.000,n/a,true,false,false,smoke+flash1+HE,3850,high
T,2400,2950,M4A1-S,RIFLE,keep_current,1450,1500,0,0,0,above_p75,keep_current,0.000,n/a,true,false,false,smoke+flash1+HE,3900,high
T,2400,1000,M4A4,RIFLE,keep_current,650,650,0,400,600,above_p75,keep_current,0.000,n/a,true,false,false,-,2750,high
T,2400,1050,M4A4,RIFLE,keep_current,650,650,0,400,600,above_p75,keep_current,0.000,n/a,true,false,false,-,2800,high
T,2400,1100,M4A4,RIFLE,keep_current,650,650,0,400,400,above_p75,keep_current,0.000,n/a,true,false,false,-,2850,high
T,2400,1150,M4A4,RIFLE,keep_current,650,650,0,300,400,above_p75,keep_current,0.000,n/a,true,false,false,-,2900,high
T,2400,1200,M4A4,RIFLE,keep_current,650,650,0,300,400,above_p75,keep_current,0.000,n/a,true,false,false,-,2950,high
T,2400,1250,M4A4,RIFLE,keep_current,650,650,0,0,400,above_p75,keep_current,0.000,n/a,true,false,false,-,3000,high
T,2400,1300,M4A4,RIFLE,keep_current,650,650,0,0,400,above_p75,keep_current,0.000,n/a,true,false,false,-,3050,high
T,2400,1350,M4A4,RIFLE,keep_current,650,650,0,0,400,above_p75,keep_current,0.000,n/a,true,false,false,-,3100,high
T,2400,1400,M4A4,RIFLE,keep_current,650,650,0,0,400,above_p75,keep_current,0.000,n/a,true,false,false,-,3150,high
T,2400,1450,M4A4,RIFLE,keep_current,650,650,0,0,400,above_p75,keep_current,0.000,n/a,true,false,false,-,3200,high
T,2400,1500,M4A4,RIFLE,keep_current,650,650,0,0,400,above_p75,keep_current,0.000,n/a,true,false,false,-,3250,high
T,2400,1550,M4A4,RIFLE,keep_current,650,650,0,0,400,above_p75,keep_current,0.000,n/a,true,false,false,-,3300,high
T,2400,1600,M4A4,RIFLE,keep_current,650,650,0,0,0,above_p75,keep_current,0.000,n/a,true,false,false,-,3350,high
T,2400,1650,M4A4,RIFLE,keep_current,650,650,0,0,0,above_p75,keep_current,0.000,n/a,true,false,false,-,3400,high
T,2400,1700,M4A4,RIFLE,keep_current,650,650,0,0,0,above_p75,keep_current,0.000,n/a,true,false,false,-,3450,high
T,2400,1750,M4A4,RIFLE,keep_current,650,650,0,0,0,above_p75,keep_current,0.000,n/a,true,false,false,-,3500,high
T,2400,1800,M4A4,RIFLE,keep_current,650,650,0,0,0,above_p75,keep_current,0.000,n/a,true,false,false,-,3550,high
T,2400,1850,M4A4,RIFLE,keep_current,650,650,0,0,0,above_p75,keep_current,0.000,n/a,true,false,false,-,3600,high
T,2400,1900,M4A4,RIFLE,keep_current,650,650,0,0,0,above_p75,keep_current,0.000,n/a,true,false,false,-,3650,high
T,2400,1950,M4A4,RIFLE,keep_current,650,650,0,0,0,above_p75,keep_current,0.000,n/a,true,false,false,-,3700,high
T,2400,2000,M4A4,RIFLE,keep_current,650,650,0,0,0,above_p75,keep_current,0.000,n/a,true,false,false,-,3750,high
T,2400,2050,M4A4,RIFLE,keep_current,650,650,0,0,0,above_p75,keep_current,0.000,n/a,true,false,false,-,3800,high
T,2400,2100,M4A4,RIFLE,keep_current,650,650,0,0,0,above_p75,keep_current,0.000,n/a,true,false,false,-,3850,high
T,2400,2150,M4A4,RIFLE,keep_current,650,700,0,0,0,above_p75,keep_current,0.000,n/a,true,false,false,-,3900,high
T,2400,2200,M4A4,RIFLE,keep_current,650,750,0,0,0,above_p75,keep_current,0.000,n/a,true,false,false,-,3950,high
T,2400,2250,M4A4,RIFLE,keep_current,650,800,0,0,0,above_p75,keep_current,0.000,n/a,true,false,false,-,4000,high
T,2400,2300,M4A4,RIFLE,keep_current,850,850,0,0,0,above_p75,keep_current,0.000,n/a,true,false,false,flash1,3850,high
T,2400,2350,M4A4,RIFLE,keep_current,850,900,0,0,0,above_p75,keep_current,0.000,n/a,true,false,false,flash1,3900,high
T,2400,2400,M4A4,RIFLE,keep_current,950,950,0,0,0,above_p75,keep_current,0.000,n/a,true,false,false,smoke,3850,high
T,2400,2450,M4A4,RIFLE,keep_current,950,1000,0,0,0,above_p75,keep_current,0.000,n/a,true,false,false,smoke,3900,high
T,2400,2500,M4A4,RIFLE,keep_current,950,1050,0,0,0,above_p75,keep_current,0.000,n/a,true,false,false,smoke,3950,high
T,2400,2550,M4A4,RIFLE,keep_current,950,1100,0,0,0,above_p75,keep_current,0.000,n/a,true,false,false,smoke,4000,high
T,2400,2600,M4A4,RIFLE,keep_current,1150,1150,0,0,0,above_p75,keep_current,0.000,n/a,true,false,false,smoke+flash1,3850,high
T,2400,2650,M4A4,RIFLE,keep_current,1150,1200,0,0,0,above_p75,keep_current,0.000,n/a,true,false,false,smoke+flash1,3900,high
T,2400,2700,M4A4,RIFLE,keep_current,1150,1250,0,0,0,above_p75,keep_current,0.000,n/a,true,false,false,smoke+flash1,3950,high
T,2400,2750,M4A4,RIFLE,keep_current,1150,1300,0,0,0,above_p75,keep_current,0.000,n/a,true,false,false,smoke+flash1,4000,high
T,2400,2800,M4A4,RIFLE,keep_current,1150,1350,0,0,0,above_p75,keep_current,0.000,n/a,true,false,false,smoke+flash1,4050,high
T,2400,2850,M4A4,RIFLE,keep_current,1150,1400,0,0,0,above_p75,keep_current,0.000,n/a,true,false,false,smoke+flash1,4100,high
T,2400,2900,M4A4,RIFLE,keep_current,1450,1450,0,0,0,above_p75,keep_current,0.000,n/a,true,false,false,smoke+flash1+HE,3850,high
T,2400,2950,M4A4,RIFLE,keep_current,1450,1500,0,0,0,above_p75,keep_current,0.000,n/a,true,false,false,smoke+flash1+HE,3900,high
T,2900,1900,none,LIGHT,paid_pistol,950,950,300,700,700,above_p75,P250,0.000,absent,true,false,false,-,3850,medium
T,2900,1950,none,LIGHT,paid_pistol,950,1000,300,700,700,above_p75,P250,0.000,absent,true,false,false,-,3900,medium
T,2900,2000,none,LIGHT,paid_pistol,950,1050,300,700,700,above_p75,P250,0.000,absent,true,false,false,-,3950,medium
T,2900,2050,none,LIGHT,paid_pistol,950,1100,300,700,700,above_p75,P250,0.000,absent,true,false,false,-,4000,medium
T,2900,2100,none,LIGHT,paid_pistol,1150,1150,300,700,700,above_p75,Tec-9,0.000,absent,true,false,false,-,3850,medium
T,2900,2150,none,LIGHT,paid_pistol,1150,1200,300,700,700,above_p75,Tec-9,0.000,absent,true,false,false,-,3900,medium
T,2900,2200,none,LIGHT,paid_pistol,1150,1250,300,700,700,above_p75,Tec-9,0.000,absent,true,false,false,-,3950,medium
T,2900,2250,none,LIGHT,paid_pistol,1150,1300,300,700,700,above_p75,Tec-9,0.000,absent,true,false,false,-,4000,medium
T,2900,2300,none,LIGHT,paid_pistol,1350,1350,300,700,700,above_p75,Tec-9,0.000,absent,true,false,false,flash1,3850,medium
T,2900,2350,none,LIGHT,paid_pistol,1350,1400,300,700,700,above_p75,Tec-9,0.000,absent,true,false,false,flash1,3900,medium
T,2900,2400,none,LIGHT,paid_pistol,1450,1450,300,700,700,above_p75,Tec-9,0.000,absent,true,false,false,smoke,3850,medium
T,2900,2450,none,LIGHT,paid_pistol,1450,1500,300,700,700,above_p75,Tec-9,0.000,absent,true,false,false,smoke,3900,medium
T,2900,2500,none,LIGHT,paid_pistol,1450,1550,300,700,700,above_p75,Tec-9,0.000,absent,true,false,false,smoke,3950,medium
T,2900,2550,none,LIGHT,paid_pistol,1450,1600,500,700,700,above_p75,Tec-9,0.000,absent,true,false,false,smoke,4000,medium
T,2900,2600,none,LIGHT,paid_pistol,1650,1650,700,700,1000,above_p75,Tec-9,0.000,absent,true,false,false,smoke+flash1,3850,medium
T,2900,2650,none,SMG,smg,1700,1700,300,700,1000,above_p75,MAC-10,NaN,low,true,false,false,-,3850,medium
T,2900,2700,none,SMG,smg,1700,1750,0,700,800,above_p75,MAC-10,NaN,low,true,false,false,-,3900,medium
T,2900,2750,none,SMG,smg,1700,1800,0,700,950,above_p75,MAC-10,NaN,low,true,false,false,-,3950,medium
T,2900,2800,none,SMG,smg,1700,1850,0,700,1200,above_p75,MAC-10,NaN,low,true,false,false,-,4000,medium
T,2900,2850,none,SMG,smg,1900,1900,500,700,1500,above_p75,MAC-10,NaN,low,true,false,false,flash1,3850,medium
T,2900,2900,none,SMG,smg,1900,1950,700,1000,1650,above_p75,MAC-10,NaN,low,true,false,false,flash1,3900,medium
T,2900,2950,none,SMG,smg,2000,2000,700,1350,1850,above_p75,MAC-10,NaN,low,true,false,false,smoke,3850,medium
T,2900,3000,none,SMG,smg,2000,2050,800,1450,2050,within,MAC-10,NaN,low,true,false,false,smoke,3900,medium
T,2900,3050,none,SMG,smg,2000,2100,800,1450,1950,above_p75,MAC-10,NaN,low,true,false,false,smoke,3950,medium
T,2900,3100,none,SMG,smg,2000,2150,900,1550,2100,within,MAC-10,NaN,low,true,false,false,smoke,4000,medium
T,2900,3150,none,SMG,smg,2200,2200,900,1550,2600,within,MAC-10,NaN,low,true,false,false,smoke+flash1,3850,medium
T,2900,3200,none,SMG,smg,2200,2250,900,1550,2600,within,MAC-10,NaN,low,true,false,false,smoke+flash1,3900,medium
T,2900,3250,none,SMG,smg,2200,2300,900,1550,2250,within,MAC-10,NaN,low,true,false,false,smoke+flash1,3950,medium
T,2900,3300,none,SMG,smg,2200,2350,1150,1700,3100,within,MAC-10,NaN,low,true,false,false,smoke+flash1,4000,medium
T,2900,3350,none,SMG,smg,2200,2400,1150,1800,3150,within,MAC-10,NaN,low,true,false,false,smoke+flash1,4050,medium
T,2900,3400,none,RIFLE,budget_rifle,2450,2450,1200,1850,3150,within,Galil AR,NaN,low,true,false,false,-,3850,medium
T,2900,3450,none,RIFLE,budget_rifle,2450,2500,1400,1850,3150,within,Galil AR,NaN,low,true,false,false,-,3900,medium
T,2900,3500,none,RIFLE,budget_rifle,2450,2550,1450,1850,3150,within,Galil AR,NaN,low,true,false,false,-,3950,medium
T,2900,3550,none,RIFLE,budget_rifle,2450,2600,1500,1950,3150,within,Galil AR,NaN,low,true,false,false,-,4000,medium
T,2900,3600,none,RIFLE,budget_rifle,2650,2650,1650,2000,3250,within,Galil AR,NaN,low,true,false,false,flash1,3850,medium
T,2900,3650,none,RIFLE,budget_rifle,2650,2700,1650,2000,3250,within,Galil AR,NaN,low,true,false,false,flash1,3900,medium
T,2900,3700,none,RIFLE,budget_rifle,2750,2750,1800,2200,3500,within,Galil AR,NaN,low,true,false,false,smoke,3850,medium
T,2900,3750,none,RIFLE,budget_rifle,2750,2800,1800,2200,3500,within,Galil AR,NaN,low,true,false,false,smoke,3900,medium
T,2900,3800,none,RIFLE,budget_rifle,2750,2850,1850,2450,3700,within,Galil AR,NaN,low,true,false,false,smoke,3950,medium
T,2900,3850,none,RIFLE,budget_rifle,2750,2900,1850,2500,3700,within,Galil AR,NaN,low,true,false,false,smoke,4000,medium
T,2900,3900,none,RIFLE,budget_rifle,2950,2950,2050,3700,3900,within,Galil AR,NaN,low,true,false,false,smoke+flash1,3850,medium
T,2900,3950,none,RIFLE,budget_rifle,2950,3000,2200,3700,3900,within,Galil AR,NaN,low,true,false,false,smoke+flash1,3900,medium
T,2900,4000,none,RIFLE,rifle,3850,4000,3800,3900,4000,within,AK-47,NaN,low,true,false,false,smoke+flash1,3050,medium
T,2900,4050,none,RIFLE,rifle,4050,4050,3900,4000,4000,above_p75,AK-47,NaN,low,true,false,false,smoke+flash2,2900,medium
T,2900,4100,none,RIFLE,rifle,4050,4100,3900,4000,4000,above_p75,AK-47,NaN,low,true,false,false,smoke+flash2,2950,medium
T,2900,4150,none,RIFLE,rifle,4150,4150,3900,4000,4000,above_p75,AK-47,NaN,low,true,false,false,smoke+flash1+HE,2900,medium
T,2900,4200,none,RIFLE,rifle,4150,4200,4000,4200,4200,within,AK-47,NaN,low,true,false,false,smoke+flash1+HE,2950,medium
T,2900,4250,none,RIFLE,rifle,4250,4250,4000,4200,4200,above_p75,AK-47,NaN,low,true,false,false,smoke+flash1+fire,2900,high
T,2900,4300,none,RIFLE,rifle,4250,4300,4200,4200,4200,above_p75,AK-47,NaN,low,true,false,false,smoke+flash1+fire,2950,high
T,2900,4350,none,RIFLE,rifle,4250,4350,4050,4200,4200,above_p75,AK-47,NaN,low,true,false,false,smoke+flash1+fire,3000,high
T,2900,4400,none,RIFLE,rifle,4250,4400,4400,4400,4400,below_p25,AK-47,NaN,low,true,false,false,smoke+flash1+fire,3050,high
T,2900,4450,none,RIFLE,rifle,4450,4450,4400,4400,4400,above_p75,AK-47,NaN,low,true,false,false,smoke+flash2+fire,2900,high
T,2900,4500,none,RIFLE,rifle,4450,4500,4400,4400,4400,above_p75,AK-47,NaN,low,true,false,false,smoke+flash2+fire,2950,high
T,2900,4550,none,RIFLE,rifle,4550,4550,4400,4400,4400,above_p75,AK-47,NaN,low,true,false,false,smoke+flash1+HE+fire,2900,high
T,2900,4600,none,RIFLE,rifle,4550,4600,4400,4600,4600,within,AK-47,NaN,low,true,false,false,smoke+flash1+HE+fire,2950,high
T,2900,4650,none,RIFLE,rifle,4650,4650,4600,4600,4600,above_p75,AK-47,NaN,low,true,true,false,smoke,2900,high
T,2900,4700,none,RIFLE,rifle,4650,4700,4600,4600,4700,within,AK-47,NaN,low,true,true,false,smoke,2950,high
T,2900,4750,none,RIFLE,rifle,4650,4750,4600,4600,4700,within,AK-47,NaN,low,true,true,false,smoke,3000,high
T,2900,4800,none,RIFLE,rifle,4650,4800,4600,4700,4800,within,AK-47,NaN,low,true,true,false,smoke,3050,high
T,2900,4850,none,RIFLE,rifle,4850,4850,4600,4800,4800,above_p75,AK-47,NaN,low,true,true,false,smoke+flash1,2900,high
T,2900,4900,none,RIFLE,rifle,4850,4900,4800,4800,4900,within,AK-47,NaN,low,true,true,false,smoke+flash1,2950,high
T,2900,4950,none,RIFLE,rifle,4850,4950,4800,4800,4900,within,AK-47,NaN,low,true,true,false,smoke+flash1,3000,high
T,2900,5000,none,RIFLE,rifle,4850,5000,4800,4800,4900,within,AK-47,NaN,low,true,true,false,smoke+flash1,3050,high
T,2900,5050,none,RIFLE,rifle,5050,5050,4800,4800,4900,above_p75,AK-47,NaN,low,true,true,false,smoke+flash2,2900,high
T,2900,5100,none,RIFLE,rifle,5050,5100,4800,4800,4900,above_p75,AK-47,NaN,low,true,true,false,smoke+flash2,2950,high
T,2900,5150,none,RIFLE,rifle,5150,5150,4800,4800,4900,above_p75,AK-47,NaN,low,true,true,false,smoke+flash1+HE,2900,high
T,2900,5200,none,RIFLE,rifle,5150,5200,4800,4800,4900,above_p75,AK-47,NaN,low,true,true,false,smoke+flash1+HE,2950,high
T,2900,5250,none,RIFLE,rifle,5250,5250,4800,4800,4900,above_p75,AK-47,NaN,low,true,true,false,smoke+flash1+fire,2900,high
T,2900,5300,none,RIFLE,rifle,5250,5300,4800,4800,4900,above_p75,AK-47,NaN,low,true,true,false,smoke+flash1+fire,2950,high
T,2900,5350,none,RIFLE,rifle,5250,5350,4800,4800,4900,above_p75,AK-47,NaN,low,true,true,false,smoke+flash1+fire,3000,high
T,2900,5400,none,RIFLE,rifle,5250,5400,4800,4800,4900,above_p75,AK-47,NaN,low,true,true,false,smoke+flash1+fire,3050,high
T,2900,5450,none,RIFLE,rifle,5450,5450,4800,4800,4900,above_p75,AK-47,NaN,low,true,true,false,smoke+flash2+fire,2900,high
T,2900,5500,none,RIFLE,rifle,5450,5500,4800,4800,4900,above_p75,AK-47,NaN,low,true,true,false,smoke+flash2+fire,2950,high
T,2900,5550,none,RIFLE,rifle,5550,5550,4800,4800,4900,above_p75,AK-47,NaN,low,true,true,false,smoke+flash1+HE+fire,2900,high
T,2900,5600,none,RIFLE,rifle,5550,5600,4800,4900,4900,above_p75,AK-47,NaN,low,true,true,false,smoke+flash1+HE+fire,2950,high
T,2900,5650,none,RIFLE,rifle,5550,5650,4800,4900,4900,above_p75,AK-47,NaN,low,true,true,false,smoke+flash1+HE+fire,3000,high
T,2900,5700,none,RIFLE,rifle,5550,5700,4800,4900,4900,above_p75,AK-47,NaN,low,true,true,false,smoke+flash1+HE+fire,3050,high
T,2900,5750,none,RIFLE,rifle,5550,5750,4800,4900,4900,above_p75,AK-47,NaN,low,true,true,false,smoke+flash1+HE+fire,3100,high
T,2900,5800,none,RIFLE,rifle,5550,5800,4800,4900,4900,above_p75,AK-47,NaN,low,true,true,false,smoke+flash1+HE+fire,3150,high
T,2900,5850,none,RIFLE,rifle,5550,5850,4800,4900,4900,above_p75,AK-47,NaN,low,true,true,false,smoke+flash1+HE+fire,3200,high
T,2900,5900,none,RIFLE,rifle,5550,5900,4800,4900,4900,above_p75,AK-47,NaN,low,true,true,false,smoke+flash1+HE+fire,3250,high
T,2900,5950,none,RIFLE,rifle,5550,5950,4800,4900,4900,above_p75,AK-47,NaN,low,true,true,false,smoke+flash1+HE+fire,3300,high
T,2900,6000,none,RIFLE,rifle,5550,6000,4800,4900,4900,above_p75,AK-47,NaN,low,true,true,false,smoke+flash1+HE+fire,3350,high
T,3400,1750,none,LIGHT,paid_pistol,1150,1300,900,1450,1500,within,Tec-9,0.000,absent,true,false,false,-,4000,medium
T,3400,1800,none,LIGHT,paid_pistol,1350,1350,950,1450,1650,within,Tec-9,0.000,absent,true,false,false,flash1,3850,medium
T,3400,1850,none,LIGHT,paid_pistol,1350,1400,1000,1450,1650,within,Tec-9,0.000,absent,true,false,false,flash1,3900,medium
T,3400,1900,none,LIGHT,paid_pistol,1450,1450,1000,1450,1650,within,Tec-9,0.000,absent,true,false,false,smoke,3850,medium
T,3400,1950,none,LIGHT,paid_pistol,1450,1500,1000,1450,1650,within,Tec-9,0.000,absent,true,false,false,smoke,3900,medium
T,3400,2000,none,LIGHT,paid_pistol,1450,1550,1000,1450,1650,within,Tec-9,0.000,absent,true,false,false,smoke,3950,medium
T,3400,2050,none,LIGHT,paid_pistol,1450,1600,1000,1450,1650,within,Tec-9,0.000,absent,true,false,false,smoke,4000,medium
T,3400,2100,none,LIGHT,paid_pistol,1650,1650,1100,1450,1650,within,Tec-9,0.000,absent,true,false,false,smoke+flash1,3850,medium
T,3400,2150,none,SMG,smg,1700,1700,1150,1450,1650,above_p75,MAC-10,NaN,low,true,false,false,-,3850,medium
T,3400,2200,none,SMG,smg,1700,1750,1150,1450,1650,above_p75,MAC-10,NaN,low,true,false,false,-,3900,medium
T,3400,2250,none,SMG,smg,1700,1800,1150,1450,1650,above_p75,MAC-10,NaN,low,true,false,false,-,3950,medium
T,3400,2300,none,SMG,smg,1700,1850,1200,1450,1650,above_p75,MAC-10,NaN,low,true,false,false,-,4000,medium
T,3400,2350,none,SMG,smg,1900,1900,1200,1450,1650,above_p75,MAC-10,NaN,low,true,false,false,flash1,3850,medium
T,3400,2400,none,SMG,smg,1900,1950,1250,1450,1650,above_p75,MAC-10,NaN,low,true,false,false,flash1,3900,medium
T,3400,2450,none,SMG,smg,2000,2000,1250,1450,1650,above_p75,MAC-10,NaN,low,true,false,false,smoke,3850,medium
T,3400,2500,none,SMG,smg,2000,2050,1250,1450,1650,above_p75,MAC-10,NaN,low,true,false,false,smoke,3900,medium
T,3400,2550,none,SMG,smg,2000,2100,1250,1450,1700,above_p75,MAC-10,NaN,low,true,false,false,smoke,3950,medium
T,3400,2600,none,SMG,smg,2000,2150,1350,1450,1800,above_p75,MAC-10,NaN,low,true,false,false,smoke,4000,medium
T,3400,2650,none,SMG,smg,2200,2200,1350,1450,1800,above_p75,MAC-10,NaN,low,true,false,false,smoke+flash1,3850,medium
T,3400,2700,none,SMG,smg,2200,2250,1350,1450,1800,above_p75,MAC-10,NaN,low,true,false,false,smoke+flash1,3900,medium
T,3400,2750,none,SMG,smg,2200,2300,1350,1450,1800,above_p75,MAC-10,NaN,low,true,false,false,smoke+flash1,3950,medium
T,3400,2800,none,SMG,smg,2200,2350,1400,1500,1850,above_p75,MAC-10,NaN,low,true,false,false,smoke+flash1,4000,medium
T,3400,2850,none,SMG,smg,2200,2400,1400,1500,1850,above_p75,MAC-10,0.000,absent,true,false,false,smoke+flash1,4050,medium
T,3400,2900,none,RIFLE,budget_rifle,2450,2450,1400,1550,1850,above_p75,Galil AR,NaN,low,true,false,false,-,3850,medium
T,3400,2950,none,RIFLE,budget_rifle,2450,2500,1400,1650,1800,above_p75,Galil AR,NaN,low,true,false,false,-,3900,medium
T,3400,3000,none,RIFLE,budget_rifle,2450,2550,1150,1450,1800,above_p75,Galil AR,NaN,low,true,false,false,-,3950,medium
T,3400,3050,none,RIFLE,budget_rifle,2450,2600,1200,1450,1850,above_p75,Galil AR,NaN,low,true,false,false,-,4000,medium
T,3400,3100,none,RIFLE,budget_rifle,2650,2650,1350,1650,1850,above_p75,Galil AR,NaN,low,true,false,false,flash1,3850,medium
T,3400,3150,none,RIFLE,budget_rifle,2650,2700,1400,1650,1850,above_p75,Galil AR,NaN,low,true,false,false,flash1,3900,medium
T,3400,3200,none,RIFLE,budget_rifle,2750,2750,1450,1650,2000,above_p75,Galil AR,NaN,low,true,false,false,smoke,3850,medium
T,3400,3250,none,RIFLE,budget_rifle,2750,2800,1450,1650,2000,above_p75,Galil AR,NaN,low,true,false,false,smoke,3900,medium
T,3400,3300,none,RIFLE,budget_rifle,2750,2850,1450,1850,2100,above_p75,Galil AR,NaN,low,true,false,false,smoke,3950,medium
T,3400,3350,none,RIFLE,budget_rifle,2750,2900,1500,1950,2300,above_p75,Galil AR,NaN,low,true,false,false,smoke,4000,medium
T,3400,3400,none,RIFLE,budget_rifle,2950,2950,1850,2100,3300,within,Galil AR,NaN,low,true,false,false,smoke+flash1,3850,medium
T,3400,3450,none,RIFLE,budget_rifle,2950,3000,1800,2050,3150,within,Galil AR,NaN,low,true,false,false,smoke+flash1,3900,medium
T,3400,3500,none,RIFLE,budget_rifle,2950,3050,1650,2000,3400,within,Galil AR,NaN,low,true,false,false,smoke+flash1,3950,medium
T,3400,3550,none,RIFLE,budget_rifle,2950,3100,1650,2000,2400,above_p75,Galil AR,NaN,low,true,false,false,smoke+flash1,4000,medium
T,3400,3600,none,RIFLE,budget_rifle,2950,3150,1650,2000,2400,above_p75,Galil AR,NaN,low,true,false,false,smoke+flash1,4050,medium
T,3400,3650,none,RIFLE,budget_rifle,2950,3200,1700,2050,3500,within,Galil AR,NaN,low,true,false,false,smoke+flash1,4100,medium
T,3400,3700,none,RIFLE,budget_rifle,3250,3250,1850,2400,3700,within,Galil AR,NaN,low,true,false,false,smoke+flash1+HE,3850,medium
T,3400,3750,none,RIFLE,budget_rifle,3250,3300,1850,2250,3700,within,Galil AR,NaN,low,true,false,false,smoke+flash1+HE,3900,medium
T,3400,3800,none,RIFLE,budget_rifle,3350,3350,2000,2250,3700,within,Galil AR,NaN,low,true,false,false,smoke+flash1+fire,3850,medium
T,3400,3850,none,RIFLE,budget_rifle,3350,3400,2000,2250,3700,within,Galil AR,NaN,low,true,false,false,smoke+flash1+fire,3900,medium
T,3400,3900,none,RIFLE,budget_rifle,3350,3450,2050,2400,3700,within,Galil AR,NaN,low,true,false,false,smoke+flash1+fire,3950,medium
T,3400,3950,none,RIFLE,budget_rifle,3350,3500,2100,2400,3700,within,Galil AR,NaN,low,true,false,false,smoke+flash1+fire,4000,medium
T,3400,4000,none,RIFLE,budget_rifle,3350,3550,2250,3900,4000,within,Galil AR,NaN,low,true,false,false,smoke+flash1+fire,4050,medium
T,3400,4050,none,RIFLE,budget_rifle,3350,3600,2500,4000,4000,within,Galil AR,NaN,low,true,false,false,smoke+flash1+fire,4100,medium
T,3400,4100,none,RIFLE,budget_rifle,3650,3650,2500,3900,4000,within,Galil AR,NaN,low,true,false,false,smoke+flash1+HE+fire,3850,medium
T,3400,4150,none,RIFLE,budget_rifle,3650,3700,2350,3900,4000,within,Galil AR,NaN,low,true,false,false,smoke+flash1+HE+fire,3900,medium
T,3400,4200,none,RIFLE,budget_rifle,3650,3750,2600,3900,4000,within,Galil AR,NaN,low,true,false,false,smoke+flash1+HE+fire,3950,medium
T,3400,4250,none,RIFLE,budget_rifle,3650,3800,2750,4000,4200,within,Galil AR,NaN,low,true,false,false,smoke+flash1+HE+fire,4000,medium
T,3400,4300,none,RIFLE,budget_rifle,3650,3850,3150,4050,4200,within,Galil AR,NaN,low,true,false,false,smoke+flash1+HE+fire,4050,medium
T,3400,4350,none,RIFLE,budget_rifle,3650,3900,3150,4000,4200,within,Galil AR,NaN,low,true,false,false,smoke+flash1+HE+fire,4100,medium
T,3400,4400,none,RIFLE,rifle,4250,4400,3900,4300,4400,within,AK-47,NaN,low,true,false,false,smoke+flash1+fire,3550,medium
T,3400,4450,none,RIFLE,rifle,4450,4450,4200,4400,4400,above_p75,AK-47,NaN,low,true,false,false,smoke+flash2+fire,3400,medium
T,3400,4500,none,RIFLE,rifle,4450,4500,4300,4400,4400,above_p75,AK-47,NaN,low,true,false,false,smoke+flash2+fire,3450,medium
T,3400,4550,none,RIFLE,rifle,4550,4550,4200,4400,4400,above_p75,AK-47,NaN,low,true,false,false,smoke+flash1+HE+fire,3400,medium
T,3400,4600,none,RIFLE,rifle,4550,4600,4500,4600,4600,within,AK-47,NaN,low,true,false,false,smoke+flash1+HE+fire,3450,medium
T,3400,4650,none,RIFLE,rifle,4650,4650,4600,4600,4600,above_p75,AK-47,NaN,low,true,true,false,smoke,3400,high
T,3400,4700,none,RIFLE,rifle,4650,4700,4600,4600,4600,above_p75,AK-47,NaN,low,true,true,false,smoke,3450,high
T,3400,4750,none,RIFLE,rifle,4650,4750,4600,4600,4700,within,AK-47,NaN,low,true,true,false,smoke,3500,high
T,3400,4800,none,RIFLE,rifle,4650,4800,4700,4800,4800,below_p25,AK-47,NaN,low,true,true,false,smoke,3550,high
T,3400,4850,none,RIFLE,rifle,4850,4850,4700,4800,4800,above_p75,AK-47,NaN,low,true,true,false,smoke+flash1,3400,high
T,3400,4900,none,RIFLE,rifle,4850,4900,4800,4800,4900,within,AK-47,NaN,low,true,true,false,smoke+flash1,3450,high
T,3400,4950,none,RIFLE,rifle,4850,4950,4800,4800,4900,within,AK-47,NaN,low,true,true,false,smoke+flash1,3500,high
T,3400,5000,none,RIFLE,rifle,4850,5000,4800,4800,4900,within,AK-47,NaN,low,true,true,false,smoke+flash1,3550,high
T,3400,5050,none,RIFLE,rifle,5050,5050,4800,4800,4900,above_p75,AK-47,NaN,low,true,true,false,smoke+flash2,3400,high
T,3400,5100,none,RIFLE,rifle,5050,5100,4800,4800,4900,above_p75,AK-47,NaN,low,true,true,false,smoke+flash2,3450,high
T,3400,5150,none,RIFLE,rifle,5150,5150,4800,4800,4900,above_p75,AK-47,NaN,low,true,true,false,smoke+flash1+HE,3400,high
T,3400,5200,none,RIFLE,rifle,5150,5200,4800,4900,4900,above_p75,AK-47,NaN,low,true,true,false,smoke+flash1+HE,3450,high
T,3400,5250,none,RIFLE,rifle,5250,5250,4800,4900,4900,above_p75,AK-47,NaN,low,true,true,false,smoke+flash1+fire,3400,high
T,3400,5300,none,RIFLE,rifle,5250,5300,4800,4900,4900,above_p75,AK-47,NaN,low,true,true,false,smoke+flash1+fire,3450,high
T,3400,5350,none,RIFLE,rifle,5250,5350,4800,4900,4900,above_p75,AK-47,NaN,low,true,true,false,smoke+flash1+fire,3500,high
T,3400,5400,none,RIFLE,rifle,5250,5400,4800,4900,4900,above_p75,AK-47,NaN,low,true,true,false,smoke+flash1+fire,3550,high
T,3400,5450,none,RIFLE,rifle,5450,5450,4800,4900,4900,above_p75,AK-47,NaN,low,true,true,false,smoke+flash2+fire,3400,high
T,3400,5500,none,RIFLE,rifle,5450,5500,4800,4900,4900,above_p75,AK-47,NaN,low,true,true,false,smoke+flash2+fire,3450,high
T,3400,5550,none,RIFLE,rifle,5550,5550,4800,4800,4900,above_p75,AK-47,NaN,low,true,true,false,smoke+flash1+HE+fire,3400,high
T,3400,5600,none,RIFLE,rifle,5550,5600,4800,4800,4900,above_p75,AK-47,NaN,low,true,true,false,smoke+flash1+HE+fire,3450,high
T,3400,5650,none,RIFLE,rifle,5550,5650,4800,4800,4900,above_p75,AK-47,NaN,low,true,true,false,smoke+flash1+HE+fire,3500,high
T,3400,5700,none,RIFLE,rifle,5550,5700,4800,4900,5100,above_p75,AK-47,NaN,low,true,true,false,smoke+flash1+HE+fire,3550,high
T,3400,5750,none,RIFLE,rifle,5550,5750,4800,4900,5100,above_p75,AK-47,NaN,low,true,true,false,smoke+flash1+HE+fire,3600,high
T,3400,5800,none,RIFLE,rifle,5550,5800,4800,4900,5100,above_p75,AK-47,NaN,low,true,true,false,smoke+flash1+HE+fire,3650,high
T,3400,5850,none,RIFLE,rifle,5550,5850,4800,4900,5100,above_p75,AK-47,NaN,low,true,true,false,smoke+flash1+HE+fire,3700,high
T,3400,5900,none,RIFLE,rifle,5550,5900,4800,4900,5100,above_p75,AK-47,NaN,low,true,true,false,smoke+flash1+HE+fire,3750,high
T,3400,5950,none,RIFLE,rifle,5550,5950,4800,4900,5100,above_p75,AK-47,NaN,low,true,true,false,smoke+flash1+HE+fire,3800,high
T,3400,6000,none,RIFLE,rifle,5550,6000,4800,4900,5100,above_p75,AK-47,NaN,low,true,true,false,smoke+flash1+HE+fire,3850,high
T,3400,800,AK-47,RIFLE,keep_current,650,650,0,0,400,above_p75,keep_current,0.000,n/a,true,false,false,-,3550,high
T,3400,850,AK-47,RIFLE,keep_current,650,650,0,300,400,above_p75,keep_current,0.000,n/a,true,false,false,-,3600,high
T,3400,900,AK-47,RIFLE,keep_current,650,650,0,300,400,above_p75,keep_current,0.000,n/a,true,false,false,-,3650,high
T,3400,950,AK-47,RIFLE,keep_current,650,650,0,300,500,above_p75,keep_current,0.000,n/a,true,false,false,-,3700,high
T,3400,1000,AK-47,RIFLE,keep_current,650,650,0,300,500,above_p75,keep_current,0.000,n/a,true,false,false,-,3750,high
T,3400,1050,AK-47,RIFLE,keep_current,650,650,0,300,500,above_p75,keep_current,0.000,n/a,true,false,false,-,3800,high
T,3400,1100,AK-47,RIFLE,keep_current,650,650,0,300,500,above_p75,keep_current,0.000,n/a,true,false,false,-,3850,high
T,3400,1150,AK-47,RIFLE,keep_current,650,700,0,300,500,above_p75,keep_current,0.000,n/a,true,false,false,-,3900,high
T,3400,1200,AK-47,RIFLE,keep_current,650,750,0,300,500,above_p75,keep_current,0.000,n/a,true,false,false,-,3950,high
T,3400,1250,AK-47,RIFLE,keep_current,650,800,0,300,500,above_p75,keep_current,0.000,n/a,true,false,false,-,4000,high
T,3400,1300,AK-47,RIFLE,keep_current,850,850,0,300,500,above_p75,keep_current,0.000,n/a,true,false,false,flash1,3850,high
T,3400,1350,AK-47,RIFLE,keep_current,850,900,0,300,600,above_p75,keep_current,0.000,n/a,true,false,false,flash1,3900,high
T,3400,1400,AK-47,RIFLE,keep_current,950,950,0,300,700,above_p75,keep_current,0.000,n/a,true,false,false,smoke,3850,high
T,3400,1450,AK-47,RIFLE,keep_current,950,1000,0,300,700,above_p75,keep_current,0.000,n/a,true,false,false,smoke,3900,high
T,3400,1500,AK-47,RIFLE,keep_current,950,1050,0,300,700,above_p75,keep_current,0.000,n/a,true,false,false,smoke,3950,high
T,3400,800,M4A1-S,RIFLE,keep_current,650,650,0,0,300,above_p75,keep_current,0.000,n/a,true,false,false,-,3550,high
T,3400,850,M4A1-S,RIFLE,keep_current,650,650,0,300,400,above_p75,keep_current,0.000,n/a,true,false,false,-,3600,high
T,3400,900,M4A1-S,RIFLE,keep_current,650,650,0,300,400,above_p75,keep_current,0.000,n/a,true,false,false,-,3650,high
T,3400,950,M4A1-S,RIFLE,keep_current,650,650,0,300,400,above_p75,keep_current,0.000,n/a,true,false,false,-,3700,high
T,3400,1000,M4A1-S,RIFLE,keep_current,650,650,0,300,500,above_p75,keep_current,0.000,n/a,true,false,false,-,3750,high
T,3400,1050,M4A1-S,RIFLE,keep_current,650,650,0,300,500,above_p75,keep_current,0.000,n/a,true,false,false,-,3800,high
T,3400,1100,M4A1-S,RIFLE,keep_current,650,650,0,300,500,above_p75,keep_current,0.000,n/a,true,false,false,-,3850,high
T,3400,1150,M4A1-S,RIFLE,keep_current,650,700,0,300,500,above_p75,keep_current,0.000,n/a,true,false,false,-,3900,high
T,3400,1200,M4A1-S,RIFLE,keep_current,650,750,0,300,500,above_p75,keep_current,0.000,n/a,true,false,false,-,3950,high
T,3400,1250,M4A1-S,RIFLE,keep_current,650,800,0,300,500,above_p75,keep_current,0.000,n/a,true,false,false,-,4000,high
T,3400,1300,M4A1-S,RIFLE,keep_current,850,850,0,300,500,above_p75,keep_current,0.000,n/a,true,false,false,flash1,3850,high
T,3400,1350,M4A1-S,RIFLE,keep_current,850,900,0,300,500,above_p75,keep_current,0.000,n/a,true,false,false,flash1,3900,high
T,3400,1400,M4A1-S,RIFLE,keep_current,950,950,0,300,600,above_p75,keep_current,0.000,n/a,true,false,false,smoke,3850,high
T,3400,1450,M4A1-S,RIFLE,keep_current,950,1000,0,300,700,above_p75,keep_current,0.000,n/a,true,false,false,smoke,3900,high
T,3400,1500,M4A1-S,RIFLE,keep_current,950,1050,0,300,700,above_p75,keep_current,0.000,n/a,true,false,false,smoke,3950,high
T,3400,1550,M4A1-S,RIFLE,keep_current,950,1100,0,400,700,above_p75,keep_current,0.000,n/a,true,false,false,smoke,4000,high
T,3400,800,M4A4,RIFLE,keep_current,650,650,0,0,300,above_p75,keep_current,0.000,n/a,true,false,false,-,3550,high
T,3400,850,M4A4,RIFLE,keep_current,650,650,0,300,400,above_p75,keep_current,0.000,n/a,true,false,false,-,3600,high
T,3400,900,M4A4,RIFLE,keep_current,650,650,0,300,400,above_p75,keep_current,0.000,n/a,true,false,false,-,3650,high
T,3400,950,M4A4,RIFLE,keep_current,650,650,0,300,400,above_p75,keep_current,0.000,n/a,true,false,false,-,3700,high
T,3400,1000,M4A4,RIFLE,keep_current,650,650,0,300,500,above_p75,keep_current,0.000,n/a,true,false,false,-,3750,high
T,3400,1050,M4A4,RIFLE,keep_current,650,650,0,300,500,above_p75,keep_current,0.000,n/a,true,false,false,-,3800,high
T,3400,1100,M4A4,RIFLE,keep_current,650,650,0,300,500,above_p75,keep_current,0.000,n/a,true,false,false,-,3850,high
T,3400,1150,M4A4,RIFLE,keep_current,650,700,0,300,500,above_p75,keep_current,0.000,n/a,true,false,false,-,3900,high
T,3400,1200,M4A4,RIFLE,keep_current,650,750,0,300,500,above_p75,keep_current,0.000,n/a,true,false,false,-,3950,high
T,3400,1250,M4A4,RIFLE,keep_current,650,800,0,300,500,above_p75,keep_current,0.000,n/a,true,false,false,-,4000,high
T,3400,1300,M4A4,RIFLE,keep_current,850,850,0,300,500,above_p75,keep_current,0.000,n/a,true,false,false,flash1,3850,high
T,3400,1350,M4A4,RIFLE,keep_current,850,900,0,300,500,above_p75,keep_current,0.000,n/a,true,false,false,flash1,3900,high
T,3400,1400,M4A4,RIFLE,keep_current,950,950,0,300,600,above_p75,keep_current,0.000,n/a,true,false,false,smoke,3850,high
T,3400,1450,M4A4,RIFLE,keep_current,950,1000,0,300,700,above_p75,keep_current,0.000,n/a,true,false,false,smoke,3900,high
T,3400,1500,M4A4,RIFLE,keep_current,950,1050,0,300,700,above_p75,keep_current,0.000,n/a,true,false,false,smoke,3950,high
T,3400,1550,M4A4,RIFLE,keep_current,950,1100,0,400,700,above_p75,keep_current,0.000,n/a,true,false,false,smoke,4000,high
CT,1400,3400,none,SAVE,none,500,750,2550,3300,3350,below_p25,none,0.000,absent,false,false,false,fire,4300,medium
CT,1400,3450,none,SAVE,none,800,800,3200,3350,3450,below_p25,none,0.000,absent,false,false,false,HE+fire,4050,medium
CT,1400,3500,none,SAVE,none,800,850,3300,3350,3450,below_p25,none,0.000,absent,false,false,false,HE+fire,4100,medium
CT,1400,3550,none,SAVE,none,800,900,3350,3450,3550,below_p25,none,0.000,absent,false,false,false,HE+fire,4150,medium
CT,1400,3600,none,LIGHT,paid_pistol,950,950,3450,3550,3550,below_p25,P250,0.000,absent,true,false,false,-,4050,medium
CT,1400,3650,none,LIGHT,paid_pistol,950,1000,3500,3550,3550,below_p25,P250,0.000,absent,true,false,false,-,4100,medium
CT,1400,3700,none,LIGHT,paid_pistol,950,1050,3500,3550,3550,below_p25,P250,0.000,absent,true,false,false,-,4150,medium
CT,1400,3750,none,LIGHT,paid_pistol,950,1100,3550,3650,3750,below_p25,P250,0.000,absent,true,false,false,-,4200,medium
CT,1400,3800,none,LIGHT,paid_pistol,1150,1150,3550,3700,3750,below_p25,Five-SeveN,0.000,absent,true,false,false,-,4050,medium
CT,1400,3850,none,LIGHT,paid_pistol,1150,1200,3550,3700,3750,below_p25,Five-SeveN,0.000,absent,true,false,false,-,4100,medium
CT,1400,3900,none,LIGHT,paid_pistol,1150,1250,3550,3750,3900,below_p25,Five-SeveN,0.000,absent,true,false,false,-,4150,medium
CT,1400,3950,none,LIGHT,paid_pistol,1150,1300,3850,3900,3900,below_p25,Five-SeveN,0.000,absent,true,false,false,-,4200,medium
CT,1400,4000,none,LIGHT,paid_pistol,1350,1350,3850,3900,3900,below_p25,Five-SeveN,0.000,absent,true,false,false,flash1,4050,medium
CT,1400,4050,none,RIFLE,rifle,4050,4050,3850,3900,4050,within,M4A4,0.000,absent,true,false,false,smoke+flash1,1400,medium
CT,1400,4100,none,RIFLE,rifle,4050,4100,3900,4050,4050,within,M4A4,0.000,absent,true,false,false,smoke+flash1,1450,medium
CT,1400,4150,none,RIFLE,rifle,4050,4150,3950,4050,4100,within,M4A4,NaN,low,true,false,false,smoke+flash1,1500,medium
CT,1400,4200,none,RIFLE,rifle,4050,4200,4050,4200,4200,within,M4A4,NaN,low,true,false,false,smoke+flash1,1550,medium
CT,1400,4250,none,RIFLE,rifle,4250,4250,4200,4200,4250,within,M4A4,NaN,low,true,false,true,smoke,1400,medium
CT,1400,4300,none,RIFLE,rifle,4250,4300,4150,4200,4200,above_p75,M4A4,NaN,low,true,false,true,smoke,1450,high
CT,1400,4350,none,RIFLE,rifle,4250,4350,4150,4200,4250,within,M4A4,NaN,low,true,false,true,smoke,1500,high
CT,1400,4400,none,RIFLE,rifle,4250,4400,4200,4250,4350,within,M4A4,NaN,low,true,false,true,smoke,1550,high
CT,1400,4450,none,RIFLE,rifle,4450,4450,4200,4350,4400,above_p75,M4A4,NaN,low,true,false,true,smoke+flash1,1400,high
CT,1400,4500,none,RIFLE,rifle,4450,4500,4350,4400,4500,within,M4A4,NaN,low,true,false,true,smoke+flash1,1450,high
CT,1400,4550,none,RIFLE,rifle,4450,4550,4350,4500,4500,within,M4A4,NaN,low,true,false,true,smoke+flash1,1500,high
CT,1400,4600,none,RIFLE,rifle,4450,4600,4350,4500,4500,within,M4A4,NaN,low,true,false,true,smoke+flash1,1550,high
CT,1400,4650,none,RIFLE,rifle,4650,4650,4350,4500,4550,above_p75,M4A4,NaN,low,true,false,true,smoke+flash2,1400,high
CT,1400,4700,none,RIFLE,rifle,4650,4700,4500,4650,4700,within,M4A4,NaN,low,true,false,true,smoke+flash2,1450,high
CT,1400,4750,none,RIFLE,rifle,4750,4750,4500,4700,4700,above_p75,M4A4,NaN,low,true,false,true,smoke+flash1+HE,1400,high
CT,1400,4800,none,RIFLE,rifle,4750,4800,4500,4700,4700,above_p75,M4A4,NaN,low,true,false,true,smoke+flash1+HE,1450,high
CT,1400,4850,none,RIFLE,rifle,4750,4850,4650,4700,4700,above_p75,M4A4,NaN,low,true,false,true,smoke+flash1+HE,1500,high
CT,1400,4900,none,RIFLE,rifle,4750,4900,4700,4700,4900,within,M4A4,NaN,low,true,false,true,smoke+flash1+HE,1550,high
CT,1400,4950,none,RIFLE,rifle,4950,4950,4700,4850,4900,above_p75,M4A4,NaN,low,true,false,true,smoke+flash1+fire,1400,high
CT,1400,5000,none,RIFLE,rifle,4950,5000,4850,4900,5000,within,M4A4,NaN,low,true,false,true,smoke+flash1+fire,1450,high
CT,1400,5050,none,RIFLE,rifle,4950,5050,4850,4900,5000,within,M4A4,NaN,low,true,false,true,smoke+flash1+fire,1500,high
CT,1400,5100,none,RIFLE,rifle,4950,5100,4850,4950,5000,within,M4A4,NaN,low,true,false,true,smoke+flash1+fire,1550,high
CT,1400,5150,none,RIFLE,rifle,5150,5150,4850,4950,5000,above_p75,M4A4,NaN,low,true,false,true,smoke+flash2+fire,1400,high
CT,1400,5200,none,RIFLE,rifle,5150,5200,5000,5050,5200,within,M4A4,NaN,low,true,false,true,smoke+flash2+fire,1450,high
CT,1400,5250,none,RIFLE,rifle,5250,5250,5000,5200,5200,above_p75,M4A4,NaN,low,true,false,true,smoke+flash1+HE+fire,1400,high
CT,1400,5300,none,RIFLE,rifle,5250,5300,5100,5200,5200,above_p75,M4A4,NaN,low,true,false,true,smoke+flash1+HE+fire,1450,high
CT,1400,5350,none,RIFLE,rifle,5250,5350,5200,5200,5200,above_p75,M4A4,NaN,low,true,false,true,smoke+flash1+HE+fire,1500,high
CT,1400,5400,none,RIFLE,rifle,5250,5400,5200,5200,5200,above_p75,M4A4,NaN,low,true,false,true,smoke+flash1+HE+fire,1550,high
CT,1400,5450,none,RIFLE,rifle,5250,5450,5200,5200,5200,above_p75,M4A4,NaN,low,true,false,true,smoke+flash1+HE+fire,1600,high
CT,1400,5500,none,RIFLE,rifle,5250,5500,5200,5200,5200,above_p75,M4A4,NaN,low,true,false,true,smoke+flash1+HE+fire,1650,high
CT,1400,5550,none,RIFLE,rifle,5250,5550,5200,5200,5200,above_p75,M4A4,NaN,low,true,false,true,smoke+flash1+HE+fire,1700,high
CT,1400,5600,none,RIFLE,rifle,5250,5600,5200,5200,5600,within,M4A4,NaN,low,true,false,true,smoke+flash1+HE+fire,1750,high
CT,1400,5650,none,RIFLE,rifle,5250,5650,5200,5200,5600,within,M4A4,NaN,low,true,false,true,smoke+flash1+HE+fire,1800,high
CT,1400,5700,none,RIFLE,rifle,5250,5700,5200,5200,5600,within,M4A4,NaN,low,true,false,true,smoke+flash1+HE+fire,1850,high
CT,1400,5750,none,RIFLE,rifle,5250,5750,5200,5200,5600,within,M4A4,NaN,low,true,false,true,smoke+flash1+HE+fire,1900,high
CT,1400,5800,none,RIFLE,rifle,5250,5800,5200,5400,5600,within,M4A4,NaN,low,true,false,true,smoke+flash1+HE+fire,1950,high
CT,1400,5850,none,RIFLE,rifle,5250,5850,5200,5450,5600,within,M4A4,NaN,low,true,false,true,smoke+flash1+HE+fire,2000,high
CT,1400,5900,none,RIFLE,rifle,5250,5900,5200,5600,5600,within,M4A4,NaN,low,true,false,true,smoke+flash1+HE+fire,2050,high
CT,1400,5950,none,RIFLE,rifle,5250,5950,5200,5600,5600,within,M4A4,NaN,low,true,false,true,smoke+flash1+HE+fire,2100,high
CT,1400,6000,none,RIFLE,rifle,5250,6000,5200,5600,5600,within,M4A4,NaN,low,true,false,true,smoke+flash1+HE+fire,2150,high
CT,1400,3500,AK-47,RIFLE,keep_current,850,850,500,600,800,above_p75,keep_current,0.000,n/a,true,false,false,flash1,4050,high
CT,1400,3550,AK-47,RIFLE,keep_current,850,900,500,600,1000,within,keep_current,0.000,n/a,true,false,false,flash1,4100,high
CT,1400,3600,AK-47,RIFLE,keep_current,950,950,500,600,1000,within,keep_current,0.000,n/a,true,false,false,smoke,4050,high
CT,1400,3650,AK-47,RIFLE,keep_current,950,1000,500,700,1000,within,keep_current,0.000,n/a,true,false,false,smoke,4100,high
CT,1400,3700,AK-47,RIFLE,keep_current,950,1050,500,700,1000,within,keep_current,0.000,n/a,true,false,false,smoke,4150,high
CT,1400,3750,AK-47,RIFLE,keep_current,950,1100,500,700,1000,within,keep_current,0.000,n/a,true,false,false,smoke,4200,high
CT,1400,3800,AK-47,RIFLE,keep_current,1150,1150,500,700,1100,above_p75,keep_current,0.000,n/a,true,false,false,smoke+flash1,4050,high
CT,1400,3850,AK-47,RIFLE,keep_current,1150,1200,500,700,1100,above_p75,keep_current,0.000,n/a,true,false,false,smoke+flash1,4100,high
CT,1400,3900,AK-47,RIFLE,keep_current,1150,1250,500,800,1100,above_p75,keep_current,0.000,n/a,true,false,false,smoke+flash1,4150,high
CT,1400,3950,AK-47,RIFLE,keep_current,1150,1300,500,800,1100,above_p75,keep_current,0.000,n/a,true,false,false,smoke+flash1,4200,high
CT,1400,4000,AK-47,RIFLE,keep_current,1150,1350,500,800,1100,above_p75,keep_current,0.000,n/a,true,false,false,smoke+flash1,4250,high
CT,1400,4050,AK-47,RIFLE,keep_current,1150,1400,500,800,1100,above_p75,keep_current,0.000,n/a,true,false,false,smoke+flash1,4300,high
CT,1400,4100,AK-47,RIFLE,keep_current,1450,1450,500,800,1100,above_p75,keep_current,0.000,n/a,true,false,false,smoke+flash1+HE,4050,high
CT,1400,4150,AK-47,RIFLE,keep_current,1450,1500,500,800,1100,above_p75,keep_current,0.000,n/a,true,false,false,smoke+flash1+HE,4100,high
CT,1400,4200,AK-47,RIFLE,keep_current,1550,1550,500,800,1100,above_p75,keep_current,0.000,n/a,true,false,true,smoke+flash1,4050,high
CT,1400,4250,AK-47,RIFLE,keep_current,1550,1600,500,800,1100,above_p75,keep_current,0.000,n/a,true,false,true,smoke+flash1,4100,high
CT,1400,4300,AK-47,RIFLE,keep_current,1550,1650,500,800,1100,above_p75,keep_current,0.000,n/a,true,false,true,smoke+flash1,4150,high
CT,1400,4350,AK-47,RIFLE,keep_current,1550,1700,500,800,1100,above_p75,keep_current,0.000,n/a,true,false,true,smoke+flash1,4200,high
CT,1400,4400,AK-47,RIFLE,keep_current,1550,1750,500,800,1100,above_p75,keep_current,0.000,n/a,true,false,true,smoke+flash1,4250,high
CT,1400,4450,AK-47,RIFLE,keep_current,1550,1800,500,800,1100,above_p75,keep_current,0.000,n/a,true,false,true,smoke+flash1,4300,high
CT,1400,4500,AK-47,RIFLE,keep_current,1850,1850,500,800,1100,above_p75,keep_current,0.000,n/a,true,false,true,smoke+flash1+HE,4050,high
CT,1400,4550,AK-47,RIFLE,keep_current,1850,1900,500,800,1100,above_p75,keep_current,0.000,n/a,true,false,true,smoke+flash1+HE,4100,high
CT,1400,4600,AK-47,RIFLE,keep_current,1850,1950,500,800,1100,above_p75,keep_current,0.000,n/a,true,false,true,smoke+flash1+HE,4150,high
CT,1400,4650,AK-47,RIFLE,keep_current,1850,2000,500,800,1100,above_p75,keep_current,0.000,n/a,true,false,true,smoke+flash1+HE,4200,high
CT,1400,4700,AK-47,RIFLE,keep_current,2050,2050,500,800,1100,above_p75,keep_current,0.000,n/a,true,false,true,smoke+flash1+fire,4050,high
CT,1400,4750,AK-47,RIFLE,keep_current,2050,2100,500,800,1100,above_p75,keep_current,0.000,n/a,true,false,true,smoke+flash1+fire,4100,high
CT,1400,4800,AK-47,RIFLE,keep_current,2150,2150,500,800,1100,above_p75,keep_current,0.000,n/a,true,true,false,smoke+flash1,4050,high
CT,1400,4850,AK-47,RIFLE,keep_current,2150,2200,500,800,1100,above_p75,keep_current,0.000,n/a,true,true,false,smoke+flash1,4100,high
CT,1400,4900,AK-47,RIFLE,keep_current,2150,2250,500,800,1000,above_p75,keep_current,0.000,n/a,true,true,false,smoke+flash1,4150,high
CT,1400,4950,AK-47,RIFLE,keep_current,2150,2300,500,800,1000,above_p75,keep_current,0.000,n/a,true,true,false,smoke+flash1,4200,high
CT,1400,5000,AK-47,RIFLE,keep_current,2150,2350,500,800,1000,above_p75,keep_current,0.000,n/a,true,true,false,smoke+flash1,4250,high
CT,1400,5050,AK-47,RIFLE,keep_current,2150,2400,500,700,1000,above_p75,keep_current,0.000,n/a,true,true,false,smoke+flash1,4300,high
CT,1400,5100,AK-47,RIFLE,keep_current,2450,2450,500,700,1000,above_p75,keep_current,0.000,n/a,true,true,false,smoke+flash1+HE,4050,high
CT,1400,5150,AK-47,RIFLE,keep_current,2450,2500,500,700,1000,above_p75,keep_current,0.000,n/a,true,true,false,smoke+flash1+HE,4100,high
CT,1400,5200,AK-47,RIFLE,keep_current,2550,2550,500,700,1000,above_p75,keep_current,0.000,n/a,true,true,true,smoke+flash1,4050,high
CT,1400,5250,AK-47,RIFLE,keep_current,2550,2600,500,700,1000,above_p75,keep_current,0.000,n/a,true,true,true,smoke+flash1,4100,high
CT,1400,5300,AK-47,RIFLE,keep_current,2550,2650,500,700,1000,above_p75,keep_current,0.000,n/a,true,true,true,smoke+flash1,4150,high
CT,1400,5350,AK-47,RIFLE,keep_current,2550,2700,500,600,800,above_p75,keep_current,0.000,n/a,true,true,true,smoke+flash1,4200,high
CT,1400,5400,AK-47,RIFLE,keep_current,2550,2750,500,600,800,above_p75,keep_current,0.000,n/a,true,true,true,smoke+flash1,4250,high
CT,1400,5450,AK-47,RIFLE,keep_current,2550,2800,500,600,800,above_p75,keep_current,0.000,n/a,true,true,true,smoke+flash1,4300,high
CT,1400,5500,AK-47,RIFLE,keep_current,2850,2850,500,600,800,above_p75,keep_current,0.000,n/a,true,true,true,smoke+flash1+HE,4050,high
CT,1400,5550,AK-47,RIFLE,keep_current,2850,2900,400,600,800,above_p75,keep_current,0.000,n/a,true,true,true,smoke+flash1+HE,4100,high
CT,1400,5600,AK-47,RIFLE,keep_current,2850,2950,400,600,800,above_p75,keep_current,0.000,n/a,true,true,true,smoke+flash1+HE,4150,high
CT,1400,5650,AK-47,RIFLE,keep_current,2850,3000,300,600,800,above_p75,keep_current,0.000,n/a,true,true,true,smoke+flash1+HE,4200,high
CT,1400,5700,AK-47,RIFLE,keep_current,3050,3050,300,600,800,above_p75,keep_current,0.000,n/a,true,true,true,smoke+flash1+fire,4050,high
CT,1400,5750,AK-47,RIFLE,keep_current,3050,3100,300,600,800,above_p75,keep_current,0.000,n/a,true,true,true,smoke+flash1+fire,4100,high
CT,1400,5800,AK-47,RIFLE,keep_current,3050,3150,300,600,800,above_p75,keep_current,0.000,n/a,true,true,true,smoke+flash1+fire,4150,high
CT,1400,5850,AK-47,RIFLE,keep_current,3050,3200,300,600,800,above_p75,keep_current,0.000,n/a,true,true,true,smoke+flash1+fire,4200,high
CT,1400,5900,AK-47,RIFLE,keep_current,3050,3250,300,600,800,above_p75,keep_current,0.000,n/a,true,true,true,smoke+flash1+fire,4250,high
CT,1400,5950,AK-47,RIFLE,keep_current,3050,3300,300,600,800,above_p75,keep_current,0.000,n/a,true,true,true,smoke+flash1+fire,4300,high
CT,1400,6000,AK-47,RIFLE,keep_current,3350,3350,300,600,800,above_p75,keep_current,0.000,n/a,true,true,true,smoke+flash1+HE+fire,4050,high
CT,1400,3450,AWP,AWP,keep_current,650,800,800,1100,1550,below_p25,keep_current,0.000,n/a,true,false,false,-,4200,high
CT,1400,3500,AWP,AWP,keep_current,850,850,800,1100,1550,within,keep_current,0.000,n/a,true,false,false,flash1,4050,high
CT,1400,3550,AWP,AWP,keep_current,850,900,800,1100,1550,within,keep_current,0.000,n/a,true,false,false,flash1,4100,high
CT,1400,3600,AWP,AWP,keep_current,950,950,800,1100,1550,within,keep_current,0.000,n/a,true,false,false,smoke,4050,high
CT,1400,3650,AWP,AWP,keep_current,950,1000,800,1100,1550,within,keep_current,0.000,n/a,true,false,false,smoke,4100,high
CT,1400,3700,AWP,AWP,keep_current,950,1050,800,1100,1550,within,keep_current,0.000,n/a,true,false,false,smoke,4150,high
CT,1400,3750,AWP,AWP,keep_current,950,1100,800,1100,1550,within,keep_current,0.000,n/a,true,false,false,smoke,4200,high
CT,1400,3800,AWP,AWP,keep_current,1150,1150,800,1100,1550,within,keep_current,0.000,n/a,true,false,false,smoke+flash1,4050,high
CT,1400,3850,AWP,AWP,keep_current,1150,1200,750,1100,1550,within,keep_current,0.000,n/a,true,false,false,smoke+flash1,4100,high
CT,1400,3900,AWP,AWP,keep_current,1150,1250,750,1100,1500,within,keep_current,0.000,n/a,true,false,false,smoke+flash1,4150,high
CT,1400,3950,AWP,AWP,keep_current,1150,1300,700,1100,1450,within,keep_current,0.000,n/a,true,false,false,smoke+flash1,4200,high
CT,1400,4000,AWP,AWP,keep_current,1150,1350,700,1000,1400,within,keep_current,0.000,n/a,true,false,false,smoke+flash1,4250,high
CT,1400,4050,AWP,AWP,keep_current,1150,1400,700,1000,1350,within,keep_current,0.000,n/a,true,false,false,smoke+flash1,4300,high
CT,1400,4100,AWP,AWP,keep_current,1450,1450,700,1000,1350,above_p75,keep_current,0.000,n/a,true,false,false,smoke+flash1+HE,4050,high
CT,1400,4150,AWP,AWP,keep_current,1450,1500,700,900,1300,above_p75,keep_current,0.000,n/a,true,false,false,smoke+flash1+HE,4100,high
CT,1400,4200,AWP,AWP,keep_current,1550,1550,700,900,1300,above_p75,keep_current,0.000,n/a,true,false,true,smoke+flash1,4050,high
CT,1400,4250,AWP,AWP,keep_current,1550,1600,700,850,1300,above_p75,keep_current,0.000,n/a,true,false,true,smoke+flash1,4100,high
CT,1400,4300,AWP,AWP,keep_current,1550,1650,700,850,1300,above_p75,keep_current,0.000,n/a,true,false,true,smoke+flash1,4150,high
CT,1400,4350,AWP,AWP,keep_current,1550,1700,700,800,1300,above_p75,keep_current,0.000,n/a,true,false,true,smoke+flash1,4200,high
CT,1400,4400,AWP,AWP,keep_current,1550,1750,600,800,1200,above_p75,keep_current,0.000,n/a,true,false,true,smoke+flash1,4250,high
CT,1400,4450,AWP,AWP,keep_current,1550,1800,600,800,1200,above_p75,keep_current,0.000,n/a,true,false,true,smoke+flash1,4300,high
CT,1400,4500,AWP,AWP,keep_current,1850,1850,600,800,1200,above_p75,keep_current,0.000,n/a,true,false,true,smoke+flash1+HE,4050,high
CT,1400,4550,AWP,AWP,keep_current,1850,1900,600,800,1100,above_p75,keep_current,0.000,n/a,true,false,true,smoke+flash1+HE,4100,high
CT,1400,4600,AWP,AWP,keep_current,1850,1950,500,800,1100,above_p75,keep_current,0.000,n/a,true,false,true,smoke+flash1+HE,4150,high
CT,1400,4650,AWP,AWP,keep_current,1850,2000,500,800,1100,above_p75,keep_current,0.000,n/a,true,false,true,smoke+flash1+HE,4200,high
CT,1400,4700,AWP,AWP,keep_current,2050,2050,500,800,1100,above_p75,keep_current,0.000,n/a,true,false,true,smoke+flash1+fire,4050,high
CT,1400,4750,AWP,AWP,keep_current,2050,2100,500,800,1100,above_p75,keep_current,0.000,n/a,true,false,true,smoke+flash1+fire,4100,high
CT,1400,4800,AWP,AWP,keep_current,2150,2150,500,800,1100,above_p75,keep_current,0.000,n/a,true,true,false,smoke+flash1,4050,high
CT,1400,4850,AWP,AWP,keep_current,2150,2200,500,800,1100,above_p75,keep_current,0.000,n/a,true,true,false,smoke+flash1,4100,high
CT,1400,4900,AWP,AWP,keep_current,2150,2250,500,800,1100,above_p75,keep_current,0.000,n/a,true,true,false,smoke+flash1,4150,high
CT,1400,4950,AWP,AWP,keep_current,2150,2300,500,800,1100,above_p75,keep_current,0.000,n/a,true,true,false,smoke+flash1,4200,high
CT,1400,5000,AWP,AWP,keep_current,2150,2350,500,800,1000,above_p75,keep_current,0.000,n/a,true,true,false,smoke+flash1,4250,high
CT,1400,5050,AWP,AWP,keep_current,2150,2400,500,800,950,above_p75,keep_current,0.000,n/a,true,true,false,smoke+flash1,4300,high
CT,1400,5100,AWP,AWP,keep_current,2450,2450,500,800,900,above_p75,keep_current,0.000,n/a,true,true,false,smoke+flash1+HE,4050,high
CT,1400,5150,AWP,AWP,keep_current,2450,2500,500,800,900,above_p75,keep_current,0.000,n/a,true,true,false,smoke+flash1+HE,4100,high
CT,1400,5200,AWP,AWP,keep_current,2550,2550,500,800,900,above_p75,keep_current,0.000,n/a,true,true,true,smoke+flash1,4050,high
CT,1400,5250,AWP,AWP,keep_current,2550,2600,500,800,900,above_p75,keep_current,0.000,n/a,true,true,true,smoke+flash1,4100,high
CT,1400,5300,AWP,AWP,keep_current,2550,2650,500,700,850,above_p75,keep_current,0.000,n/a,true,true,true,smoke+flash1,4150,high
CT,1400,5350,AWP,AWP,keep_current,2550,2700,500,700,800,above_p75,keep_current,0.000,n/a,true,true,true,smoke+flash1,4200,high
CT,1400,5400,AWP,AWP,keep_current,2550,2750,500,700,800,above_p75,keep_current,0.000,n/a,true,true,true,smoke+flash1,4250,high
CT,1400,5450,AWP,AWP,keep_current,2550,2800,500,700,800,above_p75,keep_current,0.000,n/a,true,true,true,smoke+flash1,4300,high
CT,1400,5500,AWP,AWP,keep_current,2850,2850,500,700,800,above_p75,keep_current,0.000,n/a,true,true,true,smoke+flash1+HE,4050,high
CT,1400,5550,AWP,AWP,keep_current,2850,2900,500,700,800,above_p75,keep_current,0.000,n/a,true,true,true,smoke+flash1+HE,4100,high
CT,1400,5600,AWP,AWP,keep_current,2850,2950,400,700,800,above_p75,keep_current,0.000,n/a,true,true,true,smoke+flash1+HE,4150,high
CT,1400,5650,AWP,AWP,keep_current,2850,3000,400,700,800,above_p75,keep_current,0.000,n/a,true,true,true,smoke+flash1+HE,4200,high
CT,1400,5700,AWP,AWP,keep_current,3050,3050,400,700,800,above_p75,keep_current,0.000,n/a,true,true,true,smoke+flash1+fire,4050,high
CT,1400,5750,AWP,AWP,keep_current,3050,3100,400,700,800,above_p75,keep_current,0.000,n/a,true,true,true,smoke+flash1+fire,4100,high
CT,1400,5800,AWP,AWP,keep_current,3050,3150,400,700,800,above_p75,keep_current,0.000,n/a,true,true,true,smoke+flash1+fire,4150,high
CT,1400,5850,AWP,AWP,keep_current,3050,3200,400,700,800,above_p75,keep_current,0.000,n/a,true,true,true,smoke+flash1+fire,4200,high
CT,1400,5900,AWP,AWP,keep_current,3050,3250,400,700,800,above_p75,keep_current,0.000,n/a,true,true,true,smoke+flash1+fire,4250,high
CT,1400,5950,AWP,AWP,keep_current,3050,3300,400,700,850,above_p75,keep_current,0.000,n/a,true,true,true,smoke+flash1+fire,4300,high
CT,1400,6000,AWP,AWP,keep_current,3350,3350,400,700,850,above_p75,keep_current,0.000,n/a,true,true,true,smoke+flash1+HE+fire,4050,high
CT,1400,3450,M4A1-S,RIFLE,keep_current,650,800,800,1200,1400,below_p25,keep_current,0.000,n/a,true,false,false,-,4200,high
CT,1400,3500,M4A1-S,RIFLE,keep_current,850,850,800,1200,1400,within,keep_current,0.000,n/a,true,false,false,flash1,4050,high
CT,1400,3550,M4A1-S,RIFLE,keep_current,850,900,800,1300,1450,within,keep_current,0.000,n/a,true,false,false,flash1,4100,high
CT,1400,3600,M4A1-S,RIFLE,keep_current,950,950,800,1300,1500,within,keep_current,0.000,n/a,true,false,false,smoke,4050,high
CT,1400,3650,M4A1-S,RIFLE,keep_current,950,1000,800,1300,1500,within,keep_current,0.000,n/a,true,false,false,smoke,4100,high
CT,1400,3700,M4A1-S,RIFLE,keep_current,950,1050,800,1300,1500,within,keep_current,0.000,n/a,true,false,false,smoke,4150,high
CT,1400,3750,M4A1-S,RIFLE,keep_current,950,1100,800,1300,1400,within,keep_current,0.000,n/a,true,false,false,smoke,4200,high
CT,1400,3800,M4A1-S,RIFLE,keep_current,1150,1150,800,1250,1400,within,keep_current,0.000,n/a,true,false,false,smoke+flash1,4050,high
CT,1400,3850,M4A1-S,RIFLE,keep_current,1150,1200,800,1200,1400,within,keep_current,0.000,n/a,true,false,false,smoke+flash1,4100,high
CT,1400,3900,M4A1-S,RIFLE,keep_current,1150,1250,800,1150,1400,within,keep_current,0.000,n/a,true,false,false,smoke+flash1,4150,high
CT,1400,3950,M4A1-S,RIFLE,keep_current,1150,1300,800,1100,1300,within,keep_current,0.000,n/a,true,false,false,smoke+flash1,4200,high
CT,1400,4000,M4A1-S,RIFLE,keep_current,1150,1350,800,1100,1300,within,keep_current,0.000,n/a,true,false,false,smoke+flash1,4250,high
CT,1400,4050,M4A1-S,RIFLE,keep_current,1150,1400,800,1100,1300,within,keep_current,0.000,n/a,true,false,false,smoke+flash1,4300,high
CT,1400,4100,M4A1-S,RIFLE,keep_current,1450,1450,800,1000,1300,above_p75,keep_current,0.000,n/a,true,false,false,smoke+flash1+HE,4050,high
CT,1400,4150,M4A1-S,RIFLE,keep_current,1450,1500,800,1000,1300,above_p75,keep_current,0.000,n/a,true,false,false,smoke+flash1+HE,4100,high
CT,1400,4200,M4A1-S,RIFLE,keep_current,1550,1550,800,1000,1300,above_p75,keep_current,0.000,n/a,true,false,true,smoke+flash1,4050,high
CT,1400,4250,M4A1-S,RIFLE,keep_current,1550,1600,800,1000,1300,above_p75,keep_current,0.000,n/a,true,false,true,smoke+flash1,4100,high
CT,1400,4300,M4A1-S,RIFLE,keep_current,1550,1650,800,1000,1300,above_p75,keep_current,0.000,n/a,true,false,true,smoke+flash1,4150,high
CT,1400,4350,M4A1-S,RIFLE,keep_current,1550,1700,800,1000,1300,above_p75,keep_current,0.000,n/a,true,false,true,smoke+flash1,4200,high
CT,1400,4400,M4A1-S,RIFLE,keep_current,1550,1750,800,1000,1300,above_p75,keep_current,0.000,n/a,true,false,true,smoke+flash1,4250,high
CT,1400,4450,M4A1-S,RIFLE,keep_current,1550,1800,800,1000,1300,above_p75,keep_current,0.000,n/a,true,false,true,smoke+flash1,4300,high
CT,1400,4500,M4A1-S,RIFLE,keep_current,1850,1850,700,1000,1300,above_p75,keep_current,0.000,n/a,true,false,true,smoke+flash1+HE,4050,high
CT,1400,4550,M4A1-S,RIFLE,keep_current,1850,1900,700,900,1300,above_p75,keep_current,0.000,n/a,true,false,true,smoke+flash1+HE,4100,high
CT,1400,4600,M4A1-S,RIFLE,keep_current,1850,1950,700,800,1300,above_p75,keep_current,0.000,n/a,true,false,true,smoke+flash1+HE,4150,high
CT,1400,4650,M4A1-S,RIFLE,keep_current,1850,2000,700,800,1200,above_p75,keep_current,0.000,n/a,true,false,true,smoke+flash1+HE,4200,high
CT,1400,4700,M4A1-S,RIFLE,keep_current,2050,2050,600,800,1100,above_p75,keep_current,0.000,n/a,true,false,true,smoke+flash1+fire,4050,high
CT,1400,4750,M4A1-S,RIFLE,keep_current,2050,2100,600,800,1100,above_p75,keep_current,0.000,n/a,true,false,true,smoke+flash1+fire,4100,high
CT,1400,4800,M4A1-S,RIFLE,keep_current,2150,2150,600,800,1100,above_p75,keep_current,0.000,n/a,true,true,false,smoke+flash1,4050,high
CT,1400,4850,M4A1-S,RIFLE,keep_current,2150,2200,600,800,1100,above_p75,keep_current,0.000,n/a,true,true,false,smoke+flash1,4100,high
CT,1400,4900,M4A1-S,RIFLE,keep_current,2150,2250,600,800,1000,above_p75,keep_current,0.000,n/a,true,true,false,smoke+flash1,4150,high
CT,1400,4950,M4A1-S,RIFLE,keep_current,2150,2300,600,800,1000,above_p75,keep_current,0.000,n/a,true,true,false,smoke+flash1,4200,high
CT,1400,5000,M4A1-S,RIFLE,keep_current,2150,2350,550,800,1000,above_p75,keep_current,0.000,n/a,true,true,false,smoke+flash1,4250,high
CT,1400,5050,M4A1-S,RIFLE,keep_current,2150,2400,550,800,950,above_p75,keep_current,0.000,n/a,true,true,false,smoke+flash1,4300,high
CT,1400,5100,M4A1-S,RIFLE,keep_current,2450,2450,500,800,900,above_p75,keep_current,0.000,n/a,true,true,false,smoke+flash1+HE,4050,high
CT,1400,5150,M4A1-S,RIFLE,keep_current,2450,2500,500,800,800,above_p75,keep_current,0.000,n/a,true,true,false,smoke+flash1+HE,4100,high
CT,1400,5200,M4A1-S,RIFLE,keep_current,2550,2550,500,800,800,above_p75,keep_current,0.000,n/a,true,true,true,smoke+flash1,4050,high
CT,1400,5250,M4A1-S,RIFLE,keep_current,2550,2600,500,800,800,above_p75,keep_current,0.000,n/a,true,true,true,smoke+flash1,4100,high
CT,1400,5300,M4A1-S,RIFLE,keep_current,2550,2650,500,800,800,above_p75,keep_current,0.000,n/a,true,true,true,smoke+flash1,4150,high
CT,1400,5350,M4A1-S,RIFLE,keep_current,2550,2700,500,800,800,above_p75,keep_current,0.000,n/a,true,true,true,smoke+flash1,4200,high
CT,1400,5400,M4A1-S,RIFLE,keep_current,2550,2750,500,800,800,above_p75,keep_current,0.000,n/a,true,true,true,smoke+flash1,4250,high
CT,1400,5450,M4A1-S,RIFLE,keep_current,2550,2800,500,800,800,above_p75,keep_current,0.000,n/a,true,true,true,smoke+flash1,4300,high
CT,1400,5500,M4A1-S,RIFLE,keep_current,2850,2850,500,800,800,above_p75,keep_current,0.000,n/a,true,true,true,smoke+flash1+HE,4050,high
CT,1400,5550,M4A1-S,RIFLE,keep_current,2850,2900,500,800,800,above_p75,keep_current,0.000,n/a,true,true,true,smoke+flash1+HE,4100,high
CT,1400,5600,M4A1-S,RIFLE,keep_current,2850,2950,500,800,800,above_p75,keep_current,0.000,n/a,true,true,true,smoke+flash1+HE,4150,high
CT,1400,5650,M4A1-S,RIFLE,keep_current,2850,3000,500,800,800,above_p75,keep_current,0.000,n/a,true,true,true,smoke+flash1+HE,4200,high
CT,1400,5700,M4A1-S,RIFLE,keep_current,3050,3050,500,800,800,above_p75,keep_current,0.000,n/a,true,true,true,smoke+flash1+fire,4050,high
CT,1400,5750,M4A1-S,RIFLE,keep_current,3050,3100,500,800,800,above_p75,keep_current,0.000,n/a,true,true,true,smoke+flash1+fire,4100,high
CT,1400,5800,M4A1-S,RIFLE,keep_current,3050,3150,500,800,800,above_p75,keep_current,0.000,n/a,true,true,true,smoke+flash1+fire,4150,high
CT,1400,5850,M4A1-S,RIFLE,keep_current,3050,3200,500,800,800,above_p75,keep_current,0.000,n/a,true,true,true,smoke+flash1+fire,4200,high
CT,1400,5900,M4A1-S,RIFLE,keep_current,3050,3250,500,800,800,above_p75,keep_current,0.000,n/a,true,true,true,smoke+flash1+fire,4250,high
CT,1400,5950,M4A1-S,RIFLE,keep_current,3050,3300,500,800,800,above_p75,keep_current,0.000,n/a,true,true,true,smoke+flash1+fire,4300,high
CT,1400,6000,M4A1-S,RIFLE,keep_current,3350,3350,500,800,800,above_p75,keep_current,0.000,n/a,true,true,true,smoke+flash1+HE+fire,4050,high
CT,1400,3350,M4A4,RIFLE,keep_current,650,700,900,1250,1400,below_p25,keep_current,0.000,n/a,true,false,false,-,4100,high
CT,1400,3400,M4A4,RIFLE,keep_current,650,750,900,1250,1400,below_p25,keep_current,0.000,n/a,true,false,false,-,4150,high
CT,1400,3450,M4A4,RIFLE,keep_current,650,800,900,1250,1400,below_p25,keep_current,0.000,n/a,true,false,false,-,4200,high
CT,1400,3500,M4A4,RIFLE,keep_current,850,850,1000,1250,1400,below_p25,keep_current,0.000,n/a,true,false,false,flash1,4050,high
CT,1400,3550,M4A4,RIFLE,keep_current,850,900,1000,1300,1400,below_p25,keep_current,0.000,n/a,true,false,false,flash1,4100,high
CT,1400,3600,M4A4,RIFLE,keep_current,950,950,1000,1250,1400,below_p25,keep_current,0.000,n/a,true,false,false,smoke,4050,high
CT,1400,3650,M4A4,RIFLE,keep_current,950,1000,900,1200,1400,within,keep_current,0.000,n/a,true,false,false,smoke,4100,high
CT,1400,3700,M4A4,RIFLE,keep_current,950,1050,800,1200,1400,within,keep_current,0.000,n/a,true,false,false,smoke,4150,high
CT,1400,3750,M4A4,RIFLE,keep_current,950,1100,800,1300,1400,within,keep_current,0.000,n/a,true,false,false,smoke,4200,high
CT,1400,3800,M4A4,RIFLE,keep_current,1150,1150,800,1300,1400,within,keep_current,0.000,n/a,true,false,false,smoke+flash1,4050,high
CT,1400,3850,M4A4,RIFLE,keep_current,1150,1200,800,1250,1400,within,keep_current,0.000,n/a,true,false,false,smoke+flash1,4100,high
CT,1400,3900,M4A4,RIFLE,keep_current,1150,1250,800,1200,1400,within,keep_current,0.000,n/a,true,false,false,smoke+flash1,4150,high
CT,1400,3950,M4A4,RIFLE,keep_current,1150,1300,800,1200,1300,within,keep_current,0.000,n/a,true,false,false,smoke+flash1,4200,high
CT,1400,4000,M4A4,RIFLE,keep_current,1150,1350,800,1200,1300,within,keep_current,0.000,n/a,true,false,false,smoke+flash1,4250,high
CT,1400,4050,M4A4,RIFLE,keep_current,1150,1400,800,1100,1300,within,keep_current,0.000,n/a,true,false,false,smoke+flash1,4300,high
CT,1400,4100,M4A4,RIFLE,keep_current,1450,1450,800,1100,1300,above_p75,keep_current,0.000,n/a,true,false,false,smoke+flash1+HE,4050,high
CT,1400,4150,M4A4,RIFLE,keep_current,1450,1500,700,1100,1300,above_p75,keep_current,0.000,n/a,true,false,false,smoke+flash1+HE,4100,high
CT,1400,4200,M4A4,RIFLE,keep_current,1550,1550,700,1100,1300,above_p75,keep_current,0.000,n/a,true,false,true,smoke+flash1,4050,high
CT,1400,4250,M4A4,RIFLE,keep_current,1550,1600,700,1000,1300,above_p75,keep_current,0.000,n/a,true,false,true,smoke+flash1,4100,high
CT,1400,4300,M4A4,RIFLE,keep_current,1550,1650,700,1000,1300,above_p75,keep_current,0.000,n/a,true,false,true,smoke+flash1,4150,high
CT,1400,4350,M4A4,RIFLE,keep_current,1550,1700,700,1000,1300,above_p75,keep_current,0.000,n/a,true,false,true,smoke+flash1,4200,high
CT,1400,4400,M4A4,RIFLE,keep_current,1550,1750,700,800,1300,above_p75,keep_current,0.000,n/a,true,false,true,smoke+flash1,4250,high
CT,1400,4450,M4A4,RIFLE,keep_current,1550,1800,700,800,1300,above_p75,keep_current,0.000,n/a,true,false,true,smoke+flash1,4300,high
CT,1400,4500,M4A4,RIFLE,keep_current,1850,1850,700,800,1300,above_p75,keep_current,0.000,n/a,true,false,true,smoke+flash1+HE,4050,high
CT,1400,4550,M4A4,RIFLE,keep_current,1850,1900,600,800,1200,above_p75,keep_current,0.000,n/a,true,false,true,smoke+flash1+HE,4100,high
CT,1400,4600,M4A4,RIFLE,keep_current,1850,1950,600,800,1200,above_p75,keep_current,0.000,n/a,true,false,true,smoke+flash1+HE,4150,high
CT,1400,4650,M4A4,RIFLE,keep_current,1850,2000,600,800,1150,above_p75,keep_current,0.000,n/a,true,false,true,smoke+flash1+HE,4200,high
CT,1400,4700,M4A4,RIFLE,keep_current,2050,2050,600,800,1100,above_p75,keep_current,0.000,n/a,true,false,true,smoke+flash1+fire,4050,high
CT,1400,4750,M4A4,RIFLE,keep_current,2050,2100,600,800,1000,above_p75,keep_current,0.000,n/a,true,false,true,smoke+flash1+fire,4100,high
CT,1400,4800,M4A4,RIFLE,keep_current,2150,2150,500,800,900,above_p75,keep_current,0.000,n/a,true,true,false,smoke+flash1,4050,high
CT,1400,4850,M4A4,RIFLE,keep_current,2150,2200,500,800,800,above_p75,keep_current,0.000,n/a,true,true,false,smoke+flash1,4100,high
CT,1400,4900,M4A4,RIFLE,keep_current,2150,2250,500,800,800,above_p75,keep_current,0.000,n/a,true,true,false,smoke+flash1,4150,high
CT,1400,4950,M4A4,RIFLE,keep_current,2150,2300,500,800,800,above_p75,keep_current,0.000,n/a,true,true,false,smoke+flash1,4200,high
CT,1400,5000,M4A4,RIFLE,keep_current,2150,2350,500,700,800,above_p75,keep_current,0.000,n/a,true,true,false,smoke+flash1,4250,high
CT,1400,5050,M4A4,RIFLE,keep_current,2150,2400,500,700,800,above_p75,keep_current,0.000,n/a,true,true,false,smoke+flash1,4300,high
CT,1400,5100,M4A4,RIFLE,keep_current,2450,2450,500,700,800,above_p75,keep_current,0.000,n/a,true,true,false,smoke+flash1+HE,4050,high
CT,1400,5150,M4A4,RIFLE,keep_current,2450,2500,500,700,800,above_p75,keep_current,0.000,n/a,true,true,false,smoke+flash1+HE,4100,high
CT,1400,5200,M4A4,RIFLE,keep_current,2550,2550,500,800,800,above_p75,keep_current,0.000,n/a,true,true,true,smoke+flash1,4050,high
CT,1400,5250,M4A4,RIFLE,keep_current,2550,2600,500,800,800,above_p75,keep_current,0.000,n/a,true,true,true,smoke+flash1,4100,high
CT,1400,5300,M4A4,RIFLE,keep_current,2550,2650,500,800,800,above_p75,keep_current,0.000,n/a,true,true,true,smoke+flash1,4150,high
CT,1400,5350,M4A4,RIFLE,keep_current,2550,2700,500,800,800,above_p75,keep_current,0.000,n/a,true,true,true,smoke+flash1,4200,high
CT,1400,5400,M4A4,RIFLE,keep_current,2550,2750,500,800,800,above_p75,keep_current,0.000,n/a,true,true,true,smoke+flash1,4250,high
CT,1400,5450,M4A4,RIFLE,keep_current,2550,2800,500,800,800,above_p75,keep_current,0.000,n/a,true,true,true,smoke+flash1,4300,high
CT,1400,5500,M4A4,RIFLE,keep_current,2850,2850,500,800,800,above_p75,keep_current,0.000,n/a,true,true,true,smoke+flash1+HE,4050,high
CT,1400,5550,M4A4,RIFLE,keep_current,2850,2900,500,800,800,above_p75,keep_current,0.000,n/a,true,true,true,smoke+flash1+HE,4100,high
CT,1400,5600,M4A4,RIFLE,keep_current,2850,2950,500,800,800,above_p75,keep_current,0.000,n/a,true,true,true,smoke+flash1+HE,4150,high
CT,1400,5650,M4A4,RIFLE,keep_current,2850,3000,500,800,800,above_p75,keep_current,0.000,n/a,true,true,true,smoke+flash1+HE,4200,high
CT,1400,5700,M4A4,RIFLE,keep_current,3050,3050,500,800,800,above_p75,keep_current,0.000,n/a,true,true,true,smoke+flash1+fire,4050,high
CT,1400,5750,M4A4,RIFLE,keep_current,3050,3100,500,800,800,above_p75,keep_current,0.000,n/a,true,true,true,smoke+flash1+fire,4100,high
CT,1400,5800,M4A4,RIFLE,keep_current,3050,3150,500,800,800,above_p75,keep_current,0.000,n/a,true,true,true,smoke+flash1+fire,4150,high
CT,1400,5850,M4A4,RIFLE,keep_current,3050,3200,500,800,800,above_p75,keep_current,0.000,n/a,true,true,true,smoke+flash1+fire,4200,high
CT,1400,5900,M4A4,RIFLE,keep_current,3050,3250,500,800,800,above_p75,keep_current,0.000,n/a,true,true,true,smoke+flash1+fire,4250,high
CT,1400,5950,M4A4,RIFLE,keep_current,3050,3300,500,800,800,above_p75,keep_current,0.000,n/a,true,true,true,smoke+flash1+fire,4300,high
CT,1400,6000,M4A4,RIFLE,keep_current,3350,3350,500,800,800,above_p75,keep_current,0.000,n/a,true,true,true,smoke+flash1+HE+fire,4050,high
CT,1400,3400,MAC-10,RIFLE,keep_current,650,750,800,1300,1650,below_p25,keep_current,0.000,n/a,true,false,false,-,4150,high
CT,1400,3450,MAC-10,RIFLE,keep_current,650,800,800,1300,1700,below_p25,keep_current,0.000,n/a,true,false,false,-,4200,high
CT,1400,3500,MAC-10,RIFLE,keep_current,850,850,800,1300,1700,within,keep_current,0.000,n/a,true,false,false,flash1,4050,high
CT,1400,3550,MAC-10,RIFLE,keep_current,850,900,800,1300,1700,within,keep_current,0.000,n/a,true,false,false,flash1,4100,high
CT,1400,3600,MAC-10,RIFLE,keep_current,950,950,800,1300,1700,within,keep_current,0.000,n/a,true,false,false,smoke,4050,high
CT,1400,3650,MAC-10,RIFLE,keep_current,950,1000,800,1300,1700,within,keep_current,0.000,n/a,true,false,false,smoke,4100,high
CT,1400,3700,MAC-10,RIFLE,keep_current,950,1050,800,1300,1700,within,keep_current,0.000,n/a,true,false,false,smoke,4150,high
CT,1400,3750,MAC-10,RIFLE,keep_current,950,1100,800,1300,1700,within,keep_current,0.000,n/a,true,false,false,smoke,4200,high
CT,1400,3800,MAC-10,RIFLE,keep_current,1150,1150,800,1300,1700,within,keep_current,0.000,n/a,true,false,false,smoke+flash1,4050,high
CT,1400,3850,MAC-10,RIFLE,keep_current,1150,1200,800,1300,1700,within,keep_current,0.000,n/a,true,false,false,smoke+flash1,4100,high
CT,1400,3900,MAC-10,RIFLE,keep_current,1150,1250,900,1300,1700,within,keep_current,0.000,n/a,true,false,false,smoke+flash1,4150,high
CT,1400,3950,MAC-10,RIFLE,keep_current,1150,1300,900,1300,1700,within,keep_current,0.000,n/a,true,false,false,smoke+flash1,4200,high
CT,1400,4000,MAC-10,RIFLE,keep_current,1150,1350,900,1300,1700,within,keep_current,0.000,n/a,true,false,false,smoke+flash1,4250,high
CT,1400,4050,MAC-10,RIFLE,keep_current,1150,1400,900,1300,1700,within,keep_current,0.000,n/a,true,false,false,smoke+flash1,4300,high
CT,1400,4100,MAC-10,RIFLE,keep_current,1450,1450,900,1300,1700,within,keep_current,0.000,n/a,true,false,false,smoke+flash1+HE,4050,high
CT,1400,4150,MAC-10,RIFLE,keep_current,1450,1500,900,1300,1700,within,keep_current,0.000,n/a,true,false,false,smoke+flash1+HE,4100,high
CT,1400,4200,MAC-10,RIFLE,keep_current,1450,1550,900,1300,1700,within,keep_current,0.000,n/a,true,false,false,smoke+flash1+HE,4150,high
CT,1400,4250,MAC-10,RIFLE,keep_current,1450,1600,900,1300,1700,within,keep_current,0.000,n/a,true,false,false,smoke+flash1+HE,4200,high
CT,1400,4300,MAC-10,RIFLE,keep_current,1650,1650,900,1300,1700,within,keep_current,0.000,n/a,true,false,false,smoke+flash1+fire,4050,high
CT,1400,4350,MAC-10,RIFLE,keep_current,1650,1700,900,1300,1700,within,keep_current,0.000,n/a,true,false,false,smoke+flash1+fire,4100,high
CT,1400,4400,MAC-10,RIFLE,keep_current,1650,1750,900,1300,1700,within,keep_current,0.000,n/a,true,false,false,smoke+flash1+fire,4150,high
CT,1400,4450,MAC-10,RIFLE,keep_current,1650,1800,900,1300,1700,within,keep_current,0.000,n/a,true,false,false,smoke+flash1+fire,4200,high
CT,1400,4500,MAC-10,RIFLE,keep_current,1650,1850,900,1300,1700,within,keep_current,0.000,n/a,true,false,false,smoke+flash1+fire,4250,high
CT,1400,4550,MAC-10,RIFLE,keep_current,1650,1900,900,1300,1700,within,keep_current,0.000,n/a,true,false,false,smoke+flash1+fire,4300,high
CT,1400,4600,MAC-10,RIFLE,keep_current,1950,1950,900,1300,1700,above_p75,keep_current,0.000,n/a,true,false,false,smoke+flash1+HE+fire,4050,high
CT,1400,4650,MAC-10,RIFLE,keep_current,1950,2000,900,1300,1700,above_p75,keep_current,0.000,n/a,true,false,false,smoke+flash1+HE+fire,4100,high
CT,1400,4700,MAC-10,RIFLE,keep_current,1950,2050,900,1300,1700,above_p75,keep_current,0.000,n/a,true,false,false,smoke+flash1+HE+fire,4150,high
CT,1400,4750,MAC-10,RIFLE,keep_current,1950,2100,800,1300,1700,above_p75,keep_current,0.000,n/a,true,false,false,smoke+flash1+HE+fire,4200,high
CT,1400,4800,MAC-10,RIFLE,keep_current,1950,2150,800,1300,1700,above_p75,keep_current,0.000,n/a,true,false,false,smoke+flash1+HE+fire,4250,high
CT,1400,4850,MAC-10,RIFLE,keep_current,1950,2200,800,1300,1700,above_p75,keep_current,0.000,n/a,true,false,false,smoke+flash1+HE+fire,4300,high
CT,1400,4900,MAC-10,RIFLE,keep_current,1950,2250,800,1300,1700,above_p75,keep_current,0.000,n/a,true,false,false,smoke+flash1+HE+fire,4350,high
CT,1400,4950,MAC-10,RIFLE,keep_current,1950,2300,800,1300,1700,above_p75,keep_current,0.000,n/a,true,false,false,smoke+flash1+HE+fire,4400,high
CT,1400,5000,MAC-10,RIFLE,keep_current,1950,2350,800,1300,1700,above_p75,keep_current,0.000,n/a,true,false,false,smoke+flash1+HE+fire,4450,high
CT,1400,5050,MAC-10,RIFLE,keep_current,1950,2400,800,1300,1700,above_p75,keep_current,0.000,n/a,true,false,false,smoke+flash1+HE+fire,4500,high
CT,1400,5100,MAC-10,RIFLE,keep_current,1950,2450,800,1300,1700,above_p75,keep_current,0.000,n/a,true,false,false,smoke+flash1+HE+fire,4550,high
CT,1400,5150,MAC-10,RIFLE,keep_current,1950,2500,800,1200,1700,above_p75,keep_current,0.000,n/a,true,false,false,smoke+flash1+HE+fire,4600,high
CT,1400,5200,MAC-10,RIFLE,keep_current,1950,2550,800,1200,1700,above_p75,keep_current,0.000,n/a,true,false,false,smoke+flash1+HE+fire,4650,high
CT,1400,5250,MAC-10,RIFLE,keep_current,1950,2600,800,1200,1650,above_p75,keep_current,0.000,n/a,true,false,false,smoke+flash1+HE+fire,4700,high
CT,1400,5300,MAC-10,RIFLE,keep_current,1950,2650,800,1200,1600,above_p75,keep_current,0.000,n/a,true,false,false,smoke+flash1+HE+fire,4750,high
CT,1400,5350,MAC-10,RIFLE,keep_current,1950,2700,800,1200,1600,above_p75,keep_current,0.000,n/a,true,false,false,smoke+flash1+HE+fire,4800,high
CT,1400,5400,MAC-10,RIFLE,keep_current,1950,2750,800,1200,1600,above_p75,keep_current,0.000,n/a,true,false,false,smoke+flash1+HE+fire,4850,high
CT,1400,5450,MAC-10,RIFLE,keep_current,1950,2800,800,1200,1600,above_p75,keep_current,0.000,n/a,true,false,false,smoke+flash1+HE+fire,4900,high
CT,1400,5500,MAC-10,RIFLE,keep_current,1950,2850,800,1200,1600,above_p75,keep_current,0.000,n/a,true,false,false,smoke+flash1+HE+fire,4950,high
CT,1400,5550,MAC-10,RIFLE,keep_current,1950,2900,800,1200,1600,above_p75,keep_current,0.000,n/a,true,false,false,smoke+flash1+HE+fire,5000,high
CT,1400,5600,MAC-10,RIFLE,keep_current,1950,2950,800,1200,1600,above_p75,keep_current,0.000,n/a,true,false,false,smoke+flash1+HE+fire,5050,high
CT,1400,5650,MAC-10,RIFLE,keep_current,1950,3000,800,1200,1600,above_p75,keep_current,0.000,n/a,true,false,false,smoke+flash1+HE+fire,5100,high
CT,1400,5700,MAC-10,RIFLE,keep_current,1950,3050,800,1200,1600,above_p75,keep_current,0.000,n/a,true,false,false,smoke+flash1+HE+fire,5150,high
CT,1400,5750,MAC-10,RIFLE,keep_current,1950,3100,800,1200,1600,above_p75,keep_current,0.000,n/a,true,false,false,smoke+flash1+HE+fire,5200,high
CT,1400,5800,MAC-10,RIFLE,keep_current,1950,3150,800,1200,1600,above_p75,keep_current,0.000,n/a,true,false,false,smoke+flash1+HE+fire,5250,high
CT,1400,5850,MAC-10,RIFLE,keep_current,1950,3200,800,1200,1600,above_p75,keep_current,0.000,n/a,true,false,false,smoke+flash1+HE+fire,5300,high
CT,1400,5900,MAC-10,RIFLE,keep_current,1950,3250,800,1200,1600,above_p75,keep_current,0.000,n/a,true,false,false,smoke+flash1+HE+fire,5350,high
CT,1400,5950,MAC-10,RIFLE,keep_current,1950,3300,800,1200,1600,above_p75,keep_current,0.000,n/a,true,false,false,smoke+flash1+HE+fire,5400,high
CT,1400,6000,MAC-10,RIFLE,keep_current,1950,3350,800,1200,1600,above_p75,keep_current,0.000,n/a,true,false,false,smoke+flash1+HE+fire,5450,high
CT,1400,3400,MP9,RIFLE,keep_current,650,750,800,1300,1650,below_p25,keep_current,0.000,n/a,true,false,false,-,4150,high
CT,1400,3450,MP9,RIFLE,keep_current,650,800,800,1300,1650,below_p25,keep_current,0.000,n/a,true,false,false,-,4200,high
CT,1400,3500,MP9,RIFLE,keep_current,850,850,800,1300,1650,within,keep_current,0.000,n/a,true,false,false,flash1,4050,high
CT,1400,3550,MP9,RIFLE,keep_current,850,900,800,1300,1650,within,keep_current,0.000,n/a,true,false,false,flash1,4100,high
CT,1400,3600,MP9,RIFLE,keep_current,950,950,800,1300,1650,within,keep_current,0.000,n/a,true,false,false,smoke,4050,high
CT,1400,3650,MP9,RIFLE,keep_current,950,1000,800,1300,1650,within,keep_current,0.000,n/a,true,false,false,smoke,4100,high
CT,1400,3700,MP9,RIFLE,keep_current,950,1050,900,1300,1700,within,keep_current,0.000,n/a,true,false,false,smoke,4150,high
CT,1400,3750,MP9,RIFLE,keep_current,950,1100,900,1300,1700,within,keep_current,0.000,n/a,true,false,false,smoke,4200,high
CT,1400,3800,MP9,RIFLE,keep_current,1150,1150,900,1300,1700,within,keep_current,0.000,n/a,true,false,false,smoke+flash1,4050,high
CT,1400,3850,MP9,RIFLE,keep_current,1150,1200,900,1300,1700,within,keep_current,0.000,n/a,true,false,false,smoke+flash1,4100,high
CT,1400,3900,MP9,RIFLE,keep_current,1150,1250,900,1300,1700,within,keep_current,0.000,n/a,true,false,false,smoke+flash1,4150,high
CT,1400,3950,MP9,RIFLE,keep_current,1150,1300,900,1300,1700,within,keep_current,0.000,n/a,true,false,false,smoke+flash1,4200,high
CT,1400,4000,MP9,RIFLE,keep_current,1150,1350,900,1300,1700,within,keep_current,0.000,n/a,true,false,false,smoke+flash1,4250,high
CT,1400,4050,MP9,RIFLE,keep_current,1150,1400,1000,1300,1700,within,keep_current,0.000,n/a,true,false,false,smoke+flash1,4300,high
CT,1400,4100,MP9,RIFLE,keep_current,1450,1450,1000,1300,1700,within,keep_current,0.000,n/a,true,false,false,smoke+flash1+HE,4050,high
CT,1400,4150,MP9,RIFLE,keep_current,1450,1500,1000,1300,1700,within,keep_current,0.000,n/a,true,false,false,smoke+flash1+HE,4100,high
CT,1400,4200,MP9,RIFLE,keep_current,1450,1550,1000,1300,1700,within,keep_current,0.000,n/a,true,false,false,smoke+flash1+HE,4150,high
CT,1400,4250,MP9,RIFLE,keep_current,1450,1600,1000,1300,1700,within,keep_current,0.000,n/a,true,false,false,smoke+flash1+HE,4200,high
CT,1400,4300,MP9,RIFLE,keep_current,1650,1650,1000,1300,1700,within,keep_current,0.000,n/a,true,false,false,smoke+flash1+fire,4050,high
CT,1400,4350,MP9,RIFLE,keep_current,1650,1700,1000,1300,1700,within,keep_current,0.000,n/a,true,false,false,smoke+flash1+fire,4100,high
CT,1400,4400,MP9,RIFLE,keep_current,1650,1750,1000,1300,1700,within,keep_current,0.000,n/a,true,false,false,smoke+flash1+fire,4150,high
CT,1400,4450,MP9,RIFLE,keep_current,1650,1800,1000,1300,1750,within,keep_current,0.000,n/a,true,false,false,smoke+flash1+fire,4200,high
CT,1400,4500,MP9,RIFLE,keep_current,1650,1850,1000,1300,1750,within,keep_current,0.000,n/a,true,false,false,smoke+flash1+fire,4250,high
CT,1400,4550,MP9,RIFLE,keep_current,1650,1900,1000,1300,1800,within,keep_current,0.000,n/a,true,false,false,smoke+flash1+fire,4300,high
CT,1400,4600,MP9,RIFLE,keep_current,1950,1950,1000,1300,1800,above_p75,keep_current,0.000,n/a,true,false,false,smoke+flash1+HE+fire,4050,high
CT,1400,4650,MP9,RIFLE,keep_current,1950,2000,1000,1300,1800,above_p75,keep_current,0.000,n/a,true,false,false,smoke+flash1+HE+fire,4100,high
CT,1400,4700,MP9,RIFLE,keep_current,1950,2050,1000,1300,1800,above_p75,keep_current,0.000,n/a,true,false,false,smoke+flash1+HE+fire,4150,high
CT,1400,4750,MP9,RIFLE,keep_current,1950,2100,1000,1300,1800,above_p75,keep_current,0.000,n/a,true,false,false,smoke+flash1+HE+fire,4200,high
CT,1400,4800,MP9,RIFLE,keep_current,1950,2150,1000,1300,1800,above_p75,keep_current,0.000,n/a,true,false,false,smoke+flash1+HE+fire,4250,high
CT,1400,4850,MP9,RIFLE,keep_current,1950,2200,1000,1300,1700,above_p75,keep_current,0.000,n/a,true,false,false,smoke+flash1+HE+fire,4300,high
CT,1400,4900,MP9,RIFLE,keep_current,1950,2250,1000,1300,1700,above_p75,keep_current,0.000,n/a,true,false,false,smoke+flash1+HE+fire,4350,high
CT,1400,4950,MP9,RIFLE,keep_current,1950,2300,1000,1300,1700,above_p75,keep_current,0.000,n/a,true,false,false,smoke+flash1+HE+fire,4400,high
CT,1400,5000,MP9,RIFLE,keep_current,1950,2350,1000,1300,1700,above_p75,keep_current,0.000,n/a,true,false,false,smoke+flash1+HE+fire,4450,high
CT,1400,5050,MP9,RIFLE,keep_current,1950,2400,1000,1300,1700,above_p75,keep_current,0.000,n/a,true,false,false,smoke+flash1+HE+fire,4500,high
CT,1400,5100,MP9,RIFLE,keep_current,1950,2450,1000,1300,1700,above_p75,keep_current,0.000,n/a,true,false,false,smoke+flash1+HE+fire,4550,high
CT,1400,5150,MP9,RIFLE,keep_current,1950,2500,900,1300,1700,above_p75,keep_current,0.000,n/a,true,false,false,smoke+flash1+HE+fire,4600,high
CT,1400,5200,MP9,RIFLE,keep_current,1950,2550,800,1300,1700,above_p75,keep_current,0.000,n/a,true,false,false,smoke+flash1+HE+fire,4650,high
CT,1400,5250,MP9,RIFLE,keep_current,1950,2600,800,1300,1700,above_p75,keep_current,0.000,n/a,true,false,false,smoke+flash1+HE+fire,4700,high
CT,1400,5300,MP9,RIFLE,keep_current,1950,2650,800,1300,1700,above_p75,keep_current,0.000,n/a,true,false,false,smoke+flash1+HE+fire,4750,high
CT,1400,5350,MP9,RIFLE,keep_current,1950,2700,800,1300,1700,above_p75,keep_current,0.000,n/a,true,false,false,smoke+flash1+HE+fire,4800,high
CT,1400,5400,MP9,RIFLE,keep_current,1950,2750,800,1200,1700,above_p75,keep_current,0.000,n/a,true,false,false,smoke+flash1+HE+fire,4850,high
CT,1400,5450,MP9,RIFLE,keep_current,1950,2800,800,1200,1700,above_p75,keep_current,0.000,n/a,true,false,false,smoke+flash1+HE+fire,4900,high
CT,1400,5500,MP9,RIFLE,keep_current,1950,2850,800,1200,1700,above_p75,keep_current,0.000,n/a,true,false,false,smoke+flash1+HE+fire,4950,high
CT,1400,5550,MP9,RIFLE,keep_current,1950,2900,800,1200,1700,above_p75,keep_current,0.000,n/a,true,false,false,smoke+flash1+HE+fire,5000,high
CT,1400,5600,MP9,RIFLE,keep_current,1950,2950,800,1200,1700,above_p75,keep_current,0.000,n/a,true,false,false,smoke+flash1+HE+fire,5050,high
CT,1400,5650,MP9,RIFLE,keep_current,1950,3000,800,1200,1700,above_p75,keep_current,0.000,n/a,true,false,false,smoke+flash1+HE+fire,5100,high
CT,1400,5700,MP9,RIFLE,keep_current,1950,3050,800,1200,1650,above_p75,keep_current,0.000,n/a,true,false,false,smoke+flash1+HE+fire,5150,high
CT,1400,5750,MP9,RIFLE,keep_current,1950,3100,800,1200,1600,above_p75,keep_current,0.000,n/a,true,false,false,smoke+flash1+HE+fire,5200,high
CT,1400,5800,MP9,RIFLE,keep_current,1950,3150,800,1200,1600,above_p75,keep_current,0.000,n/a,true,false,false,smoke+flash1+HE+fire,5250,high
CT,1400,5850,MP9,RIFLE,keep_current,1950,3200,800,1200,1600,above_p75,keep_current,0.000,n/a,true,false,false,smoke+flash1+HE+fire,5300,high
CT,1400,5900,MP9,RIFLE,keep_current,1950,3250,800,1200,1600,above_p75,keep_current,0.000,n/a,true,false,false,smoke+flash1+HE+fire,5350,high
CT,1400,5950,MP9,RIFLE,keep_current,1950,3300,800,1200,1600,above_p75,keep_current,0.000,n/a,true,false,false,smoke+flash1+HE+fire,5400,high
CT,1400,6000,MP9,RIFLE,keep_current,1950,3350,800,1200,1600,above_p75,keep_current,0.000,n/a,true,false,false,smoke+flash1+HE+fire,5450,high
CT,1900,800,none,SAVE,none,0,0,650,650,650,below_p25,none,0.000,absent,false,false,false,-,2700,medium
CT,1900,850,none,SAVE,none,0,0,650,650,650,below_p25,none,0.000,absent,false,false,false,-,2750,medium
CT,1900,900,none,SAVE,none,0,0,650,650,650,below_p25,none,0.000,absent,false,false,false,-,2800,medium
CT,1900,950,none,SAVE,none,0,0,650,650,650,below_p25,none,0.000,absent,false,false,false,-,2850,medium
CT,1900,1000,none,SAVE,none,0,0,650,650,650,below_p25,none,0.000,absent,false,false,false,-,2900,medium
CT,1900,1050,none,SAVE,none,0,0,650,650,650,below_p25,none,0.000,absent,false,false,false,-,2950,medium
CT,1900,1100,none,SAVE,none,0,0,650,650,650,below_p25,none,0.000,absent,false,false,false,-,3000,medium
CT,1900,1150,none,SAVE,none,0,0,650,650,650,below_p25,none,0.000,absent,false,false,false,-,3050,medium
CT,1900,1200,none,SAVE,none,0,0,650,650,650,below_p25,none,0.000,absent,false,false,false,-,3100,medium
CT,1900,1250,none,SAVE,none,0,0,650,650,650,below_p25,none,0.000,absent,false,false,false,-,3150,medium
CT,1900,1300,none,SAVE,none,0,0,650,650,650,below_p25,none,0.000,absent,false,false,false,-,3200,medium
CT,1900,1350,none,SAVE,none,0,0,650,650,800,below_p25,none,0.000,absent,false,false,false,-,3250,medium
CT,1900,1400,none,SAVE,none,0,0,650,650,800,below_p25,none,0.000,absent,false,false,false,-,3300,medium
CT,1900,1450,none,SAVE,none,0,0,650,1350,1450,below_p25,none,0.000,absent,false,false,false,-,3350,medium
CT,1900,1500,none,SAVE,none,0,0,650,1450,1450,below_p25,none,0.000,absent,false,false,false,-,3400,medium
CT,1900,1550,none,SAVE,none,0,0,650,1450,1450,below_p25,none,0.000,absent,false,false,false,-,3450,medium
CT,1900,1600,none,SAVE,none,0,0,800,1450,1450,below_p25,none,0.000,absent,false,false,false,-,3500,medium
CT,1900,1650,none,SAVE,none,0,0,1400,1450,1600,below_p25,none,0.000,absent,false,false,false,-,3550,medium
CT,1900,1700,none,SAVE,none,0,0,1450,1450,1650,below_p25,none,0.000,absent,false,false,false,-,3600,medium
CT,1900,1750,none,SAVE,none,0,0,1450,1550,1650,below_p25,none,0.000,absent,false,false,false,-,3650,medium
CT,1900,1800,none,SAVE,none,0,0,1450,1650,1750,below_p25,none,0.000,absent,false,false,false,-,3700,medium
CT,1900,1850,none,SAVE,none,0,0,1450,1650,1750,below_p25,none,0.000,absent,false,false,false,-,3750,medium
CT,1900,1900,none,SAVE,none,0,0,1300,1650,1800,below_p25,none,0.000,absent,false,false,false,-,3800,medium
CT,1900,1950,none,SAVE,none,0,0,650,1750,1850,below_p25,none,0.000,absent,false,false,false,-,3850,medium
CT,1900,2000,none,SAVE,none,0,0,300,1750,1900,below_p25,none,0.000,absent,false,false,false,-,3900,medium
CT,1900,2050,none,SAVE,none,0,0,0,1750,1900,within,none,0.000,absent,false,false,false,-,3950,medium
CT,1900,2100,none,SAVE,none,0,0,0,1800,1950,within,none,0.000,absent,false,false,false,-,4000,medium
CT,1900,2150,none,SAVE,none,0,0,0,1800,2000,within,none,0.000,absent,false,false,false,-,4050,medium
CT,1900,2200,none,SAVE,none,0,50,200,1950,2150,below_p25,none,0.000,absent,false,false,false,-,4100,medium
CT,1900,2250,none,SAVE,none,0,100,300,2000,2200,below_p25,none,0.000,absent,false,false,false,-,4150,medium
CT,1900,2300,none,SAVE,none,0,150,300,2000,2200,below_p25,none,0.000,absent,false,false,false,-,4200,medium
CT,1900,2350,none,SAVE,none,0,200,300,2050,2200,below_p25,none,0.000,absent,false,false,false,-,4250,medium
CT,1900,2400,none,SAVE,none,0,250,500,2100,2200,below_p25,none,0.000,absent,false,false,false,-,4300,medium
CT,1900,2450,none,SAVE,none,300,300,500,2100,2250,below_p25,none,0.000,absent,false,false,false,HE,4050,medium
CT,1900,2500,none,SAVE,none,300,350,500,2150,2300,below_p25,none,0.000,absent,false,false,false,HE,4100,medium
CT,1900,2550,none,SAVE,none,300,400,700,2200,2500,below_p25,none,0.000,absent,false,false,false,HE,4150,medium
CT,1900,2600,none,SAVE,none,300,450,700,2200,2500,below_p25,none,0.000,absent,false,false,false,HE,4200,medium
CT,1900,2650,none,SAVE,none,500,500,700,2200,2500,below_p25,none,0.000,absent,false,false,false,fire,4050,medium
CT,1900,2700,none,SAVE,none,500,550,700,2350,2550,below_p25,none,0.000,absent,false,false,false,fire,4100,medium
CT,1900,2750,none,SAVE,none,500,600,700,2400,2550,below_p25,none,0.000,absent,false,false,false,fire,4150,medium
CT,1900,2800,none,SAVE,none,500,650,700,2400,2600,below_p25,none,0.000,absent,false,false,false,fire,4200,medium
CT,1900,2850,none,SAVE,none,500,700,700,2450,2700,below_p25,none,0.000,absent,false,false,false,fire,4250,medium
CT,1900,2900,none,SAVE,none,500,750,1000,2600,2850,below_p25,none,0.000,absent,false,false,false,fire,4300,medium
CT,1900,2950,none,SAVE,none,800,800,900,2600,2900,below_p25,none,0.000,absent,false,false,false,HE+fire,4050,medium
CT,1900,3000,none,SAVE,none,800,850,900,2700,2900,below_p25,none,0.000,absent,false,false,false,HE+fire,4100,medium
CT,1900,3050,none,SAVE,none,800,900,1150,2700,2900,below_p25,none,0.000,absent,false,false,false,HE+fire,4150,medium
CT,1900,3100,none,LIGHT,paid_pistol,950,950,1150,2850,3000,below_p25,P250,0.000,absent,true,false,false,-,4050,medium
CT,1900,3150,none,LIGHT,paid_pistol,950,1000,800,2850,3000,within,P250,0.000,absent,true,false,false,-,4100,medium
CT,1900,3200,none,LIGHT,paid_pistol,950,1050,1300,2900,3100,below_p25,P250,0.000,absent,true,false,false,-,4150,medium
CT,1900,3250,none,LIGHT,paid_pistol,950,1100,1150,2900,3150,below_p25,P250,0.000,absent,true,false,false,-,4200,medium
CT,1900,3300,none,LIGHT,paid_pistol,1150,1150,1000,2900,3200,within,Five-SeveN,0.000,absent,true,false,false,-,4050,medium
CT,1900,3350,none,LIGHT,paid_pistol,1150,1200,1000,2900,3200,within,Five-SeveN,0.000,absent,true,false,false,-,4100,medium
CT,1900,3400,none,LIGHT,paid_pistol,1150,1250,1150,3000,3200,within,Five-SeveN,0.000,absent,true,false,false,-,4150,medium
CT,1900,3450,none,LIGHT,paid_pistol,1150,1300,1150,3000,3200,within,Five-SeveN,0.000,absent,true,false,false,-,4200,medium
CT,1900,3500,none,LIGHT,paid_pistol,1350,1350,1100,2900,3200,within,Five-SeveN,0.000,absent,true,false,false,flash1,4050,medium
CT,1900,3550,none,LIGHT,paid_pistol,1350,1400,1450,3200,3400,below_p25,Five-SeveN,0.000,absent,true,false,false,flash1,4100,medium
CT,1900,3600,none,LIGHT,paid_pistol,1450,1450,1450,3200,3550,within,Five-SeveN,0.000,absent,true,false,false,smoke,4050,medium
CT,1900,3650,none,LIGHT,paid_pistol,1450,1500,1450,3200,3550,within,Five-SeveN,0.000,absent,true,false,false,smoke,4100,medium
CT,1900,3700,none,LIGHT,paid_pistol,1450,1550,1450,3200,3550,within,Five-SeveN,0.000,absent,true,false,false,smoke,4150,medium
CT,1900,3750,none,LIGHT,paid_pistol,1450,1600,1450,3300,3550,within,Five-SeveN,0.000,absent,true,false,false,smoke,4200,medium
CT,1900,3800,none,LIGHT,paid_pistol,1650,1650,1650,3400,3550,within,Five-SeveN,0.000,absent,true,false,false,smoke+flash1,4050,medium
CT,1900,3850,none,LIGHT,paid_pistol,1650,1700,2900,3750,3850,below_p25,Five-SeveN,0.000,absent,true,false,false,smoke+flash1,4100,medium
CT,1900,3900,none,LIGHT,paid_pistol,1650,1750,2900,3750,3850,below_p25,Five-SeveN,0.000,absent,true,false,false,smoke+flash1,4150,medium
CT,1900,3950,none,LIGHT,paid_pistol,1650,1800,2900,3750,3850,below_p25,Five-SeveN,0.000,absent,true,false,false,smoke+flash1,4200,medium
CT,1900,4000,none,LIGHT,paid_pistol,1650,1850,2600,3750,3850,below_p25,Five-SeveN,0.000,absent,true,false,false,smoke+flash1,4250,medium
CT,1900,4050,none,SMG,smg,1900,1900,3700,3850,4050,below_p25,MP9,0.000,absent,true,false,false,-,4050,medium
CT,1900,4100,none,RIFLE,rifle,4050,4100,3600,3850,4050,within,M4A4,NaN,low,true,false,false,smoke+flash1,1950,medium
CT,1900,4150,none,RIFLE,rifle,4050,4150,3850,4050,4050,within,M4A4,NaN,low,true,false,false,smoke+flash1,2000,medium
CT,1900,4200,none,RIFLE,rifle,4050,4200,3850,4050,4150,within,M4A4,NaN,low,true,false,false,smoke+flash1,2050,medium
CT,1900,4250,none,RIFLE,rifle,4250,4250,3850,4050,4150,above_p75,M4A4,NaN,low,true,false,true,smoke,1900,medium
CT,1900,4300,none,RIFLE,rifle,4250,4300,3850,4050,4150,above_p75,M4A4,NaN,low,true,false,true,smoke,1950,medium
CT,1900,4350,none,RIFLE,rifle,4250,4350,4050,4150,4350,within,M4A4,NaN,low,true,false,true,smoke,2000,high
CT,1900,4400,none,RIFLE,rifle,4250,4400,4050,4200,4350,within,M4A4,NaN,low,true,false,true,smoke,2050,high
CT,1900,4450,none,RIFLE,rifle,4450,4450,4050,4250,4350,above_p75,M4A4,NaN,low,true,false,true,smoke+flash1,1900,high
CT,1900,4500,none,RIFLE,rifle,4450,4500,4050,4250,4350,above_p75,M4A4,NaN,low,true,false,true,smoke+flash1,1950,high
CT,1900,4550,none,RIFLE,rifle,4450,4550,4250,4350,4550,within,M4A4,NaN,low,true,false,true,smoke+flash1,2000,high
CT,1900,4600,none,RIFLE,rifle,4450,4600,4250,4350,4550,within,M4A4,NaN,low,true,false,true,smoke+flash1,2050,high
CT,1900,4650,none,RIFLE,rifle,4650,4650,4350,4550,4550,above_p75,M4A4,NaN,low,true,false,true,smoke+flash2,1900,high
CT,1900,4700,none,RIFLE,rifle,4650,4700,4350,4550,4650,within,M4A4,NaN,low,true,false,true,smoke+flash2,1950,high
CT,1900,4750,none,RIFLE,rifle,4750,4750,4350,4550,4650,above_p75,M4A4,NaN,low,true,false,true,smoke+flash1+HE,1900,high
CT,1900,4800,none,RIFLE,rifle,4750,4800,4350,4550,4650,above_p75,M4A4,NaN,low,true,false,true,smoke+flash1+HE,1950,high
CT,1900,4850,none,RIFLE,rifle,4750,4850,4650,4700,4850,within,M4A4,NaN,low,true,false,true,smoke+flash1+HE,2000,high
CT,1900,4900,none,RIFLE,rifle,4750,4900,4650,4750,4850,within,M4A4,NaN,low,true,false,true,smoke+flash1+HE,2050,high
CT,1900,4950,none,RIFLE,rifle,4950,4950,4650,4850,4850,above_p75,M4A4,NaN,low,true,false,true,smoke+flash1+fire,1900,high
CT,1900,5000,none,RIFLE,rifle,4950,5000,4700,4850,4850,above_p75,M4A4,NaN,low,true,false,true,smoke+flash1+fire,1950,high
CT,1900,5050,none,RIFLE,rifle,4950,5050,4750,4850,4850,above_p75,M4A4,NaN,low,true,false,true,smoke+flash1+fire,2000,high
CT,1900,5100,none,RIFLE,rifle,4950,5100,4750,4850,4900,above_p75,M4A4,NaN,low,true,false,true,smoke+flash1+fire,2050,high
CT,1900,5150,none,RIFLE,rifle,5150,5150,4750,4850,4900,above_p75,M4A4,NaN,low,true,false,true,smoke+flash2+fire,1900,high
CT,1900,5200,none,RIFLE,rifle,5150,5200,4850,5000,5200,within,M4A4,NaN,low,true,false,true,smoke+flash2+fire,1950,high
CT,1900,5250,none,RIFLE,rifle,5250,5250,4850,5050,5200,above_p75,M4A4,NaN,low,true,false,true,smoke+flash1+HE+fire,1900,high
CT,1900,5300,none,RIFLE,rifle,5250,5300,4850,5200,5200,above_p75,M4A4,NaN,low,true,false,true,smoke+flash1+HE+fire,1950,high
CT,1900,5350,none,RIFLE,rifle,5250,5350,4850,5200,5200,above_p75,M4A4,NaN,low,true,false,true,smoke+flash1+HE+fire,2000,high
CT,1900,5400,none,RIFLE,rifle,5250,5400,5050,5200,5250,within,M4A4,NaN,low,true,false,true,smoke+flash1+HE+fire,2050,high
CT,1900,5450,none,RIFLE,rifle,5250,5450,5050,5200,5250,within,M4A4,NaN,low,true,false,true,smoke+flash1+HE+fire,2100,high
CT,1900,5500,none,RIFLE,rifle,5250,5500,5050,5200,5250,within,M4A4,NaN,low,true,false,true,smoke+flash1+HE+fire,2150,high
CT,1900,5550,none,RIFLE,rifle,5250,5550,5050,5200,5250,within,M4A4,NaN,low,true,false,true,smoke+flash1+HE+fire,2200,high
CT,1900,5600,none,RIFLE,rifle,5250,5600,5200,5250,5400,within,M4A4,NaN,low,true,false,true,smoke+flash1+HE+fire,2250,high
CT,1900,5650,none,RIFLE,rifle,5250,5650,5200,5250,5600,within,M4A4,NaN,low,true,false,true,smoke+flash1+HE+fire,2300,high
CT,1900,5700,none,RIFLE,rifle,5250,5700,5200,5250,5600,within,M4A4,NaN,low,true,false,true,smoke+flash1+HE+fire,2350,high
CT,1900,5750,none,RIFLE,rifle,5250,5750,5200,5250,5600,within,M4A4,NaN,low,true,false,true,smoke+flash1+HE+fire,2400,high
CT,1900,5800,none,RIFLE,rifle,5250,5800,5200,5250,5600,within,M4A4,NaN,low,true,false,true,smoke+flash1+HE+fire,2450,high
CT,1900,5850,none,RIFLE,rifle,5250,5850,5200,5250,5600,within,M4A4,NaN,low,true,false,true,smoke+flash1+HE+fire,2500,high
CT,1900,5900,none,RIFLE,rifle,5250,5900,5200,5250,5600,within,M4A4,NaN,low,true,false,true,smoke+flash1+HE+fire,2550,high
CT,1900,5950,none,RIFLE,rifle,5250,5950,5200,5250,5600,within,M4A4,NaN,low,true,false,true,smoke+flash1+HE+fire,2600,high
CT,1900,6000,none,RIFLE,rifle,5250,6000,5200,5250,5600,within,M4A4,NaN,low,true,false,true,smoke+flash1+HE+fire,2650,high
CT,1900,1400,AK-47,RIFLE,keep_current,650,650,0,500,1300,within,keep_current,0.000,n/a,true,false,false,-,2650,high
CT,1900,1450,AK-47,RIFLE,keep_current,650,650,0,500,1300,within,keep_current,0.000,n/a,true,false,false,-,2700,high
CT,1900,1500,AK-47,RIFLE,keep_current,650,650,0,500,1300,within,keep_current,0.000,n/a,true,false,false,-,2750,high
CT,1900,1550,AK-47,RIFLE,keep_current,650,650,0,500,1300,within,keep_current,0.000,n/a,true,false,false,-,2800,high
CT,1900,1600,AK-47,RIFLE,keep_current,650,650,0,500,1300,within,keep_current,0.000,n/a,true,false,false,-,2850,high
CT,1900,1650,AK-47,RIFLE,keep_current,650,650,0,500,1200,within,keep_current,0.000,n/a,true,false,false,-,2900,high
CT,1900,1700,AK-47,RIFLE,keep_current,650,650,0,500,1200,within,keep_current,0.000,n/a,true,false,false,-,2950,high
CT,1900,1750,AK-47,RIFLE,keep_current,650,650,0,400,1200,within,keep_current,0.000,n/a,true,false,false,-,3000,high
CT,1900,1800,AK-47,RIFLE,keep_current,650,650,0,400,1200,within,keep_current,0.000,n/a,true,false,false,-,3050,high
CT,1900,1850,AK-47,RIFLE,keep_current,650,650,0,300,1200,within,keep_current,0.000,n/a,true,false,false,-,3100,high
CT,1900,1900,AK-47,RIFLE,keep_current,650,650,0,300,1150,within,keep_current,0.000,n/a,true,false,false,-,3150,high
CT,1900,1950,AK-47,RIFLE,keep_current,650,650,0,300,1100,within,keep_current,0.000,n/a,true,false,false,-,3200,high
CT,1900,2000,AK-47,RIFLE,keep_current,650,650,0,300,800,within,keep_current,0.000,n/a,true,false,false,-,3250,high
CT,1900,2050,AK-47,RIFLE,keep_current,650,650,0,300,800,within,keep_current,0.000,n/a,true,false,false,-,3300,high
CT,1900,2100,AK-47,RIFLE,keep_current,650,650,0,300,800,within,keep_current,0.000,n/a,true,false,false,-,3350,high
CT,1900,2150,AK-47,RIFLE,keep_current,650,650,0,300,800,within,keep_current,0.000,n/a,true,false,false,-,3400,high
CT,1900,2200,AK-47,RIFLE,keep_current,650,650,0,300,800,within,keep_current,0.000,n/a,true,false,false,-,3450,high
CT,1900,2250,AK-47,RIFLE,keep_current,650,650,0,300,800,within,keep_current,0.000,n/a,true,false,false,-,3500,high
CT,1900,2300,AK-47,RIFLE,keep_current,650,650,0,300,800,within,keep_current,0.000,n/a,true,false,false,-,3550,high
CT,1900,2350,AK-47,RIFLE,keep_current,650,650,0,300,800,within,keep_current,0.000,n/a,true,false,false,-,3600,high
CT,1900,2400,AK-47,RIFLE,keep_current,650,650,0,300,800,within,keep_current,0.000,n/a,true,false,false,-,3650,high
CT,1900,2450,AK-47,RIFLE,keep_current,650,650,0,300,800,within,keep_current,0.000,n/a,true,false,false,-,3700,high
CT,1900,2500,AK-47,RIFLE,keep_current,650,650,0,300,800,within,keep_current,0.000,n/a,true,false,false,-,3750,high
CT,1900,2550,AK-47,RIFLE,keep_current,650,650,0,300,800,within,keep_current,0.000,n/a,true,false,false,-,3800,high
CT,1900,2600,AK-47,RIFLE,keep_current,650,650,0,300,800,within,keep_current,0.000,n/a,true,false,false,-,3850,high
CT,1900,2650,AK-47,RIFLE,keep_current,650,650,0,400,800,within,keep_current,0.000,n/a,true,false,false,-,3900,high
CT,1900,2700,AK-47,RIFLE,keep_current,650,650,0,400,800,within,keep_current,0.000,n/a,true,false,false,-,3950,high
CT,1900,2750,AK-47,RIFLE,keep_current,650,650,0,400,800,within,keep_current,0.000,n/a,true,false,false,-,4000,high
CT,1900,2800,AK-47,RIFLE,keep_current,650,650,0,400,800,within,keep_current,0.000,n/a,true,false,false,-,4050,high
CT,1900,2850,AK-47,RIFLE,keep_current,650,700,0,400,800,within,keep_current,0.000,n/a,true,false,false,-,4100,high
CT,1900,2900,AK-47,RIFLE,keep_current,650,750,0,400,800,within,keep_current,0.000,n/a,true,false,false,-,4150,high
CT,1900,2950,AK-47,RIFLE,keep_current,650,800,0,400,800,within,keep_current,0.000,n/a,true,false,false,-,4200,high
CT,1900,3000,AK-47,RIFLE,keep_current,850,850,0,400,800,above_p75,keep_current,0.000,n/a,true,false,false,flash1,4050,high
CT,1900,3050,AK-47,RIFLE,keep_current,850,900,0,400,800,above_p75,keep_current,0.000,n/a,true,false,false,flash1,4100,high
CT,1900,3100,AK-47,RIFLE,keep_current,950,950,0,400,800,above_p75,keep_current,0.000,n/a,true,false,false,smoke,4050,high
CT,1900,3150,AK-47,RIFLE,keep_current,950,1000,0,400,800,above_p75,keep_current,0.000,n/a,true,false,false,smoke,4100,high
CT,1900,3200,AK-47,RIFLE,keep_current,950,1050,0,400,800,above_p75,keep_current,0.000,n/a,true,false,false,smoke,4150,high
CT,1900,3250,AK-47,RIFLE,keep_current,950,1100,0,400,800,above_p75,keep_current,0.000,n/a,true,false,false,smoke,4200,high
CT,1900,3300,AK-47,RIFLE,keep_current,1150,1150,0,400,800,above_p75,keep_current,0.000,n/a,true,false,false,smoke+flash1,4050,high
CT,1900,3350,AK-47,RIFLE,keep_current,1150,1200,0,400,800,above_p75,keep_current,0.000,n/a,true,false,false,smoke+flash1,4100,high
CT,1900,3400,AK-47,RIFLE,keep_current,1150,1250,0,400,800,above_p75,keep_current,0.000,n/a,true,false,false,smoke+flash1,4150,high
CT,1900,3450,AK-47,RIFLE,keep_current,1150,1300,0,400,800,above_p75,keep_current,0.000,n/a,true,false,false,smoke+flash1,4200,high
CT,1900,3500,AK-47,RIFLE,keep_current,1150,1350,0,400,800,above_p75,keep_current,0.000,n/a,true,false,false,smoke+flash1,4250,high
CT,1900,3550,AK-47,RIFLE,keep_current,1150,1400,0,400,800,above_p75,keep_current,0.000,n/a,true,false,false,smoke+flash1,4300,high
CT,1900,3600,AK-47,RIFLE,keep_current,1450,1450,0,400,800,above_p75,keep_current,0.000,n/a,true,false,false,smoke+flash1+HE,4050,high
CT,1900,3650,AK-47,RIFLE,keep_current,1450,1500,0,400,800,above_p75,keep_current,0.000,n/a,true,false,false,smoke+flash1+HE,4100,high
CT,1900,3700,AK-47,RIFLE,keep_current,1550,1550,0,500,800,above_p75,keep_current,0.000,n/a,true,false,true,smoke+flash1,4050,high
CT,1900,3750,AK-47,RIFLE,keep_current,1550,1600,200,500,800,above_p75,keep_current,0.000,n/a,true,false,true,smoke+flash1,4100,high
CT,1900,3800,AK-47,RIFLE,keep_current,1550,1650,200,500,800,above_p75,keep_current,0.000,n/a,true,false,true,smoke+flash1,4150,high
CT,1900,3850,AK-47,RIFLE,keep_current,1550,1700,200,500,800,above_p75,keep_current,0.000,n/a,true,false,true,smoke+flash1,4200,high
CT,1900,3900,AK-47,RIFLE,keep_current,1550,1750,300,600,800,above_p75,keep_current,0.000,n/a,true,false,true,smoke+flash1,4250,high
CT,1900,3950,AK-47,RIFLE,keep_current,1550,1800,300,600,800,above_p75,keep_current,0.000,n/a,true,false,true,smoke+flash1,4300,high
CT,1900,4000,AK-47,RIFLE,keep_current,1850,1850,300,600,800,above_p75,keep_current,0.000,n/a,true,false,true,smoke+flash1+HE,4050,high
CT,1900,4050,AK-47,RIFLE,keep_current,1850,1900,300,600,800,above_p75,keep_current,0.000,n/a,true,false,true,smoke+flash1+HE,4100,high
CT,1900,4100,AK-47,RIFLE,keep_current,1850,1950,300,600,800,above_p75,keep_current,0.000,n/a,true,false,true,smoke+flash1+HE,4150,high
CT,1900,4150,AK-47,RIFLE,keep_current,1850,2000,300,600,800,above_p75,keep_current,0.000,n/a,true,false,true,smoke+flash1+HE,4200,high
CT,1900,4200,AK-47,RIFLE,keep_current,2050,2050,300,600,800,above_p75,keep_current,0.000,n/a,true,false,true,smoke+flash1+fire,4050,high
CT,1900,4250,AK-47,RIFLE,keep_current,2050,2100,300,700,800,above_p75,keep_current,0.000,n/a,true,false,true,smoke+flash1+fire,4100,high
CT,1900,1400,M4A1-S,RIFLE,keep_current,650,650,0,500,1300,within,keep_current,0.000,n/a,true,false,false,-,2650,high
CT,1900,1450,M4A1-S,RIFLE,keep_current,650,650,0,500,1300,within,keep_current,0.000,n/a,true,false,false,-,2700,high
CT,1900,1500,M4A1-S,RIFLE,keep_current,650,650,0,500,1300,within,keep_current,0.000,n/a,true,false,false,-,2750,high
CT,1900,1550,M4A1-S,RIFLE,keep_current,650,650,0,500,1300,within,keep_current,0.000,n/a,true,false,false,-,2800,high
CT,1900,1600,M4A1-S,RIFLE,keep_current,650,650,0,500,1300,within,keep_current,0.000,n/a,true,false,false,-,2850,high
CT,1900,1650,M4A1-S,RIFLE,keep_current,650,650,0,500,1200,within,keep_current,0.000,n/a,true,false,false,-,2900,high
CT,1900,1700,M4A1-S,RIFLE,keep_current,650,650,0,500,1200,within,keep_current,0.000,n/a,true,false,false,-,2950,high
CT,1900,1750,M4A1-S,RIFLE,keep_current,650,650,0,400,1200,within,keep_current,0.000,n/a,true,false,false,-,3000,high
CT,1900,1800,M4A1-S,RIFLE,keep_current,650,650,0,400,1200,within,keep_current,0.000,n/a,true,false,false,-,3050,high
CT,1900,1850,M4A1-S,RIFLE,keep_current,650,650,0,300,1200,within,keep_current,0.000,n/a,true,false,false,-,3100,high
CT,1900,1900,M4A1-S,RIFLE,keep_current,650,650,0,300,1150,within,keep_current,0.000,n/a,true,false,false,-,3150,high
CT,1900,1950,M4A1-S,RIFLE,keep_current,650,650,0,300,1100,within,keep_current,0.000,n/a,true,false,false,-,3200,high
CT,1900,2000,M4A1-S,RIFLE,keep_current,650,650,0,300,800,within,keep_current,0.000,n/a,true,false,false,-,3250,high
CT,1900,2050,M4A1-S,RIFLE,keep_current,650,650,0,300,800,within,keep_current,0.000,n/a,true,false,false,-,3300,high
CT,1900,2100,M4A1-S,RIFLE,keep_current,650,650,0,300,800,within,keep_current,0.000,n/a,true,false,false,-,3350,high
CT,1900,2150,M4A1-S,RIFLE,keep_current,650,650,0,300,800,within,keep_current,0.000,n/a,true,false,false,-,3400,high
CT,1900,2200,M4A1-S,RIFLE,keep_current,650,650,0,300,800,within,keep_current,0.000,n/a,true,false,false,-,3450,high
CT,1900,2250,M4A1-S,RIFLE,keep_current,650,650,0,300,800,within,keep_current,0.000,n/a,true,false,false,-,3500,high
CT,1900,2300,M4A1-S,RIFLE,keep_current,650,650,0,300,800,within,keep_current,0.000,n/a,true,false,false,-,3550,high
CT,1900,2350,M4A1-S,RIFLE,keep_current,650,650,0,300,800,within,keep_current,0.000,n/a,true,false,false,-,3600,high
CT,1900,2400,M4A1-S,RIFLE,keep_current,650,650,0,300,800,within,keep_current,0.000,n/a,true,false,false,-,3650,high
CT,1900,2450,M4A1-S,RIFLE,keep_current,650,650,0,300,800,within,keep_current,0.000,n/a,true,false,false,-,3700,high
CT,1900,2500,M4A1-S,RIFLE,keep_current,650,650,0,300,800,within,keep_current,0.000,n/a,true,false,false,-,3750,high
CT,1900,2550,M4A1-S,RIFLE,keep_current,650,650,0,300,800,within,keep_current,0.000,n/a,true,false,false,-,3800,high
CT,1900,2600,M4A1-S,RIFLE,keep_current,650,650,0,300,800,within,keep_current,0.000,n/a,true,false,false,-,3850,high
CT,1900,2650,M4A1-S,RIFLE,keep_current,650,650,0,400,800,within,keep_current,0.000,n/a,true,false,false,-,3900,high
CT,1900,2700,M4A1-S,RIFLE,keep_current,650,650,0,400,800,within,keep_current,0.000,n/a,true,false,false,-,3950,high
CT,1900,2750,M4A1-S,RIFLE,keep_current,650,650,0,400,800,within,keep_current,0.000,n/a,true,false,false,-,4000,high
CT,1900,2800,M4A1-S,RIFLE,keep_current,650,650,0,400,800,within,keep_current,0.000,n/a,true,false,false,-,4050,high
CT,1900,2850,M4A1-S,RIFLE,keep_current,650,700,0,400,800,within,keep_current,0.000,n/a,true,false,false,-,4100,high
CT,1900,2900,M4A1-S,RIFLE,keep_current,650,750,0,400,800,within,keep_current,0.000,n/a,true,false,false,-,4150,high
CT,1900,2950,M4A1-S,RIFLE,keep_current,650,800,0,400,800,within,keep_current,0.000,n/a,true,false,false,-,4200,high
CT,1900,3000,M4A1-S,RIFLE,keep_current,850,850,0,400,800,above_p75,keep_current,0.000,n/a,true,false,false,flash1,4050,high
CT,1900,3050,M4A1-S,RIFLE,keep_current,850,900,0,400,800,above_p75,keep_current,0.000,n/a,true,false,false,flash1,4100,high
CT,1900,3100,M4A1-S,RIFLE,keep_current,950,950,0,400,800,above_p75,keep_current,0.000,n/a,true,false,false,smoke,4050,high
CT,1900,3150,M4A1-S,RIFLE,keep_current,950,1000,0,400,800,above_p75,keep_current,0.000,n/a,true,false,false,smoke,4100,high
CT,1900,3200,M4A1-S,RIFLE,keep_current,950,1050,0,400,800,above_p75,keep_current,0.000,n/a,true,false,false,smoke,4150,high
CT,1900,3250,M4A1-S,RIFLE,keep_current,950,1100,0,400,800,above_p75,keep_current,0.000,n/a,true,false,false,smoke,4200,high
CT,1900,3300,M4A1-S,RIFLE,keep_current,1150,1150,0,400,800,above_p75,keep_current,0.000,n/a,true,false,false,smoke+flash1,4050,high
CT,1900,3350,M4A1-S,RIFLE,keep_current,1150,1200,0,400,800,above_p75,keep_current,0.000,n/a,true,false,false,smoke+flash1,4100,high
CT,1900,3400,M4A1-S,RIFLE,keep_current,1150,1250,0,400,800,above_p75,keep_current,0.000,n/a,true,false,false,smoke+flash1,4150,high
CT,1900,3450,M4A1-S,RIFLE,keep_current,1150,1300,0,400,800,above_p75,keep_current,0.000,n/a,true,false,false,smoke+flash1,4200,high
CT,1900,3500,M4A1-S,RIFLE,keep_current,1150,1350,0,400,800,above_p75,keep_current,0.000,n/a,true,false,false,smoke+flash1,4250,high
CT,1900,3550,M4A1-S,RIFLE,keep_current,1150,1400,0,400,800,above_p75,keep_current,0.000,n/a,true,false,false,smoke+flash1,4300,high
CT,1900,3600,M4A1-S,RIFLE,keep_current,1450,1450,0,400,800,above_p75,keep_current,0.000,n/a,true,false,false,smoke+flash1+HE,4050,high
CT,1900,3650,M4A1-S,RIFLE,keep_current,1450,1500,0,400,800,above_p75,keep_current,0.000,n/a,true,false,false,smoke+flash1+HE,4100,high
CT,1900,3700,M4A1-S,RIFLE,keep_current,1550,1550,0,500,800,above_p75,keep_current,0.000,n/a,true,false,true,smoke+flash1,4050,high
CT,1900,3750,M4A1-S,RIFLE,keep_current,1550,1600,200,500,800,above_p75,keep_current,0.000,n/a,true,false,true,smoke+flash1,4100,high
CT,1900,3800,M4A1-S,RIFLE,keep_current,1550,1650,200,500,800,above_p75,keep_current,0.000,n/a,true,false,true,smoke+flash1,4150,high
CT,1900,3850,M4A1-S,RIFLE,keep_current,1550,1700,200,500,800,above_p75,keep_current,0.000,n/a,true,false,true,smoke+flash1,4200,high
CT,1900,3900,M4A1-S,RIFLE,keep_current,1550,1750,300,600,800,above_p75,keep_current,0.000,n/a,true,false,true,smoke+flash1,4250,high
CT,1900,3950,M4A1-S,RIFLE,keep_current,1550,1800,300,600,800,above_p75,keep_current,0.000,n/a,true,false,true,smoke+flash1,4300,high
CT,1900,4000,M4A1-S,RIFLE,keep_current,1850,1850,300,600,800,above_p75,keep_current,0.000,n/a,true,false,true,smoke+flash1+HE,4050,high
CT,1900,4050,M4A1-S,RIFLE,keep_current,1850,1900,300,600,800,above_p75,keep_current,0.000,n/a,true,false,true,smoke+flash1+HE,4100,high
CT,1900,4100,M4A1-S,RIFLE,keep_current,1850,1950,300,600,800,above_p75,keep_current,0.000,n/a,true,false,true,smoke+flash1+HE,4150,high
CT,1900,4150,M4A1-S,RIFLE,keep_current,1850,2000,300,600,800,above_p75,keep_current,0.000,n/a,true,false,true,smoke+flash1+HE,4200,high
CT,1900,4200,M4A1-S,RIFLE,keep_current,2050,2050,300,600,800,above_p75,keep_current,0.000,n/a,true,false,true,smoke+flash1+fire,4050,high
CT,1900,4250,M4A1-S,RIFLE,keep_current,2050,2100,300,700,800,above_p75,keep_current,0.000,n/a,true,false,true,smoke+flash1+fire,4100,high
CT,1900,1400,M4A4,RIFLE,keep_current,650,650,0,500,1300,within,keep_current,0.000,n/a,true,false,false,-,2650,high
CT,1900,1450,M4A4,RIFLE,keep_current,650,650,0,500,1300,within,keep_current,0.000,n/a,true,false,false,-,2700,high
CT,1900,1500,M4A4,RIFLE,keep_current,650,650,0,500,1300,within,keep_current,0.000,n/a,true,false,false,-,2750,high
CT,1900,1550,M4A4,RIFLE,keep_current,650,650,0,500,1300,within,keep_current,0.000,n/a,true,false,false,-,2800,high
CT,1900,1600,M4A4,RIFLE,keep_current,650,650,0,500,1300,within,keep_current,0.000,n/a,true,false,false,-,2850,high
CT,1900,1650,M4A4,RIFLE,keep_current,650,650,0,500,1200,within,keep_current,0.000,n/a,true,false,false,-,2900,high
CT,1900,1700,M4A4,RIFLE,keep_current,650,650,0,500,1200,within,keep_current,0.000,n/a,true,false,false,-,2950,high
CT,1900,1750,M4A4,RIFLE,keep_current,650,650,0,400,1200,within,keep_current,0.000,n/a,true,false,false,-,3000,high
CT,1900,1800,M4A4,RIFLE,keep_current,650,650,0,400,1200,within,keep_current,0.000,n/a,true,false,false,-,3050,high
CT,1900,1850,M4A4,RIFLE,keep_current,650,650,0,300,1200,within,keep_current,0.000,n/a,true,false,false,-,3100,high
CT,1900,1900,M4A4,RIFLE,keep_current,650,650,0,300,1150,within,keep_current,0.000,n/a,true,false,false,-,3150,high
CT,1900,1950,M4A4,RIFLE,keep_current,650,650,0,300,1100,within,keep_current,0.000,n/a,true,false,false,-,3200,high
CT,1900,2000,M4A4,RIFLE,keep_current,650,650,0,300,800,within,keep_current,0.000,n/a,true,false,false,-,3250,high
CT,1900,2050,M4A4,RIFLE,keep_current,650,650,0,300,800,within,keep_current,0.000,n/a,true,false,false,-,3300,high
CT,1900,2100,M4A4,RIFLE,keep_current,650,650,0,300,800,within,keep_current,0.000,n/a,true,false,false,-,3350,high
CT,1900,2150,M4A4,RIFLE,keep_current,650,650,0,300,800,within,keep_current,0.000,n/a,true,false,false,-,3400,high
CT,1900,2200,M4A4,RIFLE,keep_current,650,650,0,300,800,within,keep_current,0.000,n/a,true,false,false,-,3450,high
CT,1900,2250,M4A4,RIFLE,keep_current,650,650,0,300,800,within,keep_current,0.000,n/a,true,false,false,-,3500,high
CT,1900,2300,M4A4,RIFLE,keep_current,650,650,0,300,800,within,keep_current,0.000,n/a,true,false,false,-,3550,high
CT,1900,2350,M4A4,RIFLE,keep_current,650,650,0,300,800,within,keep_current,0.000,n/a,true,false,false,-,3600,high
CT,1900,2400,M4A4,RIFLE,keep_current,650,650,0,300,800,within,keep_current,0.000,n/a,true,false,false,-,3650,high
CT,1900,2450,M4A4,RIFLE,keep_current,650,650,0,300,800,within,keep_current,0.000,n/a,true,false,false,-,3700,high
CT,1900,2500,M4A4,RIFLE,keep_current,650,650,0,300,800,within,keep_current,0.000,n/a,true,false,false,-,3750,high
CT,1900,2550,M4A4,RIFLE,keep_current,650,650,0,300,800,within,keep_current,0.000,n/a,true,false,false,-,3800,high
CT,1900,2600,M4A4,RIFLE,keep_current,650,650,0,300,800,within,keep_current,0.000,n/a,true,false,false,-,3850,high
CT,1900,2650,M4A4,RIFLE,keep_current,650,650,0,400,800,within,keep_current,0.000,n/a,true,false,false,-,3900,high
CT,1900,2700,M4A4,RIFLE,keep_current,650,650,0,400,800,within,keep_current,0.000,n/a,true,false,false,-,3950,high
CT,1900,2750,M4A4,RIFLE,keep_current,650,650,0,400,800,within,keep_current,0.000,n/a,true,false,false,-,4000,high
CT,1900,2800,M4A4,RIFLE,keep_current,650,650,0,400,800,within,keep_current,0.000,n/a,true,false,false,-,4050,high
CT,1900,2850,M4A4,RIFLE,keep_current,650,700,0,400,800,within,keep_current,0.000,n/a,true,false,false,-,4100,high
CT,1900,2900,M4A4,RIFLE,keep_current,650,750,0,400,800,within,keep_current,0.000,n/a,true,false,false,-,4150,high
CT,1900,2950,M4A4,RIFLE,keep_current,650,800,0,400,800,within,keep_current,0.000,n/a,true,false,false,-,4200,high
CT,1900,3000,M4A4,RIFLE,keep_current,850,850,0,400,800,above_p75,keep_current,0.000,n/a,true,false,false,flash1,4050,high
CT,1900,3050,M4A4,RIFLE,keep_current,850,900,0,400,800,above_p75,keep_current,0.000,n/a,true,false,false,flash1,4100,high
CT,1900,3100,M4A4,RIFLE,keep_current,950,950,0,400,800,above_p75,keep_current,0.000,n/a,true,false,false,smoke,4050,high
CT,1900,3150,M4A4,RIFLE,keep_current,950,1000,0,400,800,above_p75,keep_current,0.000,n/a,true,false,false,smoke,4100,high
CT,1900,3200,M4A4,RIFLE,keep_current,950,1050,0,400,800,above_p75,keep_current,0.000,n/a,true,false,false,smoke,4150,high
CT,1900,3250,M4A4,RIFLE,keep_current,950,1100,0,400,800,above_p75,keep_current,0.000,n/a,true,false,false,smoke,4200,high
CT,1900,3300,M4A4,RIFLE,keep_current,1150,1150,0,400,800,above_p75,keep_current,0.000,n/a,true,false,false,smoke+flash1,4050,high
CT,1900,3350,M4A4,RIFLE,keep_current,1150,1200,0,400,800,above_p75,keep_current,0.000,n/a,true,false,false,smoke+flash1,4100,high
CT,1900,3400,M4A4,RIFLE,keep_current,1150,1250,0,400,800,above_p75,keep_current,0.000,n/a,true,false,false,smoke+flash1,4150,high
CT,1900,3450,M4A4,RIFLE,keep_current,1150,1300,0,400,800,above_p75,keep_current,0.000,n/a,true,false,false,smoke+flash1,4200,high
CT,1900,3500,M4A4,RIFLE,keep_current,1150,1350,0,400,800,above_p75,keep_current,0.000,n/a,true,false,false,smoke+flash1,4250,high
CT,1900,3550,M4A4,RIFLE,keep_current,1150,1400,0,400,800,above_p75,keep_current,0.000,n/a,true,false,false,smoke+flash1,4300,high
CT,1900,3600,M4A4,RIFLE,keep_current,1450,1450,0,400,800,above_p75,keep_current,0.000,n/a,true,false,false,smoke+flash1+HE,4050,high
CT,1900,3650,M4A4,RIFLE,keep_current,1450,1500,0,400,800,above_p75,keep_current,0.000,n/a,true,false,false,smoke+flash1+HE,4100,high
CT,1900,3700,M4A4,RIFLE,keep_current,1550,1550,0,500,800,above_p75,keep_current,0.000,n/a,true,false,true,smoke+flash1,4050,high
CT,1900,3750,M4A4,RIFLE,keep_current,1550,1600,200,500,800,above_p75,keep_current,0.000,n/a,true,false,true,smoke+flash1,4100,high
CT,1900,3800,M4A4,RIFLE,keep_current,1550,1650,200,500,800,above_p75,keep_current,0.000,n/a,true,false,true,smoke+flash1,4150,high
CT,1900,3850,M4A4,RIFLE,keep_current,1550,1700,200,500,800,above_p75,keep_current,0.000,n/a,true,false,true,smoke+flash1,4200,high
CT,1900,3900,M4A4,RIFLE,keep_current,1550,1750,300,600,800,above_p75,keep_current,0.000,n/a,true,false,true,smoke+flash1,4250,high
CT,1900,3950,M4A4,RIFLE,keep_current,1550,1800,300,600,800,above_p75,keep_current,0.000,n/a,true,false,true,smoke+flash1,4300,high
CT,1900,4000,M4A4,RIFLE,keep_current,1850,1850,300,600,800,above_p75,keep_current,0.000,n/a,true,false,true,smoke+flash1+HE,4050,high
CT,1900,4050,M4A4,RIFLE,keep_current,1850,1900,300,600,800,above_p75,keep_current,0.000,n/a,true,false,true,smoke+flash1+HE,4100,high
CT,1900,4100,M4A4,RIFLE,keep_current,1850,1950,300,600,800,above_p75,keep_current,0.000,n/a,true,false,true,smoke+flash1+HE,4150,high
CT,1900,4150,M4A4,RIFLE,keep_current,1850,2000,300,600,800,above_p75,keep_current,0.000,n/a,true,false,true,smoke+flash1+HE,4200,high
CT,1900,4200,M4A4,RIFLE,keep_current,2050,2050,300,600,800,above_p75,keep_current,0.000,n/a,true,false,true,smoke+flash1+fire,4050,high
CT,1900,4250,M4A4,RIFLE,keep_current,2050,2100,300,700,800,above_p75,keep_current,0.000,n/a,true,false,true,smoke+flash1+fire,4100,high
CT,2400,1900,none,SAVE,none,0,250,0,0,1750,within,none,0.000,absent,false,false,false,-,4300,medium
CT,2400,1950,none,SAVE,none,300,300,0,0,1800,within,none,0.000,absent,false,false,false,HE,4050,medium
CT,2400,2000,none,SAVE,none,300,350,0,0,1950,within,none,0.000,absent,false,false,false,HE,4100,medium
CT,2400,2050,none,SAVE,none,300,400,0,600,1950,within,none,0.000,absent,false,false,false,HE,4150,medium
CT,2400,2100,none,SAVE,none,300,450,0,1750,2000,within,none,0.000,absent,false,false,false,HE,4200,medium
CT,2400,2150,none,SAVE,none,500,500,0,1900,2100,within,none,0.000,absent,false,false,false,fire,4050,medium
CT,2400,2200,none,SAVE,none,500,550,700,2050,2200,below_p25,none,0.000,absent,false,false,false,fire,4100,medium
CT,2400,2250,none,SAVE,none,500,600,300,2100,2200,within,none,0.000,absent,false,false,false,fire,4150,medium
CT,2400,2300,none,SAVE,none,500,650,200,1650,2200,within,none,0.000,absent,false,false,false,fire,4200,medium
CT,2400,2350,none,SAVE,none,500,700,0,700,2200,within,none,0.000,absent,false,false,false,fire,4250,medium
CT,2400,2400,none,SAVE,none,500,750,0,1450,2250,within,none,0.000,absent,false,false,false,fire,4300,medium
CT,2400,2450,none,SAVE,none,800,800,500,1950,2350,within,none,0.000,absent,false,false,false,HE+fire,4050,medium
CT,2400,2500,none,SAVE,none,800,850,500,2100,2450,within,none,0.000,absent,false,false,false,HE+fire,4100,medium
CT,2400,2550,none,SAVE,none,800,900,700,2350,2500,within,none,0.000,absent,false,false,false,HE+fire,4150,medium
CT,2400,2600,none,LIGHT,paid_pistol,950,950,700,2400,2550,within,P250,0.000,absent,true,false,false,-,4050,medium
CT,2400,2650,none,LIGHT,paid_pistol,950,1000,500,2200,2550,within,P250,0.000,absent,true,false,false,-,4100,medium
CT,2400,2700,none,LIGHT,paid_pistol,950,1050,500,1000,2550,within,P250,0.000,absent,true,false,false,-,4150,medium
CT,2400,2750,none,LIGHT,paid_pistol,950,1100,500,1000,2550,within,P250,0.000,absent,true,false,false,-,4200,medium
CT,2400,2800,none,LIGHT,paid_pistol,1150,1150,500,1150,2650,within,Five-SeveN,0.000,absent,true,false,false,-,4050,medium
CT,2400,2850,none,LIGHT,paid_pistol,1150,1200,500,1150,2700,within,Five-SeveN,0.000,absent,true,false,false,-,4100,medium
CT,2400,2900,none,LIGHT,paid_pistol,1150,1250,600,1450,2750,within,Five-SeveN,0.000,absent,true,false,false,-,4150,medium
CT,2400,2950,none,LIGHT,paid_pistol,1150,1300,700,1450,2750,within,Five-SeveN,0.000,absent,true,false,false,-,4200,medium
CT,2400,3000,none,LIGHT,paid_pistol,1350,1350,700,1450,2750,within,Five-SeveN,0.000,absent,true,false,false,flash1,4050,medium
CT,2400,3050,none,LIGHT,paid_pistol,1350,1400,700,1450,2750,within,Five-SeveN,0.000,absent,true,false,false,flash1,4100,medium
CT,2400,3100,none,LIGHT,paid_pistol,1450,1450,700,1200,2700,within,Five-SeveN,0.000,absent,true,false,false,smoke,4050,medium
CT,2400,3150,none,LIGHT,paid_pistol,1450,1500,700,1150,2550,within,Five-SeveN,0.000,absent,true,false,false,smoke,4100,medium
CT,2400,3200,none,LIGHT,paid_pistol,1450,1550,700,1450,2750,within,Five-SeveN,0.000,absent,true,false,false,smoke,4150,medium
CT,2400,3250,none,LIGHT,paid_pistol,1450,1600,700,1450,2750,within,Five-SeveN,0.000,absent,true,false,false,smoke,4200,medium
CT,2400,3300,none,LIGHT,paid_pistol,1650,1650,700,1450,2750,within,Five-SeveN,0.000,absent,true,false,false,smoke+flash1,4050,medium
CT,2400,3350,none,LIGHT,paid_pistol,1650,1700,700,1450,2800,within,Five-SeveN,0.000,absent,true,false,false,smoke+flash1,4100,medium
CT,2400,3400,none,LIGHT,paid_pistol,1650,1750,700,1450,2800,within,Five-SeveN,0.000,absent,true,false,false,smoke+flash1,4150,medium
CT,2400,3450,none,LIGHT,paid_pistol,1650,1800,700,1450,2750,within,Five-SeveN,0.000,absent,true,false,false,smoke+flash1,4200,medium
CT,2400,3500,none,LIGHT,paid_pistol,1650,1850,700,1450,2700,within,Five-SeveN,0.000,absent,true,false,false,smoke+flash1,4250,medium
CT,2400,3550,none,SMG,smg,1900,1900,800,1700,2950,within,MP9,NaN,low,true,false,false,-,4050,medium
CT,2400,3600,none,SMG,smg,1900,1950,800,1700,3200,within,MP9,NaN,low,true,false,false,-,4100,medium
CT,2400,3650,none,SMG,smg,1900,2000,800,1750,3200,within,MP9,NaN,low,true,false,false,-,4150,medium
CT,2400,3700,none,SMG,smg,1900,2050,800,1750,3200,within,MP9,NaN,low,true,false,false,-,4200,medium
CT,2400,3750,none,SMG,smg,2100,2100,1000,1900,3350,within,MP9,NaN,low,true,false,false,flash1,4050,medium
CT,2400,3800,none,SMG,smg,2100,2150,1000,1900,3350,within,MP9,NaN,low,true,false,false,flash1,4100,medium
CT,2400,3850,none,SMG,smg,2200,2200,1200,2350,3600,within,MP9,NaN,low,true,false,false,smoke,4050,medium
CT,2400,3900,none,SMG,smg,2200,2250,1450,2550,3700,within,MP9,NaN,low,true,false,false,smoke,4100,medium
CT,2400,3950,none,SMG,smg,2200,2300,1450,2500,3700,within,MP9,NaN,low,true,false,false,smoke,4150,medium
CT,2400,4000,none,SMG,smg,2200,2350,1450,2500,3700,within,MP9,NaN,low,true,false,false,smoke,4200,medium
CT,2400,4050,none,SMG,smg,2400,2400,1650,3400,3850,within,MP9,NaN,low,true,false,false,smoke+flash1,4050,medium
CT,2400,4100,none,SMG,smg,2400,2450,1650,3400,3850,within,MP9,NaN,low,true,false,false,smoke+flash1,4100,medium
CT,2400,4150,none,SMG,smg,2400,2500,1750,3700,4050,within,MP9,0.000,absent,true,false,false,smoke+flash1,4150,medium
CT,2400,4200,none,SMG,smg,2400,2550,1750,3750,4050,within,MP9,0.000,absent,true,false,false,smoke+flash1,4200,medium
CT,2400,4250,none,RIFLE,rifle,4250,4250,1900,3850,4050,above_p75,M4A4,NaN,low,true,false,true,smoke,2400,medium
CT,2400,4300,none,RIFLE,rifle,4250,4300,1950,3850,4050,above_p75,M4A4,NaN,low,true,false,true,smoke,2450,medium
CT,2400,4350,none,RIFLE,rifle,4250,4350,3550,4050,4250,within,M4A4,NaN,low,true,false,true,smoke,2500,medium
CT,2400,4400,none,RIFLE,rifle,4250,4400,3550,4050,4300,within,M4A4,NaN,low,true,false,true,smoke,2550,medium
CT,2400,4450,none,RIFLE,rifle,4450,4450,3550,4050,4300,above_p75,M4A4,NaN,low,true,false,true,smoke+flash1,2400,medium
CT,2400,4500,none,RIFLE,rifle,4450,4500,3650,4150,4350,above_p75,M4A4,NaN,low,true,false,true,smoke+flash1,2450,high
CT,2400,4550,none,RIFLE,rifle,4450,4550,3850,4200,4350,above_p75,M4A4,NaN,low,true,false,true,smoke+flash1,2500,high
CT,2400,4600,none,RIFLE,rifle,4450,4600,3850,4250,4400,above_p75,M4A4,NaN,low,true,false,true,smoke+flash1,2550,high
CT,2400,4650,none,RIFLE,rifle,4650,4650,4150,4350,4550,above_p75,M4A4,NaN,low,true,false,true,smoke+flash2,2400,high
CT,2400,4700,none,RIFLE,rifle,4650,4700,4150,4350,4650,within,M4A4,NaN,low,true,false,true,smoke+flash2,2450,high
CT,2400,4750,none,RIFLE,rifle,4750,4750,4150,4500,4650,above_p75,M4A4,NaN,low,true,false,true,smoke+flash1+HE,2400,high
CT,2400,4800,none,RIFLE,rifle,4750,4800,4150,4500,4650,above_p75,M4A4,NaN,low,true,false,true,smoke+flash1+HE,2450,high
CT,2400,4850,none,RIFLE,rifle,4750,4850,4350,4650,4750,within,M4A4,NaN,low,true,false,true,smoke+flash1+HE,2500,high
CT,2400,4900,none,RIFLE,rifle,4750,4900,4350,4650,4850,within,M4A4,NaN,low,true,false,true,smoke+flash1+HE,2550,high
CT,2400,4950,none,RIFLE,rifle,4950,4950,4350,4650,4850,above_p75,M4A4,NaN,low,true,false,true,smoke+flash1+fire,2400,high
CT,2400,5000,none,RIFLE,rifle,4950,5000,4500,4650,4850,above_p75,M4A4,NaN,low,true,false,true,smoke+flash1+fire,2450,high
CT,2400,5050,none,RIFLE,rifle,4950,5050,4550,4700,4850,above_p75,M4A4,NaN,low,true,false,true,smoke+flash1+fire,2500,high
CT,2400,5100,none,RIFLE,rifle,4950,5100,4550,4700,4850,above_p75,M4A4,NaN,low,true,false,true,smoke+flash1+fire,2550,high
CT,2400,5150,none,RIFLE,rifle,5150,5150,4550,4700,4850,above_p75,M4A4,NaN,low,true,false,true,smoke+flash2+fire,2400,high
CT,2400,5200,none,RIFLE,rifle,5150,5200,4650,4850,5000,above_p75,M4A4,NaN,low,true,false,true,smoke+flash2+fire,2450,high
CT,2400,5250,none,RIFLE,rifle,5250,5250,4650,4850,5050,above_p75,M4A4,NaN,low,true,false,true,smoke+flash1+HE+fire,2400,high
CT,2400,5300,none,RIFLE,rifle,5250,5300,4650,4850,5100,above_p75,M4A4,NaN,low,true,false,true,smoke+flash1+HE+fire,2450,high
CT,2400,5350,none,RIFLE,rifle,5250,5350,4650,4850,5200,above_p75,M4A4,NaN,low,true,false,true,smoke+flash1+HE+fire,2500,high
CT,2400,5400,none,RIFLE,rifle,5250,5400,4700,4850,5200,above_p75,M4A4,NaN,low,true,false,true,smoke+flash1+HE+fire,2550,high
CT,2400,5450,none,RIFLE,rifle,5250,5450,4700,4850,5200,above_p75,M4A4,NaN,low,true,false,true,smoke+flash1+HE+fire,2600,high
CT,2400,5500,none,RIFLE,rifle,5250,5500,4700,4850,5200,above_p75,M4A4,NaN,low,true,false,true,smoke+flash1+HE+fire,2650,high
CT,2400,5550,none,RIFLE,rifle,5250,5550,4750,4900,5200,above_p75,M4A4,NaN,low,true,false,true,smoke+flash1+HE+fire,2700,high
CT,2400,5600,none,RIFLE,rifle,5250,5600,4850,5050,5250,within,M4A4,NaN,low,true,false,true,smoke+flash1+HE+fire,2750,high
CT,2400,5650,none,RIFLE,rifle,5250,5650,4850,5100,5250,within,M4A4,NaN,low,true,false,true,smoke+flash1+HE+fire,2800,high
CT,2400,5700,none,RIFLE,rifle,5250,5700,4850,5200,5400,within,M4A4,NaN,low,true,false,true,smoke+flash1+HE+fire,2850,high
CT,2400,5750,none,RIFLE,rifle,5250,5750,4850,5200,5450,within,M4A4,NaN,low,true,false,true,smoke+flash1+HE+fire,2900,high
CT,2400,5800,none,RIFLE,rifle,5250,5800,4850,5200,5600,within,M4A4,NaN,low,true,false,true,smoke+flash1+HE+fire,2950,high
CT,2400,5850,none,RIFLE,rifle,5250,5850,4850,5200,5600,within,M4A4,NaN,low,true,false,true,smoke+flash1+HE+fire,3000,high
CT,2400,5900,none,RIFLE,rifle,5250,5900,5000,5250,5600,within,M4A4,NaN,low,true,false,true,smoke+flash1+HE+fire,3050,high
CT,2400,5950,none,RIFLE,rifle,5250,5950,5050,5250,5600,within,M4A4,NaN,low,true,false,true,smoke+flash1+HE+fire,3100,high
CT,2400,6000,none,RIFLE,rifle,5250,6000,5050,5250,5600,within,M4A4,NaN,low,true,false,true,smoke+flash1+HE+fire,3150,high
CT,2400,1900,AK-47,RIFLE,keep_current,650,650,0,300,600,above_p75,keep_current,0.000,n/a,true,false,false,-,3650,high
CT,2400,1950,AK-47,RIFLE,keep_current,650,650,0,300,600,above_p75,keep_current,0.000,n/a,true,false,false,-,3700,high
CT,2400,2000,AK-47,RIFLE,keep_current,650,650,0,300,600,above_p75,keep_current,0.000,n/a,true,false,false,-,3750,high
CT,2400,2050,AK-47,RIFLE,keep_current,650,650,0,300,600,above_p75,keep_current,0.000,n/a,true,false,false,-,3800,high
CT,2400,2100,AK-47,RIFLE,keep_current,650,650,0,300,600,above_p75,keep_current,0.000,n/a,true,false,false,-,3850,high
CT,2400,2150,AK-47,RIFLE,keep_current,650,650,0,300,600,above_p75,keep_current,0.000,n/a,true,false,false,-,3900,high
CT,2400,2200,AK-47,RIFLE,keep_current,650,650,0,300,600,above_p75,keep_current,0.000,n/a,true,false,false,-,3950,high
CT,2400,2250,AK-47,RIFLE,keep_current,650,650,0,300,600,above_p75,keep_current,0.000,n/a,true,false,false,-,4000,high
CT,2400,2300,AK-47,RIFLE,keep_current,650,650,0,300,600,above_p75,keep_current,0.000,n/a,true,false,false,-,4050,high
CT,2400,2350,AK-47,RIFLE,keep_current,650,700,0,300,600,above_p75,keep_current,0.000,n/a,true,false,false,-,4100,high
CT,2400,2400,AK-47,RIFLE,keep_current,650,750,0,300,500,above_p75,keep_current,0.000,n/a,true,false,false,-,4150,high
CT,2400,2450,AK-47,RIFLE,keep_current,650,800,0,300,500,above_p75,keep_current,0.000,n/a,true,false,false,-,4200,high
CT,2400,2500,AK-47,RIFLE,keep_current,850,850,0,300,500,above_p75,keep_current,0.000,n/a,true,false,false,flash1,4050,high
CT,2400,2550,AK-47,RIFLE,keep_current,850,900,0,300,500,above_p75,keep_current,0.000,n/a,true,false,false,flash1,4100,high
CT,2400,2600,AK-47,RIFLE,keep_current,950,950,0,300,500,above_p75,keep_current,0.000,n/a,true,false,false,smoke,4050,high
CT,2400,2650,AK-47,RIFLE,keep_current,950,1000,0,300,500,above_p75,keep_current,0.000,n/a,true,false,false,smoke,4100,high
CT,2400,2700,AK-47,RIFLE,keep_current,950,1050,0,300,500,above_p75,keep_current,0.000,n/a,true,false,false,smoke,4150,high
CT,2400,2750,AK-47,RIFLE,keep_current,950,1100,0,300,500,above_p75,keep_current,0.000,n/a,true,false,false,smoke,4200,high
CT,2400,2800,AK-47,RIFLE,keep_current,1150,1150,0,300,500,above_p75,keep_current,0.000,n/a,true,false,false,smoke+flash1,4050,high
CT,2400,2850,AK-47,RIFLE,keep_current,1150,1200,0,300,500,above_p75,keep_current,0.000,n/a,true,false,false,smoke+flash1,4100,high
CT,2400,2900,AK-47,RIFLE,keep_current,1150,1250,0,300,500,above_p75,keep_current,0.000,n/a,true,false,false,smoke+flash1,4150,high
CT,2400,2950,AK-47,RIFLE,keep_current,1150,1300,0,300,600,above_p75,keep_current,0.000,n/a,true,false,false,smoke+flash1,4200,high
CT,2400,3000,AK-47,RIFLE,keep_current,1150,1350,0,300,600,above_p75,keep_current,0.000,n/a,true,false,false,smoke+flash1,4250,high
CT,2400,3050,AK-47,RIFLE,keep_current,1150,1400,0,300,600,above_p75,keep_current,0.000,n/a,true,false,false,smoke+flash1,4300,high
CT,2400,3100,AK-47,RIFLE,keep_current,1450,1450,0,500,650,above_p75,keep_current,0.000,n/a,true,false,false,smoke+flash1+HE,4050,high
CT,2400,3150,AK-47,RIFLE,keep_current,1450,1500,0,500,650,above_p75,keep_current,0.000,n/a,true,false,false,smoke+flash1+HE,4100,high
CT,2400,3200,AK-47,RIFLE,keep_current,1550,1550,0,500,800,above_p75,keep_current,0.000,n/a,true,false,true,smoke+flash1,4050,high
CT,2400,3250,AK-47,RIFLE,keep_current,1550,1600,200,500,800,above_p75,keep_current,0.000,n/a,true,false,true,smoke+flash1,4100,high
CT,2400,3300,AK-47,RIFLE,keep_current,1550,1650,200,500,800,above_p75,keep_current,0.000,n/a,true,false,true,smoke+flash1,4150,high
CT,2400,3350,AK-47,RIFLE,keep_current,1550,1700,300,500,800,above_p75,keep_current,0.000,n/a,true,false,true,smoke+flash1,4200,high
CT,2400,3400,AK-47,RIFLE,keep_current,1550,1750,300,500,800,above_p75,keep_current,0.000,n/a,true,false,true,smoke+flash1,4250,high
CT,2400,3450,AK-47,RIFLE,keep_current,1550,1800,300,500,800,above_p75,keep_current,0.000,n/a,true,false,true,smoke+flash1,4300,high
CT,2400,3500,AK-47,RIFLE,keep_current,1850,1850,300,500,800,above_p75,keep_current,0.000,n/a,true,false,true,smoke+flash1+HE,4050,high
CT,2400,3550,AK-47,RIFLE,keep_current,1850,1900,300,500,800,above_p75,keep_current,0.000,n/a,true,false,true,smoke+flash1+HE,4100,high
CT,2400,3600,AK-47,RIFLE,keep_current,1850,1950,300,500,800,above_p75,keep_current,0.000,n/a,true,false,true,smoke+flash1+HE,4150,high
CT,2400,3650,AK-47,RIFLE,keep_current,1850,2000,300,500,800,above_p75,keep_current,0.000,n/a,true,false,true,smoke+flash1+HE,4200,high
CT,2400,1900,AWP,AWP,keep_current,650,650,0,0,300,above_p75,keep_current,0.000,n/a,true,false,false,-,3650,high
CT,2400,1950,AWP,AWP,keep_current,650,650,0,0,300,above_p75,keep_current,0.000,n/a,true,false,false,-,3700,high
CT,2400,2000,AWP,AWP,keep_current,650,650,0,0,300,above_p75,keep_current,0.000,n/a,true,false,false,-,3750,high
CT,2400,2050,AWP,AWP,keep_current,650,650,0,0,300,above_p75,keep_current,0.000,n/a,true,false,false,-,3800,high
CT,2400,2100,AWP,AWP,keep_current,650,650,0,0,300,above_p75,keep_current,0.000,n/a,true,false,false,-,3850,high
CT,2400,2150,AWP,AWP,keep_current,650,650,0,0,300,above_p75,keep_current,0.000,n/a,true,false,false,-,3900,high
CT,2400,2200,AWP,AWP,keep_current,650,650,0,0,300,above_p75,keep_current,0.000,n/a,true,false,false,-,3950,high
CT,2400,2250,AWP,AWP,keep_current,650,650,0,0,300,above_p75,keep_current,0.000,n/a,true,false,false,-,4000,high
CT,2400,2300,AWP,AWP,keep_current,650,650,0,0,300,above_p75,keep_current,0.000,n/a,true,false,false,-,4050,high
CT,2400,2350,AWP,AWP,keep_current,650,700,0,0,300,above_p75,keep_current,0.000,n/a,true,false,false,-,4100,high
CT,2400,2400,AWP,AWP,keep_current,650,750,0,0,300,above_p75,keep_current,0.000,n/a,true,false,false,-,4150,high
CT,2400,2450,AWP,AWP,keep_current,650,800,0,0,300,above_p75,keep_current,0.000,n/a,true,false,false,-,4200,high
CT,2400,2500,AWP,AWP,keep_current,850,850,0,0,300,above_p75,keep_current,0.000,n/a,true,false,false,flash1,4050,high
CT,2400,2550,AWP,AWP,keep_current,850,900,0,0,300,above_p75,keep_current,0.000,n/a,true,false,false,flash1,4100,high
CT,2400,2600,AWP,AWP,keep_current,950,950,0,0,300,above_p75,keep_current,0.000,n/a,true,false,false,smoke,4050,high
CT,2400,2650,AWP,AWP,keep_current,950,1000,0,0,300,above_p75,keep_current,0.000,n/a,true,false,false,smoke,4100,high
CT,2400,2700,AWP,AWP,keep_current,950,1050,0,0,300,above_p75,keep_current,0.000,n/a,true,false,false,smoke,4150,high
CT,2400,2750,AWP,AWP,keep_current,950,1100,0,0,300,above_p75,keep_current,0.000,n/a,true,false,false,smoke,4200,high
CT,2400,2800,AWP,AWP,keep_current,1150,1150,0,0,300,above_p75,keep_current,0.000,n/a,true,false,false,smoke+flash1,4050,high
CT,2400,2850,AWP,AWP,keep_current,1150,1200,0,0,300,above_p75,keep_current,0.000,n/a,true,false,false,smoke+flash1,4100,high
CT,2400,2900,AWP,AWP,keep_current,1150,1250,0,0,300,above_p75,keep_current,0.000,n/a,true,false,false,smoke+flash1,4150,high
CT,2400,2950,AWP,AWP,keep_current,1150,1300,0,0,300,above_p75,keep_current,0.000,n/a,true,false,false,smoke+flash1,4200,high
CT,2400,3000,AWP,AWP,keep_current,1150,1350,0,0,300,above_p75,keep_current,0.000,n/a,true,false,false,smoke+flash1,4250,high
CT,2400,3050,AWP,AWP,keep_current,1150,1400,0,200,300,above_p75,keep_current,0.000,n/a,true,false,false,smoke+flash1,4300,high
CT,2400,3100,AWP,AWP,keep_current,1450,1450,0,200,300,above_p75,keep_current,0.000,n/a,true,false,false,smoke+flash1+HE,4050,high
CT,2400,3150,AWP,AWP,keep_current,1450,1500,0,200,300,above_p75,keep_current,0.000,n/a,true,false,false,smoke+flash1+HE,4100,high
CT,2400,3200,AWP,AWP,keep_current,1550,1550,0,300,600,above_p75,keep_current,0.000,n/a,true,false,true,smoke+flash1,4050,high
CT,2400,3250,AWP,AWP,keep_current,1550,1600,0,300,600,above_p75,keep_current,0.000,n/a,true,false,true,smoke+flash1,4100,high
CT,2400,3300,AWP,AWP,keep_current,1550,1650,0,300,700,above_p75,keep_current,0.000,n/a,true,false,true,smoke+flash1,4150,high
CT,2400,1900,M4A1-S,RIFLE,keep_current,650,650,0,300,600,above_p75,keep_current,0.000,n/a,true,false,false,-,3650,high
CT,2400,1950,M4A1-S,RIFLE,keep_current,650,650,0,300,600,above_p75,keep_current,0.000,n/a,true,false,false,-,3700,high
CT,2400,2000,M4A1-S,RIFLE,keep_current,650,650,0,300,600,above_p75,keep_current,0.000,n/a,true,false,false,-,3750,high
CT,2400,2050,M4A1-S,RIFLE,keep_current,650,650,0,300,600,above_p75,keep_current,0.000,n/a,true,false,false,-,3800,high
CT,2400,2100,M4A1-S,RIFLE,keep_current,650,650,0,300,600,above_p75,keep_current,0.000,n/a,true,false,false,-,3850,high
CT,2400,2150,M4A1-S,RIFLE,keep_current,650,650,0,300,600,above_p75,keep_current,0.000,n/a,true,false,false,-,3900,high
CT,2400,2200,M4A1-S,RIFLE,keep_current,650,650,0,300,600,above_p75,keep_current,0.000,n/a,true,false,false,-,3950,high
CT,2400,2250,M4A1-S,RIFLE,keep_current,650,650,0,300,600,above_p75,keep_current,0.000,n/a,true,false,false,-,4000,high
CT,2400,2300,M4A1-S,RIFLE,keep_current,650,650,0,300,600,above_p75,keep_current,0.000,n/a,true,false,false,-,4050,high
CT,2400,2350,M4A1-S,RIFLE,keep_current,650,700,0,300,600,above_p75,keep_current,0.000,n/a,true,false,false,-,4100,high
CT,2400,2400,M4A1-S,RIFLE,keep_current,650,750,0,300,500,above_p75,keep_current,0.000,n/a,true,false,false,-,4150,high
CT,2400,2450,M4A1-S,RIFLE,keep_current,650,800,0,300,500,above_p75,keep_current,0.000,n/a,true,false,false,-,4200,high
CT,2400,2500,M4A1-S,RIFLE,keep_current,850,850,0,300,500,above_p75,keep_current,0.000,n/a,true,false,false,flash1,4050,high
CT,2400,2550,M4A1-S,RIFLE,keep_current,850,900,0,300,500,above_p75,keep_current,0.000,n/a,true,false,false,flash1,4100,high
CT,2400,2600,M4A1-S,RIFLE,keep_current,950,950,0,300,500,above_p75,keep_current,0.000,n/a,true,false,false,smoke,4050,high
CT,2400,2650,M4A1-S,RIFLE,keep_current,950,1000,0,300,500,above_p75,keep_current,0.000,n/a,true,false,false,smoke,4100,high
CT,2400,2700,M4A1-S,RIFLE,keep_current,950,1050,0,300,500,above_p75,keep_current,0.000,n/a,true,false,false,smoke,4150,high
CT,2400,2750,M4A1-S,RIFLE,keep_current,950,1100,0,300,500,above_p75,keep_current,0.000,n/a,true,false,false,smoke,4200,high
CT,2400,2800,M4A1-S,RIFLE,keep_current,1150,1150,0,300,500,above_p75,keep_current,0.000,n/a,true,false,false,smoke+flash1,4050,high
CT,2400,2850,M4A1-S,RIFLE,keep_current,1150,1200,0,300,500,above_p75,keep_current,0.000,n/a,true,false,false,smoke+flash1,4100,high
CT,2400,2900,M4A1-S,RIFLE,keep_current,1150,1250,0,300,500,above_p75,keep_current,0.000,n/a,true,false,false,smoke+flash1,4150,high
CT,2400,2950,M4A1-S,RIFLE,keep_current,1150,1300,0,300,600,above_p75,keep_current,0.000,n/a,true,false,false,smoke+flash1,4200,high
CT,2400,3000,M4A1-S,RIFLE,keep_current,1150,1350,0,300,600,above_p75,keep_current,0.000,n/a,true,false,false,smoke+flash1,4250,high
CT,2400,3050,M4A1-S,RIFLE,keep_current,1150,1400,0,300,600,above_p75,keep_current,0.000,n/a,true,false,false,smoke+flash1,4300,high
CT,2400,3100,M4A1-S,RIFLE,keep_current,1450,1450,0,500,650,above_p75,keep_current,0.000,n/a,true,false,false,smoke+flash1+HE,4050,high
CT,2400,3150,M4A1-S,RIFLE,keep_current,1450,1500,0,500,650,above_p75,keep_current,0.000,n/a,true,false,false,smoke+flash1+HE,4100,high
CT,2400,3200,M4A1-S,RIFLE,keep_current,1550,1550,0,500,800,above_p75,keep_current,0.000,n/a,true,false,true,smoke+flash1,4050,high
CT,2400,3250,M4A1-S,RIFLE,keep_current,1550,1600,200,500,800,above_p75,keep_current,0.000,n/a,true,false,true,smoke+flash1,4100,high
CT,2400,3300,M4A1-S,RIFLE,keep_current,1550,1650,200,500,800,above_p75,keep_current,0.000,n/a,true,false,true,smoke+flash1,4150,high
CT,2400,3350,M4A1-S,RIFLE,keep_current,1550,1700,300,500,800,above_p75,keep_current,0.000,n/a,true,false,true,smoke+flash1,4200,high
CT,2400,3400,M4A1-S,RIFLE,keep_current,1550,1750,300,500,800,above_p75,keep_current,0.000,n/a,true,false,true,smoke+flash1,4250,high
CT,2400,3450,M4A1-S,RIFLE,keep_current,1550,1800,300,500,800,above_p75,keep_current,0.000,n/a,true,false,true,smoke+flash1,4300,high
CT,2400,3500,M4A1-S,RIFLE,keep_current,1850,1850,300,500,800,above_p75,keep_current,0.000,n/a,true,false,true,smoke+flash1+HE,4050,high
CT,2400,3550,M4A1-S,RIFLE,keep_current,1850,1900,300,500,800,above_p75,keep_current,0.000,n/a,true,false,true,smoke+flash1+HE,4100,high
CT,2400,3600,M4A1-S,RIFLE,keep_current,1850,1950,300,500,800,above_p75,keep_current,0.000,n/a,true,false,true,smoke+flash1+HE,4150,high
CT,2400,3650,M4A1-S,RIFLE,keep_current,1850,2000,300,500,800,above_p75,keep_current,0.000,n/a,true,false,true,smoke+flash1+HE,4200,high
CT,2400,1900,M4A4,RIFLE,keep_current,650,650,0,300,600,above_p75,keep_current,0.000,n/a,true,false,false,-,3650,high
CT,2400,1950,M4A4,RIFLE,keep_current,650,650,0,300,600,above_p75,keep_current,0.000,n/a,true,false,false,-,3700,high
CT,2400,2000,M4A4,RIFLE,keep_current,650,650,0,300,600,above_p75,keep_current,0.000,n/a,true,false,false,-,3750,high
CT,2400,2050,M4A4,RIFLE,keep_current,650,650,0,300,600,above_p75,keep_current,0.000,n/a,true,false,false,-,3800,high
CT,2400,2100,M4A4,RIFLE,keep_current,650,650,0,300,600,above_p75,keep_current,0.000,n/a,true,false,false,-,3850,high
CT,2400,2150,M4A4,RIFLE,keep_current,650,650,0,300,600,above_p75,keep_current,0.000,n/a,true,false,false,-,3900,high
CT,2400,2200,M4A4,RIFLE,keep_current,650,650,0,300,600,above_p75,keep_current,0.000,n/a,true,false,false,-,3950,high
CT,2400,2250,M4A4,RIFLE,keep_current,650,650,0,300,600,above_p75,keep_current,0.000,n/a,true,false,false,-,4000,high
CT,2400,2300,M4A4,RIFLE,keep_current,650,650,0,300,600,above_p75,keep_current,0.000,n/a,true,false,false,-,4050,high
CT,2400,2350,M4A4,RIFLE,keep_current,650,700,0,300,600,above_p75,keep_current,0.000,n/a,true,false,false,-,4100,high
CT,2400,2400,M4A4,RIFLE,keep_current,650,750,0,300,500,above_p75,keep_current,0.000,n/a,true,false,false,-,4150,high
CT,2400,2450,M4A4,RIFLE,keep_current,650,800,0,300,500,above_p75,keep_current,0.000,n/a,true,false,false,-,4200,high
CT,2400,2500,M4A4,RIFLE,keep_current,850,850,0,300,500,above_p75,keep_current,0.000,n/a,true,false,false,flash1,4050,high
CT,2400,2550,M4A4,RIFLE,keep_current,850,900,0,300,500,above_p75,keep_current,0.000,n/a,true,false,false,flash1,4100,high
CT,2400,2600,M4A4,RIFLE,keep_current,950,950,0,300,500,above_p75,keep_current,0.000,n/a,true,false,false,smoke,4050,high
CT,2400,2650,M4A4,RIFLE,keep_current,950,1000,0,300,500,above_p75,keep_current,0.000,n/a,true,false,false,smoke,4100,high
CT,2400,2700,M4A4,RIFLE,keep_current,950,1050,0,300,500,above_p75,keep_current,0.000,n/a,true,false,false,smoke,4150,high
CT,2400,2750,M4A4,RIFLE,keep_current,950,1100,0,300,500,above_p75,keep_current,0.000,n/a,true,false,false,smoke,4200,high
CT,2400,2800,M4A4,RIFLE,keep_current,1150,1150,0,300,500,above_p75,keep_current,0.000,n/a,true,false,false,smoke+flash1,4050,high
CT,2400,2850,M4A4,RIFLE,keep_current,1150,1200,0,300,500,above_p75,keep_current,0.000,n/a,true,false,false,smoke+flash1,4100,high
CT,2400,2900,M4A4,RIFLE,keep_current,1150,1250,0,300,500,above_p75,keep_current,0.000,n/a,true,false,false,smoke+flash1,4150,high
CT,2400,2950,M4A4,RIFLE,keep_current,1150,1300,0,300,600,above_p75,keep_current,0.000,n/a,true,false,false,smoke+flash1,4200,high
CT,2400,3000,M4A4,RIFLE,keep_current,1150,1350,0,300,600,above_p75,keep_current,0.000,n/a,true,false,false,smoke+flash1,4250,high
CT,2400,3050,M4A4,RIFLE,keep_current,1150,1400,0,300,600,above_p75,keep_current,0.000,n/a,true,false,false,smoke+flash1,4300,high
CT,2400,3100,M4A4,RIFLE,keep_current,1450,1450,0,500,650,above_p75,keep_current,0.000,n/a,true,false,false,smoke+flash1+HE,4050,high
CT,2400,3150,M4A4,RIFLE,keep_current,1450,1500,0,500,650,above_p75,keep_current,0.000,n/a,true,false,false,smoke+flash1+HE,4100,high
CT,2400,3200,M4A4,RIFLE,keep_current,1550,1550,0,500,800,above_p75,keep_current,0.000,n/a,true,false,true,smoke+flash1,4050,high
CT,2400,3250,M4A4,RIFLE,keep_current,1550,1600,200,500,800,above_p75,keep_current,0.000,n/a,true,false,true,smoke+flash1,4100,high
CT,2400,3300,M4A4,RIFLE,keep_current,1550,1650,200,500,800,above_p75,keep_current,0.000,n/a,true,false,true,smoke+flash1,4150,high
CT,2400,3350,M4A4,RIFLE,keep_current,1550,1700,300,500,800,above_p75,keep_current,0.000,n/a,true,false,true,smoke+flash1,4200,high
CT,2400,3400,M4A4,RIFLE,keep_current,1550,1750,300,500,800,above_p75,keep_current,0.000,n/a,true,false,true,smoke+flash1,4250,high
CT,2400,3450,M4A4,RIFLE,keep_current,1550,1800,300,500,800,above_p75,keep_current,0.000,n/a,true,false,true,smoke+flash1,4300,high
CT,2400,3500,M4A4,RIFLE,keep_current,1850,1850,300,500,800,above_p75,keep_current,0.000,n/a,true,false,true,smoke+flash1+HE,4050,high
CT,2400,3550,M4A4,RIFLE,keep_current,1850,1900,300,500,800,above_p75,keep_current,0.000,n/a,true,false,true,smoke+flash1+HE,4100,high
CT,2400,3600,M4A4,RIFLE,keep_current,1850,1950,300,500,800,above_p75,keep_current,0.000,n/a,true,false,true,smoke+flash1+HE,4150,high
CT,2400,3650,M4A4,RIFLE,keep_current,1850,2000,300,500,800,above_p75,keep_current,0.000,n/a,true,false,true,smoke+flash1+HE,4200,high
CT,2900,2400,none,LIGHT,paid_pistol,1150,1250,300,400,600,above_p75,Five-SeveN,0.000,absent,true,false,false,-,4150,medium
CT,2900,2450,none,LIGHT,paid_pistol,1150,1300,300,500,700,above_p75,Five-SeveN,0.000,absent,true,false,false,-,4200,medium
CT,2900,2500,none,LIGHT,paid_pistol,1350,1350,300,500,700,above_p75,Five-SeveN,0.000,absent,true,false,false,flash1,4050,medium
CT,2900,2550,none,LIGHT,paid_pistol,1350,1400,300,500,700,above_p75,Five-SeveN,0.000,absent,true,false,false,flash1,4100,medium
CT,2900,2600,none,LIGHT,paid_pistol,1450,1450,300,600,800,above_p75,Five-SeveN,0.000,absent,true,false,false,smoke,4050,medium
CT,2900,2650,none,LIGHT,paid_pistol,1450,1500,300,700,1150,above_p75,Five-SeveN,0.000,absent,true,false,false,smoke,4100,medium
CT,2900,2700,none,LIGHT,paid_pistol,1450,1550,300,700,1250,above_p75,Five-SeveN,0.000,absent,true,false,false,smoke,4150,medium
CT,2900,2750,none,LIGHT,paid_pistol,1450,1600,300,700,1150,above_p75,Five-SeveN,0.000,absent,true,false,false,smoke,4200,medium
CT,2900,2800,none,LIGHT,paid_pistol,1650,1650,500,700,1150,above_p75,Five-SeveN,0.000,absent,true,false,false,smoke+flash1,4050,medium
CT,2900,2850,none,LIGHT,paid_pistol,1650,1700,500,800,1150,above_p75,Five-SeveN,0.000,absent,true,false,false,smoke+flash1,4100,medium
CT,2900,2900,none,LIGHT,paid_pistol,1650,1750,500,800,1350,above_p75,Five-SeveN,0.000,absent,true,false,false,smoke+flash1,4150,medium
CT,2900,2950,none,LIGHT,paid_pistol,1650,1800,300,800,1450,above_p75,Five-SeveN,0.000,absent,true,false,false,smoke+flash1,4200,medium
CT,2900,3000,none,LIGHT,paid_pistol,1650,1850,300,1000,1450,above_p75,Five-SeveN,0.000,absent,true,false,false,smoke+flash1,4250,medium
CT,2900,3050,none,SMG,smg,1900,1900,300,1100,1650,above_p75,MP9,NaN,low,true,false,false,-,4050,medium
CT,2900,3100,none,SMG,smg,1900,1950,300,1150,1750,above_p75,MP9,NaN,low,true,false,false,-,4100,medium
CT,2900,3150,none,SMG,smg,1900,2000,300,1150,1650,above_p75,MP9,NaN,low,true,false,false,-,4150,medium
CT,2900,3200,none,SMG,smg,1900,2050,300,1150,1750,above_p75,MP9,NaN,low,true,false,false,-,4200,medium
CT,2900,3250,none,SMG,smg,2100,2100,300,1150,1750,above_p75,MP9,NaN,low,true,false,false,flash1,4050,medium
CT,2900,3300,none,SMG,smg,2100,2150,300,1150,1650,above_p75,MP9,NaN,low,true,false,false,flash1,4100,medium
CT,2900,3350,none,SMG,smg,2200,2200,300,1150,1750,above_p75,MP9,NaN,low,true,false,false,smoke,4050,medium
CT,2900,3400,none,SMG,smg,2200,2250,300,1300,1800,above_p75,MP9,NaN,low,true,false,false,smoke,4100,medium
CT,2900,3450,none,SMG,smg,2200,2300,300,1300,2100,above_p75,MP9,NaN,low,true,false,false,smoke,4150,medium
CT,2900,3500,none,SMG,smg,2200,2350,300,1300,2100,above_p75,MP9,NaN,low,true,false,false,smoke,4200,medium
CT,2900,3550,none,SMG,smg,2400,2400,300,1450,3050,within,MP9,NaN,low,true,false,false,smoke+flash1,4050,medium
CT,2900,3600,none,SMG,smg,2400,2450,500,1450,3200,within,MP9,NaN,low,true,false,false,smoke+flash1,4100,medium
CT,2900,3650,none,SMG,smg,2400,2500,500,1450,3350,within,MP9,NaN,low,true,false,false,smoke+flash1,4150,medium
CT,2900,3700,none,SMG,smg,2400,2550,500,1450,3400,within,MP9,NaN,low,true,false,false,smoke+flash1,4200,medium
CT,2900,3750,none,RIFLE,budget_rifle,2600,2600,700,1900,3550,within,FAMAS,0.000,absent,true,false,false,-,4050,medium
CT,2900,3800,none,RIFLE,budget_rifle,2600,2650,700,1900,3550,within,FAMAS,0.000,absent,true,false,false,-,4100,medium
CT,2900,3850,none,RIFLE,budget_rifle,2600,2700,700,2200,3550,within,FAMAS,0.000,absent,true,false,false,-,4150,medium
CT,2900,3900,none,RIFLE,budget_rifle,2600,2750,700,2300,3600,within,FAMAS,0.000,absent,true,false,false,-,4200,medium
CT,2900,3950,none,RIFLE,budget_rifle,2800,2800,800,2600,3600,within,FAMAS,0.000,absent,true,false,false,flash1,4050,medium
CT,2900,4000,none,RIFLE,budget_rifle,2800,2850,1000,2600,3700,within,FAMAS,0.000,absent,true,false,false,flash1,4100,medium
CT,2900,4050,none,RIFLE,budget_rifle,2900,2900,1400,3550,3850,within,FAMAS,0.000,absent,true,false,false,smoke,4050,medium
CT,2900,4100,none,RIFLE,rifle,4050,4100,1450,3550,3850,above_p75,M4A4,0.000,absent,true,false,false,smoke+flash1,2950,medium
CT,2900,4150,none,RIFLE,rifle,4050,4150,3550,4050,4150,within,M4A4,NaN,low,true,false,false,smoke+flash1,3000,medium
CT,2900,4200,none,RIFLE,rifle,4050,4200,3750,4050,4150,within,M4A4,NaN,low,true,false,false,smoke+flash1,3050,medium
CT,2900,4250,none,RIFLE,rifle,4250,4250,3950,4150,4150,above_p75,M4A4,NaN,low,true,false,true,smoke,2900,medium
CT,2900,4300,none,RIFLE,rifle,4250,4300,4050,4150,4200,above_p75,M4A4,NaN,low,true,false,true,smoke,2950,medium
CT,2900,4350,none,RIFLE,rifle,4250,4350,4200,4350,4350,within,M4A4,NaN,low,true,false,true,smoke,3000,high
CT,2900,4400,none,RIFLE,rifle,4250,4400,4350,4350,4350,below_p25,M4A4,NaN,low,true,false,true,smoke,3050,high
CT,2900,4450,none,RIFLE,rifle,4450,4450,4350,4350,4350,above_p75,M4A4,NaN,low,true,false,true,smoke+flash1,2900,high
CT,2900,4500,none,RIFLE,rifle,4450,4500,4350,4350,4400,above_p75,M4A4,NaN,low,true,false,true,smoke+flash1,2950,high
CT,2900,4550,none,RIFLE,rifle,4450,4550,4350,4500,4550,within,M4A4,NaN,low,true,false,true,smoke+flash1,3000,high
CT,2900,4600,none,RIFLE,rifle,4450,4600,4500,4550,4550,below_p25,M4A4,NaN,low,true,false,true,smoke+flash1,3050,high
CT,2900,4650,none,RIFLE,rifle,4650,4650,4550,4550,4650,within,M4A4,NaN,low,true,false,true,smoke+flash2,2900,high
CT,2900,4700,none,RIFLE,rifle,4650,4700,4550,4650,4650,within,M4A4,NaN,low,true,false,true,smoke+flash2,2950,high
CT,2900,4750,none,RIFLE,rifle,4750,4750,4650,4650,4700,above_p75,M4A4,NaN,low,true,false,true,smoke+flash1+HE,2900,high
CT,2900,4800,none,RIFLE,rifle,4750,4800,4650,4650,4700,above_p75,M4A4,NaN,low,true,false,true,smoke+flash1+HE,2950,high
CT,2900,4850,none,RIFLE,rifle,4750,4850,4650,4750,4850,within,M4A4,NaN,low,true,false,true,smoke+flash1+HE,3000,high
CT,2900,4900,none,RIFLE,rifle,4750,4900,4700,4850,4850,within,M4A4,NaN,low,true,false,true,smoke+flash1+HE,3050,high
CT,2900,4950,none,RIFLE,rifle,4950,4950,4750,4850,4850,above_p75,M4A4,NaN,low,true,false,true,smoke+flash1+fire,2900,high
CT,2900,5000,none,RIFLE,rifle,4950,5000,4850,4850,4900,above_p75,M4A4,NaN,low,true,false,true,smoke+flash1+fire,2950,high
CT,2900,5050,none,RIFLE,rifle,4950,5050,4850,4850,5000,within,M4A4,NaN,low,true,false,true,smoke+flash1+fire,3000,high
CT,2900,5100,none,RIFLE,rifle,4950,5100,4850,4850,5000,within,M4A4,NaN,low,true,false,true,smoke+flash1+fire,3050,high
CT,2900,5150,none,RIFLE,rifle,5150,5150,4850,4850,5050,above_p75,M4A4,NaN,low,true,false,true,smoke+flash2+fire,2900,high
CT,2900,5200,none,RIFLE,rifle,5150,5200,4850,5000,5050,above_p75,M4A4,NaN,low,true,false,true,smoke+flash2+fire,2950,high
CT,2900,5250,none,RIFLE,rifle,5250,5250,4850,5050,5200,above_p75,M4A4,NaN,low,true,false,true,smoke+flash1+HE+fire,2900,high
CT,2900,5300,none,RIFLE,rifle,5250,5300,4850,5050,5200,above_p75,M4A4,NaN,low,true,false,true,smoke+flash1+HE+fire,2950,high
CT,2900,5350,none,RIFLE,rifle,5250,5350,4850,5050,5200,above_p75,M4A4,NaN,low,true,false,true,smoke+flash1+HE+fire,3000,high
CT,2900,5400,none,RIFLE,rifle,5250,5400,4850,5050,5200,above_p75,M4A4,NaN,low,true,false,true,smoke+flash1+HE+fire,3050,high
CT,2900,5450,none,RIFLE,rifle,5250,5450,4850,5050,5250,within,M4A4,NaN,low,true,false,true,smoke+flash1+HE+fire,3100,high
CT,2900,5500,none,RIFLE,rifle,5250,5500,4850,5100,5250,within,M4A4,NaN,low,true,false,true,smoke+flash1+HE+fire,3150,high
CT,2900,5550,none,RIFLE,rifle,5250,5550,4850,5050,5250,within,M4A4,NaN,low,true,false,true,smoke+flash1+HE+fire,3200,high
CT,2900,5600,none,RIFLE,rifle,5250,5600,4850,5200,5250,within,M4A4,NaN,low,true,false,true,smoke+flash1+HE+fire,3250,high
CT,2900,5650,none,RIFLE,rifle,5250,5650,4850,5200,5400,within,M4A4,NaN,low,true,false,true,smoke+flash1+HE+fire,3300,high
CT,2900,5700,none,RIFLE,rifle,5250,5700,4850,5200,5400,within,M4A4,NaN,low,true,false,true,smoke+flash1+HE+fire,3350,high
CT,2900,5750,none,RIFLE,rifle,5250,5750,4850,5200,5400,within,M4A4,NaN,low,true,false,true,smoke+flash1+HE+fire,3400,high
CT,2900,5800,none,RIFLE,rifle,5250,5800,4850,5200,5450,within,M4A4,NaN,low,true,false,true,smoke+flash1+HE+fire,3450,high
CT,2900,5850,none,RIFLE,rifle,5250,5850,4850,5200,5450,within,M4A4,NaN,low,true,false,true,smoke+flash1+HE+fire,3500,high
CT,2900,5900,none,RIFLE,rifle,5250,5900,4900,5250,5600,within,M4A4,NaN,low,true,false,true,smoke+flash1+HE+fire,3550,high
CT,2900,5950,none,RIFLE,rifle,5250,5950,4900,5250,5700,within,M4A4,NaN,low,true,false,true,smoke+flash1+HE+fire,3600,high
CT,2900,6000,none,RIFLE,rifle,5250,6000,4900,5250,5700,within,M4A4,NaN,low,true,false,true,smoke+flash1+HE+fire,3650,high
CT,3400,2900,none,SMG,smg,2200,2250,1000,1450,1650,above_p75,MP9,NaN,low,true,false,false,smoke,4100,medium
CT,3400,2950,none,SMG,smg,2200,2300,1000,1450,1650,above_p75,MP9,NaN,low,true,false,false,smoke,4150,medium
CT,3400,3000,none,SMG,smg,2200,2350,1000,1450,1650,above_p75,MP9,NaN,low,true,false,false,smoke,4200,medium
CT,3400,3050,none,SMG,smg,2400,2400,1000,1450,1650,above_p75,MP9,NaN,low,true,false,false,smoke+flash1,4050,medium
CT,3400,3100,none,SMG,smg,2400,2450,1000,1450,1650,above_p75,MP9,NaN,low,true,false,false,smoke+flash1,4100,medium
CT,3400,3150,none,SMG,smg,2400,2500,1000,1450,1700,above_p75,MP9,NaN,low,true,false,false,smoke+flash1,4150,medium
CT,3400,3200,none,SMG,smg,2400,2550,1000,1450,1750,above_p75,MP9,NaN,low,true,false,false,smoke+flash1,4200,medium
CT,3400,3250,none,RIFLE,budget_rifle,2600,2600,1000,1450,1750,above_p75,FAMAS,0.000,absent,true,false,false,-,4050,medium
CT,3400,3300,none,RIFLE,budget_rifle,2600,2650,1150,1650,1750,above_p75,FAMAS,0.000,absent,true,false,false,-,4100,medium
CT,3400,3350,none,RIFLE,budget_rifle,2600,2700,1150,1650,1900,above_p75,FAMAS,0.000,absent,true,false,false,-,4150,medium
CT,3400,3400,none,RIFLE,budget_rifle,2600,2750,1350,1700,1950,above_p75,FAMAS,NaN,low,true,false,false,-,4200,medium
CT,3400,3450,none,RIFLE,budget_rifle,2800,2800,1400,1750,2100,above_p75,FAMAS,NaN,low,true,false,false,flash1,4050,medium
CT,3400,3500,none,RIFLE,budget_rifle,2800,2850,1450,1750,2200,above_p75,FAMAS,NaN,low,true,false,false,flash1,4100,medium
CT,3400,3550,none,RIFLE,budget_rifle,2900,2900,1450,1900,2550,above_p75,FAMAS,NaN,low,true,false,false,smoke,4050,medium
CT,3400,3600,none,RIFLE,budget_rifle,2900,2950,1500,2000,3400,within,FAMAS,NaN,low,true,false,false,smoke,4100,medium
CT,3400,3650,none,RIFLE,budget_rifle,2900,3000,1650,2200,3100,within,FAMAS,NaN,low,true,false,false,smoke,4150,medium
CT,3400,3700,none,RIFLE,budget_rifle,2900,3050,1500,2200,2900,within,FAMAS,NaN,low,true,false,false,smoke,4200,medium
CT,3400,3750,none,RIFLE,budget_rifle,3100,3100,1650,2200,3400,within,FAMAS,0.000,absent,true,false,false,smoke+flash1,4050,medium
CT,3400,3800,none,RIFLE,budget_rifle,3100,3150,1750,2200,3550,within,FAMAS,0.000,absent,true,false,false,smoke+flash1,4100,medium
CT,3400,3850,none,RIFLE,budget_rifle,3100,3200,1950,2500,3850,within,FAMAS,0.000,absent,true,false,false,smoke+flash1,4150,medium
CT,3400,3900,none,RIFLE,budget_rifle,3100,3250,2050,2600,3850,within,FAMAS,0.000,absent,true,false,false,smoke+flash1,4200,medium
CT,3400,3950,none,RIFLE,budget_rifle,3100,3300,2100,2600,3850,within,FAMAS,0.000,absent,true,false,false,smoke+flash1,4250,medium
CT,3400,4000,none,RIFLE,budget_rifle,3100,3350,2100,2600,3850,within,FAMAS,0.000,absent,true,false,false,smoke+flash1,4300,medium
CT,3400,4050,none,RIFLE,budget_rifle,3400,3400,2150,2900,3850,within,FAMAS,0.000,absent,true,false,false,smoke+flash1+HE,4050,medium
CT,3400,4100,none,RIFLE,budget_rifle,3400,3450,2150,2900,3850,within,FAMAS,0.000,absent,true,false,false,smoke+flash1+HE,4100,medium
CT,3400,4150,none,RIFLE,budget_rifle,3400,3500,2200,3550,3850,within,FAMAS,0.000,absent,true,false,false,smoke+flash1+HE,4150,medium
CT,3400,4200,none,RIFLE,budget_rifle,3400,3550,2200,3550,4050,within,FAMAS,0.000,absent,true,false,false,smoke+flash1+HE,4200,medium
CT,3400,4250,none,RIFLE,budget_rifle,3600,3600,2200,3550,4050,within,FAMAS,0.000,absent,true,false,false,smoke+flash1+fire,4050,medium
CT,3400,4300,none,RIFLE,budget_rifle,3600,3650,2200,3550,4050,within,FAMAS,0.000,absent,true,false,false,smoke+flash1+fire,4100,medium
CT,3400,4350,none,RIFLE,budget_rifle,3600,3700,2550,4050,4350,within,FAMAS,0.000,absent,true,false,false,smoke+flash1+fire,4150,medium
CT,3400,4400,none,RIFLE,budget_rifle,3600,3750,2700,4100,4350,within,FAMAS,0.000,absent,true,false,false,smoke+flash1+fire,4200,medium
CT,3400,4450,none,RIFLE,rifle,4450,4450,2700,4150,4350,above_p75,M4A4,NaN,low,true,false,true,smoke+flash1,3400,medium
CT,3400,4500,none,RIFLE,rifle,4450,4500,2700,4150,4350,above_p75,M4A4,NaN,low,true,false,true,smoke+flash1,3450,medium
CT,3400,4550,none,RIFLE,rifle,4450,4550,3750,4350,4400,above_p75,M4A4,NaN,low,true,false,true,smoke+flash1,3500,medium
CT,3400,4600,none,RIFLE,rifle,4450,4600,3900,4350,4550,within,M4A4,NaN,low,true,false,true,smoke+flash1,3550,medium
CT,3400,4650,none,RIFLE,rifle,4650,4650,4350,4550,4650,within,M4A4,NaN,low,true,false,true,smoke+flash2,3400,medium
CT,3400,4700,none,RIFLE,rifle,4650,4700,4550,4650,4650,within,M4A4,NaN,low,true,false,true,smoke+flash2,3450,high
CT,3400,4750,none,RIFLE,rifle,4750,4750,4550,4650,4650,above_p75,M4A4,NaN,low,true,false,true,smoke+flash1+HE,3400,high
CT,3400,4800,none,RIFLE,rifle,4750,4800,4550,4650,4650,above_p75,M4A4,NaN,low,true,false,true,smoke+flash1+HE,3450,high
CT,3400,4850,none,RIFLE,rifle,4750,4850,4650,4850,4850,within,M4A4,NaN,low,true,false,true,smoke+flash1+HE,3500,high
CT,3400,4900,none,RIFLE,rifle,4750,4900,4850,4850,4850,below_p25,M4A4,NaN,low,true,false,true,smoke+flash1+HE,3550,high
CT,3400,4950,none,RIFLE,rifle,4950,4950,4850,4850,4900,above_p75,M4A4,NaN,low,true,false,true,smoke+flash1+fire,3400,high
CT,3400,5000,none,RIFLE,rifle,4950,5000,4850,4850,4900,above_p75,M4A4,NaN,low,true,false,true,smoke+flash1+fire,3450,high
CT,3400,5050,none,RIFLE,rifle,4950,5050,4850,4850,5000,within,M4A4,NaN,low,true,false,true,smoke+flash1+fire,3500,high
CT,3400,5100,none,RIFLE,rifle,4950,5100,4850,4900,5000,within,M4A4,NaN,low,true,false,true,smoke+flash1+fire,3550,high
CT,3400,5150,none,RIFLE,rifle,5150,5150,4850,5000,5000,above_p75,M4A4,NaN,low,true,false,true,smoke+flash2+fire,3400,high
CT,3400,5200,none,RIFLE,rifle,5150,5200,4850,5050,5200,within,M4A4,NaN,low,true,false,true,smoke+flash2+fire,3450,high
CT,3400,5250,none,RIFLE,rifle,5250,5250,5050,5200,5200,above_p75,M4A4,NaN,low,true,false,true,smoke+flash1+HE+fire,3400,high
CT,3400,5300,none,RIFLE,rifle,5250,5300,5100,5200,5200,above_p75,M4A4,NaN,low,true,false,true,smoke+flash1+HE+fire,3450,high
CT,3400,5350,none,RIFLE,rifle,5250,5350,5100,5200,5250,within,M4A4,NaN,low,true,false,true,smoke+flash1+HE+fire,3500,high
CT,3400,5400,none,RIFLE,rifle,5250,5400,5200,5200,5250,within,M4A4,NaN,low,true,false,true,smoke+flash1+HE+fire,3550,high
CT,3400,5450,none,RIFLE,rifle,5250,5450,5200,5200,5400,within,M4A4,NaN,low,true,false,true,smoke+flash1+HE+fire,3600,high
CT,3400,5500,none,RIFLE,rifle,5250,5500,5200,5200,5400,within,M4A4,NaN,low,true,false,true,smoke+flash1+HE+fire,3650,high
CT,3400,5550,none,RIFLE,rifle,5250,5550,5200,5200,5400,within,M4A4,NaN,low,true,false,true,smoke+flash1+HE+fire,3700,high
CT,3400,5600,none,RIFLE,rifle,5250,5600,5200,5400,5600,within,M4A4,NaN,low,true,false,true,smoke+flash1+HE+fire,3750,high
CT,3400,5650,none,RIFLE,rifle,5250,5650,5200,5400,5600,within,M4A4,NaN,low,true,false,true,smoke+flash1+HE+fire,3800,high
CT,3400,5700,none,RIFLE,rifle,5250,5700,5250,5600,5600,within,M4A4,NaN,low,true,false,true,smoke+flash1+HE+fire,3850,high
CT,3400,5750,none,RIFLE,rifle,5250,5750,5250,5600,5600,within,M4A4,NaN,low,true,false,true,smoke+flash1+HE+fire,3900,high
CT,3400,5800,none,RIFLE,rifle,5250,5800,5250,5600,5600,within,M4A4,NaN,low,true,false,true,smoke+flash1+HE+fire,3950,high
CT,3400,5850,none,RIFLE,rifle,5250,5850,5250,5600,5600,within,M4A4,NaN,low,true,false,true,smoke+flash1+HE+fire,4000,high
CT,3400,5900,none,RIFLE,rifle,5250,5900,5250,5600,5700,within,M4A4,NaN,low,true,false,true,smoke+flash1+HE+fire,4050,high
CT,3400,5950,none,RIFLE,rifle,5250,5950,5250,5600,5800,within,M4A4,NaN,low,true,false,true,smoke+flash1+HE+fire,4100,high
CT,3400,6000,none,RIFLE,rifle,5250,6000,5400,5600,5900,below_p25,M4A4,NaN,low,true,false,true,smoke+flash1+HE+fire,4150,high
CT,3400,2950,AK-47,RIFLE,keep_current,2150,2300,300,700,800,above_p75,keep_current,0.000,n/a,true,true,false,smoke+flash1,4200,high
CT,3400,3000,AK-47,RIFLE,keep_current,2150,2350,300,700,800,above_p75,keep_current,0.000,n/a,true,true,false,smoke+flash1,4250,high
CT,3400,3050,AK-47,RIFLE,keep_current,2150,2400,300,700,800,above_p75,keep_current,0.000,n/a,true,true,false,smoke+flash1,4300,high
CT,3400,3100,AK-47,RIFLE,keep_current,2450,2450,300,700,800,above_p75,keep_current,0.000,n/a,true,true,false,smoke+flash1+HE,4050,high
CT,3400,3150,AK-47,RIFLE,keep_current,2450,2500,300,700,800,above_p75,keep_current,0.000,n/a,true,true,false,smoke+flash1+HE,4100,high
CT,3400,3200,AK-47,RIFLE,keep_current,2550,2550,300,700,900,above_p75,keep_current,0.000,n/a,true,true,true,smoke+flash1,4050,high
CT,3400,3250,AK-47,RIFLE,keep_current,2550,2600,300,700,900,above_p75,keep_current,0.000,n/a,true,true,true,smoke+flash1,4100,high
CT,3400,3300,AK-47,RIFLE,keep_current,2550,2650,300,700,900,above_p75,keep_current,0.000,n/a,true,true,true,smoke+flash1,4150,high
CT,3400,3350,AK-47,RIFLE,keep_current,2550,2700,300,700,1000,above_p75,keep_current,0.000,n/a,true,true,true,smoke+flash1,4200,high
CT,3400,3400,AK-47,RIFLE,keep_current,2550,2750,300,700,1000,above_p75,keep_current,0.000,n/a,true,true,true,smoke+flash1,4250,high
CT,3400,3450,AK-47,RIFLE,keep_current,2550,2800,300,700,1100,above_p75,keep_current,0.000,n/a,true,true,true,smoke+flash1,4300,high
CT,3400,3500,AK-47,RIFLE,keep_current,2850,2850,300,800,1100,above_p75,keep_current,0.000,n/a,true,true,true,smoke+flash1+HE,4050,high
CT,3400,3550,AK-47,RIFLE,keep_current,2850,2900,300,800,1100,above_p75,keep_current,0.000,n/a,true,true,true,smoke+flash1+HE,4100,high
CT,3400,3600,AK-47,RIFLE,keep_current,2850,2950,300,800,1100,above_p75,keep_current,0.000,n/a,true,true,true,smoke+flash1+HE,4150,high
CT,3400,3650,AK-47,RIFLE,keep_current,2850,3000,300,800,1100,above_p75,keep_current,0.000,n/a,true,true,true,smoke+flash1+HE,4200,high
CT,3400,3700,AK-47,RIFLE,keep_current,3050,3050,300,800,1200,above_p75,keep_current,0.000,n/a,true,true,true,smoke+flash1+fire,4050,high
CT,3400,3750,AK-47,RIFLE,keep_current,3050,3100,300,800,1200,above_p75,keep_current,0.000,n/a,true,true,true,smoke+flash1+fire,4100,high
CT,3400,3800,AK-47,RIFLE,keep_current,3050,3150,300,800,1300,above_p75,keep_current,0.000,n/a,true,true,true,smoke+flash1+fire,4150,high
CT,3400,3850,AK-47,RIFLE,keep_current,3050,3200,300,800,1300,above_p75,keep_current,0.000,n/a,true,true,true,smoke+flash1+fire,4200,high
CT,3400,3900,AK-47,RIFLE,keep_current,3050,3250,300,800,1550,above_p75,keep_current,0.000,n/a,true,true,true,smoke+flash1+fire,4250,high
CT,3400,3950,AK-47,RIFLE,keep_current,3050,3300,300,800,1550,above_p75,keep_current,0.000,n/a,true,true,true,smoke+flash1+fire,4300,high
CT,3400,4000,AK-47,RIFLE,keep_current,3350,3350,300,800,1550,above_p75,keep_current,0.000,n/a,true,true,true,smoke+flash1+HE+fire,4050,high
CT,3400,4050,AK-47,RIFLE,keep_current,3350,3400,300,800,1550,above_p75,keep_current,0.000,n/a,true,true,true,smoke+flash1+HE+fire,4100,high
CT,3400,4100,AK-47,RIFLE,keep_current,3350,3450,300,900,1700,above_p75,keep_current,0.000,n/a,true,true,true,smoke+flash1+HE+fire,4150,high
CT,3400,4150,AK-47,RIFLE,keep_current,3350,3500,300,1000,1700,above_p75,keep_current,0.000,n/a,true,true,true,smoke+flash1+HE+fire,4200,high
CT,3400,4200,AK-47,RIFLE,keep_current,3350,3550,300,1000,1700,above_p75,keep_current,0.000,n/a,true,true,true,smoke+flash1+HE+fire,4250,high
CT,3400,4250,AK-47,RIFLE,keep_current,3350,3600,600,1100,1700,above_p75,keep_current,0.000,n/a,true,true,true,smoke+flash1+HE+fire,4300,high
CT,3400,4300,AK-47,RIFLE,keep_current,3350,3650,600,1100,1700,above_p75,keep_current,0.000,n/a,true,true,true,smoke+flash1+HE+fire,4350,high
CT,3400,4350,AK-47,RIFLE,keep_current,3350,3700,600,1100,1700,above_p75,keep_current,0.000,n/a,true,true,true,smoke+flash1+HE+fire,4400,high
CT,3400,4400,AK-47,RIFLE,keep_current,3350,3750,600,1200,1700,above_p75,keep_current,0.000,n/a,true,true,true,smoke+flash1+HE+fire,4450,high
CT,3400,2950,M4A1-S,RIFLE,keep_current,2150,2300,300,700,800,above_p75,keep_current,0.000,n/a,true,true,false,smoke+flash1,4200,high
CT,3400,3000,M4A1-S,RIFLE,keep_current,2150,2350,300,700,800,above_p75,keep_current,0.000,n/a,true,true,false,smoke+flash1,4250,high
CT,3400,3050,M4A1-S,RIFLE,keep_current,2150,2400,300,700,800,above_p75,keep_current,0.000,n/a,true,true,false,smoke+flash1,4300,high
CT,3400,3100,M4A1-S,RIFLE,keep_current,2450,2450,300,700,800,above_p75,keep_current,0.000,n/a,true,true,false,smoke+flash1+HE,4050,high
CT,3400,3150,M4A1-S,RIFLE,keep_current,2450,2500,300,700,800,above_p75,keep_current,0.000,n/a,true,true,false,smoke+flash1+HE,4100,high
CT,3400,3200,M4A1-S,RIFLE,keep_current,2550,2550,300,700,900,above_p75,keep_current,0.000,n/a,true,true,true,smoke+flash1,4050,high
CT,3400,3250,M4A1-S,RIFLE,keep_current,2550,2600,300,700,900,above_p75,keep_current,0.000,n/a,true,true,true,smoke+flash1,4100,high
CT,3400,3300,M4A1-S,RIFLE,keep_current,2550,2650,300,700,900,above_p75,keep_current,0.000,n/a,true,true,true,smoke+flash1,4150,high
CT,3400,3350,M4A1-S,RIFLE,keep_current,2550,2700,300,700,1000,above_p75,keep_current,0.000,n/a,true,true,true,smoke+flash1,4200,high
CT,3400,3400,M4A1-S,RIFLE,keep_current,2550,2750,300,700,1000,above_p75,keep_current,0.000,n/a,true,true,true,smoke+flash1,4250,high
CT,3400,3450,M4A1-S,RIFLE,keep_current,2550,2800,300,700,1100,above_p75,keep_current,0.000,n/a,true,true,true,smoke+flash1,4300,high
CT,3400,3500,M4A1-S,RIFLE,keep_current,2850,2850,300,800,1100,above_p75,keep_current,0.000,n/a,true,true,true,smoke+flash1+HE,4050,high
CT,3400,3550,M4A1-S,RIFLE,keep_current,2850,2900,300,800,1100,above_p75,keep_current,0.000,n/a,true,true,true,smoke+flash1+HE,4100,high
CT,3400,3600,M4A1-S,RIFLE,keep_current,2850,2950,300,800,1100,above_p75,keep_current,0.000,n/a,true,true,true,smoke+flash1+HE,4150,high
CT,3400,3650,M4A1-S,RIFLE,keep_current,2850,3000,300,800,1100,above_p75,keep_current,0.000,n/a,true,true,true,smoke+flash1+HE,4200,high
CT,3400,3700,M4A1-S,RIFLE,keep_current,3050,3050,300,800,1200,above_p75,keep_current,0.000,n/a,true,true,true,smoke+flash1+fire,4050,high
CT,3400,3750,M4A1-S,RIFLE,keep_current,3050,3100,300,800,1200,above_p75,keep_current,0.000,n/a,true,true,true,smoke+flash1+fire,4100,high
CT,3400,3800,M4A1-S,RIFLE,keep_current,3050,3150,300,800,1300,above_p75,keep_current,0.000,n/a,true,true,true,smoke+flash1+fire,4150,high
CT,3400,3850,M4A1-S,RIFLE,keep_current,3050,3200,300,800,1300,above_p75,keep_current,0.000,n/a,true,true,true,smoke+flash1+fire,4200,high
CT,3400,3900,M4A1-S,RIFLE,keep_current,3050,3250,300,800,1550,above_p75,keep_current,0.000,n/a,true,true,true,smoke+flash1+fire,4250,high
CT,3400,3950,M4A1-S,RIFLE,keep_current,3050,3300,300,800,1550,above_p75,keep_current,0.000,n/a,true,true,true,smoke+flash1+fire,4300,high
CT,3400,4000,M4A1-S,RIFLE,keep_current,3350,3350,300,800,1550,above_p75,keep_current,0.000,n/a,true,true,true,smoke+flash1+HE+fire,4050,high
CT,3400,4050,M4A1-S,RIFLE,keep_current,3350,3400,300,800,1550,above_p75,keep_current,0.000,n/a,true,true,true,smoke+flash1+HE+fire,4100,high
CT,3400,4100,M4A1-S,RIFLE,keep_current,3350,3450,300,900,1700,above_p75,keep_current,0.000,n/a,true,true,true,smoke+flash1+HE+fire,4150,high
CT,3400,4150,M4A1-S,RIFLE,keep_current,3350,3500,300,1000,1700,above_p75,keep_current,0.000,n/a,true,true,true,smoke+flash1+HE+fire,4200,high
CT,3400,4200,M4A1-S,RIFLE,keep_current,3350,3550,300,1000,1700,above_p75,keep_current,0.000,n/a,true,true,true,smoke+flash1+HE+fire,4250,high
CT,3400,4250,M4A1-S,RIFLE,keep_current,3350,3600,600,1100,1700,above_p75,keep_current,0.000,n/a,true,true,true,smoke+flash1+HE+fire,4300,high
CT,3400,4300,M4A1-S,RIFLE,keep_current,3350,3650,600,1100,1700,above_p75,keep_current,0.000,n/a,true,true,true,smoke+flash1+HE+fire,4350,high
CT,3400,4350,M4A1-S,RIFLE,keep_current,3350,3700,600,1100,1700,above_p75,keep_current,0.000,n/a,true,true,true,smoke+flash1+HE+fire,4400,high
CT,3400,4400,M4A1-S,RIFLE,keep_current,3350,3750,600,1200,1700,above_p75,keep_current,0.000,n/a,true,true,true,smoke+flash1+HE+fire,4450,high
CT,3400,2950,M4A4,RIFLE,keep_current,2150,2300,300,700,800,above_p75,keep_current,0.000,n/a,true,true,false,smoke+flash1,4200,high
CT,3400,3000,M4A4,RIFLE,keep_current,2150,2350,300,700,800,above_p75,keep_current,0.000,n/a,true,true,false,smoke+flash1,4250,high
CT,3400,3050,M4A4,RIFLE,keep_current,2150,2400,300,700,800,above_p75,keep_current,0.000,n/a,true,true,false,smoke+flash1,4300,high
CT,3400,3100,M4A4,RIFLE,keep_current,2450,2450,300,700,800,above_p75,keep_current,0.000,n/a,true,true,false,smoke+flash1+HE,4050,high
CT,3400,3150,M4A4,RIFLE,keep_current,2450,2500,300,700,800,above_p75,keep_current,0.000,n/a,true,true,false,smoke+flash1+HE,4100,high
CT,3400,3200,M4A4,RIFLE,keep_current,2550,2550,300,700,900,above_p75,keep_current,0.000,n/a,true,true,true,smoke+flash1,4050,high
CT,3400,3250,M4A4,RIFLE,keep_current,2550,2600,300,700,900,above_p75,keep_current,0.000,n/a,true,true,true,smoke+flash1,4100,high
CT,3400,3300,M4A4,RIFLE,keep_current,2550,2650,300,700,900,above_p75,keep_current,0.000,n/a,true,true,true,smoke+flash1,4150,high
CT,3400,3350,M4A4,RIFLE,keep_current,2550,2700,300,700,1000,above_p75,keep_current,0.000,n/a,true,true,true,smoke+flash1,4200,high
CT,3400,3400,M4A4,RIFLE,keep_current,2550,2750,300,700,1000,above_p75,keep_current,0.000,n/a,true,true,true,smoke+flash1,4250,high
CT,3400,3450,M4A4,RIFLE,keep_current,2550,2800,300,700,1100,above_p75,keep_current,0.000,n/a,true,true,true,smoke+flash1,4300,high
CT,3400,3500,M4A4,RIFLE,keep_current,2850,2850,300,800,1100,above_p75,keep_current,0.000,n/a,true,true,true,smoke+flash1+HE,4050,high
CT,3400,3550,M4A4,RIFLE,keep_current,2850,2900,300,800,1100,above_p75,keep_current,0.000,n/a,true,true,true,smoke+flash1+HE,4100,high
CT,3400,3600,M4A4,RIFLE,keep_current,2850,2950,300,800,1100,above_p75,keep_current,0.000,n/a,true,true,true,smoke+flash1+HE,4150,high
CT,3400,3650,M4A4,RIFLE,keep_current,2850,3000,300,800,1100,above_p75,keep_current,0.000,n/a,true,true,true,smoke+flash1+HE,4200,high
CT,3400,3700,M4A4,RIFLE,keep_current,3050,3050,300,800,1200,above_p75,keep_current,0.000,n/a,true,true,true,smoke+flash1+fire,4050,high
CT,3400,3750,M4A4,RIFLE,keep_current,3050,3100,300,800,1200,above_p75,keep_current,0.000,n/a,true,true,true,smoke+flash1+fire,4100,high
CT,3400,3800,M4A4,RIFLE,keep_current,3050,3150,300,800,1300,above_p75,keep_current,0.000,n/a,true,true,true,smoke+flash1+fire,4150,high
CT,3400,3850,M4A4,RIFLE,keep_current,3050,3200,300,800,1300,above_p75,keep_current,0.000,n/a,true,true,true,smoke+flash1+fire,4200,high
CT,3400,3900,M4A4,RIFLE,keep_current,3050,3250,300,800,1550,above_p75,keep_current,0.000,n/a,true,true,true,smoke+flash1+fire,4250,high
CT,3400,3950,M4A4,RIFLE,keep_current,3050,3300,300,800,1550,above_p75,keep_current,0.000,n/a,true,true,true,smoke+flash1+fire,4300,high
CT,3400,4000,M4A4,RIFLE,keep_current,3350,3350,300,800,1550,above_p75,keep_current,0.000,n/a,true,true,true,smoke+flash1+HE+fire,4050,high
CT,3400,4050,M4A4,RIFLE,keep_current,3350,3400,300,800,1550,above_p75,keep_current,0.000,n/a,true,true,true,smoke+flash1+HE+fire,4100,high
CT,3400,4100,M4A4,RIFLE,keep_current,3350,3450,300,900,1700,above_p75,keep_current,0.000,n/a,true,true,true,smoke+flash1+HE+fire,4150,high
CT,3400,4150,M4A4,RIFLE,keep_current,3350,3500,300,1000,1700,above_p75,keep_current,0.000,n/a,true,true,true,smoke+flash1+HE+fire,4200,high
CT,3400,4200,M4A4,RIFLE,keep_current,3350,3550,300,1000,1700,above_p75,keep_current,0.000,n/a,true,true,true,smoke+flash1+HE+fire,4250,high
CT,3400,4250,M4A4,RIFLE,keep_current,3350,3600,600,1100,1700,above_p75,keep_current,0.000,n/a,true,true,true,smoke+flash1+HE+fire,4300,high
CT,3400,4300,M4A4,RIFLE,keep_current,3350,3650,600,1100,1700,above_p75,keep_current,0.000,n/a,true,true,true,smoke+flash1+HE+fire,4350,high
CT,3400,4350,M4A4,RIFLE,keep_current,3350,3700,600,1100,1700,above_p75,keep_current,0.000,n/a,true,true,true,smoke+flash1+HE+fire,4400,high
CT,3400,4400,M4A4,RIFLE,keep_current,3350,3750,600,1200,1700,above_p75,keep_current,0.000,n/a,true,true,true,smoke+flash1+HE+fire,4450,high