side,lossReward,startMoney,moneySpent,nextIfLoseAfterSpend,rifle+armor,rifle+helmet,rifle+armor+smoke+flash,rifle+armor+smoke+2flash,awp+armor,awp+armor+smoke+flash,smg+armor,paidpistol+armor
t,1900,800,650,2050,0,0,0,0,0,0,1,1
ct,1900,800,650,2050,0,0,0,0,0,0,1,1
ct,1900,800,800,1900,0,0,0,0,0,0,1,1
ct,1900,800,650,2050,0,0,0,0,0,0,1,1
ct,1900,800,650,2050,0,0,0,0,0,0,1,1
ct,1900,800,300,2400,0,0,0,0,0,0,1,1
t,1900,800,650,2050,0,0,0,0,0,0,1,1
t,1900,800,650,2050,0,0,0,0,0,0,1,1
t,1900,800,650,2050,0,0,0,0,0,0,1,1
t,1900,800,800,1900,0,0,0,0,0,0,1,1
t,1400,3700,3700,1400,0,0,0,0,0,0,0,1
ct,2400,1950,1800,2550,1,0,0,0,0,0,1,1
ct,2400,2100,2000,2500,1,0,0,0,0,0,1,1
ct,2400,2100,2100,2400,0,0,0,0,0,0,1,1
t,1400,3400,3350,1450,0,0,0,0,0,0,0,1
t,1400,4000,3950,1450,0,0,0,0,0,0,0,1
t,1400,4000,4000,1400,0,0,0,0,0,0,0,1
t,1400,3550,3250,1700,0,0,0,0,0,0,1,1
ct,2900,2450,500,4850,1,1,1,1,0,0,1,1
ct,2900,2550,300,5150,1,1,1,1,0,0,1,1
ct,2900,2500,500,4900,1,1,1,1,0,0,1,1
ct,2900,2400,300,5000,1,1,1,1,0,0,1,1
ct,3400,4850,4850,3400,1,1,1,1,0,0,1,1
ct,3400,5150,4600,3950,1,1,1,1,0,0,1,1
ct,3400,4900,4900,3400,1,1,1,1,0,0,1,1
ct,3400,5400,5400,3400,1,1,1,1,0,0,1,1
ct,3400,5000,4900,3500,1,1,1,1,0,0,1,1
t,1400,9000,4800,5600,1,1,1,1,1,0,1,1
t,1400,11350,5100,7650,1,1,1,1,1,1,1,1
ct,3400,3850,3850,3400,1,1,1,1,0,0,1,1
ct,3400,5100,4850,3650,1,1,1,1,0,0,1,1
ct,3400,4350,4350,3400,1,1,1,1,0,0,1,1
ct,3400,3650,3600,3450,1,1,1,1,0,0,1,1
t,1900,8250,4800,5350,1,1,1,1,0,0,1,1
ct,1400,3800,3750,1450,0,0,0,0,0,0,0,1
t,1900,13000,4900,10000,1,1,1,1,1,1,1,1
t,1900,13400,7350,7950,1,1,1,1,1,1,1,1
t,1900,10600,4800,7700,1,1,1,1,1,1,1,1
t,1900,10350,4800,7450,1,1,1,1,1,1,1,1
t,1400,6700,4800,3300,1,1,1,1,0,0,1,1
ct,1900,4050,1900,4050,1,1,1,1,0,0,1,1
ct,1900,3050,1750,3200,1,1,1,1,0,0,1,1
ct,1900,4250,1700,4450,1,1,1,1,0,0,1,1
ct,1900,3700,2000,3600,1,1,1,1,0,0,1,1
t,1400,11650,4800,8250,1,1,1,1,1,1,1,1
t,1400,8800,4800,5400,1,1,1,1,1,0,1,1
ct,2400,6100,5600,2900,1,1,0,0,0,0,1,1
ct,2400,4950,4850,2500,1,0,0,0,0,0,1,1
ct,2400,4700,4600,2500,1,0,0,0,0,0,1,1
ct,2400,6700,6700,2400,0,0,0,0,0,0,1,1
ct,2400,5100,5050,2450,1,0,0,0,0,0,1,1
ct,2900,4100,2600,4400,1,1,1,1,0,0,1,1
ct,2900,3700,2300,4300,1,1,1,1,0,0,1,1
ct,2900,3800,1400,5300,1,1,1,1,0,0,1,1
t,1400,16000,7350,10050,1,1,1,1,1,1,1,1
t,1400,15150,4800,11750,1,1,1,1,1,1,1,1
t,1900,7100,4800,4200,1,1,1,1,0,0,1,1
ct,1400,4900,4850,1450,0,0,0,0,0,0,0,1
ct,1400,6150,5800,1750,0,0,0,0,0,0,1,1
t,1900,11250,4900,8250,1,1,1,1,1,1,1,1
t,1900,11450,4900,8450,1,1,1,1,1,1,1,1
t,1900,8700,4800,5800,1,1,1,1,1,0,1,1
t,1400,10050,5300,6150,1,1,1,1,1,1,1,1
ct,1900,800,650,2050,0,0,0,0,0,0,1,1
ct,1900,800,650,2050,0,0,0,0,0,0,1,1
ct,1900,800,650,2050,0,0,0,0,0,0,1,1
ct,1900,800,650,2050,0,0,0,0,0,0,1,1
ct,1900,800,800,1900,0,0,0,0,0,0,1,1
ct,2400,2450,2350,2500,1,0,0,0,0,0,1,1
t,1400,3400,3400,1400,0,0,0,0,0,0,0,1
t,1400,3700,3600,1500,0,0,0,0,0,0,0,1
t,1400,3700,3550,1550,0,0,0,0,0,0,0,1
ct,2400,2150,2050,2500,1,0,0,0,0,0,1,1
ct,2400,2450,2350,2500,1,0,0,0,0,0,1,1
ct,2400,2000,2000,2400,0,0,0,0,0,0,1,1
ct,2900,2550,300,5150,1,1,1,1,0,0,1,1
ct,2900,2550,0,5450,1,1,1,1,1,0,1,1
ct,2900,2800,0,5700,1,1,1,1,1,0,1,1
ct,2900,2450,300,5050,1,1,1,1,0,0,1,1
ct,3400,5200,5200,3400,1,1,1,1,0,0,1,1
ct,3400,5750,5250,3900,1,1,1,1,0,0,1,1
t,1900,5450,4800,2550,1,0,0,0,0,0,1,1
t,1900,4200,3900,2200,0,0,0,0,0,0,1,1
ct,1900,5050,4350,2600,1,0,0,0,0,0,1,1
ct,1900,5250,4850,2300,0,0,0,0,0,0,1,1
t,1400,4200,4200,1400,0,0,0,0,0,0,0,1
t,1400,4950,4800,1550,0,0,0,0,0,0,0,1
ct,2400,6350,6300,2450,1,0,0,0,0,0,1,1
t,1900,1400,1300,2000,0,0,0,0,0,0,1,1
t,1900,1550,1500,1950,0,0,0,0,0,0,1,1
t,2400,2000,2000,2400,0,0,0,0,0,0,1,1
t,2400,2050,2000,2450,1,0,0,0,0,0,1,1
t,2400,2300,2200,2500,1,0,0,0,0,0,1,1
t,2400,1950,1850,2500,1,0,0,0,0,0,1,1
ct,1400,6400,5200,2600,1,0,0,0,0,0,1,1
ct,1900,800,650,2050,0,0,0,0,0,0,1,1
ct,1900,800,650,2050,0,0,0,0,0,0,1,1
t,1900,800,800,1900,0,0,0,0,0,0,1,1
ct,1900,800,650,2050,0,0,0,0,0,0,1,1
ct,1900,800,650,2050,0,0,0,0,0,0,1,1
t,1900,800,650,2050,0,0,0,0,0,0,1,1
ct,1900,800,800,1900,0,0,0,0,0,0,1,1
t,1900,800,650,2050,0,0,0,0,0,0,1,1
t,1900,800,700,2000,0,0,0,0,0,0,1,1
t,1900,800,650,2050,0,0,0,0,0,0,1,1
ct,2400,2250,2100,2550,1,0,0,0,0,0,1,1
ct,2400,2550,2550,2400,0,0,0,0,0,0,1,1
t,1400,3250,3100,1550,0,0,0,0,0,0,0,1
ct,2400,2850,2800,2450,1,0,0,0,0,0,1,1
ct,2400,2250,2250,2400,0,0,0,0,0,0,1,1
t,1400,3400,3300,1500,0,0,0,0,0,0,0,1
ct,2400,2400,2100,2700,1,0,0,0,0,0,1,1
t,1400,3700,3700,1400,0,0,0,0,0,0,0,1
t,1400,3350,3150,1600,0,0,0,0,0,0,0,1
t,1400,4900,4700,1600,0,0,0,0,0,0,0,1
ct,1400,3950,3900,1450,0,0,0,0,0,0,0,1
ct,1400,4700,4700,1400,0,0,0,0,0,0,0,1
t,1900,1850,1850,1900,0,0,0,0,0,0,1,1
t,1900,1400,1400,1900,0,0,0,0,0,0,1,1
t,1900,1600,1450,2050,0,0,0,0,0,0,1,1
t,1900,1400,1400,1900,0,0,0,0,0,0,1,1
t,2400,2200,0,4600,1,1,1,1,0,0,1,1
ct,1400,5900,5200,2100,0,0,0,0,0,0,1,1
t,2400,2000,0,4400,1,1,1,1,0,0,1,1
t,2400,2200,200,4400,1,1,1,1,0,0,1,1
t,2400,2050,0,4450,1,1,1,1,0,0,1,1
t,2400,1900,0,4300,1,1,1,1,0,0,1,1
t,2900,4300,3900,3300,1,1,1,1,0,0,1,1
t,2900,4400,4400,2900,1,1,0,0,0,0,1,1
t,2900,4400,4400,2900,1,1,0,0,0,0,1,1
t,2900,4450,4400,2950,1,1,1,0,0,0,1,1
t,2900,4600,4600,2900,1,1,0,0,0,0,1,1
ct,1400,7450,5600,3250,1,1,1,1,0,0,1,1
ct,1400,9300,5200,5500,1,1,1,1,1,0,1,1
ct,1400,8000,5200,4200,1,1,1,1,0,0,1,1
t,3400,3500,1450,5450,1,1,1,1,1,0,1,1
t,3400,2950,1800,4550,1,1,1,1,0,0,1,1
t,3400,2900,1800,4500,1,1,1,1,0,0,1,1
t,3400,4900,4900,3400,1,1,1,1,0,0,1,1
t,3400,3450,3300,3550,1,1,1,1,0,0,1,1
t,3400,5050,4800,3650,1,1,1,1,0,0,1,1
t,3400,4550,4400,3550,1,1,1,1,0,0,1,1
t,3400,4500,4400,3500,1,1,1,1,0,0,1,1
t,1400,3500,3500,1400,0,0,0,0,0,0,0,1
ct,1900,6400,5600,2700,1,0,0,0,0,0,1,1
t,1400,4250,3900,1750,0,0,0,0,0,0,1,1
ct,1900,7250,5200,3950,1,1,1,1,0,0,1,1
t,1400,4350,3700,2050,0,0,0,0,0,0,1,1
ct,1900,8250,5200,4950,1,1,1,1,0,0,1,1
t,1400,3650,3500,1550,0,0,0,0,0,0,0,1
t,1400,3600,3500,1500,0,0,0,0,0,0,0,1
ct,1400,7050,5200,3250,1,1,1,1,0,0,1,1
t,1900,3250,1650,3500,1,1,1,1,0,0,1,1
t,1900,3000,2000,2900,1,1,0,0,0,0,1,1
t,1400,5600,5100,1900,0,0,0,0,0,0,1,1
t,1400,5100,4800,1700,0,0,0,0,0,0,1,1
ct,1900,4800,4650,2050,0,0,0,0,0,0,1,1
t,1400,4950,4800,1550,0,0,0,0,0,0,0,1
t,1400,3850,3700,1550,0,0,0,0,0,0,0,1
t,1400,4800,4800,1400,0,0,0,0,0,0,0,1
ct,2400,2200,0,4600,1,1,1,1,0,0,1,1
t,1400,4250,4200,1450,0,0,0,0,0,0,0,1
ct,2400,2150,300,4250,1,1,1,1,0,0,1,1
ct,2900,4650,4650,2900,1,1,0,0,0,0,1,1
ct,2900,4400,4350,2950,1,1,1,0,0,0,1,1
t,1900,800,800,1900,0,0,0,0,0,0,1,1
t,1900,800,650,2050,0,0,0,0,0,0,1,1
t,1900,800,650,2050,0,0,0,0,0,0,1,1
t,1900,800,650,2050,0,0,0,0,0,0,1,1
t,1900,800,700,2000,0,0,0,0,0,0,1,1
ct,2400,2150,2100,2450,1,0,0,0,0,0,1,1
t,1400,3400,3250,1550,0,0,0,0,0,0,0,1
ct,2400,2750,1650,3500,1,1,1,1,0,0,1,1
t,1400,3700,3700,1400,0,0,0,0,0,0,0,1
t,1400,4000,3500,1900,0,0,0,0,0,0,1,1
ct,2400,2150,2000,2550,1,0,0,0,0,0,1,1
ct,2400,2000,2000,2400,0,0,0,0,0,0,1,1
t,1900,1450,1450,1900,0,0,0,0,0,0,1,1
ct,1400,4900,4700,1600,0,0,0,0,0,0,0,1
t,1900,1450,1350,2000,0,0,0,0,0,0,1,1
t,2400,2200,0,4600,1,1,1,1,0,0,1,1
t,2400,1950,0,4350,1,1,1,1,0,0,1,1
t,2400,2000,0,4400,1,1,1,1,0,0,1,1
t,2400,2000,0,4400,1,1,1,1,0,0,1,1
t,2900,4600,4600,2900,1,1,0,0,0,0,1,1
t,2900,4600,4600,2900,1,1,0,0,0,0,1,1
t,2900,4650,4600,2950,1,1,1,0,0,0,1,1
t,2900,4400,4400,2900,1,1,0,0,0,0,1,1
t,2900,4400,4400,2900,1,1,0,0,0,0,1,1
ct,1400,9150,5600,4950,1,1,1,1,0,0,1,1
t,3400,3500,2000,4900,1,1,1,1,0,0,1,1
t,3400,4150,1450,6100,1,1,1,1,1,1,1,1
t,3400,3500,950,5950,1,1,1,1,1,1,1,1
ct,1400,6900,5200,3100,1,1,1,0,0,0,1,1
ct,1400,9050,5600,4850,1,1,1,1,0,0,1,1
ct,1400,7950,5200,4150,1,1,1,1,0,0,1,1
t,3400,4450,4400,3450,1,1,1,1,0,0,1,1
ct,1400,5500,5200,1700,0,0,0,0,0,0,1,1
t,3400,4800,4800,3400,1,1,1,1,0,0,1,1
ct,1400,6950,5600,2750,1,0,0,0,0,0,1,1
ct,1900,5000,5000,1900,0,0,0,0,0,0,1,1
ct,2400,5950,5250,3100,1,1,1,0,0,0,1,1
t,1400,5050,4800,1650,0,0,0,0,0,0,0,1
t,1900,7850,6850,2900,1,1,0,0,0,0,1,1
t,1900,8100,4800,5200,1,1,1,1,0,0,1,1
t,1900,800,700,2000,0,0,0,0,0,0,1,1
t,1900,800,650,2050,0,0,0,0,0,0,1,1
ct,1900,800,650,2050,0,0,0,0,0,0,1,1
t,1900,800,650,2050,0,0,0,0,0,0,1,1
t,1900,800,700,2000,0,0,0,0,0,0,1,1
t,1900,800,650,2050,0,0,0,0,0,0,1,1
ct,1900,800,650,2050,0,0,0,0,0,0,1,1
ct,1900,800,800,1900,0,0,0,0,0,0,1,1
ct,1900,800,650,2050,0,0,0,0,0,0,1,1
ct,1900,800,800,1900,0,0,0,0,0,0,1,1
t,1400,3900,3900,1400,0,0,0,0,0,0,0,1
t,1400,3950,3800,1550,0,0,0,0,0,0,0,1
ct,2400,2300,0,4700,1,1,1,1,0,0,1,1
t,1400,3600,3500,1500,0,0,0,0,0,0,0,1
ct,2400,3500,0,5900,1,1,1,1,1,1,1,1
ct,2400,2450,500,4350,1,1,1,1,0,0,1,1
ct,2400,2300,300,4400,1,1,1,1,0,0,1,1
ct,2400,2150,0,4550,1,1,1,1,0,0,1,1
ct,2900,4800,4700,3000,1,1,1,0,0,0,1,1
ct,2900,6000,5900,3000,1,1,1,0,0,0,1,1
ct,2900,4450,4150,3200,1,1,1,1,0,0,1,1
ct,2900,4800,4700,3000,1,1,1,0,0,0,1,1
ct,2900,4350,4200,3050,1,1,1,0,0,0,1,1
t,1900,3350,3300,1950,0,0,0,0,0,0,1,1
t,1900,3700,3700,1900,0,0,0,0,0,0,1,1
t,2400,2000,0,4400,1,1,1,1,0,0,1,1
t,2400,2050,0,4450,1,1,1,1,0,0,1,1
t,2400,2250,0,4650,1,1,1,1,0,0,1,1
t,2400,1900,0,4300,1,1,1,1,0,0,1,1
t,2900,5000,4900,3000,1,1,1,0,0,0,1,1
t,2900,5050,4900,3050,1,1,1,0,0,0,1,1
t,2900,5800,4900,3800,1,1,1,1,0,0,1,1
ct,1400,6850,5600,2650,1,0,0,0,0,0,1,1
ct,1400,8600,5400,4600,1,1,1,1,0,0,1,1
t,3400,3000,300,6100,1,1,1,1,1,1,1,1
t,3400,4100,4000,3500,1,1,1,1,0,0,1,1
t,3400,5250,4900,3750,1,1,1,1,0,0,1,1
t,3400,4600,4600,3400,1,1,1,1,0,0,1,1
t,3400,6100,6100,3400,1,1,1,1,0,0,1,1
t,3400,5200,4900,3700,1,1,1,1,0,0,1,1
t,1400,4450,4400,1450,0,0,0,0,0,0,0,1
ct,1900,8200,7050,3050,1,1,1,0,0,0,1,1
ct,1900,5500,5400,2000,0,0,0,0,0,0,1,1
ct,1900,7900,5600,4200,1,1,1,1,0,0,1,1
ct,1900,9350,5600,5650,1,1,1,1,1,0,1,1
ct,1400,10750,5600,6550,1,1,1,1,1,1,1,1
t,1900,4800,4700,2000,0,0,0,0,0,0,1,1
t,2400,4200,3400,3200,1,1,1,1,0,0,1,1
t,2400,3500,1750,4150,1,1,1,1,0,0,1,1
ct,1400,5550,5400,1550,0,0,0,0,0,0,0,1
t,2900,4150,4000,3050,1,1,1,0,0,0,1,1
t,2900,4200,3900,3200,1,1,1,1,0,0,1,1
t,2900,6100,6100,2900,1,1,0,0,0,0,1,1
t,2900,4950,4900,2950,1,1,1,0,0,0,1,1
ct,1900,800,800,1900,0,0,0,0,0,0,1,1
ct,1900,800,650,2050,0,0,0,0,0,0,1,1
ct,1900,800,650,2050,0,0,0,0,0,0,1,1
ct,1900,800,650,2050,0,0,0,0,0,0,1,1
ct,1900,800,650,2050,0,0,0,0,0,0,1,1
ct,1400,3800,3750,1450,0,0,0,0,0,0,0,1
t,2400,2050,0,4450,1,1,1,1,0,0,1,1
ct,1400,3950,3850,1500,0,0,0,0,0,0,0,1
ct,1400,3650,3250,1800,0,0,0,0,0,0,1,1
ct,1400,3950,3850,1500,0,0,0,0,0,0,0,1
t,2400,2050,0,4450,1,1,1,1,0,0,1,1
t,2400,1900,400,3900,1,1,1,1,0,0,1,1
t,2400,2200,0,4600,1,1,1,1,0,0,1,1
t,2400,2050,0,4450,1,1,1,1,0,0,1,1
t,2900,4450,2200,5150,1,1,1,1,0,0,1,1
t,2900,4450,2000,5350,1,1,1,1,0,0,1,1
t,2900,3900,1850,4950,1,1,1,1,0,0,1,1
t,2900,4400,2600,4700,1,1,1,1,0,0,1,1
t,2900,4450,2100,5250,1,1,1,1,0,0,1,1
t,3400,5150,4800,3750,1,1,1,1,0,0,1,1
ct,1400,6100,5200,2300,0,0,0,0,0,0,1,1
t,3400,5350,4800,3950,1,1,1,1,0,0,1,1
t,3400,4950,4800,3550,1,1,1,1,0,0,1,1
t,3400,4700,4600,3500,1,1,1,1,0,0,1,1
t,1400,4100,3900,1600,0,0,0,0,0,0,0,1
ct,2400,2150,0,4550,1,1,1,1,0,0,1,1
ct,2400,2300,300,4400,1,1,1,1,0,0,1,1
ct,2400,2000,0,4400,1,1,1,1,0,0,1,1
ct,2400,2500,300,4600,1,1,1,1,0,0,1,1
t,1400,5050,4900,1550,0,0,0,0,0,0,0,1
ct,2900,4650,4550,3000,1,1,1,0,0,0,1,1
ct,2900,4800,4700,3000,1,1,1,0,0,0,1,1
ct,2900,4900,4850,2950,1,1,1,0,0,0,1,1
ct,2900,4700,4650,2950,1,1,1,0,0,0,1,1
t,1900,800,700,2000,0,0,0,0,0,0,1,1
t,1900,800,650,2050,0,0,0,0,0,0,1,1
ct,1900,800,800,1900,0,0,0,0,0,0,1,1
ct,1900,800,650,2050,0,0,0,0,0,0,1,1
ct,1900,800,650,2050,0,0,0,0,0,0,1,1
ct,1900,800,650,2050,0,0,0,0,0,0,1,1
t,1900,800,800,1900,0,0,0,0,0,0,1,1
t,1900,800,650,2050,0,0,0,0,0,0,1,1
ct,1900,800,650,2050,0,0,0,0,0,0,1,1
t,1900,800,650,2050,0,0,0,0,0,0,1,1
t,1400,3650,3150,1900,0,0,0,0,0,0,1,1
ct,2400,2350,2250,2500,1,0,0,0,0,0,1,1
ct,2400,2200,2200,2400,0,0,0,0,0,0,1,1
ct,2400,2200,2200,2400,0,0,0,0,0,0,1,1
ct,2400,2800,2650,2550,1,0,0,0,0,0,1,1
t,1400,3550,3500,1450,0,0,0,0,0,0,0,1
t,1400,3700,3250,1850,0,0,0,0,0,0,1,1
ct,2400,2200,2200,2400,0,0,0,0,0,0,1,1
t,1400,3700,3700,1400,0,0,0,0,0,0,0,1
t,1400,5400,4900,1900,0,0,0,0,0,0,1,1
ct,2900,3200,700,5400,1,1,1,1,1,0,1,1
ct,2900,2500,700,4700,1,1,1,1,0,0,1,1
ct,2900,2500,700,4700,1,1,1,1,0,0,1,1
ct,2900,2500,700,4700,1,1,1,1,0,0,1,1
t,1900,1900,1750,2050,0,0,0,0,0,0,1,1
ct,1400,6300,5600,2100,0,0,0,0,0,0,1,1
ct,1400,5300,5200,1500,0,0,0,0,0,0,0,1
ct,1400,5300,5200,1500,0,0,0,0,0,0,0,1
ct,1400,6750,6550,1600,0,0,0,0,0,0,0,1
t,1900,2600,1700,2800,1,1,0,0,0,0,1,1
t,1900,3300,3300,1900,0,0,0,0,0,0,1,1
ct,1400,6200,5600,2000,0,0,0,0,0,0,1,1
t,1900,4450,4400,1950,0,0,0,0,0,0,1,1
t,2400,2850,2050,3200,1,1,1,1,0,0,1,1
t,2400,3550,3400,2550,1,0,0,0,0,0,1,1
t,2400,2500,2450,2450,1,0,0,0,0,0,1,1
t,2400,2800,2300,2900,1,1,0,0,0,0,1,1
t,2400,2550,2550,2400,0,0,0,0,0,0,1,1
t,2900,3200,600,5500,1,1,1,1,1,0,1,1
t,2900,2550,700,4750,1,1,1,1,0,0,1,1
t,2900,2450,700,4650,1,1,1,1,0,0,1,1
t,2900,2400,700,4600,1,1,1,1,0,0,1,1
t,3400,5500,4900,4000,1,1,1,1,0,0,1,1
t,3400,4750,4700,3450,1,1,1,1,0,0,1,1
ct,1400,8750,5600,4550,1,1,1,1,0,0,1,1
t,3400,4950,4800,3550,1,1,1,1,0,0,1,1
t,3400,4800,4700,3500,1,1,1,1,0,0,1,1
t,3400,4600,4600,3400,1,1,1,1,0,0,1,1
t,3400,4050,4000,3450,1,1,1,1,0,0,1,1
ct,1400,10550,5600,6350,1,1,1,1,1,1,1,1
t,3400,4100,1700,5800,1,1,1,1,1,0,1,1
ct,1400,10850,5600,6650,1,1,1,1,1,1,1,1
t,3400,4000,4000,3400,1,1,1,1,0,0,1,1
ct,1900,10550,5600,6850,1,1,1,1,1,1,1,1
ct,1900,6450,5600,2750,1,0,0,0,0,0,1,1
ct,1900,9650,7450,4100,1,1,1,1,0,0,1,1
t,1400,3350,3300,1450,0,0,0,0,0,0,0,1
ct,1900,7750,5600,4050,1,1,1,1,0,0,1,1
ct,2400,3350,3350,2400,0,0,0,0,0,0,1,1
ct,2400,4150,4150,2400,0,0,0,0,0,0,1,1
ct,2900,2600,700,4800,1,1,1,1,0,0,1,1
ct,2900,2700,700,4900,1,1,1,1,0,0,1,1
ct,2900,3800,1450,5250,1,1,1,1,0,0,1,1
ct,2900,2650,1700,3850,1,1,1,1,0,0,1,1
t,1400,5700,4800,2300,0,0,0,0,0,0,1,1
t,1400,6450,4600,3250,1,1,1,1,0,0,1,1
t,1900,3400,3400,1900,0,0,0,0,0,0,1,1
ct,1400,5400,5200,1600,0,0,0,0,0,0,0,1
t,1900,3100,3000,2000,0,0,0,0,0,0,1,1
t,1900,3150,2750,2300,0,0,0,0,0,0,1,1
t,1900,3750,3650,2000,0,0,0,0,0,0,1,1
ct,1900,800,700,2000,0,0,0,0,0,0,1,1
ct,1900,800,650,2050,0,0,0,0,0,0,1,1
ct,1900,800,650,2050,0,0,0,0,0,0,1,1
ct,1900,800,650,2050,0,0,0,0,0,0,1,1
ct,1900,800,650,2050,0,0,0,0,0,0,1,1
ct,2400,2050,1500,2950,1,1,1,0,0,0,1,1
ct,2400,2100,1950,2550,1,0,0,0,0,0,1,1
t,1400,3250,3150,1500,0,0,0,0,0,0,0,1
t,1400,4000,4000,1400,0,0,0,0,0,0,0,1
ct,2400,2100,1150,3350,1,1,1,1,0,0,1,1
ct,2400,2100,2000,2500,1,0,0,0,0,0,1,1
t,1400,4000,4000,1400,0,0,0,0,0,0,0,1
ct,2900,2500,300,5100,1,1,1,1,0,0,1,1
ct,2900,2600,600,4900,1,1,1,1,0,0,1,1
ct,2900,2850,300,5450,1,1,1,1,1,0,1,1
ct,2900,2500,950,4450,1,1,1,1,0,0,1,1
ct,3400,4550,4550,3400,1,1,1,1,0,0,1,1
ct,3400,4950,4850,3500,1,1,1,1,0,0,1,1
t,1400,6450,4900,2950,1,1,1,0,0,0,1,1
ct,3400,5150,5100,3450,1,1,1,1,0,0,1,1
ct,3400,5200,5200,3400,1,1,1,1,0,0,1,1
ct,1400,3700,3650,1450,0,0,0,0,0,0,0,1
ct,1400,4100,4050,1450,0,0,0,0,0,0,0,1
t,1900,7150,3250,5800,1,1,1,1,1,0,1,1
t,1900,7000,4800,4100,1,1,1,1,0,0,1,1
ct,1400,3700,3650,1450,0,0,0,0,0,0,0,1
t,1900,7350,4900,4350,1,1,1,1,0,0,1,1
ct,1400,4150,4150,1400,0,0,0,0,0,0,0,1
ct,1900,2500,1800,2600,1,0,0,0,0,0,1,1
ct,1900,2500,2500,1900,0,0,0,0,0,0,1,1
t,1400,6100,4900,2600,1,0,0,0,0,0,1,1
ct,1900,2600,2550,1950,0,0,0,0,0,0,1,1
ct,1900,2500,2050,2350,0,0,0,0,0,0,1,1
ct,2400,3000,3000,2400,0,0,0,0,0,0,1,1
t,1400,8700,5100,5000,1,1,1,1,0,0,1,1
ct,2400,3050,2950,2500,1,0,0,0,0,0,1,1
ct,2400,3150,3050,2500,1,0,0,0,0,0,1,1
t,1400,9250,4900,5750,1,1,1,1,1,0,1,1
ct,2400,3050,2900,2550,1,0,0,0,0,0,1,1
t,1900,800,700,2000,0,0,0,0,0,0,1,1
ct,1900,800,650,2050,0,0,0,0,0,0,1,1
t,1900,800,650,2050,0,0,0,0,0,0,1,1
t,1900,800,650,2050,0,0,0,0,0,0,1,1
ct,1900,800,650,2050,0,0,0,0,0,0,1,1
ct,1900,800,650,2050,0,0,0,0,0,0,1,1
ct,1900,800,800,1900,0,0,0,0,0,0,1,1
t,1900,800,800,1900,0,0,0,0,0,0,1,1
ct,1900,800,650,2050,0,0,0,0,0,0,1,1
t,1900,800,650,2050,0,0,0,0,0,0,1,1
t,2400,2600,0,5000,1,1,1,1,0,0,1,1
ct,1400,5100,4950,1550,0,0,0,0,0,0,0,1
t,2400,3850,3700,2550,1,0,0,0,0,0,1,1
t,2400,2650,300,4750,1,1,1,1,0,0,1,1
ct,1400,3900,3550,1750,0,0,0,0,0,0,1,1
ct,1400,4200,4200,1400,0,0,0,0,0,0,0,1
ct,1400,3750,3100,2050,0,0,0,0,0,0,1,1
t,2400,2800,0,5200,1,1,1,1,0,0,1,1
ct,1400,4200,4200,1400,0,0,0,0,0,0,0,1
t,2400,2650,700,4350,1,1,1,1,0,0,1,1
t,2900,4750,4700,2950,1,1,1,0,0,0,1,1
t,2900,4800,4800,2900,1,1,0,0,0,0,1,1
t,2900,4650,4400,3150,1,1,1,1,0,0,1,1
ct,1900,3050,1450,3500,1,1,1,1,0,0,1,1
t,1900,4200,3900,2200,0,0,0,0,0,0,1,1
t,1900,2950,2700,2150,0,0,0,0,0,0,1,1
t,1900,5100,4900,2100,0,0,0,0,0,0,1,1
t,1900,2800,2800,1900,0,0,0,0,0,0,1,1
t,1900,5050,4900,2050,0,0,0,0,0,0,1,1
t,2400,2700,0,5100,1,1,1,1,0,0,1,1
ct,1400,5800,5200,2000,0,0,0,0,0,0,1,1
t,2400,2950,1150,4200,1,1,1,1,0,0,1,1
t,2400,2600,1150,3850,1,1,1,1,0,0,1,1
ct,1400,5800,5600,1600,0,0,0,0,0,0,0,1
t,2400,2550,500,4450,1,1,1,1,0,0,1,1
t,2900,5600,4900,3600,1,1,1,1,0,0,1,1
t,2900,4700,4600,3000,1,1,1,0,0,0,1,1
t,2900,4350,4200,3050,1,1,1,0,0,0,1,1
ct,1400,7950,4600,4750,1,1,1,1,0,0,1,1
t,2900,4750,4600,3050,1,1,1,0,0,0,1,1
t,2900,4950,4900,2950,1,1,1,0,0,0,1,1
t,1400,3950,3900,1450,0,0,0,0,0,0,0,1
ct,1900,5650,5200,2350,0,0,0,0,0,0,1,1
ct,1900,4900,4850,1950,0,0,0,0,0,0,1,1
ct,1900,6650,6550,2000,0,0,0,0,0,0,1,1
ct,1900,5950,5800,2050,0,0,0,0,0,0,1,1
t,1900,2450,0,4350,1,1,1,1,0,0,1,1
t,1900,3350,1650,3600,1,1,1,1,0,0,1,1
t,1900,2800,1450,3250,1,1,1,1,0,0,1,1
t,1900,4000,300,5600,1,1,1,1,1,0,1,1
t,1400,5200,4900,1700,0,0,0,0,0,0,1,1
ct,1900,1650,0,3550,1,1,1,1,0,0,1,1
t,1400,5550,4800,2150,0,0,0,0,0,0,1,1
ct,1900,2750,700,3950,1,1,1,1,0,0,1,1
ct,1900,4300,700,5500,1,1,1,1,1,0,1,1
ct,1900,2250,0,4150,1,1,1,1,0,0,1,1
ct,2400,3700,3550,2550,1,0,0,0,0,0,1,1
t,1400,5650,4900,2150,0,0,0,0,0,0,1,1
ct,2400,4400,4350,2450,1,0,0,0,0,0,1,1
ct,2400,4600,4500,2500,1,0,0,0,0,0,1,1
t,1400,4600,4600,1400,0,0,0,0,0,0,0,1
ct,2900,3350,3350,2900,1,1,0,0,0,0,1,1
t,1400,4300,4300,1400,0,0,0,0,0,0,0,1
ct,2900,2850,2600,3150,1,1,1,1,0,0,1,1
ct,2900,2700,2550,3050,1,1,1,0,0,0,1,1
ct,2900,2700,2700,2900,1,1,0,0,0,0,1,1
t,1900,800,650,2050,0,0,0,0,0,0,1,1
t,1900,800,800,1900,0,0,0,0,0,0,1,1
t,1900,800,650,2050,0,0,0,0,0,0,1,1
t,1900,800,800,1900,0,0,0,0,0,0,1,1
t,1900,800,650,2050,0,0,0,0,0,0,1,1
ct,2400,2050,0,4450,1,1,1,1,0,0,1,1
t,1400,3400,3250,1550,0,0,0,0,0,0,0,1
ct,2400,2800,200,5000,1,1,1,1,0,0,1,1
ct,2400,2200,500,4100,1,1,1,1,0,0,1,1
t,1400,3850,3800,1450,0,0,0,0,0,0,0,1
t,1400,3550,3050,1900,0,0,0,0,0,0,1,1
ct,2400,2150,0,4550,1,1,1,1,0,0,1,1
ct,2400,2500,0,4900,1,1,1,1,0,0,1,1
ct,2900,4500,3800,3600,1,1,1,1,0,0,1,1
ct,2900,5050,5050,2900,1,1,0,0,0,0,1,1
ct,2900,4600,4450,3050,1,1,1,0,0,0,1,1
ct,2900,5250,5200,2950,1,1,1,0,0,0,1,1
ct,3400,3750,1150,6000,1,1,1,1,1,1,1,1
t,1400,6350,4900,2850,1,1,0,0,0,0,1,1
ct,3400,3050,1450,5000,1,1,1,1,0,0,1,1
t,1400,6300,4900,2800,1,1,0,0,0,0,1,1
ct,3400,3500,1350,5550,1,1,1,1,1,0,1,1
t,1400,7350,4900,3850,1,1,1,1,0,0,1,1
ct,3400,3100,1750,4750,1,1,1,1,0,0,1,1
ct,3400,5100,4850,3650,1,1,1,1,0,0,1,1
t,1400,8950,7150,3200,1,1,1,1,0,0,1,1
ct,3400,4850,4850,3400,1,1,1,1,0,0,1,1
ct,3400,3900,3850,3450,1,1,1,1,0,0,1,1
ct,3400,4800,4650,3550,1,1,1,1,0,0,1,1
ct,3400,3800,3800,3400,1,1,1,1,0,0,1,1
t,1400,6450,4800,3050,1,1,1,0,0,0,1,1
t,1400,8700,4900,5200,1,1,1,1,0,0,1,1
ct,3400,3850,3850,3400,1,1,1,1,0,0,1,1
ct,1400,4100,3950,1550,0,0,0,0,0,0,0,1
t,1900,6100,4900,3100,1,1,1,0,0,0,1,1
ct,1400,4350,4200,1550,0,0,0,0,0,0,0,1
ct,1400,3750,3700,1450,0,0,0,0,0,0,0,1
ct,1400,4200,3950,1650,0,0,0,0,0,0,0,1
t,2400,3700,1850,4250,1,1,1,1,0,0,1,1
ct,1400,4000,3850,1550,0,0,0,0,0,0,0,1
t,2400,3450,2200,3650,1,1,1,1,0,0,1,1
t,2400,3550,1850,4100,1,1,1,1,0,0,1,1
t,2400,3950,2200,4150,1,1,1,1,0,0,1,1
t,2400,2850,1500,3750,1,1,1,1,0,0,1,1
t,2900,4850,4800,2950,1,1,1,0,0,0,1,1
ct,1400,5250,5200,1450,0,0,0,0,0,0,0,1
t,2900,4250,4200,2950,1,1,1,0,0,0,1,1
t,2900,5000,4900,3000,1,1,1,0,0,0,1,1
t,2900,5650,4900,3650,1,1,1,1,0,0,1,1
t,2900,4350,4300,2950,1,1,1,0,0,0,1,1
ct,1400,4650,4500,1550,0,0,0,0,0,0,0,1
ct,1900,2750,2300,2350,0,0,0,0,0,0,1,1
t,1400,3600,3250,1750,0,0,0,0,0,0,1,1
ct,1900,2050,1950,2000,0,0,0,0,0,0,1,1
ct,1900,4900,4750,2050,0,0,0,0,0,0,1,1
ct,1900,2150,2100,1950,0,0,0,0,0,0,1,1
ct,1900,800,650,2050,0,0,0,0,0,0,1,1
ct,1900,800,650,2050,0,0,0,0,0,0,1,1
ct,1900,800,800,1900,0,0,0,0,0,0,1,1
ct,1900,800,650,2050,0,0,0,0,0,0,1,1
ct,1900,800,800,1900,0,0,0,0,0,0,1,1
t,1900,800,650,2050,0,0,0,0,0,0,1,1
t,1900,800,650,2050,0,0,0,0,0,0,1,1
t,1900,800,800,1900,0,0,0,0,0,0,1,1
t,1900,800,700,2000,0,0,0,0,0,0,1,1
t,1900,800,650,2050,0,0,0,0,0,0,1,1
ct,1400,3950,3900,1450,0,0,0,0,0,0,0,1
ct,1400,3650,3550,1500,0,0,0,0,0,0,0,1
ct,1400,4100,2300,3200,1,1,1,1,0,0,1,1
ct,1400,4250,4250,1400,0,0,0,0,0,0,0,1
ct,1400,3500,3350,1550,0,0,0,0,0,0,0,1
t,2400,2050,2000,2450,1,0,0,0,0,0,1,1
t,2400,2050,2050,2400,0,0,0,0,0,0,1,1
t,2400,2200,2100,2500,1,0,0,0,0,0,1,1
t,2400,2350,2200,2550,1,0,0,0,0,0,1,1
ct,1900,1650,1550,2000,0,0,0,0,0,0,1,1
ct,1900,1950,1950,1900,0,0,0,0,0,0,1,1
ct,1900,2300,2200,2000,0,0,0,0,0,0,1,1
t,1400,3850,3800,1450,0,0,0,0,0,0,0,1
t,1400,4100,3900,1600,0,0,0,0,0,0,0,1
t,1400,3600,3600,1400,0,0,0,0,0,0,0,1
t,1400,3850,3700,1550,0,0,0,0,0,0,0,1
ct,2400,2150,0,4550,1,1,1,1,0,0,1,1
ct,2400,2350,500,4250,1,1,1,1,0,0,1,1
ct,2400,3250,0,5650,1,1,1,1,1,0,1,1
ct,2400,2750,400,4750,1,1,1,1,0,0,1,1
t,1400,3400,3250,1550,0,0,0,0,0,0,0,1
t,1400,5900,4900,2400,0,0,0,0,0,0,1,1
ct,2900,4500,4500,2900,1,1,0,0,0,0,1,1
ct,2900,4600,4550,2950,1,1,1,0,0,0,1,1
ct,2900,4300,3350,3850,1,1,1,1,0,0,1,1
ct,2900,5700,5700,2900,1,1,0,0,0,0,1,1
ct,1400,3700,650,4450,1,1,1,1,0,0,1,1
ct,1400,3850,3550,1700,0,0,0,0,0,0,1,1
t,1900,4900,4800,2000,0,0,0,0,0,0,1,1
t,1900,4150,3900,2150,0,0,0,0,0,0,1,1
t,1900,5700,4900,2700,1,0,0,0,0,0,1,1
ct,1900,4400,3900,2400,0,0,0,0,0,0,1,1
ct,1900,2300,2200,2000,0,0,0,0,0,0,1,1
t,1400,5250,4800,1850,0,0,0,0,0,0,1,1
t,1400,3650,3500,1550,0,0,0,0,0,0,0,1
t,1400,3500,3250,1650,0,0,0,0,0,0,0,1
t,1900,2350,2350,1900,0,0,0,0,0,0,1,1
t,1900,1850,1850,1900,0,0,0,0,0,0,1,1
t,1900,1850,1800,1950,0,0,0,0,0,0,1,1
t,1900,1650,1500,2050,0,0,0,0,0,0,1,1
t,2400,2500,700,4200,1,1,1,1,0,0,1,1
t,2400,1900,0,4300,1,1,1,1,0,0,1,1
t,2400,1950,0,4350,1,1,1,1,0,0,1,1
t,2400,2050,0,4450,1,1,1,1,0,0,1,1
t,2400,2050,0,4450,1,1,1,1,0,0,1,1
t,2900,4200,4200,2900,1,1,0,0,0,0,1,1
t,2900,4300,4000,3200,1,1,1,1,0,0,1,1
t,2900,4350,4100,3150,1,1,1,1,0,0,1,1
t,2900,4450,4000,3350,1,1,1,1,0,0,1,1
t,2900,4450,4400,2950,1,1,1,0,0,0,1,1
ct,1900,8000,5250,4650,1,1,1,1,0,0,1,1
ct,1900,8050,5200,4750,1,1,1,1,0,0,1,1
t,1900,5000,4900,2000,0,0,0,0,0,0,1,1
t,1900,4750,4600,2050,0,0,0,0,0,0,1,1
t,1900,5250,5100,2050,0,0,0,0,0,0,1,1
t,1900,4350,4200,2050,0,0,0,0,0,0,1,1
ct,1900,800,650,2050,0,0,0,0,0,0,1,1
ct,1900,800,650,2050,0,0,0,0,0,0,1,1
ct,1900,800,700,2000,0,0,0,0,0,0,1,1
ct,1900,800,650,2050,0,0,0,0,0,0,1,1
ct,1900,800,650,2050,0,0,0,0,0,0,1,1
t,2400,2050,2000,2450,1,0,0,0,0,0,1,1
t,2400,2300,2200,2500,1,0,0,0,0,0,1,1
t,2400,2050,500,3950,1,1,1,1,0,0,1,1
t,2400,2050,400,4050,1,1,1,1,0,0,1,1
ct,1400,3950,3900,1450,0,0,0,0,0,0,0,1
t,1400,3850,3800,1450,0,0,0,0,0,0,0,1
ct,1900,2050,1900,2050,0,0,0,0,0,0,1,1
ct,1900,1450,1450,1900,0,0,0,0,0,0,1,1
t,1900,2300,2150,2050,0,0,0,0,0,0,1,1
t,2400,2050,0,4450,1,1,1,1,0,0,1,1
t,2400,2050,0,4450,1,1,1,1,0,0,1,1
t,2400,2950,800,4550,1,1,1,1,0,0,1,1
t,2400,1900,0,4300,1,1,1,1,0,0,1,1
ct,1400,5500,5200,1700,0,0,0,0,0,0,1,1
t,2900,4450,4400,2950,1,1,1,0,0,0,1,1
t,2900,4450,4400,2950,1,1,1,0,0,0,1,1
t,2900,4550,4400,3050,1,1,1,0,0,0,1,1
t,2900,4750,4600,3050,1,1,1,0,0,0,1,1
t,2900,4300,4200,3000,1,1,1,0,0,0,1,1
t,1400,3300,3250,1450,0,0,0,0,0,0,0,1
ct,1900,5900,4850,2950,1,1,1,0,0,0,1,1
t,1900,4200,4200,1900,0,0,0,0,0,0,1,1
t,1900,3150,2700,2350,0,0,0,0,0,0,1,1
t,1900,2600,2550,1950,0,0,0,0,0,0,1,1
ct,1400,5350,4850,1900,0,0,0,0,0,0,1,1
ct,1400,5850,5700,1550,0,0,0,0,0,0,0,1
t,2400,2400,2400,2400,0,0,0,0,0,0,1,1
t,2400,2850,2700,2550,1,0,0,0,0,0,1,1
t,2400,2450,1350,3500,1,1,1,1,0,0,1,1
t,2400,3600,3450,2550,1,0,0,0,0,0,1,1
ct,1400,6000,5600,1800,0,0,0,0,0,0,1,1
t,2900,2900,2800,3000,1,1,1,0,0,0,1,1
t,2900,3050,2700,3250,1,1,1,1,0,0,1,1
t,2900,2950,2950,2900,1,1,0,0,0,0,1,1
t,2900,3100,3100,2900,1,1,0,0,0,0,1,1
ct,1900,800,800,1900,0,0,0,0,0,0,1,1
t,1900,800,650,2050,0,0,0,0,0,0,1,1
t,1900,800,800,1900,0,0,0,0,0,0,1,1
ct,1900,800,650,2050,0,0,0,0,0,0,1,1
ct,1900,800,700,2000,0,0,0,0,0,0,1,1
t,1900,800,700,2000,0,0,0,0,0,0,1,1
t,1900,800,650,2050,0,0,0,0,0,0,1,1
ct,1900,800,650,2050,0,0,0,0,0,0,1,1
t,1900,800,650,2050,0,0,0,0,0,0,1,1
ct,1900,800,650,2050,0,0,0,0,0,0,1,1
t,2400,2050,0,4450,1,1,1,1,0,0,1,1
t,2400,1900,0,4300,1,1,1,1,0,0,1,1
ct,1400,3650,3550,1500,0,0,0,0,0,0,0,1
t,2400,2000,0,4400,1,1,1,1,0,0,1,1
t,2400,2050,0,4450,1,1,1,1,0,0,1,1
t,2400,2050,50,4400,1,1,1,1,0,0,1,1
t,2900,4450,4400,2950,1,1,1,0,0,0,1,1
t,2900,4300,4300,2900,1,1,0,0,0,0,1,1
t,2900,4400,3900,3400,1,1,1,1,0,0,1,1
t,2900,4750,4600,3050,1,1,1,0,0,0,1,1
t,2900,4400,4400,2900,1,1,0,0,0,0,1,1
t,3400,2950,0,6350,1,1,1,1,1,1,1,1
t,3400,3400,2200,4600,1,1,1,1,0,0,1,1
t,3400,3050,2000,4450,1,1,1,1,0,0,1,1
t,3400,2900,1000,5300,1,1,1,1,0,0,1,1
t,3400,6650,6650,3400,1,1,1,1,0,0,1,1
t,3400,5250,5100,3550,1,1,1,1,0,0,1,1
ct,1400,8700,5600,4500,1,1,1,1,0,0,1,1
t,3400,4600,4600,3400,1,1,1,1,0,0,1,1
t,3400,4750,4600,3550,1,1,1,1,0,0,1,1
t,3400,5300,4800,3900,1,1,1,1,0,0,1,1
ct,1400,8400,4850,4950,1,1,1,1,0,0,1,1
ct,1900,6350,4850,3400,1,1,1,1,0,0,1,1
ct,1900,8900,6400,4400,1,1,1,1,0,0,1,1
ct,1900,8500,5200,5200,1,1,1,1,0,0,1,1
t,1400,5500,4900,2000,0,0,0,0,0,0,1,1
ct,2400,5600,5200,2800,1,1,0,0,0,0,1,1
ct,2900,3800,3750,2950,1,1,1,0,0,0,1,1
t,1400,9600,4900,6100,1,1,1,1,1,1,1,1
t,1400,6650,4800,3250,1,1,1,1,0,0,1,1
ct,3400,4350,2300,5450,1,1,1,1,1,0,1,1
ct,3400,3350,1650,5100,1,1,1,1,0,0,1,1
ct,3400,5000,4850,3550,1,1,1,1,0,0,1,1
ct,3400,5450,4200,4650,1,1,1,1,0,0,1,1
ct,3400,5100,4600,3900,1,1,1,1,0,0,1,1
t,1900,13700,7350,8250,1,1,1,1,1,1,1,1
t,1900,5350,5100,2150,0,0,0,0,0,0,1,1
t,1900,9000,4900,6000,1,1,1,1,1,1,1,1
t,1900,9350,4800,6450,1,1,1,1,1,1,1,1
t,2400,6450,5400,3450,1,1,1,1,0,0,1,1
ct,1400,5800,5800,1400,0,0,0,0,0,0,0,1
t,1900,800,700,2000,0,0,0,0,0,0,1,1
t,1900,800,650,2050,0,0,0,0,0,0,1,1
t,1900,800,650,2050,0,0,0,0,0,0,1,1
t,1900,800,700,2000,0,0,0,0,0,0,1,1
t,1900,800,650,2050,0,0,0,0,0,0,1,1
t,1400,3350,3300,1450,0,0,0,0,0,0,0,1
ct,2400,2100,1650,2850,1,1,0,0,0,0,1,1
ct,2400,2250,2200,2450,1,0,0,0,0,0,1,1
ct,2400,2050,1950,2500,1,0,0,0,0,0,1,1
ct,2400,2100,2100,2400,0,0,0,0,0,0,1,1
t,1400,3950,3900,1450,0,0,0,0,0,0,0,1
ct,2400,2100,1950,2550,1,0,0,0,0,0,1,1
t,1400,3700,3650,1450,0,0,0,0,0,0,0,1
t,1900,1850,1800,1950,0,0,0,0,0,0,1,1
t,1900,1700,1700,1900,0,0,0,0,0,0,1,1
ct,1400,3600,2300,2700,1,0,0,0,0,0,1,1
t,1900,1450,1350,2000,0,0,0,0,0,0,1,1
t,1900,1450,1350,2000,0,0,0,0,0,0,1,1
t,2400,1900,0,4300,1,1,1,1,0,0,1,1
t,2400,1950,0,4350,1,1,1,1,0,0,1,1
t,2400,2300,700,4000,1,1,1,1,0,0,1,1
t,2400,2000,0,4400,1,1,1,1,0,0,1,1
t,2900,4300,3900,3300,1,1,1,1,0,0,1,1
t,2900,4350,3900,3350,1,1,1,1,0,0,1,1
t,2900,4300,4200,3000,1,1,1,0,0,0,1,1
t,2900,4000,3900,3000,1,1,1,0,0,0,1,1
t,2900,4400,4400,2900,1,1,0,0,0,0,1,1
t,1400,4500,4400,1500,0,0,0,0,0,0,0,1
t,1400,4250,4200,1450,0,0,0,0,0,0,0,1
t,1400,3900,3850,1450,0,0,0,0,0,0,0,1
ct,1900,6250,5200,2950,1,1,1,0,0,0,1,1
ct,1900,8100,5600,4400,1,1,1,1,0,0,1,1
t,1400,3900,3900,1400,0,0,0,0,0,0,0,1
ct,1900,7750,5250,4400,1,1,1,1,0,0,1,1
t,1400,3500,3500,1400,0,0,0,0,0,0,0,1
ct,2400,4750,4700,2450,1,0,0,0,0,0,1,1
t,1400,6450,4800,3050,1,1,1,0,0,0,1,1
t,1900,4850,4800,1950,0,0,0,0,0,0,1,1
ct,1400,3900,3750,1550,0,0,0,0,0,0,0,1
t,1900,5300,4400,2800,1,1,0,0,0,0,1,1
ct,1400,5050,5050,1400,0,0,0,0,0,0,0,1
t,1900,6300,4400,3800,1,1,1,1,0,0,1,1
t,2400,2550,2450,2500,1,0,0,0,0,0,1,1
ct,1900,3100,3050,1950,0,0,0,0,0,0,1,1
t,1900,2050,2000,1950,0,0,0,0,0,0,1,1
ct,1400,4850,4850,1400,0,0,0,0,0,0,0,1
t,1900,1850,1800,1950,0,0,0,0,0,0,1,1
ct,1400,4000,3750,1650,0,0,0,0,0,0,0,1
t,1900,3700,3700,1900,0,0,0,0,0,0,1,1
ct,1400,4750,4650,1500,0,0,0,0,0,0,0,1
t,1900,2800,2700,2000,0,0,0,0,0,0,1,1
t,1900,800,700,2000,0,0,0,0,0,0,1,1
t,1900,800,700,2000,0,0,0,0,0,0,1,1
t,1900,800,700,2000,0,0,0,0,0,0,1,1
ct,1900,800,650,2050,0,0,0,0,0,0,1,1
ct,1900,800,800,1900,0,0,0,0,0,0,1,1
ct,1900,800,700,2000,0,0,0,0,0,0,1,1
ct,1900,800,650,2050,0,0,0,0,0,0,1,1
ct,1900,800,650,2050,0,0,0,0,0,0,1,1
t,1900,800,700,2000,0,0,0,0,0,0,1,1
t,1900,800,800,1900,0,0,0,0,0,0,1,1
t,1400,3350,3300,1450,0,0,0,0,0,0,0,1
t,1400,3950,3500,1850,0,0,0,0,0,0,1,1
t,1400,3350,3300,1450,0,0,0,0,0,0,0,1
ct,2400,2500,1650,3250,1,1,1,1,0,0,1,1
ct,2400,2350,2250,2500,1,0,0,0,0,0,1,1
ct,2400,2450,2400,2450,1,0,0,0,0,0,1,1
ct,2400,2200,2200,2400,0,0,0,0,0,0,1,1
ct,2400,2200,2200,2400,0,0,0,0,0,0,1,1
t,1400,3950,3900,1450,0,0,0,0,0,0,0,1
t,1400,3850,3800,1450,0,0,0,0,0,0,0,1
ct,2900,3600,650,5850,1,1,1,1,1,0,1,1
ct,2900,2550,650,4800,1,1,1,1,0,0,1,1
t,1400,4150,3250,2300,0,0,0,0,0,0,1,1
t,1400,5900,4800,2500,1,0,0,0,0,0,1,1
t,1400,6400,4800,3000,1,1,1,0,0,0,1,1
t,1400,5900,4800,2500,1,0,0,0,0,0,1,1
ct,3400,6000,5900,3500,1,1,1,1,0,0,1,1
ct,3400,5850,5600,3650,1,1,1,1,0,0,1,1
ct,3400,4950,4850,3500,1,1,1,1,0,0,1,1
ct,3400,5000,4850,3550,1,1,1,1,0,0,1,1
t,1900,2500,2350,2050,0,0,0,0,0,0,1,1
t,1900,3100,3100,1900,0,0,0,0,0,0,1,1
ct,1400,4250,4150,1500,0,0,0,0,0,0,0,1
t,1900,5850,4900,2850,1,1,0,0,0,0,1,1
t,2400,2800,700,4500,1,1,1,1,0,0,1,1
t,2400,1900,0,4300,1,1,1,1,0,0,1,1
ct,1400,5250,5200,1450,0,0,0,0,0,0,0,1
t,2400,2850,700,4550,1,1,1,1,0,0,1,1
t,2400,2200,0,4600,1,1,1,1,0,0,1,1
t,2900,4650,4600,2950,1,1,1,0,0,0,1,1
t,2900,4800,4400,3300,1,1,1,1,0,0,1,1
t,2900,4300,4200,3000,1,1,1,0,0,0,1,1
t,2900,4550,4400,3050,1,1,1,0,0,0,1,1
t,2900,4600,4600,2900,1,1,0,0,0,0,1,1
t,3400,3250,1850,4800,1,1,1,1,0,0,1,1
t,3400,3300,2000,4700,1,1,1,1,0,0,1,1
ct,1400,4950,4900,1450,0,0,0,0,0,0,0,1
ct,1400,7900,5600,3700,1,1,1,1,0,0,1,1
t,3400,3350,1650,5100,1,1,1,1,0,0,1,1
t,3400,2900,500,5800,1,1,1,1,1,0,1,1
t,1400,5250,4800,1850,0,0,0,0,0,0,1,1
t,1400,4550,4400,1550,0,0,0,0,0,0,0,1
ct,1900,5350,5200,2050,0,0,0,0,0,0,1,1
ct,1900,3900,3850,1950,0,0,0,0,0,0,1,1
t,1400,5250,4900,1750,0,0,0,0,0,0,1,1
ct,2400,2100,0,4500,1,1,1,1,0,0,1,1
ct,2400,1950,0,4350,1,1,1,1,0,0,1,1
ct,2400,2050,600,3850,1,1,1,1,0,0,1,1
ct,2400,2400,650,4150,1,1,1,1,0,0,1,1
t,1400,6550,4800,3150,1,1,1,1,0,0,1,1
ct,2900,4950,4900,2950,1,1,1,0,0,0,1,1
ct,2900,4500,4350,3050,1,1,1,0,0,0,1,1
ct,2900,4600,4500,3000,1,1,1,0,0,0,1,1
ct,2900,4850,4850,2900,1,1,0,0,0,0,1,1
t,1400,5550,4600,2350,0,0,0,0,0,0,1,1
t,1400,6500,4800,3100,1,1,1,0,0,0,1,1
ct,3400,3050,3050,3400,1,1,1,1,0,0,1,1
ct,3400,3000,3000,3400,1,1,1,1,0,0,1,1
t,1900,800,650,2050,0,0,0,0,0,0,1,1
t,1900,800,700,2000,0,0,0,0,0,0,1,1
t,1900,800,700,2000,0,0,0,0,0,0,1,1
t,1900,800,650,2050,0,0,0,0,0,0,1,1
t,1900,800,650,2050,0,0,0,0,0,0,1,1
ct,2400,2500,2400,2500,1,0,0,0,0,0,1,1
ct,2400,2050,2050,2400,0,0,0,0,0,0,1,1
t,1400,3400,3300,1500,0,0,0,0,0,0,0,1
t,1400,4250,4200,1450,0,0,0,0,0,0,0,1
t,1400,3650,3150,1900,0,0,0,0,0,0,1,1
ct,2400,2500,2400,2500,1,0,0,0,0,0,1,1
ct,2400,2200,2200,2400,0,0,0,0,0,0,1,1
ct,2900,2450,0,5350,1,1,1,1,0,0,1,1
t,1400,4000,3250,2150,0,0,0,0,0,0,1,1
ct,2900,3100,0,6000,1,1,1,1,1,1,1,1
ct,3400,5850,5250,4000,1,1,1,1,0,0,1,1
ct,3400,5450,5200,3650,1,1,1,1,0,0,1,1
t,1400,6250,4600,3050,1,1,1,0,0,0,1,1
ct,3400,5050,4900,3550,1,1,1,1,0,0,1,1
ct,3400,6400,6400,3400,1,1,1,1,0,0,1,1
ct,3400,4000,2200,5200,1,1,1,1,0,0,1,1
ct,3400,3550,1750,5200,1,1,1,1,0,0,1,1
ct,3400,3400,1050,5750,1,1,1,1,1,0,1,1
t,1900,9750,6450,5200,1,1,1,1,0,0,1,1
t,1900,6900,4900,3900,1,1,1,1,0,0,1,1
t,1900,7400,4900,4400,1,1,1,1,0,0,1,1
t,1900,8350,4800,5450,1,1,1,1,1,0,1,1
ct,1400,6500,4900,3000,1,1,1,0,0,0,1,1
ct,1900,7150,5250,3800,1,1,1,1,0,0,1,1
t,1400,6800,4800,3400,1,1,1,1,0,0,1,1
ct,1900,5550,5250,2200,0,0,0,0,0,0,1,1
ct,1900,8300,6700,3500,1,1,1,1,0,0,1,1
t,1900,6100,4900,3100,1,1,1,0,0,0,1,1
ct,1400,6300,5100,2600,1,0,0,0,0,0,1,1
t,2400,3150,3100,2450,1,0,0,0,0,0,1,1
t,2400,2250,2200,2450,1,0,0,0,0,0,1,1
t,2400,3400,3300,2500,1,0,0,0,0,0,1,1
ct,1400,6300,5600,2100,0,0,0,0,0,0,1,1
ct,1400,9800,5600,5600,1,1,1,1,1,0,1,1
t,2900,3350,3150,3100,1,1,1,0,0,0,1,1
t,2900,4200,4200,2900,1,1,0,0,0,0,1,1
t,2900,3100,3100,2900,1,1,0,0,0,0,1,1
ct,1400,6700,5600,2500,1,0,0,0,0,0,1,1
ct,1900,5750,4850,2800,1,1,0,0,0,0,1,1
t,1400,3450,3250,1600,0,0,0,0,0,0,0,1
t,1400,5000,4900,1500,0,0,0,0,0,0,0,1
ct,2400,3250,3200,2450,1,0,0,0,0,0,1,1
t,1900,800,800,1900,0,0,0,0,0,0,1,1
ct,1900,800,650,2050,0,0,0,0,0,0,1,1
ct,1900,800,650,2050,0,0,0,0,0,0,1,1
ct,1900,800,800,1900,0,0,0,0,0,0,1,1
ct,1900,800,650,2050,0,0,0,0,0,0,1,1
t,1900,800,650,2050,0,0,0,0,0,0,1,1
t,1900,800,700,2000,0,0,0,0,0,0,1,1
t,1900,800,650,2050,0,0,0,0,0,0,1,1
t,1900,800,650,2050,0,0,0,0,0,0,1,1
ct,1900,800,650,2050,0,0,0,0,0,0,1,1
t,2400,2500,2500,2400,0,0,0,0,0,0,1,1
ct,1400,3900,3750,1550,0,0,0,0,0,0,0,1
ct,1400,5400,5400,1400,0,0,0,0,0,0,0,1
ct,1400,4050,3950,1500,0,0,0,0,0,0,0,1
ct,1400,3900,3900,1400,0,0,0,0,0,0,0,1
t,2400,2950,300,5050,1,1,1,1,0,0,1,1
t,2400,2900,2700,2600,1,0,0,0,0,0,1,1
t,2400,3250,3100,2550,1,0,0,0,0,0,1,1
t,2400,2650,2600,2450,1,0,0,0,0,0,1,1
ct,1400,3900,3750,1550,0,0,0,0,0,0,0,1
t,2900,2400,300,5000,1,1,1,1,0,0,1,1
t,2900,2750,0,5650,1,1,1,1,1,0,1,1
t,2900,2600,700,4800,1,1,1,1,0,0,1,1
t,2900,2450,700,4650,1,1,1,1,0,0,1,1
t,3400,5600,4800,4200,1,1,1,1,0,0,1,1
ct,1400,6300,4850,2850,1,1,0,0,0,0,1,1
t,3400,5550,4900,4050,1,1,1,1,0,0,1,1
t,3400,5400,4900,3900,1,1,1,1,0,0,1,1
t,3400,4250,4200,3450,1,1,1,1,0,0,1,1
t,3400,5250,4800,3850,1,1,1,1,0,0,1,1
t,3400,4200,4000,3600,1,1,1,1,0,0,1,1
ct,1400,9350,5600,5150,1,1,1,1,0,0,1,1
t,3400,4050,2200,5250,1,1,1,1,0,0,1,1
t,3400,4200,2250,5350,1,1,1,1,0,0,1,1
t,3400,4150,3700,3850,1,1,1,1,0,0,1,1
ct,1400,7500,5600,3300,1,1,1,1,0,0,1,1
ct,1400,6900,5600,2700,1,0,0,0,0,0,1,1
t,3400,5150,4900,3650,1,1,1,1,0,0,1,1
t,3400,5050,4900,3550,1,1,1,1,0,0,1,1
t,3400,1750,900,4250,1,1,1,1,0,0,1,1
ct,1900,6850,5200,3550,1,1,1,1,0,0,1,1
ct,1900,10600,7450,5050,1,1,1,1,0,0,1,1
t,1400,6950,4900,3450,1,1,1,1,0,0,1,1
ct,2400,4300,4150,2550,1,0,0,0,0,0,1,1
ct,2900,3050,1000,4950,1,1,1,1,0,0,1,1
ct,2900,3650,1650,4900,1,1,1,1,0,0,1,1
ct,2900,2400,0,5300,1,1,1,1,0,0,1,1
ct,2900,4300,1350,5850,1,1,1,1,1,0,1,1
t,1400,10800,4800,7400,1,1,1,1,1,1,1,1
ct,3400,5150,4850,3700,1,1,1,1,0,0,1,1
ct,3400,5100,4850,3650,1,1,1,1,0,0,1,1
ct,3400,4800,4650,3550,1,1,1,1,0,0,1,1
ct,3400,6950,6950,3400,1,1,1,1,0,0,1,1
t,1400,11850,4900,8350,1,1,1,1,1,1,1,1
t,1400,12650,4900,9150,1,1,1,1,1,1,1,1
ct,3400,5250,5250,3400,1,1,1,1,0,0,1,1
t,1400,9800,4800,6400,1,1,1,1,1,1,1,1
t,1400,10350,4800,6950,1,1,1,1,1,1,1,1
t,1400,10600,7350,4650,1,1,1,1,0,0,1,1
ct,3400,4700,4650,3450,1,1,1,1,0,0,1,1
ct,3400,5300,5250,3450,1,1,1,1,0,0,1,1
ct,3400,3850,3800,3450,1,1,1,1,0,0,1,1
t,1400,9100,5400,5100,1,1,1,1,0,0,1,1
t,1400,13000,4900,9500,1,1,1,1,1,1,1,1
t,1400,13300,4900,9800,1,1,1,1,1,1,1,1
ct,3400,4000,3850,3550,1,1,1,1,0,0,1,1
ct,1900,800,650,2050,0,0,0,0,0,0,1,1
ct,1900,800,650,2050,0,0,0,0,0,0,1,1
ct,1900,800,650,2050,0,0,0,0,0,0,1,1
ct,1900,800,650,2050,0,0,0,0,0,0,1,1
ct,1900,800,650,2050,0,0,0,0,0,0,1,1
ct,1400,4250,4200,1450,0,0,0,0,0,0,0,1
t,2400,1950,0,4350,1,1,1,1,0,0,1,1
t,2400,2650,700,4350,1,1,1,1,0,0,1,1
t,2400,2000,0,4400,1,1,1,1,0,0,1,1
t,2400,2050,0,4450,1,1,1,1,0,0,1,1
ct,1400,3650,3500,1550,0,0,0,0,0,0,0,1
ct,1400,3650,3550,1500,0,0,0,0,0,0,0,1
t,2400,2050,0,4450,1,1,1,1,0,0,1,1
t,2900,4350,4200,3050,1,1,1,0,0,0,1,1
t,2900,4350,4300,2950,1,1,1,0,0,0,1,1
t,2900,4400,4400,2900,1,1,0,0,0,0,1,1
t,2900,4450,4400,2950,1,1,1,0,0,0,1,1
t,2900,4450,4400,2950,1,1,1,0,0,0,1,1
t,3400,2950,1850,4500,1,1,1,1,0,0,1,1
t,3400,2900,1850,4450,1,1,1,1,0,0,1,1
t,3400,3250,500,6150,1,1,1,1,1,1,1,1
ct,1400,6650,5600,2450,1,0,0,0,0,0,1,1
ct,1400,6600,6100,1900,0,0,0,0,0,0,1,1
t,3400,2950,1400,4950,1,1,1,1,0,0,1,1
t,3400,5050,4900,3550,1,1,1,1,0,0,1,1
t,3400,4450,4400,3450,1,1,1,1,0,0,1,1
t,3400,4450,4400,3450,1,1,1,1,0,0,1,1
t,3400,4950,4900,3450,1,1,1,1,0,0,1,1
ct,1900,9550,5250,6200,1,1,1,1,1,1,1,1
ct,1900,5300,5200,2000,0,0,0,0,0,0,1,1
ct,2400,4850,4850,2400,0,0,0,0,0,0,1,1
t,1400,5050,4800,1650,0,0,0,0,0,0,0,1
t,1400,5000,4900,1500,0,0,0,0,0,0,0,1
ct,2400,6150,5050,3500,1,1,1,1,0,0,1,1
ct,2900,3600,0,6500,1,1,1,1,1,1,1,1
ct,2900,2600,300,5200,1,1,1,1,0,0,1,1
ct,2900,2850,1150,4600,1,1,1,1,0,0,1,1
ct,3400,5850,4850,4400,1,1,1,1,0,0,1,1
ct,3400,5450,5450,3400,1,1,1,1,0,0,1,1
ct,3400,5050,5050,3400,1,1,1,1,0,0,1,1
ct,3400,4750,4650,3500,1,1,1,1,0,0,1,1
ct,3400,5750,5700,3450,1,1,1,1,0,0,1,1
t,1400,6150,5100,2450,1,0,0,0,0,0,1,1
ct,3400,4050,4050,3400,1,1,1,1,0,0,1,1
t,1400,8050,4900,4550,1,1,1,1,0,0,1,1
t,1400,7500,5100,3800,1,1,1,1,0,0,1,1
ct,3400,4050,4050,3400,1,1,1,1,0,0,1,1
ct,3400,4700,4650,3450,1,1,1,1,0,0,1,1
t,1900,5450,5400,1950,0,0,0,0,0,0,1,1
t,1900,10500,7650,4750,1,1,1,1,0,0,1,1
ct,1400,4050,4050,1400,0,0,0,0,0,0,0,1
t,1900,5600,5100,2400,0,0,0,0,0,0,1,1
ct,1900,800,650,2050,0,0,0,0,0,0,1,1
ct,1900,800,650,2050,0,0,0,0,0,0,1,1
ct,1900,800,650,2050,0,0,0,0,0,0,1,1
t,1900,800,650,2050,0,0,0,0,0,0,1,1
t,1900,800,700,2000,0,0,0,0,0,0,1,1
t,1900,800,650,2050,0,0,0,0,0,0,1,1
t,1900,800,700,2000,0,0,0,0,0,0,1,1
ct,1900,800,700,2000,0,0,0,0,0,0,1,1
t,1900,800,650,2050,0,0,0,0,0,0,1,1
ct,1900,800,650,2050,0,0,0,0,0,0,1,1
ct,1400,4200,4050,1550,0,0,0,0,0,0,0,1
ct,1400,4200,4200,1400,0,0,0,0,0,0,0,1
ct,1400,4500,4500,1400,0,0,0,0,0,0,0,1
t,2400,2600,2500,2500,1,0,0,0,0,0,1,1
t,2400,2650,2000,3050,1,1,1,0,0,0,1,1
t,2400,2900,2700,2600,1,0,0,0,0,0,1,1
ct,1400,4150,4100,1450,0,0,0,0,0,0,0,1
ct,1400,4200,4050,1550,0,0,0,0,0,0,0,1
t,2900,3750,3700,2950,1,1,1,0,0,0,1,1
t,2900,3100,3100,2900,1,1,0,0,0,0,1,1
t,2900,3050,2700,3250,1,1,1,1,0,0,1,1
t,2900,3200,2700,3400,1,1,1,1,0,0,1,1
ct,1400,4400,3550,2250,0,0,0,0,0,0,1,1
t,2900,3350,3300,2950,1,1,1,0,0,0,1,1
ct,1900,2800,2650,2050,0,0,0,0,0,0,1,1
ct,1900,4000,3850,2050,0,0,0,0,0,0,1,1
t,1400,4500,4500,1400,0,0,0,0,0,0,0,1
ct,1900,2400,2400,1900,0,0,0,0,0,0,1,1
ct,1900,2450,2450,1900,0,0,0,0,0,0,1,1
ct,2400,2000,0,4400,1,1,1,1,0,0,1,1
ct,2400,2100,0,4500,1,1,1,1,0,0,1,1
ct,2400,1950,0,4350,1,1,1,1,0,0,1,1
ct,2400,1950,0,4350,1,1,1,1,0,0,1,1
ct,2900,4850,4750,3000,1,1,1,0,0,0,1,1
ct,2900,4850,4850,2900,1,1,0,0,0,0,1,1
ct,2900,4400,4350,2950,1,1,1,0,0,0,1,1
t,1400,6450,4800,3050,1,1,1,0,0,0,1,1
ct,2900,4400,4350,2950,1,1,1,0,0,0,1,1
t,1900,7850,6850,2900,1,1,0,0,0,0,1,1
t,1900,7400,4900,4400,1,1,1,1,0,0,1,1
t,1900,6400,4800,3500,1,1,1,1,0,0,1,1
t,1900,6300,4800,3400,1,1,1,1,0,0,1,1
ct,1900,4900,4850,1950,0,0,0,0,0,0,1,1
t,1400,6000,4900,2500,1,0,0,0,0,0,1,1
t,1400,5000,4800,1600,0,0,0,0,0,0,0,1
ct,1900,4450,4350,2000,0,0,0,0,0,0,1,1
ct,2400,2550,1150,3800,1,1,1,1,0,0,1,1
ct,2400,4350,1150,5600,1,1,1,1,1,0,1,1
ct,2400,3950,1750,4600,1,1,1,1,0,0,1,1
ct,2400,2600,700,4300,1,1,1,1,0,0,1,1
ct,2900,4750,4650,3000,1,1,1,0,0,0,1,1
t,1400,7050,4800,3650,1,1,1,1,0,0,1,1
t,1400,5800,4800,2400,0,0,0,0,0,0,1,1
t,1400,5350,4900,1850,0,0,0,0,0,0,1,1
ct,2900,4950,4850,3000,1,1,1,0,0,0,1,1
ct,1400,4500,4350,1550,0,0,0,0,0,0,0,1
t,1900,4850,4800,1950,0,0,0,0,0,0,1,1
ct,1400,3600,3400,1600,0,0,0,0,0,0,0,1
t,2400,1900,1850,2450,1,0,0,0,0,0,1,1
t,2400,2100,2050,2450,1,0,0,0,0,0,1,1
t,2400,1950,1800,2550,1,0,0,0,0,0,1,1
t,2400,3700,2900,3200,1,1,1,1,0,0,1,1
ct,1900,800,0,2700,1,0,0,0,0,0,1,1
ct,1900,800,700,2000,0,0,0,0,0,0,1,1
ct,1900,800,650,2050,0,0,0,0,0,0,1,1
ct,1900,800,650,2050,0,0,0,0,0,0,1,1
ct,1900,800,800,1900,0,0,0,0,0,0,1,1
t,1400,4300,4200,1500,0,0,0,0,0,0,0,1
t,1400,3400,3400,1400,0,0,0,0,0,0,0,1
ct,2400,2450,2450,2400,0,0,0,0,0,0,1,1
ct,2400,2150,2100,2450,1,0,0,0,0,0,1,1
ct,2400,2150,2100,2450,1,0,0,0,0,0,1,1
t,1400,3250,3250,1400,0,0,0,0,0,0,0,1
ct,2400,2300,2250,2450,1,0,0,0,0,0,1,1
t,1400,4000,4000,1400,0,0,0,0,0,0,0,1
t,1900,1400,1350,1950,0,0,0,0,0,0,1,1
t,1900,1600,1500,2000,0,0,0,0,0,0,1,1
ct,1400,4450,3950,1900,0,0,0,0,0,0,1,1
t,1900,1400,1350,1950,0,0,0,0,0,0,1,1
t,1900,1400,1350,1950,0,0,0,0,0,0,1,1
t,2400,2600,0,5000,1,1,1,1,0,0,1,1
ct,1400,6750,6750,1400,0,0,0,0,0,0,0,1
ct,1400,6300,5200,2500,1,0,0,0,0,0,1,1
t,2400,2550,0,4950,1,1,1,1,0,0,1,1
ct,1400,7200,5200,3400,1,1,1,1,0,0,1,1
t,2400,2550,650,4300,1,1,1,1,0,0,1,1
t,2900,4100,4000,3000,1,1,1,0,0,0,1,1
t,2900,5000,4800,3100,1,1,1,0,0,0,1,1
t,2900,4300,4000,3200,1,1,1,1,0,0,1,1
t,3400,3450,2050,4800,1,1,1,1,0,0,1,1
ct,1400,7450,5000,3850,1,1,1,1,0,0,1,1
t,3400,2950,1850,4500,1,1,1,1,0,0,1,1
t,3400,3200,1650,4950,1,1,1,1,0,0,1,1
ct,1900,8450,4850,5500,1,1,1,1,1,0,1,1
t,1400,5300,3600,3100,1,1,1,0,0,0,1,1
t,1400,6000,5100,2300,0,0,0,0,0,0,1,1
ct,2400,7100,7050,2450,1,0,0,0,0,0,1,1
ct,2400,6200,5600,3000,1,1,1,0,0,0,1,1
ct,2400,5650,4850,3200,1,1,1,1,0,0,1,1
t,1400,5200,4800,1800,0,0,0,0,0,0,1,1
t,1400,6050,4900,2550,1,0,0,0,0,0,1,1
ct,2900,3400,1300,5000,1,1,1,1,0,0,1,1
ct,2900,3300,2250,3950,1,1,1,1,0,0,1,1
t,1400,8350,4900,4850,1,1,1,1,0,0,1,1
t,1900,7850,4700,5050,1,1,1,1,0,0,1,1
ct,1400,5300,2300,4400,1,1,1,1,0,0,1,1
t,1900,4650,4600,1950,0,0,0,0,0,0,1,1
ct,1900,4900,4750,2050,0,0,0,0,0,0,1,1
ct,1900,4900,4850,1950,0,0,0,0,0,0,1,1
t,1900,4950,4900,1950,0,0,0,0,0,0,1,1
t,1900,5250,4900,2250,0,0,0,0,0,0,1,1
ct,1400,5450,5400,1450,0,0,0,0,0,0,0,1
ct,1400,6600,6300,1700,0,0,0,0,0,0,1,1
t,1900,6450,5600,2750,1,0,0,0,0,0,1,1
ct,1900,800,650,2050,0,0,0,0,0,0,1,1
t,1900,800,650,2050,0,0,0,0,0,0,1,1
ct,1900,800,700,2000,0,0,0,0,0,0,1,1
t,1900,800,700,2000,0,0,0,0,0,0,1,1
t,1900,800,650,2050,0,0,0,0,0,0,1,1
t,1900,800,700,2000,0,0,0,0,0,0,1,1
ct,1900,800,800,1900,0,0,0,0,0,0,1,1
ct,1900,800,650,2050,0,0,0,0,0,0,1,1
ct,1900,800,650,2050,0,0,0,0,0,0,1,1
t,1900,800,750,1950,0,0,0,0,0,0,1,1
t,1400,3400,3300,1500,0,0,0,0,0,0,0,1
ct,2400,2150,1950,2600,1,0,0,0,0,0,1,1
t,1400,3950,3900,1450,0,0,0,0,0,0,0,1
t,1400,4000,4000,1400,0,0,0,0,0,0,0,1
t,1400,3650,3500,1550,0,0,0,0,0,0,0,1
ct,2400,2050,2000,2450,1,0,0,0,0,0,1,1
ct,2400,2200,2200,2400,0,0,0,0,0,0,1,1
t,1400,3300,3250,1450,0,0,0,0,0,0,0,1
t,1900,2400,0,4300,1,1,1,1,0,0,1,1
ct,1400,4050,3750,1700,0,0,0,0,0,0,1,1
t,1900,2050,0,3950,1,1,1,1,0,0,1,1
t,1900,2000,0,3900,1,1,1,1,0,0,1,1
t,1900,2150,0,4050,1,1,1,1,0,0,1,1
ct,1400,4400,4200,1600,0,0,0,0,0,0,0,1
ct,1400,4350,4200,1550,0,0,0,0,0,0,0,1
ct,1400,4350,4200,1550,0,0,0,0,0,0,0,1
t,1900,3850,0,5750,1,1,1,1,1,0,1,1
t,2400,4900,4800,2500,1,0,0,0,0,0,1,1
t,2400,4550,4400,2550,1,0,0,0,0,0,1,1
t,2400,4800,4800,2400,0,0,0,0,0,0,1,1
ct,1400,4200,4150,1450,0,0,0,0,0,0,0,1
ct,1900,4650,4650,1900,0,0,0,0,0,0,1,1
ct,1400,4850,4850,1400,0,0,0,0,0,0,0,1
t,1900,5000,4800,2100,0,0,0,0,0,0,1,1
ct,1400,5350,5200,1550,0,0,0,0,0,0,0,1
t,1900,4250,4000,2150,0,0,0,0,0,0,1,1
t,1900,3750,3700,1950,0,0,0,0,0,0,1,1
ct,1400,4600,4500,1500,0,0,0,0,0,0,0,1
ct,1400,4800,4650,1550,0,0,0,0,0,0,0,1
t,1400,4000,4000,1400,0,0,0,0,0,0,0,1
t,1400,3750,3700,1450,0,0,0,0,0,0,0,1
t,1400,4500,4400,1500,0,0,0,0,0,0,0,1
t,1400,3550,3450,1500,0,0,0,0,0,0,0,1
ct,2400,2400,0,4800,1,1,1,1,0,0,1,1
t,1400,4100,3900,1600,0,0,0,0,0,0,0,1
ct,2400,4150,1700,4850,1,1,1,1,0,0,1,1
ct,2400,2900,0,5300,1,1,1,1,0,0,1,1
ct,2400,2100,700,3800,1,1,1,1,0,0,1,1
t,1400,3350,3250,1500,0,0,0,0,0,0,0,1
ct,2900,4850,4850,2900,1,1,0,0,0,0,1,1
ct,2900,5000,4850,3050,1,1,1,0,0,0,1,1
ct,2900,4900,4850,2950,1,1,1,0,0,0,1,1
ct,2900,4650,4600,2950,1,1,1,0,0,0,1,1
ct,2900,4150,4150,2900,1,1,0,0,0,0,1,1
t,1900,4100,4000,2000,0,0,0,0,0,0,1,1
ct,1900,3350,3200,2050,0,0,0,0,0,0,1,1
ct,1900,2350,2150,2100,0,0,0,0,0,0,1,1
ct,1900,4300,4150,2050,0,0,0,0,0,0,1,1
t,1900,800,700,2000,0,0,0,0,0,0,1,1
t,1900,800,650,2050,0,0,0,0,0,0,1,1
t,1900,800,650,2050,0,0,0,0,0,0,1,1
t,1900,800,650,2050,0,0,0,0,0,0,1,1
t,1900,800,650,2050,0,0,0,0,0,0,1,1
t,1400,3350,3250,1500,0,0,0,0,0,0,0,1
ct,2400,2500,2500,2400,0,0,0,0,0,0,1,1
t,1400,3400,3150,1650,0,0,0,0,0,0,0,1
ct,2400,2200,2150,2450,1,0,0,0,0,0,1,1
ct,2400,2500,1950,2950,1,1,1,0,0,0,1,1
t,1400,4300,4150,1550,0,0,0,0,0,0,0,1
t,1400,3700,3550,1550,0,0,0,0,0,0,0,1
t,1400,4000,4000,1400,0,0,0,0,0,0,0,1
ct,2400,2050,1950,2500,1,0,0,0,0,0,1,1
t,1400,3600,3150,1850,0,0,0,0,0,0,1,1
ct,2900,2850,900,4850,1,1,1,1,0,0,1,1
t,1400,4350,3900,1850,0,0,0,0,0,0,1,1
ct,2900,3250,1150,5000,1,1,1,1,0,0,1,1
ct,2900,2700,1150,4450,1,1,1,1,0,0,1,1
t,1400,4550,4400,1550,0,0,0,0,0,0,0,1
t,1400,3650,3600,1450,0,0,0,0,0,0,0,1
t,1400,3800,3700,1500,0,0,0,0,0,0,0,1
t,1900,2450,2400,1950,0,0,0,0,0,0,1,1
ct,1400,5400,5200,1600,0,0,0,0,0,0,0,1
t,1900,1850,1800,1950,0,0,0,0,0,0,1,1
t,1900,1450,1350,2000,0,0,0,0,0,0,1,1
t,2400,1950,0,4350,1,1,1,1,0,0,1,1
t,2400,1900,0,4300,1,1,1,1,0,0,1,1
t,2400,1950,0,4350,1,1,1,1,0,0,1,1
t,2400,2000,0,4400,1,1,1,1,0,0,1,1
t,2900,4350,4200,3050,1,1,1,0,0,0,1,1
t,2900,4300,4200,3000,1,1,1,0,0,0,1,1
t,2900,4350,3900,3350,1,1,1,1,0,0,1,1
t,2900,4400,4400,2900,1,1,0,0,0,0,1,1
t,2900,4100,4000,3000,1,1,1,0,0,0,1,1
ct,1900,7550,5200,4250,1,1,1,1,0,0,1,1
ct,1900,10750,4850,7800,1,1,1,1,1,1,1,1
ct,1900,8950,5200,5650,1,1,1,1,1,0,1,1
t,1400,3950,3900,1450,0,0,0,0,0,0,0,1
ct,1900,10650,5800,6750,1,1,1,1,1,1,1,1
t,1400,5000,4800,1600,0,0,0,0,0,0,0,1
ct,2400,7900,5250,5050,1,1,1,1,0,0,1,1
ct,2400,5750,5200,2950,1,1,1,0,0,0,1,1
ct,2400,8350,7350,3400,1,1,1,1,0,0,1,1
t,1400,6850,4900,3350,1,1,1,1,0,0,1,1
ct,3400,3300,1450,5250,1,1,1,1,0,0,1,1
ct,3400,3450,1900,4950,1,1,1,1,0,0,1,1
ct,3400,3500,0,6900,1,1,1,1,1,1,1,1
ct,3400,3050,1300,5150,1,1,1,1,0,0,1,1
ct,1400,5650,5600,1450,0,0,0,0,0,0,0,1
ct,1400,5950,5450,1900,0,0,0,0,0,0,1,1
ct,1400,5050,5000,1450,0,0,0,0,0,0,0,1
t,1900,5650,4800,2750,1,0,0,0,0,0,1,1
t,1900,6100,6050,1950,0,0,0,0,0,0,1,1
t,1900,4000,4000,1900,0,0,0,0,0,0,1,1
ct,1400,5250,4850,1800,0,0,0,0,0,0,1,1
ct,1900,2600,2550,1950,0,0,0,0,0,0,1,1
t,1400,5350,5100,1650,0,0,0,0,0,0,0,1
ct,1900,800,650,2050,0,0,0,0,0,0,1,1
t,1900,800,700,2000,0,0,0,0,0,0,1,1
t,1900,800,650,2050,0,0,0,0,0,0,1,1
ct,1900,800,800,1900,0,0,0,0,0,0,1,1
ct,1900,800,650,2050,0,0,0,0,0,0,1,1
ct,1900,800,650,2050,0,0,0,0,0,0,1,1
ct,1900,800,650,2050,0,0,0,0,0,0,1,1
t,1900,800,700,2000,0,0,0,0,0,0,1,1
t,1900,800,650,2050,0,0,0,0,0,0,1,1
t,1900,800,650,2050,0,0,0,0,0,0,1,1
ct,1400,3650,3550,1500,0,0,0,0,0,0,0,1
t,2400,2050,0,4450,1,1,1,1,0,0,1,1
ct,1400,3800,3750,1450,0,0,0,0,0,0,0,1
ct,1400,4250,4250,1400,0,0,0,0,0,0,0,1
ct,1400,3950,2250,3100,1,1,1,0,0,0,1,1
ct,1400,3950,3550,1800,0,0,0,0,0,0,1,1
t,2400,2300,0,4700,1,1,1,1,0,0,1,1
t,2400,2350,0,4750,1,1,1,1,0,0,1,1
t,2900,4400,4400,2900,1,1,0,0,0,0,1,1
t,2900,4450,4400,2950,1,1,1,0,0,0,1,1
t,2900,4500,4400,3000,1,1,1,0,0,0,1,1
t,2900,2450,2400,2950,1,1,1,0,0,0,1,1
t,2900,4450,4400,2950,1,1,1,0,0,0,1,1
t,3400,2950,1750,4600,1,1,1,1,0,0,1,1
t,3400,2950,1650,4700,1,1,1,1,0,0,1,1
ct,1900,4000,2900,3000,1,1,1,0,0,0,1,1
t,1400,5750,5700,1450,0,0,0,0,0,0,0,1
t,1400,4450,4400,1450,0,0,0,0,0,0,0,1
ct,1900,5250,5200,1950,0,0,0,0,0,0,1,1
t,1400,5650,4900,2150,0,0,0,0,0,0,1,1
ct,2400,2050,0,4450,1,1,1,1,0,0,1,1
ct,2400,3200,700,4900,1,1,1,1,0,0,1,1
ct,2400,3250,1700,3950,1,1,1,1,0,0,1,1
ct,2400,2300,0,4700,1,1,1,1,0,0,1,1
ct,2900,4450,4350,3000,1,1,1,0,0,0,1,1
ct,2900,4500,4150,3250,1,1,1,1,0,0,1,1
ct,2900,4950,4850,3000,1,1,1,0,0,0,1,1
ct,2900,4750,4650,3000,1,1,1,0,0,0,1,1
t,1900,4000,3900,2000,0,0,0,0,0,0,1,1
ct,1900,3800,0,5700,1,1,1,1,1,0,1,1
ct,1900,3050,700,4250,1,1,1,1,0,0,1,1
ct,1900,2050,0,3950,1,1,1,1,0,0,1,1
ct,1900,3350,1450,3800,1,1,1,1,0,0,1,1
t,1400,3600,3500,1500,0,0,0,0,0,0,0,1
ct,2400,4500,4500,2400,0,0,0,0,0,0,1,1
ct,2400,4300,4150,2550,1,0,0,0,0,0,1,1
t,1900,4500,4400,2000,0,0,0,0,0,0,1,1
t,1900,4650,4600,1950,0,0,0,0,0,0,1,1
ct,1900,4050,4050,1900,0,0,0,0,0,0,1,1
ct,1900,2200,2200,1900,0,0,0,0,0,0,1,1
ct,1900,4150,4050,2000,0,0,0,0,0,0,1,1
t,1900,800,650,2050,0,0,0,0,0,0,1,1
t,1900,800,700,2000,0,0,0,0,0,0,1,1
t,1900,800,650,2050,0,0,0,0,0,0,1,1
t,1900,800,700,2000,0,0,0,0,0,0,1,1
t,1900,800,650,2050,0,0,0,0,0,0,1,1
ct,1400,4350,4200,1550,0,0,0,0,0,0,0,1
t,2400,2600,2600,2400,0,0,0,0,0,0,1,1
t,2400,3250,3100,2550,1,0,0,0,0,0,1,1
t,2400,2600,2550,2450,1,0,0,0,0,0,1,1
ct,1400,4200,4050,1550,0,0,0,0,0,0,0,1
ct,1400,3750,3750,1400,0,0,0,0,0,0,0,1
t,2900,3050,1700,4250,1,1,1,1,0,0,1,1
ct,1400,4200,4200,1400,0,0,0,0,0,0,0,1
t,2900,3000,2050,3850,1,1,1,1,0,0,1,1
t,2900,4350,4000,3250,1,1,1,1,0,0,1,1
t,2900,3050,500,5450,1,1,1,1,1,0,1,1
t,2900,3350,1450,4800,1,1,1,1,0,0,1,1
ct,1400,3750,3750,1400,0,0,0,0,0,0,0,1
ct,1400,4100,4050,1450,0,0,0,0,0,0,0,1
t,3400,4250,4200,3450,1,1,1,1,0,0,1,1
t,3400,3850,3700,3550,1,1,1,1,0,0,1,1
t,3400,3250,3100,3550,1,1,1,1,0,0,1,1
t,3400,5450,5400,3450,1,1,1,1,0,0,1,1
t,3400,5100,4800,3700,1,1,1,1,0,0,1,1
ct,1900,3650,3550,2000,0,0,0,0,0,0,1,1
t,1900,4050,4000,1950,0,0,0,0,0,0,1,1
ct,1400,6650,6550,1500,0,0,0,0,0,0,0,1
t,1900,3150,3150,1900,0,0,0,0,0,0,1,1
t,1900,5450,4900,2450,1,0,0,0,0,0,1,1
ct,1400,4150,4150,1400,0,0,0,0,0,0,0,1
ct,1900,2350,1850,2400,0,0,0,0,0,0,1,1
t,1400,3500,3150,1750,0,0,0,0,0,0,1,1
ct,1900,3200,3200,1900,0,0,0,0,0,0,1,1
ct,1900,1600,1450,2050,0,0,0,0,0,0,1,1
ct,1900,1850,1750,2000,0,0,0,0,0,0,1,1
ct,2400,2300,200,4500,1,1,1,1,0,0,1,1
t,1400,5850,5100,2150,0,0,0,0,0,0,1,1
ct,2400,2100,900,3600,1,1,1,1,0,0,1,1
t,1900,2150,2050,2000,0,0,0,0,0,0,1,1
t,1900,2850,2750,2000,0,0,0,0,0,0,1,1
ct,1400,6050,5600,1850,0,0,0,0,0,0,1,1
ct,1900,6450,6400,1950,0,0,0,0,0,0,1,1
ct,1900,4750,4650,2000,0,0,0,0,0,0,1,1
ct,1900,3250,3250,1900,0,0,0,0,0,0,1,1
ct,1900,800,650,2050,0,0,0,0,0,0,1,1
ct,1900,800,800,1900,0,0,0,0,0,0,1,1
t,1900,800,700,2000,0,0,0,0,0,0,1,1
t,1900,800,650,2050,0,0,0,0,0,0,1,1
ct,1900,800,650,2050,0,0,0,0,0,0,1,1
t,1900,800,800,1900,0,0,0,0,0,0,1,1
t,1900,800,650,2050,0,0,0,0,0,0,1,1
ct,1900,800,650,2050,0,0,0,0,0,0,1,1
ct,1900,800,650,2050,0,0,0,0,0,0,1,1
t,1900,800,650,2050,0,0,0,0,0,0,1,1
ct,1400,4250,4200,1450,0,0,0,0,0,0,0,1
ct,1400,3500,3350,1550,0,0,0,0,0,0,0,1
t,2400,2000,1850,2550,1,0,0,0,0,0,1,1
t,2400,2050,1800,2650,1,0,0,0,0,0,1,1
ct,1400,3950,3900,1450,0,0,0,0,0,0,0,1
t,2400,1900,1800,2500,1,0,0,0,0,0,1,1
ct,1400,3950,3850,1500,0,0,0,0,0,0,0,1
ct,1400,3950,3950,1400,0,0,0,0,0,0,0,1
t,2400,2050,1450,3000,1,1,1,0,0,0,1,1
t,2900,3150,2050,4000,1,1,1,1,0,0,1,1
t,2900,3050,2100,3850,1,1,1,1,0,0,1,1
t,2900,3700,2150,4450,1,1,1,1,0,0,1,1
t,2900,3450,2250,4100,1,1,1,1,0,0,1,1
t,2900,3100,2050,3950,1,1,1,1,0,0,1,1
t,3400,3850,3800,3450,1,1,1,1,0,0,1,1
ct,1400,4900,4900,1400,0,0,0,0,0,0,0,1
t,3400,4450,4400,3450,1,1,1,1,0,0,1,1
t,3400,4400,4400,3400,1,1,1,1,0,0,1,1
ct,1400,5450,5200,1650,0,0,0,0,0,0,0,1
t,3400,4250,4200,3450,1,1,1,1,0,0,1,1
ct,1900,2100,2100,1900,0,0,0,0,0,0,1,1
t,1900,3400,3400,1900,0,0,0,0,0,0,1,1
t,1900,4350,4300,1950,0,0,0,0,0,0,1,1
ct,1400,4450,4400,1450,0,0,0,0,0,0,0,1
t,1900,3650,3500,2050,0,0,0,0,0,0,1,1
t,1900,3800,3700,2000,0,0,0,0,0,0,1,1
t,1900,4350,4200,2050,0,0,0,0,0,0,1,1
ct,1900,2850,2850,1900,0,0,0,0,0,0,1,1
ct,2400,2050,0,4450,1,1,1,1,0,0,1,1
ct,2400,2150,0,4550,1,1,1,1,0,0,1,1
ct,2400,3300,0,5700,1,1,1,1,1,0,1,1
ct,2400,2050,0,4450,1,1,1,1,0,0,1,1
t,1400,5050,4800,1650,0,0,0,0,0,0,0,1
ct,2900,4850,4850,2900,1,1,0,0,0,0,1,1
ct,2900,4500,4500,2900,1,1,0,0,0,0,1,1
ct,2900,4600,4350,3150,1,1,1,1,0,0,1,1
ct,2900,5750,5750,2900,1,1,0,0,0,0,1,1
ct,2900,4500,4350,3050,1,1,1,0,0,0,1,1
ct,3400,3050,1450,5000,1,1,1,1,0,0,1,1
t,1400,6200,4900,2700,1,0,0,0,0,0,1,1
t,1400,7250,4900,3750,1,1,1,1,0,0,1,1
ct,3400,3600,1900,5100,1,1,1,1,0,0,1,1
t,1400,5950,4800,2550,1,0,0,0,0,0,1,1
ct,3400,3150,700,5850,1,1,1,1,1,0,1,1
ct,3400,3200,1450,5150,1,1,1,1,0,0,1,1
ct,3400,5050,5000,3450,1,1,1,1,0,0,1,1
ct,3400,4600,4600,3400,1,1,1,1,0,0,1,1
ct,3400,5150,5000,3550,1,1,1,1,0,0,1,1
ct,3400,5900,5900,3400,1,1,1,1,0,0,1,1
ct,3400,5500,5400,3500,1,1,1,1,0,0,1,1
t,1400,10400,4900,6900,1,1,1,1,1,1,1,1
ct,3400,3900,3850,3450,1,1,1,1,0,0,1,1
t,1400,7150,5100,3450,1,1,1,1,0,0,1,1
ct,3400,3550,3500,3450,1,1,1,1,0,0,1,1
ct,3400,3950,3850,3500,1,1,1,1,0,0,1,1
t,1900,800,650,2050,0,0,0,0,0,0,1,1
t,1900,800,800,1900,0,0,0,0,0,0,1,1
t,1900,800,650,2050,0,0,0,0,0,0,1,1
t,1900,800,800,1900,0,0,0,0,0,0,1,1
t,1900,800,650,2050,0,0,0,0,0,0,1,1
t,2400,2050,200,4250,1,1,1,1,0,0,1,1
t,2400,1900,0,4300,1,1,1,1,0,0,1,1
ct,1400,4250,4200,1450,0,0,0,0,0,0,0,1
ct,1400,3650,3550,1500,0,0,0,0,0,0,0,1
t,2400,2050,0,4450,1,1,1,1,0,0,1,1
ct,1400,3500,3450,1450,0,0,0,0,0,0,0,1
ct,1400,3950,3900,1450,0,0,0,0,0,0,0,1
t,2400,2200,0,4600,1,1,1,1,0,0,1,1
t,2400,2050,0,4450,1,1,1,1,0,0,1,1
ct,1400,4250,4200,1450,0,0,0,0,0,0,0,1
t,2900,4450,4300,3050,1,1,1,0,0,0,1,1
t,2900,4600,4500,3000,1,1,1,0,0,0,1,1
t,2900,4450,4400,2950,1,1,1,0,0,0,1,1
t,2900,4600,4600,2900,1,1,0,0,0,0,1,1
t,2900,4450,4400,2950,1,1,1,0,0,0,1,1
t,3400,3300,3300,3400,1,1,1,1,0,0,1,1
t,3400,2900,2850,3450,1,1,1,1,0,0,1,1
t,3400,3550,3500,3450,1,1,1,1,0,0,1,1
t,3400,3400,3300,3500,1,1,1,1,0,0,1,1
t,3400,3450,3300,3550,1,1,1,1,0,0,1,1
t,3400,3450,3300,3550,1,1,1,1,0,0,1,1
t,3400,3450,3300,3550,1,1,1,1,0,0,1,1
ct,1900,800,650,2050,0,0,0,0,0,0,1,1
ct,1900,800,800,1900,0,0,0,0,0,0,1,1
t,1900,800,700,2000,0,0,0,0,0,0,1,1
t,1900,800,800,1900,0,0,0,0,0,0,1,1
ct,1900,800,650,2050,0,0,0,0,0,0,1,1
ct,1900,800,700,2000,0,0,0,0,0,0,1,1
t,1900,800,700,2000,0,0,0,0,0,0,1,1
t,1900,800,650,2050,0,0,0,0,0,0,1,1
t,1900,800,650,2050,0,0,0,0,0,0,1,1
ct,1900,800,650,2050,0,0,0,0,0,0,1,1
ct,1400,3650,3550,1500,0,0,0,0,0,0,0,1
ct,1400,4100,4050,1450,0,0,0,0,0,0,0,1
t,2400,2000,0,4400,1,1,1,1,0,0,1,1
t,2400,1900,0,4300,1,1,1,1,0,0,1,1
ct,1400,3600,3550,1450,0,0,0,0,0,0,0,1
t,2400,2000,0,4400,1,1,1,1,0,0,1,1
t,2400,2050,0,4450,1,1,1,1,0,0,1,1
t,2400,2050,0,4450,1,1,1,1,0,0,1,1
ct,1400,3650,3550,1500,0,0,0,0,0,0,0,1
t,2900,4400,4400,2900,1,1,0,0,0,0,1,1
t,2900,4300,4200,3000,1,1,1,0,0,0,1,1
t,2900,4400,4400,2900,1,1,0,0,0,0,1,1
t,2900,4450,4400,2950,1,1,1,0,0,0,1,1
t,2900,4450,4400,2950,1,1,1,0,0,0,1,1
ct,1900,4450,4350,2000,0,0,0,0,0,0,1,1
ct,1900,5000,4850,2050,0,0,0,0,0,0,1,1
t,1400,3650,3150,1900,0,0,0,0,0,0,1,1
ct,1900,3800,3750,1950,0,0,0,0,0,0,1,1
ct,1900,4400,4350,1950,0,0,0,0,0,0,1,1
ct,2400,2100,0,4500,1,1,1,1,0,0,1,1
ct,2400,2000,0,4400,1,1,1,1,0,0,1,1
ct,2400,2350,300,4450,1,1,1,1,0,0,1,1
t,1900,3550,3500,1950,0,0,0,0,0,0,1,1
t,1900,5500,5100,2300,0,0,0,0,0,0,1,1
ct,1400,5450,5200,1650,0,0,0,0,0,0,0,1
t,1900,4950,4900,1950,0,0,0,0,0,0,1,1
t,1900,4400,4400,1900,0,0,0,0,0,0,1,1
t,1900,5000,4900,2000,0,0,0,0,0,0,1,1
t,2400,2850,1000,4250,1,1,1,1,0,0,1,1
t,2400,3200,800,4800,1,1,1,1,0,0,1,1
t,2400,2550,700,4250,1,1,1,1,0,0,1,1
t,2400,2800,0,5200,1,1,1,1,0,0,1,1
t,2400,2900,700,4600,1,1,1,1,0,0,1,1
t,2900,4250,4000,3150,1,1,1,1,0,0,1,1
t,2900,4800,4800,2900,1,1,0,0,0,0,1,1
t,2900,4250,4200,2950,1,1,1,0,0,0,1,1
t,2900,4050,4000,2950,1,1,1,0,0,0,1,1
t,2900,4900,4900,2900,1,1,0,0,0,0,1,1
ct,1900,6200,5200,2900,1,1,0,0,0,0,1,1
ct,1900,5250,5250,1900,0,0,0,0,0,0,1,1
ct,2400,2650,0,5050,1,1,1,1,0,0,1,1
ct,2400,3200,800,4800,1,1,1,1,0,0,1,1
t,1400,5000,4900,1500,0,0,0,0,0,0,0,1
ct,2400,2000,0,4400,1,1,1,1,0,0,1,1
ct,2900,5100,4850,3150,1,1,1,1,0,0,1,1
t,1400,6500,4800,3100,1,1,1,0,0,0,1,1
t,1900,6600,5100,3400,1,1,1,1,0,0,1,1
t,1900,5850,5600,2150,0,0,0,0,0,0,1,1
ct,1400,6250,5800,1850,0,0,0,0,0,0,1,1
ct,1400,6200,5800,1800,0,0,0,0,0,0,1,1
t,1900,800,650,2050,0,0,0,0,0,0,1,1
t,1900,800,650,2050,0,0,0,0,0,0,1,1
t,1900,800,800,1900,0,0,0,0,0,0,1,1
t,1900,800,750,1950,0,0,0,0,0,0,1,1
t,1900,800,650,2050,0,0,0,0,0,0,1,1
t,1400,4600,4600,1400,0,0,0,0,0,0,0,1
t,1400,3400,3400,1400,0,0,0,0,0,0,0,1
ct,2400,2050,0,4450,1,1,1,1,0,0,1,1
ct,2400,2500,500,4400,1,1,1,1,0,0,1,1
t,1400,3550,3500,1450,0,0,0,0,0,0,0,1
t,1400,3300,3250,1450,0,0,0,0,0,0,0,1
ct,2400,2500,700,4200,1,1,1,1,0,0,1,1
ct,2400,2500,0,4900,1,1,1,1,0,0,1,1
ct,2400,2200,0,4600,1,1,1,1,0,0,1,1
t,1400,3700,3700,1400,0,0,0,0,0,0,0,1
ct,2900,4850,4850,2900,1,1,0,0,0,0,1,1
ct,2900,4800,4650,3050,1,1,1,0,0,0,1,1
ct,2900,4300,4200,3000,1,1,1,0,0,0,1,1
ct,2900,5000,5000,2900,1,1,0,0,0,0,1,1
ct,2900,4700,4650,2950,1,1,1,0,0,0,1,1
t,1900,2250,2200,1950,0,0,0,0,0,0,1,1
t,1900,3850,3700,2050,0,0,0,0,0,0,1,1
t,2400,1950,0,4350,1,1,1,1,0,0,1,1
t,2400,2050,0,4450,1,1,1,1,0,0,1,1
t,2400,2500,300,4600,1,1,1,1,0,0,1,1
t,2400,1900,0,4300,1,1,1,1,0,0,1,1
t,2400,2050,0,4450,1,1,1,1,0,0,1,1
t,2900,4350,4300,2950,1,1,1,0,0,0,1,1
t,2900,4750,4700,2950,1,1,1,0,0,0,1,1
t,2900,4400,4400,2900,1,1,0,0,0,0,1,1
t,2900,4300,4200,3000,1,1,1,0,0,0,1,1
ct,1400,7900,5200,4100,1,1,1,1,0,0,1,1
t,2900,4450,4400,2950,1,1,1,0,0,0,1,1
t,3400,3550,2000,4950,1,1,1,1,0,0,1,1
t,3400,3550,1850,5100,1,1,1,1,0,0,1,1
ct,1400,10200,5200,6400,1,1,1,1,1,1,1,1
ct,1400,5800,5600,1600,0,0,0,0,0,0,0,1
t,3400,4400,1650,6150,1,1,1,1,1,1,1,1
t,3400,3600,1850,5150,1,1,1,1,0,0,1,1
t,3400,3850,2400,4850,1,1,1,1,0,0,1,1
ct,1900,6400,5050,3250,1,1,1,1,0,0,1,1
t,1400,6000,1900,5500,1,1,1,1,1,0,1,1
ct,1900,7100,5600,3400,1,1,1,1,0,0,1,1
t,1400,4700,1200,4900,1,1,1,1,0,0,1,1
t,1400,6950,4900,3450,1,1,1,1,0,0,1,1
ct,2400,3700,1900,4200,1,1,1,1,0,0,1,1
ct,2400,2050,1300,3150,1,1,1,1,0,0,1,1
ct,2400,2400,650,4150,1,1,1,1,0,0,1,1
ct,2400,3550,1900,4050,1,1,1,1,0,0,1,1
ct,2900,4050,4000,2950,1,1,1,0,0,0,1,1
t,1900,6150,4900,3150,1,1,1,1,0,0,1,1
ct,1400,7000,5200,3200,1,1,1,1,0,0,1,1
t,1900,8800,4900,5800,1,1,1,1,1,0,1,1
ct,1400,6150,5600,1950,0,0,0,0,0,0,1,1
t,2400,6650,6650,2400,0,0,0,0,0,0,1,1
ct,1400,6200,5900,1700,0,0,0,0,0,0,1,1
t,2400,4400,4400,2400,0,0,0,0,0,0,1,1
t,1900,800,650,2050,0,0,0,0,0,0,1,1
ct,1900,800,700,2000,0,0,0,0,0,0,1,1
ct,1900,800,650,2050,0,0,0,0,0,0,1,1
ct,1900,800,800,1900,0,0,0,0,0,0,1,1
ct,1900,800,650,2050,0,0,0,0,0,0,1,1
ct,1900,800,650,2050,0,0,0,0,0,0,1,1
t,1900,800,650,2050,0,0,0,0,0,0,1,1
t,1900,800,700,2000,0,0,0,0,0,0,1,1
t,1900,800,800,1900,0,0,0,0,0,0,1,1
t,1900,800,650,2050,0,0,0,0,0,0,1,1
t,2400,2050,0,4450,1,1,1,1,0,0,1,1
ct,1400,3900,3900,1400,0,0,0,0,0,0,0,1
ct,1400,3650,3550,1500,0,0,0,0,0,0,0,1
ct,1400,4100,4100,1400,0,0,0,0,0,0,0,1
ct,1400,4250,4250,1400,0,0,0,0,0,0,0,1
ct,1400,3650,1300,3750,1,1,1,1,0,0,1,1
t,2400,2350,0,4750,1,1,1,1,0,0,1,1
t,2400,2000,0,4400,1,1,1,1,0,0,1,1
t,2400,1900,0,4300,1,1,1,1,0,0,1,1
t,2400,2050,0,4450,1,1,1,1,0,0,1,1
t,2900,4450,4400,2950,1,1,1,0,0,0,1,1
ct,1400,6450,5750,2100,0,0,0,0,0,0,1,1
t,2900,4450,4400,2950,1,1,1,0,0,0,1,1
t,2900,4400,4400,2900,1,1,0,0,0,0,1,1
t,2900,4300,4200,3000,1,1,1,0,0,0,1,1
t,3400,2950,1350,5000,1,1,1,1,0,0,1,1
t,3400,2900,1850,4450,1,1,1,1,0,0,1,1
t,3400,3300,0,6700,1,1,1,1,1,1,1,1
t,3400,5250,4900,3750,1,1,1,1,0,0,1,1
ct,1400,9000,5200,5200,1,1,1,1,0,0,1,1
t,3400,5600,4900,4100,1,1,1,1,0,0,1,1
t,3400,5350,4800,3950,1,1,1,1,0,0,1,1
t,3400,7600,6650,4350,1,1,1,1,0,0,1,1
t,3400,4000,4000,3400,1,1,1,1,0,0,1,1
ct,1900,7850,4850,4900,1,1,1,1,0,0,1,1
ct,1900,5350,5200,2050,0,0,0,0,0,0,1,1
ct,1900,7950,5600,4250,1,1,1,1,0,0,1,1
ct,1900,7750,6850,2800,1,1,0,0,0,0,1,1
t,1400,3800,3700,1500,0,0,0,0,0,0,0,1
ct,2400,3300,3250,2450,1,0,0,0,0,0,1,1
ct,2400,4400,4350,2450,1,0,0,0,0,0,1,1
t,1400,4000,3250,2150,0,0,0,0,0,0,1,1
ct,2900,2550,700,4750,1,1,1,1,0,0,1,1
ct,2900,2450,700,4650,1,1,1,1,0,0,1,1
ct,2900,2500,700,4700,1,1,1,1,0,0,1,1
ct,2900,2800,0,5700,1,1,1,1,1,0,1,1
ct,3400,4900,4850,3450,1,1,1,1,0,0,1,1
ct,3400,5400,5200,3600,1,1,1,1,0,0,1,1
ct,3400,4850,4850,3400,1,1,1,1,0,0,1,1
ct,3400,4850,4850,3400,1,1,1,1,0,0,1,1
ct,3400,6150,6000,3550,1,1,1,1,0,0,1,1
t,1400,6050,4800,2650,1,0,0,0,0,0,1,1
t,1400,8200,4900,4700,1,1,1,1,0,0,1,1
ct,3400,3550,1450,5500,1,1,1,1,1,0,1,1
ct,3400,3700,2200,4900,1,1,1,1,0,0,1,1
ct,3400,3500,1650,5250,1,1,1,1,0,0,1,1
ct,3400,4100,2600,4900,1,1,1,1,0,0,1,1
t,1400,5050,3250,3200,1,1,1,1,0,0,1,1
t,1900,7850,4900,4850,1,1,1,1,0,0,1,1
ct,1400,5650,4850,2200,0,0,0,0,0,0,1,1
ct,1400,5250,5200,1450,0,0,0,0,0,0,0,1
ct,1400,5600,5600,1400,0,0,0,0,0,0,0,1
t,1900,7250,4900,4250,1,1,1,1,0,0,1,1
t,1900,4400,4400,1900,0,0,0,0,0,0,1,1
t,1900,12350,7350,6900,1,1,1,1,1,1,1,1
t,1900,7600,4900,4600,1,1,1,1,0,0,1,1
t,2400,4050,4000,2450,1,0,0,0,0,0,1,1
t,2400,2200,2050,2550,1,0,0,0,0,0,1,1
t,2400,6900,6850,2450,1,0,0,0,0,0,1,1
t,2400,4600,4600,2400,0,0,0,0,0,0,1,1
t,1900,800,650,2050,0,0,0,0,0,0,1,1
t,1900,800,650,2050,0,0,0,0,0,0,1,1
t,1900,800,700,2000,0,0,0,0,0,0,1,1
t,1900,800,800,1900,0,0,0,0,0,0,1,1
t,1900,800,650,2050,0,0,0,0,0,0,1,1
t,1400,3400,3250,1550,0,0,0,0,0,0,0,1
t,1400,4300,4300,1400,0,0,0,0,0,0,0,1
t,1400,3350,3300,1450,0,0,0,0,0,0,0,1
t,1400,4150,4000,1550,0,0,0,0,0,0,0,1
t,1400,3400,3300,1500,0,0,0,0,0,0,0,1
ct,2400,2250,2100,2550,1,0,0,0,0,0,1,1
ct,2400,2100,2100,2400,0,0,0,0,0,0,1,1
ct,2400,2850,2000,3250,1,1,1,1,0,0,1,1
ct,2400,2250,2250,2400,0,0,0,0,0,0,1,1
ct,2900,3250,1650,4500,1,1,1,1,0,0,1,1
ct,2900,2500,700,4700,1,1,1,1,0,0,1,1
ct,2900,3550,0,6450,1,1,1,1,1,1,1,1
ct,2900,2500,700,4700,1,1,1,1,0,0,1,1
t,1900,1600,1450,2050,0,0,0,0,0,0,1,1
t,1900,3450,3350,2000,0,0,0,0,0,0,1,1
ct,1400,5750,5200,1950,0,0,0,0,0,0,1,1
ct,1400,5600,5000,2000,0,0,0,0,0,0,1,1
ct,1400,7650,5600,3450,1,1,1,1,0,0,1,1
ct,1400,5300,5200,1500,0,0,0,0,0,0,0,1
ct,1400,5800,5600,1600,0,0,0,0,0,0,0,1
t,2400,2050,0,4450,1,1,1,1,0,0,1,1
t,2400,1950,0,4350,1,1,1,1,0,0,1,1
t,2400,2300,0,4700,1,1,1,1,0,0,1,1
t,2400,1900,0,4300,1,1,1,1,0,0,1,1
t,2900,4450,4400,2950,1,1,1,0,0,0,1,1
t,2900,4350,4300,2950,1,1,1,0,0,0,1,1
t,2900,4700,4600,3000,1,1,1,0,0,0,1,1
t,2900,4300,4200,3000,1,1,1,0,0,0,1,1
t,2900,5300,4800,3400,1,1,1,1,0,0,1,1
t,3400,2950,1650,4700,1,1,1,1,0,0,1,1
t,3400,3000,1650,4750,1,1,1,1,0,0,1,1
t,3400,3300,2050,4650,1,1,1,1,0,0,1,1
t,3400,3400,1850,4950,1,1,1,1,0,0,1,1
t,3400,4700,4600,3500,1,1,1,1,0,0,1,1
t,3400,4750,4600,3550,1,1,1,1,0,0,1,1
t,3400,4950,4800,3550,1,1,1,1,0,0,1,1
t,3400,4950,4800,3550,1,1,1,1,0,0,1,1
ct,1400,6350,5600,2150,0,0,0,0,0,0,1,1
t,3400,3700,3700,3400,1,1,1,1,0,0,1,1
t,3400,3800,1000,6200,1,1,1,1,1,1,1,1
t,3400,3550,3150,3800,1,1,1,1,0,0,1,1
t,3400,3550,3550,3400,1,1,1,1,0,0,1,1
ct,1900,800,650,2050,0,0,0,0,0,0,1,1
ct,1900,800,650,2050,0,0,0,0,0,0,1,1
ct,1900,800,800,1900,0,0,0,0,0,0,1,1
ct,1900,800,800,1900,0,0,0,0,0,0,1,1
ct,1900,800,650,2050,0,0,0,0,0,0,1,1
t,1900,800,650,2050,0,0,0,0,0,0,1,1
t,1900,800,650,2050,0,0,0,0,0,0,1,1
t,1900,800,700,2000,0,0,0,0,0,0,1,1
t,1900,800,650,2050,0,0,0,0,0,0,1,1
t,1900,800,700,2000,0,0,0,0,0,0,1,1
ct,1400,4550,4400,1550,0,0,0,0,0,0,0,1
ct,1400,3950,3900,1450,0,0,0,0,0,0,0,1
ct,1400,3800,3750,1450,0,0,0,0,0,0,0,1
ct,1400,3500,3450,1450,0,0,0,0,0,0,0,1
ct,1400,3650,3550,1500,0,0,0,0,0,0,0,1
t,2400,2050,0,4450,1,1,1,1,0,0,1,1
t,2400,2350,300,4450,1,1,1,1,0,0,1,1
t,2400,2000,0,4400,1,1,1,1,0,0,1,1
ct,1400,3550,3550,1400,0,0,0,0,0,0,0,1
ct,1400,3900,3900,1400,0,0,0,0,0,0,0,1
t,2900,4450,4400,2950,1,1,1,0,0,0,1,1
t,2900,2400,2400,2900,1,1,0,0,0,0,1,1
t,2900,4750,4600,3050,1,1,1,0,0,0,1,1
t,2900,4400,4400,2900,1,1,0,0,0,0,1,1
ct,1900,1700,1650,1950,0,0,0,0,0,0,1,1
ct,1900,2150,2150,1900,0,0,0,0,0,0,1,1
t,1400,3550,3500,1450,0,0,0,0,0,0,0,1
t,1400,4000,4000,1400,0,0,0,0,0,0,0,1
ct,2400,2300,0,4700,1,1,1,1,0,0,1,1
ct,2400,2050,0,4450,1,1,1,1,0,0,1,1
ct,2400,2000,300,4100,1,1,1,1,0,0,1,1
ct,2400,2700,700,4400,1,1,1,1,0,0,1,1
t,1400,3850,2250,3000,1,1,1,0,0,0,1,1
t,1400,3500,2100,2800,1,1,0,0,0,0,1,1
ct,2900,5300,5200,3000,1,1,1,0,0,0,1,1
ct,2900,4650,4200,3350,1,1,1,1,0,0,1,1
t,1400,6150,6050,1500,0,0,0,0,0,0,0,1
t,1400,5700,4800,2300,0,0,0,0,0,0,1,1
t,1400,5500,4800,2100,0,0,0,0,0,0,1,1
t,1900,1400,1350,1950,0,0,0,0,0,0,1,1
t,1900,2600,2550,1950,0,0,0,0,0,0,1,1
ct,1900,6550,6550,1900,0,0,0,0,0,0,1,1
ct,1900,4500,4350,2050,0,0,0,0,0,0,1,1
ct,1900,4250,4150,2000,0,0,0,0,0,0,1,1
ct,1900,4050,4050,1900,0,0,0,0,0,0,1,1
t,1400,3300,3150,1550,0,0,0,0,0,0,0,1
t,1900,2600,2600,1900,0,0,0,0,0,0,1,1
t,1900,1550,1450,2000,0,0,0,0,0,0,1,1
t,1900,2150,2000,2050,0,0,0,0,0,0,1,1
t,1900,2850,300,4450,1,1,1,1,0,0,1,1
t,2400,1950,0,4350,1,1,1,1,0,0,1,1
t,2400,1900,0,4300,1,1,1,1,0,0,1,1
t,2400,2000,0,4400,1,1,1,1,0,0,1,1
t,2400,2050,0,4450,1,1,1,1,0,0,1,1
t,2400,2250,0,4650,1,1,1,1,0,0,1,1
t,2900,4350,3900,3350,1,1,1,1,0,0,1,1
t,2900,4300,4200,3000,1,1,1,0,0,0,1,1
t,2900,4400,4400,2900,1,1,0,0,0,0,1,1
t,2900,4450,4400,2950,1,1,1,0,0,0,1,1
t,2900,4650,4600,2950,1,1,1,0,0,0,1,1
ct,1900,7850,7750,2000,0,0,0,0,0,0,1,1
ct,1900,6300,6300,1900,0,0,0,0,0,0,1,1
ct,1900,8450,5600,4750,1,1,1,1,0,0,1,1
ct,1900,800,650,2050,0,0,0,0,0,0,1,1
ct,1900,800,650,2050,0,0,0,0,0,0,1,1
ct,1900,800,800,1900,0,0,0,0,0,0,1,1
ct,1900,800,650,2050,0,0,0,0,0,0,1,1
ct,1900,800,800,1900,0,0,0,0,0,0,1,1
t,2400,2050,0,4450,1,1,1,1,0,0,1,1
t,2400,2200,0,4600,1,1,1,1,0,0,1,1
t,2400,2000,0,4400,1,1,1,1,0,0,1,1
t,2400,2050,0,4450,1,1,1,1,0,0,1,1
t,2400,2050,0,4450,1,1,1,1,0,0,1,1
ct,1400,4250,4200,1450,0,0,0,0,0,0,0,1
ct,1400,3650,3550,1500,0,0,0,0,0,0,0,1
ct,1400,3500,1700,3200,1,1,1,1,0,0,1,1
ct,1400,3950,3950,1400,0,0,0,0,0,0,0,1
ct,1400,4100,2100,3400,1,1,1,1,0,0,1,1
t,2900,4450,4400,2950,1,1,1,0,0,0,1,1
t,2900,4600,4600,2900,1,1,0,0,0,0,1,1
t,2900,4400,3900,3400,1,1,1,1,0,0,1,1
t,2900,4450,4400,2950,1,1,1,0,0,0,1,1
t,2900,4750,4600,3050,1,1,1,0,0,0,1,1
ct,1900,3350,1000,4250,1,1,1,1,0,0,1,1
ct,1900,4500,0,6400,1,1,1,1,1,1,1,1
ct,1900,3250,700,4450,1,1,1,1,0,0,1,1
ct,1900,2150,0,4050,1,1,1,1,0,0,1,1
t,1400,6600,4900,3100,1,1,1,0,0,0,1,1
ct,2400,4850,4700,2550,1,0,0,0,0,0,1,1
t,1900,4250,4200,1950,0,0,0,0,0,0,1,1
t,1900,6050,4800,3150,1,1,1,1,0,0,1,1
ct,1400,4750,4700,1450,0,0,0,0,0,0,0,1
t,2400,1950,0,4350,1,1,1,1,0,0,1,1
t,2400,3150,1200,4350,1,1,1,1,0,0,1,1
t,2400,4200,3700,2900,1,1,0,0,0,0,1,1
t,2400,3700,1900,4200,1,1,1,1,0,0,1,1
t,2900,4800,4800,2900,1,1,0,0,0,0,1,1
t,2900,4350,4300,2950,1,1,1,0,0,0,1,1
t,2900,4350,3900,3350,1,1,1,1,0,0,1,1
t,2900,3200,3100,3000,1,1,1,0,0,0,1,1
t,2900,5000,4900,3000,1,1,1,0,0,0,1,1
ct,1400,8350,5200,4550,1,1,1,1,0,0,1,1
ct,1400,7600,5600,3400,1,1,1,1,0,0,1,1
ct,1400,5750,5200,1950,0,0,0,0,0,0,1,1
t,3400,2950,1150,5200,1,1,1,1,0,0,1,1
t,3400,3350,2050,4700,1,1,1,1,0,0,1,1
t,3400,3000,1200,5200,1,1,1,1,0,0,1,1
t,3400,3300,2200,4500,1,1,1,1,0,0,1,1
ct,1400,5900,5200,2100,0,0,0,0,0,0,1,1
ct,1400,7100,5600,2900,1,1,0,0,0,0,1,1
t,1400,5600,4900,2100,0,0,0,0,0,0,1,1
t,1400,5000,4800,1600,0,0,0,0,0,0,0,1
ct,1900,4050,0,5950,1,1,1,1,1,1,1,1
ct,1900,2500,300,4100,1,1,1,1,0,0,1,1
ct,1900,3550,700,4750,1,1,1,1,0,0,1,1
ct,1900,3000,0,4900,1,1,1,1,0,0,1,1
t,1400,7550,4900,4050,1,1,1,1,0,0,1,1
ct,2400,4200,4050,2550,1,0,0,0,0,0,1,1
ct,2400,4850,4850,2400,0,0,0,0,0,0,1,1
ct,2400,5000,4850,2550,1,0,0,0,0,0,1,1
t,1900,5450,5200,2150,0,0,0,0,0,0,1,1
t,1900,4650,4600,1950,0,0,0,0,0,0,1,1
t,1900,4850,4800,1950,0,0,0,0,0,0,1,1
t,1900,4550,4400,2050,0,0,0,0,0,0,1,1
t,1900,800,700,2000,0,0,0,0,0,0,1,1
ct,1900,800,650,2050,0,0,0,0,0,0,1,1
t,1900,800,650,2050,0,0,0,0,0,0,1,1
t,1900,800,650,2050,0,0,0,0,0,0,1,1
ct,1900,800,650,2050,0,0,0,0,0,0,1,1
ct,1900,800,650,2050,0,0,0,0,0,0,1,1
ct,1900,800,800,1900,0,0,0,0,0,0,1,1
ct,1900,800,800,1900,0,0,0,0,0,0,1,1
t,1900,800,700,2000,0,0,0,0,0,0,1,1
t,1900,800,650,2050,0,0,0,0,0,0,1,1
t,2400,2300,0,4700,1,1,1,1,0,0,1,1
t,2400,2350,0,4750,1,1,1,1,0,0,1,1
t,2400,2050,0,4450,1,1,1,1,0,0,1,1
ct,1400,4250,3950,1700,0,0,0,0,0,0,1,1
ct,1400,3950,3900,1450,0,0,0,0,0,0,0,1
ct,1400,3800,3750,1450,0,0,0,0,0,0,0,1
ct,1400,3800,3700,1500,0,0,0,0,0,0,0,1
t,2400,2000,0,4400,1,1,1,1,0,0,1,1
t,2400,2050,0,4450,1,1,1,1,0,0,1,1
t,2900,5000,4900,3000,1,1,1,0,0,0,1,1
t,2900,4050,3900,3050,1,1,1,0,0,0,1,1
t,2900,4450,4400,2950,1,1,1,0,0,0,1,1
ct,1400,5400,5200,1600,0,0,0,0,0,0,0,1
t,2900,4400,4400,2900,1,1,0,0,0,0,1,1
t,2900,4450,4400,2950,1,1,1,0,0,0,1,1
ct,1400,5700,5200,1900,0,0,0,0,0,0,1,1
t,3400,2950,1450,4900,1,1,1,1,0,0,1,1
ct,1400,6350,5200,2550,1,0,0,0,0,0,1,1
t,3400,3250,1800,4850,1,1,1,1,0,0,1,1
t,3400,5000,4900,3500,1,1,1,1,0,0,1,1
t,3400,5700,5700,3400,1,1,1,1,0,0,1,1
t,3400,3400,3300,3500,1,1,1,1,0,0,1,1
t,3400,4850,4800,3450,1,1,1,1,0,0,1,1
t,3400,3500,2000,4900,1,1,1,1,0,0,1,1
t,3400,3400,1850,4950,1,1,1,1,0,0,1,1
t,3400,3850,1800,5450,1,1,1,1,1,0,1,1
ct,1400,7450,5200,3650,1,1,1,1,0,0,1,1
t,3400,3800,2700,4500,1,1,1,1,0,0,1,1
t,3400,5500,4800,4100,1,1,1,1,0,0,1,1
t,3400,6150,6100,3450,1,1,1,1,0,0,1,1
t,3400,5650,4900,4150,1,1,1,1,0,0,1,1
ct,1400,6000,4850,2550,1,0,0,0,0,0,1,1
t,3400,5400,4800,4000,1,1,1,1,0,0,1,1
t,3400,5900,4800,4500,1,1,1,1,0,0,1,1
t,3400,4100,3900,3600,1,1,1,1,0,0,1,1
t,3400,3550,3500,3450,1,1,1,1,0,0,1,1
t,3400,3950,3500,3850,1,1,1,1,0,0,1,1
ct,1400,11250,5600,7050,1,1,1,1,1,1,1,1
t,3400,4000,3900,3500,1,1,1,1,0,0,1,1
t,3400,3600,2200,4800,1,1,1,1,0,0,1,1
ct,1400,9650,5400,5650,1,1,1,1,1,0,1,1
t,3400,3450,3300,3550,1,1,1,1,0,0,1,1
t,3400,4150,4000,3550,1,1,1,1,0,0,1,1
t,3400,3700,2250,4850,1,1,1,1,0,0,1,1
ct,1900,5650,4850,2700,1,0,0,0,0,0,1,1
ct,1900,9650,7450,4100,1,1,1,1,0,0,1,1
ct,2400,4200,4150,2450,1,0,0,0,0,0,1,1
t,1400,6950,4900,3450,1,1,1,1,0,0,1,1
t,1400,6100,4800,2700,1,0,0,0,0,0,1,1
ct,2900,4400,4350,2950,1,1,1,0,0,0,1,1
ct,2900,2500,2350,3050,1,1,1,0,0,0,1,1
ct,2900,3000,2250,3650,1,1,1,1,0,0,1,1
ct,2900,2750,2650,3000,1,1,1,0,0,0,1,1
t,1900,800,650,2050,0,0,0,0,0,0,1,1
t,1900,800,650,2050,0,0,0,0,0,0,1,1
t,1900,800,650,2050,0,0,0,0,0,0,1,1
t,1900,800,700,2000,0,0,0,0,0,0,1,1
t,1900,800,700,2000,0,0,0,0,0,0,1,1
ct,2400,2150,2000,2550,1,0,0,0,0,0,1,1
t,1400,3700,3700,1400,0,0,0,0,0,0,0,1
ct,2400,2450,1650,3200,1,1,1,1,0,0,1,1
t,1400,3700,3700,1400,0,0,0,0,0,0,0,1
t,1400,4300,4300,1400,0,0,0,0,0,0,0,1
t,1400,3350,3300,1450,0,0,0,0,0,0,0,1
t,1400,3650,3600,1450,0,0,0,0,0,0,0,1
ct,2400,2400,2100,2700,1,0,0,0,0,0,1,1
ct,2400,2000,1800,2600,1,0,0,0,0,0,1,1
ct,1400,5200,5200,1400,0,0,0,0,0,0,0,1
ct,1400,3950,3900,1450,0,0,0,0,0,0,0,1
t,1900,1400,1350,1950,0,0,0,0,0,0,1,1
t,1900,1700,1700,1900,0,0,0,0,0,0,1,1
t,1900,1450,1350,2000,0,0,0,0,0,0,1,1
t,1900,1450,1450,1900,0,0,0,0,0,0,1,1
ct,1400,3600,3500,1500,0,0,0,0,0,0,0,1
ct,1900,4100,4050,1950,0,0,0,0,0,0,1,1
ct,1900,1450,1350,2000,0,0,0,0,0,0,1,1
t,1400,4100,3800,1700,0,0,0,0,0,0,1,1
ct,1900,4250,4200,1950,0,0,0,0,0,0,1,1
ct,2400,2050,200,4250,1,1,1,1,0,0,1,1
ct,2400,2000,0,4400,1,1,1,1,0,0,1,1
ct,2400,2000,0,4400,1,1,1,1,0,0,1,1
ct,2400,2000,0,4400,1,1,1,1,0,0,1,1
ct,2900,5050,4850,3100,1,1,1,0,0,0,1,1
ct,2900,4300,4150,3050,1,1,1,0,0,0,1,1
ct,2900,4450,4350,3000,1,1,1,0,0,0,1,1
ct,2900,4450,4350,3000,1,1,1,0,0,0,1,1
ct,2900,4450,4400,2950,1,1,1,0,0,0,1,1
t,1900,6250,4800,3350,1,1,1,1,0,0,1,1
t,1900,8400,4900,5400,1,1,1,1,1,0,1,1
t,1900,6400,4800,3500,1,1,1,1,0,0,1,1
t,2400,3050,700,4750,1,1,1,1,0,0,1,1
t,2400,5400,3350,4450,1,1,1,1,0,0,1,1
t,2400,2650,0,5050,1,1,1,1,0,0,1,1
t,2400,3500,0,5900,1,1,1,1,1,1,1,1
t,2900,4750,4600,3050,1,1,1,0,0,0,1,1
t,2900,4450,4400,2950,1,1,1,0,0,0,1,1
t,2900,4400,4400,2900,1,1,0,0,0,0,1,1
ct,1900,800,650,2050,0,0,0,0,0,0,1,1
ct,1900,800,650,2050,0,0,0,0,0,0,1,1
t,1900,800,700,2000,0,0,0,0,0,0,1,1
t,1900,800,650,2050,0,0,0,0,0,0,1,1
t,1900,800,700,2000,0,0,0,0,0,0,1,1
t,1900,800,700,2000,0,0,0,0,0,0,1,1
t,1900,800,650,2050,0,0,0,0,0,0,1,1
ct,1900,800,700,2000,0,0,0,0,0,0,1,1
ct,1900,800,800,1900,0,0,0,0,0,0,1,1
ct,1900,800,650,2050,0,0,0,0,0,0,1,1
ct,1400,5400,2500,4300,1,1,1,1,0,0,1,1
ct,1400,4200,4050,1550,0,0,0,0,0,0,0,1
t,2400,2650,2600,2450,1,0,0,0,0,0,1,1
t,2400,3500,3350,2550,1,0,0,0,0,0,1,1
t,2400,2600,2500,2500,1,0,0,0,0,0,1,1
t,2400,2650,2500,2550,1,0,0,0,0,0,1,1
ct,1400,3850,3700,1550,0,0,0,0,0,0,0,1
ct,1400,3750,3750,1400,0,0,0,0,0,0,0,1
ct,1400,3900,3750,1550,0,0,0,0,0,0,0,1
t,2900,2450,0,5350,1,1,1,1,0,0,1,1
t,2900,2400,300,5000,1,1,1,1,0,0,1,1
t,3400,4400,4400,3400,1,1,1,1,0,0,1,1
t,3400,4650,4600,3450,1,1,1,1,0,0,1,1
t,3400,4700,4600,3500,1,1,1,1,0,0,1,1
t,3400,4900,4900,3400,1,1,1,1,0,0,1,1
t,3400,3700,2500,4600,1,1,1,1,0,0,1,1
t,3400,3550,2700,4250,1,1,1,1,0,0,1,1
t,3400,3500,2100,4800,1,1,1,1,0,0,1,1
t,3400,3400,2500,4300,1,1,1,1,0,0,1,1
ct,1400,6100,5200,2300,0,0,0,0,0,0,1,1
ct,1900,6300,6200,2000,0,0,0,0,0,0,1,1
t,1400,4750,4400,1750,0,0,0,0,0,0,1,1
t,1400,4200,3900,1700,0,0,0,0,0,0,1,1
ct,1900,4100,4050,1950,0,0,0,0,0,0,1,1
ct,1900,7250,5600,3550,1,1,1,1,0,0,1,1
ct,2400,2100,0,4500,1,1,1,1,0,0,1,1
ct,2400,2400,200,4600,1,1,1,1,0,0,1,1
t,1400,7350,6850,1900,0,0,0,0,0,0,1,1
ct,2400,2050,0,4450,1,1,1,1,0,0,1,1
ct,2400,2450,0,4850,1,1,1,1,0,0,1,1
ct,2900,4650,4650,2900,1,1,0,0,0,0,1,1
t,1400,9450,5100,5750,1,1,1,1,1,0,1,1
ct,2900,4500,4350,3050,1,1,1,0,0,0,1,1
ct,2900,5200,4850,3250,1,1,1,1,0,0,1,1
ct,3400,3050,1000,5450,1,1,1,1,1,0,1,1
t,1400,7350,4900,3850,1,1,1,1,0,0,1,1
t,1400,13550,5100,9850,1,1,1,1,1,1,1,1
t,1400,7850,4900,4350,1,1,1,1,0,0,1,1
ct,3400,3500,1450,5450,1,1,1,1,1,0,1,1
ct,3400,3400,1650,5150,1,1,1,1,0,0,1,1
ct,3400,3350,1650,5100,1,1,1,1,0,0,1,1
ct,3400,6300,6250,3450,1,1,1,1,0,0,1,1
t,1400,5950,4900,2450,1,0,0,0,0,0,1,1
t,1400,9850,6850,4400,1,1,1,1,0,0,1,1
t,1400,9800,5100,6100,1,1,1,1,1,1,1,1
ct,3400,5600,5600,3400,1,1,1,1,0,0,1,1
ct,3400,5300,4600,4100,1,1,1,1,0,0,1,1
t,1400,14300,5100,10600,1,1,1,1,1,1,1,1
ct,3400,3500,3350,3550,1,1,1,1,0,0,1,1
ct,3400,4500,4350,3550,1,1,1,1,0,0,1,1
t,1900,5250,5200,1950,0,0,0,0,0,0,1,1
t,1900,800,800,1900,0,0,0,0,0,0,1,1
t,1900,800,650,2050,0,0,0,0,0,0,1,1
t,1900,800,700,2000,0,0,0,0,0,0,1,1
t,1900,800,650,2050,0,0,0,0,0,0,1,1
t,1900,800,650,2050,0,0,0,0,0,0,1,1
t,1400,3800,3700,1500,0,0,0,0,0,0,0,1
t,1400,4250,4200,1450,0,0,0,0,0,0,0,1
ct,2400,2100,2000,2500,1,0,0,0,0,0,1,1
ct,2400,2100,1650,2850,1,1,0,0,0,0,1,1
ct,2400,1950,1950,2400,0,0,0,0,0,0,1,1
ct,2400,2400,1450,3350,1,1,1,1,0,0,1,1
ct,2400,2100,2000,2500,1,0,0,0,0,0,1,1
t,1400,3900,3900,1400,0,0,0,0,0,0,0,1
t,1400,3650,3450,1600,0,0,0,0,0,0,0,1
ct,2900,2600,300,5200,1,1,1,1,0,0,1,1
ct,2900,2950,0,5850,1,1,1,1,1,0,1,1
ct,2900,2500,350,5050,1,1,1,1,0,0,1,1
ct,2900,3450,2900,3450,1,1,1,1,0,0,1,1
ct,2900,2900,800,5000,1,1,1,1,0,0,1,1
t,1400,4900,3150,3150,1,1,1,1,0,0,1,1
ct,3400,5150,5000,3550,1,1,1,1,0,0,1,1
ct,3400,6100,6100,3400,1,1,1,1,0,0,1,1
t,1400,5100,5100,1400,0,0,0,0,0,0,0,1
t,1400,5650,4900,2150,0,0,0,0,0,0,1,1
t,1400,6450,4900,2950,1,1,1,0,0,0,1,1
ct,3400,3750,1750,5400,1,1,1,1,1,0,1,1
ct,3400,3700,1200,5900,1,1,1,1,1,1,1,1
ct,3400,4700,4200,3900,1,1,1,1,0,0,1,1
ct,3400,4000,2450,4950,1,1,1,1,0,0,1,1
t,1400,3550,3250,1700,0,0,0,0,0,0,1,1
t,1400,4100,3400,2100,0,0,0,0,0,0,1,1
t,1400,4900,4900,1400,0,0,0,0,0,0,0,1
t,1400,4750,4700,1450,0,0,0,0,0,0,0,1
ct,3400,5850,5600,3650,1,1,1,1,0,0,1,1
ct,3400,6050,5900,3550,1,1,1,1,0,0,1,1
ct,3400,5100,4850,3650,1,1,1,1,0,0,1,1
ct,3400,4650,4550,3500,1,1,1,1,0,0,1,1
t,1900,1500,0,3400,1,1,1,1,0,0,1,1
ct,1400,5250,5200,1450,0,0,0,0,0,0,0,1
t,1900,3800,3700,2000,0,0,0,0,0,0,1,1
ct,1900,5250,5250,1900,0,0,0,0,0,0,1,1
t,1400,5200,5100,1500,0,0,0,0,0,0,0,1
ct,2400,5200,4950,2650,1,0,0,0,0,0,1,1
ct,2400,6850,5800,3450,1,1,1,1,0,0,1,1
t,1400,5200,4900,1700,0,0,0,0,0,0,1,1
ct,1900,800,650,2050,0,0,0,0,0,0,1,1
ct,1900,800,650,2050,0,0,0,0,0,0,1,1
ct,1900,800,800,1900,0,0,0,0,0,0,1,1
ct,1900,800,800,1900,0,0,0,0,0,0,1,1
t,1900,800,650,2050,0,0,0,0,0,0,1,1
t,1900,800,650,2050,0,0,0,0,0,0,1,1
t,1900,800,650,2050,0,0,0,0,0,0,1,1
t,1900,800,800,1900,0,0,0,0,0,0,1,1
ct,1900,800,650,2050,0,0,0,0,0,0,1,1
t,1900,800,800,1900,0,0,0,0,0,0,1,1
ct,2400,2100,2000,2500,1,0,0,0,0,0,1,1
ct,2400,1950,1950,2400,0,0,0,0,0,0,1,1
t,1400,3400,3400,1400,0,0,0,0,0,0,0,1
t,1400,4000,3950,1450,0,0,0,0,0,0,0,1
t,1400,4300,4250,1450,0,0,0,0,0,0,0,1
t,1400,3250,3250,1400,0,0,0,0,0,0,0,1
ct,2400,2100,2000,2500,1,0,0,0,0,0,1,1
ct,1400,4500,4300,1600,0,0,0,0,0,0,0,1
ct,1400,5050,4900,1550,0,0,0,0,0,0,0,1
ct,1400,4500,4500,1400,0,0,0,0,0,0,0,1
t,1900,2000,2000,1900,0,0,0,0,0,0,1,1
t,1900,2000,2000,1900,0,0,0,0,0,0,1,1
t,1900,2100,1850,2150,0,0,0,0,0,0,1,1
t,2400,1900,0,4300,1,1,1,1,0,0,1,1
t,2400,1950,0,4350,1,1,1,1,0,0,1,1
t,2400,2350,700,4050,1,1,1,1,0,0,1,1
t,2400,1900,0,4300,1,1,1,1,0,0,1,1
t,2400,2150,0,4550,1,1,1,1,0,0,1,1
ct,1400,9100,5600,4900,1,1,1,1,0,0,1,1
t,2900,4300,4200,3000,1,1,1,0,0,0,1,1
t,2900,4350,4200,3050,1,1,1,0,0,0,1,1
t,2900,4300,3900,3300,1,1,1,1,0,0,1,1
ct,1900,5350,5200,2050,0,0,0,0,0,0,1,1
ct,2400,2250,300,4350,1,1,1,1,0,0,1,1
ct,2400,2100,0,4500,1,1,1,1,0,0,1,1
ct,1400,5700,5200,1900,0,0,0,0,0,0,1,1
ct,1400,6750,5600,2550,1,0,0,0,0,0,1,1
t,1900,5700,4900,2700,1,0,0,0,0,0,1,1
t,1900,5550,5100,2350,0,0,0,0,0,0,1,1
ct,1400,7850,5600,3650,1,1,1,1,0,0,1,1
ct,1400,4950,4900,1450,0,0,0,0,0,0,0,1
t,2400,2650,800,4250,1,1,1,1,0,0,1,1
t,2400,3000,0,5400,1,1,1,1,1,0,1,1
t,2400,2950,700,4650,1,1,1,1,0,0,1,1
t,2400,2000,300,4100,1,1,1,1,0,0,1,1
t,2900,4250,4000,3150,1,1,1,1,0,0,1,1
t,2900,4400,4400,2900,1,1,0,0,0,0,1,1
t,2900,4250,4000,3150,1,1,1,1,0,0,1,1
t,2900,4650,4600,2950,1,1,1,0,0,0,1,1
t,2900,4100,4000,3000,1,1,1,0,0,0,1,1
t,3400,3450,2600,4250,1,1,1,1,0,0,1,1
t,3400,2900,2600,3700,1,1,1,1,0,0,1,1
t,3400,3150,2600,3950,1,1,1,1,0,0,1,1
t,3400,3300,3150,3550,1,1,1,1,0,0,1,1
ct,1400,10750,6500,5650,1,1,1,1,1,0,1,1
ct,1400,10200,6300,5300,1,1,1,1,0,0,1,1
ct,1400,8350,5800,3950,1,1,1,1,0,0,1,1
t,3400,4850,4700,3550,1,1,1,1,0,0,1,1
t,3400,4300,4200,3500,1,1,1,1,0,0,1,1
t,3400,5550,5400,3550,1,1,1,1,0,0,1,1
t,3400,4350,4000,3750,1,1,1,1,0,0,1,1
t,3400,4150,3900,3650,1,1,1,1,0,0,1,1
t,1900,800,650,2050,0,0,0,0,0,0,1,1
t,1900,800,650,2050,0,0,0,0,0,0,1,1
t,1900,800,700,2000,0,0,0,0,0,0,1,1
t,1900,800,800,1900,0,0,0,0,0,0,1,1
t,1900,800,650,2050,0,0,0,0,0,0,1,1
t,1400,3950,3800,1550,0,0,0,0,0,0,0,1
t,1400,3950,3900,1450,0,0,0,0,0,0,0,1
t,1400,3600,3450,1550,0,0,0,0,0,0,0,1
t,1400,3500,3450,1450,0,0,0,0,0,0,0,1
ct,2400,2600,2500,2500,1,0,0,0,0,0,1,1
ct,2400,2600,2550,2450,1,0,0,0,0,0,1,1
ct,2400,2900,2900,2400,0,0,0,0,0,0,1,1
ct,2400,2450,2400,2450,1,0,0,0,0,0,1,1
t,1400,4250,4200,1450,0,0,0,0,0,0,0,1
ct,2400,2150,2100,2450,1,0,0,0,0,0,1,1
t,1900,1850,1700,2050,0,0,0,0,0,0,1,1
t,1900,1450,1350,2000,0,0,0,0,0,0,1,1
t,1900,1550,1500,1950,0,0,0,0,0,0,1,1
t,1900,2050,2050,1900,0,0,0,0,0,0,1,1
ct,1400,3600,3550,1450,0,0,0,0,0,0,0,1
ct,1400,3850,1300,3950,1,1,1,1,0,0,1,1
t,2400,2050,0,4450,1,1,1,1,0,0,1,1
t,2400,2000,0,4400,1,1,1,1,0,0,1,1
t,2400,2250,0,4650,1,1,1,1,0,0,1,1
t,2400,1900,0,4300,1,1,1,1,0,0,1,1
t,2400,2000,0,4400,1,1,1,1,0,0,1,1
ct,1400,7850,5800,3450,1,1,1,1,0,0,1,1
t,2900,4750,4700,2950,1,1,1,0,0,0,1,1
t,2900,4400,4400,2900,1,1,0,0,0,0,1,1
t,2900,4650,4600,2950,1,1,1,0,0,0,1,1
t,2900,4300,4200,3000,1,1,1,0,0,0,1,1
t,2900,4400,4400,2900,1,1,0,0,0,0,1,1
ct,1900,6800,5600,3100,1,1,1,0,0,0,1,1
ct,1900,5700,5250,2350,0,0,0,0,0,0,1,1
ct,1900,5800,5800,1900,0,0,0,0,0,0,1,1
t,1900,4300,4200,2000,0,0,0,0,0,0,1,1
t,1400,3800,3600,1600,0,0,0,0,0,0,0,1
ct,1900,5100,4850,2150,0,0,0,0,0,0,1,1
ct,1900,7050,6700,2250,0,0,0,0,0,0,1,1
ct,2400,2600,2500,2500,1,0,0,0,0,0,1,1
ct,2400,3350,3200,2550,1,0,0,0,0,0,1,1
t,1900,800,650,2050,0,0,0,0,0,0,1,1
ct,1900,800,650,2050,0,0,0,0,0,0,1,1
t,1900,800,650,2050,0,0,0,0,0,0,1,1
ct,1900,800,650,2050,0,0,0,0,0,0,1,1
t,1900,800,650,2050,0,0,0,0,0,0,1,1
ct,1900,800,650,2050,0,0,0,0,0,0,1,1
ct,1900,800,800,1900,0,0,0,0,0,0,1,1
t,1900,800,700,2000,0,0,0,0,0,0,1,1
t,1900,800,700,2000,0,0,0,0,0,0,1,1
ct,1900,800,800,1900,0,0,0,0,0,0,1,1
t,1400,4250,4200,1450,0,0,0,0,0,0,0,1
ct,2400,2600,2500,2500,1,0,0,0,0,0,1,1
t,1400,3650,3250,1800,0,0,0,0,0,0,1,1
ct,2400,2600,2450,2550,1,0,0,0,0,0,1,1
t,1400,3650,3250,1800,0,0,0,0,0,0,1,1
ct,2400,2300,1650,3050,1,1,1,0,0,0,1,1
ct,2400,2450,2400,2450,1,0,0,0,0,0,1,1
ct,2900,2550,0,5450,1,1,1,1,1,0,1,1
ct,2900,2600,600,4900,1,1,1,1,0,0,1,1
ct,2900,2500,0,5400,1,1,1,1,1,0,1,1
ct,2900,2500,0,5400,1,1,1,1,1,0,1,1
ct,3400,5450,5200,3650,1,1,1,1,0,0,1,1
ct,3400,4900,4850,3450,1,1,1,1,0,0,1,1
ct,3400,6600,6550,3450,1,1,1,1,0,0,1,1
ct,3400,5400,5250,3550,1,1,1,1,0,0,1,1
ct,3400,5200,4850,3750,1,1,1,1,0,0,1,1
t,1900,7100,4900,4100,1,1,1,1,0,0,1,1
ct,1400,4050,3000,2450,1,0,0,0,0,0,1,1
t,1900,5450,4900,2450,1,0,0,0,0,0,1,1
t,1900,6050,4900,3050,1,1,1,0,0,0,1,1
t,2400,4400,4400,2400,0,0,0,0,0,0,1,1
t,2400,5250,5100,2550,1,0,0,0,0,0,1,1
ct,1400,6050,5200,2250,0,0,0,0,0,0,1,1
t,2400,3050,2950,2500,1,0,0,0,0,0,1,1
t,2900,2400,700,4600,1,1,1,1,0,0,1,1
t,2900,2850,700,5050,1,1,1,1,0,0,1,1
t,2900,2450,0,5350,1,1,1,1,0,0,1,1
t,2900,2500,700,4700,1,1,1,1,0,0,1,1
ct,1400,5650,5600,1450,0,0,0,0,0,0,0,1
t,3400,4600,4600,3400,1,1,1,1,0,0,1,1
t,3400,5050,4900,3550,1,1,1,1,0,0,1,1
t,3400,5350,0,8750,1,1,1,1,1,1,1,1
t,3400,4800,4800,3400,1,1,1,1,0,0,1,1
t,3400,4700,4600,3500,1,1,1,1,0,0,1,1
t,3400,3850,2900,4350,1,1,1,1,0,0,1,1
t,3400,3500,3500,3400,1,1,1,1,0,0,1,1
ct,1900,11300,5600,7600,1,1,1,1,1,1,1,1
ct,1900,9000,5800,5100,1,1,1,1,0,0,1,1
ct,1900,10500,4850,7550,1,1,1,1,1,1,1,1
ct,1900,7100,5250,3750,1,1,1,1,0,0,1,1
t,1900,5400,4900,2400,0,0,0,0,0,0,1,1
ct,1400,7300,5800,2900,1,1,0,0,0,0,1,1
t,1900,3800,2700,3000,1,1,1,0,0,0,1,1
t,1900,4350,4200,2050,0,0,0,0,0,0,1,1
t,1900,4250,4200,1950,0,0,0,0,0,0,1,1
t,2400,4050,4000,2450,1,0,0,0,0,0,1,1
t,2400,4800,4700,2500,1,0,0,0,0,0,1,1
ct,1400,6150,5800,1750,0,0,0,0,0,0,1,1
t,2400,5400,5100,2700,1,0,0,0,0,0,1,1
ct,1400,11650,5600,7450,1,1,1,1,1,1,1,1
t,2400,4450,4400,2450,1,0,0,0,0,0,1,1
t,2400,4050,4000,2450,1,0,0,0,0,0,1,1
ct,1900,800,800,1900,0,0,0,0,0,0,1,1
ct,1900,800,650,2050,0,0,0,0,0,0,1,1
ct,1900,800,650,2050,0,0,0,0,0,0,1,1
ct,1900,800,800,1900,0,0,0,0,0,0,1,1
ct,1900,800,650,2050,0,0,0,0,0,0,1,1
ct,2400,2400,2200,2600,1,0,0,0,0,0,1,1
t,1400,4000,3250,2150,0,0,0,0,0,0,1,1
ct,2400,2250,2100,2550,1,0,0,0,0,0,1,1
t,1400,3950,3800,1550,0,0,0,0,0,0,0,1
ct,2400,2250,2200,2450,1,0,0,0,0,0,1,1
t,1400,3400,3150,1650,0,0,0,0,0,0,0,1
t,1400,3350,3300,1450,0,0,0,0,0,0,0,1
ct,2400,2400,1500,3300,1,1,1,1,0,0,1,1
ct,2400,2850,2850,2400,0,0,0,0,0,0,1,1
t,1900,2750,2750,1900,0,0,0,0,0,0,1,1
ct,1400,4100,4000,1500,0,0,0,0,0,0,0,1
t,1900,1550,1550,1900,0,0,0,0,0,0,1,1
ct,1400,3800,3450,1750,0,0,0,0,0,0,1,1
t,1900,1750,1350,2300,0,0,0,0,0,0,1,1
t,1900,1400,1350,1950,0,0,0,0,0,0,1,1
t,2400,2500,0,4900,1,1,1,1,0,0,1,1
t,2400,2500,300,4600,1,1,1,1,0,0,1,1
t,2400,3350,700,5050,1,1,1,1,0,0,1,1
t,2400,2900,500,4800,1,1,1,1,0,0,1,1
t,2400,2550,300,4650,1,1,1,1,0,0,1,1
t,2900,5500,4900,3500,1,1,1,1,0,0,1,1
t,2900,5200,5100,3000,1,1,1,0,0,0,1,1
t,2900,5950,4800,4050,1,1,1,1,0,0,1,1
t,2900,6000,4800,4100,1,1,1,1,0,0,1,1
ct,1400,8150,5450,4100,1,1,1,1,0,0,1,1
t,2900,5250,4900,3250,1,1,1,1,0,0,1,1
ct,1900,8000,6900,3000,1,1,1,0,0,0,1,1
ct,2900,3150,3100,2950,1,1,1,0,0,0,1,1
t,1400,10000,4900,6500,1,1,1,1,1,1,1,1
ct,2900,4350,4350,2900,1,1,0,0,0,0,1,1
t,1400,8100,4900,4600,1,1,1,1,0,0,1,1
t,1900,6500,4900,3500,1,1,1,1,0,0,1,1
t,1900,8650,6850,3700,1,1,1,1,0,0,1,1
t,1900,7800,4900,4800,1,1,1,1,0,0,1,1
t,1900,8150,4900,5150,1,1,1,1,0,0,1,1
t,1900,800,700,2000,0,0,0,0,0,0,1,1
t,1900,800,650,2050,0,0,0,0,0,0,1,1
ct,1900,800,650,2050,0,0,0,0,0,0,1,1
t,1900,800,650,2050,0,0,0,0,0,0,1,1
ct,1900,800,800,1900,0,0,0,0,0,0,1,1
t,1900,800,700,2000,0,0,0,0,0,0,1,1
ct,1900,800,650,2050,0,0,0,0,0,0,1,1
ct,1900,800,650,2050,0,0,0,0,0,0,1,1
t,1900,800,650,2050,0,0,0,0,0,0,1,1
ct,1900,800,650,2050,0,0,0,0,0,0,1,1
t,1400,3600,3250,1750,0,0,0,0,0,0,1,1
t,1400,3950,3250,2100,0,0,0,0,0,0,1,1
ct,2400,2200,1750,2850,1,1,0,0,0,0,1,1
t,1400,4250,4150,1500,0,0,0,0,0,0,0,1
ct,2400,2050,2000,2450,1,0,0,0,0,0,1,1
t,1400,4200,3900,1700,0,0,0,0,0,0,1,1
ct,2400,3100,3100,2400,0,0,0,0,0,0,1,1
ct,2400,2200,2150,2450,1,0,0,0,0,0,1,1
t,1400,3650,3150,1900,0,0,0,0,0,0,1,1
ct,2400,2200,2200,2400,0,0,0,0,0,0,1,1
t,1400,4800,4700,1500,0,0,0,0,0,0,0,1
ct,2900,2950,0,5850,1,1,1,1,1,0,1,1
ct,2900,2550,700,4750,1,1,1,1,0,0,1,1
ct,2900,2550,300,5150,1,1,1,1,0,0,1,1
t,1400,4950,3050,3300,1,1,1,1,0,0,1,1
ct,2900,2500,300,5100,1,1,1,1,0,0,1,1
t,1400,7500,4900,4000,1,1,1,1,0,0,1,1
ct,3400,5950,5900,3450,1,1,1,1,0,0,1,1
ct,3400,5150,5150,3400,1,1,1,1,0,0,1,1
ct,3400,5400,5200,3600,1,1,1,1,0,0,1,1
ct,3400,5250,5200,3450,1,1,1,1,0,0,1,1
t,1400,6350,4900,2850,1,1,0,0,0,0,1,1
ct,3400,5200,5200,3400,1,1,1,1,0,0,1,1
t,1400,5800,4800,2400,0,0,0,0,0,0,1,1
t,1400,6550,4900,3050,1,1,1,0,0,0,1,1
ct,3400,3850,1200,6050,1,1,1,1,1,1,1,1
t,1400,9350,4800,5950,1,1,1,1,1,1,1,1
ct,3400,3800,2300,4900,1,1,1,1,0,0,1,1
ct,3400,3950,2350,5000,1,1,1,1,0,0,1,1
ct,3400,3600,1450,5550,1,1,1,1,1,0,1,1
t,1900,4250,3900,2250,0,0,0,0,0,0,1,1
t,1900,7350,7200,2050,0,0,0,0,0,0,1,1
ct,1400,5800,5450,1750,0,0,0,0,0,0,1,1
ct,1400,5350,5200,1550,0,0,0,0,0,0,0,1
t,1900,4800,4700,2000,0,0,0,0,0,0,1,1
ct,1900,7500,5600,3800,1,1,1,1,0,0,1,1
t,1400,4100,3250,2250,0,0,0,0,0,0,1,1
ct,2400,7150,6700,2850,1,1,0,0,0,0,1,1
ct,2400,5250,5250,2400,0,0,0,0,0,0,1,1
t,1400,4200,3900,1700,0,0,0,0,0,0,1,1
t,1400,5200,4900,1700,0,0,0,0,0,0,1,1
ct,2400,6750,5600,3550,1,1,1,1,0,0,1,1
t,1900,3250,3100,2050,0,0,0,0,0,0,1,1
t,1900,3250,3100,2050,0,0,0,0,0,0,1,1
ct,1400,5550,5200,1750,0,0,0,0,0,0,1,1
ct,1400,6550,5200,2750,1,0,0,0,0,0,1,1
t,1900,2300,2200,2000,0,0,0,0,0,0,1,1
t,2400,2950,500,4850,1,1,1,1,0,0,1,1
t,2400,3750,1500,4650,1,1,1,1,0,0,1,1
t,2400,2650,700,4350,1,1,1,1,0,0,1,1
t,2400,2550,400,4550,1,1,1,1,0,0,1,1
ct,1400,5400,5200,1600,0,0,0,0,0,0,0,1
t,2400,2900,300,5000,1,1,1,1,0,0,1,1
ct,1400,6450,5600,2250,0,0,0,0,0,0,1,1
t,2900,4850,4800,2950,1,1,1,0,0,0,1,1
t,2900,4650,4200,3350,1,1,1,1,0,0,1,1
t,2900,4350,4200,3050,1,1,1,0,0,0,1,1
t,2900,4550,4400,3050,1,1,1,0,0,0,1,1
t,2900,5000,4900,3000,1,1,1,0,0,0,1,1
t,3400,3550,3500,3450,1,1,1,1,0,0,1,1
t,3400,4250,4200,3450,1,1,1,1,0,0,1,1
t,3400,3950,3900,3450,1,1,1,1,0,0,1,1
ct,1400,8150,5800,3750,1,1,1,1,0,0,1,1
t,3400,4250,3900,3750,1,1,1,1,0,0,1,1
ct,1400,6450,5800,2050,0,0,0,0,0,0,1,1
t,3400,3900,3900,3400,1,1,1,1,0,0,1,1
ct,1400,8300,6300,3400,1,1,1,1,0,0,1,1
t,1900,800,800,1900,0,0,0,0,0,0,1,1
t,1900,800,650,2050,0,0,0,0,0,0,1,1
t,1900,800,650,2050,0,0,0,0,0,0,1,1
t,1900,800,650,2050,0,0,0,0,0,0,1,1
t,1900,800,650,2050,0,0,0,0,0,0,1,1
ct,2400,2150,2100,2450,1,0,0,0,0,0,1,1
ct,2400,2150,2000,2550,1,0,0,0,0,0,1,1
t,1400,3250,3100,1550,0,0,0,0,0,0,0,1
ct,2400,2400,1450,3350,1,1,1,1,0,0,1,1
t,1400,3700,3650,1450,0,0,0,0,0,0,0,1
ct,2400,2000,2000,2400,0,0,0,0,0,0,1,1
t,1400,4600,4600,1400,0,0,0,0,0,0,0,1
t,1400,3400,3300,1500,0,0,0,0,0,0,0,1
ct,2400,2450,2450,2400,0,0,0,0,0,0,1,1
t,1400,3700,3700,1400,0,0,0,0,0,0,0,1
ct,2900,2550,0,5450,1,1,1,1,1,0,1,1
ct,2900,2950,700,5150,1,1,1,1,0,0,1,1
ct,2900,3450,0,6350,1,1,1,1,1,1,1,1
ct,2900,2500,200,5200,1,1,1,1,0,0,1,1
t,1400,3350,3150,1600,0,0,0,0,0,0,0,1
ct,3400,5450,5250,3600,1,1,1,1,0,0,1,1
ct,3400,5150,5000,3550,1,1,1,1,0,0,1,1
ct,3400,6350,6200,3550,1,1,1,1,0,0,1,1
ct,3400,5200,5100,3500,1,1,1,1,0,0,1,1
ct,3400,5300,5200,3500,1,1,1,1,0,0,1,1
t,1900,7850,6850,2900,1,1,0,0,0,0,1,1
t,1900,4800,4800,1900,0,0,0,0,0,0,1,1
t,1900,5750,5100,2550,1,0,0,0,0,0,1,1
t,1900,6000,4900,3000,1,1,1,0,0,0,1,1
t,2400,3000,700,4700,1,1,1,1,0,0,1,1
ct,1400,7000,5600,2800,1,1,0,0,0,0,1,1
t,2400,1900,0,4300,1,1,1,1,0,0,1,1
t,2400,2550,700,4250,1,1,1,1,0,0,1,1
ct,1400,7200,5600,3000,1,1,1,0,0,0,1,1
t,2400,3000,1150,4250,1,1,1,1,0,0,1,1
ct,1400,8950,5200,5150,1,1,1,1,0,0,1,1
t,2900,4700,4700,2900,1,1,0,0,0,0,1,1
t,2900,4950,4900,2950,1,1,1,0,0,0,1,1
t,2900,4300,4200,3000,1,1,1,0,0,0,1,1
t,2900,4250,4200,2950,1,1,1,0,0,0,1,1
t,2900,4550,4400,3050,1,1,1,0,0,0,1,1
ct,1900,7900,5400,4400,1,1,1,1,0,0,1,1
ct,1900,5350,5200,2050,0,0,0,0,0,0,1,1
t,1400,3250,3100,1550,0,0,0,0,0,0,0,1
ct,1900,9700,7000,4600,1,1,1,1,0,0,1,1
t,1400,3600,3500,1500,0,0,0,0,0,0,0,1
ct,1900,5200,5200,1900,0,0,0,0,0,0,1,1
ct,2400,4500,2200,4700,1,1,1,1,0,0,1,1
ct,2400,2150,200,4350,1,1,1,1,0,0,1,1
ct,2400,2000,200,4200,1,1,1,1,0,0,1,1
ct,2400,2100,0,4500,1,1,1,1,0,0,1,1
ct,2900,4800,4750,2950,1,1,1,0,0,0,1,1
ct,2900,4450,4350,3000,1,1,1,0,0,0,1,1
ct,2900,5950,5900,2950,1,1,1,0,0,0,1,1
ct,2900,4900,4850,2950,1,1,1,0,0,0,1,1
t,1400,4750,4600,1550,0,0,0,0,0,0,0,1
t,1400,6300,4800,2900,1,1,0,0,0,0,1,1
ct,2900,4600,4550,2950,1,1,1,0,0,0,1,1
t,1900,3900,3900,1900,0,0,0,0,0,0,1,1
t,1900,6200,4900,3200,1,1,1,1,0,0,1,1
ct,1900,800,800,1900,0,0,0,0,0,0,1,1
ct,1900,800,800,1900,0,0,0,0,0,0,1,1
ct,1900,800,650,2050,0,0,0,0,0,0,1,1
t,1900,800,650,2050,0,0,0,0,0,0,1,1
t,1900,800,650,2050,0,0,0,0,0,0,1,1
t,1900,800,700,2000,0,0,0,0,0,0,1,1
t,1900,800,700,2000,0,0,0,0,0,0,1,1
ct,1900,800,650,2050,0,0,0,0,0,0,1,1
t,1900,800,700,2000,0,0,0,0,0,0,1,1
ct,1900,800,650,2050,0,0,0,0,0,0,1,1
ct,2400,2400,2100,2700,1,0,0,0,0,0,1,1
ct,2400,2550,2500,2450,1,0,0,0,0,0,1,1
t,1400,3400,3300,1500,0,0,0,0,0,0,0,1
t,1400,3350,3150,1600,0,0,0,0,0,0,0,1
t,1400,4550,4400,1550,0,0,0,0,0,0,0,1
ct,2400,2550,2550,2400,0,0,0,0,0,0,1,1
t,1400,3650,3600,1450,0,0,0,0,0,0,0,1
ct,2400,2250,2200,2450,1,0,0,0,0,0,1,1
ct,2900,3300,0,6200,1,1,1,1,1,1,1,1
ct,2900,3100,1100,4900,1,1,1,1,0,0,1,1
t,1400,3700,3250,1850,0,0,0,0,0,0,1,1
ct,2900,2550,700,4750,1,1,1,1,0,0,1,1
ct,2900,2600,700,4800,1,1,1,1,0,0,1,1
ct,3400,4900,4850,3450,1,1,1,1,0,0,1,1
ct,3400,5100,5000,3500,1,1,1,1,0,0,1,1
ct,3400,4800,4650,3550,1,1,1,1,0,0,1,1
ct,3400,4250,2150,5500,1,1,1,1,1,0,1,1
ct,3400,3700,2200,4900,1,1,1,1,0,0,1,1
t,1400,6500,4900,3000,1,1,1,0,0,0,1,1
t,1400,7850,4900,4350,1,1,1,1,0,0,1,1
t,1400,7050,4800,3650,1,1,1,1,0,0,1,1
ct,3400,3600,1150,5850,1,1,1,1,1,0,1,1
t,1400,7550,4800,4150,1,1,1,1,0,0,1,1
ct,3400,4050,2200,5250,1,1,1,1,0,0,1,1
ct,1400,6400,5600,2200,0,0,0,0,0,0,1,1
ct,1400,6450,4200,3650,1,1,1,1,0,0,1,1
t,1900,4950,4900,1950,0,0,0,0,0,0,1,1
t,1900,5050,4900,2050,0,0,0,0,0,0,1,1
ct,1400,6200,5600,2000,0,0,0,0,0,0,1,1
ct,1900,5150,4850,2200,0,0,0,0,0,0,1,1
ct,1900,8350,7050,3200,1,1,1,1,0,0,1,1
ct,1400,7050,5250,3200,1,1,1,1,0,0,1,1
ct,1400,4350,4300,1450,0,0,0,0,0,0,0,1
ct,1400,5400,5200,1600,0,0,0,0,0,0,0,1
t,1900,4300,4300,1900,0,0,0,0,0,0,1,1
t,1900,4050,3450,2500,1,0,0,0,0,0,1,1
t,1900,4750,4700,1950,0,0,0,0,0,0,1,1
t,1900,3400,3400,1900,0,0,0,0,0,0,1,1
t,1900,3450,2950,2400,0,0,0,0,0,0,1,1
ct,1900,4400,4350,1950,0,0,0,0,0,0,1,1
ct,1900,2950,2950,1900,0,0,0,0,0,0,1,1
t,1400,3550,3500,1450,0,0,0,0,0,0,0,1
ct,1900,5450,5400,1950,0,0,0,0,0,0,1,1
ct,1900,2900,2900,1900,0,0,0,0,0,0,1,1
ct,2400,3000,600,4800,1,1,1,1,0,0,1,1
ct,2400,3100,1450,4050,1,1,1,1,0,0,1,1
t,1400,4250,3900,1750,0,0,0,0,0,0,1,1
ct,2400,3000,1250,4150,1,1,1,1,0,0,1,1
ct,2900,5500,4600,3800,1,1,1,1,0,0,1,1
ct,2900,5850,5250,3500,1,1,1,1,0,0,1,1
ct,2900,5100,4300,3700,1,1,1,1,0,0,1,1
t,1400,5850,4900,2350,0,0,0,0,0,0,1,1
ct,2900,5850,5700,3050,1,1,1,0,0,0,1,1
ct,1400,4700,4650,1450,0,0,0,0,0,0,0,1
t,1900,4550,4400,2050,0,0,0,0,0,0,1,1
t,1900,3400,3150,2150,0,0,0,0,0,0,1,1
ct,1900,800,650,2050,0,0,0,0,0,0,1,1
ct,1900,800,800,1900,0,0,0,0,0,0,1,1
ct,1900,800,650,2050,0,0,0,0,0,0,1,1
ct,1900,800,800,1900,0,0,0,0,0,0,1,1
ct,1900,800,650,2050,0,0,0,0,0,0,1,1
t,1400,3500,3450,1450,0,0,0,0,0,0,0,1
t,1400,3950,3950,1400,0,0,0,0,0,0,0,1
t,1400,3650,3600,1450,0,0,0,0,0,0,0,1
ct,2400,1900,1750,2550,1,0,0,0,0,0,1,1
ct,2400,2050,1450,3000,1,1,1,0,0,0,1,1
ct,2400,1900,1850,2450,1,0,0,0,0,0,1,1
t,1400,3950,3950,1400,0,0,0,0,0,0,0,1
ct,2400,2050,2000,2450,1,0,0,0,0,0,1,1
t,1400,4850,4450,1800,0,0,0,0,0,0,1,1
t,1900,1450,1450,1900,0,0,0,0,0,0,1,1
t,1900,1700,1650,1950,0,0,0,0,0,0,1,1
t,1900,1450,1450,1900,0,0,0,0,0,0,1,1
ct,1400,3550,3400,1550,0,0,0,0,0,0,0,1
t,2400,1900,0,4300,1,1,1,1,0,0,1,1
t,2400,1950,0,4350,1,1,1,1,0,0,1,1
t,2400,2200,0,4600,1,1,1,1,0,0,1,1
t,2400,2250,700,3950,1,1,1,1,0,0,1,1
t,2400,2050,0,4450,1,1,1,1,0,0,1,1
t,2900,5200,4900,3200,1,1,1,1,0,0,1,1
t,2900,4950,4800,3050,1,1,1,0,0,0,1,1
t,2900,5800,4900,3800,1,1,1,1,0,0,1,1
ct,1400,6000,5600,1800,0,0,0,0,0,0,1,1
t,2900,4850,4800,2950,1,1,1,0,0,0,1,1
t,2900,5050,4800,3150,1,1,1,1,0,0,1,1
t,3400,3200,3200,3400,1,1,1,1,0,0,1,1
t,3400,3800,3800,3400,1,1,1,1,0,0,1,1
ct,1400,6200,5400,2200,0,0,0,0,0,0,1,1
ct,1900,800,700,2000,0,0,0,0,0,0,1,1
ct,1900,800,650,2050,0,0,0,0,0,0,1,1
t,1900,800,700,2000,0,0,0,0,0,0,1,1
t,1900,800,650,2050,0,0,0,0,0,0,1,1
t,1900,800,700,2000,0,0,0,0,0,0,1,1
t,1900,800,650,2050,0,0,0,0,0,0,1,1
ct,1900,800,650,2050,0,0,0,0,0,0,1,1
ct,1900,800,650,2050,0,0,0,0,0,0,1,1
ct,1900,800,650,2050,0,0,0,0,0,0,1,1
t,1900,800,650,2050,0,0,0,0,0,0,1,1
ct,1400,5000,5000,1400,0,0,0,0,0,0,0,1
ct,1400,3850,2550,2700,1,0,0,0,0,0,1,1
t,2400,2950,2850,2500,1,0,0,0,0,0,1,1
t,2400,2650,2000,3050,1,1,1,0,0,0,1,1
ct,1400,4150,3550,2000,0,0,0,0,0,0,1,1
ct,1400,3850,2250,3000,1,1,1,0,0,0,1,1
ct,1400,3850,2850,2400,0,0,0,0,0,0,1,1
t,2400,2950,2600,2750,1,0,0,0,0,0,1,1
t,2900,2700,0,5600,1,1,1,1,1,0,1,1
t,2900,2500,0,5400,1,1,1,1,1,0,1,1
t,2900,2500,700,4700,1,1,1,1,0,0,1,1
t,2900,2750,700,4950,1,1,1,1,0,0,1,1
t,3400,5600,4800,4200,1,1,1,1,0,0,1,1
t,3400,5400,4400,4400,1,1,1,1,0,0,1,1
t,3400,4700,4600,3500,1,1,1,1,0,0,1,1
t,3400,5650,4800,4250,1,1,1,1,0,0,1,1
t,3400,4950,4900,3450,1,1,1,1,0,0,1,1
ct,1400,8950,5600,4750,1,1,1,1,0,0,1,1
t,3400,4800,4800,3400,1,1,1,1,0,0,1,1
t,3400,5000,4800,3600,1,1,1,1,0,0,1,1
t,3400,5600,4800,4200,1,1,1,1,0,0,1,1
t,3400,4850,4700,3550,1,1,1,1,0,0,1,1
ct,1400,10300,5600,6100,1,1,1,1,1,1,1,1
ct,1400,6600,5200,2800,1,1,0,0,0,0,1,1
t,3400,4050,4000,3450,1,1,1,1,0,0,1,1
ct,1900,4950,4850,2000,0,0,0,0,0,0,1,1
ct,1900,7950,7450,2400,0,0,0,0,0,0,1,1
t,1400,4300,4200,1500,0,0,0,0,0,0,0,1
t,1400,3950,3700,1650,0,0,0,0,0,0,0,1
t,1400,3550,3500,1450,0,0,0,0,0,0,0,1
t,1900,4200,3900,2200,0,0,0,0,0,0,1,1
t,1900,3300,3300,1900,0,0,0,0,0,0,1,1
t,1900,3250,3100,2050,0,0,0,0,0,0,1,1
ct,1400,3500,3350,1550,0,0,0,0,0,0,0,1
ct,1400,5700,5600,1500,0,0,0,0,0,0,0,1
t,1900,2950,1300,3550,1,1,1,1,0,0,1,1
ct,1900,1600,1450,2050,0,0,0,0,0,0,1,1
ct,1900,1550,1450,2000,0,0,0,0,0,0,1,1
ct,1900,1800,650,3050,1,1,1,0,0,0,1,1
t,1400,4850,3600,2650,1,0,0,0,0,0,1,1
ct,2400,2300,200,4500,1,1,1,1,0,0,1,1
ct,2400,3750,0,6150,1,1,1,1,1,1,1,1
t,1400,6100,4800,2700,1,0,0,0,0,0,1,1
t,1400,5500,4400,2500,1,0,0,0,0,0,1,1
ct,2400,2100,0,4500,1,1,1,1,0,0,1,1
ct,2400,2350,500,4250,1,1,1,1,0,0,1,1
ct,2900,4500,4350,3050,1,1,1,0,0,0,1,1
ct,2900,6150,6100,2950,1,1,1,0,0,0,1,1
ct,2900,4500,4350,3050,1,1,1,0,0,0,1,1
ct,2900,4250,4150,3000,1,1,1,0,0,0,1,1
ct,3400,3250,1650,5000,1,1,1,1,0,0,1,1
t,1400,7250,4900,3750,1,1,1,1,0,0,1,1
t,1400,14150,7350,8200,1,1,1,1,1,1,1,1
t,1400,10800,5100,7100,1,1,1,1,1,1,1,1
ct,3400,6200,4600,5000,1,1,1,1,0,0,1,1
ct,3400,3550,1450,5500,1,1,1,1,1,0,1,1
ct,3400,3500,2200,4700,1,1,1,1,0,0,1,1
t,1400,10900,4900,7400,1,1,1,1,1,1,1,1
ct,3400,6300,6200,3500,1,1,1,1,0,0,1,1
t,1400,6150,4800,2750,1,0,0,0,0,0,1,1
t,1400,10400,7350,4450,1,1,1,1,0,0,1,1
ct,3400,5150,4350,4200,1,1,1,1,0,0,1,1
ct,3400,5650,5600,3450,1,1,1,1,0,0,1,1
t,1400,9800,5100,6100,1,1,1,1,1,1,1,1
ct,1900,800,800,1900,0,0,0,0,0,0,1,1
ct,1900,800,650,2050,0,0,0,0,0,0,1,1
ct,1900,800,800,1900,0,0,0,0,0,0,1,1
ct,1900,800,650,2050,0,0,0,0,0,0,1,1
ct,1900,800,650,2050,0,0,0,0,0,0,1,1
t,1400,3500,3500,1400,0,0,0,0,0,0,0,1
t,1400,3600,2350,2650,1,0,0,0,0,0,1,1
ct,2400,2000,0,4400,1,1,1,1,0,0,1,1
ct,2400,2150,0,4550,1,1,1,1,0,0,1,1
ct,2400,2000,0,4400,1,1,1,1,0,0,1,1
ct,2400,2750,0,5150,1,1,1,1,0,0,1,1
t,1400,3950,3950,1400,0,0,0,0,0,0,0,1
t,1400,4250,3150,2500,1,0,0,0,0,0,1,1
t,1400,4250,4200,1450,0,0,0,0,0,0,0,1
ct,2400,2150,0,4550,1,1,1,1,0,0,1,1
t,1400,5350,4800,1950,0,0,0,0,0,0,1,1
t,1400,5200,4800,1800,0,0,0,0,0,0,1,1
ct,2900,5000,4850,3050,1,1,1,0,0,0,1,1
ct,3400,3700,2200,4900,1,1,1,1,0,0,1,1
t,1400,5950,4900,2450,1,0,0,0,0,0,1,1
ct,3400,3200,1450,5150,1,1,1,1,0,0,1,1
ct,3400,5600,4900,4100,1,1,1,1,0,0,1,1
ct,3400,5200,5200,3400,1,1,1,1,0,0,1,1
ct,3400,5000,4850,3550,1,1,1,1,0,0,1,1
ct,3400,3550,3550,3400,1,1,1,1,0,0,1,1
ct,3400,6800,6700,3500,1,1,1,1,0,0,1,1
t,1400,5350,4900,1850,0,0,0,0,0,0,1,1
ct,3400,3650,3600,3450,1,1,1,1,0,0,1,1
t,1900,800,650,2050,0,0,0,0,0,0,1,1
t,1900,800,800,1900,0,0,0,0,0,0,1,1
t,1900,800,800,1900,0,0,0,0,0,0,1,1
ct,1900,800,650,2050,0,0,0,0,0,0,1,1
t,1900,800,650,2050,0,0,0,0,0,0,1,1
ct,1900,800,800,1900,0,0,0,0,0,0,1,1
ct,1900,800,650,2050,0,0,0,0,0,0,1,1
ct,1900,800,650,2050,0,0,0,0,0,0,1,1
t,1900,800,650,2050,0,0,0,0,0,0,1,1
ct,1900,800,650,2050,0,0,0,0,0,0,1,1
t,2400,2050,2000,2450,1,0,0,0,0,0,1,1
t,2400,1900,1750,2550,1,0,0,0,0,0,1,1
ct,1400,3950,3850,1500,0,0,0,0,0,0,0,1
t,2400,2050,2000,2450,1,0,0,0,0,0,1,1
ct,1400,3650,3550,1500,0,0,0,0,0,0,0,1
t,2400,2350,2350,2400,0,0,0,0,0,0,1,1
ct,1400,4250,4200,1450,0,0,0,0,0,0,0,1
t,2900,2450,700,4650,1,1,1,1,0,0,1,1
t,2900,2550,0,5450,1,1,1,1,1,0,1,1
t,2900,3050,800,5150,1,1,1,1,0,0,1,1
t,2900,2400,500,4800,1,1,1,1,0,0,1,1
t,3400,4650,4600,3450,1,1,1,1,0,0,1,1
t,3400,5000,4800,3600,1,1,1,1,0,0,1,1
t,3400,5250,4900,3750,1,1,1,1,0,0,1,1
t,3400,5150,5100,3450,1,1,1,1,0,0,1,1
t,3400,4800,4800,3400,1,1,1,1,0,0,1,1
t,1900,5250,4900,2250,0,0,0,0,0,0,1,1
t,1900,4450,4400,1950,0,0,0,0,0,0,1,1
ct,1400,5800,5200,2000,0,0,0,0,0,0,1,1
ct,1400,6150,5600,1950,0,0,0,0,0,0,1,1
ct,1900,4600,4550,1950,0,0,0,0,0,0,1,1
ct,1900,2150,2150,1900,0,0,0,0,0,0,1,1
ct,1900,2100,2100,1900,0,0,0,0,0,0,1,1
ct,1900,4400,4350,1950,0,0,0,0,0,0,1,1
t,1900,4200,4200,1900,0,0,0,0,0,0,1,1
t,1900,2800,2700,2000,0,0,0,0,0,0,1,1
ct,1400,4000,3550,1850,0,0,0,0,0,0,1,1
ct,1400,4000,3950,1450,0,0,0,0,0,0,0,1
ct,1400,4050,4050,1400,0,0,0,0,0,0,0,1
t,1900,3750,3700,1950,0,0,0,0,0,0,1,1
t,1400,4250,4200,1450,0,0,0,0,0,0,0,1
t,1400,4100,3900,1600,0,0,0,0,0,0,0,1
ct,1900,2200,0,4100,1,1,1,1,0,0,1,1
ct,1900,2050,0,3950,1,1,1,1,0,0,1,1
ct,1900,1900,0,3800,1,1,1,1,0,0,1,1
ct,1900,3100,500,4500,1,1,1,1,0,0,1,1
ct,2400,4150,4150,2400,0,0,0,0,0,0,1,1
ct,2400,4000,3900,2500,1,0,0,0,0,0,1,1
ct,2400,4500,4350,2550,1,0,0,0,0,0,1,1
ct,2400,3850,3850,2400,0,0,0,0,0,0,1,1
ct,2400,4850,4700,2550,1,0,0,0,0,0,1,1
t,1900,4200,4200,1900,0,0,0,0,0,0,1,1
t,1900,4000,4000,1900,0,0,0,0,0,0,1,1
t,1900,4300,4300,1900,0,0,0,0,0,0,1,1
t,1900,1650,1600,1950,0,0,0,0,0,0,1,1
ct,1900,1500,1450,1950,0,0,0,0,0,0,1,1
ct,1900,3050,2900,2050,0,0,0,0,0,0,1,1
ct,1900,2500,2250,2150,0,0,0,0,0,0,1,1
ct,1900,3050,3050,1900,0,0,0,0,0,0,1,1
ct,1900,800,0,2700,1,0,0,0,0,0,1,1
ct,1900,800,650,2050,0,0,0,0,0,0,1,1
ct,1900,800,650,2050,0,0,0,0,0,0,1,1
ct,1900,800,650,2050,0,0,0,0,0,0,1,1
ct,1900,800,800,1900,0,0,0,0,0,0,1,1
ct,1400,4200,4200,1400,0,0,0,0,0,0,0,1
ct,1400,3900,3850,1450,0,0,0,0,0,0,0,1
ct,1400,4800,4700,1500,0,0,0,0,0,0,0,1
t,2400,2950,2650,2700,1,0,0,0,0,0,1,1
ct,1400,4200,4150,1450,0,0,0,0,0,0,0,1
t,2400,2800,2700,2500,1,0,0,0,0,0,1,1
t,2400,3250,3100,2550,1,0,0,0,0,0,1,1
t,2400,2650,2300,2750,1,0,0,0,0,0,1,1
ct,1400,4050,4050,1400,0,0,0,0,0,0,0,1
t,2400,2900,1800,3500,1,1,1,1,0,0,1,1
ct,1900,1500,1350,2050,0,0,0,0,0,0,1,1
ct,1900,1850,700,3050,1,1,1,0,0,0,1,1
ct,1400,4800,4700,1500,0,0,0,0,0,0,0,1
t,1900,4700,4600,2000,0,0,0,0,0,0,1,1
t,1900,4450,4300,2050,0,0,0,0,0,0,1,1
ct,1900,3950,3850,2000,0,0,0,0,0,0,1,1
ct,1900,2000,1900,2000,0,0,0,0,0,0,1,1
t,1400,4150,3150,2400,0,0,0,0,0,0,1,1
ct,1900,2900,2900,1900,0,0,0,0,0,0,1,1
ct,1400,4450,4350,1500,0,0,0,0,0,0,0,1
ct,1400,3850,3850,1400,0,0,0,0,0,0,0,1
t,1900,5150,4600,2450,1,0,0,0,0,0,1,1
t,1900,3000,2600,2300,0,0,0,0,0,0,1,1
t,1900,4800,4700,2000,0,0,0,0,0,0,1,1
t,1900,4900,4800,2000,0,0,0,0,0,0,1,1
t,1900,5650,4800,2750,1,0,0,0,0,0,1,1
t,2400,2450,0,4850,1,1,1,1,0,0,1,1
t,2400,2300,200,4500,1,1,1,1,0,0,1,1
t,2400,2000,300,4100,1,1,1,1,0,0,1,1
t,2400,2000,0,4400,1,1,1,1,0,0,1,1
t,2900,4850,4800,2950,1,1,1,0,0,0,1,1
t,2900,4500,3450,3950,1,1,1,1,0,0,1,1
t,2900,4100,4000,3000,1,1,1,0,0,0,1,1
t,2900,4400,4400,2900,1,1,0,0,0,0,1,1
t,2900,4750,4450,3200,1,1,1,1,0,0,1,1
ct,1900,6250,5200,2950,1,1,1,0,0,0,1,1
ct,1900,6750,4850,3800,1,1,1,1,0,0,1,1
t,1400,3600,3600,1400,0,0,0,0,0,0,0,1
ct,1900,8050,5200,4750,1,1,1,1,0,0,1,1
t,1400,3800,3800,1400,0,0,0,0,0,0,0,1
t,1900,3850,3700,2050,0,0,0,0,0,0,1,1
t,1900,2450,300,4050,1,1,1,1,0,0,1,1
t,1900,1900,0,3800,1,1,1,1,0,0,1,1
t,1900,3200,1150,3950,1,1,1,1,0,0,1,1
t,2400,2550,2450,2500,1,0,0,0,0,0,1,1
t,2400,4550,4400,2550,1,0,0,0,0,0,1,1
t,2400,4300,4300,2400,0,0,0,0,0,0,1,1
t,2400,4450,4400,2450,1,0,0,0,0,0,1,1
t,2400,4300,4200,2500,1,0,0,0,0,0,1,1
t,1900,800,650,2050,0,0,0,0,0,0,1,1
ct,1900,800,650,2050,0,0,0,0,0,0,1,1
ct,1900,800,650,2050,0,0,0,0,0,0,1,1
ct,1900,800,800,1900,0,0,0,0,0,0,1,1
ct,1900,800,650,2050,0,0,0,0,0,0,1,1
t,1900,800,650,2050,0,0,0,0,0,0,1,1
t,1900,800,650,2050,0,0,0,0,0,0,1,1
t,1900,800,700,2000,0,0,0,0,0,0,1,1
t,1900,800,700,2000,0,0,0,0,0,0,1,1
ct,1900,800,650,2050,0,0,0,0,0,0,1,1
t,1400,3700,3700,1400,0,0,0,0,0,0,0,1
ct,2400,2450,1700,3150,1,1,1,1,0,0,1,1
ct,2400,2150,2100,2450,1,0,0,0,0,0,1,1
ct,2400,2300,2100,2600,1,0,0,0,0,0,1,1
ct,2400,2150,2150,2400,0,0,0,0,0,0,1,1
t,1400,3400,3250,1550,0,0,0,0,0,0,0,1
t,1400,4300,4250,1450,0,0,0,0,0,0,0,1
t,1400,3650,3500,1550,0,0,0,0,0,0,0,1
t,1400,3650,3500,1550,0,0,0,0,0,0,0,1
ct,2400,2150,2100,2450,1,0,0,0,0,0,1,1
t,1900,1400,0,3300,1,1,1,1,0,0,1,1
t,1900,1550,1450,2000,0,0,0,0,0,0,1,1
t,1900,1550,1000,2450,1,0,0,0,0,0,1,1
t,1900,1550,1350,2100,0,0,0,0,0,0,1,1
ct,1400,4150,4100,1450,0,0,0,0,0,0,0,1
t,2400,1950,0,4350,1,1,1,1,0,0,1,1
t,2400,2000,0,4400,1,1,1,1,0,0,1,1
t,2400,2200,300,4300,1,1,1,1,0,0,1,1
t,2400,1950,0,4350,1,1,1,1,0,0,1,1
t,2400,1900,0,4300,1,1,1,1,0,0,1,1
t,2900,4350,4300,2950,1,1,1,0,0,0,1,1
ct,1400,8550,7050,2900,1,1,0,0,0,0,1,1
t,2900,4400,4400,2900,1,1,0,0,0,0,1,1
t,2900,4900,4800,3000,1,1,1,0,0,0,1,1
t,2900,4350,4300,2950,1,1,1,0,0,0,1,1
t,2900,4300,3900,3300,1,1,1,1,0,0,1,1
t,3400,2950,1400,4950,1,1,1,1,0,0,1,1
ct,1400,9550,5600,5350,1,1,1,1,0,0,1,1
t,3400,2900,1550,4750,1,1,1,1,0,0,1,1
t,3400,3000,1750,4650,1,1,1,1,0,0,1,1
t,3400,2950,1800,4550,1,1,1,1,0,0,1,1
t,3400,4950,4900,3450,1,1,1,1,0,0,1,1
t,3400,4750,4700,3450,1,1,1,1,0,0,1,1
t,3400,4650,4600,3450,1,1,1,1,0,0,1,1
t,3400,4850,4700,3550,1,1,1,1,0,0,1,1
t,3400,3750,2200,4950,1,1,1,1,0,0,1,1
ct,1400,14450,5800,10050,1,1,1,1,1,1,1,1
t,3400,3550,2200,4750,1,1,1,1,0,0,1,1
t,3400,3500,1850,5050,1,1,1,1,0,0,1,1
t,1400,5050,4900,1550,0,0,0,0,0,0,0,1
ct,1900,9750,7000,4650,1,1,1,1,0,0,1,1
ct,1900,10100,5400,6600,1,1,1,1,1,1,1,1
ct,1900,12950,5600,9250,1,1,1,1,1,1,1,1
t,1400,4750,3900,2250,0,0,0,0,0,0,1,1
ct,1900,14300,5600,10600,1,1,1,1,1,1,1,1
t,1900,3350,2200,3050,1,1,1,0,0,0,1,1
ct,1400,11100,5600,6900,1,1,1,1,1,1,1,1
ct,1400,11400,5600,7200,1,1,1,1,1,1,1,1
t,1900,6400,4900,3400,1,1,1,1,0,0,1,1
t,1400,5050,4900,1550,0,0,0,0,0,0,0,1
ct,1900,7100,7100,1900,0,0,0,0,0,0,1,1
ct,1900,7400,5600,3700,1,1,1,1,0,0,1,1
t,1400,5600,5100,1900,0,0,0,0,0,0,1,1
t,1400,4750,4600,1550,0,0,0,0,0,0,0,1
ct,1900,12450,5600,8750,1,1,1,1,1,1,1,1
ct,2400,9250,5800,5850,1,1,1,1,1,0,1,1
t,1900,800,650,2050,0,0,0,0,0,0,1,1
t,1900,800,650,2050,0,0,0,0,0,0,1,1
t,1900,800,800,1900,0,0,0,0,0,0,1,1
t,1900,800,650,2050,0,0,0,0,0,0,1,1
t,1900,800,650,2050,0,0,0,0,0,0,1,1
ct,1400,3950,3900,1450,0,0,0,0,0,0,0,1
t,2400,2050,2000,2450,1,0,0,0,0,0,1,1
t,2400,1900,1800,2500,1,0,0,0,0,0,1,1
t,2400,2050,1950,2500,1,0,0,0,0,0,1,1
ct,1400,3650,3550,1500,0,0,0,0,0,0,0,1
ct,1400,4400,4400,1400,0,0,0,0,0,0,0,1
ct,1400,3650,3550,1500,0,0,0,0,0,0,0,1
t,2400,2650,2500,2550,1,0,0,0,0,0,1,1
t,2900,2450,700,4650,1,1,1,1,0,0,1,1
t,2900,2450,700,4650,1,1,1,1,0,0,1,1
t,2900,2500,700,4700,1,1,1,1,0,0,1,1
t,2900,2500,700,4700,1,1,1,1,0,0,1,1
ct,1400,4800,4700,1500,0,0,0,0,0,0,0,1
t,3400,4950,4800,3550,1,1,1,1,0,0,1,1
t,3400,4650,4600,3450,1,1,1,1,0,0,1,1
t,3400,4700,4700,3400,1,1,1,1,0,0,1,1
t,3400,4700,4600,3500,1,1,1,1,0,0,1,1
t,3400,5350,4900,3850,1,1,1,1,0,0,1,1
t,3400,3550,1650,5300,1,1,1,1,0,0,1,1
t,3400,3450,2000,4850,1,1,1,1,0,0,1,1
t,3400,3400,2150,4650,1,1,1,1,0,0,1,1
ct,1400,6550,6200,1750,0,0,0,0,0,0,1,1
ct,1400,7850,4850,4400,1,1,1,1,0,0,1,1
t,3400,4150,2100,5450,1,1,1,1,1,0,1,1
t,1400,5300,3700,3000,1,1,1,0,0,0,1,1
t,1400,4800,4800,1400,0,0,0,0,0,0,0,1
ct,1900,5250,5050,2100,0,0,0,0,0,0,1,1
ct,1900,4550,4550,1900,0,0,0,0,0,0,1,1
ct,1900,6950,6750,2100,0,0,0,0,0,0,1,1
ct,2400,1950,0,4350,1,1,1,1,0,0,1,1
ct,2400,2250,300,4350,1,1,1,1,0,0,1,1
ct,2900,4350,4350,2900,1,1,0,0,0,0,1,1
ct,2900,4350,4350,2900,1,1,0,0,0,0,1,1
ct,3400,3300,1150,5550,1,1,1,1,1,0,1,1
t,1400,9050,4900,5550,1,1,1,1,1,0,1,1
t,1400,9650,4900,6150,1,1,1,1,1,1,1,1
ct,3400,3500,1850,5050,1,1,1,1,0,0,1,1
ct,3400,3050,1450,5000,1,1,1,1,0,0,1,1
ct,3400,3350,600,6150,1,1,1,1,1,1,1,1
t,1400,11550,4900,8050,1,1,1,1,1,1,1,1
t,1400,11000,4800,7600,1,1,1,1,1,1,1,1
t,1400,7650,4900,4150,1,1,1,1,0,0,1,1
ct,3400,5300,4100,4600,1,1,1,1,0,0,1,1
ct,3400,5650,5650,3400,1,1,1,1,0,0,1,1
ct,3400,5550,5250,3700,1,1,1,1,0,0,1,1
t,1400,10750,4900,7250,1,1,1,1,1,1,1,1
ct,1400,6000,5600,1800,0,0,0,0,0,0,1,1
t,1900,7900,4800,5000,1,1,1,1,0,0,1,1
t,1900,7250,4900,4250,1,1,1,1,0,0,1,1
ct,1900,800,650,2050,0,0,0,0,0,0,1,1
ct,1900,800,650,2050,0,0,0,0,0,0,1,1
t,1900,800,650,2050,0,0,0,0,0,0,1,1
t,1900,800,500,2200,0,0,0,0,0,0,1,1
ct,1900,800,650,2050,0,0,0,0,0,0,1,1
ct,1900,800,650,2050,0,0,0,0,0,0,1,1
t,1900,800,650,2050,0,0,0,0,0,0,1,1
t,1900,800,800,1900,0,0,0,0,0,0,1,1
ct,1900,800,650,2050,0,0,0,0,0,0,1,1
t,1900,800,650,2050,0,0,0,0,0,0,1,1
ct,2400,2150,2100,2450,1,0,0,0,0,0,1,1
t,1400,3400,3300,1500,0,0,0,0,0,0,0,1
t,1400,3950,3100,2250,0,0,0,0,0,0,1,1
ct,2400,2150,2100,2450,1,0,0,0,0,0,1,1
ct,2400,2450,1900,2950,1,1,1,0,0,0,1,1
t,1400,3400,3050,1750,0,0,0,0,0,0,1,1
t,1400,3550,3500,1450,0,0,0,0,0,0,0,1
ct,2400,2450,2350,2500,1,0,0,0,0,0,1,1
t,1400,4300,4200,1500,0,0,0,0,0,0,0,1
ct,1400,4050,2250,3200,1,1,1,1,0,0,1,1
ct,1400,3800,3550,1650,0,0,0,0,0,0,0,1
t,1900,2050,2000,1950,0,0,0,0,0,0,1,1
ct,1400,4600,4500,1500,0,0,0,0,0,0,0,1
t,1900,2950,2800,2050,0,0,0,0,0,0,1,1
t,1900,2100,2100,1900,0,0,0,0,0,0,1,1
t,2400,1900,0,4300,1,1,1,1,0,0,1,1
t,2400,1950,0,4350,1,1,1,1,0,0,1,1
t,2400,2050,0,4450,1,1,1,1,0,0,1,1
t,2400,1950,0,4350,1,1,1,1,0,0,1,1
t,2400,1900,0,4300,1,1,1,1,0,0,1,1
t,2900,4300,4200,3000,1,1,1,0,0,0,1,1
t,2900,4350,3900,3350,1,1,1,1,0,0,1,1
t,2900,4450,4400,2950,1,1,1,0,0,0,1,1
t,2900,4350,3900,3350,1,1,1,1,0,0,1,1
t,2900,4300,4300,2900,1,1,0,0,0,0,1,1
ct,1400,11100,5600,6900,1,1,1,1,1,1,1,1
t,3400,3300,3100,3600,1,1,1,1,0,0,1,1
t,3400,3350,300,6450,1,1,1,1,1,1,1,1
ct,1400,11050,5200,7250,1,1,1,1,1,1,1,1
ct,1400,9300,5200,5500,1,1,1,1,1,0,1,1
t,3400,3650,2250,4800,1,1,1,1,0,0,1,1
ct,1400,10850,7450,4800,1,1,1,1,0,0,1,1
t,3400,2900,1700,4600,1,1,1,1,0,0,1,1
ct,1400,13350,5600,9150,1,1,1,1,1,1,1,1
t,3400,3900,3800,3500,1,1,1,1,0,0,1,1
t,3400,6450,6450,3400,1,1,1,1,0,0,1,1
ct,1400,9350,5200,5550,1,1,1,1,1,0,1,1
t,3400,5800,4800,4400,1,1,1,1,0,0,1,1
t,3400,5000,4800,3600,1,1,1,1,0,0,1,1
t,3400,4600,4600,3400,1,1,1,1,0,0,1,1
t,3400,3400,3300,3500,1,1,1,1,0,0,1,1
t,3400,3400,0,6800,1,1,1,1,1,1,1,1
t,3400,3400,0,6800,1,1,1,1,1,1,1,1
ct,1400,11250,5200,7450,1,1,1,1,1,1,1,1
t,3400,3600,0,7000,1,1,1,1,1,1,1,1
t,3400,4100,0,7500,1,1,1,1,1,1,1,1
ct,1400,14200,5600,10000,1,1,1,1,1,1,1,1
ct,1400,15750,5600,11550,1,1,1,1,1,1,1,1
t,3400,5400,4800,4000,1,1,1,1,0,0,1,1
t,3400,7400,6850,3950,1,1,1,1,0,0,1,1
ct,1400,10100,5250,6250,1,1,1,1,1,1,1,1
t,3400,5100,4800,3700,1,1,1,1,0,0,1,1
t,3400,6400,4800,5000,1,1,1,1,0,0,1,1
t,3400,5400,4800,4000,1,1,1,1,0,0,1,1
ct,1400,13950,5600,9750,1,1,1,1,1,1,1,1
t,3400,4000,4000,3400,1,1,1,1,0,0,1,1
t,3400,4050,3900,3550,1,1,1,1,0,0,1,1
t,3400,5000,4800,3600,1,1,1,1,0,0,1,1
t,3400,4000,4000,3400,1,1,1,1,0,0,1,1
t,3400,3400,3300,3500,1,1,1,1,0,0,1,1
t,3400,3850,3500,3750,1,1,1,1,0,0,1,1
ct,1400,9450,6500,4350,1,1,1,1,0,0,1,1
t,3400,3400,3400,3400,1,1,1,1,0,0,1,1
ct,1400,10150,8150,3400,1,1,1,1,0,0,1,1
t,3400,3700,3700,3400,1,1,1,1,0,0,1,1
ct,1900,800,650,2050,0,0,0,0,0,0,1,1
ct,1900,800,650,2050,0,0,0,0,0,0,1,1
ct,1900,800,650,2050,0,0,0,0,0,0,1,1
ct,1900,800,800,1900,0,0,0,0,0,0,1,1
ct,1900,800,650,2050,0,0,0,0,0,0,1,1
t,2400,2000,0,4400,1,1,1,1,0,0,1,1
t,2400,2950,0,5350,1,1,1,1,0,0,1,1
ct,1400,3950,3900,1450,0,0,0,0,0,0,0,1
t,2400,2050,0,4450,1,1,1,1,0,0,1,1
t,2400,2050,700,3750,1,1,1,1,0,0,1,1
ct,1400,3800,3750,1450,0,0,0,0,0,0,0,1
t,2400,2000,0,4400,1,1,1,1,0,0,1,1
ct,1400,3950,3950,1400,0,0,0,0,0,0,0,1
t,2900,4400,4400,2900,1,1,0,0,0,0,1,1
t,2900,5350,4900,3350,1,1,1,1,0,0,1,1
ct,1400,4750,4700,1450,0,0,0,0,0,0,0,1
t,2900,4750,4600,3050,1,1,1,0,0,0,1,1
t,2900,3750,3700,2950,1,1,1,0,0,0,1,1
ct,1400,4850,4750,1500,0,0,0,0,0,0,0,1
t,2900,4700,4700,2900,1,1,0,0,0,0,1,1
t,3400,3800,2200,5000,1,1,1,1,0,0,1,1
t,3400,4250,1500,6150,1,1,1,1,1,1,1,1
ct,1400,6300,5600,2100,0,0,0,0,0,0,1,1
t,3400,3950,2950,4400,1,1,1,1,0,0,1,1
t,3400,3850,1650,5600,1,1,1,1,1,0,1,1
ct,1400,5900,5600,1700,0,0,0,0,0,0,1,1
t,3400,3800,1450,5750,1,1,1,1,1,0,1,1
t,1400,4850,4800,1450,0,0,0,0,0,0,0,1
ct,1900,2900,2900,1900,0,0,0,0,0,0,1,1
ct,1900,3050,3050,1900,0,0,0,0,0,0,1,1
ct,1900,2200,2200,1900,0,0,0,0,0,0,1,1
ct,1900,1600,1150,2350,0,0,0,0,0,0,1,1
t,1900,800,700,2000,0,0,0,0,0,0,1,1
ct,1900,800,800,1900,0,0,0,0,0,0,1,1
t,1900,800,650,2050,0,0,0,0,0,0,1,1
t,1900,800,700,2000,0,0,0,0,0,0,1,1
ct,1900,800,650,2050,0,0,0,0,0,0,1,1
ct,1900,800,650,2050,0,0,0,0,0,0,1,1
t,1900,800,700,2000,0,0,0,0,0,0,1,1
ct,1900,800,650,2050,0,0,0,0,0,0,1,1
t,1900,800,650,2050,0,0,0,0,0,0,1,1
ct,1900,800,0,2700,1,0,0,0,0,0,1,1
t,1400,3600,3500,1500,0,0,0,0,0,0,0,1
ct,2400,2150,2100,2450,1,0,0,0,0,0,1,1
t,1400,3650,3600,1450,0,0,0,0,0,0,0,1
t,1400,3900,3800,1500,0,0,0,0,0,0,0,1
ct,2400,2900,2700,2600,1,0,0,0,0,0,1,1
ct,2400,2300,2250,2450,1,0,0,0,0,0,1,1
t,1400,3900,3900,1400,0,0,0,0,0,0,0,1
ct,2400,2600,2550,2450,1,0,0,0,0,0,1,1
t,1400,3950,3800,1550,0,0,0,0,0,0,0,1
ct,2400,2900,2900,2400,0,0,0,0,0,0,1,1
ct,2900,2600,700,4800,1,1,1,1,0,0,1,1
ct,2900,3050,1350,4600,1,1,1,1,0,0,1,1
t,1400,3550,3500,1450,0,0,0,0,0,0,0,1
ct,2900,2900,1150,4650,1,1,1,1,0,0,1,1
ct,2900,2850,0,5750,1,1,1,1,1,0,1,1
t,1400,4500,4400,1500,0,0,0,0,0,0,0,1
ct,3400,5200,5200,3400,1,1,1,1,0,0,1,1
ct,3400,4700,4650,3450,1,1,1,1,0,0,1,1
ct,3400,4900,4900,3400,1,1,1,1,0,0,1,1
ct,3400,4750,4650,3500,1,1,1,1,0,0,1,1
ct,3400,6150,6000,3550,1,1,1,1,0,0,1,1
t,1900,2100,2050,1950,0,0,0,0,0,0,1,1
t,1900,5750,4450,3200,1,1,1,1,0,0,1,1
t,1900,6050,4800,3150,1,1,1,1,0,0,1,1
t,1900,3600,3250,2250,0,0,0,0,0,0,1,1
t,1900,3750,3700,1950,0,0,0,0,0,0,1,1
t,2400,1950,0,4350,1,1,1,1,0,0,1,1
t,2400,3150,700,4850,1,1,1,1,0,0,1,1
t,2400,2250,0,4650,1,1,1,1,0,0,1,1
t,2400,1950,0,4350,1,1,1,1,0,0,1,1
t,2900,4650,4600,2950,1,1,1,0,0,0,1,1
t,2900,5500,4750,3650,1,1,1,1,0,0,1,1
t,2900,4200,4000,3100,1,1,1,0,0,0,1,1
t,2900,4650,4600,2950,1,1,1,0,0,0,1,1
t,2900,4350,4200,3050,1,1,1,0,0,0,1,1
t,3400,3850,1650,5600,1,1,1,1,1,0,1,1
ct,1400,9200,5600,5000,1,1,1,1,0,0,1,1
t,3400,3900,2750,4550,1,1,1,1,0,0,1,1
t,3400,4300,2500,5200,1,1,1,1,0,0,1,1
ct,1400,11300,5900,6800,1,1,1,1,1,1,1,1
ct,1400,10100,5600,5900,1,1,1,1,1,1,1,1
t,3400,3850,2100,5150,1,1,1,1,0,0,1,1
ct,1400,6900,5400,2900,1,1,0,0,0,0,1,1
t,3400,3950,2100,5250,1,1,1,1,0,0,1,1
t,1400,5750,4800,2350,0,0,0,0,0,0,1,1
ct,1900,5150,4850,2200,0,0,0,0,0,0,1,1
ct,1900,7550,5600,3850,1,1,1,1,0,0,1,1
ct,1900,6050,5200,2750,1,0,0,0,0,0,1,1
t,1400,5600,4800,2200,0,0,0,0,0,0,1,1
t,1400,5100,4900,1600,0,0,0,0,0,0,0,1
t,1900,4100,3700,2300,0,0,0,0,0,0,1,1
ct,1400,4750,4650,1500,0,0,0,0,0,0,0,1
ct,1900,2550,2550,1900,0,0,0,0,0,0,1,1
ct,1900,1600,1600,1900,0,0,0,0,0,0,1,1
ct,1900,3450,3400,1950,0,0,0,0,0,0,1,1
ct,1900,1650,1650,1900,0,0,0,0,0,0,1,1
t,1400,4550,4400,1550,0,0,0,0,0,0,0,1
ct,2400,2650,2550,2500,1,0,0,0,0,0,1,1
t,1400,4450,4400,1450,0,0,0,0,0,0,0,1
ct,2400,2050,1900,2550,1,0,0,0,0,0,1,1
ct,2400,2050,1950,2500,1,0,0,0,0,0,1,1
ct,2400,2350,2250,2500,1,0,0,0,0,0,1,1
t,1900,800,650,2050,0,0,0,0,0,0,1,1
t,1900,800,650,2050,0,0,0,0,0,0,1,1
t,1900,800,650,2050,0,0,0,0,0,0,1,1
t,1900,800,700,2000,0,0,0,0,0,0,1,1
t,1900,800,650,2050,0,0,0,0,0,0,1,1
t,1400,3950,3800,1550,0,0,0,0,0,0,0,1
ct,2400,2850,2750,2500,1,0,0,0,0,0,1,1
ct,2400,2850,2400,2850,1,1,0,0,0,0,1,1
t,1400,4250,4000,1650,0,0,0,0,0,0,0,1
t,1400,3950,3900,1450,0,0,0,0,0,0,0,1
t,1400,3900,3800,1500,0,0,0,0,0,0,0,1
ct,2400,2250,2100,2550,1,0,0,0,0,0,1,1
t,1400,3650,2350,2700,1,0,0,0,0,0,1,1
t,1900,2450,2300,2050,0,0,0,0,0,0,1,1
t,1900,2250,2000,2150,0,0,0,0,0,0,1,1
t,1900,2350,2200,2050,0,0,0,0,0,0,1,1
t,1900,2400,2400,1900,0,0,0,0,0,0,1,1
ct,1400,4500,4500,1400,0,0,0,0,0,0,0,1
t,1900,3900,3900,1900,0,0,0,0,0,0,1,1
ct,1900,2600,2600,1900,0,0,0,0,0,0,1,1
t,1400,4250,3700,1950,0,0,0,0,0,0,1,1
ct,1900,2300,2250,1950,0,0,0,0,0,0,1,1
ct,1900,3000,2850,2050,0,0,0,0,0,0,1,1
t,1400,3800,3600,1600,0,0,0,0,0,0,0,1
ct,2400,2050,0,4450,1,1,1,1,0,0,1,1
ct,2400,2100,0,4500,1,1,1,1,0,0,1,1
ct,2400,2200,0,4600,1,1,1,1,0,0,1,1
ct,2400,2400,500,4300,1,1,1,1,0,0,1,1
t,1400,5250,4800,1850,0,0,0,0,0,0,1,1
ct,2900,5400,5400,2900,1,1,0,0,0,0,1,1
ct,2900,4500,4350,3050,1,1,1,0,0,0,1,1
ct,2900,4600,4550,2950,1,1,1,0,0,0,1,1
ct,2900,4300,4250,2950,1,1,1,0,0,0,1,1
t,1900,5250,4900,2250,0,0,0,0,0,0,1,1
t,1900,6550,4800,3650,1,1,1,1,0,0,1,1
t,1900,6000,4900,3000,1,1,1,0,0,0,1,1
t,2400,2250,600,4050,1,1,1,1,0,0,1,1
t,2400,4250,1800,4850,1,1,1,1,0,0,1,1
ct,1400,4900,4900,1400,0,0,0,0,0,0,0,1
t,2400,3000,1000,4400,1,1,1,1,0,0,1,1
t,2400,4200,1750,4850,1,1,1,1,0,0,1,1
t,2900,4650,4500,3050,1,1,1,0,0,0,1,1
ct,1400,5100,5000,1500,0,0,0,0,0,0,0,1
t,2900,5450,5100,3250,1,1,1,1,0,0,1,1
t,2900,5750,5700,2950,1,1,1,0,0,0,1,1
ct,1900,6700,6700,1900,0,0,0,0,0,0,1,1
ct,1900,6600,5600,2900,1,1,0,0,0,0,1,1
t,1900,5250,4900,2250,0,0,0,0,0,0,1,1
t,1900,3550,3500,1950,0,0,0,0,0,0,1,1
t,1900,4500,4400,2000,0,0,0,0,0,0,1,1
t,1900,2800,2750,1950,0,0,0,0,0,0,1,1
t,1900,800,650,2050,0,0,0,0,0,0,1,1
ct,1900,800,650,2050,0,0,0,0,0,0,1,1
ct,1900,800,800,1900,0,0,0,0,0,0,1,1
ct,1900,800,650,2050,0,0,0,0,0,0,1,1
t,1900,800,800,1900,0,0,0,0,0,0,1,1
t,1900,800,650,2050,0,0,0,0,0,0,1,1
ct,1900,800,650,2050,0,0,0,0,0,0,1,1
t,1900,800,700,2000,0,0,0,0,0,0,1,1
ct,1900,800,650,2050,0,0,0,0,0,0,1,1
t,1900,800,650,2050,0,0,0,0,0,0,1,1
t,2400,2350,2200,2550,1,0,0,0,0,0,1,1
ct,1400,4550,4200,1750,0,0,0,0,0,0,1,1
ct,1400,3500,3450,1450,0,0,0,0,0,0,0,1
ct,1400,3950,3900,1450,0,0,0,0,0,0,0,1
t,2400,2050,2000,2450,1,0,0,0,0,0,1,1
ct,1400,3650,3550,1500,0,0,0,0,0,0,0,1
t,2400,2000,2000,2400,0,0,0,0,0,0,1,1
ct,1400,3950,3900,1450,0,0,0,0,0,0,0,1
t,2400,2050,2000,2450,1,0,0,0,0,0,1,1
t,2900,2850,0,5750,1,1,1,1,1,0,1,1
ct,1400,3950,2250,3100,1,1,1,0,0,0,1,1
t,2900,2400,700,4600,1,1,1,1,0,0,1,1
t,2900,2450,0,5350,1,1,1,1,0,0,1,1
t,2900,2400,700,4600,1,1,1,1,0,0,1,1
t,2900,2750,700,4950,1,1,1,1,0,0,1,1
t,3400,5750,5700,3450,1,1,1,1,0,0,1,1
t,3400,4600,4600,3400,1,1,1,1,0,0,1,1
t,3400,5350,4850,3900,1,1,1,1,0,0,1,1
t,3400,4900,4800,3500,1,1,1,1,0,0,1,1
t,3400,4950,4800,3550,1,1,1,1,0,0,1,1
ct,1400,6750,5600,2550,1,0,0,0,0,0,1,1
ct,1400,5950,5600,1750,0,0,0,0,0,0,1,1
t,3400,3500,3500,3400,1,1,1,1,0,0,1,1
t,3400,4000,1350,6050,1,1,1,1,1,1,1,1
t,3400,3700,1750,5350,1,1,1,1,0,0,1,1
t,3400,3400,1650,5150,1,1,1,1,0,0,1,1
ct,1400,8750,5800,4350,1,1,1,1,0,0,1,1
t,3400,3550,2000,4950,1,1,1,1,0,0,1,1
ct,1900,3900,3850,1950,0,0,0,0,0,0,1,1
ct,1900,4600,4550,1950,0,0,0,0,0,0,1,1
ct,1900,6400,6350,1950,0,0,0,0,0,0,1,1
t,1400,5600,4800,2200,0,0,0,0,0,0,1,1
ct,1900,4800,4650,2050,0,0,0,0,0,0,1,1
t,1400,5000,4800,1600,0,0,0,0,0,0,0,1
ct,2400,1950,0,4350,1,1,1,1,0,0,1,1
ct,2400,2250,0,4650,1,1,1,1,0,0,1,1
ct,2900,4650,4650,2900,1,1,0,0,0,0,1,1
t,1900,11500,4900,8500,1,1,1,1,1,1,1,1
t,1900,9300,4800,6400,1,1,1,1,1,1,1,1
t,1900,7000,4800,4100,1,1,1,1,0,0,1,1
t,2400,9000,5100,6300,1,1,1,1,1,1,1,1
t,2400,6900,4800,4500,1,1,1,1,0,0,1,1
t,2400,4900,4800,2500,1,0,0,0,0,0,1,1
t,2400,10400,4800,8000,1,1,1,1,1,1,1,1
ct,1900,4600,4550,1950,0,0,0,0,0,0,1,1
ct,1900,2700,2700,1900,0,0,0,0,0,0,1,1
ct,1900,800,650,2050,0,0,0,0,0,0,1,1
ct,1900,800,800,1900,0,0,0,0,0,0,1,1
ct,1900,800,650,2050,0,0,0,0,0,0,1,1
ct,1900,800,800,1900,0,0,0,0,0,0,1,1
ct,1900,800,650,2050,0,0,0,0,0,0,1,1
ct,1400,3950,2550,2800,1,1,0,0,0,0,1,1
t,2400,2300,0,4700,1,1,1,1,0,0,1,1
t,2400,2050,0,4450,1,1,1,1,0,0,1,1
t,2400,2000,0,4400,1,1,1,1,0,0,1,1
ct,1400,3650,3550,1500,0,0,0,0,0,0,0,1
t,2400,2000,0,4400,1,1,1,1,0,0,1,1
t,2400,2350,0,4750,1,1,1,1,0,0,1,1
ct,1400,3950,3950,1400,0,0,0,0,0,0,0,1
ct,1400,5500,5400,1500,0,0,0,0,0,0,0,1
t,2900,4400,4400,2900,1,1,0,0,0,0,1,1
t,2900,4750,4600,3050,1,1,1,0,0,0,1,1
t,2900,4400,4400,2900,1,1,0,0,0,0,1,1
t,2900,4400,4400,2900,1,1,0,0,0,0,1,1
t,2900,4750,3900,3750,1,1,1,1,0,0,1,1
ct,1900,1550,300,3150,1,1,1,1,0,0,1,1
ct,1900,3850,300,5450,1,1,1,1,1,0,1,1
ct,1900,4700,300,6300,1,1,1,1,1,1,1,1
ct,1900,3750,700,4950,1,1,1,1,0,0,1,1
t,1400,5800,4600,2600,1,0,0,0,0,0,1,1
ct,2400,4950,4850,2500,1,0,0,0,0,0,1,1
ct,2400,5550,5450,2500,1,0,0,0,0,0,1,1
t,1400,5250,4800,1850,0,0,0,0,0,0,1,1
ct,2400,5050,5050,2400,0,0,0,0,0,0,1,1
t,1900,4750,4600,2050,0,0,0,0,0,0,1,1
t,1900,1850,1850,1900,0,0,0,0,0,0,1,1
t,2400,2400,1500,3300,1,1,1,1,0,0,1,1
t,2400,2050,2000,2450,1,0,0,0,0,0,1,1
t,2400,1900,1850,2450,1,0,0,0,0,0,1,1
t,2900,4800,3700,4000,1,1,1,1,0,0,1,1
t,2900,3050,1450,4500,1,1,1,1,0,0,1,1
t,2900,3050,1150,4800,1,1,1,1,0,0,1,1
ct,1400,5150,4850,1700,0,0,0,0,0,0,1,1
t,2900,3500,1650,4750,1,1,1,1,0,0,1,1
ct,1400,5750,5250,1900,0,0,0,0,0,0,1,1
t,2900,3050,700,5250,1,1,1,1,0,0,1,1
ct,1400,8850,5200,5050,1,1,1,1,0,0,1,1
t,3400,4900,4800,3500,1,1,1,1,0,0,1,1
t,3400,5400,4900,3900,1,1,1,1,0,0,1,1
t,3400,5400,4800,4000,1,1,1,1,0,0,1,1
ct,1400,8850,5600,4650,1,1,1,1,0,0,1,1
t,3400,5650,4800,4250,1,1,1,1,0,0,1,1
t,3400,5850,4800,4450,1,1,1,1,0,0,1,1
ct,1400,7400,5200,3600,1,1,1,1,0,0,1,1
t,1900,5200,4800,2300,0,0,0,0,0,0,1,1
t,1900,5500,4900,2500,1,0,0,0,0,0,1,1
t,1900,5700,4800,2800,1,1,0,0,0,0,1,1
ct,1400,8450,5800,4050,1,1,1,1,0,0,1,1
t,1900,5950,4800,3050,1,1,1,0,0,0,1,1
t,2400,3300,3300,2400,0,0,0,0,0,0,1,1
t,2400,3800,3800,2400,0,0,0,0,0,0,1,1
ct,1400,7050,5800,2650,1,0,0,0,0,0,1,1
t,2400,4050,4000,2450,1,0,0,0,0,0,1,1
t,2400,4450,3900,2950,1,1,1,0,0,0,1,1
t,1900,800,650,2050,0,0,0,0,0,0,1,1
t,1900,800,650,2050,0,0,0,0,0,0,1,1
t,1900,800,650,2050,0,0,0,0,0,0,1,1
t,1900,800,800,1900,0,0,0,0,0,0,1,1
ct,1900,800,800,1900,0,0,0,0,0,0,1,1
ct,1900,800,650,2050,0,0,0,0,0,0,1,1
t,1900,800,650,2050,0,0,0,0,0,0,1,1
ct,1900,800,650,2050,0,0,0,0,0,0,1,1
ct,1900,800,650,2050,0,0,0,0,0,0,1,1
ct,1900,800,650,2050,0,0,0,0,0,0,1,1
t,2400,2350,0,4750,1,1,1,1,0,0,1,1
t,2400,2050,0,4450,1,1,1,1,0,0,1,1
t,2400,2350,0,4750,1,1,1,1,0,0,1,1
t,2400,1900,0,4300,1,1,1,1,0,0,1,1
ct,1400,3800,3750,1450,0,0,0,0,0,0,0,1
ct,1400,3650,3500,1550,0,0,0,0,0,0,0,1
t,2400,2050,0,4450,1,1,1,1,0,0,1,1
ct,1400,3650,3650,1400,0,0,0,0,0,0,0,1
ct,1400,4250,4200,1450,0,0,0,0,0,0,0,1
ct,1400,4250,4200,1450,0,0,0,0,0,0,0,1
t,2900,4750,4700,2950,1,1,1,0,0,0,1,1
t,2900,4450,4400,2950,1,1,1,0,0,0,1,1
t,2900,4750,4600,3050,1,1,1,0,0,0,1,1
t,2900,4300,4200,3000,1,1,1,0,0,0,1,1
t,2900,4750,4600,3050,1,1,1,0,0,0,1,1
t,1400,3550,3400,1550,0,0,0,0,0,0,0,1
t,1400,4150,4000,1550,0,0,0,0,0,0,0,1
t,1400,4250,4200,1450,0,0,0,0,0,0,0,1
t,1400,3900,3900,1400,0,0,0,0,0,0,0,1
ct,1900,4700,4650,1950,0,0,0,0,0,0,1,1
ct,1900,3300,3200,2000,0,0,0,0,0,0,1,1
t,1400,3650,3500,1550,0,0,0,0,0,0,0,1
ct,1900,4350,4350,1900,0,0,0,0,0,0,1,1
ct,1900,4500,4350,2050,0,0,0,0,0,0,1,1
t,1900,2350,2300,1950,0,0,0,0,0,0,1,1
t,1900,1950,1800,2050,0,0,0,0,0,0,1,1
t,1900,1900,1650,2150,0,0,0,0,0,0,1,1
t,1900,2050,2000,1950,0,0,0,0,0,0,1,1
t,2400,2450,0,4850,1,1,1,1,0,0,1,1
t,2400,2550,0,4950,1,1,1,1,0,0,1,1
t,2400,2550,0,4950,1,1,1,1,0,0,1,1
t,2400,2650,0,5050,1,1,1,1,0,0,1,1
t,2400,2450,0,4850,1,1,1,1,0,0,1,1
t,2900,5350,4900,3350,1,1,1,1,0,0,1,1
t,2900,5450,4200,4150,1,1,1,1,0,0,1,1
t,2900,5450,4800,3550,1,1,1,1,0,0,1,1
t,2900,5550,4900,3550,1,1,1,1,0,0,1,1
t,2900,5350,4900,3350,1,1,1,1,0,0,1,1
t,3400,4450,4300,3550,1,1,1,1,0,0,1,1
t,3400,4650,4600,3450,1,1,1,1,0,0,1,1
ct,1400,8400,5600,4200,1,1,1,1,0,0,1,1
t,3400,4450,4400,3450,1,1,1,1,0,0,1,1
ct,1400,10400,5600,6200,1,1,1,1,1,1,1,1
ct,1400,11150,7450,5100,1,1,1,1,0,0,1,1
ct,1400,11350,5600,7150,1,1,1,1,1,1,1,1
ct,1900,4650,4650,1900,0,0,0,0,0,0,1,1
ct,1900,7600,5250,4250,1,1,1,1,0,0,1,1
t,1900,5700,4900,2700,1,0,0,0,0,0,1,1
t,1900,3950,3900,1950,0,0,0,0,0,0,1,1
t,1900,5000,4800,2100,0,0,0,0,0,0,1,1
t,1900,4700,4600,2000,0,0,0,0,0,0,1,1
ct,1400,6200,5600,2000,0,0,0,0,0,0,1,1
t,1900,3500,3100,2300,0,0,0,0,0,0,1,1
t,2400,4500,3050,3850,1,1,1,1,0,0,1,1
t,2400,3450,1650,4200,1,1,1,1,0,0,1,1
t,2400,3600,3100,2900,1,1,0,0,0,0,1,1
t,2400,3800,2000,4200,1,1,1,1,0,0,1,1
t,2900,5200,5100,3000,1,1,1,0,0,0,1,1
t,2900,3900,3900,2900,1,1,0,0,0,0,1,1
t,2900,3500,3500,2900,1,1,0,0,0,0,1,1
t,2900,5200,5100,3000,1,1,1,0,0,0,1,1
ct,1900,800,650,2050,0,0,0,0,0,0,1,1
ct,1900,800,650,2050,0,0,0,0,0,0,1,1
ct,1900,800,650,2050,0,0,0,0,0,0,1,1
ct,1900,800,800,1900,0,0,0,0,0,0,1,1
ct,1900,800,650,2050,0,0,0,0,0,0,1,1
ct,1400,3650,3550,1500,0,0,0,0,0,0,0,1
ct,1400,3650,3550,1500,0,0,0,0,0,0,0,1
ct,1400,4250,4250,1400,0,0,0,0,0,0,0,1
ct,1400,3500,3450,1450,0,0,0,0,0,0,0,1
t,2400,2050,2000,2450,1,0,0,0,0,0,1,1
ct,1400,4550,4550,1400,0,0,0,0,0,0,0,1
t,2400,2050,1950,2500,1,0,0,0,0,0,1,1
t,2400,2350,2350,2400,0,0,0,0,0,0,1,1
t,2400,2200,2200,2400,0,0,0,0,0,0,1,1
t,2900,2450,500,4850,1,1,1,1,0,0,1,1
t,2900,2450,700,4650,1,1,1,1,0,0,1,1
t,2900,2500,500,4900,1,1,1,1,0,0,1,1
t,2900,2400,700,4600,1,1,1,1,0,0,1,1
t,2900,2400,700,4600,1,1,1,1,0,0,1,1
ct,1400,6000,5250,2150,0,0,0,0,0,0,1,1
t,3400,4850,4800,3450,1,1,1,1,0,0,1,1
t,3400,4650,4600,3450,1,1,1,1,0,0,1,1
t,3400,5500,5100,3800,1,1,1,1,0,0,1,1
t,3400,4600,4600,3400,1,1,1,1,0,0,1,1
t,3400,4600,4600,3400,1,1,1,1,0,0,1,1
ct,1400,11400,5600,7200,1,1,1,1,1,1,1,1
t,3400,3750,2050,5100,1,1,1,1,0,0,1,1
t,3400,3750,2000,5150,1,1,1,1,0,0,1,1
t,3400,3800,2100,5100,1,1,1,1,0,0,1,1
t,3400,3700,2600,4500,1,1,1,1,0,0,1,1
t,3400,4750,4600,3550,1,1,1,1,0,0,1,1
t,3400,5150,4800,3750,1,1,1,1,0,0,1,1
t,3400,5100,4900,3600,1,1,1,1,0,0,1,1
t,3400,5150,4800,3750,1,1,1,1,0,0,1,1
t,3400,3750,1800,5350,1,1,1,1,0,0,1,1
ct,1400,7100,5200,3300,1,1,1,1,0,0,1,1
t,3400,3900,2150,5150,1,1,1,1,0,0,1,1
t,3400,3500,1650,5250,1,1,1,1,0,0,1,1
t,3400,4950,4800,3550,1,1,1,1,0,0,1,1
t,3400,5150,5100,3450,1,1,1,1,0,0,1,1
t,3400,5150,5100,3450,1,1,1,1,0,0,1,1
t,3400,4550,4400,3550,1,1,1,1,0,0,1,1
ct,1400,16000,5600,11800,1,1,1,1,1,1,1,1
ct,1400,16000,5600,11800,1,1,1,1,1,1,1,1
t,3400,4050,4000,3450,1,1,1,1,0,0,1,1
ct,1400,9250,5200,5450,1,1,1,1,1,0,1,1
t,3400,4050,4000,3450,1,1,1,1,0,0,1,1
t,3400,4450,4400,3450,1,1,1,1,0,0,1,1
t,3400,4750,4600,3550,1,1,1,1,0,0,1,1
ct,1900,14450,5600,10750,1,1,1,1,1,1,1,1
ct,1900,11950,5600,8250,1,1,1,1,1,1,1,1
ct,1900,11900,7950,5850,1,1,1,1,1,0,1,1
ct,1900,11950,5600,8250,1,1,1,1,1,1,1,1
ct,1400,12350,5600,8150,1,1,1,1,1,1,1,1
t,1900,3000,2850,2050,0,0,0,0,0,0,1,1
t,1900,4100,4000,2000,0,0,0,0,0,0,1,1
ct,1400,13600,6500,8500,1,1,1,1,1,1,1,1
t,2400,4150,3850,2700,1,0,0,0,0,0,1,1
t,2400,4000,4000,2400,0,0,0,0,0,0,1,1
ct,1400,7600,5600,3400,1,1,1,1,0,0,1,1
t,2400,4150,4000,2550,1,0,0,0,0,0,1,1
t,2400,5300,5100,2600,1,0,0,0,0,0,1,1
t,2400,4000,4000,2400,0,0,0,0,0,0,1,1
t,1900,800,650,2050,0,0,0,0,0,0,1,1
ct,1900,800,650,2050,0,0,0,0,0,0,1,1
t,1900,800,800,1900,0,0,0,0,0,0,1,1
t,1900,800,650,2050,0,0,0,0,0,0,1,1
t,1900,800,800,1900,0,0,0,0,0,0,1,1
ct,1900,800,800,1900,0,0,0,0,0,0,1,1
ct,1900,800,650,2050,0,0,0,0,0,0,1,1
t,1900,800,650,2050,0,0,0,0,0,0,1,1
ct,1900,800,650,2050,0,0,0,0,0,0,1,1
ct,1900,800,650,2050,0,0,0,0,0,0,1,1
t,2400,2950,2850,2500,1,0,0,0,0,0,1,1
ct,1400,4500,4350,1550,0,0,0,0,0,0,0,1
t,2400,2500,2350,2550,1,0,0,0,0,0,1,1
t,2400,2650,2600,2450,1,0,0,0,0,0,1,1
t,2400,2800,2800,2400,0,0,0,0,0,0,1,1
ct,1400,4350,4200,1550,0,0,0,0,0,0,0,1
ct,1400,4200,4200,1400,0,0,0,0,0,0,0,1
t,2400,3550,3500,2450,1,0,0,0,0,0,1,1
ct,1400,3900,3900,1400,0,0,0,0,0,0,0,1
ct,1400,4200,4050,1550,0,0,0,0,0,0,0,1
ct,1900,1900,1850,1950,0,0,0,0,0,0,1,1
ct,1900,1600,1600,1900,0,0,0,0,0,0,1,1
ct,2400,2050,0,4450,1,1,1,1,0,0,1,1
t,1400,6050,4600,2850,1,1,0,0,0,0,1,1
ct,2400,2000,0,4400,1,1,1,1,0,0,1,1
t,1400,4600,4600,1400,0,0,0,0,0,0,0,1
ct,2400,2450,0,4850,1,1,1,1,0,0,1,1
ct,2400,2300,0,4700,1,1,1,1,0,0,1,1
ct,2900,4450,4350,3000,1,1,1,0,0,0,1,1
ct,2900,4400,4350,2950,1,1,1,0,0,0,1,1
ct,2900,4650,4650,2900,1,1,0,0,0,0,1,1
ct,2900,4850,4850,2900,1,1,0,0,0,0,1,1
ct,2900,4400,4400,2900,1,1,0,0,0,0,1,1
ct,3400,2950,650,5700,1,1,1,1,1,0,1,1
t,1400,6250,4800,2850,1,1,0,0,0,0,1,1
ct,3400,2950,1450,4900,1,1,1,1,0,0,1,1
ct,3400,3250,1800,4850,1,1,1,1,0,0,1,1
t,1900,12300,4900,9300,1,1,1,1,1,1,1,1
ct,1400,6200,5600,2000,0,0,0,0,0,0,1,1
t,1900,10650,4900,7650,1,1,1,1,1,1,1,1
t,1900,9800,4800,6900,1,1,1,1,1,1,1,1
ct,1400,6050,6000,1450,0,0,0,0,0,0,0,1
ct,1400,5500,5200,1700,0,0,0,0,0,0,1,1
t,1400,10900,4900,7400,1,1,1,1,1,1,1,1
ct,1900,3450,3200,2150,0,0,0,0,0,0,1,1
t,1400,9450,4800,6050,1,1,1,1,1,1,1,1
t,1400,9850,4900,6350,1,1,1,1,1,1,1,1
ct,1900,7450,5600,3750,1,1,1,1,0,0,1,1
ct,1900,3150,2700,2350,0,0,0,0,0,0,1,1
t,1400,9800,4800,6400,1,1,1,1,1,1,1,1
ct,2400,3850,3850,2400,0,0,0,0,0,0,1,1
t,1400,8450,4800,5050,1,1,1,1,0,0,1,1
t,1900,6400,4900,3400,1,1,1,1,0,0,1,1
t,1900,8650,4800,5750,1,1,1,1,1,0,1,1
t,1900,12300,4800,9400,1,1,1,1,1,1,1,1
ct,1400,5250,5200,1450,0,0,0,0,0,0,0,1
ct,1400,5700,5700,1400,0,0,0,0,0,0,0,1
t,1900,8450,4900,5450,1,1,1,1,1,0,1,1
t,2400,5750,4800,3350,1,1,1,1,0,0,1,1
ct,1400,7550,5600,3350,1,1,1,1,0,0,1,1
t,1400,5300,4900,1800,0,0,0,0,0,0,1,1
ct,1900,800,650,2050,0,0,0,0,0,0,1,1
ct,1900,800,800,1900,0,0,0,0,0,0,1,1
ct,1900,800,650,2050,0,0,0,0,0,0,1,1
ct,1900,800,650,2050,0,0,0,0,0,0,1,1
ct,1900,800,650,2050,0,0,0,0,0,0,1,1
ct,1400,4250,4250,1400,0,0,0,0,0,0,0,1
t,2400,1900,0,4300,1,1,1,1,0,0,1,1
ct,1400,3800,3750,1450,0,0,0,0,0,0,0,1
ct,1400,3950,3350,2000,0,0,0,0,0,0,1,1
ct,1400,3650,3550,1500,0,0,0,0,0,0,0,1
t,2400,2000,0,4400,1,1,1,1,0,0,1,1
t,2400,2050,0,4450,1,1,1,1,0,0,1,1
ct,1400,3950,3950,1400,0,0,0,0,0,0,0,1
t,2400,1900,0,4300,1,1,1,1,0,0,1,1
t,2400,2050,0,4450,1,1,1,1,0,0,1,1
t,2900,4300,4300,2900,1,1,0,0,0,0,1,1
t,2900,4400,4400,2900,1,1,0,0,0,0,1,1
t,2900,4450,4400,2950,1,1,1,0,0,0,1,1
t,2900,4300,4200,3000,1,1,1,0,0,0,1,1
t,2900,4450,4400,2950,1,1,1,0,0,0,1,1
ct,1400,5800,5600,1600,0,0,0,0,0,0,0,1
ct,1400,6700,5200,2900,1,1,0,0,0,0,1,1
ct,1400,6700,5600,2500,1,0,0,0,0,0,1,1
t,3400,2900,1850,4450,1,1,1,1,0,0,1,1
t,3400,3250,2250,4400,1,1,1,1,0,0,1,1
t,3400,3000,1450,4950,1,1,1,1,0,0,1,1
t,3400,2950,1500,4850,1,1,1,1,0,0,1,1
t,3400,5050,4900,3550,1,1,1,1,0,0,1,1
t,3400,4450,4450,3400,1,1,1,1,0,0,1,1
t,3400,4400,4400,3400,1,1,1,1,0,0,1,1
t,3400,4850,4800,3450,1,1,1,1,0,0,1,1
ct,1900,5700,4850,2750,1,0,0,0,0,0,1,1
ct,1400,5750,5600,1550,0,0,0,0,0,0,0,1
ct,1400,6000,4850,2550,1,0,0,0,0,0,1,1
t,1900,3950,3900,1950,0,0,0,0,0,0,1,1
t,1900,6150,6050,2000,0,0,0,0,0,0,1,1
t,1900,4400,4400,1900,0,0,0,0,0,0,1,1
t,1900,3200,3100,2000,0,0,0,0,0,0,1,1
ct,1900,800,650,2050,0,0,0,0,0,0,1,1
ct,1900,800,800,1900,0,0,0,0,0,0,1,1
ct,1900,800,650,2050,0,0,0,0,0,0,1,1
t,1900,800,800,1900,0,0,0,0,0,0,1,1
ct,1900,800,650,2050,0,0,0,0,0,0,1,1
t,1900,800,650,2050,0,0,0,0,0,0,1,1
ct,1900,800,650,2050,0,0,0,0,0,0,1,1
t,1900,800,650,2050,0,0,0,0,0,0,1,1
t,1900,800,650,2050,0,0,0,0,0,0,1,1
t,1900,800,750,1950,0,0,0,0,0,0,1,1
ct,1400,3950,3850,1500,0,0,0,0,0,0,0,1
ct,1400,4100,4100,1400,0,0,0,0,0,0,0,1
ct,1400,4250,4200,1450,0,0,0,0,0,0,0,1
t,2400,1900,0,4300,1,1,1,1,0,0,1,1
ct,1400,3650,3600,1450,0,0,0,0,0,0,0,1
t,2400,2050,0,4450,1,1,1,1,0,0,1,1
ct,1400,3650,3550,1500,0,0,0,0,0,0,0,1
t,2400,2050,0,4450,1,1,1,1,0,0,1,1
t,2400,2050,0,4450,1,1,1,1,0,0,1,1
t,2400,1950,0,4350,1,1,1,1,0,0,1,1
t,2900,4300,4200,3000,1,1,1,0,0,0,1,1
t,2900,4450,4400,2950,1,1,1,0,0,0,1,1
t,2900,4450,4400,2950,1,1,1,0,0,0,1,1
t,2900,4450,4300,3050,1,1,1,0,0,0,1,1
t,2900,4350,3900,3350,1,1,1,1,0,0,1,1
ct,1400,6300,2700,5000,1,1,1,1,0,0,1,1
t,3400,3000,1850,4550,1,1,1,1,0,0,1,1
t,3400,2950,1350,5000,1,1,1,1,0,0,1,1
t,3400,3250,1650,5000,1,1,1,1,0,0,1,1
t,3400,3350,300,6450,1,1,1,1,1,1,1,1
ct,1400,7400,5200,3600,1,1,1,1,0,0,1,1
t,3400,4550,4400,3550,1,1,1,1,0,0,1,1
t,3400,5300,4900,3800,1,1,1,1,0,0,1,1
t,3400,3850,3800,3450,1,1,1,1,0,0,1,1
t,3400,6450,6450,3400,1,1,1,1,0,0,1,1
ct,1900,5600,5600,1900,0,0,0,0,0,0,1,1
ct,1400,5900,5800,1500,0,0,0,0,0,0,0,1
ct,1400,5450,5200,1650,0,0,0,0,0,0,0,1
t,1900,4700,4600,2000,0,0,0,0,0,0,1,1
t,1900,5350,4900,2350,0,0,0,0,0,0,1,1
ct,1400,5000,5000,1400,0,0,0,0,0,0,0,1
t,1900,4150,4000,2050,0,0,0,0,0,0,1,1
t,1900,5900,4900,2900,1,1,0,0,0,0,1,1
t,1900,4850,4800,1950,0,0,0,0,0,0,1,1
t,2400,3500,3500,2400,0,0,0,0,0,0,1,1
t,2400,3850,3100,3150,1,1,1,1,0,0,1,1
t,2400,3550,3500,2450,1,0,0,0,0,0,1,1
t,2400,4400,4300,2500,1,0,0,0,0,0,1,1
ct,1400,5900,5600,1700,0,0,0,0,0,0,1,1
ct,1400,7650,5200,3850,1,1,1,1,0,0,1,1
t,2900,3400,3150,3150,1,1,1,1,0,0,1,1
ct,1400,7650,5600,3450,1,1,1,1,0,0,1,1
t,2900,3750,3700,2950,1,1,1,0,0,0,1,1
ct,1400,6600,5600,2400,0,0,0,0,0,0,1,1
t,2900,3450,2550,3800,1,1,1,1,0,0,1,1
t,2900,4100,3800,3200,1,1,1,1,0,0,1,1
t,3400,3650,3500,3550,1,1,1,1,0,0,1,1
t,3400,3450,3300,3550,1,1,1,1,0,0,1,1
t,3400,4300,4200,3500,1,1,1,1,0,0,1,1
t,3400,3450,3300,3550,1,1,1,1,0,0,1,1
t,3400,3550,2000,4950,1,1,1,1,0,0,1,1
t,3400,3400,2100,4700,1,1,1,1,0,0,1,1
t,3400,3550,1450,5500,1,1,1,1,1,0,1,1
ct,1400,10450,8350,3500,1,1,1,1,0,0,1,1
ct,1400,9450,6100,4750,1,1,1,1,0,0,1,1
t,3400,4500,4400,3500,1,1,1,1,0,0,1,1
t,3400,4950,4800,3550,1,1,1,1,0,0,1,1
t,3400,4100,4000,3500,1,1,1,1,0,0,1,1
t,3400,4700,4700,3400,1,1,1,1,0,0,1,1
ct,1900,800,800,1900,0,0,0,0,0,0,1,1
ct,1900,800,650,2050,0,0,0,0,0,0,1,1
ct,1900,800,650,2050,0,0,0,0,0,0,1,1
ct,1900,800,650,2050,0,0,0,0,0,0,1,1
ct,1900,800,650,2050,0,0,0,0,0,0,1,1
t,1400,3700,3700,1400,0,0,0,0,0,0,0,1
t,1400,3400,3300,1500,0,0,0,0,0,0,0,1
t,1400,3700,3250,1850,0,0,0,0,0,0,1,1
ct,2400,2000,2000,2400,0,0,0,0,0,0,1,1
t,1400,3650,3600,1450,0,0,0,0,0,0,0,1
ct,2400,2750,2700,2450,1,0,0,0,0,0,1,1
ct,2400,2150,1800,2750,1,0,0,0,0,0,1,1
ct,2400,2150,2000,2550,1,0,0,0,0,0,1,1
t,1900,800,650,2050,0,0,0,0,0,0,1,1
t,1900,800,700,2000,0,0,0,0,0,0,1,1
t,1900,800,650,2050,0,0,0,0,0,0,1,1
ct,1900,800,650,2050,0,0,0,0,0,0,1,1
ct,1900,800,650,2050,0,0,0,0,0,0,1,1
ct,1900,800,800,1900,0,0,0,0,0,0,1,1
ct,1900,800,650,2050,0,0,0,0,0,0,1,1
t,1900,800,650,2050,0,0,0,0,0,0,1,1
ct,1900,800,650,2050,0,0,0,0,0,0,1,1
t,1900,800,800,1900,0,0,0,0,0,0,1,1
t,2400,2650,300,4750,1,1,1,1,0,0,1,1
t,2400,2900,200,5100,1,1,1,1,0,0,1,1
t,2400,3250,0,5650,1,1,1,1,1,0,1,1
ct,1400,4500,4500,1400,0,0,0,0,0,0,0,1
ct,1400,3750,3700,1450,0,0,0,0,0,0,0,1
t,2400,2950,200,5150,1,1,1,1,0,0,1,1
ct,1400,3900,2850,2450,1,0,0,0,0,0,1,1
t,2400,2800,400,4800,1,1,1,1,0,0,1,1
t,2900,5050,4800,3150,1,1,1,1,0,0,1,1
t,2900,4800,4800,2900,1,1,0,0,0,0,1,1
t,2900,4750,4600,3050,1,1,1,0,0,0,1,1
t,2900,5150,4800,3250,1,1,1,1,0,0,1,1
t,2900,4800,4800,2900,1,1,0,0,0,0,1,1
t,3400,3450,2050,4800,1,1,1,1,0,0,1,1
t,3400,3200,1100,5500,1,1,1,1,1,0,1,1
t,3400,3050,1700,4750,1,1,1,1,0,0,1,1
ct,1400,5800,5200,2000,0,0,0,0,0,0,1,1
t,3400,3250,1150,5500,1,1,1,1,1,0,1,1
t,3400,4800,4800,3400,1,1,1,1,0,0,1,1
t,3400,5500,4800,4100,1,1,1,1,0,0,1,1
ct,1400,5950,5600,1750,0,0,0,0,0,0,1,1
t,3400,6100,4800,4700,1,1,1,1,0,0,1,1
ct,1400,6100,5400,2100,0,0,0,0,0,0,1,1
t,3400,6100,6050,3450,1,1,1,1,0,0,1,1
t,1400,4850,4800,1450,0,0,0,0,0,0,0,1
t,1400,4000,4000,1400,0,0,0,0,0,0,0,1
ct,1900,1950,1800,2050,0,0,0,0,0,0,1,1
ct,1900,7650,6200,3350,1,1,1,1,0,0,1,1
ct,1900,3400,3400,1900,0,0,0,0,0,0,1,1
t,1400,4550,4400,1550,0,0,0,0,0,0,0,1
ct,1900,2900,2900,1900,0,0,0,0,0,0,1,1
ct,2400,2100,0,4500,1,1,1,1,0,0,1,1
ct,2400,2100,0,4500,1,1,1,1,0,0,1,1
ct,2400,1950,0,4350,1,1,1,1,0,0,1,1
ct,2400,1950,300,4050,1,1,1,1,0,0,1,1
t,1400,6500,4800,3100,1,1,1,0,0,0,1,1
ct,2900,4850,4850,2900,1,1,0,0,0,0,1,1
ct,2900,4550,4550,2900,1,1,0,0,0,0,1,1
ct,2900,5950,5900,2950,1,1,1,0,0,0,1,1
ct,2900,4400,4350,2950,1,1,1,0,0,0,1,1
ct,2900,4100,4050,2950,1,1,1,0,0,0,1,1
ct,3400,3000,1250,5150,1,1,1,1,0,0,1,1
ct,3400,3000,1150,5250,1,1,1,1,0,0,1,1
t,1400,6850,4800,3450,1,1,1,1,0,0,1,1
ct,3400,3350,2200,4550,1,1,1,1,0,0,1,1
t,1400,12150,4800,8750,1,1,1,1,1,1,1,1
ct,3400,5950,5600,3750,1,1,1,1,0,0,1,1
ct,3400,5450,5200,3650,1,1,1,1,0,0,1,1
ct,3400,5950,5600,3750,1,1,1,1,0,0,1,1
t,1400,5250,4900,1750,0,0,0,0,0,0,1,1
ct,3400,4750,4650,3500,1,1,1,1,0,0,1,1
t,1400,10600,4800,7200,1,1,1,1,1,1,1,1
ct,3400,3750,1700,5450,1,1,1,1,1,0,1,1
ct,3400,7350,5400,5350,1,1,1,1,0,0,1,1
ct,3400,3850,1950,5300,1,1,1,1,0,0,1,1
ct,3400,3900,2500,4800,1,1,1,1,0,0,1,1
t,1900,6750,5950,2700,1,0,0,0,0,0,1,1
ct,1400,6350,6300,1450,0,0,0,0,0,0,0,1
t,1900,11250,7650,5500,1,1,1,1,1,0,1,1
t,1900,800,650,2050,0,0,0,0,0,0,1,1
t,1900,800,650,2050,0,0,0,0,0,0,1,1
t,1900,800,800,1900,0,0,0,0,0,0,1,1
t,1900,800,700,2000,0,0,0,0,0,0,1,1
t,1900,800,650,2050,0,0,0,0,0,0,1,1
ct,1400,4200,1000,4600,1,1,1,1,0,0,1,1
ct,1400,3900,3750,1550,0,0,0,0,0,0,0,1
ct,1400,3900,2950,2350,0,0,0,0,0,0,1,1
t,2400,2950,2800,2550,1,0,0,0,0,0,1,1
t,2400,2650,2550,2500,1,0,0,0,0,0,1,1
t,2400,2500,2350,2550,1,0,0,0,0,0,1,1
t,2400,2900,2800,2500,1,0,0,0,0,0,1,1
ct,1400,4500,4350,1550,0,0,0,0,0,0,0,1
t,2400,3250,3100,2550,1,0,0,0,0,0,1,1
ct,1400,4650,4600,1450,0,0,0,0,0,0,0,1
ct,1900,1450,1450,1900,0,0,0,0,0,0,1,1
ct,1900,1600,1450,2050,0,0,0,0,0,0,1,1
ct,1900,1800,1350,2350,0,0,0,0,0,0,1,1
ct,2400,2300,0,4700,1,1,1,1,0,0,1,1
ct,2400,2400,0,4800,1,1,1,1,0,0,1,1
t,1400,6900,4800,3500,1,1,1,1,0,0,1,1
ct,2400,2150,0,4550,1,1,1,1,0,0,1,1
ct,2400,2900,0,5300,1,1,1,1,0,0,1,1
ct,2900,5150,5050,3000,1,1,1,0,0,0,1,1
ct,2900,5150,4850,3200,1,1,1,1,0,0,1,1
ct,2900,5250,5200,2950,1,1,1,0,0,0,1,1
t,1400,6250,4900,2750,1,0,0,0,0,0,1,1
ct,2900,4700,4650,2950,1,1,1,0,0,0,1,1
t,1400,8300,4800,4900,1,1,1,1,0,0,1,1
ct,2900,5450,5400,2950,1,1,1,0,0,0,1,1
ct,3400,3100,0,6500,1,1,1,1,1,1,1,1
ct,3400,3350,1700,5050,1,1,1,1,0,0,1,1
ct,3400,3050,300,6150,1,1,1,1,1,1,1,1
t,1400,7000,4900,3500,1,1,1,1,0,0,1,1
ct,3400,3150,200,6350,1,1,1,1,1,1,1,1
ct,3400,5050,4850,3600,1,1,1,1,0,0,1,1
ct,3400,6500,5400,4500,1,1,1,1,0,0,1,1
ct,3400,5150,5000,3550,1,1,1,1,0,0,1,1
ct,3400,6950,6700,3650,1,1,1,1,0,0,1,1
t,1900,7950,4800,5050,1,1,1,1,0,0,1,1
t,1900,7500,4900,4500,1,1,1,1,0,0,1,1
t,1900,5100,4800,2200,0,0,0,0,0,0,1,1
ct,1900,3950,3950,1900,0,0,0,0,0,0,1,1
ct,1900,3200,3200,1900,0,0,0,0,0,0,1,1
t,1400,6150,4900,2650,1,0,0,0,0,0,1,1
ct,1900,3850,3800,1950,0,0,0,0,0,0,1,1
t,1900,2400,700,3600,1,1,1,1,0,0,1,1
t,1900,5300,1700,5500,1,1,1,1,1,0,1,1
t,1900,2650,300,4250,1,1,1,1,0,0,1,1
t,1900,3050,600,4350,1,1,1,1,0,0,1,1
t,2400,4200,4200,2400,0,0,0,0,0,0,1,1
t,2400,4300,4200,2500,1,0,0,0,0,0,1,1
t,2400,5800,5700,2500,1,0,0,0,0,0,1,1
t,2400,4250,4200,2450,1,0,0,0,0,0,1,1
t,2400,4350,4200,2550,1,0,0,0,0,0,1,1
ct,1900,4950,4850,2000,0,0,0,0,0,0,1,1
ct,1900,6750,6600,2050,0,0,0,0,0,0,1,1
ct,1900,5750,5600,2050,0,0,0,0,0,0,1,1
t,1900,800,700,2000,0,0,0,0,0,0,1,1
t,1900,800,650,2050,0,0,0,0,0,0,1,1
ct,1900,800,650,2050,0,0,0,0,0,0,1,1
t,1900,800,700,2000,0,0,0,0,0,0,1,1
ct,1900,800,650,2050,0,0,0,0,0,0,1,1
ct,1900,800,650,2050,0,0,0,0,0,0,1,1
ct,1900,800,700,2000,0,0,0,0,0,0,1,1
t,1900,800,650,2050,0,0,0,0,0,0,1,1
t,1900,800,650,2050,0,0,0,0,0,0,1,1
ct,1900,800,650,2050,0,0,0,0,0,0,1,1
t,2400,2000,2000,2400,0,0,0,0,0,0,1,1
ct,1400,4550,4400,1550,0,0,0,0,0,0,0,1
ct,1400,3650,3550,1500,0,0,0,0,0,0,0,1
ct,1400,3600,3450,1550,0,0,0,0,0,0,0,1
t,2400,2050,1900,2550,1,0,0,0,0,0,1,1
ct,1400,3950,3900,1450,0,0,0,0,0,0,0,1
t,2900,3300,300,5900,1,1,1,1,1,1,1,1
t,2900,2450,700,4650,1,1,1,1,0,0,1,1
t,2900,2400,600,4700,1,1,1,1,0,0,1,1
ct,1400,3950,3950,1400,0,0,0,0,0,0,0,1
t,2900,2550,600,4850,1,1,1,1,0,0,1,1
t,2900,2450,700,4650,1,1,1,1,0,0,1,1
ct,1400,3850,2250,3000,1,1,1,0,0,0,1,1
t,3400,5200,4800,3800,1,1,1,1,0,0,1,1
t,3400,4650,4600,3450,1,1,1,1,0,0,1,1
t,3400,4700,4700,3400,1,1,1,1,0,0,1,1
t,3400,4850,4800,3450,1,1,1,1,0,0,1,1
t,3400,4650,4600,3450,1,1,1,1,0,0,1,1
t,3400,4700,2050,6050,1,1,1,1,1,1,1,1
t,3400,4050,0,7450,1,1,1,1,1,1,1,1
ct,1400,7350,5600,3150,1,1,1,1,0,0,1,1
ct,1400,10250,7450,4200,1,1,1,1,0,0,1,1
t,3400,4850,4700,3550,1,1,1,1,0,0,1,1
t,3400,4650,4600,3450,1,1,1,1,0,0,1,1
t,3400,4850,4800,3450,1,1,1,1,0,0,1,1
t,3400,4850,4800,3450,1,1,1,1,0,0,1,1
ct,1400,10650,5600,6450,1,1,1,1,1,1,1,1
ct,1900,9900,4850,6950,1,1,1,1,1,1,1,1
ct,1900,6800,5250,3450,1,1,1,1,0,0,1,1
t,1900,4500,4400,2000,0,0,0,0,0,0,1,1
ct,1400,10200,5600,6000,1,1,1,1,1,1,1,1
ct,1400,6250,5600,2050,0,0,0,0,0,0,1,1
t,1900,5350,4800,2450,1,0,0,0,0,0,1,1
t,1900,5950,5100,2750,1,0,0,0,0,0,1,1
t,2400,3500,2050,3850,1,1,1,1,0,0,1,1
t,2400,3450,3300,2550,1,0,0,0,0,0,1,1
ct,1400,7750,5200,3950,1,1,1,1,0,0,1,1
t,2400,3450,2350,3500,1,1,1,1,0,0,1,1
t,2400,3950,2400,3950,1,1,1,1,0,0,1,1
ct,1900,4100,3900,2100,0,0,0,0,0,0,1,1
ct,1900,5900,5250,2550,1,0,0,0,0,0,1,1
ct,1900,7750,6700,2950,1,1,1,0,0,0,1,1
t,1400,4800,4800,1400,0,0,0,0,0,0,0,1
ct,1900,4650,4650,1900,0,0,0,0,0,0,1,1
t,1400,6050,4800,2650,1,0,0,0,0,0,1,1
t,1900,7600,7350,2150,0,0,0,0,0,0,1,1
t,1900,5900,5100,2700,1,0,0,0,0,0,1,1
t,1900,4800,4800,1900,0,0,0,0,0,0,1,1
t,1900,4700,4600,2000,0,0,0,0,0,0,1,1
ct,1900,800,650,2050,0,0,0,0,0,0,1,1
ct,1900,800,650,2050,0,0,0,0,0,0,1,1
ct,1900,800,800,1900,0,0,0,0,0,0,1,1
ct,1900,800,800,1900,0,0,0,0,0,0,1,1
ct,1900,800,650,2050,0,0,0,0,0,0,1,1
ct,1400,3950,3900,1450,0,0,0,0,0,0,0,1
ct,1400,4550,4400,1550,0,0,0,0,0,0,0,1
t,2400,2000,0,4400,1,1,1,1,0,0,1,1
ct,1400,3500,3450,1450,0,0,0,0,0,0,0,1
t,2400,2050,0,4450,1,1,1,1,0,0,1,1
t,2400,2350,0,4750,1,1,1,1,0,0,1,1
t,2400,2050,0,4450,1,1,1,1,0,0,1,1
ct,1400,3800,3700,1500,0,0,0,0,0,0,0,1
ct,1400,3650,3550,1500,0,0,0,0,0,0,0,1
t,2400,2050,50,4400,1,1,1,1,0,0,1,1
t,2900,4700,4600,3000,1,1,1,0,0,0,1,1
t,2900,4450,4400,2950,1,1,1,0,0,0,1,1
t,2900,4750,4600,3050,1,1,1,0,0,0,1,1
t,2900,4450,4400,2950,1,1,1,0,0,0,1,1
t,2900,4400,4250,3050,1,1,1,0,0,0,1,1
ct,1900,4200,4050,2050,0,0,0,0,0,0,1,1
ct,1900,4200,4150,1950,0,0,0,0,0,0,1,1
ct,1900,2750,2700,1950,0,0,0,0,0,0,1,1
ct,2400,2400,0,4800,1,1,1,1,0,0,1,1
ct,2400,2000,1950,2450,1,0,0,0,0,0,1,1
ct,2400,2000,1950,2450,1,0,0,0,0,0,1,1
t,1400,5550,2200,4750,1,1,1,1,0,0,1,1
ct,1400,3800,3750,1450,0,0,0,0,0,0,0,1
ct,1400,4450,4350,1500,0,0,0,0,0,0,0,1
ct,1400,4100,4050,1450,0,0,0,0,0,0,0,1
t,1900,5350,4800,2450,1,0,0,0,0,0,1,1
ct,1900,1700,1650,1950,0,0,0,0,0,0,1,1
ct,1900,3700,3550,2050,0,0,0,0,0,0,1,1
t,1400,4700,4600,1500,0,0,0,0,0,0,0,1
ct,1900,1650,1650,1900,0,0,0,0,0,0,1,1
ct,1900,1600,1550,1950,0,0,0,0,0,0,1,1
t,1900,800,700,2000,0,0,0,0,0,0,1,1
ct,1900,800,700,2000,0,0,0,0,0,0,1,1
t,1900,800,650,2050,0,0,0,0,0,0,1,1
ct,1900,800,650,2050,0,0,0,0,0,0,1,1
ct,1900,800,650,2050,0,0,0,0,0,0,1,1
t,1900,800,650,2050,0,0,0,0,0,0,1,1
t,1900,800,650,2050,0,0,0,0,0,0,1,1
ct,1900,800,650,2050,0,0,0,0,0,0,1,1
ct,1900,800,650,2050,0,0,0,0,0,0,1,1
t,1900,800,800,1900,0,0,0,0,0,0,1,1
t,1400,3900,3900,1400,0,0,0,0,0,0,0,1
ct,2400,2000,1750,2650,1,0,0,0,0,0,1,1
t,1400,3650,3350,1700,0,0,0,0,0,0,1,1
ct,2400,2050,1450,3000,1,1,1,0,0,0,1,1
ct,2400,2050,1450,3000,1,1,1,0,0,0,1,1
t,1400,3950,3250,2100,0,0,0,0,0,0,1,1
t,1400,4250,4250,1400,0,0,0,0,0,0,0,1
ct,2400,2050,1750,2700,1,0,0,0,0,0,1,1
t,1400,3500,3150,1750,0,0,0,0,0,0,1,1
ct,2900,2600,700,4800,1,1,1,1,0,0,1,1
ct,2900,2900,0,5800,1,1,1,1,1,0,1,1
ct,2900,2950,950,4900,1,1,1,1,0,0,1,1
t,1400,4150,3150,2400,0,0,0,0,0,0,1,1
t,1400,5500,4800,2100,0,0,0,0,0,0,1,1
ct,3400,5000,4850,3550,1,1,1,1,0,0,1,1
t,1400,5500,4900,2000,0,0,0,0,0,0,1,1
ct,3400,6000,5250,4150,1,1,1,1,0,0,1,1
ct,3400,5100,4850,3650,1,1,1,1,0,0,1,1
t,1400,4500,4400,1500,0,0,0,0,0,0,0,1
t,1900,5600,4800,2700,1,0,0,0,0,0,1,1
t,1900,4550,4400,2050,0,0,0,0,0,0,1,1
ct,1400,5000,5000,1400,0,0,0,0,0,0,0,1
t,1900,4400,4400,1900,0,0,0,0,0,0,1,1
ct,1400,5000,5000,1400,0,0,0,0,0,0,0,1
t,1900,2800,2800,1900,0,0,0,0,0,0,1,1
ct,1900,4450,4350,2000,0,0,0,0,0,0,1,1
t,1900,5200,4800,2300,0,0,0,0,0,0,1,1
ct,1400,5200,4850,1750,0,0,0,0,0,0,1,1
t,1900,4450,4400,1950,0,0,0,0,0,0,1,1
t,1900,4900,4900,1900,0,0,0,0,0,0,1,1
t,1900,5200,5100,2000,0,0,0,0,0,0,1,1
t,1900,4900,4900,1900,0,0,0,0,0,0,1,1
t,2400,2300,0,4700,1,1,1,1,0,0,1,1
ct,1400,6050,5200,2250,0,0,0,0,0,0,1,1
t,2400,1900,0,4300,1,1,1,1,0,0,1,1
t,2400,2600,700,4300,1,1,1,1,0,0,1,1
t,2400,1900,0,4300,1,1,1,1,0,0,1,1
t,2900,4700,4600,3000,1,1,1,0,0,0,1,1
t,2900,4350,3700,3550,1,1,1,1,0,0,1,1
t,2900,4300,4200,3000,1,1,1,0,0,0,1,1
t,2900,4600,4600,2900,1,1,0,0,0,0,1,1
t,2900,4300,4300,2900,1,1,0,0,0,0,1,1
t,3400,3550,2000,4950,1,1,1,1,0,0,1,1
t,3400,2900,1550,4750,1,1,1,1,0,0,1,1
t,3400,2900,1200,5100,1,1,1,1,0,0,1,1
t,3400,3500,3500,3400,1,1,1,1,0,0,1,1
ct,1400,9100,8150,2350,0,0,0,0,0,0,1,1
t,3400,4750,4700,3450,1,1,1,1,0,0,1,1
t,1900,800,800,1900,0,0,0,0,0,0,1,1
t,1900,800,650,2050,0,0,0,0,0,0,1,1
t,1900,800,650,2050,0,0,0,0,0,0,1,1
t,1900,800,650,2050,0,0,0,0,0,0,1,1
t,1900,800,650,2050,0,0,0,0,0,0,1,1
ct,2400,2150,1450,3100,1,1,1,0,0,0,1,1
t,1400,4100,3250,2250,0,0,0,0,0,0,1,1
ct,2400,2900,2500,2800,1,1,0,0,0,0,1,1
t,1400,3950,3600,1750,0,0,0,0,0,0,1,1
ct,2400,2600,2550,2450,1,0,0,0,0,0,1,1
ct,2400,2450,2350,2500,1,0,0,0,0,0,1,1
t,1400,3650,3600,1450,0,0,0,0,0,0,0,1
ct,2900,3100,0,6000,1,1,1,1,1,1,1,1
ct,2900,2450,300,5050,1,1,1,1,0,0,1,1
ct,2900,2500,500,4900,1,1,1,1,0,0,1,1
ct,2900,2400,300,5000,1,1,1,1,0,0,1,1
ct,3400,6100,6000,3500,1,1,1,1,0,0,1,1
t,1400,6400,4900,2900,1,1,0,0,0,0,1,1
ct,3400,5850,5800,3450,1,1,1,1,0,0,1,1
ct,3400,5150,5000,3550,1,1,1,1,0,0,1,1
ct,3400,5100,5050,3450,1,1,1,1,0,0,1,1
t,1900,9000,4800,6100,1,1,1,1,1,1,1,1
t,1900,4900,4900,1900,0,0,0,0,0,0,1,1
t,1900,6300,4900,3300,1,1,1,1,0,0,1,1
t,2400,2600,300,4700,1,1,1,1,0,0,1,1
t,2400,6400,4000,4800,1,1,1,1,0,0,1,1
t,2400,2600,200,4800,1,1,1,1,0,0,1,1
t,2400,3300,1350,4350,1,1,1,1,0,0,1,1
ct,1400,6300,5800,1900,0,0,0,0,0,0,1,1
t,2900,5600,4900,3600,1,1,1,1,0,0,1,1
t,2900,5500,4800,3600,1,1,1,1,0,0,1,1
t,2900,5200,4800,3300,1,1,1,1,0,0,1,1
ct,1400,7350,5600,3150,1,1,1,1,0,0,1,1
t,2900,5700,4900,3700,1,1,1,1,0,0,1,1
t,2900,5550,4900,3550,1,1,1,1,0,0,1,1
t,3400,3600,1750,5250,1,1,1,1,0,0,1,1
t,3400,3600,2200,4800,1,1,1,1,0,0,1,1
t,3400,3300,1850,4850,1,1,1,1,0,0,1,1
t,3400,3550,1850,5100,1,1,1,1,0,0,1,1
t,3400,5650,4900,4150,1,1,1,1,0,0,1,1
t,3400,5600,4800,4200,1,1,1,1,0,0,1,1
t,3400,6350,4800,4950,1,1,1,1,0,0,1,1
t,3400,5850,4900,4350,1,1,1,1,0,0,1,1
t,3400,6000,4900,4500,1,1,1,1,0,0,1,1
ct,1400,9100,5800,4700,1,1,1,1,0,0,1,1
ct,1900,7250,4850,4300,1,1,1,1,0,0,1,1
ct,1900,7850,5600,4150,1,1,1,1,0,0,1,1
ct,1900,5200,5050,2050,0,0,0,0,0,0,1,1
t,1400,4600,4600,1400,0,0,0,0,0,0,0,1
t,1400,8750,4900,5250,1,1,1,1,0,0,1,1
t,1400,6100,4900,2600,1,0,0,0,0,0,1,1
ct,1900,800,650,2050,0,0,0,0,0,0,1,1
t,1900,800,700,2000,0,0,0,0,0,0,1,1
ct,1900,800,650,2050,0,0,0,0,0,0,1,1
t,1900,800,650,2050,0,0,0,0,0,0,1,1
ct,1900,800,650,2050,0,0,0,0,0,0,1,1
ct,1900,800,650,2050,0,0,0,0,0,0,1,1
t,1900,800,650,2050,0,0,0,0,0,0,1,1
ct,1900,800,800,1900,0,0,0,0,0,0,1,1
t,1900,800,700,2000,0,0,0,0,0,0,1,1
t,1900,800,650,2050,0,0,0,0,0,0,1,1
ct,1400,3950,3950,1400,0,0,0,0,0,0,0,1
t,2400,1900,1700,2600,1,0,0,0,0,0,1,1
ct,1400,4250,4250,1400,0,0,0,0,0,0,0,1
t,2400,2050,0,4450,1,1,1,1,0,0,1,1
ct,1400,3650,3550,1500,0,0,0,0,0,0,0,1
ct,1400,3650,3550,1500,0,0,0,0,0,0,0,1
t,2400,2050,0,4450,1,1,1,1,0,0,1,1
ct,1400,3800,3750,1450,0,0,0,0,0,0,0,1
t,2400,2000,0,4400,1,1,1,1,0,0,1,1
t,2400,2350,700,4050,1,1,1,1,0,0,1,1
t,2900,2600,2550,2950,1,1,1,0,0,0,1,1
t,2900,4450,4400,2950,1,1,1,0,0,0,1,1
t,2900,4750,4600,3050,1,1,1,0,0,0,1,1
t,2900,4400,3900,3400,1,1,1,1,0,0,1,1
t,2900,4050,4050,2900,1,1,0,0,0,0,1,1
ct,1900,4150,3550,2500,1,0,0,0,0,0,1,1
ct,1900,1550,1450,2000,0,0,0,0,0,0,1,1
t,1400,4050,3900,1550,0,0,0,0,0,0,0,1
ct,1400,3750,3550,1600,0,0,0,0,0,0,0,1
t,1900,1900,1700,2100,0,0,0,0,0,0,1,1
t,1900,2500,2400,2000,0,0,0,0,0,0,1,1
ct,1400,3550,3550,1400,0,0,0,0,0,0,0,1
t,1900,2050,2000,1950,0,0,0,0,0,0,1,1
t,1900,3050,3000,1950,0,0,0,0,0,0,1,1
t,2400,2600,600,4400,1,1,1,1,0,0,1,1
t,2400,2800,700,4500,1,1,1,1,0,0,1,1
t,2400,3200,0,5600,1,1,1,1,1,0,1,1
t,2400,2450,300,4550,1,1,1,1,0,0,1,1
t,2400,2450,700,4150,1,1,1,1,0,0,1,1
t,2900,4900,4800,3000,1,1,1,0,0,0,1,1
t,2900,4700,4600,3000,1,1,1,0,0,0,1,1
t,2900,6100,4800,4200,1,1,1,1,0,0,1,1
t,2900,5050,4800,3150,1,1,1,1,0,0,1,1
t,2900,4650,4600,2950,1,1,1,0,0,0,1,1
t,3400,3800,700,6500,1,1,1,1,1,1,1,1
t,3400,3500,1850,5050,1,1,1,1,0,0,1,1
ct,1400,10650,5200,6850,1,1,1,1,1,1,1,1
t,3400,3650,0,7050,1,1,1,1,1,1,1,1
t,3400,3450,1700,5150,1,1,1,1,0,0,1,1
t,3400,7100,6850,3650,1,1,1,1,0,0,1,1
ct,1400,11350,5600,7150,1,1,1,1,1,1,1,1
t,3400,6250,4800,4850,1,1,1,1,0,0,1,1
t,3400,5950,4900,4450,1,1,1,1,0,0,1,1
t,3400,5250,4800,3850,1,1,1,1,0,0,1,1
t,3400,5750,4900,4250,1,1,1,1,0,0,1,1
t,3400,4450,4400,3450,1,1,1,1,0,0,1,1
t,3400,3850,3700,3550,1,1,1,1,0,0,1,1
t,3400,4250,4200,3450,1,1,1,1,0,0,1,1
t,3400,4450,4400,3450,1,1,1,1,0,0,1,1
ct,1400,12450,5900,7950,1,1,1,1,1,1,1,1
ct,1400,10800,5600,6600,1,1,1,1,1,1,1,1
t,3400,3750,3700,3450,1,1,1,1,0,0,1,1
t,3400,3550,3500,3450,1,1,1,1,0,0,1,1
t,3400,3450,3300,3550,1,1,1,1,0,0,1,1
t,1400,3850,3700,1550,0,0,0,0,0,0,0,1
ct,1900,8100,7650,2350,0,0,0,0,0,0,1,1
ct,1900,6750,6500,2150,0,0,0,0,0,0,1,1
t,1400,3850,3700,1550,0,0,0,0,0,0,0,1
t,1900,800,700,2000,0,0,0,0,0,0,1,1
t,1900,800,650,2050,0,0,0,0,0,0,1,1
t,1900,800,650,2050,0,0,0,0,0,0,1,1
t,1900,800,650,2050,0,0,0,0,0,0,1,1
t,1900,800,700,2000,0,0,0,0,0,0,1,1
t,2400,2000,0,4400,1,1,1,1,0,0,1,1
ct,1400,3650,3550,1500,0,0,0,0,0,0,0,1
t,2400,2050,0,4450,1,1,1,1,0,0,1,1
ct,1400,3650,3550,1500,0,0,0,0,0,0,0,1
t,2400,2050,0,4450,1,1,1,1,0,0,1,1
t,2400,2050,0,4450,1,1,1,1,0,0,1,1
ct,1400,3950,3800,1550,0,0,0,0,0,0,0,1
t,2400,2000,0,4400,1,1,1,1,0,0,1,1
ct,1400,3800,3750,1450,0,0,0,0,0,0,0,1
ct,1400,4550,4500,1450,0,0,0,0,0,0,0,1
t,2900,4400,4400,2900,1,1,0,0,0,0,1,1
t,2900,4450,4400,2950,1,1,1,0,0,0,1,1
t,2900,4450,4400,2950,1,1,1,0,0,0,1,1
t,2900,4450,4300,3050,1,1,1,0,0,0,1,1
t,2900,4400,3900,3400,1,1,1,1,0,0,1,1
t,1400,6250,4800,2850,1,1,0,0,0,0,1,1
ct,2900,2600,1400,4100,1,1,1,1,0,0,1,1
ct,2900,3700,3600,3000,1,1,1,0,0,0,1,1
ct,2900,2850,1250,4500,1,1,1,1,0,0,1,1
ct,2900,3450,3400,2950,1,1,1,0,0,0,1,1
t,1900,2850,1800,2950,1,1,1,0,0,0,1,1
t,1900,3050,2600,2350,0,0,0,0,0,0,1,1
t,1900,5400,4800,2500,1,0,0,0,0,0,1,1
ct,1400,4200,4050,1550,0,0,0,0,0,0,0,1
t,1900,8600,6850,3650,1,1,1,1,0,0,1,1
ct,1400,3650,3600,1450,0,0,0,0,0,0,0,1
ct,1400,3850,3850,1400,0,0,0,0,0,0,0,1
t,2400,3350,3300,2450,1,0,0,0,0,0,1,1
t,2400,3550,3500,2450,1,0,0,0,0,0,1,1
ct,1400,4750,4650,1500,0,0,0,0,0,0,0,1
t,2400,3100,2950,2550,1,0,0,0,0,0,1,1
t,2400,4900,4800,2500,1,0,0,0,0,0,1,1
t,2400,4350,4200,2550,1,0,0,0,0,0,1,1
ct,1400,3800,3750,1450,0,0,0,0,0,0,0,1
ct,1400,4350,4350,1400,0,0,0,0,0,0,0,1
t,2900,2450,0,5350,1,1,1,1,0,0,1,1
t,2900,2550,1000,4450,1,1,1,1,0,0,1,1
t,2900,2500,300,5100,1,1,1,1,0,0,1,1
t,2900,2550,0,5450,1,1,1,1,1,0,1,1
t,3400,5350,4800,3950,1,1,1,1,0,0,1,1
t,3400,5650,4800,4250,1,1,1,1,0,0,1,1
t,3400,4450,4400,3450,1,1,1,1,0,0,1,1
t,3400,5100,4800,3700,1,1,1,1,0,0,1,1
t,3400,5450,5400,3450,1,1,1,1,0,0,1,1
ct,1900,800,650,2050,0,0,0,0,0,0,1,1
t,1900,800,650,2050,0,0,0,0,0,0,1,1
t,1900,800,650,2050,0,0,0,0,0,0,1,1
t,1900,800,800,1900,0,0,0,0,0,0,1,1
ct,1900,800,650,2050,0,0,0,0,0,0,1,1
t,1900,800,800,1900,0,0,0,0,0,0,1,1
ct,1900,800,650,2050,0,0,0,0,0,0,1,1
t,1900,800,0,2700,1,0,0,0,0,0,1,1
ct,1900,800,800,1900,0,0,0,0,0,0,1,1
ct,1900,800,650,2050,0,0,0,0,0,0,1,1
ct,2400,2200,2000,2600,1,0,0,0,0,0,1,1
t,1400,3400,3300,1500,0,0,0,0,0,0,0,1
t,1400,4000,4000,1400,0,0,0,0,0,0,0,1
t,1400,4150,4000,1550,0,0,0,0,0,0,0,1
ct,2400,2200,2200,2400,0,0,0,0,0,0,1,1
t,1400,3550,3300,1650,0,0,0,0,0,0,0,1
ct,2400,2500,1700,3200,1,1,1,1,0,0,1,1
t,1400,3400,3050,1750,0,0,0,0,0,0,1,1
ct,2400,2650,2100,2950,1,1,1,0,0,0,1,1
ct,2400,2200,2200,2400,0,0,0,0,0,0,1,1
ct,3400,6000,5800,3600,1,1,1,1,0,0,1,1
t,1400,6500,4800,3100,1,1,1,0,0,0,1,1
ct,3400,6200,6200,3400,1,1,1,1,0,0,1,1
t,1400,6500,4900,3000,1,1,1,0,0,0,1,1
ct,3400,5350,5200,3550,1,1,1,1,0,0,1,1
ct,3400,5200,4850,3750,1,1,1,1,0,0,1,1
ct,3400,3800,2000,5200,1,1,1,1,0,0,1,1
t,1400,8450,4900,4950,1,1,1,1,0,0,1,1
ct,3400,3850,800,6450,1,1,1,1,1,1,1,1
t,1400,6300,4900,2800,1,1,0,0,0,0,1,1
ct,3400,3800,1750,5450,1,1,1,1,1,0,1,1
ct,3400,4300,2000,5700,1,1,1,1,1,0,1,1
ct,3400,5250,5250,3400,1,1,1,1,0,0,1,1
t,1400,6800,4700,3500,1,1,1,1,0,0,1,1
ct,3400,5050,4850,3600,1,1,1,1,0,0,1,1
ct,3400,6800,6700,3500,1,1,1,1,0,0,1,1
ct,3400,5750,5250,3900,1,1,1,1,0,0,1,1
t,1400,11800,4800,8400,1,1,1,1,1,1,1,1
t,1400,7550,4900,4050,1,1,1,1,0,0,1,1
ct,3400,3800,3750,3450,1,1,1,1,0,0,1,1
ct,3400,4700,2400,5700,1,1,1,1,1,0,1,1
t,1400,11350,4900,7850,1,1,1,1,1,1,1,1
ct,3400,3550,1900,5050,1,1,1,1,0,0,1,1
ct,3400,3600,1450,5550,1,1,1,1,1,0,1,1
ct,3400,5800,3550,5650,1,1,1,1,1,0,1,1
t,1400,9550,4900,6050,1,1,1,1,1,1,1,1
ct,3400,6600,6500,3500,1,1,1,1,0,0,1,1
ct,3400,5350,5250,3500,1,1,1,1,0,0,1,1
t,1400,14100,4900,10600,1,1,1,1,1,1,1,1
ct,3400,5900,5600,3700,1,1,1,1,0,0,1,1
ct,3400,5200,4850,3750,1,1,1,1,0,0,1,1
t,1400,16000,4900,12500,1,1,1,1,1,1,1,1
t,1400,12700,5300,8800,1,1,1,1,1,1,1,1
t,1400,10450,5400,6450,1,1,1,1,1,1,1,1
ct,3400,4200,4150,3450,1,1,1,1,0,0,1,1
t,1400,11000,4900,7500,1,1,1,1,1,1,1,1
t,1400,8850,5600,4650,1,1,1,1,0,0,1,1
ct,1900,800,650,2050,0,0,0,0,0,0,1,1
ct,1900,800,800,1900,0,0,0,0,0,0,1,1
ct,1900,800,650,2050,0,0,0,0,0,0,1,1
ct,1900,800,650,2050,0,0,0,0,0,0,1,1
ct,1900,800,650,2050,0,0,0,0,0,0,1,1
t,1400,3350,3250,1500,0,0,0,0,0,0,0,1
ct,2400,2050,2000,2450,1,0,0,0,0,0,1,1
ct,2400,2050,1950,2500,1,0,0,0,0,0,1,1
t,1400,4000,4000,1400,0,0,0,0,0,0,0,1
ct,2400,2050,2000,2450,1,0,0,0,0,0,1,1
t,1400,3700,3700,1400,0,0,0,0,0,0,0,1
t,1400,3700,3250,1850,0,0,0,0,0,0,1,1
t,1400,3850,3800,1450,0,0,0,0,0,0,0,1
t,1900,1500,1350,2050,0,0,0,0,0,0,1,1
ct,1400,4150,4000,1550,0,0,0,0,0,0,0,1
ct,1400,3600,3550,1450,0,0,0,0,0,0,0,1
t,1900,1700,1700,1900,0,0,0,0,0,0,1,1
t,1900,1400,1350,1950,0,0,0,0,0,0,1,1
ct,1400,4200,4200,1400,0,0,0,0,0,0,0,1
t,1900,2150,2000,2050,0,0,0,0,0,0,1,1
t,1900,800,650,2050,0,0,0,0,0,0,1,1
t,1900,800,650,2050,0,0,0,0,0,0,1,1
t,1900,800,650,2050,0,0,0,0,0,0,1,1
t,1900,800,800,1900,0,0,0,0,0,0,1,1
ct,1900,800,650,2050,0,0,0,0,0,0,1,1
ct,1900,800,650,2050,0,0,0,0,0,0,1,1
ct,1900,800,650,2050,0,0,0,0,0,0,1,1
ct,1900,800,800,1900,0,0,0,0,0,0,1,1
ct,1900,800,650,2050,0,0,0,0,0,0,1,1
t,1900,800,700,2000,0,0,0,0,0,0,1,1
t,1400,3950,3800,1550,0,0,0,0,0,0,0,1
t,1400,3950,3900,1450,0,0,0,0,0,0,0,1
t,1400,3950,3900,1450,0,0,0,0,0,0,0,1
t,1400,4100,3900,1600,0,0,0,0,0,0,0,1
ct,2400,2600,2300,2700,1,0,0,0,0,0,1,1
ct,2400,2600,2400,2600,1,0,0,0,0,0,1,1
ct,2400,3200,3200,2400,0,0,0,0,0,0,1,1
ct,2400,2150,2150,2400,0,0,0,0,0,0,1,1
ct,2400,2300,2250,2450,1,0,0,0,0,0,1,1
t,1400,3600,3500,1500,0,0,0,0,0,0,0,1
ct,2900,2700,0,5600,1,1,1,1,1,0,1,1
ct,2900,2600,0,5500,1,1,1,1,1,0,1,1
ct,2900,2400,0,5300,1,1,1,1,0,0,1,1
ct,2900,2400,300,5000,1,1,1,1,0,0,1,1
ct,2900,2450,200,5150,1,1,1,1,0,0,1,1
ct,3400,5700,5600,3500,1,1,1,1,0,0,1,1
ct,3400,5600,5600,3400,1,1,1,1,0,0,1,1
ct,3400,5400,4850,3950,1,1,1,1,0,0,1,1
ct,3400,5700,5400,3700,1,1,1,1,0,0,1,1
ct,3400,4950,4850,3500,1,1,1,1,0,0,1,1
t,1400,6500,4900,3000,1,1,1,0,0,0,1,1
t,1400,6700,4900,3200,1,1,1,1,0,0,1,1
ct,3400,3650,1650,5400,1,1,1,1,1,0,1,1
ct,3400,3750,1450,5700,1,1,1,1,1,0,1,1
ct,3400,3850,1750,5500,1,1,1,1,1,0,1,1
ct,3400,3650,2250,4800,1,1,1,1,0,0,1,1
ct,3400,5400,5200,3600,1,1,1,1,0,0,1,1
ct,3400,5700,5700,3400,1,1,1,1,0,0,1,1
ct,3400,4800,4650,3550,1,1,1,1,0,0,1,1
t,1900,5700,4900,2700,1,0,0,0,0,0,1,1
t,1900,6000,4900,3000,1,1,1,0,0,0,1,1
t,1900,11000,4900,8000,1,1,1,1,1,1,1,1
t,1900,9750,4900,6750,1,1,1,1,1,1,1,1
t,2400,6400,4900,3900,1,1,1,1,0,0,1,1
ct,1400,5650,5200,1850,0,0,0,0,0,0,1,1
t,2400,6750,5100,4050,1,1,1,1,0,0,1,1
t,2900,2700,1200,4400,1,1,1,1,0,0,1,1
t,2900,2650,700,4850,1,1,1,1,0,0,1,1
t,2900,2900,1350,4450,1,1,1,1,0,0,1,1
ct,1400,8800,5600,4600,1,1,1,1,0,0,1,1
t,2900,4050,2000,4950,1,1,1,1,0,0,1,1
t,3400,4400,4400,3400,1,1,1,1,0,0,1,1
t,3400,4850,4700,3550,1,1,1,1,0,0,1,1
t,3400,4450,4400,3450,1,1,1,1,0,0,1,1
t,3400,5950,4900,4450,1,1,1,1,0,0,1,1
t,3400,4950,4900,3450,1,1,1,1,0,0,1,1
t,3400,3400,1850,4950,1,1,1,1,0,0,1,1
t,3400,3450,1800,5050,1,1,1,1,0,0,1,1
t,3400,4750,1850,6300,1,1,1,1,1,1,1,1
ct,1400,7850,5600,3650,1,1,1,1,0,0,1,1
ct,1400,11550,5200,7750,1,1,1,1,1,1,1,1
ct,1400,9700,5600,5500,1,1,1,1,1,0,1,1
t,3400,3450,1800,5050,1,1,1,1,0,0,1,1
t,3400,5850,4900,4350,1,1,1,1,0,0,1,1
t,3400,4450,4400,3450,1,1,1,1,0,0,1,1
t,3400,5650,5100,3950,1,1,1,1,0,0,1,1
t,3400,6900,6750,3550,1,1,1,1,0,0,1,1
t,3400,5650,4900,4150,1,1,1,1,0,0,1,1
t,1900,800,650,2050,0,0,0,0,0,0,1,1
t,1900,800,650,2050,0,0,0,0,0,0,1,1
t,1900,800,650,2050,0,0,0,0,0,0,1,1
t,1900,800,800,1900,0,0,0,0,0,0,1,1
t,1900,800,650,2050,0,0,0,0,0,0,1,1
ct,2400,2000,2000,2400,0,0,0,0,0,0,1,1
ct,2400,2450,2250,2600,1,0,0,0,0,0,1,1
ct,2400,2450,1700,3150,1,1,1,1,0,0,1,1
t,1400,3700,3700,1400,0,0,0,0,0,0,0,1
t,1400,4000,3750,1650,0,0,0,0,0,0,0,1
t,1400,3700,2350,2750,1,0,0,0,0,0,1,1
t,1400,3550,3250,1700,0,0,0,0,0,0,1,1
t,1400,3700,3350,1750,0,0,0,0,0,0,1,1
ct,2400,2150,1500,3050,1,1,1,0,0,0,1,1
ct,2900,2900,800,5000,1,1,1,1,0,0,1,1
ct,2900,2650,650,4900,1,1,1,1,0,0,1,1
ct,2900,3650,300,6250,1,1,1,1,1,1,1,1
t,1400,4400,4400,1400,0,0,0,0,0,0,0,1
t,1400,4150,3050,2500,1,0,0,0,0,0,1,1
ct,2900,3550,1450,5000,1,1,1,1,0,0,1,1
ct,3400,4700,4650,3450,1,1,1,1,0,0,1,1
ct,3400,4800,4750,3450,1,1,1,1,0,0,1,1
ct,3400,4900,4850,3450,1,1,1,1,0,0,1,1
ct,3400,6250,6200,3450,1,1,1,1,0,0,1,1
ct,3400,5000,5000,3400,1,1,1,1,0,0,1,1
ct,3400,3450,1650,5200,1,1,1,1,0,0,1,1
ct,3400,3450,1450,5400,1,1,1,1,1,0,1,1
ct,3400,3400,1450,5350,1,1,1,1,0,0,1,1
ct,3400,5150,4850,3700,1,1,1,1,0,0,1,1
ct,3400,6400,6400,3400,1,1,1,1,0,0,1,1
ct,3400,5400,5250,3550,1,1,1,1,0,0,1,1
ct,1400,4000,3200,2200,0,0,0,0,0,0,1,1
t,1900,10650,4900,7650,1,1,1,1,1,1,1,1
t,1900,10000,4900,7000,1,1,1,1,1,1,1,1
t,1900,12600,4900,9600,1,1,1,1,1,1,1,1
ct,1400,4450,4350,1500,0,0,0,0,0,0,0,1
t,2400,7650,4800,5250,1,1,1,1,0,0,1,1
t,2400,8950,4700,6650,1,1,1,1,1,1,1,1
ct,1900,5150,5050,2000,0,0,0,0,0,0,1,1
ct,1900,5150,4850,2200,0,0,0,0,0,0,1,1
ct,1900,5600,5600,1900,0,0,0,0,0,0,1,1
t,1400,5650,4900,2150,0,0,0,0,0,0,1,1
ct,1900,3000,2650,2250,0,0,0,0,0,0,1,1
t,1900,800,650,2050,0,0,0,0,0,0,1,1
t,1900,800,650,2050,0,0,0,0,0,0,1,1
t,1900,800,650,2050,0,0,0,0,0,0,1,1
t,1900,800,650,2050,0,0,0,0,0,0,1,1
ct,1900,800,650,2050,0,0,0,0,0,0,1,1
ct,1900,800,650,2050,0,0,0,0,0,0,1,1
ct,1900,800,800,1900,0,0,0,0,0,0,1,1
ct,1900,800,650,2050,0,0,0,0,0,0,1,1
ct,1900,800,650,2050,0,0,0,0,0,0,1,1
t,1900,800,700,2000,0,0,0,0,0,0,1,1
t,1400,3700,3700,1400,0,0,0,0,0,0,0,1
t,1400,3700,2650,2450,1,0,0,0,0,0,1,1
t,1400,4000,3950,1450,0,0,0,0,0,0,0,1
t,1400,3700,3250,1850,0,0,0,0,0,0,1,1
ct,2400,2500,2400,2500,1,0,0,0,0,0,1,1
ct,2400,2050,2000,2450,1,0,0,0,0,0,1,1
ct,2400,2200,800,3800,1,1,1,1,0,0,1,1
ct,2400,2200,2200,2400,0,0,0,0,0,0,1,1
t,1400,3550,2350,2600,1,0,0,0,0,0,1,1
t,1400,5150,3250,3300,1,1,1,1,0,0,1,1
ct,2900,2550,300,5150,1,1,1,1,0,0,1,1
ct,2900,2600,0,5500,1,1,1,1,1,0,1,1
ct,2900,2500,300,5100,1,1,1,1,0,0,1,1
ct,3400,5200,5200,3400,1,1,1,1,0,0,1,1
ct,3400,5350,5250,3500,1,1,1,1,0,0,1,1
ct,3400,5150,4850,3700,1,1,1,1,0,0,1,1
t,1400,7750,6850,2300,0,0,0,0,0,0,1,1
t,1900,6450,4900,3450,1,1,1,1,0,0,1,1
ct,1900,3650,1150,4400,1,1,1,1,0,0,1,1
ct,1900,2550,800,3650,1,1,1,1,0,0,1,1
ct,1900,2700,700,3900,1,1,1,1,0,0,1,1
ct,1900,4100,1950,4050,1,1,1,1,0,0,1,1
t,1400,4850,4800,1450,0,0,0,0,0,0,0,1
ct,2400,5550,5200,2750,1,0,0,0,0,0,1,1
ct,2400,5100,4850,2650,1,0,0,0,0,0,1,1
ct,2400,5200,5200,2400,0,0,0,0,0,0,1,1
t,1900,1450,1300,2050,0,0,0,0,0,0,1,1
t,1900,3650,3500,2050,0,0,0,0,0,0,1,1
t,2400,2950,700,4650,1,1,1,1,0,0,1,1
t,2400,3350,700,5050,1,1,1,1,0,0,1,1
t,2400,2650,700,4350,1,1,1,1,0,0,1,1
t,2400,2500,700,4200,1,1,1,1,0,0,1,1
ct,1400,7050,5600,2850,1,1,0,0,0,0,1,1
ct,1400,6200,5200,2400,0,0,0,0,0,0,1,1
ct,1400,6000,5600,1800,0,0,0,0,0,0,1,1
t,2400,3200,0,5600,1,1,1,1,1,0,1,1
t,2900,4650,4600,2950,1,1,1,0,0,0,1,1
t,2900,5050,4900,3050,1,1,1,0,0,0,1,1
t,2900,4350,4200,3050,1,1,1,0,0,0,1,1
t,2900,4200,4200,2900,1,1,0,0,0,0,1,1
t,2900,5600,4800,3700,1,1,1,1,0,0,1,1
t,3400,2950,2050,4300,1,1,1,1,0,0,1,1
t,3400,3050,1450,5000,1,1,1,1,0,0,1,1
t,3400,3200,1650,4950,1,1,1,1,0,0,1,1
ct,1400,8200,5600,4000,1,1,1,1,0,0,1,1
t,3400,3700,700,6400,1,1,1,1,1,1,1,1
t,3400,6100,4900,4600,1,1,1,1,0,0,1,1
t,3400,4150,4000,3550,1,1,1,1,0,0,1,1
t,3400,5600,4800,4200,1,1,1,1,0,0,1,1
t,3400,5850,5100,4150,1,1,1,1,0,0,1,1
ct,1400,6950,5600,2750,1,0,0,0,0,0,1,1
ct,1400,11100,6500,6000,1,1,1,1,1,1,1,1
ct,1400,12000,8150,5250,1,1,1,1,0,0,1,1
ct,1400,9700,5950,5150,1,1,1,1,0,0,1,1
t,3400,7000,6850,3550,1,1,1,1,0,0,1,1
ct,1900,800,800,1900,0,0,0,0,0,0,1,1
ct,1900,800,650,2050,0,0,0,0,0,0,1,1
ct,1900,800,650,2050,0,0,0,0,0,0,1,1
ct,1900,800,650,2050,0,0,0,0,0,0,1,1
ct,1900,800,650,2050,0,0,0,0,0,0,1,1
ct,1400,4100,3550,1950,0,0,0,0,0,0,1,1
ct,1400,3950,3900,1450,0,0,0,0,0,0,0,1
ct,1400,3650,2600,2450,1,0,0,0,0,0,1,1
ct,1400,3650,3550,1500,0,0,0,0,0,0,0,1
t,2400,2050,0,4450,1,1,1,1,0,0,1,1
t,2400,2300,0,4700,1,1,1,1,0,0,1,1
t,2400,2000,0,4400,1,1,1,1,0,0,1,1
t,2400,2050,0,4450,1,1,1,1,0,0,1,1
t,2400,2350,0,4750,1,1,1,1,0,0,1,1
ct,1400,4250,2550,3100,1,1,1,0,0,0,1,1
t,2900,4450,4000,3350,1,1,1,1,0,0,1,1
t,2900,4700,4600,3000,1,1,1,0,0,0,1,1
t,2900,4400,4200,3100,1,1,1,0,0,0,1,1
t,2900,4450,4400,2950,1,1,1,0,0,0,1,1
t,2900,5000,4900,3000,1,1,1,0,0,0,1,1
ct,1400,7000,6750,1650,0,0,0,0,0,0,0,1
ct,1400,6600,5200,2800,1,1,0,0,0,0,1,1
ct,1400,6700,5000,3100,1,1,1,0,0,0,1,1
ct,1400,7900,5600,3700,1,1,1,1,0,0,1,1
ct,1400,5950,5600,1750,0,0,0,0,0,0,1,1
t,3400,3750,1650,5500,1,1,1,1,1,0,1,1
t,3400,4200,3150,4450,1,1,1,1,0,0,1,1
t,3400,3700,2000,5100,1,1,1,1,0,0,1,1
t,3400,3850,2050,5200,1,1,1,1,0,0,1,1
t,3400,4200,3350,4250,1,1,1,1,0,0,1,1
ct,1400,5450,4700,2150,0,0,0,0,0,0,1,1
ct,1400,6650,5600,2450,1,0,0,0,0,0,1,1
t,3400,5700,5100,4000,1,1,1,1,0,0,1,1
t,3400,5650,4800,4250,1,1,1,1,0,0,1,1
t,3400,5500,4800,4100,1,1,1,1,0,0,1,1
t,3400,6100,6050,3450,1,1,1,1,0,0,1,1
t,3400,5450,4800,4050,1,1,1,1,0,0,1,1
t,3400,4600,4600,3400,1,1,1,1,0,0,1,1
t,3400,4850,4800,3450,1,1,1,1,0,0,1,1
t,3400,4700,1000,7100,1,1,1,1,1,1,1,1
t,3400,4050,3900,3550,1,1,1,1,0,0,1,1
t,3400,5250,4900,3750,1,1,1,1,0,0,1,1
ct,1900,3200,3200,1900,0,0,0,0,0,0,1,1
ct,1900,4700,4650,1950,0,0,0,0,0,0,1,1
ct,1900,4000,3850,2050,0,0,0,0,0,0,1,1
t,1400,4450,4400,1450,0,0,0,0,0,0,0,1
t,1400,3300,3150,1550,0,0,0,0,0,0,0,1
t,1400,3350,2950,1800,0,0,0,0,0,0,1,1
ct,1900,5200,5050,2050,0,0,0,0,0,0,1,1
t,1900,2950,800,4050,1,1,1,1,0,0,1,1
t,1900,3350,1450,3800,1,1,1,1,0,0,1,1
t,1900,4300,1350,4850,1,1,1,1,0,0,1,1
t,1900,3000,1450,3450,1,1,1,1,0,0,1,1
t,2400,5550,4800,3150,1,1,1,1,0,0,1,1
t,2400,5050,4800,2650,1,0,0,0,0,0,1,1
t,2400,5950,5900,2450,1,0,0,0,0,0,1,1
t,2400,4950,4900,2450,1,0,0,0,0,0,1,1
ct,1900,4100,4050,1950,0,0,0,0,0,0,1,1
ct,1900,5350,5250,2000,0,0,0,0,0,0,1,1
ct,2400,2800,700,4500,1,1,1,1,0,0,1,1
ct,2400,2000,0,4400,1,1,1,1,0,0,1,1
ct,2400,2050,0,4450,1,1,1,1,0,0,1,1
ct,2400,2050,0,4450,1,1,1,1,0,0,1,1
ct,2900,4750,4650,3000,1,1,1,0,0,0,1,1
ct,2900,4550,4550,2900,1,1,0,0,0,0,1,1
ct,2900,4450,4350,3000,1,1,1,0,0,0,1,1
ct,2900,4500,4350,3050,1,1,1,0,0,0,1,1
t,1400,5550,4900,2050,0,0,0,0,0,0,1,1
ct,2900,4500,4350,3050,1,1,1,0,0,0,1,1
ct,1900,800,650,2050,0,0,0,0,0,0,1,1
t,1900,800,650,2050,0,0,0,0,0,0,1,1
ct,1900,800,650,2050,0,0,0,0,0,0,1,1
t,1900,800,0,2700,1,0,0,0,0,0,1,1
t,1900,800,800,1900,0,0,0,0,0,0,1,1
t,1900,800,650,2050,0,0,0,0,0,0,1,1
t,1900,800,650,2050,0,0,0,0,0,0,1,1
ct,1900,800,650,2050,0,0,0,0,0,0,1,1
ct,1900,800,650,2050,0,0,0,0,0,0,1,1
ct,1900,800,800,1900,0,0,0,0,0,0,1,1
t,2400,2050,0,4450,1,1,1,1,0,0,1,1
ct,1400,4100,4100,1400,0,0,0,0,0,0,0,1
t,2400,2050,0,4450,1,1,1,1,0,0,1,1
t,2400,1900,0,4300,1,1,1,1,0,0,1,1
t,2400,2050,0,4450,1,1,1,1,0,0,1,1
t,2400,2050,0,4450,1,1,1,1,0,0,1,1
ct,1400,3650,3550,1500,0,0,0,0,0,0,0,1
ct,1400,3500,3450,1450,0,0,0,0,0,0,0,1
t,2900,4450,4400,2950,1,1,1,0,0,0,1,1
t,2900,4450,4400,2950,1,1,1,0,0,0,1,1
t,2900,4300,3900,3300,1,1,1,1,0,0,1,1
t,2900,4450,4400,2950,1,1,1,0,0,0,1,1
t,2900,4450,4400,2950,1,1,1,0,0,0,1,1
ct,1900,4500,4350,2050,0,0,0,0,0,0,1,1
ct,1900,4750,3850,2800,1,1,0,0,0,0,1,1
ct,2400,2150,0,4550,1,1,1,1,0,0,1,1
t,1400,5250,4900,1750,0,0,0,0,0,0,1,1
ct,2400,2200,700,3900,1,1,1,1,0,0,1,1
ct,2400,2750,800,4350,1,1,1,1,0,0,1,1
ct,2400,2200,0,4600,1,1,1,1,0,0,1,1
ct,2900,4550,4550,2900,1,1,0,0,0,0,1,1
ct,2900,4350,4350,2900,1,1,0,0,0,0,1,1
ct,2900,4600,4550,2950,1,1,1,0,0,0,1,1
ct,1400,4350,3900,1850,0,0,0,0,0,0,1,1
t,1900,8300,4900,5300,1,1,1,1,0,0,1,1
t,1900,6750,4800,3850,1,1,1,1,0,0,1,1
t,1900,6950,4900,3950,1,1,1,1,0,0,1,1
t,2400,4050,4000,2450,1,0,0,0,0,0,1,1
t,2400,5600,4900,3100,1,1,1,0,0,0,1,1
t,2400,3850,3700,2550,1,0,0,0,0,0,1,1
t,2900,2450,700,4650,1,1,1,1,0,0,1,1
t,2900,3100,1650,4350,1,1,1,1,0,0,1,1
t,2900,2850,1200,4550,1,1,1,1,0,0,1,1
t,2900,4150,2350,4700,1,1,1,1,0,0,1,1
t,3400,4650,4600,3450,1,1,1,1,0,0,1,1
t,3400,4650,4600,3450,1,1,1,1,0,0,1,1
t,3400,4550,4400,3550,1,1,1,1,0,0,1,1
t,3400,4700,4700,3400,1,1,1,1,0,0,1,1
ct,1900,5600,5250,2250,0,0,0,0,0,0,1,1
ct,1900,7350,5200,4050,1,1,1,1,0,0,1,1
ct,1900,7600,5600,3900,1,1,1,1,0,0,1,1
t,1400,6950,6850,1500,0,0,0,0,0,0,0,1
t,1400,4450,4400,1450,0,0,0,0,0,0,0,1
ct,1900,800,650,2050,0,0,0,0,0,0,1,1
ct,1900,800,650,2050,0,0,0,0,0,0,1,1
ct,1900,800,800,1900,0,0,0,0,0,0,1,1
ct,1900,800,650,2050,0,0,0,0,0,0,1,1
ct,1900,800,650,2050,0,0,0,0,0,0,1,1
t,2400,2600,2550,2450,1,0,0,0,0,0,1,1
ct,1400,4800,4700,1500,0,0,0,0,0,0,0,1
t,2400,3250,3100,2550,1,0,0,0,0,0,1,1
ct,1400,3900,3900,1400,0,0,0,0,0,0,0,1
ct,1400,3750,3550,1600,0,0,0,0,0,0,0,1
ct,1400,4200,3550,2050,0,0,0,0,0,0,1,1
ct,1400,4500,4350,1550,0,0,0,0,0,0,0,1
t,2400,2950,2800,2550,1,0,0,0,0,0,1,1
t,2400,2950,2950,2400,0,0,0,0,0,0,1,1
t,2400,2500,2400,2500,1,0,0,0,0,0,1,1
t,2900,3350,1200,5050,1,1,1,1,0,0,1,1
ct,1400,4450,4400,1450,0,0,0,0,0,0,0,1
t,2900,4050,1750,5200,1,1,1,1,0,0,1,1
ct,1400,3950,3900,1450,0,0,0,0,0,0,0,1
ct,1400,4400,3550,2250,0,0,0,0,0,0,1,1
t,2900,3450,1850,4500,1,1,1,1,0,0,1,1
t,2900,3000,1150,4750,1,1,1,1,0,0,1,1
t,2900,3100,700,5300,1,1,1,1,0,0,1,1
t,3400,5650,5100,3950,1,1,1,1,0,0,1,1
t,3400,6100,5100,4400,1,1,1,1,0,0,1,1
ct,1400,4400,4250,1550,0,0,0,0,0,0,0,1
ct,1400,5200,5200,1400,0,0,0,0,0,0,0,1
ct,1400,3800,3750,1450,0,0,0,0,0,0,0,1
t,3400,6050,5100,4350,1,1,1,1,0,0,1,1
t,3400,3950,2150,5200,1,1,1,1,0,0,1,1
t,3400,4400,3350,4450,1,1,1,1,0,0,1,1
t,3400,4650,2000,6050,1,1,1,1,1,1,1,1
t,3400,3550,1650,5300,1,1,1,1,0,0,1,1
ct,1900,6700,6400,2200,0,0,0,0,0,0,1,1
t,1400,6450,3600,4250,1,1,1,1,0,0,1,1
t,1400,5700,3950,3150,1,1,1,1,0,0,1,1
t,1400,7650,4900,4150,1,1,1,1,0,0,1,1
ct,2400,3200,1150,4450,1,1,1,1,0,0,1,1
t,1400,5600,4900,2100,0,0,0,0,0,0,1,1
ct,2400,2400,500,4300,1,1,1,1,0,0,1,1
ct,2400,2850,700,4550,1,1,1,1,0,0,1,1
ct,2400,2650,500,4550,1,1,1,1,0,0,1,1
t,1400,5300,4800,1900,0,0,0,0,0,0,1,1
ct,2900,4900,4200,3600,1,1,1,1,0,0,1,1
ct,2900,4700,4650,2950,1,1,1,0,0,0,1,1
ct,2900,4700,4650,2950,1,1,1,0,0,0,1,1
t,1400,7200,4800,3800,1,1,1,1,0,0,1,1
t,1400,6750,3250,4900,1,1,1,1,0,0,1,1
ct,3400,5500,5400,3500,1,1,1,1,0,0,1,1
ct,3400,3400,2500,4300,1,1,1,1,0,0,1,1
ct,3400,3150,1150,5400,1,1,1,1,1,0,1,1
ct,3400,3100,1650,4850,1,1,1,1,0,0,1,1
t,1400,5950,3250,4100,1,1,1,1,0,0,1,1
ct,3400,5650,5600,3450,1,1,1,1,0,0,1,1
ct,3400,3600,3600,3400,1,1,1,1,0,0,1,1
ct,3400,5500,5200,3700,1,1,1,1,0,0,1,1
ct,3400,4950,4850,3500,1,1,1,1,0,0,1,1
t,1400,6200,4900,2700,1,0,0,0,0,0,1,1
t,1900,4950,4900,1950,0,0,0,0,0,0,1,1
t,1900,5000,4900,2000,0,0,0,0,0,0,1,1
ct,1400,4550,4500,1450,0,0,0,0,0,0,0,1
ct,1400,3800,3750,1450,0,0,0,0,0,0,0,1
ct,1400,3900,3900,1400,0,0,0,0,0,0,0,1
t,1900,7250,4900,4250,1,1,1,1,0,0,1,1
ct,1400,4400,4400,1400,0,0,0,0,0,0,0,1
t,2400,4600,4600,2400,0,0,0,0,0,0,1,1
t,1900,800,650,2050,0,0,0,0,0,0,1,1
ct,1900,800,650,2050,0,0,0,0,0,0,1,1
ct,1900,800,650,2050,0,0,0,0,0,0,1,1
ct,1900,800,650,2050,0,0,0,0,0,0,1,1
ct,1900,800,800,1900,0,0,0,0,0,0,1,1
ct,1900,800,650,2050,0,0,0,0,0,0,1,1
t,1900,800,700,2000,0,0,0,0,0,0,1,1
t,1900,800,700,2000,0,0,0,0,0,0,1,1
t,1900,800,650,2050,0,0,0,0,0,0,1,1
t,1900,800,650,2050,0,0,0,0,0,0,1,1
t,1400,4000,3750,1650,0,0,0,0,0,0,0,1
ct,2400,2750,500,4650,1,1,1,1,0,0,1,1
ct,2400,2150,0,4550,1,1,1,1,0,0,1,1
ct,2400,2150,0,4550,1,1,1,1,0,0,1,1
ct,2400,2000,0,4400,1,1,1,1,0,0,1,1
ct,2400,2150,200,4350,1,1,1,1,0,0,1,1
t,1400,3650,3500,1550,0,0,0,0,0,0,0,1
t,1400,3650,3150,1900,0,0,0,0,0,0,1,1
t,1400,3700,3650,1450,0,0,0,0,0,0,0,1
t,1400,3700,3700,1400,0,0,0,0,0,0,0,1
ct,2900,4650,4650,2900,1,1,0,0,0,0,1,1
ct,2900,4550,4550,2900,1,1,0,0,0,0,1,1
ct,2900,4550,4500,2950,1,1,1,0,0,0,1,1
ct,2900,4400,4400,2900,1,1,0,0,0,0,1,1
ct,2900,4350,4200,3050,1,1,1,0,0,0,1,1
t,1900,5100,4800,2200,0,0,0,0,0,0,1,1
ct,1400,4000,3850,1550,0,0,0,0,0,0,0,1
ct,1400,4350,4350,1400,0,0,0,0,0,0,0,1
ct,1400,3850,3700,1550,0,0,0,0,0,0,0,1
t,1900,4300,4200,2000,0,0,0,0,0,0,1,1
t,1900,7550,4800,4650,1,1,1,1,0,0,1,1
ct,1900,2150,0,4050,1,1,1,1,0,0,1,1
ct,1900,2000,0,3900,1,1,1,1,0,0,1,1
ct,1900,3700,0,5600,1,1,1,1,1,0,1,1
ct,1900,2150,0,4050,1,1,1,1,0,0,1,1
t,1400,5500,4700,2200,0,0,0,0,0,0,1,1
ct,2400,4550,4550,2400,0,0,0,0,0,0,1,1
ct,2400,4400,4350,2450,1,0,0,0,0,0,1,1
ct,2400,4550,4550,2400,0,0,0,0,0,0,1,1
ct,2900,3000,1250,4650,1,1,1,1,0,0,1,1
ct,2900,2950,1450,4400,1,1,1,1,0,0,1,1
t,1400,11300,4900,7800,1,1,1,1,1,1,1,1
t,1900,8700,6950,3650,1,1,1,1,0,0,1,1
ct,1400,5550,5450,1500,0,0,0,0,0,0,0,1
ct,1400,6750,5800,2350,0,0,0,0,0,0,1,1
ct,1400,5300,5200,1500,0,0,0,0,0,0,0,1
t,1900,9300,4900,6300,1,1,1,1,1,1,1,1
t,1900,10350,4900,7350,1,1,1,1,1,1,1,1
t,1900,7450,4900,4450,1,1,1,1,0,0,1,1
t,2400,6300,4900,3800,1,1,1,1,0,0,1,1
t,2400,5000,4900,2500,1,0,0,0,0,0,1,1
ct,1900,4850,4850,1900,0,0,0,0,0,0,1,1
ct,1900,7150,6700,2350,0,0,0,0,0,0,1,1
ct,1900,6750,5250,3400,1,1,1,1,0,0,1,1
ct,1900,4600,4550,1950,0,0,0,0,0,0,1,1
t,1400,4750,4600,1550,0,0,0,0,0,0,0,1
t,1400,3600,3500,1500,0,0,0,0,0,0,0,1
ct,2400,4950,650,6700,1,1,1,1,1,1,1,1
ct,2400,2550,1250,3700,1,1,1,1,0,0,1,1
ct,2400,4350,3850,2900,1,1,0,0,0,0,1,1
ct,2400,2600,850,4150,1,1,1,1,0,0,1,1
t,1400,4000,4000,1400,0,0,0,0,0,0,0,1
ct,2900,5500,5450,2950,1,1,1,0,0,0,1,1
ct,2900,3750,3600,3050,1,1,1,0,0,0,1,1
ct,2900,5350,5250,3000,1,1,1,0,0,0,1,1
ct,2900,3250,3200,2950,1,1,1,0,0,0,1,1
ct,2900,4450,4350,3000,1,1,1,0,0,0,1,1
ct,1900,800,650,2050,0,0,0,0,0,0,1,1
ct,1900,800,800,1900,0,0,0,0,0,0,1,1
ct,1900,800,650,2050,0,0,0,0,0,0,1,1
ct,1900,800,650,2050,0,0,0,0,0,0,1,1
ct,1900,800,650,2050,0,0,0,0,0,0,1,1
ct,2400,2400,0,4800,1,1,1,1,0,0,1,1
t,1400,4000,3750,1650,0,0,0,0,0,0,0,1
t,1400,3700,3300,1800,0,0,0,0,0,0,1,1
t,1400,4000,3900,1500,0,0,0,0,0,0,0,1
t,1400,3400,3300,1500,0,0,0,0,0,0,0,1
t,1400,3550,3500,1450,0,0,0,0,0,0,0,1
ct,2400,1950,0,4350,1,1,1,1,0,0,1,1
ct,2400,2100,0,4500,1,1,1,1,0,0,1,1
ct,2400,2100,0,4500,1,1,1,1,0,0,1,1
ct,2400,2100,0,4500,1,1,1,1,0,0,1,1
ct,2900,4850,4750,3000,1,1,1,0,0,0,1,1
ct,2900,4400,4350,2950,1,1,1,0,0,0,1,1
ct,2900,4550,4550,2900,1,1,0,0,0,0,1,1
ct,2900,4850,4700,3050,1,1,1,0,0,0,1,1
ct,2900,4550,4450,3000,1,1,1,0,0,0,1,1
t,1900,3000,1000,3900,1,1,1,1,0,0,1,1
t,1900,5550,4900,2550,1,0,0,0,0,0,1,1
t,1900,6250,6250,1900,0,0,0,0,0,0,1,1
t,1900,4850,4400,2350,0,0,0,0,0,0,1,1
t,1900,3700,3500,2100,0,0,0,0,0,0,1,1
ct,1400,4100,3900,1600,0,0,0,0,0,0,0,1
ct,1400,4350,4350,1400,0,0,0,0,0,0,0,1
ct,1400,4200,4050,1550,0,0,0,0,0,0,0,1
t,2400,1900,0,4300,1,1,1,1,0,0,1,1
t,2400,2350,0,4750,1,1,1,1,0,0,1,1
t,2400,1900,0,4300,1,1,1,1,0,0,1,1
t,2400,2100,0,4500,1,1,1,1,0,0,1,1
ct,1400,4000,3950,1450,0,0,0,0,0,0,0,1
ct,1400,4700,3950,2150,0,0,0,0,0,0,1,1
t,2900,4300,3900,3300,1,1,1,1,0,0,1,1
t,2900,5050,4900,3050,1,1,1,0,0,0,1,1
t,2900,4300,4000,3200,1,1,1,1,0,0,1,1
t,2900,4950,4900,2950,1,1,1,0,0,0,1,1
t,2900,4300,4200,3000,1,1,1,0,0,0,1,1
ct,1900,5450,5400,1950,0,0,0,0,0,0,1,1
ct,1900,3950,3500,2350,0,0,0,0,0,0,1,1
ct,1900,3700,3650,1950,0,0,0,0,0,0,1,1
ct,1900,1550,1450,2000,0,0,0,0,0,0,1,1
t,1900,4350,4200,2050,0,0,0,0,0,0,1,1
t,1900,3500,3500,1900,0,0,0,0,0,0,1,1
t,1900,3150,3150,1900,0,0,0,0,0,0,1,1
t,1400,4100,3900,1600,0,0,0,0,0,0,0,1
t,1400,3800,3650,1550,0,0,0,0,0,0,0,1
t,1400,3700,3700,1400,0,0,0,0,0,0,0,1
t,1400,3950,3900,1450,0,0,0,0,0,0,0,1
ct,1900,4200,4200,1900,0,0,0,0,0,0,1,1
ct,1900,4100,4050,1950,0,0,0,0,0,0,1,1
ct,1900,5350,5200,2050,0,0,0,0,0,0,1,1
ct,2400,2900,0,5300,1,1,1,1,0,0,1,1
ct,2400,2000,0,4400,1,1,1,1,0,0,1,1
ct,2400,2050,0,4450,1,1,1,1,0,0,1,1
ct,2400,2450,0,4850,1,1,1,1,0,0,1,1
ct,2900,5750,5700,2950,1,1,1,0,0,0,1,1
t,1400,4850,4800,1450,0,0,0,0,0,0,0,1
ct,2900,4550,4550,2900,1,1,0,0,0,0,1,1
ct,2900,4600,4550,2950,1,1,1,0,0,0,1,1
ct,2900,5300,5200,3000,1,1,1,0,0,0,1,1
ct,2900,4900,4850,2950,1,1,1,0,0,0,1,1
t,1400,4800,4800,1400,0,0,0,0,0,0,0,1
ct,3400,3050,2900,3550,1,1,1,1,0,0,1,1
t,1900,800,650,2050,0,0,0,0,0,0,1,1
ct,1900,800,650,2050,0,0,0,0,0,0,1,1
t,1900,800,700,2000,0,0,0,0,0,0,1,1
ct,1900,800,800,1900,0,0,0,0,0,0,1,1
ct,1900,800,650,2050,0,0,0,0,0,0,1,1
t,1900,800,650,2050,0,0,0,0,0,0,1,1
ct,1900,800,650,2050,0,0,0,0,0,0,1,1
t,1900,800,650,2050,0,0,0,0,0,0,1,1
ct,1900,800,650,2050,0,0,0,0,0,0,1,1
t,1900,800,700,2000,0,0,0,0,0,0,1,1
t,1400,3700,3250,1850,0,0,0,0,0,0,1,1
ct,2400,2100,2100,2400,0,0,0,0,0,0,1,1
ct,2400,2100,1650,2850,1,1,0,0,0,0,1,1
t,1400,3700,3700,1400,0,0,0,0,0,0,0,1
t,1400,4000,4000,1400,0,0,0,0,0,0,0,1
ct,2400,2100,2100,2400,0,0,0,0,0,0,1,1
t,1400,3650,3350,1700,0,0,0,0,0,0,1,1
ct,2900,2800,700,5000,1,1,1,1,0,0,1,1
ct,2900,2500,0,5400,1,1,1,1,1,0,1,1
ct,2900,3250,0,6150,1,1,1,1,1,1,1,1
ct,2900,2550,0,5450,1,1,1,1,1,0,1,1
ct,2900,2650,0,5550,1,1,1,1,1,0,1,1
ct,3400,5400,5400,3400,1,1,1,1,0,0,1,1
ct,3400,5500,5450,3450,1,1,1,1,0,0,1,1
ct,3400,6550,6550,3400,1,1,1,1,0,0,1,1
ct,3400,4850,4750,3500,1,1,1,1,0,0,1,1
t,1400,6150,4900,2650,1,0,0,0,0,0,1,1
ct,3400,5650,5600,3450,1,1,1,1,0,0,1,1
t,1900,5400,5100,2200,0,0,0,0,0,0,1,1
t,1900,2650,2650,1900,0,0,0,0,0,0,1,1
t,1900,5300,4800,2400,0,0,0,0,0,0,1,1
ct,1900,2650,2550,2000,0,0,0,0,0,0,1,1
ct,1900,4900,4850,1950,0,0,0,0,0,0,1,1
t,1900,2150,1000,3050,1,1,1,0,0,0,1,1
t,1900,2450,1300,3050,1,1,1,0,0,0,1,1
t,1900,2100,2000,2000,0,0,0,0,0,0,1,1
t,1900,3950,3900,1950,0,0,0,0,0,0,1,1
t,1400,3600,2200,2800,1,1,0,0,0,0,1,1
t,1900,2800,1500,3200,1,1,1,1,0,0,1,1
t,1900,1550,1450,2000,0,0,0,0,0,0,1,1
t,1900,2800,1800,2900,1,1,0,0,0,0,1,1
ct,1400,5650,5400,1650,0,0,0,0,0,0,0,1
t,1900,4150,3200,2850,1,1,0,0,0,0,1,1
t,2400,1950,0,4350,1,1,1,1,0,0,1,1
t,2400,2100,0,4500,1,1,1,1,0,0,1,1
ct,1400,5500,2500,4400,1,1,1,1,0,0,1,1
t,2400,1900,0,4300,1,1,1,1,0,0,1,1
t,2400,2900,0,5300,1,1,1,1,0,0,1,1
t,2400,2450,300,4550,1,1,1,1,0,0,1,1
t,2900,4350,4200,3050,1,1,1,0,0,0,1,1
t,2900,4500,4000,3400,1,1,1,1,0,0,1,1
t,2900,4300,4000,3200,1,1,1,1,0,0,1,1
t,2900,5300,4900,3300,1,1,1,1,0,0,1,1
t,2900,4550,4400,3050,1,1,1,0,0,0,1,1
t,3400,3650,3500,3550,1,1,1,1,0,0,1,1
ct,1400,9550,5800,5150,1,1,1,1,0,0,1,1
t,3400,3800,3800,3400,1,1,1,1,0,0,1,1
t,3400,4300,4200,3500,1,1,1,1,0,0,1,1
t,3400,3650,3500,3550,1,1,1,1,0,0,1,1
ct,1900,800,650,2050,0,0,0,0,0,0,1,1
ct,1900,800,650,2050,0,0,0,0,0,0,1,1
ct,1900,800,650,2050,0,0,0,0,0,0,1,1
ct,1900,800,650,2050,0,0,0,0,0,0,1,1
ct,1900,800,800,1900,0,0,0,0,0,0,1,1
ct,2400,2100,0,4500,1,1,1,1,0,0,1,1
t,1400,4250,4000,1650,0,0,0,0,0,0,0,1
ct,2400,2100,0,4500,1,1,1,1,0,0,1,1
t,1400,3350,3150,1600,0,0,0,0,0,0,0,1
ct,2400,2400,0,4800,1,1,1,1,0,0,1,1
t,1400,3950,3900,1450,0,0,0,0,0,0,0,1
ct,2400,2100,0,4500,1,1,1,1,0,0,1,1
t,1400,3400,3250,1550,0,0,0,0,0,0,0,1
ct,2400,1950,0,4350,1,1,1,1,0,0,1,1
ct,2900,4500,4350,3050,1,1,1,0,0,0,1,1
ct,2900,4500,4350,3050,1,1,1,0,0,0,1,1
ct,2900,4800,4650,3050,1,1,1,0,0,0,1,1
ct,2900,4500,4400,3000,1,1,1,0,0,0,1,1
ct,2900,4350,4350,2900,1,1,0,0,0,0,1,1
t,1900,5200,4900,2200,0,0,0,0,0,0,1,1
t,1900,4850,4800,1950,0,0,0,0,0,0,1,1
t,1900,4550,4400,2050,0,0,0,0,0,0,1,1
t,1900,3700,3700,1900,0,0,0,0,0,0,1,1
ct,1900,4200,4050,2050,0,0,0,0,0,0,1,1
ct,1900,6000,5050,2850,1,1,0,0,0,0,1,1
ct,1900,4850,4850,1900,0,0,0,0,0,0,1,1
t,1900,3300,3300,1900,0,0,0,0,0,0,1,1
t,1900,1850,1850,1900,0,0,0,0,0,0,1,1
t,1900,3300,3250,1950,0,0,0,0,0,0,1,1
t,2400,1900,0,4300,1,1,1,1,0,0,1,1
ct,1400,6300,5200,2500,1,0,0,0,0,0,1,1
t,2400,1900,0,4300,1,1,1,1,0,0,1,1
t,2400,1950,0,4350,1,1,1,1,0,0,1,1
t,2400,2250,50,4600,1,1,1,1,0,0,1,1
t,2900,4300,4200,3000,1,1,1,0,0,0,1,1
t,2900,4300,4200,3000,1,1,1,0,0,0,1,1
t,2900,4650,4400,3150,1,1,1,1,0,0,1,1
t,2900,4350,4000,3250,1,1,1,1,0,0,1,1
t,2900,4600,4600,2900,1,1,0,0,0,0,1,1
t,3400,3000,1150,5250,1,1,1,1,0,0,1,1
t,3400,3000,1400,5000,1,1,1,1,0,0,1,1
t,3400,3150,2200,4350,1,1,1,1,0,0,1,1
ct,1400,9250,5200,5450,1,1,1,1,1,0,1,1
t,3400,2900,1800,4500,1,1,1,1,0,0,1,1
t,3400,5250,4900,3750,1,1,1,1,0,0,1,1
t,3400,4350,3900,3850,1,1,1,1,0,0,1,1
ct,1400,7850,5200,4050,1,1,1,1,0,0,1,1
t,3400,4900,4800,3500,1,1,1,1,0,0,1,1
t,3400,4500,4400,3500,1,1,1,1,0,0,1,1
t,3400,3850,3700,3550,1,1,1,1,0,0,1,1
t,3400,4100,3900,3600,1,1,1,1,0,0,1,1
t,3400,3850,3800,3450,1,1,1,1,0,0,1,1
ct,1400,15100,5600,10900,1,1,1,1,1,1,1,1
t,3400,3500,3500,3400,1,1,1,1,0,0,1,1
ct,1900,800,650,2050,0,0,0,0,0,0,1,1
ct,1900,800,800,1900,0,0,0,0,0,0,1,1
t,1900,800,650,2050,0,0,0,0,0,0,1,1
t,1900,800,650,2050,0,0,0,0,0,0,1,1
ct,1900,800,650,2050,0,0,0,0,0,0,1,1
t,1900,800,650,2050,0,0,0,0,0,0,1,1
t,1900,800,700,2000,0,0,0,0,0,0,1,1
t,1900,800,650,2050,0,0,0,0,0,0,1,1
ct,1900,800,650,2050,0,0,0,0,0,0,1,1
ct,1900,800,650,2050,0,0,0,0,0,0,1,1
ct,1400,4250,4050,1600,0,0,0,0,0,0,0,1
ct,1400,3500,0,4900,1,1,1,1,0,0,1,1
t,2400,2050,0,4450,1,1,1,1,0,0,1,1
t,2400,2050,0,4450,1,1,1,1,0,0,1,1
ct,1400,3950,1000,4350,1,1,1,1,0,0,1,1
t,2400,2050,0,4450,1,1,1,1,0,0,1,1
t,2400,2000,0,4400,1,1,1,1,0,0,1,1
t,2400,2650,0,5050,1,1,1,1,0,0,1,1
ct,1400,3650,2850,2200,0,0,0,0,0,0,1,1
ct,1400,4250,4200,1450,0,0,0,0,0,0,0,1
t,2900,4450,4400,2950,1,1,1,0,0,0,1,1
t,2900,4450,3900,3450,1,1,1,1,0,0,1,1
ct,1400,6450,6450,1400,0,0,0,0,0,0,0,1
t,2900,4450,4400,2950,1,1,1,0,0,0,1,1
t,2900,4400,4400,2900,1,1,0,0,0,0,1,1
t,2900,4750,4600,3050,1,1,1,0,0,0,1,1
ct,1900,4600,4550,1950,0,0,0,0,0,0,1,1
t,1400,4150,3050,2500,1,0,0,0,0,0,1,1
ct,1900,4650,4550,2000,0,0,0,0,0,0,1,1
ct,2400,2500,500,4400,1,1,1,1,0,0,1,1
ct,2400,2300,0,4700,1,1,1,1,0,0,1,1
t,1400,3250,3100,1550,0,0,0,0,0,0,0,1
ct,2400,2100,300,4200,1,1,1,1,0,0,1,1
ct,2400,2450,700,4150,1,1,1,1,0,0,1,1
ct,2900,4450,4400,2950,1,1,1,0,0,0,1,1
ct,2900,4450,3850,3500,1,1,1,1,0,0,1,1
t,1400,5950,4800,2550,1,0,0,0,0,0,1,1
ct,2900,4250,4150,3000,1,1,1,0,0,0,1,1
ct,2900,4200,4050,3050,1,1,1,0,0,0,1,1
ct,1400,6000,5600,1800,0,0,0,0,0,0,1,1
ct,1400,4100,4050,1450,0,0,0,0,0,0,0,1
t,1900,6900,6850,1950,0,0,0,0,0,0,1,1
t,1900,5650,4900,2650,1,0,0,0,0,0,1,1
t,1900,7600,4800,4700,1,1,1,1,0,0,1,1
ct,1400,4150,4150,1400,0,0,0,0,0,0,0,1
ct,1900,2650,500,4050,1,1,1,1,0,0,1,1
ct,1900,2550,400,4050,1,1,1,1,0,0,1,1
ct,2400,4600,4550,2450,1,0,0,0,0,0,1,1
ct,2900,3150,1450,4600,1,1,1,1,0,0,1,1
t,1400,8800,4800,5400,1,1,1,1,1,0,1,1
ct,2900,3150,300,5750,1,1,1,1,1,0,1,1
t,1400,6900,4900,3400,1,1,1,1,0,0,1,1
t,1400,9400,4800,6000,1,1,1,1,1,1,1,1
t,1400,8050,4900,4550,1,1,1,1,0,0,1,1
ct,2900,5250,3550,4600,1,1,1,1,0,0,1,1
ct,2900,3150,1450,4600,1,1,1,1,0,0,1,1
ct,3400,5550,5200,3750,1,1,1,1,0,0,1,1
ct,3400,5450,5400,3450,1,1,1,1,0,0,1,1
ct,3400,6400,6400,3400,1,1,1,1,0,0,1,1
t,1400,6100,4900,2600,1,0,0,0,0,0,1,1
ct,3400,5250,5200,3450,1,1,1,1,0,0,1,1
ct,3400,3900,3900,3400,1,1,1,1,0,0,1,1
ct,3400,3600,3450,3550,1,1,1,1,0,0,1,1
t,1400,9950,5400,5950,1,1,1,1,1,1,1,1
t,1400,7950,4800,4550,1,1,1,1,0,0,1,1
ct,3400,3900,3850,3450,1,1,1,1,0,0,1,1
t,1900,800,650,2050,0,0,0,0,0,0,1,1
t,1900,800,800,1900,0,0,0,0,0,0,1,1
t,1900,800,750,1950,0,0,0,0,0,0,1,1
t,1900,800,650,2050,0,0,0,0,0,0,1,1
t,1900,800,650,2050,0,0,0,0,0,0,1,1
t,2400,2950,2000,3350,1,1,1,1,0,0,1,1
ct,1400,3850,3850,1400,0,0,0,0,0,0,0,1
ct,1400,4200,4050,1550,0,0,0,0,0,0,0,1
t,2400,2850,2750,2500,1,0,0,0,0,0,1,1
ct,1400,5100,4950,1550,0,0,0,0,0,0,0,1
ct,1400,3900,3250,2050,0,0,0,0,0,0,1,1
ct,1400,4200,4200,1400,0,0,0,0,0,0,0,1
t,2400,3250,3150,2500,1,0,0,0,0,0,1,1
t,2900,3350,0,6250,1,1,1,1,1,1,1,1
t,2900,2500,300,5100,1,1,1,1,0,0,1,1
t,2900,2500,0,5400,1,1,1,1,1,0,1,1
t,2900,2450,700,4650,1,1,1,1,0,0,1,1
t,3400,5100,4800,3700,1,1,1,1,0,0,1,1
t,3400,4700,4600,3500,1,1,1,1,0,0,1,1
t,3400,4650,4600,3450,1,1,1,1,0,0,1,1
ct,1900,4600,4550,1950,0,0,0,0,0,0,1,1
ct,1900,4250,4150,2000,0,0,0,0,0,0,1,1
t,1400,4900,4800,1500,0,0,0,0,0,0,0,1
ct,2400,2450,500,4350,1,1,1,1,0,0,1,1
ct,2400,2200,0,4600,1,1,1,1,0,0,1,1
ct,2400,2500,0,4900,1,1,1,1,0,0,1,1
t,1900,800,650,2050,0,0,0,0,0,0,1,1
ct,1900,800,800,1900,0,0,0,0,0,0,1,1
t,1900,800,700,2000,0,0,0,0,0,0,1,1
ct,1900,800,650,2050,0,0,0,0,0,0,1,1
t,1900,800,650,2050,0,0,0,0,0,0,1,1
t,1900,800,650,2050,0,0,0,0,0,0,1,1
ct,1900,800,700,2000,0,0,0,0,0,0,1,1
ct,1900,800,650,2050,0,0,0,0,0,0,1,1
t,1900,800,650,2050,0,0,0,0,0,0,1,1
ct,1900,800,650,2050,0,0,0,0,0,0,1,1
t,1400,4250,4200,1450,0,0,0,0,0,0,0,1
ct,2400,2250,1500,3150,1,1,1,1,0,0,1,1
ct,2400,2100,2000,2500,1,0,0,0,0,0,1,1
t,1400,3950,3950,1400,0,0,0,0,0,0,0,1
ct,2400,2050,1950,2500,1,0,0,0,0,0,1,1
ct,2400,2100,950,3550,1,1,1,1,0,0,1,1
t,1400,3950,3300,2050,0,0,0,0,0,0,1,1
ct,2400,2100,2100,2400,0,0,0,0,0,0,1,1
t,1900,1750,1700,1950,0,0,0,0,0,0,1,1
ct,1400,4750,3600,2550,1,0,0,0,0,0,1,1
t,1900,1550,1400,2050,0,0,0,0,0,0,1,1
ct,1400,3800,3700,1500,0,0,0,0,0,0,0,1
t,1900,1400,1250,2050,0,0,0,0,0,0,1,1
t,2400,1950,0,4350,1,1,1,1,0,0,1,1
t,2400,2050,0,4450,1,1,1,1,0,0,1,1
t,2400,2050,0,4450,1,1,1,1,0,0,1,1
t,2400,1950,0,4350,1,1,1,1,0,0,1,1
t,2400,1950,0,4350,1,1,1,1,0,0,1,1
t,2900,4350,4300,2950,1,1,1,0,0,0,1,1
t,2900,4450,4400,2950,1,1,1,0,0,0,1,1
t,2900,4150,3900,3150,1,1,1,1,0,0,1,1
t,2900,4350,4200,3050,1,1,1,0,0,0,1,1
t,2900,4350,4200,3050,1,1,1,0,0,0,1,1
t,3400,4150,4000,3550,1,1,1,1,0,0,1,1
t,3400,3550,3500,3450,1,1,1,1,0,0,1,1
ct,1400,10050,5600,5850,1,1,1,1,1,0,1,1
t,3400,3750,3150,4000,1,1,1,1,0,0,1,1
t,3400,4550,4400,3550,1,1,1,1,0,0,1,1
ct,1400,8350,5600,4150,1,1,1,1,0,0,1,1
ct,1400,10600,5600,6400,1,1,1,1,1,1,1,1
t,3400,3650,3600,3450,1,1,1,1,0,0,1,1
t,3400,3550,1850,5100,1,1,1,1,0,0,1,1
t,3400,3450,1750,5100,1,1,1,1,0,0,1,1
t,3400,3550,1800,5150,1,1,1,1,0,0,1,1
t,3400,3450,1800,5050,1,1,1,1,0,0,1,1
t,1400,5500,4900,2000,0,0,0,0,0,0,1,1
ct,1900,8750,5600,5050,1,1,1,1,0,0,1,1
t,1400,7050,6950,1500,0,0,0,0,0,0,0,1
t,1400,5650,4900,2150,0,0,0,0,0,0,1,1
ct,1900,9400,5600,5700,1,1,1,1,1,0,1,1
t,1400,5150,4900,1650,0,0,0,0,0,0,0,1
ct,1900,14550,5800,10650,1,1,1,1,1,1,1,1
t,1900,3500,2200,3200,1,1,1,1,0,0,1,1
ct,1400,7800,5600,3600,1,1,1,1,0,0,1,1
t,1900,3650,2100,3450,1,1,1,1,0,0,1,1
ct,1400,7250,5600,3050,1,1,1,0,0,0,1,1
t,1900,3150,1700,3350,1,1,1,1,0,0,1,1
ct,1400,12200,5600,8000,1,1,1,1,1,1,1,1
t,1400,5250,3900,2750,1,0,0,0,0,0,1,1
t,1400,5150,4800,1750,0,0,0,0,0,0,1,1
t,1400,4700,4600,1500,0,0,0,0,0,0,0,1
ct,1900,8150,5600,4450,1,1,1,1,0,0,1,1
t,1900,4950,3700,3150,1,1,1,1,0,0,1,1
t,1900,3350,1450,3800,1,1,1,1,0,0,1,1
t,1900,6850,4800,3950,1,1,1,1,0,0,1,1
t,1900,5900,3900,3900,1,1,1,1,0,0,1,1
ct,1400,5750,5200,1950,0,0,0,0,0,0,1,1
t,1900,3100,2050,2950,1,1,1,0,0,0,1,1
t,2400,4450,4400,2450,1,0,0,0,0,0,1,1
t,2400,4800,4700,2500,1,0,0,0,0,0,1,1
ct,1400,5600,5600,1400,0,0,0,0,0,0,0,1
t,2400,4900,4800,2500,1,0,0,0,0,0,1,1
t,2400,3950,3900,2450,1,0,0,0,0,0,1,1
t,1900,800,800,1900,0,0,0,0,0,0,1,1
t,1900,800,650,2050,0,0,0,0,0,0,1,1
t,1900,800,800,1900,0,0,0,0,0,0,1,1
t,1900,800,650,2050,0,0,0,0,0,0,1,1
t,1900,800,650,2050,0,0,0,0,0,0,1,1
ct,1400,3900,3550,1750,0,0,0,0,0,0,1,1
ct,1400,4350,4250,1500,0,0,0,0,0,0,0,1
t,2400,2650,2500,2550,1,0,0,0,0,0,1,1
ct,1400,4200,4200,1400,0,0,0,0,0,0,0,1
ct,1400,4500,4500,1400,0,0,0,0,0,0,0,1
t,2400,2500,2400,2500,1,0,0,0,0,0,1,1
t,2400,3250,3100,2550,1,0,0,0,0,0,1,1
ct,1400,4050,3900,1550,0,0,0,0,0,0,0,1
t,2400,2950,2800,2550,1,0,0,0,0,0,1,1
t,1400,3800,3600,1600,0,0,0,0,0,0,0,1
ct,1900,1900,1750,2050,0,0,0,0,0,0,1,1
ct,2400,2250,300,4350,1,1,1,1,0,0,1,1
ct,2400,2600,0,5000,1,1,1,1,0,0,1,1
t,1400,5550,4900,2050,0,0,0,0,0,0,1,1
ct,2400,2850,700,4550,1,1,1,1,0,0,1,1
t,1400,5950,4900,2450,1,0,0,0,0,0,1,1
ct,2400,2250,0,4650,1,1,1,1,0,0,1,1
t,1400,4450,4400,1450,0,0,0,0,0,0,0,1
ct,2900,5100,4850,3150,1,1,1,1,0,0,1,1
ct,2900,4650,4650,2900,1,1,0,0,0,0,1,1
t,1400,3800,3250,1950,0,0,0,0,0,0,1,1
ct,2900,4750,4750,2900,1,1,0,0,0,0,1,1
t,1900,3350,3300,1950,0,0,0,0,0,0,1,1
t,1900,1950,1300,2550,1,0,0,0,0,0,1,1
t,1900,2350,1700,2550,1,0,0,0,0,0,1,1
t,1900,4650,4600,1950,0,0,0,0,0,0,1,1
ct,1900,6300,5600,2600,1,0,0,0,0,0,1,1
t,1400,4250,3900,1750,0,0,0,0,0,0,1,1
ct,1900,800,650,2050,0,0,0,0,0,0,1,1
ct,1900,800,650,2050,0,0,0,0,0,0,1,1
t,1900,800,650,2050,0,0,0,0,0,0,1,1
ct,1900,800,650,2050,0,0,0,0,0,0,1,1
t,1900,800,650,2050,0,0,0,0,0,0,1,1
t,1900,800,650,2050,0,0,0,0,0,0,1,1
t,1900,800,700,2000,0,0,0,0,0,0,1,1
ct,1900,800,650,2050,0,0,0,0,0,0,1,1
ct,1900,800,800,1900,0,0,0,0,0,0,1,1
t,1900,800,700,2000,0,0,0,0,0,0,1,1
ct,1400,4800,4750,1450,0,0,0,0,0,0,0,1
t,2400,3550,3500,2450,1,0,0,0,0,0,1,1
ct,1400,3900,3900,1400,0,0,0,0,0,0,0,1
t,2400,2950,2700,2650,1,0,0,0,0,0,1,1
t,2400,2650,2600,2450,1,0,0,0,0,0,1,1
t,2400,2600,2600,2400,0,0,0,0,0,0,1,1
ct,1400,3900,3900,1400,0,0,0,0,0,0,0,1
ct,1400,4050,3950,1500,0,0,0,0,0,0,0,1
t,2400,2600,2400,2600,1,0,0,0,0,0,1,1
t,2900,3050,1000,4950,1,1,1,1,0,0,1,1
t,2900,3250,700,5450,1,1,1,1,1,0,1,1
t,2900,3350,1700,4550,1,1,1,1,0,0,1,1
t,2900,3000,900,5000,1,1,1,1,0,0,1,1
t,2900,3200,0,6100,1,1,1,1,1,1,1,1
ct,1400,6100,5600,1900,0,0,0,0,0,0,1,1
t,3400,4950,4600,3750,1,1,1,1,0,0,1,1
t,3400,5150,4900,3650,1,1,1,1,0,0,1,1
t,3400,5000,4800,3600,1,1,1,1,0,0,1,1
t,3400,4750,4600,3550,1,1,1,1,0,0,1,1
ct,1900,6400,4850,3450,1,1,1,1,0,0,1,1
t,1400,3950,3900,1450,0,0,0,0,0,0,0,1
ct,1400,4400,4400,1400,0,0,0,0,0,0,0,1
ct,1400,5500,5200,1700,0,0,0,0,0,0,1,1
t,1900,5250,3700,3450,1,1,1,1,0,0,1,1
ct,1400,5300,5200,1500,0,0,0,0,0,0,0,1
t,1900,3450,1650,3700,1,1,1,1,0,0,1,1
t,1900,5050,4000,2950,1,1,1,0,0,0,1,1
t,1900,3500,1400,4000,1,1,1,1,0,0,1,1
t,1900,3650,1000,4550,1,1,1,1,0,0,1,1
t,2400,4450,4400,2450,1,0,0,0,0,0,1,1
t,2400,3950,3900,2450,1,0,0,0,0,0,1,1
t,2400,5300,4800,2900,1,1,0,0,0,0,1,1
ct,1400,4900,4850,1450,0,0,0,0,0,0,0,1
t,2400,5550,5400,2550,1,0,0,0,0,0,1,1
ct,1900,3700,3250,2350,0,0,0,0,0,0,1,1
t,1400,3600,3500,1500,0,0,0,0,0,0,0,1
ct,1900,2100,0,4000,1,1,1,1,0,0,1,1
t,1400,3900,3900,1400,0,0,0,0,0,0,0,1
t,1400,3750,3700,1450,0,0,0,0,0,0,0,1
ct,1900,2550,2350,2100,0,0,0,0,0,0,1,1
ct,1900,1950,1800,2050,0,0,0,0,0,0,1,1
t,1400,3500,3500,1400,0,0,0,0,0,0,0,1
ct,1400,4700,4700,1400,0,0,0,0,0,0,0,1
t,1900,3400,1800,3500,1,1,1,1,0,0,1,1
t,1900,3200,1350,3750,1,1,1,1,0,0,1,1
t,1900,3000,1450,3450,1,1,1,1,0,0,1,1
t,1900,3950,1200,4650,1,1,1,1,0,0,1,1
ct,1400,4200,3400,2200,0,0,0,0,0,0,1,1
t,1900,4800,3700,3000,1,1,1,0,0,0,1,1
ct,1400,5050,4900,1550,0,0,0,0,0,0,0,1
t,2400,5400,4800,3000,1,1,1,0,0,0,1,1
ct,1400,5250,5200,1450,0,0,0,0,0,0,0,1
t,2400,5350,4900,2850,1,1,0,0,0,0,1,1
t,2400,5450,4900,2950,1,1,1,0,0,0,1,1
ct,1400,4050,4050,1400,0,0,0,0,0,0,0,1
ct,1900,1700,0,3600,1,1,1,1,0,0,1,1
ct,1900,3200,650,4450,1,1,1,1,0,0,1,1
ct,1900,1900,0,3800,1,1,1,1,0,0,1,1
t,1400,4100,4000,1500,0,0,0,0,0,0,0,1
ct,1900,1850,0,3750,1,1,1,1,0,0,1,1
ct,1400,5450,5100,1750,0,0,0,0,0,0,1,1
t,1900,3850,3700,2050,0,0,0,0,0,0,1,1
t,1900,3300,3300,1900,0,0,0,0,0,0,1,1
t,1900,3100,2600,2400,0,0,0,0,0,0,1,1
t,1900,4750,4600,2050,0,0,0,0,0,0,1,1
t,1900,4750,4600,2050,0,0,0,0,0,0,1,1
t,1900,800,650,2050,0,0,0,0,0,0,1,1
t,1900,800,650,2050,0,0,0,0,0,0,1,1
t,1900,800,650,2050,0,0,0,0,0,0,1,1
t,1900,800,700,2000,0,0,0,0,0,0,1,1
t,1900,800,700,2000,0,0,0,0,0,0,1,1
t,1400,3400,3300,1500,0,0,0,0,0,0,0,1
t,1400,4600,4600,1400,0,0,0,0,0,0,0,1
ct,2400,2400,2250,2550,1,0,0,0,0,0,1,1
t,1400,3700,3650,1450,0,0,0,0,0,0,0,1
ct,2400,2100,2100,2400,0,0,0,0,0,0,1,1
ct,2400,2050,2000,2450,1,0,0,0,0,0,1,1
t,1400,3650,3500,1550,0,0,0,0,0,0,0,1
ct,2400,2100,1650,2850,1,1,0,0,0,0,1,1
ct,2900,2450,600,4750,1,1,1,1,0,0,1,1
ct,2900,2800,1100,4600,1,1,1,1,0,0,1,1
ct,2900,2500,300,5100,1,1,1,1,0,0,1,1
ct,3400,5950,5600,3750,1,1,1,1,0,0,1,1
ct,3400,4850,4700,3550,1,1,1,1,0,0,1,1
ct,3400,4700,4550,3550,1,1,1,1,0,0,1,1
ct,3400,5200,4850,3750,1,1,1,1,0,0,1,1
t,1900,3500,2600,2800,1,1,0,0,0,0,1,1
t,1900,4950,4900,1950,0,0,0,0,0,0,1,1
t,1900,8150,7500,2550,1,0,0,0,0,0,1,1
t,2400,2800,700,4500,1,1,1,1,0,0,1,1
t,2400,2950,0,5350,1,1,1,1,0,0,1,1
ct,1400,6900,5200,3100,1,1,1,0,0,0,1,1
ct,1400,5300,5300,1400,0,0,0,0,0,0,0,1
t,2400,2550,0,4950,1,1,1,1,0,0,1,1
t,2400,2300,0,4700,1,1,1,1,0,0,1,1
t,2900,4500,4400,3000,1,1,1,0,0,0,1,1
t,2900,4650,4600,2950,1,1,1,0,0,0,1,1
t,2900,4950,4900,2950,1,1,1,0,0,0,1,1
t,2900,4950,4800,3050,1,1,1,0,0,0,1,1
t,2900,4700,4700,2900,1,1,0,0,0,0,1,1
t,3400,3000,1850,4550,1,1,1,1,0,0,1,1
t,3400,2950,800,5550,1,1,1,1,1,0,1,1
ct,1400,8000,5200,4200,1,1,1,1,0,0,1,1
t,3400,3250,1800,4850,1,1,1,1,0,0,1,1
ct,1400,9000,5800,4600,1,1,1,1,0,0,1,1
t,3400,2900,1200,5100,1,1,1,1,0,0,1,1
t,3400,4550,4400,3550,1,1,1,1,0,0,1,1
t,3400,5550,4800,4150,1,1,1,1,0,0,1,1
ct,1400,6300,5200,2500,1,0,0,0,0,0,1,1
t,3400,4850,4800,3450,1,1,1,1,0,0,1,1
t,3400,5400,4900,3900,1,1,1,1,0,0,1,1
ct,1900,9600,5800,5700,1,1,1,1,1,0,1,1
ct,1900,7400,5800,3500,1,1,1,1,0,0,1,1
ct,1900,7500,5800,3600,1,1,1,1,0,0,1,1
t,1900,4750,4600,2050,0,0,0,0,0,0,1,1
t,1900,4550,4400,2050,0,0,0,0,0,0,1,1
t,1900,3900,3900,1900,0,0,0,0,0,0,1,1
t,1900,800,700,2000,0,0,0,0,0,0,1,1
t,1900,800,650,2050,0,0,0,0,0,0,1,1
t,1900,800,750,1950,0,0,0,0,0,0,1,1
t,1900,800,650,2050,0,0,0,0,0,0,1,1
t,1900,800,650,2050,0,0,0,0,0,0,1,1
ct,1900,800,650,2050,0,0,0,0,0,0,1,1
ct,1900,800,800,1900,0,0,0,0,0,0,1,1
ct,1900,800,650,2050,0,0,0,0,0,0,1,1
ct,1900,800,650,2050,0,0,0,0,0,0,1,1
ct,1900,800,650,2050,0,0,0,0,0,0,1,1
t,1400,3350,3300,1450,0,0,0,0,0,0,0,1
t,1400,4300,4200,1500,0,0,0,0,0,0,0,1
t,1400,3900,3150,2150,0,0,0,0,0,0,1,1
t,1400,3700,3650,1450,0,0,0,0,0,0,0,1
t,1400,3400,3250,1550,0,0,0,0,0,0,0,1
ct,2400,2450,2450,2400,0,0,0,0,0,0,1,1
ct,2400,2000,2000,2400,0,0,0,0,0,0,1,1
ct,2400,2450,2450,2400,0,0,0,0,0,0,1,1
ct,2400,2150,2100,2450,1,0,0,0,0,0,1,1
t,1400,4000,2950,2450,1,0,0,0,0,0,1,1
t,1400,4300,4000,1700,0,0,0,0,0,0,1,1
ct,2900,2500,700,4700,1,1,1,1,0,0,1,1
ct,2900,2800,800,4900,1,1,1,1,0,0,1,1
ct,2900,3100,1350,4650,1,1,1,1,0,0,1,1
ct,2900,3200,0,6100,1,1,1,1,1,1,1,1
ct,2900,2550,500,4950,1,1,1,1,0,0,1,1
ct,3400,4700,4700,3400,1,1,1,1,0,0,1,1
ct,3400,4900,4900,3400,1,1,1,1,0,0,1,1
ct,3400,4650,4500,3550,1,1,1,1,0,0,1,1
ct,3400,5800,5700,3500,1,1,1,1,0,0,1,1
ct,3400,4950,4850,3500,1,1,1,1,0,0,1,1
t,1400,6000,4600,2800,1,1,0,0,0,0,1,1
ct,3400,3550,2200,4750,1,1,1,1,0,0,1,1
ct,3400,4000,2600,4800,1,1,1,1,0,0,1,1
t,1400,5250,4000,2650,1,0,0,0,0,0,1,1
ct,3400,4900,4850,3450,1,1,1,1,0,0,1,1
ct,3400,5200,5050,3550,1,1,1,1,0,0,1,1
ct,3400,4950,4900,3450,1,1,1,1,0,0,1,1
ct,3400,6700,6700,3400,1,1,1,1,0,0,1,1
ct,3400,5600,5450,3550,1,1,1,1,0,0,1,1
t,1900,5400,4600,2700,1,0,0,0,0,0,1,1
t,1900,7050,5100,3850,1,1,1,1,0,0,1,1
ct,1400,3600,1750,3250,1,1,1,1,0,0,1,1
ct,1900,6300,5600,2600,1,0,0,0,0,0,1,1
ct,1900,4850,4850,1900,0,0,0,0,0,0,1,1
t,1900,4100,3700,2300,0,0,0,0,0,0,1,1
t,1900,4650,4500,2050,0,0,0,0,0,0,1,1
t,1900,2100,0,4000,1,1,1,1,0,0,1,1
t,1900,2550,0,4450,1,1,1,1,0,0,1,1
t,1900,1450,0,3350,1,1,1,1,0,0,1,1
t,1900,3100,0,5000,1,1,1,1,0,0,1,1
t,2400,4000,3900,2500,1,0,0,0,0,0,1,1
t,2400,4250,3900,2750,1,0,0,0,0,0,1,1
t,2400,3350,3150,2600,1,0,0,0,0,0,1,1
t,2400,5300,5100,2600,1,0,0,0,0,0,1,1
ct,1400,6250,6100,1550,0,0,0,0,0,0,0,1
ct,1400,6100,6100,1400,0,0,0,0,0,0,0,1
t,1900,800,650,2050,0,0,0,0,0,0,1,1
t,1900,800,650,2050,0,0,0,0,0,0,1,1
t,1900,800,650,2050,0,0,0,0,0,0,1,1
t,1900,800,700,2000,0,0,0,0,0,0,1,1
t,1900,800,700,2000,0,0,0,0,0,0,1,1
ct,2400,2050,1900,2550,1,0,0,0,0,0,1,1
ct,2400,2200,1950,2650,1,0,0,0,0,0,1,1
ct,2400,2500,2250,2650,1,0,0,0,0,0,1,1
t,1400,3400,3300,1500,0,0,0,0,0,0,0,1
t,1400,4000,4000,1400,0,0,0,0,0,0,0,1
t,1400,4300,4300,1400,0,0,0,0,0,0,0,1
t,1400,3350,2550,2200,0,0,0,0,0,0,1,1
t,1400,3650,3600,1450,0,0,0,0,0,0,0,1
ct,1400,6250,6050,1600,0,0,0,0,0,0,0,1
ct,1400,3900,3550,1750,0,0,0,0,0,0,1,1
ct,1400,4000,3900,1500,0,0,0,0,0,0,0,1
ct,1400,4600,4200,1800,0,0,0,0,0,0,1,1
t,1900,2400,2400,1900,0,0,0,0,0,0,1,1
t,1900,2600,2450,2050,0,0,0,0,0,0,1,1
t,1900,2600,2400,2100,0,0,0,0,0,0,1,1
t,1900,2500,2400,2000,0,0,0,0,0,0,1,1
t,1900,2050,2000,1950,0,0,0,0,0,0,1,1
t,2400,1900,0,4300,1,1,1,1,0,0,1,1
t,2400,2350,200,4550,1,1,1,1,0,0,1,1
t,2400,2400,300,4500,1,1,1,1,0,0,1,1
t,2400,2000,0,4400,1,1,1,1,0,0,1,1
t,2400,1950,0,4350,1,1,1,1,0,0,1,1
t,2900,4300,4200,3000,1,1,1,0,0,0,1,1
t,2900,4550,4500,2950,1,1,1,0,0,0,1,1
t,2900,4500,4400,3000,1,1,1,0,0,0,1,1
t,2900,4400,4400,2900,1,1,0,0,0,0,1,1
t,2900,4650,4600,2950,1,1,1,0,0,0,1,1
ct,1400,5900,5200,2100,0,0,0,0,0,0,1,1
ct,1400,6400,4200,3600,1,1,1,1,0,0,1,1
t,3400,3900,3900,3400,1,1,1,1,0,0,1,1
t,3400,3850,3800,3450,1,1,1,1,0,0,1,1
t,3400,3900,0,7300,1,1,1,1,1,1,1,1
t,3400,3500,3500,3400,1,1,1,1,0,0,1,1
t,3400,3550,3500,3450,1,1,1,1,0,0,1,1
t,1900,800,650,2050,0,0,0,0,0,0,1,1
ct,1900,800,650,2050,0,0,0,0,0,0,1,1
t,1900,800,650,2050,0,0,0,0,0,0,1,1
ct,1900,800,650,2050,0,0,0,0,0,0,1,1
ct,1900,800,650,2050,0,0,0,0,0,0,1,1
ct,1900,800,800,1900,0,0,0,0,0,0,1,1
t,1900,800,650,2050,0,0,0,0,0,0,1,1
t,1900,800,700,2000,0,0,0,0,0,0,1,1
t,1900,800,700,2000,0,0,0,0,0,0,1,1
ct,1900,800,800,1900,0,0,0,0,0,0,1,1
ct,1400,4200,3450,2150,0,0,0,0,0,0,1,1
ct,1400,4350,4250,1500,0,0,0,0,0,0,0,1
t,2400,2600,2600,2400,0,0,0,0,0,0,1,1
ct,1900,1700,1650,1950,0,0,0,0,0,0,1,1
t,1400,4500,4400,1500,0,0,0,0,0,0,0,1
ct,1900,1650,1650,1900,0,0,0,0,0,0,1,1
ct,1900,2650,1450,3100,1,1,1,0,0,0,1,1
ct,1900,2300,2200,2000,0,0,0,0,0,0,1,1
t,1400,3450,3300,1550,0,0,0,0,0,0,0,1
t,1400,3250,3250,1400,0,0,0,0,0,0,0,1
t,1900,2300,2300,1900,0,0,0,0,0,0,1,1
t,1900,1500,1500,1900,0,0,0,0,0,0,1,1
ct,1400,5250,5100,1550,0,0,0,0,0,0,0,1
t,1900,1550,1550,1900,0,0,0,0,0,0,1,1
t,1900,1400,0,3300,1,1,1,1,0,0,1,1
ct,1900,4100,4050,1950,0,0,0,0,0,0,1,1
ct,1900,4750,4650,2000,0,0,0,0,0,0,1,1
t,1400,3950,3800,1550,0,0,0,0,0,0,0,1
t,1900,4300,1350,4850,1,1,1,1,0,0,1,1
ct,1400,5250,5200,1450,0,0,0,0,0,0,0,1
t,1900,3900,1500,4300,1,1,1,1,0,0,1,1
ct,1400,3850,3800,1450,0,0,0,0,0,0,0,1
t,1900,4200,3700,2400,0,0,0,0,0,0,1,1
t,1900,2000,300,3600,1,1,1,1,0,0,1,1
t,1900,3050,0,4950,1,1,1,1,0,0,1,1
ct,1400,4950,4900,1450,0,0,0,0,0,0,0,1
t,2400,4850,4700,2550,1,0,0,0,0,0,1,1
t,2400,4300,3900,2800,1,1,0,0,0,0,1,1
t,2400,3600,3500,2500,1,0,0,0,0,0,1,1
t,2400,4650,4600,2450,1,0,0,0,0,0,1,1
ct,1900,2750,2450,2200,0,0,0,0,0,0,1,1
ct,1900,2500,2450,1950,0,0,0,0,0,0,1,1
ct,1900,4350,4350,1900,0,0,0,0,0,0,1,1
t,1400,3550,3200,1750,0,0,0,0,0,0,1,1
ct,1900,4550,4550,1900,0,0,0,0,0,0,1,1
t,1400,5100,4900,1600,0,0,0,0,0,0,0,1
ct,2400,2350,0,4750,1,1,1,1,0,0,1,1
ct,2400,2200,300,4300,1,1,1,1,0,0,1,1
t,1400,5600,4900,2100,0,0,0,0,0,0,1,1
ct,2400,2350,0,4750,1,1,1,1,0,0,1,1
ct,2900,4950,4850,3000,1,1,1,0,0,0,1,1
t,1400,7000,4000,4400,1,1,1,1,0,0,1,1
ct,2900,4700,4650,2950,1,1,1,0,0,0,1,1
ct,2900,5550,5400,3050,1,1,1,0,0,0,1,1
ct,2900,4500,4100,3300,1,1,1,1,0,0,1,1
t,1400,7700,6450,2650,1,0,0,0,0,0,1,1
t,1400,3950,3250,2100,0,0,0,0,0,0,1,1
ct,2900,4950,4900,2950,1,1,1,0,0,0,1,1
ct,3400,3100,1650,4850,1,1,1,1,0,0,1,1
ct,3400,3350,1750,5000,1,1,1,1,0,0,1,1
ct,3400,3700,1500,5600,1,1,1,1,1,0,1,1
ct,3400,3050,1450,5000,1,1,1,1,0,0,1,1
t,1400,6200,4600,3000,1,1,1,0,0,0,1,1
ct,3400,5000,4850,3550,1,1,1,1,0,0,1,1
ct,3400,6400,6400,3400,1,1,1,1,0,0,1,1
ct,3400,6350,5800,3950,1,1,1,1,0,0,1,1
t,1400,5150,4900,1650,0,0,0,0,0,0,0,1
t,1400,5850,4900,2350,0,0,0,0,0,0,1,1
ct,3400,5150,5000,3550,1,1,1,1,0,0,1,1
ct,1900,800,650,2050,0,0,0,0,0,0,1,1
ct,1900,800,800,1900,0,0,0,0,0,0,1,1
ct,1900,800,650,2050,0,0,0,0,0,0,1,1
ct,1900,800,650,2050,0,0,0,0,0,0,1,1
ct,1900,800,800,1900,0,0,0,0,0,0,1,1
ct,2400,2300,2200,2500,1,0,0,0,0,0,1,1
t,1400,3600,3250,1750,0,0,0,0,0,0,1,1
t,1400,3650,3250,1800,0,0,0,0,0,0,1,1
t,1400,3500,3150,1750,0,0,0,0,0,0,1,1
t,1400,4500,4400,1500,0,0,0,0,0,0,0,1
ct,2400,2900,2500,2800,1,1,0,0,0,0,1,1
ct,2400,2300,1750,2950,1,1,1,0,0,0,1,1
t,1400,5400,4900,1900,0,0,0,0,0,0,1,1
t,1900,2950,2800,2050,0,0,0,0,0,0,1,1
ct,1400,4500,4400,1500,0,0,0,0,0,0,0,1
t,1900,2400,2400,1900,0,0,0,0,0,0,1,1
t,1900,2350,1550,2700,1,0,0,0,0,0,1,1
t,1900,2400,2300,2000,0,0,0,0,0,0,1,1
ct,1400,4750,2600,3550,1,1,1,1,0,0,1,1
t,1900,2500,1850,2550,1,0,0,0,0,0,1,1
t,2400,2050,300,4150,1,1,1,1,0,0,1,1
t,2400,1900,0,4300,1,1,1,1,0,0,1,1
t,2400,2700,0,5100,1,1,1,1,0,0,1,1
t,2400,2000,0,4400,1,1,1,1,0,0,1,1
t,2400,2550,300,4650,1,1,1,1,0,0,1,1
t,2900,4150,4000,3050,1,1,1,0,0,0,1,1
t,2900,4300,4200,3000,1,1,1,0,0,0,1,1
t,2900,5100,4800,3200,1,1,1,1,0,0,1,1
t,2900,4700,4600,3000,1,1,1,0,0,0,1,1
t,2900,4650,4600,2950,1,1,1,0,0,0,1,1
ct,1900,7450,5600,3750,1,1,1,1,0,0,1,1
ct,1900,10000,5800,6100,1,1,1,1,1,1,1,1
ct,1400,5800,5600,1600,0,0,0,0,0,0,0,1
t,1900,3350,3200,2050,0,0,0,0,0,0,1,1
t,1900,3050,1700,3250,1,1,1,1,0,0,1,1
ct,1400,7900,5400,3900,1,1,1,1,0,0,1,1
t,1900,2000,1800,2100,0,0,0,0,0,0,1,1
t,2400,2800,2700,2500,1,0,0,0,0,0,1,1
ct,1400,7950,5600,3750,1,1,1,1,0,0,1,1
t,2400,2550,1900,3050,1,1,1,0,0,0,1,1
t,2400,2650,2500,2550,1,0,0,0,0,0,1,1
ct,1400,9750,5600,5550,1,1,1,1,1,0,1,1
t,2400,2600,2500,2500,1,0,0,0,0,0,1,1
ct,1900,800,700,2000,0,0,0,0,0,0,1,1
ct,1900,800,650,2050,0,0,0,0,0,0,1,1
t,1900,800,650,2050,0,0,0,0,0,0,1,1
ct,1900,800,650,2050,0,0,0,0,0,0,1,1
ct,1900,800,650,2050,0,0,0,0,0,0,1,1
t,1900,800,650,2050,0,0,0,0,0,0,1,1
t,1900,800,650,2050,0,0,0,0,0,0,1,1
t,1900,800,700,2000,0,0,0,0,0,0,1,1
ct,1900,800,650,2050,0,0,0,0,0,0,1,1
t,1900,800,700,2000,0,0,0,0,0,0,1,1
ct,1400,3900,3750,1550,0,0,0,0,0,0,0,1
ct,1400,4550,4500,1450,0,0,0,0,0,0,0,1
t,2400,2350,0,4750,1,1,1,1,0,0,1,1
ct,1400,3650,3550,1500,0,0,0,0,0,0,0,1
ct,1400,3950,3950,1400,0,0,0,0,0,0,0,1
t,2400,2050,0,4450,1,1,1,1,0,0,1,1
t,2400,2050,0,4450,1,1,1,1,0,0,1,1
t,2400,2000,0,4400,1,1,1,1,0,0,1,1
ct,1400,3650,3500,1550,0,0,0,0,0,0,0,1
t,2400,2300,0,4700,1,1,1,1,0,0,1,1
t,2900,5650,4800,3750,1,1,1,1,0,0,1,1
t,2900,5050,4900,3050,1,1,1,0,0,0,1,1
t,2900,5350,4800,3450,1,1,1,1,0,0,1,1
t,2900,5000,4800,3100,1,1,1,0,0,0,1,1
t,2900,5300,5100,3100,1,1,1,0,0,0,1,1
ct,1900,4000,3850,2050,0,0,0,0,0,0,1,1
t,1400,5000,4800,1600,0,0,0,0,0,0,0,1
t,1400,3700,3700,1400,0,0,0,0,0,0,0,1
t,1400,4100,4000,1500,0,0,0,0,0,0,0,1
ct,1900,5000,5000,1900,0,0,0,0,0,0,1,1
ct,2400,2000,0,4400,1,1,1,1,0,0,1,1
ct,2400,2150,0,4550,1,1,1,1,0,0,1,1
ct,2400,2650,500,4550,1,1,1,1,0,0,1,1
ct,2400,2000,0,4400,1,1,1,1,0,0,1,1
ct,2900,4500,4350,3050,1,1,1,0,0,0,1,1
ct,2900,4650,4650,2900,1,1,0,0,0,0,1,1
ct,2900,4950,4850,3000,1,1,1,0,0,0,1,1
t,1400,6200,3500,4100,1,1,1,1,0,0,1,1
ct,2900,4500,4350,3050,1,1,1,0,0,0,1,1
ct,3400,3150,1000,5550,1,1,1,1,1,0,1,1
ct,3400,3300,1900,4800,1,1,1,1,0,0,1,1
ct,3400,3100,1550,4950,1,1,1,1,0,0,1,1
ct,1400,5950,5250,2100,0,0,0,0,0,0,1,1
t,1900,4300,4300,1900,0,0,0,0,0,0,1,1
ct,1400,5650,5600,1450,0,0,0,0,0,0,0,1
t,1900,4800,4800,1900,0,0,0,0,0,0,1,1
t,1900,6150,5100,2950,1,1,1,0,0,0,1,1
ct,1400,6950,5600,2750,1,0,0,0,0,0,1,1
t,1900,5650,4800,2750,1,0,0,0,0,0,1,1
t,2400,1900,0,4300,1,1,1,1,0,0,1,1
t,2400,1900,0,4300,1,1,1,1,0,0,1,1
t,2400,3450,700,5150,1,1,1,1,0,0,1,1
t,2400,2450,0,4850,1,1,1,1,0,0,1,1
t,2900,4300,4200,3000,1,1,1,0,0,0,1,1
t,2900,4300,4200,3000,1,1,1,0,0,0,1,1
t,2900,5150,4800,3250,1,1,1,1,0,0,1,1
t,2900,4650,4600,2950,1,1,1,0,0,0,1,1
t,2900,4850,4800,2950,1,1,1,0,0,0,1,1
ct,1900,6450,5600,2750,1,0,0,0,0,0,1,1
ct,1900,5950,5200,2650,1,0,0,0,0,0,1,1
t,1400,3350,3300,1450,0,0,0,0,0,0,0,1
ct,1900,8600,5600,4900,1,1,1,1,0,0,1,1
t,1400,3950,3900,1450,0,0,0,0,0,0,0,1
t,1400,3600,3500,1500,0,0,0,0,0,0,0,1
ct,1900,7400,7050,2250,0,0,0,0,0,0,1,1
t,1400,3300,3300,1400,0,0,0,0,0,0,0,1
t,1900,1950,1800,2050,0,0,0,0,0,0,1,1
t,1900,1950,1800,2050,0,0,0,0,0,0,1,1
t,1900,2000,1850,2050,0,0,0,0,0,0,1,1
t,1900,800,700,2000,0,0,0,0,0,0,1,1
t,1900,800,650,2050,0,0,0,0,0,0,1,1
t,1900,800,650,2050,0,0,0,0,0,0,1,1
t,1900,800,700,2000,0,0,0,0,0,0,1,1
t,1900,800,700,2000,0,0,0,0,0,0,1,1
t,1400,3350,3150,1600,0,0,0,0,0,0,0,1
t,1400,4000,4000,1400,0,0,0,0,0,0,0,1
ct,2400,2550,2500,2450,1,0,0,0,0,0,1,1
t,1400,4000,4000,1400,0,0,0,0,0,0,0,1
t,1400,3350,3300,1450,0,0,0,0,0,0,0,1
ct,2400,2250,2150,2500,1,0,0,0,0,0,1,1
ct,2400,2400,2300,2500,1,0,0,0,0,0,1,1
ct,2400,2250,2200,2450,1,0,0,0,0,0,1,1
t,1900,1600,1450,2050,0,0,0,0,0,0,1,1
t,1900,1400,1350,1950,0,0,0,0,0,0,1,1
ct,1400,4150,4050,1500,0,0,0,0,0,0,0,1
t,1900,1700,1650,1950,0,0,0,0,0,0,1,1
t,1900,1750,1750,1900,0,0,0,0,0,0,1,1
ct,1400,3900,3750,1550,0,0,0,0,0,0,0,1
ct,1400,3550,3550,1400,0,0,0,0,0,0,0,1
t,2400,2050,0,4450,1,1,1,1,0,0,1,1
t,2400,1950,0,4350,1,1,1,1,0,0,1,1
t,2400,2250,0,4650,1,1,1,1,0,0,1,1
t,2400,1900,0,4300,1,1,1,1,0,0,1,1
ct,1400,5000,5000,1400,0,0,0,0,0,0,0,1
t,2400,2350,0,4750,1,1,1,1,0,0,1,1
ct,1400,4700,4700,1400,0,0,0,0,0,0,0,1
t,2900,4450,3900,3450,1,1,1,1,0,0,1,1
t,2900,4350,4350,2900,1,1,0,0,0,0,1,1
t,2900,4650,4600,2950,1,1,1,0,0,0,1,1
t,2900,4300,4200,3000,1,1,1,0,0,0,1,1
t,2900,4750,4700,2950,1,1,1,0,0,0,1,1
t,3400,3450,1500,5350,1,1,1,1,0,0,1,1
t,3400,2900,1450,4850,1,1,1,1,0,0,1,1
t,3400,3250,1650,5000,1,1,1,1,0,0,1,1
t,3400,3000,700,5700,1,1,1,1,1,0,1,1
ct,1400,8100,5600,3900,1,1,1,1,0,0,1,1
t,3400,4850,4800,3450,1,1,1,1,0,0,1,1
t,3400,4650,4600,3450,1,1,1,1,0,0,1,1
t,3400,5700,5700,3400,1,1,1,1,0,0,1,1
t,3400,3450,3300,3550,1,1,1,1,0,0,1,1
ct,1900,6950,6500,2350,0,0,0,0,0,0,1,1
ct,1900,6800,5600,3100,1,1,1,0,0,0,1,1
ct,2400,6550,5250,3700,1,1,1,1,0,0,1,1
t,1400,9250,4900,5750,1,1,1,1,1,0,1,1
t,1400,7150,4900,3650,1,1,1,1,0,0,1,1
t,1400,7900,6850,2450,1,0,0,0,0,0,1,1
ct,2900,4750,4650,3000,1,1,1,0,0,0,1,1
ct,2900,3650,3600,2950,1,1,1,0,0,0,1,1
t,1900,6250,4800,3350,1,1,1,1,0,0,1,1
t,1900,800,650,2050,0,0,0,0,0,0,1,1
ct,1900,800,650,2050,0,0,0,0,0,0,1,1
t,1900,800,800,1900,0,0,0,0,0,0,1,1
t,1900,800,650,2050,0,0,0,0,0,0,1,1
t,1900,800,650,2050,0,0,0,0,0,0,1,1
t,1900,800,650,2050,0,0,0,0,0,0,1,1
ct,1900,800,700,2000,0,0,0,0,0,0,1,1
ct,1900,800,650,2050,0,0,0,0,0,0,1,1
ct,1900,800,650,2050,0,0,0,0,0,0,1,1
ct,1900,800,650,2050,0,0,0,0,0,0,1,1
t,2400,2050,0,4450,1,1,1,1,0,0,1,1
ct,1400,3950,3900,1450,0,0,0,0,0,0,0,1
t,2400,1900,0,4300,1,1,1,1,0,0,1,1
t,2400,2350,700,4050,1,1,1,1,0,0,1,1
t,2400,2050,0,4450,1,1,1,1,0,0,1,1
t,2400,2050,700,3750,1,1,1,1,0,0,1,1
ct,1400,3600,3550,1450,0,0,0,0,0,0,0,1
ct,1400,3950,3900,1450,0,0,0,0,0,0,0,1
ct,1400,4550,4400,1550,0,0,0,0,0,0,0,1
ct,1400,3650,3550,1500,0,0,0,0,0,0,0,1
t,2900,4450,4400,2950,1,1,1,0,0,0,1,1
t,2900,4300,4200,3000,1,1,1,0,0,0,1,1
t,2900,4050,3900,3050,1,1,1,0,0,0,1,1
t,2900,4450,4400,2950,1,1,1,0,0,0,1,1
t,2900,3750,3700,2950,1,1,1,0,0,0,1,1
t,3400,2950,1650,4700,1,1,1,1,0,0,1,1
t,3400,3000,1400,5000,1,1,1,1,0,0,1,1
t,3400,3050,1450,5000,1,1,1,1,0,0,1,1
t,3400,2950,1450,4900,1,1,1,1,0,0,1,1
t,3400,5300,4900,3800,1,1,1,1,0,0,1,1
ct,1400,9000,5200,5200,1,1,1,1,0,0,1,1
t,3400,5800,4800,4400,1,1,1,1,0,0,1,1
ct,1400,8200,5600,4000,1,1,1,1,0,0,1,1
ct,1400,8500,4850,5050,1,1,1,1,0,0,1,1
t,3400,3800,2500,4700,1,1,1,1,0,0,1,1
ct,1400,7600,5600,3400,1,1,1,1,0,0,1,1
t,3400,3550,2100,4850,1,1,1,1,0,0,1,1
t,3400,4700,3000,5100,1,1,1,1,0,0,1,1
t,3400,3650,2100,4950,1,1,1,1,0,0,1,1
ct,1400,5900,5600,1700,0,0,0,0,0,0,1,1
ct,1400,7450,5200,3650,1,1,1,1,0,0,1,1
t,3400,5300,4900,3800,1,1,1,1,0,0,1,1
ct,1400,6050,2300,5150,1,1,1,1,0,0,1,1
t,3400,5750,4900,4250,1,1,1,1,0,0,1,1
t,3400,7050,6850,3600,1,1,1,1,0,0,1,1
t,3400,5700,4800,4300,1,1,1,1,0,0,1,1
t,3400,6450,4900,4950,1,1,1,1,0,0,1,1
t,1400,4800,4700,1500,0,0,0,0,0,0,0,1
ct,1900,4850,4850,1900,0,0,0,0,0,0,1,1
ct,1900,7600,6000,3500,1,1,1,1,0,0,1,1
t,1400,4700,4600,1500,0,0,0,0,0,0,0,1
ct,2400,2200,0,4600,1,1,1,1,0,0,1,1
t,1400,4450,4400,1450,0,0,0,0,0,0,0,1
ct,2400,2750,300,4850,1,1,1,1,0,0,1,1
ct,2400,2400,0,4800,1,1,1,1,0,0,1,1
ct,2400,3700,0,6100,1,1,1,1,1,1,1,1
ct,2900,4600,4550,2950,1,1,1,0,0,0,1,1
ct,2900,4850,4850,2900,1,1,0,0,0,0,1,1
ct,2900,4700,4650,2950,1,1,1,0,0,0,1,1
ct,2900,4800,4650,3050,1,1,1,0,0,0,1,1
ct,2900,6100,6000,3000,1,1,1,0,0,0,1,1
t,1400,6500,5100,2800,1,1,0,0,0,0,1,1
t,1900,6650,5600,2950,1,1,1,0,0,0,1,1
t,1900,8250,4900,5250,1,1,1,1,0,0,1,1
ct,1900,800,700,2000,0,0,0,0,0,0,1,1
ct,1900,800,800,1900,0,0,0,0,0,0,1,1
ct,1900,800,650,2050,0,0,0,0,0,0,1,1
ct,1900,800,650,2050,0,0,0,0,0,0,1,1
ct,1900,800,650,2050,0,0,0,0,0,0,1,1
ct,2400,2100,0,4500,1,1,1,1,0,0,1,1
t,1400,3950,3900,1450,0,0,0,0,0,0,0,1
ct,2400,2000,0,4400,1,1,1,1,0,0,1,1
ct,2400,2450,0,4850,1,1,1,1,0,0,1,1
ct,2400,2150,0,4550,1,1,1,1,0,0,1,1
ct,2400,2450,700,4150,1,1,1,1,0,0,1,1
t,1400,3650,3500,1550,0,0,0,0,0,0,0,1
t,1400,4800,4800,1400,0,0,0,0,0,0,0,1
t,1400,3650,3500,1550,0,0,0,0,0,0,0,1
t,1400,3650,3350,1700,0,0,0,0,0,0,1,1
ct,2900,4600,4500,3000,1,1,1,0,0,0,1,1
ct,2900,4500,4350,3050,1,1,1,0,0,0,1,1
ct,2900,5550,5400,3050,1,1,1,0,0,0,1,1
ct,2900,4650,4650,2900,1,1,0,0,0,0,1,1
ct,2900,4250,4150,3000,1,1,1,0,0,0,1,1
t,1900,2000,0,3900,1,1,1,1,0,0,1,1
t,1900,3200,700,4400,1,1,1,1,0,0,1,1
t,1900,4850,700,6050,1,1,1,1,1,1,1,1
t,1900,2050,0,3950,1,1,1,1,0,0,1,1
t,2400,3900,3900,2400,0,0,0,0,0,0,1,1
t,2400,4400,4400,2400,0,0,0,0,0,0,1,1
t,2400,6050,4400,4050,1,1,1,1,0,0,1,1
t,2400,4500,4400,2500,1,0,0,0,0,0,1,1
t,2400,3950,3900,2450,1,0,0,0,0,0,1,1
ct,1400,8650,5600,4450,1,1,1,1,0,0,1,1
t,2900,3300,1000,5200,1,1,1,1,0,0,1,1
ct,1400,6550,5600,2350,0,0,0,0,0,0,1,1
ct,1400,7350,5600,3150,1,1,1,1,0,0,1,1
t,2900,3000,700,5200,1,1,1,1,0,0,1,1
t,2900,5550,3700,4750,1,1,1,1,0,0,1,1
t,2900,3100,1350,4650,1,1,1,1,0,0,1,1
t,2900,3050,0,5950,1,1,1,1,1,1,1,1
t,3400,5200,4800,3800,1,1,1,1,0,0,1,1
t,3400,4900,4800,3500,1,1,1,1,0,0,1,1
t,3400,4750,4700,3450,1,1,1,1,0,0,1,1
t,3400,4950,4900,3450,1,1,1,1,0,0,1,1
t,3400,5950,4800,4550,1,1,1,1,0,0,1,1
t,3400,3800,2200,5000,1,1,1,1,0,0,1,1
ct,1400,8050,5600,3850,1,1,1,1,0,0,1,1
t,3400,3500,1800,5100,1,1,1,1,0,0,1,1
t,3400,3450,2050,4800,1,1,1,1,0,0,1,1
t,3400,3450,2050,4800,1,1,1,1,0,0,1,1
t,3400,5000,4900,3500,1,1,1,1,0,0,1,1
ct,1400,10550,5600,6350,1,1,1,1,1,1,1,1
t,3400,5100,4900,3600,1,1,1,1,0,0,1,1
t,3400,4800,4800,3400,1,1,1,1,0,0,1,1
t,3400,4800,4700,3500,1,1,1,1,0,0,1,1
ct,1400,16000,8150,9250,1,1,1,1,1,1,1,1
ct,1400,8850,5600,4650,1,1,1,1,0,0,1,1
ct,1400,14950,5600,10750,1,1,1,1,1,1,1,1
ct,1400,12600,6300,7700,1,1,1,1,1,1,1,1
ct,1400,11400,5800,7000,1,1,1,1,1,1,1,1
ct,1400,11800,7050,6150,1,1,1,1,1,1,1,1
t,3400,5400,5100,3700,1,1,1,1,0,0,1,1
t,3400,5000,4900,3500,1,1,1,1,0,0,1,1
t,3400,6500,4900,5000,1,1,1,1,0,0,1,1
ct,1900,7800,6300,3400,1,1,1,1,0,0,1,1
ct,1900,7100,6300,2700,1,0,0,0,0,0,1,1
ct,1900,6100,5800,2200,0,0,0,0,0,0,1,1
t,1900,800,650,2050,0,0,0,0,0,0,1,1
ct,1900,800,650,2050,0,0,0,0,0,0,1,1
t,1900,800,650,2050,0,0,0,0,0,0,1,1
t,1900,800,650,2050,0,0,0,0,0,0,1,1
ct,1900,800,650,2050,0,0,0,0,0,0,1,1
t,1900,800,650,2050,0,0,0,0,0,0,1,1
ct,1900,800,650,2050,0,0,0,0,0,0,1,1
ct,1900,800,650,2050,0,0,0,0,0,0,1,1
ct,1900,800,800,1900,0,0,0,0,0,0,1,1
t,1900,800,700,2000,0,0,0,0,0,0,1,1
t,1400,3400,3300,1500,0,0,0,0,0,0,0,1
ct,2400,2500,0,4900,1,1,1,1,0,0,1,1
t,1400,4600,4600,1400,0,0,0,0,0,0,0,1
t,1400,3700,3250,1850,0,0,0,0,0,0,1,1
ct,2400,2500,0,4900,1,1,1,1,0,0,1,1
t,1400,3400,3400,1400,0,0,0,0,0,0,0,1
ct,2400,2500,500,4400,1,1,1,1,0,0,1,1
ct,2400,2200,0,4600,1,1,1,1,0,0,1,1
ct,2400,2050,0,4450,1,1,1,1,0,0,1,1
t,1400,3650,3500,1550,0,0,0,0,0,0,0,1
ct,2900,4900,4900,2900,1,1,0,0,0,0,1,1
ct,2900,4900,4900,2900,1,1,0,0,0,0,1,1
ct,2900,4400,4350,2950,1,1,1,0,0,0,1,1
ct,2900,4600,4550,2950,1,1,1,0,0,0,1,1
ct,2900,4450,4450,2900,1,1,0,0,0,0,1,1
t,1400,8050,4900,4550,1,1,1,1,0,0,1,1
t,1400,6850,4900,3350,1,1,1,1,0,0,1,1
t,1400,6500,4900,3000,1,1,1,0,0,0,1,1
ct,3400,3150,1450,5100,1,1,1,1,0,0,1,1
t,1400,6150,4900,2650,1,0,0,0,0,0,1,1
ct,3400,3500,2100,4800,1,1,1,1,0,0,1,1
ct,3400,3800,2300,4900,1,1,1,1,0,0,1,1
ct,3400,3150,1450,5100,1,1,1,1,0,0,1,1
t,1400,5800,4800,2400,0,0,0,0,0,0,1,1
t,1400,6400,4900,2900,1,1,0,0,0,0,1,1
ct,3400,7350,7050,3700,1,1,1,1,0,0,1,1
ct,3400,5300,5200,3500,1,1,1,1,0,0,1,1
t,1400,4500,4400,1500,0,0,0,0,0,0,0,1
ct,3400,5600,5600,3400,1,1,1,1,0,0,1,1
ct,3400,5600,5450,3550,1,1,1,1,0,0,1,1
t,1400,4850,4800,1450,0,0,0,0,0,0,0,1
t,2400,2700,0,5100,1,1,1,1,0,0,1,1
t,2400,2000,0,4400,1,1,1,1,0,0,1,1
t,2400,2550,0,4950,1,1,1,1,0,0,1,1
t,2400,2250,0,4650,1,1,1,1,0,0,1,1
t,2900,5100,5100,2900,1,1,0,0,0,0,1,1
t,2900,5000,4900,3000,1,1,1,0,0,0,1,1
t,2900,4650,4600,2950,1,1,1,0,0,0,1,1
t,2900,4400,4400,2900,1,1,0,0,0,0,1,1
ct,1400,7100,5250,3250,1,1,1,1,0,0,1,1
ct,1400,8100,5600,3900,1,1,1,1,0,0,1,1
t,2900,4650,4600,2950,1,1,1,0,0,0,1,1
t,3400,2900,1450,4850,1,1,1,1,0,0,1,1
t,3400,3000,1450,4950,1,1,1,1,0,0,1,1
t,3400,2950,1650,4700,1,1,1,1,0,0,1,1
ct,1400,9000,5600,4800,1,1,1,1,0,0,1,1
ct,1400,6000,5600,1800,0,0,0,0,0,0,1,1
t,3400,3550,1350,5600,1,1,1,1,1,0,1,1
t,3400,4850,4800,3450,1,1,1,1,0,0,1,1
t,3400,4950,4800,3550,1,1,1,1,0,0,1,1
t,3400,4700,4600,3500,1,1,1,1,0,0,1,1
t,3400,5600,4800,4200,1,1,1,1,0,0,1,1
t,1400,4450,4400,1450,0,0,0,0,0,0,0,1
t,1400,3650,3500,1550,0,0,0,0,0,0,0,1
t,1400,3900,3800,1500,0,0,0,0,0,0,0,1
t,1400,3650,3500,1550,0,0,0,0,0,0,0,1
ct,1900,8050,5600,4350,1,1,1,1,0,0,1,1
ct,1900,8100,5600,4400,1,1,1,1,0,0,1,1
t,1900,2950,2800,2050,0,0,0,0,0,0,1,1
t,1900,3300,3250,1950,0,0,0,0,0,0,1,1
t,1900,3350,3300,1950,0,0,0,0,0,0,1,1
ct,1400,6400,6300,1500,0,0,0,0,0,0,0,1
ct,1400,5350,5200,1550,0,0,0,0,0,0,0,1
t,1900,3000,2600,2300,0,0,0,0,0,0,1,1
ct,1900,800,650,2050,0,0,0,0,0,0,1,1
ct,1900,800,650,2050,0,0,0,0,0,0,1,1
ct,1900,800,800,1900,0,0,0,0,0,0,1,1
ct,1900,800,650,2050,0,0,0,0,0,0,1,1
ct,1900,800,650,2050,0,0,0,0,0,0,1,1
ct,1400,3650,3500,1550,0,0,0,0,0,0,0,1
t,2400,2300,0,4700,1,1,1,1,0,0,1,1
ct,1400,4850,4750,1500,0,0,0,0,0,0,0,1
ct,1400,3500,3350,1550,0,0,0,0,0,0,0,1
t,2400,2050,0,4450,1,1,1,1,0,0,1,1
ct,1400,3950,3950,1400,0,0,0,0,0,0,0,1
t,2400,2050,700,3750,1,1,1,1,0,0,1,1
t,2400,2050,0,4450,1,1,1,1,0,0,1,1
t,2400,2000,0,4400,1,1,1,1,0,0,1,1
ct,1400,3650,3550,1500,0,0,0,0,0,0,0,1
t,2900,4700,4700,2900,1,1,0,0,0,0,1,1
t,2900,4450,4400,2950,1,1,1,0,0,0,1,1
t,2900,4050,4000,2950,1,1,1,0,0,0,1,1
t,2900,4450,4400,2950,1,1,1,0,0,0,1,1
t,2900,4400,4200,3100,1,1,1,0,0,0,1,1
t,1400,4450,4400,1450,0,0,0,0,0,0,0,1
ct,1900,3950,3600,2250,0,0,0,0,0,0,1,1
t,1400,3300,3300,1400,0,0,0,0,0,0,0,1
ct,1900,5000,4850,2050,0,0,0,0,0,0,1,1
t,1400,3750,3700,1450,0,0,0,0,0,0,0,1
ct,1900,1900,1850,1950,0,0,0,0,0,0,1,1
ct,2400,2300,2300,2400,0,0,0,0,0,0,1,1
ct,2400,2400,2200,2600,1,0,0,0,0,0,1,1
ct,2400,2500,1650,3250,1,1,1,1,0,0,1,1
t,1400,4400,4400,1400,0,0,0,0,0,0,0,1
ct,2400,2700,2450,2650,1,0,0,0,0,0,1,1
ct,1400,3900,3750,1550,0,0,0,0,0,0,0,1
t,1900,2500,2350,2050,0,0,0,0,0,0,1,1
ct,1400,4950,4850,1500,0,0,0,0,0,0,0,1
t,1900,3100,3100,1900,0,0,0,0,0,0,1,1
t,1900,2000,2000,1900,0,0,0,0,0,0,1,1
t,1900,2450,2450,1900,0,0,0,0,0,0,1,1
ct,1400,3750,2700,2450,1,0,0,0,0,0,1,1
ct,1900,2750,2750,1900,0,0,0,0,0,0,1,1
ct,1900,2100,2100,1900,0,0,0,0,0,0,1,1
ct,1900,2200,2100,2000,0,0,0,0,0,0,1,1
t,1400,3650,3250,1800,0,0,0,0,0,0,1,1
t,1400,5000,4900,1500,0,0,0,0,0,0,0,1
ct,1900,2700,2200,2400,0,0,0,0,0,0,1,1
t,1900,2100,2000,2000,0,0,0,0,0,0,1,1
ct,1400,5100,5000,1500,0,0,0,0,0,0,0,1
t,2400,2900,700,4600,1,1,1,1,0,0,1,1
ct,1400,7200,5600,3000,1,1,1,0,0,0,1,1
t,2400,2500,0,4900,1,1,1,1,0,0,1,1
t,2400,2500,700,4200,1,1,1,1,0,0,1,1
t,2400,2500,300,4600,1,1,1,1,0,0,1,1
t,2400,3500,1350,4550,1,1,1,1,0,0,1,1
t,2900,4900,4800,3000,1,1,1,0,0,0,1,1
ct,1400,6000,5200,2200,0,0,0,0,0,0,1,1
t,2900,4900,4900,2900,1,1,0,0,0,0,1,1
t,2900,4200,4200,2900,1,1,0,0,0,0,1,1
t,2900,4900,4900,2900,1,1,0,0,0,0,1,1
t,2900,4550,3900,3550,1,1,1,1,0,0,1,1
ct,1900,5100,5000,2000,0,0,0,0,0,0,1,1
ct,1900,5100,4850,2150,0,0,0,0,0,0,1,1
ct,1900,4550,4550,1900,0,0,0,0,0,0,1,1
t,1900,4100,4000,2000,0,0,0,0,0,0,1,1
t,1900,2400,2350,1950,0,0,0,0,0,0,1,1
t,1900,2300,2200,2000,0,0,0,0,0,0,1,1
t,1900,3650,3500,2050,0,0,0,0,0,0,1,1
t,1900,800,700,2000,0,0,0,0,0,0,1,1
t,1900,800,650,2050,0,0,0,0,0,0,1,1
t,1900,800,650,2050,0,0,0,0,0,0,1,1
ct,1900,800,800,1900,0,0,0,0,0,0,1,1
ct,1900,800,650,2050,0,0,0,0,0,0,1,1
ct,1900,800,650,2050,0,0,0,0,0,0,1,1
t,1900,800,650,2050,0,0,0,0,0,0,1,1
ct,1900,800,650,2050,0,0,0,0,0,0,1,1
t,1900,800,800,1900,0,0,0,0,0,0,1,1
ct,1900,800,700,2000,0,0,0,0,0,0,1,1
t,1400,4250,4200,1450,0,0,0,0,0,0,0,1
t,1400,3400,3250,1550,0,0,0,0,0,0,0,1
t,1400,3700,3500,1600,0,0,0,0,0,0,0,1
ct,2400,2000,1950,2450,1,0,0,0,0,0,1,1
ct,2400,2450,2400,2450,1,0,0,0,0,0,1,1
ct,2400,2150,1800,2750,1,0,0,0,0,0,1,1
t,1400,3700,3700,1400,0,0,0,0,0,0,0,1
ct,2400,2150,2150,2400,0,0,0,0,0,0,1,1
t,1400,3250,2050,2600,1,0,0,0,0,0,1,1
ct,2400,2100,1950,2550,1,0,0,0,0,0,1,1
t,1400,4250,3150,2500,1,0,0,0,0,0,1,1
ct,2900,2900,700,5100,1,1,1,1,0,0,1,1
ct,2900,3800,700,6000,1,1,1,1,1,1,1,1
ct,2900,2900,0,5800,1,1,1,1,1,0,1,1
ct,2900,2550,0,5450,1,1,1,1,1,0,1,1
ct,2900,2700,700,4900,1,1,1,1,0,0,1,1
t,1400,4750,4600,1550,0,0,0,0,0,0,0,1
ct,3400,5150,5050,3500,1,1,1,1,0,0,1,1
ct,3400,4800,4650,3550,1,1,1,1,0,0,1,1
ct,3400,5250,5250,3400,1,1,1,1,0,0,1,1
t,1900,4900,4800,2000,0,0,0,0,0,0,1,1
t,1900,5050,4900,2050,0,0,0,0,0,0,1,1
t,1900,5350,4900,2350,0,0,0,0,0,0,1,1
t,1900,6450,6450,1900,0,0,0,0,0,0,1,1
t,2400,2600,0,5000,1,1,1,1,0,0,1,1
t,2400,2950,0,5350,1,1,1,1,0,0,1,1
t,2400,2950,700,4650,1,1,1,1,0,0,1,1
t,2400,3050,700,4750,1,1,1,1,0,0,1,1
ct,1400,5250,5200,1450,0,0,0,0,0,0,0,1
t,2400,2600,0,5000,1,1,1,1,0,0,1,1
t,2900,4700,4600,3000,1,1,1,0,0,0,1,1
t,2900,3250,2700,3450,1,1,1,1,0,0,1,1
t,2900,4650,4400,3150,1,1,1,1,0,0,1,1
ct,1400,5500,5400,1500,0,0,0,0,0,0,0,1
ct,1400,5650,5600,1450,0,0,0,0,0,0,0,1
t,3400,3000,1450,4950,1,1,1,1,0,0,1,1
t,3400,3550,1800,5150,1,1,1,1,0,0,1,1
t,3400,3150,1700,4850,1,1,1,1,0,0,1,1
t,3400,3100,300,6200,1,1,1,1,1,1,1,1
t,3400,5550,2950,6000,1,1,1,1,1,1,1,1
t,3400,5350,4400,4350,1,1,1,1,0,0,1,1
t,3400,6050,4900,4550,1,1,1,1,0,0,1,1
ct,1400,5550,5200,1750,0,0,0,0,0,0,1,1
t,3400,6350,4900,4850,1,1,1,1,0,0,1,1
t,3400,7000,6850,3550,1,1,1,1,0,0,1,1
t,3400,6000,4900,4500,1,1,1,1,0,0,1,1
t,3400,4350,4050,3700,1,1,1,1,0,0,1,1
t,3400,4550,4400,3550,1,1,1,1,0,0,1,1
t,3400,4850,4800,3450,1,1,1,1,0,0,1,1
t,3400,4500,2000,5900,1,1,1,1,1,1,1,1
t,3400,3550,1700,5250,1,1,1,1,0,0,1,1
t,3400,3450,2050,4800,1,1,1,1,0,0,1,1
t,3400,3550,1200,5750,1,1,1,1,1,0,1,1
ct,1400,10500,5600,6300,1,1,1,1,1,1,1,1
t,1400,6000,5600,1800,0,0,0,0,0,0,1,1
t,1400,6300,5600,2100,0,0,0,0,0,0,1,1
ct,1900,12150,6300,7750,1,1,1,1,1,1,1,1
ct,1900,6100,5600,2400,0,0,0,0,0,0,1,1
t,1400,4900,4900,1400,0,0,0,0,0,0,0,1
ct,1900,7300,5600,3600,1,1,1,1,0,0,1,1
ct,1900,6550,6300,2150,0,0,0,0,0,0,1,1
ct,1900,800,650,2050,0,0,0,0,0,0,1,1
ct,1900,800,650,2050,0,0,0,0,0,0,1,1
ct,1900,800,650,2050,0,0,0,0,0,0,1,1
ct,1900,800,650,2050,0,0,0,0,0,0,1,1
ct,1900,800,800,1900,0,0,0,0,0,0,1,1
ct,2400,2050,0,4450,1,1,1,1,0,0,1,1
ct,2400,2050,200,4250,1,1,1,1,0,0,1,1
ct,2400,2050,0,4450,1,1,1,1,0,0,1,1
t,1400,3250,3250,1400,0,0,0,0,0,0,0,1
t,1400,4000,3950,1450,0,0,0,0,0,0,0,1
ct,2400,2050,700,3750,1,1,1,1,0,0,1,1
t,1400,3700,3350,1750,0,0,0,0,0,0,1,1
t,1400,4000,3950,1450,0,0,0,0,0,0,0,1
ct,2400,1900,0,4300,1,1,1,1,0,0,1,1
t,1400,3700,3700,1400,0,0,0,0,0,0,0,1
ct,2900,4500,4350,3050,1,1,1,0,0,0,1,1
ct,2900,4300,4250,2950,1,1,1,0,0,0,1,1
ct,2900,4800,4750,2950,1,1,1,0,0,0,1,1
ct,2900,3800,3750,2950,1,1,1,0,0,0,1,1
ct,2900,4350,4200,3050,1,1,1,0,0,0,1,1
ct,3400,3000,500,5900,1,1,1,1,1,1,1,1
ct,3400,3300,1350,5350,1,1,1,1,0,0,1,1
t,1400,5550,3250,3700,1,1,1,1,0,0,1,1
ct,3400,3100,0,6500,1,1,1,1,1,1,1,1
ct,3400,6200,5450,4150,1,1,1,1,0,0,1,1
ct,3400,6000,5450,3950,1,1,1,1,0,0,1,1
ct,3400,5750,4850,4300,1,1,1,1,0,0,1,1
ct,3400,5150,4850,3700,1,1,1,1,0,0,1,1
t,1400,9450,4900,5950,1,1,1,1,1,1,1,1
t,1400,10450,6850,5000,1,1,1,1,0,0,1,1
ct,3400,6600,6500,3500,1,1,1,1,0,0,1,1
t,1900,6450,5100,3250,1,1,1,1,0,0,1,1
t,1900,5950,4800,3050,1,1,1,0,0,0,1,1
ct,1900,800,800,1900,0,0,0,0,0,0,1,1
ct,1900,800,650,2050,0,0,0,0,0,0,1,1
ct,1900,800,650,2050,0,0,0,0,0,0,1,1
t,1900,800,650,2050,0,0,0,0,0,0,1,1
t,1900,800,800,1900,0,0,0,0,0,0,1,1
t,1900,800,650,2050,0,0,0,0,0,0,1,1
t,1900,800,650,2050,0,0,0,0,0,0,1,1
ct,1900,800,650,2050,0,0,0,0,0,0,1,1
t,1900,800,700,2000,0,0,0,0,0,0,1,1
ct,1900,800,800,1900,0,0,0,0,0,0,1,1
ct,1400,4950,4900,1450,0,0,0,0,0,0,0,1
ct,1400,4200,4050,1550,0,0,0,0,0,0,0,1
ct,1400,4200,4200,1400,0,0,0,0,0,0,0,1
t,2400,2950,2950,2400,0,0,0,0,0,0,1,1
t,2400,2800,1800,3400,1,1,1,1,0,0,1,1
t,2400,2950,2200,3150,1,1,1,1,0,0,1,1
t,2400,2650,2600,2450,1,0,0,0,0,0,1,1
ct,1400,3900,3550,1750,0,0,0,0,0,0,1,1
t,2400,2600,1800,3200,1,1,1,1,0,0,1,1
ct,1400,3750,3750,1400,0,0,0,0,0,0,0,1
t,2900,2400,700,4600,1,1,1,1,0,0,1,1
t,2900,3400,1450,4850,1,1,1,1,0,0,1,1
t,2900,3150,300,5750,1,1,1,1,1,0,1,1
t,2900,3050,700,5250,1,1,1,1,0,0,1,1
t,2900,3200,200,5900,1,1,1,1,1,1,1,1
t,3400,4600,4600,3400,1,1,1,1,0,0,1,1
t,3400,4850,4700,3550,1,1,1,1,0,0,1,1
t,3400,5750,5100,4050,1,1,1,1,0,0,1,1
t,3400,5550,4900,4050,1,1,1,1,0,0,1,1
t,3400,6200,5100,4500,1,1,1,1,0,0,1,1
ct,1900,3150,3150,1900,0,0,0,0,0,0,1,1
ct,1900,2700,2700,1900,0,0,0,0,0,0,1,1
t,1400,3250,2750,1900,0,0,0,0,0,0,1,1
t,1400,4000,4000,1400,0,0,0,0,0,0,0,1
t,1400,4500,2600,3300,1,1,1,1,0,0,1,1
t,1900,2400,600,3700,1,1,1,1,0,0,1,1
t,1900,4300,700,5500,1,1,1,1,1,0,1,1
t,1900,3600,2050,3450,1,1,1,1,0,0,1,1
t,1900,4950,3700,3150,1,1,1,1,0,0,1,1
t,2400,5400,3150,4650,1,1,1,1,0,0,1,1
t,2400,4700,4600,2500,1,0,0,0,0,0,1,1
t,2400,6500,3150,5750,1,1,1,1,1,0,1,1
ct,1400,7750,5600,3550,1,1,1,1,0,0,1,1
t,2900,6550,5100,4350,1,1,1,1,0,0,1,1
t,2900,4400,4200,3100,1,1,1,0,0,0,1,1
t,2900,5700,5100,3500,1,1,1,1,0,0,1,1
t,2900,4050,4000,2950,1,1,1,0,0,0,1,1
t,2900,4550,4400,3050,1,1,1,0,0,0,1,1
t,3400,4850,2450,5800,1,1,1,1,1,0,1,1
t,3400,3600,1150,5850,1,1,1,1,1,0,1,1
t,3400,4000,2500,4900,1,1,1,1,0,0,1,1
t,3400,3450,2250,4600,1,1,1,1,0,0,1,1
ct,1400,10450,5600,6250,1,1,1,1,1,1,1,1
t,3400,5800,5100,4100,1,1,1,1,0,0,1,1
t,3400,5350,5100,3650,1,1,1,1,0,0,1,1
t,3400,4900,4900,3400,1,1,1,1,0,0,1,1
t,3400,4650,4500,3550,1,1,1,1,0,0,1,1
ct,1900,11700,5600,8000,1,1,1,1,1,1,1,1
ct,1900,12250,7450,6700,1,1,1,1,1,1,1,1
ct,1900,9600,5800,5700,1,1,1,1,1,0,1,1
t,1400,4550,4400,1550,0,0,0,0,0,0,0,1
ct,1900,8550,5600,4850,1,1,1,1,0,0,1,1
t,1900,3050,2950,2000,0,0,0,0,0,0,1,1
t,1900,5600,5100,2400,0,0,0,0,0,0,1,1
t,1900,5050,4900,2050,0,0,0,0,0,0,1,1
ct,1900,800,650,2050,0,0,0,0,0,0,1,1
ct,1900,800,800,1900,0,0,0,0,0,0,1,1
ct,1900,800,650,2050,0,0,0,0,0,0,1,1
ct,1900,800,0,2700,1,0,0,0,0,0,1,1
ct,1900,800,650,2050,0,0,0,0,0,0,1,1
t,1400,3550,3050,1900,0,0,0,0,0,0,1,1
t,1400,3700,3700,1400,0,0,0,0,0,0,0,1
t,1400,3400,3400,1400,0,0,0,0,0,0,0,1
ct,2400,2050,1950,2500,1,0,0,0,0,0,1,1
ct,2400,2500,2200,2700,1,0,0,0,0,0,1,1
ct,2400,2850,2800,2450,1,0,0,0,0,0,1,1
t,1400,4300,4050,1650,0,0,0,0,0,0,0,1
ct,2400,2200,2000,2600,1,0,0,0,0,0,1,1
t,1400,3650,3500,1550,0,0,0,0,0,0,0,1
ct,2900,2750,2300,3350,1,1,1,1,0,0,1,1
ct,2900,2500,2450,2950,1,1,1,0,0,0,1,1
t,1900,800,800,1900,0,0,0,0,0,0,1,1
t,1900,800,700,2000,0,0,0,0,0,0,1,1
t,1900,800,650,2050,0,0,0,0,0,0,1,1
ct,1900,800,800,1900,0,0,0,0,0,0,1,1
ct,1900,800,650,2050,0,0,0,0,0,0,1,1
t,1900,800,650,2050,0,0,0,0,0,0,1,1
ct,1900,800,650,2050,0,0,0,0,0,0,1,1
ct,1900,800,700,2000,0,0,0,0,0,0,1,1
t,1900,800,650,2050,0,0,0,0,0,0,1,1
ct,1900,800,650,2050,0,0,0,0,0,0,1,1
t,2400,2500,2400,2500,1,0,0,0,0,0,1,1
t,2400,2600,2400,2600,1,0,0,0,0,0,1,1
t,2400,2650,2650,2400,0,0,0,0,0,0,1,1
ct,1400,4350,3550,2200,0,0,0,0,0,0,1,1
t,2400,2950,2750,2600,1,0,0,0,0,0,1,1
ct,1400,4200,4200,1400,0,0,0,0,0,0,0,1
ct,1400,3850,3350,1900,0,0,0,0,0,0,1,1
t,2400,2950,2600,2750,1,0,0,0,0,0,1,1
t,2900,3400,1800,4500,1,1,1,1,0,0,1,1
t,2900,3200,1400,4700,1,1,1,1,0,0,1,1
t,2900,3000,1750,4150,1,1,1,1,0,0,1,1
ct,1400,4350,3550,2200,0,0,0,0,0,0,1,1
t,2900,3500,1450,4950,1,1,1,1,0,0,1,1
t,2900,3650,1800,4750,1,1,1,1,0,0,1,1
t,3400,4700,4700,3400,1,1,1,1,0,0,1,1
t,3400,4450,4400,3450,1,1,1,1,0,0,1,1
t,3400,4950,4900,3450,1,1,1,1,0,0,1,1
t,3400,4750,4700,3450,1,1,1,1,0,0,1,1
t,3400,4400,3900,3900,1,1,1,1,0,0,1,1
t,3400,4300,4200,3500,1,1,1,1,0,0,1,1
t,3400,4650,4600,3450,1,1,1,1,0,0,1,1
ct,1400,8050,5200,4250,1,1,1,1,0,0,1,1
ct,1400,5750,5600,1550,0,0,0,0,0,0,0,1
t,3400,4050,4000,3450,1,1,1,1,0,0,1,1
t,3400,4050,4000,3450,1,1,1,1,0,0,1,1
t,1400,3750,1800,3350,1,1,1,1,0,0,1,1
t,1400,3600,3500,1500,0,0,0,0,0,0,0,1
ct,1900,7900,5250,4550,1,1,1,1,0,0,1,1
t,1400,3300,2800,1900,0,0,0,0,0,0,1,1
t,1900,4450,3700,2650,1,0,0,0,0,0,1,1
t,1900,3600,1800,3700,1,1,1,1,0,0,1,1
t,1900,3300,1750,3450,1,1,1,1,0,0,1,1
ct,1400,6450,5200,2650,1,0,0,0,0,0,1,1
t,1900,2900,0,4800,1,1,1,1,0,0,1,1
t,1400,6000,4800,2600,1,0,0,0,0,0,1,1
ct,1900,3700,3700,1900,0,0,0,0,0,0,1,1
t,1400,4800,4700,1500,0,0,0,0,0,0,0,1
t,1400,5450,4900,1950,0,0,0,0,0,0,1,1
ct,1900,6600,5800,2700,1,0,0,0,0,0,1,1
t,1900,4300,3900,2300,0,0,0,0,0,0,1,1
t,1900,6250,4900,3250,1,1,1,1,0,0,1,1
t,1900,2750,2700,1950,0,0,0,0,0,0,1,1
ct,1900,3750,500,5150,1,1,1,1,0,0,1,1
ct,1900,3150,0,5050,1,1,1,1,0,0,1,1
ct,1900,3000,600,4300,1,1,1,1,0,0,1,1
ct,1900,5800,1450,6250,1,1,1,1,1,1,1,1
ct,2400,4650,4650,2400,0,0,0,0,0,0,1,1
ct,2400,5050,4850,2600,1,0,0,0,0,0,1,1
ct,2400,4300,4300,2400,0,0,0,0,0,0,1,1
t,1400,8450,4800,5050,1,1,1,1,0,0,1,1
ct,2900,3150,3000,3050,1,1,1,0,0,0,1,1
ct,2900,2750,2700,2950,1,1,1,0,0,0,1,1
t,1400,8300,4900,4800,1,1,1,1,0,0,1,1
ct,2900,2650,1650,3900,1,1,1,1,0,0,1,1
ct,1900,800,800,1900,0,0,0,0,0,0,1,1
ct,1900,800,650,2050,0,0,0,0,0,0,1,1
ct,1900,800,650,2050,0,0,0,0,0,0,1,1
ct,1900,800,650,2050,0,0,0,0,0,0,1,1
ct,1900,800,650,2050,0,0,0,0,0,0,1,1
ct,2400,1900,0,4300,1,1,1,1,0,0,1,1
ct,2400,2050,0,4450,1,1,1,1,0,0,1,1
ct,2400,2050,0,4450,1,1,1,1,0,0,1,1
t,1400,3950,3900,1450,0,0,0,0,0,0,0,1
t,1400,3350,3250,1500,0,0,0,0,0,0,0,1
ct,2400,2050,0,4450,1,1,1,1,0,0,1,1
t,1400,3700,3550,1550,0,0,0,0,0,0,0,1
ct,2400,2050,0,4450,1,1,1,1,0,0,1,1
ct,2900,4400,4350,2950,1,1,1,0,0,0,1,1
ct,2900,5150,5000,3050,1,1,1,0,0,0,1,1
ct,2900,4550,4500,2950,1,1,1,0,0,0,1,1
ct,2900,4550,4550,2900,1,1,0,0,0,0,1,1
t,1400,3900,2950,2350,0,0,0,0,0,0,1,1
ct,2900,4550,4550,2900,1,1,0,0,0,0,1,1
ct,1400,4100,3600,1900,0,0,0,0,0,0,1,1
ct,1400,4100,3850,1650,0,0,0,0,0,0,0,1
t,1900,5900,5100,2700,1,0,0,0,0,0,1,1
t,1900,4150,4050,2000,0,0,0,0,0,0,1,1
ct,1400,4350,3850,1900,0,0,0,0,0,0,1,1
t,1900,5100,4900,2100,0,0,0,0,0,0,1,1
t,1900,2650,2350,2200,0,0,0,0,0,0,1,1
t,1900,5550,4900,2550,1,0,0,0,0,0,1,1
ct,1900,3150,1150,3900,1,1,1,1,0,0,1,1
ct,1900,2400,300,4000,1,1,1,1,0,0,1,1
ct,1900,2350,300,3950,1,1,1,1,0,0,1,1
t,1400,3550,3250,1700,0,0,0,0,0,0,1,1
ct,1900,3400,700,4600,1,1,1,1,0,0,1,1
ct,2400,4450,4200,2650,1,0,0,0,0,0,1,1
ct,2400,4800,4750,2450,1,0,0,0,0,0,1,1
ct,2400,4550,4500,2450,1,0,0,0,0,0,1,1
ct,2400,4500,4350,2550,1,0,0,0,0,0,1,1
ct,2400,4650,4550,2500,1,0,0,0,0,0,1,1
ct,2900,3100,3100,2900,1,1,0,0,0,0,1,1
ct,2900,3200,3200,2900,1,1,0,0,0,0,1,1
t,1400,6000,4800,2600,1,0,0,0,0,0,1,1
ct,2900,3450,3450,2900,1,1,0,0,0,0,1,1
ct,1900,800,650,2050,0,0,0,0,0,0,1,1
t,1900,800,650,2050,0,0,0,0,0,0,1,1
t,1900,800,650,2050,0,0,0,0,0,0,1,1
ct,1900,800,650,2050,0,0,0,0,0,0,1,1
t,1900,800,700,2000,0,0,0,0,0,0,1,1
t,1900,800,800,1900,0,0,0,0,0,0,1,1
ct,1900,800,650,2050,0,0,0,0,0,0,1,1
t,1900,800,650,2050,0,0,0,0,0,0,1,1
ct,1900,800,650,2050,0,0,0,0,0,0,1,1
ct,1900,800,800,1900,0,0,0,0,0,0,1,1
ct,1400,4500,4350,1550,0,0,0,0,0,0,0,1
t,2400,2650,2400,2650,1,0,0,0,0,0,1,1
ct,1400,4200,4200,1400,0,0,0,0,0,0,0,1
t,2400,2600,2250,2750,1,0,0,0,0,0,1,1
ct,1400,4500,4500,1400,0,0,0,0,0,0,0,1
t,2400,3250,3100,2550,1,0,0,0,0,0,1,1
ct,1400,4200,4200,1400,0,0,0,0,0,0,0,1
ct,1400,3750,3750,1400,0,0,0,0,0,0,0,1
t,2900,3950,2450,4400,1,1,1,1,0,0,1,1
t,2900,3250,1550,4600,1,1,1,1,0,0,1,1
t,2900,3350,1400,4850,1,1,1,1,0,0,1,1
t,2900,3450,1650,4700,1,1,1,1,0,0,1,1
ct,1400,3750,3550,1600,0,0,0,0,0,0,0,1
t,1400,5750,4900,2250,0,0,0,0,0,0,1,1
ct,1900,2900,2850,1950,0,0,0,0,0,0,1,1
ct,2400,2050,0,4450,1,1,1,1,0,0,1,1
ct,2900,4750,4650,3000,1,1,1,0,0,0,1,1
t,1400,8950,4900,5450,1,1,1,1,1,0,1,1
t,1400,9050,6850,3600,1,1,1,1,0,0,1,1
ct,2900,4550,4550,2900,1,1,0,0,0,0,1,1
t,1400,6400,5100,2700,1,0,0,0,0,0,1,1
t,1400,9850,4800,6450,1,1,1,1,1,1,1,1
ct,2900,4350,4350,2900,1,1,0,0,0,0,1,1
ct,2900,5150,5050,3000,1,1,1,0,0,0,1,1
t,1900,5450,4900,2450,1,0,0,0,0,0,1,1
ct,1400,3900,3600,1700,0,0,0,0,0,0,1,1
t,2400,3050,300,5150,1,1,1,1,0,0,1,1
t,2400,3900,1850,4450,1,1,1,1,0,0,1,1
t,2400,3100,1200,4300,1,1,1,1,0,0,1,1
t,2400,2950,500,4850,1,1,1,1,0,0,1,1
t,2400,3250,1350,4300,1,1,1,1,0,0,1,1
ct,1400,5250,4850,1800,0,0,0,0,0,0,1,1
t,1400,5550,4150,2800,1,1,0,0,0,0,1,1
t,1400,5950,4800,2550,1,0,0,0,0,0,1,1
t,1400,5400,4800,2000,0,0,0,0,0,0,1,1
t,1900,5750,2850,4800,1,1,1,1,0,0,1,1
t,1900,2800,500,4200,1,1,1,1,0,0,1,1
t,1900,5200,3350,3750,1,1,1,1,0,0,1,1
t,1900,2550,700,3750,1,1,1,1,0,0,1,1
t,2400,4800,4700,2500,1,0,0,0,0,0,1,1
t,2400,3750,3700,2450,1,0,0,0,0,0,1,1
t,2400,3900,3900,2400,0,0,0,0,0,0,1,1
t,2900,2500,2400,3000,1,1,1,0,0,0,1,1
t,2900,2450,2350,3000,1,1,1,0,0,0,1,1
t,2900,2550,1300,4150,1,1,1,1,0,0,1,1
t,2900,2400,2400,2900,1,1,0,0,0,0,1,1
ct,1900,800,650,2050,0,0,0,0,0,0,1,1
ct,1900,800,650,2050,0,0,0,0,0,0,1,1
ct,1900,800,650,2050,0,0,0,0,0,0,1,1
ct,1900,800,800,1900,0,0,0,0,0,0,1,1
ct,1900,800,650,2050,0,0,0,0,0,0,1,1
t,1400,3400,3250,1550,0,0,0,0,0,0,0,1
ct,2400,2500,2500,2400,0,0,0,0,0,0,1,1
ct,2400,2200,1650,2950,1,1,1,0,0,0,1,1
t,1400,3650,3600,1450,0,0,0,0,0,0,0,1
ct,2400,2500,2450,2450,1,0,0,0,0,0,1,1
ct,2400,2050,1950,2500,1,0,0,0,0,0,1,1
t,1400,3400,2000,2800,1,1,0,0,0,0,1,1
ct,2400,2500,2400,2500,1,0,0,0,0,0,1,1
t,1400,3700,3650,1450,0,0,0,0,0,0,0,1
t,1400,4250,3900,1750,0,0,0,0,0,0,1,1
t,1900,1550,1500,1950,0,0,0,0,0,0,1,1
ct,1400,4350,4350,1400,0,0,0,0,0,0,0,1
ct,1400,3550,1700,3250,1,1,1,1,0,0,1,1
ct,1400,3600,2300,2700,1,0,0,0,0,0,1,1
t,1900,1700,1650,1950,0,0,0,0,0,0,1,1
t,1900,1450,1450,1900,0,0,0,0,0,0,1,1
t,1900,1650,1400,2150,0,0,0,0,0,0,1,1
t,2400,2550,200,4750,1,1,1,1,0,0,1,1
t,2400,2000,0,4400,1,1,1,1,0,0,1,1
t,2400,1950,0,4350,1,1,1,1,0,0,1,1
ct,1400,6400,3950,3850,1,1,1,1,0,0,1,1
t,2400,1900,0,4300,1,1,1,1,0,0,1,1
t,2400,2150,0,4550,1,1,1,1,0,0,1,1
t,2900,4750,4600,3050,1,1,1,0,0,0,1,1
t,2900,4400,4400,2900,1,1,0,0,0,0,1,1
t,2900,4350,4300,2950,1,1,1,0,0,0,1,1
t,2900,4300,4200,3000,1,1,1,0,0,0,1,1
t,2900,4550,4400,3050,1,1,1,0,0,0,1,1
ct,1900,10050,5250,6700,1,1,1,1,1,1,1,1
ct,1900,8350,7050,3200,1,1,1,1,0,0,1,1
ct,1900,5250,4650,2500,1,0,0,0,0,0,1,1
ct,1900,7500,5600,3800,1,1,1,1,0,0,1,1
t,1400,3400,3050,1750,0,0,0,0,0,0,1,1
t,1900,3100,700,4300,1,1,1,1,0,0,1,1
t,1900,3050,700,4250,1,1,1,1,0,0,1,1
t,1900,3600,1000,4500,1,1,1,1,0,0,1,1
ct,1400,6300,5600,2100,0,0,0,0,0,0,1,1
t,1900,2250,0,4150,1,1,1,1,0,0,1,1
t,2400,4800,4700,2500,1,0,0,0,0,0,1,1
t,2400,4750,4600,2550,1,0,0,0,0,0,1,1
t,2400,5800,5100,3100,1,1,1,0,0,0,1,1
t,2400,4350,4200,2550,1,0,0,0,0,0,1,1
t,2400,4650,4600,2450,1,0,0,0,0,0,1,1
ct,1400,11100,5600,6900,1,1,1,1,1,1,1,1
t,2900,3050,1850,4100,1,1,1,1,0,0,1,1
t,2900,3900,2050,4750,1,1,1,1,0,0,1,1
t,2900,3050,1150,4800,1,1,1,1,0,0,1,1
t,2900,2950,500,5350,1,1,1,1,0,0,1,1
t,3400,4000,4000,3400,1,1,1,1,0,0,1,1
ct,1400,9850,5600,5650,1,1,1,1,1,0,1,1
t,3400,5500,4800,4100,1,1,1,1,0,0,1,1
ct,1400,11450,5200,7650,1,1,1,1,1,1,1,1
t,3400,5650,5100,3950,1,1,1,1,0,0,1,1
ct,1400,9500,5600,5300,1,1,1,1,0,0,1,1
t,3400,5900,4900,4400,1,1,1,1,0,0,1,1
t,3400,6500,4900,5000,1,1,1,1,0,0,1,1
t,3400,3400,3300,3500,1,1,1,1,0,0,1,1
ct,1400,8050,5600,3850,1,1,1,1,0,0,1,1
ct,1400,13150,5800,8750,1,1,1,1,1,1,1,1
t,3400,4250,4200,3450,1,1,1,1,0,0,1,1
t,3400,4700,4600,3500,1,1,1,1,0,0,1,1
t,3400,5000,4900,3500,1,1,1,1,0,0,1,1
ct,1900,800,800,1900,0,0,0,0,0,0,1,1
ct,1900,800,650,2050,0,0,0,0,0,0,1,1
ct,1900,800,650,2050,0,0,0,0,0,0,1,1
ct,1900,800,650,2050,0,0,0,0,0,0,1,1
ct,1900,800,650,2050,0,0,0,0,0,0,1,1
t,1900,800,650,2050,0,0,0,0,0,0,1,1
t,1900,800,650,2050,0,0,0,0,0,0,1,1
t,1900,800,800,1900,0,0,0,0,0,0,1,1
t,1900,800,650,2050,0,0,0,0,0,0,1,1
t,1900,800,700,2000,0,0,0,0,0,0,1,1
ct,2400,2150,2150,2400,0,0,0,0,0,0,1,1
ct,2400,2300,2300,2400,0,0,0,0,0,0,1,1
ct,2400,2600,2500,2500,1,0,0,0,0,0,1,1
ct,2400,2900,2800,2500,1,0,0,0,0,0,1,1
ct,2400,2900,2350,2950,1,1,1,0,0,0,1,1
t,1400,3950,3800,1550,0,0,0,0,0,0,0,1
t,1400,3650,3600,1450,0,0,0,0,0,0,0,1
t,1400,3500,3500,1400,0,0,0,0,0,0,0,1
t,1400,3650,3500,1550,0,0,0,0,0,0,0,1
t,1400,4800,4800,1400,0,0,0,0,0,0,0,1
ct,1400,4400,3800,2000,0,0,0,0,0,0,1,1
t,1900,2150,2000,2050,0,0,0,0,0,0,1,1
t,1900,2350,1000,3250,1,1,1,1,0,0,1,1
t,1900,2600,2450,2050,0,0,0,0,0,0,1,1
t,1900,2150,2000,2050,0,0,0,0,0,0,1,1
t,1900,2000,700,3200,1,1,1,1,0,0,1,1
ct,1400,5500,2550,4350,1,1,1,1,0,0,1,1
t,2400,2050,0,4450,1,1,1,1,0,0,1,1
t,2400,2250,700,3950,1,1,1,1,0,0,1,1
t,2400,2050,0,4450,1,1,1,1,0,0,1,1
t,2400,2050,0,4450,1,1,1,1,0,0,1,1
t,2400,3200,0,5600,1,1,1,1,1,0,1,1
t,2900,4450,4400,2950,1,1,1,0,0,0,1,1
t,2900,4350,4000,3250,1,1,1,1,0,0,1,1
t,2900,4450,4400,2950,1,1,1,0,0,0,1,1
t,2900,4450,4400,2950,1,1,1,0,0,0,1,1
t,2900,5600,4800,3700,1,1,1,1,0,0,1,1
ct,1400,10350,5800,5950,1,1,1,1,1,1,1,1
ct,1400,7550,5200,3750,1,1,1,1,0,0,1,1
ct,1400,10500,5400,6500,1,1,1,1,1,1,1,1
t,3400,3550,2000,4950,1,1,1,1,0,0,1,1
t,3400,5050,3700,4750,1,1,1,1,0,0,1,1
t,3400,3550,1650,5300,1,1,1,1,0,0,1,1
t,3400,3550,2000,4950,1,1,1,1,0,0,1,1
t,3400,4300,700,7000,1,1,1,1,1,1,1,1
ct,1400,8600,5600,4400,1,1,1,1,0,0,1,1
ct,1400,9150,5400,5150,1,1,1,1,0,0,1,1
ct,1400,14150,5600,9950,1,1,1,1,1,1,1,1
t,3400,5350,4900,3850,1,1,1,1,0,0,1,1
t,3400,5350,4900,3850,1,1,1,1,0,0,1,1
t,3400,6800,5100,5100,1,1,1,1,0,0,1,1
t,3400,5550,4800,4150,1,1,1,1,0,0,1,1
t,3400,7900,6850,4450,1,1,1,1,0,0,1,1
ct,1400,12650,5600,8450,1,1,1,1,1,1,1,1
t,3400,4150,1850,5700,1,1,1,1,1,0,1,1
t,3400,5100,3700,4800,1,1,1,1,0,0,1,1
t,3400,4150,1800,5750,1,1,1,1,1,0,1,1
t,3400,4450,1150,6700,1,1,1,1,1,1,1,1
ct,1400,7750,5200,3950,1,1,1,1,0,0,1,1
ct,1400,10550,5600,6350,1,1,1,1,1,1,1,1
t,3400,5550,4800,4150,1,1,1,1,0,0,1,1
t,3400,4800,4800,3400,1,1,1,1,0,0,1,1
t,3400,5650,4800,4250,1,1,1,1,0,0,1,1
t,3400,6700,6650,3450,1,1,1,1,0,0,1,1
ct,1400,8200,5800,3800,1,1,1,1,0,0,1,1
ct,1400,16000,7750,9650,1,1,1,1,1,1,1,1
t,3400,4200,3700,3900,1,1,1,1,0,0,1,1
t,3400,3400,1900,4900,1,1,1,1,0,0,1,1
t,3400,4250,2200,5450,1,1,1,1,1,0,1,1
t,3400,3550,600,6350,1,1,1,1,1,1,1,1
ct,1900,6900,5600,3200,1,1,1,1,0,0,1,1
ct,1900,9700,7750,3850,1,1,1,1,0,0,1,1
t,1400,5000,4800,1600,0,0,0,0,0,0,0,1
t,1400,6350,5100,2650,1,0,0,0,0,0,1,1
t,1400,8600,7650,2350,0,0,0,0,0,0,1,1
t,1900,800,700,2000,0,0,0,0,0,0,1,1
t,1900,800,650,2050,0,0,0,0,0,0,1,1
t,1900,800,650,2050,0,0,0,0,0,0,1,1
t,1900,800,650,2050,0,0,0,0,0,0,1,1
t,1900,800,700,2000,0,0,0,0,0,0,1,1
t,2400,2000,1800,2600,1,0,0,0,0,0,1,1
t,2400,2050,2000,2450,1,0,0,0,0,0,1,1
t,2400,2650,2550,2500,1,0,0,0,0,0,1,1
t,2400,2050,2000,2450,1,0,0,0,0,0,1,1
ct,1400,3950,0,5350,1,1,1,1,0,0,1,1
ct,1400,4550,4400,1550,0,0,0,0,0,0,0,1
ct,1400,3500,3450,1450,0,0,0,0,0,0,0,1
ct,1400,3950,3750,1600,0,0,0,0,0,0,0,1
ct,1400,3650,2100,2950,1,1,1,0,0,0,1,1
t,2900,3200,1150,4950,1,1,1,1,0,0,1,1
t,2900,3350,1500,4750,1,1,1,1,0,0,1,1
t,2900,3700,2100,4500,1,1,1,1,0,0,1,1
t,2900,3650,1650,4900,1,1,1,1,0,0,1,1
t,2900,3050,1450,4500,1,1,1,1,0,0,1,1
ct,1400,5900,5750,1550,0,0,0,0,0,0,0,1
t,1400,5550,4800,2150,0,0,0,0,0,0,1,1
t,1400,5350,3900,2850,1,1,0,0,0,0,1,1
ct,1900,3050,2900,2050,0,0,0,0,0,0,1,1
t,1900,3850,3700,2050,0,0,0,0,0,0,1,1
t,1400,3650,3450,1600,0,0,0,0,0,0,0,1
t,1400,3550,3500,1450,0,0,0,0,0,0,0,1
t,1400,4150,4000,1550,0,0,0,0,0,0,0,1
ct,1900,3550,3400,2050,0,0,0,0,0,0,1,1
ct,1900,3450,3350,2000,0,0,0,0,0,0,1,1
t,1900,2200,200,3900,1,1,1,1,0,0,1,1
t,1900,2300,0,4200,1,1,1,1,0,0,1,1
t,1900,2050,0,3950,1,1,1,1,0,0,1,1
t,1900,3050,0,4950,1,1,1,1,0,0,1,1
t,1900,2100,0,4000,1,1,1,1,0,0,1,1
ct,1400,4200,4200,1400,0,0,0,0,0,0,0,1
t,2400,3900,3900,2400,0,0,0,0,0,0,1,1
t,2400,4200,3800,2800,1,1,0,0,0,0,1,1
t,2400,3950,3900,2450,1,0,0,0,0,0,1,1
t,2400,4950,4800,2550,1,0,0,0,0,0,1,1
t,2400,4000,4000,2400,0,0,0,0,0,0,1,1
ct,1900,6150,5600,2450,1,0,0,0,0,0,1,1
ct,1900,5100,4850,2150,0,0,0,0,0,0,1,1
t,1400,6600,4800,3200,1,1,1,1,0,0,1,1
t,1400,6850,4900,3350,1,1,1,1,0,0,1,1
ct,2400,4200,4050,2550,1,0,0,0,0,0,1,1
ct,2400,3850,3850,2400,0,0,0,0,0,0,1,1
ct,2400,5250,5250,2400,0,0,0,0,0,0,1,1
t,1900,6000,5950,1950,0,0,0,0,0,0,1,1
ct,1400,4550,4550,1400,0,0,0,0,0,0,0,1
ct,1400,3500,3500,1400,0,0,0,0,0,0,0,1
t,1900,800,650,2050,0,0,0,0,0,0,1,1
ct,1900,800,650,2050,0,0,0,0,0,0,1,1
t,1900,800,700,2000,0,0,0,0,0,0,1,1
t,1900,800,700,2000,0,0,0,0,0,0,1,1
ct,1900,800,750,1950,0,0,0,0,0,0,1,1
t,1900,800,700,2000,0,0,0,0,0,0,1,1
ct,1900,800,650,2050,0,0,0,0,0,0,1,1
ct,1900,800,650,2050,0,0,0,0,0,0,1,1
t,1900,800,650,2050,0,0,0,0,0,0,1,1
ct,1900,800,650,2050,0,0,0,0,0,0,1,1
t,2400,2950,2900,2450,1,0,0,0,0,0,1,1
ct,1400,3900,3750,1550,0,0,0,0,0,0,0,1
t,2400,2600,2000,3000,1,1,1,0,0,0,1,1
t,2400,2900,2800,2500,1,0,0,0,0,0,1,1
ct,1400,4100,4100,1400,0,0,0,0,0,0,0,1
t,2400,3200,3100,2500,1,0,0,0,0,0,1,1
ct,1400,5100,5000,1500,0,0,0,0,0,0,0,1
ct,1400,4200,4200,1400,0,0,0,0,0,0,0,1
ct,1400,3900,3850,1450,0,0,0,0,0,0,0,1
t,2900,2450,0,5350,1,1,1,1,0,0,1,1
t,2900,3300,700,5500,1,1,1,1,1,0,1,1
t,2900,2500,0,5400,1,1,1,1,1,0,1,1
t,2900,2500,700,4700,1,1,1,1,0,0,1,1
t,2900,2450,700,4650,1,1,1,1,0,0,1,1
t,3400,5350,4800,3950,1,1,1,1,0,0,1,1
t,3400,5500,4800,4100,1,1,1,1,0,0,1,1
t,3400,5400,5100,3700,1,1,1,1,0,0,1,1
t,3400,5000,4900,3500,1,1,1,1,0,0,1,1
t,3400,4650,4600,3450,1,1,1,1,0,0,1,1
t,3400,4550,4400,3550,1,1,1,1,0,0,1,1
ct,1400,5800,5600,1600,0,0,0,0,0,0,0,1
t,3400,5000,4800,3600,1,1,1,1,0,0,1,1
t,3400,4300,4200,3500,1,1,1,1,0,0,1,1
t,3400,4100,4000,3500,1,1,1,1,0,0,1,1
ct,1400,8850,5200,5050,1,1,1,1,0,0,1,1
t,3400,4950,4900,3450,1,1,1,1,0,0,1,1
t,3400,3550,1500,5450,1,1,1,1,1,0,1,1
t,3400,3600,300,6700,1,1,1,1,1,1,1,1
t,3400,3500,1450,5450,1,1,1,1,1,0,1,1
t,3400,3500,0,6900,1,1,1,1,1,1,1,1
t,3400,5150,4900,3650,1,1,1,1,0,0,1,1
t,3400,6700,6650,3450,1,1,1,1,0,0,1,1
t,3400,5450,5100,3750,1,1,1,1,0,0,1,1
ct,1400,12400,5600,8200,1,1,1,1,1,1,1,1
t,3400,5350,4900,3850,1,1,1,1,0,0,1,1
t,3400,5250,4900,3750,1,1,1,1,0,0,1,1
t,3400,3650,1300,5750,1,1,1,1,1,0,1,1
t,3400,4050,1800,5650,1,1,1,1,1,0,1,1
t,3400,3850,2200,5050,1,1,1,1,0,0,1,1
t,3400,3750,0,7150,1,1,1,1,1,1,1,1
t,3400,4850,4800,3450,1,1,1,1,0,0,1,1
t,3400,6850,6850,3400,1,1,1,1,0,0,1,1
t,3400,5050,4900,3550,1,1,1,1,0,0,1,1
ct,1400,15350,5600,11150,1,1,1,1,1,1,1,1
t,3400,4950,4900,3450,1,1,1,1,0,0,1,1
t,3400,3450,1900,4950,1,1,1,1,0,0,1,1
t,3400,3550,1500,5450,1,1,1,1,1,0,1,1
t,3400,3850,2000,5250,1,1,1,1,0,0,1,1
ct,1400,14650,5200,10850,1,1,1,1,1,1,1,1
ct,1400,13250,5600,9050,1,1,1,1,1,1,1,1
t,3400,3750,2200,4950,1,1,1,1,0,0,1,1
t,3400,5550,4900,4050,1,1,1,1,0,0,1,1
t,3400,6150,4800,4750,1,1,1,1,0,0,1,1
ct,1400,13200,5800,8800,1,1,1,1,1,1,1,1
ct,1400,12300,6100,7600,1,1,1,1,1,1,1,1
t,3400,5550,4900,4050,1,1,1,1,0,0,1,1
t,3400,4950,4900,3450,1,1,1,1,0,0,1,1
ct,1400,15450,6300,10550,1,1,1,1,1,1,1,1
t,3400,5650,5600,3450,1,1,1,1,0,0,1,1
t,3400,4000,4000,3400,1,1,1,1,0,0,1,1
t,3400,5350,5300,3450,1,1,1,1,0,0,1,1
ct,1400,11750,6300,6850,1,1,1,1,1,1,1,1
ct,1400,10250,6100,5550,1,1,1,1,1,0,1,1
t,3400,5250,5200,3450,1,1,1,1,0,0,1,1
ct,1400,11800,7950,5250,1,1,1,1,0,0,1,1
ct,1900,800,800,1900,0,0,0,0,0,0,1,1
ct,1900,800,650,2050,0,0,0,0,0,0,1,1
ct,1900,800,650,2050,0,0,0,0,0,0,1,1
ct,1900,800,650,2050,0,0,0,0,0,0,1,1
ct,1900,800,650,2050,0,0,0,0,0,0,1,1
ct,1400,3500,3350,1550,0,0,0,0,0,0,0,1
t,2400,1950,1500,2850,1,1,0,0,0,0,1,1
ct,1400,4250,4200,1450,0,0,0,0,0,0,0,1
ct,1400,4550,4500,1450,0,0,0,0,0,0,0,1
t,2400,2050,2000,2450,1,0,0,0,0,0,1,1
ct,1400,3650,3550,1500,0,0,0,0,0,0,0,1
t,2400,2000,1900,2500,1,0,0,0,0,0,1,1
ct,1400,3650,3550,1500,0,0,0,0,0,0,0,1
t,2400,2050,2000,2450,1,0,0,0,0,0,1,1
t,2900,3450,1400,4950,1,1,1,1,0,0,1,1
t,2900,3050,1000,4950,1,1,1,1,0,0,1,1
t,2900,3100,1700,4300,1,1,1,1,0,0,1,1
t,2900,3300,1700,4500,1,1,1,1,0,0,1,1
t,2900,3650,1650,4900,1,1,1,1,0,0,1,1
t,3400,4950,4900,3450,1,1,1,1,0,0,1,1
t,3400,4950,4900,3450,1,1,1,1,0,0,1,1
t,3400,4500,4400,3500,1,1,1,1,0,0,1,1
t,3400,4900,4800,3500,1,1,1,1,0,0,1,1
ct,1900,800,650,2050,0,0,0,0,0,0,1,1
ct,1900,800,650,2050,0,0,0,0,0,0,1,1
t,1900,800,650,2050,0,0,0,0,0,0,1,1
t,1900,800,650,2050,0,0,0,0,0,0,1,1
t,1900,800,650,2050,0,0,0,0,0,0,1,1
ct,1900,800,650,2050,0,0,0,0,0,0,1,1
ct,1900,800,650,2050,0,0,0,0,0,0,1,1
t,1900,800,800,1900,0,0,0,0,0,0,1,1
t,1900,800,800,1900,0,0,0,0,0,0,1,1
ct,1900,800,800,1900,0,0,0,0,0,0,1,1
ct,2400,2050,1750,2700,1,0,0,0,0,0,1,1
ct,2400,2050,2000,2450,1,0,0,0,0,0,1,1
t,1400,3950,3900,1450,0,0,0,0,0,0,0,1
t,1400,3950,3800,1550,0,0,0,0,0,0,0,1
t,1400,3950,3950,1400,0,0,0,0,0,0,0,1
ct,2400,2050,1750,2700,1,0,0,0,0,0,1,1
t,1400,3500,3500,1400,0,0,0,0,0,0,0,1
t,1400,3500,3500,1400,0,0,0,0,0,0,0,1
ct,2400,1900,1900,2400,0,0,0,0,0,0,1,1
ct,2900,2750,0,5650,1,1,1,1,1,0,1,1
ct,2900,2750,600,5050,1,1,1,1,0,0,1,1
ct,2900,2800,700,5000,1,1,1,1,0,0,1,1
ct,2900,3050,1150,4800,1,1,1,1,0,0,1,1
t,1400,6150,4800,2750,1,0,0,0,0,0,1,1
ct,3400,5150,4850,3700,1,1,1,1,0,0,1,1
ct,3400,5100,4850,3650,1,1,1,1,0,0,1,1
ct,3400,5200,4850,3750,1,1,1,1,0,0,1,1
ct,3400,3600,1850,5150,1,1,1,1,0,0,1,1
ct,3400,3850,1750,5500,1,1,1,1,1,0,1,1
ct,3400,4200,2200,5400,1,1,1,1,1,0,1,1
ct,1400,5450,1700,5150,1,1,1,1,0,0,1,1
t,1900,5450,4800,2550,1,0,0,0,0,0,1,1
t,2400,3100,3100,2400,0,0,0,0,0,0,1,1
t,2400,3300,3300,2400,0,0,0,0,0,0,1,1
t,2400,3950,3900,2450,1,0,0,0,0,0,1,1
ct,1400,8350,4850,4900,1,1,1,1,0,0,1,1
t,1400,3550,2550,2400,0,0,0,0,0,0,1,1
ct,1900,7400,5600,3700,1,1,1,1,0,0,1,1
ct,1900,10300,5200,7000,1,1,1,1,1,1,1,1
ct,1900,6650,4850,3700,1,1,1,1,0,0,1,1
ct,2400,4750,4650,2500,1,0,0,0,0,0,1,1
t,1900,5600,4800,2700,1,0,0,0,0,0,1,1
t,1900,5300,4800,2400,0,0,0,0,0,0,1,1
t,1900,4150,4000,2050,0,0,0,0,0,0,1,1
ct,1400,5650,4850,2200,0,0,0,0,0,0,1,1
ct,1900,8600,5600,4900,1,1,1,1,0,0,1,1
ct,1900,8950,6700,4150,1,1,1,1,0,0,1,1
t,1400,5050,4900,1550,0,0,0,0,0,0,0,1
ct,1900,10550,5800,6650,1,1,1,1,1,1,1,1
t,1400,4800,3500,2700,1,0,0,0,0,0,1,1
t,1400,5350,4900,1850,0,0,0,0,0,0,1,1
t,1400,5450,4900,1950,0,0,0,0,0,0,1,1
ct,2400,4250,4150,2500,1,0,0,0,0,0,1,1
t,1400,4850,4800,1450,0,0,0,0,0,0,0,1
ct,1900,800,650,2050,0,0,0,0,0,0,1,1
ct,1900,800,650,2050,0,0,0,0,0,0,1,1
ct,1900,800,650,2050,0,0,0,0,0,0,1,1
ct,1900,800,650,2050,0,0,0,0,0,0,1,1
ct,1900,800,700,2000,0,0,0,0,0,0,1,1
t,2400,2050,0,4450,1,1,1,1,0,0,1,1
t,2400,2050,0,4450,1,1,1,1,0,0,1,1
ct,1400,4250,4250,1400,0,0,0,0,0,0,0,1
ct,1400,3950,3700,1650,0,0,0,0,0,0,0,1
ct,1400,3950,3850,1500,0,0,0,0,0,0,0,1
t,2400,2050,0,4450,1,1,1,1,0,0,1,1
t,2400,1900,0,4300,1,1,1,1,0,0,1,1
ct,1400,3650,3550,1500,0,0,0,0,0,0,0,1
t,2400,2050,0,4450,1,1,1,1,0,0,1,1
t,2900,4450,4400,2950,1,1,1,0,0,0,1,1
t,2900,4450,4400,2950,1,1,1,0,0,0,1,1
t,2900,4450,4300,3050,1,1,1,0,0,0,1,1
t,2900,4300,4200,3000,1,1,1,0,0,0,1,1
t,2900,4450,4400,2950,1,1,1,0,0,0,1,1
t,1400,3900,3900,1400,0,0,0,0,0,0,0,1
ct,1900,5300,5200,2000,0,0,0,0,0,0,1,1
ct,1900,5300,5250,1950,0,0,0,0,0,0,1,1
ct,1900,4400,4350,1950,0,0,0,0,0,0,1,1
ct,1900,4850,4850,1900,0,0,0,0,0,0,1,1
t,1400,3300,3300,1400,0,0,0,0,0,0,0,1
t,1900,3100,2950,2050,0,0,0,0,0,0,1,1
t,1900,3500,3350,2050,0,0,0,0,0,0,1,1
t,1900,3700,3450,2150,0,0,0,0,0,0,1,1
t,1900,2550,2250,2200,0,0,0,0,0,0,1,1
t,1900,2500,2350,2050,0,0,0,0,0,0,1,1
t,2400,2550,2500,2450,1,0,0,0,0,0,1,1
t,2400,2550,2550,2400,0,0,0,0,0,0,1,1
ct,1400,5350,5200,1550,0,0,0,0,0,0,0,1
t,2400,2650,2500,2550,1,0,0,0,0,0,1,1
t,2400,2550,2550,2400,0,0,0,0,0,0,1,1
ct,1900,5700,5200,2400,0,0,0,0,0,0,1,1
ct,1900,5150,5050,2000,0,0,0,0,0,0,1,1
t,1900,800,650,2050,0,0,0,0,0,0,1,1
ct,1900,800,650,2050,0,0,0,0,0,0,1,1
t,1900,800,700,2000,0,0,0,0,0,0,1,1
t,1900,800,700,2000,0,0,0,0,0,0,1,1
ct,1900,800,650,2050,0,0,0,0,0,0,1,1
ct,1900,800,800,1900,0,0,0,0,0,0,1,1
ct,1900,800,650,2050,0,0,0,0,0,0,1,1
t,1900,800,650,2050,0,0,0,0,0,0,1,1
ct,1900,800,650,2050,0,0,0,0,0,0,1,1
t,1900,800,650,2050,0,0,0,0,0,0,1,1
t,2400,2350,0,4750,1,1,1,1,0,0,1,1
ct,1400,3650,3550,1500,0,0,0,0,0,0,0,1
t,2400,2000,0,4400,1,1,1,1,0,0,1,1
t,2400,2000,0,4400,1,1,1,1,0,0,1,1
ct,1400,3500,3350,1550,0,0,0,0,0,0,0,1
ct,1400,5150,5150,1400,0,0,0,0,0,0,0,1
t,2400,2050,0,4450,1,1,1,1,0,0,1,1
t,2400,2050,0,4450,1,1,1,1,0,0,1,1
t,2900,4750,4700,2950,1,1,1,0,0,0,1,1
t,2900,4400,4200,3100,1,1,1,0,0,0,1,1
t,2900,4400,4400,2900,1,1,0,0,0,0,1,1
t,2900,4450,4400,2950,1,1,1,0,0,0,1,1
t,2900,4450,4400,2950,1,1,1,0,0,0,1,1
ct,1900,5550,4850,2600,1,0,0,0,0,0,1,1
t,1400,7300,4900,3800,1,1,1,1,0,0,1,1
ct,2900,3700,3550,3050,1,1,1,0,0,0,1,1
ct,2900,4150,4150,2900,1,1,0,0,0,0,1,1
t,1400,9500,4900,6000,1,1,1,1,1,1,1,1
t,1900,8150,4800,5250,1,1,1,1,0,0,1,1
ct,1400,3400,3200,1600,0,0,0,0,0,0,0,1
t,1900,6000,4900,3000,1,1,1,0,0,0,1,1
ct,1900,2250,300,3850,1,1,1,1,0,0,1,1
t,1400,6850,4800,3450,1,1,1,1,0,0,1,1
ct,1900,2050,0,3950,1,1,1,1,0,0,1,1
ct,1900,2100,200,3800,1,1,1,1,0,0,1,1
t,1400,8400,4900,4900,1,1,1,1,0,0,1,1
ct,2400,4400,4350,2450,1,0,0,0,0,0,1,1
ct,2400,4550,3800,3150,1,1,1,1,0,0,1,1
ct,2400,4800,4650,2550,1,0,0,0,0,0,1,1
ct,2400,4350,4350,2400,0,0,0,0,0,0,1,1
ct,2400,4400,4350,2450,1,0,0,0,0,0,1,1
ct,2900,3000,700,5200,1,1,1,1,0,0,1,1
ct,2900,3250,1800,4350,1,1,1,1,0,0,1,1
t,1400,10200,4900,6700,1,1,1,1,1,1,1,1
ct,3400,4950,4850,3500,1,1,1,1,0,0,1,1
t,1900,10700,4900,7700,1,1,1,1,1,1,1,1
t,1900,15000,4900,12000,1,1,1,1,1,1,1,1
t,1900,13600,4800,10700,1,1,1,1,1,1,1,1
t,1900,9900,4900,6900,1,1,1,1,1,1,1,1
t,1900,16000,4900,13000,1,1,1,1,1,1,1,1
t,1900,800,700,2000,0,0,0,0,0,0,1,1
t,1900,800,650,2050,0,0,0,0,0,0,1,1
t,1900,800,800,1900,0,0,0,0,0,0,1,1
t,1900,800,700,2000,0,0,0,0,0,0,1,1
t,1900,800,650,2050,0,0,0,0,0,0,1,1
ct,2400,2350,2350,2400,0,0,0,0,0,0,1,1
t,1400,3950,3800,1550,0,0,0,0,0,0,0,1
ct,2400,2200,2100,2500,1,0,0,0,0,0,1,1
t,1400,3400,3250,1550,0,0,0,0,0,0,0,1
t,1400,3250,3250,1400,0,0,0,0,0,0,0,1
t,1400,4250,4200,1450,0,0,0,0,0,0,0,1
ct,2400,2500,2500,2400,0,0,0,0,0,0,1,1
t,1400,3700,3450,1650,0,0,0,0,0,0,0,1
ct,2400,2500,2500,2400,0,0,0,0,0,0,1,1
ct,1400,4100,3550,1950,0,0,0,0,0,0,1,1
t,1900,1550,1150,2300,0,0,0,0,0,0,1,1
ct,1400,4200,3900,1700,0,0,0,0,0,0,1,1
t,1900,1550,1250,2200,0,0,0,0,0,0,1,1
t,1900,1400,1250,2050,0,0,0,0,0,0,1,1
t,1900,1450,1150,2200,0,0,0,0,0,0,1,1
t,2400,2300,0,4700,1,1,1,1,0,0,1,1
t,2400,2200,0,4600,1,1,1,1,0,0,1,1
t,2400,2050,0,4450,1,1,1,1,0,0,1,1
t,2400,2050,0,4450,1,1,1,1,0,0,1,1
t,2400,1950,0,4350,1,1,1,1,0,0,1,1
ct,1400,6300,5200,2500,1,0,0,0,0,0,1,1
t,2900,4700,4600,3000,1,1,1,0,0,0,1,1
t,2900,4600,4500,3000,1,1,1,0,0,0,1,1
t,2900,4450,3450,3900,1,1,1,1,0,0,1,1
t,2900,4450,4400,2950,1,1,1,0,0,0,1,1
t,2900,4350,4200,3050,1,1,1,0,0,0,1,1
t,3400,3000,2800,3600,1,1,1,1,0,0,1,1
ct,1400,9200,5800,4800,1,1,1,1,0,0,1,1
ct,1400,12100,8150,5350,1,1,1,1,0,0,1,1
ct,1400,10700,5200,6900,1,1,1,1,1,1,1,1
t,3400,3050,3000,3450,1,1,1,1,0,0,1,1
ct,1900,800,800,1900,0,0,0,0,0,0,1,1
ct,1900,800,650,2050,0,0,0,0,0,0,1,1
t,1900,800,800,1900,0,0,0,0,0,0,1,1
ct,1900,800,650,2050,0,0,0,0,0,0,1,1
t,1900,800,650,2050,0,0,0,0,0,0,1,1
t,1900,800,650,2050,0,0,0,0,0,0,1,1
ct,1900,800,650,2050,0,0,0,0,0,0,1,1
ct,1900,800,800,1900,0,0,0,0,0,0,1,1
t,1900,800,650,2050,0,0,0,0,0,0,1,1
t,1900,800,650,2050,0,0,0,0,0,0,1,1
ct,2400,2200,2200,2400,0,0,0,0,0,0,1,1
t,1400,3250,3250,1400,0,0,0,0,0,0,0,1
ct,2400,2800,2750,2450,1,0,0,0,0,0,1,1
t,1400,3700,3700,1400,0,0,0,0,0,0,0,1
ct,2400,2500,1750,3150,1,1,1,1,0,0,1,1
ct,2400,2050,2000,2450,1,0,0,0,0,0,1,1
t,1400,3400,3300,1500,0,0,0,0,0,0,0,1
t,1400,4300,4200,1500,0,0,0,0,0,0,0,1
t,1900,1400,0,3300,1,1,1,1,0,0,1,1
t,1900,1700,300,3300,1,1,1,1,0,0,1,1
t,1900,1500,1450,1950,0,0,0,0,0,0,1,1
t,1900,2100,0,4000,1,1,1,1,0,0,1,1
t,2400,2500,1150,3750,1,1,1,1,0,0,1,1
t,2400,2500,700,4200,1,1,1,1,0,0,1,1
ct,1400,6050,6050,1400,0,0,0,0,0,0,0,1
t,2400,2550,1150,3800,1,1,1,1,0,0,1,1
t,2400,2600,800,4200,1,1,1,1,0,0,1,1
t,2900,3450,3300,3050,1,1,1,0,0,0,1,1
t,2900,4200,3900,3200,1,1,1,1,0,0,1,1
t,2900,4100,3900,3100,1,1,1,0,0,0,1,1
t,2900,4200,4200,2900,1,1,0,0,0,0,1,1
ct,1400,7500,5200,3700,1,1,1,1,0,0,1,1
t,3400,3050,1800,4650,1,1,1,1,0,0,1,1
t,3400,3350,1550,5200,1,1,1,1,0,0,1,1
t,3400,3200,1650,4950,1,1,1,1,0,0,1,1
t,3400,3200,1450,5150,1,1,1,1,0,0,1,1
t,3400,4650,4600,3450,1,1,1,1,0,0,1,1
t,3400,4950,4800,3550,1,1,1,1,0,0,1,1
t,3400,5450,4900,3950,1,1,1,1,0,0,1,1
ct,1900,7000,4850,4050,1,1,1,1,0,0,1,1
ct,1900,9600,6600,4900,1,1,1,1,0,0,1,1
ct,1900,9700,5200,6400,1,1,1,1,1,1,1,1
t,1400,6550,4900,3050,1,1,1,0,0,0,1,1
ct,2400,6500,5200,3700,1,1,1,1,0,0,1,1
t,1400,6300,4900,2800,1,1,0,0,0,0,1,1
ct,2900,5200,5050,3050,1,1,1,0,0,0,1,1
ct,2900,5000,4850,3050,1,1,1,0,0,0,1,1
t,1400,10050,4900,6550,1,1,1,1,1,1,1,1
t,1400,9550,4900,6050,1,1,1,1,1,1,1,1
ct,2900,5450,5400,2950,1,1,1,0,0,0,1,1
ct,2900,3900,3550,3250,1,1,1,1,0,0,1,1
t,1400,11850,4900,8350,1,1,1,1,1,1,1,1
t,1400,4650,4600,1450,0,0,0,0,0,0,0,1
ct,3400,3150,3000,3550,1,1,1,1,0,0,1,1
t,1400,10450,4900,6950,1,1,1,1,1,1,1,1
ct,3400,3650,3550,3500,1,1,1,1,0,0,1,1
ct,3400,3550,3400,3550,1,1,1,1,0,0,1,1
ct,3400,4150,4050,3500,1,1,1,1,0,0,1,1
t,1400,8800,7350,2850,1,1,0,0,0,0,1,1
ct,3400,3850,3850,3400,1,1,1,1,0,0,1,1
ct,1900,800,650,2050,0,0,0,0,0,0,1,1
ct,1900,800,650,2050,0,0,0,0,0,0,1,1
ct,1900,800,800,1900,0,0,0,0,0,0,1,1
ct,1900,800,650,2050,0,0,0,0,0,0,1,1
ct,1900,800,650,2050,0,0,0,0,0,0,1,1
t,1400,4150,4000,1550,0,0,0,0,0,0,0,1
t,1400,3400,3300,1500,0,0,0,0,0,0,0,1
ct,2400,2150,0,4550,1,1,1,1,0,0,1,1
t,1400,3350,3300,1450,0,0,0,0,0,0,0,1
ct,2400,2450,0,4850,1,1,1,1,0,0,1,1
ct,2400,2000,0,4400,1,1,1,1,0,0,1,1
t,1400,3400,3250,1550,0,0,0,0,0,0,0,1
ct,2400,2450,0,4850,1,1,1,1,0,0,1,1
ct,2400,2150,0,4550,1,1,1,1,0,0,1,1
ct,2900,4600,4600,2900,1,1,0,0,0,0,1,1
ct,2900,4900,4900,2900,1,1,0,0,0,0,1,1
ct,2900,4750,4700,2950,1,1,1,0,0,0,1,1
ct,2900,4600,4550,2950,1,1,1,0,0,0,1,1
ct,2900,4600,4550,2950,1,1,1,0,0,0,1,1
ct,3400,3000,1000,5400,1,1,1,1,1,0,1,1
ct,3400,3300,1200,5500,1,1,1,1,1,0,1,1
ct,3400,3350,950,5800,1,1,1,1,1,0,1,1
ct,3400,3050,1450,5000,1,1,1,1,0,0,1,1
ct,1400,5800,5200,2000,0,0,0,0,0,0,1,1
t,1900,5050,4800,2150,0,0,0,0,0,0,1,1
ct,1400,6200,5200,2400,0,0,0,0,0,0,1,1
t,1900,7450,6850,2500,1,0,0,0,0,0,1,1
ct,1400,5100,4850,1650,0,0,0,0,0,0,0,1
t,2400,1950,0,4350,1,1,1,1,0,0,1,1
t,2400,2650,700,4350,1,1,1,1,0,0,1,1
t,2400,2150,0,4550,1,1,1,1,0,0,1,1
ct,1400,8100,7050,2450,1,0,0,0,0,0,1,1
t,2400,2050,0,4450,1,1,1,1,0,0,1,1
t,2900,4350,4200,3050,1,1,1,0,0,0,1,1
t,2900,4550,4400,3050,1,1,1,0,0,0,1,1
t,2900,4450,4400,2950,1,1,1,0,0,0,1,1
t,3400,2950,1450,4900,1,1,1,1,0,0,1,1
t,3400,3050,1500,4950,1,1,1,1,0,0,1,1
t,3400,3050,1750,4700,1,1,1,1,0,0,1,1
t,3400,2950,1650,4700,1,1,1,1,0,0,1,1
t,1400,5050,4900,1550,0,0,0,0,0,0,0,1
t,1400,4800,4800,1400,0,0,0,0,0,0,0,1
ct,1900,7750,5800,3850,1,1,1,1,0,0,1,1
t,1400,5150,3950,2600,1,0,0,0,0,0,1,1
ct,1900,7100,5250,3750,1,1,1,1,0,0,1,1
t,1900,2400,2400,1900,0,0,0,0,0,0,1,1
t,1900,3900,3400,2400,0,0,0,0,0,0,1,1
t,2400,3350,0,5750,1,1,1,1,1,0,1,1
t,2400,2900,2600,2700,1,0,0,0,0,0,1,1
t,2400,3050,0,5450,1,1,1,1,1,0,1,1
ct,1400,9050,7950,2500,1,0,0,0,0,0,1,1
t,2400,3100,2900,2600,1,0,0,0,0,0,1,1
ct,1400,5100,4200,2300,0,0,0,0,0,0,1,1
ct,1400,8600,5600,4400,1,1,1,1,0,0,1,1
t,1900,800,800,1900,0,0,0,0,0,0,1,1
ct,1900,800,650,2050,0,0,0,0,0,0,1,1
t,1900,800,700,2000,0,0,0,0,0,0,1,1
ct,1900,800,650,2050,0,0,0,0,0,0,1,1
t,1900,800,650,2050,0,0,0,0,0,0,1,1
t,1900,800,650,2050,0,0,0,0,0,0,1,1
t,1900,800,650,2050,0,0,0,0,0,0,1,1
ct,1900,800,650,2050,0,0,0,0,0,0,1,1
ct,1900,800,650,2050,0,0,0,0,0,0,1,1
ct,1900,800,650,2050,0,0,0,0,0,0,1,1
t,1400,3800,3150,2050,0,0,0,0,0,0,1,1
ct,2400,2500,2350,2550,1,0,0,0,0,0,1,1
ct,2400,2200,2050,2550,1,0,0,0,0,0,1,1
t,1400,3650,3600,1450,0,0,0,0,0,0,0,1
t,1400,3650,3500,1550,0,0,0,0,0,0,0,1
t,1400,4850,4800,1450,0,0,0,0,0,0,0,1
ct,2400,2500,2500,2400,0,0,0,0,0,0,1,1
ct,2400,2200,2000,2600,1,0,0,0,0,0,1,1
t,1900,2050,2000,1950,0,0,0,0,0,0,1,1
t,1900,1500,1450,1950,0,0,0,0,0,0,1,1
t,1900,1850,1800,1950,0,0,0,0,0,0,1,1
t,1900,1450,1450,1900,0,0,0,0,0,0,1,1
t,2400,1950,0,4350,1,1,1,1,0,0,1,1
t,2400,1950,0,4350,1,1,1,1,0,0,1,1
t,2400,1900,0,4300,1,1,1,1,0,0,1,1
t,2400,1950,0,4350,1,1,1,1,0,0,1,1
t,2400,1900,0,4300,1,1,1,1,0,0,1,1
t,2900,4350,4200,3050,1,1,1,0,0,0,1,1
t,2900,4350,4200,3050,1,1,1,0,0,0,1,1
t,2900,4300,4300,2900,1,1,0,0,0,0,1,1
t,2900,4350,4200,3050,1,1,1,0,0,0,1,1
t,2900,4300,4200,3000,1,1,1,0,0,0,1,1
t,3400,3650,2200,4850,1,1,1,1,0,0,1,1
t,3400,3950,2200,5150,1,1,1,1,0,0,1,1
ct,1400,12200,5600,8000,1,1,1,1,1,1,1,1
t,3400,3500,2100,4800,1,1,1,1,0,0,1,1
t,3400,4250,2750,4900,1,1,1,1,0,0,1,1
t,3400,3600,2400,4600,1,1,1,1,0,0,1,1
ct,1400,12850,5200,9050,1,1,1,1,1,1,1,1
t,3400,5450,4800,4050,1,1,1,1,0,0,1,1
ct,1400,13200,7450,7150,1,1,1,1,1,1,1,1
t,3400,4800,4700,3500,1,1,1,1,0,0,1,1
t,3400,4900,4900,3400,1,1,1,1,0,0,1,1
t,3400,4900,4800,3500,1,1,1,1,0,0,1,1
ct,1400,15150,5600,10950,1,1,1,1,1,1,1,1
ct,1400,11150,5200,7350,1,1,1,1,1,1,1,1
t,3400,4350,4200,3550,1,1,1,1,0,0,1,1
t,3400,4050,4000,3450,1,1,1,1,0,0,1,1
ct,1400,13650,5600,9450,1,1,1,1,1,1,1,1
t,3400,3400,3300,3500,1,1,1,1,0,0,1,1
t,3400,3800,3650,3550,1,1,1,1,0,0,1,1
ct,1400,13000,5600,8800,1,1,1,1,1,1,1,1
ct,1400,15450,5600,11250,1,1,1,1,1,1,1,1
ct,1400,10300,5200,6500,1,1,1,1,1,1,1,1
ct,1900,10100,7450,4550,1,1,1,1,0,0,1,1
t,1400,3600,3500,1500,0,0,0,0,0,0,0,1
ct,1900,9950,5600,6250,1,1,1,1,1,1,1,1
t,1400,3400,3150,1650,0,0,0,0,0,0,0,1
ct,1900,9000,5250,5650,1,1,1,1,1,0,1,1
ct,1900,7000,5200,3700,1,1,1,1,0,0,1,1
ct,2400,6000,4850,3550,1,1,1,1,0,0,1,1
ct,2400,8100,5250,5250,1,1,1,1,0,0,1,1
t,1900,4600,4000,2500,1,0,0,0,0,0,1,1
ct,1400,7200,7150,1450,0,0,0,0,0,0,0,1
t,1900,4900,4800,2000,0,0,0,0,0,0,1,1
t,1900,5800,4800,2900,1,1,0,0,0,0,1,1
t,1900,3150,3150,1900,0,0,0,0,0,0,1,1
t,2400,4500,4500,2400,0,0,0,0,0,0,1,1
t,2400,3900,3900,2400,0,0,0,0,0,0,1,1
t,2400,2900,2800,2500,1,0,0,0,0,0,1,1
t,1900,800,650,2050,0,0,0,0,0,0,1,1
t,1900,800,650,2050,0,0,0,0,0,0,1,1
t,1900,800,700,2000,0,0,0,0,0,0,1,1
t,1900,800,800,1900,0,0,0,0,0,0,1,1
t,1900,800,650,2050,0,0,0,0,0,0,1,1
ct,2400,2350,2150,2600,1,0,0,0,0,0,1,1
t,1400,3700,3100,2000,0,0,0,0,0,0,1,1
ct,2400,2200,1500,3100,1,1,1,0,0,0,1,1
t,1400,3700,3600,1500,0,0,0,0,0,0,0,1
ct,2400,2200,2100,2500,1,0,0,0,0,0,1,1
ct,2400,2800,2550,2650,1,0,0,0,0,0,1,1
ct,2400,2200,2100,2500,1,0,0,0,0,0,1,1
t,1400,4250,4200,1450,0,0,0,0,0,0,0,1
t,1400,3250,3150,1500,0,0,0,0,0,0,0,1
t,1400,3700,3500,1600,0,0,0,0,0,0,0,1
t,1900,2200,2200,1900,0,0,0,0,0,0,1,1
ct,1400,4750,4700,1450,0,0,0,0,0,0,0,1
t,1900,2400,2300,2000,0,0,0,0,0,0,1,1
ct,1400,4150,4000,1550,0,0,0,0,0,0,0,1
t,1900,2050,2050,1900,0,0,0,0,0,0,1,1
t,1900,2100,2000,2000,0,0,0,0,0,0,1,1
t,1900,3100,3100,1900,0,0,0,0,0,0,1,1
ct,1900,1600,1450,2050,0,0,0,0,0,0,1,1
ct,1900,3600,3550,1950,0,0,0,0,0,0,1,1
ct,1900,3050,2900,2050,0,0,0,0,0,0,1,1
t,1400,3850,3800,1450,0,0,0,0,0,0,0,1
t,1400,3650,3600,1450,0,0,0,0,0,0,0,1
ct,2400,2100,0,4500,1,1,1,1,0,0,1,1
ct,2400,2850,0,5250,1,1,1,1,0,0,1,1
t,1400,5000,4900,1500,0,0,0,0,0,0,0,1
ct,2400,2150,0,4550,1,1,1,1,0,0,1,1
ct,2400,2550,200,4750,1,1,1,1,0,0,1,1
ct,2400,2400,0,4800,1,1,1,1,0,0,1,1
t,1400,3300,3300,1400,0,0,0,0,0,0,0,1
t,1400,3900,3900,1400,0,0,0,0,0,0,0,1
ct,2900,4950,4850,3000,1,1,1,0,0,0,1,1
ct,2900,5400,5400,2900,1,1,0,0,0,0,1,1
t,1400,4250,4000,1650,0,0,0,0,0,0,0,1
ct,2900,4700,4700,2900,1,1,0,0,0,0,1,1
ct,2900,4900,4900,2900,1,1,0,0,0,0,1,1
ct,2900,5550,5200,3250,1,1,1,1,0,0,1,1
ct,1900,800,650,2050,0,0,0,0,0,0,1,1
t,1900,800,650,2050,0,0,0,0,0,0,1,1
ct,1900,800,800,1900,0,0,0,0,0,0,1,1
t,1900,800,800,1900,0,0,0,0,0,0,1,1
t,1900,800,650,2050,0,0,0,0,0,0,1,1
t,1900,800,650,2050,0,0,0,0,0,0,1,1
ct,1900,800,650,2050,0,0,0,0,0,0,1,1
ct,1900,800,650,2050,0,0,0,0,0,0,1,1
ct,1900,800,650,2050,0,0,0,0,0,0,1,1
t,1900,800,700,2000,0,0,0,0,0,0,1,1
ct,2400,2200,2000,2600,1,0,0,0,0,0,1,1
t,1400,3400,3400,1400,0,0,0,0,0,0,0,1
ct,2400,2050,1950,2500,1,0,0,0,0,0,1,1
t,1400,3250,3250,1400,0,0,0,0,0,0,0,1
t,1400,4600,4250,1750,0,0,0,0,0,0,1,1
ct,2400,2200,2100,2500,1,0,0,0,0,0,1,1
ct,2400,2500,2450,2450,1,0,0,0,0,0,1,1
ct,1400,4250,4200,1450,0,0,0,0,0,0,0,1
t,1900,2600,2450,2050,0,0,0,0,0,0,1,1
ct,1400,4750,4700,1450,0,0,0,0,0,0,0,1
t,1900,2000,2000,1900,0,0,0,0,0,0,1,1
t,1900,3250,3100,2050,0,0,0,0,0,0,1,1
t,1900,2050,2000,1950,0,0,0,0,0,0,1,1
ct,1400,3800,3550,1650,0,0,0,0,0,0,0,1
t,1900,2350,2200,2050,0,0,0,0,0,0,1,1
ct,1900,1850,1750,2000,0,0,0,0,0,0,1,1
t,1400,3600,3600,1400,0,0,0,0,0,0,0,1
ct,1900,2650,2550,2000,0,0,0,0,0,0,1,1
ct,1900,3600,3550,1950,0,0,0,0,0,0,1,1
ct,1900,1750,1750,1900,0,0,0,0,0,0,1,1
t,1400,4000,2300,3100,1,1,1,0,0,0,1,1
ct,2400,2000,300,4100,1,1,1,1,0,0,1,1
ct,2400,1900,0,4300,1,1,1,1,0,0,1,1
ct,2900,4750,4700,2950,1,1,1,0,0,0,1,1
ct,2900,4200,4150,2950,1,1,1,0,0,0,1,1
t,1400,7650,4900,4150,1,1,1,1,0,0,1,1
ct,2900,4500,4350,3050,1,1,1,0,0,0,1,1
ct,2900,4450,4350,3000,1,1,1,0,0,0,1,1
ct,2900,4700,4700,2900,1,1,0,0,0,0,1,1
ct,3400,3000,650,5750,1,1,1,1,1,0,1,1
ct,3400,3000,1750,4650,1,1,1,1,0,0,1,1
ct,3400,6450,6350,3500,1,1,1,1,0,0,1,1
t,1400,9650,4900,6150,1,1,1,1,1,1,1,1
ct,3400,5800,5250,3950,1,1,1,1,0,0,1,1
ct,3400,5450,5200,3650,1,1,1,1,0,0,1,1
ct,3400,5650,5600,3450,1,1,1,1,0,0,1,1
t,1400,12550,4900,9050,1,1,1,1,1,1,1,1
t,1900,6450,4900,3450,1,1,1,1,0,0,1,1
ct,1400,6650,5250,2800,1,1,0,0,0,0,1,1
t,1900,9850,4900,6850,1,1,1,1,1,1,1,1
t,1900,8650,4900,5650,1,1,1,1,1,0,1,1
t,1900,9850,6950,4800,1,1,1,1,0,0,1,1
ct,1900,3000,2550,2350,0,0,0,0,0,0,1,1
ct,1900,4300,4250,1950,0,0,0,0,0,0,1,1
ct,1900,4250,4150,2000,0,0,0,0,0,0,1,1
ct,1900,4350,4350,1900,0,0,0,0,0,0,1,1
t,1900,6300,4900,3300,1,1,1,1,0,0,1,1
ct,1400,4100,3600,1900,0,0,0,0,0,0,1,1
t,1900,9900,4900,6900,1,1,1,1,1,1,1,1
t,1900,8100,4900,5100,1,1,1,1,0,0,1,1
t,1900,6650,4900,3650,1,1,1,1,0,0,1,1
t,1900,10100,4900,7100,1,1,1,1,1,1,1,1
ct,1900,3000,2850,2050,0,0,0,0,0,0,1,1
t,1400,7000,4900,3500,1,1,1,1,0,0,1,1
ct,1900,3350,3200,2050,0,0,0,0,0,0,1,1
ct,1900,3950,3850,2000,0,0,0,0,0,0,1,1
t,1400,9000,5600,4800,1,1,1,1,0,0,1,1
ct,1900,800,650,2050,0,0,0,0,0,0,1,1
ct,1900,800,800,1900,0,0,0,0,0,0,1,1
ct,1900,800,650,2050,0,0,0,0,0,0,1,1
ct,1900,800,650,2050,0,0,0,0,0,0,1,1
ct,1900,800,650,2050,0,0,0,0,0,0,1,1
t,1400,4150,3900,1650,0,0,0,0,0,0,0,1
ct,2400,2450,2450,2400,0,0,0,0,0,0,1,1
t,1400,3250,3250,1400,0,0,0,0,0,0,0,1
ct,2400,2000,500,3900,1,1,1,1,0,0,1,1
ct,2400,2150,2150,2400,0,0,0,0,0,0,1,1
ct,2400,2150,2100,2450,1,0,0,0,0,0,1,1
t,1400,3700,3250,1850,0,0,0,0,0,0,1,1
t,1400,4000,4000,1400,0,0,0,0,0,0,0,1
t,1400,3400,3350,1450,0,0,0,0,0,0,0,1
ct,2400,2450,2400,2450,1,0,0,0,0,0,1,1
t,1400,4050,4000,1450,0,0,0,0,0,0,0,1
t,1400,3500,3250,1650,0,0,0,0,0,0,0,1
ct,2900,2650,300,5250,1,1,1,1,0,0,1,1
ct,2900,2600,800,4700,1,1,1,1,0,0,1,1
ct,2900,3250,1150,5000,1,1,1,1,0,0,1,1
t,1400,4100,4000,1500,0,0,0,0,0,0,0,1
ct,2900,3250,1350,4800,1,1,1,1,0,0,1,1
ct,3400,5300,5250,3450,1,1,1,1,0,0,1,1
ct,3400,4750,4650,3500,1,1,1,1,0,0,1,1
ct,3400,4850,4550,3700,1,1,1,1,0,0,1,1
t,1900,4250,3450,2700,1,0,0,0,0,0,1,1
t,1900,2850,2750,2000,0,0,0,0,0,0,1,1
t,1900,3100,3100,1900,0,0,0,0,0,0,1,1
t,1900,4450,4400,1950,0,0,0,0,0,0,1,1
t,2400,2700,400,4700,1,1,1,1,0,0,1,1
t,2400,2000,0,4400,1,1,1,1,0,0,1,1
t,2400,2200,0,4600,1,1,1,1,0,0,1,1
t,2400,1950,0,4350,1,1,1,1,0,0,1,1
ct,1400,3900,3500,1800,0,0,0,0,0,0,1,1
t,2900,4650,4600,2950,1,1,1,0,0,0,1,1
t,2900,5000,4800,3100,1,1,1,0,0,0,1,1
ct,1400,7550,5600,3350,1,1,1,1,0,0,1,1
t,2900,4400,4400,2900,1,1,0,0,0,0,1,1
t,2900,4600,4600,2900,1,1,0,0,0,0,1,1
t,2900,4350,4200,3050,1,1,1,0,0,0,1,1
t,3400,4150,3900,3650,1,1,1,1,0,0,1,1
ct,1400,10050,5200,6250,1,1,1,1,1,1,1,1
t,3400,3700,3700,3400,1,1,1,1,0,0,1,1
t,3400,3500,3500,3400,1,1,1,1,0,0,1,1
t,3400,4100,4000,3500,1,1,1,1,0,0,1,1
t,3400,3650,3500,3550,1,1,1,1,0,0,1,1
ct,1400,8550,5600,4350,1,1,1,1,0,0,1,1
ct,1900,6250,5200,2950,1,1,1,0,0,0,1,1
ct,1900,7000,5250,3650,1,1,1,1,0,0,1,1
ct,2400,3150,1000,4550,1,1,1,1,0,0,1,1
ct,2400,3850,2250,4000,1,1,1,1,0,0,1,1
t,1400,5300,4900,1800,0,0,0,0,0,0,1,1
t,1400,5700,4900,2200,0,0,0,0,0,0,1,1
t,1400,5550,5200,1750,0,0,0,0,0,0,1,1
ct,2400,4400,300,6500,1,1,1,1,1,1,1,1
ct,2900,5350,5250,3000,1,1,1,0,0,0,1,1
t,1400,6550,4900,3050,1,1,1,0,0,0,1,1
ct,2900,5050,5050,2900,1,1,0,0,0,0,1,1
ct,2900,4800,4650,3050,1,1,1,0,0,0,1,1
t,1400,4650,4600,1450,0,0,0,0,0,0,0,1
t,1400,4950,4900,1450,0,0,0,0,0,0,0,1
ct,1900,800,650,2050,0,0,0,0,0,0,1,1
ct,1900,800,650,2050,0,0,0,0,0,0,1,1
t,1900,800,650,2050,0,0,0,0,0,0,1,1
t,1900,800,700,2000,0,0,0,0,0,0,1,1
ct,1900,800,650,2050,0,0,0,0,0,0,1,1
t,1900,800,650,2050,0,0,0,0,0,0,1,1
t,1900,800,700,2000,0,0,0,0,0,0,1,1
t,1900,800,650,2050,0,0,0,0,0,0,1,1
ct,1900,800,800,1900,0,0,0,0,0,0,1,1
ct,1900,800,650,2050,0,0,0,0,0,0,1,1
ct,2400,2100,0,4500,1,1,1,1,0,0,1,1
ct,2400,2100,0,4500,1,1,1,1,0,0,1,1
t,1400,4000,2100,3300,1,1,1,1,0,0,1,1
t,1400,3950,3900,1450,0,0,0,0,0,0,0,1
ct,2400,2400,0,4800,1,1,1,1,0,0,1,1
t,1400,3400,3250,1550,0,0,0,0,0,0,0,1
t,1400,4000,4000,1400,0,0,0,0,0,0,0,1
ct,2400,1950,0,4350,1,1,1,1,0,0,1,1
ct,2400,2100,0,4500,1,1,1,1,0,0,1,1
ct,2900,4500,4500,2900,1,1,0,0,0,0,1,1
ct,2900,4500,4350,3050,1,1,1,0,0,0,1,1
t,1400,5150,5150,1400,0,0,0,0,0,0,0,1
ct,2900,4800,4700,3000,1,1,1,0,0,0,1,1
ct,2900,4350,4350,2900,1,1,0,0,0,0,1,1
ct,2900,4500,4400,3000,1,1,1,0,0,0,1,1
t,1900,4350,4200,2050,0,0,0,0,0,0,1,1
ct,1400,4900,4850,1450,0,0,0,0,0,0,0,1
t,2400,1900,0,4300,1,1,1,1,0,0,1,1
t,2400,3100,300,5200,1,1,1,1,0,0,1,1
t,2400,2350,300,4450,1,1,1,1,0,0,1,1
t,2400,2950,300,5050,1,1,1,1,0,0,1,1
ct,1400,5600,5200,1800,0,0,0,0,0,0,1,1
t,2900,3200,3100,3000,1,1,1,0,0,0,1,1
t,2900,4900,4800,3000,1,1,1,0,0,0,1,1
t,2900,5600,5100,3400,1,1,1,1,0,0,1,1
t,2900,5050,4900,3050,1,1,1,0,0,0,1,1
t,2900,5950,5100,3750,1,1,1,1,0,0,1,1
ct,1400,5600,4850,2150,0,0,0,0,0,0,1,1
t,3400,3000,700,5700,1,1,1,1,1,0,1,1
t,3400,3000,1350,5050,1,1,1,1,0,0,1,1
t,3400,3400,1850,4950,1,1,1,1,0,0,1,1
t,3400,3750,2300,4850,1,1,1,1,0,0,1,1
t,3400,6000,5900,3500,1,1,1,1,0,0,1,1
t,3400,4850,4800,3450,1,1,1,1,0,0,1,1
t,3400,5250,4900,3750,1,1,1,1,0,0,1,1
t,3400,3850,3700,3550,1,1,1,1,0,0,1,1
t,3400,4850,4800,3450,1,1,1,1,0,0,1,1
ct,1400,6750,5200,2950,1,1,1,0,0,0,1,1
t,3400,3400,1950,4850,1,1,1,1,0,0,1,1
t,3400,3750,1800,5350,1,1,1,1,0,0,1,1
t,3400,3850,2100,5150,1,1,1,1,0,0,1,1
t,3400,3550,1650,5300,1,1,1,1,0,0,1,1
t,3400,5350,4900,3850,1,1,1,1,0,0,1,1
ct,1400,12250,5400,8250,1,1,1,1,1,1,1,1
t,3400,5150,5100,3450,1,1,1,1,0,0,1,1
t,3400,5300,5100,3600,1,1,1,1,0,0,1,1
t,3400,5350,5100,3650,1,1,1,1,0,0,1,1
ct,1900,11350,5600,7650,1,1,1,1,1,1,1,1
ct,1900,8350,5600,4650,1,1,1,1,0,0,1,1
ct,1900,6750,5200,3450,1,1,1,1,0,0,1,1
ct,1400,9850,5600,5650,1,1,1,1,1,0,1,1
t,1900,3400,3300,2000,0,0,0,0,0,0,1,1
t,1900,4450,4400,1950,0,0,0,0,0,0,1,1
t,1900,800,650,2050,0,0,0,0,0,0,1,1
t,1900,800,650,2050,0,0,0,0,0,0,1,1
t,1900,800,650,2050,0,0,0,0,0,0,1,1
t,1900,800,650,2050,0,0,0,0,0,0,1,1
t,1900,800,700,2000,0,0,0,0,0,0,1,1
t,1400,3950,3900,1450,0,0,0,0,0,0,0,1
ct,2400,2100,1700,2800,1,1,0,0,0,0,1,1
ct,2400,2100,2000,2500,1,0,0,0,0,0,1,1
t,1400,3950,3800,1550,0,0,0,0,0,0,0,1
ct,2400,2400,2300,2500,1,0,0,0,0,0,1,1
ct,2400,2050,2000,2450,1,0,0,0,0,0,1,1
ct,2400,1950,0,4350,1,1,1,1,0,0,1,1
t,1400,3600,3450,1550,0,0,0,0,0,0,0,1
ct,2900,2850,0,5750,1,1,1,1,1,0,1,1
ct,2900,2850,700,5050,1,1,1,1,0,0,1,1
ct,2900,2550,0,5450,1,1,1,1,1,0,1,1
ct,2900,2500,700,4700,1,1,1,1,0,0,1,1
ct,2900,2500,0,5400,1,1,1,1,1,0,1,1
ct,3400,5750,5700,3450,1,1,1,1,0,0,1,1
ct,3400,5050,5050,3400,1,1,1,1,0,0,1,1
ct,3400,5450,5400,3450,1,1,1,1,0,0,1,1
ct,3400,4700,4550,3550,1,1,1,1,0,0,1,1
ct,3400,4700,4550,3550,1,1,1,1,0,0,1,1
t,1900,5550,4800,2650,1,0,0,0,0,0,1,1
t,1900,7450,4900,4450,1,1,1,1,0,0,1,1
t,1900,8150,4900,5150,1,1,1,1,0,0,1,1
t,1900,5650,4800,2750,1,0,0,0,0,0,1,1
t,1900,7450,4800,4550,1,1,1,1,0,0,1,1
ct,1900,4100,4050,1950,0,0,0,0,0,0,1,1
t,1400,6500,4900,3000,1,1,1,0,0,0,1,1
ct,1900,2650,2500,2050,0,0,0,0,0,0,1,1
t,1400,5900,4900,2400,0,0,0,0,0,0,1,1
t,1900,800,700,2000,0,0,0,0,0,0,1,1
t,1900,800,650,2050,0,0,0,0,0,0,1,1
t,1900,800,700,2000,0,0,0,0,0,0,1,1
ct,1900,800,800,1900,0,0,0,0,0,0,1,1
ct,1900,800,650,2050,0,0,0,0,0,0,1,1
ct,1900,800,800,1900,0,0,0,0,0,0,1,1
ct,1900,800,650,2050,0,0,0,0,0,0,1,1
ct,1900,800,650,2050,0,0,0,0,0,0,1,1
t,1900,800,650,2050,0,0,0,0,0,0,1,1
t,1900,800,700,2000,0,0,0,0,0,0,1,1
t,2400,2000,1850,2550,1,0,0,0,0,0,1,1
t,2400,2050,2000,2450,1,0,0,0,0,0,1,1
t,2400,2000,2000,2400,0,0,0,0,0,0,1,1
ct,1400,3500,3250,1650,0,0,0,0,0,0,0,1
ct,1400,3950,3100,2250,0,0,0,0,0,0,1,1
ct,1400,3650,3550,1500,0,0,0,0,0,0,0,1
t,2400,2350,2000,2750,1,0,0,0,0,0,1,1
t,1400,3650,3250,1800,0,0,0,0,0,0,1,1
ct,1900,1750,1750,1900,0,0,0,0,0,0,1,1
ct,1900,1850,1800,1950,0,0,0,0,0,0,1,1
ct,1900,3050,1350,3600,1,1,1,1,0,0,1,1
ct,1900,2000,1800,2100,0,0,0,0,0,0,1,1
t,1400,4150,4100,1450,0,0,0,0,0,0,0,1
t,1400,3600,3500,1500,0,0,0,0,0,0,0,1
t,1400,5100,4900,1600,0,0,0,0,0,0,0,1
ct,2400,2300,0,4700,1,1,1,1,0,0,1,1
ct,2400,2950,700,4650,1,1,1,1,0,0,1,1
ct,2400,2350,0,4750,1,1,1,1,0,0,1,1
ct,2400,2200,0,4600,1,1,1,1,0,0,1,1
t,1400,6500,4900,3000,1,1,1,0,0,0,1,1
ct,2900,4750,4650,3000,1,1,1,0,0,0,1,1
ct,2900,4700,4550,3050,1,1,1,0,0,0,1,1
ct,2900,4800,4750,2950,1,1,1,0,0,0,1,1
ct,2900,4600,4550,2950,1,1,1,0,0,0,1,1
ct,2900,4950,4850,3000,1,1,1,0,0,0,1,1
t,1400,6250,4900,2750,1,0,0,0,0,0,1,1
ct,3400,3100,1450,5050,1,1,1,1,0,0,1,1
ct,3400,3050,800,5650,1,1,1,1,1,0,1,1
ct,3400,3350,1350,5400,1,1,1,1,1,0,1,1
ct,3400,3100,1650,4850,1,1,1,1,0,0,1,1
t,1400,8800,4900,5300,1,1,1,1,0,0,1,1
t,1400,7750,4900,4250,1,1,1,1,0,0,1,1
ct,3400,5150,5050,3500,1,1,1,1,0,0,1,1
ct,3400,6950,5250,5100,1,1,1,1,0,0,1,1
ct,3400,5200,5200,3400,1,1,1,1,0,0,1,1
t,1400,7400,4800,4000,1,1,1,1,0,0,1,1
t,1400,6950,4900,3450,1,1,1,1,0,0,1,1
ct,3400,5000,4850,3550,1,1,1,1,0,0,1,1
t,1900,8000,4900,5000,1,1,1,1,0,0,1,1
ct,1400,5950,4850,2500,1,0,0,0,0,0,1,1
t,1900,12800,4800,9900,1,1,1,1,1,1,1,1
t,1400,4500,1700,4200,1,1,1,1,0,0,1,1
ct,1900,6200,5450,2650,1,0,0,0,0,0,1,1
ct,1900,4100,4050,1950,0,0,0,0,0,0,1,1
t,1400,11550,4800,8150,1,1,1,1,1,1,1,1
t,1900,4800,4800,1900,0,0,0,0,0,0,1,1
t,1900,4650,4600,1950,0,0,0,0,0,0,1,1
ct,1400,4500,4350,1550,0,0,0,0,0,0,0,1
t,1400,3550,3500,1450,0,0,0,0,0,0,0,1
t,1400,4100,4000,1500,0,0,0,0,0,0,0,1
ct,1900,2800,2750,1950,0,0,0,0,0,0,1,1
ct,1900,3450,650,4700,1,1,1,1,0,0,1,1
ct,1900,4050,4050,1900,0,0,0,0,0,0,1,1
t,1400,3550,3500,1450,0,0,0,0,0,0,0,1
t,1900,800,650,2050,0,0,0,0,0,0,1,1
t,1900,800,650,2050,0,0,0,0,0,0,1,1
t,1900,800,700,2000,0,0,0,0,0,0,1,1
t,1900,800,650,2050,0,0,0,0,0,0,1,1
t,1900,800,800,1900,0,0,0,0,0,0,1,1
ct,1400,3500,3450,1450,0,0,0,0,0,0,0,1
ct,1400,4850,4750,1500,0,0,0,0,0,0,0,1
ct,1400,3650,3550,1500,0,0,0,0,0,0,0,1
t,2400,2050,2000,2450,1,0,0,0,0,0,1,1
t,2400,2050,2000,2450,1,0,0,0,0,0,1,1
t,2400,2050,1900,2550,1,0,0,0,0,0,1,1
t,2400,1900,1850,2450,1,0,0,0,0,0,1,1
ct,1400,3950,3900,1450,0,0,0,0,0,0,0,1
ct,1400,3650,3550,1500,0,0,0,0,0,0,0,1
ct,1400,5400,5200,1600,0,0,0,0,0,0,0,1
t,2900,2750,0,5650,1,1,1,1,1,0,1,1
t,2900,2450,700,4650,1,1,1,1,0,0,1,1
t,2900,2550,0,5450,1,1,1,1,1,0,1,1
t,3400,5750,5100,4050,1,1,1,1,0,0,1,1
t,3400,5250,5100,3550,1,1,1,1,0,0,1,1
t,3400,6350,4800,4950,1,1,1,1,0,0,1,1
t,3400,4850,4700,3550,1,1,1,1,0,0,1,1
t,3400,3850,3700,3550,1,1,1,1,0,0,1,1
ct,1400,5200,5200,1400,0,0,0,0,0,0,0,1
ct,1900,2400,1950,2350,0,0,0,0,0,0,1,1
ct,1900,2950,2900,1950,0,0,0,0,0,0,1,1
ct,2400,2300,300,4400,1,1,1,1,0,0,1,1
ct,2400,2400,500,4300,1,1,1,1,0,0,1,1
t,1400,5650,4900,2150,0,0,0,0,0,0,1,1
t,1400,4950,4900,1450,0,0,0,0,0,0,0,1
t,1400,6850,4900,3350,1,1,1,1,0,0,1,1
ct,2400,3450,1450,4400,1,1,1,1,0,0,1,1
ct,2400,2100,0,4500,1,1,1,1,0,0,1,1
ct,2900,4500,4350,3050,1,1,1,0,0,0,1,1
ct,2900,4700,4550,3050,1,1,1,0,0,0,1,1
ct,2900,4850,4850,2900,1,1,0,0,0,0,1,1
t,1400,8300,4900,4800,1,1,1,1,0,0,1,1
ct,2900,4500,4350,3050,1,1,1,0,0,0,1,1
ct,2900,4300,4150,3050,1,1,1,0,0,0,1,1
ct,3400,3100,1650,4850,1,1,1,1,0,0,1,1
ct,3400,3100,1450,5050,1,1,1,1,0,0,1,1
t,1400,7800,4900,4300,1,1,1,1,0,0,1,1
ct,3400,3400,0,6800,1,1,1,1,1,1,1,1
ct,1900,800,800,1900,0,0,0,0,0,0,1,1
t,1900,800,650,2050,0,0,0,0,0,0,1,1
t,1900,800,650,2050,0,0,0,0,0,0,1,1
ct,1900,800,650,2050,0,0,0,0,0,0,1,1
ct,1900,800,650,2050,0,0,0,0,0,0,1,1
ct,1900,800,650,2050,0,0,0,0,0,0,1,1
ct,1900,800,650,2050,0,0,0,0,0,0,1,1
t,1900,800,650,2050,0,0,0,0,0,0,1,1
t,1900,800,650,2050,0,0,0,0,0,0,1,1
t,1900,800,800,1900,0,0,0,0,0,0,1,1
ct,1400,3500,3350,1550,0,0,0,0,0,0,0,1
t,2400,2050,0,4450,1,1,1,1,0,0,1,1
t,2400,2050,300,4150,1,1,1,1,0,0,1,1
ct,1400,4250,4200,1450,0,0,0,0,0,0,0,1
ct,1400,4250,4250,1400,0,0,0,0,0,0,0,1
ct,1400,3650,3550,1500,0,0,0,0,0,0,0,1
ct,1400,3950,3900,1450,0,0,0,0,0,0,0,1
t,2400,2050,300,4150,1,1,1,1,0,0,1,1
t,2400,2050,0,4450,1,1,1,1,0,0,1,1
t,2400,1900,0,4300,1,1,1,1,0,0,1,1
t,2900,4450,4400,2950,1,1,1,0,0,0,1,1
t,2900,4150,4000,3050,1,1,1,0,0,0,1,1
t,2900,4150,4000,3050,1,1,1,0,0,0,1,1
t,2900,4450,4400,2950,1,1,1,0,0,0,1,1
t,2900,4300,3900,3300,1,1,1,1,0,0,1,1
ct,1400,6300,5600,2100,0,0,0,0,0,0,1,1
t,3400,3550,2050,4900,1,1,1,1,0,0,1,1
t,3400,4250,1350,6300,1,1,1,1,1,1,1,1
ct,1400,6750,5400,2750,1,0,0,0,0,0,1,1
t,3400,3950,3700,3650,1,1,1,1,0,0,1,1
t,3400,3850,2400,4850,1,1,1,1,0,0,1,1
t,3400,3900,1500,5800,1,1,1,1,1,0,1,1
t,3400,4900,4900,3400,1,1,1,1,0,0,1,1
t,3400,6300,6250,3450,1,1,1,1,0,0,1,1
t,3400,3650,3500,3550,1,1,1,1,0,0,1,1
t,3400,5100,4800,3700,1,1,1,1,0,0,1,1
t,3400,3400,1850,4950,1,1,1,1,0,0,1,1
t,3400,3450,2250,4600,1,1,1,1,0,0,1,1
ct,1400,9800,5600,5600,1,1,1,1,1,0,1,1
ct,1400,7950,5200,4150,1,1,1,1,0,0,1,1
t,3400,3950,2500,4850,1,1,1,1,0,0,1,1
t,3400,3700,2000,5100,1,1,1,1,0,0,1,1
ct,1900,7750,5800,3850,1,1,1,1,0,0,1,1
ct,1900,5650,5600,1950,0,0,0,0,0,0,1,1
ct,1900,7150,4850,4200,1,1,1,1,0,0,1,1
ct,1900,10850,7000,5750,1,1,1,1,1,0,1,1
t,1400,5000,4900,1500,0,0,0,0,0,0,0,1
t,1400,5800,3800,3400,1,1,1,1,0,0,1,1
ct,1400,7350,5200,3550,1,1,1,1,0,0,1,1
t,1900,5800,4800,2900,1,1,0,0,0,0,1,1
ct,1400,6600,5600,2400,0,0,0,0,0,0,1,1
t,2400,3800,3650,2550,1,0,0,0,0,0,1,1
ct,1400,5650,5400,1650,0,0,0,0,0,0,0,1
t,2400,4800,4800,2400,0,0,0,0,0,0,1,1
t,2400,3950,3900,2450,1,0,0,0,0,0,1,1
t,2400,4400,4400,2400,0,0,0,0,0,0,1,1
t,2900,3550,1850,4600,1,1,1,1,0,0,1,1
t,2900,3400,1700,4600,1,1,1,1,0,0,1,1
t,2900,3450,2000,4350,1,1,1,1,0,0,1,1
t,2900,3700,2050,4550,1,1,1,1,0,0,1,1
t,3400,5100,4900,3600,1,1,1,1,0,0,1,1
t,3400,5100,4800,3700,1,1,1,1,0,0,1,1
t,3400,4950,4900,3450,1,1,1,1,0,0,1,1
t,3400,5050,4800,3650,1,1,1,1,0,0,1,1
t,3400,3400,3300,3500,1,1,1,1,0,0,1,1
t,3400,3700,3500,3600,1,1,1,1,0,0,1,1
ct,1400,11000,5800,6600,1,1,1,1,1,1,1,1
ct,1400,15000,5800,10600,1,1,1,1,1,1,1,1
t,3400,3750,3700,3450,1,1,1,1,0,0,1,1
t,3400,3650,3500,3550,1,1,1,1,0,0,1,1
t,1900,800,650,2050,0,0,0,0,0,0,1,1
t,1900,800,650,2050,0,0,0,0,0,0,1,1
t,1900,800,650,2050,0,0,0,0,0,0,1,1
t,1900,800,800,1900,0,0,0,0,0,0,1,1
t,1900,800,650,2050,0,0,0,0,0,0,1,1
t,1400,4000,3250,2150,0,0,0,0,0,0,1,1
ct,2400,2200,2200,2400,0,0,0,0,0,0,1,1
ct,2400,2200,2050,2550,1,0,0,0,0,0,1,1
t,1400,3700,3700,1400,0,0,0,0,0,0,0,1
t,1400,3400,3250,1550,0,0,0,0,0,0,0,1
t,1400,3850,3150,2100,0,0,0,0,0,0,1,1
t,1400,3700,3700,1400,0,0,0,0,0,0,0,1
ct,2400,2200,2150,2450,1,0,0,0,0,0,1,1
ct,2400,3100,2950,2550,1,0,0,0,0,0,1,1
ct,2400,2050,1950,2500,1,0,0,0,0,0,1,1
ct,2900,2450,2400,2950,1,1,1,0,0,0,1,1
ct,2900,2600,2600,2900,1,1,0,0,0,0,1,1
ct,2900,2500,2450,2950,1,1,1,0,0,0,1,1
ct,2900,2850,2850,2900,1,1,0,0,0,0,1,1
ct,1900,800,800,1900,0,0,0,0,0,0,1,1
t,1900,800,800,1900,0,0,0,0,0,0,1,1
ct,1900,800,800,1900,0,0,0,0,0,0,1,1
t,1900,800,650,2050,0,0,0,0,0,0,1,1
ct,1900,800,650,2050,0,0,0,0,0,0,1,1
t,1900,800,650,2050,0,0,0,0,0,0,1,1
ct,1900,800,650,2050,0,0,0,0,0,0,1,1
t,1900,800,650,2050,0,0,0,0,0,0,1,1
ct,1900,800,650,2050,0,0,0,0,0,0,1,1
t,1900,800,650,2050,0,0,0,0,0,0,1,1
ct,1400,3500,2550,2350,0,0,0,0,0,0,1,1
t,2400,2200,0,4600,1,1,1,1,0,0,1,1
ct,1400,4400,4400,1400,0,0,0,0,0,0,0,1
t,2400,2350,700,4050,1,1,1,1,0,0,1,1
ct,1400,3650,3300,1750,0,0,0,0,0,0,1,1
t,2400,2050,0,4450,1,1,1,1,0,0,1,1
ct,1400,3650,3400,1650,0,0,0,0,0,0,0,1
t,2400,2050,0,4450,1,1,1,1,0,0,1,1
ct,1400,4250,4200,1450,0,0,0,0,0,0,0,1
t,2400,2050,0,4450,1,1,1,1,0,0,1,1
t,2900,4600,4600,2900,1,1,0,0,0,0,1,1
t,2900,4050,4000,2950,1,1,1,0,0,0,1,1
t,2900,4450,4400,2950,1,1,1,0,0,0,1,1
t,2900,4750,4700,2950,1,1,1,0,0,0,1,1
t,2900,4450,4400,2950,1,1,1,0,0,0,1,1
ct,1900,2300,2200,2000,0,0,0,0,0,0,1,1
t,1400,3250,3250,1400,0,0,0,0,0,0,0,1
ct,1900,3700,3550,2050,0,0,0,0,0,0,1,1
t,1400,3300,3300,1400,0,0,0,0,0,0,0,1
ct,1900,4550,4350,2100,0,0,0,0,0,0,1,1
t,1400,3600,3500,1500,0,0,0,0,0,0,0,1
ct,1900,4950,4750,2100,0,0,0,0,0,0,1,1
t,1900,1900,300,3500,1,1,1,1,0,0,1,1
ct,1400,4250,4250,1400,0,0,0,0,0,0,0,1
t,1900,2200,500,3600,1,1,1,1,0,0,1,1
ct,1400,3700,3550,1550,0,0,0,0,0,0,0,1
ct,1400,4300,3550,2150,0,0,0,0,0,0,1,1
t,1900,3100,1400,3600,1,1,1,1,0,0,1,1
t,1900,2900,700,4100,1,1,1,1,0,0,1,1
t,2400,4600,4600,2400,0,0,0,0,0,0,1,1
t,2400,5300,4900,2800,1,1,0,0,0,0,1,1
t,2400,4900,4900,2400,0,0,0,0,0,0,1,1
t,2400,5000,4900,2500,1,0,0,0,0,0,1,1
t,2400,5200,4800,2800,1,1,0,0,0,0,1,1
t,2900,2900,1500,4300,1,1,1,1,0,0,1,1
t,2900,3300,1350,4850,1,1,1,1,0,0,1,1
t,2900,2900,1550,4250,1,1,1,1,0,0,1,1
ct,1400,5400,5200,1600,0,0,0,0,0,0,0,1
t,2900,3600,2050,4450,1,1,1,1,0,0,1,1
t,3400,4800,4700,3500,1,1,1,1,0,0,1,1
t,3400,5350,5100,3650,1,1,1,1,0,0,1,1
t,3400,4750,4600,3550,1,1,1,1,0,0,1,1
t,3400,4650,4600,3450,1,1,1,1,0,0,1,1
ct,1900,7450,5600,3750,1,1,1,1,0,0,1,1
ct,1900,6900,5600,3200,1,1,1,1,0,0,1,1
t,1400,3950,3900,1450,0,0,0,0,0,0,0,1
ct,1900,6550,4850,3600,1,1,1,1,0,0,1,1
t,1400,4250,4200,1450,0,0,0,0,0,0,0,1
t,1900,3350,3300,1950,0,0,0,0,0,0,1,1
t,2400,3500,2000,3900,1,1,1,1,0,0,1,1
t,2400,3450,1700,4150,1,1,1,1,0,0,1,1
ct,1400,8250,5800,3850,1,1,1,1,0,0,1,1
t,2400,3400,2200,3600,1,1,1,1,0,0,1,1
t,2400,3450,2050,3800,1,1,1,1,0,0,1,1
ct,1900,6600,6600,1900,0,0,0,0,0,0,1,1
t,1400,5650,3900,3150,1,1,1,1,0,0,1,1
ct,1900,8500,6300,4100,1,1,1,1,0,0,1,1
ct,1900,5250,5250,1900,0,0,0,0,0,0,1,1
t,1400,5600,3900,3100,1,1,1,0,0,0,1,1
ct,1900,4250,4250,1900,0,0,0,0,0,0,1,1
ct,1900,800,800,1900,0,0,0,0,0,0,1,1
ct,1900,800,650,2050,0,0,0,0,0,0,1,1
ct,1900,800,650,2050,0,0,0,0,0,0,1,1
ct,1900,800,650,2050,0,0,0,0,0,0,1,1
ct,1900,800,650,2050,0,0,0,0,0,0,1,1
t,1400,3650,3500,1550,0,0,0,0,0,0,0,1
ct,2400,2050,1650,2800,1,1,0,0,0,0,1,1
ct,2400,2500,2500,2400,0,0,0,0,0,0,1,1
t,1400,3400,3250,1550,0,0,0,0,0,0,0,1
ct,2400,2200,2050,2550,1,0,0,0,0,0,1,1
ct,2400,2500,2450,2450,1,0,0,0,0,0,1,1
t,1400,3700,3700,1400,0,0,0,0,0,0,0,1
ct,2400,2500,2400,2500,1,0,0,0,0,0,1,1
ct,2900,2750,2700,2950,1,1,1,0,0,0,1,1
ct,2900,3300,3200,3000,1,1,1,0,0,0,1,1
t,1400,3500,3250,1650,0,0,0,0,0,0,0,1
ct,2900,2900,2900,2900,1,1,0,0,0,0,1,1
ct,2900,2650,2550,3000,1,1,1,0,0,0,1,1
t,1900,2700,0,4600,1,1,1,1,0,0,1,1
t,1900,3500,300,5100,1,1,1,1,0,0,1,1
ct,1400,4100,4050,1450,0,0,0,0,0,0,0,1
t,1900,3300,300,4900,1,1,1,1,0,0,1,1
ct,1400,3850,3800,1450,0,0,0,0,0,0,0,1
t,1900,2250,0,4150,1,1,1,1,0,0,1,1
t,1900,3350,700,4550,1,1,1,1,0,0,1,1
ct,1900,3150,3100,1950,0,0,0,0,0,0,1,1
t,1400,7050,4800,3650,1,1,1,1,0,0,1,1
ct,1900,2700,2700,1900,0,0,0,0,0,0,1,1
ct,1900,2100,2000,2000,0,0,0,0,0,0,1,1
t,1400,5500,4900,2000,0,0,0,0,0,0,1,1
t,1400,6200,4900,2700,1,0,0,0,0,0,1,1
ct,1900,2200,2150,1950,0,0,0,0,0,0,1,1
t,1900,5650,4800,2750,1,0,0,0,0,0,1,1
t,1900,4550,4400,2050,0,0,0,0,0,0,1,1
ct,1400,4050,4050,1400,0,0,0,0,0,0,0,1
ct,1400,4450,4300,1550,0,0,0,0,0,0,0,1
t,1900,4200,4200,1900,0,0,0,0,0,0,1,1
t,2400,3350,0,5750,1,1,1,1,1,0,1,1
ct,1400,4950,4900,1450,0,0,0,0,0,0,0,1
t,2400,2650,300,4750,1,1,1,1,0,0,1,1
t,2400,2950,300,5050,1,1,1,1,0,0,1,1
ct,1400,4200,3550,2050,0,0,0,0,0,0,1,1
t,2400,3300,1000,4700,1,1,1,1,0,0,1,1
ct,1400,4050,4050,1400,0,0,0,0,0,0,0,1
t,2400,3100,700,4800,1,1,1,1,0,0,1,1
t,2900,5050,4800,3150,1,1,1,1,0,0,1,1
t,2900,4750,4700,2950,1,1,1,0,0,0,1,1
t,2900,5050,4900,3050,1,1,1,0,0,0,1,1
t,2900,4700,4700,2900,1,1,0,0,0,0,1,1
t,2900,4800,4800,2900,1,1,0,0,0,0,1,1
t,1900,800,650,2050,0,0,0,0,0,0,1,1
ct,1900,800,800,1900,0,0,0,0,0,0,1,1
ct,1900,800,650,2050,0,0,0,0,0,0,1,1
ct,1900,800,650,2050,0,0,0,0,0,0,1,1
t,1900,800,650,2050,0,0,0,0,0,0,1,1
ct,1900,800,650,2050,0,0,0,0,0,0,1,1
t,1900,800,700,2000,0,0,0,0,0,0,1,1
ct,1900,800,650,2050,0,0,0,0,0,0,1,1
t,1900,800,700,2000,0,0,0,0,0,0,1,1
t,1900,800,650,2050,0,0,0,0,0,0,1,1
t,2400,2950,0,5350,1,1,1,1,0,0,1,1
ct,1400,4350,4200,1550,0,0,0,0,0,0,0,1
ct,1400,4800,4700,1500,0,0,0,0,0,0,0,1
ct,1400,4200,4200,1400,0,0,0,0,0,0,0,1
t,2400,2650,700,4350,1,1,1,1,0,0,1,1
ct,1400,3900,3750,1550,0,0,0,0,0,0,0,1
t,2400,2900,700,4600,1,1,1,1,0,0,1,1
ct,1400,3900,3850,1450,0,0,0,0,0,0,0,1
t,2400,2600,700,4300,1,1,1,1,0,0,1,1
t,2400,2650,300,4750,1,1,1,1,0,0,1,1
t,2900,5350,5250,3000,1,1,1,0,0,0,1,1
t,2900,4350,3900,3350,1,1,1,1,0,0,1,1
t,2900,4600,4600,2900,1,1,0,0,0,0,1,1
t,2900,4300,4200,3000,1,1,1,0,0,0,1,1
t,2900,5050,4800,3150,1,1,1,1,0,0,1,1
ct,1900,1450,1450,1900,0,0,0,0,0,0,1,1
ct,1900,4250,4150,2000,0,0,0,0,0,0,1,1
ct,1900,4200,4150,1950,0,0,0,0,0,0,1,1
ct,1900,2300,2200,2000,0,0,0,0,0,0,1,1
ct,2400,2450,200,4650,1,1,1,1,0,0,1,1
ct,2400,1950,0,4350,1,1,1,1,0,0,1,1
ct,2400,2000,0,4400,1,1,1,1,0,0,1,1
ct,2400,2050,0,4450,1,1,1,1,0,0,1,1
ct,2900,4700,4650,2950,1,1,1,0,0,0,1,1
ct,2900,4400,4350,2950,1,1,1,0,0,0,1,1
ct,2900,4500,4250,3150,1,1,1,1,0,0,1,1
ct,2900,4450,4350,3000,1,1,1,0,0,0,1,1
ct,2900,4500,4500,2900,1,1,0,0,0,0,1,1
t,1900,9550,6850,4600,1,1,1,1,0,0,1,1
t,1900,8300,4800,5400,1,1,1,1,1,0,1,1
t,1900,7100,4800,4200,1,1,1,1,0,0,1,1
t,1900,6550,4900,3550,1,1,1,1,0,0,1,1
t,2400,5400,5100,2700,1,0,0,0,0,0,1,1
t,2400,3550,3500,2450,1,0,0,0,0,0,1,1
t,2400,4500,4400,2500,1,0,0,0,0,0,1,1
t,1400,3350,3200,1550,0,0,0,0,0,0,0,1
ct,1900,1950,1950,1900,0,0,0,0,0,0,1,1
ct,1900,3650,3550,2000,0,0,0,0,0,0,1,1
ct,1900,5700,5700,1900,0,0,0,0,0,0,1,1
t,1400,4150,4000,1550,0,0,0,0,0,0,0,1
ct,1900,3100,3100,1900,0,0,0,0,0,0,1,1
t,1400,3550,3500,1450,0,0,0,0,0,0,0,1
ct,2900,3300,1750,4450,1,1,1,1,0,0,1,1
ct,2900,3200,1350,4750,1,1,1,1,0,0,1,1
ct,2900,3700,1450,5150,1,1,1,1,0,0,1,1
ct,2900,2950,1900,3950,1,1,1,1,0,0,1,1
ct,3400,4550,4550,3400,1,1,1,1,0,0,1,1
ct,3400,4850,4850,3400,1,1,1,1,0,0,1,1
ct,3400,6400,6400,3400,1,1,1,1,0,0,1,1
t,1400,7250,5600,3050,1,1,1,0,0,0,1,1
ct,3400,5550,5450,3500,1,1,1,1,0,0,1,1
ct,3400,4050,4050,3400,1,1,1,1,0,0,1,1
t,1900,800,700,2000,0,0,0,0,0,0,1,1
t,1900,800,700,2000,0,0,0,0,0,0,1,1
t,1900,800,700,2000,0,0,0,0,0,0,1,1
t,1900,800,650,2050,0,0,0,0,0,0,1,1
t,1900,800,650,2050,0,0,0,0,0,0,1,1
ct,1400,3950,3950,1400,0,0,0,0,0,0,0,1
t,2400,2000,0,4400,1,1,1,1,0,0,1,1
t,2400,2300,0,4700,1,1,1,1,0,0,1,1
t,2400,2000,0,4400,1,1,1,1,0,0,1,1
ct,1400,3650,2200,2850,1,1,0,0,0,0,1,1
t,2400,2050,0,4450,1,1,1,1,0,0,1,1
ct,1400,4500,4500,1400,0,0,0,0,0,0,0,1
t,2400,2050,0,4450,1,1,1,1,0,0,1,1
ct,1400,3500,3450,1450,0,0,0,0,0,0,0,1
ct,1400,3950,3550,1800,0,0,0,0,0,0,1,1
t,2900,4400,4400,2900,1,1,0,0,0,0,1,1
t,2900,4700,4600,3000,1,1,1,0,0,0,1,1
t,2900,4400,4400,2900,1,1,0,0,0,0,1,1
t,2900,4450,4450,2900,1,1,0,0,0,0,1,1
t,2900,4450,4400,2950,1,1,1,0,0,0,1,1
ct,1900,4200,4050,2050,0,0,0,0,0,0,1,1
ct,1900,2500,2500,1900,0,0,0,0,0,0,1,1
ct,1900,4000,3850,2050,0,0,0,0,0,0,1,1
ct,1900,3800,3800,1900,0,0,0,0,0,0,1,1
t,1900,2050,300,3650,1,1,1,1,0,0,1,1
t,1900,2550,0,4450,1,1,1,1,0,0,1,1
t,1900,3350,1000,4250,1,1,1,1,0,0,1,1
t,1900,3100,1450,3550,1,1,1,1,0,0,1,1
t,2400,4150,4000,2550,1,0,0,0,0,0,1,1
t,2400,4450,4400,2450,1,0,0,0,0,0,1,1
t,2400,4750,4750,2400,0,0,0,0,0,0,1,1
t,2400,2950,2900,2450,1,0,0,0,0,0,1,1
t,2400,4350,4200,2550,1,0,0,0,0,0,1,1
t,1900,800,650,2050,0,0,0,0,0,0,1,1
t,1900,800,650,2050,0,0,0,0,0,0,1,1
ct,1900,800,800,1900,0,0,0,0,0,0,1,1
ct,1900,800,650,2050,0,0,0,0,0,0,1,1
t,1900,800,650,2050,0,0,0,0,0,0,1,1
ct,1900,800,650,2050,0,0,0,0,0,0,1,1
ct,1900,800,650,2050,0,0,0,0,0,0,1,1
ct,1900,800,650,2050,0,0,0,0,0,0,1,1
t,1900,800,700,2000,0,0,0,0,0,0,1,1
t,1900,800,800,1900,0,0,0,0,0,0,1,1
t,1400,3650,3650,1400,0,0,0,0,0,0,0,1
t,1400,3950,3800,1550,0,0,0,0,0,0,0,1
ct,2400,2250,2100,2550,1,0,0,0,0,0,1,1
ct,2400,2100,2000,2500,1,0,0,0,0,0,1,1
ct,2400,2100,1950,2550,1,0,0,0,0,0,1,1
ct,2400,2100,1800,2700,1,0,0,0,0,0,1,1
t,1400,3600,3500,1500,0,0,0,0,0,0,0,1
t,1400,4100,3900,1600,0,0,0,0,0,0,0,1
ct,2900,2550,700,4750,1,1,1,1,0,0,1,1
ct,2900,2700,0,5600,1,1,1,1,1,0,1,1
ct,2900,2500,300,5100,1,1,1,1,0,0,1,1
ct,2900,2550,650,4800,1,1,1,1,0,0,1,1
ct,2900,2700,300,5300,1,1,1,1,0,0,1,1
t,1900,3700,3700,1900,0,0,0,0,0,0,1,1
t,1900,3850,3800,1950,0,0,0,0,0,0,1,1
ct,1400,7100,6050,2450,1,0,0,0,0,0,1,1
ct,1400,5700,5200,1900,0,0,0,0,0,0,1,1
ct,1400,5900,4600,2700,1,0,0,0,0,0,1,1
t,1900,4400,4300,2000,0,0,0,0,0,0,1,1
t,1900,4200,4000,2100,0,0,0,0,0,0,1,1
t,2400,1950,0,4350,1,1,1,1,0,0,1,1
t,2400,1950,0,4350,1,1,1,1,0,0,1,1
t,2400,2300,0,4700,1,1,1,1,0,0,1,1
t,2400,2100,0,4500,1,1,1,1,0,0,1,1
t,2900,4300,4300,2900,1,1,0,0,0,0,1,1
t,2900,4650,4500,3050,1,1,1,0,0,0,1,1
t,2900,4350,4200,3050,1,1,1,0,0,0,1,1
t,2900,4700,4600,3000,1,1,1,0,0,0,1,1
t,2900,4500,4400,3000,1,1,1,0,0,0,1,1
ct,1900,7900,5600,4200,1,1,1,1,0,0,1,1
ct,1900,6400,4700,3600,1,1,1,1,0,0,1,1
ct,1900,8100,5600,4400,1,1,1,1,0,0,1,1
t,1900,3500,1800,3600,1,1,1,1,0,0,1,1
ct,1400,5050,5000,1450,0,0,0,0,0,0,0,1
t,1900,3450,1550,3800,1,1,1,1,0,0,1,1
t,1900,2400,700,3600,1,1,1,1,0,0,1,1
t,1900,3600,1800,3700,1,1,1,1,0,0,1,1
t,2400,4100,4000,2500,1,0,0,0,0,0,1,1
t,2400,3900,3850,2450,1,0,0,0,0,0,1,1
t,2400,4300,4200,2500,1,0,0,0,0,0,1,1
t,2400,4100,3900,2600,1,0,0,0,0,0,1,1
t,2400,4200,3900,2700,1,0,0,0,0,0,1,1
ct,1900,7300,6700,2500,1,0,0,0,0,0,1,1
ct,1900,7300,5200,4000,1,1,1,1,0,0,1,1
ct,1900,7200,5600,3500,1,1,1,1,0,0,1,1
t,1900,3000,2800,2100,0,0,0,0,0,0,1,1
t,1900,4050,3950,2000,0,0,0,0,0,0,1,1
t,1900,4150,4000,2050,0,0,0,0,0,0,1,1
ct,1400,6500,6300,1600,0,0,0,0,0,0,0,1
t,1900,2100,2000,2000,0,0,0,0,0,0,1,1
ct,1900,800,650,2050,0,0,0,0,0,0,1,1
ct,1900,800,650,2050,0,0,0,0,0,0,1,1
ct,1900,800,650,2050,0,0,0,0,0,0,1,1
ct,1900,800,800,1900,0,0,0,0,0,0,1,1
ct,1900,800,650,2050,0,0,0,0,0,0,1,1
ct,2400,2750,200,4950,1,1,1,1,0,0,1,1
ct,2400,2150,0,4550,1,1,1,1,0,0,1,1
t,1400,3950,3900,1450,0,0,0,0,0,0,0,1
t,1400,3700,3700,1400,0,0,0,0,0,0,0,1
ct,2400,2150,0,4550,1,1,1,1,0,0,1,1
t,1400,4000,4000,1400,0,0,0,0,0,0,0,1
t,1400,3700,3050,2050,0,0,0,0,0,0,1,1
t,1400,3400,2650,2150,0,0,0,0,0,0,1,1
ct,2400,2000,0,4400,1,1,1,1,0,0,1,1
ct,2400,2150,0,4550,1,1,1,1,0,0,1,1
ct,1400,6300,5600,2100,0,0,0,0,0,0,1,1
ct,1400,5900,5600,1700,0,0,0,0,0,0,1,1
t,1900,2300,2000,2200,0,0,0,0,0,0,1,1
ct,1400,6500,5200,2700,1,0,0,0,0,0,1,1
t,1900,2600,2500,2000,0,0,0,0,0,0,1,1
t,1900,3850,3700,2050,0,0,0,0,0,0,1,1
ct,1400,7250,7050,1600,0,0,0,0,0,0,0,1
t,2400,2250,0,4650,1,1,1,1,0,0,1,1
t,2400,2200,0,4600,1,1,1,1,0,0,1,1
t,2400,2300,300,4400,1,1,1,1,0,0,1,1
t,2400,2050,0,4450,1,1,1,1,0,0,1,1
t,2400,1950,0,4350,1,1,1,1,0,0,1,1
t,2900,4450,4400,2950,1,1,1,0,0,0,1,1
t,2900,4600,4400,3100,1,1,1,0,0,0,1,1
t,2900,4700,4700,2900,1,1,0,0,0,0,1,1
t,2900,4150,4000,3050,1,1,1,0,0,0,1,1
t,2900,4350,4200,3050,1,1,1,0,0,0,1,1
ct,1400,6250,6000,1650,0,0,0,0,0,0,0,1
t,3400,3550,2000,4950,1,1,1,1,0,0,1,1
t,3400,4300,2400,5300,1,1,1,1,0,0,1,1
ct,1400,8550,5200,4750,1,1,1,1,0,0,1,1
t,3400,3800,2100,5100,1,1,1,1,0,0,1,1
t,3400,3950,3200,4150,1,1,1,1,0,0,1,1
t,3400,3650,1950,5100,1,1,1,1,0,0,1,1
ct,1400,10550,5200,6750,1,1,1,1,1,1,1,1
t,3400,4950,4800,3550,1,1,1,1,0,0,1,1
ct,1400,7150,5200,3350,1,1,1,1,0,0,1,1
t,3400,5100,4900,3600,1,1,1,1,0,0,1,1
t,3400,4150,4000,3550,1,1,1,1,0,0,1,1
t,3400,5100,4800,3700,1,1,1,1,0,0,1,1
ct,1900,5750,5650,2000,0,0,0,0,0,0,1,1
t,1400,3450,3400,1450,0,0,0,0,0,0,0,1
t,1400,4150,4000,1550,0,0,0,0,0,0,0,1
ct,1900,7450,7050,2300,0,0,0,0,0,0,1,1
ct,1900,9850,5600,6150,1,1,1,1,1,1,1,1
ct,2400,5000,2350,5050,1,1,1,1,0,0,1,1
ct,2400,2050,0,4450,1,1,1,1,0,0,1,1
t,1400,4800,4800,1400,0,0,0,0,0,0,0,1
ct,2400,3200,800,4800,1,1,1,1,0,0,1,1
ct,2900,5050,4850,3100,1,1,1,0,0,0,1,1
ct,2900,4450,4350,3000,1,1,1,0,0,0,1,1
ct,2900,4150,4150,2900,1,1,0,0,0,0,1,1
t,1900,4200,4200,1900,0,0,0,0,0,0,1,1
t,1900,8150,4800,5250,1,1,1,1,0,0,1,1
t,1900,9300,4900,6300,1,1,1,1,1,1,1,1
t,1900,8750,4800,5850,1,1,1,1,1,0,1,1
ct,1900,4950,4850,2000,0,0,0,0,0,0,1,1
ct,1900,4400,4350,1950,0,0,0,0,0,0,1,1
t,1400,5700,4900,2200,0,0,0,0,0,0,1,1
t,1400,7650,4900,4150,1,1,1,1,0,0,1,1
t,1400,7200,4900,3700,1,1,1,1,0,0,1,1
ct,1900,5350,5200,2050,0,0,0,0,0,0,1,1
ct,1900,5000,4850,2050,0,0,0,0,0,0,1,1
ct,1900,800,650,2050,0,0,0,0,0,0,1,1
t,1900,800,650,2050,0,0,0,0,0,0,1,1
ct,1900,800,700,2000,0,0,0,0,0,0,1,1
ct,1900,800,650,2050,0,0,0,0,0,0,1,1
t,1900,800,650,2050,0,0,0,0,0,0,1,1
ct,1900,800,650,2050,0,0,0,0,0,0,1,1
t,1900,800,650,2050,0,0,0,0,0,0,1,1
ct,1900,800,650,2050,0,0,0,0,0,0,1,1
t,1900,800,700,2000,0,0,0,0,0,0,1,1
t,1900,800,800,1900,0,0,0,0,0,0,1,1
ct,1400,4250,4200,1450,0,0,0,0,0,0,0,1
t,2400,2050,1850,2600,1,0,0,0,0,0,1,1
ct,1400,3900,3900,1400,0,0,0,0,0,0,0,1
ct,1400,4250,4150,1500,0,0,0,0,0,0,0,1
t,2400,2050,2000,2450,1,0,0,0,0,0,1,1
ct,1400,3650,3550,1500,0,0,0,0,0,0,0,1
ct,1400,3650,3650,1400,0,0,0,0,0,0,0,1
t,2400,2600,2550,2450,1,0,0,0,0,0,1,1
t,2400,1900,1800,2500,1,0,0,0,0,0,1,1
t,2900,2900,700,5100,1,1,1,1,0,0,1,1
t,2900,2450,700,4650,1,1,1,1,0,0,1,1
t,2900,2550,700,4750,1,1,1,1,0,0,1,1
t,2900,2450,700,4650,1,1,1,1,0,0,1,1
t,2900,2800,0,5700,1,1,1,1,1,0,1,1
t,3400,5100,5100,3400,1,1,1,1,0,0,1,1
t,3400,4650,4600,3450,1,1,1,1,0,0,1,1
t,3400,4750,4600,3550,1,1,1,1,0,0,1,1
t,3400,4650,3900,4150,1,1,1,1,0,0,1,1
t,3400,5700,5700,3400,1,1,1,1,0,0,1,1
ct,1400,9300,5000,5700,1,1,1,1,1,0,1,1
t,3400,4300,4200,3500,1,1,1,1,0,0,1,1
ct,1400,7200,4850,3750,1,1,1,1,0,0,1,1
t,3400,4350,4300,3450,1,1,1,1,0,0,1,1
t,3400,4150,4000,3550,1,1,1,1,0,0,1,1
t,3400,4450,4400,3450,1,1,1,1,0,0,1,1
t,3400,4100,3900,3600,1,1,1,1,0,0,1,1
t,3400,4100,4000,3500,1,1,1,1,0,0,1,1
ct,1400,9500,6200,4700,1,1,1,1,0,0,1,1
t,3400,4650,4600,3450,1,1,1,1,0,0,1,1
t,3400,4150,3900,3650,1,1,1,1,0,0,1,1
t,3400,4050,3900,3550,1,1,1,1,0,0,1,1
t,3400,4500,4400,3500,1,1,1,1,0,0,1,1
ct,1400,9400,5600,5200,1,1,1,1,0,0,1,1
t,3400,4100,4000,3500,1,1,1,1,0,0,1,1
t,3400,4050,4000,3450,1,1,1,1,0,0,1,1
t,3400,5150,4900,3650,1,1,1,1,0,0,1,1
ct,1400,11550,5200,7750,1,1,1,1,1,1,1,1
t,3400,4150,4000,3550,1,1,1,1,0,0,1,1
t,3400,4100,3900,3600,1,1,1,1,0,0,1,1
t,3400,3500,2000,4900,1,1,1,1,0,0,1,1
t,3400,3650,1800,5250,1,1,1,1,0,0,1,1
t,3400,3550,2000,4950,1,1,1,1,0,0,1,1
t,3400,3600,1650,5350,1,1,1,1,0,0,1,1
t,3400,4900,4800,3500,1,1,1,1,0,0,1,1
t,3400,5050,4900,3550,1,1,1,1,0,0,1,1
t,3400,4950,4900,3450,1,1,1,1,0,0,1,1
t,3400,5350,5250,3500,1,1,1,1,0,0,1,1
ct,1400,13400,5600,9200,1,1,1,1,1,1,1,1
t,3400,3500,1900,5000,1,1,1,1,0,0,1,1
t,3400,3550,2400,4550,1,1,1,1,0,0,1,1
t,3400,4050,2500,4950,1,1,1,1,0,0,1,1
t,3400,3450,2400,4450,1,1,1,1,0,0,1,1
t,3400,5000,4800,3600,1,1,1,1,0,0,1,1
ct,1400,16000,5700,11700,1,1,1,1,1,1,1,1
t,3400,4950,4800,3550,1,1,1,1,0,0,1,1
ct,1400,16000,5600,11800,1,1,1,1,1,1,1,1
t,3400,4450,4400,3450,1,1,1,1,0,0,1,1
t,3400,5850,5700,3550,1,1,1,1,0,0,1,1
t,3400,3600,3500,3500,1,1,1,1,0,0,1,1
t,3400,4050,3900,3550,1,1,1,1,0,0,1,1
t,3400,3550,3500,3450,1,1,1,1,0,0,1,1
t,3400,3450,3100,3750,1,1,1,1,0,0,1,1
ct,1900,800,650,2050,0,0,0,0,0,0,1,1
ct,1900,800,650,2050,0,0,0,0,0,0,1,1
ct,1900,800,650,2050,0,0,0,0,0,0,1,1
ct,1900,800,800,1900,0,0,0,0,0,0,1,1
ct,1900,800,650,2050,0,0,0,0,0,0,1,1
t,2400,2000,0,4400,1,1,1,1,0,0,1,1
ct,1400,3650,3550,1500,0,0,0,0,0,0,0,1
t,2400,2950,500,4850,1,1,1,1,0,0,1,1
t,2400,2000,0,4400,1,1,1,1,0,0,1,1
ct,1400,3950,3900,1450,0,0,0,0,0,0,0,1
t,2400,2050,0,4450,1,1,1,1,0,0,1,1
ct,1400,3950,3950,1400,0,0,0,0,0,0,0,1
t,2400,2050,0,4450,1,1,1,1,0,0,1,1
ct,1400,3800,3750,1450,0,0,0,0,0,0,0,1
ct,1400,4250,4200,1450,0,0,0,0,0,0,0,1
t,2900,4400,4400,2900,1,1,0,0,0,0,1,1
t,2900,5150,5100,2950,1,1,1,0,0,0,1,1
t,2900,4400,4400,2900,1,1,0,0,0,0,1,1
t,2900,4150,3900,3150,1,1,1,1,0,0,1,1
t,2900,4450,4400,2950,1,1,1,0,0,0,1,1
t,3400,3800,1900,5300,1,1,1,1,0,0,1,1
ct,1400,5950,5600,1750,0,0,0,0,0,0,1,1
t,3400,3850,1800,5450,1,1,1,1,1,0,1,1
t,3400,3500,2000,4900,1,1,1,1,0,0,1,1
t,3400,4350,2200,5550,1,1,1,1,1,0,1,1
t,3400,3850,2050,5200,1,1,1,1,0,0,1,1
ct,1400,5300,5200,1500,0,0,0,0,0,0,0,1
t,3400,5900,4900,4400,1,1,1,1,0,0,1,1
t,3400,6050,4800,4650,1,1,1,1,0,0,1,1
t,3400,5500,4900,4000,1,1,1,1,0,0,1,1
t,3400,6150,4800,4750,1,1,1,1,0,0,1,1
t,3400,6700,4900,5200,1,1,1,1,0,0,1,1
t,3400,4400,1800,6000,1,1,1,1,1,1,1,1
t,3400,4650,3150,4900,1,1,1,1,0,0,1,1
t,3400,4000,2000,5400,1,1,1,1,1,0,1,1
t,3400,5200,4200,4400,1,1,1,1,0,0,1,1
t,3400,6600,4900,5100,1,1,1,1,0,0,1,1
t,3400,5500,4800,4100,1,1,1,1,0,0,1,1
t,3400,6600,4900,5100,1,1,1,1,0,0,1,1
t,3400,7250,4800,5850,1,1,1,1,1,0,1,1
t,3400,5000,4900,3500,1,1,1,1,0,0,1,1
ct,1400,7500,5600,3300,1,1,1,1,0,0,1,1
t,3400,5100,2000,6500,1,1,1,1,1,1,1,1
ct,1400,12450,5600,8250,1,1,1,1,1,1,1,1
t,3400,4100,2000,5500,1,1,1,1,1,0,1,1
t,3400,5850,2400,6850,1,1,1,1,1,1,1,1
ct,1400,7250,6300,2350,0,0,0,0,0,0,1,1
t,3400,3800,2250,4950,1,1,1,1,0,0,1,1
t,3400,6900,4900,5400,1,1,1,1,1,0,1,1
ct,1400,10950,5600,6750,1,1,1,1,1,1,1,1
t,3400,5300,4800,3900,1,1,1,1,0,0,1,1
t,3400,6200,4900,4700,1,1,1,1,0,0,1,1
ct,1400,14100,5600,9900,1,1,1,1,1,1,1,1
t,3400,5550,4900,4050,1,1,1,1,0,0,1,1
ct,1400,12700,8350,5750,1,1,1,1,1,0,1,1
t,3400,5200,5100,3500,1,1,1,1,0,0,1,1
t,3400,3900,3850,3450,1,1,1,1,0,0,1,1
t,3400,4700,4600,3500,1,1,1,1,0,0,1,1
t,3400,4050,4000,3450,1,1,1,1,0,0,1,1
t,3400,3500,1800,5100,1,1,1,1,0,0,1,1
t,3400,3750,1800,5350,1,1,1,1,0,0,1,1
t,3400,3500,1800,5100,1,1,1,1,0,0,1,1
t,3400,4350,1200,6550,1,1,1,1,1,1,1,1
t,3400,5100,4900,3600,1,1,1,1,0,0,1,1
t,3400,5100,4900,3600,1,1,1,1,0,0,1,1
ct,1400,10600,6300,5700,1,1,1,1,1,0,1,1
t,3400,6550,6450,3500,1,1,1,1,0,0,1,1
t,3400,3450,3300,3550,1,1,1,1,0,0,1,1
ct,1900,800,650,2050,0,0,0,0,0,0,1,1
ct,1900,800,800,1900,0,0,0,0,0,0,1,1
t,1900,800,650,2050,0,0,0,0,0,0,1,1
ct,1900,800,650,2050,0,0,0,0,0,0,1,1
t,1900,800,650,2050,0,0,0,0,0,0,1,1
ct,1900,800,800,1900,0,0,0,0,0,0,1,1
ct,1900,800,650,2050,0,0,0,0,0,0,1,1
t,1900,800,700,2000,0,0,0,0,0,0,1,1
t,1900,800,650,2050,0,0,0,0,0,0,1,1
t,1900,800,650,2050,0,0,0,0,0,0,1,1
ct,1400,3950,3950,1400,0,0,0,0,0,0,0,1
ct,1400,4100,3950,1550,0,0,0,0,0,0,0,1
t,2400,2050,0,4450,1,1,1,1,0,0,1,1
ct,1400,3950,3850,1500,0,0,0,0,0,0,0,1
t,2400,2650,700,4350,1,1,1,1,0,0,1,1
ct,1400,3800,3750,1450,0,0,0,0,0,0,0,1
ct,1400,3650,3550,1500,0,0,0,0,0,0,0,1
t,2400,2000,0,4400,1,1,1,1,0,0,1,1
t,2400,2350,200,4550,1,1,1,1,0,0,1,1
t,2400,2050,0,4450,1,1,1,1,0,0,1,1
t,2900,4750,4600,3050,1,1,1,0,0,0,1,1
t,2900,4350,4200,3050,1,1,1,0,0,0,1,1
t,2900,4400,4400,2900,1,1,0,0,0,0,1,1
t,2900,4550,4400,3050,1,1,1,0,0,0,1,1
t,2900,4450,4400,2950,1,1,1,0,0,0,1,1
ct,1400,6050,5600,1850,0,0,0,0,0,0,1,1
ct,1400,6100,5200,2300,0,0,0,0,0,0,1,1
t,3400,4250,2700,4950,1,1,1,1,0,0,1,1
t,3400,3650,1850,5200,1,1,1,1,0,0,1,1
t,3400,3500,1850,5050,1,1,1,1,0,0,1,1
t,3400,3950,1000,6350,1,1,1,1,1,1,1,1
t,3400,3550,1800,5150,1,1,1,1,0,0,1,1
t,3400,4950,4900,3450,1,1,1,1,0,0,1,1
t,3400,5200,4800,3800,1,1,1,1,0,0,1,1
t,3400,5050,4900,3550,1,1,1,1,0,0,1,1
t,3400,6350,6250,3500,1,1,1,1,0,0,1,1
t,3400,5450,5100,3750,1,1,1,1,0,0,1,1
ct,1400,7150,5600,2950,1,1,1,0,0,0,1,1
t,3400,4100,1950,5550,1,1,1,1,1,0,1,1
ct,1400,11950,5800,7550,1,1,1,1,1,1,1,1
t,3400,3850,2050,5200,1,1,1,1,0,0,1,1
t,3400,3500,1650,5250,1,1,1,1,0,0,1,1
t,3400,4050,3700,3750,1,1,1,1,0,0,1,1
t,3400,5150,4800,3750,1,1,1,1,0,0,1,1
t,3400,5200,4900,3700,1,1,1,1,0,0,1,1
t,3400,5050,4800,3650,1,1,1,1,0,0,1,1
t,3400,3750,3700,3450,1,1,1,1,0,0,1,1
ct,1400,7750,5600,3550,1,1,1,1,0,0,1,1
t,3400,4300,4200,3500,1,1,1,1,0,0,1,1
t,3400,4650,4600,3450,1,1,1,1,0,0,1,1
ct,1400,12150,5600,7950,1,1,1,1,1,1,1,1
t,3400,4900,4900,3400,1,1,1,1,0,0,1,1
t,3400,4250,4200,3450,1,1,1,1,0,0,1,1
t,3400,4350,3900,3850,1,1,1,1,0,0,1,1
t,3400,3500,2000,4900,1,1,1,1,0,0,1,1
ct,1400,15850,7450,9800,1,1,1,1,1,1,1,1
t,3400,3450,2050,4800,1,1,1,1,0,0,1,1
t,3400,3400,1450,5350,1,1,1,1,0,0,1,1
t,3400,3850,1900,5350,1,1,1,1,0,0,1,1
ct,1400,14750,5800,10350,1,1,1,1,1,1,1,1
t,3400,5500,4900,4000,1,1,1,1,0,0,1,1
t,3400,5500,4900,4000,1,1,1,1,0,0,1,1
t,3400,6250,4900,4750,1,1,1,1,0,0,1,1
t,3400,6300,6250,3450,1,1,1,1,0,0,1,1
t,3400,6250,5100,4550,1,1,1,1,0,0,1,1
ct,1900,11850,7450,6300,1,1,1,1,1,1,1,1
ct,1900,10500,5600,6800,1,1,1,1,1,1,1,1
ct,1900,9600,6300,5200,1,1,1,1,0,0,1,1
ct,1400,6050,5600,1850,0,0,0,0,0,0,1,1
t,1900,6450,4900,3450,1,1,1,1,0,0,1,1
ct,1400,7950,7950,1400,0,0,0,0,0,0,0,1
t,1900,6850,4900,3850,1,1,1,1,0,0,1,1
ct,1400,7050,6500,1950,0,0,0,0,0,0,1,1
t,1900,7400,4900,4400,1,1,1,1,0,0,1,1
t,1900,5800,5300,2400,0,0,0,0,0,0,1,1
t,1900,7900,4900,4900,1,1,1,1,0,0,1,1
ct,1900,800,700,2000,0,0,0,0,0,0,1,1
ct,1900,800,650,2050,0,0,0,0,0,0,1,1
ct,1900,800,650,2050,0,0,0,0,0,0,1,1
ct,1900,800,800,1900,0,0,0,0,0,0,1,1
ct,1900,800,650,2050,0,0,0,0,0,0,1,1
t,2400,1900,0,4300,1,1,1,1,0,0,1,1
t,2400,2300,200,4500,1,1,1,1,0,0,1,1
ct,1400,3600,3550,1450,0,0,0,0,0,0,0,1
t,2400,2050,0,4450,1,1,1,1,0,0,1,1
ct,1400,3950,3950,1400,0,0,0,0,0,0,0,1
t,2400,2050,0,4450,1,1,1,1,0,0,1,1
t,2400,2050,0,4450,1,1,1,1,0,0,1,1
ct,1400,4850,4700,1550,0,0,0,0,0,0,0,1
ct,1400,3500,3450,1450,0,0,0,0,0,0,0,1
ct,1400,3650,3550,1500,0,0,0,0,0,0,0,1
t,2900,4300,4000,3200,1,1,1,1,0,0,1,1
t,2900,4500,4400,3000,1,1,1,0,0,0,1,1
t,2900,4450,4400,2950,1,1,1,0,0,0,1,1
t,2900,4750,4600,3050,1,1,1,0,0,0,1,1
t,2900,4450,4400,2950,1,1,1,0,0,0,1,1
t,3400,3000,1350,5050,1,1,1,1,0,0,1,1
t,3400,2950,300,6050,1,1,1,1,1,1,1,1
t,3400,3050,1450,5000,1,1,1,1,0,0,1,1
t,3400,3250,1950,4700,1,1,1,1,0,0,1,1
t,1400,4900,4800,1500,0,0,0,0,0,0,0,1
t,1400,5900,4800,2500,1,0,0,0,0,0,1,1
ct,1900,5150,4850,2200,0,0,0,0,0,0,1,1
t,1400,4850,4800,1450,0,0,0,0,0,0,0,1
t,1400,5450,3600,3250,1,1,1,1,0,0,1,1
ct,1900,4900,4850,1950,0,0,0,0,0,0,1,1
ct,1900,4850,4850,1900,0,0,0,0,0,0,1,1
t,1900,800,650,2050,0,0,0,0,0,0,1,1
t,1900,800,650,2050,0,0,0,0,0,0,1,1
ct,1900,800,650,2050,0,0,0,0,0,0,1,1
t,1900,800,700,2000,0,0,0,0,0,0,1,1
ct,1900,800,650,2050,0,0,0,0,0,0,1,1
ct,1900,800,800,1900,0,0,0,0,0,0,1,1
ct,1900,800,650,2050,0,0,0,0,0,0,1,1
t,1900,800,650,2050,0,0,0,0,0,0,1,1
ct,1900,800,650,2050,0,0,0,0,0,0,1,1
t,1900,800,700,2000,0,0,0,0,0,0,1,1
t,2400,2650,2400,2650,1,0,0,0,0,0,1,1
t,2400,2650,2600,2450,1,0,0,0,0,0,1,1
ct,1400,4200,4200,1400,0,0,0,0,0,0,0,1
t,2400,3800,3700,2500,1,0,0,0,0,0,1,1
ct,1400,4200,4200,1400,0,0,0,0,0,0,0,1
ct,1400,4350,4200,1550,0,0,0,0,0,0,0,1
ct,1400,3900,3800,1500,0,0,0,0,0,0,0,1
t,2400,2650,2600,2450,1,0,0,0,0,0,1,1
ct,1400,4500,4400,1500,0,0,0,0,0,0,0,1
t,2400,2600,2550,2450,1,0,0,0,0,0,1,1
t,2900,2650,700,4850,1,1,1,1,0,0,1,1
t,2900,3050,0,5950,1,1,1,1,1,1,1,1
t,2900,2500,700,4700,1,1,1,1,0,0,1,1
ct,1400,3800,2250,2950,1,1,1,0,0,0,1,1
ct,1400,3600,3350,1650,0,0,0,0,0,0,0,1
t,2900,2750,700,4950,1,1,1,1,0,0,1,1
t,2900,2450,700,4650,1,1,1,1,0,0,1,1
t,3400,4850,4800,3450,1,1,1,1,0,0,1,1
t,3400,4950,4900,3450,1,1,1,1,0,0,1,1
t,3400,4650,4600,3450,1,1,1,1,0,0,1,1
t,3400,4050,4000,3450,1,1,1,1,0,0,1,1
t,3400,4600,4600,3400,1,1,1,1,0,0,1,1
ct,1400,9650,5200,5850,1,1,1,1,1,0,1,1
t,3400,4200,3900,3700,1,1,1,1,0,0,1,1
t,3400,4650,4600,3450,1,1,1,1,0,0,1,1
t,3400,4050,4000,3450,1,1,1,1,0,0,1,1
ct,1900,4700,4650,1950,0,0,0,0,0,0,1,1
ct,1900,5550,5400,2050,0,0,0,0,0,0,1,1
t,1400,3900,3900,1400,0,0,0,0,0,0,0,1
ct,1900,5600,5600,1900,0,0,0,0,0,0,1,1
t,1900,4000,1500,4400,1,1,1,1,0,0,1,1
t,1900,5050,3700,3250,1,1,1,1,0,0,1,1
ct,1400,4850,4850,1400,0,0,0,0,0,0,0,1
t,1900,2900,1000,3800,1,1,1,1,0,0,1,1
t,1900,2900,1000,3800,1,1,1,1,0,0,1,1
t,2400,4750,4600,2550,1,0,0,0,0,0,1,1
t,2400,5300,5100,2600,1,0,0,0,0,0,1,1
t,2400,4800,4800,2400,0,0,0,0,0,0,1,1
t,2900,3550,1850,4600,1,1,1,1,0,0,1,1
t,2900,3550,1800,4650,1,1,1,1,0,0,1,1
ct,1400,6500,5200,2700,1,0,0,0,0,0,1,1
t,2900,3550,700,5750,1,1,1,1,1,0,1,1
ct,1400,6900,5400,2900,1,1,0,0,0,0,1,1
ct,1400,6200,5600,2000,0,0,0,0,0,0,1,1
t,2900,4200,3100,4000,1,1,1,1,0,0,1,1
t,3400,5700,4900,4200,1,1,1,1,0,0,1,1
t,3400,5750,4800,4350,1,1,1,1,0,0,1,1
ct,1400,5050,5000,1450,0,0,0,0,0,0,0,1
ct,1400,4950,4850,1500,0,0,0,0,0,0,0,1
t,3400,4500,4400,3500,1,1,1,1,0,0,1,1
ct,1400,8100,7650,1850,0,0,0,0,0,0,1,1
t,3400,4600,4600,3400,1,1,1,1,0,0,1,1
t,1400,6550,4800,3150,1,1,1,1,0,0,1,1
t,1400,5500,4900,2000,0,0,0,0,0,0,1,1
ct,2400,2200,2200,2400,0,0,0,0,0,0,1,1
ct,2400,2250,1800,2850,1,1,0,0,0,0,1,1
ct,1900,800,650,2050,0,0,0,0,0,0,1,1
ct,1900,800,700,2000,0,0,0,0,0,0,1,1
ct,1900,800,650,2050,0,0,0,0,0,0,1,1
ct,1900,800,650,2050,0,0,0,0,0,0,1,1
ct,1900,800,650,2050,0,0,0,0,0,0,1,1
ct,1400,4550,4400,1550,0,0,0,0,0,0,0,1
ct,1400,3600,3550,1450,0,0,0,0,0,0,0,1
t,2400,1900,0,4300,1,1,1,1,0,0,1,1
ct,1400,3650,2250,2800,1,1,0,0,0,0,1,1
t,2400,2050,0,4450,1,1,1,1,0,0,1,1
t,2400,2250,200,4450,1,1,1,1,0,0,1,1
t,2400,2050,0,4450,1,1,1,1,0,0,1,1
ct,1400,3650,3550,1500,0,0,0,0,0,0,0,1
t,2400,2350,0,4750,1,1,1,1,0,0,1,1
ct,1400,4250,4200,1450,0,0,0,0,0,0,0,1
t,2900,4300,4300,2900,1,1,0,0,0,0,1,1
t,2900,4450,4400,2950,1,1,1,0,0,0,1,1
t,2900,4450,4200,3150,1,1,1,1,0,0,1,1
t,2900,4450,4400,2950,1,1,1,0,0,0,1,1
t,2900,4750,4600,3050,1,1,1,0,0,0,1,1
t,3400,2950,1650,4700,1,1,1,1,0,0,1,1
t,3400,3150,1650,4900,1,1,1,1,0,0,1,1
t,3400,2950,1450,4900,1,1,1,1,0,0,1,1
ct,1400,6400,5400,2400,0,0,0,0,0,0,1,1
t,3400,3350,200,6550,1,1,1,1,1,1,1,1
t,3400,4850,4800,3450,1,1,1,1,0,0,1,1
t,3400,4700,4600,3500,1,1,1,1,0,0,1,1
t,3400,4900,4800,3500,1,1,1,1,0,0,1,1
t,3400,6050,6050,3400,1,1,1,1,0,0,1,1
ct,1900,8400,5600,4700,1,1,1,1,0,0,1,1
t,1400,3350,3300,1450,0,0,0,0,0,0,0,1
ct,1400,6550,5600,2350,0,0,0,0,0,0,1,1
ct,1400,5650,5600,1450,0,0,0,0,0,0,0,1
t,1900,4300,4300,1900,0,0,0,0,0,0,1,1
t,1900,5050,4800,2150,0,0,0,0,0,0,1,1
t,1900,3550,3150,2300,0,0,0,0,0,0,1,1
t,1900,5150,5100,1950,0,0,0,0,0,0,1,1
ct,1400,5800,5200,2000,0,0,0,0,0,0,1,1
t,1900,4050,3900,2050,0,0,0,0,0,0,1,1
t,1400,4100,4000,1500,0,0,0,0,0,0,0,1
ct,1900,2450,2300,2050,0,0,0,0,0,0,1,1
ct,1400,3850,3850,1400,0,0,0,0,0,0,0,1
t,1900,3100,3100,1900,0,0,0,0,0,0,1,1
t,1900,5250,4800,2350,0,0,0,0,0,0,1,1
t,1900,3700,3700,1900,0,0,0,0,0,0,1,1
t,1900,4750,4600,2050,0,0,0,0,0,0,1,1
t,1900,4350,4200,2050,0,0,0,0,0,0,1,1
ct,1400,4350,4350,1400,0,0,0,0,0,0,0,1
t,1900,800,650,2050,0,0,0,0,0,0,1,1
ct,1900,800,650,2050,0,0,0,0,0,0,1,1
ct,1900,800,650,2050,0,0,0,0,0,0,1,1
t,1900,800,800,1900,0,0,0,0,0,0,1,1
ct,1900,800,650,2050,0,0,0,0,0,0,1,1
ct,1900,800,650,2050,0,0,0,0,0,0,1,1
t,1900,800,700,2000,0,0,0,0,0,0,1,1
ct,1900,800,800,1900,0,0,0,0,0,0,1,1
t,1900,800,650,2050,0,0,0,0,0,0,1,1
t,1900,800,650,2050,0,0,0,0,0,0,1,1
t,1400,3400,3050,1750,0,0,0,0,0,0,1,1
ct,2400,2200,2100,2500,1,0,0,0,0,0,1,1
ct,2400,2500,1850,3050,1,1,1,0,0,0,1,1
t,1400,3850,3800,1450,0,0,0,0,0,0,0,1
ct,2400,2200,2000,2600,1,0,0,0,0,0,1,1
ct,2400,2800,2700,2500,1,0,0,0,0,0,1,1
t,1400,3650,3500,1550,0,0,0,0,0,0,0,1
ct,2400,2050,2000,2450,1,0,0,0,0,0,1,1
t,1400,4000,3500,1900,0,0,0,0,0,0,1,1
t,1400,3700,3550,1550,0,0,0,0,0,0,0,1
ct,2900,2550,300,5150,1,1,1,1,0,0,1,1
ct,2900,3100,300,5700,1,1,1,1,1,0,1,1
t,1400,3850,3050,2200,0,0,0,0,0,0,1,1
ct,2900,2650,300,5250,1,1,1,1,0,0,1,1
ct,2900,3150,1450,4600,1,1,1,1,0,0,1,1
ct,2900,2500,300,5100,1,1,1,1,0,0,1,1
ct,3400,5150,4850,3700,1,1,1,1,0,0,1,1
ct,3400,5700,5600,3500,1,1,1,1,0,0,1,1
ct,3400,5250,5200,3450,1,1,1,1,0,0,1,1
ct,3400,4600,4550,3450,1,1,1,1,0,0,1,1
ct,3400,5100,5000,3500,1,1,1,1,0,0,1,1
t,1900,7800,4900,4800,1,1,1,1,0,0,1,1
t,1900,8250,4800,5350,1,1,1,1,0,0,1,1
t,2400,3750,3700,2450,1,0,0,0,0,0,1,1
ct,1400,5350,5200,1550,0,0,0,0,0,0,0,1
t,2400,5400,4900,2900,1,1,0,0,0,0,1,1
ct,1400,5550,5200,1750,0,0,0,0,0,0,1,1
t,2900,3350,1650,4600,1,1,1,1,0,0,1,1
t,2900,4950,3350,4500,1,1,1,1,0,0,1,1
ct,1400,10550,5600,6350,1,1,1,1,1,1,1,1
t,2900,3300,1850,4350,1,1,1,1,0,0,1,1
t,2900,3000,1450,4450,1,1,1,1,0,0,1,1
t,2900,3100,0,6000,1,1,1,1,1,1,1,1
t,3400,4600,4600,3400,1,1,1,1,0,0,1,1
t,3400,4500,4400,3500,1,1,1,1,0,0,1,1
t,3400,4350,4000,3750,1,1,1,1,0,0,1,1
t,3400,6000,5900,3500,1,1,1,1,0,0,1,1
ct,1900,7600,5250,4250,1,1,1,1,0,0,1,1
ct,1900,9900,7450,4350,1,1,1,1,0,0,1,1
ct,1900,9150,5200,5850,1,1,1,1,1,0,1,1
ct,1900,7800,5200,4500,1,1,1,1,0,0,1,1
t,1900,3750,1150,4500,1,1,1,1,0,0,1,1
t,1900,2700,700,3900,1,1,1,1,0,0,1,1
t,1900,4400,700,5600,1,1,1,1,1,0,1,1
t,2400,4850,4800,2450,1,0,0,0,0,0,1,1
t,2400,4050,4000,2450,1,0,0,0,0,0,1,1
t,2400,4900,4800,2500,1,0,0,0,0,0,1,1
t,2400,6300,6300,2400,0,0,0,0,0,0,1,1
ct,1900,8800,7450,3250,1,1,1,1,0,0,1,1
ct,1900,10300,6100,6100,1,1,1,1,1,1,1,1
ct,1900,10800,6500,6200,1,1,1,1,1,1,1,1
t,1400,4150,3900,1650,0,0,0,0,0,0,0,1
t,1400,3600,3500,1500,0,0,0,0,0,0,0,1
t,1400,3500,3500,1400,0,0,0,0,0,0,0,1
ct,1900,800,650,2050,0,0,0,0,0,0,1,1
ct,1900,800,650,2050,0,0,0,0,0,0,1,1
ct,1900,800,800,1900,0,0,0,0,0,0,1,1
ct,1900,800,650,2050,0,0,0,0,0,0,1,1
ct,1900,800,650,2050,0,0,0,0,0,0,1,1
ct,2400,2250,2200,2450,1,0,0,0,0,0,1,1
t,1400,3950,3900,1450,0,0,0,0,0,0,0,1
ct,2400,3450,3350,2500,1,0,0,0,0,0,1,1
t,1400,3600,3500,1500,0,0,0,0,0,0,0,1
t,1400,4200,4200,1400,0,0,0,0,0,0,0,1
ct,2400,2100,2100,2400,0,0,0,0,0,0,1,1
t,1400,3900,3800,1500,0,0,0,0,0,0,0,1
ct,2400,2250,2100,2550,1,0,0,0,0,0,1,1
ct,2400,2250,2250,2400,0,0,0,0,0,0,1,1
ct,2900,2500,650,4750,1,1,1,1,0,0,1,1
ct,2900,2550,500,4950,1,1,1,1,0,0,1,1
ct,3400,5250,5200,3450,1,1,1,1,0,0,1,1
t,1400,5750,4900,2250,0,0,0,0,0,0,1,1
ct,3400,4950,4700,3650,1,1,1,1,0,0,1,1
t,1400,6050,4800,2650,1,0,0,0,0,0,1,1
t,1400,6250,4900,2750,1,0,0,0,0,0,1,1
ct,3400,5450,5400,3450,1,1,1,1,0,0,1,1
ct,3400,6700,6550,3550,1,1,1,1,0,0,1,1
t,1900,2250,0,4150,1,1,1,1,0,0,1,1
t,1900,2300,0,4200,1,1,1,1,0,0,1,1
t,1900,2650,500,4050,1,1,1,1,0,0,1,1
t,1900,2750,300,4350,1,1,1,1,0,0,1,1
t,2400,4450,4400,2450,1,0,0,0,0,0,1,1
ct,1400,6150,5200,2350,0,0,0,0,0,0,1,1
t,2400,4200,4200,2400,0,0,0,0,0,0,1,1
t,2400,4050,4000,2450,1,0,0,0,0,0,1,1
ct,1400,6200,5200,2400,0,0,0,0,0,0,1,1
t,2400,4350,4300,2450,1,0,0,0,0,0,1,1
t,2900,3050,1450,4500,1,1,1,1,0,0,1,1
t,2900,4300,1450,5750,1,1,1,1,1,0,1,1
ct,1400,5000,5000,1400,0,0,0,0,0,0,0,1
t,2900,3300,800,5400,1,1,1,1,1,0,1,1
t,2900,3050,1850,4100,1,1,1,1,0,0,1,1
ct,1400,5350,5200,1550,0,0,0,0,0,0,0,1
t,2900,3650,1650,4900,1,1,1,1,0,0,1,1
ct,1400,8000,5600,3800,1,1,1,1,0,0,1,1
ct,1400,7800,5600,3600,1,1,1,1,0,0,1,1
t,3400,4500,4400,3500,1,1,1,1,0,0,1,1
t,3400,5700,4900,4200,1,1,1,1,0,0,1,1
t,3400,4100,4000,3500,1,1,1,1,0,0,1,1
t,3400,4900,4900,3400,1,1,1,1,0,0,1,1
ct,1400,6200,5600,2000,0,0,0,0,0,0,1,1
t,3400,3500,3500,3400,1,1,1,1,0,0,1,1
ct,1400,6900,5600,2700,1,0,0,0,0,0,1,1
t,3400,4500,4000,3900,1,1,1,1,0,0,1,1
t,3400,3500,2100,4800,1,1,1,1,0,0,1,1
t,3400,3700,1850,5250,1,1,1,1,0,0,1,1
ct,1900,3900,3850,1950,0,0,0,0,0,0,1,1
t,1400,3250,2200,2450,1,0,0,0,0,0,1,1
ct,1900,4850,4850,1900,0,0,0,0,0,0,1,1
t,1400,5200,4900,1700,0,0,0,0,0,0,1,1
ct,1900,3200,3100,2000,0,0,0,0,0,0,1,1
ct,2400,2000,1900,2500,1,0,0,0,0,0,1,1
ct,2400,2250,2250,2400,0,0,0,0,0,0,1,1
ct,2400,2100,2050,2450,1,0,0,0,0,0,1,1
t,1900,5150,5100,1950,0,0,0,0,0,0,1,1
ct,1400,4750,4650,1500,0,0,0,0,0,0,0,1
t,1900,8500,4900,5500,1,1,1,1,1,0,1,1
t,1900,7450,5400,3950,1,1,1,1,0,0,1,1
t,1900,800,700,2000,0,0,0,0,0,0,1,1
ct,1900,800,650,2050,0,0,0,0,0,0,1,1
ct,1900,800,650,2050,0,0,0,0,0,0,1,1
ct,1900,800,650,2050,0,0,0,0,0,0,1,1
ct,1900,800,650,2050,0,0,0,0,0,0,1,1
ct,1900,800,650,2050,0,0,0,0,0,0,1,1
t,1900,800,650,2050,0,0,0,0,0,0,1,1
t,1900,800,650,2050,0,0,0,0,0,0,1,1
t,1900,800,650,2050,0,0,0,0,0,0,1,1
t,1900,800,650,2050,0,0,0,0,0,0,1,1
t,1400,3350,3250,1500,0,0,0,0,0,0,0,1
ct,2400,2250,2200,2450,1,0,0,0,0,0,1,1
ct,2400,2250,2200,2450,1,0,0,0,0,0,1,1
ct,2400,2250,2250,2400,0,0,0,0,0,0,1,1
t,1400,3700,3700,1400,0,0,0,0,0,0,0,1
t,1400,3700,3700,1400,0,0,0,0,0,0,0,1
t,1400,3700,3700,1400,0,0,0,0,0,0,0,1
t,1400,4000,4000,1400,0,0,0,0,0,0,0,1
t,1900,2100,2000,2000,0,0,0,0,0,0,1,1
ct,1400,4100,4100,1400,0,0,0,0,0,0,0,1
ct,1400,3800,3750,1450,0,0,0,0,0,0,0,1
ct,1400,3800,3750,1450,0,0,0,0,0,0,0,1
t,1900,2000,1800,2100,0,0,0,0,0,0,1,1
t,1900,2900,2800,2000,0,0,0,0,0,0,1,1
t,1900,2000,1850,2050,0,0,0,0,0,0,1,1
t,1900,2600,2200,2300,0,0,0,0,0,0,1,1
t,1400,3650,3250,1800,0,0,0,0,0,0,1,1
ct,1900,1650,1650,1900,0,0,0,0,0,0,1,1
ct,1900,1950,1450,2400,0,0,0,0,0,0,1,1
ct,1900,2100,2100,1900,0,0,0,0,0,0,1,1
t,1400,3450,3300,1550,0,0,0,0,0,0,0,1
t,1400,4000,3750,1650,0,0,0,0,0,0,0,1
t,1400,3750,3700,1450,0,0,0,0,0,0,0,1
t,1400,5300,3250,3450,1,1,1,1,0,0,1,1
ct,2400,2100,0,4500,1,1,1,1,0,0,1,1
ct,2400,2650,0,5050,1,1,1,1,0,0,1,1
ct,2400,2050,0,4450,1,1,1,1,0,0,1,1
ct,2400,2050,0,4450,1,1,1,1,0,0,1,1
ct,2400,2450,0,4850,1,1,1,1,0,0,1,1
ct,2900,4900,4900,2900,1,1,0,0,0,0,1,1
ct,2900,4450,4050,3300,1,1,1,1,0,0,1,1
ct,2900,4550,4550,2900,1,1,0,0,0,0,1,1
ct,2900,4550,4500,2950,1,1,1,0,0,0,1,1
ct,2900,4950,4950,2900,1,1,0,0,0,0,1,1
t,1900,3550,3500,1950,0,0,0,0,0,0,1,1
t,1900,4850,4400,2350,0,0,0,0,0,0,1,1
t,1900,4900,4800,2000,0,0,0,0,0,0,1,1
t,1900,4100,3500,2500,1,0,0,0,0,0,1,1
t,1900,5900,4900,2900,1,1,0,0,0,0,1,1
t,2400,2250,0,4650,1,1,1,1,0,0,1,1
ct,1400,6350,5200,2550,1,0,0,0,0,0,1,1
t,2400,2350,0,4750,1,1,1,1,0,0,1,1
t,2400,2800,700,4500,1,1,1,1,0,0,1,1
t,2400,2900,0,5300,1,1,1,1,0,0,1,1
t,2900,4650,4600,2950,1,1,1,0,0,0,1,1
t,2900,4750,4600,3050,1,1,1,0,0,0,1,1
t,2900,4400,3900,3400,1,1,1,1,0,0,1,1
t,2900,4500,4400,3000,1,1,1,0,0,0,1,1
t,2900,5300,4900,3300,1,1,1,1,0,0,1,1
ct,1900,9950,7050,4800,1,1,1,1,0,0,1,1
ct,1900,5500,5200,2200,0,0,0,0,0,0,1,1
ct,1900,5350,5200,2050,0,0,0,0,0,0,1,1
ct,1900,6450,6400,1950,0,0,0,0,0,0,1,1
t,1400,3750,3700,1450,0,0,0,0,0,0,0,1
t,1400,3650,3500,1550,0,0,0,0,0,0,0,1
t,1400,4250,4200,1450,0,0,0,0,0,0,0,1
ct,2400,3250,3200,2450,1,0,0,0,0,0,1,1
t,1900,1800,1800,1900,0,0,0,0,0,0,1,1
t,1900,5900,4900,2900,1,1,0,0,0,0,1,1
t,1900,3250,3100,2050,0,0,0,0,0,0,1,1
t,1900,4250,4200,1950,0,0,0,0,0,0,1,1
ct,1900,800,800,1900,0,0,0,0,0,0,1,1
ct,1900,800,650,2050,0,0,0,0,0,0,1,1
ct,1900,800,650,2050,0,0,0,0,0,0,1,1
ct,1900,800,650,2050,0,0,0,0,0,0,1,1
ct,1900,800,650,2050,0,0,0,0,0,0,1,1
ct,1400,3500,3450,1450,0,0,0,0,0,0,0,1
t,2400,2050,0,4450,1,1,1,1,0,0,1,1
t,2400,2350,0,4750,1,1,1,1,0,0,1,1
t,2400,2200,0,4600,1,1,1,1,0,0,1,1
t,2400,2050,0,4450,1,1,1,1,0,0,1,1
t,2400,2000,0,4400,1,1,1,1,0,0,1,1
ct,1400,3650,3550,1500,0,0,0,0,0,0,0,1
ct,1400,3650,3550,1500,0,0,0,0,0,0,0,1
ct,1400,3950,3900,1450,0,0,0,0,0,0,0,1
t,2900,3750,3700,2950,1,1,1,0,0,0,1,1
t,2900,4750,4600,3050,1,1,1,0,0,0,1,1
t,2900,4600,4600,2900,1,1,0,0,0,0,1,1
t,2900,4450,4400,2950,1,1,1,0,0,0,1,1
t,2900,4400,4400,2900,1,1,0,0,0,0,1,1
t,3400,3250,2050,4600,1,1,1,1,0,0,1,1
t,3400,3050,1450,5000,1,1,1,1,0,0,1,1
t,3400,2900,1450,4850,1,1,1,1,0,0,1,1
t,3400,2950,1450,4900,1,1,1,1,0,0,1,1
ct,1400,10050,5200,6250,1,1,1,1,1,1,1,1
t,3400,5200,4800,3800,1,1,1,1,0,0,1,1
t,3400,5400,4800,4000,1,1,1,1,0,0,1,1
t,3400,5500,4900,4000,1,1,1,1,0,0,1,1
ct,1400,10900,5600,6700,1,1,1,1,1,1,1,1
t,3400,3800,2200,5000,1,1,1,1,0,0,1,1
t,3400,4000,2400,5000,1,1,1,1,0,0,1,1
t,3400,3500,1800,5100,1,1,1,1,0,0,1,1
t,3400,4600,3700,4300,1,1,1,1,0,0,1,1
ct,1400,11650,5600,7450,1,1,1,1,1,1,1,1
ct,1400,8800,5250,4950,1,1,1,1,0,0,1,1
ct,1400,6800,5200,3000,1,1,1,0,0,0,1,1
t,3400,5000,4800,3600,1,1,1,1,0,0,1,1
t,3400,5000,4800,3600,1,1,1,1,0,0,1,1
t,3400,4300,4200,3500,1,1,1,1,0,0,1,1
t,3400,6200,6050,3550,1,1,1,1,0,0,1,1
ct,1900,11650,5200,8350,1,1,1,1,1,1,1,1
ct,2400,8450,5600,5250,1,1,1,1,0,0,1,1
t,1400,5050,4900,1550,0,0,0,0,0,0,0,1
ct,2400,7100,5600,3900,1,1,1,1,0,0,1,1
ct,2400,9250,5250,6400,1,1,1,1,1,1,1,1
ct,2400,5200,4850,2750,1,0,0,0,0,0,1,1
ct,2900,5350,4850,3400,1,1,1,1,0,0,1,1
t,1400,7150,4900,3650,1,1,1,1,0,0,1,1
ct,2900,4000,3850,3050,1,1,1,0,0,0,1,1
t,1900,800,700,2000,0,0,0,0,0,0,1,1
t,1900,800,650,2050,0,0,0,0,0,0,1,1
ct,1900,800,800,1900,0,0,0,0,0,0,1,1
ct,1900,800,800,1900,0,0,0,0,0,0,1,1
t,1900,800,700,2000,0,0,0,0,0,0,1,1
t,1900,800,650,2050,0,0,0,0,0,0,1,1
t,1900,800,650,2050,0,0,0,0,0,0,1,1
ct,1900,800,650,2050,0,0,0,0,0,0,1,1
ct,1900,800,650,2050,0,0,0,0,0,0,1,1
ct,1900,800,650,2050,0,0,0,0,0,0,1,1
t,2400,2050,2050,2400,0,0,0,0,0,0,1,1
ct,1400,3800,1900,3300,1,1,1,1,0,0,1,1
t,2400,2000,1850,2550,1,0,0,0,0,0,1,1
t,2400,2050,1900,2550,1,0,0,0,0,0,1,1
t,2400,2050,2000,2450,1,0,0,0,0,0,1,1
ct,1400,3950,3850,1500,0,0,0,0,0,0,0,1
ct,1400,4550,4400,1550,0,0,0,0,0,0,0,1
t,2900,2850,0,5750,1,1,1,1,1,0,1,1
t,2900,2400,700,4600,1,1,1,1,0,0,1,1
t,2900,2850,700,5050,1,1,1,1,0,0,1,1
t,2900,2550,0,5450,1,1,1,1,1,0,1,1
t,2900,2450,500,4850,1,1,1,1,0,0,1,1
t,3400,5550,4800,4150,1,1,1,1,0,0,1,1
t,3400,4600,4600,3400,1,1,1,1,0,0,1,1
t,3400,5050,4800,3650,1,1,1,1,0,0,1,1
t,3400,5450,4800,4050,1,1,1,1,0,0,1,1
t,3400,4850,4800,3450,1,1,1,1,0,0,1,1
t,3400,3850,2000,5250,1,1,1,1,0,0,1,1
ct,1400,8800,7050,3150,1,1,1,1,0,0,1,1
t,3400,4550,950,7000,1,1,1,1,1,1,1,1
t,3400,3750,1650,5500,1,1,1,1,1,0,1,1
t,3400,3750,1850,5300,1,1,1,1,0,0,1,1
ct,1400,6350,5200,2550,1,0,0,0,0,0,1,1
ct,1400,6900,5100,3200,1,1,1,1,0,0,1,1
t,3400,3400,3300,3500,1,1,1,1,0,0,1,1
t,3400,5200,4800,3800,1,1,1,1,0,0,1,1
t,3400,5800,4800,4400,1,1,1,1,0,0,1,1
t,3400,4900,4800,3500,1,1,1,1,0,0,1,1
ct,1400,10850,5600,6650,1,1,1,1,1,1,1,1
t,3400,3550,1850,5100,1,1,1,1,0,0,1,1
t,3400,3500,700,6200,1,1,1,1,1,1,1,1
t,3400,3500,1150,5750,1,1,1,1,1,0,1,1
t,3400,3500,1150,5750,1,1,1,1,1,0,1,1
ct,1400,7150,5600,2950,1,1,1,0,0,0,1,1
ct,1900,8200,6700,3400,1,1,1,1,0,0,1,1
t,1400,5300,4800,1900,0,0,0,0,0,0,1,1
t,1400,6600,4800,3200,1,1,1,1,0,0,1,1
t,1400,4700,4600,1500,0,0,0,0,0,0,0,1
ct,1900,7350,5600,3650,1,1,1,1,0,0,1,1
t,1900,5000,4800,2100,0,0,0,0,0,0,1,1
ct,1400,8700,5600,4500,1,1,1,1,0,0,1,1
t,2400,4150,2200,4350,1,1,1,1,0,0,1,1
t,2400,3600,1800,4200,1,1,1,1,0,0,1,1
t,2400,4600,3150,3850,1,1,1,1,0,0,1,1
ct,1400,5750,5200,1950,0,0,0,0,0,0,1,1
t,1400,5100,4800,1700,0,0,0,0,0,0,1,1
t,1400,6200,3750,3850,1,1,1,1,0,0,1,1
t,1400,5050,4800,1650,0,0,0,0,0,0,0,1
ct,1900,6500,5600,2800,1,1,0,0,0,0,1,1
t,1900,3800,3700,2000,0,0,0,0,0,0,1,1
t,1900,7750,7350,2300,0,0,0,0,0,0,1,1
ct,1400,3800,3750,1450,0,0,0,0,0,0,0,1
t,1900,5750,4900,2750,1,0,0,0,0,0,1,1
t,1900,3750,3700,1950,0,0,0,0,0,0,1,1
t,1900,6400,4800,3500,1,1,1,1,0,0,1,1
ct,1400,4900,4900,1400,0,0,0,0,0,0,0,1
ct,1400,4650,4550,1500,0,0,0,0,0,0,0,1
ct,1900,800,800,1900,0,0,0,0,0,0,1,1
ct,1900,800,800,1900,0,0,0,0,0,0,1,1
ct,1900,800,650,2050,0,0,0,0,0,0,1,1
ct,1900,800,650,2050,0,0,0,0,0,0,1,1
ct,1900,800,650,2050,0,0,0,0,0,0,1,1
ct,2400,2250,2150,2500,1,0,0,0,0,0,1,1
ct,2400,1950,1900,2450,1,0,0,0,0,0,1,1
t,1400,3350,3300,1450,0,0,0,0,0,0,0,1
t,1400,3550,3500,1450,0,0,0,0,0,0,0,1
ct,2400,2100,1950,2550,1,0,0,0,0,0,1,1
ct,2400,2100,2100,2400,0,0,0,0,0,0,1,1
t,1400,4300,4300,1400,0,0,0,0,0,0,0,1
t,1400,3350,3300,1450,0,0,0,0,0,0,0,1
t,1400,4000,4000,1400,0,0,0,0,0,0,0,1
ct,2900,2700,2550,3050,1,1,1,0,0,0,1,1
ct,2900,3050,2900,3050,1,1,1,0,0,0,1,1
ct,2900,2850,2700,3050,1,1,1,0,0,0,1,1
ct,2900,3200,3100,3000,1,1,1,0,0,0,1,1
t,1400,3850,3800,1450,0,0,0,0,0,0,0,1
t,1400,3900,3700,1600,0,0,0,0,0,0,0,1
t,1400,3550,3500,1450,0,0,0,0,0,0,0,1
ct,1400,4400,3550,2250,0,0,0,0,0,0,1,1
ct,1400,4700,4200,1900,0,0,0,0,0,0,1,1
t,1900,2300,300,3900,1,1,1,1,0,0,1,1
t,1900,3500,700,4700,1,1,1,1,0,0,1,1
t,1900,2350,0,4250,1,1,1,1,0,0,1,1
t,1900,2200,0,4100,1,1,1,1,0,0,1,1
t,1900,2350,0,4250,1,1,1,1,0,0,1,1
t,2400,3900,3900,2400,0,0,0,0,0,0,1,1
t,2400,5000,4800,2600,1,0,0,0,0,0,1,1
t,2400,4250,4200,2450,1,0,0,0,0,0,1,1
t,2400,4400,4400,2400,0,0,0,0,0,0,1,1
t,2400,4250,4200,2450,1,0,0,0,0,0,1,1
t,2900,2600,300,5200,1,1,1,1,0,0,1,1
t,2900,2450,300,5050,1,1,1,1,0,0,1,1
t,2900,2400,1000,4300,1,1,1,1,0,0,1,1
t,2900,2450,600,4750,1,1,1,1,0,0,1,1
t,3400,3200,3100,3500,1,1,1,1,0,0,1,1
t,3400,4900,4800,3500,1,1,1,1,0,0,1,1
t,3400,5350,5100,3650,1,1,1,1,0,0,1,1
t,3400,4300,4200,3500,1,1,1,1,0,0,1,1
t,3400,4750,4600,3550,1,1,1,1,0,0,1,1
t,3400,3500,1450,5450,1,1,1,1,1,0,1,1
t,3400,3500,1450,5450,1,1,1,1,1,0,1,1
ct,1400,9300,5600,5100,1,1,1,1,0,0,1,1
ct,1400,9450,5600,5250,1,1,1,1,0,0,1,1
t,3400,3950,1800,5550,1,1,1,1,1,0,1,1
t,3400,3850,2000,5250,1,1,1,1,0,0,1,1
t,3400,6350,4800,4950,1,1,1,1,0,0,1,1
t,3400,6050,6050,3400,1,1,1,1,0,0,1,1
ct,1400,7750,5600,3550,1,1,1,1,0,0,1,1
t,3400,5750,4800,4350,1,1,1,1,0,0,1,1
ct,1900,800,650,2050,0,0,0,0,0,0,1,1
ct,1900,800,650,2050,0,0,0,0,0,0,1,1
ct,1900,800,800,1900,0,0,0,0,0,0,1,1
t,1900,800,650,2050,0,0,0,0,0,0,1,1
t,1900,800,650,2050,0,0,0,0,0,0,1,1
t,1900,800,800,1900,0,0,0,0,0,0,1,1
t,1900,800,650,2050,0,0,0,0,0,0,1,1
t,1900,800,800,1900,0,0,0,0,0,0,1,1
ct,1900,800,650,2050,0,0,0,0,0,0,1,1
ct,1900,800,650,2050,0,0,0,0,0,0,1,1
ct,1400,4850,4700,1550,0,0,0,0,0,0,0,1
ct,1400,3650,3550,1500,0,0,0,0,0,0,0,1
ct,1400,3500,3450,1450,0,0,0,0,0,0,0,1
t,2400,2050,0,4450,1,1,1,1,0,0,1,1
t,2400,2050,0,4450,1,1,1,1,0,0,1,1
t,2400,1900,0,4300,1,1,1,1,0,0,1,1
t,2400,2050,0,4450,1,1,1,1,0,0,1,1
t,2400,1900,0,4300,1,1,1,1,0,0,1,1
ct,1400,3650,3550,1500,0,0,0,0,0,0,0,1
ct,1400,3950,3900,1450,0,0,0,0,0,0,0,1
t,2900,4450,4400,2950,1,1,1,0,0,0,1,1
t,2900,4450,4400,2950,1,1,1,0,0,0,1,1
t,2900,4300,4200,3000,1,1,1,0,0,0,1,1
t,2900,4450,4400,2950,1,1,1,0,0,0,1,1
t,2900,4300,4200,3000,1,1,1,0,0,0,1,1
ct,1900,3800,3700,2000,0,0,0,0,0,0,1,1
ct,1900,4050,4050,1900,0,0,0,0,0,0,1,1
ct,1900,4300,4150,2050,0,0,0,0,0,0,1,1
t,1400,3900,3900,1400,0,0,0,0,0,0,0,1
ct,1900,4750,4750,1900,0,0,0,0,0,0,1,1
ct,2400,2150,0,4550,1,1,1,1,0,0,1,1
ct,2400,2050,0,4450,1,1,1,1,0,0,1,1
ct,2400,2800,300,4900,1,1,1,1,0,0,1,1
ct,2400,2400,700,4100,1,1,1,1,0,0,1,1
ct,2900,4600,4550,2950,1,1,1,0,0,0,1,1
ct,2900,4800,4650,3050,1,1,1,0,0,0,1,1
ct,2900,5250,5250,2900,1,1,0,0,0,0,1,1
t,1400,5700,4900,2200,0,0,0,0,0,0,1,1
ct,2900,4500,4350,3050,1,1,1,0,0,0,1,1
ct,2900,4150,4150,2900,1,1,0,0,0,0,1,1
ct,3400,3500,1350,5550,1,1,1,1,1,0,1,1
ct,3400,3050,1150,5300,1,1,1,1,0,0,1,1
t,1400,7650,4900,4150,1,1,1,1,0,0,1,1
t,1400,8800,3150,7050,1,1,1,1,1,1,1,1
ct,3400,3200,700,5900,1,1,1,1,1,1,1,1
ct,3400,3350,1900,4850,1,1,1,1,0,0,1,1
ct,3400,5700,5600,3500,1,1,1,1,0,0,1,1
ct,3400,5750,5600,3550,1,1,1,1,0,0,1,1
ct,3400,5500,5450,3450,1,1,1,1,0,0,1,1
t,1400,7600,4800,4200,1,1,1,1,0,0,1,1
t,1400,5400,4900,1900,0,0,0,0,0,0,1,1
t,1400,8900,4800,5500,1,1,1,1,1,0,1,1
ct,3400,6400,6200,3600,1,1,1,1,0,0,1,1
ct,3400,5650,5200,3850,1,1,1,1,0,0,1,1
ct,3400,3550,1650,5300,1,1,1,1,0,0,1,1
ct,3400,3600,1950,5050,1,1,1,1,0,0,1,1
ct,3400,3500,1450,5450,1,1,1,1,1,0,1,1
ct,3400,3650,650,6400,1,1,1,1,1,1,1,1
ct,1400,5550,5200,1750,0,0,0,0,0,0,1,1
t,1900,7800,4800,4900,1,1,1,1,0,0,1,1
t,1900,4800,4600,2100,0,0,0,0,0,0,1,1
t,1900,8400,4900,5400,1,1,1,1,1,0,1,1
t,1900,5750,5100,2550,1,0,0,0,0,0,1,1
t,2400,5500,3700,4200,1,1,1,1,0,0,1,1
t,2400,2100,300,4200,1,1,1,1,0,0,1,1
t,2400,5400,3700,4100,1,1,1,1,0,0,1,1
t,2400,2550,0,4950,1,1,1,1,0,0,1,1
ct,1400,6800,5600,2600,1,0,0,0,0,0,1,1
ct,1900,5750,5700,1950,0,0,0,0,0,0,1,1
ct,1900,5300,5200,2000,0,0,0,0,0,0,1,1
t,1400,5900,4800,2500,1,0,0,0,0,0,1,1
ct,1900,800,650,2050,0,0,0,0,0,0,1,1
ct,1900,800,650,2050,0,0,0,0,0,0,1,1
ct,1900,800,650,2050,0,0,0,0,0,0,1,1
ct,1900,800,650,2050,0,0,0,0,0,0,1,1
ct,1900,800,800,1900,0,0,0,0,0,0,1,1
t,1400,3400,3250,1550,0,0,0,0,0,0,0,1
t,1400,4600,4600,1400,0,0,0,0,0,0,0,1
t,1400,4000,3900,1500,0,0,0,0,0,0,0,1
ct,2400,2500,2200,2700,1,0,0,0,0,0,1,1
ct,2400,2200,2200,2400,0,0,0,0,0,0,1,1
ct,2400,2500,2500,2400,0,0,0,0,0,0,1,1
t,1400,3350,3300,1450,0,0,0,0,0,0,0,1
t,1400,3350,3150,1600,0,0,0,0,0,0,0,1
t,1900,1550,1350,2100,0,0,0,0,0,0,1,1
t,1900,1400,650,2650,1,0,0,0,0,0,1,1
t,1900,1500,1300,2100,0,0,0,0,0,0,1,1
t,1900,1900,1700,2100,0,0,0,0,0,0,1,1
t,2400,2700,650,4450,1,1,1,1,0,0,1,1
t,2400,2150,0,4550,1,1,1,1,0,0,1,1
t,2400,2100,0,4500,1,1,1,1,0,0,1,1
t,2400,2650,0,5050,1,1,1,1,0,0,1,1
t,2900,4550,4400,3050,1,1,1,0,0,0,1,1
t,2900,4500,3900,3500,1,1,1,1,0,0,1,1
t,2900,5050,4800,3150,1,1,1,1,0,0,1,1
t,1400,3600,3500,1500,0,0,0,0,0,0,0,1
t,1400,3700,3700,1400,0,0,0,0,0,0,0,1
t,1400,3850,3500,1750,0,0,0,0,0,0,1,1
ct,1900,5100,5000,2000,0,0,0,0,0,0,1,1
ct,1900,4450,4350,2000,0,0,0,0,0,0,1,1
t,1900,2000,0,3900,1,1,1,1,0,0,1,1
t,1900,1900,0,3800,1,1,1,1,0,0,1,1
ct,1400,3500,3350,1550,0,0,0,0,0,0,0,1
t,1900,2500,0,4400,1,1,1,1,0,0,1,1
t,1900,3050,700,4250,1,1,1,1,0,0,1,1
t,2400,4400,4400,2400,0,0,0,0,0,0,1,1
t,2400,4300,4300,2400,0,0,0,0,0,0,1,1
t,2400,4950,4800,2550,1,0,0,0,0,0,1,1
t,2400,4900,4800,2500,1,0,0,0,0,0,1,1
t,2400,4750,4700,2450,1,0,0,0,0,0,1,1
ct,1900,4250,4250,1900,0,0,0,0,0,0,1,1
ct,1900,5450,5400,1950,0,0,0,0,0,0,1,1
ct,1900,800,650,2050,0,0,0,0,0,0,1,1
ct,1900,800,700,2000,0,0,0,0,0,0,1,1
t,1900,800,650,2050,0,0,0,0,0,0,1,1
t,1900,800,800,1900,0,0,0,0,0,0,1,1
t,1900,800,650,2050,0,0,0,0,0,0,1,1
ct,1900,800,650,2050,0,0,0,0,0,0,1,1
t,1900,800,700,2000,0,0,0,0,0,0,1,1
ct,1900,800,800,1900,0,0,0,0,0,0,1,1
ct,1900,800,650,2050,0,0,0,0,0,0,1,1
t,1900,800,650,2050,0,0,0,0,0,0,1,1
ct,1400,3650,3500,1550,0,0,0,0,0,0,0,1
t,2400,2050,0,4450,1,1,1,1,0,0,1,1
t,2400,2500,0,4900,1,1,1,1,0,0,1,1
t,2400,2350,0,4750,1,1,1,1,0,0,1,1
ct,1400,3950,1600,3750,1,1,1,1,0,0,1,1
t,2400,2000,0,4400,1,1,1,1,0,0,1,1
ct,1400,4250,4200,1450,0,0,0,0,0,0,0,1
t,2400,2350,700,4050,1,1,1,1,0,0,1,1
t,2900,4450,4400,2950,1,1,1,0,0,0,1,1
t,2900,4900,4900,2900,1,1,0,0,0,0,1,1
t,2900,4750,4700,2950,1,1,1,0,0,0,1,1
ct,1400,6450,4750,3100,1,1,1,0,0,0,1,1
t,2900,4400,4400,2900,1,1,0,0,0,0,1,1
t,2900,4050,4000,2950,1,1,1,0,0,0,1,1
ct,1900,3150,1300,3750,1,1,1,1,0,0,1,1
ct,1900,3900,3850,1950,0,0,0,0,0,0,1,1
t,1400,6250,4800,2850,1,1,0,0,0,0,1,1
ct,2900,2550,950,4500,1,1,1,1,0,0,1,1
t,1400,9550,4900,6050,1,1,1,1,1,1,1,1
ct,3400,4500,4350,3550,1,1,1,1,0,0,1,1
ct,3400,6000,6000,3400,1,1,1,1,0,0,1,1
ct,3400,4400,4350,3450,1,1,1,1,0,0,1,1
t,1900,11900,4800,9000,1,1,1,1,1,1,1,1
t,1900,8650,4800,5750,1,1,1,1,1,0,1,1
t,2400,5350,4800,2950,1,1,1,0,0,0,1,1
t,2400,9000,4900,6500,1,1,1,1,1,1,1,1
t,2400,11000,6850,6550,1,1,1,1,1,1,1,1
t,2400,7150,4800,4750,1,1,1,1,0,0,1,1
t,2900,2950,2800,3050,1,1,1,0,0,0,1,1
t,2900,6550,6450,3000,1,1,1,0,0,0,1,1
ct,1400,7250,5200,3450,1,1,1,1,0,0,1,1
t,3400,3050,1800,4650,1,1,1,1,0,0,1,1
t,3400,3000,2600,3800,1,1,1,1,0,0,1,1
t,3400,3000,950,5450,1,1,1,1,1,0,1,1
t,3400,3450,3150,3700,1,1,1,1,0,0,1,1
ct,1400,7800,5600,3600,1,1,1,1,0,0,1,1
ct,1400,6350,6300,1450,0,0,0,0,0,0,0,1
t,3400,4300,4300,3400,1,1,1,1,0,0,1,1
t,3400,4400,4400,3400,1,1,1,1,0,0,1,1
t,3400,4650,4500,3550,1,1,1,1,0,0,1,1
ct,1400,11600,7950,5050,1,1,1,1,0,0,1,1
ct,1900,800,650,2050,0,0,0,0,0,0,1,1
ct,1900,800,650,2050,0,0,0,0,0,0,1,1
ct,1900,800,650,2050,0,0,0,0,0,0,1,1
ct,1900,800,650,2050,0,0,0,0,0,0,1,1
ct,1900,800,650,2050,0,0,0,0,0,0,1,1
t,1400,3700,3600,1500,0,0,0,0,0,0,0,1
ct,2400,2150,0,4550,1,1,1,1,0,0,1,1
ct,2400,2150,200,4350,1,1,1,1,0,0,1,1
ct,2400,2450,0,4850,1,1,1,1,0,0,1,1
t,1400,3850,3800,1450,0,0,0,0,0,0,0,1
ct,2400,2450,0,4850,1,1,1,1,0,0,1,1
t,1400,3700,3250,1850,0,0,0,0,0,0,1,1
t,1400,3700,3700,1400,0,0,0,0,0,0,0,1
ct,2400,2150,0,4550,1,1,1,1,0,0,1,1
ct,2900,4550,4550,2900,1,1,0,0,0,0,1,1
ct,2900,4350,4250,3000,1,1,1,0,0,0,1,1
ct,2900,4850,4700,3050,1,1,1,0,0,0,1,1
ct,2900,4550,4550,2900,1,1,0,0,0,0,1,1
t,1900,4750,4700,1950,0,0,0,0,0,0,1,1
t,1900,3450,3300,2050,0,0,0,0,0,0,1,1
ct,1400,3900,3550,1750,0,0,0,0,0,0,1,1
t,1900,4100,4000,2000,0,0,0,0,0,0,1,1
ct,1400,3950,3850,1500,0,0,0,0,0,0,0,1
t,1900,6500,5100,3300,1,1,1,1,0,0,1,1
t,1400,3700,3150,1950,0,0,0,0,0,0,1,1
ct,1900,2150,2150,1900,0,0,0,0,0,0,1,1
ct,1900,2050,2000,1950,0,0,0,0,0,0,1,1
t,1400,4650,4500,1550,0,0,0,0,0,0,0,1
ct,1900,3900,3850,1950,0,0,0,0,0,0,1,1
ct,2400,2550,2500,2450,1,0,0,0,0,0,1,1
ct,2400,3000,1900,3500,1,1,1,1,0,0,1,1
ct,2400,2600,2600,2400,0,0,0,0,0,0,1,1
t,1400,6950,4800,3550,1,1,1,1,0,0,1,1
ct,2400,3300,3200,2500,1,0,0,0,0,0,1,1
ct,1900,800,650,2050,0,0,0,0,0,0,1,1
t,1900,800,650,2050,0,0,0,0,0,0,1,1
t,1900,800,650,2050,0,0,0,0,0,0,1,1
ct,1900,800,650,2050,0,0,0,0,0,0,1,1
t,1900,800,800,1900,0,0,0,0,0,0,1,1
ct,1900,800,650,2050,0,0,0,0,0,0,1,1
t,1900,800,800,1900,0,0,0,0,0,0,1,1
ct,1900,800,650,2050,0,0,0,0,0,0,1,1
t,1900,800,650,2050,0,0,0,0,0,0,1,1
ct,1900,800,800,1900,0,0,0,0,0,0,1,1
ct,2400,2400,2200,2600,1,0,0,0,0,0,1,1
t,1400,4300,4200,1500,0,0,0,0,0,0,0,1
t,1400,3400,3250,1550,0,0,0,0,0,0,0,1
t,1400,3250,3050,1600,0,0,0,0,0,0,0,1
ct,2400,2100,1700,2800,1,1,0,0,0,0,1,1
ct,2400,2100,2000,2500,1,0,0,0,0,0,1,1
t,1400,4000,4000,1400,0,0,0,0,0,0,0,1
ct,2400,1950,1950,2400,0,0,0,0,0,0,1,1
ct,2900,2800,1250,4450,1,1,1,1,0,0,1,1
ct,2900,2900,0,5800,1,1,1,1,1,0,1,1
ct,2900,2600,300,5200,1,1,1,1,0,0,1,1
ct,2900,2500,1300,4100,1,1,1,1,0,0,1,1
ct,3400,5950,5800,3550,1,1,1,1,0,0,1,1
t,1400,5900,4800,2500,1,0,0,0,0,0,1,1
ct,3400,4550,4200,3750,1,1,1,1,0,0,1,1
ct,3400,5900,5900,3400,1,1,1,1,0,0,1,1
ct,3400,5300,5200,3500,1,1,1,1,0,0,1,1
ct,3400,3700,3550,3550,1,1,1,1,0,0,1,1
t,1400,6950,4900,3450,1,1,1,1,0,0,1,1
ct,3400,3550,3200,3750,1,1,1,1,0,0,1,1
t,1400,7400,4900,3900,1,1,1,1,0,0,1,1
ct,3400,3950,3900,3450,1,1,1,1,0,0,1,1
t,1900,6500,4800,3600,1,1,1,1,0,0,1,1
t,1900,3450,3450,1900,0,0,0,0,0,0,1,1
ct,1400,4450,4400,1450,0,0,0,0,0,0,0,1
t,1900,3900,3800,2000,0,0,0,0,0,0,1,1
t,1900,3600,3500,2000,0,0,0,0,0,0,1,1
ct,1900,3800,1450,4250,1,1,1,1,0,0,1,1
t,1400,3250,3250,1400,0,0,0,0,0,0,0,1
ct,1900,3950,2300,3550,1,1,1,1,0,0,1,1
t,1900,3350,3300,1950,0,0,0,0,0,0,1,1
ct,1400,4800,4650,1550,0,0,0,0,0,0,0,1
ct,1400,6400,6400,1400,0,0,0,0,0,0,0,1
ct,1400,5950,5600,1750,0,0,0,0,0,0,1,1
ct,1400,4700,4700,1400,0,0,0,0,0,0,0,1
t,2400,1950,0,4350,1,1,1,1,0,0,1,1
t,2400,2400,0,4800,1,1,1,1,0,0,1,1
t,2400,2350,0,4750,1,1,1,1,0,0,1,1
t,2400,2200,0,4600,1,1,1,1,0,0,1,1
t,2900,4350,4200,3050,1,1,1,0,0,0,1,1
t,2900,4800,4800,2900,1,1,0,0,0,0,1,1
t,2900,4750,4700,2950,1,1,1,0,0,0,1,1
t,2900,4600,4600,2900,1,1,0,0,0,0,1,1
t,2900,4850,4800,2950,1,1,1,0,0,0,1,1
ct,1400,7300,5600,3100,1,1,1,0,0,0,1,1
t,3400,3500,2000,4900,1,1,1,1,0,0,1,1
t,3400,2950,1650,4700,1,1,1,1,0,0,1,1
ct,1400,8350,7950,1800,0,0,0,0,0,0,1,1
ct,1400,10450,5800,6050,1,1,1,1,1,1,1,1
t,3400,2950,1650,4700,1,1,1,1,0,0,1,1
t,3400,4750,4600,3550,1,1,1,1,0,0,1,1
t,3400,5200,5100,3500,1,1,1,1,0,0,1,1
ct,1400,12000,5400,8000,1,1,1,1,1,1,1,1
t,3400,5000,4900,3500,1,1,1,1,0,0,1,1
t,3400,4400,4400,3400,1,1,1,1,0,0,1,1
t,3400,4700,4600,3500,1,1,1,1,0,0,1,1
ct,1400,6900,5900,2400,0,0,0,0,0,0,1,1
t,1900,800,650,2050,0,0,0,0,0,0,1,1
t,1900,800,650,2050,0,0,0,0,0,0,1,1
t,1900,800,650,2050,0,0,0,0,0,0,1,1
t,1900,800,650,2050,0,0,0,0,0,0,1,1
t,1900,800,800,1900,0,0,0,0,0,0,1,1
t,2400,2650,2450,2600,1,0,0,0,0,0,1,1
ct,1400,4200,4200,1400,0,0,0,0,0,0,0,1
ct,1400,4800,4700,1500,0,0,0,0,0,0,0,1
ct,1400,4500,4450,1450,0,0,0,0,0,0,0,1
ct,1400,3750,3750,1400,0,0,0,0,0,0,0,1
ct,1400,3900,3900,1400,0,0,0,0,0,0,0,1
t,2900,3200,1750,4350,1,1,1,1,0,0,1,1
ct,1400,4150,4050,1500,0,0,0,0,0,0,0,1
t,2900,3550,2450,4000,1,1,1,1,0,0,1,1
t,2900,3950,800,6050,1,1,1,1,1,1,1,1
ct,1400,3750,3550,1600,0,0,0,0,0,0,0,1
t,2900,3350,1200,5050,1,1,1,1,0,0,1,1
t,2900,3100,1850,4150,1,1,1,1,0,0,1,1
t,3400,4000,4000,3400,1,1,1,1,0,0,1,1
t,3400,6050,4300,5150,1,1,1,1,0,0,1,1
t,3400,5050,4900,3550,1,1,1,1,0,0,1,1
t,3400,4150,3900,3650,1,1,1,1,0,0,1,1
ct,2400,2350,0,4750,1,1,1,1,0,0,1,1
ct,2400,3300,500,5200,1,1,1,1,0,0,1,1
ct,2400,3300,700,5000,1,1,1,1,0,0,1,1
t,1400,6450,4900,2950,1,1,1,0,0,0,1,1
t,1400,6850,5100,3150,1,1,1,1,0,0,1,1
t,1900,6500,4700,3700,1,1,1,1,0,0,1,1
ct,1400,6050,5400,2050,0,0,0,0,0,0,1,1
t,1900,3900,3900,1900,0,0,0,0,0,0,1,1
ct,1400,6000,5400,2000,0,0,0,0,0,0,1,1
t,2400,4200,4200,2400,0,0,0,0,0,0,1,1
t,2400,2400,2400,2400,0,0,0,0,0,0,1,1
t,2900,3550,2900,3550,1,1,1,1,0,0,1,1
ct,1400,10700,5600,6500,1,1,1,1,1,1,1,1
ct,1400,7850,5600,3650,1,1,1,1,0,0,1,1
t,2900,3500,3500,2900,1,1,0,0,0,0,1,1
t,2900,4100,3900,3100,1,1,1,0,0,0,1,1
t,2900,3650,3500,3050,1,1,1,0,0,0,1,1
t,2900,4100,4000,3000,1,1,1,0,0,0,1,1
ct,1900,800,700,2000,0,0,0,0,0,0,1,1
ct,1900,800,650,2050,0,0,0,0,0,0,1,1
ct,1900,800,800,1900,0,0,0,0,0,0,1,1
ct,1900,800,650,2050,0,0,0,0,0,0,1,1
t,1900,800,650,2050,0,0,0,0,0,0,1,1
t,1900,800,800,1900,0,0,0,0,0,0,1,1
t,1900,800,650,2050,0,0,0,0,0,0,1,1
t,1900,800,800,1900,0,0,0,0,0,0,1,1
t,1900,800,650,2050,0,0,0,0,0,0,1,1
ct,1900,800,650,2050,0,0,0,0,0,0,1,1
ct,1400,3900,3750,1550,0,0,0,0,0,0,0,1
ct,1400,3650,3550,1500,0,0,0,0,0,0,0,1
ct,1400,4100,4050,1450,0,0,0,0,0,0,0,1
ct,1400,4250,4200,1450,0,0,0,0,0,0,0,1
t,2400,2050,0,4450,1,1,1,1,0,0,1,1
t,2400,2200,0,4600,1,1,1,1,0,0,1,1
t,2400,2650,700,4350,1,1,1,1,0,0,1,1
t,2400,1900,0,4300,1,1,1,1,0,0,1,1
t,2400,2050,0,4450,1,1,1,1,0,0,1,1
ct,1400,3650,3000,2050,0,0,0,0,0,0,1,1
ct,1900,1950,1800,2050,0,0,0,0,0,0,1,1
ct,1900,1600,1600,1900,0,0,0,0,0,0,1,1
t,1400,5900,4800,2500,1,0,0,0,0,0,1,1
t,1400,5450,4900,1950,0,0,0,0,0,0,1,1
t,1400,5150,4900,1650,0,0,0,0,0,0,0,1
ct,1900,2200,2000,2100,0,0,0,0,0,0,1,1
ct,1400,4100,4000,1500,0,0,0,0,0,0,0,1
ct,1400,3650,3500,1550,0,0,0,0,0,0,0,1
ct,1400,3800,3700,1500,0,0,0,0,0,0,0,1
t,1900,1650,1600,1950,0,0,0,0,0,0,1,1
ct,1900,2300,2250,1950,0,0,0,0,0,0,1,1
ct,1900,1650,1500,2050,0,0,0,0,0,0,1,1
ct,1900,3000,2900,2000,0,0,0,0,0,0,1,1
t,1400,4000,3900,1500,0,0,0,0,0,0,0,1
t,1400,3550,3500,1450,0,0,0,0,0,0,0,1
ct,1900,3250,2350,2800,1,1,0,0,0,0,1,1
ct,1400,3950,3950,1400,0,0,0,0,0,0,0,1
t,1900,1850,0,3750,1,1,1,1,0,0,1,1
t,1900,2600,2600,1900,0,0,0,0,0,0,1,1
t,1900,2050,2000,1950,0,0,0,0,0,0,1,1
t,2400,1900,0,4300,1,1,1,1,0,0,1,1
t,2400,1900,0,4300,1,1,1,1,0,0,1,1
t,2400,1900,0,4300,1,1,1,1,0,0,1,1
t,2400,2200,0,4600,1,1,1,1,0,0,1,1
t,2400,1950,0,4350,1,1,1,1,0,0,1,1
t,2900,4300,4200,3000,1,1,1,0,0,0,1,1
t,2900,4300,4200,3000,1,1,1,0,0,0,1,1
t,2900,4300,4300,2900,1,1,0,0,0,0,1,1
t,2900,4600,4200,3300,1,1,1,1,0,0,1,1
t,2900,4350,4200,3050,1,1,1,0,0,0,1,1
ct,1900,6850,5600,3150,1,1,1,1,0,0,1,1
ct,1900,8100,5600,4400,1,1,1,1,0,0,1,1
ct,1400,10550,5600,6350,1,1,1,1,1,1,1,1
t,1900,4000,2200,3700,1,1,1,1,0,0,1,1
t,1900,3100,2000,3000,1,1,1,0,0,0,1,1
t,1900,2500,2500,1900,0,0,0,0,0,0,1,1
ct,1400,8100,5600,3900,1,1,1,1,0,0,1,1
t,2400,3800,300,5900,1,1,1,1,1,1,1,1
t,2400,2400,0,4800,1,1,1,1,0,0,1,1
t,2400,3550,1450,4500,1,1,1,1,0,0,1,1
ct,1900,9300,6300,4900,1,1,1,1,0,0,1,1
ct,1900,6450,6300,2050,0,0,0,0,0,0,1,1
t,1400,5650,5600,1450,0,0,0,0,0,0,0,1
t,1400,5650,5100,1950,0,0,0,0,0,0,1,1
t,1400,5350,5200,1550,0,0,0,0,0,0,0,1
ct,1900,12700,8150,6450,1,1,1,1,1,1,1,1
ct,1900,800,650,2050,0,0,0,0,0,0,1,1
ct,1900,800,650,2050,0,0,0,0,0,0,1,1
ct,1900,800,650,2050,0,0,0,0,0,0,1,1
ct,1900,800,800,1900,0,0,0,0,0,0,1,1
ct,1900,800,650,2050,0,0,0,0,0,0,1,1
t,2400,2000,0,4400,1,1,1,1,0,0,1,1
t,2400,2350,700,4050,1,1,1,1,0,0,1,1
t,2400,2300,0,4700,1,1,1,1,0,0,1,1
t,2400,2050,0,4450,1,1,1,1,0,0,1,1
ct,1400,3650,2750,2300,0,0,0,0,0,0,1,1
ct,1400,3650,3550,1500,0,0,0,0,0,0,0,1
ct,1400,3950,3850,1500,0,0,0,0,0,0,0,1
ct,1400,4100,4050,1450,0,0,0,0,0,0,0,1
ct,1400,4250,4200,1450,0,0,0,0,0,0,0,1
t,2400,2050,0,4450,1,1,1,1,0,0,1,1
t,2900,4400,4000,3300,1,1,1,1,0,0,1,1
t,2900,4350,4200,3050,1,1,1,0,0,0,1,1
t,2900,4700,4200,3400,1,1,1,1,0,0,1,1
t,2900,4450,4400,2950,1,1,1,0,0,0,1,1
ct,1400,5000,5000,1400,0,0,0,0,0,0,0,1
t,2900,4450,4400,2950,1,1,1,0,0,0,1,1
t,3400,4500,4400,3500,1,1,1,1,0,0,1,1
t,3400,4300,3900,3800,1,1,1,1,0,0,1,1
ct,1400,7000,5600,2800,1,1,0,0,0,0,1,1
ct,1400,5350,5200,1550,0,0,0,0,0,0,0,1
ct,1400,6250,5200,2450,1,0,0,0,0,0,1,1
t,3400,3850,3700,3550,1,1,1,1,0,0,1,1
ct,2400,2900,0,5300,1,1,1,1,0,0,1,1
ct,2400,2350,700,4050,1,1,1,1,0,0,1,1
ct,2400,2650,0,5050,1,1,1,1,0,0,1,1
ct,2400,2200,0,4600,1,1,1,1,0,0,1,1
t,1400,6600,2200,5800,1,1,1,1,1,0,1,1
ct,2900,5650,5600,2950,1,1,1,0,0,0,1,1
ct,2900,5050,5050,2900,1,1,0,0,0,0,1,1
ct,2900,4100,4050,2950,1,1,1,0,0,0,1,1
ct,2900,5100,5100,2900,1,1,0,0,0,0,1,1
ct,2900,4650,4550,3000,1,1,1,0,0,0,1,1
t,1900,6100,4900,3100,1,1,1,0,0,0,1,1
t,1900,5250,4800,2350,0,0,0,0,0,0,1,1
t,1900,8150,6850,3200,1,1,1,1,0,0,1,1
t,1400,4750,4600,1550,0,0,0,0,0,0,0,1
ct,1900,2350,2200,2050,0,0,0,0,0,0,1,1
ct,1900,3250,3200,1950,0,0,0,0,0,0,1,1
ct,1900,4700,4650,1950,0,0,0,0,0,0,1,1
ct,1900,3200,3050,2050,0,0,0,0,0,0,1,1
t,1900,1850,1800,1950,0,0,0,0,0,0,1,1
t,1900,1400,1350,1950,0,0,0,0,0,0,1,1
ct,1900,800,800,1900,0,0,0,0,0,0,1,1
ct,1900,800,650,2050,0,0,0,0,0,0,1,1
ct,1900,800,800,1900,0,0,0,0,0,0,1,1
ct,1900,800,650,2050,0,0,0,0,0,0,1,1
t,1900,800,650,2050,0,0,0,0,0,0,1,1
t,1900,800,700,2000,0,0,0,0,0,0,1,1
t,1900,800,650,2050,0,0,0,0,0,0,1,1
t,1900,800,650,2050,0,0,0,0,0,0,1,1
t,1900,800,700,2000,0,0,0,0,0,0,1,1
ct,1900,800,650,2050,0,0,0,0,0,0,1,1
ct,1400,4050,3900,1550,0,0,0,0,0,0,0,1
ct,1400,4350,4200,1550,0,0,0,0,0,0,0,1
ct,1400,4200,4150,1450,0,0,0,0,0,0,0,1
t,2400,3550,3500,2450,1,0,0,0,0,0,1,1
t,2400,2900,2750,2550,1,0,0,0,0,0,1,1
t,2400,2650,2600,2450,1,0,0,0,0,0,1,1
t,2400,2650,2600,2450,1,0,0,0,0,0,1,1
t,2400,2600,1300,3700,1,1,1,1,0,0,1,1
ct,1400,3900,2950,2350,0,0,0,0,0,0,1,1
ct,1900,2300,2300,1900,0,0,0,0,0,0,1,1
ct,1900,1550,1450,2000,0,0,0,0,0,0,1,1
ct,1900,1700,1650,1950,0,0,0,0,0,0,1,1
ct,1900,2200,2000,2100,0,0,0,0,0,0,1,1
t,1400,3600,3500,1500,0,0,0,0,0,0,0,1
ct,2400,2100,0,4500,1,1,1,1,0,0,1,1
ct,2400,2800,0,5200,1,1,1,1,0,0,1,1
ct,2400,2450,700,4150,1,1,1,1,0,0,1,1
ct,2400,2600,500,4500,1,1,1,1,0,0,1,1
t,1400,4250,4200,1450,0,0,0,0,0,0,0,1
t,1400,3550,3150,1800,0,0,0,0,0,0,1,1
t,1400,4750,4700,1450,0,0,0,0,0,0,0,1
ct,2400,2150,0,4550,1,1,1,1,0,0,1,1
ct,2900,4500,4500,2900,1,1,0,0,0,0,1,1
ct,2900,5200,5050,3050,1,1,1,0,0,0,1,1
ct,2900,4150,4050,3000,1,1,1,0,0,0,1,1
ct,2900,4500,4350,3050,1,1,1,0,0,0,1,1
ct,2900,4250,4150,3000,1,1,1,0,0,0,1,1
ct,3400,3050,500,5950,1,1,1,1,1,1,1,1
ct,3400,3300,700,6000,1,1,1,1,1,1,1,1
ct,3400,3200,1650,4950,1,1,1,1,0,0,1,1
t,1400,5750,4800,2350,0,0,0,0,0,0,1,1
t,1400,6100,4800,2700,1,0,0,0,0,0,1,1
t,1400,6250,4900,2750,1,0,0,0,0,0,1,1
ct,3400,3150,1750,4800,1,1,1,1,0,0,1,1
ct,3400,6200,5600,4000,1,1,1,1,0,0,1,1
ct,3400,6150,6000,3550,1,1,1,1,0,0,1,1
ct,3400,5050,5050,3400,1,1,1,1,0,0,1,1
ct,3400,5400,4850,3950,1,1,1,1,0,0,1,1
ct,3400,4950,4850,3500,1,1,1,1,0,0,1,1
t,1900,4150,3900,2150,0,0,0,0,0,0,1,1
t,1900,4300,4200,2000,0,0,0,0,0,0,1,1
ct,1400,6600,5600,2400,0,0,0,0,0,0,1,1
t,2400,2200,0,4600,1,1,1,1,0,0,1,1
t,2400,2000,0,4400,1,1,1,1,0,0,1,1
t,2400,2150,0,4550,1,1,1,1,0,0,1,1
t,2400,2000,0,4400,1,1,1,1,0,0,1,1
t,2900,4600,4600,2900,1,1,0,0,0,0,1,1
t,2900,4400,4400,2900,1,1,0,0,0,0,1,1
t,2900,4550,4400,3050,1,1,1,0,0,0,1,1
t,2900,4400,4400,2900,1,1,0,0,0,0,1,1
t,2900,2700,2700,2900,1,1,0,0,0,0,1,1
ct,1900,6700,5600,3000,1,1,1,0,0,0,1,1
ct,1900,9250,7100,4050,1,1,1,1,0,0,1,1
ct,1900,6100,6100,1900,0,0,0,0,0,0,1,1
ct,1900,6550,5250,3200,1,1,1,1,0,0,1,1
ct,1400,5150,5000,1550,0,0,0,0,0,0,0,1
t,1900,2050,2000,1950,0,0,0,0,0,0,1,1
t,1900,2200,2200,1900,0,0,0,0,0,0,1,1
t,1900,4050,4000,1950,0,0,0,0,0,0,1,1
t,1900,3950,3900,1950,0,0,0,0,0,0,1,1
ct,1900,800,650,2050,0,0,0,0,0,0,1,1
ct,1900,800,650,2050,0,0,0,0,0,0,1,1
ct,1900,800,650,2050,0,0,0,0,0,0,1,1
ct,1900,800,650,2050,0,0,0,0,0,0,1,1
ct,1900,800,800,1900,0,0,0,0,0,0,1,1
t,1400,4100,3900,1600,0,0,0,0,0,0,0,1
t,1400,3950,3900,1450,0,0,0,0,0,0,0,1
t,1400,3900,3900,1400,0,0,0,0,0,0,0,1
ct,2400,2200,2200,2400,0,0,0,0,0,0,1,1
ct,2400,2200,1350,3250,1,1,1,1,0,0,1,1
ct,2400,2500,1550,3350,1,1,1,1,0,0,1,1
ct,2400,2350,2250,2500,1,0,0,0,0,0,1,1
t,1400,3650,3500,1550,0,0,0,0,0,0,0,1
ct,2900,2450,0,5350,1,1,1,1,0,0,1,1
ct,2900,3300,0,6200,1,1,1,1,1,1,1,1
ct,2900,2750,0,5650,1,1,1,1,1,0,1,1
ct,2900,2550,500,4950,1,1,1,1,0,0,1,1
ct,3400,6400,4850,4950,1,1,1,1,0,0,1,1
ct,3400,6350,6100,3650,1,1,1,1,0,0,1,1
ct,3400,5500,5400,3500,1,1,1,1,0,0,1,1
ct,3400,5250,5200,3450,1,1,1,1,0,0,1,1
ct,3400,5100,5000,3500,1,1,1,1,0,0,1,1
ct,3400,4600,2700,5300,1,1,1,1,0,0,1,1
ct,3400,3700,1650,5450,1,1,1,1,1,0,1,1
ct,3400,3500,1750,5150,1,1,1,1,0,0,1,1
ct,3400,3550,1800,5150,1,1,1,1,0,0,1,1
ct,3400,5250,5250,3400,1,1,1,1,0,0,1,1
ct,3400,4950,4850,3500,1,1,1,1,0,0,1,1
t,1900,6550,6450,2000,0,0,0,0,0,0,1,1
t,1900,6100,4800,3200,1,1,1,1,0,0,1,1
t,1900,6250,4400,3750,1,1,1,1,0,0,1,1
t,1400,5100,4900,1600,0,0,0,0,0,0,0,1
ct,1900,5600,5600,1900,0,0,0,0,0,0,1,1
ct,1900,6400,5250,3050,1,1,1,0,0,0,1,1
t,1900,800,650,2050,0,0,0,0,0,0,1,1
ct,1900,800,650,2050,0,0,0,0,0,0,1,1
ct,1900,800,700,2000,0,0,0,0,0,0,1,1
t,1900,800,650,2050,0,0,0,0,0,0,1,1
ct,1900,800,650,2050,0,0,0,0,0,0,1,1
t,1900,800,650,2050,0,0,0,0,0,0,1,1
ct,1900,800,650,2050,0,0,0,0,0,0,1,1
t,1900,800,650,2050,0,0,0,0,0,0,1,1
t,1900,800,800,1900,0,0,0,0,0,0,1,1
ct,1900,800,650,2050,0,0,0,0,0,0,1,1
t,2400,2350,0,4750,1,1,1,1,0,0,1,1
ct,1400,3650,3550,1500,0,0,0,0,0,0,0,1
ct,1400,3600,3450,1550,0,0,0,0,0,0,0,1
t,2400,2050,0,4450,1,1,1,1,0,0,1,1
ct,1400,3950,3550,1800,0,0,0,0,0,0,1,1
t,2400,2050,0,4450,1,1,1,1,0,0,1,1
ct,1400,3950,3900,1450,0,0,0,0,0,0,0,1
t,2400,2050,0,4450,1,1,1,1,0,0,1,1
t,2400,1900,0,4300,1,1,1,1,0,0,1,1
ct,1400,4550,4500,1450,0,0,0,0,0,0,0,1
t,2900,5050,4800,3150,1,1,1,1,0,0,1,1
t,2900,4450,4300,3050,1,1,1,0,0,0,1,1
t,2900,4450,4400,2950,1,1,1,0,0,0,1,1
t,2900,4450,4400,2950,1,1,1,0,0,0,1,1
t,2900,4300,4200,3000,1,1,1,0,0,0,1,1
ct,1900,4500,4250,2150,0,0,0,0,0,0,1,1
t,1400,3650,3600,1450,0,0,0,0,0,0,0,1
ct,1900,4400,4350,1950,0,0,0,0,0,0,1,1
t,1400,4650,4600,1450,0,0,0,0,0,0,0,1
ct,2400,2850,700,4550,1,1,1,1,0,0,1,1
ct,2400,2350,300,4450,1,1,1,1,0,0,1,1
ct,2400,2600,500,4500,1,1,1,1,0,0,1,1
t,1400,5750,5100,2050,0,0,0,0,0,0,1,1
ct,2400,2150,500,4050,1,1,1,1,0,0,1,1
t,1900,1750,1650,2000,0,0,0,0,0,0,1,1
ct,1400,6250,5200,2450,1,0,0,0,0,0,1,1
ct,1400,5250,4500,2150,0,0,0,0,0,0,1,1
t,1900,2750,2750,1900,0,0,0,0,0,0,1,1
ct,1400,6200,5400,2200,0,0,0,0,0,0,1,1
t,1900,1650,1650,1900,0,0,0,0,0,0,1,1
t,2400,2300,0,4700,1,1,1,1,0,0,1,1
t,2400,1900,0,4300,1,1,1,1,0,0,1,1
t,2400,1950,0,4350,1,1,1,1,0,0,1,1
t,2400,1900,0,4300,1,1,1,1,0,0,1,1
t,2400,2000,0,4400,1,1,1,1,0,0,1,1
ct,1400,6950,2850,5500,1,1,1,1,1,0,1,1
t,2900,4700,4600,3000,1,1,1,0,0,0,1,1
t,2900,4600,4500,3000,1,1,1,0,0,0,1,1
t,2900,4350,4200,3050,1,1,1,0,0,0,1,1
t,2900,4300,4200,3000,1,1,1,0,0,0,1,1
t,2900,4400,4300,3000,1,1,1,0,0,0,1,1
ct,1400,9400,4850,5950,1,1,1,1,1,1,1,1
ct,1400,9400,5600,5200,1,1,1,1,0,0,1,1
t,3400,3050,1450,5000,1,1,1,1,0,0,1,1
ct,1400,12300,7450,6250,1,1,1,1,1,1,1,1
t,3400,3000,1650,4750,1,1,1,1,0,0,1,1
t,3400,3300,1950,4750,1,1,1,1,0,0,1,1
t,3400,3800,3800,3400,1,1,1,1,0,0,1,1
ct,1400,13550,5600,9350,1,1,1,1,1,1,1,1
t,3400,5000,4800,3600,1,1,1,1,0,0,1,1
t,3400,4750,4700,3450,1,1,1,1,0,0,1,1
t,3400,4750,4700,3450,1,1,1,1,0,0,1,1
ct,1900,13700,5200,10400,1,1,1,1,1,1,1,1
ct,1900,8500,5600,4800,1,1,1,1,0,0,1,1
ct,1900,9550,5600,5850,1,1,1,1,1,0,1,1
t,1400,3750,3700,1450,0,0,0,0,0,0,0,1
t,1400,3300,3300,1400,0,0,0,0,0,0,0,1
t,1400,3600,3600,1400,0,0,0,0,0,0,0,1
ct,1900,11400,5600,7700,1,1,1,1,1,1,1,1
ct,2400,5600,5600,2400,0,0,0,0,0,0,1,1
t,1400,4300,3800,1900,0,0,0,0,0,0,1,1
ct,2400,6050,5800,2650,1,0,0,0,0,0,1,1
t,1400,3900,3600,1700,0,0,0,0,0,0,1,1
t,1400,3250,3150,1500,0,0,0,0,0,0,0,1
ct,1900,800,650,2050,0,0,0,0,0,0,1,1
ct,1900,800,650,2050,0,0,0,0,0,0,1,1
ct,1900,800,650,2050,0,0,0,0,0,0,1,1
ct,1900,800,800,1900,0,0,0,0,0,0,1,1
ct,1900,800,650,2050,0,0,0,0,0,0,1,1
ct,1400,4200,4200,1400,0,0,0,0,0,0,0,1
t,2400,2650,2500,2550,1,0,0,0,0,0,1,1
t,2400,2650,2300,2750,1,0,0,0,0,0,1,1
ct,1400,4500,4250,1650,0,0,0,0,0,0,0,1
t,2400,2650,2500,2550,1,0,0,0,0,0,1,1
ct,1400,4500,4500,1400,0,0,0,0,0,0,0,1
t,2400,2500,1700,3200,1,1,1,1,0,0,1,1
ct,1400,3750,3750,1400,0,0,0,0,0,0,0,1
ct,1400,4200,4050,1550,0,0,0,0,0,0,0,1
t,2400,3500,3500,2400,0,0,0,0,0,0,1,1
t,2900,3750,3700,2950,1,1,1,0,0,0,1,1
t,2900,3350,3250,3000,1,1,1,0,0,0,1,1
t,2900,3150,3150,2900,1,1,0,0,0,0,1,1
ct,1400,4050,3900,1550,0,0,0,0,0,0,0,1
t,2900,3300,3200,3000,1,1,1,0,0,0,1,1
t,2900,3300,3300,2900,1,1,0,0,0,0,1,1
t,3400,2950,1650,4700,1,1,1,1,0,0,1,1
t,3400,3000,300,6100,1,1,1,1,1,1,1,1
t,3400,2900,900,5400,1,1,1,1,1,0,1,1
t,3400,2900,1450,4850,1,1,1,1,0,0,1,1
t,3400,5300,4900,3800,1,1,1,1,0,0,1,1
ct,1400,8700,5250,4850,1,1,1,1,0,0,1,1
t,3400,6600,4900,5100,1,1,1,1,0,0,1,1
ct,1400,6600,5600,2400,0,0,0,0,0,0,1,1
ct,1400,7300,5200,3500,1,1,1,1,0,0,1,1
t,3400,6050,4800,4650,1,1,1,1,0,0,1,1
t,1400,3700,2750,2350,0,0,0,0,0,0,1,1
ct,1900,5000,4850,2050,0,0,0,0,0,0,1,1
t,1400,4950,4600,1750,0,0,0,0,0,0,1,1
ct,1900,2550,2550,1900,0,0,0,0,0,0,1,1
ct,1900,4250,4150,2000,0,0,0,0,0,0,1,1
ct,1900,4350,4350,1900,0,0,0,0,0,0,1,1
ct,2400,2250,0,4650,1,1,1,1,0,0,1,1
t,1400,4800,4700,1500,0,0,0,0,0,0,0,1
ct,2400,2200,0,4600,1,1,1,1,0,0,1,1
ct,2400,2050,0,4450,1,1,1,1,0,0,1,1
ct,2400,2050,0,4450,1,1,1,1,0,0,1,1
ct,2900,4700,4650,2950,1,1,1,0,0,0,1,1
ct,2900,4950,4850,3000,1,1,1,0,0,0,1,1
ct,2900,4500,4350,3050,1,1,1,0,0,0,1,1
ct,2900,5000,4850,3050,1,1,1,0,0,0,1,1
ct,2900,4500,4350,3050,1,1,1,0,0,0,1,1
t,1900,6350,4700,3550,1,1,1,1,0,0,1,1
ct,1900,4850,4850,1900,0,0,0,0,0,0,1,1
t,1400,5500,4900,2000,0,0,0,0,0,0,1,1
t,1400,5300,4800,1900,0,0,0,0,0,0,1,1
ct,1900,3550,3400,2050,0,0,0,0,0,0,1,1
t,1400,4900,4900,1400,0,0,0,0,0,0,0,1
ct,1900,2150,2000,2050,0,0,0,0,0,0,1,1
ct,1900,4550,4500,1950,0,0,0,0,0,0,1,1
ct,1900,800,650,2050,0,0,0,0,0,0,1,1
t,1900,800,700,2000,0,0,0,0,0,0,1,1
t,1900,800,650,2050,0,0,0,0,0,0,1,1
t,1900,800,650,2050,0,0,0,0,0,0,1,1
ct,1900,800,800,1900,0,0,0,0,0,0,1,1
t,1900,800,650,2050,0,0,0,0,0,0,1,1
ct,1900,800,650,2050,0,0,0,0,0,0,1,1
ct,1900,800,650,2050,0,0,0,0,0,0,1,1
ct,1900,800,650,2050,0,0,0,0,0,0,1,1
t,1900,800,700,2000,0,0,0,0,0,0,1,1
ct,2400,2100,2100,2400,0,0,0,0,0,0,1,1
t,1400,4200,3700,1900,0,0,0,0,0,0,1,1
ct,2400,2250,2200,2450,1,0,0,0,0,0,1,1
ct,2400,2100,2100,2400,0,0,0,0,0,0,1,1
ct,2400,2100,2000,2500,1,0,0,0,0,0,1,1
t,1400,3600,3500,1500,0,0,0,0,0,0,0,1
ct,2900,2500,950,4450,1,1,1,1,0,0,1,1
t,1400,3550,3150,1800,0,0,0,0,0,0,1,1
ct,2900,2450,300,5050,1,1,1,1,0,0,1,1
ct,3400,5400,5200,3600,1,1,1,1,0,0,1,1
t,1400,6450,4800,3050,1,1,1,0,0,0,1,1
t,1400,6250,4800,2850,1,1,0,0,0,0,1,1
ct,3400,4400,4400,3400,1,1,1,1,0,0,1,1
ct,3400,5900,5900,3400,1,1,1,1,0,0,1,1
ct,3400,4900,4900,3400,1,1,1,1,0,0,1,1
t,1900,2850,2800,1950,0,0,0,0,0,0,1,1
t,2400,2850,300,4950,1,1,1,1,0,0,1,1
t,2400,2850,700,4550,1,1,1,1,0,0,1,1
t,2400,3650,950,5100,1,1,1,1,0,0,1,1
t,2400,2600,300,4700,1,1,1,1,0,0,1,1
ct,1400,8100,5600,3900,1,1,1,1,0,0,1,1
t,2900,5350,4800,3450,1,1,1,1,0,0,1,1
t,2900,5250,4800,3350,1,1,1,1,0,0,1,1
t,2900,4550,4400,3050,1,1,1,0,0,0,1,1
ct,1400,5600,5200,1800,0,0,0,0,0,0,1,1
t,2900,4700,4600,3000,1,1,1,0,0,0,1,1
ct,1400,6250,5600,2050,0,0,0,0,0,0,1,1
t,3400,4050,2600,4850,1,1,1,1,0,0,1,1
t,3400,3950,2200,5150,1,1,1,1,0,0,1,1
t,3400,4250,1650,6000,1,1,1,1,1,1,1,1
t,3400,4600,3350,4650,1,1,1,1,0,0,1,1
ct,1400,7350,5600,3150,1,1,1,1,0,0,1,1
t,3400,3600,2050,4950,1,1,1,1,0,0,1,1
t,3400,5150,4800,3750,1,1,1,1,0,0,1,1
t,3400,6000,5900,3500,1,1,1,1,0,0,1,1
t,3400,4650,4600,3450,1,1,1,1,0,0,1,1
t,3400,4950,4800,3550,1,1,1,1,0,0,1,1
t,3400,3450,1850,5000,1,1,1,1,0,0,1,1
t,3400,3500,1000,5900,1,1,1,1,1,1,1,1
t,3400,3750,2450,4700,1,1,1,1,0,0,1,1
ct,1400,8250,5600,4050,1,1,1,1,0,0,1,1
t,3400,3850,2050,5200,1,1,1,1,0,0,1,1
t,3400,5000,4800,3600,1,1,1,1,0,0,1,1
t,3400,5600,4800,4200,1,1,1,1,0,0,1,1
t,3400,6100,6100,3400,1,1,1,1,0,0,1,1
ct,1400,14950,5600,10750,1,1,1,1,1,1,1,1
t,3400,5300,4800,3900,1,1,1,1,0,0,1,1
ct,1400,6150,5600,1950,0,0,0,0,0,0,1,1
ct,1400,14350,8150,7600,1,1,1,1,1,1,1,1
t,3400,5000,4800,3600,1,1,1,1,0,0,1,1
ct,1900,7600,5800,3700,1,1,1,1,0,0,1,1
ct,1900,10800,5600,7100,1,1,1,1,1,1,1,1
ct,1900,7750,7750,1900,0,0,0,0,0,0,1,1
t,1900,800,0,2700,1,0,0,0,0,0,1,1
t,1900,800,650,2050,0,0,0,0,0,0,1,1
t,1900,800,650,2050,0,0,0,0,0,0,1,1
t,1900,800,800,1900,0,0,0,0,0,0,1,1
t,1900,800,700,2000,0,0,0,0,0,0,1,1
t,2400,2700,0,5100,1,1,1,1,0,0,1,1
ct,1400,3500,3350,1550,0,0,0,0,0,0,0,1
ct,1400,3950,3950,1400,0,0,0,0,0,0,0,1
ct,1400,3950,3900,1450,0,0,0,0,0,0,0,1
t,2400,2050,0,4450,1,1,1,1,0,0,1,1
ct,1400,4550,4500,1450,0,0,0,0,0,0,0,1
t,2400,2050,0,4450,1,1,1,1,0,0,1,1
t,2400,1900,0,4300,1,1,1,1,0,0,1,1
t,2400,2600,700,4300,1,1,1,1,0,0,1,1
ct,1400,3600,1000,4000,1,1,1,1,0,0,1,1
t,2900,4700,4700,2900,1,1,0,0,0,0,1,1
t,2900,4450,4400,2950,1,1,1,0,0,0,1,1
t,2900,4450,4400,2950,1,1,1,0,0,0,1,1
t,2900,4300,4200,3000,1,1,1,0,0,0,1,1
t,2900,4300,4300,2900,1,1,0,0,0,0,1,1
ct,1900,1650,1650,1900,0,0,0,0,0,0,1,1
ct,1900,4100,4050,1950,0,0,0,0,0,0,1,1
ct,1900,4750,4700,1950,0,0,0,0,0,0,1,1
t,1400,3600,3500,1500,0,0,0,0,0,0,0,1
ct,1900,4450,4350,2000,0,0,0,0,0,0,1,1
t,1400,4250,4200,1450,0,0,0,0,0,0,0,1
t,1900,3050,700,4250,1,1,1,1,0,0,1,1
ct,1400,3800,3750,1450,0,0,0,0,0,0,0,1
ct,1400,4150,3950,1600,0,0,0,0,0,0,0,1
ct,1400,4150,4100,1450,0,0,0,0,0,0,0,1
t,1900,2300,700,3500,1,1,1,1,0,0,1,1
t,1900,1950,0,3850,1,1,1,1,0,0,1,1
t,1900,2050,0,3950,1,1,1,1,0,0,1,1
ct,1400,3550,3550,1400,0,0,0,0,0,0,0,1
t,2400,5050,4900,2550,1,0,0,0,0,0,1,1
t,2400,4300,4000,2700,1,0,0,0,0,0,1,1
t,2400,4300,4200,2500,1,0,0,0,0,0,1,1
t,2400,4350,3900,2850,1,1,0,0,0,0,1,1
t,2400,4450,4400,2450,1,0,0,0,0,0,1,1
t,2900,3050,1650,4300,1,1,1,1,0,0,1,1
t,2900,3200,1950,4150,1,1,1,1,0,0,1,1
t,2900,3000,1450,4450,1,1,1,1,0,0,1,1
t,2900,3350,0,6250,1,1,1,1,1,1,1,1
ct,1900,1800,1650,2050,0,0,0,0,0,0,1,1
ct,1900,4000,3950,1950,0,0,0,0,0,0,1,1
ct,1900,3350,3200,2050,0,0,0,0,0,0,1,1
ct,1900,4400,4350,1950,0,0,0,0,0,0,1,1
t,1900,5150,4900,2150,0,0,0,0,0,0,1,1
t,1900,2400,2400,1900,0,0,0,0,0,0,1,1
t,1900,6900,6850,1950,0,0,0,0,0,0,1,1
t,1900,5100,4900,2100,0,0,0,0,0,0,1,1
t,2400,3750,3700,2450,1,0,0,0,0,0,1,1
ct,1400,6000,5600,1800,0,0,0,0,0,0,1,1
t,2400,3800,3800,2400,0,0,0,0,0,0,1,1
t,2400,4000,3900,2500,1,0,0,0,0,0,1,1
t,2400,3850,3700,2550,1,0,0,0,0,0,1,1
t,2400,3500,3500,2400,0,0,0,0,0,0,1,1
t,1400,3850,3700,1550,0,0,0,0,0,0,0,1
ct,1900,5450,5000,2350,0,0,0,0,0,0,1,1
t,1400,3500,3500,1400,0,0,0,0,0,0,0,1
t,1400,3600,3150,1850,0,0,0,0,0,0,1,1
t,1400,3950,3900,1450,0,0,0,0,0,0,0,1
t,1400,3800,3700,1500,0,0,0,0,0,0,0,1
ct,1900,800,650,2050,0,0,0,0,0,0,1,1
ct,1900,800,650,2050,0,0,0,0,0,0,1,1
ct,1900,800,800,1900,0,0,0,0,0,0,1,1
ct,1900,800,650,2050,0,0,0,0,0,0,1,1
ct,1900,800,800,1900,0,0,0,0,0,0,1,1
t,1900,800,650,2050,0,0,0,0,0,0,1,1
t,1900,800,650,2050,0,0,0,0,0,0,1,1
t,1900,800,700,2000,0,0,0,0,0,0,1,1
t,1900,800,0,2700,1,0,0,0,0,0,1,1
t,1900,800,650,2050,0,0,0,0,0,0,1,1
ct,1400,3900,2400,2900,1,1,0,0,0,0,1,1
ct,1400,4800,4700,1500,0,0,0,0,0,0,0,1
ct,1400,4050,3900,1550,0,0,0,0,0,0,0,1
ct,1400,4200,4200,1400,0,0,0,0,0,0,0,1
ct,1400,4050,3900,1550,0,0,0,0,0,0,0,1
t,2400,2650,2400,2650,1,0,0,0,0,0,1,1
t,2400,2650,2650,2400,0,0,0,0,0,0,1,1
t,2400,2900,2800,2500,1,0,0,0,0,0,1,1
t,2400,2650,2450,2600,1,0,0,0,0,0,1,1
t,2400,2950,2800,2550,1,0,0,0,0,0,1,1
ct,1400,5100,5000,1500,0,0,0,0,0,0,0,1
t,2900,3350,1150,5100,1,1,1,1,0,0,1,1
t,2900,3600,700,5800,1,1,1,1,1,0,1,1
t,2900,3100,650,5350,1,1,1,1,0,0,1,1
t,2900,3300,700,5500,1,1,1,1,1,0,1,1
t,2900,3150,0,6050,1,1,1,1,1,1,1,1
t,3400,5100,4800,3700,1,1,1,1,0,0,1,1
t,3400,5800,4900,4300,1,1,1,1,0,0,1,1
t,3400,4800,4800,3400,1,1,1,1,0,0,1,1
t,3400,5900,4900,4400,1,1,1,1,0,0,1,1
t,3400,6050,4800,4650,1,1,1,1,0,0,1,1
ct,1900,1450,1450,1900,0,0,0,0,0,0,1,1
ct,1900,5000,4850,2050,0,0,0,0,0,0,1,1
t,1400,5050,4800,1650,0,0,0,0,0,0,0,1
ct,2400,2500,0,4900,1,1,1,1,0,0,1,1
ct,2400,2100,0,4500,1,1,1,1,0,0,1,1
ct,2400,2100,0,4500,1,1,1,1,0,0,1,1
ct,2400,3150,0,5550,1,1,1,1,1,0,1,1
ct,2400,2350,700,4050,1,1,1,1,0,0,1,1
t,1400,6150,4400,3150,1,1,1,1,0,0,1,1
t,1400,6350,4800,2950,1,1,1,0,0,0,1,1
t,1400,7750,2550,6600,1,1,1,1,1,1,1,1
ct,2900,4650,4650,2900,1,1,0,0,0,0,1,1
ct,2900,5250,5250,2900,1,1,0,0,0,0,1,1
ct,2900,4500,4350,3050,1,1,1,0,0,0,1,1
t,1400,5000,4000,2400,0,0,0,0,0,0,1,1
t,1400,8600,4900,5100,1,1,1,1,0,0,1,1
t,1400,8450,4000,5850,1,1,1,1,1,0,1,1
ct,1400,3550,3550,1400,0,0,0,0,0,0,0,1
ct,1400,3750,3750,1400,0,0,0,0,0,0,0,1
t,1900,5100,4400,2600,1,0,0,0,0,0,1,1
t,1900,7300,4800,4400,1,1,1,1,0,0,1,1
t,1900,6150,4900,3150,1,1,1,1,0,0,1,1
t,1900,6850,6850,1900,0,0,0,0,0,0,1,1
t,2400,2800,2800,2400,0,0,0,0,0,0,1,1
t,2900,2400,950,4350,1,1,1,1,0,0,1,1
t,2900,2500,2500,2900,1,1,0,0,0,0,1,1
ct,1400,4600,4550,1450,0,0,0,0,0,0,0,1
t,3400,3850,1000,6250,1,1,1,1,1,1,1,1
t,3400,2900,1150,5150,1,1,1,1,0,0,1,1
t,3400,3050,0,6450,1,1,1,1,1,1,1,1
t,3400,3100,0,6500,1,1,1,1,1,1,1,1
ct,1400,5650,5600,1450,0,0,0,0,0,0,0,1
t,3400,6050,5100,4350,1,1,1,1,0,0,1,1
t,3400,5950,4900,4450,1,1,1,1,0,0,1,1
t,3400,6050,4800,4650,1,1,1,1,0,0,1,1
t,3400,6350,5600,4150,1,1,1,1,0,0,1,1
t,3400,7100,6850,3650,1,1,1,1,0,0,1,1
ct,1900,800,650,2050,0,0,0,0,0,0,1,1
ct,1900,800,650,2050,0,0,0,0,0,0,1,1
ct,1900,800,800,1900,0,0,0,0,0,0,1,1
ct,1900,800,650,2050,0,0,0,0,0,0,1,1
ct,1900,800,650,2050,0,0,0,0,0,0,1,1
t,1400,3250,3100,1550,0,0,0,0,0,0,0,1
t,1400,3700,3700,1400,0,0,0,0,0,0,0,1
t,1400,3700,3650,1450,0,0,0,0,0,0,0,1
ct,2400,2100,1950,2550,1,0,0,0,0,0,1,1
ct,2400,1950,1950,2400,0,0,0,0,0,0,1,1
ct,2400,2100,2050,2450,1,0,0,0,0,0,1,1
ct,2400,2100,2000,2500,1,0,0,0,0,0,1,1
t,1900,2600,2600,1900,0,0,0,0,0,0,1,1
t,1900,2000,2000,1900,0,0,0,0,0,0,1,1
t,1900,2350,2300,1950,0,0,0,0,0,0,1,1
ct,1400,4800,4750,1450,0,0,0,0,0,0,0,1
ct,1400,3750,3600,1550,0,0,0,0,0,0,0,1
ct,1400,4100,3550,1950,0,0,0,0,0,0,1,1
ct,1400,4150,4100,1450,0,0,0,0,0,0,0,1
t,2400,2250,0,4650,1,1,1,1,0,0,1,1
t,2400,1900,0,4300,1,1,1,1,0,0,1,1
t,2400,1900,0,4300,1,1,1,1,0,0,1,1
t,2400,1950,0,4350,1,1,1,1,0,0,1,1
ct,1400,5250,4900,1750,0,0,0,0,0,0,1,1
ct,1400,3550,2250,2700,1,0,0,0,0,0,1,1
t,2900,4950,4800,3050,1,1,1,0,0,0,1,1
t,2900,4300,4250,2950,1,1,1,0,0,0,1,1
t,2900,4600,4600,2900,1,1,0,0,0,0,1,1
t,2900,4350,4300,2950,1,1,1,0,0,0,1,1
t,2900,4200,4200,2900,1,1,0,0,0,0,1,1
ct,1900,5250,5250,1900,0,0,0,0,0,0,1,1
t,1900,4050,4050,1900,0,0,0,0,0,0,1,1
t,1900,4450,4400,1950,0,0,0,0,0,0,1,1
t,1900,6700,4800,3800,1,1,1,1,0,0,1,1
t,2400,1900,0,4300,1,1,1,1,0,0,1,1
t,2400,1950,0,4350,1,1,1,1,0,0,1,1
t,2400,2850,700,4550,1,1,1,1,0,0,1,1
t,2400,3800,3700,2500,1,0,0,0,0,0,1,1
ct,1400,5800,5800,1400,0,0,0,0,0,0,0,1
t,2900,4300,4050,3150,1,1,1,1,0,0,1,1
t,2900,4350,4350,2900,1,1,0,0,0,0,1,1
t,2900,4550,4500,2950,1,1,1,0,0,0,1,1
t,2900,4050,4000,2950,1,1,1,0,0,0,1,1
t,2900,2500,2350,3050,1,1,1,0,0,0,1,1
ct,1900,800,650,2050,0,0,0,0,0,0,1,1
ct,1900,800,650,2050,0,0,0,0,0,0,1,1
t,1900,800,650,2050,0,0,0,0,0,0,1,1
ct,1900,800,700,2000,0,0,0,0,0,0,1,1
ct,1900,800,650,2050,0,0,0,0,0,0,1,1
t,1900,800,650,2050,0,0,0,0,0,0,1,1
t,1900,800,800,1900,0,0,0,0,0,0,1,1
t,1900,800,800,1900,0,0,0,0,0,0,1,1
t,1900,800,650,2050,0,0,0,0,0,0,1,1
ct,1900,800,650,2050,0,0,0,0,0,0,1,1
ct,2400,2450,2200,2650,1,0,0,0,0,0,1,1
t,1400,3700,3150,1950,0,0,0,0,0,0,1,1
ct,2400,2100,2100,2400,0,0,0,0,0,0,1,1
ct,2400,2150,2000,2550,1,0,0,0,0,0,1,1
t,1400,4300,4200,1500,0,0,0,0,0,0,0,1
t,1400,3250,3100,1550,0,0,0,0,0,0,0,1
t,1400,3550,3500,1450,0,0,0,0,0,0,0,1
t,1400,3700,3600,1500,0,0,0,0,0,0,0,1
ct,2400,2150,1350,3200,1,1,1,1,0,0,1,1
ct,2900,3800,1650,5050,1,1,1,1,0,0,1,1
ct,2900,3000,300,5600,1,1,1,1,1,0,1,1
ct,2900,2550,0,5450,1,1,1,1,1,0,1,1
t,1400,3600,2750,2250,0,0,0,0,0,0,1,1
ct,2900,3350,0,6250,1,1,1,1,1,1,1,1
ct,1400,6500,5400,2500,1,0,0,0,0,0,1,1
ct,1400,6350,5600,2150,0,0,0,0,0,0,1,1
ct,1400,6200,5600,2000,0,0,0,0,0,0,1,1
t,1900,2250,1800,2350,0,0,0,0,0,0,1,1
t,1900,2950,2050,2800,1,1,0,0,0,0,1,1
t,1900,2650,1850,2700,1,0,0,0,0,0,1,1
t,1900,3300,3100,2100,0,0,0,0,0,0,1,1
ct,1400,5150,5000,1550,0,0,0,0,0,0,0,1
t,2400,2050,0,4450,1,1,1,1,0,0,1,1
t,2400,2050,0,4450,1,1,1,1,0,0,1,1
t,2400,2100,0,4500,1,1,1,1,0,0,1,1
ct,1400,8000,7050,2350,0,0,0,0,0,0,1,1
ct,1400,6550,5200,2750,1,0,0,0,0,0,1,1
t,2900,5150,4900,3150,1,1,1,1,0,0,1,1
t,2900,4700,4600,3000,1,1,1,0,0,0,1,1
t,2900,5100,4700,3300,1,1,1,1,0,0,1,1
ct,1400,5600,5600,1400,0,0,0,0,0,0,0,1
t,3400,3050,1850,4600,1,1,1,1,0,0,1,1
ct,1400,7850,5600,3650,1,1,1,1,0,0,1,1
t,3400,3150,1800,4750,1,1,1,1,0,0,1,1
t,3400,3200,2000,4600,1,1,1,1,0,0,1,1
t,3400,3300,2000,4700,1,1,1,1,0,0,1,1
ct,1900,5200,5200,1900,0,0,0,0,0,0,1,1
t,1400,5150,5150,1400,0,0,0,0,0,0,0,1
ct,1900,5600,5600,1900,0,0,0,0,0,0,1,1
t,1400,5450,4800,2050,0,0,0,0,0,0,1,1
ct,2900,2800,1150,4550,1,1,1,1,0,0,1,1
ct,2900,3250,1450,4700,1,1,1,1,0,0,1,1
ct,2900,3450,0,6350,1,1,1,1,1,1,1,1
ct,3400,5500,5200,3700,1,1,1,1,0,0,1,1
ct,3400,4650,4650,3400,1,1,1,1,0,0,1,1
ct,3400,5400,5200,3600,1,1,1,1,0,0,1,1
t,1400,11100,4900,7600,1,1,1,1,1,1,1,1
ct,3400,6450,6200,3650,1,1,1,1,0,0,1,1
t,1900,9050,4800,6150,1,1,1,1,1,1,1,1
t,1900,6000,5400,2500,1,0,0,0,0,0,1,1
t,1900,800,650,2050,0,0,0,0,0,0,1,1
t,1900,800,700,2000,0,0,0,0,0,0,1,1
t,1900,800,800,1900,0,0,0,0,0,0,1,1
t,1900,800,650,2050,0,0,0,0,0,0,1,1
t,1900,800,650,2050,0,0,0,0,0,0,1,1
t,2400,2650,2600,2450,1,0,0,0,0,0,1,1
t,2400,3200,3100,2500,1,0,0,0,0,0,1,1
ct,1400,3900,3550,1750,0,0,0,0,0,0,1,1
t,2400,3550,3400,2550,1,0,0,0,0,0,1,1
ct,1400,3900,3750,1550,0,0,0,0,0,0,0,1
ct,1400,4500,4500,1400,0,0,0,0,0,0,0,1
ct,1400,5100,5050,1450,0,0,0,0,0,0,0,1
ct,1400,3900,3900,1400,0,0,0,0,0,0,0,1
t,2400,2650,2600,2450,1,0,0,0,0,0,1,1
t,2900,2750,700,4950,1,1,1,1,0,0,1,1
t,2900,2500,700,4700,1,1,1,1,0,0,1,1
t,2900,2500,700,4700,1,1,1,1,0,0,1,1
t,2900,2850,700,5050,1,1,1,1,0,0,1,1
ct,1400,3800,2400,2800,1,1,0,0,0,0,1,1
t,2900,2450,700,4650,1,1,1,1,0,0,1,1
t,3400,4950,4600,3750,1,1,1,1,0,0,1,1
t,3400,4700,4600,3500,1,1,1,1,0,0,1,1
t,3400,4700,4600,3500,1,1,1,1,0,0,1,1
t,3400,5050,4900,3550,1,1,1,1,0,0,1,1
t,3400,4650,4600,3450,1,1,1,1,0,0,1,1
t,3400,4050,2500,4950,1,1,1,1,0,0,1,1
t,3400,4100,3700,3800,1,1,1,1,0,0,1,1
ct,1400,8150,5200,4350,1,1,1,1,0,0,1,1
t,3400,3550,1950,5000,1,1,1,1,0,0,1,1
ct,1400,7750,7450,1700,0,0,0,0,0,0,1,1
ct,1400,9800,5600,5600,1,1,1,1,1,0,1,1
t,3400,3450,0,6850,1,1,1,1,1,1,1,1
t,3400,5250,4900,3750,1,1,1,1,0,0,1,1
t,3400,3800,3700,3500,1,1,1,1,0,0,1,1
t,3400,4900,4800,3500,1,1,1,1,0,0,1,1
ct,1400,12600,3600,10400,1,1,1,1,1,1,1,1
t,3400,6850,6850,3400,1,1,1,1,0,0,1,1
ct,1900,800,650,2050,0,0,0,0,0,0,1,1
ct,1900,800,650,2050,0,0,0,0,0,0,1,1
ct,1900,800,650,2050,0,0,0,0,0,0,1,1
t,1900,800,650,2050,0,0,0,0,0,0,1,1
t,1900,800,650,2050,0,0,0,0,0,0,1,1
t,1900,800,700,2000,0,0,0,0,0,0,1,1
ct,1900,800,650,2050,0,0,0,0,0,0,1,1
t,1900,800,800,1900,0,0,0,0,0,0,1,1
ct,1900,800,800,1900,0,0,0,0,0,0,1,1
t,1900,800,650,2050,0,0,0,0,0,0,1,1
ct,1400,3950,3850,1500,0,0,0,0,0,0,0,1
ct,1400,3650,3300,1750,0,0,0,0,0,0,1,1
ct,1400,4550,4500,1450,0,0,0,0,0,0,0,1
t,2400,2050,0,4450,1,1,1,1,0,0,1,1
t,2400,2050,50,4400,1,1,1,1,0,0,1,1
t,2400,2000,0,4400,1,1,1,1,0,0,1,1
t,2400,1900,0,4300,1,1,1,1,0,0,1,1
t,2400,2050,0,4450,1,1,1,1,0,0,1,1
ct,1400,4200,4150,1450,0,0,0,0,0,0,0,1
t,2900,4450,4400,2950,1,1,1,0,0,0,1,1
t,2900,5000,4900,3000,1,1,1,0,0,0,1,1
t,2900,4400,4400,2900,1,1,0,0,0,0,1,1
t,2900,4300,4200,3000,1,1,1,0,0,0,1,1
t,2900,4750,4600,3050,1,1,1,0,0,0,1,1
ct,1900,3000,2900,2000,0,0,0,0,0,0,1,1
ct,1900,1500,1450,1950,0,0,0,0,0,0,1,1
t,1400,3900,3900,1400,0,0,0,0,0,0,0,1
ct,1900,1600,950,2550,1,0,0,0,0,0,1,1
t,1900,4550,4400,2050,0,0,0,0,0,0,1,1
t,1900,2800,2750,1950,0,0,0,0,0,0,1,1
ct,1400,4100,4050,1450,0,0,0,0,0,0,0,1
t,1900,4750,4600,2050,0,0,0,0,0,0,1,1
t,1900,5050,4900,2050,0,0,0,0,0,0,1,1
t,1900,4300,4200,2000,0,0,0,0,0,0,1,1
t,1900,4500,4400,2000,0,0,0,0,0,0,1,1
t,1900,5300,4800,2400,0,0,0,0,0,0,1,1
t,1900,4550,4400,2050,0,0,0,0,0,0,1,1
ct,1900,4750,4650,2000,0,0,0,0,0,0,1,1
t,1400,3650,3500,1550,0,0,0,0,0,0,0,1
t,1400,3900,3450,1850,0,0,0,0,0,0,1,1
t,1400,3900,3850,1450,0,0,0,0,0,0,0,1
ct,1900,3000,2900,2000,0,0,0,0,0,0,1,1
t,1400,6100,4800,2700,1,0,0,0,0,0,1,1
t,1400,3650,3500,1550,0,0,0,0,0,0,0,1
ct,1400,4250,4200,1450,0,0,0,0,0,0,0,1
t,1900,1850,1700,2050,0,0,0,0,0,0,1,1
t,1900,1850,1800,1950,0,0,0,0,0,0,1,1
t,1900,1850,1700,2050,0,0,0,0,0,0,1,1
ct,1400,4500,3050,2850,1,1,0,0,0,0,1,1
t,2400,2050,0,4450,1,1,1,1,0,0,1,1
t,2400,2250,0,4650,1,1,1,1,0,0,1,1
t,2400,2400,0,4800,1,1,1,1,0,0,1,1
t,2400,1900,0,4300,1,1,1,1,0,0,1,1
t,2400,2350,0,4750,1,1,1,1,0,0,1,1
t,2900,4450,4400,2950,1,1,1,0,0,0,1,1
t,2900,4650,4600,2950,1,1,1,0,0,0,1,1
t,2900,4800,4800,2900,1,1,0,0,0,0,1,1
t,2900,4300,3900,3300,1,1,1,1,0,0,1,1
t,2900,4750,4600,3050,1,1,1,0,0,0,1,1
ct,1900,6500,6300,2100,0,0,0,0,0,0,1,1
t,1400,3850,3800,1450,0,0,0,0,0,0,0,1
t,1400,3500,3500,1400,0,0,0,0,0,0,0,1
ct,1900,10050,5600,6350,1,1,1,1,1,1,1,1
t,1400,4250,4200,1450,0,0,0,0,0,0,0,1
t,1900,800,650,2050,0,0,0,0,0,0,1,1
t,1900,800,650,2050,0,0,0,0,0,0,1,1
t,1900,800,700,2000,0,0,0,0,0,0,1,1
t,1900,800,650,2050,0,0,0,0,0,0,1,1
t,1900,800,800,1900,0,0,0,0,0,0,1,1
t,2400,2350,2350,2400,0,0,0,0,0,0,1,1
t,2400,2350,2200,2550,1,0,0,0,0,0,1,1
ct,1400,3950,3950,1400,0,0,0,0,0,0,0,1
ct,1400,4250,4200,1450,0,0,0,0,0,0,0,1
ct,1400,3650,3550,1500,0,0,0,0,0,0,0,1
t,2400,2050,2000,2450,1,0,0,0,0,0,1,1
ct,1400,3800,3350,1850,0,0,0,0,0,0,1,1
t,2400,1900,1850,2450,1,0,0,0,0,0,1,1
ct,1400,3950,3950,1400,0,0,0,0,0,0,0,1
t,2900,2400,300,5000,1,1,1,1,0,0,1,1
t,2900,2850,700,5050,1,1,1,1,0,0,1,1
t,2900,2500,700,4700,1,1,1,1,0,0,1,1
ct,1400,4200,2550,3050,1,1,1,0,0,0,1,1
t,2900,2450,300,5050,1,1,1,1,0,0,1,1
ct,1400,4550,4500,1450,0,0,0,0,0,0,0,1
t,2900,2750,700,4950,1,1,1,1,0,0,1,1
t,1400,5900,4200,3100,1,1,1,0,0,0,1,1
t,1400,5650,4600,2450,1,0,0,0,0,0,1,1
t,1400,5300,4800,1900,0,0,0,0,0,0,1,1
ct,1900,4750,4700,1950,0,0,0,0,0,0,1,1
ct,1900,4200,4150,1950,0,0,0,0,0,0,1,1
t,1400,5950,4900,2450,1,0,0,0,0,0,1,1
ct,1900,1700,1650,1950,0,0,0,0,0,0,1,1
t,1400,6450,6450,1400,0,0,0,0,0,0,0,1
ct,1900,4650,4500,2050,0,0,0,0,0,0,1,1
t,1400,5200,4900,1700,0,0,0,0,0,0,1,1
t,1400,4850,4700,1550,0,0,0,0,0,0,0,1
ct,2400,2450,0,4850,1,1,1,1,0,0,1,1
ct,2400,2150,0,4550,1,1,1,1,0,0,1,1
t,1400,4550,4400,1550,0,0,0,0,0,0,0,1
ct,2400,2450,0,4850,1,1,1,1,0,0,1,1
ct,2400,2550,0,4950,1,1,1,1,0,0,1,1
ct,2900,4850,4850,2900,1,1,0,0,0,0,1,1
ct,2900,4550,4550,2900,1,1,0,0,0,0,1,1
ct,2900,4950,4950,2900,1,1,0,0,0,0,1,1
ct,2900,4850,4850,2900,1,1,0,0,0,0,1,1
ct,2900,4950,4850,3000,1,1,1,0,0,0,1,1
t,1900,4950,4400,2450,1,0,0,0,0,0,1,1
t,1900,4850,4800,1950,0,0,0,0,0,0,1,1
t,1900,3400,3300,2000,0,0,0,0,0,0,1,1
t,1900,5750,4000,3650,1,1,1,1,0,0,1,1
t,2400,3050,700,4750,1,1,1,1,0,0,1,1
t,2400,1950,0,4350,1,1,1,1,0,0,1,1
ct,1400,5150,5000,1550,0,0,0,0,0,0,0,1
t,2400,2300,300,4400,1,1,1,1,0,0,1,1
t,2400,3250,0,5650,1,1,1,1,1,0,1,1
t,2900,5050,4800,3150,1,1,1,1,0,0,1,1
t,2900,5000,4600,3300,1,1,1,1,0,0,1,1
t,2900,4350,4200,3050,1,1,1,0,0,0,1,1
t,2900,4400,4400,2900,1,1,0,0,0,0,1,1
t,2900,5650,5600,2950,1,1,1,0,0,0,1,1
t,1400,3500,3500,1400,0,0,0,0,0,0,0,1
t,1400,4250,4200,1450,0,0,0,0,0,0,0,1
t,1400,3400,3300,1500,0,0,0,0,0,0,0,1
ct,1900,3600,3550,1950,0,0,0,0,0,0,1,1
ct,1900,3450,3400,1950,0,0,0,0,0,0,1,1
ct,1900,4500,4350,2050,0,0,0,0,0,0,1,1
t,1900,3700,3700,1900,0,0,0,0,0,0,1,1
t,1900,4450,4400,1950,0,0,0,0,0,0,1,1
t,1900,4500,4500,1900,0,0,0,0,0,0,1,1
t,1900,4850,4700,2050,0,0,0,0,0,0,1,1
ct,1900,800,650,2050,0,0,0,0,0,0,1,1
t,1900,800,650,2050,0,0,0,0,0,0,1,1
t,1900,800,650,2050,0,0,0,0,0,0,1,1
ct,1900,800,650,2050,0,0,0,0,0,0,1,1
ct,1900,800,800,1900,0,0,0,0,0,0,1,1
ct,1900,800,650,2050,0,0,0,0,0,0,1,1
ct,1900,800,700,2000,0,0,0,0,0,0,1,1
t,1900,800,700,2000,0,0,0,0,0,0,1,1
t,1900,800,650,2050,0,0,0,0,0,0,1,1
t,1900,800,700,2000,0,0,0,0,0,0,1,1
ct,1400,3950,3850,1500,0,0,0,0,0,0,0,1
t,2400,2050,1850,2600,1,0,0,0,0,0,1,1
t,2400,2050,2000,2450,1,0,0,0,0,0,1,1
ct,1400,3950,3900,1450,0,0,0,0,0,0,0,1
ct,1400,3500,3350,1550,0,0,0,0,0,0,0,1
ct,1400,4550,4400,1550,0,0,0,0,0,0,0,1
ct,1400,3600,3550,1450,0,0,0,0,0,0,0,1
t,2400,2050,2050,2400,0,0,0,0,0,0,1,1
t,2400,2300,2200,2500,1,0,0,0,0,0,1,1
t,2900,2600,700,4800,1,1,1,1,0,0,1,1
t,2900,2450,300,5050,1,1,1,1,0,0,1,1
t,2900,2500,700,4700,1,1,1,1,0,0,1,1
t,2900,2400,700,4600,1,1,1,1,0,0,1,1
t,2900,2500,300,5100,1,1,1,1,0,0,1,1
ct,1400,6900,5600,2700,1,0,0,0,0,0,1,1
t,3400,5400,4800,4000,1,1,1,1,0,0,1,1
t,3400,5050,4900,3550,1,1,1,1,0,0,1,1
ct,1400,6150,5200,2350,0,0,0,0,0,0,1,1
t,3400,4700,4600,3500,1,1,1,1,0,0,1,1
t,3400,4900,4800,3500,1,1,1,1,0,0,1,1
t,3400,5100,4900,3600,1,1,1,1,0,0,1,1
t,3400,3550,2000,4950,1,1,1,1,0,0,1,1
t,3400,3500,2050,4850,1,1,1,1,0,0,1,1
t,3400,3800,2350,4850,1,1,1,1,0,0,1,1
t,3400,3600,2050,4950,1,1,1,1,0,0,1,1
t,3400,5250,4800,3850,1,1,1,1,0,0,1,1
t,3400,4950,4800,3550,1,1,1,1,0,0,1,1
ct,1400,7550,5200,3750,1,1,1,1,0,0,1,1
t,3400,4850,4800,3450,1,1,1,1,0,0,1,1
t,3400,4950,4800,3550,1,1,1,1,0,0,1,1
t,3400,3850,2200,5050,1,1,1,1,0,0,1,1
t,3400,3850,2450,4800,1,1,1,1,0,0,1,1
t,3400,3450,1800,5050,1,1,1,1,0,0,1,1
t,3400,3550,1850,5100,1,1,1,1,0,0,1,1
t,3400,5350,4800,3950,1,1,1,1,0,0,1,1
t,3400,4800,4800,3400,1,1,1,1,0,0,1,1
t,3400,5050,4800,3650,1,1,1,1,0,0,1,1
t,3400,4850,4800,3450,1,1,1,1,0,0,1,1
ct,1400,16000,5600,11800,1,1,1,1,1,1,1,1
t,3400,3950,2500,4850,1,1,1,1,0,0,1,1
t,3400,3400,2000,4800,1,1,1,1,0,0,1,1
ct,1400,15750,6300,10850,1,1,1,1,1,1,1,1
ct,1400,12300,5600,8100,1,1,1,1,1,1,1,1
t,3400,3450,1800,5050,1,1,1,1,0,0,1,1
t,3400,3700,2200,4900,1,1,1,1,0,0,1,1
ct,1900,12300,5600,8600,1,1,1,1,1,1,1,1
t,1400,4700,4600,1500,0,0,0,0,0,0,0,1
t,1400,4950,4800,1550,0,0,0,0,0,0,0,1
ct,1900,10800,7050,5650,1,1,1,1,1,0,1,1
ct,1900,11050,5600,7350,1,1,1,1,1,1,1,1
ct,1900,9350,5600,5650,1,1,1,1,1,0,1,1
t,1400,4750,4600,1550,0,0,0,0,0,0,0,1
ct,1400,10500,5600,6300,1,1,1,1,1,1,1,1
t,1900,3000,1400,3500,1,1,1,1,0,0,1,1
t,1900,3050,1450,3500,1,1,1,1,0,0,1,1
ct,1400,7550,5600,3350,1,1,1,1,0,0,1,1
t,1900,3250,1650,3500,1,1,1,1,0,0,1,1
t,1900,3350,1650,3600,1,1,1,1,0,0,1,1
t,2400,5000,4900,2500,1,0,0,0,0,0,1,1
t,2400,4800,4800,2400,0,0,0,0,0,0,1,1
t,2400,5850,5700,2550,1,0,0,0,0,0,1,1
t,2400,5100,4800,2700,1,0,0,0,0,0,1,1
ct,1900,800,650,2050,0,0,0,0,0,0,1,1
ct,1900,800,650,2050,0,0,0,0,0,0,1,1
ct,1900,800,650,2050,0,0,0,0,0,0,1,1
ct,1900,800,650,2050,0,0,0,0,0,0,1,1
ct,1900,800,800,1900,0,0,0,0,0,0,1,1
t,1400,3400,3250,1550,0,0,0,0,0,0,0,1
ct,2400,2150,1950,2600,1,0,0,0,0,0,1,1
ct,2400,2150,1900,2650,1,0,0,0,0,0,1,1
t,1400,3400,3350,1450,0,0,0,0,0,0,0,1
t,1400,4600,4500,1500,0,0,0,0,0,0,0,1
t,1400,3350,3250,1500,0,0,0,0,0,0,0,1
t,1400,3850,3800,1450,0,0,0,0,0,0,0,1
ct,2400,2150,2150,2400,0,0,0,0,0,0,1,1
ct,2400,2750,2600,2550,1,0,0,0,0,0,1,1
ct,2400,2000,1950,2450,1,0,0,0,0,0,1,1
t,1900,800,800,1900,0,0,0,0,0,0,1,1
t,1900,800,650,2050,0,0,0,0,0,0,1,1
ct,1900,800,650,2050,0,0,0,0,0,0,1,1
t,1900,800,800,1900,0,0,0,0,0,0,1,1
ct,1900,800,650,2050,0,0,0,0,0,0,1,1
ct,1900,800,650,2050,0,0,0,0,0,0,1,1
t,1900,800,650,2050,0,0,0,0,0,0,1,1
t,1900,800,650,2050,0,0,0,0,0,0,1,1
ct,1900,800,650,2050,0,0,0,0,0,0,1,1
ct,1900,800,650,2050,0,0,0,0,0,0,1,1
t,2400,2500,0,4900,1,1,1,1,0,0,1,1
t,2400,2050,0,4450,1,1,1,1,0,0,1,1
ct,1400,3950,3950,1400,0,0,0,0,0,0,0,1
t,2400,2200,700,3900,1,1,1,1,0,0,1,1
ct,1400,3950,3900,1450,0,0,0,0,0,0,0,1
ct,1400,4250,4200,1450,0,0,0,0,0,0,0,1
t,2400,2350,700,4050,1,1,1,1,0,0,1,1
t,2400,2050,0,4450,1,1,1,1,0,0,1,1
ct,1400,3650,3550,1500,0,0,0,0,0,0,0,1
ct,1400,3950,3900,1450,0,0,0,0,0,0,0,1
t,2900,4900,4800,3000,1,1,1,0,0,0,1,1
t,2900,4450,4400,2950,1,1,1,0,0,0,1,1
t,2900,4500,4400,3000,1,1,1,0,0,0,1,1
t,2900,4050,4000,2950,1,1,1,0,0,0,1,1
t,2900,4150,4000,3050,1,1,1,0,0,0,1,1
ct,1900,1550,1450,2000,0,0,0,0,0,0,1,1
ct,1900,3300,2350,2850,1,1,0,0,0,0,1,1
ct,1900,2700,1150,3450,1,1,1,1,0,0,1,1
ct,1900,3800,3750,1950,0,0,0,0,0,0,1,1
ct,2400,2050,0,4450,1,1,1,1,0,0,1,1
ct,2400,2050,0,4450,1,1,1,1,0,0,1,1
ct,2400,3000,0,5400,1,1,1,1,1,0,1,1
ct,2400,2000,0,4400,1,1,1,1,0,0,1,1
ct,2900,4500,4150,3250,1,1,1,1,0,0,1,1
ct,2900,5050,5050,2900,1,1,0,0,0,0,1,1
ct,2900,4500,4350,3050,1,1,1,0,0,0,1,1
ct,2900,4750,4650,3000,1,1,1,0,0,0,1,1
t,1900,9700,6850,4750,1,1,1,1,0,0,1,1
t,1900,8650,4900,5650,1,1,1,1,1,0,1,1
ct,1400,4400,4150,1650,0,0,0,0,0,0,0,1
t,1900,5750,4800,2850,1,1,0,0,0,0,1,1
ct,1400,3750,3750,1400,0,0,0,0,0,0,0,1
t,1900,11250,4900,8250,1,1,1,1,1,1,1,1
t,1900,5400,4900,2400,0,0,0,0,0,0,1,1
ct,1900,2300,2050,2150,0,0,0,0,0,0,1,1
t,1400,4350,3250,2500,1,0,0,0,0,0,1,1
ct,1900,3550,3550,1900,0,0,0,0,0,0,1,1
t,1400,9850,4900,6350,1,1,1,1,1,1,1,1
ct,2400,2800,1150,4050,1,1,1,1,0,0,1,1
ct,2400,2700,300,4800,1,1,1,1,0,0,1,1
ct,2400,3750,3550,2600,1,0,0,0,0,0,1,1
ct,2900,4600,4550,2950,1,1,1,0,0,0,1,1
t,1400,6600,4800,3200,1,1,1,1,0,0,1,1
ct,2900,5350,5200,3050,1,1,1,0,0,0,1,1
ct,2900,4850,4850,2900,1,1,0,0,0,0,1,1
ct,3400,3900,2050,5250,1,1,1,1,0,0,1,1
ct,3400,3700,2350,4750,1,1,1,1,0,0,1,1
t,1400,11450,4900,7950,1,1,1,1,1,1,1,1
ct,3400,5500,2750,6150,1,1,1,1,1,1,1,1
ct,3400,5100,3550,4950,1,1,1,1,0,0,1,1
t,1400,13550,7150,7800,1,1,1,1,1,1,1,1
ct,3400,5950,5800,3550,1,1,1,1,0,0,1,1
ct,3400,5300,5250,3450,1,1,1,1,0,0,1,1
t,1400,10400,4900,6900,1,1,1,1,1,1,1,1
ct,3400,6250,6200,3450,1,1,1,1,0,0,1,1
ct,3400,5050,4850,3600,1,1,1,1,0,0,1,1
t,1900,800,700,2000,0,0,0,0,0,0,1,1
t,1900,800,650,2050,0,0,0,0,0,0,1,1
t,1900,800,650,2050,0,0,0,0,0,0,1,1
t,1900,800,700,2000,0,0,0,0,0,0,1,1
t,1900,800,650,2050,0,0,0,0,0,0,1,1
ct,1400,3950,3900,1450,0,0,0,0,0,0,0,1
ct,1400,3650,3550,1500,0,0,0,0,0,0,0,1
t,2400,2000,0,4400,1,1,1,1,0,0,1,1
ct,1400,3500,3250,1650,0,0,0,0,0,0,0,1
t,2400,2050,0,4450,1,1,1,1,0,0,1,1
t,2400,2050,0,4450,1,1,1,1,0,0,1,1
ct,1400,4550,4500,1450,0,0,0,0,0,0,0,1
ct,1400,3950,3900,1450,0,0,0,0,0,0,0,1
t,2400,2000,0,4400,1,1,1,1,0,0,1,1
t,2400,2650,0,5050,1,1,1,1,0,0,1,1
t,2900,4400,4400,2900,1,1,0,0,0,0,1,1
t,2900,4750,4600,3050,1,1,1,0,0,0,1,1
t,2900,4450,4400,2950,1,1,1,0,0,0,1,1
t,2900,4400,4400,2900,1,1,0,0,0,0,1,1
t,2900,5050,4800,3150,1,1,1,1,0,0,1,1
t,3400,2900,2600,3700,1,1,1,1,0,0,1,1
ct,1400,6150,5200,2350,0,0,0,0,0,0,1,1
t,3400,3050,2950,3500,1,1,1,1,0,0,1,1
t,3400,2950,2950,3400,1,1,1,1,0,0,1,1
t,3400,3150,2600,3950,1,1,1,1,0,0,1,1
t,1900,800,650,2050,0,0,0,0,0,0,1,1
ct,1900,800,800,1900,0,0,0,0,0,0,1,1
t,1900,800,650,2050,0,0,0,0,0,0,1,1
ct,1900,800,800,1900,0,0,0,0,0,0,1,1
ct,1900,800,650,2050,0,0,0,0,0,0,1,1
t,1900,800,700,2000,0,0,0,0,0,0,1,1
ct,1900,800,650,2050,0,0,0,0,0,0,1,1
t,1900,800,800,1900,0,0,0,0,0,0,1,1
ct,1900,800,650,2050,0,0,0,0,0,0,1,1
t,1900,800,650,2050,0,0,0,0,0,0,1,1
t,2400,2650,2600,2450,1,0,0,0,0,0,1,1
ct,1400,4050,3900,1550,0,0,0,0,0,0,0,1
t,2400,2650,2600,2450,1,0,0,0,0,0,1,1
ct,1400,4050,3550,1900,0,0,0,0,0,0,1,1
ct,1400,3900,3900,1400,0,0,0,0,0,0,0,1
t,2400,3200,3100,2500,1,0,0,0,0,0,1,1
ct,1400,5100,5000,1500,0,0,0,0,0,0,0,1
t,2400,2800,1800,3400,1,1,1,1,0,0,1,1
ct,1400,3900,3550,1750,0,0,0,0,0,0,1,1
t,2400,3250,3100,2550,1,0,0,0,0,0,1,1
t,2900,2450,300,5050,1,1,1,1,0,0,1,1
t,2900,2450,700,4650,1,1,1,1,0,0,1,1
t,2900,2500,600,4800,1,1,1,1,0,0,1,1
t,2900,3400,300,6000,1,1,1,1,1,1,1,1
t,3400,4950,4800,3550,1,1,1,1,0,0,1,1
t,3400,5850,4800,4450,1,1,1,1,0,0,1,1
t,3400,5400,4800,4000,1,1,1,1,0,0,1,1
t,3400,6900,4800,5500,1,1,1,1,1,0,1,1
t,3400,5650,4700,4350,1,1,1,1,0,0,1,1
t,3400,3550,3500,3450,1,1,1,1,0,0,1,1
t,3400,4450,4400,3450,1,1,1,1,0,0,1,1
t,3400,5500,4800,4100,1,1,1,1,0,0,1,1
t,3400,4350,4300,3450,1,1,1,1,0,0,1,1
t,3400,4350,4200,3550,1,1,1,1,0,0,1,1
ct,1400,9750,5600,5550,1,1,1,1,1,0,1,1
t,3400,4050,4000,3450,1,1,1,1,0,0,1,1
t,3400,4700,4700,3400,1,1,1,1,0,0,1,1
t,3400,4700,4600,3500,1,1,1,1,0,0,1,1
ct,1400,9200,5200,5400,1,1,1,1,1,0,1,1
t,3400,4350,4200,3550,1,1,1,1,0,0,1,1
ct,1900,9050,5200,5750,1,1,1,1,1,0,1,1
ct,1900,10150,5600,6450,1,1,1,1,1,1,1,1
ct,1900,5550,5200,2250,0,0,0,0,0,0,1,1
t,1400,4250,4000,1650,0,0,0,0,0,0,0,1
t,1900,4650,4600,1950,0,0,0,0,0,0,1,1
t,1900,4650,4600,1950,0,0,0,0,0,0,1,1
ct,1400,7350,5600,3150,1,1,1,1,0,0,1,1
t,1900,3100,3050,1950,0,0,0,0,0,0,1,1
t,1900,2900,2100,2700,1,0,0,0,0,0,1,1
t,2400,3750,2350,3800,1,1,1,1,0,0,1,1
t,2400,3450,2200,3650,1,1,1,1,0,0,1,1
t,2400,4200,900,5700,1,1,1,1,1,0,1,1
t,2400,3550,1750,4200,1,1,1,1,0,0,1,1
t,2900,5150,4800,3250,1,1,1,1,0,0,1,1
t,2900,4800,4800,2900,1,1,0,0,0,0,1,1
ct,1400,12900,7750,6550,1,1,1,1,1,1,1,1
t,2900,6050,6050,2900,1,1,0,0,0,0,1,1
t,2900,5200,4900,3200,1,1,1,1,0,0,1,1
t,3400,3750,3700,3450,1,1,1,1,0,0,1,1
t,3400,3400,3400,3400,1,1,1,1,0,0,1,1
t,3400,3400,3300,3500,1,1,1,1,0,0,1,1
t,3400,3700,3700,3400,1,1,1,1,0,0,1,1
t,3400,4350,4000,3750,1,1,1,1,0,0,1,1
t,3400,4900,4800,3500,1,1,1,1,0,0,1,1
ct,1400,12500,7950,5950,1,1,1,1,1,1,1,1
t,3400,4150,3900,3650,1,1,1,1,0,0,1,1
t,3400,4100,4000,3500,1,1,1,1,0,0,1,1
ct,1400,9400,6100,4700,1,1,1,1,0,0,1,1
t,3400,4000,3950,3450,1,1,1,1,0,0,1,1
ct,1900,800,650,2050,0,0,0,0,0,0,1,1
ct,1900,800,650,2050,0,0,0,0,0,0,1,1
ct,1900,800,650,2050,0,0,0,0,0,0,1,1
ct,1900,800,650,2050,0,0,0,0,0,0,1,1
ct,1900,800,650,2050,0,0,0,0,0,0,1,1
ct,2400,2800,2600,2600,1,0,0,0,0,0,1,1
t,1400,3400,3400,1400,0,0,0,0,0,0,0,1
ct,2400,2200,2000,2600,1,0,0,0,0,0,1,1
t,1400,3350,3250,1500,0,0,0,0,0,0,0,1
t,1400,4000,4000,1400,0,0,0,0,0,0,0,1
t,1400,3700,3700,1400,0,0,0,0,0,0,0,1
ct,2400,2500,2350,2550,1,0,0,0,0,0,1,1
t,1400,4000,3900,1500,0,0,0,0,0,0,0,1
ct,2400,2200,2050,2550,1,0,0,0,0,0,1,1
ct,1900,800,800,1900,0,0,0,0,0,0,1,1
ct,1900,800,650,2050,0,0,0,0,0,0,1,1
ct,1900,800,650,2050,0,0,0,0,0,0,1,1
ct,1900,800,650,2050,0,0,0,0,0,0,1,1
t,1900,800,700,2000,0,0,0,0,0,0,1,1
t,1900,800,650,2050,0,0,0,0,0,0,1,1
t,1900,800,700,2000,0,0,0,0,0,0,1,1
t,1900,800,650,2050,0,0,0,0,0,0,1,1
t,1900,800,650,2050,0,0,0,0,0,0,1,1
ct,1900,800,800,1900,0,0,0,0,0,0,1,1
ct,1400,3800,3550,1650,0,0,0,0,0,0,0,1
ct,1400,4250,4200,1450,0,0,0,0,0,0,0,1
ct,1400,3650,3550,1500,0,0,0,0,0,0,0,1
ct,1400,3950,3750,1600,0,0,0,0,0,0,0,1
t,2400,2000,0,4400,1,1,1,1,0,0,1,1
t,2400,2050,0,4450,1,1,1,1,0,0,1,1
t,2400,2600,700,4300,1,1,1,1,0,0,1,1
t,2400,2050,0,4450,1,1,1,1,0,0,1,1
t,2400,2050,0,4450,1,1,1,1,0,0,1,1
ct,1400,3800,3750,1450,0,0,0,0,0,0,0,1
t,2900,4400,4400,2900,1,1,0,0,0,0,1,1
t,2900,4450,4400,2950,1,1,1,0,0,0,1,1
t,2900,4300,4200,3000,1,1,1,0,0,0,1,1
t,2900,4450,4400,2950,1,1,1,0,0,0,1,1
t,2900,4750,4700,2950,1,1,1,0,0,0,1,1
ct,1900,4150,4150,1900,0,0,0,0,0,0,1,1
ct,1900,4500,4350,2050,0,0,0,0,0,0,1,1
ct,1400,4350,4200,1550,0,0,0,0,0,0,0,1
t,1900,3300,3300,1900,0,0,0,0,0,0,1,1
t,1900,4150,4000,2050,0,0,0,0,0,0,1,1
ct,1400,4400,4400,1400,0,0,0,0,0,0,0,1
ct,1900,3100,3000,2000,0,0,0,0,0,0,1,1
ct,1900,1800,1800,1900,0,0,0,0,0,0,1,1
t,1900,4300,4200,2000,0,0,0,0,0,0,1,1
t,1900,3450,3400,1950,0,0,0,0,0,0,1,1
t,1900,2300,2250,1950,0,0,0,0,0,0,1,1
t,1900,2350,2200,2050,0,0,0,0,0,0,1,1
t,1900,3900,1500,4300,1,1,1,1,0,0,1,1
ct,1400,6200,5250,2350,0,0,0,0,0,0,1,1
ct,1400,4950,4900,1450,0,0,0,0,0,0,0,1
t,2400,2000,2000,2400,0,0,0,0,0,0,1,1
t,2400,2350,2200,2550,1,0,0,0,0,0,1,1
t,2400,2500,2400,2500,1,0,0,0,0,0,1,1
ct,1400,5550,5200,1750,0,0,0,0,0,0,1,1
t,2900,2400,300,5000,1,1,1,1,0,0,1,1
t,2900,2450,700,4650,1,1,1,1,0,0,1,1
t,2900,2750,0,5650,1,1,1,1,1,0,1,1
t,2900,2550,700,4750,1,1,1,1,0,0,1,1
t,2900,2500,700,4700,1,1,1,1,0,0,1,1
ct,1400,7400,5600,3200,1,1,1,1,0,0,1,1
t,3400,5300,4900,3800,1,1,1,1,0,0,1,1
t,3400,4650,4600,3450,1,1,1,1,0,0,1,1
t,3400,5650,4900,4150,1,1,1,1,0,0,1,1
t,3400,5050,4800,3650,1,1,1,1,0,0,1,1
t,3400,5000,4900,3500,1,1,1,1,0,0,1,1
ct,1400,6850,5200,3050,1,1,1,0,0,0,1,1
ct,1900,3250,3200,1950,0,0,0,0,0,0,1,1
ct,1900,4100,4050,1950,0,0,0,0,0,0,1,1
t,1900,4400,4400,1900,0,0,0,0,0,0,1,1
t,1900,2950,2900,1950,0,0,0,0,0,0,1,1
t,1900,5750,4800,2850,1,1,0,0,0,0,1,1
t,1900,4800,4800,1900,0,0,0,0,0,0,1,1
t,1900,800,650,2050,0,0,0,0,0,0,1,1
t,1900,800,650,2050,0,0,0,0,0,0,1,1
t,1900,800,700,2000,0,0,0,0,0,0,1,1
t,1900,800,800,1900,0,0,0,0,0,0,1,1
t,1900,800,650,2050,0,0,0,0,0,0,1,1
t,1400,3400,3250,1550,0,0,0,0,0,0,0,1
t,1400,3700,3450,1650,0,0,0,0,0,0,0,1
t,1400,3650,3500,1550,0,0,0,0,0,0,0,1
t,1400,3550,3500,1450,0,0,0,0,0,0,0,1
ct,2400,2800,2750,2450,1,0,0,0,0,0,1,1
ct,2400,2250,2250,2400,0,0,0,0,0,0,1,1
ct,2400,2400,1650,3150,1,1,1,1,0,0,1,1
ct,2400,2250,2200,2450,1,0,0,0,0,0,1,1
ct,2400,2550,2550,2400,0,0,0,0,0,0,1,1
t,1400,4300,4300,1400,0,0,0,0,0,0,0,1
t,1900,2150,2050,2000,0,0,0,0,0,0,1,1
t,1900,2250,2200,1950,0,0,0,0,0,0,1,1
t,1900,2300,2300,1900,0,0,0,0,0,0,1,1
t,2400,2000,0,4400,1,1,1,1,0,0,1,1
t,2400,2550,0,4950,1,1,1,1,0,0,1,1
t,2400,1950,0,4350,1,1,1,1,0,0,1,1
t,2400,1950,0,4350,1,1,1,1,0,0,1,1
t,2400,1900,0,4300,1,1,1,1,0,0,1,1
t,2900,4400,4400,2900,1,1,0,0,0,0,1,1
t,2900,4950,4800,3050,1,1,1,0,0,0,1,1
t,2900,4350,4050,3200,1,1,1,1,0,0,1,1
t,2900,4350,4000,3250,1,1,1,1,0,0,1,1
t,2900,4600,4600,2900,1,1,0,0,0,0,1,1
t,3400,2900,1450,4850,1,1,1,1,0,0,1,1
t,3400,3050,1150,5300,1,1,1,1,0,0,1,1
t,3400,3250,1150,5500,1,1,1,1,1,0,1,1
ct,1400,8200,5600,4000,1,1,1,1,0,0,1,1
t,3400,3200,1150,5450,1,1,1,1,1,0,1,1
t,3400,5550,4900,4050,1,1,1,1,0,0,1,1
t,3400,5900,4900,4400,1,1,1,1,0,0,1,1
t,3400,6800,6650,3550,1,1,1,1,0,0,1,1
t,3400,6400,5100,4700,1,1,1,1,0,0,1,1
ct,1400,12700,5600,8500,1,1,1,1,1,1,1,1
t,3400,6350,4900,4850,1,1,1,1,0,0,1,1
ct,1900,9000,4850,6050,1,1,1,1,1,1,1,1
ct,1900,7550,5600,3850,1,1,1,1,0,0,1,1
ct,1900,7300,6600,2600,1,0,0,0,0,0,1,1
t,1900,7250,4900,4250,1,1,1,1,0,0,1,1
t,1900,7300,4900,4300,1,1,1,1,0,0,1,1
t,1900,7750,6850,2800,1,1,0,0,0,0,1,1
t,1900,7300,4900,4300,1,1,1,1,0,0,1,1
ct,1400,8700,5450,4650,1,1,1,1,0,0,1,1
t,2400,5250,4900,2750,1,0,0,0,0,0,1,1
t,2400,5100,4900,2600,1,0,0,0,0,0,1,1
t,2400,5600,4900,3100,1,1,1,0,0,0,1,1
ct,1400,10500,5600,6300,1,1,1,1,1,1,1,1
t,1400,3800,3700,1500,0,0,0,0,0,0,0,1
t,1400,4200,4200,1400,0,0,0,0,0,0,0,1
ct,1900,6500,6300,2100,0,0,0,0,0,0,1,1
ct,1900,11050,5600,7350,1,1,1,1,1,1,1,1
ct,1900,8150,6300,3750,1,1,1,1,0,0,1,1
t,1400,5800,5600,1600,0,0,0,0,0,0,0,1
t,1900,800,650,2050,0,0,0,0,0,0,1,1
t,1900,800,650,2050,0,0,0,0,0,0,1,1
t,1900,800,700,2000,0,0,0,0,0,0,1,1
t,1900,800,650,2050,0,0,0,0,0,0,1,1
t,1900,800,650,2050,0,0,0,0,0,0,1,1
ct,1900,800,650,2050,0,0,0,0,0,0,1,1
ct,1900,800,800,1900,0,0,0,0,0,0,1,1
ct,1900,800,800,1900,0,0,0,0,0,0,1,1
ct,1900,800,650,2050,0,0,0,0,0,0,1,1
ct,1900,800,650,2050,0,0,0,0,0,0,1,1
t,2400,2650,2650,2400,0,0,0,0,0,0,1,1
t,2400,2000,2000,2400,0,0,0,0,0,0,1,1
t,2400,2050,2000,2450,1,0,0,0,0,0,1,1
ct,1400,3650,3550,1500,0,0,0,0,0,0,0,1
ct,1400,3500,3350,1550,0,0,0,0,0,0,0,1
ct,1400,3800,3450,1750,0,0,0,0,0,0,1,1
ct,1400,4250,4200,1450,0,0,0,0,0,0,0,1
t,2900,3050,3000,2950,1,1,1,0,0,0,1,1
t,2900,3000,3000,2900,1,1,0,0,0,0,1,1
t,2900,3300,3300,2900,1,1,0,0,0,0,1,1
t,2900,3000,2850,3050,1,1,1,0,0,0,1,1
t,2900,3650,3500,3050,1,1,1,0,0,0,1,1
t,3400,2950,1350,5000,1,1,1,1,0,0,1,1
t,3400,2900,1350,4950,1,1,1,1,0,0,1,1
t,3400,2900,1450,4850,1,1,1,1,0,0,1,1
t,3400,3350,1800,4950,1,1,1,1,0,0,1,1
ct,1400,5650,5200,1850,0,0,0,0,0,0,1,1
t,3400,5000,4800,3600,1,1,1,1,0,0,1,1
t,3400,4950,4900,3450,1,1,1,1,0,0,1,1
t,3400,5150,4800,3750,1,1,1,1,0,0,1,1
t,3400,6450,6450,3400,1,1,1,1,0,0,1,1
t,3400,4950,4800,3550,1,1,1,1,0,0,1,1
ct,1400,8800,5600,4600,1,1,1,1,0,0,1,1
t,3400,3900,2400,4900,1,1,1,1,0,0,1,1
t,3400,3450,1650,5200,1,1,1,1,0,0,1,1
t,3400,3750,2400,4750,1,1,1,1,0,0,1,1
t,3400,3550,1800,5150,1,1,1,1,0,0,1,1
t,1400,5300,4900,1800,0,0,0,0,0,0,1,1
ct,1900,6000,5250,2650,1,0,0,0,0,0,1,1
ct,1900,6100,5200,2800,1,1,0,0,0,0,1,1
t,1400,7200,4800,3800,1,1,1,1,0,0,1,1
t,1400,7250,4800,3850,1,1,1,1,0,0,1,1
ct,2400,7300,5200,4500,1,1,1,1,0,0,1,1
t,1400,6250,4800,2850,1,1,0,0,0,0,1,1
ct,2900,4600,4500,3000,1,1,1,0,0,0,1,1
t,1400,7300,4800,3900,1,1,1,1,0,0,1,1
ct,3400,3400,1700,5100,1,1,1,1,0,0,1,1
ct,3400,3600,1800,5200,1,1,1,1,0,0,1,1
t,1400,6350,4800,2950,1,1,1,0,0,0,1,1
t,1400,10750,5300,6850,1,1,1,1,1,1,1,1
ct,3400,6450,5200,4650,1,1,1,1,0,0,1,1
ct,3400,5600,5250,3750,1,1,1,1,0,0,1,1
ct,3400,5650,5250,3800,1,1,1,1,0,0,1,1
t,1400,7100,4900,3600,1,1,1,1,0,0,1,1
ct,3400,3800,3750,3450,1,1,1,1,0,0,1,1
ct,3400,3550,3550,3400,1,1,1,1,0,0,1,1
ct,3400,3850,3850,3400,1,1,1,1,0,0,1,1
t,1900,800,650,2050,0,0,0,0,0,0,1,1
t,1900,800,650,2050,0,0,0,0,0,0,1,1
t,1900,800,700,2000,0,0,0,0,0,0,1,1
t,1900,800,700,2000,0,0,0,0,0,0,1,1
t,1900,800,650,2050,0,0,0,0,0,0,1,1
ct,1400,4250,4200,1450,0,0,0,0,0,0,0,1
ct,1400,4250,4050,1600,0,0,0,0,0,0,0,1
ct,1400,3650,3550,1500,0,0,0,0,0,0,0,1
t,2400,2050,0,4450,1,1,1,1,0,0,1,1
t,2400,2350,0,4750,1,1,1,1,0,0,1,1
t,2400,2000,700,3700,1,1,1,1,0,0,1,1
t,2400,2300,0,4700,1,1,1,1,0,0,1,1
t,2400,2050,0,4450,1,1,1,1,0,0,1,1
t,2900,4450,4400,2950,1,1,1,0,0,0,1,1
t,2900,4750,4600,3050,1,1,1,0,0,0,1,1
t,2900,3700,3700,2900,1,1,0,0,0,0,1,1
t,2900,4700,4600,3000,1,1,1,0,0,0,1,1
t,2900,4450,4400,2950,1,1,1,0,0,0,1,1
t,3400,3250,1350,5300,1,1,1,1,0,0,1,1
t,3400,3050,700,5750,1,1,1,1,1,0,1,1
t,3400,3000,0,6400,1,1,1,1,1,1,1,1
t,3400,2950,1000,5350,1,1,1,1,0,0,1,1
t,3400,5300,4900,3800,1,1,1,1,0,0,1,1
t,3400,5750,5100,4050,1,1,1,1,0,0,1,1
t,3400,5600,4800,4200,1,1,1,1,0,0,1,1
t,3400,6400,4250,5550,1,1,1,1,1,0,1,1
t,3400,5350,4900,3850,1,1,1,1,0,0,1,1
ct,1900,10000,5200,6700,1,1,1,1,1,1,1,1
ct,1900,9700,6600,5000,1,1,1,1,0,0,1,1
ct,1400,12500,5600,8300,1,1,1,1,1,1,1,1
t,1900,6150,4900,3150,1,1,1,1,0,0,1,1
t,1900,6600,4800,3700,1,1,1,1,0,0,1,1
t,1900,7700,6850,2750,1,0,0,0,0,0,1,1
t,1900,5850,4900,2850,1,1,0,0,0,0,1,1
ct,1900,6050,5600,2350,0,0,0,0,0,0,1,1
ct,1900,7800,5200,4500,1,1,1,1,0,0,1,1
ct,1900,9100,5600,5400,1,1,1,1,1,0,1,1
ct,1900,8950,5600,5250,1,1,1,1,0,0,1,1
t,1400,5050,4900,1550,0,0,0,0,0,0,0,1
t,1400,5050,4800,1650,0,0,0,0,0,0,0,1
t,1400,4200,4050,1550,0,0,0,0,0,0,0,1
ct,1900,800,650,2050,0,0,0,0,0,0,1,1
t,1900,800,650,2050,0,0,0,0,0,0,1,1
t,1900,800,700,2000,0,0,0,0,0,0,1,1
ct,1900,800,800,1900,0,0,0,0,0,0,1,1
ct,1900,800,650,2050,0,0,0,0,0,0,1,1
t,1900,800,650,2050,0,0,0,0,0,0,1,1
ct,1900,800,650,2050,0,0,0,0,0,0,1,1
ct,1900,800,650,2050,0,0,0,0,0,0,1,1
t,1900,800,700,2000,0,0,0,0,0,0,1,1
t,1900,800,650,2050,0,0,0,0,0,0,1,1
ct,2400,2500,2100,2800,1,1,0,0,0,0,1,1
t,1400,3650,3500,1550,0,0,0,0,0,0,0,1
ct,2400,2050,2000,2450,1,0,0,0,0,0,1,1
ct,2400,2200,2100,2500,1,0,0,0,0,0,1,1
ct,2400,2500,2450,2450,1,0,0,0,0,0,1,1
ct,2400,2500,950,3950,1,1,1,1,0,0,1,1
ct,2900,3000,2850,3050,1,1,1,0,0,0,1,1
t,1400,4450,4400,1450,0,0,0,0,0,0,0,1
ct,2900,3550,3550,2900,1,1,0,0,0,0,1,1
ct,2900,3000,3000,2900,1,1,0,0,0,0,1,1
t,1400,4450,4400,1450,0,0,0,0,0,0,0,1
ct,2900,2600,2550,2950,1,1,1,0,0,0,1,1
t,1400,3350,3250,1500,0,0,0,0,0,0,0,1
t,1900,2600,2550,1950,0,0,0,0,0,0,1,1
t,1900,1450,1450,1900,0,0,0,0,0,0,1,1
t,1900,2100,2000,2000,0,0,0,0,0,0,1,1
t,1900,2650,2500,2050,0,0,0,0,0,0,1,1
ct,1400,5650,5200,1850,0,0,0,0,0,0,1,1
t,2400,3150,1150,4400,1,1,1,1,0,0,1,1
t,2400,3450,1650,4200,1,1,1,1,0,0,1,1
t,2400,2500,0,4900,1,1,1,1,0,0,1,1
t,2400,2600,300,4700,1,1,1,1,0,0,1,1
t,2900,4400,4400,2900,1,1,0,0,0,0,1,1
t,2900,4500,4400,3000,1,1,1,0,0,0,1,1
ct,1400,7600,5600,3400,1,1,1,1,0,0,1,1
t,2900,4900,4900,2900,1,1,0,0,0,0,1,1
ct,1400,7700,6700,2400,0,0,0,0,0,0,1,1
t,2900,4700,4600,3000,1,1,1,0,0,0,1,1
t,3400,2900,1250,5050,1,1,1,1,0,0,1,1
t,3400,3300,2050,4650,1,1,1,1,0,0,1,1
t,3400,3150,1850,4700,1,1,1,1,0,0,1,1
t,3400,5050,4800,3650,1,1,1,1,0,0,1,1
t,3400,4700,4700,3400,1,1,1,1,0,0,1,1
ct,1400,11050,5200,7250,1,1,1,1,1,1,1,1
t,3400,4250,4200,3450,1,1,1,1,0,0,1,1
t,3400,4900,4800,3500,1,1,1,1,0,0,1,1
ct,1400,9800,5600,5600,1,1,1,1,1,0,1,1
ct,1400,11700,5200,7900,1,1,1,1,1,1,1,1
t,3400,4000,4000,3400,1,1,1,1,0,0,1,1
t,3400,4350,4200,3550,1,1,1,1,0,0,1,1
t,3400,4300,4200,3500,1,1,1,1,0,0,1,1
ct,1900,7350,5200,4050,1,1,1,1,0,0,1,1
ct,1900,9450,5600,5750,1,1,1,1,1,0,1,1
t,1900,4850,4700,2050,0,0,0,0,0,0,1,1
ct,1400,6300,5250,2450,1,0,0,0,0,0,1,1
ct,1400,8700,5200,4900,1,1,1,1,0,0,1,1
t,1900,5200,4900,2200,0,0,0,0,0,0,1,1
t,1900,4650,4600,1950,0,0,0,0,0,0,1,1
t,2400,3550,3500,2450,1,0,0,0,0,0,1,1
t,2400,3700,3700,2400,0,0,0,0,0,0,1,1
ct,1400,5700,5600,1500,0,0,0,0,0,0,0,1
t,2400,3750,3700,2450,1,0,0,0,0,0,1,1
t,2400,3700,3500,2600,1,0,0,0,0,0,1,1
ct,1900,800,650,2050,0,0,0,0,0,0,1,1
ct,1900,800,650,2050,0,0,0,0,0,0,1,1
ct,1900,800,650,2050,0,0,0,0,0,0,1,1
ct,1900,800,650,2050,0,0,0,0,0,0,1,1
ct,1900,800,800,1900,0,0,0,0,0,0,1,1
t,2400,2000,1850,2550,1,0,0,0,0,0,1,1
ct,1400,3950,3750,1600,0,0,0,0,0,0,0,1
ct,1400,3650,3550,1500,0,0,0,0,0,0,0,1
ct,1400,3650,3550,1500,0,0,0,0,0,0,0,1
t,2400,2050,500,3950,1,1,1,1,0,0,1,1
ct,1400,4550,4500,1450,0,0,0,0,0,0,0,1
ct,1400,3800,3250,1950,0,0,0,0,0,0,1,1
ct,1900,1500,1500,1900,0,0,0,0,0,0,1,1
t,1400,5300,4900,1800,0,0,0,0,0,0,1,1
ct,2400,2700,300,4800,1,1,1,1,0,0,1,1
ct,2400,2050,0,4450,1,1,1,1,0,0,1,1
t,1400,7200,4900,3700,1,1,1,1,0,0,1,1
ct,2400,2350,0,4750,1,1,1,1,0,0,1,1
ct,2400,2100,0,4500,1,1,1,1,0,0,1,1
ct,2900,4850,4850,2900,1,1,0,0,0,0,1,1
ct,2900,4500,4250,3150,1,1,1,1,0,0,1,1
ct,2900,4600,4550,2950,1,1,1,0,0,0,1,1
ct,2900,4800,4750,2950,1,1,1,0,0,0,1,1
ct,2900,4650,4650,2900,1,1,0,0,0,0,1,1
ct,1900,800,650,2050,0,0,0,0,0,0,1,1
t,1900,800,800,1900,0,0,0,0,0,0,1,1
ct,1900,800,650,2050,0,0,0,0,0,0,1,1
t,1900,800,650,2050,0,0,0,0,0,0,1,1
t,1900,800,650,2050,0,0,0,0,0,0,1,1
ct,1900,800,800,1900,0,0,0,0,0,0,1,1
t,1900,800,650,2050,0,0,0,0,0,0,1,1
ct,1900,800,650,2050,0,0,0,0,0,0,1,1
ct,1900,800,650,2050,0,0,0,0,0,0,1,1
t,1900,800,650,2050,0,0,0,0,0,0,1,1
ct,2400,2050,2000,2450,1,0,0,0,0,0,1,1
t,1400,3550,3500,1450,0,0,0,0,0,0,0,1
t,1400,3700,3700,1400,0,0,0,0,0,0,0,1
t,1400,3700,3550,1550,0,0,0,0,0,0,0,1
ct,2400,2050,2000,2450,1,0,0,0,0,0,1,1
t,1400,3700,3600,1500,0,0,0,0,0,0,0,1
ct,2900,2550,300,5150,1,1,1,1,0,0,1,1
ct,2900,2850,800,4950,1,1,1,1,0,0,1,1
t,1400,3550,3150,1800,0,0,0,0,0,0,1,1
ct,2900,2550,300,5150,1,1,1,1,0,0,1,1
ct,2900,2550,500,4950,1,1,1,1,0,0,1,1
t,1900,2450,2350,2000,0,0,0,0,0,0,1,1
ct,1400,6150,5200,2350,0,0,0,0,0,0,1,1
t,1900,1800,1800,1900,0,0,0,0,0,0,1,1
t,1900,4900,4900,1900,0,0,0,0,0,0,1,1
ct,1400,6350,6200,1550,0,0,0,0,0,0,0,1
ct,1400,6050,5600,1850,0,0,0,0,0,0,1,1
ct,1400,5550,5400,1550,0,0,0,0,0,0,0,1
t,1900,4000,4000,1900,0,0,0,0,0,0,1,1
t,1400,4100,3900,1600,0,0,0,0,0,0,0,1
ct,1400,5200,5200,1400,0,0,0,0,0,0,0,1
t,1900,1600,1500,2000,0,0,0,0,0,0,1,1
ct,1400,5900,5600,1700,0,0,0,0,0,0,1,1
t,1900,3700,3700,1900,0,0,0,0,0,0,1,1
ct,2400,3250,1450,4200,1,1,1,1,0,0,1,1
ct,2400,2050,0,4450,1,1,1,1,0,0,1,1
ct,2400,3300,900,4800,1,1,1,1,0,0,1,1
ct,2400,2400,0,4800,1,1,1,1,0,0,1,1
t,1400,6350,4900,2850,1,1,0,0,0,0,1,1
ct,2900,4250,4250,2900,1,1,0,0,0,0,1,1
ct,2900,4500,4350,3050,1,1,1,0,0,0,1,1
ct,2900,7350,6700,3550,1,1,1,1,0,0,1,1
ct,2900,4850,4850,2900,1,1,0,0,0,0,1,1
ct,2900,4850,4750,3000,1,1,1,0,0,0,1,1
ct,3400,3300,1750,4950,1,1,1,1,0,0,1,1
t,1400,7550,3250,5700,1,1,1,1,1,0,1,1
ct,3400,3150,1800,4750,1,1,1,1,0,0,1,1
ct,3400,3000,1000,5400,1,1,1,1,1,0,1,1
ct,3400,3400,1750,5050,1,1,1,1,0,0,1,1
ct,3400,4950,4900,3450,1,1,1,1,0,0,1,1
ct,3400,4750,4650,3500,1,1,1,1,0,0,1,1
ct,3400,6350,6200,3550,1,1,1,1,0,0,1,1
ct,3400,5100,4850,3650,1,1,1,1,0,0,1,1
ct,3400,5050,4900,3550,1,1,1,1,0,0,1,1
ct,1400,3550,3550,1400,0,0,0,0,0,0,0,1
t,1900,10050,4900,7050,1,1,1,1,1,1,1,1
t,1900,10250,5400,6750,1,1,1,1,1,1,1,1
t,1900,8800,4800,5900,1,1,1,1,1,1,1,1
t,1900,8100,5400,4600,1,1,1,1,0,0,1,1
ct,1900,800,650,2050,0,0,0,0,0,0,1,1
ct,1900,800,650,2050,0,0,0,0,0,0,1,1
ct,1900,800,800,1900,0,0,0,0,0,0,1,1
ct,1900,800,650,2050,0,0,0,0,0,0,1,1
ct,1900,800,650,2050,0,0,0,0,0,0,1,1
t,2400,2650,2550,2500,1,0,0,0,0,0,1,1
ct,1400,4500,4500,1400,0,0,0,0,0,0,0,1
t,2400,2800,2750,2450,1,0,0,0,0,0,1,1
ct,1400,3900,3550,1750,0,0,0,0,0,0,1,1
ct,1400,4350,3550,2200,0,0,0,0,0,0,1,1
t,2400,2950,2600,2750,1,0,0,0,0,0,1,1
ct,1400,4500,4350,1550,0,0,0,0,0,0,0,1
t,2400,2900,2600,2700,1,0,0,0,0,0,1,1
t,2400,2650,2000,3050,1,1,1,0,0,0,1,1
ct,1400,3900,3900,1400,0,0,0,0,0,0,0,1
t,1400,4250,4000,1650,0,0,0,0,0,0,0,1
ct,1900,1900,1800,2000,0,0,0,0,0,0,1,1
ct,1900,1950,1950,1900,0,0,0,0,0,0,1,1
ct,1900,2400,2250,2050,0,0,0,0,0,0,1,1
t,1400,3900,3900,1400,0,0,0,0,0,0,0,1
ct,1900,2350,0,4250,1,1,1,1,0,0,1,1
ct,2400,2050,0,4450,1,1,1,1,0,0,1,1
ct,2400,1950,0,4350,1,1,1,1,0,0,1,1
ct,2400,2100,0,4500,1,1,1,1,0,0,1,1
ct,2400,2850,0,5250,1,1,1,1,0,0,1,1
t,1400,7000,4800,3600,1,1,1,1,0,0,1,1
ct,2900,4850,4700,3050,1,1,1,0,0,0,1,1
ct,2900,4450,4400,2950,1,1,1,0,0,0,1,1
ct,2900,4600,4550,2950,1,1,1,0,0,0,1,1
t,1400,7550,4900,4050,1,1,1,1,0,0,1,1
t,1900,3900,3900,1900,0,0,0,0,0,0,1,1
ct,1400,3850,3550,1700,0,0,0,0,0,0,1,1
t,1900,6050,4800,3150,1,1,1,1,0,0,1,1
t,1900,4050,4000,1950,0,0,0,0,0,0,1,1
t,2400,1900,0,4300,1,1,1,1,0,0,1,1
t,2400,2800,500,4700,1,1,1,1,0,0,1,1
t,2400,2250,0,4650,1,1,1,1,0,0,1,1
t,2900,4600,4600,2900,1,1,0,0,0,0,1,1
t,2900,4700,4700,2900,1,1,0,0,0,0,1,1
t,2900,4650,4600,2950,1,1,1,0,0,0,1,1
t,2900,5250,4800,3350,1,1,1,1,0,0,1,1
t,2900,4650,4600,2950,1,1,1,0,0,0,1,1
t,1900,800,650,2050,0,0,0,0,0,0,1,1
t,1900,800,700,2000,0,0,0,0,0,0,1,1
t,1900,800,700,2000,0,0,0,0,0,0,1,1
t,1900,800,650,2050,0,0,0,0,0,0,1,1
ct,1900,800,800,1900,0,0,0,0,0,0,1,1
ct,1900,800,650,2050,0,0,0,0,0,0,1,1
ct,1900,800,650,2050,0,0,0,0,0,0,1,1
ct,1900,800,650,2050,0,0,0,0,0,0,1,1
ct,1900,800,650,2050,0,0,0,0,0,0,1,1
t,1900,800,650,2050,0,0,0,0,0,0,1,1
t,1400,3650,3250,1800,0,0,0,0,0,0,1,1
t,1400,4200,4200,1400,0,0,0,0,0,0,0,1
t,1400,4200,4200,1400,0,0,0,0,0,0,0,1
t,1400,3650,3500,1550,0,0,0,0,0,0,0,1
ct,2400,2150,2100,2450,1,0,0,0,0,0,1,1
ct,2400,2600,1300,3700,1,1,1,1,0,0,1,1
ct,2400,2900,2900,2400,0,0,0,0,0,0,1,1
ct,2400,2600,2550,2450,1,0,0,0,0,0,1,1
ct,2400,2600,2100,2900,1,1,0,0,0,0,1,1
t,1400,3950,3800,1550,0,0,0,0,0,0,0,1
ct,2900,2450,300,5050,1,1,1,1,0,0,1,1
ct,2900,3700,200,6400,1,1,1,1,1,1,1,1
ct,2900,2400,700,4600,1,1,1,1,0,0,1,1
ct,2900,2450,300,5050,1,1,1,1,0,0,1,1
ct,2900,2400,500,4800,1,1,1,1,0,0,1,1
ct,3400,5150,5000,3550,1,1,1,1,0,0,1,1
ct,3400,6500,6400,3500,1,1,1,1,0,0,1,1
ct,3400,4900,4850,3450,1,1,1,1,0,0,1,1
t,1400,6600,4900,3100,1,1,1,0,0,0,1,1
t,1400,9250,5100,5550,1,1,1,1,1,0,1,1
ct,3400,3600,1000,6000,1,1,1,1,1,1,1,1
ct,3400,3550,700,6250,1,1,1,1,1,1,1,1
ct,3400,6250,3850,5800,1,1,1,1,1,0,1,1
ct,3400,3500,1800,5100,1,1,1,1,0,0,1,1
t,1400,8500,4900,5000,1,1,1,1,0,0,1,1
t,1400,7700,4900,4200,1,1,1,1,0,0,1,1
ct,3400,6100,5600,3900,1,1,1,1,0,0,1,1
ct,3400,6350,6200,3550,1,1,1,1,0,0,1,1
ct,3400,5900,5050,4250,1,1,1,1,0,0,1,1
ct,3400,6750,5250,4900,1,1,1,1,0,0,1,1
ct,3400,4900,4850,3450,1,1,1,1,0,0,1,1
t,1400,12550,5100,8850,1,1,1,1,1,1,1,1
ct,3400,4050,2500,4950,1,1,1,1,0,0,1,1
ct,3400,4400,1950,5850,1,1,1,1,1,0,1,1
ct,3400,5650,3850,5200,1,1,1,1,0,0,1,1
ct,3400,3900,2100,5200,1,1,1,1,0,0,1,1
t,1400,12000,4900,8500,1,1,1,1,1,1,1,1
t,1400,10500,4900,7000,1,1,1,1,1,1,1,1
t,1400,11250,5100,7550,1,1,1,1,1,1,1,1
t,1400,9500,4800,6100,1,1,1,1,1,1,1,1
ct,3400,6300,5600,4100,1,1,1,1,0,0,1,1
ct,3400,6000,3900,5500,1,1,1,1,1,0,1,1
ct,3400,5350,5250,3500,1,1,1,1,0,0,1,1
ct,3400,5350,4300,4450,1,1,1,1,0,0,1,1
t,1900,7000,4900,4000,1,1,1,1,0,0,1,1
t,1900,13250,6850,8300,1,1,1,1,1,1,1,1
t,1900,6600,5200,3300,1,1,1,1,0,0,1,1
ct,1400,5600,5050,1950,0,0,0,0,0,0,1,1
t,1900,11400,4900,8400,1,1,1,1,1,1,1,1
ct,1900,7000,5600,3300,1,1,1,1,0,0,1,1
ct,1900,6850,6600,2150,0,0,0,0,0,0,1,1
ct,1900,4500,4350,2050,0,0,0,0,0,0,1,1
t,1400,6550,4900,3050,1,1,1,0,0,0,1,1
t,1400,10900,6850,5450,1,1,1,1,1,0,1,1
t,1400,6800,5100,3100,1,1,1,0,0,0,1,1
ct,2400,5300,5250,2450,1,0,0,0,0,0,1,1
ct,2400,3850,3700,2550,1,0,0,0,0,0,1,1
ct,2400,5000,4750,2650,1,0,0,0,0,0,1,1
ct,2400,4300,4150,2550,1,0,0,0,0,0,1,1
t,1900,5600,4900,2600,1,0,0,0,0,0,1,1
t,1900,3050,2950,2000,0,0,0,0,0,0,1,1
ct,1900,800,650,2050,0,0,0,0,0,0,1,1
ct,1900,800,800,1900,0,0,0,0,0,0,1,1
ct,1900,800,650,2050,0,0,0,0,0,0,1,1
ct,1900,800,650,2050,0,0,0,0,0,0,1,1
ct,1900,800,650,2050,0,0,0,0,0,0,1,1
ct,2400,2800,2750,2450,1,0,0,0,0,0,1,1
ct,2400,2050,2000,2450,1,0,0,0,0,0,1,1
ct,2400,2500,2200,2700,1,0,0,0,0,0,1,1
ct,2400,2200,2200,2400,0,0,0,0,0,0,1,1
t,1400,3700,3150,1950,0,0,0,0,0,0,1,1
t,1400,3550,3500,1450,0,0,0,0,0,0,0,1
t,1400,3400,3250,1550,0,0,0,0,0,0,0,1
t,1400,4600,4450,1550,0,0,0,0,0,0,0,1
t,1400,3350,3250,1500,0,0,0,0,0,0,0,1
ct,2400,2200,2200,2400,0,0,0,0,0,0,1,1
ct,2900,2600,500,5000,1,1,1,1,0,0,1,1
ct,2900,2600,400,5100,1,1,1,1,0,0,1,1
ct,2900,4650,1150,6400,1,1,1,1,1,1,1,1
ct,2900,2550,500,4950,1,1,1,1,0,0,1,1
t,1400,5000,3250,3150,1,1,1,1,0,0,1,1
ct,2900,2550,700,4750,1,1,1,1,0,0,1,1
ct,3400,5000,5000,3400,1,1,1,1,0,0,1,1
ct,3400,5100,5100,3400,1,1,1,1,0,0,1,1
ct,3400,6400,6350,3450,1,1,1,1,0,0,1,1
ct,3400,4950,4900,3450,1,1,1,1,0,0,1,1
ct,3400,4750,4700,3450,1,1,1,1,0,0,1,1
ct,3400,3450,1750,5100,1,1,1,1,0,0,1,1
ct,3400,3450,1950,4900,1,1,1,1,0,0,1,1
ct,1400,5350,5200,1550,0,0,0,0,0,0,0,1
t,1900,9550,4800,6650,1,1,1,1,1,1,1,1
t,1900,6800,6650,2050,0,0,0,0,0,0,1,1
t,1900,8900,4900,5900,1,1,1,1,1,1,1,1
t,1900,6700,4900,3700,1,1,1,1,0,0,1,1
t,2400,5900,4800,3500,1,1,1,1,0,0,1,1
ct,1900,7550,7050,2400,0,0,0,0,0,0,1,1
ct,1900,5800,5200,2500,1,0,0,0,0,0,1,1
ct,1400,10600,7450,4550,1,1,1,1,0,0,1,1
t,1900,4100,4000,2000,0,0,0,0,0,0,1,1
t,1900,4600,4600,1900,0,0,0,0,0,0,1,1
t,1900,2600,2200,2300,0,0,0,0,0,0,1,1
t,1900,3050,2600,2350,0,0,0,0,0,0,1,1
ct,1900,4950,4900,1950,0,0,0,0,0,0,1,1
t,1400,3800,3800,1400,0,0,0,0,0,0,0,1
ct,2400,4750,4750,2400,0,0,0,0,0,0,1,1
t,1400,6200,4800,2800,1,1,0,0,0,0,1,1
t,1400,6250,4900,2750,1,0,0,0,0,0,1,1
ct,1900,800,650,2050,0,0,0,0,0,0,1,1
t,1900,800,650,2050,0,0,0,0,0,0,1,1
ct,1900,800,650,2050,0,0,0,0,0,0,1,1
t,1900,800,650,2050,0,0,0,0,0,0,1,1
t,1900,800,800,1900,0,0,0,0,0,0,1,1
t,1900,800,650,2050,0,0,0,0,0,0,1,1
ct,1900,800,650,2050,0,0,0,0,0,0,1,1
ct,1900,800,650,2050,0,0,0,0,0,0,1,1
ct,1900,800,800,1900,0,0,0,0,0,0,1,1
t,1900,800,650,2050,0,0,0,0,0,0,1,1
ct,2400,2100,1450,3050,1,1,1,0,0,0,1,1
t,1400,3400,3400,1400,0,0,0,0,0,0,0,1
ct,2400,2100,2100,2400,0,0,0,0,0,0,1,1
t,1400,3700,3650,1450,0,0,0,0,0,0,0,1
t,1400,4300,3250,2450,1,0,0,0,0,0,1,1
ct,2400,2100,2100,2400,0,0,0,0,0,0,1,1
ct,2400,2100,1950,2550,1,0,0,0,0,0,1,1
ct,2400,2250,2100,2550,1,0,0,0,0,0,1,1
t,1400,3700,3550,1550,0,0,0,0,0,0,0,1
t,1900,1700,1650,1950,0,0,0,0,0,0,1,1
ct,1400,4400,3900,1900,0,0,0,0,0,0,1,1
t,1900,1500,1350,2050,0,0,0,0,0,0,1,1
t,1900,2450,2400,1950,0,0,0,0,0,0,1,1
ct,1400,3650,3500,1550,0,0,0,0,0,0,0,1
t,1900,1850,1700,2050,0,0,0,0,0,0,1,1
t,2400,2550,400,4550,1,1,1,1,0,0,1,1
t,2400,2550,700,4250,1,1,1,1,0,0,1,1
t,2400,2950,700,4650,1,1,1,1,0,0,1,1
t,2400,3150,500,5050,1,1,1,1,0,0,1,1
ct,1400,5900,5200,2100,0,0,0,0,0,0,1,1
t,2400,3250,700,4950,1,1,1,1,0,0,1,1
t,1400,6050,4900,2550,1,0,0,0,0,0,1,1
ct,1900,3600,2800,2700,1,0,0,0,0,0,1,1
ct,1900,2300,2250,1950,0,0,0,0,0,0,1,1
ct,1400,4200,4200,1400,0,0,0,0,0,0,0,1
t,1900,5450,4900,2450,1,0,0,0,0,0,1,1
t,1900,1400,1150,2150,0,0,0,0,0,0,1,1
t,2400,2050,0,4450,1,1,1,1,0,0,1,1
t,2400,2750,700,4450,1,1,1,1,0,0,1,1
t,2400,2850,700,4550,1,1,1,1,0,0,1,1
t,2400,2150,0,4550,1,1,1,1,0,0,1,1
ct,1400,5500,5400,1500,0,0,0,0,0,0,0,1
t,2400,2650,0,5050,1,1,1,1,0,0,1,1
t,2900,4450,4400,2950,1,1,1,0,0,0,1,1
t,2900,4450,4400,2950,1,1,1,0,0,0,1,1
t,2900,4550,4400,3050,1,1,1,0,0,0,1,1
t,2900,4550,4400,3050,1,1,1,0,0,0,1,1
t,2900,5050,4800,3150,1,1,1,1,0,0,1,1
ct,1900,5100,5050,1950,0,0,0,0,0,0,1,1
ct,1900,5950,5250,2600,1,0,0,0,0,0,1,1
ct,1900,4550,4550,1900,0,0,0,0,0,0,1,1
t,1400,6200,4900,2700,1,0,0,0,0,0,1,1
t,1400,6500,4900,3000,1,1,1,0,0,0,1,1
t,1400,3900,1000,4300,1,1,1,1,0,0,1,1
ct,2400,2200,0,4600,1,1,1,1,0,0,1,1
ct,2400,3150,1200,4350,1,1,1,1,0,0,1,1
ct,2400,2150,0,4550,1,1,1,1,0,0,1,1
t,1400,4900,4800,1500,0,0,0,0,0,0,0,1
ct,2900,5050,5050,2900,1,1,0,0,0,0,1,1
ct,2900,4650,4650,2900,1,1,0,0,0,0,1,1
ct,2900,4700,4650,2950,1,1,1,0,0,0,1,1
ct,2900,4600,4550,2950,1,1,1,0,0,0,1,1
t,1900,5950,4900,2950,1,1,1,0,0,0,1,1
t,1900,4050,3900,2050,0,0,0,0,0,0,1,1
t,1900,4150,4000,2050,0,0,0,0,0,0,1,1
t,1900,4650,4600,1950,0,0,0,0,0,0,1,1
ct,1900,800,650,2050,0,0,0,0,0,0,1,1
ct,1900,800,650,2050,0,0,0,0,0,0,1,1
ct,1900,800,800,1900,0,0,0,0,0,0,1,1
ct,1900,800,650,2050,0,0,0,0,0,0,1,1
ct,1900,800,650,2050,0,0,0,0,0,0,1,1
t,1400,3350,3150,1600,0,0,0,0,0,0,0,1
ct,2400,2200,2100,2500,1,0,0,0,0,0,1,1
ct,2400,2050,1950,2500,1,0,0,0,0,0,1,1
t,1400,3350,3250,1500,0,0,0,0,0,0,0,1
t,1400,3700,3350,1750,0,0,0,0,0,0,1,1
t,1400,4250,4000,1650,0,0,0,0,0,0,0,1
ct,2400,2200,700,3900,1,1,1,1,0,0,1,1
ct,1400,3600,3550,1450,0,0,0,0,0,0,0,1
t,1900,1400,700,2600,1,0,0,0,0,0,1,1
ct,1400,4400,4400,1400,0,0,0,0,0,0,0,1
ct,1400,3900,3750,1550,0,0,0,0,0,0,0,1
t,1900,1500,0,3400,1,1,1,1,0,0,1,1
t,1900,2350,0,4250,1,1,1,1,0,0,1,1
t,1900,1650,700,2850,1,1,0,0,0,0,1,1
ct,1400,5000,4900,1500,0,0,0,0,0,0,0,1
t,2400,3700,0,6100,1,1,1,1,1,1,1,1
t,2400,2600,0,5000,1,1,1,1,0,0,1,1
t,2400,2700,400,4700,1,1,1,1,0,0,1,1
t,2400,3550,700,5250,1,1,1,1,0,0,1,1
t,2400,2850,700,4550,1,1,1,1,0,0,1,1
t,2900,6100,4800,4200,1,1,1,1,0,0,1,1
ct,1400,6650,5600,2450,1,0,0,0,0,0,1,1
t,2900,5000,4800,3100,1,1,1,0,0,0,1,1
t,2900,5000,4900,3000,1,1,1,0,0,0,1,1
t,2900,5250,4900,3250,1,1,1,1,0,0,1,1
t,2900,4550,4400,3050,1,1,1,0,0,0,1,1
t,1400,3750,3500,1650,0,0,0,0,0,0,0,1
ct,1900,7200,5600,3500,1,1,1,1,0,0,1,1
t,1900,2600,2600,1900,0,0,0,0,0,0,1,1
ct,1400,4350,3550,2200,0,0,0,0,0,0,1,1
t,1900,2750,2600,2050,0,0,0,0,0,0,1,1
ct,1400,6250,5600,2050,0,0,0,0,0,0,1,1
t,1900,3950,3900,1950,0,0,0,0,0,0,1,1
t,1900,4000,4000,1900,0,0,0,0,0,0,1,1
t,1900,3700,3600,2000,0,0,0,0,0,0,1,1
ct,1900,2400,2400,1900,0,0,0,0,0,0,1,1
t,1400,5650,4800,2250,0,0,0,0,0,0,1,1
ct,2400,2500,500,4400,1,1,1,1,0,0,1,1
ct,2400,2850,700,4550,1,1,1,1,0,0,1,1
ct,2400,2350,700,4050,1,1,1,1,0,0,1,1
t,1400,4900,4900,1400,0,0,0,0,0,0,0,1
ct,2400,2100,700,3800,1,1,1,1,0,0,1,1
t,1900,2550,2400,2050,0,0,0,0,0,0,1,1
ct,1400,5500,5200,1700,0,0,0,0,0,0,1,1
ct,1400,6250,5400,2250,0,0,0,0,0,0,1,1
ct,1400,5550,5200,1750,0,0,0,0,0,0,1,1
t,1900,4200,4200,1900,0,0,0,0,0,0,1,1
ct,1400,5200,5200,1400,0,0,0,0,0,0,0,1
t,2400,2050,1850,2600,1,0,0,0,0,0,1,1
t,2400,2000,2000,2400,0,0,0,0,0,0,1,1
ct,1400,7350,5600,3150,1,1,1,1,0,0,1,1
t,2400,1950,1950,2400,0,0,0,0,0,0,1,1
t,2400,1900,1200,3100,1,1,1,0,0,0,1,1
t,2900,2600,2500,3000,1,1,1,0,0,0,1,1
ct,1400,7000,6100,2300,0,0,0,0,0,0,1,1
t,2900,2400,2300,3000,1,1,1,0,0,0,1,1
t,2900,2400,2400,2900,1,1,0,0,0,0,1,1
t,2900,3100,2950,3050,1,1,1,0,0,0,1,1
t,1900,800,700,2000,0,0,0,0,0,0,1,1
ct,1900,800,650,2050,0,0,0,0,0,0,1,1
ct,1900,800,650,2050,0,0,0,0,0,0,1,1
t,1900,800,650,2050,0,0,0,0,0,0,1,1
ct,1900,800,650,2050,0,0,0,0,0,0,1,1
t,1900,800,800,1900,0,0,0,0,0,0,1,1
t,1900,800,650,2050,0,0,0,0,0,0,1,1
ct,1900,800,700,2000,0,0,0,0,0,0,1,1
t,1900,800,650,2050,0,0,0,0,0,0,1,1
ct,1900,800,650,2050,0,0,0,0,0,0,1,1
t,2400,2000,0,4400,1,1,1,1,0,0,1,1
ct,1400,3950,3850,1500,0,0,0,0,0,0,0,1
ct,1400,4250,4200,1450,0,0,0,0,0,0,0,1
t,2400,2050,0,4450,1,1,1,1,0,0,1,1
ct,1400,4250,4200,1450,0,0,0,0,0,0,0,1
t,2400,1900,0,4300,1,1,1,1,0,0,1,1
t,2400,2650,700,4350,1,1,1,1,0,0,1,1
ct,1400,3600,3550,1450,0,0,0,0,0,0,0,1
t,2400,2350,700,4050,1,1,1,1,0,0,1,1
ct,1400,3650,3550,1500,0,0,0,0,0,0,0,1
t,2900,4400,4400,2900,1,1,0,0,0,0,1,1
t,2900,4450,4400,2950,1,1,1,0,0,0,1,1
t,2900,4300,4200,3000,1,1,1,0,0,0,1,1
t,2900,4350,4200,3050,1,1,1,0,0,0,1,1
t,2900,4050,3900,3050,1,1,1,0,0,0,1,1
ct,1900,3700,0,5600,1,1,1,1,1,0,1,1
ct,1900,5200,3550,3550,1,1,1,1,0,0,1,1
ct,1900,3700,1000,4600,1,1,1,1,0,0,1,1
ct,1900,3350,700,4550,1,1,1,1,0,0,1,1
t,1900,3850,3800,1950,0,0,0,0,0,0,1,1
ct,1400,7750,7050,2100,0,0,0,0,0,0,1,1
t,1900,4900,4900,1900,0,0,0,0,0,0,1,1
t,1900,5750,5700,1950,0,0,0,0,0,0,1,1
t,1900,2600,2500,2000,0,0,0,0,0,0,1,1
t,1900,6200,4800,3300,1,1,1,1,0,0,1,1
ct,1900,5600,5250,2250,0,0,0,0,0,0,1,1
ct,1900,5100,4850,2150,0,0,0,0,0,0,1,1
t,1400,3600,2200,2800,1,1,0,0,0,0,1,1
ct,1900,5550,5200,2250,0,0,0,0,0,0,1,1
ct,1900,6400,5250,3050,1,1,1,0,0,0,1,1
t,1900,2250,2250,1900,0,0,0,0,0,0,1,1
t,1900,4000,4000,1900,0,0,0,0,0,0,1,1
t,1900,3550,3500,1950,0,0,0,0,0,0,1,1
t,1900,3400,3400,1900,0,0,0,0,0,0,1,1
t,1900,3600,3550,1950,0,0,0,0,0,0,1,1
ct,1400,5200,5200,1400,0,0,0,0,0,0,0,1
t,2400,1900,0,4300,1,1,1,1,0,0,1,1
t,2400,1950,0,4350,1,1,1,1,0,0,1,1
t,2400,1900,0,4300,1,1,1,1,0,0,1,1
t,2400,1950,0,4350,1,1,1,1,0,0,1,1
t,2900,4200,4200,2900,1,1,0,0,0,0,1,1
t,2900,4300,4300,2900,1,1,0,0,0,0,1,1
t,2900,4350,3900,3350,1,1,1,1,0,0,1,1
t,2900,4300,4000,3200,1,1,1,1,0,0,1,1
t,2900,4350,4200,3050,1,1,1,0,0,0,1,1
t,3400,3500,2550,4350,1,1,1,1,0,0,1,1
t,3400,3500,2000,4900,1,1,1,1,0,0,1,1
ct,1400,8000,5250,4150,1,1,1,1,0,0,1,1
t,3400,4550,300,7650,1,1,1,1,1,1,1,1
t,3400,4400,3700,4100,1,1,1,1,0,0,1,1
ct,1400,9350,5200,5550,1,1,1,1,1,0,1,1
t,3400,3950,1800,5550,1,1,1,1,1,0,1,1
ct,1400,10250,5600,6050,1,1,1,1,1,1,1,1
t,3400,4950,4900,3450,1,1,1,1,0,0,1,1
t,3400,6950,6850,3500,1,1,1,1,0,0,1,1
t,3400,4100,4000,3500,1,1,1,1,0,0,1,1
ct,1400,7950,5600,3750,1,1,1,1,0,0,1,1
t,3400,5650,4800,4250,1,1,1,1,0,0,1,1
ct,1400,8450,5600,4250,1,1,1,1,0,0,1,1
ct,1900,7200,7050,2050,0,0,0,0,0,0,1,1
ct,1900,6850,6700,2050,0,0,0,0,0,0,1,1
t,1400,3850,3700,1550,0,0,0,0,0,0,0,1
t,1400,3650,3500,1550,0,0,0,0,0,0,0,1
ct,1900,3950,3850,2000,0,0,0,0,0,0,1,1
t,1400,4700,4600,1500,0,0,0,0,0,0,0,1
ct,1900,4750,4650,2000,0,0,0,0,0,0,1,1
t,1900,800,650,2050,0,0,0,0,0,0,1,1
t,1900,800,650,2050,0,0,0,0,0,0,1,1
t,1900,800,650,2050,0,0,0,0,0,0,1,1
t,1900,800,700,2000,0,0,0,0,0,0,1,1
t,1900,800,700,2000,0,0,0,0,0,0,1,1
ct,1400,3950,3900,1450,0,0,0,0,0,0,0,1
t,2400,2050,0,4450,1,1,1,1,0,0,1,1
t,2400,2050,0,4450,1,1,1,1,0,0,1,1
ct,1400,3650,3550,1500,0,0,0,0,0,0,0,1
t,2400,2050,0,4450,1,1,1,1,0,0,1,1
ct,1400,4250,4200,1450,0,0,0,0,0,0,0,1
ct,1400,4250,4250,1400,0,0,0,0,0,0,0,1
t,2400,2000,0,4400,1,1,1,1,0,0,1,1
ct,1400,3500,2550,2350,0,0,0,0,0,0,1,1
t,2400,2300,700,4000,1,1,1,1,0,0,1,1
t,2900,5050,4800,3150,1,1,1,1,0,0,1,1
t,2900,5650,4800,3750,1,1,1,1,0,0,1,1
t,2900,5050,4900,3050,1,1,1,0,0,0,1,1
t,2900,5300,4800,3400,1,1,1,1,0,0,1,1
t,2900,4600,4000,3500,1,1,1,1,0,0,1,1
t,3400,3150,1800,4750,1,1,1,1,0,0,1,1
t,3400,3750,700,6450,1,1,1,1,1,1,1,1
t,3400,3350,1650,5100,1,1,1,1,0,0,1,1
t,3400,3400,1850,4950,1,1,1,1,0,0,1,1
ct,1900,3750,3750,1900,0,0,0,0,0,0,1,1
t,1400,4900,4900,1400,0,0,0,0,0,0,0,1
ct,1900,3400,3400,1900,0,0,0,0,0,0,1,1
ct,1900,3400,3400,1900,0,0,0,0,0,0,1,1
t,1400,5100,4800,1700,0,0,0,0,0,0,1,1
ct,1900,2800,2550,2150,0,0,0,0,0,0,1,1
ct,2400,2350,700,4050,1,1,1,1,0,0,1,1
ct,2400,2300,700,4000,1,1,1,1,0,0,1,1
ct,2400,2050,700,3750,1,1,1,1,0,0,1,1
ct,2400,2300,500,4200,1,1,1,1,0,0,1,1
ct,2900,4150,4150,2900,1,1,0,0,0,0,1,1
ct,2900,4650,4650,2900,1,1,0,0,0,0,1,1
ct,2900,4100,4050,2950,1,1,1,0,0,0,1,1
ct,2900,4150,4150,2900,1,1,0,0,0,0,1,1
t,1400,5000,4600,1800,0,0,0,0,0,0,1,1
ct,2900,4300,4200,3000,1,1,1,0,0,0,1,1
t,1400,5650,4900,2150,0,0,0,0,0,0,1,1
t,1900,5400,4900,2400,0,0,0,0,0,0,1,1
t,1900,6350,5100,3150,1,1,1,1,0,0,1,1
ct,1900,2900,2900,1900,0,0,0,0,0,0,1,1
t,1400,4050,4000,1450,0,0,0,0,0,0,0,1
t,1400,3550,3500,1450,0,0,0,0,0,0,0,1
ct,1900,3100,3100,1900,0,0,0,0,0,0,1,1
ct,1900,3750,3750,1900,0,0,0,0,0,0,1,1
ct,1900,2200,2100,2000,0,0,0,0,0,0,1,1
ct,1900,800,650,2050,0,0,0,0,0,0,1,1
ct,1900,800,650,2050,0,0,0,0,0,0,1,1
t,1900,800,650,2050,0,0,0,0,0,0,1,1
t,1900,800,650,2050,0,0,0,0,0,0,1,1
ct,1900,800,650,2050,0,0,0,0,0,0,1,1
t,1900,800,650,2050,0,0,0,0,0,0,1,1
t,1900,800,0,2700,1,0,0,0,0,0,1,1
ct,1900,800,650,2050,0,0,0,0,0,0,1,1
t,1900,800,650,2050,0,0,0,0,0,0,1,1
ct,1900,800,650,2050,0,0,0,0,0,0,1,1
ct,2400,2450,2350,2500,1,0,0,0,0,0,1,1
ct,2400,2150,2100,2450,1,0,0,0,0,0,1,1
t,1400,3950,3900,1450,0,0,0,0,0,0,0,1
t,1400,3400,3300,1500,0,0,0,0,0,0,0,1
ct,2400,2450,2450,2400,0,0,0,0,0,0,1,1
t,1400,4300,4300,1400,0,0,0,0,0,0,0,1
t,1400,3650,3250,1800,0,0,0,0,0,0,1,1
ct,2400,2150,2100,2450,1,0,0,0,0,0,1,1
t,1400,3400,3400,1400,0,0,0,0,0,0,0,1
t,1900,1750,1650,2000,0,0,0,0,0,0,1,1
t,1900,1500,1450,1950,0,0,0,0,0,0,1,1
t,1900,2400,2400,1900,0,0,0,0,0,0,1,1
t,1900,1400,950,2350,0,0,0,0,0,0,1,1
ct,1900,3450,2700,2650,1,0,0,0,0,0,1,1
ct,1900,2350,2200,2050,0,0,0,0,0,0,1,1
t,1400,4250,3800,1850,0,0,0,0,0,0,1,1
t,1400,3300,3300,1400,0,0,0,0,0,0,0,1
t,1400,4000,4000,1400,0,0,0,0,0,0,0,1
t,1400,3250,3250,1400,0,0,0,0,0,0,0,1
ct,1900,1700,1650,1950,0,0,0,0,0,0,1,1
ct,1900,2450,2300,2050,0,0,0,0,0,0,1,1
ct,2400,3100,0,5500,1,1,1,1,1,0,1,1
ct,2400,2800,700,4500,1,1,1,1,0,0,1,1
t,1400,3850,3250,2000,0,0,0,0,0,0,1,1
ct,2400,2100,300,4200,1,1,1,1,0,0,1,1
t,1400,4700,4700,1400,0,0,0,0,0,0,0,1
ct,2400,2500,700,4200,1,1,1,1,0,0,1,1
ct,2900,5600,5600,2900,1,1,0,0,0,0,1,1
ct,2900,4600,4550,2950,1,1,1,0,0,0,1,1
ct,2900,5200,5200,2900,1,1,0,0,0,0,1,1
ct,2900,4300,4150,3050,1,1,1,0,0,0,1,1
ct,2900,4600,4500,3000,1,1,1,0,0,0,1,1
ct,3400,3000,700,5700,1,1,1,1,1,0,1,1
ct,3400,3050,1650,4800,1,1,1,1,0,0,1,1
ct,3400,3000,1950,4450,1,1,1,1,0,0,1,1
t,1400,5600,4900,2100,0,0,0,0,0,0,1,1
ct,3400,3750,3550,3600,1,1,1,1,0,0,1,1
ct,3400,4450,4350,3500,1,1,1,1,0,0,1,1
ct,3400,3600,3550,3450,1,1,1,1,0,0,1,1
ct,3400,5150,5000,3550,1,1,1,1,0,0,1,1
ct,3400,3700,2500,4600,1,1,1,1,0,0,1,1
t,1400,9700,4900,6200,1,1,1,1,1,1,1,1
ct,3400,3650,2200,4850,1,1,1,1,0,0,1,1
t,1400,10000,4900,6500,1,1,1,1,1,1,1,1
ct,3400,3900,2500,4800,1,1,1,1,0,0,1,1
t,1900,6500,4900,3500,1,1,1,1,0,0,1,1
ct,1400,4950,4850,1500,0,0,0,0,0,0,0,1
t,1900,6500,4900,3500,1,1,1,1,0,0,1,1
t,1900,10200,4900,7200,1,1,1,1,1,1,1,1
ct,1900,6750,6750,1900,0,0,0,0,0,0,1,1
t,1400,7050,6850,1600,0,0,0,0,0,0,0,1
ct,2400,3900,3850,2450,1,0,0,0,0,0,1,1
ct,2400,6200,5600,3000,1,1,1,0,0,0,1,1
ct,2400,6050,5600,2850,1,1,0,0,0,0,1,1
ct,1900,800,650,2050,0,0,0,0,0,0,1,1
ct,1900,800,650,2050,0,0,0,0,0,0,1,1
ct,1900,800,650,2050,0,0,0,0,0,0,1,1
ct,1900,800,800,1900,0,0,0,0,0,0,1,1
ct,1900,800,650,2050,0,0,0,0,0,0,1,1
t,1400,4300,4200,1500,0,0,0,0,0,0,0,1
t,1400,3850,3800,1450,0,0,0,0,0,0,0,1
ct,2400,2250,2100,2550,1,0,0,0,0,0,1,1
t,1400,3400,3400,1400,0,0,0,0,0,0,0,1
ct,2400,2400,0,4800,1,1,1,1,0,0,1,1
t,1400,3400,3400,1400,0,0,0,0,0,0,0,1
t,1400,3400,3300,1500,0,0,0,0,0,0,0,1
t,1400,3600,3100,1900,0,0,0,0,0,0,1,1
ct,2900,3350,1450,4800,1,1,1,1,0,0,1,1
t,1400,3250,3050,1600,0,0,0,0,0,0,0,1
ct,2900,3350,1450,4800,1,1,1,1,0,0,1,1
ct,2900,3050,1000,4950,1,1,1,1,0,0,1,1
ct,2900,2800,1000,4700,1,1,1,1,0,0,1,1
t,1400,3350,2950,1800,0,0,0,0,0,0,1,1
ct,3400,6450,6000,3850,1,1,1,1,0,0,1,1
ct,3400,5550,5200,3750,1,1,1,1,0,0,1,1
ct,3400,4950,4850,3500,1,1,1,1,0,0,1,1
ct,3400,5400,5250,3550,1,1,1,1,0,0,1,1
t,1400,4650,4600,1450,0,0,0,0,0,0,0,1
ct,3400,4850,4650,3600,1,1,1,1,0,0,1,1
t,1900,1600,0,3500,1,1,1,1,0,0,1,1
t,1900,2800,2600,2100,0,0,0,0,0,0,1,1
t,1900,3300,1300,3900,1,1,1,1,0,0,1,1
t,1900,2200,2200,1900,0,0,0,0,0,0,1,1
t,1400,4000,4000,1400,0,0,0,0,0,0,0,1
ct,1900,2650,700,3850,1,1,1,1,0,0,1,1
ct,1900,2850,900,3850,1,1,1,1,0,0,1,1
ct,1900,3400,1450,3850,1,1,1,1,0,0,1,1
ct,1900,5000,2900,4000,1,1,1,1,0,0,1,1
ct,2400,5000,4850,2550,1,0,0,0,0,0,1,1
t,1400,5400,4800,2000,0,0,0,0,0,0,1,1
ct,2400,5000,4850,2550,1,0,0,0,0,0,1,1
t,1400,5200,4800,1800,0,0,0,0,0,0,1,1
t,1400,6200,6050,1550,0,0,0,0,0,0,0,1
ct,3400,5250,5050,3600,1,1,1,1,0,0,1,1
t,1400,6450,4900,2950,1,1,1,0,0,0,1,1
ct,3400,3550,3550,3400,1,1,1,1,0,0,1,1
t,1400,7150,4900,3650,1,1,1,1,0,0,1,1
t,1400,4550,2750,3200,1,1,1,1,0,0,1,1
ct,3400,3550,700,6250,1,1,1,1,1,1,1,1
ct,3400,3700,1450,5650,1,1,1,1,1,0,1,1
ct,3400,3500,3200,3700,1,1,1,1,0,0,1,1
ct,3400,4100,2100,5400,1,1,1,1,1,0,1,1
t,1400,5800,2200,5000,1,1,1,1,0,0,1,1
ct,1400,6650,6550,1500,0,0,0,0,0,0,0,1
ct,1400,6050,5400,2050,0,0,0,0,0,0,1,1
t,1900,5800,4900,2800,1,1,0,0,0,0,1,1
t,1900,5000,4800,2100,0,0,0,0,0,0,1,1
ct,1900,4550,4550,1900,0,0,0,0,0,0,1,1
ct,1900,6350,5250,3000,1,1,1,0,0,0,1,1
t,1900,800,650,2050,0,0,0,0,0,0,1,1
t,1900,800,650,2050,0,0,0,0,0,0,1,1
t,1900,800,700,2000,0,0,0,0,0,0,1,1
ct,1900,800,650,2050,0,0,0,0,0,0,1,1
t,1900,800,700,2000,0,0,0,0,0,0,1,1
ct,1900,800,800,1900,0,0,0,0,0,0,1,1
ct,1900,800,650,2050,0,0,0,0,0,0,1,1
ct,1900,800,650,2050,0,0,0,0,0,0,1,1
ct,1900,800,650,2050,0,0,0,0,0,0,1,1
t,1900,800,650,2050,0,0,0,0,0,0,1,1
t,2400,2650,2550,2500,1,0,0,0,0,0,1,1
t,2400,2600,2600,2400,0,0,0,0,0,0,1,1
ct,1400,3900,3900,1400,0,0,0,0,0,0,0,1
ct,1400,4050,4050,1400,0,0,0,0,0,0,0,1
ct,1400,4500,4500,1400,0,0,0,0,0,0,0,1
ct,1400,3900,3750,1550,0,0,0,0,0,0,0,1
t,2400,2650,2650,2400,0,0,0,0,0,0,1,1
t,1400,3950,2850,2500,1,0,0,0,0,0,1,1
t,1400,3850,3600,1650,0,0,0,0,0,0,0,1
ct,1900,1500,1450,1950,0,0,0,0,0,0,1,1
ct,1900,1500,1400,2000,0,0,0,0,0,0,1,1
ct,1900,1950,1950,1900,0,0,0,0,0,0,1,1
ct,1900,1600,1550,1950,0,0,0,0,0,0,1,1
ct,2400,2000,0,4400,1,1,1,1,0,0,1,1
ct,2400,2050,200,4250,1,1,1,1,0,0,1,1
ct,2400,2100,0,4500,1,1,1,1,0,0,1,1
ct,2400,2000,0,4400,1,1,1,1,0,0,1,1
ct,2900,4400,4200,3100,1,1,1,0,0,0,1,1
ct,2900,4250,4200,2950,1,1,1,0,0,0,1,1
ct,2900,4500,4350,3050,1,1,1,0,0,0,1,1
ct,2900,4650,3550,4000,1,1,1,1,0,0,1,1
ct,2900,4400,4350,2950,1,1,1,0,0,0,1,1
t,1900,8200,4900,5200,1,1,1,1,0,0,1,1
t,1900,8200,4900,5200,1,1,1,1,0,0,1,1
t,1900,6850,4900,3850,1,1,1,1,0,0,1,1
t,1900,10350,6950,5300,1,1,1,1,0,0,1,1
ct,1400,4200,3550,2050,0,0,0,0,0,0,1,1
ct,1400,5450,5400,1450,0,0,0,0,0,0,0,1
ct,1400,3800,3550,1650,0,0,0,0,0,0,0,1
t,1900,7950,4900,4950,1,1,1,1,0,0,1,1
ct,1900,2150,0,4050,1,1,1,1,0,0,1,1
ct,1900,2550,0,4450,1,1,1,1,0,0,1,1
ct,1900,1950,0,3850,1,1,1,1,0,0,1,1
ct,1900,2150,0,4050,1,1,1,1,0,0,1,1
t,1400,9200,4900,5700,1,1,1,1,1,0,1,1
t,1400,9200,4900,5700,1,1,1,1,1,0,1,1
ct,2400,4700,4550,2550,1,0,0,0,0,0,1,1
ct,2400,5950,5900,2450,1,0,0,0,0,0,1,1
ct,2400,5700,5600,2500,1,0,0,0,0,0,1,1
ct,2400,4500,4400,2500,1,0,0,0,0,0,1,1
ct,2400,4700,4650,2450,1,0,0,0,0,0,1,1
t,1400,9550,4900,6050,1,1,1,1,1,1,1,1
t,1900,5500,3250,4150,1,1,1,1,0,0,1,1
t,1900,5700,4900,2700,1,0,0,0,0,0,1,1
t,1900,9700,6850,4750,1,1,1,1,0,0,1,1
t,1900,5850,4900,2850,1,1,0,0,0,0,1,1
t,2400,4750,4300,2850,1,1,0,0,0,0,1,1
t,2400,3300,3250,2450,1,0,0,0,0,0,1,1
t,2400,5450,4900,2950,1,1,1,0,0,0,1,1
ct,1400,6050,5600,1850,0,0,0,0,0,0,1,1
t,2400,5350,4800,2950,1,1,1,0,0,0,1,1
ct,1400,6950,5600,2750,1,0,0,0,0,0,1,1
t,2400,3850,3800,2450,1,0,0,0,0,0,1,1
t,1400,4200,3450,2150,0,0,0,0,0,0,1,1
t,1400,3600,3500,1500,0,0,0,0,0,0,0,1
t,1400,4400,4400,1400,0,0,0,0,0,0,0,1
t,1900,2750,2750,1900,0,0,0,0,0,0,1,1
t,1900,2000,2000,1900,0,0,0,0,0,0,1,1
t,1900,2100,2000,2000,0,0,0,0,0,0,1,1
t,1900,2300,2200,2000,0,0,0,0,0,0,1,1
t,1900,2900,2850,1950,0,0,0,0,0,0,1,1
t,1900,800,650,2050,0,0,0,0,0,0,1,1
t,1900,800,700,2000,0,0,0,0,0,0,1,1
t,1900,800,650,2050,0,0,0,0,0,0,1,1
t,1900,800,650,2050,0,0,0,0,0,0,1,1
t,1900,800,700,2000,0,0,0,0,0,0,1,1
ct,1400,3500,3350,1550,0,0,0,0,0,0,0,1
ct,1400,4250,4250,1400,0,0,0,0,0,0,0,1
ct,1400,3950,3900,1450,0,0,0,0,0,0,0,1
t,2400,2050,0,4450,1,1,1,1,0,0,1,1
ct,1400,3650,2200,2850,1,1,0,0,0,0,1,1
t,2400,2000,0,4400,1,1,1,1,0,0,1,1
t,2400,2350,200,4550,1,1,1,1,0,0,1,1
t,2400,2350,0,4750,1,1,1,1,0,0,1,1
t,2400,2000,0,4400,1,1,1,1,0,0,1,1
ct,1400,4250,4200,1450,0,0,0,0,0,0,0,1
t,2900,4750,4600,3050,1,1,1,0,0,0,1,1
ct,1400,5250,5050,1600,0,0,0,0,0,0,0,1
t,2900,4400,4400,2900,1,1,0,0,0,0,1,1
t,2900,4550,4400,3050,1,1,1,0,0,0,1,1
t,2900,4750,4600,3050,1,1,1,0,0,0,1,1
t,2900,4400,3900,3400,1,1,1,1,0,0,1,1
ct,1900,1950,1900,1950,0,0,0,0,0,0,1,1
ct,1900,4300,4250,1950,0,0,0,0,0,0,1,1
ct,1900,1900,1600,2200,0,0,0,0,0,0,1,1
t,1400,3250,3100,1550,0,0,0,0,0,0,0,1
t,1400,4000,4000,1400,0,0,0,0,0,0,0,1
t,1400,3750,3700,1450,0,0,0,0,0,0,0,1
ct,1900,3450,3400,1950,0,0,0,0,0,0,1,1
ct,2400,2400,1300,3500,1,1,1,1,0,0,1,1
ct,2400,2450,0,4850,1,1,1,1,0,0,1,1
ct,2400,2150,500,4050,1,1,1,1,0,0,1,1
t,1400,3550,3250,1700,0,0,0,0,0,0,1,1
ct,2400,2100,0,4500,1,1,1,1,0,0,1,1
ct,2900,4550,4550,2900,1,1,0,0,0,0,1,1
ct,2900,5000,5000,2900,1,1,0,0,0,0,1,1
ct,2900,4200,4150,2950,1,1,1,0,0,0,1,1
t,1400,5450,4900,1950,0,0,0,0,0,0,1,1
t,1400,6150,4900,2650,1,0,0,0,0,0,1,1
ct,2900,4450,4350,3000,1,1,1,0,0,0,1,1
ct,3400,3000,1450,4950,1,1,1,1,0,0,1,1
ct,3400,2950,1650,4700,1,1,1,1,0,0,1,1
ct,3400,3100,800,5700,1,1,1,1,1,0,1,1
t,1400,5200,3250,3350,1,1,1,1,0,0,1,1
ct,3400,3050,1750,4700,1,1,1,1,0,0,1,1
ct,3400,4450,4350,3500,1,1,1,1,0,0,1,1
ct,3400,5300,5200,3500,1,1,1,1,0,0,1,1
ct,3400,4750,4600,3550,1,1,1,1,0,0,1,1
ct,3400,5750,5700,3450,1,1,1,1,0,0,1,1
ct,3400,4750,4650,3500,1,1,1,1,0,0,1,1
ct,3400,3650,2450,4600,1,1,1,1,0,0,1,1
ct,3400,3650,2100,4950,1,1,1,1,0,0,1,1
ct,3400,3700,2450,4650,1,1,1,1,0,0,1,1
t,1400,9750,4900,6250,1,1,1,1,1,1,1,1
t,1400,7200,4900,3700,1,1,1,1,0,0,1,1
ct,3400,4250,2700,4950,1,1,1,1,0,0,1,1
ct,1400,5300,5200,1500,0,0,0,0,0,0,0,1
ct,1400,5000,4850,1550,0,0,0,0,0,0,0,1
t,1900,6850,4900,3850,1,1,1,1,0,0,1,1
t,1900,7050,6850,2100,0,0,0,0,0,0,1,1
t,1900,8150,4900,5150,1,1,1,1,0,0,1,1
ct,1900,7000,5200,3700,1,1,1,1,0,0,1,1
ct,1400,4900,4850,1450,0,0,0,0,0,0,0,1
t,1900,7450,4900,4450,1,1,1,1,0,0,1,1
t,1900,7950,5600,4250,1,1,1,1,0,0,1,1
t,1900,8050,4900,5050,1,1,1,1,0,0,1,1
ct,1400,6050,5900,1550,0,0,0,0,0,0,0,1
t,1900,800,650,2050,0,0,0,0,0,0,1,1
ct,1900,800,650,2050,0,0,0,0,0,0,1,1
t,1900,800,650,2050,0,0,0,0,0,0,1,1
ct,1900,800,650,2050,0,0,0,0,0,0,1,1
t,1900,800,650,2050,0,0,0,0,0,0,1,1
ct,1900,800,800,1900,0,0,0,0,0,0,1,1
ct,1900,800,650,2050,0,0,0,0,0,0,1,1
t,1900,800,800,1900,0,0,0,0,0,0,1,1
ct,1900,800,650,2050,0,0,0,0,0,0,1,1
t,1900,800,800,1900,0,0,0,0,0,0,1,1
ct,2400,2050,0,4450,1,1,1,1,0,0,1,1
t,1400,3700,3350,1750,0,0,0,0,0,0,1,1
ct,2400,2050,0,4450,1,1,1,1,0,0,1,1
ct,2400,1900,0,4300,1,1,1,1,0,0,1,1
ct,2400,2050,0,4450,1,1,1,1,0,0,1,1
ct,2400,2050,0,4450,1,1,1,1,0,0,1,1
ct,2900,4450,4350,3000,1,1,1,0,0,0,1,1
ct,2900,4450,4400,2950,1,1,1,0,0,0,1,1
ct,2900,4300,4300,2900,1,1,0,0,0,0,1,1
ct,2900,4450,4400,2950,1,1,1,0,0,0,1,1
ct,2900,4450,4400,2950,1,1,1,0,0,0,1,1
ct,3400,3100,1650,4850,1,1,1,1,0,0,1,1
t,1400,7000,4900,3500,1,1,1,1,0,0,1,1
ct,3400,3050,1650,4800,1,1,1,1,0,0,1,1
ct,3400,3000,1750,4650,1,1,1,1,0,0,1,1
ct,3400,3050,1450,5000,1,1,1,1,0,0,1,1
t,1400,7050,4000,4450,1,1,1,1,0,0,1,1
t,1900,3500,3500,1900,0,0,0,0,0,0,1,1
ct,1400,5650,5200,1850,0,0,0,0,0,0,1,1
t,1900,4450,4400,1950,0,0,0,0,0,0,1,1
t,2400,2450,0,4850,1,1,1,1,0,0,1,1
t,2400,1900,0,4300,1,1,1,1,0,0,1,1
ct,1400,6850,5600,2650,1,0,0,0,0,0,1,1
t,2400,3450,0,5850,1,1,1,1,1,0,1,1
t,2400,2550,0,4950,1,1,1,1,0,0,1,1
t,2900,4850,4400,3350,1,1,1,1,0,0,1,1
t,2900,4300,4200,3000,1,1,1,0,0,0,1,1
t,2900,4950,4800,3050,1,1,1,0,0,0,1,1
t,2900,5150,4800,3250,1,1,1,1,0,0,1,1
t,2900,4950,4900,2950,1,1,1,0,0,0,1,1
ct,1900,6650,5250,3300,1,1,1,1,0,0,1,1
ct,1900,9400,5200,6100,1,1,1,1,1,1,1,1
t,1400,7100,4900,3600,1,1,1,1,0,0,1,1
t,1400,6550,4600,3350,1,1,1,1,0,0,1,1
t,1400,6400,4800,3000,1,1,1,0,0,0,1,1
ct,2400,5450,5200,2650,1,0,0,0,0,0,1,1
ct,2400,6900,5200,4100,1,1,1,1,0,0,1,1
t,1400,5600,4800,2200,0,0,0,0,0,0,1,1
ct,2900,4300,1000,6200,1,1,1,1,1,1,1,1
t,1400,5500,4900,2000,0,0,0,0,0,0,1,1
ct,2900,3000,1650,4250,1,1,1,1,0,0,1,1
ct,2900,3550,2100,4350,1,1,1,1,0,0,1,1
ct,2900,4200,2400,4700,1,1,1,1,0,0,1,1
ct,3400,6700,6700,3400,1,1,1,1,0,0,1,1
ct,3400,5050,5050,3400,1,1,1,1,0,0,1,1
ct,3400,4850,4850,3400,1,1,1,1,0,0,1,1
ct,3400,5250,5200,3450,1,1,1,1,0,0,1,1
t,1400,8500,4800,5100,1,1,1,1,0,0,1,1
ct,3400,4900,4850,3450,1,1,1,1,0,0,1,1
t,1400,5500,4800,2100,0,0,0,0,0,0,1,1
t,1900,2300,2200,2000,0,0,0,0,0,0,1,1
t,1900,5100,4800,2200,0,0,0,0,0,0,1,1
ct,1900,800,650,2050,0,0,0,0,0,0,1,1
ct,1900,800,650,2050,0,0,0,0,0,0,1,1
ct,1900,800,800,1900,0,0,0,0,0,0,1,1
ct,1900,800,650,2050,0,0,0,0,0,0,1,1
ct,1900,800,650,2050,0,0,0,0,0,0,1,1
ct,2400,2050,1950,2500,1,0,0,0,0,0,1,1
t,1400,3500,3150,1750,0,0,0,0,0,0,1,1
ct,2400,2050,600,3850,1,1,1,1,0,0,1,1
t,1400,4850,4450,1800,0,0,0,0,0,0,1,1
t,1400,3500,3500,1400,0,0,0,0,0,0,0,1
t,1400,3950,3800,1550,0,0,0,0,0,0,0,1
ct,2400,2050,2000,2450,1,0,0,0,0,0,1,1
t,1400,3650,3550,1500,0,0,0,0,0,0,0,1
ct,1400,3600,3550,1450,0,0,0,0,0,0,0,1
ct,1400,4950,4900,1450,0,0,0,0,0,0,0,1
t,1900,1400,1400,1900,0,0,0,0,0,0,1,1
t,1900,1550,0,3450,1,1,1,1,0,0,1,1
t,2400,2000,0,4400,1,1,1,1,0,0,1,1
t,2400,1950,0,4350,1,1,1,1,0,0,1,1
t,2400,2200,0,4600,1,1,1,1,0,0,1,1
t,2400,1900,0,4300,1,1,1,1,0,0,1,1
t,2400,2050,0,4450,1,1,1,1,0,0,1,1
t,2900,4400,3900,3400,1,1,1,1,0,0,1,1
t,2900,4950,4900,2950,1,1,1,0,0,0,1,1
t,2900,4600,4600,2900,1,1,0,0,0,0,1,1
t,2900,4300,4200,3000,1,1,1,0,0,0,1,1
t,2900,4450,3900,3450,1,1,1,1,0,0,1,1
t,3400,2950,1650,4700,1,1,1,1,0,0,1,1
t,3400,2900,1800,4500,1,1,1,1,0,0,1,1
t,3400,3000,1950,4450,1,1,1,1,0,0,1,1
t,3400,3450,2750,4100,1,1,1,1,0,0,1,1
ct,1400,9550,5000,5950,1,1,1,1,1,1,1,1
t,3400,4700,4600,3500,1,1,1,1,0,0,1,1
t,3400,4500,4400,3500,1,1,1,1,0,0,1,1
t,3400,4450,4200,3650,1,1,1,1,0,0,1,1
t,3400,4100,4000,3500,1,1,1,1,0,0,1,1
t,1900,800,650,2050,0,0,0,0,0,0,1,1
t,1900,800,650,2050,0,0,0,0,0,0,1,1
t,1900,800,700,2000,0,0,0,0,0,0,1,1
t,1900,800,650,2050,0,0,0,0,0,0,1,1
ct,1900,800,650,2050,0,0,0,0,0,0,1,1
ct,1900,800,650,2050,0,0,0,0,0,0,1,1
ct,1900,800,800,1900,0,0,0,0,0,0,1,1
ct,1900,800,650,2050,0,0,0,0,0,0,1,1
ct,1900,800,800,1900,0,0,0,0,0,0,1,1
t,1900,800,700,2000,0,0,0,0,0,0,1,1
t,1400,3350,3250,1500,0,0,0,0,0,0,0,1
t,1400,3400,3300,1500,0,0,0,0,0,0,0,1
ct,2400,2800,2800,2400,0,0,0,0,0,0,1,1
ct,2400,2200,1900,2700,1,0,0,0,0,0,1,1
ct,2400,2050,1950,2500,1,0,0,0,0,0,1,1
ct,2400,2350,2300,2450,1,0,0,0,0,0,1,1
t,1400,4550,4400,1550,0,0,0,0,0,0,0,1
ct,2900,2800,700,5000,1,1,1,1,0,0,1,1
ct,2900,2500,500,4900,1,1,1,1,0,0,1,1
ct,2900,2600,0,5500,1,1,1,1,1,0,1,1
ct,2900,2850,500,5250,1,1,1,1,0,0,1,1
ct,3400,5000,4950,3450,1,1,1,1,0,0,1,1
ct,3400,4900,4850,3450,1,1,1,1,0,0,1,1
ct,3400,5000,4850,3550,1,1,1,1,0,0,1,1
ct,3400,5100,4850,3650,1,1,1,1,0,0,1,1
ct,3400,5250,5250,3400,1,1,1,1,0,0,1,1
t,1400,7950,4900,4450,1,1,1,1,0,0,1,1
t,1400,8150,4900,4650,1,1,1,1,0,0,1,1
ct,3400,3600,1800,5200,1,1,1,1,0,0,1,1
ct,3400,3600,1150,5850,1,1,1,1,1,0,1,1
ct,3400,4000,2150,5250,1,1,1,1,0,0,1,1
ct,3400,3800,2200,5000,1,1,1,1,0,0,1,1
t,1400,6500,4900,3000,1,1,1,0,0,0,1,1
t,1400,9800,5100,6100,1,1,1,1,1,1,1,1
ct,3400,5400,5250,3550,1,1,1,1,0,0,1,1
ct,3400,6050,6000,3450,1,1,1,1,0,0,1,1
ct,3400,5750,5250,3900,1,1,1,1,0,0,1,1
ct,3400,6100,5250,4250,1,1,1,1,0,0,1,1
t,1400,8200,4800,4800,1,1,1,1,0,0,1,1
ct,3400,3950,3850,3500,1,1,1,1,0,0,1,1
t,1400,10050,4900,6550,1,1,1,1,1,1,1,1
ct,3400,5100,4850,3650,1,1,1,1,0,0,1,1
ct,3400,4200,4100,3500,1,1,1,1,0,0,1,1
ct,3400,5800,4850,4350,1,1,1,1,0,0,1,1
t,1400,7400,4900,3900,1,1,1,1,0,0,1,1
t,1900,6550,5100,3350,1,1,1,1,0,0,1,1
t,1900,5650,4900,2650,1,0,0,0,0,0,1,1
t,2400,3350,1200,4550,1,1,1,1,0,0,1,1
t,2400,2950,600,4750,1,1,1,1,0,0,1,1
t,2400,2050,0,4450,1,1,1,1,0,0,1,1
t,2400,2000,0,4400,1,1,1,1,0,0,1,1
t,2900,4550,4400,3050,1,1,1,0,0,0,1,1
t,2900,4750,4600,3050,1,1,1,0,0,0,1,1
t,2900,4450,4400,2950,1,1,1,0,0,0,1,1
t,2900,4400,4400,2900,1,1,0,0,0,0,1,1
ct,1400,6850,5800,2450,1,0,0,0,0,0,1,1
ct,1400,5800,5800,1400,0,0,0,0,0,0,0,1
t,3400,3950,3950,3400,1,1,1,1,0,0,1,1
t,3400,3650,3500,3550,1,1,1,1,0,0,1,1
t,3400,3500,3500,3400,1,1,1,1,0,0,1,1
ct,1400,7700,5800,3300,1,1,1,1,0,0,1,1
t,3400,4600,4600,3400,1,1,1,1,0,0,1,1
ct,1900,800,650,2050,0,0,0,0,0,0,1,1
ct,1900,800,650,2050,0,0,0,0,0,0,1,1
ct,1900,800,800,1900,0,0,0,0,0,0,1,1
ct,1900,800,650,2050,0,0,0,0,0,0,1,1
ct,1900,800,650,2050,0,0,0,0,0,0,1,1
ct,1400,3650,3550,1500,0,0,0,0,0,0,0,1
ct,1400,3500,3350,1550,0,0,0,0,0,0,0,1
ct,1400,3950,2950,2400,0,0,0,0,0,0,1,1
t,2400,2000,0,4400,1,1,1,1,0,0,1,1
t,2400,2050,0,4450,1,1,1,1,0,0,1,1
t,2400,2050,0,4450,1,1,1,1,0,0,1,1
t,2400,2050,0,4450,1,1,1,1,0,0,1,1
t,2400,2000,0,4400,1,1,1,1,0,0,1,1
t,2900,4400,4400,2900,1,1,0,0,0,0,1,1
t,2900,4450,4400,2950,1,1,1,0,0,0,1,1
t,2900,4450,4400,2950,1,1,1,0,0,0,1,1
t,2900,4750,4700,2950,1,1,1,0,0,0,1,1
t,2900,4400,4400,2900,1,1,0,0,0,0,1,1
ct,1400,6700,5800,2300,0,0,0,0,0,0,1,1
t,3400,3200,1650,4950,1,1,1,1,0,0,1,1
t,3400,2950,1850,4500,1,1,1,1,0,0,1,1
t,3400,2950,1550,4800,1,1,1,1,0,0,1,1
t,3400,2900,1500,4800,1,1,1,1,0,0,1,1
t,3400,4950,4800,3550,1,1,1,1,0,0,1,1
t,3400,4700,4600,3500,1,1,1,1,0,0,1,1
t,3400,4800,4800,3400,1,1,1,1,0,0,1,1
t,3400,3450,3300,3550,1,1,1,1,0,0,1,1
t,3400,4800,4700,3500,1,1,1,1,0,0,1,1
ct,1900,8100,5600,4400,1,1,1,1,0,0,1,1
t,1400,3950,3900,1450,0,0,0,0,0,0,0,1
ct,2400,7150,5600,3950,1,1,1,1,0,0,1,1
ct,2400,6000,5600,2800,1,1,0,0,0,0,1,1
t,1400,3550,3500,1450,0,0,0,0,0,0,0,1
t,1400,4800,4700,1500,0,0,0,0,0,0,0,1
t,1400,5250,5100,1550,0,0,0,0,0,0,0,1
ct,2900,5500,5400,3000,1,1,1,0,0,0,1,1
ct,2900,4500,4350,3050,1,1,1,0,0,0,1,1
ct,2900,3050,3000,2950,1,1,1,0,0,0,1,1
t,1400,3550,3500,1450,0,0,0,0,0,0,0,1
t,1400,4100,4000,1500,0,0,0,0,0,0,0,1
t,1400,3900,3900,1400,0,0,0,0,0,0,0,1
t,1400,3650,1700,3350,1,1,1,1,0,0,1,1
t,1400,4100,4000,1500,0,0,0,0,0,0,0,1
t,1900,1950,1950,1900,0,0,0,0,0,0,1,1
t,1900,1900,1800,2000,0,0,0,0,0,0,1,1
t,1900,2300,2300,1900,0,0,0,0,0,0,1,1
t,1900,2000,1850,2050,0,0,0,0,0,0,1,1
ct,1900,800,650,2050,0,0,0,0,0,0,1,1
ct,1900,800,800,1900,0,0,0,0,0,0,1,1
t,1900,800,700,2000,0,0,0,0,0,0,1,1
ct,1900,800,650,2050,0,0,0,0,0,0,1,1
ct,1900,800,650,2050,0,0,0,0,0,0,1,1
t,1900,800,650,2050,0,0,0,0,0,0,1,1
t,1900,800,650,2050,0,0,0,0,0,0,1,1
t,1900,800,700,2000,0,0,0,0,0,0,1,1
t,1900,800,800,1900,0,0,0,0,0,0,1,1
ct,1900,800,650,2050,0,0,0,0,0,0,1,1
ct,1400,4050,3950,1500,0,0,0,0,0,0,0,1
t,2400,2600,2600,2400,0,0,0,0,0,0,1,1
ct,1400,3900,3750,1550,0,0,0,0,0,0,0,1
ct,1400,4200,4200,1400,0,0,0,0,0,0,0,1
t,2400,2950,2800,2550,1,0,0,0,0,0,1,1
t,2400,2800,2800,2400,0,0,0,0,0,0,1,1
t,2900,2400,0,5300,1,1,1,1,0,0,1,1
t,2900,2750,700,4950,1,1,1,1,0,0,1,1
t,2900,2550,700,4750,1,1,1,1,0,0,1,1
t,2900,2400,0,5300,1,1,1,1,0,0,1,1
t,2900,2400,0,5300,1,1,1,1,0,0,1,1
t,3400,5600,4800,4200,1,1,1,1,0,0,1,1
t,3400,4950,4900,3450,1,1,1,1,0,0,1,1
t,3400,4750,4600,3550,1,1,1,1,0,0,1,1
t,3400,5000,4800,3600,1,1,1,1,0,0,1,1
t,3400,5300,4800,3900,1,1,1,1,0,0,1,1
t,3400,4200,4200,3400,1,1,1,1,0,0,1,1
t,3400,3550,3550,3400,1,1,1,1,0,0,1,1
t,3400,3600,3550,3450,1,1,1,1,0,0,1,1
ct,1400,9450,5500,5350,1,1,1,1,0,0,1,1
t,3400,3700,1050,6050,1,1,1,1,1,1,1,1
ct,1400,11950,5200,8150,1,1,1,1,1,1,1,1
t,3400,3450,0,6850,1,1,1,1,1,1,1,1
t,3400,3700,0,7100,1,1,1,1,1,1,1,1
t,3400,3450,1150,5700,1,1,1,1,1,0,1,1
ct,1400,10450,5600,6250,1,1,1,1,1,1,1,1
t,3400,5250,4800,3850,1,1,1,1,0,0,1,1
t,3400,5500,4900,4000,1,1,1,1,0,0,1,1
t,3400,5050,4900,3550,1,1,1,1,0,0,1,1
t,3400,5000,4800,3600,1,1,1,1,0,0,1,1
t,3400,4100,4050,3450,1,1,1,1,0,0,1,1
t,3400,3850,700,6550,1,1,1,1,1,1,1,1
t,3400,4000,2800,4600,1,1,1,1,0,0,1,1
t,3400,3550,2250,4700,1,1,1,1,0,0,1,1
t,3400,3600,1850,5150,1,1,1,1,0,0,1,1
t,3400,5800,4800,4400,1,1,1,1,0,0,1,1
t,3400,5200,4900,3700,1,1,1,1,0,0,1,1
t,3400,5500,4800,4100,1,1,1,1,0,0,1,1
t,3400,5650,4900,4150,1,1,1,1,0,0,1,1
t,3400,7450,6850,4000,1,1,1,1,0,0,1,1
ct,1400,14000,5600,9800,1,1,1,1,1,1,1,1
ct,1400,16000,8150,9250,1,1,1,1,1,1,1,1
ct,1400,16000,5600,11800,1,1,1,1,1,1,1,1
t,3400,5000,2600,5800,1,1,1,1,1,0,1,1
ct,1400,16000,5800,11600,1,1,1,1,1,1,1,1
t,3400,3700,2300,4800,1,1,1,1,0,0,1,1
t,3400,4400,3150,4650,1,1,1,1,0,0,1,1
t,3400,3950,2350,5000,1,1,1,1,0,0,1,1
t,3400,5800,4800,4400,1,1,1,1,0,0,1,1
t,3400,4800,4800,3400,1,1,1,1,0,0,1,1
t,3400,5050,4800,3650,1,1,1,1,0,0,1,1
t,3400,5000,4800,3600,1,1,1,1,0,0,1,1
ct,1900,11900,8150,5650,1,1,1,1,1,0,1,1
ct,1900,14350,5600,10650,1,1,1,1,1,1,1,1
t,1400,4250,2800,2850,1,1,0,0,0,0,1,1
ct,1900,13350,6500,8750,1,1,1,1,1,1,1,1
ct,1900,12650,5600,8950,1,1,1,1,1,1,1,1
t,1900,800,800,1900,0,0,0,0,0,0,1,1
t,1900,800,800,1900,0,0,0,0,0,0,1,1
t,1900,800,650,2050,0,0,0,0,0,0,1,1
t,1900,800,650,2050,0,0,0,0,0,0,1,1
t,1900,800,650,2050,0,0,0,0,0,0,1,1
t,1400,3550,3500,1450,0,0,0,0,0,0,0,1
t,1400,3850,3700,1550,0,0,0,0,0,0,0,1
t,1400,3400,3150,1650,0,0,0,0,0,0,0,1
t,1400,4000,3950,1450,0,0,0,0,0,0,0,1
ct,2400,2800,2700,2500,1,0,0,0,0,0,1,1
ct,2400,2200,2200,2400,0,0,0,0,0,0,1,1
ct,2400,2500,2450,2450,1,0,0,0,0,0,1,1
t,1400,3700,3700,1400,0,0,0,0,0,0,0,1
ct,2900,2550,1450,4000,1,1,1,1,0,0,1,1
ct,2900,3050,2900,3050,1,1,1,0,0,0,1,1
ct,2900,2550,2450,3000,1,1,1,0,0,0,1,1
ct,2900,2500,2350,3050,1,1,1,0,0,0,1,1
t,1900,800,650,2050,0,0,0,0,0,0,1,1
t,1900,800,650,2050,0,0,0,0,0,0,1,1
ct,1900,800,800,1900,0,0,0,0,0,0,1,1
ct,1900,800,650,2050,0,0,0,0,0,0,1,1
t,1900,800,800,1900,0,0,0,0,0,0,1,1
ct,1900,800,650,2050,0,0,0,0,0,0,1,1
ct,1900,800,650,2050,0,0,0,0,0,0,1,1
t,1900,800,700,2000,0,0,0,0,0,0,1,1
t,1900,800,650,2050,0,0,0,0,0,0,1,1
ct,1900,800,650,2050,0,0,0,0,0,0,1,1
t,1400,3650,3250,1800,0,0,0,0,0,0,1,1
t,1400,4250,4000,1650,0,0,0,0,0,0,0,1
ct,2400,2900,2850,2450,1,0,0,0,0,0,1,1
t,1400,3900,3600,1700,0,0,0,0,0,0,1,1
ct,2400,2300,2200,2500,1,0,0,0,0,0,1,1
t,1900,1800,1800,1900,0,0,0,0,0,0,1,1
t,1900,1650,1650,1900,0,0,0,0,0,0,1,1
ct,1400,3900,3550,1750,0,0,0,0,0,0,1,1
ct,1400,3800,3550,1650,0,0,0,0,0,0,0,1
t,1900,2300,2150,2050,0,0,0,0,0,0,1,1
t,1900,1450,1450,1900,0,0,0,0,0,0,1,1
ct,1400,4800,4700,1500,0,0,0,0,0,0,0,1
t,2400,1900,0,4300,1,1,1,1,0,0,1,1
t,2400,1900,0,4300,1,1,1,1,0,0,1,1
t,2400,1900,0,4300,1,1,1,1,0,0,1,1
t,2400,2050,0,4450,1,1,1,1,0,0,1,1
t,2400,1900,0,4300,1,1,1,1,0,0,1,1
t,2900,4600,4600,2900,1,1,0,0,0,0,1,1
t,2900,4300,4000,3200,1,1,1,1,0,0,1,1
ct,1400,7750,5200,3950,1,1,1,1,0,0,1,1
t,2900,4300,3900,3300,1,1,1,1,0,0,1,1
t,2900,4450,4300,3050,1,1,1,0,0,0,1,1
t,2900,4300,4200,3000,1,1,1,0,0,0,1,1
t,3400,3200,1000,5600,1,1,1,1,1,0,1,1
t,3400,3050,1750,4700,1,1,1,1,0,0,1,1
t,3400,3000,1450,4950,1,1,1,1,0,0,1,1
ct,1400,10000,5600,5800,1,1,1,1,1,0,1,1
t,3400,6500,4800,5100,1,1,1,1,0,0,1,1
t,3400,5200,4900,3700,1,1,1,1,0,0,1,1
ct,1400,12750,7450,6700,1,1,1,1,1,1,1,1
t,3400,7300,6950,3750,1,1,1,1,0,0,1,1
ct,1400,13000,5600,8800,1,1,1,1,1,1,1,1
ct,1400,15300,5600,11100,1,1,1,1,1,1,1,1
t,3400,5900,4900,4400,1,1,1,1,0,0,1,1
t,3400,5550,4800,4150,1,1,1,1,0,0,1,1
t,1400,5500,4600,2300,0,0,0,0,0,0,1,1
ct,1900,10100,5200,6800,1,1,1,1,1,1,1,1
ct,1900,9200,5600,5500,1,1,1,1,1,0,1,1
ct,1900,11500,5600,7800,1,1,1,1,1,1,1,1
ct,1900,9150,5250,5800,1,1,1,1,1,0,1,1
t,1900,5000,4900,2000,0,0,0,0,0,0,1,1
ct,1400,9650,5600,5450,1,1,1,1,1,0,1,1
t,1900,5800,4900,2800,1,1,0,0,0,0,1,1
t,1900,4250,4200,1950,0,0,0,0,0,0,1,1
ct,1400,7950,5600,3750,1,1,1,1,0,0,1,1
ct,1900,7650,5600,3950,1,1,1,1,0,0,1,1
ct,1900,5450,5200,2150,0,0,0,0,0,0,1,1
t,1400,6300,4700,3000,1,1,1,0,0,0,1,1
ct,2400,4000,3850,2550,1,0,0,0,0,0,1,1
ct,2900,4050,4050,2900,1,1,0,0,0,0,1,1
ct,2900,3150,0,6050,1,1,1,1,1,1,1,1
ct,2900,2650,2500,3050,1,1,1,0,0,0,1,1
t,1400,9300,5600,5100,1,1,1,1,0,0,1,1
ct,2900,3400,3400,2900,1,1,0,0,0,0,1,1
t,1900,800,700,2000,0,0,0,0,0,0,1,1
t,1900,800,650,2050,0,0,0,0,0,0,1,1
t,1900,800,650,2050,0,0,0,0,0,0,1,1
t,1900,800,650,2050,0,0,0,0,0,0,1,1
t,1900,800,650,2050,0,0,0,0,0,0,1,1
ct,1400,3950,3850,1500,0,0,0,0,0,0,0,1
ct,1400,3800,3550,1650,0,0,0,0,0,0,0,1
t,2400,2000,2000,2400,0,0,0,0,0,0,1,1
ct,1400,3650,3550,1500,0,0,0,0,0,0,0,1
t,2400,2050,2000,2450,1,0,0,0,0,0,1,1
t,2400,2050,1950,2500,1,0,0,0,0,0,1,1
ct,1400,4550,4500,1450,0,0,0,0,0,0,0,1
ct,1400,3650,3550,1500,0,0,0,0,0,0,0,1
t,2400,2050,2000,2450,1,0,0,0,0,0,1,1
t,2900,2400,0,5300,1,1,1,1,0,0,1,1
t,2900,2800,0,5700,1,1,1,1,1,0,1,1
t,2900,2450,0,5350,1,1,1,1,0,0,1,1
t,2900,2500,700,4700,1,1,1,1,0,0,1,1
t,2900,2450,0,5350,1,1,1,1,0,0,1,1
t,3400,5300,5100,3600,1,1,1,1,0,0,1,1
t,3400,5700,5700,3400,1,1,1,1,0,0,1,1
t,3400,5350,4800,3950,1,1,1,1,0,0,1,1
t,3400,4700,4700,3400,1,1,1,1,0,0,1,1
t,3400,5350,4900,3850,1,1,1,1,0,0,1,1
ct,1400,8250,5600,4050,1,1,1,1,0,0,1,1
t,3400,3600,1950,5050,1,1,1,1,0,0,1,1
t,3400,3400,1100,5700,1,1,1,1,1,0,1,1
t,3400,3700,2000,5100,1,1,1,1,0,0,1,1
ct,1400,10600,5200,6800,1,1,1,1,1,1,1,1
t,3400,4150,2850,4700,1,1,1,1,0,0,1,1
t,3400,5050,4800,3650,1,1,1,1,0,0,1,1
t,3400,5700,5700,3400,1,1,1,1,0,0,1,1
t,3400,4950,4800,3550,1,1,1,1,0,0,1,1
t,3400,4700,4600,3500,1,1,1,1,0,0,1,1
ct,1400,9600,5600,5400,1,1,1,1,1,0,1,1
t,3400,3650,3550,3500,1,1,1,1,0,0,1,1
t,3400,3900,3800,3500,1,1,1,1,0,0,1,1
ct,1900,14350,5600,10650,1,1,1,1,1,1,1,1
ct,1900,12100,7950,6050,1,1,1,1,1,1,1,1
t,1400,3700,3150,1950,0,0,0,0,0,0,1,1
ct,1900,11450,4850,8500,1,1,1,1,1,1,1,1
t,1900,800,650,2050,0,0,0,0,0,0,1,1
t,1900,800,650,2050,0,0,0,0,0,0,1,1
ct,1900,800,650,2050,0,0,0,0,0,0,1,1
ct,1900,800,650,2050,0,0,0,0,0,0,1,1
ct,1900,800,800,1900,0,0,0,0,0,0,1,1
ct,1900,800,650,2050,0,0,0,0,0,0,1,1
ct,1900,800,650,2050,0,0,0,0,0,0,1,1
t,1900,800,700,2000,0,0,0,0,0,0,1,1
t,1900,800,700,2000,0,0,0,0,0,0,1,1
t,1900,800,700,2000,0,0,0,0,0,0,1,1
t,1400,4000,4000,1400,0,0,0,0,0,0,0,1
t,1400,3400,3350,1450,0,0,0,0,0,0,0,1
ct,2400,2150,1900,2650,1,0,0,0,0,0,1,1
ct,2400,2150,2100,2450,1,0,0,0,0,0,1,1
ct,2400,2000,1900,2500,1,0,0,0,0,0,1,1
ct,2400,2450,2350,2500,1,0,0,0,0,0,1,1
ct,2400,2150,2100,2450,1,0,0,0,0,0,1,1
t,1400,3350,3250,1500,0,0,0,0,0,0,0,1
t,1400,3650,3500,1550,0,0,0,0,0,0,0,1
t,1400,4250,4200,1450,0,0,0,0,0,0,0,1
ct,2900,3400,0,6300,1,1,1,1,1,1,1,1
ct,2900,2600,300,5200,1,1,1,1,0,0,1,1
ct,2900,2650,700,4850,1,1,1,1,0,0,1,1
ct,2900,2600,800,4700,1,1,1,1,0,0,1,1
ct,3400,5500,5200,3700,1,1,1,1,0,0,1,1
ct,3400,4700,4650,3450,1,1,1,1,0,0,1,1
ct,3400,3550,2200,4750,1,1,1,1,0,0,1,1
ct,3400,3550,2400,4550,1,1,1,1,0,0,1,1
ct,3400,4800,4650,3550,1,1,1,1,0,0,1,1
ct,3400,5300,4850,3850,1,1,1,1,0,0,1,1
ct,3400,6400,6400,3400,1,1,1,1,0,0,1,1
ct,3400,5450,5200,3650,1,1,1,1,0,0,1,1
t,1400,11200,4800,7800,1,1,1,1,1,1,1,1
t,1400,12900,4900,9400,1,1,1,1,1,1,1,1
ct,3400,3700,950,6150,1,1,1,1,1,1,1,1
ct,3400,3550,2350,4600,1,1,1,1,0,0,1,1
ct,3400,3800,2900,4300,1,1,1,1,0,0,1,1
t,1400,9900,4800,6500,1,1,1,1,1,1,1,1
t,1400,12550,4900,9050,1,1,1,1,1,1,1,1
ct,3400,5250,5050,3600,1,1,1,1,0,0,1,1
ct,3400,5000,4850,3550,1,1,1,1,0,0,1,1
ct,3400,4700,4650,3450,1,1,1,1,0,0,1,1
ct,3400,4700,4700,3400,1,1,1,1,0,0,1,1
t,1400,8350,4800,4950,1,1,1,1,0,0,1,1
t,1900,9050,4900,6050,1,1,1,1,1,1,1,1
ct,1400,3850,2500,2750,1,0,0,0,0,0,1,1
t,1900,10200,4900,7200,1,1,1,1,1,1,1,1
t,1900,15250,6850,10300,1,1,1,1,1,1,1,1
ct,1900,4600,4550,1950,0,0,0,0,0,0,1,1
t,1900,8150,4900,5150,1,1,1,1,0,0,1,1
t,1900,9250,4800,6350,1,1,1,1,1,1,1,1
t,1900,9200,4800,6300,1,1,1,1,1,1,1,1
t,1900,12500,6850,7550,1,1,1,1,1,1,1,1
t,2400,5450,5400,2450,1,0,0,0,0,0,1,1
t,2400,6350,5600,3150,1,1,1,1,0,0,1,1
ct,1400,8250,6500,3150,1,1,1,1,0,0,1,1
ct,1400,6100,6100,1400,0,0,0,0,0,0,0,1
t,2400,6000,4800,3600,1,1,1,1,0,0,1,1
t,2400,5250,4800,2850,1,1,0,0,0,0,1,1
t,1900,800,650,2050,0,0,0,0,0,0,1,1
t,1900,800,650,2050,0,0,0,0,0,0,1,1
t,1900,800,800,1900,0,0,0,0,0,0,1,1
t,1900,800,650,2050,0,0,0,0,0,0,1,1
t,1900,800,650,2050,0,0,0,0,0,0,1,1
ct,2400,2450,2450,2400,0,0,0,0,0,0,1,1
ct,2400,2150,1900,2650,1,0,0,0,0,0,1,1
t,1400,3700,3700,1400,0,0,0,0,0,0,0,1
t,1400,3250,3250,1400,0,0,0,0,0,0,0,1
t,1400,3700,3650,1450,0,0,0,0,0,0,0,1
t,1400,4300,4300,1400,0,0,0,0,0,0,0,1
ct,2400,2150,2100,2450,1,0,0,0,0,0,1,1
ct,2400,2450,1350,3500,1,1,1,1,0,0,1,1
ct,2900,2450,500,4850,1,1,1,1,0,0,1,1
ct,2900,2700,500,5100,1,1,1,1,0,0,1,1
ct,2900,3050,200,5750,1,1,1,1,1,0,1,1
ct,2900,2500,700,4700,1,1,1,1,0,0,1,1
ct,2900,3550,0,6450,1,1,1,1,1,1,1,1
ct,3400,5200,5200,3400,1,1,1,1,0,0,1,1
ct,3400,5150,5000,3550,1,1,1,1,0,0,1,1
ct,3400,5800,5800,3400,1,1,1,1,0,0,1,1
ct,3400,4750,4700,3450,1,1,1,1,0,0,1,1
ct,3400,6500,6500,3400,1,1,1,1,0,0,1,1
t,1900,5800,4800,2900,1,1,0,0,0,0,1,1
t,1900,4900,4800,2000,0,0,0,0,0,0,1,1
t,1900,6000,4800,3100,1,1,1,0,0,0,1,1
t,2400,2100,2000,2500,1,0,0,0,0,0,1,1
t,2400,2000,1450,2950,1,1,1,0,0,0,1,1
ct,1400,5950,5200,2150,0,0,0,0,0,0,1,1
ct,1400,6450,5600,2250,0,0,0,0,0,0,1,1
t,2900,3400,3300,3000,1,1,1,0,0,0,1,1
t,2900,2750,2600,3050,1,1,1,0,0,0,1,1
t,2900,2500,2500,2900,1,1,0,0,0,0,1,1
ct,1400,8100,5600,3900,1,1,1,1,0,0,1,1
t,1900,800,650,2050,0,0,0,0,0,0,1,1
ct,1900,800,650,2050,0,0,0,0,0,0,1,1
ct,1900,800,650,2050,0,0,0,0,0,0,1,1
ct,1900,800,650,2050,0,0,0,0,0,0,1,1
t,1900,800,650,2050,0,0,0,0,0,0,1,1
t,1900,800,650,2050,0,0,0,0,0,0,1,1
ct,1900,800,650,2050,0,0,0,0,0,0,1,1
ct,1900,800,800,1900,0,0,0,0,0,0,1,1
t,1900,800,700,2000,0,0,0,0,0,0,1,1
t,1900,800,700,2000,0,0,0,0,0,0,1,1
t,1400,4250,4200,1450,0,0,0,0,0,0,0,1
ct,2400,2200,2200,2400,0,0,0,0,0,0,1,1
ct,2400,2200,1950,2650,1,0,0,0,0,0,1,1
t,1400,3650,3450,1600,0,0,0,0,0,0,0,1
t,1400,3650,3500,1550,0,0,0,0,0,0,0,1
ct,2400,2200,1700,2900,1,1,0,0,0,0,1,1
t,1400,3600,3100,1900,0,0,0,0,0,0,1,1
t,1400,4500,4400,1500,0,0,0,0,0,0,0,1
ct,2900,2850,800,4950,1,1,1,1,0,0,1,1
ct,2900,2800,600,5100,1,1,1,1,0,0,1,1
ct,2900,2550,500,4950,1,1,1,1,0,0,1,1
t,1400,3450,3250,1600,0,0,0,0,0,0,0,1
ct,2900,3350,300,5950,1,1,1,1,1,1,1,1
ct,2900,2900,700,5100,1,1,1,1,0,0,1,1
ct,3400,5050,5000,3450,1,1,1,1,0,0,1,1
ct,3400,5800,5600,3600,1,1,1,1,0,0,1,1
ct,3400,5050,4900,3550,1,1,1,1,0,0,1,1
ct,3400,6050,6000,3450,1,1,1,1,0,0,1,1
ct,3400,5200,5050,3550,1,1,1,1,0,0,1,1
t,1900,3750,3700,1950,0,0,0,0,0,0,1,1
t,1900,2000,2000,1900,0,0,0,0,0,0,1,1
t,1900,4850,4800,1950,0,0,0,0,0,0,1,1
t,1900,4800,4800,1900,0,0,0,0,0,0,1,1
t,1900,3400,3150,2150,0,0,0,0,0,0,1,1
t,1400,3900,2750,2550,1,0,0,0,0,0,1,1
ct,1900,5000,4900,2000,0,0,0,0,0,0,1,1
ct,1900,4050,4050,1900,0,0,0,0,0,0,1,1
ct,1900,3600,3550,1950,0,0,0,0,0,0,1,1
ct,2400,3000,1450,3950,1,1,1,1,0,0,1,1
ct,2400,2900,1000,4300,1,1,1,1,0,0,1,1
ct,2400,2950,1450,3900,1,1,1,1,0,0,1,1
ct,2400,2950,1650,3700,1,1,1,1,0,0,1,1
t,1900,6500,4800,3600,1,1,1,1,0,0,1,1
ct,1400,5950,5600,1750,0,0,0,0,0,0,1,1
ct,1400,6450,3800,4050,1,1,1,1,0,0,1,1
t,1900,7700,4800,4800,1,1,1,1,0,0,1,1
t,1900,6650,4800,3750,1,1,1,1,0,0,1,1
t,1900,7550,6850,2600,1,0,0,0,0,0,1,1
t,1900,5250,4400,2750,1,0,0,0,0,0,1,1
t,2400,3600,1650,4350,1,1,1,1,0,0,1,1
t,2400,3750,1650,4500,1,1,1,1,0,0,1,1
ct,1400,6050,5400,2050,0,0,0,0,0,0,1,1
t,2400,2600,700,4300,1,1,1,1,0,0,1,1
t,2400,2750,500,4650,1,1,1,1,0,0,1,1
ct,1900,4900,4850,1950,0,0,0,0,0,0,1,1
ct,1900,7400,5200,4100,1,1,1,1,0,0,1,1
t,1400,5350,4800,1950,0,0,0,0,0,0,1,1
t,1400,5500,4900,2000,0,0,0,0,0,0,1,1
t,1400,7200,5100,3500,1,1,1,1,0,0,1,1
ct,2400,3350,1450,4300,1,1,1,1,0,0,1,1
ct,2400,2600,500,4500,1,1,1,1,0,0,1,1
ct,2400,4750,3550,3600,1,1,1,1,0,0,1,1
t,1400,5550,4800,2150,0,0,0,0,0,0,1,1
ct,2400,2750,500,4650,1,1,1,1,0,0,1,1
t,1900,3500,3500,1900,0,0,0,0,0,0,1,1
ct,1400,5600,5600,1400,0,0,0,0,0,0,0,1
t,1900,2150,2050,2000,0,0,0,0,0,0,1,1
ct,1400,5750,5600,1550,0,0,0,0,0,0,0,1
t,1900,2250,2200,1950,0,0,0,0,0,0,1,1
t,1900,4700,4400,2200,0,0,0,0,0,0,1,1
t,1900,800,650,2050,0,0,0,0,0,0,1,1
t,1900,800,650,2050,0,0,0,0,0,0,1,1
t,1900,800,650,2050,0,0,0,0,0,0,1,1
t,1900,800,800,1900,0,0,0,0,0,0,1,1
t,1900,800,700,2000,0,0,0,0,0,0,1,1
ct,2400,2150,2100,2450,1,0,0,0,0,0,1,1
t,1400,3700,3700,1400,0,0,0,0,0,0,0,1
t,1400,4300,4300,1400,0,0,0,0,0,0,0,1
ct,2400,2150,2050,2500,1,0,0,0,0,0,1,1
ct,2400,2150,1950,2600,1,0,0,0,0,0,1,1
t,1400,3250,3100,1550,0,0,0,0,0,0,0,1
t,1400,3350,2750,2000,0,0,0,0,0,0,1,1
ct,2400,2150,2100,2450,1,0,0,0,0,0,1,1
ct,2900,2500,1150,4250,1,1,1,1,0,0,1,1
ct,2900,2850,800,4950,1,1,1,1,0,0,1,1
ct,2900,2650,300,5250,1,1,1,1,0,0,1,1
ct,3400,4350,4200,3550,1,1,1,1,0,0,1,1
t,1400,6100,4900,2600,1,0,0,0,0,0,1,1
ct,3400,5050,4850,3600,1,1,1,1,0,0,1,1
ct,3400,5650,4400,4650,1,1,1,1,0,0,1,1
ct,3400,4950,4850,3500,1,1,1,1,0,0,1,1
t,1900,5400,4800,2500,1,0,0,0,0,0,1,1
t,1900,5300,4000,3200,1,1,1,1,0,0,1,1
t,2400,2500,0,4900,1,1,1,1,0,0,1,1
t,2400,3100,800,4700,1,1,1,1,0,0,1,1
t,2400,2500,700,4200,1,1,1,1,0,0,1,1
t,2400,3900,700,5600,1,1,1,1,1,0,1,1
t,2400,2600,0,5000,1,1,1,1,0,0,1,1
ct,1400,5600,5600,1400,0,0,0,0,0,0,0,1
t,2900,4900,4800,3000,1,1,1,0,0,0,1,1
t,2900,4700,4600,3000,1,1,1,0,0,0,1,1
t,2900,4500,4200,3200,1,1,1,1,0,0,1,1
t,2900,5600,5600,2900,1,1,0,0,0,0,1,1
t,2900,5000,4800,3100,1,1,1,0,0,0,1,1
ct,1900,7300,5600,3600,1,1,1,1,0,0,1,1
ct,1900,7150,4850,4200,1,1,1,1,0,0,1,1
t,1900,5300,5100,2100,0,0,0,0,0,0,1,1
t,1900,3400,3300,2000,0,0,0,0,0,0,1,1
t,1900,3300,3300,1900,0,0,0,0,0,0,1,1
t,1900,2400,2250,2050,0,0,0,0,0,0,1,1
t,1900,800,800,1900,0,0,0,0,0,0,1,1
t,1900,800,650,2050,0,0,0,0,0,0,1,1
ct,1900,800,650,2050,0,0,0,0,0,0,1,1
t,1900,800,700,2000,0,0,0,0,0,0,1,1
t,1900,800,650,2050,0,0,0,0,0,0,1,1
t,1900,800,650,2050,0,0,0,0,0,0,1,1
ct,1900,800,650,2050,0,0,0,0,0,0,1,1
ct,1900,800,650,2050,0,0,0,0,0,0,1,1
ct,1900,800,650,2050,0,0,0,0,0,0,1,1
ct,1900,800,800,1900,0,0,0,0,0,0,1,1
t,1400,3850,3700,1550,0,0,0,0,0,0,0,1
ct,2400,2550,2400,2550,1,0,0,0,0,0,1,1
t,1400,3400,3250,1550,0,0,0,0,0,0,0,1
t,1400,3400,3300,1500,0,0,0,0,0,0,0,1
ct,2400,2250,2200,2450,1,0,0,0,0,0,1,1
ct,2400,2550,2400,2550,1,0,0,0,0,0,1,1
ct,2400,2100,2050,2450,1,0,0,0,0,0,1,1
ct,2900,2450,500,4850,1,1,1,1,0,0,1,1
ct,2900,2450,300,5050,1,1,1,1,0,0,1,1
t,1400,6550,4900,3050,1,1,1,0,0,0,1,1
ct,3400,5700,5600,3500,1,1,1,1,0,0,1,1
ct,3400,4900,4850,3450,1,1,1,1,0,0,1,1
ct,3400,5300,5200,3500,1,1,1,1,0,0,1,1
ct,3400,4800,4650,3550,1,1,1,1,0,0,1,1
ct,3400,3800,1000,6200,1,1,1,1,1,1,1,1
t,1400,9100,4900,5600,1,1,1,1,1,0,1,1
t,1400,10600,4900,7100,1,1,1,1,1,1,1,1
t,1400,10250,4800,6850,1,1,1,1,1,1,1,1
ct,3400,3650,1750,5300,1,1,1,1,0,0,1,1
ct,3400,3700,1850,5250,1,1,1,1,0,0,1,1
ct,3400,4050,1650,5800,1,1,1,1,1,0,1,1
ct,3400,6550,6500,3450,1,1,1,1,0,0,1,1
ct,3400,5550,4850,4100,1,1,1,1,0,0,1,1
ct,3400,5300,5100,3600,1,1,1,1,0,0,1,1
ct,3400,5850,5600,3650,1,1,1,1,0,0,1,1
t,1400,9100,4900,5600,1,1,1,1,1,0,1,1
ct,3400,3500,1000,5900,1,1,1,1,1,1,1,1
ct,3400,3950,2400,4950,1,1,1,1,0,0,1,1
ct,3400,3550,1650,5300,1,1,1,1,0,0,1,1
ct,3400,3700,2200,4900,1,1,1,1,0,0,1,1
t,1400,14150,4800,10750,1,1,1,1,1,1,1,1
ct,3400,6050,6000,3450,1,1,1,1,0,0,1,1
t,1400,12550,4800,9150,1,1,1,1,1,1,1,1
t,1400,14950,4800,11550,1,1,1,1,1,1,1,1
ct,3400,5400,4850,3950,1,1,1,1,0,0,1,1
ct,3400,5450,5450,3400,1,1,1,1,0,0,1,1
ct,3400,5700,5200,3900,1,1,1,1,0,0,1,1
ct,3400,5650,5600,3450,1,1,1,1,0,0,1,1
t,1900,10750,4800,7850,1,1,1,1,1,1,1,1
t,1900,9150,4800,6250,1,1,1,1,1,1,1,1
t,1900,11550,4800,8650,1,1,1,1,1,1,1,1
t,1900,10150,6850,5200,1,1,1,1,0,0,1,1
t,2400,8550,4900,6050,1,1,1,1,1,1,1,1
t,2400,7850,4900,5350,1,1,1,1,0,0,1,1
t,2400,6550,4800,4150,1,1,1,1,0,0,1,1
t,2400,8650,4800,6250,1,1,1,1,1,1,1,1
ct,1400,5450,4850,2000,0,0,0,0,0,0,1,1
ct,1400,6250,5200,2450,1,0,0,0,0,0,1,1
t,2900,6050,5100,3850,1,1,1,1,0,0,1,1
t,2900,5350,4800,3450,1,1,1,1,0,0,1,1
t,2900,4450,4400,2950,1,1,1,0,0,0,1,1
t,2900,6250,5100,4050,1,1,1,1,0,0,1,1
ct,1400,8600,5200,4800,1,1,1,1,0,0,1,1
t,3400,3850,3700,3550,1,1,1,1,0,0,1,1
t,3400,2950,2950,3400,1,1,1,1,0,0,1,1
t,3400,4050,4000,3450,1,1,1,1,0,0,1,1
ct,1400,5600,5600,1400,0,0,0,0,0,0,0,1
ct,1900,800,650,2050,0,0,0,0,0,0,1,1
ct,1900,800,650,2050,0,0,0,0,0,0,1,1
ct,1900,800,800,1900,0,0,0,0,0,0,1,1
ct,1900,800,650,2050,0,0,0,0,0,0,1,1
ct,1900,800,650,2050,0,0,0,0,0,0,1,1
ct,1400,4250,4200,1450,0,0,0,0,0,0,0,1
t,2400,2350,0,4750,1,1,1,1,0,0,1,1
ct,1400,3650,3550,1500,0,0,0,0,0,0,0,1
ct,1400,4250,4200,1450,0,0,0,0,0,0,0,1
t,2400,2050,0,4450,1,1,1,1,0,0,1,1
t,2400,2050,0,4450,1,1,1,1,0,0,1,1
t,2400,1900,0,4300,1,1,1,1,0,0,1,1
t,2400,2650,0,5050,1,1,1,1,0,0,1,1
t,2900,4750,4600,3050,1,1,1,0,0,0,1,1
t,2900,4450,4400,2950,1,1,1,0,0,0,1,1
t,2900,4450,4400,2950,1,1,1,0,0,0,1,1
t,2900,4300,4200,3000,1,1,1,0,0,0,1,1
t,2900,4350,3900,3350,1,1,1,1,0,0,1,1
t,3400,3650,2000,5050,1,1,1,1,0,0,1,1
t,3400,3850,2200,5050,1,1,1,1,0,0,1,1
t,3400,3550,1850,5100,1,1,1,1,0,0,1,1
t,3400,3900,2200,5100,1,1,1,1,0,0,1,1
t,3400,4250,4000,3650,1,1,1,1,0,0,1,1
t,1400,5200,4900,1700,0,0,0,0,0,0,1,1
t,1400,4950,4900,1450,0,0,0,0,0,0,0,1
t,1400,5550,3900,3050,1,1,1,0,0,0,1,1
t,1900,2700,2600,2000,0,0,0,0,0,0,1,1
t,1900,4050,4000,1950,0,0,0,0,0,0,1,1
t,1900,4100,4000,2000,0,0,0,0,0,0,1,1
ct,1900,4650,1900,4650,1,1,1,1,0,0,1,1
ct,1900,1600,0,3500,1,1,1,1,0,0,1,1
ct,1900,3250,300,4850,1,1,1,1,0,0,1,1
ct,1900,4950,1150,5700,1,1,1,1,1,0,1,1
ct,2400,4550,4550,2400,0,0,0,0,0,0,1,1
ct,2400,4900,4850,2450,1,0,0,0,0,0,1,1
ct,2400,6050,5900,2550,1,0,0,0,0,0,1,1
ct,2900,3400,1450,4850,1,1,1,1,0,0,1,1
ct,2900,2900,0,5800,1,1,1,1,1,0,1,1
ct,2900,3850,2200,4550,1,1,1,1,0,0,1,1
ct,2900,2650,1150,4400,1,1,1,1,0,0,1,1
t,1400,4900,4900,1400,0,0,0,0,0,0,0,1
t,1400,8850,4900,5350,1,1,1,1,0,0,1,1
t,1400,8850,4900,5350,1,1,1,1,0,0,1,1
t,1400,7100,4900,3600,1,1,1,1,0,0,1,1
ct,3400,5300,4850,3850,1,1,1,1,0,0,1,1
ct,3400,5150,4700,3850,1,1,1,1,0,0,1,1
ct,3400,5900,5600,3700,1,1,1,1,0,0,1,1
ct,3400,4550,4550,3400,1,1,1,1,0,0,1,1
t,1400,7450,4900,3950,1,1,1,1,0,0,1,1
t,1400,6000,4900,2500,1,0,0,0,0,0,1,1
t,1900,5250,4900,2250,0,0,0,0,0,0,1,1
t,1900,4250,4000,2150,0,0,0,0,0,0,1,1
t,1900,800,650,2050,0,0,0,0,0,0,1,1
ct,1900,800,650,2050,0,0,0,0,0,0,1,1
t,1900,800,650,2050,0,0,0,0,0,0,1,1
ct,1900,800,650,2050,0,0,0,0,0,0,1,1
ct,1900,800,650,2050,0,0,0,0,0,0,1,1
ct,1900,800,650,2050,0,0,0,0,0,0,1,1
ct,1900,800,800,1900,0,0,0,0,0,0,1,1
t,1900,800,650,2050,0,0,0,0,0,0,1,1
t,1900,800,650,2050,0,0,0,0,0,0,1,1
t,1900,800,800,1900,0,0,0,0,0,0,1,1
t,1400,3650,3500,1550,0,0,0,0,0,0,0,1
ct,2400,2200,2150,2450,1,0,0,0,0,0,1,1
t,1400,3650,2600,2450,1,0,0,0,0,0,1,1
ct,2400,2200,1450,3150,1,1,1,1,0,0,1,1
ct,2400,2200,2100,2500,1,0,0,0,0,0,1,1
ct,2400,2500,2500,2400,0,0,0,0,0,0,1,1
ct,2400,2650,2550,2500,1,0,0,0,0,0,1,1
t,1400,4250,3900,1750,0,0,0,0,0,0,1,1
t,1400,3950,3900,1450,0,0,0,0,0,0,0,1
t,1400,4100,4000,1500,0,0,0,0,0,0,0,1
ct,1400,4150,3550,2000,0,0,0,0,0,0,1,1
t,1900,1750,1650,2000,0,0,0,0,0,0,1,1
t,1900,1450,1350,2000,0,0,0,0,0,0,1,1
t,2400,2500,0,4900,1,1,1,1,0,0,1,1
t,2400,2250,0,4650,1,1,1,1,0,0,1,1
ct,1400,6650,5200,2850,1,1,0,0,0,0,1,1
ct,1400,5150,5000,1550,0,0,0,0,0,0,0,1
t,2400,2000,0,4400,1,1,1,1,0,0,1,1
t,2400,2300,0,4700,1,1,1,1,0,0,1,1
t,2400,2000,0,4400,1,1,1,1,0,0,1,1
t,2900,4900,4900,2900,1,1,0,0,0,0,1,1
t,2900,4650,4600,2950,1,1,1,0,0,0,1,1
t,2900,4400,4400,2900,1,1,0,0,0,0,1,1
t,2900,4700,4600,3000,1,1,1,0,0,0,1,1
t,2900,4400,4400,2900,1,1,0,0,0,0,1,1
ct,1400,11550,5200,7750,1,1,1,1,1,1,1,1
t,3400,3550,1450,5500,1,1,1,1,1,0,1,1
ct,1400,6900,5600,2700,1,0,0,0,0,0,1,1
ct,1400,9650,5600,5450,1,1,1,1,1,0,1,1
t,3400,3600,2200,4800,1,1,1,1,0,0,1,1
t,3400,4100,2200,5300,1,1,1,1,0,0,1,1
t,3400,3500,3500,3400,1,1,1,1,0,0,1,1
t,3400,5500,5100,3800,1,1,1,1,0,0,1,1
ct,1400,11900,4850,8450,1,1,1,1,1,1,1,1
t,3400,4900,4800,3500,1,1,1,1,0,0,1,1
t,3400,4900,4800,3500,1,1,1,1,0,0,1,1
ct,1900,10750,5200,7450,1,1,1,1,1,1,1,1
ct,1900,10250,7100,5050,1,1,1,1,0,0,1,1
ct,1900,8850,4850,5900,1,1,1,1,1,1,1,1
ct,1900,8850,5200,5550,1,1,1,1,1,0,1,1
ct,2400,8150,4850,5700,1,1,1,1,1,0,1,1
t,1400,5500,4600,2300,0,0,0,0,0,0,1,1
ct,2400,6700,5600,3500,1,1,1,1,0,0,1,1
ct,2400,5650,5600,2450,1,0,0,0,0,0,1,1
ct,1400,7050,4850,3600,1,1,1,1,0,0,1,1
ct,1400,5200,4850,1750,0,0,0,0,0,0,1,1
t,1900,4700,4700,1900,0,0,0,0,0,0,1,1
t,2400,4400,4200,2600,1,0,0,0,0,0,1,1
t,2400,3100,3100,2400,0,0,0,0,0,0,1,1
t,2900,3600,3500,3000,1,1,1,0,0,0,1,1
ct,1400,11350,8150,4600,1,1,1,1,0,0,1,1
t,2900,3400,2600,3700,1,1,1,1,0,0,1,1
t,2900,3850,3800,2950,1,1,1,0,0,0,1,1
t,2900,3400,3300,3000,1,1,1,0,0,0,1,1
ct,1900,800,650,2050,0,0,0,0,0,0,1,1
ct,1900,800,650,2050,0,0,0,0,0,0,1,1
ct,1900,800,650,2050,0,0,0,0,0,0,1,1
ct,1900,800,800,1900,0,0,0,0,0,0,1,1
ct,1900,800,650,2050,0,0,0,0,0,0,1,1
ct,2400,2100,1750,2750,1,0,0,0,0,0,1,1
t,1400,3650,3650,1400,0,0,0,0,0,0,0,1
ct,2400,2100,1650,2850,1,1,0,0,0,0,1,1
t,1400,3900,3900,1400,0,0,0,0,0,0,0,1
t,1400,3950,3450,1900,0,0,0,0,0,0,1,1
t,1400,3800,3800,1400,0,0,0,0,0,0,0,1
ct,2400,2400,0,4800,1,1,1,1,0,0,1,1
ct,2400,1950,1700,2650,1,0,0,0,0,0,1,1
ct,2400,2100,1500,3000,1,1,1,0,0,0,1,1
ct,2900,2900,1450,4350,1,1,1,1,0,0,1,1
ct,2900,2500,1550,3850,1,1,1,1,0,0,1,1
ct,2900,3100,950,5050,1,1,1,1,0,0,1,1
ct,2900,2600,0,5500,1,1,1,1,1,0,1,1
ct,2900,2550,800,4650,1,1,1,1,0,0,1,1
ct,1400,5800,5250,1950,0,0,0,0,0,0,1,1
t,1900,5600,4900,2600,1,0,0,0,0,0,1,1
t,1900,5500,4800,2600,1,0,0,0,0,0,1,1
t,1900,5500,4900,2500,1,0,0,0,0,0,1,1
t,1900,2900,2500,2300,0,0,0,0,0,0,1,1
t,1900,3300,3250,1950,0,0,0,0,0,0,1,1
ct,1400,6650,6550,1500,0,0,0,0,0,0,0,1
ct,1400,5800,4800,2400,0,0,0,0,0,0,1,1
t,2400,2600,0,5000,1,1,1,1,0,0,1,1
t,2400,2600,0,5000,1,1,1,1,0,0,1,1
t,2400,2300,0,4700,1,1,1,1,0,0,1,1
t,2400,1950,0,4350,1,1,1,1,0,0,1,1
ct,1400,8750,5800,4350,1,1,1,1,0,0,1,1
t,2900,4700,4600,3000,1,1,1,0,0,0,1,1
t,2900,4800,4800,2900,1,1,0,0,0,0,1,1
t,2900,5100,5100,2900,1,1,0,0,0,0,1,1
t,2900,4700,4700,2900,1,1,0,0,0,0,1,1
t,2900,4350,4000,3250,1,1,1,1,0,0,1,1
ct,1900,8300,5800,4400,1,1,1,1,0,0,1,1
t,1400,3550,3500,1450,0,0,0,0,0,0,0,1
t,1400,3600,3250,1750,0,0,0,0,0,0,1,1
ct,1900,6400,5600,2700,1,0,0,0,0,0,1,1
t,1900,800,650,2050,0,0,0,0,0,0,1,1
t,1900,800,700,2000,0,0,0,0,0,0,1,1
t,1900,800,700,2000,0,0,0,0,0,0,1,1
t,1900,800,650,2050,0,0,0,0,0,0,1,1
ct,1900,800,800,1900,0,0,0,0,0,0,1,1
t,1900,800,650,2050,0,0,0,0,0,0,1,1
ct,1900,800,650,2050,0,0,0,0,0,0,1,1
ct,1900,800,650,2050,0,0,0,0,0,0,1,1
ct,1900,800,650,2050,0,0,0,0,0,0,1,1
ct,1900,800,800,1900,0,0,0,0,0,0,1,1
t,2400,2050,0,4450,1,1,1,1,0,0,1,1
t,2400,2000,0,4400,1,1,1,1,0,0,1,1
t,2400,2000,0,4400,1,1,1,1,0,0,1,1
t,2400,2350,700,4050,1,1,1,1,0,0,1,1
ct,1400,3500,3450,1450,0,0,0,0,0,0,0,1
t,2400,2050,0,4450,1,1,1,1,0,0,1,1
ct,1400,4250,4250,1400,0,0,0,0,0,0,0,1
ct,1400,3650,3550,1500,0,0,0,0,0,0,0,1
ct,1400,4550,4400,1550,0,0,0,0,0,0,0,1
ct,1400,3500,3350,1550,0,0,0,0,0,0,0,1
t,2900,4450,3800,3550,1,1,1,1,0,0,1,1
t,2900,4400,4200,3100,1,1,1,0,0,0,1,1
t,2900,4400,4400,2900,1,1,0,0,0,0,1,1
t,2900,4050,4000,2950,1,1,1,0,0,0,1,1
t,2900,4450,4400,2950,1,1,1,0,0,0,1,1
t,3400,3100,2200,4300,1,1,1,1,0,0,1,1
t,3400,2900,1850,4450,1,1,1,1,0,0,1,1
t,3400,2950,1500,4850,1,1,1,1,0,0,1,1
ct,1400,6750,5600,2550,1,0,0,0,0,0,1,1
t,3400,2950,1500,4850,1,1,1,1,0,0,1,1
t,3400,5650,4900,4150,1,1,1,1,0,0,1,1
t,3400,4300,4200,3500,1,1,1,1,0,0,1,1
t,3400,4850,4700,3550,1,1,1,1,0,0,1,1
t,3400,4850,4800,3450,1,1,1,1,0,0,1,1
t,3400,4150,1500,6050,1,1,1,1,1,1,1,1
t,3400,3500,1500,5400,1,1,1,1,1,0,1,1
t,3400,3950,1450,5900,1,1,1,1,1,1,1,1
t,3400,3450,1950,4900,1,1,1,1,0,0,1,1
t,3400,5150,5100,3450,1,1,1,1,0,0,1,1
t,3400,4800,4800,3400,1,1,1,1,0,0,1,1
t,3400,5900,5900,3400,1,1,1,1,0,0,1,1
t,3400,4900,4900,3400,1,1,1,1,0,0,1,1
t,3400,4650,4600,3450,1,1,1,1,0,0,1,1
t,3400,4600,4200,3800,1,1,1,1,0,0,1,1
t,3400,4100,3900,3600,1,1,1,1,0,0,1,1
t,3400,4150,4000,3550,1,1,1,1,0,0,1,1
ct,1400,10800,5600,6600,1,1,1,1,1,1,1,1
t,3400,4000,4000,3400,1,1,1,1,0,0,1,1
ct,1400,11600,7450,5550,1,1,1,1,1,0,1,1
ct,1400,14000,5450,9950,1,1,1,1,1,1,1,1
ct,1400,16000,6100,11300,1,1,1,1,1,1,1,1
t,1400,6000,4900,2500,1,0,0,0,0,0,1,1
t,1400,6550,4900,3050,1,1,1,0,0,0,1,1
t,1400,5850,4900,2350,0,0,0,0,0,0,1,1
ct,2400,9800,4850,7350,1,1,1,1,1,1,1,1
ct,2400,9200,5600,6000,1,1,1,1,1,1,1,1
t,1900,3500,1700,3700,1,1,1,1,0,0,1,1
t,1900,4050,2600,3350,1,1,1,1,0,0,1,1
t,1900,5350,2150,5100,1,1,1,1,0,0,1,1
t,1900,3650,1750,3800,1,1,1,1,0,0,1,1
ct,1400,8450,5400,4450,1,1,1,1,0,0,1,1
t,2400,4700,4600,2500,1,0,0,0,0,0,1,1
t,2400,4350,3900,2850,1,1,0,0,0,0,1,1
t,2400,6100,6100,2400,0,0,0,0,0,0,1,1
t,2400,4800,4700,2500,1,0,0,0,0,0,1,1
ct,1900,800,650,2050,0,0,0,0,0,0,1,1
ct,1900,800,800,1900,0,0,0,0,0,0,1,1
ct,1900,800,650,2050,0,0,0,0,0,0,1,1
ct,1900,800,650,2050,0,0,0,0,0,0,1,1
ct,1900,800,650,2050,0,0,0,0,0,0,1,1
ct,2400,2000,1800,2600,1,0,0,0,0,0,1,1
ct,2400,2150,1900,2650,1,0,0,0,0,0,1,1
ct,2400,2150,1900,2650,1,0,0,0,0,0,1,1
t,1400,3400,3250,1550,0,0,0,0,0,0,0,1
ct,2400,2450,2300,2550,1,0,0,0,0,0,1,1
t,1400,3950,3900,1450,0,0,0,0,0,0,0,1
t,1400,3950,3800,1550,0,0,0,0,0,0,0,1
t,1400,3650,3250,1800,0,0,0,0,0,0,1,1
t,1400,3400,3300,1500,0,0,0,0,0,0,0,1
ct,1400,3850,3750,1500,0,0,0,0,0,0,0,1
ct,1400,4600,4300,1700,0,0,0,0,0,0,1,1
ct,1400,3750,3750,1400,0,0,0,0,0,0,0,1
ct,1400,4350,4200,1550,0,0,0,0,0,0,0,1
t,1900,1550,1550,1900,0,0,0,0,0,0,1,1
t,1900,2400,2400,1900,0,0,0,0,0,0,1,1
t,1900,1800,1800,1900,0,0,0,0,0,0,1,1
ct,1900,1950,1900,1950,0,0,0,0,0,0,1,1
ct,1900,1650,1650,1900,0,0,0,0,0,0,1,1
ct,1900,2100,1900,2100,0,0,0,0,0,0,1,1
ct,1900,2600,2600,1900,0,0,0,0,0,0,1,1
t,1400,3600,3600,1400,0,0,0,0,0,0,0,1
t,1400,3250,3250,1400,0,0,0,0,0,0,0,1
t,1400,3850,3800,1450,0,0,0,0,0,0,0,1
ct,1900,800,800,1900,0,0,0,0,0,0,1,1
ct,1900,800,650,2050,0,0,0,0,0,0,1,1
t,1900,800,700,2000,0,0,0,0,0,0,1,1
ct,1900,800,650,2050,0,0,0,0,0,0,1,1
t,1900,800,700,2000,0,0,0,0,0,0,1,1
t,1900,800,650,2050,0,0,0,0,0,0,1,1
ct,1900,800,650,2050,0,0,0,0,0,0,1,1
t,1900,800,650,2050,0,0,0,0,0,0,1,1
ct,1900,800,650,2050,0,0,0,0,0,0,1,1
t,1900,800,650,2050,0,0,0,0,0,0,1,1
ct,1400,4100,4100,1400,0,0,0,0,0,0,0,1
ct,1400,3650,3650,1400,0,0,0,0,0,0,0,1
t,2400,2000,0,4400,1,1,1,1,0,0,1,1
ct,1400,4250,4200,1450,0,0,0,0,0,0,0,1
t,2400,2000,0,4400,1,1,1,1,0,0,1,1
t,2400,2050,0,4450,1,1,1,1,0,0,1,1
ct,1400,3950,3850,1500,0,0,0,0,0,0,0,1
t,2400,2050,0,4450,1,1,1,1,0,0,1,1
ct,1400,3650,3550,1500,0,0,0,0,0,0,0,1
t,2400,2050,0,4450,1,1,1,1,0,0,1,1
t,2900,4400,4400,2900,1,1,0,0,0,0,1,1
t,2900,4400,4400,2900,1,1,0,0,0,0,1,1
t,2900,4450,4400,2950,1,1,1,0,0,0,1,1
t,2900,4450,4400,2950,1,1,1,0,0,0,1,1
t,2900,4450,4400,2950,1,1,1,0,0,0,1,1
ct,1900,4050,4050,1900,0,0,0,0,0,0,1,1
t,1400,4150,4000,1550,0,0,0,0,0,0,0,1
ct,2900,2800,650,5050,1,1,1,1,0,0,1,1
ct,2900,2950,950,4900,1,1,1,1,0,0,1,1
t,1400,6500,4900,3000,1,1,1,0,0,0,1,1
ct,2900,2900,700,5100,1,1,1,1,0,0,1,1
ct,2900,3200,700,5400,1,1,1,1,1,0,1,1
t,1400,6450,4900,2950,1,1,1,0,0,0,1,1
ct,3400,5200,4850,3750,1,1,1,1,0,0,1,1
ct,3400,5050,4850,3600,1,1,1,1,0,0,1,1
ct,3400,5250,5250,3400,1,1,1,1,0,0,1,1
t,1400,9200,4800,5800,1,1,1,1,1,0,1,1
ct,1400,4150,4150,1400,0,0,0,0,0,0,0,1
t,1900,6400,4800,3500,1,1,1,1,0,0,1,1
t,2400,2650,0,5050,1,1,1,1,0,0,1,1
t,2400,3200,700,4900,1,1,1,1,0,0,1,1
t,2400,3500,1450,4450,1,1,1,1,0,0,1,1
t,2400,2000,0,4400,1,1,1,1,0,0,1,1
ct,1900,3500,3200,2200,0,0,0,0,0,0,1,1
ct,1900,3300,3300,1900,0,0,0,0,0,0,1,1
ct,1900,6050,5600,2350,0,0,0,0,0,0,1,1
t,1400,5350,4800,1950,0,0,0,0,0,0,1,1
t,1400,5800,5100,2100,0,0,0,0,0,0,1,1
ct,2400,2850,1150,4100,1,1,1,1,0,0,1,1
ct,2400,2850,1000,4250,1,1,1,1,0,0,1,1
ct,2400,3300,1900,3800,1,1,1,1,0,0,1,1
t,1400,7850,5100,4150,1,1,1,1,0,0,1,1
ct,2400,3150,1150,4400,1,1,1,1,0,0,1,1
t,1400,7900,4900,4400,1,1,1,1,0,0,1,1
ct,2900,4800,4650,3050,1,1,1,0,0,0,1,1
ct,2900,4950,4900,2950,1,1,1,0,0,0,1,1
t,1400,9050,7350,3100,1,1,1,0,0,0,1,1
ct,2900,5400,5400,2900,1,1,0,0,0,0,1,1
t,1400,6000,4900,2500,1,0,0,0,0,0,1,1
t,1400,5550,4800,2150,0,0,0,0,0,0,1,1
ct,2900,5700,5600,3000,1,1,1,0,0,0,1,1
ct,2900,5950,5900,2950,1,1,1,0,0,0,1,1
ct,1900,800,800,1900,0,0,0,0,0,0,1,1
ct,1900,800,650,2050,0,0,0,0,0,0,1,1
ct,1900,800,650,2050,0,0,0,0,0,0,1,1
ct,1900,800,650,2050,0,0,0,0,0,0,1,1
ct,1900,800,650,2050,0,0,0,0,0,0,1,1
t,2400,2200,1500,3100,1,1,1,0,0,0,1,1
t,2400,2000,1800,2600,1,0,0,0,0,0,1,1
t,2400,2050,2000,2450,1,0,0,0,0,0,1,1
ct,1400,4250,4250,1400,0,0,0,0,0,0,0,1
t,2400,2050,2000,2450,1,0,0,0,0,0,1,1
t,2900,2600,700,4800,1,1,1,1,0,0,1,1
t,2900,2400,700,4600,1,1,1,1,0,0,1,1
t,2900,2750,1350,4300,1,1,1,1,0,0,1,1
t,2900,2450,700,4650,1,1,1,1,0,0,1,1
t,3400,4800,4700,3500,1,1,1,1,0,0,1,1
t,3400,4600,4600,3400,1,1,1,1,0,0,1,1
t,3400,3950,3900,3450,1,1,1,1,0,0,1,1
ct,1400,5900,4850,2450,1,0,0,0,0,0,1,1
t,3400,4950,4800,3550,1,1,1,1,0,0,1,1
t,3400,4950,4800,3550,1,1,1,1,0,0,1,1
t,3400,3500,2350,4550,1,1,1,1,0,0,1,1
t,3400,3400,2100,4700,1,1,1,1,0,0,1,1
ct,1400,9150,5200,5350,1,1,1,1,0,0,1,1
ct,1400,6150,5600,1950,0,0,0,0,0,0,1,1
t,3400,3850,2550,4700,1,1,1,1,0,0,1,1
ct,1400,7900,5600,3700,1,1,1,1,0,0,1,1
t,3400,4150,1350,6200,1,1,1,1,1,1,1,1
t,3400,4550,3900,4050,1,1,1,1,0,0,1,1
t,3400,4700,4600,3500,1,1,1,1,0,0,1,1
t,3400,4700,4600,3500,1,1,1,1,0,0,1,1
t,3400,6200,6100,3500,1,1,1,1,0,0,1,1
t,1400,3900,3900,1400,0,0,0,0,0,0,0,1
t,1400,3650,3600,1450,0,0,0,0,0,0,0,1
ct,1900,7400,5200,4100,1,1,1,1,0,0,1,1
t,1400,4100,4000,1500,0,0,0,0,0,0,0,1
ct,2400,3100,1150,4350,1,1,1,1,0,0,1,1
ct,2400,4200,2100,4500,1,1,1,1,0,0,1,1
t,1400,5000,4800,1600,0,0,0,0,0,0,0,1
ct,2400,4550,1150,5800,1,1,1,1,1,0,1,1
ct,2400,3800,1500,4700,1,1,1,1,0,0,1,1
t,1400,5800,4800,2400,0,0,0,0,0,0,1,1
ct,2900,4450,4350,3000,1,1,1,0,0,0,1,1
ct,2900,4600,4550,2950,1,1,1,0,0,0,1,1
ct,2900,4800,4650,3050,1,1,1,0,0,0,1,1
t,1900,800,650,2050,0,0,0,0,0,0,1,1
ct,1900,800,650,2050,0,0,0,0,0,0,1,1
t,1900,800,700,2000,0,0,0,0,0,0,1,1
t,1900,800,650,2050,0,0,0,0,0,0,1,1
ct,1900,800,650,2050,0,0,0,0,0,0,1,1
ct,1900,800,650,2050,0,0,0,0,0,0,1,1
ct,1900,800,650,2050,0,0,0,0,0,0,1,1
t,1900,800,650,2050,0,0,0,0,0,0,1,1
ct,1900,800,650,2050,0,0,0,0,0,0,1,1
t,1900,800,650,2050,0,0,0,0,0,0,1,1
t,1400,3700,3700,1400,0,0,0,0,0,0,0,1
ct,2400,2100,2100,2400,0,0,0,0,0,0,1,1
t,1400,3350,3300,1450,0,0,0,0,0,0,0,1
ct,2400,2400,2100,2700,1,0,0,0,0,0,1,1
ct,2400,2100,1500,3000,1,1,1,0,0,0,1,1
t,1400,3700,3700,1400,0,0,0,0,0,0,0,1
ct,2400,2100,1850,2650,1,0,0,0,0,0,1,1
t,1400,4300,4000,1700,0,0,0,0,0,0,1,1
t,1900,1700,950,2650,1,0,0,0,0,0,1,1
t,1900,1450,950,2400,0,0,0,0,0,0,1,1
t,1900,1500,1450,1950,0,0,0,0,0,0,1,1
ct,1400,4750,4650,1500,0,0,0,0,0,0,0,1
t,1900,1700,1150,2450,1,0,0,0,0,0,1,1
ct,1400,3750,2500,2650,1,0,0,0,0,0,1,1
t,2400,2850,0,5250,1,1,1,1,0,0,1,1
t,2400,2800,0,5200,1,1,1,1,0,0,1,1
t,2400,2550,300,4650,1,1,1,1,0,0,1,1
ct,1400,5550,5200,1750,0,0,0,0,0,0,1,1
t,2400,2850,700,4550,1,1,1,1,0,0,1,1
t,2400,2550,0,4950,1,1,1,1,0,0,1,1
t,2900,5250,4800,3350,1,1,1,1,0,0,1,1
t,2900,5200,4800,3300,1,1,1,1,0,0,1,1
t,2900,4650,4500,3050,1,1,1,0,0,0,1,1
t,2900,4550,4400,3050,1,1,1,0,0,0,1,1
t,2900,4950,4800,3050,1,1,1,0,0,0,1,1
ct,1900,7200,5200,3900,1,1,1,1,0,0,1,1
ct,1900,6200,4850,3250,1,1,1,1,0,0,1,1
ct,1900,7400,6700,2600,1,0,0,0,0,0,1,1
t,1400,4000,4000,1400,0,0,0,0,0,0,0,1
ct,1900,9050,5600,5350,1,1,1,1,0,0,1,1
t,1900,2450,0,4350,1,1,1,1,0,0,1,1
t,1900,3100,700,4300,1,1,1,1,0,0,1,1
t,1900,1900,0,3800,1,1,1,1,0,0,1,1
t,1900,2400,0,4300,1,1,1,1,0,0,1,1
t,2400,6200,6100,2500,1,0,0,0,0,0,1,1
t,2400,4850,4800,2450,1,0,0,0,0,0,1,1
t,2400,4800,4700,2500,1,0,0,0,0,0,1,1
t,2400,4300,4300,2400,0,0,0,0,0,0,1,1
t,2400,4800,4800,2400,0,0,0,0,0,0,1,1
ct,1900,6950,5600,3250,1,1,1,1,0,0,1,1
ct,1900,7950,4850,5000,1,1,1,1,0,0,1,1
ct,1900,10400,5600,6700,1,1,1,1,1,1,1,1
ct,2400,5400,5200,2600,1,0,0,0,0,0,1,1
t,1400,6350,4800,2950,1,1,1,0,0,0,1,1
t,1400,6500,4800,3100,1,1,1,0,0,0,1,1
ct,2900,2750,2650,3000,1,1,1,0,0,0,1,1
ct,2900,5350,5250,3000,1,1,1,0,0,0,1,1
ct,2900,6000,5900,3000,1,1,1,0,0,0,1,1
ct,2900,3800,3750,2950,1,1,1,0,0,0,1,1
t,1900,4300,4300,1900,0,0,0,0,0,0,1,1
t,1900,4350,4300,1950,0,0,0,0,0,0,1,1
ct,1400,4500,4250,1650,0,0,0,0,0,0,0,1
t,1900,4650,4600,1950,0,0,0,0,0,0,1,1
t,1900,4800,4800,1900,0,0,0,0,0,0,1,1
ct,1900,800,650,2050,0,0,0,0,0,0,1,1
ct,1900,800,800,1900,0,0,0,0,0,0,1,1
ct,1900,800,650,2050,0,0,0,0,0,0,1,1
ct,1900,800,650,2050,0,0,0,0,0,0,1,1
ct,1900,800,650,2050,0,0,0,0,0,0,1,1
ct,1400,3650,3550,1500,0,0,0,0,0,0,0,1
t,2400,2050,1850,2600,1,0,0,0,0,0,1,1
ct,1400,3800,3500,1700,0,0,0,0,0,0,1,1
ct,1400,4550,4500,1450,0,0,0,0,0,0,0,1
t,2400,2050,2000,2450,1,0,0,0,0,0,1,1
t,2400,1900,1900,2400,0,0,0,0,0,0,1,1
ct,1400,3650,3550,1500,0,0,0,0,0,0,0,1
t,2400,2050,1800,2650,1,0,0,0,0,0,1,1
ct,1400,3950,3850,1500,0,0,0,0,0,0,0,1
ct,1900,1850,1450,2300,0,0,0,0,0,0,1,1
ct,1900,1500,1500,1900,0,0,0,0,0,0,1,1
ct,1900,1550,1500,1950,0,0,0,0,0,0,1,1
t,1400,4950,3600,2750,1,0,0,0,0,0,1,1
ct,2400,2400,0,4800,1,1,1,1,0,0,1,1
ct,2400,2000,0,4400,1,1,1,1,0,0,1,1
ct,2400,2000,0,4400,1,1,1,1,0,0,1,1
t,1400,5500,2850,4050,1,1,1,1,0,0,1,1
t,1400,5650,4900,2150,0,0,0,0,0,0,1,1
ct,2400,2050,0,4450,1,1,1,1,0,0,1,1
ct,2900,4500,4350,3050,1,1,1,0,0,0,1,1
ct,2900,4500,4350,3050,1,1,1,0,0,0,1,1
t,1400,5900,4900,2400,0,0,0,0,0,0,1,1
ct,2900,4850,4700,3050,1,1,1,0,0,0,1,1
t,1900,8150,4600,5450,1,1,1,1,1,0,1,1
ct,1400,4200,4050,1550,0,0,0,0,0,0,0,1
t,1900,6900,4800,4000,1,1,1,1,0,0,1,1
t,1900,9050,6850,4100,1,1,1,1,0,0,1,1
t,2400,5750,4800,3350,1,1,1,1,0,0,1,1
t,2400,3000,2900,2500,1,0,0,0,0,0,1,1
t,2400,4100,3900,2600,1,0,0,0,0,0,1,1
t,2900,3350,0,6250,1,1,1,1,1,1,1,1
t,2900,2500,0,5400,1,1,1,1,1,0,1,1
t,2900,2600,700,4800,1,1,1,1,0,0,1,1
t,2900,2800,700,5000,1,1,1,1,0,0,1,1
ct,1400,6950,5600,2750,1,0,0,0,0,0,1,1
ct,1400,9900,5600,5700,1,1,1,1,1,0,1,1
t,3400,5400,5100,3700,1,1,1,1,0,0,1,1
t,3400,5300,4800,3900,1,1,1,1,0,0,1,1
t,3400,5000,4600,3800,1,1,1,1,0,0,1,1
ct,1400,11700,5600,7500,1,1,1,1,1,1,1,1
t,3400,4600,4600,3400,1,1,1,1,0,0,1,1
t,3400,4800,4800,3400,1,1,1,1,0,0,1,1
t,3400,4400,4400,3400,1,1,1,1,0,0,1,1
t,1400,5250,4600,2050,0,0,0,0,0,0,1,1
ct,1900,7650,5600,3950,1,1,1,1,0,0,1,1
ct,1900,5450,5400,1950,0,0,0,0,0,0,1,1
ct,1900,8900,5800,5000,1,1,1,1,0,0,1,1
t,1900,4150,4000,2050,0,0,0,0,0,0,1,1
ct,1400,6400,6300,1500,0,0,0,0,0,0,0,1
t,1900,4950,4900,1950,0,0,0,0,0,0,1,1
t,1900,3650,3150,2400,0,0,0,0,0,0,1,1
t,1900,4250,4200,1950,0,0,0,0,0,0,1,1
t,1900,5550,5100,2350,0,0,0,0,0,0,1,1
ct,1400,6850,5600,2650,1,0,0,0,0,0,1,1
t,1900,800,650,2050,0,0,0,0,0,0,1,1
ct,1900,800,650,2050,0,0,0,0,0,0,1,1
t,1900,800,700,2000,0,0,0,0,0,0,1,1
ct,1900,800,650,2050,0,0,0,0,0,0,1,1
t,1900,800,650,2050,0,0,0,0,0,0,1,1
ct,1900,800,800,1900,0,0,0,0,0,0,1,1
ct,1900,800,650,2050,0,0,0,0,0,0,1,1
ct,1900,800,650,2050,0,0,0,0,0,0,1,1
t,1900,800,700,2000,0,0,0,0,0,0,1,1
t,1900,800,650,2050,0,0,0,0,0,0,1,1
t,2400,2350,0,4750,1,1,1,1,0,0,1,1
ct,1400,3950,3900,1450,0,0,0,0,0,0,0,1
t,2400,2000,0,4400,1,1,1,1,0,0,1,1
ct,1400,3950,3750,1600,0,0,0,0,0,0,0,1
t,2400,2050,0,4450,1,1,1,1,0,0,1,1
ct,1400,3500,3500,1400,0,0,0,0,0,0,0,1
ct,1400,3950,3950,1400,0,0,0,0,0,0,0,1
ct,1400,4250,4200,1450,0,0,0,0,0,0,0,1
t,2400,2000,0,4400,1,1,1,1,0,0,1,1
t,2400,2650,0,5050,1,1,1,1,0,0,1,1
t,2900,4750,4700,2950,1,1,1,0,0,0,1,1
t,2900,4400,4400,2900,1,1,0,0,0,0,1,1
t,2900,4450,4400,2950,1,1,1,0,0,0,1,1
t,2900,4400,4400,2900,1,1,0,0,0,0,1,1
t,2900,5050,4800,3150,1,1,1,1,0,0,1,1
ct,1400,6950,5600,2750,1,0,0,0,0,0,1,1
t,3400,2950,1650,4700,1,1,1,1,0,0,1,1
ct,1400,6700,5200,2900,1,1,0,0,0,0,1,1
t,3400,3450,1800,5050,1,1,1,1,0,0,1,1
t,3400,5100,5100,3400,1,1,1,1,0,0,1,1
t,3400,6300,6250,3450,1,1,1,1,0,0,1,1
t,3400,4700,4600,3500,1,1,1,1,0,0,1,1
t,3400,4550,3900,4050,1,1,1,1,0,0,1,1
t,3400,3700,1700,5400,1,1,1,1,1,0,1,1
ct,1400,8250,5600,4050,1,1,1,1,0,0,1,1
t,3400,3800,1850,5350,1,1,1,1,0,0,1,1
ct,1400,9050,5200,5250,1,1,1,1,0,0,1,1
t,3400,4050,1350,6100,1,1,1,1,1,1,1,1
t,3400,3550,1650,5300,1,1,1,1,0,0,1,1
t,3400,5400,4900,3900,1,1,1,1,0,0,1,1
t,3400,6950,6850,3500,1,1,1,1,0,0,1,1
ct,1400,6800,5600,2600,1,0,0,0,0,0,1,1
t,3400,5600,4600,4400,1,1,1,1,0,0,1,1
t,3400,4850,4800,3450,1,1,1,1,0,0,1,1
t,3400,4900,4800,3500,1,1,1,1,0,0,1,1
t,3400,3900,2200,5100,1,1,1,1,0,0,1,1
t,3400,3500,0,6900,1,1,1,1,1,1,1,1
t,3400,4400,3300,4500,1,1,1,1,0,0,1,1
t,3400,3500,2400,4500,1,1,1,1,0,0,1,1
t,3400,5100,5100,3400,1,1,1,1,0,0,1,1
t,3400,6600,6450,3550,1,1,1,1,0,0,1,1
ct,1400,8100,5600,3900,1,1,1,1,0,0,1,1
t,3400,4500,4400,3500,1,1,1,1,0,0,1,1
t,3400,4000,3700,3700,1,1,1,1,0,0,1,1
t,3400,3650,0,7050,1,1,1,1,1,1,1,1
t,3400,4000,2000,5400,1,1,1,1,1,0,1,1
ct,1400,11700,5800,7300,1,1,1,1,1,1,1,1
ct,1400,16000,7450,9950,1,1,1,1,1,1,1,1
t,3400,3500,2050,4850,1,1,1,1,0,0,1,1
t,3400,3700,3700,3400,1,1,1,1,0,0,1,1
t,3400,6650,6650,3400,1,1,1,1,0,0,1,1
ct,1400,13800,6300,8900,1,1,1,1,1,1,1,1
t,3400,4750,4600,3550,1,1,1,1,0,0,1,1
t,3400,4850,4800,3450,1,1,1,1,0,0,1,1
t,3400,3700,3650,3450,1,1,1,1,0,0,1,1
ct,1400,14300,7950,7750,1,1,1,1,1,1,1,1
t,3400,3600,2100,4900,1,1,1,1,0,0,1,1
t,3400,4000,4000,3400,1,1,1,1,0,0,1,1
ct,1400,15250,7950,8700,1,1,1,1,1,1,1,1
ct,1400,11000,6100,6300,1,1,1,1,1,1,1,1
t,3400,3850,3700,3550,1,1,1,1,0,0,1,1
ct,1900,800,650,2050,0,0,0,0,0,0,1,1
ct,1900,800,650,2050,0,0,0,0,0,0,1,1
ct,1900,800,650,2050,0,0,0,0,0,0,1,1
ct,1900,800,800,1900,0,0,0,0,0,0,1,1
ct,1900,800,650,2050,0,0,0,0,0,0,1,1
ct,1400,4550,4400,1550,0,0,0,0,0,0,0,1
t,2400,2650,700,4350,1,1,1,1,0,0,1,1
ct,1400,3950,2900,2450,1,0,0,0,0,0,1,1
t,2400,2000,0,4400,1,1,1,1,0,0,1,1
ct,1400,3650,3450,1600,0,0,0,0,0,0,0,1
t,2400,2000,0,4400,1,1,1,1,0,0,1,1
t,2400,2050,0,4450,1,1,1,1,0,0,1,1
t,2400,2350,0,4750,1,1,1,1,0,0,1,1
t,2900,4350,4300,2950,1,1,1,0,0,0,1,1
t,2900,4400,4400,2900,1,1,0,0,0,0,1,1
t,2900,4400,4400,2900,1,1,0,0,0,0,1,1
t,2900,4450,4400,2950,1,1,1,0,0,0,1,1
t,2900,4750,4600,3050,1,1,1,0,0,0,1,1
ct,1400,5750,5600,1550,0,0,0,0,0,0,0,1
t,3400,3550,2100,4850,1,1,1,1,0,0,1,1
t,3400,2900,1450,4850,1,1,1,1,0,0,1,1
t,3400,2900,1400,4900,1,1,1,1,0,0,1,1
t,3400,3050,1450,5000,1,1,1,1,0,0,1,1
ct,1400,5550,5400,1550,0,0,0,0,0,0,0,1
t,3400,4850,4700,3550,1,1,1,1,0,0,1,1
t,3400,4850,4700,3550,1,1,1,1,0,0,1,1
t,3400,4900,4800,3500,1,1,1,1,0,0,1,1
t,3400,6350,6250,3500,1,1,1,1,0,0,1,1
t,3400,5000,4800,3600,1,1,1,1,0,0,1,1
t,1900,800,650,2050,0,0,0,0,0,0,1,1
ct,1900,800,650,2050,0,0,0,0,0,0,1,1
ct,1900,800,800,1900,0,0,0,0,0,0,1,1
ct,1900,800,800,1900,0,0,0,0,0,0,1,1
t,1900,800,650,2050,0,0,0,0,0,0,1,1
ct,1900,800,650,2050,0,0,0,0,0,0,1,1
ct,1900,800,650,2050,0,0,0,0,0,0,1,1
t,1900,800,800,1900,0,0,0,0,0,0,1,1
t,1900,800,650,2050,0,0,0,0,0,0,1,1
t,1900,800,650,2050,0,0,0,0,0,0,1,1
t,2400,2050,0,4450,1,1,1,1,0,0,1,1
ct,1400,3950,3950,1400,0,0,0,0,0,0,0,1
ct,1400,3800,3750,1450,0,0,0,0,0,0,0,1
ct,1400,4100,4100,1400,0,0,0,0,0,0,0,1
t,2400,2050,0,4450,1,1,1,1,0,0,1,1
ct,1400,3950,3950,1400,0,0,0,0,0,0,0,1
ct,1400,3650,3550,1500,0,0,0,0,0,0,0,1
t,2400,2200,300,4300,1,1,1,1,0,0,1,1
t,2400,2050,0,4450,1,1,1,1,0,0,1,1
t,2400,2050,0,4450,1,1,1,1,0,0,1,1
t,2900,4450,4400,2950,1,1,1,0,0,0,1,1
t,2900,4450,4400,2950,1,1,1,0,0,0,1,1
t,2900,4300,4000,3200,1,1,1,1,0,0,1,1
t,2900,4450,4400,2950,1,1,1,0,0,0,1,1
t,2900,4450,4400,2950,1,1,1,0,0,0,1,1
ct,1900,4750,4650,2000,0,0,0,0,0,0,1,1
ct,1900,5000,5000,1900,0,0,0,0,0,0,1,1
ct,1900,4550,4550,1900,0,0,0,0,0,0,1,1
ct,1900,4750,4750,1900,0,0,0,0,0,0,1,1
t,1400,4150,3900,1650,0,0,0,0,0,0,0,1
t,1900,3900,2200,3600,1,1,1,1,0,0,1,1
ct,1400,4050,4050,1400,0,0,0,0,0,0,0,1
t,1900,2800,300,4400,1,1,1,1,0,0,1,1
t,1900,3350,1450,3800,1,1,1,1,0,0,1,1
t,1900,3600,1450,4050,1,1,1,1,0,0,1,1
t,1900,3000,1450,3450,1,1,1,1,0,0,1,1
t,2400,4100,4000,2500,1,0,0,0,0,0,1,1
t,2400,4500,4400,2500,1,0,0,0,0,0,1,1
t,2400,4600,4600,2400,0,0,0,0,0,0,1,1
t,2400,4550,4400,2550,1,0,0,0,0,0,1,1
t,2900,3000,1950,3950,1,1,1,1,0,0,1,1
t,2900,3000,1000,4900,1,1,1,1,0,0,1,1
t,2900,2900,1100,4700,1,1,1,1,0,0,1,1
t,2900,3250,2000,4150,1,1,1,1,0,0,1,1
t,3400,4450,4400,3450,1,1,1,1,0,0,1,1
ct,1400,5250,5200,1450,0,0,0,0,0,0,0,1
t,3400,5400,5400,3400,1,1,1,1,0,0,1,1
ct,1400,8900,5200,5100,1,1,1,1,0,0,1,1
ct,1400,9100,7450,3050,1,1,1,0,0,0,1,1
t,3400,5200,4800,3800,1,1,1,1,0,0,1,1
t,3400,4950,4900,3450,1,1,1,1,0,0,1,1
t,3400,3450,2050,4800,1,1,1,1,0,0,1,1
ct,1400,6450,5200,2650,1,0,0,0,0,0,1,1
t,3400,3500,1000,5900,1,1,1,1,1,1,1,1
ct,1400,6850,5200,3050,1,1,1,0,0,0,1,1
t,3400,4100,3700,3800,1,1,1,1,0,0,1,1
t,3400,3750,3100,4050,1,1,1,1,0,0,1,1
t,3400,4800,4700,3500,1,1,1,1,0,0,1,1
t,3400,6200,6200,3400,1,1,1,1,0,0,1,1
t,3400,3800,3700,3500,1,1,1,1,0,0,1,1
t,3400,3750,3700,3450,1,1,1,1,0,0,1,1
t,3400,4050,4000,3450,1,1,1,1,0,0,1,1
ct,1400,7900,5600,3700,1,1,1,1,0,0,1,1
ct,1400,5600,5600,1400,0,0,0,0,0,0,0,1
t,3400,3500,700,6200,1,1,1,1,1,1,1,1
ct,1400,5550,5200,1750,0,0,0,0,0,0,1,1
t,3400,3500,1800,5100,1,1,1,1,0,0,1,1
t,3400,3750,650,6500,1,1,1,1,1,1,1,1
t,3400,3450,1650,5200,1,1,1,1,0,0,1,1
t,3400,4150,4000,3550,1,1,1,1,0,0,1,1
t,3400,6800,6650,3550,1,1,1,1,0,0,1,1
t,3400,4850,4700,3550,1,1,1,1,0,0,1,1
t,3400,5200,4900,3700,1,1,1,1,0,0,1,1
t,1900,800,650,2050,0,0,0,0,0,0,1,1
t,1900,800,800,1900,0,0,0,0,0,0,1,1
t,1900,800,700,2000,0,0,0,0,0,0,1,1
t,1900,800,650,2050,0,0,0,0,0,0,1,1
t,1900,800,650,2050,0,0,0,0,0,0,1,1
ct,2400,2300,2200,2500,1,0,0,0,0,0,1,1
t,1400,3950,3250,2100,0,0,0,0,0,0,1,1
t,1400,3800,3800,1400,0,0,0,0,0,0,0,1
t,1400,3900,3900,1400,0,0,0,0,0,0,0,1
ct,2400,2600,2550,2450,1,0,0,0,0,0,1,1
t,1400,3650,3600,1450,0,0,0,0,0,0,0,1
t,1400,3650,3500,1550,0,0,0,0,0,0,0,1
ct,2400,3050,2950,2500,1,0,0,0,0,0,1,1
ct,2400,2300,2250,2450,1,0,0,0,0,0,1,1
ct,2400,2600,2550,2450,1,0,0,0,0,0,1,1
t,1400,3750,3600,1550,0,0,0,0,0,0,0,1
t,1400,3250,3100,1550,0,0,0,0,0,0,0,1
t,1400,3850,3250,2000,0,0,0,0,0,0,1,1
ct,2900,3550,3550,2900,1,1,0,0,0,0,1,1
ct,2900,2700,2550,3050,1,1,1,0,0,0,1,1
ct,2900,2650,2550,3000,1,1,1,0,0,0,1,1
ct,2900,2650,2500,3050,1,1,1,0,0,0,1,1
t,1900,1550,1450,2000,0,0,0,0,0,0,1,1
t,1900,2000,1850,2050,0,0,0,0,0,0,1,1
t,1900,2800,1700,3000,1,1,1,0,0,0,1,1
t,1900,2100,1800,2200,0,0,0,0,0,0,1,1
t,2400,2000,0,4400,1,1,1,1,0,0,1,1
t,2400,2000,0,4400,1,1,1,1,0,0,1,1
t,2400,2350,200,4550,1,1,1,1,0,0,1,1
t,2400,2500,700,4200,1,1,1,1,0,0,1,1
t,2400,2500,0,4900,1,1,1,1,0,0,1,1
ct,1400,5450,5400,1450,0,0,0,0,0,0,0,1
ct,1400,6000,5600,1800,0,0,0,0,0,0,1,1
ct,1400,4700,4700,1400,0,0,0,0,0,0,0,1
t,2900,4700,4600,3000,1,1,1,0,0,0,1,1
t,2900,4400,4400,2900,1,1,0,0,0,0,1,1
t,2900,4550,4400,3050,1,1,1,0,0,0,1,1
t,2900,4200,4200,2900,1,1,0,0,0,0,1,1
t,2900,4900,4800,3000,1,1,1,0,0,0,1,1
t,3400,3000,1800,4600,1,1,1,1,0,0,1,1
t,3400,3050,1200,5250,1,1,1,1,0,0,1,1
t,3400,2900,300,6000,1,1,1,1,1,1,1,1
t,3400,3300,1850,4850,1,1,1,1,0,0,1,1
ct,1400,7200,5600,3000,1,1,1,0,0,0,1,1
ct,1400,6100,5600,1900,0,0,0,0,0,0,1,1
ct,1400,5750,5600,1550,0,0,0,0,0,0,0,1
t,3400,5200,5100,3500,1,1,1,1,0,0,1,1
t,3400,5350,5100,3650,1,1,1,1,0,0,1,1
t,3400,5950,4900,4450,1,1,1,1,0,0,1,1
t,3400,5250,4900,3750,1,1,1,1,0,0,1,1
t,3400,5450,4800,4050,1,1,1,1,0,0,1,1
ct,1900,800,800,1900,0,0,0,0,0,0,1,1
ct,1900,800,650,2050,0,0,0,0,0,0,1,1
t,1900,800,650,2050,0,0,0,0,0,0,1,1
ct,1900,800,650,2050,0,0,0,0,0,0,1,1
t,1900,800,650,2050,0,0,0,0,0,0,1,1
t,1900,800,800,1900,0,0,0,0,0,0,1,1
t,1900,800,650,2050,0,0,0,0,0,0,1,1
ct,1900,800,650,2050,0,0,0,0,0,0,1,1
t,1900,800,700,2000,0,0,0,0,0,0,1,1
ct,1900,800,650,2050,0,0,0,0,0,0,1,1
ct,1400,3800,3350,1850,0,0,0,0,0,0,1,1
ct,1400,3650,3050,2000,0,0,0,0,0,0,1,1
t,2400,2350,0,4750,1,1,1,1,0,0,1,1
ct,1400,3650,3350,1700,0,0,0,0,0,0,1,1
t,2400,2050,0,4450,1,1,1,1,0,0,1,1
t,2400,1900,0,4300,1,1,1,1,0,0,1,1
t,2400,2350,700,4050,1,1,1,1,0,0,1,1
ct,1400,4250,4050,1600,0,0,0,0,0,0,0,1
t,2400,2000,0,4400,1,1,1,1,0,0,1,1
ct,1400,4250,2550,3100,1,1,1,0,0,0,1,1
ct,1400,4950,4900,1450,0,0,0,0,0,0,0,1
t,2900,5650,5100,3450,1,1,1,1,0,0,1,1
t,2900,5350,4800,3450,1,1,1,1,0,0,1,1
t,2900,4900,4800,3000,1,1,1,0,0,0,1,1
t,2900,4650,4600,2950,1,1,1,0,0,0,1,1
t,2900,5000,4800,3100,1,1,1,0,0,0,1,1
t,3400,4050,4000,3450,1,1,1,1,0,0,1,1
t,3400,4350,4200,3550,1,1,1,1,0,0,1,1
t,3400,3900,3900,3400,1,1,1,1,0,0,1,1
t,3400,4150,4000,3550,1,1,1,1,0,0,1,1
ct,1400,6700,5600,2500,1,0,0,0,0,0,1,1
t,3400,3700,3700,3400,1,1,1,1,0,0,1,1
ct,1900,3200,2550,2550,1,0,0,0,0,0,1,1
ct,1900,2900,2900,1900,0,0,0,0,0,0,1,1
t,1900,3500,1450,3950,1,1,1,1,0,0,1,1
t,1900,2500,700,3700,1,1,1,1,0,0,1,1
t,1900,5000,0,6900,1,1,1,1,1,1,1,1
t,1900,4150,1350,4700,1,1,1,1,0,0,1,1
t,2400,4950,4700,2650,1,0,0,0,0,0,1,1
t,2400,4700,4700,2400,0,0,0,0,0,0,1,1
t,2400,4750,4600,2550,1,0,0,0,0,0,1,1
t,2400,4550,4300,2650,1,0,0,0,0,0,1,1
ct,1400,7600,5600,3400,1,1,1,1,0,0,1,1
ct,1400,8050,5200,4250,1,1,1,1,0,0,1,1
t,2900,3400,2000,4300,1,1,1,1,0,0,1,1
t,2900,3550,1850,4600,1,1,1,1,0,0,1,1
t,2900,3650,1800,4750,1,1,1,1,0,0,1,1
ct,1400,6650,5200,2850,1,1,0,0,0,0,1,1
t,3400,5850,4900,4350,1,1,1,1,0,0,1,1
ct,1400,8550,5600,4350,1,1,1,1,0,0,1,1
t,3400,5100,4800,3700,1,1,1,1,0,0,1,1
t,3400,5250,4800,3850,1,1,1,1,0,0,1,1
t,3400,5700,4800,4300,1,1,1,1,0,0,1,1
t,3400,4350,2750,5000,1,1,1,1,0,0,1,1
t,3400,3850,1650,5600,1,1,1,1,1,0,1,1
t,3400,5000,4900,3500,1,1,1,1,0,0,1,1
t,3400,5300,4800,3900,1,1,1,1,0,0,1,1
t,3400,5600,4800,4200,1,1,1,1,0,0,1,1
t,3400,4800,4800,3400,1,1,1,1,0,0,1,1
ct,1400,10700,6100,6000,1,1,1,1,1,1,1,1
t,3400,3500,3500,3400,1,1,1,1,0,0,1,1
t,3400,3400,3300,3500,1,1,1,1,0,0,1,1
t,3400,4200,4200,3400,1,1,1,1,0,0,1,1
t,3400,3400,3400,3400,1,1,1,1,0,0,1,1
ct,1400,11200,7950,4650,1,1,1,1,0,0,1,1
t,1900,800,650,2050,0,0,0,0,0,0,1,1
t,1900,800,800,1900,0,0,0,0,0,0,1,1
t,1900,800,650,2050,0,0,0,0,0,0,1,1
t,1900,800,650,2050,0,0,0,0,0,0,1,1
t,1900,800,650,2050,0,0,0,0,0,0,1,1
t,2400,2050,0,4450,1,1,1,1,0,0,1,1
t,2400,1900,0,4300,1,1,1,1,0,0,1,1
ct,1400,4250,4200,1450,0,0,0,0,0,0,0,1
t,2400,2650,0,5050,1,1,1,1,0,0,1,1
ct,1400,4400,4400,1400,0,0,0,0,0,0,0,1
ct,1400,3650,3550,1500,0,0,0,0,0,0,0,1
ct,1400,3650,3550,1500,0,0,0,0,0,0,0,1
t,2400,2050,0,4450,1,1,1,1,0,0,1,1
ct,1400,3650,3600,1450,0,0,0,0,0,0,0,1
t,2400,2050,0,4450,1,1,1,1,0,0,1,1
t,2900,4450,4400,2950,1,1,1,0,0,0,1,1
t,2900,4300,4200,3000,1,1,1,0,0,0,1,1
t,2900,4450,4300,3050,1,1,1,0,0,0,1,1
t,2900,4450,4400,2950,1,1,1,0,0,0,1,1
t,2900,4450,4400,2950,1,1,1,0,0,0,1,1
t,3400,2950,1450,4900,1,1,1,1,0,0,1,1
t,3400,3000,700,5700,1,1,1,1,1,0,1,1
ct,1400,6250,5400,2250,0,0,0,0,0,0,1,1
t,3400,3050,0,6450,1,1,1,1,1,1,1,1
t,3400,2950,0,6350,1,1,1,1,1,1,1,1
t,3400,5200,4900,3700,1,1,1,1,0,0,1,1
t,3400,5700,4800,4300,1,1,1,1,0,0,1,1
t,3400,4700,4700,3400,1,1,1,1,0,0,1,1
t,3400,6050,6050,3400,1,1,1,1,0,0,1,1
t,3400,4900,4900,3400,1,1,1,1,0,0,1,1
t,3400,4300,4300,3400,1,1,1,1,0,0,1,1
ct,1400,11050,5600,6850,1,1,1,1,1,1,1,1
t,3400,4400,4400,3400,1,1,1,1,0,0,1,1
ct,1400,10950,5600,6750,1,1,1,1,1,1,1,1
ct,1900,8100,5600,4400,1,1,1,1,0,0,1,1
ct,1900,6900,5250,3550,1,1,1,1,0,0,1,1
ct,1900,6800,5250,3450,1,1,1,1,0,0,1,1
ct,2400,4800,4650,2550,1,0,0,0,0,0,1,1
t,1400,5200,4900,1700,0,0,0,0,0,0,1,1
ct,2400,3650,3600,2450,1,0,0,0,0,0,1,1
ct,2400,6600,6500,2500,1,0,0,0,0,0,1,1
t,1400,5300,4900,1800,0,0,0,0,0,0,1,1
ct,2400,3550,3400,2550,1,0,0,0,0,0,1,1
ct,1400,3950,3850,1500,0,0,0,0,0,0,0,1
ct,1400,3950,3950,1400,0,0,0,0,0,0,0,1
t,2400,2900,1200,4100,1,1,1,1,0,0,1,1
t,2400,4000,2650,3750,1,1,1,1,0,0,1,1
t,2400,4100,3350,3150,1,1,1,1,0,0,1,1
t,2400,4850,1000,6250,1,1,1,1,1,1,1,1
t,2900,5150,4900,3150,1,1,1,1,0,0,1,1
t,2900,5100,4800,3200,1,1,1,1,0,0,1,1
t,2900,4750,4700,2950,1,1,1,0,0,0,1,1
t,2900,4450,4400,2950,1,1,1,0,0,0,1,1
t,2900,6600,6450,3050,1,1,1,0,0,0,1,1
ct,1900,800,650,2050,0,0,0,0,0,0,1,1
t,1900,800,650,2050,0,0,0,0,0,0,1,1
ct,1900,800,650,2050,0,0,0,0,0,0,1,1
ct,1900,800,800,1900,0,0,0,0,0,0,1,1
t,1900,800,650,2050,0,0,0,0,0,0,1,1
ct,1900,800,650,2050,0,0,0,0,0,0,1,1
ct,1900,800,650,2050,0,0,0,0,0,0,1,1
t,1900,800,700,2000,0,0,0,0,0,0,1,1
t,1900,800,650,2050,0,0,0,0,0,0,1,1
t,1900,800,650,2050,0,0,0,0,0,0,1,1
ct,1400,3650,3550,1500,0,0,0,0,0,0,0,1
t,2400,2050,300,4150,1,1,1,1,0,0,1,1
ct,1400,4550,4500,1450,0,0,0,0,0,0,0,1
ct,1400,3500,3350,1550,0,0,0,0,0,0,0,1
t,2400,2050,0,4450,1,1,1,1,0,0,1,1
ct,1400,3650,3550,1500,0,0,0,0,0,0,0,1
ct,1400,4250,4200,1450,0,0,0,0,0,0,0,1
t,2400,2600,700,4300,1,1,1,1,0,0,1,1
t,2400,2350,300,4450,1,1,1,1,0,0,1,1
t,2400,2050,0,4450,1,1,1,1,0,0,1,1
t,2900,4450,4400,2950,1,1,1,0,0,0,1,1
t,2900,4450,4400,2950,1,1,1,0,0,0,1,1
t,2900,4300,4200,3000,1,1,1,0,0,0,1,1
t,2900,4750,4600,3050,1,1,1,0,0,0,1,1
t,2900,4450,4400,2950,1,1,1,0,0,0,1,1
ct,1900,4350,4350,1900,0,0,0,0,0,0,1,1
ct,1900,4000,3850,2050,0,0,0,0,0,0,1,1
ct,1900,3850,3850,1900,0,0,0,0,0,0,1,1
ct,1900,4700,4650,1950,0,0,0,0,0,0,1,1
t,1400,4000,4000,1400,0,0,0,0,0,0,0,1
ct,2400,2100,0,4500,1,1,1,1,0,0,1,1
ct,2400,1950,0,4350,1,1,1,1,0,0,1,1
ct,2900,5150,5050,3000,1,1,1,0,0,0,1,1
t,1400,6400,4900,2900,1,1,0,0,0,0,1,1
ct,2900,4600,4550,2950,1,1,1,0,0,0,1,1
t,1400,6900,4900,3400,1,1,1,1,0,0,1,1
ct,2900,4550,4550,2900,1,1,0,0,0,0,1,1
ct,2900,4900,4850,2950,1,1,1,0,0,0,1,1
t,1400,7650,4900,4150,1,1,1,1,0,0,1,1
t,1400,6100,4800,2700,1,0,0,0,0,0,1,1
ct,3400,3450,1900,4950,1,1,1,1,0,0,1,1
t,1400,5050,3250,3200,1,1,1,1,0,0,1,1
ct,3400,5150,3550,5000,1,1,1,1,0,0,1,1
ct,3400,3350,700,6050,1,1,1,1,1,1,1,1
ct,3400,3400,1450,5350,1,1,1,1,0,0,1,1
t,1400,4550,2750,3200,1,1,1,1,0,0,1,1
t,1400,7050,4800,3650,1,1,1,1,0,0,1,1
ct,3400,5200,5050,3550,1,1,1,1,0,0,1,1
t,1400,5900,4900,2400,0,0,0,0,0,0,1,1
ct,3400,5750,5250,3900,1,1,1,1,0,0,1,1
ct,3400,6300,6250,3450,1,1,1,1,0,0,1,1
ct,3400,5600,5600,3400,1,1,1,1,0,0,1,1
t,1400,9200,4900,5700,1,1,1,1,1,0,1,1
t,1400,5900,4800,2500,1,0,0,0,0,0,1,1
t,1900,2400,0,4300,1,1,1,1,0,0,1,1
t,1900,3000,0,4900,1,1,1,1,0,0,1,1
t,1900,2500,0,4400,1,1,1,1,0,0,1,1
t,1900,2650,0,4550,1,1,1,1,0,0,1,1
ct,1900,5600,5600,1900,0,0,0,0,0,0,1,1
t,1400,5950,4900,2450,1,0,0,0,0,0,1,1
ct,1900,5450,5200,2150,0,0,0,0,0,0,1,1
t,1400,7900,4900,4400,1,1,1,1,0,0,1,1
t,1400,6150,4900,2650,1,0,0,0,0,0,1,1
t,1900,5150,4900,2150,0,0,0,0,0,0,1,1
ct,1400,3850,3600,1650,0,0,0,0,0,0,0,1
t,1900,5550,4900,2550,1,0,0,0,0,0,1,1
t,1900,4700,4600,2000,0,0,0,0,0,0,1,1
t,1900,2650,2500,2050,0,0,0,0,0,0,1,1
ct,1900,3250,3200,1950,0,0,0,0,0,0,1,1
ct,1900,3550,3400,2050,0,0,0,0,0,0,1,1
ct,1900,2700,2700,1900,0,0,0,0,0,0,1,1
ct,1900,2800,2700,2000,0,0,0,0,0,0,1,1
ct,1900,800,650,2050,0,0,0,0,0,0,1,1
ct,1900,800,650,2050,0,0,0,0,0,0,1,1
ct,1900,800,800,1900,0,0,0,0,0,0,1,1
ct,1900,800,650,2050,0,0,0,0,0,0,1,1
ct,1900,800,650,2050,0,0,0,0,0,0,1,1
ct,2400,2200,0,4600,1,1,1,1,0,0,1,1
t,1400,3400,3150,1650,0,0,0,0,0,0,0,1
t,1400,3300,3150,1550,0,0,0,0,0,0,0,1
ct,2400,2800,500,4700,1,1,1,1,0,0,1,1
t,1400,4300,4300,1400,0,0,0,0,0,0,0,1
t,1400,3350,3300,1450,0,0,0,0,0,0,0,1
ct,2400,2050,0,4450,1,1,1,1,0,0,1,1
ct,2400,2500,500,4400,1,1,1,1,0,0,1,1
ct,2400,2050,0,4450,1,1,1,1,0,0,1,1
ct,2900,4750,4700,2950,1,1,1,0,0,0,1,1
ct,2900,5250,5200,2950,1,1,1,0,0,0,1,1
t,1400,4200,4000,1600,0,0,0,0,0,0,0,1
ct,2900,4600,4550,2950,1,1,1,0,0,0,1,1
ct,2900,4850,4700,3050,1,1,1,0,0,0,1,1
ct,2900,4600,4600,2900,1,1,0,0,0,0,1,1
t,1900,2850,2750,2000,0,0,0,0,0,0,1,1
t,1900,2800,2800,1900,0,0,0,0,0,0,1,1
t,1900,2100,1850,2150,0,0,0,0,0,0,1,1
t,1900,1600,1450,2050,0,0,0,0,0,0,1,1
t,2400,2000,0,4400,1,1,1,1,0,0,1,1
t,2400,2150,200,4350,1,1,1,1,0,0,1,1
t,2400,2250,0,4650,1,1,1,1,0,0,1,1
t,2400,2050,0,4450,1,1,1,1,0,0,1,1
t,2900,4400,4400,2900,1,1,0,0,0,0,1,1
ct,1400,6950,5000,3350,1,1,1,1,0,0,1,1
t,2900,4250,4200,2950,1,1,1,0,0,0,1,1
t,2900,4350,4200,3050,1,1,1,0,0,0,1,1
t,2900,4950,4900,2950,1,1,1,0,0,0,1,1
t,2900,4450,4400,2950,1,1,1,0,0,0,1,1
t,3400,2900,1450,4850,1,1,1,1,0,0,1,1
ct,1400,9350,5600,5150,1,1,1,1,0,0,1,1
t,3400,3550,2400,4550,1,1,1,1,0,0,1,1
t,3400,2950,1450,4900,1,1,1,1,0,0,1,1
ct,1400,7600,5600,3400,1,1,1,1,0,0,1,1
t,3400,4850,4800,3450,1,1,1,1,0,0,1,1
ct,1400,7450,5600,3250,1,1,1,1,0,0,1,1
t,3400,4950,4900,3450,1,1,1,1,0,0,1,1
t,3400,5050,4900,3550,1,1,1,1,0,0,1,1
t,3400,4900,4900,3400,1,1,1,1,0,0,1,1
ct,1900,5500,5400,2000,0,0,0,0,0,0,1,1
ct,1900,6700,6700,1900,0,0,0,0,0,0,1,1
ct,1900,800,650,2050,0,0,0,0,0,0,1,1
ct,1900,800,800,1900,0,0,0,0,0,0,1,1
t,1900,800,800,1900,0,0,0,0,0,0,1,1
t,1900,800,700,2000,0,0,0,0,0,0,1,1
t,1900,800,650,2050,0,0,0,0,0,0,1,1
t,1900,800,650,2050,0,0,0,0,0,0,1,1
t,1900,800,650,2050,0,0,0,0,0,0,1,1
ct,1900,800,650,2050,0,0,0,0,0,0,1,1
ct,1900,800,800,1900,0,0,0,0,0,0,1,1
ct,1900,800,650,2050,0,0,0,0,0,0,1,1
ct,2400,2450,2450,2400,0,0,0,0,0,0,1,1
ct,2400,2000,1900,2500,1,0,0,0,0,0,1,1
t,1400,3550,3500,1450,0,0,0,0,0,0,0,1
t,1400,3350,2100,2650,1,0,0,0,0,0,1,1
t,1400,3400,3300,1500,0,0,0,0,0,0,0,1
t,1400,3700,3700,1400,0,0,0,0,0,0,0,1
ct,2400,2000,1900,2500,1,0,0,0,0,0,1,1
ct,2400,2450,1850,3000,1,1,1,0,0,0,1,1
ct,2900,2450,300,5050,1,1,1,1,0,0,1,1
ct,2900,3150,0,6050,1,1,1,1,1,1,1,1
t,1400,4000,1100,4300,1,1,1,1,0,0,1,1
ct,2900,2450,0,5350,1,1,1,1,0,0,1,1
ct,2900,2550,0,5450,1,1,1,1,1,0,1,1
ct,2900,3050,0,5950,1,1,1,1,1,1,1,1
ct,3400,5250,5250,3400,1,1,1,1,0,0,1,1
ct,3400,6250,4850,4800,1,1,1,1,0,0,1,1
t,1400,5700,4700,2400,0,0,0,0,0,0,1,1
t,1400,6150,4800,2750,1,0,0,0,0,0,1,1
t,1400,4850,4800,1450,0,0,0,0,0,0,0,1
t,1400,4150,2100,3450,1,1,1,1,0,0,1,1
ct,3400,6150,5600,3950,1,1,1,1,0,0,1,1
ct,3400,5950,5600,3750,1,1,1,1,0,0,1,1
ct,3400,6450,6450,3400,1,1,1,1,0,0,1,1
t,1400,4500,4500,1400,0,0,0,0,0,0,0,1
ct,3400,4450,4350,3500,1,1,1,1,0,0,1,1
t,1900,1750,0,3650,1,1,1,1,0,0,1,1
t,1900,1700,1700,1900,0,0,0,0,0,0,1,1
t,1900,2750,300,4350,1,1,1,1,0,0,1,1
t,1900,1400,0,3300,1,1,1,1,0,0,1,1
ct,1900,6550,5450,3000,1,1,1,0,0,0,1,1
t,1400,3500,3500,1400,0,0,0,0,0,0,0,1
t,1400,3550,3500,1450,0,0,0,0,0,0,0,1
ct,1900,7650,5250,4300,1,1,1,1,0,0,1,1
ct,1900,6400,6200,2100,0,0,0,0,0,0,1,1
ct,2900,6050,5600,3350,1,1,1,1,0,0,1,1
ct,2900,5050,4850,3100,1,1,1,0,0,0,1,1
ct,3400,7850,5200,6050,1,1,1,1,1,1,1,1
t,1400,8900,4800,5500,1,1,1,1,1,0,1,1
t,1400,8400,4800,5000,1,1,1,1,0,0,1,1
t,1400,8550,4900,5050,1,1,1,1,0,0,1,1
t,1400,8000,4800,4600,1,1,1,1,0,0,1,1
t,1900,5000,4800,2100,0,0,0,0,0,0,1,1
t,1900,4600,4600,1900,0,0,0,0,0,0,1,1
ct,1900,5950,5600,2250,0,0,0,0,0,0,1,1
ct,1900,7950,6500,3350,1,1,1,1,0,0,1,1
t,1400,3750,3700,1450,0,0,0,0,0,0,0,1
ct,1900,7100,5250,3750,1,1,1,1,0,0,1,1
ct,1900,10000,8150,3750,1,1,1,1,0,0,1,1
t,1900,800,750,1950,0,0,0,0,0,0,1,1
t,1900,800,700,2000,0,0,0,0,0,0,1,1
t,1900,800,650,2050,0,0,0,0,0,0,1,1
t,1900,800,650,2050,0,0,0,0,0,0,1,1
t,1900,800,650,2050,0,0,0,0,0,0,1,1
t,1400,3300,3300,1400,0,0,0,0,0,0,0,1
t,1400,3350,3300,1450,0,0,0,0,0,0,0,1
ct,2400,2650,2350,2700,1,0,0,0,0,0,1,1
ct,2400,2200,1700,2900,1,1,0,0,0,0,1,1
ct,2400,2150,2100,2450,1,0,0,0,0,0,1,1
ct,2400,2200,2200,2400,0,0,0,0,0,0,1,1
t,1400,3400,3250,1550,0,0,0,0,0,0,0,1
ct,2900,2700,0,5600,1,1,1,1,1,0,1,1
ct,2900,2450,400,4950,1,1,1,1,0,0,1,1
ct,3400,5250,5200,3450,1,1,1,1,0,0,1,1
ct,3400,4500,4350,3550,1,1,1,1,0,0,1,1
ct,3400,4750,4650,3500,1,1,1,1,0,0,1,1
t,1900,6900,4900,3900,1,1,1,1,0,0,1,1
ct,1400,4750,4650,1500,0,0,0,0,0,0,0,1
t,1900,4900,4800,2000,0,0,0,0,0,0,1,1
t,1400,5500,4800,2100,0,0,0,0,0,0,1,1
ct,1900,4150,4150,1900,0,0,0,0,0,0,1,1
ct,1900,5500,5400,2000,0,0,0,0,0,0,1,1
t,1900,7550,4800,4650,1,1,1,1,0,0,1,1
t,1900,7850,4900,4850,1,1,1,1,0,0,1,1
t,1900,7200,4800,4300,1,1,1,1,0,0,1,1
t,1900,8200,6850,3250,1,1,1,1,0,0,1,1
ct,1900,6900,4850,3950,1,1,1,1,0,0,1,1
ct,1900,7100,4850,4150,1,1,1,1,0,0,1,1
ct,1900,5300,5250,1950,0,0,0,0,0,0,1,1
t,1400,5900,4800,2500,1,0,0,0,0,0,1,1
ct,1900,800,650,2050,0,0,0,0,0,0,1,1
t,1900,800,650,2050,0,0,0,0,0,0,1,1
ct,1900,800,650,2050,0,0,0,0,0,0,1,1
t,1900,800,700,2000,0,0,0,0,0,0,1,1
ct,1900,800,650,2050,0,0,0,0,0,0,1,1
ct,1900,800,650,2050,0,0,0,0,0,0,1,1
t,1900,800,700,2000,0,0,0,0,0,0,1,1
t,1900,800,700,2000,0,0,0,0,0,0,1,1
ct,1900,800,800,1900,0,0,0,0,0,0,1,1
t,1900,800,650,2050,0,0,0,0,0,0,1,1
ct,1400,3900,3900,1400,0,0,0,0,0,0,0,1
t,2400,2950,2950,2400,0,0,0,0,0,0,1,1
t,2400,2600,2600,2400,0,0,0,0,0,0,1,1
t,2400,2600,2450,2550,1,0,0,0,0,0,1,1
t,2400,2900,2750,2550,1,0,0,0,0,0,1,1
ct,1400,3750,3550,1600,0,0,0,0,0,0,0,1
t,2400,2950,2700,2650,1,0,0,0,0,0,1,1
ct,1400,4350,4200,1550,0,0,0,0,0,0,0,1
t,2900,3000,700,5200,1,1,1,1,0,0,1,1
t,2900,3900,1350,5450,1,1,1,1,1,0,1,1
ct,1400,3800,3550,1650,0,0,0,0,0,0,0,1
t,2900,3150,1150,4900,1,1,1,1,0,0,1,1
t,2900,3450,1400,4950,1,1,1,1,0,0,1,1
t,2900,3550,1850,4600,1,1,1,1,0,0,1,1
t,3400,4550,4400,3550,1,1,1,1,0,0,1,1
ct,1400,5450,5200,1650,0,0,0,0,0,0,0,1
t,3400,4900,4900,3400,1,1,1,1,0,0,1,1
t,3400,4950,4900,3450,1,1,1,1,0,0,1,1
t,3400,4800,4800,3400,1,1,1,1,0,0,1,1
ct,1900,4250,4150,2000,0,0,0,0,0,0,1,1
ct,2900,2500,950,4450,1,1,1,1,0,0,1,1
ct,2900,2750,1650,4000,1,1,1,1,0,0,1,1
ct,2900,3150,1450,4600,1,1,1,1,0,0,1,1
t,1400,7700,4900,4200,1,1,1,1,0,0,1,1
ct,3400,4400,4200,3600,1,1,1,1,0,0,1,1
t,1400,16000,4900,12500,1,1,1,1,1,1,1,1
t,1400,15550,4900,12050,1,1,1,1,1,1,1,1
ct,3400,7650,5600,5450,1,1,1,1,1,0,1,1
t,1900,12750,6850,7800,1,1,1,1,1,1,1,1
t,1900,16000,4800,13100,1,1,1,1,1,1,1,1
ct,1400,7800,5800,3400,1,1,1,1,0,0,1,1
t,1900,13100,4900,10100,1,1,1,1,1,1,1,1
t,1900,12650,5100,9450,1,1,1,1,1,1,1,1
t,1900,7950,4900,4950,1,1,1,1,0,0,1,1
t,2400,8500,7150,3750,1,1,1,1,0,0,1,1
t,2400,13700,5100,11000,1,1,1,1,1,1,1,1
t,2400,11000,5100,8300,1,1,1,1,1,1,1,1
t,2400,10350,5100,7650,1,1,1,1,1,1,1,1
t,2400,5550,4900,3050,1,1,1,0,0,0,1,1
ct,1900,800,800,1900,0,0,0,0,0,0,1,1
ct,1900,800,800,1900,0,0,0,0,0,0,1,1
ct,1900,800,650,2050,0,0,0,0,0,0,1,1
ct,1900,800,650,2050,0,0,0,0,0,0,1,1
ct,1900,800,650,2050,0,0,0,0,0,0,1,1
t,1400,3400,3300,1500,0,0,0,0,0,0,0,1
ct,2400,2000,1650,2750,1,0,0,0,0,0,1,1
t,1400,3350,3250,1500,0,0,0,0,0,0,0,1
ct,2400,2300,2150,2550,1,0,0,0,0,0,1,1
t,1400,4550,4400,1550,0,0,0,0,0,0,0,1
t,1400,3550,3100,1850,0,0,0,0,0,0,1,1
ct,2400,2150,2050,2500,1,0,0,0,0,0,1,1
ct,2400,2450,2450,2400,0,0,0,0,0,0,1,1
t,1400,3700,3700,1400,0,0,0,0,0,0,0,1
t,1400,3600,2200,2800,1,1,0,0,0,0,1,1
ct,2900,2650,200,5350,1,1,1,1,0,0,1,1
ct,2900,3800,0,6700,1,1,1,1,1,1,1,1
ct,2900,2500,600,4800,1,1,1,1,0,0,1,1
ct,2900,2650,500,5050,1,1,1,1,0,0,1,1
t,1400,6050,4800,2650,1,0,0,0,0,0,1,1
ct,3400,5500,5400,3500,1,1,1,1,0,0,1,1
t,1400,4900,4900,1400,0,0,0,0,0,0,0,1
ct,3400,4950,4850,3500,1,1,1,1,0,0,1,1
ct,3400,5800,5600,3600,1,1,1,1,0,0,1,1
t,1900,2950,0,4850,1,1,1,1,0,0,1,1
t,1900,5500,3900,3500,1,1,1,1,0,0,1,1
t,1400,3500,3250,1650,0,0,0,0,0,0,0,1
ct,1900,5850,4850,2900,1,1,0,0,0,0,1,1
t,1900,5350,5100,2150,0,0,0,0,0,0,1,1
t,1900,2250,2050,2100,0,0,0,0,0,0,1,1
ct,1400,4850,4250,2000,0,0,0,0,0,0,1,1
t,1900,5200,4900,2200,0,0,0,0,0,0,1,1
t,1900,4400,4400,1900,0,0,0,0,0,0,1,1
t,1900,5500,4900,2500,1,0,0,0,0,0,1,1
ct,1400,4050,3950,1500,0,0,0,0,0,0,0,1
t,2400,2100,2000,2500,1,0,0,0,0,0,1,1
t,2400,2200,2200,2400,0,0,0,0,0,0,1,1
t,2900,3250,1500,4650,1,1,1,1,0,0,1,1
t,2900,3100,1850,4150,1,1,1,1,0,0,1,1
ct,1400,7550,4350,4600,1,1,1,1,0,0,1,1
t,2900,3900,1850,4950,1,1,1,1,0,0,1,1
ct,1400,7450,5250,3600,1,1,1,1,0,0,1,1
t,2900,3100,500,5500,1,1,1,1,1,0,1,1
t,3400,4650,4600,3450,1,1,1,1,0,0,1,1
t,3400,4150,4000,3550,1,1,1,1,0,0,1,1
t,3400,4950,4900,3450,1,1,1,1,0,0,1,1
t,3400,5500,5100,3800,1,1,1,1,0,0,1,1
ct,1400,9550,5600,5350,1,1,1,1,0,0,1,1
ct,1900,7950,4850,5000,1,1,1,1,0,0,1,1
ct,1900,7050,5250,3700,1,1,1,1,0,0,1,1
ct,2400,5050,5050,2400,0,0,0,0,0,0,1,1
t,1400,5150,4900,1650,0,0,0,0,0,0,0,1
ct,1900,800,650,2050,0,0,0,0,0,0,1,1
t,1900,800,650,2050,0,0,0,0,0,0,1,1
ct,1900,800,650,2050,0,0,0,0,0,0,1,1
ct,1900,800,650,2050,0,0,0,0,0,0,1,1
t,1900,800,650,2050,0,0,0,0,0,0,1,1
t,1900,800,700,2000,0,0,0,0,0,0,1,1
ct,1900,800,800,1900,0,0,0,0,0,0,1,1
t,1900,800,800,1900,0,0,0,0,0,0,1,1
ct,1900,800,650,2050,0,0,0,0,0,0,1,1
t,1900,800,650,2050,0,0,0,0,0,0,1,1
ct,2400,2100,2050,2450,1,0,0,0,0,0,1,1
t,1400,3950,3900,1450,0,0,0,0,0,0,0,1
ct,2400,2100,1350,3150,1,1,1,1,0,0,1,1
ct,2400,2400,2250,2550,1,0,0,0,0,0,1,1
t,1400,4250,4200,1450,0,0,0,0,0,0,0,1
t,1400,3900,3900,1400,0,0,0,0,0,0,0,1
t,1400,3500,3500,1400,0,0,0,0,0,0,0,1
ct,2400,2100,1800,2700,1,0,0,0,0,0,1,1
ct,2900,2450,500,4850,1,1,1,1,0,0,1,1
ct,2900,3150,0,6050,1,1,1,1,1,1,1,1
ct,2900,2550,800,4650,1,1,1,1,0,0,1,1
ct,2900,2700,0,5600,1,1,1,1,1,0,1,1
ct,2900,2700,300,5300,1,1,1,1,0,0,1,1
ct,3400,5250,5200,3450,1,1,1,1,0,0,1,1
t,1400,6500,4800,3100,1,1,1,0,0,0,1,1
ct,3400,6150,6000,3550,1,1,1,1,0,0,1,1
ct,3400,4750,4650,3500,1,1,1,1,0,0,1,1
t,1400,6100,2200,5300,1,1,1,1,0,0,1,1
ct,3400,5400,4850,3950,1,1,1,1,0,0,1,1
t,1900,3900,3400,2400,0,0,0,0,0,0,1,1
t,1900,7250,6850,2300,0,0,0,0,0,0,1,1
t,2400,2800,200,5000,1,1,1,1,0,0,1,1
t,2400,2400,0,4800,1,1,1,1,0,0,1,1
t,2400,2150,0,4550,1,1,1,1,0,0,1,1
t,2400,2300,0,4700,1,1,1,1,0,0,1,1
t,2900,5000,4900,3000,1,1,1,0,0,0,1,1
t,2900,4800,4700,3000,1,1,1,0,0,0,1,1
t,2900,4550,4400,3050,1,1,1,0,0,0,1,1
ct,1400,11100,7450,5050,1,1,1,1,0,0,1,1
t,3400,3000,1000,5400,1,1,1,1,1,0,1,1
t,3400,3050,1450,5000,1,1,1,1,0,0,1,1
ct,1400,9750,5200,5950,1,1,1,1,1,1,1,1
t,3400,3100,300,6200,1,1,1,1,1,1,1,1
t,3400,4700,4600,3500,1,1,1,1,0,0,1,1
ct,1400,13950,5600,9750,1,1,1,1,1,1,1,1
t,3400,5350,4500,4250,1,1,1,1,0,0,1,1
t,3400,5600,4800,4200,1,1,1,1,0,0,1,1
ct,1400,8600,5200,4800,1,1,1,1,0,0,1,1
t,3400,7100,4800,5700,1,1,1,1,1,0,1,1
ct,1400,15150,5600,10950,1,1,1,1,1,1,1,1
t,3400,5300,4900,3800,1,1,1,1,0,0,1,1
t,3400,4100,2000,5500,1,1,1,1,1,0,1,1
ct,1400,12150,5600,7950,1,1,1,1,1,1,1,1
t,3400,4250,2750,4900,1,1,1,1,0,0,1,1
t,3400,4200,2200,5400,1,1,1,1,1,0,1,1
ct,1400,13650,5600,9450,1,1,1,1,1,1,1,1
t,3400,3800,2200,5000,1,1,1,1,0,0,1,1
t,1400,4950,4800,1550,0,0,0,0,0,0,0,1
ct,1900,9400,7450,3850,1,1,1,1,0,0,1,1
ct,1900,8050,5600,4350,1,1,1,1,0,0,1,1
ct,1900,7400,5200,4100,1,1,1,1,0,0,1,1
ct,1900,10150,5600,6450,1,1,1,1,1,1,1,1
t,1400,4850,4800,1450,0,0,0,0,0,0,0,1
ct,1400,10350,6300,5450,1,1,1,1,1,0,1,1
ct,1400,5950,5900,1450,0,0,0,0,0,0,0,1
ct,1900,800,800,1900,0,0,0,0,0,0,1,1
ct,1900,800,650,2050,0,0,0,0,0,0,1,1
ct,1900,800,650,2050,0,0,0,0,0,0,1,1
ct,1900,800,650,2050,0,0,0,0,0,0,1,1
ct,1900,800,700,2000,0,0,0,0,0,0,1,1
t,1400,3400,3300,1500,0,0,0,0,0,0,0,1
ct,2400,1950,1900,2450,1,0,0,0,0,0,1,1
t,1400,3350,2950,1800,0,0,0,0,0,0,1,1
t,1400,4000,3950,1450,0,0,0,0,0,0,0,1
ct,2400,2100,2100,2400,0,0,0,0,0,0,1,1
ct,2400,2400,2250,2550,1,0,0,0,0,0,1,1
ct,2400,2050,2000,2450,1,0,0,0,0,0,1,1
ct,2900,2550,500,4950,1,1,1,1,0,0,1,1
ct,2900,2500,500,4900,1,1,1,1,0,0,1,1
ct,2900,2500,600,4800,1,1,1,1,0,0,1,1
t,1400,4000,3250,2150,0,0,0,0,0,0,1,1
ct,2900,3250,300,5850,1,1,1,1,1,0,1,1
ct,2900,2850,300,5450,1,1,1,1,1,0,1,1
ct,3400,5000,4900,3500,1,1,1,1,0,0,1,1
ct,3400,4950,4900,3450,1,1,1,1,0,0,1,1
ct,3400,4850,4700,3550,1,1,1,1,0,0,1,1
ct,3400,6200,6050,3550,1,1,1,1,0,0,1,1
ct,3400,5500,5400,3500,1,1,1,1,0,0,1,1
t,1900,5100,4800,2200,0,0,0,0,0,0,1,1
t,1900,6550,4900,3550,1,1,1,1,0,0,1,1
ct,1400,3550,3550,1400,0,0,0,0,0,0,0,1
t,1900,5800,4900,2800,1,1,0,0,0,0,1,1
t,1400,5150,4900,1650,0,0,0,0,0,0,0,1
ct,1900,800,650,2050,0,0,0,0,0,0,1,1
t,1900,800,650,2050,0,0,0,0,0,0,1,1
ct,1900,800,650,2050,0,0,0,0,0,0,1,1
t,1900,800,650,2050,0,0,0,0,0,0,1,1
ct,1900,800,650,2050,0,0,0,0,0,0,1,1
ct,1900,800,650,2050,0,0,0,0,0,0,1,1
ct,1900,800,800,1900,0,0,0,0,0,0,1,1
t,1900,800,800,1900,0,0,0,0,0,0,1,1
t,1900,800,650,2050,0,0,0,0,0,0,1,1
t,1900,800,700,2000,0,0,0,0,0,0,1,1
ct,1400,3950,3950,1400,0,0,0,0,0,0,0,1
t,2400,2350,0,4750,1,1,1,1,0,0,1,1
ct,1400,3950,3900,1450,0,0,0,0,0,0,0,1
t,2400,2050,0,4450,1,1,1,1,0,0,1,1
ct,1400,3650,3550,1500,0,0,0,0,0,0,0,1
ct,1400,4550,4550,1400,0,0,0,0,0,0,0,1
ct,1400,3500,3350,1550,0,0,0,0,0,0,0,1
t,2400,2200,0,4600,1,1,1,1,0,0,1,1
t,2400,2050,0,4450,1,1,1,1,0,0,1,1
t,2400,2000,0,4400,1,1,1,1,0,0,1,1
t,2900,4750,4600,3050,1,1,1,0,0,0,1,1
t,2900,4450,4400,2950,1,1,1,0,0,0,1,1
t,2900,4600,4400,3100,1,1,1,0,0,0,1,1
t,2900,4450,4400,2950,1,1,1,0,0,0,1,1
t,2900,4400,4400,2900,1,1,0,0,0,0,1,1
ct,1400,7050,5200,3250,1,1,1,1,0,0,1,1
t,3400,3650,2250,4800,1,1,1,1,0,0,1,1
t,3400,3850,2000,5250,1,1,1,1,0,0,1,1
ct,1400,6350,5200,2550,1,0,0,0,0,0,1,1
ct,1400,7350,7050,1700,0,0,0,0,0,0,1,1
t,3400,4300,2800,4900,1,1,1,1,0,0,1,1
t,3400,3550,2000,4950,1,1,1,1,0,0,1,1
t,3400,3800,2450,4750,1,1,1,1,0,0,1,1
t,1400,5200,4800,1800,0,0,0,0,0,0,1,1
ct,1900,7500,7050,2350,0,0,0,0,0,0,1,1
t,1400,5150,4800,1750,0,0,0,0,0,0,1,1
t,1900,6150,4900,3150,1,1,1,1,0,0,1,1
ct,1400,4800,3750,2450,1,0,0,0,0,0,1,1
t,1900,7500,6450,2950,1,1,1,0,0,0,1,1
t,2400,4200,700,5900,1,1,1,1,1,1,1,1
ct,1400,4600,4500,1500,0,0,0,0,0,0,0,1
t,2400,3650,1650,4400,1,1,1,1,0,0,1,1
ct,1400,5150,5050,1500,0,0,0,0,0,0,0,1
t,2400,2850,300,4950,1,1,1,1,0,0,1,1
t,2400,2750,0,5150,1,1,1,1,0,0,1,1
t,2900,7000,4800,5100,1,1,1,1,0,0,1,1
t,2900,5800,4900,3800,1,1,1,1,0,0,1,1
ct,1400,4450,4350,1500,0,0,0,0,0,0,0,1
t,2900,4950,1000,6850,1,1,1,1,1,1,1,1
t,2900,5350,4800,3450,1,1,1,1,0,0,1,1
t,2900,5550,4800,3650,1,1,1,1,0,0,1,1
ct,1900,4000,3850,2050,0,0,0,0,0,0,1,1
t,1400,5700,4800,2300,0,0,0,0,0,0,1,1
ct,1900,3250,3100,2050,0,0,0,0,0,0,1,1
ct,1900,2900,2900,1900,0,0,0,0,0,0,1,1
t,1900,5900,4800,3000,1,1,1,0,0,0,1,1
ct,1400,4100,4050,1450,0,0,0,0,0,0,0,1
t,1900,6150,4800,3250,1,1,1,1,0,0,1,1
t,1900,800,650,2050,0,0,0,0,0,0,1,1
t,1900,800,700,2000,0,0,0,0,0,0,1,1
t,1900,800,800,1900,0,0,0,0,0,0,1,1
t,1900,800,650,2050,0,0,0,0,0,0,1,1
t,1900,800,650,2050,0,0,0,0,0,0,1,1
t,1400,4000,3950,1450,0,0,0,0,0,0,0,1
ct,2400,2550,2550,2400,0,0,0,0,0,0,1,1
t,1400,3650,3500,1550,0,0,0,0,0,0,0,1
ct,2400,2250,2200,2450,1,0,0,0,0,0,1,1
t,1400,4150,3900,1650,0,0,0,0,0,0,0,1
t,1400,3400,3300,1500,0,0,0,0,0,0,0,1
t,1400,3400,3300,1500,0,0,0,0,0,0,0,1
ct,2400,2550,1700,3250,1,1,1,1,0,0,1,1
ct,2400,2550,2500,2450,1,0,0,0,0,0,1,1
ct,2400,2400,2150,2650,1,0,0,0,0,0,1,1
t,1900,1750,1650,2000,0,0,0,0,0,0,1,1
t,1900,1550,500,2950,1,1,1,0,0,0,1,1
ct,1400,3550,3550,1400,0,0,0,0,0,0,0,1
t,1900,1850,1000,2750,1,0,0,0,0,0,1,1
t,1900,1800,1700,2000,0,0,0,0,0,0,1,1
ct,1400,3550,3450,1500,0,0,0,0,0,0,0,1
t,2400,2300,0,4700,1,1,1,1,0,0,1,1
t,2400,2000,0,4400,1,1,1,1,0,0,1,1
t,2400,2200,200,4400,1,1,1,1,0,0,1,1
t,2400,2000,0,4400,1,1,1,1,0,0,1,1
t,2400,2050,0,4450,1,1,1,1,0,0,1,1
ct,1400,3800,2850,2350,0,0,0,0,0,0,1,1
t,2900,5000,4800,3100,1,1,1,0,0,0,1,1
t,2900,4700,4600,3000,1,1,1,0,0,0,1,1
t,2900,4400,4400,2900,1,1,0,0,0,0,1,1
t,2900,4400,4400,2900,1,1,0,0,0,0,1,1
t,2900,4450,4000,3350,1,1,1,1,0,0,1,1
ct,1400,5700,5200,1900,0,0,0,0,0,0,1,1
t,3400,3100,3100,3400,1,1,1,1,0,0,1,1
t,3400,3000,2950,3450,1,1,1,1,0,0,1,1
t,3400,2900,2800,3500,1,1,1,1,0,0,1,1
t,1400,3900,3400,1900,0,0,0,0,0,0,1,1
ct,1900,8700,7300,3300,1,1,1,1,0,0,1,1
ct,1900,6700,5600,3000,1,1,1,0,0,0,1,1
t,1900,3800,3700,2000,0,0,0,0,0,0,1,1
ct,1400,5400,5200,1600,0,0,0,0,0,0,0,1
t,1900,4050,4000,1950,0,0,0,0,0,0,1,1
t,1900,3200,3100,2000,0,0,0,0,0,0,1,1
t,1900,5150,4800,2250,0,0,0,0,0,0,1,1
ct,1400,6000,5200,2200,0,0,0,0,0,0,1,1
ct,1900,2050,1950,2000,0,0,0,0,0,0,1,1
ct,1900,6100,6100,1900,0,0,0,0,0,0,1,1
ct,1900,4000,3850,2050,0,0,0,0,0,0,1,1
ct,1900,2350,2200,2050,0,0,0,0,0,0,1,1
t,1900,3150,700,4350,1,1,1,1,0,0,1,1
t,1900,2300,0,4200,1,1,1,1,0,0,1,1
t,1900,3050,1000,3950,1,1,1,1,0,0,1,1
t,1900,3000,700,4200,1,1,1,1,0,0,1,1
t,2400,4850,4800,2450,1,0,0,0,0,0,1,1
t,2400,4700,4600,2500,1,0,0,0,0,0,1,1
t,2400,4450,4400,2450,1,0,0,0,0,0,1,1
t,2400,4450,4400,2450,1,0,0,0,0,0,1,1
t,2400,4700,4600,2500,1,0,0,0,0,0,1,1
ct,1900,6050,5600,2350,0,0,0,0,0,0,1,1
ct,1900,4750,4700,1950,0,0,0,0,0,0,1,1
ct,1900,5650,5600,1950,0,0,0,0,0,0,1,1
ct,1900,5750,5450,2200,0,0,0,0,0,0,1,1
t,1900,800,650,2050,0,0,0,0,0,0,1,1
ct,1900,800,650,2050,0,0,0,0,0,0,1,1
t,1900,800,700,2000,0,0,0,0,0,0,1,1
t,1900,800,650,2050,0,0,0,0,0,0,1,1
t,1900,800,650,2050,0,0,0,0,0,0,1,1
t,1900,800,700,2000,0,0,0,0,0,0,1,1
ct,1900,800,650,2050,0,0,0,0,0,0,1,1
ct,1900,800,650,2050,0,0,0,0,0,0,1,1
ct,1900,800,650,2050,0,0,0,0,0,0,1,1
ct,1900,800,800,1900,0,0,0,0,0,0,1,1
t,2400,2650,2650,2400,0,0,0,0,0,0,1,1
ct,1400,3900,3900,1400,0,0,0,0,0,0,0,1
ct,1400,3900,3750,1550,0,0,0,0,0,0,0,1
ct,1400,5100,4950,1550,0,0,0,0,0,0,0,1
ct,1400,3900,3850,1450,0,0,0,0,0,0,0,1
ct,1400,4350,4200,1550,0,0,0,0,0,0,0,1
t,2900,2700,0,5600,1,1,1,1,1,0,1,1
t,2900,2750,700,4950,1,1,1,1,0,0,1,1
t,2900,2400,700,4600,1,1,1,1,0,0,1,1
t,2900,2550,700,4750,1,1,1,1,0,0,1,1
t,2900,2400,700,4600,1,1,1,1,0,0,1,1
t,3400,5600,4800,4200,1,1,1,1,0,0,1,1
t,3400,4950,4900,3450,1,1,1,1,0,0,1,1
t,3400,4600,4400,3600,1,1,1,1,0,0,1,1
t,3400,5050,4800,3650,1,1,1,1,0,0,1,1
t,3400,4600,4600,3400,1,1,1,1,0,0,1,1
ct,1900,5400,5400,1900,0,0,0,0,0,0,1,1
t,1400,4000,4000,1400,0,0,0,0,0,0,0,1
ct,1900,4650,4550,2000,0,0,0,0,0,0,1,1
ct,1900,3800,3750,1950,0,0,0,0,0,0,1,1
ct,2400,2850,300,4950,1,1,1,1,0,0,1,1
ct,2400,3550,300,5650,1,1,1,1,1,0,1,1
t,1400,6600,4900,3100,1,1,1,0,0,0,1,1
ct,2900,5000,4850,3050,1,1,1,0,0,0,1,1
ct,2900,4100,4050,2950,1,1,1,0,0,0,1,1
ct,2900,5700,5700,2900,1,1,0,0,0,0,1,1
t,1400,12350,4800,8950,1,1,1,1,1,1,1,1
ct,3400,3450,1650,5200,1,1,1,1,0,0,1,1
ct,3400,3050,1450,5000,1,1,1,1,0,0,1,1
ct,3400,3050,1000,5450,1,1,1,1,1,0,1,1
ct,3400,5200,5050,3550,1,1,1,1,0,0,1,1
ct,3400,5450,4750,4100,1,1,1,1,0,0,1,1
t,1400,14450,4900,10950,1,1,1,1,1,1,1,1
ct,3400,3650,2200,4850,1,1,1,1,0,0,1,1
t,1400,13950,4800,10550,1,1,1,1,1,1,1,1
t,1400,10000,5100,6300,1,1,1,1,1,1,1,1
ct,3400,4000,2200,5200,1,1,1,1,0,0,1,1
ct,3400,3600,1850,5150,1,1,1,1,0,0,1,1
ct,3400,4250,1650,6000,1,1,1,1,1,1,1,1
t,1400,12800,4900,9300,1,1,1,1,1,1,1,1
ct,3400,5300,5200,3500,1,1,1,1,0,0,1,1
t,1400,8150,5100,4450,1,1,1,1,0,0,1,1
ct,3400,5350,5250,3500,1,1,1,1,0,0,1,1
ct,3400,5600,5250,3750,1,1,1,1,0,0,1,1
ct,3400,6150,5250,4300,1,1,1,1,0,0,1,1
t,1900,800,700,2000,0,0,0,0,0,0,1,1
t,1900,800,650,2050,0,0,0,0,0,0,1,1
t,1900,800,650,2050,0,0,0,0,0,0,1,1
t,1900,800,650,2050,0,0,0,0,0,0,1,1
t,1900,800,800,1900,0,0,0,0,0,0,1,1
ct,2400,2800,2300,2900,1,1,0,0,0,0,1,1
ct,2400,2200,2100,2500,1,0,0,0,0,0,1,1
t,1400,3650,3250,1800,0,0,0,0,0,0,1,1
ct,2400,2050,1900,2550,1,0,0,0,0,0,1,1
ct,2400,2200,2200,2400,0,0,0,0,0,0,1,1
t,1400,3700,3700,1400,0,0,0,0,0,0,0,1
t,1400,4000,4000,1400,0,0,0,0,0,0,0,1
t,1400,4000,3800,1600,0,0,0,0,0,0,0,1
t,1400,3250,3100,1550,0,0,0,0,0,0,0,1
ct,2900,2550,500,4950,1,1,1,1,0,0,1,1
ct,2900,2600,0,5500,1,1,1,1,1,0,1,1
ct,2900,2600,950,4550,1,1,1,1,0,0,1,1
ct,2900,2750,1150,4500,1,1,1,1,0,0,1,1
ct,3400,5100,5100,3400,1,1,1,1,0,0,1,1
t,1400,6250,4800,2850,1,1,0,0,0,0,1,1
ct,3400,5250,5100,3550,1,1,1,1,0,0,1,1
ct,3400,4650,4650,3400,1,1,1,1,0,0,1,1
t,1400,4850,4700,1550,0,0,0,0,0,0,0,1
ct,1400,4100,4100,1400,0,0,0,0,0,0,0,1
ct,1400,3500,3350,1550,0,0,0,0,0,0,0,1
t,1900,1850,1800,1950,0,0,0,0,0,0,1,1
t,1900,3550,3500,1950,0,0,0,0,0,0,1,1
t,2400,3050,1350,4100,1,1,1,1,0,0,1,1
t,2400,2550,1450,3500,1,1,1,1,0,0,1,1
t,2400,2550,1300,3650,1,1,1,1,0,0,1,1
t,2400,2800,700,4500,1,1,1,1,0,0,1,1
ct,1400,5700,5200,1900,0,0,0,0,0,0,1,1
t,2900,4150,4000,3050,1,1,1,0,0,0,1,1
t,2900,5450,4800,3550,1,1,1,1,0,0,1,1
t,2900,4400,4400,2900,1,1,0,0,0,0,1,1
t,2900,4250,4200,2950,1,1,1,0,0,0,1,1
t,2900,5100,4800,3200,1,1,1,1,0,0,1,1
ct,1400,11000,8150,4250,1,1,1,1,0,0,1,1
t,3400,3050,2600,3850,1,1,1,1,0,0,1,1
ct,1400,6950,5600,2750,1,0,0,0,0,0,1,1
t,3400,3550,3500,3450,1,1,1,1,0,0,1,1
t,3400,2900,2750,3550,1,1,1,1,0,0,1,1
t,3400,3250,0,6650,1,1,1,1,1,1,1,1
ct,1900,800,650,2050,0,0,0,0,0,0,1,1
t,1900,800,650,2050,0,0,0,0,0,0,1,1
ct,1900,800,650,2050,0,0,0,0,0,0,1,1
ct,1900,800,650,2050,0,0,0,0,0,0,1,1
ct,1900,800,650,2050,0,0,0,0,0,0,1,1
t,1900,800,650,2050,0,0,0,0,0,0,1,1
t,1900,800,700,2000,0,0,0,0,0,0,1,1
t,1900,800,700,2000,0,0,0,0,0,0,1,1
t,1900,800,650,2050,0,0,0,0,0,0,1,1
ct,1900,800,800,1900,0,0,0,0,0,0,1,1
ct,1400,4800,4750,1450,0,0,0,0,0,0,0,1
t,2400,2950,2800,2550,1,0,0,0,0,0,1,1
ct,1400,3900,3550,1750,0,0,0,0,0,0,1,1
ct,1400,4200,4150,1450,0,0,0,0,0,0,0,1
t,2400,2650,2650,2400,0,0,0,0,0,0,1,1
t,2400,3200,3100,2500,1,0,0,0,0,0,1,1
t,2400,3250,3100,2550,1,0,0,0,0,0,1,1
t,2900,3150,1450,4600,1,1,1,1,0,0,1,1
t,2900,3300,1800,4400,1,1,1,1,0,0,1,1
t,2900,3700,1850,4750,1,1,1,1,0,0,1,1
t,2900,3000,1850,4050,1,1,1,1,0,0,1,1
t,2900,3150,1450,4600,1,1,1,1,0,0,1,1
t,3400,4600,4600,3400,1,1,1,1,0,0,1,1
t,3400,4400,4400,3400,1,1,1,1,0,0,1,1
t,3400,4750,4700,3450,1,1,1,1,0,0,1,1
t,3400,4600,4600,3400,1,1,1,1,0,0,1,1
t,3400,3400,1650,5150,1,1,1,1,0,0,1,1
ct,1400,8500,5800,4100,1,1,1,1,0,0,1,1
t,3400,4000,2500,4900,1,1,1,1,0,0,1,1
t,3400,3450,1850,5000,1,1,1,1,0,0,1,1
t,3400,3450,2250,4600,1,1,1,1,0,0,1,1
ct,1400,6350,5800,1950,0,0,0,0,0,0,1,1
ct,1400,6400,5600,2200,0,0,0,0,0,0,1,1
t,3400,5500,4900,4000,1,1,1,1,0,0,1,1
t,3400,6200,4800,4800,1,1,1,1,0,0,1,1
t,3400,5200,4800,3800,1,1,1,1,0,0,1,1
t,3400,5550,4900,4050,1,1,1,1,0,0,1,1
t,1400,4700,4600,1500,0,0,0,0,0,0,0,1
t,1400,4950,4800,1550,0,0,0,0,0,0,0,1
t,1900,3000,2700,2200,0,0,0,0,0,0,1,1
t,1900,4450,4400,1950,0,0,0,0,0,0,1,1
t,1900,3500,3500,1900,0,0,0,0,0,0,1,1
t,2400,3500,1000,4900,1,1,1,1,0,0,1,1
ct,1400,5650,5400,1650,0,0,0,0,0,0,0,1
t,2400,3450,0,5850,1,1,1,1,1,0,1,1
t,2400,4650,4400,2650,1,0,0,0,0,0,1,1
t,2400,3450,2600,3250,1,1,1,1,0,0,1,1
t,2900,4700,4600,3000,1,1,1,0,0,0,1,1
ct,1400,7950,5450,3900,1,1,1,1,0,0,1,1
t,2900,5300,4800,3400,1,1,1,1,0,0,1,1
t,2900,5650,4800,3750,1,1,1,1,0,0,1,1
t,3400,3800,3700,3500,1,1,1,1,0,0,1,1
ct,1400,7950,5800,3550,1,1,1,1,0,0,1,1
t,3400,3900,3900,3400,1,1,1,1,0,0,1,1
t,3400,3550,3500,3450,1,1,1,1,0,0,1,1
t,3400,3850,3700,3550,1,1,1,1,0,0,1,1
ct,1400,8150,5800,3750,1,1,1,1,0,0,1,1
ct,1900,5950,5900,1950,0,0,0,0,0,0,1,1
ct,1900,4500,4350,2050,0,0,0,0,0,0,1,1
ct,1900,800,650,2050,0,0,0,0,0,0,1,1
ct,1900,800,650,2050,0,0,0,0,0,0,1,1
ct,1900,800,800,1900,0,0,0,0,0,0,1,1
ct,1900,800,650,2050,0,0,0,0,0,0,1,1
ct,1900,800,800,1900,0,0,0,0,0,0,1,1
t,2400,2050,0,4450,1,1,1,1,0,0,1,1
ct,1400,4550,4500,1450,0,0,0,0,0,0,0,1
t,2400,1900,0,4300,1,1,1,1,0,0,1,1
t,2400,2050,0,4450,1,1,1,1,0,0,1,1
t,2400,2300,0,4700,1,1,1,1,0,0,1,1
ct,1400,3650,3500,1550,0,0,0,0,0,0,0,1
ct,1400,4100,4100,1400,0,0,0,0,0,0,0,1
ct,1400,3650,3250,1800,0,0,0,0,0,0,1,1
ct,1400,3500,3350,1550,0,0,0,0,0,0,0,1
t,2400,2050,0,4450,1,1,1,1,0,0,1,1
t,2900,4450,3900,3450,1,1,1,1,0,0,1,1
t,2900,3600,3250,3250,1,1,1,1,0,0,1,1
t,2900,4450,4400,2950,1,1,1,0,0,0,1,1
t,2900,4700,4400,3200,1,1,1,1,0,0,1,1
t,2900,4450,4400,2950,1,1,1,0,0,0,1,1
t,1400,3600,3250,1750,0,0,0,0,0,0,1,1
ct,1900,4450,4350,2000,0,0,0,0,0,0,1,1
ct,1900,4600,4550,1950,0,0,0,0,0,0,1,1
ct,2400,2400,2300,2500,1,0,0,0,0,0,1,1
ct,2400,2050,1950,2500,1,0,0,0,0,0,1,1
ct,2400,2000,1950,2450,1,0,0,0,0,0,1,1
t,1900,800,650,2050,0,0,0,0,0,0,1,1
t,1900,800,650,2050,0,0,0,0,0,0,1,1
ct,1900,800,800,1900,0,0,0,0,0,0,1,1
ct,1900,800,650,2050,0,0,0,0,0,0,1,1
t,1900,800,650,2050,0,0,0,0,0,0,1,1
ct,1900,800,650,2050,0,0,0,0,0,0,1,1
ct,1900,800,650,2050,0,0,0,0,0,0,1,1
ct,1900,800,650,2050,0,0,0,0,0,0,1,1
t,1900,800,800,1900,0,0,0,0,0,0,1,1
t,1900,800,700,2000,0,0,0,0,0,0,1,1
t,2400,2050,0,4450,1,1,1,1,0,0,1,1
t,2400,2350,0,4750,1,1,1,1,0,0,1,1
ct,1400,3500,3350,1550,0,0,0,0,0,0,0,1
ct,1400,3950,3900,1450,0,0,0,0,0,0,0,1
t,2400,2050,0,4450,1,1,1,1,0,0,1,1
ct,1400,3950,3850,1500,0,0,0,0,0,0,0,1
ct,1400,3950,3850,1500,0,0,0,0,0,0,0,1
ct,1400,4250,4200,1450,0,0,0,0,0,0,0,1
t,2400,2200,0,4600,1,1,1,1,0,0,1,1
t,2400,2000,0,4400,1,1,1,1,0,0,1,1
t,2900,4450,4400,2950,1,1,1,0,0,0,1,1
t,2900,4750,4700,2950,1,1,1,0,0,0,1,1
t,2900,4450,4400,2950,1,1,1,0,0,0,1,1
t,2900,4600,4600,2900,1,1,0,0,0,0,1,1
t,2900,4400,4400,2900,1,1,0,0,0,0,1,1
t,3400,3250,1650,5000,1,1,1,1,0,0,1,1
t,3400,2950,300,6050,1,1,1,1,1,1,1,1
ct,1400,7600,5600,3400,1,1,1,1,0,0,1,1
t,3400,2950,1450,4900,1,1,1,1,0,0,1,1
t,3400,3200,1850,4750,1,1,1,1,0,0,1,1
t,3400,5300,4900,3800,1,1,1,1,0,0,1,1
t,3400,6350,6250,3500,1,1,1,1,0,0,1,1
ct,1400,5500,5200,1700,0,0,0,0,0,0,1,1
ct,1400,6700,5600,2500,1,0,0,0,0,0,1,1
ct,1400,8100,5600,3900,1,1,1,1,0,0,1,1
t,3400,3700,3700,3400,1,1,1,1,0,0,1,1
t,3400,4750,4600,3550,1,1,1,1,0,0,1,1
t,1400,4250,4200,1450,0,0,0,0,0,0,0,1
ct,1900,2650,2500,2050,0,0,0,0,0,0,1,1
ct,1900,6400,6200,2100,0,0,0,0,0,0,1,1
ct,1900,3850,3850,1900,0,0,0,0,0,0,1,1
ct,1900,4650,4650,1900,0,0,0,0,0,0,1,1
t,1900,3250,2000,3150,1,1,1,1,0,0,1,1
t,1900,4850,3700,3050,1,1,1,0,0,0,1,1
t,1900,4350,2300,3950,1,1,1,1,0,0,1,1
t,1900,3000,1850,3050,1,1,1,0,0,0,1,1
t,1400,5050,4900,1550,0,0,0,0,0,0,0,1
t,1400,6150,6050,1500,0,0,0,0,0,0,0,1
ct,1900,1750,1750,1900,0,0,0,0,0,0,1,1
ct,1900,3200,3200,1900,0,0,0,0,0,0,1,1
t,1400,5550,4800,2150,0,0,0,0,0,0,1,1
ct,1900,2400,1900,2400,0,0,0,0,0,0,1,1
ct,1900,2850,2700,2050,0,0,0,0,0,0,1,1
t,1400,5550,4900,2050,0,0,0,0,0,0,1,1
t,1400,4650,4600,1450,0,0,0,0,0,0,0,1
t,1400,3700,3250,1850,0,0,0,0,0,0,1,1
ct,2400,2100,0,4500,1,1,1,1,0,0,1,1
ct,2400,2100,0,4500,1,1,1,1,0,0,1,1
t,1400,4300,4200,1500,0,0,0,0,0,0,0,1
ct,2400,2650,300,4750,1,1,1,1,0,0,1,1
ct,2400,2250,0,4650,1,1,1,1,0,0,1,1
t,1400,3900,3800,1500,0,0,0,0,0,0,0,1
ct,2900,4500,4500,2900,1,1,0,0,0,0,1,1
ct,2900,4500,4350,3050,1,1,1,0,0,0,1,1
ct,2900,5900,5900,2900,1,1,0,0,0,0,1,1
ct,2900,4750,4650,3000,1,1,1,0,0,0,1,1
ct,2900,4650,4550,3000,1,1,1,0,0,0,1,1
t,1900,4900,4900,1900,0,0,0,0,0,0,1,1
ct,1400,3600,2700,2300,0,0,0,0,0,0,1,1
t,1900,4750,4600,2050,0,0,0,0,0,0,1,1
t,1900,4050,4000,1950,0,0,0,0,0,0,1,1
t,2400,2500,2350,2550,1,0,0,0,0,0,1,1
t,2400,4900,4750,2550,1,0,0,0,0,0,1,1
ct,1400,6350,6100,1650,0,0,0,0,0,0,0,1
ct,1400,5550,3200,3750,1,1,1,1,0,0,1,1
t,2400,2650,2600,2450,1,0,0,0,0,0,1,1
t,2400,4450,4400,2450,1,0,0,0,0,0,1,1
t,2400,2550,2550,2400,0,0,0,0,0,0,1,1
ct,1900,800,650,2050,0,0,0,0,0,0,1,1
ct,1900,800,650,2050,0,0,0,0,0,0,1,1
ct,1900,800,650,2050,0,0,0,0,0,0,1,1
ct,1900,800,650,2050,0,0,0,0,0,0,1,1
ct,1900,800,800,1900,0,0,0,0,0,0,1,1
ct,1400,4250,4250,1400,0,0,0,0,0,0,0,1
ct,1400,4250,2550,3100,1,1,1,0,0,0,1,1
t,2400,1950,0,4350,1,1,1,1,0,0,1,1
t,2400,2350,0,4750,1,1,1,1,0,0,1,1
ct,1400,3950,3900,1450,0,0,0,0,0,0,0,1
t,2400,2050,0,4450,1,1,1,1,0,0,1,1
t,2400,2350,700,4050,1,1,1,1,0,0,1,1
t,2400,2000,0,4400,1,1,1,1,0,0,1,1
ct,1400,3650,3550,1500,0,0,0,0,0,0,0,1
ct,1400,3500,3350,1550,0,0,0,0,0,0,0,1
ct,1400,5300,5250,1450,0,0,0,0,0,0,0,1
t,2900,4350,4200,3050,1,1,1,0,0,0,1,1
t,2900,4750,4700,2950,1,1,1,0,0,0,1,1
t,2900,4450,4400,2950,1,1,1,0,0,0,1,1
t,2900,4050,4000,2950,1,1,1,0,0,0,1,1
t,2900,4700,4700,2900,1,1,0,0,0,0,1,1
ct,1900,3900,3850,1950,0,0,0,0,0,0,1,1
ct,1900,4150,4150,1900,0,0,0,0,0,0,1,1
ct,2400,2250,0,4650,1,1,1,1,0,0,1,1
t,1400,6600,5100,2900,1,1,0,0,0,0,1,1
ct,2400,2050,0,4450,1,1,1,1,0,0,1,1
ct,2400,2050,0,4450,1,1,1,1,0,0,1,1
ct,2400,2000,0,4400,1,1,1,1,0,0,1,1
ct,2900,5000,4900,3000,1,1,1,0,0,0,1,1
ct,2900,4650,4600,2950,1,1,1,0,0,0,1,1
ct,2900,4450,4400,2950,1,1,1,0,0,0,1,1
ct,2900,4450,4400,2950,1,1,1,0,0,0,1,1
ct,2900,4400,4350,2950,1,1,1,0,0,0,1,1
t,1900,6200,4900,3200,1,1,1,1,0,0,1,1
t,1900,8300,6850,3350,1,1,1,1,0,0,1,1
t,1900,6800,4900,3800,1,1,1,1,0,0,1,1
t,1900,6600,4000,4500,1,1,1,1,0,0,1,1
ct,1900,2600,2500,2000,0,0,0,0,0,0,1,1
ct,1900,2950,2900,1950,0,0,0,0,0,0,1,1
t,1400,4650,4600,1450,0,0,0,0,0,0,0,1
ct,1900,4150,4050,2000,0,0,0,0,0,0,1,1
t,1400,5150,4900,1650,0,0,0,0,0,0,0,1
t,1400,6450,4800,3050,1,1,1,0,0,0,1,1
ct,1900,2650,2500,2050,0,0,0,0,0,0,1,1
ct,1900,800,650,2050,0,0,0,0,0,0,1,1
t,1900,800,700,2000,0,0,0,0,0,0,1,1
ct,1900,800,800,1900,0,0,0,0,0,0,1,1
ct,1900,800,650,2050,0,0,0,0,0,0,1,1
ct,1900,800,650,2050,0,0,0,0,0,0,1,1
t,1900,800,650,2050,0,0,0,0,0,0,1,1
ct,1900,800,650,2050,0,0,0,0,0,0,1,1
t,1900,800,650,2050,0,0,0,0,0,0,1,1
t,1900,800,650,2050,0,0,0,0,0,0,1,1
t,1900,800,650,2050,0,0,0,0,0,0,1,1
ct,1400,3950,3950,1400,0,0,0,0,0,0,0,1
t,2400,2000,0,4400,1,1,1,1,0,0,1,1
ct,1400,3800,2850,2350,0,0,0,0,0,0,1,1
ct,1400,3950,3550,1800,0,0,0,0,0,0,1,1
ct,1400,3950,2550,2800,1,1,0,0,0,0,1,1
t,2400,2350,700,4050,1,1,1,1,0,0,1,1
ct,1400,3950,3850,1500,0,0,0,0,0,0,0,1
t,2400,2350,0,4750,1,1,1,1,0,0,1,1
t,2400,2050,0,4450,1,1,1,1,0,0,1,1
t,2400,2050,0,4450,1,1,1,1,0,0,1,1
t,2900,4400,4200,3100,1,1,1,0,0,0,1,1
t,2900,4050,4000,2950,1,1,1,0,0,0,1,1
t,2900,4750,4600,3050,1,1,1,0,0,0,1,1
t,2900,4450,4400,2950,1,1,1,0,0,0,1,1
t,2900,4450,4400,2950,1,1,1,0,0,0,1,1
t,3400,3100,1400,5100,1,1,1,1,0,0,1,1
t,3400,2950,2000,4350,1,1,1,1,0,0,1,1
t,3400,3050,1450,5000,1,1,1,1,0,0,1,1
t,3400,2950,1800,4550,1,1,1,1,0,0,1,1
t,3400,4350,4000,3750,1,1,1,1,0,0,1,1
t,3400,5000,4800,3600,1,1,1,1,0,0,1,1
t,3400,4950,4900,3450,1,1,1,1,0,0,1,1
t,3400,4550,4400,3550,1,1,1,1,0,0,1,1
ct,1400,8250,5600,4050,1,1,1,1,0,0,1,1
t,3400,4000,2100,5300,1,1,1,1,0,0,1,1
t,3400,4650,4300,3750,1,1,1,1,0,0,1,1
t,3400,4800,1850,6350,1,1,1,1,1,1,1,1
t,3400,4350,2500,5250,1,1,1,1,0,0,1,1
t,3400,4450,2700,5150,1,1,1,1,0,0,1,1
t,3400,5300,4900,3800,1,1,1,1,0,0,1,1
t,3400,4050,4000,3450,1,1,1,1,0,0,1,1
t,3400,6350,6250,3500,1,1,1,1,0,0,1,1
t,3400,5250,5100,3550,1,1,1,1,0,0,1,1
ct,1400,9250,5600,5050,1,1,1,1,0,0,1,1
t,3400,4400,2750,5050,1,1,1,1,0,0,1,1
ct,1400,8550,5200,4750,1,1,1,1,0,0,1,1
ct,1400,10850,5600,6650,1,1,1,1,1,1,1,1
t,3400,3450,2000,4850,1,1,1,1,0,0,1,1
ct,1400,10800,5800,6400,1,1,1,1,1,1,1,1
t,3400,3500,1350,5550,1,1,1,1,1,0,1,1
t,3400,3850,2100,5150,1,1,1,1,0,0,1,1
ct,1900,5250,5200,1950,0,0,0,0,0,0,1,1
t,1400,5800,5100,2100,0,0,0,0,0,0,1,1
ct,1900,6850,5600,3150,1,1,1,1,0,0,1,1
ct,1900,7200,5600,3500,1,1,1,1,0,0,1,1
t,1400,5000,4900,1500,0,0,0,0,0,0,0,1
t,1400,5400,4800,2000,0,0,0,0,0,0,1,1
ct,1400,6950,5600,2750,1,0,0,0,0,0,1,1
t,1900,5900,5900,1900,0,0,0,0,0,0,1,1
t,1900,3000,3000,1900,0,0,0,0,0,0,1,1
t,1900,3500,3500,1900,0,0,0,0,0,0,1,1
ct,1400,5750,5600,1550,0,0,0,0,0,0,0,1
t,2400,3400,2200,3600,1,1,1,1,0,0,1,1
t,2400,3450,2100,3750,1,1,1,1,0,0,1,1
t,2400,3400,2050,3750,1,1,1,1,0,0,1,1
t,2400,3700,2300,3800,1,1,1,1,0,0,1,1
t,2900,4600,4200,3300,1,1,1,1,0,0,1,1
t,2900,4550,4500,2950,1,1,1,0,0,0,1,1
t,2900,4750,4600,3050,1,1,1,0,0,0,1,1
t,2900,4500,4400,3000,1,1,1,0,0,0,1,1
ct,1900,800,650,2050,0,0,0,0,0,0,1,1
ct,1900,800,650,2050,0,0,0,0,0,0,1,1
ct,1900,800,650,2050,0,0,0,0,0,0,1,1
ct,1900,800,800,1900,0,0,0,0,0,0,1,1
ct,1900,800,650,2050,0,0,0,0,0,0,1,1
t,2400,2950,2500,2850,1,1,0,0,0,0,1,1
ct,1400,4200,4050,1550,0,0,0,0,0,0,0,1
t,2400,2950,2700,2650,1,0,0,0,0,0,1,1
t,2400,2650,2500,2550,1,0,0,0,0,0,1,1
t,2400,2600,2400,2600,1,0,0,0,0,0,1,1
ct,1400,4800,4750,1450,0,0,0,0,0,0,0,1
t,2400,2950,0,5350,1,1,1,1,0,0,1,1
ct,1400,4200,4200,1400,0,0,0,0,0,0,0,1
ct,1400,4050,4050,1400,0,0,0,0,0,0,0,1
ct,1400,3900,1000,4300,1,1,1,1,0,0,1,1
t,2900,2850,700,5050,1,1,1,1,0,0,1,1
t,2900,2650,700,4850,1,1,1,1,0,0,1,1
t,2900,2550,700,4750,1,1,1,1,0,0,1,1
t,2900,2900,0,5800,1,1,1,1,1,0,1,1
t,2900,3200,1350,4750,1,1,1,1,0,0,1,1
t,3400,5050,4900,3550,1,1,1,1,0,0,1,1
t,3400,5150,4800,3750,1,1,1,1,0,0,1,1
t,3400,4750,4700,3450,1,1,1,1,0,0,1,1
t,3400,5800,5700,3500,1,1,1,1,0,0,1,1
t,3400,5050,4900,3550,1,1,1,1,0,0,1,1
ct,1400,6200,5600,2000,0,0,0,0,0,0,1,1
t,3400,3550,2000,4950,1,1,1,1,0,0,1,1
t,3400,3450,2050,4800,1,1,1,1,0,0,1,1
t,3400,3550,2200,4750,1,1,1,1,0,0,1,1
t,3400,4950,4900,3450,1,1,1,1,0,0,1,1
t,3400,3750,3700,3450,1,1,1,1,0,0,1,1
t,3400,3500,3500,3400,1,1,1,1,0,0,1,1
t,3400,4750,4600,3550,1,1,1,1,0,0,1,1
ct,1400,7100,5600,2900,1,1,0,0,0,0,1,1
t,1400,3300,3300,1400,0,0,0,0,0,0,0,1
t,1400,3450,3400,1450,0,0,0,0,0,0,0,1
t,1400,4300,4300,1400,0,0,0,0,0,0,0,1
ct,1900,6500,6500,1900,0,0,0,0,0,0,1,1
ct,1900,6350,5600,2650,1,0,0,0,0,0,1,1
ct,1900,800,800,1900,0,0,0,0,0,0,1,1
t,1900,800,650,2050,0,0,0,0,0,0,1,1
ct,1900,800,650,2050,0,0,0,0,0,0,1,1
ct,1900,800,650,2050,0,0,0,0,0,0,1,1
t,1900,800,650,2050,0,0,0,0,0,0,1,1
t,1900,800,800,1900,0,0,0,0,0,0,1,1
t,1900,800,650,2050,0,0,0,0,0,0,1,1
t,1900,800,700,2000,0,0,0,0,0,0,1,1
ct,1900,800,650,2050,0,0,0,0,0,0,1,1
ct,1900,800,650,2050,0,0,0,0,0,0,1,1
ct,1400,3500,3350,1550,0,0,0,0,0,0,0,1
t,2400,2350,0,4750,1,1,1,1,0,0,1,1
ct,1400,3950,3950,1400,0,0,0,0,0,0,0,1
t,2400,2350,0,4750,1,1,1,1,0,0,1,1
t,2400,1900,0,4300,1,1,1,1,0,0,1,1
t,2400,2350,0,4750,1,1,1,1,0,0,1,1
t,2400,2000,0,4400,1,1,1,1,0,0,1,1
ct,1400,3650,2700,2350,0,0,0,0,0,0,1,1
ct,1400,3950,3900,1450,0,0,0,0,0,0,0,1
t,2900,4750,4600,3050,1,1,1,0,0,0,1,1
t,2900,4750,4700,2950,1,1,1,0,0,0,1,1
t,2900,4600,4600,2900,1,1,0,0,0,0,1,1
t,2900,4450,4400,2950,1,1,1,0,0,0,1,1
t,2900,4400,4400,2900,1,1,0,0,0,0,1,1
t,3400,3650,1850,5200,1,1,1,1,0,0,1,1
ct,1400,7400,5600,3200,1,1,1,1,0,0,1,1
t,3400,3550,1500,5450,1,1,1,1,1,0,1,1
t,3400,3500,1650,5250,1,1,1,1,0,0,1,1
t,3400,5200,4900,3700,1,1,1,1,0,0,1,1
t,3400,6450,6450,3400,1,1,1,1,0,0,1,1
t,3400,5350,4800,3950,1,1,1,1,0,0,1,1
t,3400,5250,4900,3750,1,1,1,1,0,0,1,1
t,3400,3700,1850,5250,1,1,1,1,0,0,1,1
ct,1400,7800,5800,3400,1,1,1,1,0,0,1,1
ct,1400,7800,5600,3600,1,1,1,1,0,0,1,1
t,3400,3950,2300,5050,1,1,1,1,0,0,1,1
t,3400,3750,2000,5150,1,1,1,1,0,0,1,1
ct,1400,11000,7050,5350,1,1,1,1,0,0,1,1
t,3400,5250,4800,3850,1,1,1,1,0,0,1,1
t,3400,4250,4200,3450,1,1,1,1,0,0,1,1
t,3400,3500,3400,3500,1,1,1,1,0,0,1,1
t,3400,5050,4800,3650,1,1,1,1,0,0,1,1
ct,1400,11400,5600,7200,1,1,1,1,1,1,1,1
ct,1900,7100,5800,3200,1,1,1,1,0,0,1,1
ct,1900,6400,5250,3050,1,1,1,0,0,0,1,1
ct,1900,7300,5200,4000,1,1,1,1,0,0,1,1
ct,2400,4750,4650,2500,1,0,0,0,0,0,1,1
t,1400,6400,4800,3000,1,1,1,0,0,0,1,1
ct,2400,3200,3200,2400,0,0,0,0,0,0,1,1
ct,2400,4750,4500,2650,1,0,0,0,0,0,1,1
ct,2900,3000,3000,2900,1,1,0,0,0,0,1,1
ct,2900,3050,2900,3050,1,1,1,0,0,0,1,1
ct,2900,2600,2550,2950,1,1,1,0,0,0,1,1
t,1400,5500,5100,1800,0,0,0,0,0,0,1,1
t,1400,6300,4200,3500,1,1,1,1,0,0,1,1
t,1400,5400,4900,1900,0,0,0,0,0,0,1,1
ct,3400,3650,1750,5300,1,1,1,1,0,0,1,1
ct,3400,3200,1350,5250,1,1,1,1,0,0,1,1
t,1400,4550,4400,1550,0,0,0,0,0,0,0,1
ct,3400,3700,0,7100,1,1,1,1,1,1,1,1
ct,3400,3300,950,5750,1,1,1,1,1,0,1,1
ct,3400,5350,5250,3500,1,1,1,1,0,0,1,1
ct,3400,5500,5400,3500,1,1,1,1,0,0,1,1
ct,3400,5150,5050,3500,1,1,1,1,0,0,1,1
ct,3400,5050,5050,3400,1,1,1,1,0,0,1,1
ct,3400,5500,5400,3500,1,1,1,1,0,0,1,1
ct,1900,800,800,1900,0,0,0,0,0,0,1,1
ct,1900,800,650,2050,0,0,0,0,0,0,1,1
ct,1900,800,650,2050,0,0,0,0,0,0,1,1
ct,1900,800,650,2050,0,0,0,0,0,0,1,1
ct,1900,800,650,2050,0,0,0,0,0,0,1,1
t,2400,2000,200,4200,1,1,1,1,0,0,1,1
ct,1400,4100,2550,2950,1,1,1,0,0,0,1,1
t,2400,2050,0,4450,1,1,1,1,0,0,1,1
t,2400,2000,0,4400,1,1,1,1,0,0,1,1
ct,1400,3650,3550,1500,0,0,0,0,0,0,0,1
ct,1400,4550,2200,3750,1,1,1,1,0,0,1,1
ct,1400,3650,3550,1500,0,0,0,0,0,0,0,1
ct,1400,3650,3550,1500,0,0,0,0,0,0,0,1
t,2400,2050,700,3750,1,1,1,1,0,0,1,1
t,2400,2050,0,4450,1,1,1,1,0,0,1,1
t,2900,4200,4200,2900,1,1,0,0,0,0,1,1
t,2900,4450,4400,2950,1,1,1,0,0,0,1,1
t,2900,4400,4400,2900,1,1,0,0,0,0,1,1
t,2900,4050,4000,2950,1,1,1,0,0,0,1,1
t,2900,4450,4400,2950,1,1,1,0,0,0,1,1
t,3400,3500,2000,4900,1,1,1,1,0,0,1,1
ct,1400,7450,5000,3850,1,1,1,1,0,0,1,1
t,3400,2900,1600,4700,1,1,1,1,0,0,1,1
ct,1400,6300,5600,2100,0,0,0,0,0,0,1,1
ct,1400,6100,5600,1900,0,0,0,0,0,0,1,1
t,3400,2950,1800,4550,1,1,1,1,0,0,1,1
t,3400,2950,300,6050,1,1,1,1,1,1,1,1
t,3400,4900,4800,3500,1,1,1,1,0,0,1,1
t,3400,4850,4800,3450,1,1,1,1,0,0,1,1
t,3400,4550,4500,3450,1,1,1,1,0,0,1,1
t,3400,6050,5900,3550,1,1,1,1,0,0,1,1
ct,1900,7650,5200,4350,1,1,1,1,0,0,1,1
ct,1900,8800,7450,3250,1,1,1,1,0,0,1,1
ct,1400,6800,5600,2600,1,0,0,0,0,0,1,1
t,1900,4950,4900,1950,0,0,0,0,0,0,1,1
t,1900,4450,4400,1950,0,0,0,0,0,0,1,1
t,2400,3600,2200,3800,1,1,1,1,0,0,1,1
t,2400,3700,2200,3900,1,1,1,1,0,0,1,1
ct,1400,7800,5600,3600,1,1,1,1,0,0,1,1
t,2400,3750,2300,3850,1,1,1,1,0,0,1,1
t,2400,3450,400,5450,1,1,1,1,1,0,1,1
t,2900,4800,4800,2900,1,1,0,0,0,0,1,1
t,2900,4900,4900,2900,1,1,0,0,0,0,1,1
ct,1400,6700,5600,2500,1,0,0,0,0,0,1,1
t,2900,4850,4800,2950,1,1,1,0,0,0,1,1
t,2900,6750,6650,3000,1,1,1,0,0,0,1,1
t,1900,800,650,2050,0,0,0,0,0,0,1,1
t,1900,800,650,2050,0,0,0,0,0,0,1,1
t,1900,800,650,2050,0,0,0,0,0,0,1,1
ct,1900,800,650,2050,0,0,0,0,0,0,1,1
t,1900,800,800,1900,0,0,0,0,0,0,1,1
ct,1900,800,650,2050,0,0,0,0,0,0,1,1
ct,1900,800,800,1900,0,0,0,0,0,0,1,1
ct,1900,800,650,2050,0,0,0,0,0,0,1,1
ct,1900,800,650,2050,0,0,0,0,0,0,1,1
t,1900,800,700,2000,0,0,0,0,0,0,1,1
t,1400,3400,3250,1550,0,0,0,0,0,0,0,1
ct,2400,2300,2300,2400,0,0,0,0,0,0,1,1
ct,2400,2900,2900,2400,0,0,0,0,0,0,1,1
ct,2400,2150,2000,2550,1,0,0,0,0,0,1,1
ct,2400,2300,2200,2500,1,0,0,0,0,0,1,1
ct,2400,2600,2350,2650,1,0,0,0,0,0,1,1
t,1400,3350,3300,1450,0,0,0,0,0,0,0,1
ct,2900,2400,0,5300,1,1,1,1,0,0,1,1
ct,2900,2400,500,4800,1,1,1,1,0,0,1,1
ct,2900,2550,500,4950,1,1,1,1,0,0,1,1
ct,2900,2500,300,5100,1,1,1,1,0,0,1,1
ct,2900,2650,0,5550,1,1,1,1,1,0,1,1
t,1400,5900,4800,2500,1,0,0,0,0,0,1,1
ct,3400,5700,5600,3500,1,1,1,1,0,0,1,1
ct,3400,4900,4900,3400,1,1,1,1,0,0,1,1
ct,3400,4400,4400,3400,1,1,1,1,0,0,1,1
ct,3400,4900,4850,3450,1,1,1,1,0,0,1,1
ct,3400,5950,5900,3450,1,1,1,1,0,0,1,1
t,1400,8900,4900,5400,1,1,1,1,1,0,1,1
t,1400,8850,4900,5350,1,1,1,1,0,0,1,1
ct,3400,3850,2200,5050,1,1,1,1,0,0,1,1
ct,3400,3850,2250,5000,1,1,1,1,0,0,1,1
ct,3400,3900,2900,4400,1,1,1,1,0,0,1,1
ct,3400,3600,1150,5850,1,1,1,1,1,0,1,1
t,1400,7250,4900,3750,1,1,1,1,0,0,1,1
ct,3400,4900,4850,3450,1,1,1,1,0,0,1,1
ct,3400,5100,5050,3450,1,1,1,1,0,0,1,1
ct,3400,4750,4650,3500,1,1,1,1,0,0,1,1
ct,3400,5700,5700,3400,1,1,1,1,0,0,1,1
t,1900,7000,4800,4100,1,1,1,1,0,0,1,1
ct,1400,3550,3400,1550,0,0,0,0,0,0,0,1
t,1900,8900,4800,6000,1,1,1,1,1,1,1,1
t,1400,6400,4800,3000,1,1,1,0,0,0,1,1
t,1400,7950,4900,4450,1,1,1,1,0,0,1,1
ct,1900,3950,2350,3500,1,1,1,1,0,0,1,1
ct,1900,4050,2050,3900,1,1,1,1,0,0,1,1
ct,1900,3300,1750,3450,1,1,1,1,0,0,1,1
ct,1900,3600,1250,4250,1,1,1,1,0,0,1,1
ct,2400,4650,4650,2400,0,0,0,0,0,0,1,1
ct,2400,4950,4200,3150,1,1,1,1,0,0,1,1
ct,2400,5850,5700,2550,1,0,0,0,0,0,1,1
t,1400,7950,4800,4550,1,1,1,1,0,0,1,1
t,1400,10450,4900,6950,1,1,1,1,1,1,1,1
ct,2900,3550,3550,2900,1,1,0,0,0,0,1,1
t,1400,9200,4900,5700,1,1,1,1,1,0,1,1
ct,2900,4050,4050,2900,1,1,0,0,0,0,1,1
ct,2900,3850,3850,2900,1,1,0,0,0,0,1,1
ct,2900,4600,3850,3650,1,1,1,1,0,0,1,1
t,1400,14300,4900,10800,1,1,1,1,1,1,1,1
t,1400,8800,5400,4800,1,1,1,1,0,0,1,1
ct,3400,3550,3400,3550,1,1,1,1,0,0,1,1
ct,3400,3850,3850,3400,1,1,1,1,0,0,1,1
ct,3400,4300,4150,3550,1,1,1,1,0,0,1,1
ct,3400,5600,5600,3400,1,1,1,1,0,0,1,1
t,1400,12650,5600,8450,1,1,1,1,1,1,1,1
t,1400,9050,4800,5650,1,1,1,1,1,0,1,1
t,1400,6650,5400,2650,1,0,0,0,0,0,1,1
ct,3400,3900,3850,3450,1,1,1,1,0,0,1,1
ct,3400,3700,3600,3500,1,1,1,1,0,0,1,1
ct,3400,4350,4350,3400,1,1,1,1,0,0,1,1
ct,3400,3600,3550,3450,1,1,1,1,0,0,1,1
t,1900,800,650,2050,0,0,0,0,0,0,1,1
t,1900,800,650,2050,0,0,0,0,0,0,1,1
t,1900,800,650,2050,0,0,0,0,0,0,1,1
t,1900,800,700,2000,0,0,0,0,0,0,1,1
t,1900,800,700,2000,0,0,0,0,0,0,1,1
ct,1400,4250,4250,1400,0,0,0,0,0,0,0,1
ct,1400,3650,3500,1550,0,0,0,0,0,0,0,1
t,2400,2050,2000,2450,1,0,0,0,0,0,1,1
t,2400,2350,2200,2550,1,0,0,0,0,0,1,1
t,2400,2050,2000,2450,1,0,0,0,0,0,1,1
t,2400,2000,2000,2400,0,0,0,0,0,0,1,1
ct,1400,3950,3950,1400,0,0,0,0,0,0,0,1
ct,1900,800,650,2050,0,0,0,0,0,0,1,1
t,1900,800,650,2050,0,0,0,0,0,0,1,1
ct,1900,800,650,2050,0,0,0,0,0,0,1,1
t,1900,800,700,2000,0,0,0,0,0,0,1,1
ct,1900,800,700,2000,0,0,0,0,0,0,1,1
t,1900,800,700,2000,0,0,0,0,0,0,1,1
ct,1900,800,650,2050,0,0,0,0,0,0,1,1
ct,1900,800,650,2050,0,0,0,0,0,0,1,1
t,1900,800,650,2050,0,0,0,0,0,0,1,1
t,1900,800,650,2050,0,0,0,0,0,0,1,1
ct,1400,3650,3550,1500,0,0,0,0,0,0,0,1
t,2400,2050,0,4450,1,1,1,1,0,0,1,1
ct,1400,3950,3900,1450,0,0,0,0,0,0,0,1
t,2400,2000,0,4400,1,1,1,1,0,0,1,1
ct,1400,3600,3550,1450,0,0,0,0,0,0,0,1
t,2400,1900,1700,2600,1,0,0,0,0,0,1,1
ct,1400,3650,3550,1500,0,0,0,0,0,0,0,1
t,2400,2650,300,4750,1,1,1,1,0,0,1,1
t,2400,2050,0,4450,1,1,1,1,0,0,1,1
t,2900,4450,4400,2950,1,1,1,0,0,0,1,1
t,2900,4400,4400,2900,1,1,0,0,0,0,1,1
t,2900,2600,2600,2900,1,1,0,0,0,0,1,1
t,2900,4750,4600,3050,1,1,1,0,0,0,1,1
t,2900,3250,3100,3050,1,1,1,0,0,0,1,1
ct,1900,4050,4050,1900,0,0,0,0,0,0,1,1
ct,1900,3300,2850,2350,0,0,0,0,0,0,1,1
ct,1900,1500,1450,1950,0,0,0,0,0,0,1,1
ct,1900,3700,3550,2050,0,0,0,0,0,0,1,1
t,1900,4850,4800,1950,0,0,0,0,0,0,1,1
t,1900,4600,4400,2100,0,0,0,0,0,0,1,1
ct,1400,3850,3850,1400,0,0,0,0,0,0,0,1
t,1900,4050,4000,1950,0,0,0,0,0,0,1,1
t,1900,5250,4900,2250,0,0,0,0,0,0,1,1
ct,1900,3100,3100,1900,0,0,0,0,0,0,1,1
ct,1900,2900,2900,1900,0,0,0,0,0,0,1,1
ct,2400,2350,0,4750,1,1,1,1,0,0,1,1
ct,2400,2300,0,4700,1,1,1,1,0,0,1,1
ct,2400,2050,0,4450,1,1,1,1,0,0,1,1
ct,2400,2350,0,4750,1,1,1,1,0,0,1,1
t,1400,5500,3250,3650,1,1,1,1,0,0,1,1
ct,2900,4750,4550,3100,1,1,1,0,0,0,1,1
ct,2900,4500,4350,3050,1,1,1,0,0,0,1,1
ct,2900,4950,4850,3000,1,1,1,0,0,0,1,1
ct,2900,4800,4750,2950,1,1,1,0,0,0,1,1
t,1400,5300,4800,1900,0,0,0,0,0,0,1,1
t,1400,6700,4800,3300,1,1,1,1,0,0,1,1
t,1400,8900,4900,5400,1,1,1,1,1,0,1,1
ct,3400,3150,1000,5550,1,1,1,1,1,0,1,1
t,1400,5800,3250,3950,1,1,1,1,0,0,1,1
ct,3400,5550,4850,4100,1,1,1,1,0,0,1,1
ct,3400,6300,6200,3500,1,1,1,1,0,0,1,1
t,1400,7550,4900,4050,1,1,1,1,0,0,1,1
ct,3400,5350,5200,3550,1,1,1,1,0,0,1,1
ct,3400,5700,5600,3500,1,1,1,1,0,0,1,1
t,1400,5300,4800,1900,0,0,0,0,0,0,1,1
ct,3400,3650,2350,4700,1,1,1,1,0,0,1,1
t,1400,5900,5100,2200,0,0,0,0,0,0,1,1
ct,3400,4000,1750,5650,1,1,1,1,1,0,1,1
ct,3400,4400,2600,5200,1,1,1,1,0,0,1,1
ct,3400,3650,1650,5400,1,1,1,1,1,0,1,1
t,1400,5950,4900,2450,1,0,0,0,0,0,1,1
ct,1400,5750,5600,1550,0,0,0,0,0,0,0,1
ct,1400,6100,4400,3100,1,1,1,0,0,0,1,1
t,1900,800,700,2000,0,0,0,0,0,0,1,1
t,1900,800,650,2050,0,0,0,0,0,0,1,1
t,1900,800,750,1950,0,0,0,0,0,0,1,1
t,1900,800,650,2050,0,0,0,0,0,0,1,1
t,1900,800,650,2050,0,0,0,0,0,0,1,1
ct,2400,1950,200,4150,1,1,1,1,0,0,1,1
t,1400,3700,3550,1550,0,0,0,0,0,0,0,1
ct,2400,2400,300,4500,1,1,1,1,0,0,1,1
t,1400,3600,3150,1850,0,0,0,0,0,0,1,1
ct,2400,2100,0,4500,1,1,1,1,0,0,1,1
t,1400,3700,3700,1400,0,0,0,0,0,0,0,1
ct,2400,2050,0,4450,1,1,1,1,0,0,1,1
ct,2400,2100,0,4500,1,1,1,1,0,0,1,1
ct,2900,4150,4150,2900,1,1,0,0,0,0,1,1
ct,2900,4500,4500,2900,1,1,0,0,0,0,1,1
ct,2900,4500,4250,3150,1,1,1,1,0,0,1,1
ct,2900,4150,4150,2900,1,1,0,0,0,0,1,1
ct,2900,4000,3900,3000,1,1,1,0,0,0,1,1
t,1900,4150,4000,2050,0,0,0,0,0,0,1,1
t,1900,4450,4400,1950,0,0,0,0,0,0,1,1
t,1900,4150,4000,2050,0,0,0,0,0,0,1,1
ct,1900,3450,3400,1950,0,0,0,0,0,0,1,1
ct,1900,2450,2400,1950,0,0,0,0,0,0,1,1
ct,1900,5600,5600,1900,0,0,0,0,0,0,1,1
ct,1900,3550,3550,1900,0,0,0,0,0,0,1,1
t,1900,1400,950,2350,0,0,0,0,0,0,1,1
t,2400,1900,0,4300,1,1,1,1,0,0,1,1
t,2400,2100,0,4500,1,1,1,1,0,0,1,1
t,2400,1950,0,4350,1,1,1,1,0,0,1,1
t,2400,1900,0,4300,1,1,1,1,0,0,1,1
t,2400,2000,0,4400,1,1,1,1,0,0,1,1
t,2900,4600,4600,2900,1,1,0,0,0,0,1,1
t,2900,4500,4400,3000,1,1,1,0,0,0,1,1
t,2900,4350,4200,3050,1,1,1,0,0,0,1,1
t,2900,4400,4400,2900,1,1,0,0,0,0,1,1
t,2900,4400,4400,2900,1,1,0,0,0,0,1,1
ct,1900,800,650,2050,0,0,0,0,0,0,1,1
t,1900,800,700,2000,0,0,0,0,0,0,1,1
ct,1900,800,650,2050,0,0,0,0,0,0,1,1
t,1900,800,700,2000,0,0,0,0,0,0,1,1
ct,1900,800,650,2050,0,0,0,0,0,0,1,1
t,1900,800,650,2050,0,0,0,0,0,0,1,1
t,1900,800,650,2050,0,0,0,0,0,0,1,1
ct,1900,800,650,2050,0,0,0,0,0,0,1,1
ct,1900,800,800,1900,0,0,0,0,0,0,1,1
t,1900,800,650,2050,0,0,0,0,0,0,1,1
ct,1400,4200,1150,4450,1,1,1,1,0,0,1,1
t,2400,2900,2200,3100,1,1,1,0,0,0,1,1
t,2400,2600,2550,2450,1,0,0,0,0,0,1,1
ct,1400,3900,3700,1600,0,0,0,0,0,0,0,1
ct,1400,3900,3700,1600,0,0,0,0,0,0,0,1
t,2400,2650,2400,2650,1,0,0,0,0,0,1,1
t,2900,3700,2000,4600,1,1,1,1,0,0,1,1
t,2900,3650,2050,4500,1,1,1,1,0,0,1,1
ct,1400,4550,4100,1850,0,0,0,0,0,0,1,1
t,2900,3250,1850,4300,1,1,1,1,0,0,1,1
ct,1900,3750,2150,3500,1,1,1,1,0,0,1,1
t,1400,4850,4700,1550,0,0,0,0,0,0,0,1
ct,1900,2050,300,3650,1,1,1,1,0,0,1,1
t,1400,4750,4700,1450,0,0,0,0,0,0,0,1
t,1400,4650,4600,1450,0,0,0,0,0,0,0,1
ct,1900,2000,500,3400,1,1,1,1,0,0,1,1
ct,1900,2600,300,4200,1,1,1,1,0,0,1,1
t,1400,5050,4900,1550,0,0,0,0,0,0,0,1
ct,1400,7550,6250,2700,1,0,0,0,0,0,1,1
t,1900,2350,2200,2050,0,0,0,0,0,0,1,1
ct,1400,6400,5600,2200,0,0,0,0,0,0,1,1
ct,1400,4950,4900,1450,0,0,0,0,0,0,0,1
ct,1400,5750,5600,1550,0,0,0,0,0,0,0,1
t,1400,4150,3800,1750,0,0,0,0,0,0,1,1
ct,2400,2350,0,4750,1,1,1,1,0,0,1,1
ct,2400,2100,0,4500,1,1,1,1,0,0,1,1
t,1400,4800,4700,1500,0,0,0,0,0,0,0,1
t,1400,5300,4900,1800,0,0,0,0,0,0,1,1
ct,2400,2500,500,4400,1,1,1,1,0,0,1,1
ct,2400,2100,0,4500,1,1,1,1,0,0,1,1
t,1400,6200,4900,2700,1,0,0,0,0,0,1,1
ct,2900,4750,4700,2950,1,1,1,0,0,0,1,1
ct,2900,4500,4300,3100,1,1,1,0,0,0,1,1
ct,2900,4000,3700,3200,1,1,1,1,0,0,1,1
ct,2900,4400,4350,2950,1,1,1,0,0,0,1,1
ct,2900,4300,4150,3050,1,1,1,0,0,0,1,1
ct,3400,3000,650,5750,1,1,1,1,1,0,1,1
ct,3400,3000,1150,5250,1,1,1,1,0,0,1,1
ct,3400,5600,5600,3400,1,1,1,1,0,0,1,1
ct,3400,5750,5600,3550,1,1,1,1,0,0,1,1
t,1400,10550,4800,7150,1,1,1,1,1,1,1,1
ct,3400,5200,5200,3400,1,1,1,1,0,0,1,1
ct,3400,4400,4350,3450,1,1,1,1,0,0,1,1
t,1400,10550,5400,6550,1,1,1,1,1,1,1,1
t,1400,10850,4900,7350,1,1,1,1,1,1,1,1
t,1400,12650,4900,9150,1,1,1,1,1,1,1,1
t,1400,9550,4800,6150,1,1,1,1,1,1,1,1
t,1400,8650,4900,5150,1,1,1,1,0,0,1,1
t,1900,7950,5600,4250,1,1,1,1,0,0,1,1
t,1900,6150,4800,3250,1,1,1,1,0,0,1,1
ct,1400,4200,4150,1450,0,0,0,0,0,0,0,1
ct,1900,800,650,2050,0,0,0,0,0,0,1,1
ct,1900,800,800,1900,0,0,0,0,0,0,1,1
ct,1900,800,650,2050,0,0,0,0,0,0,1,1
ct,1900,800,650,2050,0,0,0,0,0,0,1,1
ct,1900,800,650,2050,0,0,0,0,0,0,1,1
ct,2400,2500,1750,3150,1,1,1,1,0,0,1,1
ct,2400,2050,1950,2500,1,0,0,0,0,0,1,1
t,1400,3950,3900,1450,0,0,0,0,0,0,0,1
ct,2400,2200,2100,2500,1,0,0,0,0,0,1,1
ct,2400,2500,2500,2400,0,0,0,0,0,0,1,1
t,1400,4200,4200,1400,0,0,0,0,0,0,0,1
t,1400,3650,3500,1550,0,0,0,0,0,0,0,1
ct,2400,2200,2150,2450,1,0,0,0,0,0,1,1
ct,2900,3500,0,6400,1,1,1,1,1,1,1,1
ct,2900,2550,800,4650,1,1,1,1,0,0,1,1
ct,2900,2550,300,5150,1,1,1,1,0,0,1,1
ct,2900,2450,0,5350,1,1,1,1,0,0,1,1
ct,3400,6100,6100,3400,1,1,1,1,0,0,1,1
ct,3400,4650,4550,3500,1,1,1,1,0,0,1,1
ct,3400,5150,5050,3500,1,1,1,1,0,0,1,1
ct,3400,5350,5300,3450,1,1,1,1,0,0,1,1
t,1900,6450,4900,3450,1,1,1,1,0,0,1,1
t,1900,5300,4900,2300,0,0,0,0,0,0,1,1
t,1900,4650,4600,1950,0,0,0,0,0,0,1,1
t,2400,6850,4400,4850,1,1,1,1,0,0,1,1
t,2400,3450,1200,4650,1,1,1,1,0,0,1,1
t,2400,4550,2750,4200,1,1,1,1,0,0,1,1
t,2400,1950,0,4350,1,1,1,1,0,0,1,1
t,1400,5500,4900,2000,0,0,0,0,0,0,1,1
ct,1900,4550,4550,1900,0,0,0,0,0,0,1,1
ct,1900,4900,4850,1950,0,0,0,0,0,0,1,1
ct,1900,4250,4250,1900,0,0,0,0,0,0,1,1
t,1400,5800,4800,2400,0,0,0,0,0,0,1,1
ct,1900,3600,3550,1950,0,0,0,0,0,0,1,1
t,1900,3050,2200,2750,1,0,0,0,0,0,1,1
t,1900,4650,4600,1950,0,0,0,0,0,0,1,1
t,1900,2700,2600,2000,0,0,0,0,0,0,1,1
t,2400,2200,2200,2400,0,0,0,0,0,0,1,1
t,2400,2000,200,4200,1,1,1,1,0,0,1,1
ct,1400,6200,5600,2000,0,0,0,0,0,0,1,1
t,2400,2350,300,4450,1,1,1,1,0,0,1,1
ct,1400,5950,5200,2150,0,0,0,0,0,0,1,1
t,2400,1950,0,4350,1,1,1,1,0,0,1,1
t,2400,2600,600,4400,1,1,1,1,0,0,1,1
t,2900,2400,2400,2900,1,1,0,0,0,0,1,1
t,2900,4200,4000,3100,1,1,1,0,0,0,1,1
t,2900,4150,4000,3050,1,1,1,0,0,0,1,1
t,2900,4050,4000,2950,1,1,1,0,0,0,1,1
t,2900,4400,4400,2900,1,1,0,0,0,0,1,1
ct,1900,800,650,2050,0,0,0,0,0,0,1,1
ct,1900,800,800,1900,0,0,0,0,0,0,1,1
t,1900,800,650,2050,0,0,0,0,0,0,1,1
t,1900,800,650,2050,0,0,0,0,0,0,1,1
t,1900,800,650,2050,0,0,0,0,0,0,1,1
t,1900,800,800,1900,0,0,0,0,0,0,1,1
t,1900,800,700,2000,0,0,0,0,0,0,1,1
ct,1900,800,650,2050,0,0,0,0,0,0,1,1
ct,1900,800,0,2700,1,0,0,0,0,0,1,1
ct,1900,800,650,2050,0,0,0,0,0,0,1,1
ct,1400,3950,3900,1450,0,0,0,0,0,0,0,1
ct,1400,4100,3950,1550,0,0,0,0,0,0,0,1
t,2400,2050,0,4450,1,1,1,1,0,0,1,1
t,2400,2350,700,4050,1,1,1,1,0,0,1,1
t,2400,2650,0,5050,1,1,1,1,0,0,1,1
t,2400,1900,0,4300,1,1,1,1,0,0,1,1
t,2400,2300,1700,3000,1,1,1,0,0,0,1,1
ct,1400,3650,3550,1500,0,0,0,0,0,0,0,1
ct,1400,3950,3750,1600,0,0,0,0,0,0,0,1
ct,1400,3950,3900,1450,0,0,0,0,0,0,0,1
t,2900,4450,4400,2950,1,1,1,0,0,0,1,1
t,2900,4050,3900,3050,1,1,1,0,0,0,1,1
t,2900,5050,4800,3150,1,1,1,1,0,0,1,1
t,2900,4300,4200,3000,1,1,1,0,0,0,1,1
t,2900,3000,3000,2900,1,1,0,0,0,0,1,1
t,3400,3050,2050,4400,1,1,1,1,0,0,1,1
t,3400,3150,1650,4900,1,1,1,1,0,0,1,1
t,3400,3000,500,5900,1,1,1,1,1,1,1,1
t,3400,2900,200,6100,1,1,1,1,1,1,1,1
ct,1400,9900,5200,6100,1,1,1,1,1,1,1,1
t,3400,5900,4600,4700,1,1,1,1,0,0,1,1
t,3400,5300,4800,3900,1,1,1,1,0,0,1,1
t,3400,5500,4800,4100,1,1,1,1,0,0,1,1
t,3400,5400,4800,4000,1,1,1,1,0,0,1,1
t,3400,6700,6450,3650,1,1,1,1,0,0,1,1
ct,1400,8450,5200,4650,1,1,1,1,0,0,1,1
ct,1900,6300,5200,3000,1,1,1,0,0,0,1,1
ct,1900,6800,5200,3500,1,1,1,1,0,0,1,1
t,1400,4850,4600,1650,0,0,0,0,0,0,0,1
t,1400,3950,3900,1450,0,0,0,0,0,0,0,1
t,1400,4450,4400,1450,0,0,0,0,0,0,0,1
ct,1900,4850,4700,2050,0,0,0,0,0,0,1,1
t,1900,2950,1650,3200,1,1,1,1,0,0,1,1
t,1900,3050,400,4550,1,1,1,1,0,0,1,1
t,1900,2900,0,4800,1,1,1,1,0,0,1,1
t,2400,4700,4600,2500,1,0,0,0,0,0,1,1
t,2400,4600,4600,2400,0,0,0,0,0,0,1,1
t,2400,4700,4600,2500,1,0,0,0,0,0,1,1
t,2400,6050,4800,3650,1,1,1,1,0,0,1,1
t,2400,6300,6250,2450,1,0,0,0,0,0,1,1
ct,1400,8000,5200,4200,1,1,1,1,0,0,1,1
t,2900,3800,3700,3000,1,1,1,0,0,0,1,1
t,2900,3400,3150,3150,1,1,1,1,0,0,1,1
t,2900,3450,3400,2950,1,1,1,0,0,0,1,1
t,1400,3350,3300,1450,0,0,0,0,0,0,0,1
t,1400,4000,3900,1500,0,0,0,0,0,0,0,1
t,1400,3650,3500,1550,0,0,0,0,0,0,0,1
t,1400,4300,3400,2300,0,0,0,0,0,0,1,1
ct,1900,5900,5600,2200,0,0,0,0,0,0,1,1
ct,1900,9850,5600,6150,1,1,1,1,1,1,1,1
t,1900,2950,2200,2650,1,0,0,0,0,0,1,1
t,1900,3000,2050,2850,1,1,0,0,0,0,1,1
t,1900,4100,4000,2000,0,0,0,0,0,0,1,1
t,1900,4200,1100,5000,1,1,1,1,0,0,1,1
ct,1400,8050,5200,4250,1,1,1,1,0,0,1,1
t,2400,3950,3900,2450,1,0,0,0,0,0,1,1
t,2400,4350,4200,2550,1,0,0,0,0,0,1,1
t,2400,4900,4800,2500,1,0,0,0,0,0,1,1
t,2400,6500,6500,2400,0,0,0,0,0,0,1,1
ct,1400,6350,5800,1950,0,0,0,0,0,0,1,1
t,1900,800,800,1900,0,0,0,0,0,0,1,1
t,1900,800,650,2050,0,0,0,0,0,0,1,1
t,1900,800,700,2000,0,0,0,0,0,0,1,1
t,1900,800,650,2050,0,0,0,0,0,0,1,1
t,1900,800,650,2050,0,0,0,0,0,0,1,1
t,1400,3850,3800,1450,0,0,0,0,0,0,0,1
t,1400,3400,3400,1400,0,0,0,0,0,0,0,1
ct,2400,2050,0,4450,1,1,1,1,0,0,1,1
ct,2400,2200,200,4400,1,1,1,1,0,0,1,1
ct,2400,2500,700,4200,1,1,1,1,0,0,1,1
ct,2400,2050,300,4150,1,1,1,1,0,0,1,1
ct,2400,2800,700,4500,1,1,1,1,0,0,1,1
t,1400,4250,3450,2200,0,0,0,0,0,0,1,1
t,1400,3700,3700,1400,0,0,0,0,0,0,0,1
t,1400,3400,3300,1500,0,0,0,0,0,0,0,1
ct,2900,4500,4350,3050,1,1,1,0,0,0,1,1
ct,2900,4450,4350,3000,1,1,1,0,0,0,1,1
ct,2900,4500,4450,2950,1,1,1,0,0,0,1,1
ct,2900,4550,4500,2950,1,1,1,0,0,0,1,1
t,1900,3850,3700,2050,0,0,0,0,0,0,1,1
t,1900,2350,2200,2050,0,0,0,0,0,0,1,1
t,1900,4450,4400,1950,0,0,0,0,0,0,1,1
t,1900,2650,2650,1900,0,0,0,0,0,0,1,1
ct,1900,3550,3550,1900,0,0,0,0,0,0,1,1
ct,1900,2300,2250,1950,0,0,0,0,0,0,1,1
ct,1900,3550,3550,1900,0,0,0,0,0,0,1,1
ct,1900,4100,0,6000,1,1,1,1,1,1,1,1
t,1900,5050,4800,2150,0,0,0,0,0,0,1,1
t,1900,1900,1800,2000,0,0,0,0,0,0,1,1
t,1900,3900,3900,1900,0,0,0,0,0,0,1,1
t,1900,4400,4400,1900,0,0,0,0,0,0,1,1
t,2400,2150,0,4550,1,1,1,1,0,0,1,1
t,2400,2000,700,3700,1,1,1,1,0,0,1,1
t,2400,1900,0,4300,1,1,1,1,0,0,1,1
t,2400,1900,0,4300,1,1,1,1,0,0,1,1
t,2900,4550,4400,3050,1,1,1,0,0,0,1,1
t,2900,4400,4400,2900,1,1,0,0,0,0,1,1
t,2900,4300,4200,3000,1,1,1,0,0,0,1,1
t,2900,4300,4200,3000,1,1,1,0,0,0,1,1
t,3400,3350,1500,5250,1,1,1,1,0,0,1,1
ct,1400,10400,5600,6200,1,1,1,1,1,1,1,1
ct,1400,9950,6300,5050,1,1,1,1,0,0,1,1
t,3400,3000,1300,5100,1,1,1,1,0,0,1,1
t,3400,3000,1000,5400,1,1,1,1,1,0,1,1
t,3400,3000,700,5700,1,1,1,1,1,0,1,1
t,3400,5850,4800,4450,1,1,1,1,0,0,1,1
t,3400,6500,4900,5000,1,1,1,1,0,0,1,1
t,3400,5550,4900,4050,1,1,1,1,0,0,1,1
t,3400,6000,4800,4600,1,1,1,1,0,0,1,1
t,3400,7300,6850,3850,1,1,1,1,0,0,1,1
t,3400,4450,4400,3450,1,1,1,1,0,0,1,1
t,3400,4650,4600,3450,1,1,1,1,0,0,1,1
t,3400,3450,3300,3550,1,1,1,1,0,0,1,1
t,3400,4600,4600,3400,1,1,1,1,0,0,1,1
ct,1400,10400,6500,5300,1,1,1,1,0,0,1,1
ct,1400,8850,8150,2100,0,0,0,0,0,0,1,1
t,3400,3400,3300,3500,1,1,1,1,0,0,1,1
t,3400,3550,3500,3450,1,1,1,1,0,0,1,1
ct,1900,800,650,2050,0,0,0,0,0,0,1,1
t,1900,800,700,2000,0,0,0,0,0,0,1,1
ct,1900,800,700,2000,0,0,0,0,0,0,1,1
ct,1900,800,700,2000,0,0,0,0,0,0,1,1
ct,1900,800,650,2050,0,0,0,0,0,0,1,1
t,1900,800,650,2050,0,0,0,0,0,0,1,1
t,1900,800,650,2050,0,0,0,0,0,0,1,1
t,1900,800,700,2000,0,0,0,0,0,0,1,1
t,1900,800,650,2050,0,0,0,0,0,0,1,1
ct,1900,800,650,2050,0,0,0,0,0,0,1,1
ct,2400,2150,2150,2400,0,0,0,0,0,0,1,1
t,1400,3650,3250,1800,0,0,0,0,0,0,1,1
ct,2400,2400,2350,2450,1,0,0,0,0,0,1,1
ct,2400,2100,2100,2400,0,0,0,0,0,0,1,1
t,1400,4000,4000,1400,0,0,0,0,0,0,0,1
t,1400,3400,3400,1400,0,0,0,0,0,0,0,1
t,1400,3700,3100,2000,0,0,0,0,0,0,1,1
ct,2400,2450,1800,3050,1,1,1,0,0,0,1,1
ct,2900,2400,300,5000,1,1,1,1,0,0,1,1
ct,2900,2450,0,5350,1,1,1,1,0,0,1,1
ct,2900,2400,300,5000,1,1,1,1,0,0,1,1
ct,2900,2600,700,4800,1,1,1,1,0,0,1,1
ct,2900,2550,0,5450,1,1,1,1,1,0,1,1
ct,3400,5000,4850,3550,1,1,1,1,0,0,1,1
ct,3400,5000,4900,3500,1,1,1,1,0,0,1,1
ct,3400,4800,4750,3450,1,1,1,1,0,0,1,1
t,1900,6750,4900,3750,1,1,1,1,0,0,1,1
t,1900,6950,4900,3950,1,1,1,1,0,0,1,1
t,1900,9350,4800,6450,1,1,1,1,1,1,1,1
t,1900,6950,4800,4050,1,1,1,1,0,0,1,1
t,2400,3750,3500,2650,1,0,0,0,0,0,1,1
ct,1400,6550,5200,2750,1,0,0,0,0,0,1,1
t,2400,4250,4200,2450,1,0,0,0,0,0,1,1
t,2400,4050,4000,2450,1,0,0,0,0,0,1,1
ct,1400,5250,5200,1450,0,0,0,0,0,0,0,1
t,2900,2650,1000,4550,1,1,1,1,0,0,1,1
t,2900,2400,0,5300,1,1,1,1,0,0,1,1
t,2900,2450,0,5350,1,1,1,1,0,0,1,1
t,2900,2450,0,5350,1,1,1,1,0,0,1,1
t,3400,5300,4800,3900,1,1,1,1,0,0,1,1
t,3400,4650,4600,3450,1,1,1,1,0,0,1,1
t,3400,3000,2800,3600,1,1,1,1,0,0,1,1
t,3400,5050,4800,3650,1,1,1,1,0,0,1,1
ct,1400,12000,5200,8200,1,1,1,1,1,1,1,1
t,3400,3900,3900,3400,1,1,1,1,0,0,1,1
t,3400,3450,1800,5050,1,1,1,1,0,0,1,1
t,3400,3900,2200,5100,1,1,1,1,0,0,1,1
t,3400,3650,1650,5400,1,1,1,1,1,0,1,1
t,3400,5050,4800,3650,1,1,1,1,0,0,1,1
t,3400,3400,3300,3500,1,1,1,1,0,0,1,1
t,3400,5050,4900,3550,1,1,1,1,0,0,1,1
t,3400,5400,4800,4000,1,1,1,1,0,0,1,1
ct,1900,10500,4850,7550,1,1,1,1,1,1,1,1
ct,1900,12500,7950,6450,1,1,1,1,1,1,1,1
ct,1900,11900,5600,8200,1,1,1,1,1,1,1,1
ct,1900,11900,5600,8200,1,1,1,1,1,1,1,1
t,1900,5800,4800,2900,1,1,0,0,0,0,1,1
t,1900,4250,4200,1950,0,0,0,0,0,0,1,1
t,1900,3500,3500,1900,0,0,0,0,0,0,1,1
t,1900,4150,3900,2150,0,0,0,0,0,0,1,1
ct,1900,800,800,1900,0,0,0,0,0,0,1,1
ct,1900,800,650,2050,0,0,0,0,0,0,1,1
ct,1900,800,650,2050,0,0,0,0,0,0,1,1
ct,1900,800,650,2050,0,0,0,0,0,0,1,1
ct,1900,800,650,2050,0,0,0,0,0,0,1,1
t,2400,2950,2450,2900,1,1,0,0,0,0,1,1
ct,1400,4350,4200,1550,0,0,0,0,0,0,0,1
t,2400,2600,700,4300,1,1,1,1,0,0,1,1
t,2400,2600,0,5000,1,1,1,1,0,0,1,1
t,2400,2650,600,4450,1,1,1,1,0,0,1,1
ct,1400,4500,4500,1400,0,0,0,0,0,0,0,1
ct,1400,3900,3850,1450,0,0,0,0,0,0,0,1
ct,1400,4200,4200,1400,0,0,0,0,0,0,0,1
ct,1400,4200,4050,1550,0,0,0,0,0,0,0,1
t,2400,2950,0,5350,1,1,1,1,0,0,1,1
t,2900,3500,3150,3250,1,1,1,1,0,0,1,1
ct,1400,3650,3050,2000,0,0,0,0,0,0,1,1
t,2900,4600,4400,3100,1,1,1,0,0,0,1,1
t,2900,5000,4900,3000,1,1,1,0,0,0,1,1
t,2900,4450,4400,2950,1,1,1,0,0,0,1,1
ct,1400,3850,3550,1700,0,0,0,0,0,0,1,1
ct,1400,3650,3550,1500,0,0,0,0,0,0,0,1
t,2900,4950,4600,3250,1,1,1,1,0,0,1,1
t,1400,3850,3150,2100,0,0,0,0,0,0,1,1
ct,1900,1850,1750,2000,0,0,0,0,0,0,1,1
ct,2400,2100,0,4500,1,1,1,1,0,0,1,1
ct,2400,2100,0,4500,1,1,1,1,0,0,1,1
ct,2400,2050,0,4450,1,1,1,1,0,0,1,1
ct,2400,2000,0,4400,1,1,1,1,0,0,1,1
ct,2400,2350,300,4450,1,1,1,1,0,0,1,1
t,1400,7000,4800,3600,1,1,1,1,0,0,1,1
ct,2900,4650,4550,3000,1,1,1,0,0,0,1,1
ct,2900,4950,4850,3000,1,1,1,0,0,0,1,1
ct,2900,4200,4150,2950,1,1,1,0,0,0,1,1
ct,2900,4550,4550,2900,1,1,0,0,0,0,1,1
ct,2900,4900,4900,2900,1,1,0,0,0,0,1,1
t,1400,8100,4800,4700,1,1,1,1,0,0,1,1
t,1400,7550,4800,4150,1,1,1,1,0,0,1,1
ct,3400,3200,3200,3400,1,1,1,1,0,0,1,1
ct,3400,3150,3100,3450,1,1,1,1,0,0,1,1
ct,3400,3100,3050,3450,1,1,1,1,0,0,1,1
t,1400,8850,4900,5350,1,1,1,1,0,0,1,1
ct,1900,800,800,1900,0,0,0,0,0,0,1,1
ct,1900,800,650,2050,0,0,0,0,0,0,1,1
t,1900,800,650,2050,0,0,0,0,0,0,1,1
ct,1900,800,700,2000,0,0,0,0,0,0,1,1
t,1900,800,650,2050,0,0,0,0,0,0,1,1
t,1900,800,800,1900,0,0,0,0,0,0,1,1
ct,1900,800,650,2050,0,0,0,0,0,0,1,1
t,1900,800,650,2050,0,0,0,0,0,0,1,1
t,1900,800,650,2050,0,0,0,0,0,0,1,1
ct,1900,800,650,2050,0,0,0,0,0,0,1,1
ct,1400,4350,4200,1550,0,0,0,0,0,0,0,1
ct,1400,3900,3750,1550,0,0,0,0,0,0,0,1
t,2400,3550,3500,2450,1,0,0,0,0,0,1,1
ct,1400,4450,4400,1450,0,0,0,0,0,0,0,1
t,2400,2650,2650,2400,0,0,0,0,0,0,1,1
ct,1400,4200,4200,1400,0,0,0,0,0,0,0,1
t,2400,2950,2800,2550,1,0,0,0,0,0,1,1
t,2400,2650,2200,2850,1,1,0,0,0,0,1,1
ct,1400,3900,3550,1750,0,0,0,0,0,0,1,1
ct,1400,4200,4200,1400,0,0,0,0,0,0,0,1
t,2900,3350,3300,2950,1,1,1,0,0,0,1,1
t,2900,3600,3600,2900,1,1,0,0,0,0,1,1
t,2900,3450,3300,3050,1,1,1,0,0,0,1,1
t,2900,3450,3300,3050,1,1,1,0,0,0,1,1
t,3400,3550,3400,3550,1,1,1,1,0,0,1,1
t,3400,3500,3500,3400,1,1,1,1,0,0,1,1
t,3400,4200,4000,3600,1,1,1,1,0,0,1,1
t,3400,3950,3900,3450,1,1,1,1,0,0,1,1
t,3400,3950,3050,4300,1,1,1,1,0,0,1,1
ct,1900,2150,0,4050,1,1,1,1,0,0,1,1
ct,1900,2300,0,4200,1,1,1,1,0,0,1,1
ct,1900,2500,0,4400,1,1,1,1,0,0,1,1
t,1400,4150,2200,3350,1,1,1,1,0,0,1,1
ct,1900,3450,0,5350,1,1,1,1,0,0,1,1
ct,2400,3850,3400,2850,1,1,0,0,0,0,1,1
ct,2400,4300,4250,2450,1,0,0,0,0,0,1,1
ct,2400,4100,4050,2450,1,0,0,0,0,0,1,1
t,1400,5500,2700,4200,1,1,1,1,0,0,1,1
ct,2400,5450,5400,2450,1,0,0,0,0,0,1,1
ct,2900,3000,1450,4450,1,1,1,1,0,0,1,1
ct,2900,2600,500,5000,1,1,1,1,0,0,1,1
ct,2900,2650,0,5550,1,1,1,1,1,0,1,1
ct,2900,3200,1000,5100,1,1,1,1,0,0,1,1
ct,3400,5150,5000,3550,1,1,1,1,0,0,1,1
t,1400,6250,4800,2850,1,1,0,0,0,0,1,1
ct,3400,5700,5700,3400,1,1,1,1,0,0,1,1
t,1400,5700,4900,2200,0,0,0,0,0,0,1,1
ct,3400,5850,5400,3850,1,1,1,1,0,0,1,1
t,1400,7600,4900,4100,1,1,1,1,0,0,1,1
ct,3400,4150,3750,3800,1,1,1,1,0,0,1,1
ct,3400,3850,3850,3400,1,1,1,1,0,0,1,1
ct,3400,3950,3850,3500,1,1,1,1,0,0,1,1
t,1400,9700,4900,6200,1,1,1,1,1,1,1,1
ct,3400,3900,3850,3450,1,1,1,1,0,0,1,1
t,1900,5850,4800,2950,1,1,1,0,0,0,1,1
t,1900,4100,4000,2000,0,0,0,0,0,0,1,1
t,2400,3250,0,5650,1,1,1,1,1,0,1,1
t,2400,2000,0,4400,1,1,1,1,0,0,1,1
t,2400,1900,0,4300,1,1,1,1,0,0,1,1
t,2400,3000,700,4700,1,1,1,1,0,0,1,1
t,2900,5550,4900,3550,1,1,1,1,0,0,1,1
t,2900,3850,3550,3200,1,1,1,1,0,0,1,1
t,2900,5000,4900,3000,1,1,1,0,0,0,1,1
t,2900,4900,4800,3000,1,1,1,0,0,0,1,1
t,2900,5250,5100,3050,1,1,1,0,0,0,1,1
t,1900,800,800,1900,0,0,0,0,0,0,1,1
t,1900,800,650,2050,0,0,0,0,0,0,1,1
t,1900,800,650,2050,0,0,0,0,0,0,1,1
t,1900,800,650,2050,0,0,0,0,0,0,1,1
t,1900,800,650,2050,0,0,0,0,0,0,1,1
t,2400,2500,2500,2400,0,0,0,0,0,0,1,1
t,2400,2650,2600,2450,1,0,0,0,0,0,1,1
ct,1400,3900,3750,1550,0,0,0,0,0,0,0,1
t,2400,2650,2400,2650,1,0,0,0,0,0,1,1
ct,1400,4200,4050,1550,0,0,0,0,0,0,0,1
ct,1400,4350,4200,1550,0,0,0,0,0,0,0,1
t,2400,2950,2800,2550,1,0,0,0,0,0,1,1
ct,1400,4200,3500,2100,0,0,0,0,0,0,1,1
ct,1400,4500,4500,1400,0,0,0,0,0,0,0,1
t,2400,2650,2600,2450,1,0,0,0,0,0,1,1
t,2900,2400,700,4600,1,1,1,1,0,0,1,1
t,2900,2450,700,4650,1,1,1,1,0,0,1,1
t,2900,2650,0,5550,1,1,1,1,1,0,1,1
t,2900,2850,0,5750,1,1,1,1,1,0,1,1
t,2900,2450,0,5350,1,1,1,1,0,0,1,1
t,3400,4600,4600,3400,1,1,1,1,0,0,1,1
t,3400,4650,4600,3450,1,1,1,1,0,0,1,1
t,3400,4850,4800,3450,1,1,1,1,0,0,1,1
t,3400,5750,5100,4050,1,1,1,1,0,0,1,1
t,3400,4950,4800,3550,1,1,1,1,0,0,1,1
ct,1900,5950,5600,2250,0,0,0,0,0,0,1,1
ct,1900,5000,4850,2050,0,0,0,0,0,0,1,1
ct,2400,2400,300,4500,1,1,1,1,0,0,1,1
ct,2400,3800,0,6200,1,1,1,1,1,1,1,1
t,1400,5300,4900,1800,0,0,0,0,0,0,1,1
ct,2400,2750,950,4200,1,1,1,1,0,0,1,1
t,1900,3650,3600,1950,0,0,0,0,0,0,1,1
t,1900,2950,2700,2150,0,0,0,0,0,0,1,1
ct,1400,6450,5400,2450,1,0,0,0,0,0,1,1
t,1900,5400,5400,1900,0,0,0,0,0,0,1,1
ct,1400,7550,5400,3550,1,1,1,1,0,0,1,1
t,1900,2900,2750,2050,0,0,0,0,0,0,1,1
ct,1400,6350,5200,2550,1,0,0,0,0,0,1,1
t,1900,5500,5100,2300,0,0,0,0,0,0,1,1
ct,1900,2550,2550,1900,0,0,0,0,0,0,1,1
ct,1900,5650,5600,1950,0,0,0,0,0,0,1,1
t,1400,5150,4900,1650,0,0,0,0,0,0,0,1
t,1400,5450,4800,2050,0,0,0,0,0,0,1,1
ct,2400,2300,300,4400,1,1,1,1,0,0,1,1
ct,2400,2000,0,4400,1,1,1,1,0,0,1,1
ct,2400,3250,1000,4650,1,1,1,1,0,0,1,1
t,1900,7450,6850,2500,1,0,0,0,0,0,1,1
ct,1400,5950,5250,2100,0,0,0,0,0,0,1,1
t,1900,5250,4900,2250,0,0,0,0,0,0,1,1
ct,1400,5750,5200,1950,0,0,0,0,0,0,1,1
ct,1400,6000,4850,2550,1,0,0,0,0,0,1,1
ct,1900,2000,1950,1950,0,0,0,0,0,0,1,1
t,1900,4450,4400,1950,0,0,0,0,0,0,1,1
t,1900,3050,2950,2000,0,0,0,0,0,0,1,1
ct,1400,3550,3550,1400,0,0,0,0,0,0,0,1
t,1900,4500,4400,2000,0,0,0,0,0,0,1,1
ct,1400,4700,4650,1450,0,0,0,0,0,0,0,1
t,1900,4950,4900,1950,0,0,0,0,0,0,1,1
ct,1400,3850,3700,1550,0,0,0,0,0,0,0,1
t,1900,800,650,2050,0,0,0,0,0,0,1,1
ct,1900,800,650,2050,0,0,0,0,0,0,1,1
t,1900,800,700,2000,0,0,0,0,0,0,1,1
ct,1900,800,650,2050,0,0,0,0,0,0,1,1
ct,1900,800,650,2050,0,0,0,0,0,0,1,1
t,1900,800,650,2050,0,0,0,0,0,0,1,1
ct,1900,800,800,1900,0,0,0,0,0,0,1,1
t,1900,800,650,2050,0,0,0,0,0,0,1,1
t,1900,800,650,2050,0,0,0,0,0,0,1,1
ct,1900,800,650,2050,0,0,0,0,0,0,1,1
t,1400,4000,4000,1400,0,0,0,0,0,0,0,1
ct,2400,2050,1900,2550,1,0,0,0,0,0,1,1
t,1400,3650,3250,1800,0,0,0,0,0,0,1,1
ct,2400,2050,2000,2450,1,0,0,0,0,0,1,1
t,1400,3700,2800,2300,0,0,0,0,0,0,1,1
ct,2400,1900,1650,2650,1,0,0,0,0,0,1,1
t,1400,3700,3350,1750,0,0,0,0,0,0,1,1
t,1400,3700,3700,1400,0,0,0,0,0,0,0,1
ct,2400,2050,2000,2450,1,0,0,0,0,0,1,1
t,1900,1400,1350,1950,0,0,0,0,0,0,1,1
t,1900,1800,1750,1950,0,0,0,0,0,0,1,1
ct,1400,4150,3400,2150,0,0,0,0,0,0,1,1
t,1900,2300,2200,2000,0,0,0,0,0,0,1,1
ct,1400,4350,2300,3450,1,1,1,1,0,0,1,1
t,1900,1400,1350,1950,0,0,0,0,0,0,1,1
t,2400,1950,0,4350,1,1,1,1,0,0,1,1
t,2400,1950,0,4350,1,1,1,1,0,0,1,1
t,2400,2300,0,4700,1,1,1,1,0,0,1,1
t,2400,1950,0,4350,1,1,1,1,0,0,1,1
t,2400,1950,0,4350,1,1,1,1,0,0,1,1
t,2900,4350,4200,3050,1,1,1,0,0,0,1,1
t,2900,4350,3900,3350,1,1,1,1,0,0,1,1
ct,1400,9850,5600,5650,1,1,1,1,1,0,1,1
t,2900,5000,4800,3100,1,1,1,0,0,0,1,1
t,2900,4350,4000,3250,1,1,1,1,0,0,1,1
t,2900,4350,4200,3050,1,1,1,0,0,0,1,1
ct,1900,6400,5200,3100,1,1,1,0,0,0,1,1
ct,1900,5700,4850,2750,1,0,0,0,0,0,1,1
ct,1900,8050,5250,4700,1,1,1,1,0,0,1,1
t,1400,6800,4900,3300,1,1,1,1,0,0,1,1
ct,2400,3750,0,6150,1,1,1,1,1,1,1,1
ct,2400,3250,1150,4500,1,1,1,1,0,0,1,1
ct,2400,3200,800,4800,1,1,1,1,0,0,1,1
ct,2400,4850,3850,3400,1,1,1,1,0,0,1,1
t,1900,3900,3900,1900,0,0,0,0,0,0,1,1
t,1900,4500,4400,2000,0,0,0,0,0,0,1,1
ct,1400,6750,5200,2950,1,1,1,0,0,0,1,1
ct,1400,6150,5600,1950,0,0,0,0,0,0,1,1
t,1900,5050,4800,2150,0,0,0,0,0,0,1,1
ct,1400,5750,5000,2150,0,0,0,0,0,0,1,1
t,1900,4900,4900,1900,0,0,0,0,0,0,1,1
t,1900,5000,4800,2100,0,0,0,0,0,0,1,1
t,2400,1900,0,4300,1,1,1,1,0,0,1,1
t,2400,2300,300,4400,1,1,1,1,0,0,1,1
t,2400,2450,0,4850,1,1,1,1,0,0,1,1
t,2400,2100,300,4200,1,1,1,1,0,0,1,1
t,1400,6000,4600,2800,1,1,0,0,0,0,1,1
ct,1900,7250,6600,2550,1,0,0,0,0,0,1,1
t,1400,5500,4800,2100,0,0,0,0,0,0,1,1
ct,1900,6100,4550,3450,1,1,1,1,0,0,1,1
t,1400,6250,4900,2750,1,0,0,0,0,0,1,1
ct,1900,4300,4150,2050,0,0,0,0,0,0,1,1
t,1400,4900,4900,1400,0,0,0,0,0,0,0,1
t,1400,5450,4900,1950,0,0,0,0,0,0,1,1
t,1400,7300,4900,3800,1,1,1,1,0,0,1,1
t,1900,3500,2700,2700,1,0,0,0,0,0,1,1
t,1900,1950,900,2950,1,1,1,0,0,0,1,1
t,1900,3800,3800,1900,0,0,0,0,0,0,1,1
t,1900,4300,4200,2000,0,0,0,0,0,0,1,1
ct,1900,800,650,2050,0,0,0,0,0,0,1,1
ct,1900,800,700,2000,0,0,0,0,0,0,1,1
ct,1900,800,650,2050,0,0,0,0,0,0,1,1
ct,1900,800,650,2050,0,0,0,0,0,0,1,1
ct,1900,800,650,2050,0,0,0,0,0,0,1,1
ct,2400,2500,2450,2450,1,0,0,0,0,0,1,1
t,1400,4550,3900,2050,0,0,0,0,0,0,1,1
ct,2400,2450,2200,2650,1,0,0,0,0,0,1,1
t,1400,3400,3300,1500,0,0,0,0,0,0,0,1
t,1400,3700,2750,2350,0,0,0,0,0,0,1,1
ct,2400,2200,500,4100,1,1,1,1,0,0,1,1
t,1400,3350,3250,1500,0,0,0,0,0,0,0,1
ct,2400,2200,2150,2450,1,0,0,0,0,0,1,1
ct,2400,2500,2450,2450,1,0,0,0,0,0,1,1
t,1400,3700,3700,1400,0,0,0,0,0,0,0,1
ct,2900,2700,950,4650,1,1,1,1,0,0,1,1
t,1400,4450,2750,3100,1,1,1,0,0,0,1,1
ct,2900,2800,800,4900,1,1,1,1,0,0,1,1
ct,2900,2500,0,5400,1,1,1,1,1,0,1,1
ct,3400,4750,4650,3500,1,1,1,1,0,0,1,1
t,1400,6150,4800,2750,1,0,0,0,0,0,1,1
ct,3400,5700,5600,3500,1,1,1,1,0,0,1,1
t,1400,6550,4900,3050,1,1,1,0,0,0,1,1
ct,3400,5000,5000,3400,1,1,1,1,0,0,1,1
ct,3400,5800,5700,3500,1,1,1,1,0,0,1,1
t,1400,9000,4800,5600,1,1,1,1,1,0,1,1
ct,3400,4350,4350,3400,1,1,1,1,0,0,1,1
t,1400,10050,4900,6550,1,1,1,1,1,1,1,1
t,1400,8550,4900,5050,1,1,1,1,0,0,1,1
ct,3400,4550,4550,3400,1,1,1,1,0,0,1,1
ct,3400,3650,3600,3450,1,1,1,1,0,0,1,1
t,1900,800,700,2000,0,0,0,0,0,0,1,1
t,1900,800,650,2050,0,0,0,0,0,0,1,1
ct,1900,800,650,2050,0,0,0,0,0,0,1,1
ct,1900,800,800,1900,0,0,0,0,0,0,1,1
t,1900,800,700,2000,0,0,0,0,0,0,1,1
t,1900,800,650,2050,0,0,0,0,0,0,1,1
ct,1900,800,650,2050,0,0,0,0,0,0,1,1
ct,1900,800,650,2050,0,0,0,0,0,0,1,1
t,1900,800,650,2050,0,0,0,0,0,0,1,1
ct,1900,800,800,1900,0,0,0,0,0,0,1,1
t,1400,3400,3300,1500,0,0,0,0,0,0,0,1
ct,2400,2500,2450,2450,1,0,0,0,0,0,1,1
ct,2400,2350,700,4050,1,1,1,1,0,0,1,1
t,1400,3650,3450,1600,0,0,0,0,0,0,0,1
t,1400,3400,3250,1550,0,0,0,0,0,0,0,1
t,1400,4000,3950,1450,0,0,0,0,0,0,0,1
ct,2400,2350,2250,2500,1,0,0,0,0,0,1,1
ct,2900,2500,0,5400,1,1,1,1,1,0,1,1
ct,2900,2800,700,5000,1,1,1,1,0,0,1,1
t,1400,5250,4900,1750,0,0,0,0,0,0,1,1
ct,2900,2700,300,5300,1,1,1,1,0,0,1,1
ct,2900,2600,700,4800,1,1,1,1,0,0,1,1
ct,2900,2550,500,4950,1,1,1,1,0,0,1,1
ct,3400,5450,5200,3650,1,1,1,1,0,0,1,1
ct,3400,5350,5200,3550,1,1,1,1,0,0,1,1
ct,3400,4850,4850,3400,1,1,1,1,0,0,1,1
ct,3400,5000,4850,3550,1,1,1,1,0,0,1,1
ct,3400,3650,300,6750,1,1,1,1,1,1,1,1
ct,3400,3550,1350,5600,1,1,1,1,1,0,1,1
ct,3400,6350,4250,5500,1,1,1,1,1,0,1,1
ct,3400,3550,1400,5550,1,1,1,1,1,0,1,1
t,1400,11200,4900,7700,1,1,1,1,1,1,1,1
t,1400,8750,4900,5250,1,1,1,1,0,0,1,1
ct,3400,6400,5200,4600,1,1,1,1,0,0,1,1
t,1400,8350,4600,5150,1,1,1,1,0,0,1,1
t,1400,11000,4900,7500,1,1,1,1,1,1,1,1
ct,3400,5900,5250,4050,1,1,1,1,0,0,1,1
ct,3400,5650,5250,3800,1,1,1,1,0,0,1,1
t,1900,7700,4800,4800,1,1,1,1,0,0,1,1
t,1900,5250,4900,2250,0,0,0,0,0,0,1,1
t,1900,7500,4900,4500,1,1,1,1,0,0,1,1
ct,1900,5350,4850,2400,0,0,0,0,0,0,1,1
t,1400,6850,4400,3850,1,1,1,1,0,0,1,1
ct,1900,5800,5250,2450,1,0,0,0,0,0,1,1
t,1400,6500,4900,3000,1,1,1,0,0,0,1,1
t,1400,8650,4900,5150,1,1,1,1,0,0,1,1
ct,2900,3600,3550,2950,1,1,1,0,0,0,1,1
ct,2900,5250,5200,2950,1,1,1,0,0,0,1,1
t,1400,8950,4800,5550,1,1,1,1,1,0,1,1
ct,2900,3600,3550,2950,1,1,1,0,0,0,1,1
ct,2900,5150,4850,3200,1,1,1,1,0,0,1,1
t,1900,5850,4800,2950,1,1,1,0,0,0,1,1
t,1900,7500,4900,4500,1,1,1,1,0,0,1,1
t,1400,6350,5600,2150,0,0,0,0,0,0,1,1
ct,1900,3200,3050,2050,0,0,0,0,0,0,1,1
ct,1900,3200,3200,1900,0,0,0,0,0,0,1,1
t,1400,5850,4900,2350,0,0,0,0,0,0,1,1
ct,1900,4150,4150,1900,0,0,0,0,0,0,1,1
ct,1900,4450,4350,2000,0,0,0,0,0,0,1,1
t,1900,800,650,2050,0,0,0,0,0,0,1,1
t,1900,800,700,2000,0,0,0,0,0,0,1,1
t,1900,800,650,2050,0,0,0,0,0,0,1,1
t,1900,800,650,2050,0,0,0,0,0,0,1,1
t,1900,800,650,2050,0,0,0,0,0,0,1,1
ct,1400,4200,4200,1400,0,0,0,0,0,0,0,1
ct,1400,3650,3250,1800,0,0,0,0,0,0,1,1
ct,1400,4250,4150,1500,0,0,0,0,0,0,0,1
ct,1400,3650,3550,1500,0,0,0,0,0,0,0,1
ct,1400,3950,3950,1400,0,0,0,0,0,0,0,1
t,2400,2050,2000,2450,1,0,0,0,0,0,1,1
t,2900,2400,2400,2900,1,1,0,0,0,0,1,1
t,2900,2450,2400,2950,1,1,1,0,0,0,1,1
t,2900,2450,2450,2900,1,1,0,0,0,0,1,1
t,2900,2450,2450,2900,1,1,0,0,0,0,1,1
t,1900,800,650,2050,0,0,0,0,0,0,1,1
ct,1900,800,650,2050,0,0,0,0,0,0,1,1
t,1900,800,650,2050,0,0,0,0,0,0,1,1
ct,1900,800,650,2050,0,0,0,0,0,0,1,1
t,1900,800,800,1900,0,0,0,0,0,0,1,1
t,1900,800,650,2050,0,0,0,0,0,0,1,1
t,1900,800,650,2050,0,0,0,0,0,0,1,1
ct,1900,800,800,1900,0,0,0,0,0,0,1,1
ct,1900,800,650,2050,0,0,0,0,0,0,1,1
ct,1900,800,650,2050,0,0,0,0,0,0,1,1
t,2400,2050,2000,2450,1,0,0,0,0,0,1,1
ct,1400,3650,3550,1500,0,0,0,0,0,0,0,1
t,2400,2050,1500,2950,1,1,1,0,0,0,1,1
ct,1400,3650,3300,1750,0,0,0,0,0,0,1,1
t,2400,2650,2100,2950,1,1,1,0,0,0,1,1
t,2400,2050,2000,2450,1,0,0,0,0,0,1,1
ct,1400,3500,3450,1450,0,0,0,0,0,0,0,1
ct,1400,5150,4250,2300,0,0,0,0,0,0,1,1
ct,1400,3650,3550,1500,0,0,0,0,0,0,0,1
t,2900,2450,700,4650,1,1,1,1,0,0,1,1
t,2900,2750,700,4950,1,1,1,1,0,0,1,1
ct,1400,4450,3550,2300,0,0,0,0,0,0,1,1
t,2900,2650,700,4850,1,1,1,1,0,0,1,1
t,2900,2450,0,5350,1,1,1,1,0,0,1,1
t,2900,2450,700,4650,1,1,1,1,0,0,1,1
t,3400,4650,4600,3450,1,1,1,1,0,0,1,1
t,3400,4950,4900,3450,1,1,1,1,0,0,1,1
t,3400,4850,4800,3450,1,1,1,1,0,0,1,1
t,3400,5350,4800,3950,1,1,1,1,0,0,1,1
t,3400,4650,4600,3450,1,1,1,1,0,0,1,1
t,3400,3750,1750,5400,1,1,1,1,1,0,1,1
ct,1400,7850,5200,4050,1,1,1,1,0,0,1,1
t,3400,3450,1750,5100,1,1,1,1,0,0,1,1
t,3400,3950,2450,4900,1,1,1,1,0,0,1,1
t,3400,3450,1800,5050,1,1,1,1,0,0,1,1
ct,1400,10600,5200,6800,1,1,1,1,1,1,1,1
ct,1400,10350,7450,4300,1,1,1,1,0,0,1,1
t,3400,5400,4900,3900,1,1,1,1,0,0,1,1
t,3400,4050,3950,3500,1,1,1,1,0,0,1,1
t,3400,6250,6100,3550,1,1,1,1,0,0,1,1
t,3400,5050,4900,3550,1,1,1,1,0,0,1,1
ct,1400,12550,5600,8350,1,1,1,1,1,1,1,1
t,3400,3900,2200,5100,1,1,1,1,0,0,1,1
ct,1400,13650,5600,9450,1,1,1,1,1,1,1,1
t,3400,3500,1450,5450,1,1,1,1,1,0,1,1
t,3400,4100,2200,5300,1,1,1,1,0,0,1,1
t,3400,3550,1100,5850,1,1,1,1,1,0,1,1
ct,1400,12100,5200,8300,1,1,1,1,1,1,1,1
ct,1400,10750,5600,6550,1,1,1,1,1,1,1,1
t,1400,4950,4900,1450,0,0,0,0,0,0,0,1
ct,1900,9900,5600,6200,1,1,1,1,1,1,1,1
t,1400,5100,4900,1600,0,0,0,0,0,0,0,1
ct,1900,10200,5200,6900,1,1,1,1,1,1,1,1
t,1400,6500,4500,3400,1,1,1,1,0,0,1,1
ct,1900,9150,7850,3200,1,1,1,1,0,0,1,1
ct,1900,7000,5600,3300,1,1,1,1,0,0,1,1
ct,1400,8350,5600,4150,1,1,1,1,0,0,1,1
t,1900,4000,3950,1950,0,0,0,0,0,0,1,1
ct,1400,8750,5200,4950,1,1,1,1,0,0,1,1
t,1900,6100,4800,3200,1,1,1,1,0,0,1,1
t,1900,6400,4900,3400,1,1,1,1,0,0,1,1
t,2400,5450,4900,2950,1,1,1,0,0,0,1,1
t,2400,4650,4500,2550,1,0,0,0,0,0,1,1
ct,1400,7600,5200,3800,1,1,1,1,0,0,1,1
t,2400,5150,4800,2750,1,0,0,0,0,0,1,1
t,2400,5300,4800,2900,1,1,0,0,0,0,1,1
t,2400,5500,4800,3100,1,1,1,0,0,0,1,1
ct,1400,7700,4850,4250,1,1,1,1,0,0,1,1
ct,1400,8700,5600,4500,1,1,1,1,0,0,1,1
ct,1900,4250,4250,1900,0,0,0,0,0,0,1,1
t,1400,3900,2650,2650,1,0,0,0,0,0,1,1
ct,1900,4650,4650,1900,0,0,0,0,0,0,1,1
t,1900,4500,4400,2000,0,0,0,0,0,0,1,1
t,1900,4150,4000,2050,0,0,0,0,0,0,1,1
t,1900,3050,2950,2000,0,0,0,0,0,0,1,1
t,1900,4950,4900,1950,0,0,0,0,0,0,1,1
ct,1900,800,650,2050,0,0,0,0,0,0,1,1
ct,1900,800,650,2050,0,0,0,0,0,0,1,1
ct,1900,800,650,2050,0,0,0,0,0,0,1,1
ct,1900,800,650,2050,0,0,0,0,0,0,1,1
ct,1900,800,650,2050,0,0,0,0,0,0,1,1
ct,2400,2400,2300,2500,1,0,0,0,0,0,1,1
t,1400,4000,3900,1500,0,0,0,0,0,0,0,1
ct,2400,2100,2000,2500,1,0,0,0,0,0,1,1
ct,2400,2100,1950,2550,1,0,0,0,0,0,1,1
ct,2400,2100,2000,2500,1,0,0,0,0,0,1,1
t,1400,3550,3400,1550,0,0,0,0,0,0,0,1
t,1400,4000,3900,1500,0,0,0,0,0,0,0,1
t,1400,3350,3300,1450,0,0,0,0,0,0,0,1
ct,1400,3900,3900,1400,0,0,0,0,0,0,0,1
t,1900,2250,2200,1950,0,0,0,0,0,0,1,1
ct,1400,3650,3550,1500,0,0,0,0,0,0,0,1
t,1900,1550,1550,1900,0,0,0,0,0,0,1,1
t,1900,1500,1450,1950,0,0,0,0,0,0,1,1
t,2400,2650,1000,4050,1,1,1,1,0,0,1,1
t,2400,2550,300,4650,1,1,1,1,0,0,1,1
ct,1400,5150,5000,1550,0,0,0,0,0,0,0,1
t,2400,2500,300,4600,1,1,1,1,0,0,1,1
t,2400,4050,3700,2750,1,0,0,0,0,0,1,1
t,2400,2500,300,4600,1,1,1,1,0,0,1,1
t,2900,4650,4500,3050,1,1,1,0,0,0,1,1
t,2900,6450,5100,4250,1,1,1,1,0,0,1,1
ct,1400,4800,4650,1550,0,0,0,0,0,0,0,1
t,2900,5200,4800,3300,1,1,1,1,0,0,1,1
t,3400,3950,2500,4850,1,1,1,1,0,0,1,1
t,3400,4850,3700,4550,1,1,1,1,0,0,1,1
t,3400,3900,2250,5050,1,1,1,1,0,0,1,1
t,3400,4150,2050,5500,1,1,1,1,1,0,1,1
t,3400,3900,2250,5050,1,1,1,1,0,0,1,1
ct,1400,5300,5250,1450,0,0,0,0,0,0,0,1
t,3400,4850,4700,3550,1,1,1,1,0,0,1,1
ct,1400,6550,5200,2750,1,0,0,0,0,0,1,1
t,3400,5150,5100,3450,1,1,1,1,0,0,1,1
t,3400,5050,4650,3800,1,1,1,1,0,0,1,1
t,3400,5050,4800,3650,1,1,1,1,0,0,1,1
ct,1900,2750,2750,1900,0,0,0,0,0,0,1,1
t,1900,7100,4900,4100,1,1,1,1,0,0,1,1
t,1900,6000,4800,3100,1,1,1,0,0,0,1,1
t,1900,6950,4800,4050,1,1,1,1,0,0,1,1
t,1900,7550,4800,4650,1,1,1,1,0,0,1,1
t,1900,6900,4800,4000,1,1,1,1,0,0,1,1
t,1900,800,700,2000,0,0,0,0,0,0,1,1
t,1900,800,650,2050,0,0,0,0,0,0,1,1
ct,1900,800,650,2050,0,0,0,0,0,0,1,1
t,1900,800,650,2050,0,0,0,0,0,0,1,1
ct,1900,800,800,1900,0,0,0,0,0,0,1,1
ct,1900,800,650,2050,0,0,0,0,0,0,1,1
t,1900,800,800,1900,0,0,0,0,0,0,1,1
ct,1900,800,650,2050,0,0,0,0,0,0,1,1
ct,1900,800,650,2050,0,0,0,0,0,0,1,1
t,1900,800,650,2050,0,0,0,0,0,0,1,1
t,2400,2000,0,4400,1,1,1,1,0,0,1,1
t,2400,2050,0,4450,1,1,1,1,0,0,1,1
ct,1400,4250,4200,1450,0,0,0,0,0,0,0,1
t,2400,2050,2000,2450,1,0,0,0,0,0,1,1
ct,1400,4100,4100,1400,0,0,0,0,0,0,0,1
t,2400,2500,700,4200,1,1,1,1,0,0,1,1
ct,1400,3950,3950,1400,0,0,0,0,0,0,0,1
ct,1400,3650,3550,1500,0,0,0,0,0,0,0,1
t,2400,2350,1700,3050,1,1,1,0,0,0,1,1
t,2900,4200,4200,2900,1,1,0,0,0,0,1,1
t,2900,4450,4400,2950,1,1,1,0,0,0,1,1
t,2900,4450,4400,2950,1,1,1,0,0,0,1,1
t,2900,4600,4600,2900,1,1,0,0,0,0,1,1
t,2900,3350,3200,3050,1,1,1,0,0,0,1,1
ct,1900,4000,3850,2050,0,0,0,0,0,0,1,1
t,1900,4900,4400,2400,0,0,0,0,0,0,1,1
t,1900,4550,4400,2050,0,0,0,0,0,0,1,1
t,1900,4950,4800,2050,0,0,0,0,0,0,1,1
ct,1400,4200,4200,1400,0,0,0,0,0,0,0,1
t,1900,4600,4400,2100,0,0,0,0,0,0,1,1
t,2400,2900,700,4600,1,1,1,1,0,0,1,1
ct,1400,5150,5000,1550,0,0,0,0,0,0,0,1
ct,1400,4700,4700,1400,0,0,0,0,0,0,0,1
t,2400,2450,400,4450,1,1,1,1,0,0,1,1
t,2900,4550,4500,2950,1,1,1,0,0,0,1,1
t,2900,4650,4400,3150,1,1,1,1,0,0,1,1
t,2900,5150,5050,3000,1,1,1,0,0,0,1,1
t,3400,3700,1650,5450,1,1,1,1,1,0,1,1
t,3400,3500,2050,4850,1,1,1,1,0,0,1,1
t,3400,3650,2400,4650,1,1,1,1,0,0,1,1
t,3400,3500,800,6100,1,1,1,1,1,1,1,1
t,3400,5650,4800,4250,1,1,1,1,0,0,1,1
t,3400,5950,4900,4450,1,1,1,1,0,0,1,1
t,3400,5550,4800,4150,1,1,1,1,0,0,1,1
ct,1400,10600,5200,6800,1,1,1,1,1,1,1,1
t,3400,5250,4900,3750,1,1,1,1,0,0,1,1
ct,1400,9950,5600,5750,1,1,1,1,1,0,1,1
t,3400,7000,6850,3550,1,1,1,1,0,0,1,1
ct,1900,10700,7950,4650,1,1,1,1,0,0,1,1
ct,1900,12850,5600,9150,1,1,1,1,1,1,1,1
ct,1900,5750,5200,2450,1,0,0,0,0,0,1,1
ct,1900,9950,5600,6250,1,1,1,1,1,1,1,1
t,1400,7400,4800,4000,1,1,1,1,0,0,1,1
t,1400,7100,4900,3600,1,1,1,1,0,0,1,1
t,1400,6400,4800,3000,1,1,1,0,0,0,1,1
t,1400,6500,4900,3000,1,1,1,0,0,0,1,1
t,1900,4700,4600,2000,0,0,0,0,0,0,1,1
t,1900,3700,1900,3700,1,1,1,1,0,0,1,1
t,1900,4000,4000,1900,0,0,0,0,0,0,1,1
ct,1900,800,800,1900,0,0,0,0,0,0,1,1
ct,1900,800,650,2050,0,0,0,0,0,0,1,1
ct,1900,800,650,2050,0,0,0,0,0,0,1,1
ct,1900,800,650,2050,0,0,0,0,0,0,1,1
ct,1900,800,650,2050,0,0,0,0,0,0,1,1
ct,1400,3750,3750,1400,0,0,0,0,0,0,0,1
ct,1400,4500,4350,1550,0,0,0,0,0,0,0,1
t,2400,2650,2650,2400,0,0,0,0,0,0,1,1
ct,1400,4800,4700,1500,0,0,0,0,0,0,0,1
t,2400,2550,2450,2500,1,0,0,0,0,0,1,1
t,2400,3800,3700,2500,1,0,0,0,0,0,1,1
ct,1400,4200,4050,1550,0,0,0,0,0,0,0,1
t,2400,2650,2200,2850,1,1,0,0,0,0,1,1
t,2400,2650,2050,3000,1,1,1,0,0,0,1,1
ct,1400,3900,3750,1550,0,0,0,0,0,0,0,1
ct,1900,1650,1650,1900,0,0,0,0,0,0,1,1
t,1400,3900,3900,1400,0,0,0,0,0,0,0,1
ct,1900,1950,1950,1900,0,0,0,0,0,0,1,1
ct,1900,1950,1950,1900,0,0,0,0,0,0,1,1
ct,2400,1950,500,3850,1,1,1,1,0,0,1,1
ct,2400,2250,200,4450,1,1,1,1,0,0,1,1
ct,2400,1950,0,4350,1,1,1,1,0,0,1,1
ct,2400,1950,0,4350,1,1,1,1,0,0,1,1
ct,1400,6150,4100,3450,1,1,1,1,0,0,1,1
ct,1400,5100,5000,1500,0,0,0,0,0,0,0,1
t,1900,3900,3900,1900,0,0,0,0,0,0,1,1
ct,1400,5450,4850,2000,0,0,0,0,0,0,1,1
t,1900,4550,4400,2050,0,0,0,0,0,0,1,1
t,1900,5000,4800,2100,0,0,0,0,0,0,1,1
ct,1900,3550,3550,1900,0,0,0,0,0,0,1,1
t,1900,800,650,2050,0,0,0,0,0,0,1,1
ct,1900,800,650,2050,0,0,0,0,0,0,1,1
ct,1900,800,650,2050,0,0,0,0,0,0,1,1
t,1900,800,650,2050,0,0,0,0,0,0,1,1
t,1900,800,650,2050,0,0,0,0,0,0,1,1
t,1900,800,800,1900,0,0,0,0,0,0,1,1
ct,1900,800,650,2050,0,0,0,0,0,0,1,1
ct,1900,800,800,1900,0,0,0,0,0,0,1,1
t,1900,800,650,2050,0,0,0,0,0,0,1,1
ct,1900,800,650,2050,0,0,0,0,0,0,1,1
t,1400,4000,3950,1450,0,0,0,0,0,0,0,1
ct,2400,2150,2000,2550,1,0,0,0,0,0,1,1
t,1400,3700,3700,1400,0,0,0,0,0,0,0,1
t,1400,3400,3400,1400,0,0,0,0,0,0,0,1
t,1400,3850,3700,1550,0,0,0,0,0,0,0,1
ct,2400,2450,2400,2450,1,0,0,0,0,0,1,1
ct,2400,2000,1950,2450,1,0,0,0,0,0,1,1
t,1400,3700,3150,1950,0,0,0,0,0,0,1,1
ct,2400,2150,1800,2750,1,0,0,0,0,0,1,1
t,1900,1450,1450,1900,0,0,0,0,0,0,1,1
ct,1400,4250,3900,1750,0,0,0,0,0,0,1,1
ct,1400,3950,1700,3650,1,1,1,1,0,0,1,1
t,1900,1400,1350,1950,0,0,0,0,0,0,1,1
t,1900,1550,1450,2000,0,0,0,0,0,0,1,1
ct,1400,4150,4100,1450,0,0,0,0,0,0,0,1
ct,1400,3850,3700,1550,0,0,0,0,0,0,0,1
t,2400,1900,0,4300,1,1,1,1,0,0,1,1
t,2400,1950,0,4350,1,1,1,1,0,0,1,1
t,2400,1900,0,4300,1,1,1,1,0,0,1,1
t,2400,2300,0,4700,1,1,1,1,0,0,1,1
t,2400,2350,700,4050,1,1,1,1,0,0,1,1
t,2900,4600,4600,2900,1,1,0,0,0,0,1,1
t,2900,4350,4200,3050,1,1,1,0,0,0,1,1
t,2900,4300,4300,2900,1,1,0,0,0,0,1,1
t,2900,4700,4600,3000,1,1,1,0,0,0,1,1
t,2900,4050,4000,2950,1,1,1,0,0,0,1,1
ct,1900,6400,5200,3100,1,1,1,0,0,0,1,1
t,1400,3900,3900,1400,0,0,0,0,0,0,0,1
t,1400,3550,3500,1450,0,0,0,0,0,0,0,1
t,1900,4500,4400,2000,0,0,0,0,0,0,1,1
t,1900,2250,2200,1950,0,0,0,0,0,0,1,1
t,1900,4000,4000,1900,0,0,0,0,0,0,1,1
t,1900,1900,1000,2800,1,1,0,0,0,0,1,1
ct,1900,6150,5250,2800,1,1,0,0,0,0,1,1
t,1400,3350,3300,1450,0,0,0,0,0,0,0,1
ct,1900,5550,5250,2200,0,0,0,0,0,0,1,1
t,1900,4650,4600,1950,0,0,0,0,0,0,1,1
t,1900,3200,3100,2000,0,0,0,0,0,0,1,1
t,1900,1450,1450,1900,0,0,0,0,0,0,1,1
t,1900,2500,2400,2000,0,0,0,0,0,0,1,1
ct,1900,2800,0,4700,1,1,1,1,0,0,1,1
ct,1900,2000,650,3250,1,1,1,1,0,0,1,1
ct,1900,3500,0,5400,1,1,1,1,1,0,1,1
t,1400,3950,3600,1750,0,0,0,0,0,0,1,1
ct,1900,2600,200,4300,1,1,1,1,0,0,1,1
ct,2400,2000,0,4400,1,1,1,1,0,0,1,1
ct,2400,2100,0,4500,1,1,1,1,0,0,1,1
ct,2400,2000,0,4400,1,1,1,1,0,0,1,1
ct,2400,2350,1300,3450,1,1,1,1,0,0,1,1
ct,2400,2000,0,4400,1,1,1,1,0,0,1,1
ct,2900,4450,4350,3000,1,1,1,0,0,0,1,1
ct,2900,4550,4550,2900,1,1,0,0,0,0,1,1
t,1400,8250,4900,4750,1,1,1,1,0,0,1,1
ct,2900,5350,5200,3050,1,1,1,0,0,0,1,1
ct,2900,3500,3400,3000,1,1,1,0,0,0,1,1
ct,2900,4450,4350,3000,1,1,1,0,0,0,1,1
t,1900,800,650,2050,0,0,0,0,0,0,1,1
t,1900,800,650,2050,0,0,0,0,0,0,1,1
t,1900,800,650,2050,0,0,0,0,0,0,1,1
t,1900,800,800,1900,0,0,0,0,0,0,1,1
t,1900,800,650,2050,0,0,0,0,0,0,1,1
ct,1400,4550,4500,1450,0,0,0,0,0,0,0,1
t,2400,2050,2000,2450,1,0,0,0,0,0,1,1
t,2400,2050,1750,2700,1,0,0,0,0,0,1,1
ct,1400,4250,4200,1450,0,0,0,0,0,0,0,1
t,2400,2050,2000,2450,1,0,0,0,0,0,1,1
t,2400,1900,1800,2500,1,0,0,0,0,0,1,1
ct,1400,3650,3550,1500,0,0,0,0,0,0,0,1
t,2400,2650,1100,3950,1,1,1,1,0,0,1,1
t,2900,2450,300,5050,1,1,1,1,0,0,1,1
t,2900,2700,300,5300,1,1,1,1,0,0,1,1
t,2900,2750,950,4700,1,1,1,1,0,0,1,1
t,2900,2500,900,4500,1,1,1,1,0,0,1,1
t,2900,3750,300,6350,1,1,1,1,1,1,1,1
t,3400,5050,4900,3550,1,1,1,1,0,0,1,1
t,3400,5300,4900,3800,1,1,1,1,0,0,1,1
t,3400,4700,4600,3500,1,1,1,1,0,0,1,1
t,3400,4500,4400,3500,1,1,1,1,0,0,1,1
t,3400,6350,6250,3500,1,1,1,1,0,0,1,1
t,3400,3550,3500,3450,1,1,1,1,0,0,1,1
t,3400,3800,3800,3400,1,1,1,1,0,0,1,1
ct,1400,9100,5200,5300,1,1,1,1,0,0,1,1
t,3400,3500,3500,3400,1,1,1,1,0,0,1,1
t,3400,3800,3650,3550,1,1,1,1,0,0,1,1
t,3400,4350,4300,3450,1,1,1,1,0,0,1,1
t,3400,4300,4300,3400,1,1,1,1,0,0,1,1
t,3400,4000,4000,3400,1,1,1,1,0,0,1,1
t,3400,4150,4000,3550,1,1,1,1,0,0,1,1
ct,1400,11150,5600,6950,1,1,1,1,1,1,1,1
t,3400,4400,4400,3400,1,1,1,1,0,0,1,1
ct,1900,9800,7950,3750,1,1,1,1,0,0,1,1
t,1400,3550,3400,1550,0,0,0,0,0,0,0,1
ct,1900,11450,5600,7750,1,1,1,1,1,1,1,1
ct,1900,6900,5200,3600,1,1,1,1,0,0,1,1
ct,1900,6550,5600,2850,1,1,0,0,0,0,1,1
t,1900,800,700,2000,0,0,0,0,0,0,1,1
t,1900,800,800,1900,0,0,0,0,0,0,1,1
t,1900,800,650,2050,0,0,0,0,0,0,1,1
ct,1900,800,650,2050,0,0,0,0,0,0,1,1
t,1900,800,650,2050,0,0,0,0,0,0,1,1
ct,1900,800,700,2000,0,0,0,0,0,0,1,1
t,1900,800,650,2050,0,0,0,0,0,0,1,1
ct,1900,800,650,2050,0,0,0,0,0,0,1,1
ct,1900,800,650,2050,0,0,0,0,0,0,1,1
ct,1900,800,800,1900,0,0,0,0,0,0,1,1
t,1400,3600,3500,1500,0,0,0,0,0,0,0,1
t,1400,3500,3150,1750,0,0,0,0,0,0,1,1
t,1400,3950,3900,1450,0,0,0,0,0,0,0,1
ct,2400,2100,1650,2850,1,1,0,0,0,0,1,1
t,1400,3950,3700,1650,0,0,0,0,0,0,0,1
ct,2400,2050,1800,2650,1,0,0,0,0,0,1,1
t,1400,4550,4400,1550,0,0,0,0,0,0,0,1
ct,2400,2100,2000,2500,1,0,0,0,0,0,1,1
ct,2400,2100,2100,2400,0,0,0,0,0,0,1,1
ct,2400,2250,2200,2450,1,0,0,0,0,0,1,1
t,1900,2350,2200,2050,0,0,0,0,0,0,1,1
t,1900,1450,1350,2000,0,0,0,0,0,0,1,1
ct,1400,4550,4500,1450,0,0,0,0,0,0,0,1
t,1900,1750,1700,1950,0,0,0,0,0,0,1,1
ct,1400,3750,3750,1400,0,0,0,0,0,0,0,1
t,1900,1550,1550,1900,0,0,0,0,0,0,1,1
ct,1400,4200,4200,1400,0,0,0,0,0,0,0,1
t,2400,1950,0,4350,1,1,1,1,0,0,1,1
t,2400,2050,0,4450,1,1,1,1,0,0,1,1
t,2400,2000,0,4400,1,1,1,1,0,0,1,1
t,2400,1950,0,4350,1,1,1,1,0,0,1,1
t,2400,2000,0,4400,1,1,1,1,0,0,1,1
t,2900,4350,4300,2950,1,1,1,0,0,0,1,1
t,2900,4450,4400,2950,1,1,1,0,0,0,1,1
t,2900,4400,4400,2900,1,1,0,0,0,0,1,1
t,2900,4350,4300,2950,1,1,1,0,0,0,1,1
t,2900,4400,4400,2900,1,1,0,0,0,0,1,1
t,3400,2950,1650,4700,1,1,1,1,0,0,1,1
t,3400,2950,1450,4900,1,1,1,1,0,0,1,1
t,3400,2900,400,5900,1,1,1,1,1,1,1,1
t,3400,2950,1450,4900,1,1,1,1,0,0,1,1
t,3400,5600,4900,4100,1,1,1,1,0,0,1,1
t,3400,5450,4800,4050,1,1,1,1,0,0,1,1
t,3400,7100,6850,3650,1,1,1,1,0,0,1,1
t,3400,5500,4900,4000,1,1,1,1,0,0,1,1
ct,1400,9100,5200,5300,1,1,1,1,0,0,1,1
t,3400,4300,4200,3500,1,1,1,1,0,0,1,1
ct,1400,10900,5800,6500,1,1,1,1,1,1,1,1
t,3400,4650,2400,5650,1,1,1,1,1,0,1,1
t,3400,3650,700,6350,1,1,1,1,1,1,1,1
ct,1400,15600,5600,11400,1,1,1,1,1,1,1,1
t,3400,3800,1800,5400,1,1,1,1,1,0,1,1
t,3400,3800,650,6550,1,1,1,1,1,1,1,1
ct,1400,15400,5600,11200,1,1,1,1,1,1,1,1
t,3400,4900,4900,3400,1,1,1,1,0,0,1,1
t,3400,5650,4800,4250,1,1,1,1,0,0,1,1
t,3400,6350,6300,3450,1,1,1,1,0,0,1,1
t,3400,5400,4900,3900,1,1,1,1,0,0,1,1
t,3400,5200,5100,3500,1,1,1,1,0,0,1,1
ct,1900,8800,5600,5100,1,1,1,1,0,0,1,1
ct,1900,14900,5600,11200,1,1,1,1,1,1,1,1
ct,1900,10000,5600,6300,1,1,1,1,1,1,1,1
ct,1900,12550,5600,8850,1,1,1,1,1,1,1,1
t,1900,4200,4200,1900,0,0,0,0,0,0,1,1
t,1900,4650,4600,1950,0,0,0,0,0,0,1,1
ct,1400,13400,5600,9200,1,1,1,1,1,1,1,1
t,1400,3300,3300,1400,0,0,0,0,0,0,0,1
t,1400,3500,3500,1400,0,0,0,0,0,0,0,1
ct,1900,10900,7950,4850,1,1,1,1,0,0,1,1
t,1400,3950,3800,1550,0,0,0,0,0,0,0,1
ct,1900,9400,6100,5200,1,1,1,1,0,0,1,1
ct,1900,800,650,2050,0,0,0,0,0,0,1,1
ct,1900,800,650,2050,0,0,0,0,0,0,1,1
ct,1900,800,650,2050,0,0,0,0,0,0,1,1
ct,1900,800,650,2050,0,0,0,0,0,0,1,1
ct,1900,800,650,2050,0,0,0,0,0,0,1,1
ct,1400,3950,3600,1750,0,0,0,0,0,0,1,1
ct,1400,4250,4250,1400,0,0,0,0,0,0,0,1
ct,1400,4250,2550,3100,1,1,1,0,0,0,1,1
t,2400,2050,0,4450,1,1,1,1,0,0,1,1
ct,1400,3650,3550,1500,0,0,0,0,0,0,0,1
t,2400,1900,0,4300,1,1,1,1,0,0,1,1
ct,1400,3650,3500,1550,0,0,0,0,0,0,0,1
t,2400,2000,0,4400,1,1,1,1,0,0,1,1
t,2400,2350,400,4350,1,1,1,1,0,0,1,1
t,2400,2000,0,4400,1,1,1,1,0,0,1,1
t,2900,4450,4400,2950,1,1,1,0,0,0,1,1
t,2900,4300,4200,3000,1,1,1,0,0,0,1,1
t,2900,4400,4400,2900,1,1,0,0,0,0,1,1
t,2900,4350,4000,3250,1,1,1,1,0,0,1,1
t,2900,4400,4400,2900,1,1,0,0,0,0,1,1
ct,1400,6200,5600,2000,0,0,0,0,0,0,1,1
t,3400,2900,2600,3700,1,1,1,1,0,0,1,1
ct,1900,6650,5600,2950,1,1,1,0,0,0,1,1
ct,1900,6400,5600,2700,1,0,0,0,0,0,1,1
t,1400,4600,4600,1400,0,0,0,0,0,0,0,1
t,1400,3900,3900,1400,0,0,0,0,0,0,0,1
ct,1900,6050,5200,2750,1,0,0,0,0,0,1,1
t,1900,5100,5100,1900,0,0,0,0,0,0,1,1
ct,1400,7700,5200,3900,1,1,1,1,0,0,1,1
ct,1400,6550,5600,2350,0,0,0,0,0,0,1,1
t,2400,2900,1850,3450,1,1,1,1,0,0,1,1
t,2400,3200,3200,2400,0,0,0,0,0,0,1,1
t,2400,3350,2200,3550,1,1,1,1,0,0,1,1
ct,1400,6250,5200,2450,1,0,0,0,0,0,1,1
t,2900,5450,4800,3550,1,1,1,1,0,0,1,1
t,2900,5350,5100,3150,1,1,1,1,0,0,1,1
t,2900,4300,4200,3000,1,1,1,0,0,0,1,1
t,2900,5150,4800,3250,1,1,1,1,0,0,1,1
t,2900,5300,4800,3400,1,1,1,1,0,0,1,1
t,1400,4150,2100,3450,1,1,1,1,0,0,1,1
ct,1900,5050,5000,1950,0,0,0,0,0,0,1,1
ct,1900,4600,4550,1950,0,0,0,0,0,0,1,1
t,1900,800,650,2050,0,0,0,0,0,0,1,1
ct,1900,800,650,2050,0,0,0,0,0,0,1,1
ct,1900,800,800,1900,0,0,0,0,0,0,1,1
ct,1900,800,800,1900,0,0,0,0,0,0,1,1
ct,1900,800,650,2050,0,0,0,0,0,0,1,1
t,1900,800,650,2050,0,0,0,0,0,0,1,1
t,1900,800,650,2050,0,0,0,0,0,0,1,1
t,1900,800,650,2050,0,0,0,0,0,0,1,1
t,1900,800,800,1900,0,0,0,0,0,0,1,1
ct,1900,800,650,2050,0,0,0,0,0,0,1,1
t,2400,3550,3550,2400,0,0,0,0,0,0,1,1
ct,1400,3750,3750,1400,0,0,0,0,0,0,0,1
ct,1400,4050,3700,1750,0,0,0,0,0,0,1,1
t,2400,2650,2650,2400,0,0,0,0,0,0,1,1
t,2400,2650,2650,2400,0,0,0,0,0,0,1,1
t,2400,3250,3100,2550,1,0,0,0,0,0,1,1
t,2400,2500,2400,2500,1,0,0,0,0,0,1,1
ct,1400,4500,3750,2150,0,0,0,0,0,0,1,1
t,2900,2400,700,4600,1,1,1,1,0,0,1,1
t,2900,2400,700,4600,1,1,1,1,0,0,1,1
t,2900,2400,700,4600,1,1,1,1,0,0,1,1
t,2900,2550,700,4750,1,1,1,1,0,0,1,1
t,2900,2500,0,5400,1,1,1,1,1,0,1,1
t,3400,4900,4900,3400,1,1,1,1,0,0,1,1
t,3400,4600,4600,3400,1,1,1,1,0,0,1,1
t,3400,4600,4600,3400,1,1,1,1,0,0,1,1
t,3400,4750,4600,3550,1,1,1,1,0,0,1,1
t,3400,5200,5100,3500,1,1,1,1,0,0,1,1
t,3400,4000,2950,4450,1,1,1,1,0,0,1,1
t,3400,4000,2750,4650,1,1,1,1,0,0,1,1
t,3400,4150,2500,5050,1,1,1,1,0,0,1,1
t,3400,4700,2400,5700,1,1,1,1,1,0,1,1
t,1400,5650,4800,2250,0,0,0,0,0,0,1,1
ct,1900,5800,5800,1900,0,0,0,0,0,0,1,1
ct,1900,9050,5600,5350,1,1,1,1,0,0,1,1
ct,1900,6050,5600,2350,0,0,0,0,0,0,1,1
t,1400,4950,4900,1450,0,0,0,0,0,0,0,1
ct,1900,6400,4850,3450,1,1,1,1,0,0,1,1
t,1900,2950,2700,2150,0,0,0,0,0,0,1,1
t,2400,3550,3500,2450,1,0,0,0,0,0,1,1
t,2400,4950,4900,2450,1,0,0,0,0,0,1,1
t,2400,3550,3250,2700,1,0,0,0,0,0,1,1
ct,1400,7600,5200,3800,1,1,1,1,0,0,1,1
t,1400,3600,3500,1500,0,0,0,0,0,0,0,1
t,1400,3800,3700,1500,0,0,0,0,0,0,0,1
t,1400,3350,2800,1950,0,0,0,0,0,0,1,1
ct,2400,2450,500,4350,1,1,1,1,0,0,1,1
ct,2400,2750,300,4850,1,1,1,1,0,0,1,1
ct,2400,3950,2400,3950,1,1,1,1,0,0,1,1
ct,2400,3900,1750,4550,1,1,1,1,0,0,1,1
t,1900,3800,2650,3050,1,1,1,0,0,0,1,1
ct,1400,6250,5600,2050,0,0,0,0,0,0,1,1
t,1900,3350,1850,3400,1,1,1,1,0,0,1,1
t,1900,5400,4600,2700,1,0,0,0,0,0,1,1
t,1900,4350,1400,4850,1,1,1,1,0,0,1,1
t,2400,4050,4000,2450,1,0,0,0,0,0,1,1
t,2400,4000,4000,2400,0,0,0,0,0,0,1,1
t,2400,4800,4700,2500,1,0,0,0,0,0,1,1
t,2400,3700,3700,2400,0,0,0,0,0,0,1,1
t,2400,5850,5700,2550,1,0,0,0,0,0,1,1
ct,1900,800,800,1900,0,0,0,0,0,0,1,1
ct,1900,800,650,2050,0,0,0,0,0,0,1,1
ct,1900,800,650,2050,0,0,0,0,0,0,1,1
ct,1900,800,650,2050,0,0,0,0,0,0,1,1
ct,1900,800,650,2050,0,0,0,0,0,0,1,1
ct,2400,2400,2400,2400,0,0,0,0,0,0,1,1
t,1400,3400,3400,1400,0,0,0,0,0,0,0,1
t,1400,3950,3150,2200,0,0,0,0,0,0,1,1
t,1400,4150,4000,1550,0,0,0,0,0,0,0,1
t,1400,3400,3250,1550,0,0,0,0,0,0,0,1
ct,2400,2250,2200,2450,1,0,0,0,0,0,1,1
ct,2400,3150,2550,3000,1,1,1,0,0,0,1,1
ct,2400,2250,2200,2450,1,0,0,0,0,0,1,1
t,1400,3400,3400,1400,0,0,0,0,0,0,0,1
ct,2900,3800,3750,2950,1,1,1,0,0,0,1,1
t,1400,5550,5100,1850,0,0,0,0,0,0,1,1
t,1400,4000,4000,1400,0,0,0,0,0,0,0,1
ct,2900,2650,2550,3000,1,1,1,0,0,0,1,1
ct,2900,3300,1150,5050,1,1,1,1,0,0,1,1
ct,2900,2650,2550,3000,1,1,1,0,0,0,1,1
t,1400,3250,3100,1550,0,0,0,0,0,0,0,1
ct,3400,4550,4400,3550,1,1,1,1,0,0,1,1
t,1900,6550,4900,3550,1,1,1,1,0,0,1,1
t,1900,4850,4800,1950,0,0,0,0,0,0,1,1
t,1900,6000,5100,2800,1,1,0,0,0,0,1,1
t,1900,4600,4600,1900,0,0,0,0,0,0,1,1
ct,1400,4650,4500,1550,0,0,0,0,0,0,0,1
t,1900,4450,4400,1950,0,0,0,0,0,0,1,1
t,1900,800,650,2050,0,0,0,0,0,0,1,1
ct,1900,800,650,2050,0,0,0,0,0,0,1,1
t,1900,800,650,2050,0,0,0,0,0,0,1,1
t,1900,800,800,1900,0,0,0,0,0,0,1,1
t,1900,800,650,2050,0,0,0,0,0,0,1,1
t,1900,800,700,2000,0,0,0,0,0,0,1,1
ct,1900,800,800,1900,0,0,0,0,0,0,1,1
ct,1900,800,650,2050,0,0,0,0,0,0,1,1
ct,1900,800,650,2050,0,0,0,0,0,0,1,1
ct,1900,800,650,2050,0,0,0,0,0,0,1,1
t,2400,2050,2000,2450,1,0,0,0,0,0,1,1
ct,1400,4250,4200,1450,0,0,0,0,0,0,0,1
t,2400,2050,2000,2450,1,0,0,0,0,0,1,1
t,2400,2050,1850,2600,1,0,0,0,0,0,1,1
t,2400,2000,2000,2400,0,0,0,0,0,0,1,1
ct,1400,4100,3950,1550,0,0,0,0,0,0,0,1
ct,1400,3650,3550,1500,0,0,0,0,0,0,0,1
ct,1400,3950,3950,1400,0,0,0,0,0,0,0,1
t,1400,4500,3900,2000,0,0,0,0,0,0,1,1
ct,1900,1650,1650,1900,0,0,0,0,0,0,1,1
t,1400,3300,3300,1400,0,0,0,0,0,0,0,1
t,1400,3850,3250,2000,0,0,0,0,0,0,1,1
t,1400,3450,3400,1450,0,0,0,0,0,0,0,1
ct,1900,2350,2150,2100,0,0,0,0,0,0,1,1
ct,1900,2000,2000,1900,0,0,0,0,0,0,1,1
ct,1900,1600,1450,2050,0,0,0,0,0,0,1,1
t,1400,3850,3250,2000,0,0,0,0,0,0,1,1
ct,2400,2000,0,4400,1,1,1,1,0,0,1,1
ct,2400,2200,0,4600,1,1,1,1,0,0,1,1
ct,2400,2000,0,4400,1,1,1,1,0,0,1,1
ct,2400,2900,0,5300,1,1,1,1,0,0,1,1
ct,2400,2150,0,4550,1,1,1,1,0,0,1,1
t,1900,3200,3100,2000,0,0,0,0,0,0,1,1
t,1900,4250,4200,1950,0,0,0,0,0,0,1,1
t,1900,2850,2800,1950,0,0,0,0,0,0,1,1
t,1900,4900,4900,1900,0,0,0,0,0,0,1,1
ct,1400,5700,5600,1500,0,0,0,0,0,0,0,1
ct,1400,5800,5200,2000,0,0,0,0,0,0,1,1
ct,1400,5950,5600,1750,0,0,0,0,0,0,1,1
ct,1900,1850,1450,2300,0,0,0,0,0,0,1,1
t,1900,1600,1600,1900,0,0,0,0,0,0,1,1
t,1900,4350,4300,1950,0,0,0,0,0,0,1,1
t,1900,3000,3000,1900,0,0,0,0,0,0,1,1
t,1400,4100,3900,1600,0,0,0,0,0,0,0,1
ct,1900,3250,3200,1950,0,0,0,0,0,0,1,1
ct,1900,4100,3900,2100,0,0,0,0,0,0,1,1
ct,1900,4000,3850,2050,0,0,0,0,0,0,1,1
t,1900,3950,3900,1950,0,0,0,0,0,0,1,1
t,1900,5000,4900,2000,0,0,0,0,0,0,1,1
ct,1400,3750,3550,1600,0,0,0,0,0,0,0,1
ct,1400,3900,3900,1400,0,0,0,0,0,0,0,1
ct,1400,4050,3900,1550,0,0,0,0,0,0,0,1
ct,1400,4150,3250,2300,0,0,0,0,0,0,1,1
t,1400,3600,1500,3500,1,1,1,1,0,0,1,1
ct,1900,2300,2150,2050,0,0,0,0,0,0,1,1
t,1400,3850,1800,3450,1,1,1,1,0,0,1,1
t,1400,3550,1350,3600,1,1,1,1,0,0,1,1
t,1400,4400,1650,4150,1,1,1,1,0,0,1,1
t,1400,3900,2000,3300,1,1,1,1,0,0,1,1
ct,1900,2450,2400,1950,0,0,0,0,0,0,1,1
t,1900,4100,4000,2000,0,0,0,0,0,0,1,1
t,1900,4050,4000,1950,0,0,0,0,0,0,1,1
t,1900,5100,5100,1900,0,0,0,0,0,0,1,1
t,1900,4750,4600,2050,0,0,0,0,0,0,1,1
t,1900,4200,4200,1900,0,0,0,0,0,0,1,1
ct,1400,4400,3950,1850,0,0,0,0,0,0,1,1
t,2400,2000,2000,2400,0,0,0,0,0,0,1,1
t,2400,2050,2000,2450,1,0,0,0,0,0,1,1
t,2400,1900,1800,2500,1,0,0,0,0,0,1,1
ct,1900,800,800,1900,0,0,0,0,0,0,1,1
ct,1900,800,650,2050,0,0,0,0,0,0,1,1
ct,1900,800,650,2050,0,0,0,0,0,0,1,1
ct,1900,800,650,2050,0,0,0,0,0,0,1,1
ct,1900,800,650,2050,0,0,0,0,0,0,1,1
ct,2400,2300,2200,2500,1,0,0,0,0,0,1,1
t,1400,3950,3950,1400,0,0,0,0,0,0,0,1
ct,2400,2150,2050,2500,1,0,0,0,0,0,1,1
ct,2400,2150,1800,2750,1,0,0,0,0,0,1,1
ct,2400,2450,1900,2950,1,1,1,0,0,0,1,1
ct,2400,2150,2100,2450,1,0,0,0,0,0,1,1
t,1400,3500,3250,1650,0,0,0,0,0,0,0,1
t,1400,4250,4000,1650,0,0,0,0,0,0,0,1
t,1400,4250,3650,2000,0,0,0,0,0,0,1,1
t,1400,3600,3050,1950,0,0,0,0,0,0,1,1
ct,1400,5050,5000,1450,0,0,0,0,0,0,0,1
t,1900,2600,2600,1900,0,0,0,0,0,0,1,1
ct,1400,4400,4400,1400,0,0,0,0,0,0,0,1
t,1900,2250,2250,1900,0,0,0,0,0,0,1,1
t,1900,2250,2200,1950,0,0,0,0,0,0,1,1
t,1900,3200,3100,2000,0,0,0,0,0,0,1,1
t,2400,2200,0,4600,1,1,1,1,0,0,1,1
ct,1400,7200,5600,3000,1,1,1,0,0,0,1,1
t,2400,1900,0,4300,1,1,1,1,0,0,1,1
t,2400,1950,0,4350,1,1,1,1,0,0,1,1
t,2400,2000,0,4400,1,1,1,1,0,0,1,1
t,2400,2350,200,4550,1,1,1,1,0,0,1,1
t,2900,4600,4600,2900,1,1,0,0,0,0,1,1
t,2900,4300,4000,3200,1,1,1,1,0,0,1,1
t,2900,4350,4200,3050,1,1,1,0,0,0,1,1
t,2900,4400,4400,2900,1,1,0,0,0,0,1,1
t,2900,4550,4400,3050,1,1,1,0,0,0,1,1
ct,1900,6700,5600,3000,1,1,1,0,0,0,1,1
t,1400,4700,4700,1400,0,0,0,0,0,0,0,1
ct,1900,7500,4850,4550,1,1,1,1,0,0,1,1
ct,1900,7050,5200,3750,1,1,1,1,0,0,1,1
ct,1900,6100,5600,2400,0,0,0,0,0,0,1,1
t,1400,3650,3500,1550,0,0,0,0,0,0,0,1
t,1400,3650,3500,1550,0,0,0,0,0,0,0,1
t,1900,2500,400,4000,1,1,1,1,0,0,1,1
ct,1400,6100,5200,2300,0,0,0,0,0,0,1,1
t,1900,2000,0,3900,1,1,1,1,0,0,1,1
t,1900,2050,0,3950,1,1,1,1,0,0,1,1
t,1900,2050,0,3950,1,1,1,1,0,0,1,1
t,2400,4500,4400,2500,1,0,0,0,0,0,1,1
t,2400,4400,4400,2400,0,0,0,0,0,0,1,1
t,2400,4450,4400,2450,1,0,0,0,0,0,1,1
t,2400,2450,2400,2450,1,0,0,0,0,0,1,1
t,2400,4450,3900,2950,1,1,1,0,0,0,1,1
ct,1400,11200,5450,7150,1,1,1,1,1,1,1,1
t,2900,3600,2500,4000,1,1,1,1,0,0,1,1
ct,1400,7450,5800,3050,1,1,1,0,0,0,1,1
t,2900,3500,2150,4250,1,1,1,1,0,0,1,1
t,2900,3550,2200,4250,1,1,1,1,0,0,1,1
t,2900,4750,2050,5600,1,1,1,1,1,0,1,1
t,2900,4050,2600,4350,1,1,1,1,0,0,1,1
ct,1400,9800,5200,6000,1,1,1,1,1,1,1,1
t,3400,5400,4900,3900,1,1,1,1,0,0,1,1
ct,1400,8200,5600,4000,1,1,1,1,0,0,1,1
t,3400,5350,4900,3850,1,1,1,1,0,0,1,1
t,3400,5950,4800,4550,1,1,1,1,0,0,1,1
t,3400,6700,6650,3450,1,1,1,1,0,0,1,1
t,1900,800,700,2000,0,0,0,0,0,0,1,1
ct,1900,800,800,1900,0,0,0,0,0,0,1,1
t,1900,800,650,2050,0,0,0,0,0,0,1,1
ct,1900,800,650,2050,0,0,0,0,0,0,1,1
t,1900,800,650,2050,0,0,0,0,0,0,1,1
ct,1900,800,650,2050,0,0,0,0,0,0,1,1
t,1900,800,650,2050,0,0,0,0,0,0,1,1
ct,1900,800,650,2050,0,0,0,0,0,0,1,1
ct,1900,800,650,2050,0,0,0,0,0,0,1,1
t,1900,800,700,2000,0,0,0,0,0,0,1,1
t,1400,3950,3250,2100,0,0,0,0,0,0,1,1
ct,2400,2000,2000,2400,0,0,0,0,0,0,1,1
t,1400,3700,3600,1500,0,0,0,0,0,0,0,1
ct,2400,2450,2350,2500,1,0,0,0,0,0,1,1
t,1400,4000,3550,1850,0,0,0,0,0,0,1,1
ct,2400,2150,2150,2400,0,0,0,0,0,0,1,1
t,1400,3700,3700,1400,0,0,0,0,0,0,0,1
ct,2400,2450,2350,2500,1,0,0,0,0,0,1,1
ct,2400,2150,2000,2550,1,0,0,0,0,0,1,1
t,1400,3350,2950,1800,0,0,0,0,0,0,1,1
t,1900,1850,1800,1950,0,0,0,0,0,0,1,1
t,1900,1400,1350,1950,0,0,0,0,0,0,1,1
ct,1400,4200,4200,1400,0,0,0,0,0,0,0,1
ct,1400,3650,3200,1850,0,0,0,0,0,0,1,1
t,1900,1800,1800,1900,0,0,0,0,0,0,1,1
t,1400,3350,3250,1500,0,0,0,0,0,0,0,1
ct,1900,2600,2500,2000,0,0,0,0,0,0,1,1
ct,1900,2350,1750,2500,1,0,0,0,0,0,1,1
t,1400,3900,3900,1400,0,0,0,0,0,0,0,1
t,1400,4500,4400,1500,0,0,0,0,0,0,0,1
ct,2400,2150,0,4550,1,1,1,1,0,0,1,1
ct,2400,2300,200,4500,1,1,1,1,0,0,1,1
ct,2400,2700,700,4400,1,1,1,1,0,0,1,1
ct,2400,2650,600,4450,1,1,1,1,0,0,1,1
ct,2900,4550,4550,2900,1,1,0,0,0,0,1,1
ct,2900,4500,4350,3050,1,1,1,0,0,0,1,1
ct,2900,4850,4850,2900,1,1,0,0,0,0,1,1
ct,2900,4400,4350,2950,1,1,1,0,0,0,1,1
ct,2900,4450,4350,3000,1,1,1,0,0,0,1,1
t,1900,4450,4300,2050,0,0,0,0,0,0,1,1
t,1900,6350,4900,3350,1,1,1,1,0,0,1,1
t,1900,4150,4000,2050,0,0,0,0,0,0,1,1
t,1400,3700,3250,1850,0,0,0,0,0,0,1,1
ct,1900,3500,1450,3950,1,1,1,1,0,0,1,1
t,1400,4700,4600,1500,0,0,0,0,0,0,0,1
ct,1900,2200,300,3800,1,1,1,1,0,0,1,1
t,1400,4250,4200,1450,0,0,0,0,0,0,0,1
ct,1900,2150,0,4050,1,1,1,1,0,0,1,1
ct,2400,4850,4700,2550,1,0,0,0,0,0,1,1
ct,2400,6200,6200,2400,0,0,0,0,0,0,1,1
ct,2400,4400,4350,2450,1,0,0,0,0,0,1,1
t,1400,5400,4800,2000,0,0,0,0,0,0,1,1
t,1400,5950,5100,2250,0,0,0,0,0,0,1,1
t,1400,7250,6900,1750,0,0,0,0,0,0,1,1
ct,2900,3750,3750,2900,1,1,0,0,0,0,1,1
t,1400,4100,4000,1500,0,0,0,0,0,0,0,1
ct,3400,3500,1400,5500,1,1,1,1,1,0,1,1
ct,3400,4300,3550,4150,1,1,1,1,0,0,1,1
ct,3400,3550,1800,5150,1,1,1,1,0,0,1,1
ct,3400,3450,1750,5100,1,1,1,1,0,0,1,1
t,1400,6150,5300,2250,0,0,0,0,0,0,1,1
ct,3400,5600,5600,3400,1,1,1,1,0,0,1,1
ct,3400,4550,4550,3400,1,1,1,1,0,0,1,1
ct,3400,5250,5200,3450,1,1,1,1,0,0,1,1
ct,3400,5500,5450,3450,1,1,1,1,0,0,1,1
t,1400,5500,4800,2100,0,0,0,0,0,0,1,1
t,1900,800,650,2050,0,0,0,0,0,0,1,1
t,1900,800,700,2000,0,0,0,0,0,0,1,1
t,1900,800,800,1900,0,0,0,0,0,0,1,1
t,1900,800,650,2050,0,0,0,0,0,0,1,1
t,1900,800,650,2050,0,0,0,0,0,0,1,1
ct,2400,2100,1450,3050,1,1,1,0,0,0,1,1
t,1400,3650,3500,1550,0,0,0,0,0,0,0,1
ct,2400,2100,2100,2400,0,0,0,0,0,0,1,1
t,1400,3900,3500,1800,0,0,0,0,0,0,1,1
ct,2400,2400,1950,2850,1,1,0,0,0,0,1,1
t,1400,3800,3700,1500,0,0,0,0,0,0,0,1
t,1400,3950,2750,2600,1,0,0,0,0,0,1,1
ct,2400,1950,1800,2550,1,0,0,0,0,0,1,1
ct,2900,3150,600,5450,1,1,1,1,1,0,1,1
ct,2900,2500,600,4800,1,1,1,1,0,0,1,1
ct,2900,3550,700,5750,1,1,1,1,1,0,1,1
ct,2900,2550,300,5150,1,1,1,1,0,0,1,1
t,1400,5050,4900,1550,0,0,0,0,0,0,0,1
t,1400,4550,3600,2350,0,0,0,0,0,0,1,1
ct,3400,5600,5600,3400,1,1,1,1,0,0,1,1
ct,3400,5250,5200,3450,1,1,1,1,0,0,1,1
ct,3400,6200,6050,3550,1,1,1,1,0,0,1,1
ct,3400,5900,5600,3700,1,1,1,1,0,0,1,1
ct,3400,4550,4550,3400,1,1,1,1,0,0,1,1
ct,3400,3550,1750,5200,1,1,1,1,0,0,1,1
t,1400,7200,6850,1750,0,0,0,0,0,0,1,1
ct,3400,3850,1800,5450,1,1,1,1,1,0,1,1
t,1400,5700,4800,2300,0,0,0,0,0,0,1,1
t,1400,5600,4900,2100,0,0,0,0,0,0,1,1
ct,3400,3550,1750,5200,1,1,1,1,0,0,1,1
ct,3400,5400,5400,3400,1,1,1,1,0,0,1,1
t,1400,6800,4800,3400,1,1,1,1,0,0,1,1
ct,3400,6000,5200,4200,1,1,1,1,0,0,1,1
ct,3400,5650,5600,3450,1,1,1,1,0,0,1,1
ct,3400,5700,5600,3500,1,1,1,1,0,0,1,1
t,1900,4000,4000,1900,0,0,0,0,0,0,1,1
t,1900,3600,3500,2000,0,0,0,0,0,0,1,1
t,1900,2750,2600,2050,0,0,0,0,0,0,1,1
t,1900,3550,2400,3050,1,1,1,0,0,0,1,1
t,1900,3850,2800,2950,1,1,1,0,0,0,1,1
t,2400,1900,1900,2400,0,0,0,0,0,0,1,1
ct,1400,8050,5200,4250,1,1,1,1,0,0,1,1
t,2400,2000,2000,2400,0,0,0,0,0,0,1,1
t,2400,2250,2200,2450,1,0,0,0,0,0,1,1
t,2400,2050,2000,2450,1,0,0,0,0,0,1,1
ct,1900,6400,5200,3100,1,1,1,0,0,0,1,1
ct,1900,5300,4700,2500,1,0,0,0,0,0,1,1
t,1400,3850,3700,1550,0,0,0,0,0,0,0,1
t,1400,3850,3800,1450,0,0,0,0,0,0,0,1
ct,1900,6700,5250,3350,1,1,1,1,0,0,1,1
ct,1900,800,800,1900,0,0,0,0,0,0,1,1
t,1900,800,700,2000,0,0,0,0,0,0,1,1
t,1900,800,650,2050,0,0,0,0,0,0,1,1
ct,1900,800,650,2050,0,0,0,0,0,0,1,1
t,1900,800,700,2000,0,0,0,0,0,0,1,1
ct,1900,800,650,2050,0,0,0,0,0,0,1,1
t,1900,800,650,2050,0,0,0,0,0,0,1,1
t,1900,800,750,1950,0,0,0,0,0,0,1,1
ct,1900,800,800,1900,0,0,0,0,0,0,1,1
ct,1900,800,650,2050,0,0,0,0,0,0,1,1
ct,2400,2350,0,4750,1,1,1,1,0,0,1,1
t,1400,3350,3300,1450,0,0,0,0,0,0,0,1
t,1400,3700,2650,2450,1,0,0,0,0,0,1,1
ct,2400,2200,0,4600,1,1,1,1,0,0,1,1
t,1400,3350,3300,1450,0,0,0,0,0,0,0,1
ct,2400,2500,400,4500,1,1,1,1,0,0,1,1
t,1400,4600,4600,1400,0,0,0,0,0,0,0,1
ct,2400,2050,0,4450,1,1,1,1,0,0,1,1
ct,2400,2500,0,4900,1,1,1,1,0,0,1,1
ct,2900,4750,4700,2950,1,1,1,0,0,0,1,1
ct,2900,4600,4550,2950,1,1,1,0,0,0,1,1
ct,2900,4500,4500,2900,1,1,0,0,0,0,1,1
ct,2900,4450,4450,2900,1,1,0,0,0,0,1,1
ct,2900,4900,4900,2900,1,1,0,0,0,0,1,1
ct,3400,3000,1350,5050,1,1,1,1,0,0,1,1
ct,3400,3000,1650,4750,1,1,1,1,0,0,1,1
ct,3400,2950,1750,4600,1,1,1,1,0,0,1,1
t,1400,7650,4900,4150,1,1,1,1,0,0,1,1
ct,3400,2950,1450,4900,1,1,1,1,0,0,1,1
ct,3400,5100,4200,4300,1,1,1,1,0,0,1,1
ct,3400,4650,4600,3450,1,1,1,1,0,0,1,1
t,1400,6550,4600,3350,1,1,1,1,0,0,1,1
ct,3400,4950,4900,3450,1,1,1,1,0,0,1,1
t,1900,9900,4900,6900,1,1,1,1,1,1,1,1
t,1900,9500,4900,6500,1,1,1,1,1,1,1,1
t,1900,9950,6850,5000,1,1,1,1,0,0,1,1
ct,1400,7500,5200,3700,1,1,1,1,0,0,1,1
t,2400,5000,4800,2600,1,0,0,0,0,0,1,1
t,2400,6800,5100,4100,1,1,1,1,0,0,1,1
t,2400,5000,4800,2600,1,0,0,0,0,0,1,1
t,2400,3350,3300,2450,1,0,0,0,0,0,1,1
ct,1400,6350,5600,2150,0,0,0,0,0,0,1,1
ct,1400,5650,5200,1850,0,0,0,0,0,0,1,1
ct,1400,5800,5200,2000,0,0,0,0,0,0,1,1
t,2900,5300,4000,4200,1,1,1,1,0,0,1,1
t,2900,2700,700,4900,1,1,1,1,0,0,1,1
ct,1400,6950,6950,1400,0,0,0,0,0,0,0,1
t,2900,2600,1000,4500,1,1,1,1,0,0,1,1
t,2900,2450,950,4400,1,1,1,1,0,0,1,1
t,3400,4800,4700,3500,1,1,1,1,0,0,1,1
t,3400,6400,5100,4700,1,1,1,1,0,0,1,1
t,3400,3850,3700,3550,1,1,1,1,0,0,1,1
t,3400,5100,4800,3700,1,1,1,1,0,0,1,1
t,3400,5000,4900,3500,1,1,1,1,0,0,1,1
ct,1400,7600,5600,3400,1,1,1,1,0,0,1,1
ct,1400,5600,5200,1800,0,0,0,0,0,0,1,1
t,3400,3500,3500,3400,1,1,1,1,0,0,1,1
ct,1900,7050,7050,1900,0,0,0,0,0,0,1,1
ct,1900,5600,5250,2250,0,0,0,0,0,0,1,1
ct,1900,6400,5600,2700,1,0,0,0,0,0,1,1
ct,1900,4900,4850,1950,0,0,0,0,0,0,1,1
t,1900,5950,4900,2950,1,1,1,0,0,0,1,1
t,1900,3000,3000,1900,0,0,0,0,0,0,1,1
t,1900,4250,4200,1950,0,0,0,0,0,0,1,1
ct,1900,800,800,1900,0,0,0,0,0,0,1,1
ct,1900,800,650,2050,0,0,0,0,0,0,1,1
ct,1900,800,650,2050,0,0,0,0,0,0,1,1
ct,1900,800,800,1900,0,0,0,0,0,0,1,1
ct,1900,800,650,2050,0,0,0,0,0,0,1,1
t,2400,3850,3700,2550,1,0,0,0,0,0,1,1
ct,1400,4050,4050,1400,0,0,0,0,0,0,0,1
ct,1400,4500,4500,1400,0,0,0,0,0,0,0,1
t,2400,2650,2400,2650,1,0,0,0,0,0,1,1
t,2400,2950,2800,2550,1,0,0,0,0,0,1,1
ct,1400,3900,3750,1550,0,0,0,0,0,0,0,1
t,2400,2550,2400,2550,1,0,0,0,0,0,1,1
t,2400,2600,2500,2500,1,0,0,0,0,0,1,1
t,1400,3700,3700,1400,0,0,0,0,0,0,0,1
ct,1900,1900,1750,2050,0,0,0,0,0,0,1,1
ct,1900,1900,1850,1950,0,0,0,0,0,0,1,1
ct,1900,1950,1800,2050,0,0,0,0,0,0,1,1
ct,1900,1750,1600,2050,0,0,0,0,0,0,1,1
t,1400,3700,3450,1650,0,0,0,0,0,0,0,1
t,1400,3950,3900,1450,0,0,0,0,0,0,0,1
t,1900,2000,0,3900,1,1,1,1,0,0,1,1
t,1900,3400,700,4600,1,1,1,1,0,0,1,1
ct,1400,3900,3900,1400,0,0,0,0,0,0,0,1
t,1900,2100,0,4000,1,1,1,1,0,0,1,1
t,1900,2850,300,4450,1,1,1,1,0,0,1,1
t,1900,2350,0,4250,1,1,1,1,0,0,1,1
t,2400,4200,4200,2400,0,0,0,0,0,0,1,1
t,2400,4600,4400,2600,1,0,0,0,0,0,1,1
t,2400,4000,4000,2400,0,0,0,0,0,0,1,1
t,2400,4450,4400,2450,1,0,0,0,0,0,1,1
t,2400,4250,4200,2450,1,0,0,0,0,0,1,1
t,2900,2400,700,4600,1,1,1,1,0,0,1,1
ct,1400,6800,5800,2400,0,0,0,0,0,0,1,1
t,2900,2400,700,4600,1,1,1,1,0,0,1,1
t,2900,2450,700,4650,1,1,1,1,0,0,1,1
t,2900,2750,700,4950,1,1,1,1,0,0,1,1
t,3400,4600,4600,3400,1,1,1,1,0,0,1,1
t,3400,5500,5400,3500,1,1,1,1,0,0,1,1
t,3400,4600,4600,3400,1,1,1,1,0,0,1,1
t,3400,4650,4400,3650,1,1,1,1,0,0,1,1
t,3400,4950,4800,3550,1,1,1,1,0,0,1,1
ct,1900,9700,4850,6750,1,1,1,1,1,1,1,1
ct,1900,8500,6400,4000,1,1,1,1,0,0,1,1
ct,1900,12500,5600,8800,1,1,1,1,1,1,1,1
ct,2400,6450,5250,3600,1,1,1,1,0,0,1,1
ct,2400,5650,4850,3200,1,1,1,1,0,0,1,1
ct,2900,3650,3600,2950,1,1,1,0,0,0,1,1
ct,2900,4200,4150,2950,1,1,1,0,0,0,1,1
t,1900,4700,4600,2000,0,0,0,0,0,0,1,1
t,1900,8550,6850,3600,1,1,1,1,0,0,1,1
t,1900,6000,4900,3000,1,1,1,0,0,0,1,1
t,1900,5550,5100,2350,0,0,0,0,0,0,1,1
t,1900,4550,4400,2050,0,0,0,0,0,0,1,1
t,2400,2300,2200,2500,1,0,0,0,0,0,1,1
ct,1400,5200,5150,1450,0,0,0,0,0,0,0,1
t,2400,2350,2200,2550,1,0,0,0,0,0,1,1
ct,1900,800,800,1900,0,0,0,0,0,0,1,1
t,1900,800,650,2050,0,0,0,0,0,0,1,1
t,1900,800,650,2050,0,0,0,0,0,0,1,1
ct,1900,800,650,2050,0,0,0,0,0,0,1,1
t,1900,800,650,2050,0,0,0,0,0,0,1,1
t,1900,800,650,2050,0,0,0,0,0,0,1,1
t,1900,800,800,1900,0,0,0,0,0,0,1,1
ct,1900,800,650,2050,0,0,0,0,0,0,1,1
ct,1900,800,650,2050,0,0,0,0,0,0,1,1
ct,1900,800,650,2050,0,0,0,0,0,0,1,1
ct,1400,3800,3550,1650,0,0,0,0,0,0,0,1
t,2400,2350,0,4750,1,1,1,1,0,0,1,1
t,2400,2350,0,4750,1,1,1,1,0,0,1,1
ct,1400,4250,1600,4050,1,1,1,1,0,0,1,1
t,2400,2050,0,4450,1,1,1,1,0,0,1,1
t,2400,2350,0,4750,1,1,1,1,0,0,1,1
t,2400,1900,0,4300,1,1,1,1,0,0,1,1
ct,1400,3950,3900,1450,0,0,0,0,0,0,0,1
ct,1400,3650,3550,1500,0,0,0,0,0,0,0,1
ct,1400,3950,3900,1450,0,0,0,0,0,0,0,1
t,2900,5050,4900,3050,1,1,1,0,0,0,1,1
t,2900,4750,4600,3050,1,1,1,0,0,0,1,1
t,2900,4450,4400,2950,1,1,1,0,0,0,1,1
t,2900,4750,4700,2950,1,1,1,0,0,0,1,1
t,2900,4300,4150,3050,1,1,1,0,0,0,1,1
t,1400,4000,3900,1500,0,0,0,0,0,0,0,1
ct,1900,1700,1700,1900,0,0,0,0,0,0,1,1
t,1400,3600,3400,1600,0,0,0,0,0,0,0,1
t,1400,3400,3300,1500,0,0,0,0,0,0,0,1
ct,1900,4350,4200,2050,0,0,0,0,0,0,1,1
ct,1900,2400,2400,1900,0,0,0,0,0,0,1,1
ct,1900,3050,2900,2050,0,0,0,0,0,0,1,1
t,1900,3800,0,5700,1,1,1,1,1,0,1,1
t,1900,3200,700,4400,1,1,1,1,0,0,1,1
t,1900,2900,0,4800,1,1,1,1,0,0,1,1
t,1900,2700,700,3900,1,1,1,1,0,0,1,1
t,1900,2900,200,4600,1,1,1,1,0,0,1,1
ct,1400,4950,4900,1450,0,0,0,0,0,0,0,1
t,2400,6200,4800,3800,1,1,1,1,0,0,1,1
t,2400,4900,4900,2400,0,0,0,0,0,0,1,1
t,2400,5300,5100,2600,1,0,0,0,0,0,1,1
t,2400,4400,4300,2500,1,0,0,0,0,0,1,1
t,2400,4600,4400,2600,1,0,0,0,0,0,1,1
ct,1400,6800,5200,3000,1,1,1,0,0,0,1,1
t,2900,2900,1500,4300,1,1,1,1,0,0,1,1
t,2900,3100,1650,4350,1,1,1,1,0,0,1,1
t,2900,3300,1850,4350,1,1,1,1,0,0,1,1
t,2900,3100,300,5700,1,1,1,1,1,0,1,1
t,3400,4650,4600,3450,1,1,1,1,0,0,1,1
t,3400,4800,4800,3400,1,1,1,1,0,0,1,1
t,3400,4850,4800,3450,1,1,1,1,0,0,1,1
t,3400,4850,4700,3550,1,1,1,1,0,0,1,1
t,3400,6200,6100,3500,1,1,1,1,0,0,1,1
t,3400,3750,2350,4800,1,1,1,1,0,0,1,1
t,3400,3400,2050,4750,1,1,1,1,0,0,1,1
t,3400,3750,1850,5300,1,1,1,1,0,0,1,1
t,3400,3550,2100,4850,1,1,1,1,0,0,1,1
ct,1400,16000,5600,11800,1,1,1,1,1,1,1,1
ct,1400,12350,5600,8150,1,1,1,1,1,1,1,1
t,3400,4800,4800,3400,1,1,1,1,0,0,1,1
t,3400,4750,4600,3550,1,1,1,1,0,0,1,1
t,3400,5300,4800,3900,1,1,1,1,0,0,1,1
t,3400,6000,5900,3500,1,1,1,1,0,0,1,1
ct,1900,10550,7450,5000,1,1,1,1,0,0,1,1
t,1400,3700,3400,1700,0,0,0,0,0,0,1,1
ct,1900,16000,5600,12300,1,1,1,1,1,1,1,1
ct,1900,11000,5600,7300,1,1,1,1,1,1,1,1
ct,1900,15400,5900,11400,1,1,1,1,1,1,1,1
t,1400,4750,4600,1550,0,0,0,0,0,0,0,1
ct,2400,7400,6300,3500,1,1,1,1,0,0,1,1
t,1900,800,800,1900,0,0,0,0,0,0,1,1
t,1900,800,650,2050,0,0,0,0,0,0,1,1
t,1900,800,650,2050,0,0,0,0,0,0,1,1
t,1900,800,650,2050,0,0,0,0,0,0,1,1
t,1900,800,650,2050,0,0,0,0,0,0,1,1
t,2400,1900,0,4300,1,1,1,1,0,0,1,1
ct,1400,4250,4250,1400,0,0,0,0,0,0,0,1
ct,1400,3650,3450,1600,0,0,0,0,0,0,0,1
t,2400,2050,0,4450,1,1,1,1,0,0,1,1
ct,1400,3800,3750,1450,0,0,0,0,0,0,0,1
ct,1400,4250,4250,1400,0,0,0,0,0,0,0,1
ct,1400,3650,3550,1500,0,0,0,0,0,0,0,1
t,2400,2650,700,4350,1,1,1,1,0,0,1,1
t,2400,2050,0,4450,1,1,1,1,0,0,1,1
t,2400,2350,0,4750,1,1,1,1,0,0,1,1
t,2900,4300,4200,3000,1,1,1,0,0,0,1,1
t,2900,4750,4600,3050,1,1,1,0,0,0,1,1
t,2900,4350,4200,3050,1,1,1,0,0,0,1,1
t,2900,4450,3900,3450,1,1,1,1,0,0,1,1
t,2900,5050,4900,3050,1,1,1,0,0,0,1,1
t,3400,3000,1650,4750,1,1,1,1,0,0,1,1
t,3400,3050,1500,4950,1,1,1,1,0,0,1,1
t,3400,3750,2050,5100,1,1,1,1,0,0,1,1
t,3400,3350,2100,4650,1,1,1,1,0,0,1,1
t,3400,4750,4700,3450,1,1,1,1,0,0,1,1
t,3400,4800,4000,4200,1,1,1,1,0,0,1,1
ct,1400,6050,5200,2250,0,0,0,0,0,0,1,1
t,3400,4800,4700,3500,1,1,1,1,0,0,1,1
t,3400,4650,4500,3550,1,1,1,1,0,0,1,1
t,1400,3550,3400,1550,0,0,0,0,0,0,0,1
ct,1900,6450,5600,2750,1,0,0,0,0,0,1,1
t,1400,4600,4600,1400,0,0,0,0,0,0,0,1
ct,1900,5200,5000,2100,0,0,0,0,0,0,1,1
t,1400,3950,3900,1450,0,0,0,0,0,0,0,1
t,1400,4200,2850,2750,1,0,0,0,0,0,1,1
t,1400,4250,4200,1450,0,0,0,0,0,0,0,1
t,1900,2900,950,3850,1,1,1,1,0,0,1,1
ct,1900,5100,5000,2000,0,0,0,0,0,0,1,1
ct,1900,4050,4050,1900,0,0,0,0,0,0,1,1
ct,1900,3950,3850,2000,0,0,0,0,0,0,1,1
t,1900,4450,4400,1950,0,0,0,0,0,0,1,1
ct,1400,4650,4650,1400,0,0,0,0,0,0,0,1
t,1900,4550,4400,2050,0,0,0,0,0,0,1,1
t,1900,6250,5100,3050,1,1,1,0,0,0,1,1
ct,1900,3850,3850,1900,0,0,0,0,0,0,1,1
t,1400,5150,4900,1650,0,0,0,0,0,0,0,1
ct,2400,2000,1850,2550,1,0,0,0,0,0,1,1
ct,2400,2050,1900,2550,1,0,0,0,0,0,1,1
t,1400,6650,4900,3150,1,1,1,1,0,0,1,1
ct,1900,800,650,2050,0,0,0,0,0,0,1,1
t,1900,800,650,2050,0,0,0,0,0,0,1,1
t,1900,800,700,2000,0,0,0,0,0,0,1,1
ct,1900,800,650,2050,0,0,0,0,0,0,1,1
t,1900,800,650,2050,0,0,0,0,0,0,1,1
t,1900,800,700,2000,0,0,0,0,0,0,1,1
t,1900,800,650,2050,0,0,0,0,0,0,1,1
ct,1900,800,650,2050,0,0,0,0,0,0,1,1
ct,1900,800,800,1900,0,0,0,0,0,0,1,1
ct,1900,800,650,2050,0,0,0,0,0,0,1,1
ct,1400,4200,2800,2800,1,1,0,0,0,0,1,1
t,2400,2950,2800,2550,1,0,0,0,0,0,1,1
t,2400,2600,2450,2550,1,0,0,0,0,0,1,1
ct,1400,4500,4350,1550,0,0,0,0,0,0,0,1
t,2400,2950,2850,2500,1,0,0,0,0,0,1,1
t,2400,2600,2600,2400,0,0,0,0,0,0,1,1
t,2400,2650,2650,2400,0,0,0,0,0,0,1,1
ct,1400,4500,4400,1500,0,0,0,0,0,0,0,1
ct,1400,4050,3850,1600,0,0,0,0,0,0,0,1
ct,1400,3900,3650,1650,0,0,0,0,0,0,0,1
t,2900,2550,700,4750,1,1,1,1,0,0,1,1
t,2900,2500,0,5400,1,1,1,1,1,0,1,1
t,2900,2700,0,5600,1,1,1,1,1,0,1,1
t,2900,2400,700,4600,1,1,1,1,0,0,1,1
t,3400,4750,4700,3450,1,1,1,1,0,0,1,1
t,3400,5250,4800,3850,1,1,1,1,0,0,1,1
t,3400,5200,4800,3800,1,1,1,1,0,0,1,1
t,3400,5600,4900,4100,1,1,1,1,0,0,1,1
t,3400,4600,4600,3400,1,1,1,1,0,0,1,1
t,3400,4050,1650,5800,1,1,1,1,1,0,1,1
t,3400,5350,2050,6700,1,1,1,1,1,1,1,1
t,3400,4400,3350,4450,1,1,1,1,0,0,1,1
t,3400,4700,3550,4550,1,1,1,1,0,0,1,1
t,3400,4300,2800,4900,1,1,1,1,0,0,1,1
ct,1400,6450,5600,2250,0,0,0,0,0,0,1,1
t,3400,5400,4900,3900,1,1,1,1,0,0,1,1
t,3400,6700,6450,3650,1,1,1,1,0,0,1,1
t,3400,4450,4400,3450,1,1,1,1,0,0,1,1
t,3400,4550,4400,3550,1,1,1,1,0,0,1,1
ct,1900,8750,5600,5050,1,1,1,1,0,0,1,1
t,1400,6500,4900,3000,1,1,1,0,0,0,1,1
ct,2400,5150,5000,2550,1,0,0,0,0,0,1,1
t,1400,5250,4800,1850,0,0,0,0,0,0,1,1
ct,2400,7250,5600,4050,1,1,1,1,0,0,1,1
ct,2400,7600,5600,4400,1,1,1,1,0,0,1,1
t,1400,6850,4800,3450,1,1,1,1,0,0,1,1
t,1400,8900,4800,5500,1,1,1,1,1,0,1,1
t,1900,6600,4900,3600,1,1,1,1,0,0,1,1
t,1900,7300,6850,2350,0,0,0,0,0,0,1,1
t,1900,6650,4900,3650,1,1,1,1,0,0,1,1
t,1900,4550,4400,2050,0,0,0,0,0,0,1,1
t,1900,6600,4600,3900,1,1,1,1,0,0,1,1
ct,1900,2150,0,4050,1,1,1,1,0,0,1,1
ct,1900,3400,1900,3400,1,1,1,1,0,0,1,1
ct,1900,3150,700,4350,1,1,1,1,0,0,1,1
ct,1900,4350,3900,2350,0,0,0,0,0,0,1,1
ct,2400,4600,4550,2450,1,0,0,0,0,0,1,1
t,1400,5150,5100,1450,0,0,0,0,0,0,0,1
ct,2400,5200,5200,2400,0,0,0,0,0,0,1,1
ct,2400,4200,4050,2550,1,0,0,0,0,0,1,1
t,1900,800,700,2000,0,0,0,0,0,0,1,1
t,1900,800,650,2050,0,0,0,0,0,0,1,1
t,1900,800,650,2050,0,0,0,0,0,0,1,1
t,1900,800,700,2000,0,0,0,0,0,0,1,1
t,1900,800,650,2050,0,0,0,0,0,0,1,1
t,1400,4200,4200,1400,0,0,0,0,0,0,0,1
ct,2400,2400,2300,2500,1,0,0,0,0,0,1,1
ct,2400,2100,1950,2550,1,0,0,0,0,0,1,1
t,1400,3950,3900,1450,0,0,0,0,0,0,0,1
ct,2400,2100,2100,2400,0,0,0,0,0,0,1,1
ct,2400,1950,1850,2500,1,0,0,0,0,0,1,1
ct,2400,2100,0,4500,1,1,1,1,0,0,1,1
t,1400,3650,3500,1550,0,0,0,0,0,0,0,1
t,1400,3950,3900,1450,0,0,0,0,0,0,0,1
ct,2900,2500,500,4900,1,1,1,1,0,0,1,1
ct,2900,2550,0,5450,1,1,1,1,1,0,1,1
ct,2900,2400,300,5000,1,1,1,1,0,0,1,1
ct,2900,2500,300,5100,1,1,1,1,0,0,1,1
ct,3400,5250,5200,3450,1,1,1,1,0,0,1,1
ct,3400,5500,4750,4150,1,1,1,1,0,0,1,1
ct,3400,5050,5050,3400,1,1,1,1,0,0,1,1
ct,3400,5150,5050,3500,1,1,1,1,0,0,1,1
ct,3400,4850,4700,3550,1,1,1,1,0,0,1,1
t,1400,6300,4800,2900,1,1,0,0,0,0,1,1
t,1900,6300,4900,3300,1,1,1,1,0,0,1,1
t,1900,6300,4900,3300,1,1,1,1,0,0,1,1
t,1400,4950,4900,1450,0,0,0,0,0,0,0,1
ct,1900,4200,4150,1950,0,0,0,0,0,0,1,1
ct,1900,5500,5150,2250,0,0,0,0,0,0,1,1
ct,2900,5150,5050,3000,1,1,1,0,0,0,1,1
ct,2900,5750,5700,2950,1,1,1,0,0,0,1,1
ct,2900,4700,4650,2950,1,1,1,0,0,0,1,1
t,1400,8100,4800,4700,1,1,1,1,0,0,1,1
ct,1900,800,650,2050,0,0,0,0,0,0,1,1
t,1900,800,800,1900,0,0,0,0,0,0,1,1
t,1900,800,650,2050,0,0,0,0,0,0,1,1
t,1900,800,650,2050,0,0,0,0,0,0,1,1
t,1900,800,700,2000,0,0,0,0,0,0,1,1
ct,1900,800,800,1900,0,0,0,0,0,0,1,1
ct,1900,800,650,2050,0,0,0,0,0,0,1,1
ct,1900,800,800,1900,0,0,0,0,0,0,1,1
t,1900,800,650,2050,0,0,0,0,0,0,1,1
ct,1900,800,650,2050,0,0,0,0,0,0,1,1
ct,2400,2200,2200,2400,0,0,0,0,0,0,1,1
t,1400,3250,3150,1500,0,0,0,0,0,0,0,1
t,1400,3400,3300,1500,0,0,0,0,0,0,0,1
t,1400,3700,3700,1400,0,0,0,0,0,0,0,1
t,1400,3650,3500,1550,0,0,0,0,0,0,0,1
ct,2400,2050,1950,2500,1,0,0,0,0,0,1,1
ct,2400,2050,1150,3300,1,1,1,1,0,0,1,1
ct,2900,2400,500,4800,1,1,1,1,0,0,1,1
ct,2900,2500,700,4700,1,1,1,1,0,0,1,1
ct,2900,3250,500,5650,1,1,1,1,1,0,1,1
ct,2900,2500,600,4800,1,1,1,1,0,0,1,1
ct,2900,2550,0,5450,1,1,1,1,1,0,1,1
ct,3400,4850,4700,3550,1,1,1,1,0,0,1,1
ct,3400,4750,4700,3450,1,1,1,1,0,0,1,1
ct,3400,6000,5900,3500,1,1,1,1,0,0,1,1
ct,3400,4850,4550,3700,1,1,1,1,0,0,1,1
ct,3400,5500,5400,3500,1,1,1,1,0,0,1,1
t,1400,8900,4800,5500,1,1,1,1,1,0,1,1
t,1400,9000,5100,5300,1,1,1,1,0,0,1,1
ct,3400,3550,3550,3400,1,1,1,1,0,0,1,1
ct,3400,4750,2950,5200,1,1,1,1,0,0,1,1
t,1400,7350,4800,3950,1,1,1,1,0,0,1,1
ct,3400,4100,1100,6400,1,1,1,1,1,1,1,1
ct,3400,5150,3200,5350,1,1,1,1,0,0,1,1
t,1400,10750,4900,7250,1,1,1,1,1,1,1,1
ct,3400,4800,3850,4350,1,1,1,1,0,0,1,1
ct,3400,5250,5200,3450,1,1,1,1,0,0,1,1
t,1400,10600,4800,7200,1,1,1,1,1,1,1,1
ct,3400,5000,5000,3400,1,1,1,1,0,0,1,1
ct,3400,6450,6200,3650,1,1,1,1,0,0,1,1
ct,3400,4250,2100,5550,1,1,1,1,1,0,1,1
t,1400,14850,4900,11350,1,1,1,1,1,1,1,1
t,1400,16000,5300,12100,1,1,1,1,1,1,1,1
ct,3400,3600,1950,5050,1,1,1,1,0,0,1,1
ct,3400,3850,1450,5800,1,1,1,1,1,0,1,1
ct,3400,3700,900,6200,1,1,1,1,1,1,1,1
t,1400,12650,4900,9150,1,1,1,1,1,1,1,1
ct,3400,5600,5400,3600,1,1,1,1,0,0,1,1
ct,3400,5100,5000,3500,1,1,1,1,0,0,1,1
ct,3400,5850,5700,3550,1,1,1,1,0,0,1,1
ct,3400,5300,5250,3450,1,1,1,1,0,0,1,1
ct,3400,4000,1650,5750,1,1,1,1,1,0,1,1
t,1400,16000,4900,12500,1,1,1,1,1,1,1,1
ct,3400,3550,650,6300,1,1,1,1,1,1,1,1
ct,3400,5450,5200,3650,1,1,1,1,0,0,1,1
ct,3400,5550,4100,4850,1,1,1,1,0,0,1,1
ct,3400,5300,5250,3450,1,1,1,1,0,0,1,1
ct,3400,4600,4550,3450,1,1,1,1,0,0,1,1
t,1400,11350,4900,7850,1,1,1,1,1,1,1,1
ct,1400,4000,3850,1550,0,0,0,0,0,0,0,1
t,1900,14300,5400,10800,1,1,1,1,1,1,1,1
t,1900,14750,4900,11750,1,1,1,1,1,1,1,1
ct,1400,4900,4900,1400,0,0,0,0,0,0,0,1
t,1900,800,650,2050,0,0,0,0,0,0,1,1
t,1900,800,650,2050,0,0,0,0,0,0,1,1
t,1900,800,700,2000,0,0,0,0,0,0,1,1
t,1900,800,700,2000,0,0,0,0,0,0,1,1
t,1900,800,650,2050,0,0,0,0,0,0,1,1
t,2400,2650,2650,2400,0,0,0,0,0,0,1,1
ct,1400,3500,3350,1550,0,0,0,0,0,0,0,1
ct,1400,3500,3350,1550,0,0,0,0,0,0,0,1
ct,1400,4550,4500,1450,0,0,0,0,0,0,0,1
t,2400,2050,2000,2450,1,0,0,0,0,0,1,1
t,2400,2000,2000,2400,0,0,0,0,0,0,1,1
t,2400,2000,1850,2550,1,0,0,0,0,0,1,1
t,1900,800,800,1900,0,0,0,0,0,0,1,1
ct,1900,800,650,2050,0,0,0,0,0,0,1,1
t,1900,800,700,2000,0,0,0,0,0,0,1,1
ct,1900,800,800,1900,0,0,0,0,0,0,1,1
t,1900,800,650,2050,0,0,0,0,0,0,1,1
ct,1900,800,650,2050,0,0,0,0,0,0,1,1
ct,1900,800,800,1900,0,0,0,0,0,0,1,1
t,1900,800,650,2050,0,0,0,0,0,0,1,1
ct,1900,800,650,2050,0,0,0,0,0,0,1,1
t,1900,800,650,2050,0,0,0,0,0,0,1,1
ct,1400,4200,4200,1400,0,0,0,0,0,0,0,1
t,2400,2900,2700,2600,1,0,0,0,0,0,1,1
ct,1400,4050,3950,1500,0,0,0,0,0,0,0,1
ct,1400,4800,4450,1750,0,0,0,0,0,0,1,1
ct,1400,3750,3750,1400,0,0,0,0,0,0,0,1
t,2400,2650,2600,2450,1,0,0,0,0,0,1,1
ct,1400,4200,4200,1400,0,0,0,0,0,0,0,1
t,2900,2800,1000,4700,1,1,1,1,0,0,1,1
t,2900,2600,700,4800,1,1,1,1,0,0,1,1
t,2900,2850,0,5750,1,1,1,1,1,0,1,1
t,2900,2450,500,4850,1,1,1,1,0,0,1,1
t,2900,2550,1350,4100,1,1,1,1,0,0,1,1
t,1400,5150,4900,1650,0,0,0,0,0,0,0,1
ct,1900,3750,3750,1900,0,0,0,0,0,0,1,1
t,1400,7300,4800,3900,1,1,1,1,0,0,1,1
ct,1900,5300,5050,2150,0,0,0,0,0,0,1,1
ct,1900,3150,650,4400,1,1,1,1,0,0,1,1
ct,1900,3750,3600,2050,0,0,0,0,0,0,1,1
t,1400,4750,4600,1550,0,0,0,0,0,0,0,1
ct,2400,2100,0,4500,1,1,1,1,0,0,1,1
ct,2400,2100,0,4500,1,1,1,1,0,0,1,1
ct,2400,2350,0,4750,1,1,1,1,0,0,1,1
t,1400,6550,4900,3050,1,1,1,0,0,0,1,1
ct,2400,2250,0,4650,1,1,1,1,0,0,1,1
ct,2900,4650,4500,3050,1,1,1,0,0,0,1,1
t,1400,5100,4900,1600,0,0,0,0,0,0,0,1
t,1400,6850,6450,1800,0,0,0,0,0,0,1,1
ct,2900,4500,4250,3150,1,1,1,1,0,0,1,1
ct,2900,5350,5200,3050,1,1,1,0,0,0,1,1
ct,2900,4800,4750,2950,1,1,1,0,0,0,1,1
t,1400,6950,4800,3550,1,1,1,1,0,0,1,1
ct,3400,3500,2000,4900,1,1,1,1,0,0,1,1
ct,3400,5700,4200,4900,1,1,1,1,0,0,1,1
ct,3400,3600,500,6500,1,1,1,1,1,1,1,1
t,1400,6300,4900,2800,1,1,0,0,0,0,1,1
ct,3400,5000,5000,3400,1,1,1,1,0,0,1,1
ct,3400,6600,6600,3400,1,1,1,1,0,0,1,1
t,1400,7000,4900,3500,1,1,1,1,0,0,1,1
ct,3400,3550,2000,4950,1,1,1,1,0,0,1,1
t,1400,5750,4900,2250,0,0,0,0,0,0,1,1
ct,3400,4650,2900,5150,1,1,1,1,0,0,1,1
t,1400,6550,4900,3050,1,1,1,0,0,0,1,1
t,1900,3300,3250,1950,0,0,0,0,0,0,1,1
ct,1400,5350,5200,1550,0,0,0,0,0,0,0,1
ct,1400,5250,5200,1450,0,0,0,0,0,0,0,1
ct,2400,4250,4200,2450,1,0,0,0,0,0,1,1
t,1900,800,650,2050,0,0,0,0,0,0,1,1
t,1900,800,700,2000,0,0,0,0,0,0,1,1
t,1900,800,650,2050,0,0,0,0,0,0,1,1
t,1900,800,650,2050,0,0,0,0,0,0,1,1
t,1900,800,700,2000,0,0,0,0,0,0,1,1
ct,2400,1950,700,3650,1,1,1,1,0,0,1,1
t,1400,4250,4200,1450,0,0,0,0,0,0,0,1
ct,2400,2100,0,4500,1,1,1,1,0,0,1,1
t,1400,3900,3800,1500,0,0,0,0,0,0,0,1
ct,2400,2400,0,4800,1,1,1,1,0,0,1,1
t,1400,3950,3900,1450,0,0,0,0,0,0,0,1
t,1400,3650,3500,1550,0,0,0,0,0,0,0,1
ct,2400,2100,0,4500,1,1,1,1,0,0,1,1
ct,2400,2100,0,4500,1,1,1,1,0,0,1,1
ct,2900,3700,3550,3050,1,1,1,0,0,0,1,1
ct,2900,4550,4550,2900,1,1,0,0,0,0,1,1
ct,2900,5150,5000,3050,1,1,1,0,0,0,1,1
ct,2900,4550,4550,2900,1,1,0,0,0,0,1,1
ct,2900,4550,4500,2950,1,1,1,0,0,0,1,1
ct,3400,3300,2200,4500,1,1,1,1,0,0,1,1
ct,3400,3150,650,5900,1,1,1,1,1,1,1,1
t,1400,7900,4900,4400,1,1,1,1,0,0,1,1
ct,3400,3000,1000,5400,1,1,1,1,1,0,1,1
t,1900,4700,4600,2000,0,0,0,0,0,0,1,1
ct,1400,4550,4550,1400,0,0,0,0,0,0,0,1
t,1900,6150,5100,2950,1,1,1,0,0,0,1,1
ct,1400,6550,6550,1400,0,0,0,0,0,0,0,1
t,1900,7400,6850,2450,1,0,0,0,0,0,1,1
ct,1400,5450,5400,1450,0,0,0,0,0,0,0,1
ct,1400,5100,5000,1500,0,0,0,0,0,0,0,1
ct,1900,2850,0,4750,1,1,1,1,0,0,1,1
ct,1900,2500,0,4400,1,1,1,1,0,0,1,1
ct,1900,2550,500,3950,1,1,1,1,0,0,1,1
ct,1900,2600,700,3800,1,1,1,1,0,0,1,1
ct,2400,5850,5700,2550,1,0,0,0,0,0,1,1
ct,2400,5100,4850,2650,1,0,0,0,0,0,1,1
ct,2400,5700,5700,2400,0,0,0,0,0,0,1,1
ct,2400,5050,4850,2600,1,0,0,0,0,0,1,1
ct,2400,4550,4500,2450,1,0,0,0,0,0,1,1
t,1900,3900,3700,2100,0,0,0,0,0,0,1,1
t,1900,3450,3400,1950,0,0,0,0,0,0,1,1
t,1900,4900,4900,1900,0,0,0,0,0,0,1,1
t,1900,3250,3250,1900,0,0,0,0,0,0,1,1
t,2400,2700,2700,2400,0,0,0,0,0,0,1,1
ct,1400,5100,4850,1650,0,0,0,0,0,0,0,1
t,2400,2850,2750,2500,1,0,0,0,0,0,1,1
t,2400,2550,2400,2550,1,0,0,0,0,0,1,1
t,2400,3400,3350,2450,1,0,0,0,0,0,1,1
t,2400,2500,2400,2500,1,0,0,0,0,0,1,1
ct,1900,800,650,2050,0,0,0,0,0,0,1,1
ct,1900,800,650,2050,0,0,0,0,0,0,1,1
ct,1900,800,800,1900,0,0,0,0,0,0,1,1
t,1900,800,650,2050,0,0,0,0,0,0,1,1
ct,1900,800,650,2050,0,0,0,0,0,0,1,1
t,1900,800,650,2050,0,0,0,0,0,0,1,1
ct,1900,800,650,2050,0,0,0,0,0,0,1,1
t,1900,800,800,1900,0,0,0,0,0,0,1,1
t,1900,800,650,2050,0,0,0,0,0,0,1,1
t,1900,800,700,2000,0,0,0,0,0,0,1,1
ct,1400,3950,3550,1800,0,0,0,0,0,0,1,1
ct,1400,3950,3850,1500,0,0,0,0,0,0,0,1
ct,1400,3500,1000,3900,1,1,1,1,0,0,1,1
t,2400,2050,0,4450,1,1,1,1,0,0,1,1
ct,1400,3950,3350,2000,0,0,0,0,0,0,1,1
t,2400,2350,0,4750,1,1,1,1,0,0,1,1
ct,1400,4250,4250,1400,0,0,0,0,0,0,0,1
t,2400,1900,0,4300,1,1,1,1,0,0,1,1
t,2400,2050,0,4450,1,1,1,1,0,0,1,1
t,2400,2300,0,4700,1,1,1,1,0,0,1,1
t,2900,4450,4400,2950,1,1,1,0,0,0,1,1
t,2900,4050,4000,2950,1,1,1,0,0,0,1,1
t,2900,4600,4600,2900,1,1,0,0,0,0,1,1
t,2900,4450,4400,2950,1,1,1,0,0,0,1,1
t,2900,4700,4700,2900,1,1,0,0,0,0,1,1
ct,1400,5250,5200,1450,0,0,0,0,0,0,0,1
t,3400,2950,1650,4700,1,1,1,1,0,0,1,1
t,3400,2900,0,6300,1,1,1,1,1,1,1,1
t,3400,3250,1350,5300,1,1,1,1,0,0,1,1
t,3400,2900,1650,4650,1,1,1,1,0,0,1,1
ct,1400,5000,5000,1400,0,0,0,0,0,0,0,1
t,3400,3750,3700,3450,1,1,1,1,0,0,1,1
t,3400,4700,4700,3400,1,1,1,1,0,0,1,1
t,3400,6300,6250,3450,1,1,1,1,0,0,1,1
t,3400,5600,4800,4200,1,1,1,1,0,0,1,1
ct,1400,8850,5200,5050,1,1,1,1,0,0,1,1
t,3400,3400,2200,4600,1,1,1,1,0,0,1,1
t,3400,4200,2400,5200,1,1,1,1,0,0,1,1
t,3400,3450,2000,4850,1,1,1,1,0,0,1,1
t,3400,3450,3400,3450,1,1,1,1,0,0,1,1
ct,1400,11050,5200,7250,1,1,1,1,1,1,1,1
t,3400,3650,3500,3550,1,1,1,1,0,0,1,1
t,3400,5200,4800,3800,1,1,1,1,0,0,1,1
t,3400,4850,4800,3450,1,1,1,1,0,0,1,1
t,3400,3400,2300,4500,1,1,1,1,0,0,1,1
t,3400,3550,1000,5950,1,1,1,1,1,1,1,1
t,3400,3800,1650,5550,1,1,1,1,1,0,1,1
t,3400,3750,2350,4800,1,1,1,1,0,0,1,1
ct,1900,11400,5600,7700,1,1,1,1,1,1,1,1
ct,1900,6750,5200,3450,1,1,1,1,0,0,1,1
ct,1900,12100,5600,8400,1,1,1,1,1,1,1,1
ct,1900,9500,5200,6200,1,1,1,1,1,1,1,1
t,1400,6650,6650,1400,0,0,0,0,0,0,0,1
t,1400,4900,4900,1400,0,0,0,0,0,0,0,1
t,1900,5650,4900,2650,1,0,0,0,0,0,1,1
t,1900,2900,2800,2000,0,0,0,0,0,0,1,1
t,2400,3500,3500,2400,0,0,0,0,0,0,1,1
t,2400,3500,3500,2400,0,0,0,0,0,0,1,1
t,2400,100,0,2500,1,0,0,0,0,0,1,1
ct,1900,8900,8150,2650,1,0,0,0,0,0,1,1
ct,1900,8050,6300,3650,1,1,1,1,0,0,1,1
ct,1900,9600,6100,5400,1,1,1,1,1,0,1,1
ct,1900,7100,6500,2500,1,0,0,0,0,0,1,1
t,1400,3650,3600,1450,0,0,0,0,0,0,0,1
ct,1900,800,650,2050,0,0,0,0,0,0,1,1
ct,1900,800,650,2050,0,0,0,0,0,0,1,1
ct,1900,800,650,2050,0,0,0,0,0,0,1,1
ct,1900,800,650,2050,0,0,0,0,0,0,1,1
ct,1900,800,650,2050,0,0,0,0,0,0,1,1
t,2400,2050,0,4450,1,1,1,1,0,0,1,1
t,2400,2300,700,4000,1,1,1,1,0,0,1,1
t,2400,2250,700,3950,1,1,1,1,0,0,1,1
ct,1400,3950,3850,1500,0,0,0,0,0,0,0,1
t,2400,2050,0,4450,1,1,1,1,0,0,1,1
ct,1400,3650,2900,2150,0,0,0,0,0,0,1,1
t,2400,2050,200,4250,1,1,1,1,0,0,1,1
ct,1400,3950,2550,2800,1,1,0,0,0,0,1,1
ct,1400,3950,3850,1500,0,0,0,0,0,0,0,1
ct,1400,4250,4200,1450,0,0,0,0,0,0,0,1
t,2900,4450,4400,2950,1,1,1,0,0,0,1,1
t,2900,4300,4200,3000,1,1,1,0,0,0,1,1
t,2900,3950,3800,3050,1,1,1,0,0,0,1,1
t,2900,4450,4400,2950,1,1,1,0,0,0,1,1
ct,1400,5450,5200,1650,0,0,0,0,0,0,0,1
t,2900,5450,4800,3550,1,1,1,1,0,0,1,1
ct,1400,5500,5400,1500,0,0,0,0,0,0,0,1
ct,1400,3850,3850,1400,0,0,0,0,0,0,0,1
t,1400,3700,3250,1850,0,0,0,0,0,0,1,1
ct,1900,2150,2100,1950,0,0,0,0,0,0,1,1
t,1400,4200,3900,1700,0,0,0,0,0,0,1,1
ct,1900,1800,1700,2000,0,0,0,0,0,0,1,1
ct,1900,4700,4400,2200,0,0,0,0,0,0,1,1
ct,1900,1600,1450,2050,0,0,0,0,0,0,1,1
t,1900,2300,0,4200,1,1,1,1,0,0,1,1
t,1900,2650,700,3850,1,1,1,1,0,0,1,1
t,1900,2350,0,4250,1,1,1,1,0,0,1,1
t,1900,1900,0,3800,1,1,1,1,0,0,1,1
ct,1400,4250,3400,2250,0,0,0,0,0,0,1,1
t,2400,5000,4900,2500,1,0,0,0,0,0,1,1
t,2400,4350,4200,2550,1,0,0,0,0,0,1,1
t,2400,4750,4600,2550,1,0,0,0,0,0,1,1
t,2400,4800,4600,2600,1,0,0,0,0,0,1,1
t,2400,4300,4200,2500,1,0,0,0,0,0,1,1
t,2900,3600,900,5600,1,1,1,1,1,0,1,1
t,2900,3050,300,5650,1,1,1,1,1,0,1,1
t,2900,3100,300,5700,1,1,1,1,1,0,1,1
t,2900,3000,2000,3900,1,1,1,1,0,0,1,1
ct,1400,7100,5600,2900,1,1,0,0,0,0,1,1
ct,1400,6050,5000,2450,1,0,0,0,0,0,1,1
t,3400,4800,4700,3500,1,1,1,1,0,0,1,1
t,3400,6150,6100,3450,1,1,1,1,0,0,1,1
t,3400,4750,4600,3550,1,1,1,1,0,0,1,1
t,3400,5050,4800,3650,1,1,1,1,0,0,1,1
t,3400,4400,3900,3900,1,1,1,1,0,0,1,1
ct,1900,6050,5600,2350,0,0,0,0,0,0,1,1
ct,1900,6300,5600,2600,1,0,0,0,0,0,1,1
t,1900,2950,2950,1900,0,0,0,0,0,0,1,1
t,1900,5750,5700,1950,0,0,0,0,0,0,1,1
t,1900,4100,3900,2100,0,0,0,0,0,0,1,1
t,1900,4150,3900,2150,0,0,0,0,0,0,1,1
t,2400,3400,800,5000,1,1,1,1,0,0,1,1
t,2400,3600,2400,3600,1,1,1,1,0,0,1,1
t,2400,3800,2000,4200,1,1,1,1,0,0,1,1
t,2400,3650,2000,4050,1,1,1,1,0,0,1,1
ct,1400,8100,5200,4300,1,1,1,1,0,0,1,1
t,2900,6300,4900,4300,1,1,1,1,0,0,1,1
t,2900,6150,6050,3000,1,1,1,0,0,0,1,1
t,2900,4600,4600,2900,1,1,0,0,0,0,1,1
ct,1400,11300,6100,6600,1,1,1,1,1,1,1,1
ct,1400,8150,6100,3450,1,1,1,1,0,0,1,1
t,2900,5050,4800,3150,1,1,1,1,0,0,1,1
ct,1400,10050,6100,5350,1,1,1,1,0,0,1,1
ct,1900,800,650,2050,0,0,0,0,0,0,1,1
ct,1900,800,650,2050,0,0,0,0,0,0,1,1
t,1900,800,650,2050,0,0,0,0,0,0,1,1
t,1900,800,650,2050,0,0,0,0,0,0,1,1
ct,1900,800,800,1900,0,0,0,0,0,0,1,1
ct,1900,800,650,2050,0,0,0,0,0,0,1,1
ct,1900,800,650,2050,0,0,0,0,0,0,1,1
t,1900,800,650,2050,0,0,0,0,0,0,1,1
t,1900,800,0,2700,1,0,0,0,0,0,1,1
t,1900,800,700,2000,0,0,0,0,0,0,1,1
ct,2400,2150,0,4550,1,1,1,1,0,0,1,1
ct,2400,2150,200,4350,1,1,1,1,0,0,1,1
t,1400,4300,4150,1550,0,0,0,0,0,0,0,1
t,1400,3400,3250,1550,0,0,0,0,0,0,0,1
ct,2400,2000,0,4400,1,1,1,1,0,0,1,1
ct,2400,2750,0,5150,1,1,1,1,0,0,1,1
ct,2400,2150,0,4550,1,1,1,1,0,0,1,1
t,1400,3700,3150,1950,0,0,0,0,0,0,1,1
t,1400,3700,3250,1850,0,0,0,0,0,0,1,1
t,1400,3650,3250,1800,0,0,0,0,0,0,1,1
ct,2900,4900,4900,2900,1,1,0,0,0,0,1,1
ct,2900,4400,4400,2900,1,1,0,0,0,0,1,1
ct,2900,4450,4400,2950,1,1,1,0,0,0,1,1
ct,2900,5200,5200,2900,1,1,0,0,0,0,1,1
ct,2900,4600,4550,2950,1,1,1,0,0,0,1,1
ct,3400,2950,1500,4850,1,1,1,1,0,0,1,1
ct,3400,3000,1450,4950,1,1,1,1,0,0,1,1
ct,3400,2950,700,5650,1,1,1,1,1,0,1,1
ct,3400,3000,500,5900,1,1,1,1,1,1,1,1
t,1400,8450,4900,4950,1,1,1,1,0,0,1,1
ct,3400,5000,5000,3400,1,1,1,1,0,0,1,1
ct,3400,4850,4600,3650,1,1,1,1,0,0,1,1
ct,3400,4950,4850,3500,1,1,1,1,0,0,1,1
ct,3400,5650,5200,3850,1,1,1,1,0,0,1,1
ct,3400,5900,5900,3400,1,1,1,1,0,0,1,1
t,1900,11050,6850,6100,1,1,1,1,1,1,1,1
t,1900,10050,4900,7050,1,1,1,1,1,1,1,1
ct,1400,4550,4500,1450,0,0,0,0,0,0,0,1
t,1900,11150,4800,8250,1,1,1,1,1,1,1,1
t,1900,9900,4800,7000,1,1,1,1,1,1,1,1
ct,1900,3450,1650,3700,1,1,1,1,0,0,1,1
ct,1900,4400,2650,3650,1,1,1,1,0,0,1,1
t,1400,8700,4900,5200,1,1,1,1,0,0,1,1
ct,1900,3100,700,4300,1,1,1,1,0,0,1,1
ct,1900,3150,700,4350,1,1,1,1,0,0,1,1
t,1400,9600,4800,6200,1,1,1,1,1,1,1,1
t,1400,7300,4900,3800,1,1,1,1,0,0,1,1
ct,2400,5350,5200,2550,1,0,0,0,0,0,1,1
ct,2400,5300,5250,2450,1,0,0,0,0,0,1,1
t,1400,9900,6850,4450,1,1,1,1,0,0,1,1
ct,2400,5400,5200,2600,1,0,0,0,0,0,1,1
ct,2400,6250,5600,3050,1,1,1,0,0,0,1,1
ct,2400,6600,6400,2600,1,0,0,0,0,0,1,1
t,1400,8050,4600,4850,1,1,1,1,0,0,1,1
t,1900,4850,4800,1950,0,0,0,0,0,0,1,1
t,1900,4850,4800,1950,0,0,0,0,0,0,1,1
t,1900,9100,4800,6200,1,1,1,1,1,1,1,1
ct,1900,3000,2200,2700,1,0,0,0,0,0,1,1
ct,1900,4650,2900,3650,1,1,1,1,0,0,1,1
ct,1900,3400,1850,3450,1,1,1,1,0,0,1,1
ct,1900,5100,5050,1950,0,0,0,0,0,0,1,1
ct,2400,4300,4150,2550,1,0,0,0,0,0,1,1
ct,2400,5100,5000,2500,1,0,0,0,0,0,1,1
ct,2400,5050,4850,2600,1,0,0,0,0,0,1,1
ct,2400,3650,2550,3500,1,1,1,1,0,0,1,1
t,1400,10900,4800,7500,1,1,1,1,1,1,1,1
ct,2900,3750,3750,2900,1,1,0,0,0,0,1,1
t,1400,9000,7350,3050,1,1,1,0,0,0,1,1
ct,2900,3800,3750,2950,1,1,1,0,0,0,1,1
ct,2900,4350,4200,3050,1,1,1,0,0,0,1,1
ct,2900,4700,4700,2900,1,1,0,0,0,0,1,1
t,1400,6500,4800,3100,1,1,1,0,0,0,1,1
t,1400,8100,4900,4600,1,1,1,1,0,0,1,1
t,1400,9650,4800,6250,1,1,1,1,1,1,1,1
ct,1900,800,650,2050,0,0,0,0,0,0,1,1
ct,1900,800,650,2050,0,0,0,0,0,0,1,1
ct,1900,800,650,2050,0,0,0,0,0,0,1,1
ct,1900,800,650,2050,0,0,0,0,0,0,1,1
ct,1900,800,700,2000,0,0,0,0,0,0,1,1
t,2400,2350,0,4750,1,1,1,1,0,0,1,1
t,2400,2350,700,4050,1,1,1,1,0,0,1,1
ct,1400,4550,4500,1450,0,0,0,0,0,0,0,1
t,2400,1900,0,4300,1,1,1,1,0,0,1,1
t,2400,2350,700,4050,1,1,1,1,0,0,1,1
t,2400,2050,0,4450,1,1,1,1,0,0,1,1
ct,1400,3950,3250,2100,0,0,0,0,0,0,1,1
ct,1400,3600,3050,1950,0,0,0,0,0,0,1,1
t,2900,5050,4800,3150,1,1,1,1,0,0,1,1
t,2900,5050,4900,3050,1,1,1,0,0,0,1,1
t,2900,4300,4300,2900,1,1,0,0,0,0,1,1
t,2900,4050,4000,2950,1,1,1,0,0,0,1,1
t,2900,4450,4400,2950,1,1,1,0,0,0,1,1
ct,1400,5850,5200,2050,0,0,0,0,0,0,1,1
t,3400,3050,3000,3450,1,1,1,1,0,0,1,1
t,3400,2950,2900,3450,1,1,1,1,0,0,1,1
ct,1400,5450,5200,1650,0,0,0,0,0,0,0,1
ct,1400,3950,3950,1400,0,0,0,0,0,0,0,1
ct,1900,800,650,2050,0,0,0,0,0,0,1,1
t,1900,800,700,2000,0,0,0,0,0,0,1,1
t,1900,800,650,2050,0,0,0,0,0,0,1,1
t,1900,800,650,2050,0,0,0,0,0,0,1,1
t,1900,800,700,2000,0,0,0,0,0,0,1,1
ct,1900,800,650,2050,0,0,0,0,0,0,1,1
t,1900,800,650,2050,0,0,0,0,0,0,1,1
ct,1900,800,650,2050,0,0,0,0,0,0,1,1
ct,1900,800,700,2000,0,0,0,0,0,0,1,1
ct,1900,800,650,2050,0,0,0,0,0,0,1,1
t,1400,4200,4200,1400,0,0,0,0,0,0,0,1
t,1400,3650,3500,1550,0,0,0,0,0,0,0,1
t,1400,3950,3700,1650,0,0,0,0,0,0,0,1
t,1400,3900,3900,1400,0,0,0,0,0,0,0,1
ct,2400,2050,1700,2750,1,0,0,0,0,0,1,1
t,1400,3650,3350,1700,0,0,0,0,0,0,1,1
ct,2400,2050,1800,2650,1,0,0,0,0,0,1,1
ct,2400,2000,2000,2400,0,0,0,0,0,0,1,1
ct,2400,2050,2000,2450,1,0,0,0,0,0,1,1
t,1900,1400,950,2350,0,0,0,0,0,0,1,1
t,1900,1850,700,3050,1,1,1,0,0,0,1,1
t,1900,1650,1650,1900,0,0,0,0,0,0,1,1
ct,1400,3850,2250,3000,1,1,1,0,0,0,1,1
t,1900,2300,1800,2400,0,0,0,0,0,0,1,1
ct,1400,4650,4200,1850,0,0,0,0,0,0,1,1
ct,1400,3550,3550,1400,0,0,0,0,0,0,0,1
t,2400,2950,0,5350,1,1,1,1,0,0,1,1
t,2400,2500,0,4900,1,1,1,1,0,0,1,1
t,2400,2800,0,5200,1,1,1,1,0,0,1,1
t,2400,3000,700,4700,1,1,1,1,0,0,1,1
ct,1900,3850,3850,1900,0,0,0,0,0,0,1,1
t,1400,5900,3250,4050,1,1,1,1,0,0,1,1
t,1400,5450,4800,2050,0,0,0,0,0,0,1,1
t,1400,6250,4900,2750,1,0,0,0,0,0,1,1
t,1400,5750,4800,2350,0,0,0,0,0,0,1,1
ct,1900,2600,2500,2000,0,0,0,0,0,0,1,1
ct,1900,1900,1800,2000,0,0,0,0,0,0,1,1
ct,1900,1850,1800,1950,0,0,0,0,0,0,1,1
t,1900,4650,4600,1950,0,0,0,0,0,0,1,1
t,1900,2750,2600,2050,0,0,0,0,0,0,1,1
ct,1400,4150,4100,1450,0,0,0,0,0,0,0,1
t,2400,1950,0,4350,1,1,1,1,0,0,1,1
t,2400,1950,0,4350,1,1,1,1,0,0,1,1
t,2400,2050,0,4450,1,1,1,1,0,0,1,1
t,2400,1900,0,4300,1,1,1,1,0,0,1,1
t,2400,1900,0,4300,1,1,1,1,0,0,1,1
t,2900,4350,3900,3350,1,1,1,1,0,0,1,1
t,2900,4350,4200,3050,1,1,1,0,0,0,1,1
t,2900,4400,4400,2900,1,1,0,0,0,0,1,1
t,2900,4300,4200,3000,1,1,1,0,0,0,1,1
t,2900,4300,4200,3000,1,1,1,0,0,0,1,1
ct,1400,10100,5600,5900,1,1,1,1,1,1,1,1
t,3400,3050,1350,5100,1,1,1,1,0,0,1,1
t,3400,2900,1650,4650,1,1,1,1,0,0,1,1
t,3400,3000,0,6400,1,1,1,1,1,1,1,1
t,3400,3300,1500,5200,1,1,1,1,0,0,1,1
ct,1400,10650,5600,6450,1,1,1,1,1,1,1,1
t,3400,5350,4800,3950,1,1,1,1,0,0,1,1
t,3400,5550,4900,4050,1,1,1,1,0,0,1,1
t,3400,6100,4900,4600,1,1,1,1,0,0,1,1
t,3400,3500,1650,5250,1,1,1,1,0,0,1,1
t,3400,3950,1800,5550,1,1,1,1,1,0,1,1
t,3400,4350,2750,5000,1,1,1,1,0,0,1,1
t,3400,4600,3100,4900,1,1,1,1,0,0,1,1
t,3400,5550,4800,4150,1,1,1,1,0,0,1,1
t,3400,5000,4900,3500,1,1,1,1,0,0,1,1
t,3400,4200,4050,3550,1,1,1,1,0,0,1,1
t,3400,4900,4900,3400,1,1,1,1,0,0,1,1
ct,1400,13100,6100,8400,1,1,1,1,1,1,1,1
ct,1400,13150,8150,6400,1,1,1,1,1,1,1,1
ct,1900,800,800,1900,0,0,0,0,0,0,1,1
ct,1900,800,650,2050,0,0,0,0,0,0,1,1
ct,1900,800,650,2050,0,0,0,0,0,0,1,1
ct,1900,800,650,2050,0,0,0,0,0,0,1,1
ct,1900,800,650,2050,0,0,0,0,0,0,1,1
t,2400,2350,300,4450,1,1,1,1,0,0,1,1
ct,1400,3500,3450,1450,0,0,0,0,0,0,0,1
ct,1400,3650,3550,1500,0,0,0,0,0,0,0,1
ct,1400,4250,4050,1600,0,0,0,0,0,0,0,1
ct,1400,3950,2250,3100,1,1,1,0,0,0,1,1
t,2400,2000,0,4400,1,1,1,1,0,0,1,1
ct,1400,4250,4250,1400,0,0,0,0,0,0,0,1
t,2400,2050,0,4450,1,1,1,1,0,0,1,1
t,2400,2000,0,4400,1,1,1,1,0,0,1,1
t,2400,2650,0,5050,1,1,1,1,0,0,1,1
t,2900,4450,4400,2950,1,1,1,0,0,0,1,1
t,2900,4400,4400,2900,1,1,0,0,0,0,1,1
t,2900,4150,3900,3150,1,1,1,1,0,0,1,1
t,2900,4400,4400,2900,1,1,0,0,0,0,1,1
t,2900,4850,4800,2950,1,1,1,0,0,0,1,1
t,3400,2950,1800,4550,1,1,1,1,0,0,1,1
t,3400,3050,1800,4650,1,1,1,1,0,0,1,1
t,3400,2950,1500,4850,1,1,1,1,0,0,1,1
t,3400,4150,3900,3650,1,1,1,1,0,0,1,1
ct,1400,8500,7050,2850,1,1,0,0,0,0,1,1
ct,1400,7600,5600,3400,1,1,1,1,0,0,1,1
ct,1400,8450,5200,4650,1,1,1,1,0,0,1,1
t,3400,4650,4600,3450,1,1,1,1,0,0,1,1
t,3400,4000,4000,3400,1,1,1,1,0,0,1,1
t,3400,4850,4800,3450,1,1,1,1,0,0,1,1
t,3400,4250,3900,3750,1,1,1,1,0,0,1,1
ct,1400,11100,5600,6900,1,1,1,1,1,1,1,1
t,3400,4300,3700,4000,1,1,1,1,0,0,1,1
t,3400,4050,4000,3450,1,1,1,1,0,0,1,1
t,3400,4300,4300,3400,1,1,1,1,0,0,1,1
t,3400,4350,4200,3550,1,1,1,1,0,0,1,1
ct,1900,6100,5200,2800,1,1,0,0,0,0,1,1
ct,1900,6350,5600,2650,1,0,0,0,0,0,1,1
ct,1900,7400,5600,3700,1,1,1,1,0,0,1,1
t,1400,3450,2600,2250,0,0,0,0,0,0,1,1
t,1400,4000,4000,1400,0,0,0,0,0,0,0,1
ct,2400,3900,3850,2450,1,0,0,0,0,0,1,1
ct,2400,2400,2350,2450,1,0,0,0,0,0,1,1
t,1400,4400,2200,3600,1,1,1,1,0,0,1,1
ct,2400,4050,4050,2400,0,0,0,0,0,0,1,1
t,1400,3550,2950,2000,0,0,0,0,0,0,1,1
ct,1900,800,650,2050,0,0,0,0,0,0,1,1
ct,1900,800,650,2050,0,0,0,0,0,0,1,1
t,1900,800,650,2050,0,0,0,0,0,0,1,1
ct,1900,800,800,1900,0,0,0,0,0,0,1,1
ct,1900,800,700,2000,0,0,0,0,0,0,1,1
t,1900,800,650,2050,0,0,0,0,0,0,1,1
t,1900,800,800,1900,0,0,0,0,0,0,1,1
t,1900,800,650,2050,0,0,0,0,0,0,1,1
ct,1900,800,650,2050,0,0,0,0,0,0,1,1
t,1900,800,800,1900,0,0,0,0,0,0,1,1
ct,2400,2100,2100,2400,0,0,0,0,0,0,1,1
ct,2400,2400,2050,2750,1,0,0,0,0,0,1,1
t,1400,3650,3250,1800,0,0,0,0,0,0,1,1
ct,2400,1950,1950,2400,0,0,0,0,0,0,1,1
t,1400,3950,3950,1400,0,0,0,0,0,0,0,1
t,1400,4400,4400,1400,0,0,0,0,0,0,0,1
t,1400,3650,3550,1500,0,0,0,0,0,0,0,1
ct,2400,2100,1950,2550,1,0,0,0,0,0,1,1
t,1400,3800,3700,1500,0,0,0,0,0,0,0,1
ct,1400,4700,4200,1900,0,0,0,0,0,0,1,1
t,1900,2400,0,4300,1,1,1,1,0,0,1,1
t,1900,2300,0,4200,1,1,1,1,0,0,1,1
t,1900,2000,0,3900,1,1,1,1,0,0,1,1
t,1900,2400,0,4300,1,1,1,1,0,0,1,1
t,1900,2100,0,4000,1,1,1,1,0,0,1,1
t,2400,4300,4300,2400,0,0,0,0,0,0,1,1
t,2400,4200,4200,2400,0,0,0,0,0,0,1,1
t,2400,3900,3800,2500,1,0,0,0,0,0,1,1
t,2400,4300,4200,2500,1,0,0,0,0,0,1,1
t,2400,3700,2600,3500,1,1,1,1,0,0,1,1
t,2900,3000,1800,4100,1,1,1,1,0,0,1,1
ct,1400,8400,5600,4200,1,1,1,1,0,0,1,1
t,2900,3300,1800,4400,1,1,1,1,0,0,1,1
t,2900,3700,1800,4800,1,1,1,1,0,0,1,1
t,2900,3100,1450,4550,1,1,1,1,0,0,1,1
t,2900,4100,2200,4800,1,1,1,1,0,0,1,1
ct,1400,12800,5600,8600,1,1,1,1,1,1,1,1
t,3400,4400,4400,3400,1,1,1,1,0,0,1,1
t,3400,5100,5100,3400,1,1,1,1,0,0,1,1
t,3400,4550,4400,3550,1,1,1,1,0,0,1,1
t,3400,4800,4800,3400,1,1,1,1,0,0,1,1
ct,1400,10950,5600,6750,1,1,1,1,1,1,1,1
ct,1400,10300,5200,6500,1,1,1,1,1,1,1,1
t,3400,4600,4600,3400,1,1,1,1,0,0,1,1
t,3400,4000,4000,3400,1,1,1,1,0,0,1,1
t,3400,4450,4400,3450,1,1,1,1,0,0,1,1
ct,1400,16000,5800,11600,1,1,1,1,1,1,1,1
t,3400,4300,4200,3500,1,1,1,1,0,0,1,1
ct,1400,12700,7450,6650,1,1,1,1,1,1,1,1
t,3400,5100,4000,4500,1,1,1,1,0,0,1,1
ct,1400,12650,5600,8450,1,1,1,1,1,1,1,1
ct,1400,8900,5200,5100,1,1,1,1,0,0,1,1
t,3400,3400,2200,4600,1,1,1,1,0,0,1,1
t,3400,4000,2200,5200,1,1,1,1,0,0,1,1
t,3400,3450,1800,5050,1,1,1,1,0,0,1,1
ct,1900,9650,5600,5950,1,1,1,1,1,1,1,1
ct,1900,8550,5200,5250,1,1,1,1,0,0,1,1
t,1400,5050,4900,1550,0,0,0,0,0,0,0,1
ct,2400,6050,5800,2650,1,0,0,0,0,0,1,1
ct,2400,5350,4850,2900,1,1,0,0,0,0,1,1
ct,2400,5000,5000,2400,0,0,0,0,0,0,1,1
t,1900,7300,4900,4300,1,1,1,1,0,0,1,1
t,1900,4800,4700,2000,0,0,0,0,0,0,1,1
t,1900,4600,4600,1900,0,0,0,0,0,0,1,1
t,1900,6650,5100,3450,1,1,1,1,0,0,1,1
t,1900,8400,7350,2950,1,1,1,0,0,0,1,1
ct,1900,4800,4750,1950,0,0,0,0,0,0,1,1
ct,1900,2250,2200,1950,0,0,0,0,0,0,1,1
ct,1900,3150,3050,2000,0,0,0,0,0,0,1,1
ct,1900,800,650,2050,0,0,0,0,0,0,1,1
ct,1900,800,650,2050,0,0,0,0,0,0,1,1
ct,1900,800,800,1900,0,0,0,0,0,0,1,1
ct,1900,800,650,2050,0,0,0,0,0,0,1,1
ct,1900,800,650,2050,0,0,0,0,0,0,1,1
t,1400,3950,3700,1650,0,0,0,0,0,0,0,1
t,1400,4200,3900,1700,0,0,0,0,0,0,1,1
ct,2400,2600,2550,2450,1,0,0,0,0,0,1,1
t,1400,3950,3250,2100,0,0,0,0,0,0,1,1
t,1400,3600,3250,1750,0,0,0,0,0,0,1,1
ct,2400,2300,2250,2450,1,0,0,0,0,0,1,1
ct,2400,2750,2700,2450,1,0,0,0,0,0,1,1
ct,2400,2300,2250,2450,1,0,0,0,0,0,1,1
t,1400,3950,3800,1550,0,0,0,0,0,0,0,1
ct,2400,2600,2550,2450,1,0,0,0,0,0,1,1
t,1900,1700,1150,2450,1,0,0,0,0,0,1,1
t,1900,2100,1900,2100,0,0,0,0,0,0,1,1
t,1900,2350,1650,2600,1,0,0,0,0,0,1,1
ct,1400,3550,3500,1450,0,0,0,0,0,0,0,1
t,1900,1550,1400,2050,0,0,0,0,0,0,1,1
ct,1400,4750,4700,1450,0,0,0,0,0,0,0,1
t,2400,2050,0,4450,1,1,1,1,0,0,1,1
t,2400,2150,0,4550,1,1,1,1,0,0,1,1
t,2400,2100,0,4500,1,1,1,1,0,0,1,1
t,2400,2050,0,4450,1,1,1,1,0,0,1,1
t,2400,2050,0,4450,1,1,1,1,0,0,1,1
t,2900,4450,4400,2950,1,1,1,0,0,0,1,1
t,2900,4550,4400,3050,1,1,1,0,0,0,1,1
t,2900,4500,4400,3000,1,1,1,0,0,0,1,1
t,2900,4450,4400,2950,1,1,1,0,0,0,1,1
t,2900,4450,4400,2950,1,1,1,0,0,0,1,1
ct,1900,9800,5600,6100,1,1,1,1,1,1,1,1
t,1400,3650,3500,1550,0,0,0,0,0,0,0,1
ct,1900,6400,5600,2700,1,0,0,0,0,0,1,1
t,1900,3200,1000,4100,1,1,1,1,0,0,1,1
ct,1400,7650,5800,3250,1,1,1,1,0,0,1,1
t,1900,2650,300,4250,1,1,1,1,0,0,1,1
ct,1400,4200,4200,1400,0,0,0,0,0,0,0,1
ct,1400,4550,4550,1400,0,0,0,0,0,0,0,1
t,1900,2200,0,4100,1,1,1,1,0,0,1,1
t,2400,4700,4700,2400,0,0,0,0,0,0,1,1
t,2400,4400,4400,2400,0,0,0,0,0,0,1,1
t,2400,4750,4600,2550,1,0,0,0,0,0,1,1
t,2400,3400,1000,4800,1,1,1,1,0,0,1,1
t,2400,4600,4600,2400,0,0,0,0,0,0,1,1
ct,1900,3500,3400,2000,0,0,0,0,0,0,1,1
ct,1900,4100,4050,1950,0,0,0,0,0,0,1,1
ct,1900,3000,3000,1900,0,0,0,0,0,0,1,1
ct,1900,4600,4500,2000,0,0,0,0,0,0,1,1
ct,1900,800,650,2050,0,0,0,0,0,0,1,1
ct,1900,800,800,1900,0,0,0,0,0,0,1,1
t,1900,800,700,2000,0,0,0,0,0,0,1,1
t,1900,800,800,1900,0,0,0,0,0,0,1,1
ct,1900,800,650,2050,0,0,0,0,0,0,1,1
t,1900,800,650,2050,0,0,0,0,0,0,1,1
ct,1900,800,650,2050,0,0,0,0,0,0,1,1
t,1900,800,700,2000,0,0,0,0,0,0,1,1
t,1900,800,700,2000,0,0,0,0,0,0,1,1
ct,1900,800,650,2050,0,0,0,0,0,0,1,1
ct,2400,2200,2100,2500,1,0,0,0,0,0,1,1
t,1400,3350,3300,1450,0,0,0,0,0,0,0,1
t,1400,3850,3700,1550,0,0,0,0,0,0,0,1
ct,2400,2500,1800,3100,1,1,1,0,0,0,1,1
t,1400,4000,4000,1400,0,0,0,0,0,0,0,1
ct,2400,2200,2200,2400,0,0,0,0,0,0,1,1
t,1400,3650,3500,1550,0,0,0,0,0,0,0,1
ct,2400,2500,1450,3450,1,1,1,1,0,0,1,1
ct,2900,2500,600,4800,1,1,1,1,0,0,1,1
ct,2900,2550,300,5150,1,1,1,1,0,0,1,1
ct,2900,2800,0,5700,1,1,1,1,1,0,1,1
ct,2900,2400,200,5100,1,1,1,1,0,0,1,1
ct,2900,2650,500,5050,1,1,1,1,0,0,1,1
ct,3400,5250,5200,3450,1,1,1,1,0,0,1,1
ct,3400,5300,5200,3500,1,1,1,1,0,0,1,1
t,1400,6100,4400,3100,1,1,1,0,0,0,1,1
ct,3400,6150,6050,3500,1,1,1,1,0,0,1,1
t,1400,7450,4800,4050,1,1,1,1,0,0,1,1
ct,3400,5350,5200,3550,1,1,1,1,0,0,1,1
t,1400,6400,4900,2900,1,1,0,0,0,0,1,1
ct,3400,5400,5400,3400,1,1,1,1,0,0,1,1
ct,3400,3550,1250,5700,1,1,1,1,1,0,1,1
ct,3400,4800,4650,3550,1,1,1,1,0,0,1,1
t,1400,7100,4900,3600,1,1,1,1,0,0,1,1
t,1400,10200,6850,4750,1,1,1,1,0,0,1,1
ct,3400,5950,5250,4100,1,1,1,1,0,0,1,1
t,1400,9850,4900,6350,1,1,1,1,1,1,1,1
ct,3400,4350,4350,3400,1,1,1,1,0,0,1,1
t,1400,12550,4900,9050,1,1,1,1,1,1,1,1
t,1400,8400,4900,4900,1,1,1,1,0,0,1,1
ct,3400,4900,4850,3450,1,1,1,1,0,0,1,1
t,1400,7300,4900,3800,1,1,1,1,0,0,1,1
ct,1400,5000,4850,1550,0,0,0,0,0,0,0,1
t,1900,9350,4800,6450,1,1,1,1,1,1,1,1
ct,1400,4900,4900,1400,0,0,0,0,0,0,0,1
t,1400,8350,4800,4950,1,1,1,1,0,0,1,1
ct,2400,6200,5600,3000,1,1,1,0,0,0,1,1
ct,2400,4650,4650,2400,0,0,0,0,0,0,1,1
t,1400,10300,4900,6800,1,1,1,1,1,1,1,1
t,1400,10450,6950,4900,1,1,1,1,0,0,1,1
t,1400,7650,4900,4150,1,1,1,1,0,0,1,1
t,1400,8250,4900,4750,1,1,1,1,0,0,1,1
t,1400,7800,4900,4300,1,1,1,1,0,0,1,1
ct,2400,5900,5400,2900,1,1,0,0,0,0,1,1
ct,2900,4000,3900,3000,1,1,1,0,0,0,1,1
ct,2900,3400,3400,2900,1,1,0,0,0,0,1,1
ct,2900,4150,4150,2900,1,1,0,0,0,0,1,1
ct,2900,3450,3450,2900,1,1,0,0,0,0,1,1
ct,3400,3600,2900,4100,1,1,1,1,0,0,1,1
ct,3400,3500,3400,3500,1,1,1,1,0,0,1,1
ct,3400,4100,4100,3400,1,1,1,1,0,0,1,1
t,1400,8500,4900,5000,1,1,1,1,0,0,1,1
t,1400,11300,4900,7800,1,1,1,1,1,1,1,1
ct,3400,3500,3500,3400,1,1,1,1,0,0,1,1
t,1900,800,700,2000,0,0,0,0,0,0,1,1
t,1900,800,650,2050,0,0,0,0,0,0,1,1
t,1900,800,700,2000,0,0,0,0,0,0,1,1
t,1900,800,700,2000,0,0,0,0,0,0,1,1
t,1900,800,650,2050,0,0,0,0,0,0,1,1
t,2400,2900,2800,2500,1,0,0,0,0,0,1,1
t,2400,2950,2800,2550,1,0,0,0,0,0,1,1
ct,1400,3900,3900,1400,0,0,0,0,0,0,0,1
ct,1400,4500,4500,1400,0,0,0,0,0,0,0,1
t,2400,2900,2900,2400,0,0,0,0,0,0,1,1
ct,1400,4750,3550,2600,1,0,0,0,0,0,1,1
ct,1400,3900,3850,1450,0,0,0,0,0,0,0,1
t,2400,2650,2600,2450,1,0,0,0,0,0,1,1
ct,1900,1850,1800,1950,0,0,0,0,0,0,1,1
ct,1900,1550,1450,2000,0,0,0,0,0,0,1,1
ct,1900,2750,2700,1950,0,0,0,0,0,0,1,1
ct,2400,2050,0,4450,1,1,1,1,0,0,1,1
ct,2400,2600,0,5000,1,1,1,1,0,0,1,1
ct,2400,2100,0,4500,1,1,1,1,0,0,1,1
ct,2400,2150,0,4550,1,1,1,1,0,0,1,1
t,1400,4450,4400,1450,0,0,0,0,0,0,0,1
t,1400,5150,4900,1650,0,0,0,0,0,0,0,1
ct,2900,4550,4400,3050,1,1,1,0,0,0,1,1
ct,2900,4900,4900,2900,1,1,0,0,0,0,1,1
ct,2900,5150,4850,3200,1,1,1,1,0,0,1,1
ct,2900,4950,4850,3000,1,1,1,0,0,0,1,1
ct,3400,3500,1900,5000,1,1,1,1,0,0,1,1
ct,3400,5750,5400,3750,1,1,1,1,0,0,1,1
ct,3400,3350,1950,4800,1,1,1,1,0,0,1,1
ct,3400,3150,1450,5100,1,1,1,1,0,0,1,1
t,1400,5150,4900,1650,0,0,0,0,0,0,0,1
ct,1900,800,650,2050,0,0,0,0,0,0,1,1
ct,1900,800,650,2050,0,0,0,0,0,0,1,1
ct,1900,800,800,1900,0,0,0,0,0,0,1,1
ct,1900,800,650,2050,0,0,0,0,0,0,1,1
ct,1900,800,800,1900,0,0,0,0,0,0,1,1
t,1900,800,700,2000,0,0,0,0,0,0,1,1
t,1900,800,650,2050,0,0,0,0,0,0,1,1
t,1900,800,700,2000,0,0,0,0,0,0,1,1
t,1900,800,650,2050,0,0,0,0,0,0,1,1
t,1900,800,650,2050,0,0,0,0,0,0,1,1
ct,1400,3950,3050,2300,0,0,0,0,0,0,1,1
ct,1400,3950,3950,1400,0,0,0,0,0,0,0,1
ct,1400,3500,3350,1550,0,0,0,0,0,0,0,1
ct,1400,3950,3900,1450,0,0,0,0,0,0,0,1
ct,1400,4100,4100,1400,0,0,0,0,0,0,0,1
t,2400,2300,2300,2400,0,0,0,0,0,0,1,1
t,2400,2050,1900,2550,1,0,0,0,0,0,1,1
t,2400,2000,2000,2400,0,0,0,0,0,0,1,1
t,2400,2050,2050,2400,0,0,0,0,0,0,1,1
t,2400,2950,1600,3750,1,1,1,1,0,0,1,1
t,2900,2400,700,4600,1,1,1,1,0,0,1,1
t,2900,2550,700,4750,1,1,1,1,0,0,1,1
t,2900,2700,800,4800,1,1,1,1,0,0,1,1
t,2900,2700,0,5600,1,1,1,1,1,0,1,1
t,2900,2700,700,4900,1,1,1,1,0,0,1,1
ct,1400,6800,6700,1500,0,0,0,0,0,0,0,1
t,3400,4900,4900,3400,1,1,1,1,0,0,1,1
t,3400,4750,4600,3550,1,1,1,1,0,0,1,1
t,3400,4800,4800,3400,1,1,1,1,0,0,1,1
t,3400,5600,4800,4200,1,1,1,1,0,0,1,1
t,3400,4900,4900,3400,1,1,1,1,0,0,1,1
ct,1900,5450,5250,2100,0,0,0,0,0,0,1,1
ct,1900,4200,4150,1950,0,0,0,0,0,0,1,1
ct,1900,4300,4150,2050,0,0,0,0,0,0,1,1
ct,2400,2300,0,4700,1,1,1,1,0,0,1,1
ct,2400,2750,0,5150,1,1,1,1,0,0,1,1
ct,2400,2250,0,4650,1,1,1,1,0,0,1,1
ct,2400,2200,0,4600,1,1,1,1,0,0,1,1
t,1400,6750,4900,3250,1,1,1,1,0,0,1,1
t,1400,6100,4900,2600,1,0,0,0,0,0,1,1
ct,2900,5050,5050,2900,1,1,0,0,0,0,1,1
ct,2900,4750,4700,2950,1,1,1,0,0,0,1,1
ct,2900,5200,4850,3250,1,1,1,1,0,0,1,1
ct,2900,5000,4850,3050,1,1,1,0,0,0,1,1
ct,2900,4650,4650,2900,1,1,0,0,0,0,1,1
ct,3400,3300,1150,5550,1,1,1,1,1,0,1,1
ct,3400,3100,1000,5500,1,1,1,1,1,0,1,1
t,1400,7650,4800,4250,1,1,1,1,0,0,1,1
ct,3400,6750,6700,3450,1,1,1,1,0,0,1,1
ct,3400,5650,5200,3850,1,1,1,1,0,0,1,1
ct,3400,5800,5250,3950,1,1,1,1,0,0,1,1
ct,3400,5600,4850,4150,1,1,1,1,0,0,1,1
ct,3400,5650,5200,3850,1,1,1,1,0,0,1,1
t,1400,6400,4800,3000,1,1,1,0,0,0,1,1
t,1400,9950,4900,6450,1,1,1,1,1,1,1,1
t,1900,10100,4800,7200,1,1,1,1,1,1,1,1
t,1900,11500,6850,6550,1,1,1,1,1,1,1,1
t,1900,6450,4800,3550,1,1,1,1,0,0,1,1
ct,1900,5250,5200,1950,0,0,0,0,0,0,1,1
ct,1900,4650,4550,2000,0,0,0,0,0,0,1,1
ct,1900,5050,4850,2100,0,0,0,0,0,0,1,1
ct,1900,4450,4350,2000,0,0,0,0,0,0,1,1
t,1400,8550,4800,5150,1,1,1,1,0,0,1,1
ct,2400,3700,3700,2400,0,0,0,0,0,0,1,1
ct,2400,3900,3850,2450,1,0,0,0,0,0,1,1
ct,2400,3650,3650,2400,0,0,0,0,0,0,1,1
ct,2400,3650,3550,2500,1,0,0,0,0,0,1,1
t,1400,8950,5300,5050,1,1,1,1,0,0,1,1
t,1400,7200,4800,3800,1,1,1,1,0,0,1,1
t,1900,800,650,2050,0,0,0,0,0,0,1,1
t,1900,800,800,1900,0,0,0,0,0,0,1,1
t,1900,800,650,2050,0,0,0,0,0,0,1,1
t,1900,800,650,2050,0,0,0,0,0,0,1,1
t,1900,800,650,2050,0,0,0,0,0,0,1,1
t,1400,3700,3700,1400,0,0,0,0,0,0,0,1
t,1400,3850,3700,1550,0,0,0,0,0,0,0,1
t,1400,3700,3200,1900,0,0,0,0,0,0,1,1
t,1400,3700,3700,1400,0,0,0,0,0,0,0,1
t,1400,3700,3650,1450,0,0,0,0,0,0,0,1
ct,2400,2150,2000,2550,1,0,0,0,0,0,1,1
ct,2400,2150,2050,2500,1,0,0,0,0,0,1,1
t,1900,1700,1650,1950,0,0,0,0,0,0,1,1
t,1900,1400,1350,1950,0,0,0,0,0,0,1,1
t,1900,1400,1350,1950,0,0,0,0,0,0,1,1
t,1900,1450,1450,1900,0,0,0,0,0,0,1,1
ct,1400,3650,2550,2500,1,0,0,0,0,0,1,1
t,2400,1950,0,4350,1,1,1,1,0,0,1,1
t,2400,1900,0,4300,1,1,1,1,0,0,1,1
t,2400,1950,0,4350,1,1,1,1,0,0,1,1
t,2400,1950,0,4350,1,1,1,1,0,0,1,1
t,2400,1900,0,4300,1,1,1,1,0,0,1,1
t,2900,4350,4250,3000,1,1,1,0,0,0,1,1
t,2900,4300,4250,2950,1,1,1,0,0,0,1,1
t,2900,4650,4600,2950,1,1,1,0,0,0,1,1
t,2900,4350,4300,2950,1,1,1,0,0,0,1,1
t,2900,4300,4300,2900,1,1,0,0,0,0,1,1
t,3400,3300,2800,3900,1,1,1,1,0,0,1,1
t,3400,2950,2950,3400,1,1,1,1,0,0,1,1
t,3400,2950,2700,3650,1,1,1,1,0,0,1,1
t,3400,2900,2900,3400,1,1,1,1,0,0,1,1
ct,1400,9400,6300,4500,1,1,1,1,0,0,1,1
t,1900,800,650,2050,0,0,0,0,0,0,1,1
ct,1900,800,650,2050,0,0,0,0,0,0,1,1
t,1900,800,700,2000,0,0,0,0,0,0,1,1
ct,1900,800,650,2050,0,0,0,0,0,0,1,1
t,1900,800,650,2050,0,0,0,0,0,0,1,1
ct,1900,800,650,2050,0,0,0,0,0,0,1,1
ct,1900,800,650,2050,0,0,0,0,0,0,1,1
t,1900,800,650,2050,0,0,0,0,0,0,1,1
t,1900,800,700,2000,0,0,0,0,0,0,1,1
ct,1900,800,650,2050,0,0,0,0,0,0,1,1
t,2400,3250,3100,2550,1,0,0,0,0,0,1,1
t,2400,2600,2450,2550,1,0,0,0,0,0,1,1
ct,1400,4500,4250,1650,0,0,0,0,0,0,0,1
t,2400,2950,2800,2550,1,0,0,0,0,0,1,1
ct,1400,3900,3850,1450,0,0,0,0,0,0,0,1
t,2400,2650,2650,2400,0,0,0,0,0,0,1,1
t,2400,2600,2400,2600,1,0,0,0,0,0,1,1
ct,1400,3900,3900,1400,0,0,0,0,0,0,0,1
ct,1900,2350,2200,2050,0,0,0,0,0,0,1,1
ct,1900,1500,1350,2050,0,0,0,0,0,0,1,1
ct,1900,1550,1550,1900,0,0,0,0,0,0,1,1
t,1400,4300,3600,2100,0,0,0,0,0,0,1,1
ct,1900,1500,1450,1950,0,0,0,0,0,0,1,1
t,1400,5300,4900,1800,0,0,0,0,0,0,1,1
ct,2400,2450,0,4850,1,1,1,1,0,0,1,1
ct,2400,2550,700,4250,1,1,1,1,0,0,1,1
t,1400,6400,4900,2900,1,1,0,0,0,0,1,1
ct,2400,2550,700,4250,1,1,1,1,0,0,1,1
ct,2400,2100,0,4500,1,1,1,1,0,0,1,1
t,1400,4250,3250,2400,0,0,0,0,0,0,1,1
ct,2400,2450,500,4350,1,1,1,1,0,0,1,1
ct,2900,5250,4850,3300,1,1,1,1,0,0,1,1
ct,2900,4350,3550,3700,1,1,1,1,0,0,1,1
ct,2900,4650,4550,3000,1,1,1,0,0,0,1,1
ct,2900,4450,4350,3000,1,1,1,0,0,0,1,1
t,1400,5850,4900,2350,0,0,0,0,0,0,1,1
ct,3400,3350,1750,5000,1,1,1,1,0,0,1,1
ct,3400,3750,2100,5050,1,1,1,1,0,0,1,1
ct,3400,3050,1400,5050,1,1,1,1,0,0,1,1
ct,3400,3350,1650,5100,1,1,1,1,0,0,1,1
ct,3400,5050,4850,3600,1,1,1,1,0,0,1,1
ct,3400,5400,5200,3600,1,1,1,1,0,0,1,1
ct,3400,5150,4600,3950,1,1,1,1,0,0,1,1
t,1900,9950,4800,7050,1,1,1,1,1,1,1,1
t,1900,5100,4900,2100,0,0,0,0,0,0,1,1
t,2400,3450,1000,4850,1,1,1,1,0,0,1,1
t,2400,7050,4000,5450,1,1,1,1,1,0,1,1
t,2400,2100,300,4200,1,1,1,1,0,0,1,1
t,2400,6250,4300,4350,1,1,1,1,0,0,1,1
t,2900,4950,4900,2950,1,1,1,0,0,0,1,1
t,2900,5750,4800,3850,1,1,1,1,0,0,1,1
t,2900,4650,4600,2950,1,1,1,0,0,0,1,1
t,2900,3900,3800,3000,1,1,1,0,0,0,1,1
t,2900,4350,4250,3000,1,1,1,0,0,0,1,1
ct,1400,10650,5450,6600,1,1,1,1,1,1,1,1
ct,1900,4550,4550,1900,0,0,0,0,0,0,1,1
ct,1900,6650,6500,2050,0,0,0,0,0,0,1,1
ct,1900,6750,5600,3050,1,1,1,0,0,0,1,1
ct,1900,7200,5450,3650,1,1,1,1,0,0,1,1
ct,2400,4550,4550,2400,0,0,0,0,0,0,1,1
ct,2400,2850,2700,2550,1,0,0,0,0,0,1,1
ct,2400,4300,4250,2450,1,0,0,0,0,0,1,1
ct,2400,4300,4250,2450,1,0,0,0,0,0,1,1
ct,1900,800,800,1900,0,0,0,0,0,0,1,1
ct,1900,800,650,2050,0,0,0,0,0,0,1,1
ct,1900,800,650,2050,0,0,0,0,0,0,1,1
ct,1900,800,650,2050,0,0,0,0,0,0,1,1
ct,1900,800,650,2050,0,0,0,0,0,0,1,1
ct,2400,2050,1950,2500,1,0,0,0,0,0,1,1
t,1400,3350,3300,1450,0,0,0,0,0,0,0,1
ct,2400,2500,2500,2400,0,0,0,0,0,0,1,1
ct,2400,2200,2200,2400,0,0,0,0,0,0,1,1
t,1400,4300,3150,2550,1,0,0,0,0,0,1,1
t,1400,3400,3250,1550,0,0,0,0,0,0,0,1
ct,2400,2800,2750,2450,1,0,0,0,0,0,1,1
ct,2400,2200,1150,3450,1,1,1,1,0,0,1,1
t,1900,2050,2000,1950,0,0,0,0,0,0,1,1
t,1900,1450,1450,1900,0,0,0,0,0,0,1,1
t,1900,1550,1500,1950,0,0,0,0,0,0,1,1
t,1900,1400,1250,2050,0,0,0,0,0,0,1,1
t,2400,3750,3700,2450,1,0,0,0,0,0,1,1
t,2400,2500,700,4200,1,1,1,1,0,0,1,1
ct,1400,5950,5200,2150,0,0,0,0,0,0,1,1
t,2400,2600,700,4300,1,1,1,1,0,0,1,1
t,2400,2550,300,4650,1,1,1,1,0,0,1,1
ct,1400,5800,5200,2000,0,0,0,0,0,0,1,1
t,2400,2650,700,4350,1,1,1,1,0,0,1,1
t,2900,4400,4400,2900,1,1,0,0,0,0,1,1
t,2900,4300,4050,3150,1,1,1,1,0,0,1,1
t,2900,4650,4600,2950,1,1,1,0,0,0,1,1
t,3400,2950,1800,4550,1,1,1,1,0,0,1,1
t,3400,2900,2050,4250,1,1,1,1,0,0,1,1
ct,1400,7150,5800,2750,1,0,0,0,0,0,1,1
t,3400,3150,1450,5100,1,1,1,1,0,0,1,1
t,3400,2950,1650,4700,1,1,1,1,0,0,1,1
ct,1400,11700,5200,7900,1,1,1,1,1,1,1,1
t,3400,4550,4500,3450,1,1,1,1,0,0,1,1
t,3400,5100,5100,3400,1,1,1,1,0,0,1,1
t,3400,5000,4900,3500,1,1,1,1,0,0,1,1
t,3400,4900,4800,3500,1,1,1,1,0,0,1,1
t,1900,800,700,2000,0,0,0,0,0,0,1,1
t,1900,800,650,2050,0,0,0,0,0,0,1,1
ct,1900,800,650,2050,0,0,0,0,0,0,1,1
ct,1900,800,650,2050,0,0,0,0,0,0,1,1
t,1900,800,700,2000,0,0,0,0,0,0,1,1
t,1900,800,650,2050,0,0,0,0,0,0,1,1
ct,1900,800,800,1900,0,0,0,0,0,0,1,1
ct,1900,800,650,2050,0,0,0,0,0,0,1,1
t,1900,800,700,2000,0,0,0,0,0,0,1,1
ct,1900,800,650,2050,0,0,0,0,0,0,1,1
t,1400,3950,3800,1550,0,0,0,0,0,0,0,1
t,1400,3400,3300,1500,0,0,0,0,0,0,0,1
ct,2400,2800,2350,2850,1,1,0,0,0,0,1,1
ct,2400,2200,2150,2450,1,0,0,0,0,0,1,1
t,1400,3650,3500,1550,0,0,0,0,0,0,0,1
ct,2400,2050,1900,2550,1,0,0,0,0,0,1,1
ct,2400,2200,2100,2500,1,0,0,0,0,0,1,1
t,1400,3950,3900,1450,0,0,0,0,0,0,0,1
t,1900,1550,1500,1950,0,0,0,0,0,0,1,1
t,1900,2100,2000,2000,0,0,0,0,0,0,1,1
t,1900,1400,950,2350,0,0,0,0,0,0,1,1
ct,1400,3850,3700,1550,0,0,0,0,0,0,0,1
t,1900,1450,1450,1900,0,0,0,0,0,0,1,1
ct,1400,3500,3450,1450,0,0,0,0,0,0,0,1
t,1400,3850,3600,1650,0,0,0,0,0,0,0,1
t,1400,6650,4900,3150,1,1,1,1,0,0,1,1
ct,2400,3100,0,5500,1,1,1,1,1,0,1,1
ct,2400,2350,900,3850,1,1,1,1,0,0,1,1
t,1400,6150,4900,2650,1,0,0,0,0,0,1,1
ct,2400,2350,500,4250,1,1,1,1,0,0,1,1
t,1400,5250,4600,2050,0,0,0,0,0,0,1,1
ct,2400,2550,300,4650,1,1,1,1,0,0,1,1
ct,2900,5850,5700,3050,1,1,1,0,0,0,1,1
ct,2900,4700,4650,2950,1,1,1,0,0,0,1,1
ct,2900,4300,4150,3050,1,1,1,0,0,0,1,1
ct,2900,4700,4650,2950,1,1,1,0,0,0,1,1
t,1400,7800,4900,4300,1,1,1,1,0,0,1,1
ct,3400,3200,0,6600,1,1,1,1,1,1,1,1
t,1400,6100,4800,2700,1,0,0,0,0,0,1,1
ct,3400,3100,1000,5500,1,1,1,1,1,0,1,1
ct,3400,3700,1000,6100,1,1,1,1,1,1,1,1
ct,3400,7300,6700,4000,1,1,1,1,0,0,1,1
ct,3400,5250,5200,3450,1,1,1,1,0,0,1,1
t,1400,6300,4900,2800,1,1,0,0,0,0,1,1
ct,3400,5600,5250,3750,1,1,1,1,0,0,1,1
ct,3400,5550,5200,3750,1,1,1,1,0,0,1,1
ct,3400,6200,5250,4350,1,1,1,1,0,0,1,1
t,1900,6450,4900,3450,1,1,1,1,0,0,1,1
t,1400,5450,4900,1950,0,0,0,0,0,0,1,1
t,1400,6600,4400,3600,1,1,1,1,0,0,1,1
ct,1900,5450,5250,2100,0,0,0,0,0,0,1,1
t,1400,7550,4800,4150,1,1,1,1,0,0,1,1
t,1900,2900,1000,3800,1,1,1,1,0,0,1,1
t,1900,2250,500,3650,1,1,1,1,0,0,1,1
t,1900,3600,700,4800,1,1,1,1,0,0,1,1
t,1900,3250,1850,3300,1,1,1,1,0,0,1,1
t,2400,3800,3700,2500,1,0,0,0,0,0,1,1
t,2400,3650,3500,2550,1,0,0,0,0,0,1,1
t,2400,4300,4200,2500,1,0,0,0,0,0,1,1
t,2400,3600,3500,2500,1,0,0,0,0,0,1,1
t,2400,4950,4800,2550,1,0,0,0,0,0,1,1
ct,1900,800,650,2050,0,0,0,0,0,0,1,1
ct,1900,800,650,2050,0,0,0,0,0,0,1,1
ct,1900,800,650,2050,0,0,0,0,0,0,1,1
ct,1900,800,650,2050,0,0,0,0,0,0,1,1
ct,1900,800,650,2050,0,0,0,0,0,0,1,1
ct,1400,3950,3850,1500,0,0,0,0,0,0,0,1
ct,1400,4250,4250,1400,0,0,0,0,0,0,0,1
t,2400,2000,1850,2550,1,0,0,0,0,0,1,1
t,2400,2000,1350,3050,1,1,1,0,0,0,1,1
ct,1400,3650,3550,1500,0,0,0,0,0,0,0,1
ct,1400,3650,3250,1800,0,0,0,0,0,0,1,1
t,2400,2050,2000,2450,1,0,0,0,0,0,1,1
t,2400,2050,2000,2450,1,0,0,0,0,0,1,1
ct,1400,4250,4200,1450,0,0,0,0,0,0,0,1
t,2400,2650,2650,2400,0,0,0,0,0,0,1,1
ct,1900,1900,1900,1900,0,0,0,0,0,0,1,1
ct,1900,1500,1450,1950,0,0,0,0,0,0,1,1
ct,1900,1600,1450,2050,0,0,0,0,0,0,1,1
t,1400,3850,3700,1550,0,0,0,0,0,0,0,1
ct,2400,1950,0,4350,1,1,1,1,0,0,1,1
ct,2400,2000,500,3900,1,1,1,1,0,0,1,1
ct,2400,2050,0,4450,1,1,1,1,0,0,1,1
ct,2900,4300,4250,2950,1,1,1,0,0,0,1,1
ct,2900,4350,4350,2900,1,1,0,0,0,0,1,1
ct,2900,3900,3850,2950,1,1,1,0,0,0,1,1
ct,2900,4450,4350,3000,1,1,1,0,0,0,1,1
ct,2900,4450,4250,3100,1,1,1,0,0,0,1,1
t,1900,6600,4900,3600,1,1,1,1,0,0,1,1
t,1900,8450,4900,5450,1,1,1,1,1,0,1,1
ct,1900,5050,4850,2100,0,0,0,0,0,0,1,1
t,1400,5200,4900,1700,0,0,0,0,0,0,1,1
t,1900,5600,5600,1900,0,0,0,0,0,0,1,1
t,1900,5150,4800,2250,0,0,0,0,0,0,1,1
t,1900,1700,1700,1900,0,0,0,0,0,0,1,1
t,2400,2550,0,4950,1,1,1,1,0,0,1,1
t,2400,1900,0,4300,1,1,1,1,0,0,1,1
t,2400,1900,0,4300,1,1,1,1,0,0,1,1
t,2400,2350,300,4450,1,1,1,1,0,0,1,1
t,2900,4000,3850,3050,1,1,1,0,0,0,1,1
t,2900,3500,3250,3150,1,1,1,1,0,0,1,1
t,2900,4000,3950,2950,1,1,1,0,0,0,1,1
t,2900,4150,4000,3050,1,1,1,0,0,0,1,1
ct,1900,800,650,2050,0,0,0,0,0,0,1,1
ct,1900,800,650,2050,0,0,0,0,0,0,1,1
ct,1900,800,650,2050,0,0,0,0,0,0,1,1
t,1900,800,700,2000,0,0,0,0,0,0,1,1
t,1900,800,650,2050,0,0,0,0,0,0,1,1
t,1900,800,650,2050,0,0,0,0,0,0,1,1
t,1900,800,700,2000,0,0,0,0,0,0,1,1
ct,1900,800,800,1900,0,0,0,0,0,0,1,1
t,1900,800,700,2000,0,0,0,0,0,0,1,1
ct,1900,800,650,2050,0,0,0,0,0,0,1,1
ct,1400,3650,3550,1500,0,0,0,0,0,0,0,1
ct,1400,4250,4250,1400,0,0,0,0,0,0,0,1
ct,1400,3650,3550,1500,0,0,0,0,0,0,0,1
t,2400,2000,1500,2900,1,1,0,0,0,0,1,1
t,2400,2050,2000,2450,1,0,0,0,0,0,1,1
t,2400,2350,2200,2550,1,0,0,0,0,0,1,1
t,2400,2000,1650,2750,1,0,0,0,0,0,1,1
ct,1400,3800,3750,1450,0,0,0,0,0,0,0,1
t,2400,2000,700,3700,1,1,1,1,0,0,1,1
ct,1400,4250,4250,1400,0,0,0,0,0,0,0,1
ct,1900,1750,1150,2500,1,0,0,0,0,0,1,1
ct,1900,1750,1750,1900,0,0,0,0,0,0,1,1
t,1400,3800,3800,1400,0,0,0,0,0,0,0,1
t,1400,3850,3700,1550,0,0,0,0,0,0,0,1
t,1400,3650,3500,1550,0,0,0,0,0,0,0,1
t,1400,3750,3450,1700,0,0,0,0,0,0,1,1
t,1400,4100,3250,2250,0,0,0,0,0,0,1,1
ct,1900,1650,1650,1900,0,0,0,0,0,0,1,1
ct,1400,5250,4550,2100,0,0,0,0,0,0,1,1
ct,1400,4100,4050,1450,0,0,0,0,0,0,0,1
ct,1400,4050,4050,1400,0,0,0,0,0,0,0,1
t,1900,2000,2000,1900,0,0,0,0,0,0,1,1
t,1900,2150,2000,2050,0,0,0,0,0,0,1,1
t,1900,2750,2750,1900,0,0,0,0,0,0,1,1
t,1900,2900,2850,1950,0,0,0,0,0,0,1,1
ct,1400,4200,4150,1450,0,0,0,0,0,0,0,1
t,1900,3250,3150,2000,0,0,0,0,0,0,1,1
t,2400,1900,0,4300,1,1,1,1,0,0,1,1
t,2400,2050,0,4450,1,1,1,1,0,0,1,1
t,2400,1900,0,4300,1,1,1,1,0,0,1,1
t,2400,1900,0,4300,1,1,1,1,0,0,1,1
t,2900,4300,4200,3000,1,1,1,0,0,0,1,1
t,2900,4450,4400,2950,1,1,1,0,0,0,1,1
t,2900,4300,4200,3000,1,1,1,0,0,0,1,1
t,2900,3950,3250,3600,1,1,1,1,0,0,1,1
t,2900,4300,4200,3000,1,1,1,0,0,0,1,1
ct,1400,8150,5000,4550,1,1,1,1,0,0,1,1
t,3400,3000,1750,4650,1,1,1,1,0,0,1,1
t,3400,2950,1800,4550,1,1,1,1,0,0,1,1
t,3400,3000,1500,4900,1,1,1,1,0,0,1,1
t,3400,3000,300,6100,1,1,1,1,1,1,1,1
ct,1900,8250,5200,4950,1,1,1,1,0,0,1,1
t,1400,5350,4900,1850,0,0,0,0,0,0,1,1
t,1400,4650,4600,1450,0,0,0,0,0,0,0,1
t,1400,5000,4900,1500,0,0,0,0,0,0,0,1
t,1400,5350,4900,1850,0,0,0,0,0,0,1,1
ct,1900,9350,5800,5450,1,1,1,1,1,0,1,1
t,1400,5500,4900,2000,0,0,0,0,0,0,1,1
ct,1400,8700,5200,4900,1,1,1,1,0,0,1,1
t,1900,5250,4900,2250,0,0,0,0,0,0,1,1
t,1900,5150,4800,2250,0,0,0,0,0,0,1,1
t,1900,5200,4900,2200,0,0,0,0,0,0,1,1
t,1900,5850,4900,2850,1,1,0,0,0,0,1,1
t,1900,6100,4900,3100,1,1,1,0,0,0,1,1
ct,1400,10950,7950,4400,1,1,1,1,0,0,1,1
ct,1400,7350,5200,3550,1,1,1,1,0,0,1,1
t,2400,3050,1800,3650,1,1,1,1,0,0,1,1
t,2400,3050,2000,3450,1,1,1,1,0,0,1,1
t,2400,2700,1700,3400,1,1,1,1,0,0,1,1
t,2400,3350,2700,3050,1,1,1,0,0,0,1,1
ct,1400,7450,5200,3650,1,1,1,1,0,0,1,1
t,2900,2900,2700,3100,1,1,1,0,0,0,1,1
t,2900,3550,3550,2900,1,1,0,0,0,0,1,1
ct,1900,800,650,2050,0,0,0,0,0,0,1,1
ct,1900,800,650,2050,0,0,0,0,0,0,1,1
ct,1900,800,800,1900,0,0,0,0,0,0,1,1
ct,1900,800,800,1900,0,0,0,0,0,0,1,1
ct,1900,800,650,2050,0,0,0,0,0,0,1,1
t,1400,4200,4000,1600,0,0,0,0,0,0,0,1
t,1400,3900,3750,1550,0,0,0,0,0,0,0,1
ct,2400,2100,1950,2550,1,0,0,0,0,0,1,1
ct,2400,2100,2000,2500,1,0,0,0,0,0,1,1
ct,2400,1950,1950,2400,0,0,0,0,0,0,1,1
ct,2400,2250,2100,2550,1,0,0,0,0,0,1,1
t,1400,3600,3250,1750,0,0,0,0,0,0,1,1
ct,2400,2100,1650,2850,1,1,0,0,0,0,1,1
t,1400,4250,4200,1450,0,0,0,0,0,0,0,1
ct,2900,2550,2500,2950,1,1,1,0,0,0,1,1
ct,2900,2500,800,4600,1,1,1,1,0,0,1,1
ct,2900,2400,2100,3200,1,1,1,1,0,0,1,1
ct,3400,4500,4350,3550,1,1,1,1,0,0,1,1
ct,3400,3100,3050,3450,1,1,1,1,0,0,1,1
ct,3400,3950,3850,3500,1,1,1,1,0,0,1,1
t,1400,7550,4900,4050,1,1,1,1,0,0,1,1
ct,3400,3500,3400,3500,1,1,1,1,0,0,1,1
t,1900,5200,4800,2300,0,0,0,0,0,0,1,1
t,1900,7050,4900,4050,1,1,1,1,0,0,1,1
t,1900,4650,4600,1950,0,0,0,0,0,0,1,1
t,1900,7950,4800,5050,1,1,1,1,0,0,1,1
ct,1900,800,650,2050,0,0,0,0,0,0,1,1
t,1900,800,650,2050,0,0,0,0,0,0,1,1
t,1900,800,650,2050,0,0,0,0,0,0,1,1
t,1900,800,650,2050,0,0,0,0,0,0,1,1
ct,1900,800,650,2050,0,0,0,0,0,0,1,1
t,1900,800,800,1900,0,0,0,0,0,0,1,1
ct,1900,800,800,1900,0,0,0,0,0,0,1,1
ct,1900,800,650,2050,0,0,0,0,0,0,1,1
ct,1900,800,650,2050,0,0,0,0,0,0,1,1
t,1900,800,650,2050,0,0,0,0,0,0,1,1
ct,2400,2150,2000,2550,1,0,0,0,0,0,1,1
t,1400,4300,3850,1850,0,0,0,0,0,0,1,1
t,1400,4000,4000,1400,0,0,0,0,0,0,0,1
t,1400,3400,3300,1500,0,0,0,0,0,0,0,1
ct,2400,2150,650,3900,1,1,1,1,0,0,1,1
t,1400,3550,3450,1500,0,0,0,0,0,0,0,1
ct,2400,2000,1950,2450,1,0,0,0,0,0,1,1
ct,2400,2450,1800,3050,1,1,1,0,0,0,1,1
t,1400,3400,3300,1500,0,0,0,0,0,0,0,1
ct,3400,5300,5050,3650,1,1,1,1,0,0,1,1
t,1400,6250,4900,2750,1,0,0,0,0,0,1,1
ct,3400,5050,4850,3600,1,1,1,1,0,0,1,1
t,1400,6700,4900,3200,1,1,1,1,0,0,1,1
ct,3400,5200,4750,3850,1,1,1,1,0,0,1,1
ct,3400,5800,5750,3450,1,1,1,1,0,0,1,1
ct,3400,5700,5200,3900,1,1,1,1,0,0,1,1
ct,3400,4050,4050,3400,1,1,1,1,0,0,1,1
ct,3400,4000,3850,3550,1,1,1,1,0,0,1,1
ct,3400,3600,2550,4450,1,1,1,1,0,0,1,1
t,1400,7600,4900,4100,1,1,1,1,0,0,1,1
t,1900,7600,6850,2650,1,0,0,0,0,0,1,1
t,1900,4300,4250,1950,0,0,0,0,0,0,1,1
ct,1400,5250,5200,1450,0,0,0,0,0,0,0,1
t,1900,4100,3900,2100,0,0,0,0,0,0,1,1
ct,1400,6000,5400,2000,0,0,0,0,0,0,1,1
t,2400,2050,0,4450,1,1,1,1,0,0,1,1
t,2400,2300,0,4700,1,1,1,1,0,0,1,1
t,2400,1950,0,4350,1,1,1,1,0,0,1,1
t,2400,2400,300,4500,1,1,1,1,0,0,1,1
t,2900,5350,4900,3350,1,1,1,1,0,0,1,1
t,2900,5300,4900,3300,1,1,1,1,0,0,1,1
t,2900,5550,4800,3650,1,1,1,1,0,0,1,1
ct,1400,8250,5600,4050,1,1,1,1,0,0,1,1
t,2900,4950,4900,2950,1,1,1,0,0,0,1,1
ct,1400,6100,5600,1900,0,0,0,0,0,0,1,1
t,2900,5400,4800,3500,1,1,1,1,0,0,1,1
t,3400,4550,1000,6950,1,1,1,1,1,1,1,1
t,3400,4200,2800,4800,1,1,1,1,0,0,1,1
t,3400,4250,1450,6200,1,1,1,1,1,1,1,1
t,3400,3550,2000,4950,1,1,1,1,0,0,1,1
ct,1400,6350,5800,1950,0,0,0,0,0,0,1,1
t,3400,4100,4000,3500,1,1,1,1,0,0,1,1
t,3400,4800,4700,3500,1,1,1,1,0,0,1,1
t,3400,4950,4900,3450,1,1,1,1,0,0,1,1
ct,1900,5100,4850,2150,0,0,0,0,0,0,1,1
ct,1900,7850,7100,2650,1,0,0,0,0,0,1,1
ct,1900,8650,5600,4950,1,1,1,1,0,0,1,1
t,1900,4100,4000,2000,0,0,0,0,0,0,1,1
t,1900,4050,3950,2000,0,0,0,0,0,0,1,1
ct,1400,6000,5800,1600,0,0,0,0,0,0,0,1
t,1900,800,700,2000,0,0,0,0,0,0,1,1
t,1900,800,650,2050,0,0,0,0,0,0,1,1
t,1900,800,650,2050,0,0,0,0,0,0,1,1
t,1900,800,700,2000,0,0,0,0,0,0,1,1
t,1900,800,650,2050,0,0,0,0,0,0,1,1
t,2400,2900,2750,2550,1,0,0,0,0,0,1,1
ct,1400,4800,4700,1500,0,0,0,0,0,0,0,1
ct,1400,4500,4500,1400,0,0,0,0,0,0,0,1
ct,1400,3900,3650,1650,0,0,0,0,0,0,0,1
t,2400,2950,2450,2900,1,1,0,0,0,0,1,1
ct,1400,3750,3750,1400,0,0,0,0,0,0,0,1
t,2400,2650,2550,2500,1,0,0,0,0,0,1,1
t,2400,2600,2600,2400,0,0,0,0,0,0,1,1
t,2400,3250,3100,2550,1,0,0,0,0,0,1,1
ct,1400,4050,4050,1400,0,0,0,0,0,0,0,1
t,2900,3450,1950,4400,1,1,1,1,0,0,1,1
t,2900,3000,1250,4650,1,1,1,1,0,0,1,1
t,2900,3100,1550,4450,1,1,1,1,0,0,1,1
t,2900,3300,700,5500,1,1,1,1,1,0,1,1
t,2900,3150,900,5150,1,1,1,1,0,0,1,1
t,3400,4400,4400,3400,1,1,1,1,0,0,1,1
t,3400,4650,4600,3450,1,1,1,1,0,0,1,1
t,3400,5500,4800,4100,1,1,1,1,0,0,1,1
t,3400,5150,4800,3750,1,1,1,1,0,0,1,1
ct,1900,4850,4700,2050,0,0,0,0,0,0,1,1
ct,1900,7650,5400,4150,1,1,1,1,0,0,1,1
ct,1900,6200,6200,1900,0,0,0,0,0,0,1,1
ct,1900,7450,5800,3550,1,1,1,1,0,0,1,1
t,1400,3300,3250,1450,0,0,0,0,0,0,0,1
t,1400,4250,4200,1450,0,0,0,0,0,0,0,1
t,1900,3350,2000,3250,1,1,1,1,0,0,1,1
ct,1400,6350,5200,2550,1,0,0,0,0,0,1,1
t,1900,2750,500,4150,1,1,1,1,0,0,1,1
t,1900,2900,1000,3800,1,1,1,1,0,0,1,1
t,2400,5150,5100,2450,1,0,0,0,0,0,1,1
ct,1400,6700,5200,2900,1,1,0,0,0,0,1,1
t,2400,6200,5100,3500,1,1,1,1,0,0,1,1
t,2400,3650,3600,2450,1,0,0,0,0,0,1,1
t,2400,5750,5700,2450,1,0,0,0,0,0,1,1
t,2400,5700,4900,3200,1,1,1,1,0,0,1,1
t,1400,3550,3250,1700,0,0,0,0,0,0,1,1
t,1400,4600,4600,1400,0,0,0,0,0,0,0,1
ct,1900,4750,4550,2100,0,0,0,0,0,0,1,1
t,1400,4150,4000,1550,0,0,0,0,0,0,0,1
t,1400,3750,3500,1650,0,0,0,0,0,0,0,1
t,1400,4600,4600,1400,0,0,0,0,0,0,0,1
t,1900,3900,3900,1900,0,0,0,0,0,0,1,1
ct,1400,5800,5200,2000,0,0,0,0,0,0,1,1
t,1900,3150,2950,2100,0,0,0,0,0,0,1,1
t,1900,3000,2750,2150,0,0,0,0,0,0,1,1
ct,1900,1750,0,3650,1,1,1,1,0,0,1,1
ct,1900,2750,0,4650,1,1,1,1,0,0,1,1
ct,1900,3200,0,5100,1,1,1,1,0,0,1,1
t,1400,4050,4000,1450,0,0,0,0,0,0,0,1
ct,1900,3350,300,4950,1,1,1,1,0,0,1,1
ct,2400,3700,3550,2550,1,0,0,0,0,0,1,1
ct,2400,5000,5000,2400,0,0,0,0,0,0,1,1
ct,2400,5250,5250,2400,0,0,0,0,0,0,1,1
ct,2400,5150,5050,2500,1,0,0,0,0,0,1,1
ct,2400,5000,4900,2500,1,0,0,0,0,0,1,1
ct,1900,800,650,2050,0,0,0,0,0,0,1,1
t,1900,800,650,2050,0,0,0,0,0,0,1,1
t,1900,800,700,2000,0,0,0,0,0,0,1,1
t,1900,800,650,2050,0,0,0,0,0,0,1,1
ct,1900,800,800,1900,0,0,0,0,0,0,1,1
ct,1900,800,800,1900,0,0,0,0,0,0,1,1
ct,1900,800,650,2050,0,0,0,0,0,0,1,1
ct,1900,800,700,2000,0,0,0,0,0,0,1,1
t,1900,800,700,2000,0,0,0,0,0,0,1,1
t,1900,800,700,2000,0,0,0,0,0,0,1,1
ct,1400,4250,4050,1600,0,0,0,0,0,0,0,1
t,2400,2050,0,4450,1,1,1,1,0,0,1,1
t,2400,2000,0,4400,1,1,1,1,0,0,1,1
t,2400,2050,0,4450,1,1,1,1,0,0,1,1
ct,1400,3500,3050,1850,0,0,0,0,0,0,1,1
ct,1400,4100,3450,2050,0,0,0,0,0,0,1,1
ct,1400,3650,3500,1550,0,0,0,0,0,0,0,1
ct,1400,3900,3700,1600,0,0,0,0,0,0,0,1
t,2400,2300,300,4400,1,1,1,1,0,0,1,1
t,2400,2300,200,4500,1,1,1,1,0,0,1,1
t,2900,4450,4400,2950,1,1,1,0,0,0,1,1
t,2900,4400,4400,2900,1,1,0,0,0,0,1,1
t,2900,4450,4300,3050,1,1,1,0,0,0,1,1
ct,1400,5350,5200,1550,0,0,0,0,0,0,0,1
t,2900,4400,4400,2900,1,1,0,0,0,0,1,1
t,2900,4800,4800,2900,1,1,0,0,0,0,1,1
ct,1400,6950,5600,2750,1,0,0,0,0,0,1,1
t,3400,3550,1450,5500,1,1,1,1,1,0,1,1
t,3400,3800,2100,5100,1,1,1,1,0,0,1,1
t,3400,3650,1650,5400,1,1,1,1,1,0,1,1
ct,1400,7200,5600,3000,1,1,1,0,0,0,1,1
ct,1400,9250,5600,5050,1,1,1,1,0,0,1,1
t,3400,4400,1750,6050,1,1,1,1,1,1,1,1
t,3400,3800,2600,4600,1,1,1,1,0,0,1,1
t,3400,6350,4900,4850,1,1,1,1,0,0,1,1
t,3400,6000,4800,4600,1,1,1,1,0,0,1,1
t,3400,5600,4900,4100,1,1,1,1,0,0,1,1
ct,1400,7400,5250,3550,1,1,1,1,0,0,1,1
t,3400,6950,6850,3500,1,1,1,1,0,0,1,1
t,3400,5200,4800,3800,1,1,1,1,0,0,1,1
t,1400,4950,4800,1550,0,0,0,0,0,0,0,1
t,1400,5600,4800,2200,0,0,0,0,0,0,1,1
ct,2400,2200,300,4300,1,1,1,1,0,0,1,1
ct,2400,3950,1450,4900,1,1,1,1,0,0,1,1
ct,2400,3300,1000,4700,1,1,1,1,0,0,1,1
ct,2400,2200,0,4600,1,1,1,1,0,0,1,1
t,1400,5700,4800,2300,0,0,0,0,0,0,1,1
t,1400,7100,4800,3700,1,1,1,1,0,0,1,1
t,1900,3200,3100,2000,0,0,0,0,0,0,1,1
t,1900,5900,4700,3100,1,1,1,0,0,0,1,1
t,1900,3300,3300,1900,0,0,0,0,0,0,1,1
t,1900,4700,4600,2000,0,0,0,0,0,0,1,1
t,2400,3350,1800,3950,1,1,1,1,0,0,1,1
t,2400,3000,1800,3600,1,1,1,1,0,0,1,1
t,2400,4100,2500,4000,1,1,1,1,0,0,1,1
ct,1400,6800,5800,2400,0,0,0,0,0,0,1,1
ct,1400,7650,3700,5350,1,1,1,1,0,0,1,1
t,2400,2900,1450,3850,1,1,1,1,0,0,1,1
t,1400,5950,3800,3550,1,1,1,1,0,0,1,1
t,1400,4700,4600,1500,0,0,0,0,0,0,0,1
ct,1900,7050,6700,2250,0,0,0,0,0,0,1,1
ct,2400,4650,4650,2400,0,0,0,0,0,0,1,1
t,1900,7750,4800,4850,1,1,1,1,0,0,1,1
t,1900,5600,4800,2700,1,0,0,0,0,0,1,1
t,1900,6300,4900,3300,1,1,1,1,0,0,1,1
t,1900,7400,5300,4000,1,1,1,1,0,0,1,1
t,1900,8550,5300,5150,1,1,1,1,0,0,1,1
ct,1900,800,650,2050,0,0,0,0,0,0,1,1
ct,1900,800,650,2050,0,0,0,0,0,0,1,1
ct,1900,800,650,2050,0,0,0,0,0,0,1,1
ct,1900,800,650,2050,0,0,0,0,0,0,1,1
ct,1900,800,800,1900,0,0,0,0,0,0,1,1
ct,2400,2100,2100,2400,0,0,0,0,0,0,1,1
ct,2400,2100,2000,2500,1,0,0,0,0,0,1,1
ct,2400,2100,1500,3000,1,1,1,0,0,0,1,1
t,1400,3800,3700,1500,0,0,0,0,0,0,0,1
t,1400,4250,4150,1500,0,0,0,0,0,0,0,1
t,1400,3800,3800,1400,0,0,0,0,0,0,0,1
ct,2400,2100,1950,2550,1,0,0,0,0,0,1,1
ct,2400,2250,2200,2450,1,0,0,0,0,0,1,1
t,1400,3650,3500,1550,0,0,0,0,0,0,0,1
ct,2900,3200,1150,4950,1,1,1,1,0,0,1,1
ct,2900,3300,500,5700,1,1,1,1,1,0,1,1
ct,2900,2600,800,4700,1,1,1,1,0,0,1,1
t,1400,3650,3500,1550,0,0,0,0,0,0,0,1
t,1400,3700,3700,1400,0,0,0,0,0,0,0,1
ct,2900,2750,0,5650,1,1,1,1,1,0,1,1
ct,2900,2650,800,4750,1,1,1,1,0,0,1,1
t,1400,3400,3300,1500,0,0,0,0,0,0,0,1
ct,3400,5500,5400,3500,1,1,1,1,0,0,1,1
ct,3400,4800,4650,3550,1,1,1,1,0,0,1,1
t,1400,4000,3900,1500,0,0,0,0,0,0,0,1
ct,3400,4850,4850,3400,1,1,1,1,0,0,1,1
ct,3400,3800,3750,3450,1,1,1,1,0,0,1,1
ct,3400,3700,3550,3550,1,1,1,1,0,0,1,1
ct,3400,3750,3750,3400,1,1,1,1,0,0,1,1
t,1400,7250,3600,5050,1,1,1,1,0,0,1,1
t,1400,5350,4900,1850,0,0,0,0,0,0,1,1
ct,3400,4200,4150,3450,1,1,1,1,0,0,1,1
t,1400,6300,4800,2900,1,1,0,0,0,0,1,1
ct,1400,3800,3550,1650,0,0,0,0,0,0,0,1
t,1900,2600,2600,1900,0,0,0,0,0,0,1,1
t,1900,5050,4900,2050,0,0,0,0,0,0,1,1
t,1900,2900,2600,2200,0,0,0,0,0,0,1,1
ct,1900,800,650,2050,0,0,0,0,0,0,1,1
t,1900,800,650,2050,0,0,0,0,0,0,1,1
t,1900,800,650,2050,0,0,0,0,0,0,1,1
ct,1900,800,800,1900,0,0,0,0,0,0,1,1
ct,1900,800,650,2050,0,0,0,0,0,0,1,1
ct,1900,800,800,1900,0,0,0,0,0,0,1,1
t,1900,800,700,2000,0,0,0,0,0,0,1,1
ct,1900,800,650,2050,0,0,0,0,0,0,1,1
t,1900,800,650,2050,0,0,0,0,0,0,1,1
t,1900,800,750,1950,0,0,0,0,0,0,1,1
ct,2400,2200,2200,2400,0,0,0,0,0,0,1,1
t,1400,3400,3400,1400,0,0,0,0,0,0,0,1
ct,2400,2050,2000,2450,1,0,0,0,0,0,1,1
ct,2400,2500,1650,3250,1,1,1,1,0,0,1,1
ct,2400,2350,2200,2550,1,0,0,0,0,0,1,1
t,1400,3350,3250,1500,0,0,0,0,0,0,0,1
t,1400,3300,2700,2000,0,0,0,0,0,0,1,1
t,1900,1400,1400,1900,0,0,0,0,0,0,1,1
ct,1400,4300,4200,1500,0,0,0,0,0,0,0,1
ct,1400,4800,4700,1500,0,0,0,0,0,0,0,1
t,1900,1400,1300,2000,0,0,0,0,0,0,1,1
t,1900,2000,2000,1900,0,0,0,0,0,0,1,1
t,2400,2000,0,4400,1,1,1,1,0,0,1,1
t,2400,1900,0,4300,1,1,1,1,0,0,1,1
t,2400,1900,0,4300,1,1,1,1,0,0,1,1
t,2400,2000,0,4400,1,1,1,1,0,0,1,1
t,2400,1900,0,4300,1,1,1,1,0,0,1,1
ct,1400,6700,5200,2900,1,1,0,0,0,0,1,1
t,2900,4700,4700,2900,1,1,0,0,0,0,1,1
t,2900,4900,4900,2900,1,1,0,0,0,0,1,1
ct,1400,9050,5200,5250,1,1,1,1,0,0,1,1
ct,1400,6950,4850,3500,1,1,1,1,0,0,1,1
t,2900,5200,5100,3000,1,1,1,0,0,0,1,1
t,2900,5900,4900,3900,1,1,1,1,0,0,1,1
t,2900,5200,4800,3300,1,1,1,1,0,0,1,1
t,3400,3800,3800,3400,1,1,1,1,0,0,1,1
ct,1400,6150,5200,2350,0,0,0,0,0,0,1,1
ct,1400,5700,5200,1900,0,0,0,0,0,0,1,1
t,3400,4800,4800,3400,1,1,1,1,0,0,1,1
t,3400,3900,3900,3400,1,1,1,1,0,0,1,1
t,3400,3400,2400,4400,1,1,1,1,0,0,1,1
t,3400,3550,2200,4750,1,1,1,1,0,0,1,1
t,3400,3400,2000,4800,1,1,1,1,0,0,1,1
t,3400,3400,2000,4800,1,1,1,1,0,0,1,1
ct,1400,9350,5600,5150,1,1,1,1,0,0,1,1
t,3400,5000,4900,3500,1,1,1,1,0,0,1,1
t,3400,4100,4000,3500,1,1,1,1,0,0,1,1
ct,1400,10000,4850,6550,1,1,1,1,1,1,1,1
t,3400,6250,4800,4850,1,1,1,1,0,0,1,1
ct,1400,6600,5200,2800,1,1,0,0,0,0,1,1
t,3400,5200,4900,3700,1,1,1,1,0,0,1,1
t,3400,6000,4900,4500,1,1,1,1,0,0,1,1
t,3400,3500,3500,3400,1,1,1,1,0,0,1,1
t,3400,3700,3700,3400,1,1,1,1,0,0,1,1
t,3400,3700,3700,3400,1,1,1,1,0,0,1,1
t,3400,4200,4200,3400,1,1,1,1,0,0,1,1
ct,1400,10050,5600,5850,1,1,1,1,1,0,1,1
t,3400,3400,3300,3500,1,1,1,1,0,0,1,1
ct,1900,11050,7950,5000,1,1,1,1,0,0,1,1
ct,1900,10450,5200,7150,1,1,1,1,1,1,1,1
t,1400,4050,3900,1550,0,0,0,0,0,0,0,1
ct,1900,6400,5200,3100,1,1,1,0,0,0,1,1
t,1900,3000,2700,2200,0,0,0,0,0,0,1,1
t,1900,3050,2700,2250,0,0,0,0,0,0,1,1
t,1900,4700,4600,2000,0,0,0,0,0,0,1,1
t,1900,3400,3300,2000,0,0,0,0,0,0,1,1
ct,1900,800,650,2050,0,0,0,0,0,0,1,1
ct,1900,800,650,2050,0,0,0,0,0,0,1,1
ct,1900,800,800,1900,0,0,0,0,0,0,1,1
ct,1900,800,650,2050,0,0,0,0,0,0,1,1
ct,1900,800,800,1900,0,0,0,0,0,0,1,1
t,1400,3400,3250,1550,0,0,0,0,0,0,0,1
t,1400,3850,3700,1550,0,0,0,0,0,0,0,1
t,1400,3700,3700,1400,0,0,0,0,0,0,0,1
ct,2400,2000,1950,2450,1,0,0,0,0,0,1,1
t,1400,3700,3250,1850,0,0,0,0,0,0,1,1
ct,2400,2450,2200,2650,1,0,0,0,0,0,1,1
ct,2400,2300,2300,2400,0,0,0,0,0,0,1,1
ct,2900,2950,2900,2950,1,1,1,0,0,0,1,1
ct,2900,2450,2150,3200,1,1,1,1,0,0,1,1
ct,2900,2500,2350,3050,1,1,1,0,0,0,1,1
ct,2900,3100,3050,2950,1,1,1,0,0,0,1,1
ct,2900,2450,2450,2900,1,1,0,0,0,0,1,1
t,1900,4350,4000,2250,0,0,0,0,0,0,1,1
t,1900,3450,3400,1950,0,0,0,0,0,0,1,1
t,1900,2650,2600,1950,0,0,0,0,0,0,1,1
t,1900,5100,4900,2100,0,0,0,0,0,0,1,1
t,1900,4700,4700,1900,0,0,0,0,0,0,1,1
ct,1400,4650,4500,1550,0,0,0,0,0,0,0,1
t,2400,3150,1150,4400,1,1,1,1,0,0,1,1
ct,1400,3750,3750,1400,0,0,0,0,0,0,0,1
ct,1400,5200,5200,1400,0,0,0,0,0,0,0,1
t,2400,2550,0,4950,1,1,1,1,0,0,1,1
t,2400,2850,600,4650,1,1,1,1,0,0,1,1
t,2400,3600,1450,4550,1,1,1,1,0,0,1,1
ct,1400,5650,5600,1450,0,0,0,0,0,0,0,1
t,2400,2500,300,4600,1,1,1,1,0,0,1,1
t,2900,4400,4000,3300,1,1,1,1,0,0,1,1
t,2900,4950,4900,2950,1,1,1,0,0,0,1,1
t,2900,4650,4600,2950,1,1,1,0,0,0,1,1
t,2900,4850,4700,3050,1,1,1,0,0,0,1,1
t,2900,4600,4600,2900,1,1,0,0,0,0,1,1
t,1900,800,800,1900,0,0,0,0,0,0,1,1
t,1900,800,650,2050,0,0,0,0,0,0,1,1
ct,1900,800,650,2050,0,0,0,0,0,0,1,1
ct,1900,800,800,1900,0,0,0,0,0,0,1,1
t,1900,800,800,1900,0,0,0,0,0,0,1,1
t,1900,800,650,2050,0,0,0,0,0,0,1,1
ct,1900,800,650,2050,0,0,0,0,0,0,1,1
t,1900,800,650,2050,0,0,0,0,0,0,1,1
ct,1900,800,650,2050,0,0,0,0,0,0,1,1
ct,1900,800,800,1900,0,0,0,0,0,0,1,1
t,2400,1900,0,4300,1,1,1,1,0,0,1,1
t,2400,2050,0,4450,1,1,1,1,0,0,1,1
ct,1400,3650,3650,1400,0,0,0,0,0,0,0,1
ct,1400,3500,3450,1450,0,0,0,0,0,0,0,1
t,2400,2500,0,4900,1,1,1,1,0,0,1,1
t,2400,2050,0,4450,1,1,1,1,0,0,1,1
ct,1400,4550,4200,1750,0,0,0,0,0,0,1,1
t,2400,2050,0,4450,1,1,1,1,0,0,1,1
ct,1400,3950,3550,1800,0,0,0,0,0,0,1,1
ct,1400,3800,3250,1950,0,0,0,0,0,0,1,1
t,2900,4300,4200,3000,1,1,1,0,0,0,1,1
t,2900,4450,4400,2950,1,1,1,0,0,0,1,1
t,2900,4900,4800,3000,1,1,1,0,0,0,1,1
t,2900,4450,4400,2950,1,1,1,0,0,0,1,1
t,2900,4450,4400,2950,1,1,1,0,0,0,1,1
t,3400,3600,500,6500,1,1,1,1,1,1,1,1
t,3400,3550,1650,5300,1,1,1,1,0,0,1,1
t,3400,3600,2050,4950,1,1,1,1,0,0,1,1
t,3400,4150,2300,5250,1,1,1,1,0,0,1,1
ct,1400,8000,7450,1950,0,0,0,0,0,0,1,1
t,3400,4150,3150,4400,1,1,1,1,0,0,1,1
ct,1400,6500,5800,2100,0,0,0,0,0,0,1,1
t,3400,7700,6850,4250,1,1,1,1,0,0,1,1
t,3400,5900,4900,4400,1,1,1,1,0,0,1,1
ct,1400,6600,5600,2400,0,0,0,0,0,0,1,1
t,3400,5850,4800,4450,1,1,1,1,0,0,1,1
t,3400,6150,4900,4650,1,1,1,1,0,0,1,1
t,3400,5000,4900,3500,1,1,1,1,0,0,1,1
ct,1400,8400,5200,4600,1,1,1,1,0,0,1,1
t,3400,4400,4400,3400,1,1,1,1,0,0,1,1
t,3400,4450,4400,3450,1,1,1,1,0,0,1,1
t,3400,4650,4600,3450,1,1,1,1,0,0,1,1
t,3400,3500,3500,3400,1,1,1,1,0,0,1,1
t,3400,3450,300,6550,1,1,1,1,1,1,1,1
t,3400,3450,2250,4600,1,1,1,1,0,0,1,1
t,3400,3450,2000,4850,1,1,1,1,0,0,1,1
t,3400,3400,2200,4600,1,1,1,1,0,0,1,1
t,1400,6950,6850,1500,0,0,0,0,0,0,0,1
t,1400,5750,4900,2250,0,0,0,0,0,0,1,1
ct,1900,12900,5600,9200,1,1,1,1,1,1,1,1
t,1400,5250,4800,1850,0,0,0,0,0,0,1,1
ct,1900,8300,5600,4600,1,1,1,1,0,0,1,1
t,1900,3000,0,4900,1,1,1,1,0,0,1,1
t,1900,3750,1750,3900,1,1,1,1,0,0,1,1
ct,1400,6650,5600,2450,1,0,0,0,0,0,1,1
t,1900,3350,1700,3550,1,1,1,1,0,0,1,1
t,1900,3050,1550,3400,1,1,1,1,0,0,1,1
ct,1400,12450,5600,8250,1,1,1,1,1,1,1,1
t,2400,6400,6250,2550,1,0,0,0,0,0,1,1
t,2400,5200,5100,2500,1,0,0,0,0,0,1,1
ct,1400,11200,5600,7000,1,1,1,1,1,1,1,1
t,2400,4750,4600,2550,1,0,0,0,0,0,1,1
t,2400,4900,4900,2400,0,0,0,0,0,0,1,1
ct,1400,6100,5800,1700,0,0,0,0,0,0,1,1
ct,1900,7750,5800,3850,1,1,1,1,0,0,1,1
ct,1900,13800,7950,7750,1,1,1,1,1,1,1,1
t,1900,3000,2600,2300,0,0,0,0,0,0,1,1
t,1900,4150,4000,2050,0,0,0,0,0,0,1,1
ct,1400,5450,5400,1450,0,0,0,0,0,0,0,1
ct,1400,9550,7650,3300,1,1,1,1,0,0,1,1
t,1900,4550,4400,2050,0,0,0,0,0,0,1,1
ct,1900,800,650,2050,0,0,0,0,0,0,1,1
ct,1900,800,650,2050,0,0,0,0,0,0,1,1
ct,1900,800,800,1900,0,0,0,0,0,0,1,1
ct,1900,800,650,2050,0,0,0,0,0,0,1,1
ct,1900,800,800,1900,0,0,0,0,0,0,1,1
t,2400,2950,2800,2550,1,0,0,0,0,0,1,1
t,2400,2600,2500,2500,1,0,0,0,0,0,1,1
t,2400,3250,3100,2550,1,0,0,0,0,0,1,1
ct,1400,4050,3900,1550,0,0,0,0,0,0,0,1
t,2400,2650,2600,2450,1,0,0,0,0,0,1,1
t,2400,2800,2600,2600,1,0,0,0,0,0,1,1
ct,1900,1550,1450,2000,0,0,0,0,0,0,1,1
ct,1900,1600,1450,2050,0,0,0,0,0,0,1,1
t,1400,4200,2400,3200,1,1,1,1,0,0,1,1
ct,1900,1550,1500,1950,0,0,0,0,0,0,1,1
t,1400,3700,3700,1400,0,0,0,0,0,0,0,1
ct,1400,3600,3500,1500,0,0,0,0,0,0,0,1
t,1900,2050,2000,1950,0,0,0,0,0,0,1,1
t,1900,3200,3200,1900,0,0,0,0,0,0,1,1
ct,1400,3500,3350,1550,0,0,0,0,0,0,0,1
ct,1400,3800,3750,1450,0,0,0,0,0,0,0,1
t,1900,2850,2800,1950,0,0,0,0,0,0,1,1
t,1900,1400,1400,1900,0,0,0,0,0,0,1,1
t,2400,2050,0,4450,1,1,1,1,0,0,1,1
t,2400,1950,0,4350,1,1,1,1,0,0,1,1
t,2400,1950,0,4350,1,1,1,1,0,0,1,1
t,2400,1900,0,4300,1,1,1,1,0,0,1,1
t,2900,5050,4800,3150,1,1,1,1,0,0,1,1
t,2900,4400,4400,2900,1,1,0,0,0,0,1,1
t,2900,4350,4000,3250,1,1,1,1,0,0,1,1
t,2900,4350,4200,3050,1,1,1,0,0,0,1,1
t,2900,4300,4200,3000,1,1,1,0,0,0,1,1
ct,1900,5200,4850,2250,0,0,0,0,0,0,1,1
t,1900,4750,4600,2050,0,0,0,0,0,0,1,1
ct,1400,6150,5600,1950,0,0,0,0,0,0,1,1
ct,1400,5300,5200,1500,0,0,0,0,0,0,0,1
t,1900,5050,4800,2150,0,0,0,0,0,0,1,1
ct,1900,800,650,2050,0,0,0,0,0,0,1,1
t,1900,800,650,2050,0,0,0,0,0,0,1,1
t,1900,800,650,2050,0,0,0,0,0,0,1,1
t,1900,800,650,2050,0,0,0,0,0,0,1,1
ct,1900,800,650,2050,0,0,0,0,0,0,1,1
t,1900,800,700,2000,0,0,0,0,0,0,1,1
ct,1900,800,800,1900,0,0,0,0,0,0,1,1
ct,1900,800,650,2050,0,0,0,0,0,0,1,1
ct,1900,800,650,2050,0,0,0,0,0,0,1,1
t,1900,800,800,1900,0,0,0,0,0,0,1,1
ct,2400,2100,1800,2700,1,0,0,0,0,0,1,1
ct,2400,2100,2100,2400,0,0,0,0,0,0,1,1
ct,2400,1950,1950,2400,0,0,0,0,0,0,1,1
ct,2400,2100,1800,2700,1,0,0,0,0,0,1,1
ct,2400,2400,2000,2800,1,1,0,0,0,0,1,1
t,1400,3500,3500,1400,0,0,0,0,0,0,0,1
t,1900,1450,0,3350,1,1,1,1,0,0,1,1
t,1900,3150,0,5050,1,1,1,1,0,0,1,1
t,1900,1450,0,3350,1,1,1,1,0,0,1,1
t,1900,1750,0,3650,1,1,1,1,0,0,1,1
ct,1400,4500,4500,1400,0,0,0,0,0,0,0,1
t,1900,2000,0,3900,1,1,1,1,0,0,1,1
t,2400,3350,2950,2800,1,1,0,0,0,0,1,1
t,2400,5050,4500,2950,1,1,1,0,0,0,1,1
t,2400,3350,3150,2600,1,0,0,0,0,0,1,1
t,2400,3650,3500,2550,1,0,0,0,0,0,1,1
ct,1400,5450,5200,1650,0,0,0,0,0,0,0,1
t,2400,4200,4200,2400,0,0,0,0,0,0,1,1
ct,1400,7400,5600,3200,1,1,1,1,0,0,1,1
t,2900,2950,1300,4550,1,1,1,1,0,0,1,1
t,2900,2600,1450,4050,1,1,1,1,0,0,1,1
ct,1400,7100,5200,3300,1,1,1,1,0,0,1,1
t,2900,2550,300,5150,1,1,1,1,0,0,1,1
t,2900,2700,700,4900,1,1,1,1,0,0,1,1
t,3400,5000,4600,3800,1,1,1,1,0,0,1,1
t,3400,4550,4500,3450,1,1,1,1,0,0,1,1
t,3400,4050,4000,3450,1,1,1,1,0,0,1,1
t,3400,5150,4900,3650,1,1,1,1,0,0,1,1
t,3400,4900,4800,3500,1,1,1,1,0,0,1,1
ct,1900,6350,5200,3050,1,1,1,0,0,0,1,1
ct,1900,7000,5200,3700,1,1,1,1,0,0,1,1
ct,1900,9650,7450,4100,1,1,1,1,0,0,1,1
t,1900,5350,4900,2350,0,0,0,0,0,0,1,1
t,1900,4900,4800,2000,0,0,0,0,0,0,1,1
ct,1900,9200,5600,5500,1,1,1,1,1,0,1,1
t,1400,4600,4600,1400,0,0,0,0,0,0,0,1
ct,1900,5500,5200,2200,0,0,0,0,0,0,1,1
t,1900,2950,800,4050,1,1,1,1,0,0,1,1
t,1900,5000,3700,3200,1,1,1,1,0,0,1,1
t,1900,2600,300,4200,1,1,1,1,0,0,1,1
t,1900,4650,2200,4350,1,1,1,1,0,0,1,1
t,2400,5150,4800,2750,1,0,0,0,0,0,1,1
t,2400,4600,4600,2400,0,0,0,0,0,0,1,1
t,2400,4900,4800,2500,1,0,0,0,0,0,1,1
ct,1400,6750,4700,3450,1,1,1,1,0,0,1,1
t,2400,5000,4900,2500,1,0,0,0,0,0,1,1
t,2400,6350,4800,3950,1,1,1,1,0,0,1,1
ct,1900,4050,4050,1900,0,0,0,0,0,0,1,1
ct,1900,800,650,2050,0,0,0,0,0,0,1,1
ct,1900,800,650,2050,0,0,0,0,0,0,1,1
ct,1900,800,650,2050,0,0,0,0,0,0,1,1
ct,1900,800,800,1900,0,0,0,0,0,0,1,1
ct,1900,800,650,2050,0,0,0,0,0,0,1,1
t,1400,4000,4000,1400,0,0,0,0,0,0,0,1
ct,2400,2150,1800,2750,1,0,0,0,0,0,1,1
ct,2400,2450,2400,2450,1,0,0,0,0,0,1,1
ct,2400,2000,1950,2450,1,0,0,0,0,0,1,1
t,1400,3250,3100,1550,0,0,0,0,0,0,0,1
t,1400,3650,3600,1450,0,0,0,0,0,0,0,1
t,1400,3400,2400,2400,0,0,0,0,0,0,1,1
ct,2400,2450,2350,2500,1,0,0,0,0,0,1,1
ct,2900,2800,650,5050,1,1,1,1,0,0,1,1
ct,2900,2650,1450,4100,1,1,1,1,0,0,1,1
ct,2900,2500,1150,4250,1,1,1,1,0,0,1,1
ct,2900,2500,300,5100,1,1,1,1,0,0,1,1
ct,3400,4250,4200,3450,1,1,1,1,0,0,1,1
ct,3400,4100,4050,3450,1,1,1,1,0,0,1,1
ct,3400,4250,4150,3500,1,1,1,1,0,0,1,1
ct,3400,4800,4700,3500,1,1,1,1,0,0,1,1
ct,3400,5450,5400,3450,1,1,1,1,0,0,1,1
ct,1400,4150,4050,1500,0,0,0,0,0,0,0,1
ct,1400,4150,4150,1400,0,0,0,0,0,0,0,1
t,1900,6150,4800,3250,1,1,1,1,0,0,1,1
ct,1400,3600,3550,1450,0,0,0,0,0,0,0,1
t,1900,7600,4900,4600,1,1,1,1,0,0,1,1
t,2400,4400,4300,2500,1,0,0,0,0,0,1,1
t,2900,2450,700,4650,1,1,1,1,0,0,1,1
t,2900,2850,700,5050,1,1,1,1,0,0,1,1
ct,1400,5950,5600,1750,0,0,0,0,0,0,1,1
t,2900,2400,700,4600,1,1,1,1,0,0,1,1
t,2900,2500,700,4700,1,1,1,1,0,0,1,1
t,3400,4650,4600,3450,1,1,1,1,0,0,1,1
t,3400,5050,4800,3650,1,1,1,1,0,0,1,1
t,3400,4600,4600,3400,1,1,1,1,0,0,1,1
t,3400,5000,2850,5550,1,1,1,1,1,0,1,1
t,3400,5000,4800,3600,1,1,1,1,0,0,1,1
t,3400,4050,4000,3450,1,1,1,1,0,0,1,1
ct,1400,7250,5600,3050,1,1,1,0,0,0,1,1
ct,1400,10600,5600,6400,1,1,1,1,1,1,1,1
ct,1400,7350,5200,3550,1,1,1,1,0,0,1,1
t,3400,4250,4200,3450,1,1,1,1,0,0,1,1
t,3400,4300,4200,3500,1,1,1,1,0,0,1,1
ct,1400,10800,7450,4750,1,1,1,1,0,0,1,1
t,3400,3450,2000,4850,1,1,1,1,0,0,1,1
t,3400,3450,1800,5050,1,1,1,1,0,0,1,1
t,3400,3500,1850,5050,1,1,1,1,0,0,1,1
t,3400,3500,1800,5100,1,1,1,1,0,0,1,1
t,3400,4850,4800,3450,1,1,1,1,0,0,1,1
t,3400,5050,4800,3650,1,1,1,1,0,0,1,1
ct,1400,10400,5600,6200,1,1,1,1,1,1,1,1
t,3400,5050,4800,3650,1,1,1,1,0,0,1,1
t,3400,5100,4800,3700,1,1,1,1,0,0,1,1
t,3400,3450,3300,3550,1,1,1,1,0,0,1,1
t,3400,3650,3500,3550,1,1,1,1,0,0,1,1
t,3400,3900,3800,3500,1,1,1,1,0,0,1,1
t,3400,3700,3650,3450,1,1,1,1,0,0,1,1
ct,1900,800,650,2050,0,0,0,0,0,0,1,1
t,1900,800,650,2050,0,0,0,0,0,0,1,1
ct,1900,800,650,2050,0,0,0,0,0,0,1,1
t,1900,800,650,2050,0,0,0,0,0,0,1,1
t,1900,800,700,2000,0,0,0,0,0,0,1,1
t,1900,800,650,2050,0,0,0,0,0,0,1,1
t,1900,800,700,2000,0,0,0,0,0,0,1,1
ct,1900,800,650,2050,0,0,0,0,0,0,1,1
ct,1900,800,650,2050,0,0,0,0,0,0,1,1
ct,1900,800,700,2000,0,0,0,0,0,0,1,1
ct,1400,4500,4350,1550,0,0,0,0,0,0,0,1
t,2400,2650,700,4350,1,1,1,1,0,0,1,1
ct,1400,4200,4050,1550,0,0,0,0,0,0,0,1
t,2400,3250,0,5650,1,1,1,1,1,0,1,1
t,2400,2600,500,4500,1,1,1,1,0,0,1,1
t,2400,2650,700,4350,1,1,1,1,0,0,1,1
t,2400,2600,0,5000,1,1,1,1,0,0,1,1
ct,1400,4200,4050,1550,0,0,0,0,0,0,0,1
ct,1400,4500,4500,1400,0,0,0,0,0,0,0,1
ct,1400,3850,3750,1500,0,0,0,0,0,0,0,1
t,2900,4350,4200,3050,1,1,1,0,0,0,1,1
t,2900,5650,5600,2950,1,1,1,0,0,0,1,1
t,2900,4500,4400,3000,1,1,1,0,0,0,1,1
t,2900,4350,4300,2950,1,1,1,0,0,0,1,1
t,2900,5000,4800,3100,1,1,1,0,0,0,1,1
ct,1900,3900,3750,2050,0,0,0,0,0,0,1,1
t,1400,3450,3300,1550,0,0,0,0,0,0,0,1
ct,1900,4900,4850,1950,0,0,0,0,0,0,1,1
ct,1900,4350,4350,1900,0,0,0,0,0,0,1,1
ct,1400,4500,4500,1400,0,0,0,0,0,0,0,1
t,1900,3500,3500,1900,0,0,0,0,0,0,1,1
t,1900,4100,1450,4550,1,1,1,1,0,0,1,1
t,1900,2850,1650,3100,1,1,1,0,0,0,1,1
t,1900,3000,700,4200,1,1,1,1,0,0,1,1
t,1900,2950,600,4250,1,1,1,1,0,0,1,1
ct,1400,4100,3950,1550,0,0,0,0,0,0,0,1
t,2400,5050,4900,2550,1,0,0,0,0,0,1,1
t,2400,4700,4600,2500,1,0,0,0,0,0,1,1
t,2400,4750,4500,2650,1,0,0,0,0,0,1,1
ct,1400,6500,5200,2700,1,0,0,0,0,0,1,1
t,2900,2900,1650,4150,1,1,1,1,0,0,1,1
t,2900,3050,300,5650,1,1,1,1,1,0,1,1
t,2900,3000,1650,4250,1,1,1,1,0,0,1,1
t,2900,3000,1650,4250,1,1,1,1,0,0,1,1
t,3400,4950,4900,3450,1,1,1,1,0,0,1,1
t,3400,6150,6100,3450,1,1,1,1,0,0,1,1
t,3400,4750,4600,3550,1,1,1,1,0,0,1,1
t,3400,4750,4600,3550,1,1,1,1,0,0,1,1
t,3400,5300,4800,3900,1,1,1,1,0,0,1,1
ct,1400,8950,5400,4950,1,1,1,1,0,0,1,1
t,3400,4950,4900,3450,1,1,1,1,0,0,1,1
ct,1400,14150,7950,7600,1,1,1,1,1,1,1,1
t,3400,4050,4000,3450,1,1,1,1,0,0,1,1
t,3400,4450,4400,3450,1,1,1,1,0,0,1,1
t,3400,4150,4000,3550,1,1,1,1,0,0,1,1
t,3400,4500,4400,3500,1,1,1,1,0,0,1,1
ct,1400,11150,5000,7550,1,1,1,1,1,1,1,1
ct,1400,7400,5600,3200,1,1,1,1,0,0,1,1
ct,1900,7000,5200,3700,1,1,1,1,0,0,1,1
ct,1900,7600,5250,4250,1,1,1,1,0,0,1,1
t,1900,5050,4900,2050,0,0,0,0,0,0,1,1
t,1900,4350,4200,2050,0,0,0,0,0,0,1,1
ct,1900,5850,5200,2550,1,0,0,0,0,0,1,1
t,1400,3400,3250,1550,0,0,0,0,0,0,0,1
ct,1900,6350,6300,1950,0,0,0,0,0,0,1,1
ct,1900,3200,2550,2550,1,0,0,0,0,0,1,1
ct,1900,800,650,2050,0,0,0,0,0,0,1,1
ct,1900,800,650,2050,0,0,0,0,0,0,1,1
ct,1900,800,800,1900,0,0,0,0,0,0,1,1
ct,1900,800,650,2050,0,0,0,0,0,0,1,1
ct,1900,800,650,2050,0,0,0,0,0,0,1,1
t,2400,2050,0,4450,1,1,1,1,0,0,1,1
ct,1400,3650,3550,1500,0,0,0,0,0,0,0,1
t,2400,2000,0,4400,1,1,1,1,0,0,1,1
ct,1400,4250,4200,1450,0,0,0,0,0,0,0,1
ct,1400,4100,4100,1400,0,0,0,0,0,0,0,1
ct,1400,3950,3950,1400,0,0,0,0,0,0,0,1
ct,1400,3650,3550,1500,0,0,0,0,0,0,0,1
t,2400,2050,0,4450,1,1,1,1,0,0,1,1
t,2400,2350,300,4450,1,1,1,1,0,0,1,1
t,2400,1900,0,4300,1,1,1,1,0,0,1,1
t,2900,4450,4300,3050,1,1,1,0,0,0,1,1
t,2900,4400,4300,3000,1,1,1,0,0,0,1,1
t,2900,4450,4400,2950,1,1,1,0,0,0,1,1
t,2900,4300,3500,3700,1,1,1,1,0,0,1,1
t,3400,3350,1450,5300,1,1,1,1,0,0,1,1
ct,1400,7100,5200,3300,1,1,1,1,0,0,1,1
ct,1400,6600,5600,2400,0,0,0,0,0,0,1,1
ct,1400,6000,5200,2200,0,0,0,0,0,0,1,1
t,3400,3900,1750,5550,1,1,1,1,1,0,1,1
t,3400,2950,1650,4700,1,1,1,1,0,0,1,1
t,3400,4000,2050,5350,1,1,1,1,0,0,1,1
t,3400,5100,4800,3700,1,1,1,1,0,0,1,1
t,3400,6500,6450,3450,1,1,1,1,0,0,1,1
t,3400,5550,4900,4050,1,1,1,1,0,0,1,1
t,3400,4700,4700,3400,1,1,1,1,0,0,1,1
t,3400,5350,4800,3950,1,1,1,1,0,0,1,1
t,3400,5200,4800,3800,1,1,1,1,0,0,1,1
ct,1400,8050,5200,4250,1,1,1,1,0,0,1,1
t,3400,4050,4000,3450,1,1,1,1,0,0,1,1
ct,1400,12750,5600,8550,1,1,1,1,1,1,1,1
t,3400,5250,5100,3550,1,1,1,1,0,0,1,1
t,3400,4000,4000,3400,1,1,1,1,0,0,1,1
t,3400,4550,4400,3550,1,1,1,1,0,0,1,1
ct,1900,7350,7050,2200,0,0,0,0,0,0,1,1
ct,1900,6000,5250,2650,1,0,0,0,0,0,1,1
ct,1900,8600,4850,5650,1,1,1,1,1,0,1,1
ct,2400,4150,4150,2400,0,0,0,0,0,0,1,1
ct,2400,2650,2650,2400,0,0,0,0,0,0,1,1
ct,2400,3900,3850,2450,1,0,0,0,0,0,1,1
t,1900,8850,4800,5950,1,1,1,1,1,1,1,1
t,1900,7600,4800,4700,1,1,1,1,0,0,1,1
t,1900,7000,4900,4000,1,1,1,1,0,0,1,1
t,1900,8650,4900,5650,1,1,1,1,1,0,1,1
t,1900,7200,4700,4400,1,1,1,1,0,0,1,1
ct,1900,3200,3200,1900,0,0,0,0,0,0,1,1
ct,1900,1800,1800,1900,0,0,0,0,0,0,1,1
ct,1900,2600,2550,1950,0,0,0,0,0,0,1,1
ct,1900,1600,1450,2050,0,0,0,0,0,0,1,1
t,1400,5350,5100,1650,0,0,0,0,0,0,0,1
t,1400,5850,4900,2350,0,0,0,0,0,0,1,1
ct,1400,4150,4100,1450,0,0,0,0,0,0,0,1
t,1900,5900,5100,2700,1,0,0,0,0,0,1,1
t,1900,2850,2700,2050,0,0,0,0,0,0,1,1
t,1900,800,650,2050,0,0,0,0,0,0,1,1
ct,1900,800,650,2050,0,0,0,0,0,0,1,1
ct,1900,800,650,2050,0,0,0,0,0,0,1,1
t,1900,800,700,2000,0,0,0,0,0,0,1,1
t,1900,800,650,2050,0,0,0,0,0,0,1,1
t,1900,800,650,2050,0,0,0,0,0,0,1,1
t,1900,800,800,1900,0,0,0,0,0,0,1,1
ct,1900,800,650,2050,0,0,0,0,0,0,1,1
ct,1900,800,650,2050,0,0,0,0,0,0,1,1
ct,1900,800,700,2000,0,0,0,0,0,0,1,1
t,2400,2050,0,4450,1,1,1,1,0,0,1,1
ct,1400,3950,3950,1400,0,0,0,0,0,0,0,1
ct,1400,3650,3500,1550,0,0,0,0,0,0,0,1
t,2400,2000,0,4400,1,1,1,1,0,0,1,1
t,2400,2050,0,4450,1,1,1,1,0,0,1,1
t,2400,2050,0,4450,1,1,1,1,0,0,1,1
t,2400,2500,0,4900,1,1,1,1,0,0,1,1
ct,1400,3950,2250,3100,1,1,1,0,0,0,1,1
ct,1400,4250,4200,1450,0,0,0,0,0,0,0,1
ct,1400,3900,3750,1550,0,0,0,0,0,0,0,1
t,2900,4450,4400,2950,1,1,1,0,0,0,1,1
t,2900,4400,4400,2900,1,1,0,0,0,0,1,1
t,2900,4750,4700,2950,1,1,1,0,0,0,1,1
t,2900,4450,4200,3150,1,1,1,1,0,0,1,1
t,2900,4900,4800,3000,1,1,1,0,0,0,1,1
t,3400,2950,1750,4600,1,1,1,1,0,0,1,1
t,3400,3200,1750,4850,1,1,1,1,0,0,1,1
t,3400,2950,1950,4400,1,1,1,1,0,0,1,1
t,3400,3150,1450,5100,1,1,1,1,0,0,1,1
t,3400,4600,4600,3400,1,1,1,1,0,0,1,1
t,3400,4850,4700,3550,1,1,1,1,0,0,1,1
t,3400,4400,4400,3400,1,1,1,1,0,0,1,1
t,3400,5100,5100,3400,1,1,1,1,0,0,1,1
t,3400,3800,3800,3400,1,1,1,1,0,0,1,1
ct,1400,9600,5200,5800,1,1,1,1,1,0,1,1
t,3400,4000,4000,3400,1,1,1,1,0,0,1,1
t,3400,4750,4700,3450,1,1,1,1,0,0,1,1
t,3400,4000,4000,3400,1,1,1,1,0,0,1,1
t,3400,4000,4000,3400,1,1,1,1,0,0,1,1
t,3400,4300,3900,3800,1,1,1,1,0,0,1,1
ct,1400,10100,7450,4050,1,1,1,1,0,0,1,1
ct,1400,8750,5600,4550,1,1,1,1,0,0,1,1
t,3400,3450,2200,4650,1,1,1,1,0,0,1,1
t,3400,3400,2200,4600,1,1,1,1,0,0,1,1
t,3400,3700,2000,5100,1,1,1,1,0,0,1,1
t,3400,3800,2200,5000,1,1,1,1,0,0,1,1
ct,1400,11400,5600,7200,1,1,1,1,1,1,1,1
t,1400,4750,4600,1550,0,0,0,0,0,0,0,1
ct,1900,7450,5200,4150,1,1,1,1,0,0,1,1
t,1900,3050,1650,3300,1,1,1,1,0,0,1,1
t,1900,3000,1450,3450,1,1,1,1,0,0,1,1
t,1900,3300,1450,3750,1,1,1,1,0,0,1,1
ct,1900,16000,4850,13050,1,1,1,1,1,1,1,1
t,1400,4950,4250,2100,0,0,0,0,0,0,1,1
t,1400,4900,4800,1500,0,0,0,0,0,0,0,1
ct,1900,7300,6950,2250,0,0,0,0,0,0,1,1
ct,1900,6000,4850,3050,1,1,1,0,0,0,1,1
ct,1900,10100,5600,6400,1,1,1,1,1,1,1,1
ct,2400,13100,5250,10250,1,1,1,1,1,1,1,1
ct,2400,6250,5600,3050,1,1,1,0,0,0,1,1
t,1900,5250,5200,1950,0,0,0,0,0,0,1,1
t,1900,5500,5500,1900,0,0,0,0,0,0,1,1
t,1900,6400,5400,2900,1,1,0,0,0,0,1,1
t,1900,3900,3900,1900,0,0,0,0,0,0,1,1
ct,1900,800,650,2050,0,0,0,0,0,0,1,1
ct,1900,800,800,1900,0,0,0,0,0,0,1,1
ct,1900,800,650,2050,0,0,0,0,0,0,1,1
ct,1900,800,650,2050,0,0,0,0,0,0,1,1
ct,1900,800,650,2050,0,0,0,0,0,0,1,1
t,2400,2600,2000,3000,1,1,1,0,0,0,1,1
ct,1400,4050,3900,1550,0,0,0,0,0,0,0,1
ct,1400,4500,4350,1550,0,0,0,0,0,0,0,1
ct,1400,4200,4200,1400,0,0,0,0,0,0,0,1
t,2400,2650,2650,2400,0,0,0,0,0,0,1,1
t,2400,3250,3100,2550,1,0,0,0,0,0,1,1
t,1400,4400,4400,1400,0,0,0,0,0,0,0,1
t,1400,3600,3250,1750,0,0,0,0,0,0,1,1
ct,1900,2250,2200,1950,0,0,0,0,0,0,1,1
t,1400,3500,3500,1400,0,0,0,0,0,0,0,1
ct,2400,2400,700,4100,1,1,1,1,0,0,1,1
t,1400,4200,3450,2150,0,0,0,0,0,0,1,1
ct,2400,2050,0,4450,1,1,1,1,0,0,1,1
ct,2400,2500,0,4900,1,1,1,1,0,0,1,1
ct,2400,2700,0,5100,1,1,1,1,0,0,1,1
ct,2900,4900,4900,2900,1,1,0,0,0,0,1,1
ct,2900,4550,4550,2900,1,1,0,0,0,0,1,1
ct,2900,4550,4550,2900,1,1,0,0,0,0,1,1
ct,2900,5300,5100,3100,1,1,1,0,0,0,1,1
ct,2900,5200,5050,3050,1,1,1,0,0,0,1,1
ct,1900,800,650,2050,0,0,0,0,0,0,1,1
t,1900,800,650,2050,0,0,0,0,0,0,1,1
ct,1900,800,700,2000,0,0,0,0,0,0,1,1
t,1900,800,700,2000,0,0,0,0,0,0,1,1
t,1900,800,650,2050,0,0,0,0,0,0,1,1
ct,1900,800,650,2050,0,0,0,0,0,0,1,1
t,1900,800,700,2000,0,0,0,0,0,0,1,1
ct,1900,800,650,2050,0,0,0,0,0,0,1,1
ct,1900,800,650,2050,0,0,0,0,0,0,1,1
t,1900,800,650,2050,0,0,0,0,0,0,1,1
ct,1400,3900,3900,1400,0,0,0,0,0,0,0,1
t,2400,2650,1650,3400,1,1,1,1,0,0,1,1
ct,1400,5050,4900,1550,0,0,0,0,0,0,0,1
t,2400,2900,2200,3100,1,1,1,0,0,0,1,1
t,2400,2650,300,4750,1,1,1,1,0,0,1,1
ct,1400,3900,3850,1450,0,0,0,0,0,0,0,1
t,2400,2900,2800,2500,1,0,0,0,0,0,1,1
ct,1400,4200,4200,1400,0,0,0,0,0,0,0,1
ct,1400,4200,4150,1450,0,0,0,0,0,0,0,1
t,2400,2950,2800,2550,1,0,0,0,0,0,1,1
ct,1400,4400,2550,3250,1,1,1,1,0,0,1,1
t,2900,3400,700,5600,1,1,1,1,1,0,1,1
t,2900,2700,700,4900,1,1,1,1,0,0,1,1
t,2900,2450,700,4650,1,1,1,1,0,0,1,1
t,2900,2550,700,4750,1,1,1,1,0,0,1,1
t,3400,5600,4800,4200,1,1,1,1,0,0,1,1
t,3400,4900,4800,3500,1,1,1,1,0,0,1,1
t,3400,4650,4600,3450,1,1,1,1,0,0,1,1
t,3400,5000,4800,3600,1,1,1,1,0,0,1,1
t,3400,4750,4600,3550,1,1,1,1,0,0,1,1
t,3400,4200,300,7300,1,1,1,1,1,1,1,1
t,3400,3750,300,6850,1,1,1,1,1,1,1,1
t,3400,3600,1450,5550,1,1,1,1,1,0,1,1
ct,1400,8100,5000,4500,1,1,1,1,0,0,1,1
ct,1400,7850,5600,3650,1,1,1,1,0,0,1,1
t,3400,3550,2000,4950,1,1,1,1,0,0,1,1
ct,1900,4550,4550,1900,0,0,0,0,0,0,1,1
t,1400,4800,4800,1400,0,0,0,0,0,0,0,1
t,1900,5450,4800,2550,1,0,0,0,0,0,1,1
t,1900,7000,4800,4100,1,1,1,1,0,0,1,1
ct,1400,3850,3550,1700,0,0,0,0,0,0,1,1
t,1900,6800,4800,3900,1,1,1,1,0,0,1,1
t,1400,5700,4800,2300,0,0,0,0,0,0,1,1
ct,1900,2450,300,4050,1,1,1,1,0,0,1,1
t,1400,5500,4800,2100,0,0,0,0,0,0,1,1
ct,1900,3350,0,5250,1,1,1,1,0,0,1,1
ct,1900,3200,300,4800,1,1,1,1,0,0,1,1
t,1900,4750,4600,2050,0,0,0,0,0,0,1,1
ct,1400,5950,5200,2150,0,0,0,0,0,0,1,1
t,2400,3050,1850,3600,1,1,1,1,0,0,1,1
t,2400,3050,800,4650,1,1,1,1,0,0,1,1
t,2400,3900,1650,4650,1,1,1,1,0,0,1,1
t,2400,3500,2200,3700,1,1,1,1,0,0,1,1
ct,1400,11100,6100,6400,1,1,1,1,1,1,1,1
t,2900,6000,5900,3000,1,1,1,0,0,0,1,1
t,2900,5200,4800,3300,1,1,1,1,0,0,1,1
t,2900,6050,4800,4150,1,1,1,1,0,0,1,1
ct,1400,9700,5600,5500,1,1,1,1,1,0,1,1
t,2900,6250,4800,4350,1,1,1,1,0,0,1,1
t,2900,5600,4900,3600,1,1,1,1,0,0,1,1
ct,1400,8450,6100,3750,1,1,1,1,0,0,1,1
t,3400,3700,2600,4500,1,1,1,1,0,0,1,1
t,3400,3800,3800,3400,1,1,1,1,0,0,1,1
t,3400,4350,4200,3550,1,1,1,1,0,0,1,1
t,3400,4550,4400,3550,1,1,1,1,0,0,1,1
ct,1400,9900,6300,5000,1,1,1,1,0,0,1,1
ct,1400,10300,5800,5900,1,1,1,1,1,1,1,1
ct,1900,800,650,2050,0,0,0,0,0,0,1,1
ct,1900,800,700,2000,0,0,0,0,0,0,1,1
ct,1900,800,650,2050,0,0,0,0,0,0,1,1
ct,1900,800,800,1900,0,0,0,0,0,0,1,1
ct,1900,800,650,2050,0,0,0,0,0,0,1,1
t,1400,4250,4200,1450,0,0,0,0,0,0,0,1
ct,2400,2500,2450,2450,1,0,0,0,0,0,1,1
ct,2400,2150,2100,2450,1,0,0,0,0,0,1,1
ct,2400,2200,2100,2500,1,0,0,0,0,0,1,1
t,1400,3950,3800,1550,0,0,0,0,0,0,0,1
ct,2400,2350,2350,2400,0,0,0,0,0,0,1,1
t,1400,3650,3250,1800,0,0,0,0,0,0,1,1
t,1400,3900,3900,1400,0,0,0,0,0,0,0,1
ct,2400,2500,2450,2450,1,0,0,0,0,0,1,1
t,1900,1700,1650,1950,0,0,0,0,0,0,1,1
t,1900,1550,1450,2000,0,0,0,0,0,0,1,1
t,2400,2050,0,4450,1,1,1,1,0,0,1,1
t,2400,1950,0,4350,1,1,1,1,0,0,1,1
t,2400,2000,0,4400,1,1,1,1,0,0,1,1
t,2400,2200,0,4600,1,1,1,1,0,0,1,1
t,2400,1950,0,4350,1,1,1,1,0,0,1,1
t,2900,4450,4400,2950,1,1,1,0,0,0,1,1
t,2900,4950,4800,3050,1,1,1,0,0,0,1,1
ct,1400,8450,4850,5000,1,1,1,1,0,0,1,1
t,2900,4400,4400,2900,1,1,0,0,0,0,1,1
t,2900,4600,4600,2900,1,1,0,0,0,0,1,1
t,2900,4350,3900,3350,1,1,1,1,0,0,1,1
ct,1400,9250,5600,5050,1,1,1,1,0,0,1,1
t,3400,2950,1450,4900,1,1,1,1,0,0,1,1
t,3400,3200,2450,4150,1,1,1,1,0,0,1,1
t,3400,2900,1450,4850,1,1,1,1,0,0,1,1
t,3400,3350,1450,5300,1,1,1,1,0,0,1,1
ct,1400,7100,5600,2900,1,1,0,0,0,0,1,1
ct,1900,8400,7850,2450,1,0,0,0,0,0,1,1
ct,1900,3950,3850,2000,0,0,0,0,0,0,1,1
t,1400,5400,4150,2650,1,0,0,0,0,0,1,1
t,1900,5250,4400,2750,1,0,0,0,0,0,1,1
t,1900,3700,3700,1900,0,0,0,0,0,0,1,1
ct,1400,3550,2300,2650,1,0,0,0,0,0,1,1
t,1900,4600,4600,1900,0,0,0,0,0,0,1,1
t,1900,3950,3900,1950,0,0,0,0,0,0,1,1
t,2400,3750,3350,2800,1,1,0,0,0,0,1,1
t,2400,2900,0,5300,1,1,1,1,0,0,1,1
ct,1400,5050,300,6150,1,1,1,1,1,1,1,1
t,2400,2950,950,4400,1,1,1,1,0,0,1,1
t,2400,3650,1800,4250,1,1,1,1,0,0,1,1
t,2900,3800,3800,2900,1,1,0,0,0,0,1,1
t,2900,6100,6050,2950,1,1,1,0,0,0,1,1
t,2900,4500,4400,3000,1,1,1,0,0,0,1,1
t,2900,5550,4800,3650,1,1,1,1,0,0,1,1
t,1900,800,700,2000,0,0,0,0,0,0,1,1
ct,1900,800,650,2050,0,0,0,0,0,0,1,1
ct,1900,800,650,2050,0,0,0,0,0,0,1,1
t,1900,800,650,2050,0,0,0,0,0,0,1,1
t,1900,800,700,2000,0,0,0,0,0,0,1,1
ct,1900,800,650,2050,0,0,0,0,0,0,1,1
t,1900,800,650,2050,0,0,0,0,0,0,1,1
ct,1900,800,800,1900,0,0,0,0,0,0,1,1
t,1900,800,650,2050,0,0,0,0,0,0,1,1
ct,1900,800,650,2050,0,0,0,0,0,0,1,1
t,2400,2300,0,4700,1,1,1,1,0,0,1,1
ct,1400,3950,3850,1500,0,0,0,0,0,0,0,1
ct,1400,3950,3850,1500,0,0,0,0,0,0,0,1
t,2400,2050,0,4450,1,1,1,1,0,0,1,1
t,2400,2000,0,4400,1,1,1,1,0,0,1,1
ct,1400,3650,3550,1500,0,0,0,0,0,0,0,1
t,2400,2050,0,4450,1,1,1,1,0,0,1,1
ct,1400,4400,4400,1400,0,0,0,0,0,0,0,1
t,2400,2050,0,4450,1,1,1,1,0,0,1,1
t,2900,4400,4400,2900,1,1,0,0,0,0,1,1
t,2900,4450,4400,2950,1,1,1,0,0,0,1,1
t,2900,4400,4400,2900,1,1,0,0,0,0,1,1
t,2900,4450,4400,2950,1,1,1,0,0,0,1,1
t,2900,4450,4400,2950,1,1,1,0,0,0,1,1
t,3400,2900,1450,4850,1,1,1,1,0,0,1,1
ct,1400,5900,5200,2100,0,0,0,0,0,0,1,1
ct,1400,7000,5200,3200,1,1,1,1,0,0,1,1
t,3400,3200,1850,4750,1,1,1,1,0,0,1,1
ct,1400,6400,5200,2600,1,0,0,0,0,0,1,1
t,3400,3250,1800,4850,1,1,1,1,0,0,1,1
t,3400,2950,1550,4800,1,1,1,1,0,0,1,1
t,3400,5150,4600,3950,1,1,1,1,0,0,1,1
t,3400,6150,6050,3500,1,1,1,1,0,0,1,1
t,3400,4750,4600,3550,1,1,1,1,0,0,1,1
t,3400,4650,4600,3450,1,1,1,1,0,0,1,1
t,3400,4800,4800,3400,1,1,1,1,0,0,1,1
ct,1900,5700,5600,2000,0,0,0,0,0,0,1,1
t,1400,6400,4800,3000,1,1,1,0,0,0,1,1
ct,2900,2750,800,4850,1,1,1,1,0,0,1,1
t,1400,7800,6850,2350,0,0,0,0,0,0,1,1
t,1400,7800,4900,4300,1,1,1,1,0,0,1,1
ct,2900,3400,500,5800,1,1,1,1,1,0,1,1
ct,2900,2700,700,4900,1,1,1,1,0,0,1,1
ct,3400,5000,4650,3750,1,1,1,1,0,0,1,1
ct,3400,4900,4850,3450,1,1,1,1,0,0,1,1
ct,3400,4700,4550,3550,1,1,1,1,0,0,1,1
t,1400,6000,4800,2600,1,0,0,0,0,0,1,1
t,1900,9300,6850,4350,1,1,1,1,0,0,1,1
t,1900,10650,4800,7750,1,1,1,1,1,1,1,1
t,1900,10000,4900,7000,1,1,1,1,1,1,1,1
ct,1900,5000,4850,2050,0,0,0,0,0,0,1,1
ct,1900,5250,5200,1950,0,0,0,0,0,0,1,1
ct,1900,800,650,2050,0,0,0,0,0,0,1,1
ct,1900,800,650,2050,0,0,0,0,0,0,1,1
ct,1900,800,650,2050,0,0,0,0,0,0,1,1
ct,1900,800,650,2050,0,0,0,0,0,0,1,1
ct,1900,800,650,2050,0,0,0,0,0,0,1,1
ct,2400,2450,2350,2500,1,0,0,0,0,0,1,1
t,1400,4300,4250,1450,0,0,0,0,0,0,0,1
t,1400,3350,3100,1650,0,0,0,0,0,0,0,1
ct,2400,2150,1450,3100,1,1,1,0,0,0,1,1
t,1400,3700,3450,1650,0,0,0,0,0,0,0,1
ct,2400,2150,2000,2550,1,0,0,0,0,0,1,1
t,1400,3350,3300,1450,0,0,0,0,0,0,0,1
t,1400,3700,3700,1400,0,0,0,0,0,0,0,1
ct,1400,4800,4700,1500,0,0,0,0,0,0,0,1
t,1900,1650,1650,1900,0,0,0,0,0,0,1,1
ct,1400,4200,4200,1400,0,0,0,0,0,0,0,1
ct,1400,3850,2700,2550,1,0,0,0,0,0,1,1
t,1900,2250,2200,1950,0,0,0,0,0,0,1,1
ct,1400,3650,3550,1500,0,0,0,0,0,0,0,1
t,1900,1750,1650,2000,0,0,0,0,0,0,1,1
ct,1400,4150,4000,1550,0,0,0,0,0,0,0,1
t,1900,1400,1350,1950,0,0,0,0,0,0,1,1
t,2400,2550,700,4250,1,1,1,1,0,0,1,1
t,2400,3400,300,5500,1,1,1,1,1,0,1,1
t,2400,2550,0,4950,1,1,1,1,0,0,1,1
t,2400,2600,0,5000,1,1,1,1,0,0,1,1
t,2400,2550,0,4950,1,1,1,1,0,0,1,1
ct,1400,5650,5200,1850,0,0,0,0,0,0,1,1
t,2900,4550,4400,3050,1,1,1,0,0,0,1,1
t,2900,4950,3700,4150,1,1,1,1,0,0,1,1
t,2900,4500,4400,3000,1,1,1,0,0,0,1,1
ct,1900,1850,1750,2000,0,0,0,0,0,0,1,1
t,1900,2500,700,3700,1,1,1,1,0,0,1,1
t,1900,3200,500,4600,1,1,1,1,0,0,1,1
t,1900,2150,0,4050,1,1,1,1,0,0,1,1
t,1900,4800,4750,1950,0,0,0,0,0,0,1,1
t,2400,4200,4200,2400,0,0,0,0,0,0,1,1
t,2400,4150,3900,2650,1,0,0,0,0,0,1,1
t,2400,4600,4400,2600,1,0,0,0,0,0,1,1
t,2400,4250,4200,2450,1,0,0,0,0,0,1,1
ct,1400,6450,5600,2250,0,0,0,0,0,0,1,1
t,2400,2550,2550,2400,0,0,0,0,0,0,1,1
ct,1900,4850,4850,1900,0,0,0,0,0,0,1,1
t,1400,3800,3800,1400,0,0,0,0,0,0,0,1
ct,1400,5100,5000,1500,0,0,0,0,0,0,0,1
t,1900,4800,4800,1900,0,0,0,0,0,0,1,1
t,1900,5550,4800,2650,1,0,0,0,0,0,1,1
t,1900,5100,4800,2200,0,0,0,0,0,0,1,1
t,1900,4350,4200,2050,0,0,0,0,0,0,1,1
t,1400,4000,3900,1500,0,0,0,0,0,0,0,1
ct,1900,1550,0,3450,1,1,1,1,0,0,1,1
ct,1900,3500,0,5400,1,1,1,1,1,0,1,1
ct,1900,2150,0,4050,1,1,1,1,0,0,1,1
ct,1900,2350,0,4250,1,1,1,1,0,0,1,1
ct,2400,3900,3850,2450,1,0,0,0,0,0,1,1
t,1400,5000,4800,1600,0,0,0,0,0,0,0,1
ct,2400,4400,4350,2450,1,0,0,0,0,0,1,1
ct,2400,4300,4250,2450,1,0,0,0,0,0,1,1
t,1900,800,650,2050,0,0,0,0,0,0,1,1
t,1900,800,650,2050,0,0,0,0,0,0,1,1
t,1900,800,700,2000,0,0,0,0,0,0,1,1
ct,1900,800,800,1900,0,0,0,0,0,0,1,1
ct,1900,800,650,2050,0,0,0,0,0,0,1,1
ct,1900,800,650,2050,0,0,0,0,0,0,1,1
ct,1900,800,650,2050,0,0,0,0,0,0,1,1
ct,1900,800,650,2050,0,0,0,0,0,0,1,1
t,1900,800,650,2050,0,0,0,0,0,0,1,1
t,1900,800,800,1900,0,0,0,0,0,0,1,1
t,2400,2050,2000,2450,1,0,0,0,0,0,1,1
t,2400,2050,2000,2450,1,0,0,0,0,0,1,1
t,2400,2000,2000,2400,0,0,0,0,0,0,1,1
ct,1400,3800,3750,1450,0,0,0,0,0,0,0,1
ct,1400,3950,3900,1450,0,0,0,0,0,0,0,1
ct,1400,3650,3300,1750,0,0,0,0,0,0,1,1
ct,1400,3650,3550,1500,0,0,0,0,0,0,0,1
t,2400,2050,2000,2450,1,0,0,0,0,0,1,1
t,2400,1900,1700,2600,1,0,0,0,0,0,1,1
t,2900,2450,700,4650,1,1,1,1,0,0,1,1
t,2900,2450,700,4650,1,1,1,1,0,0,1,1
t,2900,2400,400,4900,1,1,1,1,0,0,1,1
t,2900,2450,700,4650,1,1,1,1,0,0,1,1
t,2900,2800,0,5700,1,1,1,1,1,0,1,1
t,3400,4650,4600,3450,1,1,1,1,0,0,1,1
t,3400,4650,4500,3550,1,1,1,1,0,0,1,1
t,3400,4900,4800,3500,1,1,1,1,0,0,1,1
ct,1400,5700,5600,1500,0,0,0,0,0,0,0,1
t,3400,4650,4600,3450,1,1,1,1,0,0,1,1
t,3400,6000,5950,3450,1,1,1,1,0,0,1,1
t,3400,3550,1850,5100,1,1,1,1,0,0,1,1
t,3400,3500,2250,4650,1,1,1,1,0,0,1,1
ct,1400,8100,5600,3900,1,1,1,1,0,0,1,1
ct,1400,7250,5600,3050,1,1,1,0,0,0,1,1
ct,1400,6150,5200,2350,0,0,0,0,0,0,1,1
t,3400,3550,500,6450,1,1,1,1,1,1,1,1
t,3400,5550,4900,4050,1,1,1,1,0,0,1,1
t,3400,5800,4900,4300,1,1,1,1,0,0,1,1
t,3400,5250,4800,3850,1,1,1,1,0,0,1,1
ct,1400,6550,5800,2150,0,0,0,0,0,0,1,1
t,3400,5650,4900,4150,1,1,1,1,0,0,1,1
t,3400,6750,6650,3500,1,1,1,1,0,0,1,1
t,3400,4300,4300,3400,1,1,1,1,0,0,1,1
ct,1400,7750,5600,3550,1,1,1,1,0,0,1,1
t,3400,3500,2650,4250,1,1,1,1,0,0,1,1
t,3400,3400,2050,4750,1,1,1,1,0,0,1,1
t,3400,3400,1950,4850,1,1,1,1,0,0,1,1
t,3400,3600,1850,5150,1,1,1,1,0,0,1,1
t,3400,3550,1000,5950,1,1,1,1,1,1,1,1
t,3400,5350,4900,3850,1,1,1,1,0,0,1,1
t,3400,6350,5200,4550,1,1,1,1,0,0,1,1
t,3400,5750,4800,4350,1,1,1,1,0,0,1,1
ct,1400,9550,5600,5350,1,1,1,1,0,0,1,1
t,3400,6000,5100,4300,1,1,1,1,0,0,1,1
t,3400,6900,6850,3450,1,1,1,1,0,0,1,1
t,1400,4400,4400,1400,0,0,0,0,0,0,0,1
t,1400,4800,4800,1400,0,0,0,0,0,0,0,1
ct,1900,8550,5800,4650,1,1,1,1,0,0,1,1
ct,1900,8800,5600,5100,1,1,1,1,0,0,1,1
ct,1900,8250,5600,4550,1,1,1,1,0,0,1,1
ct,1900,9300,7650,3550,1,1,1,1,0,0,1,1
t,1900,5100,4900,2100,0,0,0,0,0,0,1,1
t,1900,4100,4000,2000,0,0,0,0,0,0,1,1
t,1900,3500,3500,1900,0,0,0,0,0,0,1,1
ct,1400,7550,5600,3350,1,1,1,1,0,0,1,1
ct,1400,6400,5600,2200,0,0,0,0,0,0,1,1
t,1900,4750,4600,2050,0,0,0,0,0,0,1,1
t,1900,6600,6450,2050,0,0,0,0,0,0,1,1
ct,1900,800,650,2050,0,0,0,0,0,0,1,1
ct,1900,800,650,2050,0,0,0,0,0,0,1,1
ct,1900,800,700,2000,0,0,0,0,0,0,1,1
ct,1900,800,650,2050,0,0,0,0,0,0,1,1
ct,1900,800,650,2050,0,0,0,0,0,0,1,1
ct,1400,3650,3550,1500,0,0,0,0,0,0,0,1
ct,1400,4250,2000,3650,1,1,1,1,0,0,1,1
ct,1400,3600,3550,1450,0,0,0,0,0,0,0,1
t,2400,2200,0,4600,1,1,1,1,0,0,1,1
t,2400,2050,0,4450,1,1,1,1,0,0,1,1
t,2400,2050,0,4450,1,1,1,1,0,0,1,1
t,2400,2350,0,4750,1,1,1,1,0,0,1,1
t,2400,2050,1700,2750,1,0,0,0,0,0,1,1
ct,1400,3650,3550,1500,0,0,0,0,0,0,0,1
ct,1400,4550,2550,3400,1,1,1,1,0,0,1,1
t,2900,4600,4400,3100,1,1,1,0,0,0,1,1
t,2900,4450,4400,2950,1,1,1,0,0,0,1,1
t,2900,4450,4400,2950,1,1,1,0,0,0,1,1
t,2900,4050,3900,3050,1,1,1,0,0,0,1,1
t,2900,2750,2600,3050,1,1,1,0,0,0,1,1
t,3400,3100,2050,4450,1,1,1,1,0,0,1,1
t,3400,2950,1800,4550,1,1,1,1,0,0,1,1
t,3400,2950,1450,4900,1,1,1,1,0,0,1,1
t,3400,3350,1700,5050,1,1,1,1,0,0,1,1
t,3400,4450,4300,3550,1,1,1,1,0,0,1,1
t,3400,4850,4800,3450,1,1,1,1,0,0,1,1
t,3400,4900,4900,3400,1,1,1,1,0,0,1,1
t,3400,4750,4600,3550,1,1,1,1,0,0,1,1
t,3400,3550,0,6950,1,1,1,1,1,1,1,1
t,3400,3550,0,6950,1,1,1,1,1,1,1,1
t,3400,3400,0,6800,1,1,1,1,1,1,1,1
t,3400,4350,4300,3450,1,1,1,1,0,0,1,1
t,3400,3450,3300,3550,1,1,1,1,0,0,1,1
t,3400,3400,3300,3500,1,1,1,1,0,0,1,1
t,3400,4800,4800,3400,1,1,1,1,0,0,1,1
t,3400,6600,6450,3550,1,1,1,1,0,0,1,1
ct,1900,11900,5600,8200,1,1,1,1,1,1,1,1
ct,1900,10400,5200,7100,1,1,1,1,1,1,1,1
ct,1900,9300,5800,5400,1,1,1,1,1,0,1,1
ct,2400,8250,5900,4750,1,1,1,1,0,0,1,1
ct,2400,7450,6100,3750,1,1,1,1,0,0,1,1
ct,2400,5450,5200,2650,1,0,0,0,0,0,1,1
ct,2400,7100,7050,2450,1,0,0,0,0,0,1,1
ct,1400,6100,5600,1900,0,0,0,0,0,0,1,1
t,1900,8500,4900,5500,1,1,1,1,1,0,1,1
t,1900,7950,4800,5050,1,1,1,1,0,0,1,1
t,1900,5050,4800,2150,0,0,0,0,0,0,1,1
ct,1900,800,650,2050,0,0,0,0,0,0,1,1
ct,1900,800,800,1900,0,0,0,0,0,0,1,1
t,1900,800,700,2000,0,0,0,0,0,0,1,1
ct,1900,800,650,2050,0,0,0,0,0,0,1,1
t,1900,800,700,2000,0,0,0,0,0,0,1,1
t,1900,800,650,2050,0,0,0,0,0,0,1,1
ct,1900,800,650,2050,0,0,0,0,0,0,1,1
ct,1900,800,650,2050,0,0,0,0,0,0,1,1
t,1900,800,650,2050,0,0,0,0,0,0,1,1
t,1900,800,650,2050,0,0,0,0,0,0,1,1
ct,2400,2500,300,4600,1,1,1,1,0,0,1,1
ct,2400,2350,0,4750,1,1,1,1,0,0,1,1
ct,2400,2200,0,4600,1,1,1,1,0,0,1,1
t,1400,3650,3500,1550,0,0,0,0,0,0,0,1
t,1400,4600,4600,1400,0,0,0,0,0,0,0,1
ct,2400,2200,0,4600,1,1,1,1,0,0,1,1
ct,2400,2500,0,4900,1,1,1,1,0,0,1,1
t,1400,3400,3300,1500,0,0,0,0,0,0,0,1
t,1400,3400,3400,1400,0,0,0,0,0,0,0,1
ct,2900,4600,4400,3100,1,1,1,0,0,0,1,1
ct,2900,4750,4600,3050,1,1,1,0,0,0,1,1
ct,2900,4600,4600,2900,1,1,0,0,0,0,1,1
ct,2900,4600,4500,3000,1,1,1,0,0,0,1,1
ct,2900,4900,4750,3050,1,1,1,0,0,0,1,1
ct,3400,4200,2750,4850,1,1,1,1,0,0,1,1
t,1400,8600,4900,5100,1,1,1,1,0,0,1,1
ct,3400,4500,2400,5500,1,1,1,1,1,0,1,1
t,1400,9250,5100,5550,1,1,1,1,1,0,1,1
t,1400,8800,4900,5300,1,1,1,1,0,0,1,1
ct,3400,4250,3550,4100,1,1,1,1,0,0,1,1
ct,3400,5150,2200,6350,1,1,1,1,1,1,1,1
ct,3400,5400,5200,3600,1,1,1,1,0,0,1,1
ct,3400,4900,4900,3400,1,1,1,1,0,0,1,1
ct,3400,5550,5200,3750,1,1,1,1,0,0,1,1
ct,3400,6400,6400,3400,1,1,1,1,0,0,1,1
ct,3400,4100,4050,3450,1,1,1,1,0,0,1,1
ct,3400,3900,3850,3450,1,1,1,1,0,0,1,1
ct,3400,4250,4250,3400,1,1,1,1,0,0,1,1
t,1400,9800,4800,6400,1,1,1,1,1,1,1,1
ct,3400,5700,3550,5550,1,1,1,1,1,0,1,1
t,1400,12050,4900,8550,1,1,1,1,1,1,1,1
ct,3400,3550,2550,4400,1,1,1,1,0,0,1,1
t,1400,9550,4800,6150,1,1,1,1,1,1,1,1
ct,3400,3500,2200,4700,1,1,1,1,0,0,1,1
t,1400,11050,4900,7550,1,1,1,1,1,1,1,1
ct,3400,6350,5600,4150,1,1,1,1,0,0,1,1
t,1400,8250,4900,4750,1,1,1,1,0,0,1,1
t,1400,11300,5100,7600,1,1,1,1,1,1,1,1
t,1400,9650,4900,6150,1,1,1,1,1,1,1,1
t,1400,16000,7350,10050,1,1,1,1,1,1,1,1
ct,1400,5750,5600,1550,0,0,0,0,0,0,0,1
ct,1400,6600,5600,2400,0,0,0,0,0,0,1,1
t,1900,8200,5100,5000,1,1,1,1,0,0,1,1
t,1900,10750,7350,5300,1,1,1,1,0,0,1,1
t,1400,7550,4900,4050,1,1,1,1,0,0,1,1
ct,1900,4000,3850,2050,0,0,0,0,0,0,1,1
t,1900,5600,5600,1900,0,0,0,0,0,0,1,1
t,1900,6950,4900,3950,1,1,1,1,0,0,1,1
t,1900,800,650,2050,0,0,0,0,0,0,1,1
t,1900,800,650,2050,0,0,0,0,0,0,1,1
t,1900,800,650,2050,0,0,0,0,0,0,1,1
t,1900,800,650,2050,0,0,0,0,0,0,1,1
t,1900,800,700,2000,0,0,0,0,0,0,1,1
t,2400,3550,3550,2400,0,0,0,0,0,0,1,1
t,2400,2950,2750,2600,1,0,0,0,0,0,1,1
ct,1400,4500,4500,1400,0,0,0,0,0,0,0,1
t,2400,2650,2550,2500,1,0,0,0,0,0,1,1
ct,1400,3750,3350,1800,0,0,0,0,0,0,1,1
ct,1400,4500,4350,1550,0,0,0,0,0,0,0,1
t,2400,2650,2650,2400,0,0,0,0,0,0,1,1
t,2400,2900,2600,2700,1,0,0,0,0,0,1,1
ct,1400,4050,3750,1700,0,0,0,0,0,0,1,1
ct,1400,4200,4200,1400,0,0,0,0,0,0,0,1
t,2900,2400,2350,2950,1,1,1,0,0,0,1,1
t,2900,2600,2550,2950,1,1,1,0,0,0,1,1
t,2900,2700,2600,3000,1,1,1,0,0,0,1,1
ct,1900,3500,3350,2050,0,0,0,0,0,0,1,1
ct,1900,2900,2200,2600,1,0,0,0,0,0,1,1
ct,2400,2050,300,4150,1,1,1,1,0,0,1,1
ct,1900,800,650,2050,0,0,0,0,0,0,1,1
ct,1900,800,650,2050,0,0,0,0,0,0,1,1
t,1900,800,650,2050,0,0,0,0,0,0,1,1
ct,1900,800,650,2050,0,0,0,0,0,0,1,1
t,1900,800,650,2050,0,0,0,0,0,0,1,1
t,1900,800,800,1900,0,0,0,0,0,0,1,1
ct,1900,800,800,1900,0,0,0,0,0,0,1,1
ct,1900,800,650,2050,0,0,0,0,0,0,1,1
t,1900,800,700,2000,0,0,0,0,0,0,1,1
t,1900,800,650,2050,0,0,0,0,0,0,1,1
ct,1400,4500,4500,1400,0,0,0,0,0,0,0,1
ct,1400,4500,4350,1550,0,0,0,0,0,0,0,1
t,2400,2650,2650,2400,0,0,0,0,0,0,1,1
ct,1400,3900,3550,1750,0,0,0,0,0,0,1,1
t,2400,2950,2800,2550,1,0,0,0,0,0,1,1
t,2400,2800,2700,2500,1,0,0,0,0,0,1,1
ct,1400,4350,4200,1550,0,0,0,0,0,0,0,1
ct,1400,3900,3350,1950,0,0,0,0,0,0,1,1
t,2400,3250,3100,2550,1,0,0,0,0,0,1,1
ct,1900,1600,1500,2000,0,0,0,0,0,0,1,1
ct,1900,1750,1750,1900,0,0,0,0,0,0,1,1
t,1400,3650,3250,1800,0,0,0,0,0,0,1,1
ct,1900,1750,1700,1950,0,0,0,0,0,0,1,1
ct,1900,2150,2000,2050,0,0,0,0,0,0,1,1
t,1400,3250,3150,1500,0,0,0,0,0,0,0,1
t,1400,4000,4000,1400,0,0,0,0,0,0,0,1
ct,2400,2050,0,4450,1,1,1,1,0,0,1,1
ct,2400,1950,0,4350,1,1,1,1,0,0,1,1
ct,2400,2250,0,4650,1,1,1,1,0,0,1,1
ct,2400,2000,0,4400,1,1,1,1,0,0,1,1
ct,2400,2100,0,4500,1,1,1,1,0,0,1,1
t,1400,3600,3450,1550,0,0,0,0,0,0,0,1
ct,2900,4350,4350,2900,1,1,0,0,0,0,1,1
ct,2900,4650,4650,2900,1,1,0,0,0,0,1,1
ct,2900,4400,4400,2900,1,1,0,0,0,0,1,1
ct,2900,4500,4500,2900,1,1,0,0,0,0,1,1
t,1900,8000,4900,5000,1,1,1,1,0,0,1,1
t,1900,8300,4900,5300,1,1,1,1,0,0,1,1
t,1900,6850,5100,3650,1,1,1,1,0,0,1,1
ct,1900,2200,0,4100,1,1,1,1,0,0,1,1
ct,1900,2550,0,4450,1,1,1,1,0,0,1,1
ct,1900,5350,3550,3700,1,1,1,1,0,0,1,1
t,1400,7250,4800,3850,1,1,1,1,0,0,1,1
t,1400,5400,4900,1900,0,0,0,0,0,0,1,1
ct,1900,2850,0,4750,1,1,1,1,0,0,1,1
ct,2400,3900,3900,2400,0,0,0,0,0,0,1,1
ct,2400,4950,4850,2500,1,0,0,0,0,0,1,1
ct,2400,4200,4050,2550,1,0,0,0,0,0,1,1
ct,2400,4550,4400,2550,1,0,0,0,0,0,1,1
ct,2400,5250,5250,2400,0,0,0,0,0,0,1,1
ct,2900,3050,1900,4050,1,1,1,1,0,0,1,1
ct,2900,3450,2200,4150,1,1,1,1,0,0,1,1
ct,2900,3500,2600,3800,1,1,1,1,0,0,1,1
t,1400,8950,4800,5550,1,1,1,1,1,0,1,1
ct,2900,3200,1900,4200,1,1,1,1,0,0,1,1
t,1400,8000,4800,4600,1,1,1,1,0,0,1,1
ct,3400,4300,4150,3550,1,1,1,1,0,0,1,1
ct,3400,4750,4650,3500,1,1,1,1,0,0,1,1
ct,3400,5000,4850,3550,1,1,1,1,0,0,1,1
ct,3400,5700,5700,3400,1,1,1,1,0,0,1,1
ct,1400,4150,4050,1500,0,0,0,0,0,0,0,1
t,1900,7500,4800,4600,1,1,1,1,0,0,1,1
ct,1400,3900,3850,1450,0,0,0,0,0,0,0,1
t,1900,8500,6850,3550,1,1,1,1,0,0,1,1
t,1900,8450,4900,5450,1,1,1,1,1,0,1,1
ct,1400,4450,4400,1450,0,0,0,0,0,0,0,1
t,1900,6650,4800,3750,1,1,1,1,0,0,1,1
t,1900,8000,4900,5000,1,1,1,1,0,0,1,1
ct,1900,4600,4500,2000,0,0,0,0,0,0,1,1
t,1400,5950,4900,2450,1,0,0,0,0,0,1,1
ct,1900,3150,3000,2050,0,0,0,0,0,0,1,1
t,1400,7100,5400,3100,1,1,1,0,0,0,1,1
ct,1900,3150,3050,2000,0,0,0,0,0,0,1,1
ct,1900,3750,3750,1900,0,0,0,0,0,0,1,1
t,1400,5700,5300,1800,0,0,0,0,0,0,1,1
t,1400,6650,4900,3150,1,1,1,1,0,0,1,1
t,1900,800,650,2050,0,0,0,0,0,0,1,1
t,1900,800,650,2050,0,0,0,0,0,0,1,1
t,1900,800,650,2050,0,0,0,0,0,0,1,1
t,1900,800,700,2000,0,0,0,0,0,0,1,1
t,1900,800,800,1900,0,0,0,0,0,0,1,1
t,2400,2350,0,4750,1,1,1,1,0,0,1,1
t,2400,2350,0,4750,1,1,1,1,0,0,1,1
ct,1400,3950,3850,1500,0,0,0,0,0,0,0,1
t,2400,2050,0,4450,1,1,1,1,0,0,1,1
ct,1400,3650,2250,2800,1,1,0,0,0,0,1,1
ct,1400,3950,3950,1400,0,0,0,0,0,0,0,1
t,2400,2000,0,4400,1,1,1,1,0,0,1,1
t,2400,1900,0,4300,1,1,1,1,0,0,1,1
ct,1400,3600,3550,1450,0,0,0,0,0,0,0,1
ct,1400,4550,4350,1600,0,0,0,0,0,0,0,1
t,2900,4650,4600,2950,1,1,1,0,0,0,1,1
t,2900,4750,4700,2950,1,1,1,0,0,0,1,1
t,2900,4450,4300,3050,1,1,1,0,0,0,1,1
t,2900,4400,4400,2900,1,1,0,0,0,0,1,1
t,2900,4300,4200,3000,1,1,1,0,0,0,1,1
t,1900,3350,3350,1900,0,0,0,0,0,0,1,1
t,1900,4650,4500,2050,0,0,0,0,0,0,1,1
t,1900,1900,1800,2000,0,0,0,0,0,0,1,1
ct,1900,3900,3850,1950,0,0,0,0,0,0,1,1
ct,1900,4450,3550,2800,1,1,0,0,0,0,1,1
ct,1900,6200,6050,2050,0,0,0,0,0,0,1,1
ct,1900,800,650,2050,0,0,0,0,0,0,1,1
t,1900,800,650,2050,0,0,0,0,0,0,1,1
ct,1900,800,650,2050,0,0,0,0,0,0,1,1
t,1900,800,750,1950,0,0,0,0,0,0,1,1
t,1900,800,650,2050,0,0,0,0,0,0,1,1
ct,1900,800,700,2000,0,0,0,0,0,0,1,1
t,1900,800,800,1900,0,0,0,0,0,0,1,1
ct,1900,800,700,2000,0,0,0,0,0,0,1,1
t,1900,800,650,2050,0,0,0,0,0,0,1,1
ct,1900,800,650,2050,0,0,0,0,0,0,1,1
ct,2400,2400,0,4800,1,1,1,1,0,0,1,1
t,1400,3700,3700,1400,0,0,0,0,0,0,0,1
ct,2400,2100,0,4500,1,1,1,1,0,0,1,1
t,1400,3300,3300,1400,0,0,0,0,0,0,0,1
t,1400,4300,4200,1500,0,0,0,0,0,0,0,1
ct,2400,2050,0,4450,1,1,1,1,0,0,1,1
t,1400,3850,3450,1800,0,0,0,0,0,0,1,1
ct,2400,2050,0,4450,1,1,1,1,0,0,1,1
t,1400,3400,3350,1450,0,0,0,0,0,0,0,1
ct,2400,2100,0,4500,1,1,1,1,0,0,1,1
ct,2900,4800,4650,3050,1,1,1,0,0,0,1,1
ct,2900,4500,4350,3050,1,1,1,0,0,0,1,1
ct,2900,4450,4400,2950,1,1,1,0,0,0,1,1
ct,2900,4450,4250,3100,1,1,1,0,0,0,1,1
ct,2900,4500,4500,2900,1,1,0,0,0,0,1,1
ct,3400,3100,1650,4850,1,1,1,1,0,0,1,1
ct,3400,3400,1700,5100,1,1,1,1,0,0,1,1
t,1400,6550,4800,3150,1,1,1,1,0,0,1,1
ct,3400,2950,1750,4600,1,1,1,1,0,0,1,1
ct,3400,2950,1450,4900,1,1,1,1,0,0,1,1
ct,3400,4950,4850,3500,1,1,1,1,0,0,1,1
t,1400,9050,4800,5650,1,1,1,1,1,0,1,1
ct,3400,5200,4850,3750,1,1,1,1,0,0,1,1
ct,3400,4700,4550,3550,1,1,1,1,0,0,1,1
ct,3400,5000,5000,3400,1,1,1,1,0,0,1,1
t,1900,5200,4800,2300,0,0,0,0,0,0,1,1
ct,1400,5800,5200,2000,0,0,0,0,0,0,1,1
t,2900,3950,2000,4850,1,1,1,1,0,0,1,1
t,2900,3250,700,5450,1,1,1,1,1,0,1,1
t,2900,2700,700,4900,1,1,1,1,0,0,1,1
t,2900,2600,700,4800,1,1,1,1,0,0,1,1
t,3400,4850,4800,3450,1,1,1,1,0,0,1,1
t,3400,3000,2600,3800,1,1,1,1,0,0,1,1
t,3400,6150,6100,3450,1,1,1,1,0,0,1,1
t,3400,4900,4900,3400,1,1,1,1,0,0,1,1
t,3400,4800,4800,3400,1,1,1,1,0,0,1,1
ct,1400,11400,5600,7200,1,1,1,1,1,1,1,1
t,3400,3900,1000,6300,1,1,1,1,1,1,1,1
t,3400,3450,1350,5500,1,1,1,1,1,0,1,1
t,3400,3400,0,6800,1,1,1,1,1,1,1,1
t,3400,3400,700,6100,1,1,1,1,1,1,1,1
ct,1400,8200,5200,4400,1,1,1,1,0,0,1,1
ct,1400,10200,5600,6000,1,1,1,1,1,1,1,1
t,3400,4900,4900,3400,1,1,1,1,0,0,1,1
t,3400,5000,4800,3600,1,1,1,1,0,0,1,1
t,3400,4950,4800,3550,1,1,1,1,0,0,1,1
t,3400,5650,4900,4150,1,1,1,1,0,0,1,1
ct,1900,9850,5600,6150,1,1,1,1,1,1,1,1
t,1900,800,650,2050,0,0,0,0,0,0,1,1
t,1900,800,650,2050,0,0,0,0,0,0,1,1
t,1900,800,800,1900,0,0,0,0,0,0,1,1
t,1900,800,800,1900,0,0,0,0,0,0,1,1
t,1900,800,650,2050,0,0,0,0,0,0,1,1
t,2400,2050,0,4450,1,1,1,1,0,0,1,1
ct,1400,4550,4400,1550,0,0,0,0,0,0,0,1
t,2400,2050,0,4450,1,1,1,1,0,0,1,1
ct,1400,3650,3550,1500,0,0,0,0,0,0,0,1
t,2400,1900,0,4300,1,1,1,1,0,0,1,1
ct,1400,3500,3350,1550,0,0,0,0,0,0,0,1
t,2400,1900,0,4300,1,1,1,1,0,0,1,1
ct,1400,3650,3550,1500,0,0,0,0,0,0,0,1
t,2400,2350,0,4750,1,1,1,1,0,0,1,1
t,2900,4750,4600,3050,1,1,1,0,0,0,1,1
t,2900,4450,4400,2950,1,1,1,0,0,0,1,1
ct,1400,5300,5250,1450,0,0,0,0,0,0,0,1
t,2900,4300,4200,3000,1,1,1,0,0,0,1,1
t,2900,4300,3900,3300,1,1,1,1,0,0,1,1
t,2900,4750,4600,3050,1,1,1,0,0,0,1,1
t,3400,3050,1850,4600,1,1,1,1,0,0,1,1
t,3400,3250,1650,5000,1,1,1,1,0,0,1,1
ct,1400,7300,5600,3100,1,1,1,0,0,0,1,1
ct,1400,6750,5800,2350,0,0,0,0,0,0,1,1
t,3400,3300,2000,4700,1,1,1,1,0,0,1,1
t,3400,3050,650,5800,1,1,1,1,1,0,1,1
t,3400,4600,4600,3400,1,1,1,1,0,0,1,1
ct,1400,9150,5600,4950,1,1,1,1,0,0,1,1
t,3400,5000,4800,3600,1,1,1,1,0,0,1,1
t,3400,5850,5700,3550,1,1,1,1,0,0,1,1
t,3400,4700,4600,3500,1,1,1,1,0,0,1,1
t,3400,4800,4800,3400,1,1,1,1,0,0,1,1
ct,1400,6950,5200,3150,1,1,1,1,0,0,1,1
t,3400,3600,3500,3500,1,1,1,1,0,0,1,1
ct,1400,8900,5600,4700,1,1,1,1,0,0,1,1
t,3400,3500,3500,3400,1,1,1,1,0,0,1,1
t,3400,3700,3700,3400,1,1,1,1,0,0,1,1
t,3400,3500,3450,3450,1,1,1,1,0,0,1,1
t,3400,3800,3700,3500,1,1,1,1,0,0,1,1
t,3400,3700,3700,3400,1,1,1,1,0,0,1,1
ct,1400,10000,5800,5600,1,1,1,1,1,0,1,1
t,3400,3400,3300,3500,1,1,1,1,0,0,1,1
ct,1900,800,800,1900,0,0,0,0,0,0,1,1
t,1900,800,650,2050,0,0,0,0,0,0,1,1
ct,1900,800,800,1900,0,0,0,0,0,0,1,1
t,1900,800,700,2000,0,0,0,0,0,0,1,1
ct,1900,800,650,2050,0,0,0,0,0,0,1,1
t,1900,800,700,2000,0,0,0,0,0,0,1,1
ct,1900,800,650,2050,0,0,0,0,0,0,1,1
ct,1900,800,650,2050,0,0,0,0,0,0,1,1
t,1900,800,650,2050,0,0,0,0,0,0,1,1
t,1900,800,650,2050,0,0,0,0,0,0,1,1
t,2400,2050,0,4450,1,1,1,1,0,0,1,1
t,2400,2000,0,4400,1,1,1,1,0,0,1,1
ct,1400,4250,1900,3750,1,1,1,1,0,0,1,1
t,2400,2000,0,4400,1,1,1,1,0,0,1,1
ct,1400,3650,3550,1500,0,0,0,0,0,0,0,1
ct,1400,3650,3300,1750,0,0,0,0,0,0,1,1
t,2400,2050,300,4150,1,1,1,1,0,0,1,1
t,2400,2050,0,4450,1,1,1,1,0,0,1,1
t,2900,5050,4800,3150,1,1,1,1,0,0,1,1
t,2900,5600,4800,3700,1,1,1,1,0,0,1,1
t,2900,5000,4900,3000,1,1,1,0,0,0,1,1
ct,1400,5300,5200,1500,0,0,0,0,0,0,0,1
t,2900,4750,4600,3050,1,1,1,0,0,0,1,1
t,2900,5050,4900,3050,1,1,1,0,0,0,1,1
t,3400,3750,3700,3450,1,1,1,1,0,0,1,1
t,3400,4600,4600,3400,1,1,1,1,0,0,1,1
t,3400,4200,3900,3700,1,1,1,1,0,0,1,1
ct,1400,7500,5600,3300,1,1,1,1,0,0,1,1
t,3400,3950,3900,3450,1,1,1,1,0,0,1,1
t,3400,3650,3500,3550,1,1,1,1,0,0,1,1
ct,1400,6100,5800,1700,0,0,0,0,0,0,1,1
t,3400,3750,2050,5100,1,1,1,1,0,0,1,1
t,3400,3550,1650,5300,1,1,1,1,0,0,1,1
ct,1400,9850,5200,6050,1,1,1,1,1,1,1,1
t,3400,6450,6450,3400,1,1,1,1,0,0,1,1
t,3400,5400,4800,4000,1,1,1,1,0,0,1,1
t,3400,5100,4800,3700,1,1,1,1,0,0,1,1
t,3400,5300,4800,3900,1,1,1,1,0,0,1,1
ct,1900,6100,5200,2800,1,1,0,0,0,0,1,1
t,1900,3500,3500,1900,0,0,0,0,0,0,1,1
t,1900,5600,5100,2400,0,0,0,0,0,0,1,1
ct,1400,8750,5600,4550,1,1,1,1,0,0,1,1
t,1900,5900,4800,3000,1,1,1,0,0,0,1,1
t,1900,4700,4600,2000,0,0,0,0,0,0,1,1
ct,1900,7150,5800,3250,1,1,1,1,0,0,1,1
t,1400,3250,2100,2550,1,0,0,0,0,0,1,1
ct,1900,5700,5600,2000,0,0,0,0,0,0,1,1
ct,1900,8950,6700,4150,1,1,1,1,0,0,1,1
ct,1900,4650,4650,1900,0,0,0,0,0,0,1,1
ct,2400,3450,1650,4200,1,1,1,1,0,0,1,1
ct,2400,3100,700,4800,1,1,1,1,0,0,1,1
ct,2400,4250,1700,4950,1,1,1,1,0,0,1,1
t,1400,3700,2700,2400,0,0,0,0,0,0,1,1
ct,2400,2100,0,4500,1,1,1,1,0,0,1,1
t,1400,4300,4200,1500,0,0,0,0,0,0,0,1
t,1400,5100,4800,1700,0,0,0,0,0,0,1,1
ct,2900,4150,4150,2900,1,1,0,0,0,0,1,1
ct,2900,4500,4350,3050,1,1,1,0,0,0,1,1
ct,1400,3800,3750,1450,0,0,0,0,0,0,0,1
t,1900,6650,4800,3750,1,1,1,1,0,0,1,1
ct,1400,4050,3850,1600,0,0,0,0,0,0,0,1
t,1900,7200,7000,2100,0,0,0,0,0,0,1,1
t,1900,5650,5100,2450,1,0,0,0,0,0,1,1
ct,1400,3850,3850,1400,0,0,0,0,0,0,0,1
t,1900,4550,4400,2050,0,0,0,0,0,0,1,1
t,1900,5050,4800,2150,0,0,0,0,0,0,1,1
t,1900,800,700,2000,0,0,0,0,0,0,1,1
t,1900,800,800,1900,0,0,0,0,0,0,1,1
t,1900,800,650,2050,0,0,0,0,0,0,1,1
t,1900,800,650,2050,0,0,0,0,0,0,1,1
t,1900,800,650,2050,0,0,0,0,0,0,1,1
ct,2400,2100,0,4500,1,1,1,1,0,0,1,1
t,1400,3550,3100,1850,0,0,0,0,0,0,1,1
ct,2400,2100,0,4500,1,1,1,1,0,0,1,1
t,1400,4300,4200,1500,0,0,0,0,0,0,0,1
ct,2400,1950,300,4050,1,1,1,1,0,0,1,1
t,1400,4000,3850,1550,0,0,0,0,0,0,0,1
t,1400,3400,2550,2250,0,0,0,0,0,0,1,1
ct,2400,2400,200,4600,1,1,1,1,0,0,1,1
ct,2400,2100,0,4500,1,1,1,1,0,0,1,1
ct,2900,4900,4900,2900,1,1,0,0,0,0,1,1
ct,2900,4900,4900,2900,1,1,0,0,0,0,1,1
ct,2900,4150,4150,2900,1,1,0,0,0,0,1,1
ct,2900,4700,4650,2950,1,1,1,0,0,0,1,1
ct,2900,4600,4550,2950,1,1,1,0,0,0,1,1
t,1400,5700,4900,2200,0,0,0,0,0,0,1,1
t,1400,7300,4800,3900,1,1,1,1,0,0,1,1
ct,3400,5250,5250,3400,1,1,1,1,0,0,1,1
ct,1900,4450,4350,2000,0,0,0,0,0,0,1,1
t,1400,4750,4600,1550,0,0,0,0,0,0,0,1
ct,1900,3250,3000,2150,0,0,0,0,0,0,1,1
t,1400,5200,4900,1700,0,0,0,0,0,0,1,1
ct,1900,3150,3000,2050,0,0,0,0,0,0,1,1
ct,1900,800,650,2050,0,0,0,0,0,0,1,1
t,1900,800,650,2050,0,0,0,0,0,0,1,1
t,1900,800,650,2050,0,0,0,0,0,0,1,1
t,1900,800,650,2050,0,0,0,0,0,0,1,1
t,1900,800,700,2000,0,0,0,0,0,0,1,1
ct,1900,800,800,1900,0,0,0,0,0,0,1,1
ct,1900,800,800,1900,0,0,0,0,0,0,1,1
ct,1900,800,650,2050,0,0,0,0,0,0,1,1
ct,1900,800,650,2050,0,0,0,0,0,0,1,1
t,1900,800,700,2000,0,0,0,0,0,0,1,1
ct,2400,2400,1650,3150,1,1,1,1,0,0,1,1
t,1400,3400,3350,1450,0,0,0,0,0,0,0,1
t,1400,4300,4200,1500,0,0,0,0,0,0,0,1
t,1400,3700,3600,1500,0,0,0,0,0,0,0,1
t,1400,3350,3250,1500,0,0,0,0,0,0,0,1
ct,2400,1950,1750,2600,1,0,0,0,0,0,1,1
ct,2400,1950,1900,2450,1,0,0,0,0,0,1,1
ct,2400,2100,2000,2500,1,0,0,0,0,0,1,1
ct,1400,5100,4700,1800,0,0,0,0,0,0,1,1
t,1900,2050,1800,2150,0,0,0,0,0,0,1,1
t,1900,2100,2000,2000,0,0,0,0,0,0,1,1
ct,1400,3900,3550,1750,0,0,0,0,0,0,1,1
ct,1400,4450,4300,1550,0,0,0,0,0,0,0,1
t,1900,2650,2000,2550,1,0,0,0,0,0,1,1
t,2400,2450,300,4550,1,1,1,1,0,0,1,1
t,2400,2000,0,4400,1,1,1,1,0,0,1,1
t,2400,1900,0,4300,1,1,1,1,0,0,1,1
t,2400,2300,200,4500,1,1,1,1,0,0,1,1
t,2400,2550,200,4750,1,1,1,1,0,0,1,1
t,2900,4550,4400,3050,1,1,1,0,0,0,1,1
t,2900,4400,4400,2900,1,1,0,0,0,0,1,1
t,2900,4300,4200,3000,1,1,1,0,0,0,1,1
t,2900,4500,4200,3200,1,1,1,1,0,0,1,1
t,2900,4750,4600,3050,1,1,1,0,0,0,1,1
t,3400,4550,3700,4250,1,1,1,1,0,0,1,1
t,3400,3800,2800,4400,1,1,1,1,0,0,1,1
t,3400,3600,2400,4600,1,1,1,1,0,0,1,1
t,3400,3800,2050,5150,1,1,1,1,0,0,1,1
ct,1400,10000,5200,6200,1,1,1,1,1,1,1,1
ct,1400,8900,5600,4700,1,1,1,1,0,0,1,1
ct,1400,8400,5600,4200,1,1,1,1,0,0,1,1
t,3400,3950,1350,6000,1,1,1,1,1,1,1,1
ct,1900,8300,6050,4150,1,1,1,1,0,0,1,1
ct,1900,6350,5200,3050,1,1,1,0,0,0,1,1
ct,1900,4250,4200,1950,0,0,0,0,0,0,1,1
t,1900,4600,4600,1900,0,0,0,0,0,0,1,1
t,1900,5950,5100,2750,1,0,0,0,0,0,1,1
t,1900,5200,4800,2300,0,0,0,0,0,0,1,1
ct,1400,4200,3950,1650,0,0,0,0,0,0,0,1
t,1900,6950,6850,2000,0,0,0,0,0,0,1,1
ct,1900,3300,2350,2850,1,1,0,0,0,0,1,1
ct,1900,3500,3000,2400,0,0,0,0,0,0,1,1
ct,1900,1800,1750,1950,0,0,0,0,0,0,1,1
ct,1900,2700,2700,1900,0,0,0,0,0,0,1,1
t,1900,2350,0,4250,1,1,1,1,0,0,1,1
t,1900,2700,0,4600,1,1,1,1,0,0,1,1
t,1900,3650,0,5550,1,1,1,1,1,0,1,1
ct,1400,4100,3900,1600,0,0,0,0,0,0,0,1
ct,1400,4700,4700,1400,0,0,0,0,0,0,0,1
t,1900,2150,0,4050,1,1,1,1,0,0,1,1
t,2400,4750,4700,2450,1,0,0,0,0,0,1,1
t,2400,4400,3900,2900,1,1,0,0,0,0,1,1
t,2400,5350,4800,2950,1,1,1,0,0,0,1,1
t,2900,2950,2950,2900,1,1,0,0,0,0,1,1
t,2900,3400,3250,3050,1,1,1,0,0,0,1,1
ct,1900,800,650,2050,0,0,0,0,0,0,1,1
ct,1900,800,650,2050,0,0,0,0,0,0,1,1
ct,1900,800,650,2050,0,0,0,0,0,0,1,1
ct,1900,800,800,1900,0,0,0,0,0,0,1,1
ct,1900,800,650,2050,0,0,0,0,0,0,1,1
t,2400,2350,0,4750,1,1,1,1,0,0,1,1
ct,1400,3650,3500,1550,0,0,0,0,0,0,0,1
ct,1400,3650,3600,1450,0,0,0,0,0,0,0,1
ct,1400,4250,4050,1600,0,0,0,0,0,0,0,1
ct,1400,4100,3950,1550,0,0,0,0,0,0,0,1
t,2400,2050,0,4450,1,1,1,1,0,0,1,1
t,2400,1900,0,4300,1,1,1,1,0,0,1,1
t,2400,2050,0,4450,1,1,1,1,0,0,1,1
ct,1400,3950,1000,4350,1,1,1,1,0,0,1,1
t,2900,4750,4600,3050,1,1,1,0,0,0,1,1
t,2900,3700,3700,2900,1,1,0,0,0,0,1,1
t,2900,4450,4400,2950,1,1,1,0,0,0,1,1
t,2900,4300,4200,3000,1,1,1,0,0,0,1,1
t,2900,4750,4600,3050,1,1,1,0,0,0,1,1
ct,1400,6750,6700,1450,0,0,0,0,0,0,0,1
ct,1900,5100,5050,1950,0,0,0,0,0,0,1,1
ct,1900,3700,3550,2050,0,0,0,0,0,0,1,1
ct,1900,4000,3850,2050,0,0,0,0,0,0,1,1
ct,1900,1600,1450,2050,0,0,0,0,0,0,1,1
ct,1400,3900,3700,1600,0,0,0,0,0,0,0,1
t,1900,850,800,1950,0,0,0,0,0,0,1,1
t,1900,2250,1150,3000,1,1,1,0,0,0,1,1
t,1900,3350,3200,2050,0,0,0,0,0,0,1,1
t,1900,2300,2300,1900,0,0,0,0,0,0,1,1
ct,1400,3600,3550,1450,0,0,0,0,0,0,0,1
t,2400,2450,700,4150,1,1,1,1,0,0,1,1
t,2400,2450,0,4850,1,1,1,1,0,0,1,1
t,2400,3350,0,5750,1,1,1,1,1,0,1,1
t,2400,2700,700,4400,1,1,1,1,0,0,1,1
t,2900,4850,4800,2950,1,1,1,0,0,0,1,1
t,2900,4250,3300,3850,1,1,1,1,0,0,1,1
ct,1400,9100,5600,4900,1,1,1,1,0,0,1,1
ct,1400,8850,5600,4650,1,1,1,1,0,0,1,1
t,3400,3450,2150,4700,1,1,1,1,0,0,1,1
t,3400,3450,2200,4650,1,1,1,1,0,0,1,1
t,3400,3400,1850,4950,1,1,1,1,0,0,1,1
t,3400,3950,3100,4250,1,1,1,1,0,0,1,1
t,1400,6650,4400,3650,1,1,1,1,0,0,1,1
ct,1900,5300,5200,2000,0,0,0,0,0,0,1,1
ct,1900,6750,5200,3450,1,1,1,1,0,0,1,1
t,1400,4750,4400,1750,0,0,0,0,0,0,1,1
ct,1900,7650,7350,2200,0,0,0,0,0,0,1,1
ct,1400,5800,5600,1600,0,0,0,0,0,0,0,1
t,1900,5700,5100,2500,1,0,0,0,0,0,1,1
t,1900,5750,4900,2750,1,0,0,0,0,0,1,1
t,1900,9300,5600,5600,1,1,1,1,1,0,1,1
t,1900,9450,4900,6450,1,1,1,1,1,1,1,1
t,2400,6600,5400,3600,1,1,1,1,0,0,1,1
ct,1900,800,650,2050,0,0,0,0,0,0,1,1
ct,1900,800,800,1900,0,0,0,0,0,0,1,1
ct,1900,800,650,2050,0,0,0,0,0,0,1,1
ct,1900,800,650,2050,0,0,0,0,0,0,1,1
t,1900,800,650,2050,0,0,0,0,0,0,1,1
t,1900,800,700,2000,0,0,0,0,0,0,1,1
t,1900,800,650,2050,0,0,0,0,0,0,1,1
t,1900,800,800,1900,0,0,0,0,0,0,1,1
t,1900,800,650,2050,0,0,0,0,0,0,1,1
ct,1900,800,650,2050,0,0,0,0,0,0,1,1
ct,2400,2450,2350,2500,1,0,0,0,0,0,1,1
ct,2400,2000,2000,2400,0,0,0,0,0,0,1,1
ct,2400,2150,2100,2450,1,0,0,0,0,0,1,1
ct,2400,2150,2000,2550,1,0,0,0,0,0,1,1
t,1400,4550,4400,1550,0,0,0,0,0,0,0,1
t,1400,3900,3250,2050,0,0,0,0,0,0,1,1
t,1400,3950,3250,2100,0,0,0,0,0,0,1,1
t,1400,3500,3500,1400,0,0,0,0,0,0,0,1
t,1400,3650,3650,1400,0,0,0,0,0,0,0,1
ct,2400,2450,2450,2400,0,0,0,0,0,0,1,1
ct,1400,3900,3900,1400,0,0,0,0,0,0,0,1
ct,1400,3650,3650,1400,0,0,0,0,0,0,0,1
t,1900,1850,1700,2050,0,0,0,0,0,0,1,1
t,1900,1850,1850,1900,0,0,0,0,0,0,1,1
t,1900,1700,1650,1950,0,0,0,0,0,0,1,1
ct,1400,4100,1300,4200,1,1,1,1,0,0,1,1
t,2400,2350,700,4050,1,1,1,1,0,0,1,1
t,2400,1900,0,4300,1,1,1,1,0,0,1,1
t,2400,1950,0,4350,1,1,1,1,0,0,1,1
t,2400,1950,0,4350,1,1,1,1,0,0,1,1
t,2400,2250,300,4350,1,1,1,1,0,0,1,1
ct,1400,6550,5750,2200,0,0,0,0,0,0,1,1
ct,1400,6250,5600,2050,0,0,0,0,0,0,1,1
t,2900,4650,4600,2950,1,1,1,0,0,0,1,1
t,2900,4900,4800,3000,1,1,1,0,0,0,1,1
t,2900,5550,4900,3550,1,1,1,1,0,0,1,1
t,2900,4950,4800,3050,1,1,1,0,0,0,1,1
t,2900,5250,4900,3250,1,1,1,1,0,0,1,1
ct,1400,8250,5200,4450,1,1,1,1,0,0,1,1
t,3400,3000,1850,4550,1,1,1,1,0,0,1,1
t,3400,3350,650,6100,1,1,1,1,1,1,1,1
t,3400,3250,1650,5000,1,1,1,1,0,0,1,1
t,3400,4500,4400,3500,1,1,1,1,0,0,1,1
t,3400,4150,3900,3650,1,1,1,1,0,0,1,1
t,3400,4600,4600,3400,1,1,1,1,0,0,1,1
t,3400,5000,4800,3600,1,1,1,1,0,0,1,1
ct,1400,12050,5600,7850,1,1,1,1,1,1,1,1
t,3400,3800,3100,4100,1,1,1,1,0,0,1,1
t,3400,3650,2250,4800,1,1,1,1,0,0,1,1
t,3400,3550,500,6450,1,1,1,1,1,1,1,1
t,3400,3600,1800,5200,1,1,1,1,0,0,1,1
t,3400,4100,4000,3500,1,1,1,1,0,0,1,1
t,3400,4750,4600,3550,1,1,1,1,0,0,1,1
t,3400,5750,5750,3400,1,1,1,1,0,0,1,1
ct,1900,11550,5600,7850,1,1,1,1,1,1,1,1
ct,1900,10150,4850,7200,1,1,1,1,1,1,1,1
ct,1900,11150,5600,7450,1,1,1,1,1,1,1,1
ct,1900,14250,5600,10550,1,1,1,1,1,1,1,1
ct,1400,10300,6500,5200,1,1,1,1,0,0,1,1
ct,1400,9050,5050,5400,1,1,1,1,1,0,1,1
t,1900,5250,5100,2050,0,0,0,0,0,0,1,1
t,1900,4650,4600,1950,0,0,0,0,0,0,1,1
t,1900,5000,4900,2000,0,0,0,0,0,0,1,1
t,1900,6450,6450,1900,0,0,0,0,0,0,1,1
t,1900,4150,4000,2050,0,0,0,0,0,0,1,1
ct,1400,12800,5600,8600,1,1,1,1,1,1,1,1
ct,1400,7550,6300,2650,1,0,0,0,0,0,1,1
ct,1400,8350,6300,3450,1,1,1,1,0,0,1,1
ct,1400,10450,5800,6050,1,1,1,1,1,1,1,1
t,2400,4150,4000,2550,1,0,0,0,0,0,1,1
t,2400,4350,3450,3300,1,1,1,1,0,0,1,1
t,2400,4400,4400,2400,0,0,0,0,0,0,1,1
t,2400,4100,3900,2600,1,0,0,0,0,0,1,1
t,2400,4750,4600,2550,1,0,0,0,0,0,1,1
ct,1400,11250,6100,6550,1,1,1,1,1,1,1,1
t,1900,800,700,2000,0,0,0,0,0,0,1,1
t,1900,800,650,2050,0,0,0,0,0,0,1,1
t,1900,800,650,2050,0,0,0,0,0,0,1,1
t,1900,800,700,2000,0,0,0,0,0,0,1,1
t,1900,800,650,2050,0,0,0,0,0,0,1,1
t,1400,3650,3500,1550,0,0,0,0,0,0,0,1
t,1400,3400,3250,1550,0,0,0,0,0,0,0,1
t,1400,3950,3900,1450,0,0,0,0,0,0,0,1
ct,2400,2500,2400,2500,1,0,0,0,0,0,1,1
ct,2400,2050,1900,2550,1,0,0,0,0,0,1,1
ct,2400,2800,2750,2450,1,0,0,0,0,0,1,1
ct,2400,2200,1450,3150,1,1,1,1,0,0,1,1
ct,2400,2200,2200,2400,0,0,0,0,0,0,1,1
t,1400,3700,3500,1600,0,0,0,0,0,0,0,1
t,1900,2450,0,4350,1,1,1,1,0,0,1,1
t,1900,2150,0,4050,1,1,1,1,0,0,1,1
t,1900,2100,0,4000,1,1,1,1,0,0,1,1
t,1900,2050,0,3950,1,1,1,1,0,0,1,1
t,1900,2500,0,4400,1,1,1,1,0,0,1,1
t,2400,4350,4200,2550,1,0,0,0,0,0,1,1
t,2400,4050,3900,2550,1,0,0,0,0,0,1,1
t,2400,4300,4300,2400,0,0,0,0,0,0,1,1
t,2400,3950,3900,2450,1,0,0,0,0,0,1,1
t,2400,4400,4400,2400,0,0,0,0,0,0,1,1
t,2900,2550,1150,4300,1,1,1,1,0,0,1,1
t,2900,3000,1150,4750,1,1,1,1,0,0,1,1
t,2900,2450,800,4550,1,1,1,1,0,0,1,1
ct,1400,8650,5600,4450,1,1,1,1,0,0,1,1
ct,1400,6800,5600,2600,1,0,0,0,0,0,1,1
ct,1400,8550,5600,4350,1,1,1,1,0,0,1,1
t,2900,2700,1000,4600,1,1,1,1,0,0,1,1
t,3400,4950,4800,3550,1,1,1,1,0,0,1,1
t,3400,4300,3900,3800,1,1,1,1,0,0,1,1
t,3400,4450,4400,3450,1,1,1,1,0,0,1,1
t,3400,4550,4400,3550,1,1,1,1,0,0,1,1
t,3400,4600,4600,3400,1,1,1,1,0,0,1,1
ct,1900,11350,5200,8050,1,1,1,1,1,1,1,1
ct,1400,9950,5200,6150,1,1,1,1,1,1,1,1
ct,1400,9050,7950,2500,1,0,0,0,0,0,1,1
ct,1400,6500,5600,2300,0,0,0,0,0,0,1,1
t,1400,4550,4400,1550,0,0,0,0,0,0,0,1
ct,1900,5000,4850,2050,0,0,0,0,0,0,1,1
t,1900,3400,700,4600,1,1,1,1,0,0,1,1
t,1900,3350,700,4550,1,1,1,1,0,0,1,1
t,1900,2050,0,3950,1,1,1,1,0,0,1,1
t,1900,2450,300,4050,1,1,1,1,0,0,1,1
t,2400,5050,4800,2650,1,0,0,0,0,0,1,1
t,2400,5100,4800,2700,1,0,0,0,0,0,1,1
t,2400,5050,4900,2550,1,0,0,0,0,0,1,1
t,2400,4450,4400,2450,1,0,0,0,0,0,1,1
t,2400,4550,4400,2550,1,0,0,0,0,0,1,1
t,2900,3150,3100,2950,1,1,1,0,0,0,1,1
t,2900,3200,3150,2950,1,1,1,0,0,0,1,1
t,2900,3050,2600,3350,1,1,1,1,0,0,1,1
t,2900,2950,2600,3250,1,1,1,1,0,0,1,1
ct,1900,800,800,1900,0,0,0,0,0,0,1,1
ct,1900,800,650,2050,0,0,0,0,0,0,1,1
t,1900,800,800,1900,0,0,0,0,0,0,1,1
t,1900,800,650,2050,0,0,0,0,0,0,1,1
t,1900,800,700,2000,0,0,0,0,0,0,1,1
t,1900,800,650,2050,0,0,0,0,0,0,1,1
t,1900,800,650,2050,0,0,0,0,0,0,1,1
ct,1900,800,650,2050,0,0,0,0,0,0,1,1
ct,1900,800,800,1900,0,0,0,0,0,0,1,1
ct,1900,800,650,2050,0,0,0,0,0,0,1,1
ct,2400,2000,1900,2500,1,0,0,0,0,0,1,1
ct,2400,2150,2100,2450,1,0,0,0,0,0,1,1
t,1400,3250,3100,1550,0,0,0,0,0,0,0,1
t,1400,3400,2550,2250,0,0,0,0,0,0,1,1
t,1400,3350,3150,1600,0,0,0,0,0,0,0,1
t,1400,4000,3900,1500,0,0,0,0,0,0,0,1
ct,2400,2450,2350,2500,1,0,0,0,0,0,1,1
ct,2400,2300,2200,2500,1,0,0,0,0,0,1,1
ct,2400,2150,700,3850,1,1,1,1,0,0,1,1
ct,2900,3250,1300,4850,1,1,1,1,0,0,1,1
t,1400,4100,3900,1600,0,0,0,0,0,0,0,1
t,1400,4050,3250,2200,0,0,0,0,0,0,1,1
t,1400,3850,3800,1450,0,0,0,0,0,0,0,1
ct,2900,2700,700,4900,1,1,1,1,0,0,1,1
ct,2900,3400,0,6300,1,1,1,1,1,1,1,1
ct,1400,5750,5600,1550,0,0,0,0,0,0,0,1
t,1900,1600,0,3500,1,1,1,1,0,0,1,1
t,1900,2200,0,4100,1,1,1,1,0,0,1,1
t,1900,1750,0,3650,1,1,1,1,0,0,1,1
t,1900,2650,0,4550,1,1,1,1,0,0,1,1
ct,1400,6100,5000,2500,1,0,0,0,0,0,1,1
ct,1400,6900,5200,3100,1,1,1,0,0,0,1,1
t,2400,4000,4000,2400,0,0,0,0,0,0,1,1
t,2400,3500,3400,2500,1,0,0,0,0,0,1,1
t,2400,4400,3900,2900,1,1,0,0,0,0,1,1
t,2400,3650,3500,2550,1,0,0,0,0,0,1,1
t,2400,4550,4400,2550,1,0,0,0,0,0,1,1
ct,1900,5800,5600,2100,0,0,0,0,0,0,1,1
ct,1900,5050,5050,1900,0,0,0,0,0,0,1,1
t,1900,4900,4800,2000,0,0,0,0,0,0,1,1
ct,1400,4200,4200,1400,0,0,0,0,0,0,0,1
t,2400,2100,0,4500,1,1,1,1,0,0,1,1
t,2400,2300,0,4700,1,1,1,1,0,0,1,1
t,2400,2850,0,5250,1,1,1,1,0,0,1,1
t,2400,3050,300,5150,1,1,1,1,0,0,1,1
ct,1900,3350,3000,2250,0,0,0,0,0,0,1,1
ct,1900,3100,3100,1900,0,0,0,0,0,0,1,1
t,1400,5550,4800,2150,0,0,0,0,0,0,1,1
ct,1900,2450,2350,2000,0,0,0,0,0,0,1,1
ct,1900,3000,3000,1900,0,0,0,0,0,0,1,1
ct,2400,2250,0,4650,1,1,1,1,0,0,1,1
ct,2400,1900,0,4300,1,1,1,1,0,0,1,1
ct,2400,2000,0,4400,1,1,1,1,0,0,1,1
ct,2900,4600,4550,2950,1,1,1,0,0,0,1,1
ct,2900,5050,4850,3100,1,1,1,0,0,0,1,1
t,1400,6800,4800,3400,1,1,1,1,0,0,1,1
t,1400,10550,4800,7150,1,1,1,1,1,1,1,1
t,1400,10750,4800,7350,1,1,1,1,1,1,1,1
ct,2900,4050,4050,2900,1,1,0,0,0,0,1,1
ct,2900,4450,4350,3000,1,1,1,0,0,0,1,1
t,1900,6900,6850,1950,0,0,0,0,0,0,1,1
t,1900,8350,5300,4950,1,1,1,1,0,0,1,1
ct,1900,800,650,2050,0,0,0,0,0,0,1,1
ct,1900,800,650,2050,0,0,0,0,0,0,1,1
ct,1900,800,700,2000,0,0,0,0,0,0,1,1
ct,1900,800,650,2050,0,0,0,0,0,0,1,1
ct,1900,800,650,2050,0,0,0,0,0,0,1,1
t,2400,2350,0,4750,1,1,1,1,0,0,1,1
t,2400,2050,0,4450,1,1,1,1,0,0,1,1
ct,1400,3950,3850,1500,0,0,0,0,0,0,0,1
ct,1400,3600,3500,1500,0,0,0,0,0,0,0,1
ct,1400,3650,3550,1500,0,0,0,0,0,0,0,1
t,2400,2050,0,4450,1,1,1,1,0,0,1,1
t,2400,2000,1000,3400,1,1,1,1,0,0,1,1
t,2400,2200,0,4600,1,1,1,1,0,0,1,1
t,2900,5050,4900,3050,1,1,1,0,0,0,1,1
t,2900,5050,4800,3150,1,1,1,1,0,0,1,1
t,2900,4300,3900,3300,1,1,1,1,0,0,1,1
t,3400,2900,2400,3900,1,1,1,1,0,0,1,1
t,3400,3300,2600,4100,1,1,1,1,0,0,1,1
t,3400,4000,2300,5100,1,1,1,1,0,0,1,1
t,3400,3450,2050,4800,1,1,1,1,0,0,1,1
ct,1400,6150,5000,2550,1,0,0,0,0,0,1,1
ct,1400,6750,6750,1400,0,0,0,0,0,0,0,1
ct,1400,5950,5500,1850,0,0,0,0,0,0,1,1
t,3400,3450,2400,4450,1,1,1,1,0,0,1,1
t,3400,4100,1850,5650,1,1,1,1,1,0,1,1
t,3400,5400,5100,3700,1,1,1,1,0,0,1,1
ct,1400,8350,5200,4550,1,1,1,1,0,0,1,1
ct,1400,7700,5050,4050,1,1,1,1,0,0,1,1
t,3400,4450,4400,3450,1,1,1,1,0,0,1,1
t,3400,5250,4800,3850,1,1,1,1,0,0,1,1
t,3400,6150,6050,3500,1,1,1,1,0,0,1,1
ct,1900,4150,1150,4900,1,1,1,1,0,0,1,1
ct,1900,4200,0,6100,1,1,1,1,1,1,1,1
ct,1900,4950,1900,4950,1,1,1,1,0,0,1,1
ct,1900,4150,900,5150,1,1,1,1,0,0,1,1
ct,2400,5250,4600,3050,1,1,1,0,0,0,1,1
ct,2400,6150,6100,2450,1,0,0,0,0,0,1,1
ct,2400,5200,4850,2750,1,0,0,0,0,0,1,1
t,1400,6200,5100,2500,1,0,0,0,0,0,1,1
t,1400,5700,4900,2200,0,0,0,0,0,0,1,1
ct,2900,2750,1100,4550,1,1,1,1,0,0,1,1
ct,2900,2950,1750,4100,1,1,1,1,0,0,1,1
t,1400,5350,4800,1950,0,0,0,0,0,0,1,1
t,1400,7150,4800,3750,1,1,1,1,0,0,1,1
ct,3400,4700,4650,3450,1,1,1,1,0,0,1,1
ct,3400,4200,4150,3450,1,1,1,1,0,0,1,1
ct,3400,4500,4350,3550,1,1,1,1,0,0,1,1
t,1900,4250,4200,1950,0,0,0,0,0,0,1,1
t,1900,3900,3900,1900,0,0,0,0,0,0,1,1
ct,1900,4050,4050,1900,0,0,0,0,0,0,1,1
ct,1900,4700,4550,2050,0,0,0,0,0,0,1,1
ct,1900,800,650,2050,0,0,0,0,0,0,1,1
t,1900,800,650,2050,0,0,0,0,0,0,1,1
t,1900,800,700,2000,0,0,0,0,0,0,1,1
t,1900,800,650,2050,0,0,0,0,0,0,1,1
t,1900,800,650,2050,0,0,0,0,0,0,1,1
ct,1900,800,650,2050,0,0,0,0,0,0,1,1
ct,1900,800,650,2050,0,0,0,0,0,0,1,1
ct,1900,800,700,2000,0,0,0,0,0,0,1,1
ct,1900,800,650,2050,0,0,0,0,0,0,1,1
t,1900,800,700,2000,0,0,0,0,0,0,1,1
ct,2400,2250,2250,2400,0,0,0,0,0,0,1,1
t,1400,4000,2350,3050,1,1,1,0,0,0,1,1
t,1400,3650,3450,1600,0,0,0,0,0,0,0,1
t,1400,3400,3300,1500,0,0,0,0,0,0,0,1
t,1400,4300,4300,1400,0,0,0,0,0,0,0,1
ct,2400,2550,2100,2850,1,1,0,0,0,0,1,1
ct,2400,2550,2550,2400,0,0,0,0,0,0,1,1
ct,2400,2500,2500,2400,0,0,0,0,0,0,1,1
ct,2400,2550,1000,3950,1,1,1,1,0,0,1,1
t,1400,3350,3250,1500,0,0,0,0,0,0,0,1
ct,2900,2500,500,4900,1,1,1,1,0,0,1,1
t,1400,4900,2350,3950,1,1,1,1,0,0,1,1
ct,2900,2850,700,5050,1,1,1,1,0,0,1,1
ct,2900,2500,700,4700,1,1,1,1,0,0,1,1
ct,2900,3100,1150,4850,1,1,1,1,0,0,1,1
ct,2900,3400,500,5800,1,1,1,1,1,0,1,1
ct,3400,5000,5000,3400,1,1,1,1,0,0,1,1
t,1400,6650,4800,3250,1,1,1,1,0,0,1,1
ct,3400,5450,5400,3450,1,1,1,1,0,0,1,1
ct,3400,4800,4700,3500,1,1,1,1,0,0,1,1
ct,3400,4950,4900,3450,1,1,1,1,0,0,1,1
ct,3400,6200,6200,3400,1,1,1,1,0,0,1,1
t,1400,5800,4900,2300,0,0,0,0,0,0,1,1
t,1900,6550,4900,3550,1,1,1,1,0,0,1,1
ct,1400,7950,5800,3550,1,1,1,1,0,0,1,1
t,2400,2650,0,5050,1,1,1,1,0,0,1,1
t,2400,2650,300,4750,1,1,1,1,0,0,1,1
t,2400,4200,0,6600,1,1,1,1,1,1,1,1
t,2400,2600,500,4500,1,1,1,1,0,0,1,1
t,2400,3950,1700,4650,1,1,1,1,0,0,1,1
t,2900,5050,4800,3150,1,1,1,1,0,0,1,1
t,2900,4500,4400,3000,1,1,1,0,0,0,1,1
ct,1400,9400,5600,5200,1,1,1,1,0,0,1,1
t,3400,3200,0,6600,1,1,1,1,1,1,1,1
t,3400,3050,1000,5450,1,1,1,1,1,0,1,1
t,3400,3300,1450,5250,1,1,1,1,0,0,1,1
ct,1400,10550,5600,6350,1,1,1,1,1,1,1,1
ct,1400,9700,5600,5500,1,1,1,1,1,0,1,1
ct,1400,7600,5600,3400,1,1,1,1,0,0,1,1
t,3400,3850,2350,4900,1,1,1,1,0,0,1,1
t,3400,6600,6500,3500,1,1,1,1,0,0,1,1
t,3400,5450,4900,3950,1,1,1,1,0,0,1,1
ct,1400,6700,5600,2500,1,0,0,0,0,0,1,1
t,3400,5200,4800,3800,1,1,1,1,0,0,1,1
t,1400,4000,4000,1400,0,0,0,0,0,0,0,1
ct,1900,6900,5500,3300,1,1,1,1,0,0,1,1
ct,1900,5550,5250,2200,0,0,0,0,0,0,1,1
ct,1900,8500,7450,2950,1,1,1,0,0,0,1,1
ct,2400,2550,2500,2450,1,0,0,0,0,0,1,1
t,1400,5050,4900,1550,0,0,0,0,0,0,0,1
ct,2400,3400,3300,2500,1,0,0,0,0,0,1,1
ct,2400,2300,2200,2500,1,0,0,0,0,0,1,1
ct,2400,2650,2600,2450,1,0,0,0,0,0,1,1
ct,1900,800,800,1900,0,0,0,0,0,0,1,1
ct,1900,800,650,2050,0,0,0,0,0,0,1,1
ct,1900,800,800,1900,0,0,0,0,0,0,1,1
ct,1900,800,650,2050,0,0,0,0,0,0,1,1
ct,1900,800,650,2050,0,0,0,0,0,0,1,1
t,2400,2350,0,4750,1,1,1,1,0,0,1,1
ct,1400,3500,3450,1450,0,0,0,0,0,0,0,1
ct,1400,4250,4250,1400,0,0,0,0,0,0,0,1
ct,1400,4100,4050,1450,0,0,0,0,0,0,0,1
ct,1400,3950,3900,1450,0,0,0,0,0,0,0,1
t,2400,2050,0,4450,1,1,1,1,0,0,1,1
t,2400,1900,0,4300,1,1,1,1,0,0,1,1
t,2400,2050,0,4450,1,1,1,1,0,0,1,1
t,2400,2050,0,4450,1,1,1,1,0,0,1,1
ct,1400,3650,3550,1500,0,0,0,0,0,0,0,1
t,2900,4150,4000,3050,1,1,1,0,0,0,1,1
t,2900,4450,4400,2950,1,1,1,0,0,0,1,1
t,2900,4300,4200,3000,1,1,1,0,0,0,1,1
t,2900,4450,4400,2950,1,1,1,0,0,0,1,1
t,2900,4450,4400,2950,1,1,1,0,0,0,1,1
ct,1900,4650,4550,2000,0,0,0,0,0,0,1,1
ct,1900,4000,3850,2050,0,0,0,0,0,0,1,1
ct,1900,4100,4050,1950,0,0,0,0,0,0,1,1
t,1900,2750,2750,1900,0,0,0,0,0,0,1,1
ct,1400,5250,5250,1400,0,0,0,0,0,0,0,1
t,1900,5050,4600,2350,0,0,0,0,0,0,1,1
t,1900,4300,4200,2000,0,0,0,0,0,0,1,1
t,1900,3250,3100,2050,0,0,0,0,0,0,1,1
t,1900,6250,6250,1900,0,0,0,0,0,0,1,1
ct,1900,3000,2900,2000,0,0,0,0,0,0,1,1
ct,1900,1500,1450,1950,0,0,0,0,0,0,1,1
ct,1900,3100,2950,2050,0,0,0,0,0,0,1,1
ct,2400,1900,0,4300,1,1,1,1,0,0,1,1
ct,2400,2000,0,4400,1,1,1,1,0,0,1,1
ct,2400,2000,0,4400,1,1,1,1,0,0,1,1
ct,2400,1950,0,4350,1,1,1,1,0,0,1,1
t,1400,7250,4900,3750,1,1,1,1,0,0,1,1
ct,2900,4400,4350,2950,1,1,1,0,0,0,1,1
ct,2900,4500,4350,3050,1,1,1,0,0,0,1,1
ct,2900,4500,4500,2900,1,1,0,0,0,0,1,1
ct,2900,5050,5050,2900,1,1,0,0,0,0,1,1
t,1400,6200,4900,2700,1,0,0,0,0,0,1,1
ct,2900,4550,4550,2900,1,1,0,0,0,0,1,1
t,1900,5250,4800,2350,0,0,0,0,0,0,1,1
t,1900,8600,4800,5700,1,1,1,1,1,0,1,1
t,1900,9950,6850,5000,1,1,1,1,0,0,1,1
ct,1900,2150,200,3850,1,1,1,1,0,0,1,1
ct,1900,2800,500,4200,1,1,1,1,0,0,1,1
ct,1900,3900,2600,3200,1,1,1,1,0,0,1,1
t,1400,6500,4900,3000,1,1,1,0,0,0,1,1
ct,1900,3550,1850,3600,1,1,1,1,0,0,1,1
ct,2400,4400,4350,2450,1,0,0,0,0,0,1,1
ct,2400,4950,4850,2500,1,0,0,0,0,0,1,1
ct,2400,3750,3750,2400,0,0,0,0,0,0,1,1
ct,2400,4150,4050,2500,1,0,0,0,0,0,1,1
ct,1900,800,650,2050,0,0,0,0,0,0,1,1
t,1900,800,800,1900,0,0,0,0,0,0,1,1
ct,1900,800,650,2050,0,0,0,0,0,0,1,1
t,1900,800,650,2050,0,0,0,0,0,0,1,1
ct,1900,800,650,2050,0,0,0,0,0,0,1,1
ct,1900,800,800,1900,0,0,0,0,0,0,1,1
t,1900,800,700,2000,0,0,0,0,0,0,1,1
t,1900,800,650,2050,0,0,0,0,0,0,1,1
t,1900,800,650,2050,0,0,0,0,0,0,1,1
ct,1900,800,650,2050,0,0,0,0,0,0,1,1
ct,2400,2100,2100,2400,0,0,0,0,0,0,1,1
t,1400,4150,4000,1550,0,0,0,0,0,0,0,1
ct,2400,2400,2350,2450,1,0,0,0,0,0,1,1
t,1400,3400,3050,1750,0,0,0,0,0,0,1,1
ct,2400,1950,1800,2550,1,0,0,0,0,0,1,1
t,1400,3350,3050,1700,0,0,0,0,0,0,1,1
t,1400,3700,3650,1450,0,0,0,0,0,0,0,1
t,1400,4000,4000,1400,0,0,0,0,0,0,0,1
ct,2400,2100,2100,2400,0,0,0,0,0,0,1,1
ct,2900,2500,300,5100,1,1,1,1,0,0,1,1
t,1400,3600,2650,2350,0,0,0,0,0,0,1,1
ct,2900,3050,1350,4600,1,1,1,1,0,0,1,1
ct,2900,2650,700,4850,1,1,1,1,0,0,1,1
t,1400,4150,3050,2500,1,0,0,0,0,0,1,1
ct,2900,2500,700,4700,1,1,1,1,0,0,1,1
ct,3400,5850,5450,3800,1,1,1,1,0,0,1,1
t,1400,6150,4900,2650,1,0,0,0,0,0,1,1
ct,3400,5900,5900,3400,1,1,1,1,0,0,1,1
ct,3400,4750,4650,3500,1,1,1,1,0,0,1,1
ct,3400,5000,4850,3550,1,1,1,1,0,0,1,1
t,1400,4950,4900,1450,0,0,0,0,0,0,0,1
t,1400,6100,4800,2700,1,0,0,0,0,0,1,1
ct,3400,5150,5100,3450,1,1,1,1,0,0,1,1
t,1900,6000,4400,3500,1,1,1,1,0,0,1,1
t,1900,1450,1450,1900,0,0,0,0,0,0,1,1
t,1900,3100,0,5000,1,1,1,1,0,0,1,1
t,1900,2700,2600,2000,0,0,0,0,0,0,1,1
ct,1900,5250,5050,2100,0,0,0,0,0,0,1,1
ct,1900,2550,2550,1900,0,0,0,0,0,0,1,1
t,1400,3350,3000,1750,0,0,0,0,0,0,1,1
t,1900,2600,2550,1950,0,0,0,0,0,0,1,1
ct,1400,4400,4400,1400,0,0,0,0,0,0,0,1
t,1900,2450,2450,1900,0,0,0,0,0,0,1,1
t,1900,1400,1350,1950,0,0,0,0,0,0,1,1
t,1900,1750,1700,1950,0,0,0,0,0,0,1,1
ct,1400,4700,4650,1450,0,0,0,0,0,0,0,1
t,2400,3150,700,4850,1,1,1,1,0,0,1,1
t,2400,3100,700,4800,1,1,1,1,0,0,1,1
ct,1400,5450,5200,1650,0,0,0,0,0,0,0,1
t,2400,2500,700,4200,1,1,1,1,0,0,1,1
t,2400,2550,300,4650,1,1,1,1,0,0,1,1
t,2400,2850,700,4550,1,1,1,1,0,0,1,1
t,2900,5100,4900,3100,1,1,1,0,0,0,1,1
t,2900,4200,4000,3100,1,1,1,0,0,0,1,1
t,2900,4650,4600,2950,1,1,1,0,0,0,1,1
t,2900,4550,4400,3050,1,1,1,0,0,0,1,1
ct,1400,4850,4700,1550,0,0,0,0,0,0,0,1
t,3400,3100,1650,4850,1,1,1,1,0,0,1,1
ct,1400,4700,4700,1400,0,0,0,0,0,0,0,1
t,3400,3500,1750,5150,1,1,1,1,0,0,1,1
t,3400,2950,500,5850,1,1,1,1,1,0,1,1
t,3400,3050,1350,5100,1,1,1,1,0,0,1,1
t,3400,5300,4900,3800,1,1,1,1,0,0,1,1
t,3400,5150,4900,3650,1,1,1,1,0,0,1,1
t,3400,5850,5700,3550,1,1,1,1,0,0,1,1
t,3400,5100,4800,3700,1,1,1,1,0,0,1,1
ct,1400,8200,8150,1450,0,0,0,0,0,0,0,1
t,3400,3500,3500,3400,1,1,1,1,0,0,1,1
ct,1400,7700,6300,2800,1,1,0,0,0,0,1,1
t,3400,3950,3800,3550,1,1,1,1,0,0,1,1
t,3400,3550,3500,3450,1,1,1,1,0,0,1,1
t,3400,3700,3700,3400,1,1,1,1,0,0,1,1
t,1900,800,650,2050,0,0,0,0,0,0,1,1
t,1900,800,700,2000,0,0,0,0,0,0,1,1
t,1900,800,800,1900,0,0,0,0,0,0,1,1
t,1900,800,650,2050,0,0,0,0,0,0,1,1
t,1900,800,650,2050,0,0,0,0,0,0,1,1
t,1400,3400,2800,2000,0,0,0,0,0,0,1,1
ct,2400,2250,2250,2400,0,0,0,0,0,0,1,1
t,1400,3650,3500,1550,0,0,0,0,0,0,0,1
ct,2400,2550,2550,2400,0,0,0,0,0,0,1,1
t,1400,3250,3150,1500,0,0,0,0,0,0,0,1
t,1400,3700,3700,1400,0,0,0,0,0,0,0,1
ct,2400,2550,2500,2450,1,0,0,0,0,0,1,1
ct,2400,2550,2350,2600,1,0,0,0,0,0,1,1
ct,2400,2550,2550,2400,0,0,0,0,0,0,1,1
ct,2900,2500,700,4700,1,1,1,1,0,0,1,1
t,1900,3450,3350,2000,0,0,0,0,0,0,1,1
t,1900,3850,3850,1900,0,0,0,0,0,0,1,1
t,1900,4400,4400,1900,0,0,0,0,0,0,1,1
t,2400,2900,700,4600,1,1,1,1,0,0,1,1
t,2400,1900,0,4300,1,1,1,1,0,0,1,1
ct,1400,8050,5200,4250,1,1,1,1,0,0,1,1
t,2400,1900,0,4300,1,1,1,1,0,0,1,1
t,2400,1900,0,4300,1,1,1,1,0,0,1,1
ct,1400,7000,5200,3200,1,1,1,1,0,0,1,1
t,2400,1900,0,4300,1,1,1,1,0,0,1,1
t,2900,4600,4600,2900,1,1,0,0,0,0,1,1
t,2900,4300,4250,2950,1,1,1,0,0,0,1,1
t,2900,4300,4250,2950,1,1,1,0,0,0,1,1
t,2900,4300,4300,2900,1,1,0,0,0,0,1,1
t,2900,4300,4200,3000,1,1,1,0,0,0,1,1
ct,1900,7750,5200,4450,1,1,1,1,0,0,1,1
ct,1900,5400,5200,2100,0,0,0,0,0,0,1,1
ct,1900,9100,7450,3550,1,1,1,1,0,0,1,1
ct,1900,9300,5600,5600,1,1,1,1,1,0,1,1
t,1400,5250,4900,1750,0,0,0,0,0,0,1,1
ct,2400,4850,4850,2400,0,0,0,0,0,0,1,1
ct,2400,5700,5600,2500,1,0,0,0,0,0,1,1
ct,2900,5150,5050,3000,1,1,1,0,0,0,1,1
ct,2900,4050,4050,2900,1,1,0,0,0,0,1,1
ct,1400,3850,3850,1400,0,0,0,0,0,0,0,1
ct,1400,4300,4150,1550,0,0,0,0,0,0,0,1
t,1900,5850,4800,2950,1,1,1,0,0,0,1,1
t,1900,5450,4900,2450,1,0,0,0,0,0,1,1
ct,1400,3650,3550,1500,0,0,0,0,0,0,0,1
ct,1400,3800,3750,1450,0,0,0,0,0,0,0,1
t,1900,6750,4900,3750,1,1,1,1,0,0,1,1
ct,1900,800,650,2050,0,0,0,0,0,0,1,1
ct,1900,800,650,2050,0,0,0,0,0,0,1,1
t,1900,800,700,2000,0,0,0,0,0,0,1,1
t,1900,800,700,2000,0,0,0,0,0,0,1,1
ct,1900,800,650,2050,0,0,0,0,0,0,1,1
t,1900,800,650,2050,0,0,0,0,0,0,1,1
t,1900,800,650,2050,0,0,0,0,0,0,1,1
t,1900,800,650,2050,0,0,0,0,0,0,1,1
ct,1900,800,800,1900,0,0,0,0,0,0,1,1
ct,1900,800,650,2050,0,0,0,0,0,0,1,1
ct,2400,2500,2300,2600,1,0,0,0,0,0,1,1
ct,2400,2200,2100,2500,1,0,0,0,0,0,1,1
t,1400,3950,3900,1450,0,0,0,0,0,0,0,1
t,1400,3350,3300,1450,0,0,0,0,0,0,0,1
ct,2400,2200,2200,2400,0,0,0,0,0,0,1,1
t,1400,3400,3400,1400,0,0,0,0,0,0,0,1
t,1400,4000,4000,1400,0,0,0,0,0,0,0,1
ct,2400,2050,2000,2450,1,0,0,0,0,0,1,1
ct,2900,2600,300,5200,1,1,1,1,0,0,1,1
ct,2900,2500,600,4800,1,1,1,1,0,0,1,1
ct,2900,2400,500,4800,1,1,1,1,0,0,1,1
ct,2900,2450,300,5050,1,1,1,1,0,0,1,1
ct,2900,2950,0,5850,1,1,1,1,1,0,1,1
ct,3400,4900,4850,3450,1,1,1,1,0,0,1,1
ct,3400,5200,5200,3400,1,1,1,1,0,0,1,1
t,1400,6100,4900,2600,1,0,0,0,0,0,1,1
t,1400,6900,4900,3400,1,1,1,1,0,0,1,1
ct,3400,5150,5000,3550,1,1,1,1,0,0,1,1
ct,3400,5950,5900,3450,1,1,1,1,0,0,1,1
ct,3400,7200,5600,5000,1,1,1,1,0,0,1,1
t,1400,8150,4900,4650,1,1,1,1,0,0,1,1
t,1400,8800,4900,5300,1,1,1,1,0,0,1,1
ct,3400,3950,3850,3500,1,1,1,1,0,0,1,1
ct,3400,5200,5200,3400,1,1,1,1,0,0,1,1
t,1400,6500,4900,3000,1,1,1,0,0,0,1,1
t,1400,11800,6850,6350,1,1,1,1,1,1,1,1
ct,3400,4700,4650,3450,1,1,1,1,0,0,1,1
t,1400,6600,4900,3100,1,1,1,0,0,0,1,1
t,1400,8050,4900,4550,1,1,1,1,0,0,1,1
ct,3400,3950,3550,3800,1,1,1,1,0,0,1,1
ct,3400,3650,2200,4850,1,1,1,1,0,0,1,1
t,1400,6400,4900,2900,1,1,0,0,0,0,1,1
ct,3400,3700,2200,4900,1,1,1,1,0,0,1,1
ct,3400,3700,1150,5950,1,1,1,1,1,1,1,1
ct,1400,5950,5000,2350,0,0,0,0,0,0,1,1
t,1900,4050,1050,4900,1,1,1,1,0,0,1,1
t,1900,7700,6850,2750,1,0,0,0,0,0,1,1
ct,1400,5500,5200,1700,0,0,0,0,0,0,1,1
t,1900,4400,4400,1900,0,0,0,0,0,0,1,1
t,1900,4150,4000,2050,0,0,0,0,0,0,1,1
ct,1400,6300,6250,1450,0,0,0,0,0,0,0,1
ct,1400,4750,4700,1450,0,0,0,0,0,0,0,1
ct,1400,5050,5000,1450,0,0,0,0,0,0,0,1
t,2400,3300,1450,4250,1,1,1,1,0,0,1,1
t,2400,2550,300,4650,1,1,1,1,0,0,1,1
t,2400,1900,0,4300,1,1,1,1,0,0,1,1
t,2400,2050,0,4450,1,1,1,1,0,0,1,1
t,2900,5150,4800,3250,1,1,1,1,0,0,1,1
t,2900,4950,4800,3050,1,1,1,0,0,0,1,1
t,2900,4900,4900,2900,1,1,0,0,0,0,1,1
t,2900,5350,5100,3150,1,1,1,1,0,0,1,1
t,2900,4800,4700,3000,1,1,1,0,0,0,1,1
t,3400,3050,700,5750,1,1,1,1,1,0,1,1
t,3400,2900,1400,4900,1,1,1,1,0,0,1,1
t,3400,3150,1650,4900,1,1,1,1,0,0,1,1
t,3400,3300,1450,5250,1,1,1,1,0,0,1,1
ct,1400,8700,7450,2650,1,0,0,0,0,0,1,1
ct,1400,10500,6100,5800,1,1,1,1,1,0,1,1
ct,1400,7700,6100,3000,1,1,1,0,0,0,1,1
t,3400,5200,4900,3700,1,1,1,1,0,0,1,1
t,3400,5950,4800,4550,1,1,1,1,0,0,1,1
t,3400,5500,4900,4000,1,1,1,1,0,0,1,1
t,3400,4900,4900,3400,1,1,1,1,0,0,1,1
t,3400,5550,4900,4050,1,1,1,1,0,0,1,1
ct,1400,9350,5600,5150,1,1,1,1,0,0,1,1
t,1900,800,650,2050,0,0,0,0,0,0,1,1
t,1900,800,650,2050,0,0,0,0,0,0,1,1
t,1900,800,650,2050,0,0,0,0,0,0,1,1
t,1900,800,700,2000,0,0,0,0,0,0,1,1
t,1900,800,650,2050,0,0,0,0,0,0,1,1
t,2400,2050,0,4450,1,1,1,1,0,0,1,1
t,2400,2050,0,4450,1,1,1,1,0,0,1,1
ct,1400,3950,3550,1800,0,0,0,0,0,0,1,1
t,2400,2350,0,4750,1,1,1,1,0,0,1,1
ct,1400,3950,3900,1450,0,0,0,0,0,0,0,1
ct,1400,4250,4250,1400,0,0,0,0,0,0,0,1
ct,1400,3500,3450,1450,0,0,0,0,0,0,0,1
t,2400,2300,700,4000,1,1,1,1,0,0,1,1
t,2400,2350,0,4750,1,1,1,1,0,0,1,1
t,2900,4450,4400,2950,1,1,1,0,0,0,1,1
t,2900,4450,4300,3050,1,1,1,0,0,0,1,1
t,2900,4750,4700,2950,1,1,1,0,0,0,1,1
t,2900,4300,4200,3000,1,1,1,0,0,0,1,1
t,2900,4050,3900,3050,1,1,1,0,0,0,1,1
t,3400,3850,1750,5500,1,1,1,1,1,0,1,1
t,3400,3650,2350,4700,1,1,1,1,0,0,1,1
t,3400,3550,2300,4650,1,1,1,1,0,0,1,1
ct,1400,6900,5600,2700,1,0,0,0,0,0,1,1
t,3400,4200,3500,4100,1,1,1,1,0,0,1,1
t,3400,3650,1200,5850,1,1,1,1,1,0,1,1
t,3400,5100,4800,3700,1,1,1,1,0,0,1,1
t,3400,4700,4700,3400,1,1,1,1,0,0,1,1
ct,1400,9000,5200,5200,1,1,1,1,0,0,1,1
t,3400,4100,3700,3800,1,1,1,1,0,0,1,1
t,3400,5850,5700,3550,1,1,1,1,0,0,1,1
ct,1900,7700,5200,4400,1,1,1,1,0,0,1,1
ct,1900,5800,4850,2850,1,1,0,0,0,0,1,1
ct,1900,6750,5600,3050,1,1,1,0,0,0,1,1
ct,1900,5300,5200,2000,0,0,0,0,0,0,1,1
t,1900,5500,4900,2500,1,0,0,0,0,0,1,1
t,1900,3650,3650,1900,0,0,0,0,0,0,1,1
t,1900,5800,4900,2800,1,1,0,0,0,0,1,1
ct,1900,4750,4650,2000,0,0,0,0,0,0,1,1
ct,1900,6200,6200,1900,0,0,0,0,0,0,1,1
ct,1900,5300,5250,1950,0,0,0,0,0,0,1,1
ct,1900,3650,3600,1950,0,0,0,0,0,0,1,1
t,1400,4950,4400,1950,0,0,0,0,0,0,1,1
t,1400,4900,4900,1400,0,0,0,0,0,0,0,1
ct,2400,2500,700,4200,1,1,1,1,0,0,1,1
ct,2400,2750,700,4450,1,1,1,1,0,0,1,1
ct,2400,2150,300,4250,1,1,1,1,0,0,1,1
ct,2400,2150,0,4550,1,1,1,1,0,0,1,1
t,1400,7400,4900,3900,1,1,1,1,0,0,1,1
ct,2900,4250,4150,3000,1,1,1,0,0,0,1,1
ct,2900,4650,4650,2900,1,1,0,0,0,0,1,1
ct,2900,4500,4350,3050,1,1,1,0,0,0,1,1
ct,2900,4300,4150,3050,1,1,1,0,0,0,1,1
ct,2900,4900,4850,2950,1,1,1,0,0,0,1,1
t,1400,6550,4800,3150,1,1,1,1,0,0,1,1
ct,3400,3500,1750,5150,1,1,1,1,0,0,1,1
ct,3400,3400,500,6300,1,1,1,1,1,1,1,1
ct,3400,3250,1300,5350,1,1,1,1,0,0,1,1
ct,3400,3150,1750,4800,1,1,1,1,0,0,1,1
t,1400,5600,5100,1900,0,0,0,0,0,0,1,1
ct,3400,6350,6200,3550,1,1,1,1,0,0,1,1
ct,3400,5700,5450,3650,1,1,1,1,0,0,1,1
ct,3400,5550,5450,3500,1,1,1,1,0,0,1,1
ct,3400,4850,4850,3400,1,1,1,1,0,0,1,1
ct,1900,800,800,1900,0,0,0,0,0,0,1,1
ct,1900,800,650,2050,0,0,0,0,0,0,1,1
ct,1900,800,650,2050,0,0,0,0,0,0,1,1
t,1900,800,650,2050,0,0,0,0,0,0,1,1
t,1900,800,650,2050,0,0,0,0,0,0,1,1
t,1900,800,700,2000,0,0,0,0,0,0,1,1
t,1900,800,700,2000,0,0,0,0,0,0,1,1
t,1900,800,700,2000,0,0,0,0,0,0,1,1
ct,1900,800,650,2050,0,0,0,0,0,0,1,1
ct,1900,800,650,2050,0,0,0,0,0,0,1,1
ct,2400,2150,300,4250,1,1,1,1,0,0,1,1
ct,2400,2300,300,4400,1,1,1,1,0,0,1,1
ct,2400,2900,800,4500,1,1,1,1,0,0,1,1
t,1400,4550,4400,1550,0,0,0,0,0,0,0,1
t,1400,3650,2750,2300,0,0,0,0,0,0,1,1
t,1400,3600,3450,1550,0,0,0,0,0,0,0,1
t,1400,3900,3900,1400,0,0,0,0,0,0,0,1
t,1400,3900,3900,1400,0,0,0,0,0,0,0,1
ct,2400,2300,200,4500,1,1,1,1,0,0,1,1
ct,2400,3200,0,5600,1,1,1,1,1,0,1,1
ct,2900,5000,4850,3050,1,1,1,0,0,0,1,1
ct,2900,4550,4550,2900,1,1,0,0,0,0,1,1
ct,2900,4950,4900,2950,1,1,1,0,0,0,1,1
t,1400,4000,4000,1400,0,0,0,0,0,0,0,1
t,1400,4150,4000,1550,0,0,0,0,0,0,0,1
ct,2900,4750,4700,2950,1,1,1,0,0,0,1,1
ct,2900,5750,5750,2900,1,1,0,0,0,0,1,1
ct,3400,3500,2250,4650,1,1,1,1,0,0,1,1
t,1400,5050,4900,1550,0,0,0,0,0,0,0,1
ct,3400,3150,950,5600,1,1,1,1,1,0,1,1
ct,3400,4650,4650,3400,1,1,1,1,0,0,1,1
ct,3400,4550,4550,3400,1,1,1,1,0,0,1,1
ct,3400,5600,5600,3400,1,1,1,1,0,0,1,1
t,1900,7650,4900,4650,1,1,1,1,0,0,1,1
t,1900,7200,4900,4200,1,1,1,1,0,0,1,1
t,1900,6750,4900,3750,1,1,1,1,0,0,1,1
t,1900,7900,4900,4900,1,1,1,1,0,0,1,1
ct,1400,6100,5600,1900,0,0,0,0,0,0,1,1
t,2400,5250,4900,2750,1,0,0,0,0,0,1,1
t,2400,4200,4200,2400,0,0,0,0,0,0,1,1
t,2400,3750,3600,2550,1,0,0,0,0,0,1,1
t,2400,4900,4900,2400,0,0,0,0,0,0,1,1
t,2900,2750,2600,3050,1,1,1,0,0,0,1,1
ct,1900,9650,5200,6350,1,1,1,1,1,1,1,1
ct,2400,11050,5600,7850,1,1,1,1,1,1,1,1
t,1400,6400,4900,2900,1,1,0,0,0,0,1,1
ct,2900,8700,6300,5300,1,1,1,1,0,0,1,1
ct,2900,6250,6100,3050,1,1,1,0,0,0,1,1
t,1400,8250,4900,4750,1,1,1,1,0,0,1,1
ct,2900,8000,6300,4600,1,1,1,1,0,0,1,1
ct,1900,800,800,1900,0,0,0,0,0,0,1,1
ct,1900,800,650,2050,0,0,0,0,0,0,1,1
ct,1900,800,800,1900,0,0,0,0,0,0,1,1
ct,1900,800,650,2050,0,0,0,0,0,0,1,1
ct,1900,800,650,2050,0,0,0,0,0,0,1,1
t,1400,4100,4000,1500,0,0,0,0,0,0,0,1
t,1400,3950,3900,1450,0,0,0,0,0,0,0,1
t,1400,3650,2750,2300,0,0,0,0,0,0,1,1
ct,2400,2050,2000,2450,1,0,0,0,0,0,1,1
ct,2400,2200,2100,2500,1,0,0,0,0,0,1,1
ct,2400,2350,2250,2500,1,0,0,0,0,0,1,1
ct,2400,2200,1500,3100,1,1,1,0,0,0,1,1
ct,2400,2500,1500,3400,1,1,1,1,0,0,1,1
t,1400,4200,4200,1400,0,0,0,0,0,0,0,1
t,1400,3650,3550,1500,0,0,0,0,0,0,0,1
ct,2900,2500,300,5100,1,1,1,1,0,0,1,1
ct,2900,2850,1150,4600,1,1,1,1,0,0,1,1
ct,2900,2550,2250,3200,1,1,1,1,0,0,1,1
ct,2900,2450,600,4750,1,1,1,1,0,0,1,1
ct,2900,3450,300,6050,1,1,1,1,1,1,1,1
ct,3400,5100,5000,3500,1,1,1,1,0,0,1,1
ct,3400,4300,4250,3450,1,1,1,1,0,0,1,1
ct,3400,4750,4400,3750,1,1,1,1,0,0,1,1
ct,3400,5750,5700,3450,1,1,1,1,0,0,1,1
t,1900,6500,4800,3600,1,1,1,1,0,0,1,1
t,1900,6300,5100,3100,1,1,1,0,0,0,1,1
t,1900,7000,6850,2050,0,0,0,0,0,0,1,1
t,2400,4200,4000,2600,1,0,0,0,0,0,1,1
t,2400,2050,700,3750,1,1,1,1,0,0,1,1
t,2400,3600,1450,4550,1,1,1,1,0,0,1,1
ct,1400,5700,5200,1900,0,0,0,0,0,0,1,1
ct,1400,6150,5600,1950,0,0,0,0,0,0,1,1
t,2400,3100,0,5500,1,1,1,1,1,0,1,1
t,1900,4150,3900,2150,0,0,0,0,0,0,1,1
t,2400,2150,2000,2550,1,0,0,0,0,0,1,1
ct,1400,6550,5200,2750,1,0,0,0,0,0,1,1
t,2400,1950,1850,2500,1,0,0,0,0,0,1,1
t,2400,1950,1800,2550,1,0,0,0,0,0,1,1
t,1400,3600,3500,1500,0,0,0,0,0,0,0,1
t,1400,3900,3800,1500,0,0,0,0,0,0,0,1
ct,1900,2950,2900,1950,0,0,0,0,0,0,1,1
ct,1900,3050,3000,1950,0,0,0,0,0,0,1,1
ct,1900,6350,5600,2650,1,0,0,0,0,0,1,1
t,1400,3650,3500,1550,0,0,0,0,0,0,0,1
ct,2400,2000,0,4400,1,1,1,1,0,0,1,1
ct,2900,4450,4350,3000,1,1,1,0,0,0,1,1
ct,2900,4450,4350,3000,1,1,1,0,0,0,1,1
ct,2900,5050,5050,2900,1,1,0,0,0,0,1,1
t,1400,6350,5400,2350,0,0,0,0,0,0,1,1
t,1900,800,650,2050,0,0,0,0,0,0,1,1
t,1900,800,650,2050,0,0,0,0,0,0,1,1
ct,1900,800,650,2050,0,0,0,0,0,0,1,1
t,1900,800,650,2050,0,0,0,0,0,0,1,1
ct,1900,800,650,2050,0,0,0,0,0,0,1,1
ct,1900,800,650,2050,0,0,0,0,0,0,1,1
ct,1900,800,800,1900,0,0,0,0,0,0,1,1
t,1900,800,800,1900,0,0,0,0,0,0,1,1
ct,1900,800,650,2050,0,0,0,0,0,0,1,1
t,1900,800,700,2000,0,0,0,0,0,0,1,1
t,2400,2350,300,4450,1,1,1,1,0,0,1,1
t,2400,2350,300,4450,1,1,1,1,0,0,1,1
ct,1400,4250,4200,1450,0,0,0,0,0,0,0,1
t,2400,2050,0,4450,1,1,1,1,0,0,1,1
ct,1400,3950,1800,3550,1,1,1,1,0,0,1,1
ct,1400,3950,3850,1500,0,0,0,0,0,0,0,1
ct,1400,3800,3750,1450,0,0,0,0,0,0,0,1
t,2400,1900,0,4300,1,1,1,1,0,0,1,1
ct,1400,3650,3550,1500,0,0,0,0,0,0,0,1
t,2400,2000,0,4400,1,1,1,1,0,0,1,1
t,2900,4450,4400,2950,1,1,1,0,0,0,1,1
t,2900,4450,4400,2950,1,1,1,0,0,0,1,1
t,2900,4450,4400,2950,1,1,1,0,0,0,1,1
ct,1400,5950,5850,1500,0,0,0,0,0,0,0,1
t,2900,4300,4200,3000,1,1,1,0,0,0,1,1
t,2900,4400,4400,2900,1,1,0,0,0,0,1,1
ct,1900,4050,4050,1900,0,0,0,0,0,0,1,1
ct,2400,3750,3750,2400,0,0,0,0,0,0,1,1
ct,2400,2000,1950,2450,1,0,0,0,0,0,1,1
t,1400,9000,6850,3550,1,1,1,1,0,0,1,1
t,1400,6000,4800,2600,1,0,0,0,0,0,1,1
t,1400,7500,4900,4000,1,1,1,1,0,0,1,1
ct,2900,3500,3050,3350,1,1,1,1,0,0,1,1
ct,2900,2650,800,4750,1,1,1,1,0,0,1,1
ct,2900,3250,1650,4500,1,1,1,1,0,0,1,1
ct,2900,4700,3550,4050,1,1,1,1,0,0,1,1
ct,3400,5150,5000,3550,1,1,1,1,0,0,1,1
t,1400,5850,4800,2450,1,0,0,0,0,0,1,1
ct,3400,4950,4850,3500,1,1,1,1,0,0,1,1
ct,3400,4500,4350,3550,1,1,1,1,0,0,1,1
t,1400,8900,4800,5500,1,1,1,1,1,0,1,1
ct,3400,5150,5050,3500,1,1,1,1,0,0,1,1
t,1400,7600,4900,4100,1,1,1,1,0,0,1,1
t,1400,6150,4800,2750,1,0,0,0,0,0,1,1
ct,3400,3550,3550,3400,1,1,1,1,0,0,1,1
ct,3400,3650,1950,5100,1,1,1,1,0,0,1,1
ct,3400,3700,2250,4850,1,1,1,1,0,0,1,1
t,1400,7600,4800,4200,1,1,1,1,0,0,1,1
t,1900,5500,5400,2000,0,0,0,0,0,0,1,1
t,1900,4650,4600,1950,0,0,0,0,0,0,1,1
ct,1400,5750,5050,2100,0,0,0,0,0,0,1,1
t,1900,5100,5100,1900,0,0,0,0,0,0,1,1
ct,1900,6650,6500,2050,0,0,0,0,0,0,1,1
ct,1900,6900,6700,2100,0,0,0,0,0,0,1,1
ct,2400,3450,800,5050,1,1,1,1,0,0,1,1
ct,2400,3700,1200,4900,1,1,1,1,0,0,1,1
ct,2400,3450,1750,4100,1,1,1,1,0,0,1,1
t,1900,6500,4900,3500,1,1,1,1,0,0,1,1
ct,1400,5450,4950,1900,0,0,0,0,0,0,1,1
t,1900,5250,4800,2350,0,0,0,0,0,0,1,1
t,1900,7050,5600,3350,1,1,1,1,0,0,1,1
ct,1900,800,650,2050,0,0,0,0,0,0,1,1
ct,1900,800,650,2050,0,0,0,0,0,0,1,1
ct,1900,800,650,2050,0,0,0,0,0,0,1,1
ct,1900,800,700,2000,0,0,0,0,0,0,1,1
ct,1900,800,650,2050,0,0,0,0,0,0,1,1
ct,1400,4500,4500,1400,0,0,0,0,0,0,0,1
ct,1400,4200,4200,1400,0,0,0,0,0,0,0,1
t,2400,2500,2400,2500,1,0,0,0,0,0,1,1
ct,1400,4800,4700,1500,0,0,0,0,0,0,0,1
t,2400,2950,2900,2450,1,0,0,0,0,0,1,1
t,2400,2650,2600,2450,1,0,0,0,0,0,1,1
ct,1400,3850,3550,1700,0,0,0,0,0,0,1,1
ct,1400,3900,3900,1400,0,0,0,0,0,0,0,1
t,2900,2450,0,5350,1,1,1,1,0,0,1,1
t,2900,2450,300,5050,1,1,1,1,0,0,1,1
t,2900,2400,700,4600,1,1,1,1,0,0,1,1
t,2900,2550,700,4750,1,1,1,1,0,0,1,1
t,3400,5900,5100,4200,1,1,1,1,0,0,1,1
t,3400,5950,5900,3450,1,1,1,1,0,0,1,1
t,3400,5450,5100,3750,1,1,1,1,0,0,1,1
t,3400,5200,4800,3800,1,1,1,1,0,0,1,1
t,3400,5950,4800,4550,1,1,1,1,0,0,1,1
ct,1900,3950,1450,4400,1,1,1,1,0,0,1,1
ct,1900,2650,800,3750,1,1,1,1,0,0,1,1
ct,2400,4500,4350,2550,1,0,0,0,0,0,1,1
t,1400,6900,4800,3500,1,1,1,1,0,0,1,1
ct,2400,3550,3550,2400,0,0,0,0,0,0,1,1
t,1400,7150,4800,3750,1,1,1,1,0,0,1,1
ct,2900,5600,5400,3100,1,1,1,0,0,0,1,1
ct,2900,2750,800,4850,1,1,1,1,0,0,1,1
ct,2900,2700,1650,3950,1,1,1,1,0,0,1,1
t,1400,8700,6850,3250,1,1,1,1,0,0,1,1
t,1400,9650,4900,6150,1,1,1,1,1,1,1,1
ct,2900,3200,1750,4350,1,1,1,1,0,0,1,1
ct,3400,4900,4900,3400,1,1,1,1,0,0,1,1
t,1400,7000,4900,3500,1,1,1,1,0,0,1,1
ct,3400,4000,3700,3700,1,1,1,1,0,0,1,1
ct,3400,4400,4300,3500,1,1,1,1,0,0,1,1
ct,3400,4400,4350,3450,1,1,1,1,0,0,1,1
ct,3400,6000,6000,3400,1,1,1,1,0,0,1,1
t,1400,10300,4800,6900,1,1,1,1,1,1,1,1
ct,3400,6250,5600,4050,1,1,1,1,0,0,1,1
t,1900,10250,4800,7350,1,1,1,1,1,1,1,1
t,1900,5900,4800,3000,1,1,1,0,0,0,1,1
ct,1400,8300,5600,4100,1,1,1,1,0,0,1,1
ct,1900,5450,5400,1950,0,0,0,0,0,0,1,1
t,1400,6450,4900,2950,1,1,1,0,0,0,1,1
ct,1900,4750,4700,1950,0,0,0,0,0,0,1,1
ct,1900,5750,5600,2050,0,0,0,0,0,0,1,1
t,1400,8300,4800,4900,1,1,1,1,0,0,1,1
ct,1900,6400,6300,2000,0,0,0,0,0,0,1,1
t,1900,800,650,2050,0,0,0,0,0,0,1,1
ct,1900,800,650,2050,0,0,0,0,0,0,1,1
t,1900,800,650,2050,0,0,0,0,0,0,1,1
ct,1900,800,650,2050,0,0,0,0,0,0,1,1
t,1900,800,650,2050,0,0,0,0,0,0,1,1
t,1900,800,650,2050,0,0,0,0,0,0,1,1
ct,1900,800,650,2050,0,0,0,0,0,0,1,1
ct,1900,800,800,1900,0,0,0,0,0,0,1,1
ct,1900,800,650,2050,0,0,0,0,0,0,1,1
t,1900,800,800,1900,0,0,0,0,0,0,1,1
ct,2400,2550,1700,3250,1,1,1,1,0,0,1,1
ct,2400,2250,2200,2450,1,0,0,0,0,0,1,1
t,1400,3400,3400,1400,0,0,0,0,0,0,0,1
t,1400,3400,3250,1550,0,0,0,0,0,0,0,1
ct,2400,2850,2800,2450,1,0,0,0,0,0,1,1
ct,2400,2100,1900,2600,1,0,0,0,0,0,1,1
ct,2400,2550,2550,2400,0,0,0,0,0,0,1,1
t,1400,4750,4700,1450,0,0,0,0,0,0,0,1
t,1900,2750,2000,2650,1,0,0,0,0,0,1,1
t,1900,2900,2850,1950,0,0,0,0,0,0,1,1
ct,1400,4100,4050,1450,0,0,0,0,0,0,0,1
t,1900,2300,2300,1900,0,0,0,0,0,0,1,1
t,1900,2150,2100,1950,0,0,0,0,0,0,1,1
ct,1400,3950,3950,1400,0,0,0,0,0,0,0,1
ct,1400,4650,4500,1550,0,0,0,0,0,0,0,1
t,1900,2050,2000,1950,0,0,0,0,0,0,1,1
t,2400,2250,0,4650,1,1,1,1,0,0,1,1
t,2400,2250,0,4650,1,1,1,1,0,0,1,1
t,2400,1900,0,4300,1,1,1,1,0,0,1,1
ct,1400,3450,3350,1500,0,0,0,0,0,0,0,1
ct,1400,4200,4200,1400,0,0,0,0,0,0,0,1
t,2400,1950,0,4350,1,1,1,1,0,0,1,1
t,2900,4650,4600,2950,1,1,1,0,0,0,1,1
t,2900,4650,4600,2950,1,1,1,0,0,0,1,1
t,2900,4300,4300,2900,1,1,0,0,0,0,1,1
t,2900,3050,3050,2900,1,1,0,0,0,0,1,1
t,2900,4350,4200,3050,1,1,1,0,0,0,1,1
ct,1900,5400,5200,2100,0,0,0,0,0,0,1,1
t,1400,6600,4900,3100,1,1,1,0,0,0,1,1
t,1900,5150,4800,2250,0,0,0,0,0,0,1,1
ct,1400,5150,5000,1550,0,0,0,0,0,0,0,1
t,1900,5100,4900,2100,0,0,0,0,0,0,1,1
t,1900,4600,4600,1900,0,0,0,0,0,0,1,1
t,2400,3600,0,6000,1,1,1,1,1,1,1,1
t,2400,2400,700,4100,1,1,1,1,0,0,1,1
t,2400,1900,0,4300,1,1,1,1,0,0,1,1
t,2400,1950,0,4350,1,1,1,1,0,0,1,1
t,2900,4100,4000,3000,1,1,1,0,0,0,1,1
t,2900,3900,3800,3000,1,1,1,0,0,0,1,1
ct,1400,8200,5600,4000,1,1,1,1,0,0,1,1
t,2900,4350,3900,3350,1,1,1,1,0,0,1,1
ct,1900,6000,5200,2700,1,0,0,0,0,0,1,1
ct,1900,8200,5600,4500,1,1,1,1,0,0,1,1
ct,2400,6250,6200,2450,1,0,0,0,0,0,1,1
t,1400,6850,5100,3150,1,1,1,1,0,0,1,1
ct,2400,4650,4650,2400,0,0,0,0,0,0,1,1
t,1900,800,650,2050,0,0,0,0,0,0,1,1
t,1900,800,650,2050,0,0,0,0,0,0,1,1
t,1900,800,650,2050,0,0,0,0,0,0,1,1
t,1900,800,700,2000,0,0,0,0,0,0,1,1
t,1900,800,650,2050,0,0,0,0,0,0,1,1
ct,1400,4200,4200,1400,0,0,0,0,0,0,0,1
t,2400,2950,1300,4050,1,1,1,1,0,0,1,1
ct,1400,3900,3900,1400,0,0,0,0,0,0,0,1
t,2400,3550,3550,2400,0,0,0,0,0,0,1,1
ct,1400,4800,4700,1500,0,0,0,0,0,0,0,1
ct,1400,4200,4050,1550,0,0,0,0,0,0,0,1
t,2400,2650,2600,2450,1,0,0,0,0,0,1,1
t,2400,2600,2250,2750,1,0,0,0,0,0,1,1
t,2400,2650,2650,2400,0,0,0,0,0,0,1,1
ct,1400,4050,3900,1550,0,0,0,0,0,0,0,1
t,2900,3850,1700,5050,1,1,1,1,0,0,1,1
t,2900,2700,700,4900,1,1,1,1,0,0,1,1
t,2900,2450,700,4650,1,1,1,1,0,0,1,1
t,2900,2750,0,5650,1,1,1,1,1,0,1,1
t,2900,2400,700,4600,1,1,1,1,0,0,1,1
t,3400,6050,4400,5050,1,1,1,1,0,0,1,1
t,3400,4900,4800,3500,1,1,1,1,0,0,1,1
t,3400,4650,4500,3550,1,1,1,1,0,0,1,1
t,3400,4650,2350,5700,1,1,1,1,1,0,1,1
t,3400,4900,4700,3600,1,1,1,1,0,0,1,1
ct,1900,5400,5200,2100,0,0,0,0,0,0,1,1
ct,1900,5400,5200,2100,0,0,0,0,0,0,1,1
ct,1900,3100,3050,1950,0,0,0,0,0,0,1,1
t,1400,5550,4900,2050,0,0,0,0,0,0,1,1
ct,1400,3550,3350,1600,0,0,0,0,0,0,0,1
ct,1400,4000,3850,1550,0,0,0,0,0,0,0,1
ct,1400,3700,3600,1500,0,0,0,0,0,0,0,1
ct,1400,3700,2300,2800,1,1,0,0,0,0,1,1
t,2400,5350,4400,3350,1,1,1,1,0,0,1,1
t,2400,2900,1650,3650,1,1,1,1,0,0,1,1
t,2400,3450,300,5550,1,1,1,1,1,0,1,1
t,2400,3850,2100,4150,1,1,1,1,0,0,1,1
ct,1400,4250,4200,1450,0,0,0,0,0,0,0,1
t,2900,4650,4600,2950,1,1,1,0,0,0,1,1
t,2900,4650,4500,3050,1,1,1,0,0,0,1,1
t,2900,5500,4900,3500,1,1,1,1,0,0,1,1
t,2900,5150,4900,3150,1,1,1,1,0,0,1,1
ct,1900,2550,2500,1950,0,0,0,0,0,0,1,1
ct,1900,2600,2550,1950,0,0,0,0,0,0,1,1
ct,1900,1850,1650,2100,0,0,0,0,0,0,1,1
t,1900,800,650,2050,0,0,0,0,0,0,1,1
t,1900,800,650,2050,0,0,0,0,0,0,1,1
t,1900,800,700,2000,0,0,0,0,0,0,1,1
t,1900,800,650,2050,0,0,0,0,0,0,1,1
ct,1900,800,650,2050,0,0,0,0,0,0,1,1
ct,1900,800,650,2050,0,0,0,0,0,0,1,1
ct,1900,800,650,2050,0,0,0,0,0,0,1,1
ct,1900,800,650,2050,0,0,0,0,0,0,1,1
t,1900,800,800,1900,0,0,0,0,0,0,1,1
ct,1900,800,800,1900,0,0,0,0,0,0,1,1
t,2400,2050,0,4450,1,1,1,1,0,0,1,1
t,2400,2050,0,4450,1,1,1,1,0,0,1,1
t,2400,2000,0,4400,1,1,1,1,0,0,1,1
t,2400,2050,300,4150,1,1,1,1,0,0,1,1
ct,1400,3950,3950,1400,0,0,0,0,0,0,0,1
ct,1400,3950,3850,1500,0,0,0,0,0,0,0,1
ct,1400,3650,3550,1500,0,0,0,0,0,0,0,1
t,2400,1900,700,3600,1,1,1,1,0,0,1,1
t,2900,4450,4400,2950,1,1,1,0,0,0,1,1
t,2900,4450,4350,3000,1,1,1,0,0,0,1,1
t,2900,4400,4400,2900,1,1,0,0,0,0,1,1
t,2900,4150,4000,3050,1,1,1,0,0,0,1,1
t,2900,3600,3600,2900,1,1,0,0,0,0,1,1
t,3400,2950,1150,5200,1,1,1,1,0,0,1,1
t,3400,2900,1150,5150,1,1,1,1,0,0,1,1
t,3400,3350,1800,4950,1,1,1,1,0,0,1,1
t,3400,2900,300,6000,1,1,1,1,1,1,1,1
ct,1400,7650,5200,3850,1,1,1,1,0,0,1,1
t,3400,5850,5100,4150,1,1,1,1,0,0,1,1
t,3400,4650,4600,3450,1,1,1,1,0,0,1,1
t,3400,4950,4800,3550,1,1,1,1,0,0,1,1
ct,1400,8000,5400,4000,1,1,1,1,0,0,1,1
t,3400,5500,4800,4100,1,1,1,1,0,0,1,1
ct,1400,5950,5200,2150,0,0,0,0,0,0,1,1
t,3400,4800,4700,3500,1,1,1,1,0,0,1,1
t,3400,4750,4700,3450,1,1,1,1,0,0,1,1
t,3400,4050,4000,3450,1,1,1,1,0,0,1,1
t,3400,4750,4700,3450,1,1,1,1,0,0,1,1
ct,1400,6950,5200,3150,1,1,1,1,0,0,1,1
ct,1400,10750,7450,4700,1,1,1,1,0,0,1,1
t,3400,5300,4800,3900,1,1,1,1,0,0,1,1
t,1900,5400,5100,2200,0,0,0,0,0,0,1,1
t,1900,5550,4900,2550,1,0,0,0,0,0,1,1
t,1900,5550,5100,2350,0,0,0,0,0,0,1,1
t,1900,5050,4800,2150,0,0,0,0,0,0,1,1
t,2400,3700,3700,2400,0,0,0,0,0,0,1,1
t,2400,4050,4000,2450,1,0,0,0,0,0,1,1
t,2400,3850,3700,2550,1,0,0,0,0,0,1,1
ct,1400,7850,7050,2200,0,0,0,0,0,0,1,1
ct,1400,5350,5200,1550,0,0,0,0,0,0,0,1
ct,1900,1900,1800,2000,0,0,0,0,0,0,1,1
t,1400,5800,4900,2300,0,0,0,0,0,0,1,1
ct,2400,2350,0,4750,1,1,1,1,0,0,1,1
ct,2400,2450,0,4850,1,1,1,1,0,0,1,1
ct,2400,2100,0,4500,1,1,1,1,0,0,1,1
ct,2400,2900,0,5300,1,1,1,1,0,0,1,1
ct,2900,4750,4650,3000,1,1,1,0,0,0,1,1
ct,2900,4550,4550,2900,1,1,0,0,0,0,1,1
ct,2900,4850,4850,2900,1,1,0,0,0,0,1,1
ct,2900,4500,4350,3050,1,1,1,0,0,0,1,1
ct,2900,5300,5050,3150,1,1,1,1,0,0,1,1
ct,1900,800,650,2050,0,0,0,0,0,0,1,1
ct,1900,800,650,2050,0,0,0,0,0,0,1,1
ct,1900,800,800,1900,0,0,0,0,0,0,1,1
ct,1900,800,650,2050,0,0,0,0,0,0,1,1
ct,1900,800,650,2050,0,0,0,0,0,0,1,1
ct,1400,4200,4200,1400,0,0,0,0,0,0,0,1
ct,1400,3900,3750,1550,0,0,0,0,0,0,0,1
ct,1400,4200,4050,1550,0,0,0,0,0,0,0,1
t,2400,2900,2900,2400,0,0,0,0,0,0,1,1
t,2400,2950,2800,2550,1,0,0,0,0,0,1,1
t,2400,2650,2500,2550,1,0,0,0,0,0,1,1
t,2400,2900,2600,2700,1,0,0,0,0,0,1,1
ct,1400,4500,4200,1700,0,0,0,0,0,0,1,1
t,2400,2550,2500,2450,1,0,0,0,0,0,1,1
ct,1900,1950,1750,2100,0,0,0,0,0,0,1,1
ct,1900,1700,1300,2300,0,0,0,0,0,0,1,1
ct,1900,1650,1650,1900,0,0,0,0,0,0,1,1
ct,1900,2100,1900,2100,0,0,0,0,0,0,1,1
ct,2400,2150,200,4350,1,1,1,1,0,0,1,1
ct,2400,2150,300,4250,1,1,1,1,0,0,1,1
ct,2400,1950,0,4350,1,1,1,1,0,0,1,1
ct,2900,4500,4350,3050,1,1,1,0,0,0,1,1
ct,2900,4800,4650,3050,1,1,1,0,0,0,1,1
ct,2900,4400,4150,3150,1,1,1,1,0,0,1,1
ct,2900,4800,4700,3000,1,1,1,0,0,0,1,1
t,1400,8200,6850,2750,1,0,0,0,0,0,1,1
t,1400,7700,4900,4200,1,1,1,1,0,0,1,1
ct,2900,5300,5250,2950,1,1,1,0,0,0,1,1
ct,1400,4900,4900,1400,0,0,0,0,0,0,0,1
t,1900,4650,4600,1950,0,0,0,0,0,0,1,1
t,1900,6300,4800,3400,1,1,1,1,0,0,1,1
ct,1400,6150,5600,1950,0,0,0,0,0,0,1,1
ct,1400,4200,4200,1400,0,0,0,0,0,0,0,1
t,2400,2850,2700,2550,1,0,0,0,0,0,1,1
t,2400,2750,2400,2750,1,0,0,0,0,0,1,1
t,2400,4300,4300,2400,0,0,0,0,0,0,1,1
t,2400,5200,4900,2700,1,0,0,0,0,0,1,1
t,2400,2700,1000,4100,1,1,1,1,0,0,1,1
t,2900,2850,700,5050,1,1,1,1,0,0,1,1
t,2900,2750,0,5650,1,1,1,1,1,0,1,1
t,2900,2400,0,5300,1,1,1,1,0,0,1,1
t,2900,2700,400,5200,1,1,1,1,0,0,1,1
t,2900,2400,700,4600,1,1,1,1,0,0,1,1
t,3400,5050,4800,3650,1,1,1,1,0,0,1,1
t,3400,5250,4800,3850,1,1,1,1,0,0,1,1
t,3400,5300,4900,3800,1,1,1,1,0,0,1,1
t,3400,5200,4800,3800,1,1,1,1,0,0,1,1
t,3400,4700,4700,3400,1,1,1,1,0,0,1,1
ct,1400,9750,5800,5350,1,1,1,1,0,0,1,1
t,3400,4550,4400,3550,1,1,1,1,0,0,1,1
t,3400,4750,4600,3550,1,1,1,1,0,0,1,1
t,3400,4400,4400,3400,1,1,1,1,0,0,1,1
t,3400,5000,4800,3600,1,1,1,1,0,0,1,1
t,3400,4000,4000,3400,1,1,1,1,0,0,1,1
ct,1400,8450,5200,4650,1,1,1,1,0,0,1,1
t,3400,3550,1450,5500,1,1,1,1,1,0,1,1
t,3400,3550,500,6450,1,1,1,1,1,1,1,1
t,3400,3400,2000,4800,1,1,1,1,0,0,1,1
t,3400,3600,2200,4800,1,1,1,1,0,0,1,1
ct,1400,7000,6100,2300,0,0,0,0,0,0,1,1
ct,1400,10000,6100,5300,1,1,1,1,0,0,1,1
t,3400,6200,4900,4700,1,1,1,1,0,0,1,1
t,3400,7050,6850,3600,1,1,1,1,0,0,1,1
t,3400,5700,4900,4200,1,1,1,1,0,0,1,1
t,3400,5400,4800,4000,1,1,1,1,0,0,1,1
ct,1400,10900,7950,4350,1,1,1,1,0,0,1,1
t,3400,4900,4900,3400,1,1,1,1,0,0,1,1
t,1900,800,650,2050,0,0,0,0,0,0,1,1
t,1900,800,700,2000,0,0,0,0,0,0,1,1
ct,1900,800,800,1900,0,0,0,0,0,0,1,1
ct,1900,800,650,2050,0,0,0,0,0,0,1,1
ct,1900,800,800,1900,0,0,0,0,0,0,1,1
ct,1900,800,650,2050,0,0,0,0,0,0,1,1
ct,1900,800,650,2050,0,0,0,0,0,0,1,1
t,1900,800,600,2100,0,0,0,0,0,0,1,1
t,1900,800,650,2050,0,0,0,0,0,0,1,1
t,1900,800,650,2050,0,0,0,0,0,0,1,1
t,1400,3400,3400,1400,0,0,0,0,0,0,0,1
t,1400,3650,3050,2000,0,0,0,0,0,0,1,1
ct,2400,2250,2250,2400,0,0,0,0,0,0,1,1
ct,2400,2100,1900,2600,1,0,0,0,0,0,1,1
ct,2400,1950,1950,2400,0,0,0,0,0,0,1,1
ct,2400,2100,1900,2600,1,0,0,0,0,0,1,1
ct,2400,2100,2100,2400,0,0,0,0,0,0,1,1
t,1400,3750,3700,1450,0,0,0,0,0,0,0,1
t,1400,4300,4200,1500,0,0,0,0,0,0,0,1
t,1900,1700,0,3600,1,1,1,1,0,0,1,1
t,1900,1800,1800,1900,0,0,0,0,0,0,1,1
ct,1400,3500,2050,2850,1,1,0,0,0,0,1,1
t,1900,1600,1450,2050,0,0,0,0,0,0,1,1
t,1900,1500,1350,2050,0,0,0,0,0,0,1,1
t,2400,1900,0,4300,1,1,1,1,0,0,1,1
t,2400,1900,200,4100,1,1,1,1,0,0,1,1
ct,1400,6150,5200,2350,0,0,0,0,0,0,1,1
t,2400,2350,700,4050,1,1,1,1,0,0,1,1
t,2400,2050,0,4450,1,1,1,1,0,0,1,1
t,2400,2350,700,4050,1,1,1,1,0,0,1,1
t,2900,4300,4300,2900,1,1,0,0,0,0,1,1
t,2900,4100,3900,3100,1,1,1,0,0,0,1,1
ct,1400,8500,6700,3200,1,1,1,1,0,0,1,1
t,2900,4350,4300,2950,1,1,1,0,0,0,1,1
t,2900,4450,4400,2950,1,1,1,0,0,0,1,1
t,2900,4050,4000,2950,1,1,1,0,0,0,1,1
ct,1900,5350,5200,2050,0,0,0,0,0,0,1,1
ct,1900,6300,5200,3000,1,1,1,0,0,0,1,1
t,1400,3850,3700,1550,0,0,0,0,0,0,0,1
t,1900,3600,3500,2000,0,0,0,0,0,0,1,1
t,1900,2450,2400,1950,0,0,0,0,0,0,1,1
t,1900,3350,3350,1900,0,0,0,0,0,0,1,1
t,1900,2050,1900,2050,0,0,0,0,0,0,1,1
ct,1900,3550,3200,2250,0,0,0,0,0,0,1,1
ct,1900,5300,5250,1950,0,0,0,0,0,0,1,1
ct,1900,4300,4150,2050,0,0,0,0,0,0,1,1
t,1900,1800,1800,1900,0,0,0,0,0,0,1,1
t,1900,3400,3300,2000,0,0,0,0,0,0,1,1
t,1900,4150,4000,2050,0,0,0,0,0,0,1,1
t,2400,2000,0,4400,1,1,1,1,0,0,1,1
t,2400,2200,0,4600,1,1,1,1,0,0,1,1
ct,1400,6550,5200,2750,1,0,0,0,0,0,1,1
ct,1400,5550,5000,1950,0,0,0,0,0,0,1,1
t,2400,2200,700,3900,1,1,1,1,0,0,1,1
t,2400,2000,0,4400,1,1,1,1,0,0,1,1
t,2900,4400,4400,2900,1,1,0,0,0,0,1,1
t,2900,4400,4200,3100,1,1,1,0,0,0,1,1
t,2900,3900,3900,2900,1,1,0,0,0,0,1,1
t,2900,4400,4400,2900,1,1,0,0,0,0,1,1
t,2900,4050,4000,2950,1,1,1,0,0,0,1,1
t,3400,2900,2800,3500,1,1,1,1,0,0,1,1
t,3400,3100,2950,3550,1,1,1,1,0,0,1,1
ct,1400,9050,7950,2500,1,0,0,0,0,0,1,1
t,3400,2950,2850,3500,1,1,1,1,0,0,1,1
ct,1900,800,650,2050,0,0,0,0,0,0,1,1
ct,1900,800,650,2050,0,0,0,0,0,0,1,1
ct,1900,800,800,1900,0,0,0,0,0,0,1,1
ct,1900,800,650,2050,0,0,0,0,0,0,1,1
ct,1900,800,650,2050,0,0,0,0,0,0,1,1
ct,1400,3950,3550,1800,0,0,0,0,0,0,1,1
ct,1400,4250,4200,1450,0,0,0,0,0,0,0,1
t,2400,2050,700,3750,1,1,1,1,0,0,1,1
t,2400,2050,0,4450,1,1,1,1,0,0,1,1
t,2400,2300,0,4700,1,1,1,1,0,0,1,1
t,2400,2200,700,3900,1,1,1,1,0,0,1,1
t,2400,2050,0,4450,1,1,1,1,0,0,1,1
ct,1400,3500,3050,1850,0,0,0,0,0,0,1,1
ct,1400,3650,3350,1700,0,0,0,0,0,0,1,1
ct,1400,4250,4250,1400,0,0,0,0,0,0,0,1
ct,1400,5700,5700,1400,0,0,0,0,0,0,0,1
t,2900,3750,3700,2950,1,1,1,0,0,0,1,1
t,2900,4450,4400,2950,1,1,1,0,0,0,1,1
t,2900,4400,4400,2900,1,1,0,0,0,0,1,1
t,2900,4200,4200,2900,1,1,0,0,0,0,1,1
t,2900,4750,4700,2950,1,1,1,0,0,0,1,1
ct,1900,1400,0,3300,1,1,1,1,0,0,1,1
ct,1900,3050,2700,2250,0,0,0,0,0,0,1,1
ct,1900,3900,3850,1950,0,0,0,0,0,0,1,1
ct,1900,1800,1650,2050,0,0,0,0,0,0,1,1
ct,2400,2050,1950,2500,1,0,0,0,0,0,1,1
ct,2400,2000,2000,2400,0,0,0,0,0,0,1,1
t,1400,6200,4900,2700,1,0,0,0,0,0,1,1
t,1400,5650,4800,2250,0,0,0,0,0,0,1,1
ct,2400,2750,2750,2400,0,0,0,0,0,0,1,1
ct,2400,2150,2100,2450,1,0,0,0,0,0,1,1
ct,1400,4200,3700,1900,0,0,0,0,0,0,1,1
ct,1900,4500,4350,2050,0,0,0,0,0,0,1,1
ct,1900,4100,4050,1950,0,0,0,0,0,0,1,1
ct,1900,5200,5200,1900,0,0,0,0,0,0,1,1
ct,1900,800,650,2050,0,0,0,0,0,0,1,1
t,1900,800,700,2000,0,0,0,0,0,0,1,1
t,1900,800,800,1900,0,0,0,0,0,0,1,1
t,1900,800,800,1900,0,0,0,0,0,0,1,1
ct,1900,800,800,1900,0,0,0,0,0,0,1,1
t,1900,800,650,2050,0,0,0,0,0,0,1,1
ct,1900,800,800,1900,0,0,0,0,0,0,1,1
t,1900,800,650,2050,0,0,0,0,0,0,1,1
ct,1900,800,650,2050,0,0,0,0,0,0,1,1
ct,2400,2450,2250,2600,1,0,0,0,0,0,1,1
t,1400,3600,3250,1750,0,0,0,0,0,0,1,1
t,1400,3800,3800,1400,0,0,0,0,0,0,0,1
t,1400,3800,3800,1400,0,0,0,0,0,0,0,1
ct,2400,2150,2000,2550,1,0,0,0,0,0,1,1
ct,2400,2000,1800,2600,1,0,0,0,0,0,1,1
t,1400,4550,4250,1700,0,0,0,0,0,0,1,1
ct,2400,2300,2250,2450,1,0,0,0,0,0,1,1
t,1400,3650,3350,1700,0,0,0,0,0,0,1,1
ct,2400,2150,2100,2450,1,0,0,0,0,0,1,1
ct,2900,2700,1150,4450,1,1,1,1,0,0,1,1
ct,2900,2650,800,4750,1,1,1,1,0,0,1,1
ct,2900,3000,0,5900,1,1,1,1,1,1,1,1
ct,2900,2850,600,5150,1,1,1,1,0,0,1,1
ct,2900,2550,600,4850,1,1,1,1,0,0,1,1
ct,3400,4850,4850,3400,1,1,1,1,0,0,1,1
ct,3400,5250,5200,3450,1,1,1,1,0,0,1,1
ct,3400,4950,4900,3450,1,1,1,1,0,0,1,1
t,1400,6100,4900,2600,1,0,0,0,0,0,1,1
t,1400,6100,4800,2700,1,0,0,0,0,0,1,1
t,1400,6100,4900,2600,1,0,0,0,0,0,1,1
t,1900,1900,0,3800,1,1,1,1,0,0,1,1
t,1900,2600,0,4500,1,1,1,1,0,0,1,1
t,1900,2700,0,4600,1,1,1,1,0,0,1,1
t,1900,2600,700,3800,1,1,1,1,0,0,1,1
t,2400,3800,3800,2400,0,0,0,0,0,0,1,1
t,2400,4500,4350,2550,1,0,0,0,0,0,1,1
t,2400,4600,4600,2400,0,0,0,0,0,0,1,1
t,2400,3800,3700,2500,1,0,0,0,0,0,1,1
t,2900,2850,700,5050,1,1,1,1,0,0,1,1
t,2900,2500,700,4700,1,1,1,1,0,0,1,1
ct,1400,10700,5600,6500,1,1,1,1,1,1,1,1
t,2900,2400,700,4600,1,1,1,1,0,0,1,1
ct,1400,7700,5600,3500,1,1,1,1,0,0,1,1
t,2900,2500,700,4700,1,1,1,1,0,0,1,1
t,3400,5600,4800,4200,1,1,1,1,0,0,1,1
t,3400,5350,4900,3850,1,1,1,1,0,0,1,1
t,3400,5000,4800,3600,1,1,1,1,0,0,1,1
ct,1400,10400,5200,6600,1,1,1,1,1,1,1,1
t,3400,4600,4600,3400,1,1,1,1,0,0,1,1
t,3400,4700,4600,3500,1,1,1,1,0,0,1,1
ct,1400,8000,5400,4000,1,1,1,1,0,0,1,1
ct,1400,14400,7450,8350,1,1,1,1,1,1,1,1
t,3400,4200,2150,5450,1,1,1,1,1,0,1,1
t,3400,3850,2500,4750,1,1,1,1,0,0,1,1
t,3400,3400,2000,4800,1,1,1,1,0,0,1,1
t,3400,3800,1900,5300,1,1,1,1,0,0,1,1
ct,1400,10450,7450,4400,1,1,1,1,0,0,1,1
t,3400,5050,4900,3550,1,1,1,1,0,0,1,1
t,3400,5500,5100,3800,1,1,1,1,0,0,1,1
t,3400,4800,4800,3400,1,1,1,1,0,0,1,1
t,3400,5300,4900,3800,1,1,1,1,0,0,1,1
ct,1900,10650,5200,7350,1,1,1,1,1,1,1,1
ct,1900,12050,5600,8350,1,1,1,1,1,1,1,1
ct,1900,800,800,1900,0,0,0,0,0,0,1,1
ct,1900,800,650,2050,0,0,0,0,0,0,1,1
ct,1900,800,800,1900,0,0,0,0,0,0,1,1
ct,1900,800,650,2050,0,0,0,0,0,0,1,1
ct,1900,800,650,2050,0,0,0,0,0,0,1,1
t,2400,2050,0,4450,1,1,1,1,0,0,1,1
ct,1400,3800,3550,1650,0,0,0,0,0,0,0,1
ct,1400,4550,4500,1450,0,0,0,0,0,0,0,1
ct,1400,3500,1400,3500,1,1,1,1,0,0,1,1
t,2400,2050,0,4450,1,1,1,1,0,0,1,1
t,2400,2000,0,4400,1,1,1,1,0,0,1,1
ct,1400,3650,3550,1500,0,0,0,0,0,0,0,1
t,2400,2200,0,4600,1,1,1,1,0,0,1,1
ct,1400,3950,3750,1600,0,0,0,0,0,0,0,1
t,2400,2650,700,4350,1,1,1,1,0,0,1,1
t,2900,5050,4800,3150,1,1,1,1,0,0,1,1
ct,1400,3800,3750,1450,0,0,0,0,0,0,0,1
t,2900,5050,4900,3050,1,1,1,0,0,0,1,1
t,2900,5000,4900,3000,1,1,1,0,0,0,1,1
t,2900,5800,4900,3800,1,1,1,1,0,0,1,1
ct,1400,4250,4200,1450,0,0,0,0,0,0,0,1
t,2900,5850,4900,3850,1,1,1,1,0,0,1,1
ct,1900,1900,1850,1950,0,0,0,0,0,0,1,1
ct,1900,2800,2700,2000,0,0,0,0,0,0,1,1
ct,1900,1550,1300,2150,0,0,0,0,0,0,1,1
ct,1900,1600,1450,2050,0,0,0,0,0,0,1,1
t,1400,4200,4000,1600,0,0,0,0,0,0,0,1
ct,2400,2100,0,4500,1,1,1,1,0,0,1,1
ct,2400,2300,0,4700,1,1,1,1,0,0,1,1
ct,2400,2800,300,4900,1,1,1,1,0,0,1,1
ct,2400,2500,0,4900,1,1,1,1,0,0,1,1
ct,2900,4600,4550,2950,1,1,1,0,0,0,1,1
ct,2900,4950,4850,3000,1,1,1,0,0,0,1,1
ct,2900,4600,4350,3150,1,1,1,1,0,0,1,1
ct,2900,5300,5250,2950,1,1,1,0,0,0,1,1
ct,2900,5000,5000,2900,1,1,0,0,0,0,1,1
t,1900,4850,4800,1950,0,0,0,0,0,0,1,1
t,1900,2950,2800,2050,0,0,0,0,0,0,1,1
ct,1400,3850,3850,1400,0,0,0,0,0,0,0,1
ct,1400,3800,2750,2450,1,0,0,0,0,0,1,1
ct,1900,2150,0,4050,1,1,1,1,0,0,1,1
ct,1900,3250,800,4350,1,1,1,1,0,0,1,1
ct,1900,2100,500,3500,1,1,1,1,0,0,1,1
t,1400,3800,3700,1500,0,0,0,0,0,0,0,1
ct,2400,5200,5050,2550,1,0,0,0,0,0,1,1
ct,2400,5300,5200,2500,1,0,0,0,0,0,1,1
t,1900,3850,3800,1950,0,0,0,0,0,0,1,1
t,1900,5550,4800,2650,1,0,0,0,0,0,1,1
t,1900,2800,2700,2000,0,0,0,0,0,0,1,1
ct,1900,800,650,2050,0,0,0,0,0,0,1,1
t,1900,800,700,2000,0,0,0,0,0,0,1,1
ct,1900,800,800,1900,0,0,0,0,0,0,1,1
ct,1900,800,650,2050,0,0,0,0,0,0,1,1
ct,1900,800,800,1900,0,0,0,0,0,0,1,1
ct,1900,800,650,2050,0,0,0,0,0,0,1,1
t,1900,800,650,2050,0,0,0,0,0,0,1,1
t,1900,800,700,2000,0,0,0,0,0,0,1,1
t,1900,800,650,2050,0,0,0,0,0,0,1,1
t,1900,800,650,2050,0,0,0,0,0,0,1,1
ct,2400,2550,2500,2450,1,0,0,0,0,0,1,1
t,1400,3950,3900,1450,0,0,0,0,0,0,0,1
ct,2400,2550,2500,2450,1,0,0,0,0,0,1,1
t,1400,4600,4500,1500,0,0,0,0,0,0,0,1
t,1400,3300,3250,1450,0,0,0,0,0,0,0,1
t,1400,3400,3300,1500,0,0,0,0,0,0,0,1
t,1400,3400,3300,1500,0,0,0,0,0,0,0,1
ct,1400,5300,5200,1500,0,0,0,0,0,0,0,1
t,1900,1500,1350,2050,0,0,0,0,0,0,1,1
t,1900,1450,1450,1900,0,0,0,0,0,0,1,1
t,1900,1500,0,3400,1,1,1,1,0,0,1,1
t,1900,1800,1700,2000,0,0,0,0,0,0,1,1
t,2400,1950,0,4350,1,1,1,1,0,0,1,1
ct,1400,5100,5000,1500,0,0,0,0,0,0,0,1
t,2400,2350,200,4550,1,1,1,1,0,0,1,1
t,2400,1900,0,4300,1,1,1,1,0,0,1,1
t,2400,3400,0,5800,1,1,1,1,1,0,1,1
t,2400,2000,0,4400,1,1,1,1,0,0,1,1
t,2900,4350,3900,3350,1,1,1,1,0,0,1,1
t,2900,4550,4400,3050,1,1,1,0,0,0,1,1
t,2900,4300,4200,3000,1,1,1,0,0,0,1,1
t,2900,5800,5700,3000,1,1,1,0,0,0,1,1
t,2900,4400,4400,2900,1,1,0,0,0,0,1,1
ct,1900,8600,5600,4900,1,1,1,1,0,0,1,1
ct,1900,8350,7100,3150,1,1,1,1,0,0,1,1
ct,2400,4550,4550,2400,0,0,0,0,0,0,1,1
ct,2400,7050,5600,3850,1,1,1,1,0,0,1,1
ct,2400,4450,4350,2500,1,0,0,0,0,0,1,1
ct,1400,4700,4650,1450,0,0,0,0,0,0,0,1
t,1900,4400,4400,1900,0,0,0,0,0,0,1,1
t,2400,2150,0,4550,1,1,1,1,0,0,1,1
t,2400,1950,0,4350,1,1,1,1,0,0,1,1
t,2400,2400,300,4500,1,1,1,1,0,0,1,1
t,2400,2050,0,4450,1,1,1,1,0,0,1,1
t,2900,4850,4800,2950,1,1,1,0,0,0,1,1
t,2900,4350,4200,3050,1,1,1,0,0,0,1,1
t,2900,4500,4400,3000,1,1,1,0,0,0,1,1
t,2900,4450,4400,2950,1,1,1,0,0,0,1,1
t,2900,4300,4300,2900,1,1,0,0,0,0,1,1
ct,1900,6700,5200,3400,1,1,1,1,0,0,1,1
ct,2400,4750,4650,2500,1,0,0,0,0,0,1,1
ct,2400,4400,4350,2450,1,0,0,0,0,0,1,1
t,1400,5800,5500,1700,0,0,0,0,0,0,1,1
t,1400,5550,4800,2150,0,0,0,0,0,0,1,1
t,1400,5850,5100,2150,0,0,0,0,0,0,1,1
t,1900,800,650,2050,0,0,0,0,0,0,1,1
t,1900,800,700,2000,0,0,0,0,0,0,1,1
t,1900,800,650,2050,0,0,0,0,0,0,1,1
t,1900,800,650,2050,0,0,0,0,0,0,1,1
t,1900,800,700,2000,0,0,0,0,0,0,1,1
t,1400,3700,3700,1400,0,0,0,0,0,0,0,1
t,1400,3950,3250,2100,0,0,0,0,0,0,1,1
t,1400,4000,3700,1700,0,0,0,0,0,0,1,1
t,1400,3700,3700,1400,0,0,0,0,0,0,0,1
t,1400,3350,3200,1550,0,0,0,0,0,0,0,1
ct,2400,2050,1950,2500,1,0,0,0,0,0,1,1
ct,2400,2200,1650,2950,1,1,1,0,0,0,1,1
ct,2900,2950,700,5150,1,1,1,1,0,0,1,1
ct,2900,2550,700,4750,1,1,1,1,0,0,1,1
ct,2900,2500,0,5400,1,1,1,1,1,0,1,1
ct,2900,2950,0,5850,1,1,1,1,1,0,1,1
ct,2900,2400,500,4800,1,1,1,1,0,0,1,1
t,1400,6150,4900,2650,1,0,0,0,0,0,1,1
ct,3400,5300,5250,3450,1,1,1,1,0,0,1,1
t,1400,5850,4800,2450,1,0,0,0,0,0,1,1
ct,3400,5200,5200,3400,1,1,1,1,0,0,1,1
ct,3400,5250,5200,3450,1,1,1,1,0,0,1,1
ct,3400,6000,5900,3500,1,1,1,1,0,0,1,1
ct,3400,5250,5200,3450,1,1,1,1,0,0,1,1
t,1900,2650,0,4550,1,1,1,1,0,0,1,1
t,1900,6950,4000,4850,1,1,1,1,0,0,1,1
t,1900,2450,0,4350,1,1,1,1,0,0,1,1
t,2400,4550,4400,2550,1,0,0,0,0,0,1,1
t,2400,2900,650,4650,1,1,1,1,0,0,1,1
t,2400,5150,4800,2750,1,0,0,0,0,0,1,1
t,2400,4350,4200,2550,1,0,0,0,0,0,1,1
ct,1400,6900,5200,3100,1,1,1,0,0,0,1,1
ct,1400,5850,5800,1450,0,0,0,0,0,0,0,1
t,2900,2700,0,5600,1,1,1,1,1,0,1,1
t,2900,3050,0,5950,1,1,1,1,1,1,1,1
t,2900,2550,500,4950,1,1,1,1,0,0,1,1
t,2900,2400,200,5100,1,1,1,1,0,0,1,1
t,3400,4750,4600,3550,1,1,1,1,0,0,1,1
t,3400,5600,4800,4200,1,1,1,1,0,0,1,1
t,3400,4950,4800,3550,1,1,1,1,0,0,1,1
ct,1900,6600,4850,3650,1,1,1,1,0,0,1,1
ct,1900,8000,7000,2900,1,1,0,0,0,0,1,1
ct,1900,8150,5600,4450,1,1,1,1,0,0,1,1
t,1400,6650,4900,3150,1,1,1,1,0,0,1,1
ct,2400,3000,500,4900,1,1,1,1,0,0,1,1
t,1400,5900,4900,2400,0,0,0,0,0,0,1,1
ct,2400,3750,1700,4450,1,1,1,1,0,0,1,1
ct,2400,3650,1750,4300,1,1,1,1,0,0,1,1
ct,2400,4550,700,6250,1,1,1,1,1,1,1,1
ct,2900,5000,4850,3050,1,1,1,0,0,0,1,1
t,1400,10100,4800,6700,1,1,1,1,1,1,1,1
ct,2900,5200,5200,2900,1,1,0,0,0,0,1,1
ct,2900,4400,4250,3050,1,1,1,0,0,0,1,1
t,1900,6400,5100,3200,1,1,1,1,0,0,1,1
ct,1400,4250,4150,1500,0,0,0,0,0,0,0,1
t,1900,7300,5500,3700,1,1,1,1,0,0,1,1
t,1900,9050,7350,3600,1,1,1,1,0,0,1,1
t,1900,800,650,2050,0,0,0,0,0,0,1,1
ct,1900,800,800,1900,0,0,0,0,0,0,1,1
t,1900,800,650,2050,0,0,0,0,0,0,1,1
ct,1900,800,650,2050,0,0,0,0,0,0,1,1
t,1900,800,800,1900,0,0,0,0,0,0,1,1
ct,1900,800,650,2050,0,0,0,0,0,0,1,1
t,1900,800,650,2050,0,0,0,0,0,0,1,1
ct,1900,800,650,2050,0,0,0,0,0,0,1,1
t,1900,800,650,2050,0,0,0,0,0,0,1,1
ct,1900,800,800,1900,0,0,0,0,0,0,1,1
t,1400,3700,3500,1600,0,0,0,0,0,0,0,1
ct,2400,2700,700,4400,1,1,1,1,0,0,1,1
t,1400,4600,4600,1400,0,0,0,0,0,0,0,1
ct,2400,2550,700,4250,1,1,1,1,0,0,1,1
t,1400,3550,3250,1700,0,0,0,0,0,0,1,1
ct,2400,2550,200,4750,1,1,1,1,0,0,1,1
t,1400,3400,3300,1500,0,0,0,0,0,0,0,1
ct,2400,2250,0,4650,1,1,1,1,0,0,1,1
t,1400,3400,3400,1400,0,0,0,0,0,0,0,1
ct,2400,2100,300,4200,1,1,1,1,0,0,1,1
ct,2900,4450,4350,3000,1,1,1,0,0,0,1,1
t,1400,3250,2200,2450,1,0,0,0,0,0,1,1
ct,2900,4300,4200,3000,1,1,1,0,0,0,1,1
ct,2900,4800,4700,3000,1,1,1,0,0,0,1,1
ct,2900,4700,4700,2900,1,1,0,0,0,0,1,1
ct,2900,4550,4500,2950,1,1,1,0,0,0,1,1
t,1900,4250,4200,1950,0,0,0,0,0,0,1,1
t,1900,2750,2750,1900,0,0,0,0,0,0,1,1
t,1900,5250,4800,2350,0,0,0,0,0,0,1,1
t,1900,1950,1800,2050,0,0,0,0,0,0,1,1
t,2400,1950,0,4350,1,1,1,1,0,0,1,1
t,2400,1900,0,4300,1,1,1,1,0,0,1,1
t,2400,2650,0,5050,1,1,1,1,0,0,1,1
t,2400,2650,300,4750,1,1,1,1,0,0,1,1
t,2400,1950,0,4350,1,1,1,1,0,0,1,1
ct,1400,5350,5200,1550,0,0,0,0,0,0,0,1
t,2900,4350,4250,3000,1,1,1,0,0,0,1,1
t,2900,4300,4200,3000,1,1,1,0,0,0,1,1
t,2900,5050,4800,3150,1,1,1,1,0,0,1,1
t,2900,4750,4600,3050,1,1,1,0,0,0,1,1
t,2900,4350,4200,3050,1,1,1,0,0,0,1,1
t,3400,3300,1800,4900,1,1,1,1,0,0,1,1
ct,1400,9100,5600,4900,1,1,1,1,0,0,1,1
t,3400,3450,1850,5000,1,1,1,1,0,0,1,1
t,3400,3050,1500,4950,1,1,1,1,0,0,1,1
t,3400,3050,1350,5100,1,1,1,1,0,0,1,1
t,3400,7100,4800,5700,1,1,1,1,1,0,1,1
t,3400,5600,4900,4100,1,1,1,1,0,0,1,1
ct,1400,7250,5200,3450,1,1,1,1,0,0,1,1
t,3400,5900,4800,4500,1,1,1,1,0,0,1,1
t,3400,5550,4800,4150,1,1,1,1,0,0,1,1
t,3400,5200,4900,3700,1,1,1,1,0,0,1,1
ct,1400,7100,5200,3300,1,1,1,1,0,0,1,1
ct,2400,7250,5200,4450,1,1,1,1,0,0,1,1
t,1900,7600,4800,4700,1,1,1,1,0,0,1,1
t,1900,9650,4800,6750,1,1,1,1,1,1,1,1
ct,1400,6050,5200,2250,0,0,0,0,0,0,1,1
t,1900,7900,5400,4400,1,1,1,1,0,0,1,1
t,2400,6850,6850,2400,0,0,0,0,0,0,1,1
t,2400,5050,4900,2550,1,0,0,0,0,0,1,1
ct,1400,8550,6300,3650,1,1,1,1,0,0,1,1
t,2400,6000,1200,7200,1,1,1,1,1,1,1,1
ct,1400,7800,6300,2900,1,1,0,0,0,0,1,1
t,1900,800,700,2000,0,0,0,0,0,0,1,1
t,1900,800,650,2050,0,0,0,0,0,0,1,1
t,1900,800,650,2050,0,0,0,0,0,0,1,1
t,1900,800,650,2050,0,0,0,0,0,0,1,1
t,1900,800,800,1900,0,0,0,0,0,0,1,1
t,1400,3400,3250,1550,0,0,0,0,0,0,0,1
t,1400,3700,3500,1600,0,0,0,0,0,0,0,1
ct,2400,2200,2200,2400,0,0,0,0,0,0,1,1
t,1400,3700,3700,1400,0,0,0,0,0,0,0,1
ct,2400,2200,1900,2700,1,0,0,0,0,0,1,1
ct,2900,2500,300,5100,1,1,1,1,0,0,1,1
ct,2900,2750,700,4950,1,1,1,1,0,0,1,1
ct,3400,6000,6000,3400,1,1,1,1,0,0,1,1
ct,3400,5250,5200,3450,1,1,1,1,0,0,1,1
ct,3400,5100,5050,3450,1,1,1,1,0,0,1,1
ct,3400,4950,4900,3450,1,1,1,1,0,0,1,1
ct,3400,3500,3050,3850,1,1,1,1,0,0,1,1
ct,3400,6550,6500,3450,1,1,1,1,0,0,1,1
t,1400,11750,4800,8350,1,1,1,1,1,1,1,1
ct,3400,4850,4850,3400,1,1,1,1,0,0,1,1
t,1400,12900,4800,9500,1,1,1,1,1,1,1,1
ct,3400,3600,3600,3400,1,1,1,1,0,0,1,1
ct,3400,5650,5600,3450,1,1,1,1,0,0,1,1
t,1400,9600,4900,6100,1,1,1,1,1,1,1,1
t,1900,10000,4800,7100,1,1,1,1,1,1,1,1
t,1900,5400,5100,2200,0,0,0,0,0,0,1,1
t,2400,5150,3100,4450,1,1,1,1,0,0,1,1
ct,1400,5850,5200,2050,0,0,0,0,0,0,1,1
t,2400,2500,700,4200,1,1,1,1,0,0,1,1
ct,1400,7250,5600,3050,1,1,1,0,0,0,1,1
t,2400,2900,300,5000,1,1,1,1,0,0,1,1
t,2900,4550,4400,3050,1,1,1,0,0,0,1,1
t,2900,4450,4400,2950,1,1,1,0,0,0,1,1
t,2900,4050,4050,2900,1,1,0,0,0,0,1,1
t,2900,4200,4200,2900,1,1,0,0,0,0,1,1
t,2900,4800,4600,3100,1,1,1,0,0,0,1,1
t,3400,3050,1650,4800,1,1,1,1,0,0,1,1
ct,1400,8550,5600,4350,1,1,1,1,0,0,1,1
t,3400,2950,2800,3550,1,1,1,1,0,0,1,1
ct,1400,6850,5200,3050,1,1,1,0,0,0,1,1
t,3400,2900,1650,4650,1,1,1,1,0,0,1,1
t,3400,4800,4800,3400,1,1,1,1,0,0,1,1
t,3400,5050,4900,3550,1,1,1,1,0,0,1,1
t,1900,800,650,2050,0,0,0,0,0,0,1,1
ct,1900,800,800,1900,0,0,0,0,0,0,1,1
t,1900,800,650,2050,0,0,0,0,0,0,1,1
ct,1900,800,650,2050,0,0,0,0,0,0,1,1
t,1900,800,800,1900,0,0,0,0,0,0,1,1
t,1900,800,650,2050,0,0,0,0,0,0,1,1
t,1900,800,650,2050,0,0,0,0,0,0,1,1
ct,1900,800,650,2050,0,0,0,0,0,0,1,1
ct,1900,800,650,2050,0,0,0,0,0,0,1,1
ct,1900,800,650,2050,0,0,0,0,0,0,1,1
t,1400,3400,3250,1550,0,0,0,0,0,0,0,1
ct,2400,2350,0,4750,1,1,1,1,0,0,1,1
t,1400,4600,4600,1400,0,0,0,0,0,0,0,1
ct,2400,2200,0,4600,1,1,1,1,0,0,1,1
t,1400,3550,3400,1550,0,0,0,0,0,0,0,1
t,1400,3700,3500,1600,0,0,0,0,0,0,0,1
t,1400,3400,3250,1550,0,0,0,0,0,0,0,1
ct,2400,2200,0,4600,1,1,1,1,0,0,1,1
ct,2400,2800,700,4500,1,1,1,1,0,0,1,1
ct,2400,2200,0,4600,1,1,1,1,0,0,1,1
ct,2900,4800,4700,3000,1,1,1,0,0,0,1,1
ct,2900,4650,4600,2950,1,1,1,0,0,0,1,1
ct,2900,4650,4500,3050,1,1,1,0,0,0,1,1
ct,2900,4850,4700,3050,1,1,1,0,0,0,1,1
ct,2900,4650,4500,3050,1,1,1,0,0,0,1,1
t,1900,2600,2600,1900,0,0,0,0,0,0,1,1
t,1900,4850,4800,1950,0,0,0,0,0,0,1,1
t,1900,4200,4200,1900,0,0,0,0,0,0,1,1
t,1900,1700,1650,1950,0,0,0,0,0,0,1,1
t,2400,2500,700,4200,1,1,1,1,0,0,1,1
t,2400,1900,0,4300,1,1,1,1,0,0,1,1
t,2400,1950,0,4350,1,1,1,1,0,0,1,1
t,2400,2250,700,3950,1,1,1,1,0,0,1,1
ct,1400,6850,6850,1400,0,0,0,0,0,0,0,1
t,2900,4200,4200,2900,1,1,0,0,0,0,1,1
t,2900,4350,4200,3050,1,1,1,0,0,0,1,1
t,2900,4300,4200,3000,1,1,1,0,0,0,1,1
t,2900,4650,4600,2950,1,1,1,0,0,0,1,1
t,2900,3950,3900,2950,1,1,1,0,0,0,1,1
t,3400,3050,1200,5250,1,1,1,1,0,0,1,1
ct,1400,6250,5600,2050,0,0,0,0,0,0,1,1
t,3400,3300,1450,5250,1,1,1,1,0,0,1,1
t,3400,2950,700,5650,1,1,1,1,1,0,1,1
t,3400,2950,1750,4600,1,1,1,1,0,0,1,1
ct,1400,6850,5600,2650,1,0,0,0,0,0,1,1
t,3400,4800,4700,3500,1,1,1,1,0,0,1,1
ct,1400,10600,5600,6400,1,1,1,1,1,1,1,1
t,3400,5100,4800,3700,1,1,1,1,0,0,1,1
t,3400,5250,4900,3750,1,1,1,1,0,0,1,1
t,3400,6250,6250,3400,1,1,1,1,0,0,1,1
t,3400,4600,4600,3400,1,1,1,1,0,0,1,1
ct,1400,5050,5000,1450,0,0,0,0,0,0,0,1
t,1900,3300,3300,1900,0,0,0,0,0,0,1,1
t,1900,3150,3100,1950,0,0,0,0,0,0,1,1
t,1900,4900,4800,2000,0,0,0,0,0,0,1,1
ct,1400,9000,7450,2950,1,1,1,0,0,0,1,1
t,2400,3400,1800,4000,1,1,1,1,0,0,1,1
t,2400,3450,1850,4000,1,1,1,1,0,0,1,1
t,2400,3450,1350,4500,1,1,1,1,0,0,1,1
t,1400,4850,4700,1550,0,0,0,0,0,0,0,1
ct,1900,6350,6100,2150,0,0,0,0,0,0,1,1
t,1400,4850,4800,1450,0,0,0,0,0,0,0,1
ct,1900,3850,3850,1900,0,0,0,0,0,0,1,1
t,1400,5050,4600,1850,0,0,0,0,0,0,1,1
ct,1900,3900,3850,1950,0,0,0,0,0,0,1,1
ct,1900,800,800,1900,0,0,0,0,0,0,1,1
ct,1900,800,650,2050,0,0,0,0,0,0,1,1
ct,1900,800,650,2050,0,0,0,0,0,0,1,1
ct,1900,800,650,2050,0,0,0,0,0,0,1,1
ct,1900,800,650,2050,0,0,0,0,0,0,1,1
ct,2400,2050,2000,2450,1,0,0,0,0,0,1,1
t,1400,3650,3150,1900,0,0,0,0,0,0,1,1
ct,2400,2200,2200,2400,0,0,0,0,0,0,1,1
t,1400,3400,3400,1400,0,0,0,0,0,0,0,1
ct,2400,2800,2350,2850,1,1,0,0,0,0,1,1
ct,2400,2500,2100,2800,1,1,0,0,0,0,1,1
t,1400,3400,3300,1500,0,0,0,0,0,0,0,1
t,1400,3400,3250,1550,0,0,0,0,0,0,0,1
t,1400,4900,4900,1400,0,0,0,0,0,0,0,1
ct,2900,2500,300,5100,1,1,1,1,0,0,1,1
ct,2900,2450,300,5050,1,1,1,1,0,0,1,1
ct,2900,2550,500,4950,1,1,1,1,0,0,1,1
ct,2900,3300,0,6200,1,1,1,1,1,1,1,1
ct,2900,2650,700,4850,1,1,1,1,0,0,1,1
ct,3400,5100,5000,3500,1,1,1,1,0,0,1,1
ct,3400,5050,4850,3600,1,1,1,1,0,0,1,1
ct,3400,4950,4700,3650,1,1,1,1,0,0,1,1
ct,3400,5900,5900,3400,1,1,1,1,0,0,1,1
ct,3400,4850,4700,3550,1,1,1,1,0,0,1,1
t,1900,4300,4200,2000,0,0,0,0,0,0,1,1
t,1900,6650,5100,3450,1,1,1,1,0,0,1,1
t,2400,2000,0,4400,1,1,1,1,0,0,1,1
t,2400,1950,0,4350,1,1,1,1,0,0,1,1
t,2400,2150,0,4550,1,1,1,1,0,0,1,1
t,2400,1900,0,4300,1,1,1,1,0,0,1,1
t,2900,4400,4400,2900,1,1,0,0,0,0,1,1
t,2900,4350,4200,3050,1,1,1,0,0,0,1,1
t,2900,4550,4400,3050,1,1,1,0,0,0,1,1
t,2900,5150,5100,2950,1,1,1,0,0,0,1,1
t,2900,4300,4300,2900,1,1,0,0,0,0,1,1
ct,1400,9900,5600,5700,1,1,1,1,1,0,1,1
t,3400,3050,1850,4600,1,1,1,1,0,0,1,1
t,3400,3050,1200,5250,1,1,1,1,0,0,1,1
t,3400,2950,1800,4550,1,1,1,1,0,0,1,1
ct,1900,10250,5600,6550,1,1,1,1,1,1,1,1
ct,1900,6200,6100,2000,0,0,0,0,0,0,1,1
t,1400,5050,4800,1650,0,0,0,0,0,0,0,1
t,1400,5000,3900,2500,1,0,0,0,0,0,1,1
ct,1900,800,800,1900,0,0,0,0,0,0,1,1
ct,1900,800,700,2000,0,0,0,0,0,0,1,1
t,1900,800,650,2050,0,0,0,0,0,0,1,1
t,1900,800,650,2050,0,0,0,0,0,0,1,1
t,1900,800,650,2050,0,0,0,0,0,0,1,1
t,1900,800,700,2000,0,0,0,0,0,0,1,1
t,1900,800,700,2000,0,0,0,0,0,0,1,1
ct,1900,800,650,2050,0,0,0,0,0,0,1,1
ct,1900,800,650,2050,0,0,0,0,0,0,1,1
ct,1900,800,650,2050,0,0,0,0,0,0,1,1
ct,1400,3750,3550,1600,0,0,0,0,0,0,0,1
ct,1400,4150,3900,1650,0,0,0,0,0,0,0,1
t,2400,2950,2800,2550,1,0,0,0,0,0,1,1
t,2400,2600,2600,2400,0,0,0,0,0,0,1,1
t,2400,2600,2600,2400,0,0,0,0,0,0,1,1
ct,1400,4200,3050,2550,1,0,0,0,0,0,1,1
ct,1400,4500,4500,1400,0,0,0,0,0,0,0,1
ct,1400,4500,4350,1550,0,0,0,0,0,0,0,1
ct,1400,4100,4050,1450,0,0,0,0,0,0,0,1
t,2900,3750,3700,2950,1,1,1,0,0,0,1,1
t,2900,3750,3700,2950,1,1,1,0,0,0,1,1
t,2900,3450,3300,3050,1,1,1,0,0,0,1,1
t,2900,3300,3300,2900,1,1,0,0,0,0,1,1
t,2900,3000,3000,2900,1,1,0,0,0,0,1,1
ct,1900,1900,1850,1950,0,0,0,0,0,0,1,1
t,1400,3500,3400,1500,0,0,0,0,0,0,0,1
ct,2400,2050,0,4450,1,1,1,1,0,0,1,1
ct,2400,1950,0,4350,1,1,1,1,0,0,1,1
ct,2400,2050,0,4450,1,1,1,1,0,0,1,1
ct,2900,4450,4400,2950,1,1,1,0,0,0,1,1
ct,2900,4350,4350,2900,1,1,0,0,0,0,1,1
ct,3400,3000,700,5700,1,1,1,1,1,0,1,1
ct,3400,2950,1450,4900,1,1,1,1,0,0,1,1
ct,3400,5400,3850,4950,1,1,1,1,0,0,1,1
ct,3400,5700,5700,3400,1,1,1,1,0,0,1,1
ct,3400,7050,5600,4850,1,1,1,1,0,0,1,1
t,1400,14350,4900,10850,1,1,1,1,1,1,1,1
t,1900,10850,4900,7850,1,1,1,1,1,1,1,1
t,1900,16000,4900,13000,1,1,1,1,1,1,1,1
t,1900,13450,5100,10250,1,1,1,1,1,1,1,1
t,1900,12900,5100,9700,1,1,1,1,1,1,1,1
ct,1400,6250,5600,2050,0,0,0,0,0,0,1,1
ct,1400,5400,5200,1600,0,0,0,0,0,0,0,1
t,2400,7850,4900,5350,1,1,1,1,0,0,1,1
t,2400,13000,4900,10500,1,1,1,1,1,1,1,1
t,2400,10250,4900,7750,1,1,1,1,1,1,1,1
t,2400,10300,5100,7600,1,1,1,1,1,1,1,1
t,2900,5350,5200,3050,1,1,1,0,0,0,1,1
t,2900,7750,4900,5750,1,1,1,1,1,0,1,1
t,2900,7600,4800,5700,1,1,1,1,1,0,1,1
ct,1900,800,650,2050,0,0,0,0,0,0,1,1
ct,1900,800,650,2050,0,0,0,0,0,0,1,1
ct,1900,800,650,2050,0,0,0,0,0,0,1,1
ct,1900,800,650,2050,0,0,0,0,0,0,1,1
ct,1900,800,800,1900,0,0,0,0,0,0,1,1
t,1400,3250,3250,1400,0,0,0,0,0,0,0,1
t,1400,4000,3950,1450,0,0,0,0,0,0,0,1
ct,2400,2100,2100,2400,0,0,0,0,0,0,1,1
ct,2400,2100,2100,2400,0,0,0,0,0,0,1,1
ct,2400,2100,2000,2500,1,0,0,0,0,0,1,1
ct,2400,1950,1800,2550,1,0,0,0,0,0,1,1
t,1400,3700,650,4450,1,1,1,1,0,0,1,1
t,1400,4000,3950,1450,0,0,0,0,0,0,0,1
t,1400,3700,3650,1450,0,0,0,0,0,0,0,1
t,1900,1400,1350,1950,0,0,0,0,0,0,1,1
t,1900,1750,1750,1900,0,0,0,0,0,0,1,1
ct,1400,3500,3400,1500,0,0,0,0,0,0,0,1
ct,1400,4800,4400,1800,0,0,0,0,0,0,1,1
t,1900,1450,1150,2200,0,0,0,0,0,0,1,1
t,1900,1750,1700,1950,0,0,0,0,0,0,1,1
t,1400,3300,3250,1450,0,0,0,0,0,0,0,1
t,1400,3550,3500,1450,0,0,0,0,0,0,0,1
ct,1900,1700,1450,2150,0,0,0,0,0,0,1,1
ct,1900,3000,2850,2050,0,0,0,0,0,0,1,1
ct,1900,2250,1350,2800,1,1,0,0,0,0,1,1
ct,1900,2350,2200,2050,0,0,0,0,0,0,1,1
t,1400,3800,3700,1500,0,0,0,0,0,0,0,1
t,1400,4500,3600,2300,0,0,0,0,0,0,1,1
t,1400,3900,3150,2150,0,0,0,0,0,0,1,1
ct,2400,2250,0,4650,1,1,1,1,0,0,1,1
ct,2400,2750,700,4450,1,1,1,1,0,0,1,1
ct,2400,2900,0,5300,1,1,1,1,0,0,1,1
ct,2400,2000,0,4400,1,1,1,1,0,0,1,1
ct,2400,2150,0,4550,1,1,1,1,0,0,1,1
t,1400,3650,2750,2300,0,0,0,0,0,0,1,1
ct,2900,4650,4650,2900,1,1,0,0,0,0,1,1
ct,2900,4450,4350,3000,1,1,1,0,0,0,1,1
ct,2900,5300,5250,2950,1,1,1,0,0,0,1,1
ct,2900,4400,4350,2950,1,1,1,0,0,0,1,1
ct,2900,4550,4550,2900,1,1,0,0,0,0,1,1
t,1400,8750,4800,5350,1,1,1,1,0,0,1,1
ct,3400,3600,3600,3400,1,1,1,1,0,0,1,1
ct,3400,3900,3850,3450,1,1,1,1,0,0,1,1
ct,3400,3600,3600,3400,1,1,1,1,0,0,1,1
ct,3400,3900,3850,3450,1,1,1,1,0,0,1,1
t,1400,8100,4900,4600,1,1,1,1,0,0,1,1
t,1400,13600,5200,9800,1,1,1,1,1,1,1,1
t,1900,800,650,2050,0,0,0,0,0,0,1,1
ct,1900,800,650,2050,0,0,0,0,0,0,1,1
ct,1900,800,650,2050,0,0,0,0,0,0,1,1
ct,1900,800,650,2050,0,0,0,0,0,0,1,1
t,1900,800,650,2050,0,0,0,0,0,0,1,1
t,1900,800,750,1950,0,0,0,0,0,0,1,1
ct,1900,800,650,2050,0,0,0,0,0,0,1,1
ct,1900,800,700,2000,0,0,0,0,0,0,1,1
t,1900,800,800,1900,0,0,0,0,0,0,1,1
t,1900,800,650,2050,0,0,0,0,0,0,1,1
t,2400,2950,2800,2550,1,0,0,0,0,0,1,1
ct,1400,5100,4700,1800,0,0,0,0,0,0,1,1
ct,1400,4200,4200,1400,0,0,0,0,0,0,0,1
ct,1400,3900,3650,1650,0,0,0,0,0,0,0,1
t,2400,3550,3550,2400,0,0,0,0,0,0,1,1
ct,1400,3900,3900,1400,0,0,0,0,0,0,0,1
ct,1400,4150,4100,1450,0,0,0,0,0,0,0,1
t,2400,2500,2400,2500,1,0,0,0,0,0,1,1
t,2900,2550,700,4750,1,1,1,1,0,0,1,1
t,2900,2700,700,4900,1,1,1,1,0,0,1,1
t,2900,2450,700,4650,1,1,1,1,0,0,1,1
t,2900,2500,700,4700,1,1,1,1,0,0,1,1
t,2900,2450,700,4650,1,1,1,1,0,0,1,1
t,3400,4750,4700,3450,1,1,1,1,0,0,1,1
t,3400,4900,4800,3500,1,1,1,1,0,0,1,1
t,3400,4650,4400,3650,1,1,1,1,0,0,1,1
t,3400,4700,4700,3400,1,1,1,1,0,0,1,1
t,3400,4650,4500,3550,1,1,1,1,0,0,1,1
t,3400,3450,1450,5400,1,1,1,1,1,0,1,1
ct,1400,6200,5200,2400,0,0,0,0,0,0,1,1
t,3400,3650,2450,4600,1,1,1,1,0,0,1,1
ct,1400,9300,5500,5200,1,1,1,1,0,0,1,1
ct,1400,8250,5600,4050,1,1,1,1,0,0,1,1
t,3400,3700,950,6150,1,1,1,1,1,1,1,1
ct,1400,12800,7450,6750,1,1,1,1,1,1,1,1
ct,1400,13350,4850,9900,1,1,1,1,1,1,1,1
t,3400,4750,4600,3550,1,1,1,1,0,0,1,1
t,3400,4900,4800,3500,1,1,1,1,0,0,1,1
t,3400,6150,6050,3500,1,1,1,1,0,0,1,1
t,3400,5250,4800,3850,1,1,1,1,0,0,1,1
ct,1900,6100,5200,2800,1,1,0,0,0,0,1,1
ct,1900,10000,4850,7050,1,1,1,1,1,1,1,1
ct,1900,6650,5600,2950,1,1,1,0,0,0,1,1
ct,2400,7550,6950,3000,1,1,1,0,0,0,1,1
ct,2400,7150,5050,4500,1,1,1,1,0,0,1,1
ct,2900,4500,4350,3050,1,1,1,0,0,0,1,1
ct,3400,5150,5000,3550,1,1,1,1,0,0,1,1
t,1400,11700,4800,8300,1,1,1,1,1,1,1,1
ct,3400,7750,7350,3800,1,1,1,1,0,0,1,1
ct,3400,3750,3750,3400,1,1,1,1,0,0,1,1
ct,3400,5350,4850,3900,1,1,1,1,0,0,1,1
t,1400,10200,4900,6700,1,1,1,1,1,1,1,1
t,1400,10750,4900,7250,1,1,1,1,1,1,1,1
ct,3400,4500,4350,3550,1,1,1,1,0,0,1,1
t,1400,11900,4700,8600,1,1,1,1,1,1,1,1
t,1900,8900,5400,5400,1,1,1,1,1,0,1,1
t,1900,6500,4800,3600,1,1,1,1,0,0,1,1
t,1900,7250,4800,4350,1,1,1,1,0,0,1,1
t,1900,8600,4800,5700,1,1,1,1,1,0,1,1
t,1900,800,650,2050,0,0,0,0,0,0,1,1
t,1900,800,650,2050,0,0,0,0,0,0,1,1
t,1900,800,800,1900,0,0,0,0,0,0,1,1
t,1900,800,800,1900,0,0,0,0,0,0,1,1
t,1900,800,800,1900,0,0,0,0,0,0,1,1
ct,2400,2250,2250,2400,0,0,0,0,0,0,1,1
t,1400,4300,4200,1500,0,0,0,0,0,0,0,1
t,1400,3400,3400,1400,0,0,0,0,0,0,0,1
t,1400,3550,3150,1800,0,0,0,0,0,0,1,1
ct,2400,2550,2550,2400,0,0,0,0,0,0,1,1
ct,2400,2400,2400,2400,0,0,0,0,0,0,1,1
t,1400,3250,3150,1500,0,0,0,0,0,0,0,1
t,1400,3850,3700,1550,0,0,0,0,0,0,0,1
ct,2400,2550,1700,3250,1,1,1,1,0,0,1,1
ct,2900,2500,650,4750,1,1,1,1,0,0,1,1
t,1400,3600,2200,2800,1,1,0,0,0,0,1,1
ct,2900,2550,800,4650,1,1,1,1,0,0,1,1
ct,3400,5750,5250,3900,1,1,1,1,0,0,1,1
ct,3400,4850,4850,3400,1,1,1,1,0,0,1,1
ct,3400,4850,4850,3400,1,1,1,1,0,0,1,1
t,1400,5100,4800,1700,0,0,0,0,0,0,1,1
ct,3400,6350,6250,3500,1,1,1,1,0,0,1,1
ct,3400,4250,3550,4100,1,1,1,1,0,0,1,1
t,1400,6000,4900,2500,1,0,0,0,0,0,1,1
ct,3400,3550,700,6250,1,1,1,1,1,1,1,1
ct,3400,3500,2200,4700,1,1,1,1,0,0,1,1
t,1900,7600,6950,2550,1,0,0,0,0,0,1,1
t,1900,6150,4800,3250,1,1,1,1,0,0,1,1
ct,1400,6200,4000,3600,1,1,1,1,0,0,1,1
ct,1400,5000,4950,1450,0,0,0,0,0,0,0,1
t,1900,4850,4800,1950,0,0,0,0,0,0,1,1
ct,1400,6350,6350,1400,0,0,0,0,0,0,0,1
ct,1400,6550,5200,2750,1,0,0,0,0,0,1,1
t,2400,2650,700,4350,1,1,1,1,0,0,1,1
t,2400,3550,3350,2600,1,0,0,0,0,0,1,1
t,2400,2100,0,4500,1,1,1,1,0,0,1,1
t,2400,1950,0,4350,1,1,1,1,0,0,1,1
ct,1400,4850,4850,1400,0,0,0,0,0,0,0,1
t,2900,4650,4600,2950,1,1,1,0,0,0,1,1
t,2900,5150,4600,3450,1,1,1,1,0,0,1,1
t,2900,2600,2600,2900,1,1,0,0,0,0,1,1
t,2900,4500,4400,3000,1,1,1,0,0,0,1,1
t,2900,4350,4200,3050,1,1,1,0,0,0,1,1
ct,1400,4600,4600,1400,0,0,0,0,0,0,0,1
ct,1900,2050,1900,2050,0,0,0,0,0,0,1,1
t,1400,4100,4000,1500,0,0,0,0,0,0,0,1
ct,1900,2250,2200,1950,0,0,0,0,0,0,1,1
ct,1900,3150,1900,3150,1,1,1,1,0,0,1,1
ct,2400,2550,2550,2400,0,0,0,0,0,0,1,1
t,1900,800,700,2000,0,0,0,0,0,0,1,1
t,1900,800,650,2050,0,0,0,0,0,0,1,1
ct,1900,800,650,2050,0,0,0,0,0,0,1,1
t,1900,800,650,2050,0,0,0,0,0,0,1,1
ct,1900,800,650,2050,0,0,0,0,0,0,1,1
ct,1900,800,800,1900,0,0,0,0,0,0,1,1
ct,1900,800,800,1900,0,0,0,0,0,0,1,1
ct,1900,800,650,2050,0,0,0,0,0,0,1,1
t,1900,800,650,2050,0,0,0,0,0,0,1,1
t,1900,800,700,2000,0,0,0,0,0,0,1,1
t,2400,2950,2750,2600,1,0,0,0,0,0,1,1
t,2400,2650,2650,2400,0,0,0,0,0,0,1,1
ct,1400,4500,4500,1400,0,0,0,0,0,0,0,1
ct,1400,4350,4200,1550,0,0,0,0,0,0,0,1
ct,1400,3750,3750,1400,0,0,0,0,0,0,0,1
t,2400,2600,2600,2400,0,0,0,0,0,0,1,1
t,2900,2400,0,5300,1,1,1,1,0,0,1,1
t,2900,2400,700,4600,1,1,1,1,0,0,1,1
t,2900,2450,700,4650,1,1,1,1,0,0,1,1
t,2900,2400,300,5000,1,1,1,1,0,0,1,1
t,3400,4900,4800,3500,1,1,1,1,0,0,1,1
t,3400,4600,4600,3400,1,1,1,1,0,0,1,1
t,3400,4650,4600,3450,1,1,1,1,0,0,1,1
t,3400,5000,4800,3600,1,1,1,1,0,0,1,1
t,3400,3600,300,6700,1,1,1,1,1,1,1,1
t,3400,3500,1200,5700,1,1,1,1,1,0,1,1
t,3400,3700,2650,4450,1,1,1,1,0,0,1,1
ct,1400,9950,5600,5750,1,1,1,1,1,0,1,1
t,3400,3450,1700,5150,1,1,1,1,0,0,1,1
t,1400,5600,4100,2900,1,1,0,0,0,0,1,1
t,1400,5550,4800,2150,0,0,0,0,0,0,1,1
ct,1900,6500,5200,3200,1,1,1,1,0,0,1,1
ct,1900,6750,6750,1900,0,0,0,0,0,0,1,1
ct,1900,5950,5600,2250,0,0,0,0,0,0,1,1
ct,1900,8400,4850,5450,1,1,1,1,1,0,1,1
t,1400,5600,4800,2200,0,0,0,0,0,0,1,1
ct,2400,3250,700,4950,1,1,1,1,0,0,1,1
ct,2400,2050,0,4450,1,1,1,1,0,0,1,1
ct,2400,2300,300,4400,1,1,1,1,0,0,1,1
ct,2400,3850,0,6250,1,1,1,1,1,1,1,1
t,1400,8800,4800,5400,1,1,1,1,1,0,1,1
ct,2900,5000,4850,3050,1,1,1,0,0,0,1,1
ct,2900,4450,4350,3000,1,1,1,0,0,0,1,1
ct,2900,4700,4550,3050,1,1,1,0,0,0,1,1
t,1900,5900,4800,3000,1,1,1,0,0,0,1,1
t,1900,7750,4800,4850,1,1,1,1,0,0,1,1
t,1900,7900,6850,2950,1,1,1,0,0,0,1,1
t,1900,7100,4800,4200,1,1,1,1,0,0,1,1
t,2400,3500,3500,2400,0,0,0,0,0,0,1,1
t,2400,5350,4800,2950,1,1,1,0,0,0,1,1
t,2400,5500,4800,3100,1,1,1,0,0,0,1,1
t,2400,4700,4600,2500,1,0,0,0,0,0,1,1
ct,2400,2800,2650,2550,1,0,0,0,0,0,1,1
ct,2400,2200,2200,2400,0,0,0,0,0,0,1,1
t,1900,800,800,1900,0,0,0,0,0,0,1,1
t,1900,800,650,2050,0,0,0,0,0,0,1,1
t,1900,800,700,2000,0,0,0,0,0,0,1,1
t,1900,800,650,2050,0,0,0,0,0,0,1,1
t,1900,800,650,2050,0,0,0,0,0,0,1,1
ct,1400,4200,4050,1550,0,0,0,0,0,0,0,1
ct,1400,3900,3100,2200,0,0,0,0,0,0,1,1
t,2400,2800,2800,2400,0,0,0,0,0,0,1,1
ct,1400,4200,4200,1400,0,0,0,0,0,0,0,1
t,2400,2600,2450,2550,1,0,0,0,0,0,1,1
t,2400,2650,2600,2450,1,0,0,0,0,0,1,1
ct,1400,5100,5050,1450,0,0,0,0,0,0,0,1
ct,1400,3750,3750,1400,0,0,0,0,0,0,0,1
ct,1900,2300,1950,2250,0,0,0,0,0,0,1,1
ct,1900,2350,1900,2350,0,0,0,0,0,0,1,1
t,1400,3650,3500,1550,0,0,0,0,0,0,0,1
t,1400,3850,3300,1950,0,0,0,0,0,0,1,1
ct,1900,1700,1700,1900,0,0,0,0,0,0,1,1
ct,2400,2050,0,4450,1,1,1,1,0,0,1,1
ct,2400,2050,0,4450,1,1,1,1,0,0,1,1
ct,2400,1900,0,4300,1,1,1,1,0,0,1,1
ct,2400,2000,0,4400,1,1,1,1,0,0,1,1
ct,2900,4450,4350,3000,1,1,1,0,0,0,1,1
ct,2900,4450,4350,3000,1,1,1,0,0,0,1,1
ct,2900,3800,3750,2950,1,1,1,0,0,0,1,1
ct,2900,4300,4250,2950,1,1,1,0,0,0,1,1
ct,2900,4400,4350,2950,1,1,1,0,0,0,1,1
ct,3400,3400,1750,5050,1,1,1,1,0,0,1,1
ct,3400,3100,1900,4600,1,1,1,1,0,0,1,1
t,1400,9550,4900,6050,1,1,1,1,1,1,1,1
ct,3400,3350,1000,5750,1,1,1,1,1,0,1,1
ct,3400,3050,1700,4750,1,1,1,1,0,0,1,1
ct,3400,5200,4850,3750,1,1,1,1,0,0,1,1
ct,3400,4750,4750,3400,1,1,1,1,0,0,1,1
ct,3400,5150,5050,3500,1,1,1,1,0,0,1,1
t,1400,12550,4900,9050,1,1,1,1,1,1,1,1
ct,3400,6200,6100,3500,1,1,1,1,0,0,1,1
ct,3400,5200,5200,3400,1,1,1,1,0,0,1,1
ct,3400,3900,3850,3450,1,1,1,1,0,0,1,1
ct,3400,3550,3550,3400,1,1,1,1,0,0,1,1
t,1400,9050,4800,5650,1,1,1,1,1,0,1,1
ct,3400,4250,4150,3500,1,1,1,1,0,0,1,1
t,1400,11550,4800,8150,1,1,1,1,1,1,1,1
t,1400,10900,5400,6900,1,1,1,1,1,1,1,1
ct,3400,3850,3850,3400,1,1,1,1,0,0,1,1
t,1900,800,650,2050,0,0,0,0,0,0,1,1
t,1900,800,650,2050,0,0,0,0,0,0,1,1
t,1900,800,700,2000,0,0,0,0,0,0,1,1
t,1900,800,800,1900,0,0,0,0,0,0,1,1
t,1900,800,650,2050,0,0,0,0,0,0,1,1
ct,1900,800,650,2050,0,0,0,0,0,0,1,1
ct,1900,800,700,2000,0,0,0,0,0,0,1,1
ct,1900,800,650,2050,0,0,0,0,0,0,1,1
ct,1900,800,650,2050,0,0,0,0,0,0,1,1
ct,1900,800,650,2050,0,0,0,0,0,0,1,1
t,2400,2950,2800,2550,1,0,0,0,0,0,1,1
t,2400,2950,2800,2550,1,0,0,0,0,0,1,1
t,2400,2600,2600,2400,0,0,0,0,0,0,1,1
t,2400,2650,2550,2500,1,0,0,0,0,0,1,1
ct,1400,3900,3550,1750,0,0,0,0,0,0,1,1
ct,1400,3850,3750,1500,0,0,0,0,0,0,0,1
ct,1400,4800,4550,1650,0,0,0,0,0,0,0,1
ct,1400,3900,3750,1550,0,0,0,0,0,0,0,1
ct,1400,4800,4700,1500,0,0,0,0,0,0,0,1
t,2900,2550,700,4750,1,1,1,1,0,0,1,1
t,2900,2850,700,5050,1,1,1,1,0,0,1,1
t,2900,2400,500,4800,1,1,1,1,0,0,1,1
t,2900,2500,700,4700,1,1,1,1,0,0,1,1
ct,1400,4050,3950,1500,0,0,0,0,0,0,0,1
t,3400,4750,4600,3550,1,1,1,1,0,0,1,1
t,3400,5050,4900,3550,1,1,1,1,0,0,1,1
t,3400,4800,4700,3500,1,1,1,1,0,0,1,1
t,3400,4450,3900,3950,1,1,1,1,0,0,1,1
t,3400,4700,4700,3400,1,1,1,1,0,0,1,1
ct,1900,6950,6950,1900,0,0,0,0,0,0,1,1
ct,1900,7800,4850,4850,1,1,1,1,0,0,1,1
ct,1900,6800,5250,3450,1,1,1,1,0,0,1,1
t,1400,6400,4900,2900,1,1,0,0,0,0,1,1
ct,2400,4750,4650,2500,1,0,0,0,0,0,1,1
ct,2900,3100,700,5300,1,1,1,1,0,0,1,1
ct,2900,3750,650,6000,1,1,1,1,1,1,1,1
ct,2900,2650,1150,4400,1,1,1,1,0,0,1,1
t,1900,4350,4200,2050,0,0,0,0,0,0,1,1
t,1900,4500,4400,2000,0,0,0,0,0,0,1,1
ct,1400,6500,5000,2900,1,1,0,0,0,0,1,1
t,2400,2050,0,4450,1,1,1,1,0,0,1,1
t,2400,3900,2450,3850,1,1,1,1,0,0,1,1
t,2400,2050,0,4450,1,1,1,1,0,0,1,1
t,2400,2300,0,4700,1,1,1,1,0,0,1,1
ct,1400,8300,5600,4100,1,1,1,1,0,0,1,1
ct,1400,8000,5200,4200,1,1,1,1,0,0,1,1
t,2900,4450,4400,2950,1,1,1,0,0,0,1,1
t,2900,4500,4400,3000,1,1,1,0,0,0,1,1
t,2900,4700,4700,2900,1,1,0,0,0,0,1,1
ct,1400,6000,5600,1800,0,0,0,0,0,0,1,1
t,3400,2950,1450,4900,1,1,1,1,0,0,1,1
t,3400,3350,1000,5750,1,1,1,1,1,0,1,1
t,3400,3000,300,6100,1,1,1,1,1,1,1,1
t,3400,2900,1450,4850,1,1,1,1,0,0,1,1
t,3400,5500,5300,3600,1,1,1,1,0,0,1,1
t,3400,6350,4800,4950,1,1,1,1,0,0,1,1
t,3400,5900,4900,4400,1,1,1,1,0,0,1,1
t,3400,7000,6850,3550,1,1,1,1,0,0,1,1
t,3400,5450,4900,3950,1,1,1,1,0,0,1,1
t,1900,800,650,2050,0,0,0,0,0,0,1,1
t,1900,800,700,2000,0,0,0,0,0,0,1,1
t,1900,800,700,2000,0,0,0,0,0,0,1,1
t,1900,800,650,2050,0,0,0,0,0,0,1,1
t,1900,800,650,2050,0,0,0,0,0,0,1,1
ct,2400,2150,2100,2450,1,0,0,0,0,0,1,1
ct,2400,2600,2600,2400,0,0,0,0,0,0,1,1
ct,2400,2150,1700,2850,1,1,0,0,0,0,1,1
t,1400,3400,3250,1550,0,0,0,0,0,0,0,1
t,1400,3950,3900,1450,0,0,0,0,0,0,0,1
t,1400,3650,3500,1550,0,0,0,0,0,0,0,1
t,1400,3400,3400,1400,0,0,0,0,0,0,0,1
ct,2900,2450,700,4650,1,1,1,1,0,0,1,1
ct,2900,2550,500,4950,1,1,1,1,0,0,1,1
ct,2900,2850,0,5750,1,1,1,1,1,0,1,1
ct,2900,2450,500,4850,1,1,1,1,0,0,1,1
ct,3400,5000,4850,3550,1,1,1,1,0,0,1,1
ct,3400,5000,5000,3400,1,1,1,1,0,0,1,1
ct,3400,4550,4350,3600,1,1,1,1,0,0,1,1
ct,3400,5800,5700,3500,1,1,1,1,0,0,1,1
ct,3400,4900,4850,3450,1,1,1,1,0,0,1,1
t,1400,7950,4800,4550,1,1,1,1,0,0,1,1
t,1400,8950,4900,5450,1,1,1,1,1,0,1,1
t,1400,9600,4900,6100,1,1,1,1,1,1,1,1
t,1900,800,650,2050,0,0,0,0,0,0,1,1
ct,1900,800,650,2050,0,0,0,0,0,0,1,1
t,1900,800,650,2050,0,0,0,0,0,0,1,1
ct,1900,800,800,1900,0,0,0,0,0,0,1,1
ct,1900,800,650,2050,0,0,0,0,0,0,1,1
ct,1900,800,700,2000,0,0,0,0,0,0,1,1
ct,1900,800,650,2050,0,0,0,0,0,0,1,1
t,1900,800,700,2000,0,0,0,0,0,0,1,1
t,1900,800,300,2400,0,0,0,0,0,0,1,1
t,1900,800,0,2700,1,0,0,0,0,0,1,1
t,1400,3400,3300,1500,0,0,0,0,0,0,0,1
ct,2400,2800,700,4500,1,1,1,1,0,0,1,1
t,1400,4300,4300,1400,0,0,0,0,0,0,0,1
ct,2400,2050,0,4450,1,1,1,1,0,0,1,1
ct,2400,2200,0,4600,1,1,1,1,0,0,1,1
ct,2400,2150,0,4550,1,1,1,1,0,0,1,1
ct,2400,2500,0,4900,1,1,1,1,0,0,1,1
t,1400,3650,3500,1550,0,0,0,0,0,0,0,1
t,1400,3400,3250,1550,0,0,0,0,0,0,0,1
t,1400,3950,3900,1450,0,0,0,0,0,0,0,1
ct,2900,4600,4550,2950,1,1,1,0,0,0,1,1
ct,2900,4550,3950,3500,1,1,1,1,0,0,1,1
ct,2900,4700,4650,2950,1,1,1,0,0,0,1,1
t,1400,4000,3900,1500,0,0,0,0,0,0,0,1
ct,3400,3000,1450,4950,1,1,1,1,0,0,1,1
t,1400,4600,4600,1400,0,0,0,0,0,0,0,1
ct,3400,3350,1450,5300,1,1,1,1,0,0,1,1
ct,3400,3300,1950,4750,1,1,1,1,0,0,1,1
ct,3400,2950,1450,4900,1,1,1,1,0,0,1,1
ct,3400,5050,4850,3600,1,1,1,1,0,0,1,1
ct,3400,4800,4650,3550,1,1,1,1,0,0,1,1
ct,3400,5800,5700,3500,1,1,1,1,0,0,1,1
ct,3400,5250,5200,3450,1,1,1,1,0,0,1,1
t,1900,6800,4800,3900,1,1,1,1,0,0,1,1
t,1900,6600,4800,3700,1,1,1,1,0,0,1,1
t,2400,8050,6950,3500,1,1,1,1,0,0,1,1
t,2400,4550,4400,2550,1,0,0,0,0,0,1,1
ct,1400,4400,4250,1550,0,0,0,0,0,0,0,1
ct,1400,6650,4850,3200,1,1,1,1,0,0,1,1
t,2400,4500,4400,2500,1,0,0,0,0,0,1,1
t,2400,4900,4800,2500,1,0,0,0,0,0,1,1
t,2400,4300,4200,2500,1,0,0,0,0,0,1,1
t,2900,3500,700,5700,1,1,1,1,1,0,1,1
t,2900,2550,1150,4300,1,1,1,1,0,0,1,1
ct,1400,7700,7050,2050,0,0,0,0,0,0,1,1
t,2900,2500,700,4700,1,1,1,1,0,0,1,1
t,2900,2500,0,5400,1,1,1,1,1,0,1,1
t,3400,6000,5950,3450,1,1,1,1,0,0,1,1
t,3400,4300,4200,3500,1,1,1,1,0,0,1,1
t,3400,4700,4600,3500,1,1,1,1,0,0,1,1
t,3400,4850,4700,3550,1,1,1,1,0,0,1,1
t,3400,5000,4800,3600,1,1,1,1,0,0,1,1
t,3400,3500,2500,4400,1,1,1,1,0,0,1,1
t,3400,3500,2050,4850,1,1,1,1,0,0,1,1
t,3400,3550,2150,4800,1,1,1,1,0,0,1,1
t,3400,3600,1900,5100,1,1,1,1,0,0,1,1
t,3400,5600,4800,4200,1,1,1,1,0,0,1,1
t,3400,4400,4400,3400,1,1,1,1,0,0,1,1
ct,1400,8000,4850,4550,1,1,1,1,0,0,1,1
t,3400,5150,4800,3750,1,1,1,1,0,0,1,1
t,3400,5100,4800,3700,1,1,1,1,0,0,1,1
ct,1900,6850,5600,3150,1,1,1,1,0,0,1,1
ct,1900,9850,8150,3600,1,1,1,1,0,0,1,1
ct,1900,5450,5400,1950,0,0,0,0,0,0,1,1
t,1900,800,800,1900,0,0,0,0,0,0,1,1
t,1900,800,650,2050,0,0,0,0,0,0,1,1
t,1900,800,650,2050,0,0,0,0,0,0,1,1
t,1900,800,700,2000,0,0,0,0,0,0,1,1
t,1900,800,650,2050,0,0,0,0,0,0,1,1
ct,2400,2550,2550,2400,0,0,0,0,0,0,1,1
t,1400,3250,3150,1500,0,0,0,0,0,0,0,1
ct,2400,2850,2800,2450,1,0,0,0,0,0,1,1
t,1400,3400,2400,2400,0,0,0,0,0,0,1,1
t,1400,4600,4600,1400,0,0,0,0,0,0,0,1
t,1400,3650,3500,1550,0,0,0,0,0,0,0,1
t,1400,3700,3500,1600,0,0,0,0,0,0,0,1
ct,2400,2500,2500,2400,0,0,0,0,0,0,1,1
ct,2400,2250,2200,2450,1,0,0,0,0,0,1,1
ct,2400,2250,650,4000,1,1,1,1,0,0,1,1
t,1900,1500,1450,1950,0,0,0,0,0,0,1,1
t,1900,1400,0,3300,1,1,1,1,0,0,1,1
t,1900,1400,1350,1950,0,0,0,0,0,0,1,1
t,1900,1700,1650,1950,0,0,0,0,0,0,1,1
ct,1400,4750,4700,1450,0,0,0,0,0,0,0,1
t,2400,3400,3300,2500,1,0,0,0,0,0,1,1
t,2400,3300,3300,2400,0,0,0,0,0,0,1,1
t,2400,3300,3150,2550,1,0,0,0,0,0,1,1
t,2400,4050,4000,2450,1,0,0,0,0,0,1,1
t,2400,3600,3500,2500,1,0,0,0,0,0,1,1
t,2900,2500,700,4700,1,1,1,1,0,0,1,1
ct,1400,6600,5200,2800,1,1,0,0,0,0,1,1
t,2900,2700,0,5600,1,1,1,1,1,0,1,1
t,2900,2550,700,4750,1,1,1,1,0,0,1,1
t,2900,2500,0,5400,1,1,1,1,1,0,1,1
t,3400,4700,4600,3500,1,1,1,1,0,0,1,1
t,3400,5300,4800,3900,1,1,1,1,0,0,1,1
t,3400,4750,4700,3450,1,1,1,1,0,0,1,1
t,3400,5650,5600,3450,1,1,1,1,0,0,1,1
t,3400,5400,4800,4000,1,1,1,1,0,0,1,1
t,3400,3500,3500,3400,1,1,1,1,0,0,1,1
ct,1400,8400,5200,4600,1,1,1,1,0,0,1,1
t,3400,4200,4200,3400,1,1,1,1,0,0,1,1
t,3400,3450,3250,3600,1,1,1,1,0,0,1,1
t,3400,3450,2100,4750,1,1,1,1,0,0,1,1
ct,1400,11200,5200,7400,1,1,1,1,1,1,1,1
ct,1400,10250,5600,6050,1,1,1,1,1,1,1,1
ct,1900,9050,7450,3500,1,1,1,1,0,0,1,1
t,1400,3850,3500,1750,0,0,0,0,0,0,1,1
ct,1900,7650,4850,4700,1,1,1,1,0,0,1,1
ct,1900,6200,5600,2500,1,0,0,0,0,0,1,1
t,1900,3150,3150,1900,0,0,0,0,0,0,1,1
t,1900,3450,3300,2050,0,0,0,0,0,0,1,1
t,1900,4150,4000,2050,0,0,0,0,0,0,1,1
t,1900,4550,4400,2050,0,0,0,0,0,0,1,1
ct,1900,800,650,2050,0,0,0,0,0,0,1,1
t,1900,800,700,2000,0,0,0,0,0,0,1,1
t,1900,800,650,2050,0,0,0,0,0,0,1,1
ct,1900,800,650,2050,0,0,0,0,0,0,1,1
ct,1900,800,650,2050,0,0,0,0,0,0,1,1
ct,1900,800,650,2050,0,0,0,0,0,0,1,1
ct,1900,800,800,1900,0,0,0,0,0,0,1,1
t,1900,800,650,2050,0,0,0,0,0,0,1,1
t,1900,800,650,2050,0,0,0,0,0,0,1,1
t,1900,800,650,2050,0,0,0,0,0,0,1,1
ct,2400,2100,2000,2500,1,0,0,0,0,0,1,1
t,1400,3350,3300,1450,0,0,0,0,0,0,0,1
ct,2400,2100,1950,2550,1,0,0,0,0,0,1,1
ct,2400,2100,1950,2550,1,0,0,0,0,0,1,1
ct,2400,2250,2150,2500,1,0,0,0,0,0,1,1
t,1400,3400,3250,1550,0,0,0,0,0,0,0,1
t,1400,3700,3550,1550,0,0,0,0,0,0,0,1
t,1900,2050,0,3950,1,1,1,1,0,0,1,1
t,1900,2000,0,3900,1,1,1,1,0,0,1,1
ct,1400,3900,3750,1550,0,0,0,0,0,0,0,1
ct,1400,4050,3900,1550,0,0,0,0,0,0,0,1
ct,1400,4750,4750,1400,0,0,0,0,0,0,0,1
t,1900,3200,700,4400,1,1,1,1,0,0,1,1
t,1900,2150,0,4050,1,1,1,1,0,0,1,1
t,1900,2150,0,4050,1,1,1,1,0,0,1,1
t,2400,3950,3450,2900,1,1,0,0,0,0,1,1
t,2400,3900,3700,2600,1,0,0,0,0,0,1,1
t,2400,4400,2800,4000,1,1,1,1,0,0,1,1
t,2400,4050,4000,2450,1,0,0,0,0,0,1,1
t,2400,4050,4000,2450,1,0,0,0,0,0,1,1
t,2900,2600,0,5500,1,1,1,1,1,0,1,1
t,2900,2400,0,5300,1,1,1,1,0,0,1,1
t,2900,2450,300,5050,1,1,1,1,0,0,1,1
t,2900,2450,1150,4200,1,1,1,1,0,0,1,1
t,3400,4900,4900,3400,1,1,1,1,0,0,1,1
t,3400,5500,4800,4100,1,1,1,1,0,0,1,1
ct,1400,10350,5600,6150,1,1,1,1,1,1,1,1
t,3400,5300,4400,4300,1,1,1,1,0,0,1,1
t,3400,5050,4900,3550,1,1,1,1,0,0,1,1
t,3400,4800,4800,3400,1,1,1,1,0,0,1,1
t,3400,3700,1750,5350,1,1,1,1,0,0,1,1
t,3400,4300,4000,3700,1,1,1,1,0,0,1,1
t,3400,3550,2200,4750,1,1,1,1,0,0,1,1
t,3400,3400,2050,4750,1,1,1,1,0,0,1,1
t,3400,5850,4800,4450,1,1,1,1,0,0,1,1
t,3400,3700,3700,3400,1,1,1,1,0,0,1,1
t,3400,4750,4600,3550,1,1,1,1,0,0,1,1
t,3400,4750,4600,3550,1,1,1,1,0,0,1,1
t,1400,4000,4000,1400,0,0,0,0,0,0,0,1
ct,1900,9350,5200,6050,1,1,1,1,1,1,1,1
ct,1900,14450,5600,10750,1,1,1,1,1,1,1,1
ct,1900,15900,4850,12950,1,1,1,1,1,1,1,1
ct,1900,16000,5600,12300,1,1,1,1,1,1,1,1
t,1400,4150,4000,1550,0,0,0,0,0,0,0,1
t,1400,3700,3700,1400,0,0,0,0,0,0,0,1
t,1900,2900,1550,3250,1,1,1,1,0,0,1,1
t,1900,5100,2350,4650,1,1,1,1,0,0,1,1
ct,1400,15150,5200,11350,1,1,1,1,1,1,1,1
t,1900,2900,300,4500,1,1,1,1,0,0,1,1
t,1900,2900,1700,3100,1,1,1,0,0,0,1,1
t,2400,5350,4900,2850,1,1,0,0,0,0,1,1
t,2400,7050,6850,2600,1,0,0,0,0,0,1,1
ct,1400,10300,5800,5900,1,1,1,1,1,1,1,1
ct,1400,14000,6100,9300,1,1,1,1,1,1,1,1
t,2400,6300,4900,3800,1,1,1,1,0,0,1,1
t,2400,6600,4800,4200,1,1,1,1,0,0,1,1
t,2400,5200,4800,2800,1,1,0,0,0,0,1,1
t,1400,3950,3200,2150,0,0,0,0,0,0,1,1
ct,1900,6400,5950,2350,0,0,0,0,0,0,1,1
ct,1900,9500,6100,5300,1,1,1,1,0,0,1,1
t,1400,5200,4800,1800,0,0,0,0,0,0,1,1
t,1400,5600,5400,1600,0,0,0,0,0,0,0,1
t,1400,4200,4200,1400,0,0,0,0,0,0,0,1
t,1900,800,650,2050,0,0,0,0,0,0,1,1
t,1900,800,700,2000,0,0,0,0,0,0,1,1
t,1900,800,650,2050,0,0,0,0,0,0,1,1
t,1900,800,800,1900,0,0,0,0,0,0,1,1
t,1900,800,650,2050,0,0,0,0,0,0,1,1
t,1400,3950,3900,1450,0,0,0,0,0,0,0,1
ct,2400,2100,1450,3050,1,1,1,0,0,0,1,1
ct,2400,2100,2000,2500,1,0,0,0,0,0,1,1
t,1400,3600,3150,1850,0,0,0,0,0,0,1,1
t,1400,3800,3800,1400,0,0,0,0,0,0,0,1
t,1400,3950,3900,1450,0,0,0,0,0,0,0,1
ct,2400,2100,2100,2400,0,0,0,0,0,0,1,1
ct,2400,1950,1800,2550,1,0,0,0,0,0,1,1
ct,2400,2400,2250,2550,1,0,0,0,0,0,1,1
ct,2900,2850,1450,4300,1,1,1,1,0,0,1,1
ct,2900,2900,1450,4350,1,1,1,1,0,0,1,1
ct,2900,2500,600,4800,1,1,1,1,0,0,1,1
ct,2900,2950,1800,4050,1,1,1,1,0,0,1,1
ct,3400,4400,4350,3450,1,1,1,1,0,0,1,1
ct,3400,5050,5000,3450,1,1,1,1,0,0,1,1
t,1400,6100,4900,2600,1,0,0,0,0,0,1,1
ct,3400,4900,4900,3400,1,1,1,1,0,0,1,1
ct,3400,4150,4100,3450,1,1,1,1,0,0,1,1
t,1900,4000,4000,1900,0,0,0,0,0,0,1,1
t,1900,4200,4200,1900,0,0,0,0,0,0,1,1
t,1900,3800,3700,2000,0,0,0,0,0,0,1,1
t,1900,7450,4800,4550,1,1,1,1,0,0,1,1
t,1900,7050,5100,3850,1,1,1,1,0,0,1,1
ct,1400,4050,4050,1400,0,0,0,0,0,0,0,1
ct,1400,4700,3900,2200,0,0,0,0,0,0,1,1
ct,1400,3800,3550,1650,0,0,0,0,0,0,0,1
ct,1400,4850,4700,1550,0,0,0,0,0,0,0,1
t,2400,2800,800,4400,1,1,1,1,0,0,1,1
t,2400,2600,1000,4000,1,1,1,1,0,0,1,1
t,2400,5750,3700,4450,1,1,1,1,0,0,1,1
ct,1900,2150,2150,1900,0,0,0,0,0,0,1,1
ct,1900,2150,1700,2350,0,0,0,0,0,0,1,1
t,1400,6150,4400,3150,1,1,1,1,0,0,1,1
t,1400,5600,4800,2200,0,0,0,0,0,0,1,1
ct,1900,3650,3550,2000,0,0,0,0,0,0,1,1
ct,1900,2350,2150,2100,0,0,0,0,0,0,1,1
t,1900,4050,4000,1950,0,0,0,0,0,0,1,1
t,1900,4600,4600,1900,0,0,0,0,0,0,1,1
ct,1400,4200,4050,1550,0,0,0,0,0,0,0,1
t,2400,2350,0,4750,1,1,1,1,0,0,1,1
t,2400,1950,0,4350,1,1,1,1,0,0,1,1
t,2400,1900,0,4300,1,1,1,1,0,0,1,1
t,2400,2400,0,4800,1,1,1,1,0,0,1,1
t,2900,5150,4800,3250,1,1,1,1,0,0,1,1
t,2900,4750,4600,3050,1,1,1,0,0,0,1,1
t,2900,4350,4300,2950,1,1,1,0,0,0,1,1
t,2900,4100,3900,3100,1,1,1,0,0,0,1,1
t,2900,4800,4800,2900,1,1,0,0,0,0,1,1
t,3400,3850,3700,3550,1,1,1,1,0,0,1,1
t,3400,2950,1700,4650,1,1,1,1,0,0,1,1
t,3400,3100,1800,4700,1,1,1,1,0,0,1,1
t,3400,2900,1400,4900,1,1,1,1,0,0,1,1
ct,1400,8200,5600,4000,1,1,1,1,0,0,1,1
ct,1400,7250,5600,3050,1,1,1,0,0,0,1,1
t,3400,4650,4500,3550,1,1,1,1,0,0,1,1
t,3400,4700,4600,3500,1,1,1,1,0,0,1,1
t,3400,4900,4800,3500,1,1,1,1,0,0,1,1
ct,1900,800,650,2050,0,0,0,0,0,0,1,1
ct,1900,800,650,2050,0,0,0,0,0,0,1,1
t,1900,800,650,2050,0,0,0,0,0,0,1,1
t,1900,800,650,2050,0,0,0,0,0,0,1,1
ct,1900,800,650,2050,0,0,0,0,0,0,1,1
ct,1900,800,650,2050,0,0,0,0,0,0,1,1
ct,1900,800,800,1900,0,0,0,0,0,0,1,1
t,1900,800,650,2050,0,0,0,0,0,0,1,1
t,1900,800,800,1900,0,0,0,0,0,0,1,1
t,1900,800,650,2050,0,0,0,0,0,0,1,1
ct,1400,3950,3850,1500,0,0,0,0,0,0,0,1
ct,1400,4250,4200,1450,0,0,0,0,0,0,0,1
t,2400,2050,0,4450,1,1,1,1,0,0,1,1
t,2400,2350,0,4750,1,1,1,1,0,0,1,1
ct,1400,3650,3000,2050,0,0,0,0,0,0,1,1
ct,1400,3950,3850,1500,0,0,0,0,0,0,0,1
ct,1400,3800,3550,1650,0,0,0,0,0,0,0,1
t,2400,2350,700,4050,1,1,1,1,0,0,1,1
t,2400,1900,0,4300,1,1,1,1,0,0,1,1
t,2400,2050,0,4450,1,1,1,1,0,0,1,1
t,2900,4450,4300,3050,1,1,1,0,0,0,1,1
t,2900,5050,4800,3150,1,1,1,1,0,0,1,1
ct,1400,4350,4350,1400,0,0,0,0,0,0,0,1
t,2900,4650,4600,2950,1,1,1,0,0,0,1,1
t,2900,4300,3900,3300,1,1,1,1,0,0,1,1
t,2900,4450,4400,2950,1,1,1,0,0,0,1,1
ct,1400,4300,4150,1550,0,0,0,0,0,0,0,1
ct,1400,3650,3550,1500,0,0,0,0,0,0,0,1
ct,1400,4100,4100,1400,0,0,0,0,0,0,0,1
t,3400,2950,2400,3950,1,1,1,1,0,0,1,1
t,3400,3600,3600,3400,1,1,1,1,0,0,1,1
t,3400,2950,2200,4150,1,1,1,1,0,0,1,1
ct,1900,1700,1650,1950,0,0,0,0,0,0,1,1
ct,1900,2250,2200,1950,0,0,0,0,0,0,1,1
ct,1900,2150,2100,1950,0,0,0,0,0,0,1,1
ct,1900,2250,2200,1950,0,0,0,0,0,0,1,1
t,1400,3600,2950,2050,0,0,0,0,0,0,1,1
ct,1400,4150,4050,1500,0,0,0,0,0,0,0,1
t,1900,2800,1150,3550,1,1,1,1,0,0,1,1
t,1900,3300,2000,3200,1,1,1,1,0,0,1,1
t,1900,4100,2100,3900,1,1,1,1,0,0,1,1
t,1900,4250,2300,3850,1,1,1,1,0,0,1,1
t,2400,4200,4200,2400,0,0,0,0,0,0,1,1
t,2400,4900,4800,2500,1,0,0,0,0,0,1,1
t,2400,4700,4600,2500,1,0,0,0,0,0,1,1
t,2400,4850,4800,2450,1,0,0,0,0,0,1,1
ct,1400,8250,5200,4450,1,1,1,1,0,0,1,1
t,2900,3650,2450,4100,1,1,1,1,0,0,1,1
t,2900,3500,1500,4900,1,1,1,1,0,0,1,1
t,2900,3500,2200,4200,1,1,1,1,0,0,1,1
t,2900,3450,1150,5200,1,1,1,1,0,0,1,1
t,3400,5100,4800,3700,1,1,1,1,0,0,1,1
t,3400,5100,4800,3700,1,1,1,1,0,0,1,1
t,3400,4700,4600,3500,1,1,1,1,0,0,1,1
t,3400,5500,4800,4100,1,1,1,1,0,0,1,1
t,3400,3500,1750,5150,1,1,1,1,0,0,1,1
t,3400,3700,2000,5100,1,1,1,1,0,0,1,1
t,3400,3700,2800,4300,1,1,1,1,0,0,1,1
t,3400,3500,1850,5050,1,1,1,1,0,0,1,1
t,3400,4750,4700,3450,1,1,1,1,0,0,1,1
t,3400,5100,4800,3700,1,1,1,1,0,0,1,1
ct,1400,13200,7450,7150,1,1,1,1,1,1,1,1
t,3400,5050,4800,3650,1,1,1,1,0,0,1,1
t,3400,6050,6050,3400,1,1,1,1,0,0,1,1
t,3400,3700,3700,3400,1,1,1,1,0,0,1,1
ct,1400,14500,5900,10000,1,1,1,1,1,1,1,1
t,3400,3400,3400,3400,1,1,1,1,0,0,1,1
t,3400,3950,3900,3450,1,1,1,1,0,0,1,1
t,3400,3400,3300,3500,1,1,1,1,0,0,1,1
ct,1900,800,650,2050,0,0,0,0,0,0,1,1
ct,1900,800,650,2050,0,0,0,0,0,0,1,1
ct,1900,800,650,2050,0,0,0,0,0,0,1,1
ct,1900,800,650,2050,0,0,0,0,0,0,1,1
ct,1900,800,650,2050,0,0,0,0,0,0,1,1
t,1400,4000,3850,1550,0,0,0,0,0,0,0,1
ct,2400,2150,2050,2500,1,0,0,0,0,0,1,1
ct,2400,2450,2400,2450,1,0,0,0,0,0,1,1
t,1400,3550,3500,1450,0,0,0,0,0,0,0,1
t,1400,3250,3250,1400,0,0,0,0,0,0,0,1
ct,2400,2150,2000,2550,1,0,0,0,0,0,1,1
ct,2400,2150,2100,2450,1,0,0,0,0,0,1,1
ct,2400,2450,2350,2500,1,0,0,0,0,0,1,1
ct,1900,800,650,2050,0,0,0,0,0,0,1,1
ct,1900,800,650,2050,0,0,0,0,0,0,1,1
ct,1900,800,650,2050,0,0,0,0,0,0,1,1
ct,1900,800,650,2050,0,0,0,0,0,0,1,1
t,1900,800,650,2050,0,0,0,0,0,0,1,1
t,1900,800,650,2050,0,0,0,0,0,0,1,1
t,1900,800,700,2000,0,0,0,0,0,0,1,1
t,1900,800,650,2050,0,0,0,0,0,0,1,1
t,1900,800,650,2050,0,0,0,0,0,0,1,1
ct,1900,800,650,2050,0,0,0,0,0,0,1,1
ct,1400,4250,4200,1450,0,0,0,0,0,0,0,1
ct,1400,4250,4250,1400,0,0,0,0,0,0,0,1
ct,1400,3650,3550,1500,0,0,0,0,0,0,0,1
ct,1400,3950,3850,1500,0,0,0,0,0,0,0,1
t,2400,2050,0,4450,1,1,1,1,0,0,1,1
t,2400,2050,0,4450,1,1,1,1,0,0,1,1
t,2400,2000,0,4400,1,1,1,1,0,0,1,1
t,2400,2050,0,4450,1,1,1,1,0,0,1,1
t,2400,2050,1700,2750,1,0,0,0,0,0,1,1
ct,1400,3650,3550,1500,0,0,0,0,0,0,0,1
t,2900,4450,4400,2950,1,1,1,0,0,0,1,1
t,2900,4450,4400,2950,1,1,1,0,0,0,1,1
t,2900,4400,4400,2900,1,1,0,0,0,0,1,1
t,2900,4450,4400,2950,1,1,1,0,0,0,1,1
t,2900,2750,2650,3000,1,1,1,0,0,0,1,1
ct,1900,4450,700,5650,1,1,1,1,1,0,1,1
ct,1900,4200,1350,4750,1,1,1,1,0,0,1,1
ct,1900,3700,1900,3700,1,1,1,1,0,0,1,1
ct,1900,3400,0,5300,1,1,1,1,0,0,1,1
ct,2400,5100,4650,2850,1,1,0,0,0,0,1,1
ct,2400,4800,4650,2550,1,0,0,0,0,0,1,1
ct,2400,5050,4850,2600,1,0,0,0,0,0,1,1
ct,2400,4050,4050,2400,0,0,0,0,0,0,1,1
ct,2400,4650,4550,2500,1,0,0,0,0,0,1,1
t,1900,4550,4400,2050,0,0,0,0,0,0,1,1
ct,1900,1950,0,3850,1,1,1,1,0,0,1,1
ct,1900,3200,200,4900,1,1,1,1,0,0,1,1
ct,1900,3400,0,5300,1,1,1,1,0,0,1,1
ct,1900,1650,0,3550,1,1,1,1,0,0,1,1
ct,2400,3950,3900,2450,1,0,0,0,0,0,1,1
ct,2400,4700,4650,2450,1,0,0,0,0,0,1,1
ct,2400,5700,5700,2400,0,0,0,0,0,0,1,1
ct,2400,5200,5050,2550,1,0,0,0,0,0,1,1
ct,2400,3650,3600,2450,1,0,0,0,0,0,1,1
ct,2900,2950,1750,4100,1,1,1,1,0,0,1,1
ct,2900,2650,700,4850,1,1,1,1,0,0,1,1
ct,2900,3350,1750,4500,1,1,1,1,0,0,1,1
t,1400,7450,4900,3950,1,1,1,1,0,0,1,1
t,1400,4700,4600,1500,0,0,0,0,0,0,0,1
t,1400,5100,4800,1700,0,0,0,0,0,0,1,1
ct,2900,2950,800,5050,1,1,1,1,0,0,1,1
ct,3400,4950,4850,3500,1,1,1,1,0,0,1,1
ct,3400,5600,5600,3400,1,1,1,1,0,0,1,1
ct,3400,4900,4850,3450,1,1,1,1,0,0,1,1
t,1400,6100,4900,2600,1,0,0,0,0,0,1,1
ct,3400,5150,4850,3700,1,1,1,1,0,0,1,1
ct,3400,3550,2200,4750,1,1,1,1,0,0,1,1
ct,3400,3450,0,6850,1,1,1,1,1,1,1,1
ct,3400,3500,2200,4700,1,1,1,1,0,0,1,1
ct,3400,4050,1450,6000,1,1,1,1,1,1,1,1
ct,1400,6100,5800,1700,0,0,0,0,0,0,1,1
t,1900,6050,4900,3050,1,1,1,0,0,0,1,1
t,1900,6000,4800,3100,1,1,1,0,0,0,1,1
t,1900,5300,5100,2100,0,0,0,0,0,0,1,1
t,1900,9500,7350,4050,1,1,1,1,0,0,1,1
ct,1400,6400,5800,2000,0,0,0,0,0,0,1,1
t,1900,800,650,2050,0,0,0,0,0,0,1,1
t,1900,800,800,1900,0,0,0,0,0,0,1,1
t,1900,800,650,2050,0,0,0,0,0,0,1,1
t,1900,800,700,2000,0,0,0,0,0,0,1,1
t,1900,800,650,2050,0,0,0,0,0,0,1,1
t,1400,3400,3150,1650,0,0,0,0,0,0,0,1
t,1400,3850,3700,1550,0,0,0,0,0,0,0,1
t,1400,4300,4150,1550,0,0,0,0,0,0,0,1
t,1400,3650,3600,1450,0,0,0,0,0,0,0,1
ct,2400,2100,2100,2400,0,0,0,0,0,0,1,1
ct,2400,1950,1800,2550,1,0,0,0,0,0,1,1
ct,2400,2350,2200,2550,1,0,0,0,0,0,1,1
ct,2400,2100,2000,2500,1,0,0,0,0,0,1,1
ct,2400,2100,2000,2500,1,0,0,0,0,0,1,1
t,1400,3400,3300,1500,0,0,0,0,0,0,0,1
t,1900,1650,1650,1900,0,0,0,0,0,0,1,1
t,1900,1550,1150,2300,0,0,0,0,0,0,1,1
t,1900,1550,1450,2000,0,0,0,0,0,0,1,1
ct,1400,4700,4700,1400,0,0,0,0,0,0,0,1
t,1900,1500,1000,2400,0,0,0,0,0,0,1,1
t,2400,1900,0,4300,1,1,1,1,0,0,1,1
t,2400,2300,200,4500,1,1,1,1,0,0,1,1
t,2400,2000,0,4400,1,1,1,1,0,0,1,1
ct,1400,3800,1100,4100,1,1,1,1,0,0,1,1
ct,1400,5200,3550,3050,1,1,1,0,0,0,1,1
t,2400,2000,0,4400,1,1,1,1,0,0,1,1
t,2900,4000,3900,3000,1,1,1,0,0,0,1,1
t,2900,4500,4500,2900,1,1,0,0,0,0,1,1
t,2900,4700,4700,2900,1,1,0,0,0,0,1,1
t,2900,4650,4600,2950,1,1,1,0,0,0,1,1
ct,1400,6050,5800,1650,0,0,0,0,0,0,0,1
t,2900,4400,4400,2900,1,1,0,0,0,0,1,1
t,3400,3000,2600,3800,1,1,1,1,0,0,1,1
t,3400,2900,2750,3550,1,1,1,1,0,0,1,1
t,3400,2900,2600,3700,1,1,1,1,0,0,1,1
t,3400,2950,2950,3400,1,1,1,1,0,0,1,1
ct,1900,800,800,1900,0,0,0,0,0,0,1,1
ct,1900,800,650,2050,0,0,0,0,0,0,1,1
t,1900,800,700,2000,0,0,0,0,0,0,1,1
t,1900,800,700,2000,0,0,0,0,0,0,1,1
ct,1900,800,650,2050,0,0,0,0,0,0,1,1
t,1900,800,650,2050,0,0,0,0,0,0,1,1
ct,1900,800,650,2050,0,0,0,0,0,0,1,1
t,1900,800,650,2050,0,0,0,0,0,0,1,1
ct,1900,800,650,2050,0,0,0,0,0,0,1,1
t,1900,800,650,2050,0,0,0,0,0,0,1,1
ct,2400,2350,1850,2900,1,1,0,0,0,0,1,1
ct,2400,2200,1350,3250,1,1,1,1,0,0,1,1
t,1400,3350,3250,1500,0,0,0,0,0,0,0,1
t,1400,3650,3500,1550,0,0,0,0,0,0,0,1
ct,2400,2200,2200,2400,0,0,0,0,0,0,1,1
ct,2400,2800,2750,2450,1,0,0,0,0,0,1,1
ct,2400,2200,2200,2400,0,0,0,0,0,0,1,1
ct,2900,2700,300,5300,1,1,1,1,0,0,1,1
ct,2900,3650,700,5850,1,1,1,1,1,0,1,1
t,1400,3350,3250,1500,0,0,0,0,0,0,0,1
ct,2900,2500,300,5100,1,1,1,1,0,0,1,1
ct,2900,2550,700,4750,1,1,1,1,0,0,1,1
ct,2900,3100,700,5300,1,1,1,1,0,0,1,1
ct,3400,5100,4750,3750,1,1,1,1,0,0,1,1
ct,3400,5950,5900,3450,1,1,1,1,0,0,1,1
ct,3400,5500,5400,3500,1,1,1,1,0,0,1,1
ct,3400,4850,4850,3400,1,1,1,1,0,0,1,1
ct,3400,5700,5600,3500,1,1,1,1,0,0,1,1
ct,3400,3450,0,6850,1,1,1,1,1,1,1,1
ct,3400,3500,950,5950,1,1,1,1,1,1,1,1
ct,3400,5350,5250,3500,1,1,1,1,0,0,1,1
ct,3400,6550,6400,3550,1,1,1,1,0,0,1,1
ct,3400,5550,5200,3750,1,1,1,1,0,0,1,1
t,1900,8050,4900,5050,1,1,1,1,0,0,1,1
t,1900,9000,4900,6000,1,1,1,1,1,1,1,1
t,1900,8600,4800,5700,1,1,1,1,1,0,1,1
t,2400,6000,4900,3500,1,1,1,1,0,0,1,1
t,2400,5700,4800,3300,1,1,1,1,0,0,1,1
ct,1900,7550,5800,3650,1,1,1,1,0,0,1,1
t,1400,4000,4000,1400,0,0,0,0,0,0,0,1
ct,1900,7000,5600,3300,1,1,1,1,0,0,1,1
t,1400,4350,4200,1550,0,0,0,0,0,0,0,1
ct,1900,9750,5200,6450,1,1,1,1,1,1,1,1
ct,2400,4700,4550,2550,1,0,0,0,0,0,1,1
ct,2900,3700,3550,3050,1,1,1,0,0,0,1,1
t,1400,4650,4600,1450,0,0,0,0,0,0,0,1
ct,2900,5500,4850,3550,1,1,1,1,0,0,1,1
ct,2900,4400,4350,2950,1,1,1,0,0,0,1,1
t,1400,8900,4800,5500,1,1,1,1,1,0,1,1
ct,3400,3650,3100,3950,1,1,1,1,0,0,1,1
ct,3400,3900,3850,3450,1,1,1,1,0,0,1,1
ct,3400,4350,4350,3400,1,1,1,1,0,0,1,1
ct,3400,4850,4800,3450,1,1,1,1,0,0,1,1
t,1400,7350,5600,3150,1,1,1,1,0,0,1,1
ct,1900,800,800,1900,0,0,0,0,0,0,1,1
ct,1900,800,800,1900,0,0,0,0,0,0,1,1
ct,1900,800,650,2050,0,0,0,0,0,0,1,1
ct,1900,800,650,2050,0,0,0,0,0,0,1,1
ct,1900,800,650,2050,0,0,0,0,0,0,1,1
t,2400,2600,2600,2400,0,0,0,0,0,0,1,1
t,2400,2900,2850,2450,1,0,0,0,0,0,1,1
ct,1400,4650,4600,1450,0,0,0,0,0,0,0,1
ct,1400,3750,3750,1400,0,0,0,0,0,0,0,1
t,2400,2950,2800,2550,1,0,0,0,0,0,1,1
ct,1400,4200,4200,1400,0,0,0,0,0,0,0,1
t,2400,2650,2600,2450,1,0,0,0,0,0,1,1
ct,1400,4500,4350,1550,0,0,0,0,0,0,0,1
t,2400,3250,3100,2550,1,0,0,0,0,0,1,1
ct,1400,3900,3900,1400,0,0,0,0,0,0,0,1
t,2900,3900,3500,3300,1,1,1,1,0,0,1,1
t,2900,3350,3300,2950,1,1,1,0,0,0,1,1
ct,1400,4100,3900,1600,0,0,0,0,0,0,0,1
ct,1400,3750,3550,1600,0,0,0,0,0,0,0,1
t,2900,3150,3100,2950,1,1,1,0,0,0,1,1
ct,1400,4050,4050,1400,0,0,0,0,0,0,0,1
t,2900,3650,3500,3050,1,1,1,0,0,0,1,1
t,2900,3150,3100,2950,1,1,1,0,0,0,1,1
t,3400,2900,2600,3700,1,1,1,1,0,0,1,1
t,3400,3250,3100,3550,1,1,1,1,0,0,1,1
t,3400,2950,2750,3600,1,1,1,1,0,0,1,1
t,3400,3050,2200,4250,1,1,1,1,0,0,1,1
ct,1400,5150,5000,1550,0,0,0,0,0,0,0,1
t,1900,800,700,2000,0,0,0,0,0,0,1,1
ct,1900,800,650,2050,0,0,0,0,0,0,1,1
t,1900,800,650,2050,0,0,0,0,0,0,1,1
ct,1900,800,650,2050,0,0,0,0,0,0,1,1
ct,1900,800,650,2050,0,0,0,0,0,0,1,1
t,1900,800,650,2050,0,0,0,0,0,0,1,1
ct,1900,800,800,1900,0,0,0,0,0,0,1,1
t,1900,800,700,2000,0,0,0,0,0,0,1,1
ct,1900,800,700,2000,0,0,0,0,0,0,1,1
t,1900,800,650,2050,0,0,0,0,0,0,1,1
t,2400,2900,2800,2500,1,0,0,0,0,0,1,1
ct,1400,4500,4350,1550,0,0,0,0,0,0,0,1
t,2400,2650,2600,2450,1,0,0,0,0,0,1,1
ct,1400,3900,3900,1400,0,0,0,0,0,0,0,1
ct,1400,4500,4500,1400,0,0,0,0,0,0,0,1
t,2400,2950,2800,2550,1,0,0,0,0,0,1,1
ct,1400,4050,3900,1550,0,0,0,0,0,0,0,1
t,2400,2600,2200,2800,1,1,0,0,0,0,1,1
ct,1400,4150,4050,1500,0,0,0,0,0,0,0,1
t,2400,2650,2550,2500,1,0,0,0,0,0,1,1
t,2900,3400,700,5600,1,1,1,1,1,0,1,1
t,2900,3050,1450,4500,1,1,1,1,0,0,1,1
t,2900,3150,1450,4600,1,1,1,1,0,0,1,1
t,2900,3400,0,6300,1,1,1,1,1,1,1,1
t,2900,3100,900,5100,1,1,1,1,0,0,1,1
t,3400,4650,4500,3550,1,1,1,1,0,0,1,1
t,3400,4600,4600,3400,1,1,1,1,0,0,1,1
t,3400,6300,4900,4800,1,1,1,1,0,0,1,1
t,3400,5100,4900,3600,1,1,1,1,0,0,1,1
ct,1900,7550,7050,2400,0,0,0,0,0,0,1,1
ct,1900,6150,5200,2850,1,1,0,0,0,0,1,1
t,1400,3250,3100,1550,0,0,0,0,0,0,0,1
ct,1900,7900,5600,4200,1,1,1,1,0,0,1,1
t,1400,4950,4800,1550,0,0,0,0,0,0,0,1
ct,1900,6550,5250,3200,1,1,1,1,0,0,1,1
t,1400,3750,3700,1450,0,0,0,0,0,0,0,1
t,1900,3850,3700,2050,0,0,0,0,0,0,1,1
ct,1900,3400,3200,2100,0,0,0,0,0,0,1,1
ct,1900,3250,2900,2250,0,0,0,0,0,0,1,1
t,1900,4200,0,6100,1,1,1,1,1,1,1,1
t,1900,2400,0,4300,1,1,1,1,0,0,1,1
t,1900,1500,0,3400,1,1,1,1,0,0,1,1
t,1900,2950,0,4850,1,1,1,1,0,0,1,1
t,2400,4300,4200,2500,1,0,0,0,0,0,1,1
t,2400,3400,3400,2400,0,0,0,0,0,0,1,1
t,2400,4850,4800,2450,1,0,0,0,0,0,1,1
ct,1900,6300,5200,3000,1,1,1,0,0,0,1,1
ct,1900,6150,5600,2450,1,0,0,0,0,0,1,1
ct,1900,4850,4550,2200,0,0,0,0,0,0,1,1
ct,2400,6550,6500,2450,1,0,0,0,0,0,1,1
t,1900,800,650,2050,0,0,0,0,0,0,1,1
t,1900,800,650,2050,0,0,0,0,0,0,1,1
t,1900,800,650,2050,0,0,0,0,0,0,1,1
t,1900,800,800,1900,0,0,0,0,0,0,1,1
t,1900,800,700,2000,0,0,0,0,0,0,1,1
ct,1400,3500,3450,1450,0,0,0,0,0,0,0,1
t,2400,2050,0,4450,1,1,1,1,0,0,1,1
ct,1400,4550,4400,1550,0,0,0,0,0,0,0,1
t,2400,2050,0,4450,1,1,1,1,0,0,1,1
t,2400,2950,700,4650,1,1,1,1,0,0,1,1
ct,1400,3950,3850,1500,0,0,0,0,0,0,0,1
t,2400,1900,0,4300,1,1,1,1,0,0,1,1
ct,1400,3950,3900,1450,0,0,0,0,0,0,0,1
t,2400,2000,0,4400,1,1,1,1,0,0,1,1
ct,1400,3500,3350,1550,0,0,0,0,0,0,0,1
t,2900,4450,4400,2950,1,1,1,0,0,0,1,1
t,2900,4450,4400,2950,1,1,1,0,0,0,1,1
t,2900,4950,4800,3050,1,1,1,0,0,0,1,1
t,2900,4300,4200,3000,1,1,1,0,0,0,1,1
t,2900,4400,4400,2900,1,1,0,0,0,0,1,1
ct,1900,3950,3850,2000,0,0,0,0,0,0,1,1
ct,1900,4900,4750,2050,0,0,0,0,0,0,1,1
t,1400,3250,3100,1550,0,0,0,0,0,0,0,1
t,1900,2800,700,4000,1,1,1,1,0,0,1,1
t,1900,3800,0,5700,1,1,1,1,1,0,1,1
t,1900,3500,1000,4400,1,1,1,1,0,0,1,1
t,1900,3650,1000,4550,1,1,1,1,0,0,1,1
t,1900,2650,0,4550,1,1,1,1,0,0,1,1
t,2400,5100,4800,2700,1,0,0,0,0,0,1,1
t,2400,6200,6050,2550,1,0,0,0,0,0,1,1
t,2400,4900,4800,2500,1,0,0,0,0,0,1,1
ct,1400,5350,5200,1550,0,0,0,0,0,0,0,1
t,2400,5050,4800,2650,1,0,0,0,0,0,1,1
t,2400,5350,4800,2950,1,1,1,0,0,0,1,1
t,2900,3200,1850,4250,1,1,1,1,0,0,1,1
t,2900,3150,1650,4400,1,1,1,1,0,0,1,1
t,2900,3450,1850,4500,1,1,1,1,0,0,1,1
t,3400,4750,4600,3550,1,1,1,1,0,0,1,1
t,3400,4750,4600,3550,1,1,1,1,0,0,1,1
t,3400,5100,4800,3700,1,1,1,1,0,0,1,1
t,3400,5200,4800,3800,1,1,1,1,0,0,1,1
t,1900,800,650,2050,0,0,0,0,0,0,1,1
t,1900,800,800,1900,0,0,0,0,0,0,1,1
ct,1900,800,650,2050,0,0,0,0,0,0,1,1
ct,1900,800,650,2050,0,0,0,0,0,0,1,1
ct,1900,800,650,2050,0,0,0,0,0,0,1,1
t,1900,800,650,2050,0,0,0,0,0,0,1,1
t,1900,800,650,2050,0,0,0,0,0,0,1,1
t,1900,800,650,2050,0,0,0,0,0,0,1,1
ct,1900,800,650,2050,0,0,0,0,0,0,1,1
ct,1900,800,700,2000,0,0,0,0,0,0,1,1
t,2400,2050,0,4450,1,1,1,1,0,0,1,1
t,2400,1900,0,4300,1,1,1,1,0,0,1,1
ct,1400,3650,3550,1500,0,0,0,0,0,0,0,1
t,2400,2050,700,3750,1,1,1,1,0,0,1,1
t,2400,2350,700,4050,1,1,1,1,0,0,1,1
t,2400,2050,0,4450,1,1,1,1,0,0,1,1
ct,1400,3650,3550,1500,0,0,0,0,0,0,0,1
ct,1400,3600,3450,1550,0,0,0,0,0,0,0,1
t,2900,4450,4400,2950,1,1,1,0,0,0,1,1
t,2900,4300,4200,3000,1,1,1,0,0,0,1,1
t,2900,3750,3500,3150,1,1,1,1,0,0,1,1
t,2900,4050,4000,2950,1,1,1,0,0,0,1,1
t,2900,4450,4400,2950,1,1,1,0,0,0,1,1
t,3400,3850,3700,3550,1,1,1,1,0,0,1,1
t,3400,3600,1950,5050,1,1,1,1,0,0,1,1
ct,1400,6550,5200,2750,1,0,0,0,0,0,1,1
t,3400,4050,800,6650,1,1,1,1,1,1,1,1
t,3400,3850,2300,4950,1,1,1,1,0,0,1,1
t,3400,3850,2100,5150,1,1,1,1,0,0,1,1
ct,1400,6100,5250,2250,0,0,0,0,0,0,1,1
t,3400,3550,3500,3450,1,1,1,1,0,0,1,1
t,3400,6650,6450,3600,1,1,1,1,0,0,1,1
t,3400,4950,4900,3450,1,1,1,1,0,0,1,1
t,3400,5450,4900,3950,1,1,1,1,0,0,1,1
t,1400,3550,3500,1450,0,0,0,0,0,0,0,1
t,1400,3650,3500,1550,0,0,0,0,0,0,0,1
ct,1900,9900,7350,4450,1,1,1,1,0,0,1,1
ct,1900,5750,5200,2450,1,0,0,0,0,0,1,1
t,1400,4650,4500,1550,0,0,0,0,0,0,0,1
ct,1900,5950,5600,2250,0,0,0,0,0,0,1,1
ct,1900,5200,4350,2750,1,0,0,0,0,0,1,1
t,1400,3700,3450,1650,0,0,0,0,0,0,0,1
ct,2400,2750,2750,2400,0,0,0,0,0,0,1,1
t,1400,4900,4400,1900,0,0,0,0,0,0,1,1
ct,2400,2450,2400,2450,1,0,0,0,0,0,1,1
ct,2400,2950,2900,2450,1,0,0,0,0,0,1,1
t,1900,3250,2150,3000,1,1,1,0,0,0,1,1
t,1900,3350,1650,3600,1,1,1,1,0,0,1,1
ct,1400,4900,4900,1400,0,0,0,0,0,0,0,1
ct,1900,3800,3750,1950,0,0,0,0,0,0,1,1
ct,1900,1700,1350,2250,0,0,0,0,0,0,1,1
ct,1900,2250,2200,1950,0,0,0,0,0,0,1,1
t,1400,5050,4900,1550,0,0,0,0,0,0,0,1
ct,1900,2400,2350,1950,0,0,0,0,0,0,1,1
ct,2400,1950,0,4350,1,1,1,1,0,0,1,1
ct,2400,1950,0,4350,1,1,1,1,0,0,1,1
ct,2400,1950,0,4350,1,1,1,1,0,0,1,1
ct,2400,1950,0,4350,1,1,1,1,0,0,1,1
t,1400,8200,4900,4700,1,1,1,1,0,0,1,1
ct,2900,4750,4750,2900,1,1,0,0,0,0,1,1
ct,2900,4450,4450,2900,1,1,0,0,0,0,1,1
ct,2900,4450,4350,3000,1,1,1,0,0,0,1,1
t,1400,6700,4900,3200,1,1,1,1,0,0,1,1
ct,2900,4750,4650,3000,1,1,1,0,0,0,1,1
ct,2900,4450,4350,3000,1,1,1,0,0,0,1,1
ct,3400,3000,3000,3400,1,1,1,1,0,0,1,1
ct,3400,3300,3300,3400,1,1,1,1,0,0,1,1
ct,3400,3400,3400,3400,1,1,1,1,0,0,1,1
t,1400,13000,4800,9600,1,1,1,1,1,1,1,1
t,1400,12300,4900,8800,1,1,1,1,1,1,1,1
ct,3400,3100,3100,3400,1,1,1,1,0,0,1,1
t,1900,800,700,2000,0,0,0,0,0,0,1,1
t,1900,800,800,1900,0,0,0,0,0,0,1,1
t,1900,800,650,2050,0,0,0,0,0,0,1,1
t,1900,800,750,1950,0,0,0,0,0,0,1,1
t,1900,800,650,2050,0,0,0,0,0,0,1,1
ct,1400,3950,3900,1450,0,0,0,0,0,0,0,1
ct,1400,3900,3550,1750,0,0,0,0,0,0,1,1
t,2400,2300,700,4000,1,1,1,1,0,0,1,1
t,2400,2200,0,4600,1,1,1,1,0,0,1,1
t,2400,2050,0,4450,1,1,1,1,0,0,1,1
ct,1400,3650,3250,1800,0,0,0,0,0,0,1,1
ct,1400,4250,4200,1450,0,0,0,0,0,0,0,1
ct,1400,3950,3950,1400,0,0,0,0,0,0,0,1
t,2400,1950,0,4350,1,1,1,1,0,0,1,1
t,2400,2350,0,4750,1,1,1,1,0,0,1,1
t,2900,4000,4000,2900,1,1,0,0,0,0,1,1
t,2900,4600,4600,2900,1,1,0,0,0,0,1,1
t,2900,4750,4700,2950,1,1,1,0,0,0,1,1
t,2900,4350,4200,3050,1,1,1,0,0,0,1,1
t,2900,4750,4600,3050,1,1,1,0,0,0,1,1
ct,1900,4400,4400,1900,0,0,0,0,0,0,1,1
ct,1900,3700,3200,2400,0,0,0,0,0,0,1,1
ct,1900,4100,4100,1900,0,0,0,0,0,0,1,1
ct,1900,3350,3250,2000,0,0,0,0,0,0,1,1
t,1400,4250,4200,1450,0,0,0,0,0,0,0,1
t,1900,3300,700,4500,1,1,1,1,0,0,1,1
t,1900,3300,0,5200,1,1,1,1,0,0,1,1
t,1900,1950,300,3550,1,1,1,1,0,0,1,1
t,1900,2750,0,4650,1,1,1,1,0,0,1,1
t,2400,5000,4800,2600,1,0,0,0,0,0,1,1
t,2400,5700,5700,2400,0,0,0,0,0,0,1,1
t,2400,4150,4000,2550,1,0,0,0,0,0,1,1
ct,1400,6000,5200,2200,0,0,0,0,0,0,1,1
t,2400,4050,3900,2550,1,0,0,0,0,0,1,1
t,2400,5050,4900,2550,1,0,0,0,0,0,1,1
ct,1900,4150,4150,1900,0,0,0,0,0,0,1,1
ct,2400,1950,0,4350,1,1,1,1,0,0,1,1
ct,2400,2400,300,4500,1,1,1,1,0,0,1,1
ct,2400,2300,300,4400,1,1,1,1,0,0,1,1
ct,2900,4450,4350,3000,1,1,1,0,0,0,1,1
ct,2900,4600,4550,2950,1,1,1,0,0,0,1,1
t,1400,8250,4900,4750,1,1,1,1,0,0,1,1
t,1400,9150,4900,5650,1,1,1,1,1,0,1,1
ct,3400,3100,1450,5050,1,1,1,1,0,0,1,1
t,1400,7250,4900,3750,1,1,1,1,0,0,1,1
ct,3400,5300,2200,6500,1,1,1,1,1,1,1,1
ct,3400,3150,1450,5100,1,1,1,1,0,0,1,1
ct,3400,5100,3550,4950,1,1,1,1,0,0,1,1
ct,3400,5100,5000,3500,1,1,1,1,0,0,1,1
ct,3400,6550,6400,3550,1,1,1,1,0,0,1,1
ct,3400,5450,5200,3650,1,1,1,1,0,0,1,1
ct,3400,3650,3550,3500,1,1,1,1,0,0,1,1
ct,3400,3800,3750,3450,1,1,1,1,0,0,1,1
t,1400,9400,5600,5200,1,1,1,1,0,0,1,1
ct,3400,3800,3750,3450,1,1,1,1,0,0,1,1
t,1400,10050,5600,5850,1,1,1,1,1,0,1,1
ct,1900,800,650,2050,0,0,0,0,0,0,1,1
t,1900,800,650,2050,0,0,0,0,0,0,1,1
ct,1900,800,650,2050,0,0,0,0,0,0,1,1
ct,1900,800,650,2050,0,0,0,0,0,0,1,1
ct,1900,800,650,2050,0,0,0,0,0,0,1,1
t,1900,800,650,2050,0,0,0,0,0,0,1,1
ct,1900,800,800,1900,0,0,0,0,0,0,1,1
t,1900,800,700,2000,0,0,0,0,0,0,1,1
t,1900,800,650,2050,0,0,0,0,0,0,1,1
t,1900,800,700,2000,0,0,0,0,0,0,1,1
ct,2400,2150,2100,2450,1,0,0,0,0,0,1,1
t,1400,3400,3250,1550,0,0,0,0,0,0,0,1
ct,2400,2150,1950,2600,1,0,0,0,0,0,1,1
ct,2400,2450,1750,3100,1,1,1,0,0,0,1,1
ct,2400,2450,2400,2450,1,0,0,0,0,0,1,1
ct,2400,2000,1950,2450,1,0,0,0,0,0,1,1
t,1400,3350,2650,2100,0,0,0,0,0,0,1,1
t,1400,3350,3300,1450,0,0,0,0,0,0,0,1
ct,2900,2650,800,4750,1,1,1,1,0,0,1,1
ct,2900,3150,0,6050,1,1,1,1,1,1,1,1
ct,1400,6200,5200,2400,0,0,0,0,0,0,1,1
t,1900,4850,4700,2050,0,0,0,0,0,0,1,1
t,1900,4350,4200,2050,0,0,0,0,0,0,1,1
ct,1400,6350,5200,2550,1,0,0,0,0,0,1,1
t,1900,5100,4900,2100,0,0,0,0,0,0,1,1
t,1900,3800,3800,1900,0,0,0,0,0,0,1,1
t,1900,2450,2400,1950,0,0,0,0,0,0,1,1
ct,1900,4700,4500,2100,0,0,0,0,0,0,1,1
ct,1900,6150,5600,2450,1,0,0,0,0,0,1,1
ct,1900,3450,3400,1950,0,0,0,0,0,0,1,1
t,1400,4150,3800,1750,0,0,0,0,0,0,1,1
t,1900,3150,3100,1950,0,0,0,0,0,0,1,1
t,1900,2050,2000,1950,0,0,0,0,0,0,1,1
t,1900,2000,2000,1900,0,0,0,0,0,0,1,1
t,1900,3250,2200,2950,1,1,1,0,0,0,1,1
t,2400,2550,300,4650,1,1,1,1,0,0,1,1
ct,1400,5700,5200,1900,0,0,0,0,0,0,1,1
t,2400,2850,800,4450,1,1,1,1,0,0,1,1
t,2400,3300,1750,3950,1,1,1,1,0,0,1,1
t,2400,2800,600,4600,1,1,1,1,0,0,1,1
t,2400,3550,0,5950,1,1,1,1,1,1,1,1
t,2900,4650,4600,2950,1,1,1,0,0,0,1,1
t,2900,4750,4600,3050,1,1,1,0,0,0,1,1
ct,1400,8050,5200,4250,1,1,1,1,0,0,1,1
t,2900,3950,3900,2950,1,1,1,0,0,0,1,1
t,2900,4600,4500,3000,1,1,1,0,0,0,1,1
t,2900,5950,5900,2950,1,1,1,0,0,0,1,1
ct,1900,8350,5600,4650,1,1,1,1,0,0,1,1
ct,2400,5200,5100,2500,1,0,0,0,0,0,1,1
ct,2400,6950,6950,2400,0,0,0,0,0,0,1,1
ct,2400,4800,4650,2550,1,0,0,0,0,0,1,1
t,1400,5050,4900,1550,0,0,0,0,0,0,0,1
ct,2400,4200,4150,2450,1,0,0,0,0,0,1,1
t,1400,4750,4600,1550,0,0,0,0,0,0,0,1
ct,2900,2800,2700,3000,1,1,1,0,0,0,1,1
t,1400,7100,4900,3600,1,1,1,1,0,0,1,1
ct,3400,3600,2900,4100,1,1,1,1,0,0,1,1
t,1900,800,700,2000,0,0,0,0,0,0,1,1
t,1900,800,650,2050,0,0,0,0,0,0,1,1
t,1900,800,650,2050,0,0,0,0,0,0,1,1
t,1900,800,650,2050,0,0,0,0,0,0,1,1
t,1900,800,700,2000,0,0,0,0,0,0,1,1
t,1400,3650,3600,1450,0,0,0,0,0,0,0,1
ct,2400,2150,2100,2450,1,0,0,0,0,0,1,1
t,1400,3700,3700,1400,0,0,0,0,0,0,0,1
t,1400,4300,3900,1800,0,0,0,0,0,0,1,1
t,1400,3700,3700,1400,0,0,0,0,0,0,0,1
t,1400,3350,3250,1500,0,0,0,0,0,0,0,1
ct,2400,2500,2500,2400,0,0,0,0,0,0,1,1
ct,2400,2500,2200,2700,1,0,0,0,0,0,1,1
ct,2400,2200,1950,2650,1,0,0,0,0,0,1,1
t,1400,3950,3150,2200,0,0,0,0,0,0,1,1
ct,2900,2550,2450,3000,1,1,1,0,0,0,1,1
ct,2900,3100,3000,3000,1,1,1,0,0,0,1,1
ct,3400,2900,1750,4550,1,1,1,1,0,0,1,1
ct,3400,3000,1250,5150,1,1,1,1,0,0,1,1
ct,3400,5850,5200,4050,1,1,1,1,0,0,1,1
t,1400,6900,4900,3400,1,1,1,1,0,0,1,1
t,1900,6500,5100,3300,1,1,1,1,0,0,1,1
t,1900,4200,4200,1900,0,0,0,0,0,0,1,1
t,1900,6650,4800,3750,1,1,1,1,0,0,1,1
ct,1400,7050,5200,3250,1,1,1,1,0,0,1,1
t,1900,3400,3300,2000,0,0,0,0,0,0,1,1
ct,1400,6450,5200,2650,1,0,0,0,0,0,1,1
ct,1400,7950,5600,3750,1,1,1,1,0,0,1,1
t,2400,3700,3700,2400,0,0,0,0,0,0,1,1
t,2400,1900,1850,2450,1,0,0,0,0,0,1,1
t,2400,3750,3700,2450,1,0,0,0,0,0,1,1
t,2400,2300,2200,2500,1,0,0,0,0,0,1,1
ct,1900,6600,5200,3300,1,1,1,1,0,0,1,1
ct,1900,7300,4850,4350,1,1,1,1,0,0,1,1
ct,1900,8100,7100,2900,1,1,0,0,0,0,1,1
t,1900,5200,4900,2200,0,0,0,0,0,0,1,1
t,1900,4900,4900,1900,0,0,0,0,0,0,1,1
t,1900,3750,3700,1950,0,0,0,0,0,0,1,1
t,1900,4650,4600,1950,0,0,0,0,0,0,1,1
ct,1400,8650,5600,4450,1,1,1,1,0,0,1,1
t,1900,5200,5100,2000,0,0,0,0,0,0,1,1
t,2400,2200,2200,2400,0,0,0,0,0,0,1,1
t,2400,2200,2200,2400,0,0,0,0,0,0,1,1
t,2400,2250,2200,2450,1,0,0,0,0,0,1,1
t,2400,1950,1850,2500,1,0,0,0,0,0,1,1
ct,1400,7250,5200,3450,1,1,1,1,0,0,1,1
ct,1400,9450,6300,4550,1,1,1,1,0,0,1,1
t,1400,4150,3800,1750,0,0,0,0,0,0,1,1
t,1400,3600,3500,1500,0,0,0,0,0,0,0,1
t,1400,3350,3300,1450,0,0,0,0,0,0,0,1
ct,1900,6350,5250,3000,1,1,1,0,0,0,1,1
t,1400,4000,4000,1400,0,0,0,0,0,0,0,1
ct,1900,5050,4850,2100,0,0,0,0,0,0,1,1
ct,1900,7250,6700,2450,1,0,0,0,0,0,1,1
ct,2400,3050,3000,2450,1,0,0,0,0,0,1,1
ct,2400,3600,3550,2450,1,0,0,0,0,0,1,1
ct,2400,2450,2450,2400,0,0,0,0,0,0,1,1
ct,2400,2300,2200,2500,1,0,0,0,0,0,1,1
ct,1900,800,650,2050,0,0,0,0,0,0,1,1
t,1900,800,800,1900,0,0,0,0,0,0,1,1
ct,1900,800,650,2050,0,0,0,0,0,0,1,1
t,1900,800,650,2050,0,0,0,0,0,0,1,1
t,1900,800,700,2000,0,0,0,0,0,0,1,1
ct,1900,800,650,2050,0,0,0,0,0,0,1,1
ct,1900,800,800,1900,0,0,0,0,0,0,1,1
t,1900,800,650,2050,0,0,0,0,0,0,1,1
ct,1900,800,650,2050,0,0,0,0,0,0,1,1
t,1900,800,650,2050,0,0,0,0,0,0,1,1
ct,2400,2400,2250,2550,1,0,0,0,0,0,1,1
t,1400,3550,3400,1550,0,0,0,0,0,0,0,1
ct,2400,2100,2100,2400,0,0,0,0,0,0,1,1
ct,2400,1950,1950,2400,0,0,0,0,0,0,1,1
t,1400,3700,3700,1400,0,0,0,0,0,0,0,1
ct,2400,2100,2100,2400,0,0,0,0,0,0,1,1
t,1400,3400,3250,1550,0,0,0,0,0,0,0,1
t,1900,2750,0,4650,1,1,1,1,0,0,1,1
t,1900,2050,1800,2150,0,0,0,0,0,0,1,1
t,1900,3100,3100,1900,0,0,0,0,0,0,1,1
t,1900,2000,2000,1900,0,0,0,0,0,0,1,1
t,1900,2150,2000,2050,0,0,0,0,0,0,1,1
t,2400,1950,0,4350,1,1,1,1,0,0,1,1
t,2400,1950,0,4350,1,1,1,1,0,0,1,1
t,2400,1900,0,4300,1,1,1,1,0,0,1,1
t,2400,1900,0,4300,1,1,1,1,0,0,1,1
t,2400,2050,0,4450,1,1,1,1,0,0,1,1
t,2900,4950,4700,3150,1,1,1,1,0,0,1,1
t,2900,4950,4800,3050,1,1,1,0,0,0,1,1
t,2900,5200,4900,3200,1,1,1,1,0,0,1,1
t,2900,4900,4800,3000,1,1,1,0,0,0,1,1
t,2900,5050,4800,3150,1,1,1,1,0,0,1,1
ct,1400,9950,5600,5750,1,1,1,1,1,0,1,1
ct,1400,12800,5000,9200,1,1,1,1,1,1,1,1
t,3400,3050,2000,4450,1,1,1,1,0,0,1,1
ct,1400,9550,5200,5750,1,1,1,1,1,0,1,1
t,3400,3300,600,6100,1,1,1,1,1,1,1,1
t,3400,3150,1650,4900,1,1,1,1,0,0,1,1
t,3400,5100,4900,3600,1,1,1,1,0,0,1,1
t,3400,4650,4600,3450,1,1,1,1,0,0,1,1
t,3400,4750,4600,3550,1,1,1,1,0,0,1,1
t,3400,4900,4800,3500,1,1,1,1,0,0,1,1
t,1400,3450,3400,1450,0,0,0,0,0,0,0,1
ct,1900,10900,5200,7600,1,1,1,1,1,1,1,1
ct,1900,9750,5200,6450,1,1,1,1,1,1,1,1
ct,1900,11600,6700,6800,1,1,1,1,1,1,1,1
ct,1900,10400,5600,6700,1,1,1,1,1,1,1,1
ct,2400,4450,4350,2500,1,0,0,0,0,0,1,1
ct,2400,7800,5200,5000,1,1,1,1,0,0,1,1
t,1400,4450,4400,1450,0,0,0,0,0,0,0,1
ct,2400,6950,5400,3950,1,1,1,1,0,0,1,1
ct,2400,6900,5250,4050,1,1,1,1,0,0,1,1
t,1400,3300,3300,1400,0,0,0,0,0,0,0,1
ct,2900,5100,5000,3000,1,1,1,0,0,0,1,1
ct,2900,4050,4050,2900,1,1,0,0,0,0,1,1
ct,2900,4150,4150,2900,1,1,0,0,0,0,1,1
ct,3400,3000,1100,5300,1,1,1,1,0,0,1,1
t,1400,6900,4900,3400,1,1,1,1,0,0,1,1
ct,3400,2950,950,5400,1,1,1,1,1,0,1,1
ct,1400,6000,5600,1800,0,0,0,0,0,0,1,1
t,1900,3700,3700,1900,0,0,0,0,0,0,1,1
t,1900,5300,4800,2400,0,0,0,0,0,0,1,1
ct,1400,6150,6100,1450,0,0,0,0,0,0,0,1
t,1900,5900,4800,3000,1,1,1,0,0,0,1,1
t,1900,800,650,2050,0,0,0,0,0,0,1,1
t,1900,800,650,2050,0,0,0,0,0,0,1,1
t,1900,800,650,2050,0,0,0,0,0,0,1,1
t,1900,800,650,2050,0,0,0,0,0,0,1,1
t,1900,800,700,2000,0,0,0,0,0,0,1,1
t,2400,2050,2000,2450,1,0,0,0,0,0,1,1
ct,1400,3950,3900,1450,0,0,0,0,0,0,0,1
t,2400,2050,1950,2500,1,0,0,0,0,0,1,1
ct,1400,3650,3350,1700,0,0,0,0,0,0,1,1
ct,1400,3500,3350,1550,0,0,0,0,0,0,0,1
t,2400,2650,2650,2400,0,0,0,0,0,0,1,1
t,2400,2050,2050,2400,0,0,0,0,0,0,1,1
ct,1400,4850,4700,1550,0,0,0,0,0,0,0,1
t,2400,2300,2300,2400,0,0,0,0,0,0,1,1
ct,1400,3650,3550,1500,0,0,0,0,0,0,0,1
t,2900,3050,2950,3000,1,1,1,0,0,0,1,1
t,2900,3700,3700,2900,1,1,0,0,0,0,1,1
t,2900,3000,2300,3600,1,1,1,1,0,0,1,1
t,2900,3300,3150,3050,1,1,1,0,0,0,1,1
t,2900,3000,3000,2900,1,1,0,0,0,0,1,1
t,3400,3000,1450,4950,1,1,1,1,0,0,1,1
t,3400,3200,1450,5150,1,1,1,1,0,0,1,1
t,3400,3200,1450,5150,1,1,1,1,0,0,1,1
t,3400,2900,800,5500,1,1,1,1,1,0,1,1
t,3400,5150,4900,3650,1,1,1,1,0,0,1,1
t,3400,5150,4600,3950,1,1,1,1,0,0,1,1
t,3400,5650,4800,4250,1,1,1,1,0,0,1,1
t,3400,5500,4000,4900,1,1,1,1,0,0,1,1
ct,1900,6550,4850,3600,1,1,1,1,0,0,1,1
ct,1900,7500,5200,4200,1,1,1,1,0,0,1,1
ct,1900,5950,5600,2250,0,0,0,0,0,0,1,1
t,1900,5150,4900,2150,0,0,0,0,0,0,1,1
ct,1400,6050,4650,2800,1,1,0,0,0,0,1,1
t,1900,6250,4900,3250,1,1,1,1,0,0,1,1
ct,1400,6350,5600,2150,0,0,0,0,0,0,1,1
t,1900,4950,4800,2050,0,0,0,0,0,0,1,1
t,1900,7950,4800,5050,1,1,1,1,0,0,1,1
t,1900,7900,4900,4900,1,1,1,1,0,0,1,1
ct,1900,2800,2700,2000,0,0,0,0,0,0,1,1
ct,1900,2150,2100,1950,0,0,0,0,0,0,1,1
ct,1900,3550,3550,1900,0,0,0,0,0,0,1,1
ct,2400,2150,0,4550,1,1,1,1,0,0,1,1
ct,2400,2100,0,4500,1,1,1,1,0,0,1,1
ct,2400,2350,0,4750,1,1,1,1,0,0,1,1
t,1400,9350,4900,5850,1,1,1,1,1,0,1,1
ct,2400,2500,300,4600,1,1,1,1,0,0,1,1
ct,2900,4600,4550,2950,1,1,1,0,0,0,1,1
ct,2900,4550,4550,2900,1,1,0,0,0,0,1,1
ct,2900,4800,4650,3050,1,1,1,0,0,0,1,1
ct,2900,4800,4700,3000,1,1,1,0,0,0,1,1
ct,2900,4650,4650,2900,1,1,0,0,0,0,1,1
t,1900,6800,4900,3800,1,1,1,1,0,0,1,1
t,1900,6200,4800,3300,1,1,1,1,0,0,1,1
t,1900,8700,4900,5700,1,1,1,1,1,0,1,1
ct,1900,800,650,2050,0,0,0,0,0,0,1,1
t,1900,800,800,1900,0,0,0,0,0,0,1,1
ct,1900,800,800,1900,0,0,0,0,0,0,1,1
t,1900,800,800,1900,0,0,0,0,0,0,1,1
ct,1900,800,650,2050,0,0,0,0,0,0,1,1
t,1900,800,650,2050,0,0,0,0,0,0,1,1
ct,1900,800,650,2050,0,0,0,0,0,0,1,1
t,1900,800,650,2050,0,0,0,0,0,0,1,1
t,1900,800,650,2050,0,0,0,0,0,0,1,1
ct,1900,800,650,2050,0,0,0,0,0,0,1,1
ct,2400,2200,1900,2700,1,0,0,0,0,0,1,1
t,1400,3850,3150,2100,0,0,0,0,0,0,1,1
ct,2400,2050,1900,2550,1,0,0,0,0,0,1,1
t,1400,3550,3500,1450,0,0,0,0,0,0,0,1
ct,2400,2800,2800,2400,0,0,0,0,0,0,1,1
t,1400,3700,3700,1400,0,0,0,0,0,0,0,1
t,1400,3400,3400,1400,0,0,0,0,0,0,0,1
ct,2400,2200,2200,2400,0,0,0,0,0,0,1,1
t,1400,5150,4800,1750,0,0,0,0,0,0,1,1
ct,2900,2750,2700,2950,1,1,1,0,0,0,1,1
ct,2900,2600,2550,2950,1,1,1,0,0,0,1,1
ct,2900,2650,2550,3000,1,1,1,0,0,0,1,1
t,1400,3250,3250,1400,0,0,0,0,0,0,0,1
t,1400,3550,3500,1450,0,0,0,0,0,0,0,1
ct,2900,3800,3750,2950,1,1,1,0,0,0,1,1
t,1900,1750,1750,1900,0,0,0,0,0,0,1,1
t,1900,2600,2450,2050,0,0,0,0,0,0,1,1
t,1900,1400,1250,2050,0,0,0,0,0,0,1,1
t,2400,2500,700,4200,1,1,1,1,0,0,1,1
t,2400,3250,0,5650,1,1,1,1,1,0,1,1
t,2400,2600,300,4700,1,1,1,1,0,0,1,1
t,2400,2650,300,4750,1,1,1,1,0,0,1,1
t,2400,2850,700,4550,1,1,1,1,0,0,1,1
ct,1400,5600,5200,1800,0,0,0,0,0,0,1,1
t,2900,4200,4200,2900,1,1,0,0,0,0,1,1
t,2900,5650,4800,3750,1,1,1,1,0,0,1,1
t,2900,4700,4700,2900,1,1,0,0,0,0,1,1
t,2900,4450,4400,2950,1,1,1,0,0,0,1,1
t,2900,4550,4400,3050,1,1,1,0,0,0,1,1
ct,1400,11050,7450,5000,1,1,1,1,0,0,1,1
t,3400,4400,4000,3800,1,1,1,1,0,0,1,1
t,3400,4050,1000,6450,1,1,1,1,1,1,1,1
ct,1400,8450,5200,4650,1,1,1,1,0,0,1,1
t,3400,3500,1800,5100,1,1,1,1,0,0,1,1
ct,1400,10000,5200,6200,1,1,1,1,1,1,1,1
t,3400,4150,2350,5200,1,1,1,1,0,0,1,1
t,3400,3650,1650,5400,1,1,1,1,1,0,1,1
ct,1400,6850,4850,3400,1,1,1,1,0,0,1,1
t,1400,6850,6850,1400,0,0,0,0,0,0,0,1
t,1400,5200,4900,1700,0,0,0,0,0,0,1,1
ct,1900,6700,4850,3750,1,1,1,1,0,0,1,1
t,1400,6200,4900,2700,1,0,0,0,0,0,1,1
ct,2400,6450,6450,2400,0,0,0,0,0,0,1,1
ct,2400,5500,5400,2500,1,0,0,0,0,0,1,1
ct,2400,3900,3850,2450,1,0,0,0,0,0,1,1
t,1400,4800,4700,1500,0,0,0,0,0,0,0,1
t,1400,5000,4900,1500,0,0,0,0,0,0,0,1
ct,2900,2450,0,5350,1,1,1,1,0,0,1,1
ct,2900,2800,800,4900,1,1,1,1,0,0,1,1
ct,2900,2550,500,4950,1,1,1,1,0,0,1,1
ct,2900,2800,1000,4700,1,1,1,1,0,0,1,1
ct,3400,4950,4850,3500,1,1,1,1,0,0,1,1
ct,3400,5000,5000,3400,1,1,1,1,0,0,1,1
ct,3400,5050,4850,3600,1,1,1,1,0,0,1,1
t,1400,5900,4900,2400,0,0,0,0,0,0,1,1
ct,3400,4850,4850,3400,1,1,1,1,0,0,1,1
ct,3400,3700,3550,3550,1,1,1,1,0,0,1,1
t,1400,9550,5400,5550,1,1,1,1,1,0,1,1
ct,3400,3700,3550,3550,1,1,1,1,0,0,1,1
ct,3400,3500,3400,3500,1,1,1,1,0,0,1,1
t,1900,800,700,2000,0,0,0,0,0,0,1,1
t,1900,800,650,2050,0,0,0,0,0,0,1,1
t,1900,800,650,2050,0,0,0,0,0,0,1,1
t,1900,800,700,2000,0,0,0,0,0,0,1,1
t,1900,800,650,2050,0,0,0,0,0,0,1,1
t,1400,3350,3300,1450,0,0,0,0,0,0,0,1
ct,2400,2150,1950,2600,1,0,0,0,0,0,1,1
t,1400,4300,3900,1800,0,0,0,0,0,0,1,1
ct,2400,2000,2000,2400,0,0,0,0,0,0,1,1
t,1400,3650,3500,1550,0,0,0,0,0,0,0,1
ct,2400,2300,2250,2450,1,0,0,0,0,0,1,1
ct,2900,2600,1250,4250,1,1,1,1,0,0,1,1
ct,2900,2400,500,4800,1,1,1,1,0,0,1,1
ct,2900,2500,500,4900,1,1,1,1,0,0,1,1
ct,3400,4650,4650,3400,1,1,1,1,0,0,1,1
ct,3400,6200,6200,3400,1,1,1,1,0,0,1,1
ct,3400,4900,4850,3450,1,1,1,1,0,0,1,1
ct,3400,5000,4950,3450,1,1,1,1,0,0,1,1
ct,3400,5150,5000,3550,1,1,1,1,0,0,1,1
t,1900,3950,3900,1950,0,0,0,0,0,0,1,1
t,1900,6550,4900,3550,1,1,1,1,0,0,1,1
ct,1400,3950,3850,1500,0,0,0,0,0,0,0,1
ct,1400,4700,4700,1400,0,0,0,0,0,0,0,1
t,2400,3200,3100,2500,1,0,0,0,0,0,1,1
t,2400,1950,1800,2550,1,0,0,0,0,0,1,1
t,2400,3550,3550,2400,0,0,0,0,0,0,1,1
ct,1400,5300,5250,1450,0,0,0,0,0,0,0,1
t,2400,2600,2600,2400,0,0,0,0,0,0,1,1
t,2900,2750,700,4950,1,1,1,1,0,0,1,1
t,2900,2550,700,4750,1,1,1,1,0,0,1,1
t,2900,2400,700,4600,1,1,1,1,0,0,1,1
t,2900,2400,700,4600,1,1,1,1,0,0,1,1
t,3400,4950,4800,3550,1,1,1,1,0,0,1,1
ct,1400,6800,5200,3000,1,1,1,0,0,0,1,1
t,3400,5000,4900,3500,1,1,1,1,0,0,1,1
t,3400,4750,4600,3550,1,1,1,1,0,0,1,1
t,3400,4600,4600,3400,1,1,1,1,0,0,1,1
t,3400,4600,4600,3400,1,1,1,1,0,0,1,1
ct,1900,800,650,2050,0,0,0,0,0,0,1,1
t,1900,800,650,2050,0,0,0,0,0,0,1,1
t,1900,800,650,2050,0,0,0,0,0,0,1,1
t,1900,800,700,2000,0,0,0,0,0,0,1,1
t,1900,800,650,2050,0,0,0,0,0,0,1,1
t,1900,800,800,1900,0,0,0,0,0,0,1,1
ct,1900,800,650,2050,0,0,0,0,0,0,1,1
ct,1900,800,650,2050,0,0,0,0,0,0,1,1
ct,1900,800,800,1900,0,0,0,0,0,0,1,1
ct,1900,800,650,2050,0,0,0,0,0,0,1,1
ct,2400,2100,2100,2400,0,0,0,0,0,0,1,1
t,1400,4000,3150,2250,0,0,0,0,0,0,1,1
t,1400,3400,3300,1500,0,0,0,0,0,0,0,1
t,1400,3650,3500,1550,0,0,0,0,0,0,0,1
t,1400,3850,2750,2500,1,0,0,0,0,0,1,1
ct,2400,2100,2100,2400,0,0,0,0,0,0,1,1
ct,2400,1950,1800,2550,1,0,0,0,0,0,1,1
ct,2400,2100,2000,2500,1,0,0,0,0,0,1,1
ct,2900,2850,1200,4550,1,1,1,1,0,0,1,1
ct,2900,2550,650,4800,1,1,1,1,0,0,1,1
ct,3400,5450,5200,3650,1,1,1,1,0,0,1,1
t,1400,5700,4900,2200,0,0,0,0,0,0,1,1
ct,3400,5750,5700,3450,1,1,1,1,0,0,1,1
ct,3400,4650,4650,3400,1,1,1,1,0,0,1,1
ct,3400,4900,4900,3400,1,1,1,1,0,0,1,1
ct,3400,4000,3850,3550,1,1,1,1,0,0,1,1
t,1900,8050,4800,5150,1,1,1,1,0,0,1,1
t,1900,6750,4800,3850,1,1,1,1,0,0,1,1
t,1900,9250,4800,6350,1,1,1,1,1,1,1,1
ct,1400,5300,4350,2350,0,0,0,0,0,0,1,1
t,2400,4100,4000,2500,1,0,0,0,0,0,1,1
t,2400,5450,4800,3050,1,1,1,0,0,0,1,1
t,2400,3850,3750,2500,1,0,0,0,0,0,1,1
ct,1400,7900,5600,3700,1,1,1,1,0,0,1,1
ct,1900,7150,6700,2350,0,0,0,0,0,0,1,1
ct,1900,5400,5200,2100,0,0,0,0,0,0,1,1
ct,2400,2900,1150,4150,1,1,1,1,0,0,1,1
ct,2400,3350,0,5750,1,1,1,1,1,0,1,1
ct,2400,3100,1450,4050,1,1,1,1,0,0,1,1
ct,2400,4000,2300,4100,1,1,1,1,0,0,1,1
ct,2900,5650,5600,2950,1,1,1,0,0,0,1,1
t,1400,7900,4900,4400,1,1,1,1,0,0,1,1
t,1400,8850,4800,5450,1,1,1,1,1,0,1,1
t,1400,6600,4900,3100,1,1,1,0,0,0,1,1
t,1400,6900,4800,3500,1,1,1,1,0,0,1,1
ct,2900,6550,6500,2950,1,1,1,0,0,0,1,1
ct,2900,5250,5200,2950,1,1,1,0,0,0,1,1
ct,2900,6750,4850,4800,1,1,1,1,0,0,1,1
ct,2900,5300,5200,3000,1,1,1,0,0,0,1,1
t,1900,4700,4700,1900,0,0,0,0,0,0,1,1
t,1900,9500,6850,4550,1,1,1,1,0,0,1,1
t,1900,3100,3050,1950,0,0,0,0,0,0,1,1
t,1900,3800,3700,2000,0,0,0,0,0,0,1,1
ct,1400,5700,5200,1900,0,0,0,0,0,0,1,1
ct,1900,3100,3050,1950,0,0,0,0,0,0,1,1
ct,1900,3800,3800,1900,0,0,0,0,0,0,1,1
ct,1900,4750,4700,1950,0,0,0,0,0,0,1,1
ct,1900,800,650,2050,0,0,0,0,0,0,1,1
ct,1900,800,650,2050,0,0,0,0,0,0,1,1
ct,1900,800,650,2050,0,0,0,0,0,0,1,1
ct,1900,800,650,2050,0,0,0,0,0,0,1,1
ct,1900,800,800,1900,0,0,0,0,0,0,1,1
t,1400,3650,3500,1550,0,0,0,0,0,0,0,1
ct,2400,2900,2900,2400,0,0,0,0,0,0,1,1
ct,2400,2600,2550,2450,1,0,0,0,0,0,1,1
ct,2400,2300,1350,3350,1,1,1,1,0,0,1,1
ct,2400,2600,2550,2450,1,0,0,0,0,0,1,1
ct,2400,2450,2400,2450,1,0,0,0,0,0,1,1
t,1400,3650,3500,1550,0,0,0,0,0,0,0,1
t,1400,3650,3150,1900,0,0,0,0,0,0,1,1
t,1400,4500,3050,2850,1,1,0,0,0,0,1,1
t,1400,4250,2850,2800,1,1,0,0,0,0,1,1
ct,2900,2550,500,4950,1,1,1,1,0,0,1,1
ct,2900,3800,1900,4800,1,1,1,1,0,0,1,1
ct,2900,3200,1100,5000,1,1,1,1,0,0,1,1
ct,2900,2600,0,5500,1,1,1,1,1,0,1,1
t,1400,4900,4400,1900,0,0,0,0,0,0,1,1
ct,3400,4950,4900,3450,1,1,1,1,0,0,1,1
ct,3400,6200,6000,3600,1,1,1,1,0,0,1,1
ct,3400,5000,4850,3550,1,1,1,1,0,0,1,1
ct,3400,5500,5200,3700,1,1,1,1,0,0,1,1
ct,1400,6950,5600,2750,1,0,0,0,0,0,1,1
t,1900,5100,4900,2100,0,0,0,0,0,0,1,1
t,1900,7250,4800,4350,1,1,1,1,0,0,1,1
ct,1900,3350,3200,2050,0,0,0,0,0,0,1,1
t,1400,7100,4900,3600,1,1,1,1,0,0,1,1
t,1400,7200,4900,3700,1,1,1,1,0,0,1,1
ct,2400,3250,3200,2450,1,0,0,0,0,0,1,1
t,1400,6500,4900,3000,1,1,1,0,0,0,1,1
t,1400,6000,4900,2500,1,0,0,0,0,0,1,1
t,1900,4300,4300,1900,0,0,0,0,0,0,1,1
ct,1400,6200,5200,2400,0,0,0,0,0,0,1,1
ct,1400,5100,5000,1500,0,0,0,0,0,0,0,1
t,1900,7750,6850,2800,1,1,0,0,0,0,1,1
t,1900,3600,2700,2800,1,1,0,0,0,0,1,1
t,1900,5600,4900,2600,1,0,0,0,0,0,1,1
t,1900,3400,3300,2000,0,0,0,0,0,0,1,1
t,2400,2500,2500,2400,0,0,0,0,0,0,1,1
ct,1400,5050,5000,1450,0,0,0,0,0,0,0,1
ct,1400,5500,5400,1500,0,0,0,0,0,0,0,1
ct,1400,4850,4700,1550,0,0,0,0,0,0,0,1
t,2400,3800,3800,2400,0,0,0,0,0,0,1,1
t,2400,4000,4000,2400,0,0,0,0,0,0,1,1
t,2400,3200,3100,2500,1,0,0,0,0,0,1,1
t,2400,2900,2750,2550,1,0,0,0,0,0,1,1
t,2900,2400,2300,3000,1,1,1,0,0,0,1,1
t,2900,2400,2400,2900,1,1,0,0,0,0,1,1
t,2900,2500,2500,2900,1,1,0,0,0,0,1,1
t,2900,2550,2500,2950,1,1,1,0,0,0,1,1
ct,1900,800,800,1900,0,0,0,0,0,0,1,1
ct,1900,800,650,2050,0,0,0,0,0,0,1,1
t,1900,800,650,2050,0,0,0,0,0,0,1,1
t,1900,800,700,2000,0,0,0,0,0,0,1,1
ct,1900,800,800,1900,0,0,0,0,0,0,1,1
ct,1900,800,650,2050,0,0,0,0,0,0,1,1
t,1900,800,650,2050,0,0,0,0,0,0,1,1
t,1900,800,700,2000,0,0,0,0,0,0,1,1
t,1900,800,650,2050,0,0,0,0,0,0,1,1
ct,1400,4100,4100,1400,0,0,0,0,0,0,0,1
ct,1400,3650,3450,1600,0,0,0,0,0,0,0,1
t,2400,2050,0,4450,1,1,1,1,0,0,1,1
t,2400,2000,0,4400,1,1,1,1,0,0,1,1
ct,1400,4100,4100,1400,0,0,0,0,0,0,0,1
t,2400,2350,300,4450,1,1,1,1,0,0,1,1
t,2400,2000,300,4100,1,1,1,1,0,0,1,1
t,2400,2650,300,4750,1,1,1,1,0,0,1,1
t,2900,4450,4400,2950,1,1,1,0,0,0,1,1
t,2900,4400,4400,2900,1,1,0,0,0,0,1,1
t,2900,4450,4400,2950,1,1,1,0,0,0,1,1
t,2900,4100,4000,3000,1,1,1,0,0,0,1,1
t,2900,4750,4600,3050,1,1,1,0,0,0,1,1
ct,1900,3550,3200,2250,0,0,0,0,0,0,1,1
ct,1900,4450,4400,1950,0,0,0,0,0,0,1,1
ct,1900,4550,4550,1900,0,0,0,0,0,0,1,1
t,1400,3300,3250,1450,0,0,0,0,0,0,0,1
t,1900,1900,1800,2000,0,0,0,0,0,0,1,1
t,1900,1950,1600,2250,0,0,0,0,0,0,1,1
t,1900,3050,2700,2250,0,0,0,0,0,0,1,1
t,1900,3500,3100,2300,0,0,0,0,0,0,1,1
t,2400,2500,700,4200,1,1,1,1,0,0,1,1
t,2400,2750,700,4450,1,1,1,1,0,0,1,1
t,2400,2450,400,4450,1,1,1,1,0,0,1,1
t,2400,3350,2800,2950,1,1,1,0,0,0,1,1
t,2400,2500,700,4200,1,1,1,1,0,0,1,1
t,2900,4700,4700,2900,1,1,0,0,0,0,1,1
t,2900,4950,4800,3050,1,1,1,0,0,0,1,1
t,2900,4950,4800,3050,1,1,1,0,0,0,1,1
t,2900,3450,3250,3100,1,1,1,0,0,0,1,1
t,2900,4700,4600,3000,1,1,1,0,0,0,1,1
ct,1900,8550,5250,5200,1,1,1,1,0,0,1,1
ct,1900,7900,6700,3100,1,1,1,0,0,0,1,1
ct,1900,7450,5600,3750,1,1,1,1,0,0,1,1
ct,2400,3800,3700,2500,1,0,0,0,0,0,1,1
ct,2400,5350,5200,2550,1,0,0,0,0,0,1,1
t,1400,6400,6250,1550,0,0,0,0,0,0,0,1
ct,2400,4500,4350,2550,1,0,0,0,0,0,1,1
t,1400,4700,2950,3150,1,1,1,1,0,0,1,1
ct,2900,2650,0,5550,1,1,1,1,1,0,1,1
ct,2900,3000,1150,4750,1,1,1,1,0,0,1,1
t,1400,8200,4900,4700,1,1,1,1,0,0,1,1
ct,2900,2700,500,5100,1,1,1,1,0,0,1,1
ct,2900,3300,1450,4750,1,1,1,1,0,0,1,1
t,1400,5000,4900,1500,0,0,0,0,0,0,0,1
t,1400,5300,4800,1900,0,0,0,0,0,0,1,1
ct,3400,5500,5250,3650,1,1,1,1,0,0,1,1
ct,3400,4850,4850,3400,1,1,1,1,0,0,1,1
ct,3400,4900,4900,3400,1,1,1,1,0,0,1,1
t,1400,6550,4900,3050,1,1,1,0,0,0,1,1
ct,3400,5850,5700,3550,1,1,1,1,0,0,1,1
ct,3400,5200,5200,3400,1,1,1,1,0,0,1,1
t,1900,3050,3050,1900,0,0,0,0,0,0,1,1
t,1900,2850,2700,2050,0,0,0,0,0,0,1,1
ct,1900,800,650,2050,0,0,0,0,0,0,1,1
ct,1900,800,650,2050,0,0,0,0,0,0,1,1
ct,1900,800,650,2050,0,0,0,0,0,0,1,1
ct,1900,800,800,1900,0,0,0,0,0,0,1,1
ct,1900,800,650,2050,0,0,0,0,0,0,1,1
t,2400,2300,0,4700,1,1,1,1,0,0,1,1
t,2400,2050,0,4450,1,1,1,1,0,0,1,1
t,2400,2050,0,4450,1,1,1,1,0,0,1,1
ct,1400,3650,3550,1500,0,0,0,0,0,0,0,1
t,2400,2050,0,4450,1,1,1,1,0,0,1,1
t,2400,1900,0,4300,1,1,1,1,0,0,1,1
ct,1400,3950,3900,1450,0,0,0,0,0,0,0,1
ct,1400,3800,3550,1650,0,0,0,0,0,0,0,1
ct,1400,3650,3550,1500,0,0,0,0,0,0,0,1
t,2900,4700,4600,3000,1,1,1,0,0,0,1,1
t,2900,4450,4400,2950,1,1,1,0,0,0,1,1
t,2900,4450,4400,2950,1,1,1,0,0,0,1,1
t,2900,4450,4400,2950,1,1,1,0,0,0,1,1
t,2900,4300,4200,3000,1,1,1,0,0,0,1,1
t,3400,3000,1450,4950,1,1,1,1,0,0,1,1
t,3400,2950,1550,4800,1,1,1,1,0,0,1,1
t,3400,2950,1150,5200,1,1,1,1,0,0,1,1
t,3400,3000,0,6400,1,1,1,1,1,1,1,1
t,3400,5250,5100,3550,1,1,1,1,0,0,1,1
t,3400,4800,4700,3500,1,1,1,1,0,0,1,1
t,3400,5500,4900,4000,1,1,1,1,0,0,1,1
t,3400,5650,4800,4250,1,1,1,1,0,0,1,1
t,3400,4700,4600,3500,1,1,1,1,0,0,1,1
ct,1400,11150,5200,7350,1,1,1,1,1,1,1,1
t,3400,3850,2050,5200,1,1,1,1,0,0,1,1
t,3400,3500,1850,5050,1,1,1,1,0,0,1,1
t,3400,4000,2200,5200,1,1,1,1,0,0,1,1
t,3400,3500,2100,4800,1,1,1,1,0,0,1,1
t,3400,5200,4900,3700,1,1,1,1,0,0,1,1
t,3400,5650,4900,4150,1,1,1,1,0,0,1,1
t,3400,5200,4900,3700,1,1,1,1,0,0,1,1
t,3400,6350,6300,3450,1,1,1,1,0,0,1,1
t,3400,4800,4800,3400,1,1,1,1,0,0,1,1
ct,1400,12250,5200,8450,1,1,1,1,1,1,1,1
ct,1400,14700,5600,10500,1,1,1,1,1,1,1,1
t,3400,3700,3700,3400,1,1,1,1,0,0,1,1
t,3400,4450,4450,3400,1,1,1,1,0,0,1,1
t,3400,3700,3700,3400,1,1,1,1,0,0,1,1
t,3400,3400,3300,3500,1,1,1,1,0,0,1,1
t,1900,800,650,2050,0,0,0,0,0,0,1,1
ct,1900,800,650,2050,0,0,0,0,0,0,1,1
ct,1900,800,700,2000,0,0,0,0,0,0,1,1
t,1900,800,650,2050,0,0,0,0,0,0,1,1
ct,1900,800,650,2050,0,0,0,0,0,0,1,1
t,1900,800,700,2000,0,0,0,0,0,0,1,1
t,1900,800,650,2050,0,0,0,0,0,0,1,1
ct,1900,800,650,2050,0,0,0,0,0,0,1,1
t,1900,800,700,2000,0,0,0,0,0,0,1,1
ct,1900,800,650,2050,0,0,0,0,0,0,1,1
t,2400,2050,0,4450,1,1,1,1,0,0,1,1
ct,1400,4250,4200,1450,0,0,0,0,0,0,0,1
ct,1400,3600,3050,1950,0,0,0,0,0,0,1,1
t,2400,2350,0,4750,1,1,1,1,0,0,1,1
ct,1400,3950,3900,1450,0,0,0,0,0,0,0,1
t,2400,2000,0,4400,1,1,1,1,0,0,1,1
t,2400,2050,0,4450,1,1,1,1,0,0,1,1
ct,1400,4250,4250,1400,0,0,0,0,0,0,0,1
t,2400,2300,0,4700,1,1,1,1,0,0,1,1
ct,1400,3650,3550,1500,0,0,0,0,0,0,0,1
t,2900,4450,4400,2950,1,1,1,0,0,0,1,1
t,2900,4750,4600,3050,1,1,1,0,0,0,1,1
t,2900,4400,4400,2900,1,1,0,0,0,0,1,1
t,2900,4450,4400,2950,1,1,1,0,0,0,1,1
t,2900,4700,4600,3000,1,1,1,0,0,0,1,1
ct,1900,3950,3850,2000,0,0,0,0,0,0,1,1
ct,1900,4300,2500,3700,1,1,1,1,0,0,1,1
ct,1400,3600,3550,1450,0,0,0,0,0,0,0,1
t,1900,5500,4800,2600,1,0,0,0,0,0,1,1
t,1900,4750,4600,2050,0,0,0,0,0,0,1,1
t,1900,5000,4800,2100,0,0,0,0,0,0,1,1
t,1900,5450,5400,1950,0,0,0,0,0,0,1,1
t,2400,5100,3700,3800,1,1,1,1,0,0,1,1
t,2400,3100,1350,4150,1,1,1,1,0,0,1,1
t,2400,2550,300,4650,1,1,1,1,0,0,1,1
t,2400,2450,300,4550,1,1,1,1,0,0,1,1
ct,1400,5400,5200,1600,0,0,0,0,0,0,0,1
t,2900,4650,4600,2950,1,1,1,0,0,0,1,1
t,2900,5150,4800,3250,1,1,1,1,0,0,1,1
t,2900,4800,4800,2900,1,1,0,0,0,0,1,1
t,2900,4350,4200,3050,1,1,1,0,0,0,1,1
ct,1900,5100,4850,2150,0,0,0,0,0,0,1,1
ct,1900,4850,4850,1900,0,0,0,0,0,0,1,1
ct,1900,4650,4650,1900,0,0,0,0,0,0,1,1
ct,2400,2300,0,4700,1,1,1,1,0,0,1,1
ct,2400,2250,0,4650,1,1,1,1,0,0,1,1
t,1400,6350,4800,2950,1,1,1,0,0,0,1,1
ct,2400,2250,0,4650,1,1,1,1,0,0,1,1
ct,2400,2000,0,4400,1,1,1,1,0,0,1,1
ct,2900,4800,4650,3050,1,1,1,0,0,0,1,1
ct,2900,4550,4550,2900,1,1,0,0,0,0,1,1
ct,2900,4750,4650,3000,1,1,1,0,0,0,1,1
t,1400,7550,4800,4150,1,1,1,1,0,0,1,1
ct,2900,4300,4150,3050,1,1,1,0,0,0,1,1
ct,2900,5100,5050,2950,1,1,1,0,0,0,1,1
t,1900,7150,4900,4150,1,1,1,1,0,0,1,1
t,1900,7100,4800,4200,1,1,1,1,0,0,1,1
ct,1900,2500,1000,3400,1,1,1,1,0,0,1,1
ct,1900,3200,3200,1900,0,0,0,0,0,0,1,1
t,1400,5550,5300,1650,0,0,0,0,0,0,0,1
ct,1900,2100,1950,2050,0,0,0,0,0,0,1,1
ct,1900,3900,3850,1950,0,0,0,0,0,0,1,1
t,1900,800,650,2050,0,0,0,0,0,0,1,1
t,1900,800,800,1900,0,0,0,0,0,0,1,1
t,1900,800,650,2050,0,0,0,0,0,0,1,1
t,1900,800,650,2050,0,0,0,0,0,0,1,1
t,1900,800,650,2050,0,0,0,0,0,0,1,1
ct,2400,2500,650,4250,1,1,1,1,0,0,1,1
t,1400,3400,2350,2450,1,0,0,0,0,0,1,1
t,1400,4150,3900,1650,0,0,0,0,0,0,0,1
ct,2400,2200,0,4600,1,1,1,1,0,0,1,1
ct,2400,2350,1850,2900,1,1,0,0,0,0,1,1
ct,2400,2050,0,4450,1,1,1,1,0,0,1,1
t,1400,4000,4000,1400,0,0,0,0,0,0,0,1
ct,2400,3150,2900,2650,1,0,0,0,0,0,1,1
t,1400,3400,2350,2450,1,0,0,0,0,0,1,1
ct,2900,3950,0,6850,1,1,1,1,1,1,1,1
ct,2900,2600,0,5500,1,1,1,1,1,0,1,1
ct,2900,2500,500,4900,1,1,1,1,0,0,1,1
ct,2900,3000,200,5700,1,1,1,1,1,0,1,1
ct,3400,5300,5200,3500,1,1,1,1,0,0,1,1
ct,3400,5550,5200,3750,1,1,1,1,0,0,1,1
ct,3400,5250,5200,3450,1,1,1,1,0,0,1,1
t,1400,10000,4800,6600,1,1,1,1,1,1,1,1
ct,3400,4450,4350,3500,1,1,1,1,0,0,1,1
t,1900,7200,4600,4500,1,1,1,1,0,0,1,1
t,1900,5700,4800,2800,1,1,0,0,0,0,1,1
t,1900,10850,4800,7950,1,1,1,1,1,1,1,1
t,1900,8950,4900,5950,1,1,1,1,1,1,1,1
t,1900,4950,4200,2650,1,0,0,0,0,0,1,1
t,2400,4500,4400,2500,1,0,0,0,0,0,1,1
t,2400,2800,2600,2600,1,0,0,0,0,0,1,1
t,2400,8250,6850,3800,1,1,1,1,0,0,1,1
ct,1400,6600,5600,2400,0,0,0,0,0,0,1,1
t,2400,5950,4900,3450,1,1,1,1,0,0,1,1
t,2900,3100,3100,2900,1,1,0,0,0,0,1,1
t,2900,3200,3150,2950,1,1,1,0,0,0,1,1
ct,1400,7500,5600,3300,1,1,1,1,0,0,1,1
t,2900,4700,4600,3000,1,1,1,0,0,0,1,1
ct,1400,9000,5400,5000,1,1,1,1,0,0,1,1
t,2900,4650,4600,2950,1,1,1,0,0,0,1,1
t,2900,3050,2600,3350,1,1,1,1,0,0,1,1
t,3400,3200,1400,5200,1,1,1,1,0,0,1,1
t,3400,2950,2000,4350,1,1,1,1,0,0,1,1
ct,1400,7400,5200,3600,1,1,1,1,0,0,1,1
t,3400,2950,1000,5350,1,1,1,1,0,0,1,1
t,3400,3350,2000,4750,1,1,1,1,0,0,1,1
t,3400,5600,4800,4200,1,1,1,1,0,0,1,1
t,3400,4950,4800,3550,1,1,1,1,0,0,1,1
t,3400,7300,6850,3850,1,1,1,1,0,0,1,1
ct,1400,11100,5600,6900,1,1,1,1,1,1,1,1
t,3400,5950,4900,4450,1,1,1,1,0,0,1,1
t,3400,5950,4800,4550,1,1,1,1,0,0,1,1
ct,1900,7000,4850,4050,1,1,1,1,0,0,1,1
ct,1900,9550,7450,4000,1,1,1,1,0,0,1,1
t,1400,6350,5300,2450,1,0,0,0,0,0,1,1
ct,2400,4450,4350,2500,1,0,0,0,0,0,1,1
t,1400,4400,2100,3700,1,1,1,1,0,0,1,1
ct,1900,800,650,2050,0,0,0,0,0,0,1,1
t,1900,800,650,2050,0,0,0,0,0,0,1,1
ct,1900,800,650,2050,0,0,0,0,0,0,1,1
t,1900,800,700,2000,0,0,0,0,0,0,1,1
t,1900,800,800,1900,0,0,0,0,0,0,1,1
ct,1900,800,800,1900,0,0,0,0,0,0,1,1
t,1900,800,650,2050,0,0,0,0,0,0,1,1
ct,1900,800,650,2050,0,0,0,0,0,0,1,1
ct,1900,800,650,2050,0,0,0,0,0,0,1,1
t,1900,800,650,2050,0,0,0,0,0,0,1,1
ct,1400,4200,4200,1400,0,0,0,0,0,0,0,1
t,2400,2500,2400,2500,1,0,0,0,0,0,1,1
t,2400,3250,3100,2550,1,0,0,0,0,0,1,1
ct,1400,4500,4350,1550,0,0,0,0,0,0,0,1
ct,1400,3900,3750,1550,0,0,0,0,0,0,0,1
t,2400,2950,2900,2450,1,0,0,0,0,0,1,1
ct,1400,3800,3550,1650,0,0,0,0,0,0,0,1
ct,1400,3450,3450,1400,0,0,0,0,0,0,0,1
t,2900,2500,2400,3000,1,1,1,0,0,0,1,1
t,2900,2550,2450,3000,1,1,1,0,0,0,1,1
ct,1400,3900,3000,2300,0,0,0,0,0,0,1,1
ct,1900,2400,2350,1950,0,0,0,0,0,0,1,1
t,1900,3700,3500,2100,0,0,0,0,0,0,1,1
ct,1400,4700,4700,1400,0,0,0,0,0,0,0,1
ct,1900,3650,1100,4450,1,1,1,1,0,0,1,1
ct,1900,3050,300,4650,1,1,1,1,0,0,1,1
ct,1900,3500,1450,3950,1,1,1,1,0,0,1,1
t,1900,3950,3900,1950,0,0,0,0,0,0,1,1
ct,1400,6250,5600,2050,0,0,0,0,0,0,1,1
t,1900,3950,1000,4850,1,1,1,1,0,0,1,1
t,1900,5150,4900,2150,0,0,0,0,0,0,1,1
ct,1400,4900,4900,1400,0,0,0,0,0,0,0,1
ct,1400,6150,4700,2850,1,1,0,0,0,0,1,1
t,1900,4150,3900,2150,0,0,0,0,0,0,1,1
t,1900,3050,2800,2150,0,0,0,0,0,0,1,1
t,1900,1550,950,2500,1,0,0,0,0,0,1,1
t,1900,4500,4400,2000,0,0,0,0,0,0,1,1
ct,1400,6300,6200,1500,0,0,0,0,0,0,0,1
t,1900,4450,4000,2350,0,0,0,0,0,0,1,1
t,2400,2000,0,4400,1,1,1,1,0,0,1,1
t,2400,2000,0,4400,1,1,1,1,0,0,1,1
t,2400,1950,0,4350,1,1,1,1,0,0,1,1
ct,1400,6600,5200,2800,1,1,0,0,0,0,1,1
t,2400,2250,0,4650,1,1,1,1,0,0,1,1
t,2900,4350,4200,3050,1,1,1,0,0,0,1,1
ct,1400,9600,5600,5400,1,1,1,1,1,0,1,1
t,2900,3700,3700,2900,1,1,0,0,0,0,1,1
t,2900,4400,4400,2900,1,1,0,0,0,0,1,1
t,2900,4650,4400,3150,1,1,1,1,0,0,1,1
t,2900,4650,4600,2950,1,1,1,0,0,0,1,1
t,3400,3050,2950,3500,1,1,1,1,0,0,1,1
t,3400,2900,2600,3700,1,1,1,1,0,0,1,1
t,3400,2900,2800,3500,1,1,1,1,0,0,1,1
t,3400,3150,3150,3400,1,1,1,1,0,0,1,1
ct,1900,800,650,2050,0,0,0,0,0,0,1,1
ct,1900,800,650,2050,0,0,0,0,0,0,1,1
ct,1900,800,650,2050,0,0,0,0,0,0,1,1
ct,1900,800,650,2050,0,0,0,0,0,0,1,1
ct,1900,800,650,2050,0,0,0,0,0,0,1,1
t,2400,3550,3500,2450,1,0,0,0,0,0,1,1
t,2400,2600,2600,2400,0,0,0,0,0,0,1,1
ct,1400,4200,4200,1400,0,0,0,0,0,0,0,1
ct,1400,3900,3900,1400,0,0,0,0,0,0,0,1
t,2400,2500,2200,2700,1,0,0,0,0,0,1,1
ct,1400,4800,4200,2000,0,0,0,0,0,0,1,1
t,2400,2650,2600,2450,1,0,0,0,0,0,1,1
t,2400,3250,3100,2550,1,0,0,0,0,0,1,1
t,1400,3600,3500,1500,0,0,0,0,0,0,0,1
ct,1900,1700,1650,1950,0,0,0,0,0,0,1,1
ct,1900,1600,1450,2050,0,0,0,0,0,0,1,1
t,1400,4750,3800,2350,0,0,0,0,0,0,1,1
ct,1900,2600,2550,1950,0,0,0,0,0,0,1,1
t,1400,3300,3300,1400,0,0,0,0,0,0,0,1
t,1400,3700,3700,1400,0,0,0,0,0,0,0,1
ct,1900,1600,1450,2050,0,0,0,0,0,0,1,1
ct,2400,2350,0,4750,1,1,1,1,0,0,1,1
ct,2400,2450,0,4850,1,1,1,1,0,0,1,1
t,1400,4450,2350,3500,1,1,1,1,0,0,1,1
ct,2400,2150,0,4550,1,1,1,1,0,0,1,1
ct,2900,4400,4350,2950,1,1,1,0,0,0,1,1
t,1400,6800,4800,3400,1,1,1,1,0,0,1,1
ct,2900,5300,5200,3000,1,1,1,0,0,0,1,1
t,1400,5950,4800,2550,1,0,0,0,0,0,1,1
t,1400,6550,4800,3150,1,1,1,1,0,0,1,1
t,1900,5350,4800,2450,1,0,0,0,0,0,1,1
t,2400,2450,0,4850,1,1,1,1,0,0,1,1
t,2400,3500,1350,4550,1,1,1,1,0,0,1,1
t,2400,1950,0,4350,1,1,1,1,0,0,1,1
t,2400,1950,0,4350,1,1,1,1,0,0,1,1
t,2900,4850,4800,2950,1,1,1,0,0,0,1,1
t,2900,4550,4400,3050,1,1,1,0,0,0,1,1
t,2900,4350,4200,3050,1,1,1,0,0,0,1,1
t,2900,4450,4400,2950,1,1,1,0,0,0,1,1
t,2900,4450,4400,2950,1,1,1,0,0,0,1,1
ct,1900,800,650,2050,0,0,0,0,0,0,1,1
ct,1900,800,650,2050,0,0,0,0,0,0,1,1
t,1900,800,650,2050,0,0,0,0,0,0,1,1
t,1900,800,650,2050,0,0,0,0,0,0,1,1
ct,1900,800,800,1900,0,0,0,0,0,0,1,1
ct,1900,800,650,2050,0,0,0,0,0,0,1,1
t,1900,800,650,2050,0,0,0,0,0,0,1,1
t,1900,800,700,2000,0,0,0,0,0,0,1,1
ct,1900,800,650,2050,0,0,0,0,0,0,1,1
t,1900,800,700,2000,0,0,0,0,0,0,1,1
ct,2400,2150,0,4550,1,1,1,1,0,0,1,1
ct,2400,2450,0,4850,1,1,1,1,0,0,1,1
t,1400,3700,3700,1400,0,0,0,0,0,0,0,1
t,1400,3400,3250,1550,0,0,0,0,0,0,0,1
ct,2400,2000,0,4400,1,1,1,1,0,0,1,1
ct,2400,2450,300,4550,1,1,1,1,0,0,1,1
t,1400,4300,3900,1800,0,0,0,0,0,0,1,1
t,1400,3950,3800,1550,0,0,0,0,0,0,0,1
ct,2400,2150,0,4550,1,1,1,1,0,0,1,1
t,1400,3350,3250,1500,0,0,0,0,0,0,0,1
ct,2900,4900,4850,2950,1,1,1,0,0,0,1,1
ct,2900,4450,4350,3000,1,1,1,0,0,0,1,1
ct,2900,4600,4350,3150,1,1,1,1,0,0,1,1
ct,2900,4600,4500,3000,1,1,1,0,0,0,1,1
t,1900,2700,0,4600,1,1,1,1,0,0,1,1
t,1900,3850,1750,4000,1,1,1,1,0,0,1,1
t,1900,2200,0,4100,1,1,1,1,0,0,1,1
t,1900,4300,0,6200,1,1,1,1,1,1,1,1
t,2400,4600,4600,2400,0,0,0,0,0,0,1,1
t,2400,4000,4000,2400,0,0,0,0,0,0,1,1
t,2400,4100,3900,2600,1,0,0,0,0,0,1,1
t,2400,4350,3900,2850,1,1,0,0,0,0,1,1
ct,1900,6500,5600,2800,1,1,0,0,0,0,1,1
ct,2400,3750,3750,2400,0,0,0,0,0,0,1,1
ct,2400,4100,4050,2450,1,0,0,0,0,0,1,1
ct,2900,2700,700,4900,1,1,1,1,0,0,1,1
ct,2900,2500,300,5100,1,1,1,1,0,0,1,1
t,1400,8300,4900,4800,1,1,1,1,0,0,1,1
ct,2900,3150,0,6050,1,1,1,1,1,1,1,1
ct,2900,2600,600,4900,1,1,1,1,0,0,1,1
t,1400,6100,4900,2600,1,0,0,0,0,0,1,1
ct,1400,6050,5600,1850,0,0,0,0,0,0,1,1
t,1900,5400,4800,2500,1,0,0,0,0,0,1,1
t,1900,10900,4800,8000,1,1,1,1,1,1,1,1
ct,1400,6400,4850,2950,1,1,1,0,0,0,1,1
t,1900,8650,4800,5750,1,1,1,1,1,0,1,1
ct,1900,6250,6200,1950,0,0,0,0,0,0,1,1
ct,1900,6050,5800,2150,0,0,0,0,0,0,1,1
t,1400,4900,3150,3150,1,1,1,1,0,0,1,1
ct,1900,3950,3950,1900,0,0,0,0,0,0,1,1
ct,2400,2900,700,4600,1,1,1,1,0,0,1,1
t,1400,6050,2900,4550,1,1,1,1,0,0,1,1
ct,2400,2850,950,4300,1,1,1,1,0,0,1,1
ct,2400,3400,1950,3850,1,1,1,1,0,0,1,1
ct,2400,3150,1450,4100,1,1,1,1,0,0,1,1
ct,2900,5200,5200,2900,1,1,0,0,0,0,1,1
ct,2900,5600,5600,2900,1,1,0,0,0,0,1,1
t,1400,6400,5600,2200,0,0,0,0,0,0,1,1
ct,2900,4650,4650,2900,1,1,0,0,0,0,1,1
ct,2900,4700,4550,3050,1,1,1,0,0,0,1,1
ct,1900,800,650,2050,0,0,0,0,0,0,1,1
ct,1900,800,650,2050,0,0,0,0,0,0,1,1
ct,1900,800,650,2050,0,0,0,0,0,0,1,1
ct,1900,800,800,1900,0,0,0,0,0,0,1,1
ct,1900,800,650,2050,0,0,0,0,0,0,1,1
t,2400,2050,0,4450,1,1,1,1,0,0,1,1
t,2400,2000,0,4400,1,1,1,1,0,0,1,1
ct,1400,3650,2800,2250,0,0,0,0,0,0,1,1
t,2400,2000,200,4200,1,1,1,1,0,0,1,1
t,2400,2050,0,4450,1,1,1,1,0,0,1,1
ct,1400,4100,4050,1450,0,0,0,0,0,0,0,1
t,2400,2350,0,4750,1,1,1,1,0,0,1,1
ct,1400,4250,4200,1450,0,0,0,0,0,0,0,1
t,2900,4450,4400,2950,1,1,1,0,0,0,1,1
t,2900,4400,4200,3100,1,1,1,0,0,0,1,1
t,2900,4200,4200,2900,1,1,0,0,0,0,1,1
t,2900,4150,4000,3050,1,1,1,0,0,0,1,1
t,2900,4750,4700,2950,1,1,1,0,0,0,1,1
t,3400,3400,3300,3500,1,1,1,1,0,0,1,1
t,3400,2900,2600,3700,1,1,1,1,0,0,1,1
t,3400,3050,2950,3500,1,1,1,1,0,0,1,1
t,3400,2950,2950,3400,1,1,1,1,0,0,1,1
t,3400,3750,3700,3450,1,1,1,1,0,0,1,1
ct,1400,6350,5600,2150,0,0,0,0,0,0,1,1
t,3400,3700,3700,3400,1,1,1,1,0,0,1,1
t,3400,4100,4000,3500,1,1,1,1,0,0,1,1
ct,1400,7050,5600,2850,1,1,0,0,0,0,1,1
t,3400,3400,3350,3450,1,1,1,1,0,0,1,1
ct,1400,6550,4850,3100,1,1,1,0,0,0,1,1
t,1900,800,650,2050,0,0,0,0,0,0,1,1
ct,1900,800,650,2050,0,0,0,0,0,0,1,1
t,1900,800,650,2050,0,0,0,0,0,0,1,1
t,1900,800,700,2000,0,0,0,0,0,0,1,1
ct,1900,800,650,2050,0,0,0,0,0,0,1,1
ct,1900,800,650,2050,0,0,0,0,0,0,1,1
t,1900,800,700,2000,0,0,0,0,0,0,1,1
t,1900,800,700,2000,0,0,0,0,0,0,1,1
ct,1900,800,650,2050,0,0,0,0,0,0,1,1
ct,1900,800,650,2050,0,0,0,0,0,0,1,1
t,1400,4300,4300,1400,0,0,0,0,0,0,0,1
ct,2400,2150,1900,2650,1,0,0,0,0,0,1,1
t,1400,3700,2300,2800,1,1,0,0,0,0,1,1
t,1400,3350,3200,1550,0,0,0,0,0,0,0,1
ct,2400,2150,1800,2750,1,0,0,0,0,0,1,1
ct,2400,2150,1450,3100,1,1,1,0,0,0,1,1
t,1400,3950,3800,1550,0,0,0,0,0,0,0,1
t,1400,3350,2600,2150,0,0,0,0,0,0,1,1
ct,2400,2750,2600,2550,1,0,0,0,0,0,1,1
ct,2400,2150,2100,2450,1,0,0,0,0,0,1,1
t,1400,3550,3500,1450,0,0,0,0,0,0,0,1
ct,2900,3300,1450,4750,1,1,1,1,0,0,1,1
ct,2900,2950,1100,4750,1,1,1,1,0,0,1,1
ct,2900,3600,300,6200,1,1,1,1,1,1,1,1
t,1400,3400,3250,1550,0,0,0,0,0,0,0,1
t,1400,4000,4000,1400,0,0,0,0,0,0,0,1
ct,2900,2750,700,4950,1,1,1,1,0,0,1,1
ct,3400,5100,4200,4300,1,1,1,1,0,0,1,1
ct,3400,4800,4650,3550,1,1,1,1,0,0,1,1
ct,3400,6250,5700,3950,1,1,1,1,0,0,1,1
ct,3400,5000,5000,3400,1,1,1,1,0,0,1,1
ct,3400,4900,4900,3400,1,1,1,1,0,0,1,1
t,1900,4950,4900,1950,0,0,0,0,0,0,1,1
t,1900,3800,3700,2000,0,0,0,0,0,0,1,1
t,1900,6500,6450,1950,0,0,0,0,0,0,1,1
t,1900,3850,3800,1950,0,0,0,0,0,0,1,1
t,1900,4800,4700,2000,0,0,0,0,0,0,1,1
t,2400,2550,700,4250,1,1,1,1,0,0,1,1
t,2400,2900,700,4600,1,1,1,1,0,0,1,1
t,2400,2650,700,4350,1,1,1,1,0,0,1,1
ct,1400,5350,5200,1550,0,0,0,0,0,0,0,1
t,2400,2850,700,4550,1,1,1,1,0,0,1,1
t,2400,2900,400,4900,1,1,1,1,0,0,1,1
t,2900,4550,4400,3050,1,1,1,0,0,0,1,1
t,2900,4600,4600,2900,1,1,0,0,0,0,1,1
t,2900,4350,4200,3050,1,1,1,0,0,0,1,1
t,2900,4550,4500,2950,1,1,1,0,0,0,1,1
t,2900,4900,4900,2900,1,1,0,0,0,0,1,1
ct,1900,6650,6500,2050,0,0,0,0,0,0,1,1
ct,1900,6050,5600,2350,0,0,0,0,0,0,1,1
t,1400,6200,4800,2800,1,1,0,0,0,0,1,1
ct,2400,4050,4050,2400,0,0,0,0,0,0,1,1
t,1400,7150,4900,3650,1,1,1,1,0,0,1,1
ct,1400,5650,5050,2000,0,0,0,0,0,0,1,1
t,1900,6450,6450,1900,0,0,0,0,0,0,1,1
ct,1400,4400,4350,1450,0,0,0,0,0,0,0,1
t,1900,3650,3600,1950,0,0,0,0,0,0,1,1
t,1900,5300,4900,2300,0,0,0,0,0,0,1,1
ct,1400,3550,3550,1400,0,0,0,0,0,0,0,1
t,2400,2950,0,5350,1,1,1,1,0,0,1,1
t,2400,1900,1150,3150,1,1,1,1,0,0,1,1
t,2400,1900,1800,2500,1,0,0,0,0,0,1,1
ct,1400,5300,5200,1500,0,0,0,0,0,0,0,1
t,2900,2450,2400,2950,1,1,1,0,0,0,1,1
t,2900,2450,2400,2950,1,1,1,0,0,0,1,1
t,2900,2500,2400,3000,1,1,1,0,0,0,1,1
t,2900,2400,2400,2900,1,1,0,0,0,0,1,1
t,1900,800,650,2050,0,0,0,0,0,0,1,1
t,1900,800,650,2050,0,0,0,0,0,0,1,1
t,1900,800,700,2000,0,0,0,0,0,0,1,1
t,1900,800,650,2050,0,0,0,0,0,0,1,1
t,1900,800,800,1900,0,0,0,0,0,0,1,1
t,1400,4000,3900,1500,0,0,0,0,0,0,0,1
ct,2400,2150,1900,2650,1,0,0,0,0,0,1,1
ct,2400,2150,1700,2850,1,1,0,0,0,0,1,1
t,1400,4250,4200,1450,0,0,0,0,0,0,0,1
ct,2400,2300,2250,2450,1,0,0,0,0,0,1,1
ct,2400,2000,2000,2400,0,0,0,0,0,0,1,1
t,1400,3700,3700,1400,0,0,0,0,0,0,0,1
t,1400,3250,3100,1550,0,0,0,0,0,0,0,1
ct,2900,2650,0,5550,1,1,1,1,1,0,1,1
ct,2900,3350,0,6250,1,1,1,1,1,1,1,1
ct,2900,2650,700,4850,1,1,1,1,0,0,1,1
ct,2900,2550,0,5450,1,1,1,1,1,0,1,1
ct,2900,2800,0,5700,1,1,1,1,1,0,1,1
ct,3400,5600,5200,3800,1,1,1,1,0,0,1,1
t,1400,4950,4900,1450,0,0,0,0,0,0,0,1
ct,3400,4800,4650,3550,1,1,1,1,0,0,1,1
ct,3400,5550,5400,3550,1,1,1,1,0,0,1,1
t,1900,5200,4900,2200,0,0,0,0,0,0,1,1
t,1900,3550,3500,1950,0,0,0,0,0,0,1,1
ct,1900,7500,6700,2700,1,0,0,0,0,0,1,1
ct,2400,4900,4900,2400,0,0,0,0,0,0,1,1
ct,2900,3500,3200,3200,1,1,1,1,0,0,1,1
ct,2900,4700,4650,2950,1,1,1,0,0,0,1,1
ct,2900,3750,3550,3100,1,1,1,0,0,0,1,1
t,1400,8800,4900,5300,1,1,1,1,0,0,1,1
t,1900,8150,4900,5150,1,1,1,1,0,0,1,1
ct,1400,5150,5000,1550,0,0,0,0,0,0,0,1
ct,1400,4350,4350,1400,0,0,0,0,0,0,0,1
t,1900,10550,5100,7350,1,1,1,1,1,1,1,1
ct,1400,3750,3550,1600,0,0,0,0,0,0,0,1
t,1900,9100,4800,6200,1,1,1,1,1,1,1,1
t,1900,5900,4900,2900,1,1,0,0,0,0,1,1
t,1900,800,700,2000,0,0,0,0,0,0,1,1
t,1900,800,650,2050,0,0,0,0,0,0,1,1
t,1900,800,650,2050,0,0,0,0,0,0,1,1
t,1900,800,700,2000,0,0,0,0,0,0,1,1
t,1900,800,650,2050,0,0,0,0,0,0,1,1
ct,1900,800,650,2050,0,0,0,0,0,0,1,1
ct,1900,800,650,2050,0,0,0,0,0,0,1,1
ct,1900,800,650,2050,0,0,0,0,0,0,1,1
ct,1900,800,800,1900,0,0,0,0,0,0,1,1
ct,1900,800,650,2050,0,0,0,0,0,0,1,1
t,1400,3350,3300,1450,0,0,0,0,0,0,0,1
t,1400,3400,3300,1500,0,0,0,0,0,0,0,1
t,1400,3400,3250,1550,0,0,0,0,0,0,0,1
t,1400,3350,3250,1500,0,0,0,0,0,0,0,1
t,1400,4900,4450,1850,0,0,0,0,0,0,1,1
ct,2400,2150,1500,3050,1,1,1,0,0,0,1,1
ct,2400,2150,1900,2650,1,0,0,0,0,0,1,1
ct,2400,2750,2600,2550,1,0,0,0,0,0,1,1
ct,2400,2000,1900,2500,1,0,0,0,0,0,1,1
ct,2400,2150,0,4550,1,1,1,1,0,0,1,1
t,1400,3950,3900,1450,0,0,0,0,0,0,0,1
t,1400,3350,3250,1500,0,0,0,0,0,0,0,1
ct,2900,2600,700,4800,1,1,1,1,0,0,1,1
ct,2900,3200,0,6100,1,1,1,1,1,1,1,1
ct,2900,3250,1500,4650,1,1,1,1,0,0,1,1
ct,2900,2900,700,5100,1,1,1,1,0,0,1,1
ct,3400,5150,5000,3550,1,1,1,1,0,0,1,1
ct,3400,6150,6100,3450,1,1,1,1,0,0,1,1
ct,3400,4950,4900,3450,1,1,1,1,0,0,1,1
ct,3400,4700,4700,3400,1,1,1,1,0,0,1,1
ct,3400,5150,5000,3550,1,1,1,1,0,0,1,1
t,1900,2600,2600,1900,0,0,0,0,0,0,1,1
t,1900,5350,4800,2450,1,0,0,0,0,0,1,1
t,1900,5750,4900,2750,1,0,0,0,0,0,1,1
ct,1900,4750,4750,1900,0,0,0,0,0,0,1,1
ct,1900,4400,4350,1950,0,0,0,0,0,0,1,1
ct,1900,2950,2700,2150,0,0,0,0,0,0,1,1
ct,1900,2950,0,4850,1,1,1,1,0,0,1,1
ct,2400,3300,1450,4250,1,1,1,1,0,0,1,1
ct,2400,3100,1450,4050,1,1,1,1,0,0,1,1
t,1900,2900,0,4800,1,1,1,1,0,0,1,1
t,1900,3050,0,4950,1,1,1,1,0,0,1,1
t,1900,4950,0,6850,1,1,1,1,1,1,1,1
t,1900,2400,0,4300,1,1,1,1,0,0,1,1
ct,1400,5350,5250,1500,0,0,0,0,0,0,0,1
ct,1400,6050,5200,2250,0,0,0,0,0,0,1,1
ct,1400,5450,3950,2900,1,1,0,0,0,0,1,1
t,2400,5250,4800,2850,1,1,0,0,0,0,1,1
t,2400,4300,3900,2800,1,1,0,0,0,0,1,1
t,2400,4250,4200,2450,1,0,0,0,0,0,1,1
t,2900,2850,2800,2950,1,1,1,0,0,0,1,1
t,2900,2800,2750,2950,1,1,1,0,0,0,1,1
t,2900,2450,2400,2950,1,1,1,0,0,0,1,1
t,3400,2950,1150,5200,1,1,1,1,0,0,1,1
t,3400,2900,2150,4150,1,1,1,1,0,0,1,1
t,3400,2950,1750,4600,1,1,1,1,0,0,1,1
t,3400,3250,1450,5200,1,1,1,1,0,0,1,1
ct,1400,9250,5600,5050,1,1,1,1,0,0,1,1
t,3400,6000,5950,3450,1,1,1,1,0,0,1,1
t,3400,5800,5100,4100,1,1,1,1,0,0,1,1
t,3400,4750,4600,3550,1,1,1,1,0,0,1,1
t,3400,6100,5100,4400,1,1,1,1,0,0,1,1
t,3400,5800,5600,3600,1,1,1,1,0,0,1,1
ct,1400,10550,6500,5450,1,1,1,1,1,0,1,1
ct,1400,7700,5600,3500,1,1,1,1,0,0,1,1
ct,1400,10100,6300,5200,1,1,1,1,0,0,1,1
ct,1900,800,650,2050,0,0,0,0,0,0,1,1
ct,1900,800,650,2050,0,0,0,0,0,0,1,1
ct,1900,800,650,2050,0,0,0,0,0,0,1,1
ct,1900,800,800,1900,0,0,0,0,0,0,1,1
ct,1900,800,650,2050,0,0,0,0,0,0,1,1
ct,1400,3900,3900,1400,0,0,0,0,0,0,0,1
ct,1400,3900,3750,1550,0,0,0,0,0,0,0,1
ct,1400,5100,5000,1500,0,0,0,0,0,0,0,1
ct,1400,3750,3750,1400,0,0,0,0,0,0,0,1
ct,1400,4500,4350,1550,0,0,0,0,0,0,0,1
t,2400,3250,3100,2550,1,0,0,0,0,0,1,1
t,2400,2650,2600,2450,1,0,0,0,0,0,1,1
t,2400,2950,2800,2550,1,0,0,0,0,0,1,1
ct,1400,3500,1300,3600,1,1,1,1,0,0,1,1
t,2900,2550,0,5450,1,1,1,1,1,0,1,1
t,2900,2450,700,4650,1,1,1,1,0,0,1,1
t,2900,2450,700,4650,1,1,1,1,0,0,1,1
t,2900,2750,0,5650,1,1,1,1,1,0,1,1
t,3400,4750,4600,3550,1,1,1,1,0,0,1,1
t,3400,4650,4400,3650,1,1,1,1,0,0,1,1
t,3400,5050,4800,3650,1,1,1,1,0,0,1,1
t,3400,4650,3900,4150,1,1,1,1,0,0,1,1
t,3400,5250,4800,3850,1,1,1,1,0,0,1,1
ct,1400,9150,5200,5350,1,1,1,1,0,0,1,1
t,3400,3550,3500,3450,1,1,1,1,0,0,1,1
t,3400,3650,3650,3400,1,1,1,1,0,0,1,1
t,3400,3650,3500,3550,1,1,1,1,0,0,1,1
t,3400,4450,4400,3450,1,1,1,1,0,0,1,1
ct,1400,12250,5600,8050,1,1,1,1,1,1,1,1
t,3400,4350,4300,3450,1,1,1,1,0,0,1,1
t,3400,4300,4200,3500,1,1,1,1,0,0,1,1
t,3400,4150,4050,3500,1,1,1,1,0,0,1,1
t,3400,4650,4600,3450,1,1,1,1,0,0,1,1
t,3400,4150,3900,3650,1,1,1,1,0,0,1,1
ct,1400,7400,5600,3200,1,1,1,1,0,0,1,1
t,3400,3450,3400,3450,1,1,1,1,0,0,1,1
t,3400,3500,3500,3400,1,1,1,1,0,0,1,1
t,3400,3500,3500,3400,1,1,1,1,0,0,1,1
t,3400,3750,3600,3550,1,1,1,1,0,0,1,1
ct,1400,10300,5400,6300,1,1,1,1,1,1,1,1
t,3400,3400,3350,3450,1,1,1,1,0,0,1,1
t,3400,3400,3400,3400,1,1,1,1,0,0,1,1
t,3400,3550,3500,3450,1,1,1,1,0,0,1,1
t,3400,3550,3500,3450,1,1,1,1,0,0,1,1
ct,1900,11650,5200,8350,1,1,1,1,1,1,1,1
t,1400,3300,3150,1550,0,0,0,0,0,0,0,1
t,1900,800,700,2000,0,0,0,0,0,0,1,1
ct,1900,800,650,2050,0,0,0,0,0,0,1,1
ct,1900,800,650,2050,0,0,0,0,0,0,1,1
t,1900,800,650,2050,0,0,0,0,0,0,1,1
t,1900,800,700,2000,0,0,0,0,0,0,1,1
t,1900,800,700,2000,0,0,0,0,0,0,1,1
ct,1900,800,650,2050,0,0,0,0,0,0,1,1
ct,1900,800,650,2050,0,0,0,0,0,0,1,1
ct,1900,800,800,1900,0,0,0,0,0,0,1,1
t,1900,800,650,2050,0,0,0,0,0,0,1,1
ct,1400,3650,3500,1550,0,0,0,0,0,0,0,1
ct,1400,3650,3500,1550,0,0,0,0,0,0,0,1
t,2400,2050,2000,2450,1,0,0,0,0,0,1,1
t,2400,2300,2200,2500,1,0,0,0,0,0,1,1
t,2400,2000,2000,2400,0,0,0,0,0,0,1,1
ct,1400,4550,4500,1450,0,0,0,0,0,0,0,1
t,2400,2050,2050,2400,0,0,0,0,0,0,1,1
ct,1900,1550,0,3450,1,1,1,1,0,0,1,1
ct,1900,1400,1350,1950,0,0,0,0,0,0,1,1
t,1400,3500,3500,1400,0,0,0,0,0,0,0,1
t,1900,2500,2400,2000,0,0,0,0,0,0,1,1
t,1900,4700,4700,1900,0,0,0,0,0,0,1,1
t,1900,4900,4900,1900,0,0,0,0,0,0,1,1
t,2400,2000,0,4400,1,1,1,1,0,0,1,1
t,2400,1900,0,4300,1,1,1,1,0,0,1,1
t,2400,1900,0,4300,1,1,1,1,0,0,1,1
t,2400,1900,0,4300,1,1,1,1,0,0,1,1
t,2400,2150,0,4550,1,1,1,1,0,0,1,1
t,2900,4400,4400,2900,1,1,0,0,0,0,1,1
ct,1400,8300,5200,4500,1,1,1,1,0,0,1,1
t,2900,4600,4600,2900,1,1,0,0,0,0,1,1
t,2900,4300,4200,3000,1,1,1,0,0,0,1,1
t,2900,4300,4000,3200,1,1,1,1,0,0,1,1
t,2900,4550,4450,3000,1,1,1,0,0,0,1,1
ct,1400,6900,5200,3100,1,1,1,0,0,0,1,1
t,3400,3500,1650,5250,1,1,1,1,0,0,1,1
t,3400,3300,1350,5350,1,1,1,1,0,0,1,1
t,3400,3200,700,5900,1,1,1,1,1,1,1,1
ct,1400,10250,5200,6450,1,1,1,1,1,1,1,1
ct,1400,10300,5600,6100,1,1,1,1,1,1,1,1
t,3400,3000,0,6400,1,1,1,1,1,1,1,1
t,3400,4950,4800,3550,1,1,1,1,0,0,1,1
t,3400,5250,4900,3750,1,1,1,1,0,0,1,1
t,3400,5650,4800,4250,1,1,1,1,0,0,1,1
t,3400,5900,4900,4400,1,1,1,1,0,0,1,1
t,3400,6400,6300,3500,1,1,1,1,0,0,1,1
t,3400,3750,1650,5500,1,1,1,1,1,0,1,1
t,3400,4550,4000,3950,1,1,1,1,0,0,1,1
t,3400,5000,4000,4400,1,1,1,1,0,0,1,1
ct,1400,11650,5200,7850,1,1,1,1,1,1,1,1
t,3400,3500,650,6250,1,1,1,1,1,1,1,1
t,3400,6050,4800,4650,1,1,1,1,0,0,1,1
ct,1400,9250,5200,5450,1,1,1,1,1,0,1,1
ct,1400,15000,7950,8450,1,1,1,1,1,1,1,1
t,3400,6100,4900,4600,1,1,1,1,0,0,1,1
t,3400,4850,4800,3450,1,1,1,1,0,0,1,1
t,3400,5000,4800,3600,1,1,1,1,0,0,1,1
ct,1400,11500,5200,7700,1,1,1,1,1,1,1,1
ct,1400,10500,5250,6650,1,1,1,1,1,1,1,1
t,3400,7450,6850,4000,1,1,1,1,0,0,1,1
t,3400,4600,4600,3400,1,1,1,1,0,0,1,1
t,3400,3450,3400,3450,1,1,1,1,0,0,1,1
t,3400,3600,3600,3400,1,1,1,1,0,0,1,1
t,3400,3700,3650,3450,1,1,1,1,0,0,1,1
t,3400,3450,3400,3450,1,1,1,1,0,0,1,1
t,3400,3400,3150,3650,1,1,1,1,0,0,1,1
t,3400,3450,3400,3450,1,1,1,1,0,0,1,1
t,3400,3400,3300,3500,1,1,1,1,0,0,1,1
ct,1900,800,650,2050,0,0,0,0,0,0,1,1
ct,1900,800,800,1900,0,0,0,0,0,0,1,1
ct,1900,800,650,2050,0,0,0,0,0,0,1,1
ct,1900,800,650,2050,0,0,0,0,0,0,1,1
ct,1900,800,650,2050,0,0,0,0,0,0,1,1
ct,1400,3950,3900,1450,0,0,0,0,0,0,0,1
t,2400,2350,0,4750,1,1,1,1,0,0,1,1
t,2400,2050,0,4450,1,1,1,1,0,0,1,1
ct,1400,4100,4100,1400,0,0,0,0,0,0,0,1
ct,1400,3950,3850,1500,0,0,0,0,0,0,0,1
t,2400,2050,0,4450,1,1,1,1,0,0,1,1
t,2400,2050,0,4450,1,1,1,1,0,0,1,1
t,2400,1900,0,4300,1,1,1,1,0,0,1,1
ct,1400,3950,3900,1450,0,0,0,0,0,0,0,1
t,2900,4750,4600,3050,1,1,1,0,0,0,1,1
t,2900,4750,4700,2950,1,1,1,0,0,0,1,1
t,2900,4450,4400,2950,1,1,1,0,0,0,1,1
t,2900,4450,4400,2950,1,1,1,0,0,0,1,1
t,2900,4300,4200,3000,1,1,1,0,0,0,1,1
ct,1400,6350,5400,2350,0,0,0,0,0,0,1,1
t,3400,2900,1450,4850,1,1,1,1,0,0,1,1
t,3400,3250,300,6350,1,1,1,1,1,1,1,1
t,3400,2950,1450,4900,1,1,1,1,0,0,1,1
t,3400,3250,1650,5000,1,1,1,1,0,0,1,1
ct,1400,6850,6850,1400,0,0,0,0,0,0,0,1
t,3400,4850,4600,3650,1,1,1,1,0,0,1,1
t,3400,6150,6050,3500,1,1,1,1,0,0,1,1
t,3400,4500,4400,3500,1,1,1,1,0,0,1,1
t,3400,5300,4800,3900,1,1,1,1,0,0,1,1
t,3400,4100,4000,3500,1,1,1,1,0,0,1,1
ct,1400,8650,5200,4850,1,1,1,1,0,0,1,1
t,3400,3550,1800,5150,1,1,1,1,0,0,1,1
t,3400,3600,1250,5750,1,1,1,1,1,0,1,1
ct,1400,6900,5600,2700,1,0,0,0,0,0,1,1
t,3400,3800,2250,4950,1,1,1,1,0,0,1,1
t,3400,3500,2400,4500,1,1,1,1,0,0,1,1
ct,1900,5950,5200,2650,1,0,0,0,0,0,1,1
t,1400,5000,4700,1700,0,0,0,0,0,0,1,1
ct,1900,7700,6100,3500,1,1,1,1,0,0,1,1
t,1400,4800,4800,1400,0,0,0,0,0,0,0,1
t,1400,5250,4900,1750,0,0,0,0,0,0,1,1
ct,1900,7900,7450,2350,0,0,0,0,0,0,1,1
t,1900,3200,3100,2000,0,0,0,0,0,0,1,1
ct,1400,5350,5200,1550,0,0,0,0,0,0,0,1
t,1900,3550,3500,1950,0,0,0,0,0,0,1,1
t,1900,4350,4300,1950,0,0,0,0,0,0,1,1
t,1900,800,650,2050,0,0,0,0,0,0,1,1
t,1900,800,800,1900,0,0,0,0,0,0,1,1
t,1900,800,800,1900,0,0,0,0,0,0,1,1
t,1900,800,700,2000,0,0,0,0,0,0,1,1
ct,1900,800,650,2050,0,0,0,0,0,0,1,1
t,1900,800,650,2050,0,0,0,0,0,0,1,1
ct,1900,800,650,2050,0,0,0,0,0,0,1,1
ct,1900,800,700,2000,0,0,0,0,0,0,1,1
ct,1900,800,650,2050,0,0,0,0,0,0,1,1
ct,1900,800,650,2050,0,0,0,0,0,0,1,1
t,2400,2950,2800,2550,1,0,0,0,0,0,1,1
t,2400,3100,3000,2500,1,0,0,0,0,0,1,1
t,2400,2800,2600,2600,1,0,0,0,0,0,1,1
t,2400,2600,2450,2550,1,0,0,0,0,0,1,1
ct,1400,4200,4200,1400,0,0,0,0,0,0,0,1
t,2400,2650,2650,2400,0,0,0,0,0,0,1,1
ct,1400,4800,4700,1500,0,0,0,0,0,0,0,1
ct,1400,3850,3850,1400,0,0,0,0,0,0,0,1
ct,1400,4500,4500,1400,0,0,0,0,0,0,0,1
ct,1400,3900,3750,1550,0,0,0,0,0,0,0,1
ct,1900,1450,1450,1900,0,0,0,0,0,0,1,1
ct,1900,1450,1450,1900,0,0,0,0,0,0,1,1
ct,1900,1450,1350,2000,0,0,0,0,0,0,1,1
ct,2400,2250,0,4650,1,1,1,1,0,0,1,1
ct,2400,2050,0,4450,1,1,1,1,0,0,1,1
ct,2400,1950,0,4350,1,1,1,1,0,0,1,1
ct,2400,2050,0,4450,1,1,1,1,0,0,1,1
ct,2400,2050,0,4450,1,1,1,1,0,0,1,1
ct,2900,4650,4500,3050,1,1,1,0,0,0,1,1
ct,2900,4450,4350,3000,1,1,1,0,0,0,1,1
ct,2900,4350,4350,2900,1,1,0,0,0,0,1,1
ct,2900,4450,4350,3000,1,1,1,0,0,0,1,1
ct,2900,4450,4350,3000,1,1,1,0,0,0,1,1
t,1900,8500,4900,5500,1,1,1,1,1,0,1,1
t,1900,11250,6850,6300,1,1,1,1,1,1,1,1
t,1900,6400,4800,3500,1,1,1,1,0,0,1,1
ct,1900,2200,300,3800,1,1,1,1,0,0,1,1
ct,1900,3400,0,5300,1,1,1,1,0,0,1,1
t,1900,5400,4800,2500,1,0,0,0,0,0,1,1
t,1900,8800,6850,3850,1,1,1,1,0,0,1,1
t,1900,5250,4800,2350,0,0,0,0,0,0,1,1
t,1900,6050,4800,3150,1,1,1,1,0,0,1,1
ct,1400,7500,5100,3800,1,1,1,1,0,0,1,1
t,2400,3100,3100,2400,0,0,0,0,0,0,1,1
t,2400,4550,4400,2550,1,0,0,0,0,0,1,1
t,2400,4050,4000,2450,1,0,0,0,0,0,1,1
t,2400,3950,3900,2450,1,0,0,0,0,0,1,1
t,2900,3300,1350,4850,1,1,1,1,0,0,1,1
t,2900,3450,300,6050,1,1,1,1,1,1,1,1
t,2900,3050,1100,4850,1,1,1,1,0,0,1,1
t,2900,3050,1850,4100,1,1,1,1,0,0,1,1
t,2900,3050,1650,4300,1,1,1,1,0,0,1,1
t,1400,4900,4900,1400,0,0,0,0,0,0,0,1
t,1400,5400,4800,2000,0,0,0,0,0,0,1,1
ct,1900,10100,5200,6800,1,1,1,1,1,1,1,1
t,1400,4950,4900,1450,0,0,0,0,0,0,0,1
ct,1900,7350,5200,4050,1,1,1,1,0,0,1,1
ct,1900,9350,7450,3800,1,1,1,1,0,0,1,1
ct,1900,9050,5600,5350,1,1,1,1,0,0,1,1
ct,2400,4100,4050,2450,1,0,0,0,0,0,1,1
t,1900,800,650,2050,0,0,0,0,0,0,1,1
t,1900,800,650,2050,0,0,0,0,0,0,1,1
t,1900,800,700,2000,0,0,0,0,0,0,1,1
t,1900,800,650,2050,0,0,0,0,0,0,1,1
t,1900,800,800,1900,0,0,0,0,0,0,1,1
ct,2400,2050,2000,2450,1,0,0,0,0,0,1,1
ct,2400,2050,1950,2500,1,0,0,0,0,0,1,1
ct,2400,1900,1850,2450,1,0,0,0,0,0,1,1
ct,2400,2050,2050,2400,0,0,0,0,0,0,1,1
t,1400,3650,3550,1500,0,0,0,0,0,0,0,1
t,1400,3900,3150,2150,0,0,0,0,0,0,1,1
t,1400,3950,3750,1600,0,0,0,0,0,0,0,1
t,1400,3800,3700,1500,0,0,0,0,0,0,0,1
ct,1400,4100,4050,1450,0,0,0,0,0,0,0,1
ct,1400,4100,4050,1450,0,0,0,0,0,0,0,1
t,1900,2700,2650,1950,0,0,0,0,0,0,1,1
ct,1400,3850,3550,1700,0,0,0,0,0,0,1,1
t,1900,2800,1000,3700,1,1,1,1,0,0,1,1
t,1900,3100,3050,1950,0,0,0,0,0,0,1,1
t,1900,2100,2000,2000,0,0,0,0,0,0,1,1
t,2400,1950,0,4350,1,1,1,1,0,0,1,1
t,2400,2100,0,4500,1,1,1,1,0,0,1,1
t,2400,1950,1700,2650,1,0,0,0,0,0,1,1
t,2400,1950,0,4350,1,1,1,1,0,0,1,1
t,2400,2500,700,4200,1,1,1,1,0,0,1,1
ct,1400,5350,5200,1550,0,0,0,0,0,0,0,1
ct,1400,7050,5600,2850,1,1,0,0,0,0,1,1
ct,1400,8850,5200,5050,1,1,1,1,0,0,1,1
t,2900,5250,5100,3050,1,1,1,0,0,0,1,1
t,2900,4800,4800,2900,1,1,0,0,0,0,1,1
t,2900,2650,2600,2950,1,1,1,0,0,0,1,1
t,2900,4350,4250,3000,1,1,1,0,0,0,1,1
t,2900,4500,4400,3000,1,1,1,0,0,0,1,1
ct,1400,7750,3350,5800,1,1,1,1,1,0,1,1
t,3400,2900,1450,4850,1,1,1,1,0,0,1,1
t,3400,2950,2050,4300,1,1,1,1,0,0,1,1
t,3400,3000,1150,5250,1,1,1,1,0,0,1,1
t,3400,3000,1200,5200,1,1,1,1,0,0,1,1
t,3400,5050,4800,3650,1,1,1,1,0,0,1,1
t,3400,4850,4700,3550,1,1,1,1,0,0,1,1
t,3400,4300,4300,3400,1,1,1,1,0,0,1,1
t,3400,6000,5900,3500,1,1,1,1,0,0,1,1
t,3400,5200,5100,3500,1,1,1,1,0,0,1,1
ct,1900,8650,6950,3600,1,1,1,1,0,0,1,1
ct,1900,5700,4500,3100,1,1,1,0,0,0,1,1
ct,1900,8150,4350,5700,1,1,1,1,1,0,1,1
ct,1900,8450,4200,6150,1,1,1,1,1,1,1,1
t,1400,4550,4400,1550,0,0,0,0,0,0,0,1
t,1900,800,650,2050,0,0,0,0,0,0,1,1
t,1900,800,650,2050,0,0,0,0,0,0,1,1
ct,1900,800,650,2050,0,0,0,0,0,0,1,1
ct,1900,800,650,2050,0,0,0,0,0,0,1,1
ct,1900,800,650,2050,0,0,0,0,0,0,1,1
ct,1900,800,800,1900,0,0,0,0,0,0,1,1
t,1900,800,650,2050,0,0,0,0,0,0,1,1
ct,1900,800,650,2050,0,0,0,0,0,0,1,1
t,1900,800,700,2000,0,0,0,0,0,0,1,1
t,1900,800,800,1900,0,0,0,0,0,0,1,1
t,2400,2050,2000,2450,1,0,0,0,0,0,1,1
ct,1400,3650,3550,1500,0,0,0,0,0,0,0,1
ct,1400,4250,4250,1400,0,0,0,0,0,0,0,1
ct,1400,3950,3950,1400,0,0,0,0,0,0,0,1
ct,1400,3800,3750,1450,0,0,0,0,0,0,0,1
ct,1400,3950,3950,1400,0,0,0,0,0,0,0,1
t,2400,2300,2200,2500,1,0,0,0,0,0,1,1
t,2400,1900,1850,2450,1,0,0,0,0,0,1,1
t,2900,2700,700,4900,1,1,1,1,0,0,1,1
t,2900,2450,700,4650,1,1,1,1,0,0,1,1
ct,1400,4450,4400,1450,0,0,0,0,0,0,0,1
t,2900,2550,700,4750,1,1,1,1,0,0,1,1
t,2900,2500,300,5100,1,1,1,1,0,0,1,1
t,2900,2750,0,5650,1,1,1,1,1,0,1,1
t,3400,4900,4800,3500,1,1,1,1,0,0,1,1
t,3400,4650,4600,3450,1,1,1,1,0,0,1,1
t,3400,4750,4600,3550,1,1,1,1,0,0,1,1
ct,1400,5300,5200,1500,0,0,0,0,0,0,0,1
t,3400,5100,4800,3700,1,1,1,1,0,0,1,1
t,3400,5950,5900,3450,1,1,1,1,0,0,1,1
t,1400,4100,4000,1500,0,0,0,0,0,0,0,1
ct,2400,2000,0,4400,1,1,1,1,0,0,1,1
ct,2400,2050,0,4450,1,1,1,1,0,0,1,1
ct,2400,2100,0,4500,1,1,1,1,0,0,1,1
t,1400,6400,4900,2900,1,1,0,0,0,0,1,1
ct,2900,4550,4550,2900,1,1,0,0,0,0,1,1
ct,2900,4600,4550,2950,1,1,1,0,0,0,1,1
t,1400,5000,4800,1600,0,0,0,0,0,0,0,1
t,1400,7900,4800,4500,1,1,1,1,0,0,1,1
t,1400,6400,4800,3000,1,1,1,0,0,0,1,1
t,1400,10900,6500,5800,1,1,1,1,1,0,1,1
ct,3400,4300,2550,5150,1,1,1,1,0,0,1,1
ct,1400,5250,5250,1400,0,0,0,0,0,0,0,1
ct,1400,5950,5900,1450,0,0,0,0,0,0,0,1
ct,1400,5150,5000,1550,0,0,0,0,0,0,0,1
t,1900,6800,6650,2050,0,0,0,0,0,0,1,1
t,2400,5200,4800,2800,1,1,0,0,0,0,1,1
t,2400,4200,4200,2400,0,0,0,0,0,0,1,1
t,2400,3400,3300,2500,1,0,0,0,0,0,1,1
t,2400,3400,3300,2500,1,0,0,0,0,0,1,1
t,2900,2400,2400,2900,1,1,0,0,0,0,1,1
t,2900,2500,2400,3000,1,1,1,0,0,0,1,1
t,2900,2500,2400,3000,1,1,1,0,0,0,1,1
ct,1900,800,650,2050,0,0,0,0,0,0,1,1
ct,1900,800,650,2050,0,0,0,0,0,0,1,1
ct,1900,800,650,2050,0,0,0,0,0,0,1,1
ct,1900,800,800,1900,0,0,0,0,0,0,1,1
ct,1900,800,650,2050,0,0,0,0,0,0,1,1
ct,1400,3950,3950,1400,0,0,0,0,0,0,0,1
ct,1400,4250,4250,1400,0,0,0,0,0,0,0,1
t,2400,2300,0,4700,1,1,1,1,0,0,1,1
t,2400,2050,2000,2450,1,0,0,0,0,0,1,1
t,2400,2350,2300,2450,1,0,0,0,0,0,1,1
t,2400,2000,1700,2700,1,0,0,0,0,0,1,1
t,2400,2050,1000,3450,1,1,1,1,0,0,1,1
ct,1400,3500,3350,1550,0,0,0,0,0,0,0,1
t,2900,2450,0,5350,1,1,1,1,0,0,1,1
t,2900,2450,700,4650,1,1,1,1,0,0,1,1
t,2900,2750,700,4950,1,1,1,1,0,0,1,1
t,2900,2700,0,5600,1,1,1,1,1,0,1,1
t,2900,2450,700,4650,1,1,1,1,0,0,1,1
t,3400,5650,5100,3950,1,1,1,1,0,0,1,1
t,3400,5550,4800,4150,1,1,1,1,0,0,1,1
t,3400,5550,4900,4050,1,1,1,1,0,0,1,1
t,3400,6200,6050,3550,1,1,1,1,0,0,1,1
t,3400,5550,4800,4150,1,1,1,1,0,0,1,1
t,3400,3950,2200,5150,1,1,1,1,0,0,1,1
t,3400,3850,2800,4450,1,1,1,1,0,0,1,1
t,3400,3550,1000,5950,1,1,1,1,1,1,1,1
ct,1400,10050,5600,5850,1,1,1,1,1,0,1,1
t,3400,4450,4400,3450,1,1,1,1,0,0,1,1
t,3400,5200,4800,3800,1,1,1,1,0,0,1,1
t,3400,6250,6250,3400,1,1,1,1,0,0,1,1
t,3400,4750,4600,3550,1,1,1,1,0,0,1,1
ct,1400,8250,5600,4050,1,1,1,1,0,0,1,1
t,3400,3450,1850,5000,1,1,1,1,0,0,1,1
t,3400,3450,2200,4650,1,1,1,1,0,0,1,1
t,3400,3800,2800,4400,1,1,1,1,0,0,1,1
t,3400,3850,1150,6100,1,1,1,1,1,1,1,1
ct,1900,9250,5600,5550,1,1,1,1,1,0,1,1
t,1400,5050,1400,5050,1,1,1,1,0,0,1,1
t,1400,4500,4400,1500,0,0,0,0,0,0,0,1
ct,2400,5650,5200,2850,1,1,0,0,0,0,1,1
ct,2400,4200,4150,2450,1,0,0,0,0,0,1,1
t,1400,7200,4800,3800,1,1,1,1,0,0,1,1
ct,2400,4550,4550,2400,0,0,0,0,0,0,1,1
ct,2400,6500,6400,2500,1,0,0,0,0,0,1,1
ct,2900,3350,1300,4950,1,1,1,1,0,0,1,1
ct,2900,3250,1750,4400,1,1,1,1,0,0,1,1
t,1400,6100,4900,2600,1,0,0,0,0,0,1,1
t,1400,5950,4800,2550,1,0,0,0,0,0,1,1
t,1400,5650,4800,2250,0,0,0,0,0,0,1,1
ct,2900,4200,800,6300,1,1,1,1,1,1,1,1
ct,2900,2700,700,4900,1,1,1,1,0,0,1,1
ct,3400,5300,5200,3500,1,1,1,1,0,0,1,1
ct,3400,4450,4350,3500,1,1,1,1,0,0,1,1
ct,3400,5250,5250,3400,1,1,1,1,0,0,1,1
t,1400,7750,5400,3750,1,1,1,1,0,0,1,1
t,1900,800,650,2050,0,0,0,0,0,0,1,1
t,1900,800,700,2000,0,0,0,0,0,0,1,1
ct,1900,800,650,2050,0,0,0,0,0,0,1,1
t,1900,800,700,2000,0,0,0,0,0,0,1,1
t,1900,800,650,2050,0,0,0,0,0,0,1,1
t,1900,800,650,2050,0,0,0,0,0,0,1,1
ct,1900,800,800,1900,0,0,0,0,0,0,1,1
ct,1900,800,650,2050,0,0,0,0,0,0,1,1
ct,1900,800,650,2050,0,0,0,0,0,0,1,1
ct,1900,800,800,1900,0,0,0,0,0,0,1,1
t,1400,4000,3950,1450,0,0,0,0,0,0,0,1
t,1400,3950,3900,1450,0,0,0,0,0,0,0,1
t,1400,3350,3250,1500,0,0,0,0,0,0,0,1
t,1400,3400,3250,1550,0,0,0,0,0,0,0,1
t,1400,4000,3900,1500,0,0,0,0,0,0,0,1
ct,2400,2650,2500,2550,1,0,0,0,0,0,1,1
ct,2400,2500,2500,2400,0,0,0,0,0,0,1,1
ct,2400,2200,2200,2400,0,0,0,0,0,0,1,1
ct,2400,2050,1650,2800,1,1,0,0,0,0,1,1
t,1900,1450,1350,2000,0,0,0,0,0,0,1,1
t,1900,1500,950,2450,1,0,0,0,0,0,1,1
t,1900,1500,1500,1900,0,0,0,0,0,0,1,1
ct,1400,3800,2700,2500,1,0,0,0,0,0,1,1
ct,1400,4200,4050,1550,0,0,0,0,0,0,0,1
t,1400,3550,3250,1700,0,0,0,0,0,0,1,1
t,1400,3500,3400,1500,0,0,0,0,0,0,0,1
ct,1900,2550,2550,1900,0,0,0,0,0,0,1,1
ct,1900,1600,1450,2050,0,0,0,0,0,0,1,1
t,1900,2900,2000,2800,1,1,0,0,0,0,1,1
ct,1400,6150,5600,1950,0,0,0,0,0,0,1,1
t,1900,1800,1800,1900,0,0,0,0,0,0,1,1
t,2400,2950,700,4650,1,1,1,1,0,0,1,1
t,2400,2600,700,4300,1,1,1,1,0,0,1,1
t,2400,2050,0,4450,1,1,1,1,0,0,1,1
t,2400,1900,0,4300,1,1,1,1,0,0,1,1
t,2400,2200,0,4600,1,1,1,1,0,0,1,1
ct,1400,5200,3350,3250,1,1,1,1,0,0,1,1
t,2900,4300,4200,3000,1,1,1,0,0,0,1,1
t,2900,4450,4400,2950,1,1,1,0,0,0,1,1
t,2900,4300,4200,3000,1,1,1,0,0,0,1,1
t,2900,4300,3900,3300,1,1,1,1,0,0,1,1
t,3400,3000,1850,4550,1,1,1,1,0,0,1,1
t,3400,3250,1850,4800,1,1,1,1,0,0,1,1
t,3400,3000,1750,4650,1,1,1,1,0,0,1,1
t,3400,3600,1350,5650,1,1,1,1,1,0,1,1
ct,1400,8800,5600,4600,1,1,1,1,0,0,1,1
t,3400,4150,3900,3650,1,1,1,1,0,0,1,1
t,3400,4550,4400,3550,1,1,1,1,0,0,1,1
t,3400,4650,4600,3450,1,1,1,1,0,0,1,1
t,3400,5300,4800,3900,1,1,1,1,0,0,1,1
t,3400,3950,2200,5150,1,1,1,1,0,0,1,1
t,3400,3500,1950,4950,1,1,1,1,0,0,1,1
t,3400,3450,1950,4900,1,1,1,1,0,0,1,1
t,3400,3900,2400,4900,1,1,1,1,0,0,1,1
t,1400,5000,4900,1500,0,0,0,0,0,0,0,1
t,1400,5050,4900,1550,0,0,0,0,0,0,0,1
t,1400,4750,4600,1550,0,0,0,0,0,0,0,1
ct,1900,8700,5450,5150,1,1,1,1,0,0,1,1
ct,1900,9350,5600,5650,1,1,1,1,1,0,1,1
ct,1900,7250,5200,3950,1,1,1,1,0,0,1,1
ct,1900,12000,6700,7200,1,1,1,1,1,1,1,1
t,1400,6100,5100,2400,0,0,0,0,0,0,1,1
ct,2400,8250,6100,4550,1,1,1,1,0,0,1,1
ct,2400,5350,5350,2400,0,0,0,0,0,0,1,1
ct,2400,4850,4700,2550,1,0,0,0,0,0,1,1
ct,2400,7500,7400,2500,1,0,0,0,0,0,1,1
ct,1900,800,650,2050,0,0,0,0,0,0,1,1
ct,1900,800,800,1900,0,0,0,0,0,0,1,1
ct,1900,800,650,2050,0,0,0,0,0,0,1,1
ct,1900,800,650,2050,0,0,0,0,0,0,1,1
ct,1900,800,800,1900,0,0,0,0,0,0,1,1
ct,1400,4550,4550,1400,0,0,0,0,0,0,0,1
ct,1400,3500,3450,1450,0,0,0,0,0,0,0,1
t,2400,2000,0,4400,1,1,1,1,0,0,1,1
ct,1400,3950,3500,1850,0,0,0,0,0,0,1,1
ct,1400,3950,3950,1400,0,0,0,0,0,0,0,1
ct,1400,3500,3450,1450,0,0,0,0,0,0,0,1
t,2400,2000,0,4400,1,1,1,1,0,0,1,1
t,2400,2350,300,4450,1,1,1,1,0,0,1,1
t,2400,2350,200,4550,1,1,1,1,0,0,1,1
t,2400,2000,0,4400,1,1,1,1,0,0,1,1
t,2900,4400,4400,2900,1,1,0,0,0,0,1,1
t,2900,4400,4400,2900,1,1,0,0,0,0,1,1
t,2900,4450,4400,2950,1,1,1,0,0,0,1,1
t,2900,4550,4400,3050,1,1,1,0,0,0,1,1
t,2900,4400,4400,2900,1,1,0,0,0,0,1,1
ct,1900,5250,5250,1900,0,0,0,0,0,0,1,1
ct,1400,6050,4700,2750,1,0,0,0,0,0,1,1
t,1900,7800,4400,5300,1,1,1,1,0,0,1,1
ct,1400,6600,5200,2800,1,1,0,0,0,0,1,1
t,1900,7200,4900,4200,1,1,1,1,0,0,1,1
t,1900,7450,4900,4450,1,1,1,1,0,0,1,1
t,1900,7250,4900,4250,1,1,1,1,0,0,1,1
t,1900,8000,4800,5100,1,1,1,1,0,0,1,1
ct,1900,1800,1450,2250,0,0,0,0,0,0,1,1
t,1400,6650,4900,3150,1,1,1,1,0,0,1,1
ct,1900,3300,3050,2150,0,0,0,0,0,0,1,1
ct,1900,3750,3750,1900,0,0,0,0,0,0,1,1
ct,1900,3250,3250,1900,0,0,0,0,0,0,1,1
t,1400,5800,4800,2400,0,0,0,0,0,0,1,1
t,1400,6450,4800,3050,1,1,1,0,0,0,1,1
ct,1400,5000,4900,1500,0,0,0,0,0,0,0,1
t,1900,3050,2600,2350,0,0,0,0,0,0,1,1
ct,1900,1950,1800,2050,0,0,0,0,0,0,1,1
ct,1900,1650,1650,1900,0,0,0,0,0,0,1,1
t,1400,4800,4700,1500,0,0,0,0,0,0,0,1
ct,1900,2800,2600,2100,0,0,0,0,0,0,1,1
ct,1900,3400,3350,1950,0,0,0,0,0,0,1,1
t,1400,4050,4000,1450,0,0,0,0,0,0,0,1
ct,1400,3650,3600,1450,0,0,0,0,0,0,0,1
t,1900,1500,1450,1950,0,0,0,0,0,0,1,1
t,1900,1950,1800,2050,0,0,0,0,0,0,1,1
t,1900,2850,2800,1950,0,0,0,0,0,0,1,1
t,1900,2400,1350,2950,1,1,1,0,0,0,1,1
ct,1400,3800,3350,1850,0,0,0,0,0,0,1,1
t,2400,2550,0,4950,1,1,1,1,0,0,1,1
t,2400,2650,300,4750,1,1,1,1,0,0,1,1
t,2400,3450,1350,4500,1,1,1,1,0,0,1,1
t,2400,2600,700,4300,1,1,1,1,0,0,1,1
t,2400,4150,1750,4800,1,1,1,1,0,0,1,1
t,2900,4950,4900,2950,1,1,1,0,0,0,1,1
ct,1400,5950,5800,1550,0,0,0,0,0,0,0,1
t,2900,4750,4700,2950,1,1,1,0,0,0,1,1
t,2900,4800,4700,3000,1,1,1,0,0,0,1,1
t,2900,1900,1850,2950,1,1,1,0,0,0,1,1
t,2900,4800,4800,2900,1,1,0,0,0,0,1,1
ct,1900,800,650,2050,0,0,0,0,0,0,1,1
ct,1900,800,800,1900,0,0,0,0,0,0,1,1
ct,1900,800,650,2050,0,0,0,0,0,0,1,1
t,1900,800,650,2050,0,0,0,0,0,0,1,1
ct,1900,800,800,1900,0,0,0,0,0,0,1,1
t,1900,800,650,2050,0,0,0,0,0,0,1,1
ct,1900,800,650,2050,0,0,0,0,0,0,1,1
t,1900,800,700,2000,0,0,0,0,0,0,1,1
t,1900,800,650,2050,0,0,0,0,0,0,1,1
t,1900,800,650,2050,0,0,0,0,0,0,1,1
ct,1400,3950,3850,1500,0,0,0,0,0,0,0,1
ct,1400,3800,3550,1650,0,0,0,0,0,0,0,1
ct,1400,4250,4250,1400,0,0,0,0,0,0,0,1
t,2400,2050,0,4450,1,1,1,1,0,0,1,1
ct,1400,3800,3550,1650,0,0,0,0,0,0,0,1
t,2400,2050,0,4450,1,1,1,1,0,0,1,1
ct,1400,3650,2750,2300,0,0,0,0,0,0,1,1
t,2400,2000,0,4400,1,1,1,1,0,0,1,1
t,2400,2350,700,4050,1,1,1,1,0,0,1,1
t,2400,2050,0,4450,1,1,1,1,0,0,1,1
t,2900,4750,4000,3650,1,1,1,1,0,0,1,1
t,2900,4450,4200,3150,1,1,1,1,0,0,1,1
t,2900,4400,4300,3000,1,1,1,0,0,0,1,1
t,2900,4050,4000,2950,1,1,1,0,0,0,1,1
t,2900,4450,4400,2950,1,1,1,0,0,0,1,1
ct,1900,4250,4200,1950,0,0,0,0,0,0,1,1
ct,1900,3150,3150,1900,0,0,0,0,0,0,1,1
t,1400,3500,3500,1400,0,0,0,0,0,0,0,1
ct,1900,5450,5400,1950,0,0,0,0,0,0,1,1
ct,2400,2350,300,4450,1,1,1,1,0,0,1,1
ct,2400,2150,0,4550,1,1,1,1,0,0,1,1
ct,2400,2000,700,3700,1,1,1,1,0,0,1,1
ct,2400,2450,500,4350,1,1,1,1,0,0,1,1
t,1400,3650,3450,1600,0,0,0,0,0,0,0,1
ct,2900,4500,4350,3050,1,1,1,0,0,0,1,1
ct,2900,4050,4050,2900,1,1,0,0,0,0,1,1
ct,2900,4400,4350,2950,1,1,1,0,0,0,1,1
ct,3400,3150,2200,4350,1,1,1,1,0,0,1,1
ct,3400,3050,1450,5000,1,1,1,1,0,0,1,1
t,1400,7450,4900,3950,1,1,1,1,0,0,1,1
ct,3400,3300,700,6000,1,1,1,1,1,1,1,1
ct,3400,5300,5150,3550,1,1,1,1,0,0,1,1
ct,3400,5200,5200,3400,1,1,1,1,0,0,1,1
ct,3400,5400,5200,3600,1,1,1,1,0,0,1,1
ct,3400,6100,5900,3600,1,1,1,1,0,0,1,1
ct,1400,5550,5200,1750,0,0,0,0,0,0,1,1
t,1900,5750,4800,2850,1,1,0,0,0,0,1,1
t,1900,7400,6850,2450,1,0,0,0,0,0,1,1
t,2400,4450,2200,4650,1,1,1,1,0,0,1,1
t,2400,5300,3100,4600,1,1,1,1,0,0,1,1
t,2400,2450,650,4200,1,1,1,1,0,0,1,1
ct,1400,6200,5100,2500,1,0,0,0,0,0,1,1
t,2900,5450,4400,3950,1,1,1,1,0,0,1,1
t,2900,4550,4000,3450,1,1,1,1,0,0,1,1
t,2900,5550,4900,3550,1,1,1,1,0,0,1,1
t,2900,5300,4800,3400,1,1,1,1,0,0,1,1
t,2900,4800,4800,2900,1,1,0,0,0,0,1,1
ct,1900,7950,5800,4050,1,1,1,1,0,0,1,1
ct,1900,10850,6100,6650,1,1,1,1,1,1,1,1
t,1400,4650,4600,1450,0,0,0,0,0,0,0,1
ct,1900,9800,8150,3550,1,1,1,1,0,0,1,1
t,1900,800,700,2000,0,0,0,0,0,0,1,1
t,1900,800,800,1900,0,0,0,0,0,0,1,1
t,1900,800,650,2050,0,0,0,0,0,0,1,1
t,1900,800,650,2050,0,0,0,0,0,0,1,1
t,1900,800,650,2050,0,0,0,0,0,0,1,1
t,1400,3650,3550,1500,0,0,0,0,0,0,0,1
t,1400,3250,3250,1400,0,0,0,0,0,0,0,1
t,1400,3700,3150,1950,0,0,0,0,0,0,1,1
ct,2400,2150,2100,2450,1,0,0,0,0,0,1,1
t,1400,4300,3700,2000,0,0,0,0,0,0,1,1
ct,2400,2000,2000,2400,0,0,0,0,0,0,1,1
t,1400,3700,3550,1550,0,0,0,0,0,0,0,1
ct,2400,2150,2100,2450,1,0,0,0,0,0,1,1
ct,2900,2400,300,5000,1,1,1,1,0,0,1,1
ct,2900,2450,300,5050,1,1,1,1,0,0,1,1
ct,2900,2500,300,5100,1,1,1,1,0,0,1,1
ct,3400,5050,4900,3550,1,1,1,1,0,0,1,1
ct,3400,5000,4600,3800,1,1,1,1,0,0,1,1
ct,3400,5050,4200,4250,1,1,1,1,0,0,1,1
ct,3400,5100,5000,3500,1,1,1,1,0,0,1,1
t,2400,2750,2700,2450,1,0,0,0,0,0,1,1
t,2400,4750,4700,2450,1,0,0,0,0,0,1,1
t,2400,5000,4900,2500,1,0,0,0,0,0,1,1
ct,1400,6700,5600,2500,1,0,0,0,0,0,1,1
t,1400,4450,4200,1650,0,0,0,0,0,0,0,1
ct,1900,7650,5200,4350,1,1,1,1,0,0,1,1
ct,1900,6500,5600,2800,1,1,0,0,0,0,1,1
t,1900,4700,4600,2000,0,0,0,0,0,0,1,1
t,1900,4550,4400,2050,0,0,0,0,0,0,1,1
t,1900,4900,4900,1900,0,0,0,0,0,0,1,1
t,1900,4750,4600,2050,0,0,0,0,0,0,1,1
ct,1400,5650,5250,1800,0,0,0,0,0,0,1,1
t,2400,2000,0,4400,1,1,1,1,0,0,1,1
t,2400,2050,0,4450,1,1,1,1,0,0,1,1
t,2400,1900,300,4000,1,1,1,1,0,0,1,1
ct,1400,6000,5600,1800,0,0,0,0,0,0,1,1
t,2400,2150,300,4250,1,1,1,1,0,0,1,1
ct,1400,5900,5600,1700,0,0,0,0,0,0,1,1
t,2900,4400,4400,2900,1,1,0,0,0,0,1,1
t,2900,4000,4000,2900,1,1,0,0,0,0,1,1
t,2900,4150,3900,3150,1,1,1,1,0,0,1,1
ct,1400,5150,5000,1550,0,0,0,0,0,0,0,1
