side,lossReward,retained_value,roundStartMoney,confidence,exact_n,effective_n,nearest_observed_distance,estimate_level,spend_p25,spend_median,spend_p75,bank_after_buy_median,nextIfLoseNoSpend,nextIfLoseAfterMedianSpend,nextIfLoseAfterMedianSpendAndPlant,top3_primary,armor_prob,helmet_prob,defusekit_prob,smoke_prob,flash1plus_prob,flash2_prob,HE_prob,fire_prob,economy_entropy,top3_loadout_mass,top3_loadouts
t,1400,none,3250,OBSERVED,48,131.6,0,none,3100,3150,3250,,4650,1500,2100,MAC-10:69%;Galil AR:21%;none:4%,1.0,0.991,0.0,0.958,0.747,0.258,0.525,0.762,0.572,0.783,MAC-10|Glock-18|a1h1k0|sm1fl1HE1fr1;MAC-10|Glock-18|a1h1k0|sm1fl2HE0fr1;Galil AR|Glock-18|a1h1k0|sm1fl0HE0fr0
t,1400,none,3300,OBSERVED,27,102.5,0,none,3150,3250,3300,,4700,1450,2050,MAC-10:46%;Galil AR:40%;MP7:9%,1.0,0.983,0.0,0.949,0.857,0.218,0.433,0.617,0.502,0.686,MAC-10|Glock-18|a1h1k0|sm1fl1HE1fr1;Galil AR|Glock-18|a1h1k0|sm1fl1HE0fr0;MAC-10|Glock-18|a1h1k0|sm1fl2HE0fr1
t,1400,none,3350,OBSERVED,82,167.2,0,none,3200,3250,3300,,4750,1500,2100,MAC-10:48%;Galil AR:35%;MP7:10%,1.0,0.998,0.0,0.957,0.927,0.219,0.419,0.624,0.7,0.719,MAC-10|Glock-18|a1h1k0|sm1fl1HE1fr1;Galil AR|Glock-18|a1h1k0|sm1fl1HE0fr0;MAC-10|Glock-18|a1h1k0|sm1fl2HE0fr1
t,1400,none,3400,OBSERVED,142,150.0,0,none,3250,3300,3300,,4800,1500,2100,Galil AR:52%;MAC-10:38%;MP7:6%,1.0,1.0,0.0,0.904,0.717,0.103,0.539,0.51,0.779,0.777,Galil AR|Glock-18|a1h1k0|sm1fl1HE0fr0;MAC-10|Glock-18|a1h1k0|sm1fl1HE1fr1;Galil AR|Glock-18|a1h1k0|sm1fl0HE1fr0
t,1400,none,3450,OBSERVED,10,142.4,0,none,3250,3300,3350,,4850,1550,2150,Galil AR:52%;MAC-10:38%;MP7:5%,1.0,1.0,0.0,0.929,0.707,0.163,0.578,0.504,0.801,0.779,MAC-10|Glock-18|a1h1k0|sm1fl1HE1fr1;Galil AR|Glock-18|a1h1k0|sm1fl1HE0fr0;Galil AR|Glock-18|a1h1k0|sm1fl0HE1fr0
t,1400,none,3500,OBSERVED,35,118.6,0,none,3250,3450,3500,,4900,1450,2050,Galil AR:56%;MAC-10:32%;AK-47:5%,1.0,0.981,0.0,0.967,0.695,0.364,0.35,0.647,0.777,0.732,Galil AR|Glock-18|a1h1k0|sm1fl2HE0fr0;Galil AR|Glock-18|a1h1k0|sm1fl0HE0fr1;MAC-10|Glock-18|a1h1k0|sm1fl1HE1fr1
t,1400,none,3550,OBSERVED,63,110.9,0,none,3250,3500,3500,,4950,1450,2050,Galil AR:56%;MAC-10:32%;AK-47:4%,1.0,0.985,0.0,0.945,0.638,0.292,0.353,0.682,0.848,0.67,Galil AR|Glock-18|a1h1k0|sm1fl0HE0fr1;Galil AR|Glock-18|a1h1k0|sm1fl2HE0fr0;MAC-10|Glock-18|a1h1k0|sm1fl1HE1fr1
t,1400,none,3600,OBSERVED,61,164.6,0,none,3250,3500,3500,,5000,1500,2100,Galil AR:56%;MAC-10:32%;AK-47:5%,1.0,0.995,0.0,0.954,0.666,0.296,0.374,0.697,0.987,0.672,Galil AR|Glock-18|a1h1k0|sm1fl0HE0fr1;Galil AR|Glock-18|a1h1k0|sm1fl2HE0fr0;MAC-10|Glock-18|a1h1k0|sm1fl1HE1fr1
t,1400,none,3650,OBSERVED,129,147.7,0,none,3350,3500,3500,,5050,1550,2150,Galil AR:61%;MAC-10:25%;AK-47:8%,1.0,0.992,0.0,0.968,0.669,0.277,0.39,0.681,0.988,0.658,Galil AR|Glock-18|a1h1k0|sm1fl0HE0fr1;Galil AR|Glock-18|a1h1k0|sm1fl2HE0fr0;MAC-10|Glock-18|a1h1k0|sm1fl1HE1fr1
t,1400,none,3700,OBSERVED,149,161.6,0,none,3350,3650,3700,,5100,1450,2050,Galil AR:55%;AK-47:22%;MAC-10:20%,0.993,0.993,0.0,0.921,0.801,0.134,0.298,0.73,1.24,0.528,Galil AR|Glock-18|a1h1k0|sm1fl1HE0fr1;MAC-10|Glock-18|a1h1k0|sm1fl1HE1fr1;Galil AR|Glock-18|a1h1k0|sm1fl0HE0fr1
t,1400,none,3750,OBSERVED,15,137.6,0,none,3500,3700,3700,,5150,1450,2050,Galil AR:62%;AK-47:19%;MAC-10:16%,0.978,0.974,0.0,0.891,0.822,0.186,0.248,0.753,1.212,0.595,Galil AR|Glock-18|a1h1k0|sm1fl1HE0fr1;MAC-10|Glock-18|a1h1k0|sm1fl1HE1fr1;Galil AR|Glock-18|a1h1k0|sm1fl2HE0fr1
t,1400,none,3800,OBSERVED,28,107.1,0,none,3600,3700,3800,,5200,1500,2100,Galil AR:57%;AK-47:25%;MAC-10:15%,0.985,0.97,0.0,0.873,0.779,0.339,0.393,0.786,1.193,0.533,Galil AR|Glock-18|a1h1k0|sm1fl1HE0fr1;Galil AR|Glock-18|a1h1k0|sm1fl0HE1fr1;Galil AR|Glock-18|a1h1k0|sm1fl2HE0fr1
t,1400,none,3850,OBSERVED,51,126.8,0,none,3450,3700,3800,,5250,1550,2150,Galil AR:51%;AK-47:22%;MAC-10:22%,0.988,0.968,0.0,0.906,0.705,0.318,0.454,0.798,1.219,0.54,Galil AR|Glock-18|a1h1k0|sm1fl0HE1fr1;Galil AR|Glock-18|a1h1k0|sm1fl1HE0fr1;MAC-10|Glock-18|a1h1k0|sm1fl1HE1fr1
t,1400,none,3900,OBSERVED,52,131.8,0,none,3600,3800,3900,,5300,1500,2100,Galil AR:59%;AK-47:19%;MAC-10:16%,0.997,0.974,0.0,0.909,0.784,0.484,0.302,0.798,1.072,0.629,Galil AR|Glock-18|a1h1k0|sm1fl2HE0fr1;Galil AR|Glock-18|a1h1k0|sm1fl0HE1fr1;Galil AR|Glock-18|a1h1k0|sm1fl1HE0fr1
t,1400,none,3950,OBSERVED,99,112.3,0,none,3800,3900,3900,,5350,1450,2050,Galil AR:65%;AK-47:21%;MAC-10:12%,1.0,0.999,0.0,0.91,0.829,0.446,0.359,0.847,0.868,0.707,Galil AR|Glock-18|a1h1k0|sm1fl2HE0fr1;Galil AR|Glock-18|a1h1k0|sm1fl0HE1fr1;MAC-10|Glock-18|a1h1k0|sm1fl1HE1fr1
t,1400,none,4000,OBSERVED,98,107.3,0,none,3900,3950,4000,,5400,1450,2050,AK-47:50%;Galil AR:39%;MAC-10:8%,1.0,1.0,0.0,0.957,0.71,0.215,0.358,0.671,0.656,0.625,Galil AR|Glock-18|a1h1k0|sm1fl1HE1fr1;AK-47|Glock-18|a1h1k0|sm1fl0HE0fr0;Galil AR|Glock-18|a1h1k0|sm1fl2HE0fr1
t,1400,none,4050,OBSERVED,7,103.0,0,none,3900,3950,4000,,5450,1500,2100,AK-47:44%;Galil AR:43%;MAC-10:10%,1.0,1.0,0.0,0.961,0.781,0.299,0.374,0.679,0.685,0.695,Galil AR|Glock-18|a1h1k0|sm1fl1HE1fr1;Galil AR|Glock-18|a1h1k0|sm1fl2HE0fr1;AK-47|Glock-18|a1h1k0|sm1fl0HE0fr0
t,1400,none,4100,OBSERVED,29,109.3,0,none,3850,3900,4000,,5500,1600,2200,Galil AR:46%;AK-47:38%;MAC-10:12%,1.0,0.998,0.0,0.943,0.792,0.427,0.371,0.718,0.839,0.673,Galil AR|Glock-18|a1h1k0|sm1fl2HE0fr1;Galil AR|Glock-18|a1h1k0|sm1fl1HE1fr1;AK-47|Glock-18|a1h1k0|sm1fl0HE0fr0
t,1400,none,4150,OBSERVED,31,104.1,0,none,3750,3900,4000,,5550,1650,2250,Galil AR:45%;AK-47:35%;MAC-10:15%,1.0,0.987,0.0,0.945,0.791,0.465,0.376,0.76,0.873,0.657,Galil AR|Glock-18|a1h1k0|sm1fl2HE0fr1;Galil AR|Glock-18|a1h1k0|sm1fl1HE1fr1;AK-47|Glock-18|a1h1k0|sm1fl0HE0fr0
t,1400,none,4200,OBSERVED,24,106.6,0,none,3900,4000,4200,,5600,1600,2200,AK-47:57%;Galil AR:29%;MAC-10:12%,1.0,0.978,0.0,0.943,0.869,0.368,0.302,0.555,0.774,0.644,AK-47|Glock-18|a1h1k0|sm1fl1HE0fr0;Galil AR|Glock-18|a1h1k0|sm1fl2HE0fr1;Galil AR|Glock-18|a1h1k0|sm1fl1HE1fr1
t,1400,none,4250,OBSERVED,56,115.2,0,none,3900,4200,4200,,5650,1450,2050,AK-47:71%;Galil AR:20%;MAC-10:8%,1.0,0.983,0.0,0.922,0.897,0.308,0.332,0.439,0.595,0.59,AK-47|Glock-18|a1h1k0|sm1fl1HE0fr0;Galil AR|Glock-18|a1h1k0|sm1fl1HE1fr1;AK-47|USP-S|a1h1k0|sm1fl1HE0fr0
t,1400,none,4300,OBSERVED,48,113.1,0,none,3900,4200,4200,,5700,1500,2100,AK-47:77%;Galil AR:16%;MAC-10:6%,1.0,0.99,0.0,0.929,0.842,0.271,0.398,0.437,0.534,0.556,AK-47|Glock-18|a1h1k0|sm1fl1HE0fr0;AK-47|Glock-18|a1h1k0|sm1fl0HE1fr0;Galil AR|Glock-18|a1h1k0|sm1fl1HE1fr1
t,1400,none,4350,OBSERVED,4,112.2,0,none,3900,4200,4200,,5750,1550,2150,AK-47:72%;Galil AR:17%;MAC-10:7%,1.0,0.982,0.0,0.925,0.843,0.278,0.389,0.465,0.617,0.519,AK-47|Glock-18|a1h1k0|sm1fl1HE0fr0;AK-47|Glock-18|a1h1k0|sm1fl0HE1fr0;Galil AR|Glock-18|a1h1k0|sm1fl1HE1fr1
t,1400,none,4400,OBSERVED,9,106.2,0,none,3900,4250,4400,,5800,1550,2150,AK-47:76%;Galil AR:10%;MAC-10:7%,1.0,0.98,0.0,0.911,0.749,0.288,0.272,0.62,0.674,0.588,AK-47|Glock-18|a1h1k0|sm1fl0HE0fr1;AK-47|Glock-18|a1h1k0|sm1fl2HE0fr0;AK-47|Glock-18|a1h1k0|sm1fl1HE0fr1
t,1400,none,4450,OBSERVED,17,100.7,0,none,4000,4400,4400,,5850,1450,2050,AK-47:78%;MAC-10:8%;Galil AR:8%,1.0,0.986,0.0,0.93,0.682,0.296,0.238,0.696,0.64,0.641,AK-47|Glock-18|a1h1k0|sm1fl0HE0fr1;AK-47|Glock-18|a1h1k0|sm1fl2HE0fr0;AK-47|Glock-18|a1h1k0|sm1fl1HE0fr1
t,1400,none,4500,OBSERVED,17,107.9,0,none,4150,4400,4400,,5900,1500,2100,AK-47:79%;MAC-10:8%;Galil AR:6%,1.0,0.99,0.0,0.943,0.672,0.287,0.267,0.702,0.562,0.641,AK-47|Glock-18|a1h1k0|sm1fl0HE0fr1;AK-47|Glock-18|a1h1k0|sm1fl2HE0fr0;AK-47|Glock-18|a1h1k0|sm1fl1HE0fr1
t,1400,none,4550,OBSERVED,20,106.2,0,none,4050,4400,4400,,5950,1550,2150,AK-47:80%;MAC-10:8%;Galil AR:6%,1.0,0.992,0.0,0.949,0.673,0.283,0.282,0.712,0.464,0.633,AK-47|Glock-18|a1h1k0|sm1fl0HE0fr1;AK-47|Glock-18|a1h1k0|sm1fl2HE0fr0;AK-47|Glock-18|a1h1k0|sm1fl1HE0fr1
t,1400,none,4600,OBSERVED,23,109.2,0,none,4400,4500,4600,,6000,1500,2100,AK-47:90%;MAC-10:4%;none:2%,1.0,0.999,0.0,0.979,0.782,0.175,0.284,0.866,0.36,0.79,AK-47|Glock-18|a1h1k0|sm1fl1HE0fr1;AK-47|Glock-18|a1h1k0|sm1fl0HE0fr1;AK-47|Glock-18|a1h1k0|sm1fl1HE1fr1
t,1400,none,4650,OBSERVED,12,102.1,0,none,4400,4600,4600,,6050,1450,2050,AK-47:92%;MAC-10:4%;none:2%,1.0,0.999,0.0,0.98,0.836,0.159,0.296,0.893,0.247,0.81,AK-47|Glock-18|a1h1k0|sm1fl1HE0fr1;AK-47|Glock-18|a1h1k0|sm1fl1HE1fr1;AK-47|Glock-18|a1h1k0|sm1fl0HE0fr1
t,1400,none,4700,OBSERVED,14,103.1,0,none,4500,4600,4600,,6100,1500,2100,AK-47:94%;MAC-10:3%;none:2%,1.0,1.0,0.0,0.977,0.771,0.127,0.399,0.91,0.174,0.838,AK-47|Glock-18|a1h1k0|sm1fl1HE0fr1;AK-47|Glock-18|a1h1k0|sm1fl1HE1fr1;AK-47|Glock-18|a1h1k0|sm1fl0HE1fr1
t,1400,none,4750,OBSERVED,20,102.5,0,none,4450,4600,4600,,6150,1550,2150,AK-47:93%;MAC-10:4%;none:2%,1.0,1.0,0.0,0.968,0.742,0.13,0.441,0.908,0.147,0.834,AK-47|Glock-18|a1h1k0|sm1fl1HE0fr1;AK-47|Glock-18|a1h1k0|sm1fl1HE1fr1;AK-47|Glock-18|a1h1k0|sm1fl0HE1fr1
t,1400,none,4800,OBSERVED,20,107.9,0,none,4600,4700,4800,,6200,1500,2100,AK-47:95%;MAC-10:3%;M4A4:1%,1.0,1.0,0.0,0.951,0.796,0.398,0.353,0.936,0.179,0.873,AK-47|Glock-18|a1h1k0|sm1fl2HE0fr1;AK-47|Glock-18|a1h1k0|sm1fl1HE0fr1;AK-47|Glock-18|a1h1k0|sm1fl0HE1fr1
t,1400,none,4850,OBSERVED,19,101.8,0,none,4600,4700,4800,,6250,1550,2150,AK-47:93%;MAC-10:5%;M4A4:1%,1.0,1.0,0.0,0.941,0.815,0.483,0.322,0.93,0.247,0.857,AK-47|Glock-18|a1h1k0|sm1fl2HE0fr1;AK-47|Glock-18|a1h1k0|sm1fl1HE0fr1;AK-47|Glock-18|a1h1k0|sm1fl0HE1fr1
t,1400,none,4900,OBSERVED,23,106.7,0,none,4700,4800,4900,,6300,1500,2100,AK-47:93%;MAC-10:6%;M4A4:1%,1.0,1.0,0.0,0.942,0.897,0.415,0.512,0.918,0.319,0.862,AK-47|Glock-18|a1h1k0|sm1fl1HE1fr1;AK-47|Glock-18|a1h1k0|sm1fl2HE0fr1;AK-47|Glock-18|a1h1k0|sm1fl1HE0fr1
t,1400,none,4950,OBSERVED,21,110.6,0,none,4700,4800,4900,,6350,1550,2150,AK-47:93%;MAC-10:6%;Galil AR:0%,1.0,1.0,0.0,0.951,0.934,0.385,0.556,0.929,0.331,0.894,AK-47|Glock-18|a1h1k0|sm1fl1HE1fr1;AK-47|Glock-18|a1h1k0|sm1fl2HE0fr1;AK-47|Glock-18|a1h1k0|sm1fl1HE0fr1
t,1400,none,5000,OBSERVED,25,107.8,0,none,4800,4800,4900,,6400,1600,2200,AK-47:93%;MAC-10:6%;Galil AR:1%,1.0,1.0,0.0,0.96,0.955,0.36,0.588,0.953,0.315,0.935,AK-47|Glock-18|a1h1k0|sm1fl1HE1fr1;AK-47|Glock-18|a1h1k0|sm1fl2HE0fr1;MAC-10|Glock-18|a1h1k0|sm1fl1HE1fr1
t,1400,none,5050,OBSERVED,27,103.0,0,none,4800,4900,4900,,6450,1550,2150,AK-47:93%;MAC-10:5%;Galil AR:1%,1.0,1.0,0.0,0.96,0.97,0.343,0.616,0.972,0.295,0.962,AK-47|Glock-18|a1h1k0|sm1fl1HE1fr1;AK-47|Glock-18|a1h1k0|sm1fl2HE0fr1;MAC-10|Glock-18|a1h1k0|sm1fl1HE1fr1
t,1400,none,5100,OBSERVED,13,100.6,0,none,4800,4900,4900,,6500,1600,2200,AK-47:94%;MAC-10:5%;Galil AR:1%,1.0,1.0,0.0,0.953,0.983,0.322,0.652,0.986,0.274,0.982,AK-47|Glock-18|a1h1k0|sm1fl1HE1fr1;AK-47|Glock-18|a1h1k0|sm1fl2HE0fr1;MAC-10|Glock-18|a1h1k0|sm1fl1HE1fr1
t,1400,none,5150,OBSERVED,19,107.0,0,none,4800,4900,4900,,6550,1650,2250,AK-47:92%;MAC-10:4%;AWP:3%,1.0,1.0,0.0,0.944,0.988,0.336,0.644,0.99,0.256,0.98,AK-47|Glock-18|a1h1k0|sm1fl1HE1fr1;AK-47|Glock-18|a1h1k0|sm1fl2HE0fr1;MAC-10|Glock-18|a1h1k0|sm1fl1HE1fr1
t,1400,none,5200,OBSERVED,17,112.1,0,none,4800,4900,4900,,6600,1700,2300,AK-47:94%;MAC-10:4%;AWP:2%,1.0,1.0,0.0,0.944,0.987,0.35,0.623,0.987,0.233,0.964,AK-47|Glock-18|a1h1k0|sm1fl1HE1fr1;AK-47|Glock-18|a1h1k0|sm1fl2HE0fr1;MAC-10|Glock-18|a1h1k0|sm1fl1HE1fr1
t,1400,none,5250,OBSERVED,17,104.4,0,none,4800,4900,4900,,6650,1750,2350,AK-47:95%;MAC-10:3%;AWP:1%,1.0,0.999,0.0,0.947,0.986,0.371,0.6,0.986,0.209,0.95,AK-47|Glock-18|a1h1k0|sm1fl1HE1fr1;AK-47|Glock-18|a1h1k0|sm1fl2HE0fr1;MAC-10|Glock-18|a1h1k0|sm1fl1HE1fr1
t,1400,none,5300,OBSERVED,18,112.3,0,none,4800,4900,4900,,6700,1800,2400,AK-47:96%;MAC-10:3%;AWP:1%,1.0,0.996,0.0,0.95,0.987,0.391,0.584,0.987,0.194,0.935,AK-47|Glock-18|a1h1k0|sm1fl1HE1fr1;AK-47|Glock-18|a1h1k0|sm1fl2HE0fr1;AK-47|Tec-9|a1h1k0|sm1fl1HE1fr1
t,1400,none,5350,OBSERVED,14,100.4,0,none,4800,4900,4900,,6750,1850,2450,AK-47:97%;MAC-10:3%;AWP:0%,1.0,0.992,0.0,0.953,0.988,0.411,0.57,0.988,0.174,0.93,AK-47|Glock-18|a1h1k0|sm1fl1HE1fr1;AK-47|Glock-18|a1h1k0|sm1fl2HE0fr1;AK-47|Tec-9|a1h1k0|sm1fl1HE1fr1
t,1400,none,5400,OBSERVED,11,105.0,0,none,4800,4800,4900,,6800,2000,2600,AK-47:96%;MAC-10:3%;none:0%,1.0,0.987,0.0,0.959,0.988,0.415,0.562,0.988,0.189,0.923,AK-47|Glock-18|a1h1k0|sm1fl1HE1fr1;AK-47|Glock-18|a1h1k0|sm1fl2HE0fr1;AK-47|Tec-9|a1h1k0|sm1fl1HE1fr1
t,1400,none,5450,OBSERVED,10,104.9,0,none,4800,4800,4900,,6850,2050,2650,AK-47:95%;MAC-10:4%;none:1%,1.0,0.986,0.0,0.969,0.987,0.415,0.552,0.987,0.219,0.917,AK-47|Glock-18|a1h1k0|sm1fl1HE1fr1;AK-47|Glock-18|a1h1k0|sm1fl2HE0fr1;AK-47|Glock-18|a1h1k0|sm1fl1HE0fr1
t,1400,none,5500,OBSERVED,25,103.1,0,none,4800,4800,4900,,6900,2100,2700,AK-47:94%;MAC-10:4%;none:1%,1.0,0.989,0.0,0.979,0.987,0.418,0.541,0.987,0.233,0.917,AK-47|Glock-18|a1h1k0|sm1fl1HE1fr1;AK-47|Glock-18|a1h1k0|sm1fl2HE0fr1;AK-47|Glock-18|a1h1k0|sm1fl1HE0fr1
t,1400,none,5550,OBSERVED,20,105.0,0,none,4800,4800,4900,,6950,2150,2750,AK-47:94%;MAC-10:3%;none:1%,1.0,0.993,0.0,0.984,0.989,0.422,0.536,0.989,0.219,0.931,AK-47|Glock-18|a1h1k0|sm1fl1HE1fr1;AK-47|Glock-18|a1h1k0|sm1fl2HE0fr1;AK-47|Glock-18|a1h1k0|sm1fl1HE0fr1
t,1400,none,5600,OBSERVED,17,106.3,0,none,4800,4800,4900,,7000,2200,2800,AK-47:95%;MAC-10:3%;none:1%,1.0,0.997,0.0,0.985,0.993,0.416,0.546,0.993,0.179,0.949,AK-47|Glock-18|a1h1k0|sm1fl1HE1fr1;AK-47|Glock-18|a1h1k0|sm1fl2HE0fr1;AK-47|Tec-9|a1h1k0|sm1fl1HE1fr1
t,1400,none,5650,OBSERVED,16,102.5,0,none,4800,4900,4900,,7050,2150,2750,AK-47:96%;MAC-10:2%;none:1%,1.0,0.999,0.0,0.982,0.996,0.409,0.557,0.996,0.153,0.966,AK-47|Glock-18|a1h1k0|sm1fl1HE1fr1;AK-47|Glock-18|a1h1k0|sm1fl2HE0fr1;AK-47|Tec-9|a1h1k0|sm1fl1HE1fr1
t,1400,none,5700,OBSERVED,16,109.2,0,none,4800,4900,4900,,7100,2200,2800,AK-47:95%;MAC-10:2%;none:1%,1.0,0.988,0.0,0.975,0.986,0.412,0.554,0.996,0.179,0.954,AK-47|Glock-18|a1h1k0|sm1fl1HE1fr1;AK-47|Glock-18|a1h1k0|sm1fl2HE0fr1;AK-47|Tec-9|a1h1k0|sm1fl1HE1fr1
t,1400,none,5750,OBSERVED,9,105.7,0,none,4800,4900,4900,,7150,2250,2850,AK-47:95%;MAC-10:2%;none:2%,1.0,0.986,0.0,0.965,0.983,0.427,0.553,0.995,0.219,0.958,AK-47|Glock-18|a1h1k0|sm1fl1HE1fr1;AK-47|Glock-18|a1h1k0|sm1fl2HE0fr1;AK-47|Tec-9|a1h1k0|sm1fl1HE1fr1
t,1400,none,5800,OBSERVED,16,102.7,0,none,4800,4900,4900,,7200,2300,2900,AK-47:94%;MAC-10:3%;none:2%,1.0,0.987,0.0,0.951,0.982,0.446,0.55,0.99,0.26,0.959,AK-47|Glock-18|a1h1k0|sm1fl1HE1fr1;AK-47|Glock-18|a1h1k0|sm1fl2HE0fr1;AK-47|Glock-18|a1h1k0|sm0fl2HE1fr1
t,1400,none,5850,OBSERVED,10,100.3,0,none,4800,4900,4900,,7250,2350,2950,AK-47:94%;MAC-10:3%;none:2%,1.0,0.991,0.0,0.94,0.982,0.458,0.548,0.985,0.282,0.953,AK-47|Glock-18|a1h1k0|sm1fl1HE1fr1;AK-47|Glock-18|a1h1k0|sm1fl2HE0fr1;AK-47|Glock-18|a1h1k0|sm0fl2HE1fr1
t,1400,none,5900,OBSERVED,18,110.9,0,none,4800,4900,4900,,7300,2400,3000,AK-47:93%;MAC-10:3%;none:2%,1.0,0.995,0.0,0.942,0.98,0.453,0.545,0.982,0.269,0.938,AK-47|Glock-18|a1h1k0|sm1fl1HE1fr1;AK-47|Glock-18|a1h1k0|sm1fl2HE0fr1;AK-47|Glock-18|a1h1k0|sm0fl2HE1fr1
t,1400,none,5950,OBSERVED,15,103.3,0,none,4800,4900,4900,,7350,2450,3050,AK-47:93%;MAC-10:3%;none:2%,1.0,0.998,0.0,0.947,0.978,0.446,0.541,0.98,0.256,0.929,AK-47|Glock-18|a1h1k0|sm1fl1HE1fr1;AK-47|Glock-18|a1h1k0|sm1fl2HE0fr1;MAC-10|Glock-18|a1h1k0|sm1fl1HE1fr1
t,1400,none,6000,OBSERVED,15,109.6,0,none,4800,4900,4900,,7400,2500,3100,AK-47:93%;none:2%;MAC-10:2%,1.0,0.999,0.0,0.961,0.975,0.433,0.537,0.98,0.219,0.921,AK-47|Glock-18|a1h1k0|sm1fl1HE1fr1;AK-47|Glock-18|a1h1k0|sm1fl2HE0fr1;AK-47|Tec-9|a1h1k0|sm1fl2HE0fr1
t,1400,AK-47,3250,OBSERVED,14,100.1,0,exact,700,900,1200,,4650,3750,4350,AK-47:98%;M4A4:1%;AWP:0%,1.0,1.0,0.0,0.973,0.978,0.378,0.62,0.984,-0.0,0.928,AK-47|Glock-18|a1h1k0|sm1fl1HE1fr1;AK-47|Glock-18|a1h1k0|sm1fl2HE0fr1;AK-47|USP-S|a1h1k0|sm1fl2HE0fr1
t,1400,AK-47,3300,OBSERVED,9,105.9,0,exact,700,900,1200,,4700,3800,4400,AK-47:98%;M4A4:1%;AWP:0%,1.0,1.0,0.0,0.972,0.977,0.381,0.616,0.984,-0.0,0.929,AK-47|Glock-18|a1h1k0|sm1fl1HE1fr1;AK-47|Glock-18|a1h1k0|sm1fl2HE0fr1;AK-47|USP-S|a1h1k0|sm1fl2HE0fr1
t,1400,AK-47,3350,OBSERVED,6,106.6,0,exact,700,900,1200,,4750,3850,4450,AK-47:98%;M4A4:1%;AWP:0%,1.0,1.0,0.0,0.971,0.977,0.391,0.605,0.985,-0.0,0.931,AK-47|Glock-18|a1h1k0|sm1fl1HE1fr1;AK-47|Glock-18|a1h1k0|sm1fl2HE0fr1;AK-47|USP-S|a1h1k0|sm1fl2HE0fr1
t,1400,AK-47,3400,OBSERVED,4,106.3,0,exact,700,900,1200,,4800,3900,4500,AK-47:98%;M4A4:2%;AWP:0%,1.0,1.0,0.0,0.969,0.978,0.413,0.578,0.989,-0.0,0.931,AK-47|Glock-18|a1h1k0|sm1fl1HE1fr1;AK-47|Glock-18|a1h1k0|sm1fl2HE0fr1;AK-47|USP-S|a1h1k0|sm1fl1HE1fr1
t,1400,AK-47,3450,OBSERVED,1,109.2,0,exact,700,900,1200,,4850,3950,4550,AK-47:98%;M4A4:2%;AWP:0%,1.0,1.0,0.0,0.971,0.983,0.419,0.56,0.995,-0.0,0.944,AK-47|Glock-18|a1h1k0|sm1fl1HE1fr1;AK-47|Glock-18|a1h1k0|sm1fl2HE0fr1;AK-47|USP-S|a1h1k0|sm1fl1HE1fr1
t,1400,AK-47,3500,OBSERVED,29,108.2,0,exact,700,1000,1200,,4900,3900,4500,AK-47:96%;M4A4:2%;AWP:2%,1.0,1.0,0.0,0.974,0.987,0.418,0.565,0.986,-0.0,0.939,AK-47|Glock-18|a1h1k0|sm1fl1HE1fr1;AK-47|Glock-18|a1h1k0|sm1fl2HE0fr1;AK-47|USP-S|a1h1k0|sm1fl1HE1fr1
t,1400,AK-47,3550,OBSERVED,33,107.3,0,exact,700,1000,1200,,4950,3950,4550,AK-47:96%;M4A4:2%;AWP:1%,1.0,1.0,0.0,0.976,0.991,0.401,0.576,0.99,-0.0,0.947,AK-47|Glock-18|a1h1k0|sm1fl1HE1fr1;AK-47|Glock-18|a1h1k0|sm1fl2HE0fr1;AK-47|USP-S|a1h1k0|sm1fl1HE1fr1
t,1400,AK-47,3600,OBSERVED,20,107.2,0,exact,700,900,1200,,5000,4100,4700,AK-47:97%;M4A4:2%;AWP:1%,1.0,1.0,0.0,0.971,0.997,0.394,0.589,0.996,-0.0,0.948,AK-47|Glock-18|a1h1k0|sm1fl1HE1fr1;AK-47|Glock-18|a1h1k0|sm1fl2HE0fr1;AK-47|USP-S|a1h1k0|sm1fl1HE1fr1
t,1400,AK-47,3650,OBSERVED,31,105.7,0,exact,700,900,1100,,5050,4150,4750,AK-47:96%;AWP:2%;M4A4:2%,1.0,1.0,0.0,0.964,0.997,0.437,0.564,0.988,-0.0,0.919,AK-47|Glock-18|a1h1k0|sm1fl1HE1fr1;AK-47|Glock-18|a1h1k0|sm1fl2HE0fr1;AK-47|P250|a1h1k0|sm1fl2HE0fr1
t,1400,AK-47,3700,OBSERVED,15,105.5,0,exact,700,900,1100,,5100,4200,4800,AK-47:94%;AWP:2%;M4A4:2%,1.0,1.0,0.0,0.96,0.993,0.481,0.542,0.971,-0.0,0.891,AK-47|Glock-18|a1h1k0|sm1fl1HE1fr1;AK-47|Glock-18|a1h1k0|sm1fl2HE0fr1;AK-47|USP-S|a1h1k0|sm1fl2HE0fr1
t,1400,AK-47,3750,OBSERVED,5,118.8,0,exact,700,900,1100,,5150,4250,4850,AK-47:94%;AWP:3%;M4A4:2%,1.0,1.0,0.0,0.959,0.983,0.491,0.548,0.959,-0.0,0.872,AK-47|Glock-18|a1h1k0|sm1fl1HE1fr1;AK-47|Glock-18|a1h1k0|sm1fl2HE0fr1;AK-47|Glock-18|a1h1k0|sm1fl2HE1fr0
t,1400,AK-47,3800,OBSERVED,24,114.9,0,exact,700,900,1100,,5200,4300,4900,AK-47:94%;AWP:3%;M4A4:1%,1.0,1.0,0.0,0.96,0.978,0.464,0.572,0.968,-0.0,0.895,AK-47|Glock-18|a1h1k0|sm1fl1HE1fr1;AK-47|Glock-18|a1h1k0|sm1fl2HE0fr1;AK-47|Glock-18|a1h1k0|sm0fl2HE1fr1
t,1400,AK-47,3850,OBSERVED,44,108.4,0,exact,700,900,1100,,5250,4350,4950,AK-47:95%;AWP:3%;M4A4:1%,1.0,1.0,0.0,0.96,0.98,0.434,0.591,0.983,-0.0,0.912,AK-47|Glock-18|a1h1k0|sm1fl1HE1fr1;AK-47|Glock-18|a1h1k0|sm1fl2HE0fr1;AK-47|Glock-18|a1h1k0|sm0fl2HE1fr1
t,1400,AK-47,3900,OBSERVED,24,102.7,0,exact,600,900,1100,,5300,4400,5000,AK-47:97%;Galil AR:1%;AWP:1%,1.0,1.0,0.0,0.956,0.99,0.406,0.601,0.989,-0.0,0.92,AK-47|Glock-18|a1h1k0|sm1fl1HE1fr1;AK-47|Glock-18|a1h1k0|sm1fl2HE0fr1;AK-47|Desert Eagle|a1h1k0|sm1fl1HE1fr1
t,1400,AK-47,3950,OBSERVED,25,111.5,0,exact,600,900,1100,,5350,4450,5050,AK-47:98%;Galil AR:1%;AWP:1%,1.0,1.0,0.0,0.951,0.994,0.425,0.563,0.986,-0.0,0.903,AK-47|Glock-18|a1h1k0|sm1fl1HE1fr1;AK-47|Glock-18|a1h1k0|sm1fl2HE0fr1;AK-47|Five-SeveN|a1h1k0|sm1fl1HE1fr1
t,1400,AK-47,4000,OBSERVED,19,108.3,0,exact,600,800,1100,,5400,4600,5200,AK-47:97%;AWP:1%;M4A1-S:1%,1.0,1.0,0.0,0.952,0.997,0.428,0.552,0.988,-0.0,0.905,AK-47|Glock-18|a1h1k0|sm1fl1HE1fr1;AK-47|Glock-18|a1h1k0|sm1fl2HE0fr1;AK-47|Glock-18|a1h1k0|sm0fl1HE1fr1
t,1400,AK-47,4050,OBSERVED,5,110.2,0,exact,600,800,1100,,5450,4650,5250,AK-47:96%;AWP:3%;M4A1-S:1%,1.0,1.0,0.0,0.954,0.998,0.411,0.572,0.992,-0.0,0.91,AK-47|Glock-18|a1h1k0|sm1fl1HE1fr1;AK-47|Glock-18|a1h1k0|sm1fl2HE0fr1;AK-47|Glock-18|a1h1k0|sm0fl1HE1fr1
t,1400,AK-47,4100,OBSERVED,13,104.2,0,exact,600,800,1100,,5500,4700,5300,AK-47:95%;AWP:4%;M4A1-S:1%,1.0,1.0,0.0,0.957,0.999,0.397,0.591,0.995,-0.0,0.927,AK-47|Glock-18|a1h1k0|sm1fl1HE1fr1;AK-47|Glock-18|a1h1k0|sm1fl2HE0fr1;AK-47|Glock-18|a1h1k0|sm0fl1HE1fr1
t,1400,AK-47,4150,OBSERVED,17,108.3,0,exact,600,900,1100,,5550,4650,5250,AK-47:95%;AWP:4%;M4A1-S:1%,1.0,1.0,0.0,0.963,0.998,0.398,0.594,0.996,-0.0,0.935,AK-47|Glock-18|a1h1k0|sm1fl1HE1fr1;AK-47|Glock-18|a1h1k0|sm1fl2HE0fr1;AK-47|USP-S|a1h1k0|sm1fl1HE1fr1
t,1400,AK-47,4200,OBSERVED,10,103.0,0,exact,600,900,1100,,5600,4700,5300,AK-47:95%;AWP:4%;M4A1-S:1%,1.0,1.0,0.0,0.967,0.995,0.398,0.597,0.998,-0.0,0.943,AK-47|Glock-18|a1h1k0|sm1fl1HE1fr1;AK-47|Glock-18|a1h1k0|sm1fl2HE0fr1;AK-47|USP-S|a1h1k0|sm1fl1HE1fr1
t,1400,AK-47,4250,OBSERVED,13,101.9,0,exact,600,900,1100,,5650,4750,5350,AK-47:96%;AWP:3%;M4A1-S:1%,1.0,1.0,0.0,0.968,0.99,0.398,0.599,0.998,-0.0,0.94,AK-47|Glock-18|a1h1k0|sm1fl1HE1fr1;AK-47|Glock-18|a1h1k0|sm1fl2HE0fr1;AK-47|USP-S|a1h1k0|sm1fl1HE1fr1
t,1400,AK-47,4300,OBSERVED,5,104.0,0,exact,600,800,1100,,5700,4900,5500,AK-47:97%;AWP:3%;M4A1-S:1%,1.0,1.0,0.0,0.967,0.983,0.397,0.601,0.999,-0.0,0.935,AK-47|Glock-18|a1h1k0|sm1fl1HE1fr1;AK-47|Glock-18|a1h1k0|sm1fl2HE0fr1;AK-47|USP-S|a1h1k0|sm1fl1HE1fr1
t,1400,AK-47,4350,OBSERVED,6,106.3,0,exact,600,800,1100,,5750,4950,5550,AK-47:97%;AWP:2%;M4A1-S:0%,1.0,1.0,0.0,0.965,0.975,0.395,0.602,0.999,-0.0,0.927,AK-47|Glock-18|a1h1k0|sm1fl1HE1fr1;AK-47|Glock-18|a1h1k0|sm1fl2HE0fr1;AK-47|USP-S|a1h1k0|sm1fl1HE1fr1
t,1400,AK-47,4400,OBSERVED,6,105.8,0,exact,600,700,1000,,5800,5100,5700,AK-47:98%;AWP:2%;M4A1-S:0%,1.0,1.0,0.0,0.964,0.968,0.393,0.601,1.0,-0.0,0.918,AK-47|Glock-18|a1h1k0|sm1fl1HE1fr1;AK-47|Glock-18|a1h1k0|sm1fl2HE0fr1;AK-47|USP-S|a1h1k0|sm1fl1HE1fr1
t,1400,AK-47,4450,OBSERVED,4,102.7,0,exact,600,700,1000,,5850,5150,5750,AK-47:97%;AWP:2%;M4A1-S:1%,1.0,1.0,0.0,0.964,0.963,0.393,0.598,1.0,-0.0,0.903,AK-47|Glock-18|a1h1k0|sm1fl1HE1fr1;AK-47|Glock-18|a1h1k0|sm1fl2HE0fr1;AK-47|USP-S|a1h1k0|sm1fl1HE1fr1
t,1400,AK-47,4500,OBSERVED,8,105.6,0,exact,600,700,900,,5900,5200,5800,AK-47:97%;AWP:2%;M4A1-S:1%,1.0,1.0,0.0,0.966,0.963,0.393,0.595,1.0,-0.0,0.893,AK-47|Glock-18|a1h1k0|sm1fl1HE1fr1;AK-47|Glock-18|a1h1k0|sm1fl2HE0fr1;AK-47|USP-S|a1h1k0|sm1fl1HE1fr1
t,1400,AK-47,4550,OBSERVED,12,102.8,0,exact,600,700,900,,5950,5250,5850,AK-47:96%;AWP:2%;M4A1-S:1%,1.0,1.0,0.0,0.968,0.962,0.394,0.594,1.0,-0.0,0.89,AK-47|Glock-18|a1h1k0|sm1fl1HE1fr1;AK-47|Glock-18|a1h1k0|sm1fl2HE0fr1;AK-47|USP-S|a1h1k0|sm1fl1HE1fr1
t,1400,AK-47,4600,OBSERVED,8,101.8,0,exact,600,700,900,,6000,5300,5900,AK-47:96%;AWP:3%;M4A1-S:2%,1.0,1.0,0.0,0.969,0.964,0.393,0.595,1.0,-0.0,0.892,AK-47|Glock-18|a1h1k0|sm1fl1HE1fr1;AK-47|Glock-18|a1h1k0|sm1fl2HE0fr1;AK-47|USP-S|a1h1k0|sm1fl1HE1fr1
t,1400,AK-47,4650,OBSERVED,6,102.2,0,exact,600,700,900,,6050,5350,5950,AK-47:95%;AWP:3%;M4A1-S:2%,1.0,1.0,0.0,0.969,0.966,0.393,0.598,1.0,-0.0,0.895,AK-47|Glock-18|a1h1k0|sm1fl1HE1fr1;AK-47|Glock-18|a1h1k0|sm1fl2HE0fr1;AK-47|USP-S|a1h1k0|sm1fl1HE1fr1
t,1400,AK-47,4700,OBSERVED,6,103.4,0,exact,500,700,900,,6100,5400,6000,AK-47:95%;AWP:3%;M4A1-S:2%,1.0,1.0,0.0,0.969,0.969,0.391,0.603,1.0,-0.0,0.898,AK-47|Glock-18|a1h1k0|sm1fl1HE1fr1;AK-47|Glock-18|a1h1k0|sm1fl2HE0fr1;AK-47|USP-S|a1h1k0|sm1fl1HE1fr1
t,1400,AK-47,4750,OBSERVED,5,104.7,0,exact,500,700,900,,6150,5450,6050,AK-47:94%;AWP:3%;M4A1-S:2%,1.0,1.0,0.0,0.969,0.973,0.389,0.608,1.0,-0.0,0.901,AK-47|Glock-18|a1h1k0|sm1fl1HE1fr1;AK-47|Glock-18|a1h1k0|sm1fl2HE0fr1;AK-47|USP-S|a1h1k0|sm1fl1HE1fr1
t,1400,AK-47,4800,OBSERVED,2,101.1,0,exact,500,700,900,,6200,5500,6100,AK-47:94%;AWP:3%;M4A1-S:3%,1.0,1.0,0.0,0.968,0.976,0.387,0.614,1.0,-0.0,0.905,AK-47|Glock-18|a1h1k0|sm1fl1HE1fr1;AK-47|Glock-18|a1h1k0|sm1fl2HE0fr1;AK-47|USP-S|a1h1k0|sm1fl1HE1fr1
t,1400,AK-47,4850,OBSERVED,1,102.3,0,exact,500,700,800,,6250,5550,6150,AK-47:94%;AWP:3%;M4A1-S:3%,1.0,1.0,0.0,0.966,0.98,0.385,0.619,1.0,-0.0,0.91,AK-47|Glock-18|a1h1k0|sm1fl1HE1fr1;AK-47|Glock-18|a1h1k0|sm1fl2HE0fr1;AK-47|USP-S|a1h1k0|sm1fl1HE1fr1
t,1400,AK-47,4900,OBSERVED,6,103.5,0,exact,500,700,800,,6300,5600,6200,AK-47:95%;M4A1-S:3%;AWP:3%,1.0,1.0,0.0,0.965,0.983,0.383,0.624,1.0,-0.0,0.914,AK-47|Glock-18|a1h1k0|sm1fl1HE1fr1;AK-47|Glock-18|a1h1k0|sm1fl2HE0fr1;AK-47|USP-S|a1h1k0|sm1fl1HE1fr1
t,1400,AK-47,4950,OBSERVED,8,100.2,0,exact,400,700,800,,6350,5650,6250,AK-47:95%;M4A1-S:3%;AWP:2%,1.0,1.0,0.0,0.964,0.987,0.382,0.628,1.0,-0.0,0.921,AK-47|Glock-18|a1h1k0|sm1fl1HE1fr1;AK-47|Glock-18|a1h1k0|sm1fl2HE0fr1;AK-47|USP-S|a1h1k0|sm1fl1HE1fr1
t,1400,AK-47,5000,OBSERVED,3,101.9,0,exact,400,700,800,,6400,5700,6300,AK-47:95%;M4A1-S:2%;AWP:2%,1.0,1.0,0.0,0.963,0.989,0.383,0.629,1.0,-0.0,0.925,AK-47|Glock-18|a1h1k0|sm1fl1HE1fr1;AK-47|Glock-18|a1h1k0|sm1fl2HE0fr1;AK-47|USP-S|a1h1k0|sm1fl1HE1fr1
t,1400,AK-47,5050,OBSERVED,5,103.9,0,exact,400,700,700,,6450,5750,6350,AK-47:96%;M4A1-S:2%;AWP:2%,1.0,1.0,0.0,0.963,0.991,0.386,0.628,1.0,-0.0,0.926,AK-47|Glock-18|a1h1k0|sm1fl1HE1fr1;AK-47|Glock-18|a1h1k0|sm1fl2HE0fr1;AK-47|USP-S|a1h1k0|sm1fl1HE1fr1
t,1400,AK-47,5100,OBSERVED,4,101.6,0,exact,400,700,700,,6500,5800,6400,AK-47:96%;M4A1-S:2%;AWP:2%,1.0,1.0,0.0,0.963,0.993,0.389,0.627,1.0,-0.0,0.928,AK-47|Glock-18|a1h1k0|sm1fl1HE1fr1;AK-47|Glock-18|a1h1k0|sm1fl2HE0fr1;AK-47|USP-S|a1h1k0|sm1fl1HE1fr1
t,1400,AK-47,5150,OBSERVED,3,103.7,0,exact,400,700,700,,6550,5850,6450,AK-47:97%;M4A1-S:2%;AWP:1%,1.0,1.0,0.0,0.963,0.995,0.395,0.622,1.0,-0.0,0.927,AK-47|Glock-18|a1h1k0|sm1fl1HE1fr1;AK-47|Glock-18|a1h1k0|sm1fl2HE0fr1;AK-47|USP-S|a1h1k0|sm1fl1HE1fr1
t,1400,AK-47,5200,OBSERVED,4,101.7,0,exact,400,700,700,,6600,5900,6500,AK-47:97%;M4A1-S:1%;AWP:1%,1.0,1.0,0.0,0.964,0.996,0.401,0.617,1.0,-0.0,0.929,AK-47|Glock-18|a1h1k0|sm1fl1HE1fr1;AK-47|Glock-18|a1h1k0|sm1fl2HE0fr1;AK-47|USP-S|a1h1k0|sm1fl1HE1fr1
t,1400,AK-47,5250,OBSERVED,4,103.5,0,exact,400,700,700,,6650,5950,6550,AK-47:98%;M4A1-S:1%;AWP:1%,1.0,1.0,0.0,0.966,0.997,0.409,0.609,1.0,-0.0,0.933,AK-47|Glock-18|a1h1k0|sm1fl1HE1fr1;AK-47|Glock-18|a1h1k0|sm1fl2HE0fr1;AK-47|USP-S|a1h1k0|sm1fl1HE1fr1
t,1400,AK-47,5300,OBSERVED,6,101.8,0,exact,400,700,700,,6700,6000,6600,AK-47:98%;AWP:1%;M4A1-S:1%,1.0,1.0,0.0,0.967,0.998,0.416,0.602,1.0,-0.0,0.941,AK-47|Glock-18|a1h1k0|sm1fl1HE1fr1;AK-47|Glock-18|a1h1k0|sm1fl2HE0fr1;AK-47|USP-S|a1h1k0|sm1fl2HE0fr1
t,1400,AK-47,5350,OBSERVED,5,100.2,0,exact,400,700,700,,6750,6050,6650,AK-47:98%;AWP:1%;M4A1-S:1%,1.0,1.0,0.0,0.969,0.999,0.424,0.594,1.0,-0.0,0.947,AK-47|Glock-18|a1h1k0|sm1fl1HE1fr1;AK-47|Glock-18|a1h1k0|sm1fl2HE0fr1;AK-47|USP-S|a1h1k0|sm1fl2HE0fr1
t,1400,AK-47,5400,OBSERVED,4,102.2,0,exact,400,700,700,,6800,6100,6700,AK-47:98%;AWP:1%;M4A1-S:1%,1.0,1.0,0.0,0.971,0.999,0.432,0.586,1.0,-0.0,0.95,AK-47|Glock-18|a1h1k0|sm1fl1HE1fr1;AK-47|Glock-18|a1h1k0|sm1fl2HE0fr1;AK-47|USP-S|a1h1k0|sm1fl2HE0fr1
t,1400,AK-47,5450,OBSERVED,6,101.1,0,exact,400,700,700,,6850,6150,6750,AK-47:98%;AWP:1%;M4A1-S:1%,1.0,1.0,0.0,0.973,0.999,0.439,0.578,1.0,-0.0,0.958,AK-47|Glock-18|a1h1k0|sm1fl1HE1fr1;AK-47|Glock-18|a1h1k0|sm1fl2HE0fr1;AK-47|USP-S|a1h1k0|sm1fl2HE0fr1
t,1400,AK-47,5500,OBSERVED,2,100.3,0,exact,400,700,700,,6900,6200,6800,AK-47:98%;AWP:1%;M4A1-S:0%,1.0,1.0,0.0,0.975,1.0,0.446,0.571,1.0,-0.0,0.966,AK-47|Glock-18|a1h1k0|sm1fl1HE1fr1;AK-47|Glock-18|a1h1k0|sm1fl2HE0fr1;AK-47|USP-S|a1h1k0|sm1fl2HE0fr1
t,1400,AK-47,5550,OBSERVED,10,103.0,0,exact,400,700,700,,6950,6250,6850,AK-47:98%;AWP:1%;M4A1-S:0%,1.0,1.0,0.0,0.977,1.0,0.449,0.566,1.0,-0.0,0.97,AK-47|Glock-18|a1h1k0|sm1fl1HE1fr1;AK-47|Glock-18|a1h1k0|sm1fl2HE0fr1;AK-47|USP-S|a1h1k0|sm1fl2HE0fr1
t,1400,AK-47,5600,OBSERVED,6,102.8,0,exact,400,700,700,,7000,6300,6900,AK-47:98%;AWP:1%;M4A1-S:0%,1.0,1.0,0.0,0.979,1.0,0.453,0.562,1.0,-0.0,0.974,AK-47|Glock-18|a1h1k0|sm1fl1HE1fr1;AK-47|Glock-18|a1h1k0|sm1fl2HE0fr1;AK-47|USP-S|a1h1k0|sm1fl2HE0fr1
t,1400,AK-47,5650,INTERPOLATED,0,102.8,50,exact,400,700,700,,7050,6350,6950,AK-47:98%;AWP:1%;M4A1-S:0%,1.0,1.0,0.0,0.981,1.0,0.454,0.559,1.0,-0.0,0.977,AK-47|Glock-18|a1h1k0|sm1fl1HE1fr1;AK-47|Glock-18|a1h1k0|sm1fl2HE0fr1;AK-47|USP-S|a1h1k0|sm1fl2HE0fr1
t,1400,AK-47,5700,OBSERVED,7,103.0,0,exact,400,700,700,,7100,6400,7000,AK-47:98%;AWP:2%;M4A1-S:0%,1.0,1.0,0.0,0.983,1.0,0.455,0.558,1.0,-0.0,0.979,AK-47|Glock-18|a1h1k0|sm1fl1HE1fr1;AK-47|Glock-18|a1h1k0|sm1fl2HE0fr1;AK-47|USP-S|a1h1k0|sm1fl2HE0fr1
t,1400,AK-47,5750,OBSERVED,5,100.1,0,exact,400,700,700,,7150,6450,7050,AK-47:98%;AWP:2%;M4A1-S:0%,1.0,1.0,0.0,0.985,1.0,0.455,0.556,0.999,-0.0,0.981,AK-47|Glock-18|a1h1k0|sm1fl1HE1fr1;AK-47|Glock-18|a1h1k0|sm1fl2HE0fr1;AK-47|Five-SeveN|a1h1k0|sm1fl1HE1fr1
t,1400,AK-47,5800,INTERPOLATED,0,100.0,50,exact,400,700,700,,7200,6500,7100,AK-47:98%;AWP:2%;M4A1-S:0%,1.0,1.0,0.0,0.986,1.0,0.452,0.559,0.999,-0.0,0.98,AK-47|Glock-18|a1h1k0|sm1fl1HE1fr1;AK-47|Glock-18|a1h1k0|sm1fl2HE0fr1;AK-47|Five-SeveN|a1h1k0|sm1fl1HE1fr1
t,1400,AK-47,5850,OBSERVED,7,102.6,0,exact,400,700,700,,7250,6550,7150,AK-47:98%;AWP:2%;M4A1-S:0%,1.0,1.0,0.0,0.986,1.0,0.447,0.564,0.999,-0.0,0.975,AK-47|Glock-18|a1h1k0|sm1fl1HE1fr1;AK-47|Glock-18|a1h1k0|sm1fl2HE0fr1;AK-47|Five-SeveN|a1h1k0|sm1fl1HE1fr1
t,1400,AK-47,5900,OBSERVED,3,101.9,0,exact,400,700,700,,7300,6600,7200,AK-47:98%;AWP:2%;M4A1-S:0%,1.0,1.0,0.0,0.986,1.0,0.442,0.568,0.998,-0.0,0.972,AK-47|Glock-18|a1h1k0|sm1fl1HE1fr1;AK-47|Glock-18|a1h1k0|sm1fl2HE0fr1;AK-47|Five-SeveN|a1h1k0|sm1fl1HE1fr1
t,1400,AK-47,5950,OBSERVED,2,100.8,0,exact,500,700,700,,7350,6650,7250,AK-47:98%;AWP:2%;M4A1-S:0%,1.0,1.0,0.0,0.985,1.0,0.438,0.573,0.997,-0.0,0.968,AK-47|Glock-18|a1h1k0|sm1fl1HE1fr1;AK-47|Glock-18|a1h1k0|sm1fl2HE0fr1;AK-47|Five-SeveN|a1h1k0|sm1fl1HE1fr1
t,1400,AK-47,6000,OBSERVED,5,102.3,0,exact,500,700,700,,7400,6700,7300,AK-47:98%;AWP:2%;M4A1-S:0%,1.0,1.0,0.0,0.983,1.0,0.436,0.576,0.996,-0.0,0.961,AK-47|Glock-18|a1h1k0|sm1fl1HE1fr1;AK-47|Glock-18|a1h1k0|sm1fl2HE0fr1;AK-47|Five-SeveN|a1h1k0|sm1fl1HE1fr1
t,1400,AWP,3250,OBSERVED,1,50.2,0,exact,700,900,1100,,4650,3750,4350,AWP:98%;AK-47:2%,1.0,0.955,0.0,0.951,1.0,0.876,0.099,1.0,-0.0,0.982,AWP|Glock-18|a1h1k0|sm1fl2HE0fr1;AWP|Glock-18|a1h0k0|sm1fl2HE0fr1;AWP|Tec-9|a1h1k0|sm1fl1HE1fr1
t,1400,AWP,3300,INTERPOLATED,0,51.2,50,exact,700,900,1100,,4700,3800,4400,AWP:98%;AK-47:2%,1.0,0.956,0.0,0.952,1.0,0.875,0.101,1.0,-0.0,0.98,AWP|Glock-18|a1h1k0|sm1fl2HE0fr1;AWP|Glock-18|a1h0k0|sm1fl2HE0fr1;AWP|Tec-9|a1h1k0|sm1fl1HE1fr1
t,1400,AWP,3350,OBSERVED,2,52.1,0,exact,700,900,1100,,4750,3850,4450,AWP:98%;AK-47:2%,1.0,0.957,0.0,0.953,1.0,0.874,0.102,1.0,-0.0,0.979,AWP|Glock-18|a1h1k0|sm1fl2HE0fr1;AWP|Glock-18|a1h0k0|sm1fl2HE0fr1;AWP|Tec-9|a1h1k0|sm1fl1HE1fr1
t,1400,AWP,3400,OBSERVED,1,53.0,0,exact,700,900,1100,,4800,3900,4500,AWP:98%;AK-47:2%,1.0,0.957,0.0,0.953,1.0,0.873,0.104,1.0,-0.0,0.977,AWP|Glock-18|a1h1k0|sm1fl2HE0fr1;AWP|Glock-18|a1h0k0|sm1fl2HE0fr1;AWP|Glock-18|a1h1k0|sm1fl1HE1fr1
t,1400,AWP,3450,OBSERVED,3,53.9,0,exact,700,900,1100,,4850,3950,4550,AWP:98%;AK-47:2%,1.0,0.958,0.0,0.953,1.0,0.872,0.106,1.0,-0.0,0.975,AWP|Glock-18|a1h1k0|sm1fl2HE0fr1;AWP|Glock-18|a1h0k0|sm1fl2HE0fr1;AWP|Glock-18|a1h1k0|sm1fl1HE1fr1
t,1400,AWP,3500,OBSERVED,6,54.8,0,exact,700,850,1100,,4900,4050,4650,AWP:98%;AK-47:2%,1.0,0.959,0.0,0.954,1.0,0.871,0.107,1.0,-0.0,0.972,AWP|Glock-18|a1h1k0|sm1fl2HE0fr1;AWP|Glock-18|a1h1k0|sm1fl1HE1fr1;AWP|Glock-18|a1h0k0|sm1fl2HE0fr1
t,1400,AWP,3550,OBSERVED,7,55.6,0,exact,700,850,1100,,4950,4100,4700,AWP:98%;AK-47:2%,1.0,0.96,0.0,0.954,1.0,0.87,0.109,1.0,-0.0,0.97,AWP|Glock-18|a1h1k0|sm1fl2HE0fr1;AWP|Glock-18|a1h1k0|sm1fl1HE1fr1;AWP|Glock-18|a1h0k0|sm1fl2HE0fr1
t,1400,AWP,3600,OBSERVED,4,56.4,0,exact,700,850,1100,,5000,4150,4750,AWP:98%;AK-47:2%,1.0,0.961,0.0,0.954,1.0,0.869,0.11,1.0,-0.0,0.967,AWP|Glock-18|a1h1k0|sm1fl2HE0fr1;AWP|Glock-18|a1h1k0|sm1fl1HE1fr1;AWP|Tec-9|a1h1k0|sm1fl2HE0fr1
t,1400,AWP,3650,OBSERVED,4,57.2,0,exact,700,850,1100,,5050,4200,4800,AWP:98%;AK-47:2%,1.0,0.962,0.0,0.954,1.0,0.868,0.112,1.0,-0.0,0.964,AWP|Glock-18|a1h1k0|sm1fl2HE0fr1;AWP|Glock-18|a1h1k0|sm1fl1HE1fr1;AWP|Tec-9|a1h1k0|sm1fl2HE0fr1
t,1400,AWP,3700,OBSERVED,6,57.9,0,exact,700,850,1100,,5100,4250,4850,AWP:98%;AK-47:2%,1.0,0.963,0.0,0.954,1.0,0.867,0.114,1.0,-0.0,0.961,AWP|Glock-18|a1h1k0|sm1fl2HE0fr1;AWP|Glock-18|a1h1k0|sm1fl1HE1fr1;AWP|Tec-9|a1h1k0|sm1fl2HE0fr1
t,1400,AWP,3750,OBSERVED,4,58.6,0,exact,700,800,1100,,5150,4350,4950,AWP:98%;AK-47:2%,1.0,0.965,0.0,0.954,1.0,0.865,0.115,1.0,-0.0,0.957,AWP|Glock-18|a1h1k0|sm1fl2HE0fr1;AWP|Glock-18|a1h1k0|sm1fl1HE1fr1;AWP|Tec-9|a1h1k0|sm1fl2HE0fr1
t,1400,AWP,3800,OBSERVED,5,59.3,0,exact,700,800,1100,,5200,4400,5000,AWP:98%;AK-47:2%,1.0,0.966,0.0,0.954,1.0,0.864,0.117,1.0,-0.0,0.954,AWP|Glock-18|a1h1k0|sm1fl2HE0fr1;AWP|Glock-18|a1h1k0|sm1fl1HE1fr1;AWP|Tec-9|a1h1k0|sm1fl2HE0fr1
t,1400,AWP,3850,OBSERVED,4,59.9,0,exact,700,800,1100,,5250,4450,5050,AWP:98%;AK-47:2%,1.0,0.967,0.0,0.954,1.0,0.862,0.119,1.0,-0.0,0.951,AWP|Glock-18|a1h1k0|sm1fl2HE0fr1;AWP|Glock-18|a1h1k0|sm1fl1HE1fr1;AWP|Tec-9|a1h1k0|sm1fl2HE0fr1
t,1400,AWP,3900,OBSERVED,1,60.4,0,exact,700,800,1100,,5300,4500,5100,AWP:98%;AK-47:2%,1.0,0.969,0.0,0.954,1.0,0.86,0.121,1.0,-0.0,0.947,AWP|Glock-18|a1h1k0|sm1fl2HE0fr1;AWP|Glock-18|a1h1k0|sm1fl1HE1fr1;AWP|Tec-9|a1h1k0|sm1fl2HE0fr1
t,1400,AWP,3950,OBSERVED,1,60.9,0,exact,700,800,1100,,5350,4550,5150,AWP:98%;AK-47:2%,1.0,0.97,0.0,0.954,1.0,0.858,0.122,1.0,-0.0,0.945,AWP|Glock-18|a1h1k0|sm1fl2HE0fr1;AWP|Glock-18|a1h1k0|sm1fl1HE1fr1;AWP|Tec-9|a1h1k0|sm1fl2HE0fr1
t,1400,AWP,4000,INTERPOLATED,0,61.3,50,exact,700,800,1100,,5400,4600,5200,AWP:98%;AK-47:2%,1.0,0.972,0.0,0.954,1.0,0.856,0.124,1.0,-0.0,0.943,AWP|Glock-18|a1h1k0|sm1fl2HE0fr1;AWP|Glock-18|a1h1k0|sm1fl1HE1fr1;AWP|Tec-9|a1h1k0|sm1fl2HE0fr1
t,1400,AWP,4050,OBSERVED,1,61.5,0,exact,700,800,1100,,5450,4650,5250,AWP:98%;AK-47:2%,1.0,0.973,0.0,0.954,1.0,0.854,0.126,1.0,-0.0,0.943,AWP|Glock-18|a1h1k0|sm1fl2HE0fr1;AWP|Glock-18|a1h1k0|sm1fl1HE1fr1;AWP|Tec-9|a1h1k0|sm1fl2HE0fr1
t,1400,AWP,4100,INTERPOLATED,0,61.6,50,exact,700,800,1100,,5500,4700,5300,AWP:98%;AK-47:2%,1.0,0.975,0.0,0.953,1.0,0.851,0.128,1.0,-0.0,0.943,AWP|Glock-18|a1h1k0|sm1fl2HE0fr1;AWP|Glock-18|a1h1k0|sm1fl1HE1fr1;AWP|Tec-9|a1h1k0|sm1fl2HE0fr1
t,1400,AWP,4150,OBSERVED,3,61.5,0,exact,600,750,1100,,5550,4800,5400,AWP:99%;AK-47:1%,1.0,0.977,0.0,0.954,1.0,0.848,0.13,1.0,-0.0,0.943,AWP|Glock-18|a1h1k0|sm1fl2HE0fr1;AWP|Glock-18|a1h1k0|sm1fl1HE1fr1;AWP|Tec-9|a1h1k0|sm1fl2HE0fr1
t,1400,AWP,4200,OBSERVED,2,61.1,0,exact,600,750,1100,,5600,4850,5450,AWP:99%;AK-47:1%,1.0,0.978,0.0,0.954,1.0,0.845,0.131,1.0,-0.0,0.943,AWP|Glock-18|a1h1k0|sm1fl2HE0fr1;AWP|Glock-18|a1h1k0|sm1fl1HE1fr1;AWP|Tec-9|a1h1k0|sm1fl2HE0fr1
t,1400,AWP,4250,INTERPOLATED,0,60.5,50,exact,600,700,1100,,5650,4950,5550,AWP:99%;AK-47:1%,1.0,0.98,0.0,0.954,1.0,0.842,0.133,1.0,-0.0,0.943,AWP|Glock-18|a1h1k0|sm1fl2HE0fr1;AWP|Glock-18|a1h1k0|sm1fl1HE1fr1;AWP|Tec-9|a1h1k0|sm1fl2HE0fr1
t,1400,AWP,4300,INTERPOLATED,0,59.5,50,exact,600,700,1100,,5700,5000,5600,AWP:99%;AK-47:1%,1.0,0.982,0.0,0.955,1.0,0.838,0.135,1.0,-0.0,0.943,AWP|Glock-18|a1h1k0|sm1fl2HE0fr1;AWP|Glock-18|a1h1k0|sm1fl1HE1fr1;AWP|Tec-9|a1h1k0|sm1fl2HE0fr1
t,1400,AWP,4350,OBSERVED,1,58.1,0,exact,600,700,1100,,5750,5050,5650,AWP:99%;AK-47:1%,1.0,0.984,0.0,0.955,1.0,0.835,0.136,1.0,-0.0,0.942,AWP|Glock-18|a1h1k0|sm1fl2HE0fr1;AWP|Glock-18|a1h1k0|sm1fl1HE1fr1;AWP|Tec-9|a1h1k0|sm1fl2HE0fr1
t,1400,AWP,4400,OBSERVED,1,56.4,0,exact,500,700,1100,,5800,5100,5700,AWP:99%;AK-47:1%,1.0,0.985,0.0,0.957,1.0,0.831,0.138,1.0,-0.0,0.941,AWP|Glock-18|a1h1k0|sm1fl2HE0fr1;AWP|Glock-18|a1h1k0|sm1fl1HE1fr1;AWP|Tec-9|a1h1k0|sm1fl2HE0fr1
t,1400,AWP,4450,OBSERVED,1,54.2,0,exact,500,700,1100,,5850,5150,5750,AWP:99%;AK-47:1%,1.0,0.987,0.0,0.958,1.0,0.827,0.14,1.0,-0.0,0.944,AWP|Glock-18|a1h1k0|sm1fl2HE0fr1;AWP|Glock-18|a1h1k0|sm1fl1HE1fr1;AWP|Tec-9|a1h1k0|sm1fl2HE0fr1
t,1400,AWP,4500,INTERPOLATED,0,51.8,50,exact,500,700,900,,5900,5200,5800,AWP:99%;AK-47:1%,1.0,0.989,0.0,0.96,1.0,0.822,0.141,1.0,-0.0,0.946,AWP|Glock-18|a1h1k0|sm1fl2HE0fr1;AWP|Glock-18|a1h1k0|sm1fl1HE1fr1;AWP|Desert Eagle|a1h1k0|sm1fl2HE0fr1
t,1400,AWP,4550,INTERPOLATED,0,49.1,100,exact,400,700,900,,5950,5250,5850,AWP:99%;AK-47:1%,1.0,0.99,0.0,0.962,1.0,0.818,0.143,1.0,-0.0,0.948,AWP|Glock-18|a1h1k0|sm1fl2HE0fr1;AWP|Glock-18|a1h1k0|sm1fl1HE1fr1;AWP|Desert Eagle|a1h1k0|sm1fl2HE0fr1
t,1400,AWP,4600,INTERPOLATED,0,46.4,50,exact,400,700,900,,6000,5300,5900,AWP:99%;AK-47:1%,1.0,0.992,0.0,0.964,1.0,0.814,0.145,1.0,-0.0,0.949,AWP|Glock-18|a1h1k0|sm1fl2HE0fr1;AWP|Glock-18|a1h1k0|sm1fl1HE1fr1;AWP|Desert Eagle|a1h1k0|sm1fl2HE0fr1
t,1400,AWP,4650,OBSERVED,1,43.6,0,exact,400,700,800,,6050,5350,5950,AWP:99%;AK-47:1%,1.0,0.993,0.0,0.967,1.0,0.81,0.147,1.0,-0.0,0.953,AWP|Glock-18|a1h1k0|sm1fl2HE0fr1;AWP|Glock-18|a1h1k0|sm1fl1HE1fr1;AWP|Desert Eagle|a1h1k0|sm1fl2HE0fr1
t,1400,AWP,4700,OBSERVED,2,41.0,0,exact,400,700,800,,6100,5400,6000,AWP:100%;AK-47:0%,1.0,0.994,0.0,0.969,1.0,0.805,0.15,1.0,-0.0,0.957,AWP|Glock-18|a1h1k0|sm1fl2HE0fr1;AWP|Glock-18|a1h1k0|sm1fl1HE1fr1;AWP|Desert Eagle|a1h1k0|sm1fl2HE0fr1
t,1400,AWP,4750,INTERPOLATED,0,38.6,50,exact,400,700,800,,6150,5450,6050,AWP:100%;AK-47:0%,1.0,0.995,0.0,0.972,1.0,0.801,0.152,1.0,-0.0,0.961,AWP|Glock-18|a1h1k0|sm1fl2HE0fr1;AWP|Glock-18|a1h1k0|sm1fl1HE1fr1;AWP|Desert Eagle|a1h1k0|sm1fl2HE0fr1
t,1400,AWP,4800,INTERPOLATED,0,36.4,50,exact,400,700,800,,6200,5500,6100,AWP:100%;AK-47:0%,1.0,0.996,0.0,0.975,1.0,0.797,0.155,1.0,-0.0,0.964,AWP|Glock-18|a1h1k0|sm1fl2HE0fr1;AWP|Glock-18|a1h1k0|sm1fl1HE1fr1;AWP|Desert Eagle|a1h1k0|sm1fl2HE0fr1
t,1400,AWP,4850,OBSERVED,2,34.6,0,exact,400,700,800,,6250,5550,6150,AWP:100%;AK-47:0%,1.0,0.997,0.0,0.978,1.0,0.793,0.158,1.0,-0.0,0.966,AWP|Glock-18|a1h1k0|sm1fl2HE0fr1;AWP|Glock-18|a1h1k0|sm1fl1HE1fr1;AWP|Desert Eagle|a1h1k0|sm1fl2HE0fr1
t,1400,AWP,4900,OBSERVED,2,33.0,0,exact,400,700,800,,6300,5600,6200,AWP:100%;AK-47:0%,1.0,0.998,0.0,0.981,1.0,0.789,0.161,1.0,-0.0,0.968,AWP|Glock-18|a1h1k0|sm1fl2HE0fr1;AWP|Glock-18|a1h1k0|sm1fl1HE1fr1;AWP|Desert Eagle|a1h1k0|sm1fl2HE0fr1
t,1400,AWP,4950,INTERPOLATED,0,31.7,50,exact,400,700,800,,6350,5650,6250,AWP:100%;AK-47:0%,1.0,0.998,0.0,0.983,1.0,0.784,0.165,1.0,-0.0,0.971,AWP|Glock-18|a1h1k0|sm1fl2HE0fr1;AWP|Glock-18|a1h1k0|sm1fl1HE1fr1;AWP|Desert Eagle|a1h1k0|sm1fl2HE0fr1
t,1400,AWP,5000,OBSERVED,2,30.6,0,exact,400,700,800,,6400,5700,6300,AWP:100%;AK-47:0%,1.0,0.999,0.0,0.985,1.0,0.78,0.168,1.0,-0.0,0.975,AWP|Glock-18|a1h1k0|sm1fl2HE0fr1;AWP|Glock-18|a1h1k0|sm1fl1HE1fr1;AWP|Desert Eagle|a1h1k0|sm1fl2HE0fr1
t,1400,AWP,5050,INTERPOLATED,0,29.8,50,exact,400,700,800,,6450,5750,6350,AWP:100%;AK-47:0%,1.0,0.999,0.0,0.988,1.0,0.776,0.172,1.0,-0.0,0.98,AWP|Glock-18|a1h1k0|sm1fl2HE0fr1;AWP|Glock-18|a1h1k0|sm1fl1HE1fr1;AWP|Desert Eagle|a1h1k0|sm1fl2HE0fr1
t,1400,AWP,5100,OBSERVED,1,29.1,0,exact,400,700,800,,6500,5800,6400,AWP:100%;AK-47:0%,1.0,0.999,0.0,0.99,1.0,0.771,0.176,1.0,-0.0,0.983,AWP|Glock-18|a1h1k0|sm1fl2HE0fr1;AWP|Glock-18|a1h1k0|sm1fl1HE1fr1;AWP|Desert Eagle|a1h1k0|sm1fl2HE0fr1
t,1400,AWP,5150,OBSERVED,2,28.7,0,exact,400,700,800,,6550,5850,6450,AWP:100%;AK-47:0%,1.0,0.999,0.0,0.991,1.0,0.767,0.18,1.0,-0.0,0.986,AWP|Glock-18|a1h1k0|sm1fl2HE0fr1;AWP|Glock-18|a1h1k0|sm1fl1HE1fr1;AWP|Five-SeveN|a1h1k0|sm1fl2HE0fr1
t,1400,AWP,5200,OBSERVED,1,28.4,0,exact,400,700,800,,6600,5900,6500,AWP:100%;AK-47:0%,1.0,1.0,0.0,0.993,1.0,0.763,0.184,1.0,-0.0,0.989,AWP|Glock-18|a1h1k0|sm1fl2HE0fr1;AWP|Five-SeveN|a1h1k0|sm1fl2HE0fr1;AWP|Glock-18|a1h1k0|sm1fl1HE1fr1
t,1400,AWP,5250,INTERPOLATED,0,28.2,50,exact,400,700,800,,6650,5950,6550,AWP:100%;AK-47:0%,1.0,1.0,0.0,0.994,1.0,0.758,0.188,1.0,-0.0,0.991,AWP|Glock-18|a1h1k0|sm1fl2HE0fr1;AWP|Five-SeveN|a1h1k0|sm1fl2HE0fr1;AWP|Glock-18|a1h1k0|sm1fl1HE1fr1
t,1400,AWP,5300,OBSERVED,2,28.0,0,exact,300,700,800,,6700,6000,6600,AWP:100%;AK-47:0%,1.0,1.0,0.0,0.995,1.0,0.754,0.192,1.0,-0.0,0.993,AWP|Glock-18|a1h1k0|sm1fl2HE0fr1;AWP|Five-SeveN|a1h1k0|sm1fl2HE0fr1;AWP|Glock-18|a1h1k0|sm1fl1HE1fr1
t,1400,AWP,5350,INTERPOLATED,0,28.0,50,exact,300,700,800,,6750,6050,6650,AWP:100%;AK-47:0%,1.0,1.0,0.0,0.996,1.0,0.75,0.195,1.0,-0.0,0.995,AWP|Glock-18|a1h1k0|sm1fl2HE0fr1;AWP|Five-SeveN|a1h1k0|sm1fl2HE0fr1;AWP|Glock-18|a1h1k0|sm1fl1HE1fr1
t,1400,AWP,5400,OBSERVED,1,28.0,0,exact,300,700,800,,6800,6100,6700,AWP:100%;AK-47:0%,1.0,1.0,0.0,0.997,1.0,0.746,0.198,1.0,-0.0,0.996,AWP|Glock-18|a1h1k0|sm1fl2HE0fr1;AWP|Five-SeveN|a1h1k0|sm1fl2HE0fr1;AWP|Glock-18|a1h1k0|sm1fl1HE1fr1
t,1400,AWP,5450,OBSERVED,1,28.1,0,exact,300,700,800,,6850,6150,6750,AWP:100%;AK-47:0%,1.0,1.0,0.0,0.998,1.0,0.743,0.2,1.0,-0.0,0.997,AWP|Glock-18|a1h1k0|sm1fl2HE0fr1;AWP|Five-SeveN|a1h1k0|sm1fl2HE0fr1;AWP|Glock-18|a1h1k0|sm1fl1HE0fr1
t,1400,AWP,5500,INTERPOLATED,0,28.2,50,exact,300,700,800,,6900,6200,6800,AWP:100%;AK-47:0%,1.0,1.0,0.0,0.998,1.0,0.74,0.202,1.0,-0.0,0.997,AWP|Glock-18|a1h1k0|sm1fl2HE0fr1;AWP|Five-SeveN|a1h1k0|sm1fl2HE0fr1;AWP|Glock-18|a1h1k0|sm1fl1HE0fr1
t,1400,AWP,5550,INTERPOLATED,0,28.2,100,exact,300,700,800,,6950,6250,6850,AWP:100%;AK-47:0%,1.0,1.0,0.0,0.999,1.0,0.738,0.203,1.0,-0.0,0.998,AWP|Glock-18|a1h1k0|sm1fl2HE0fr1;AWP|Five-SeveN|a1h1k0|sm1fl2HE0fr1;AWP|Glock-18|a1h1k0|sm1fl1HE0fr1
t,1400,AWP,5600,INTERPOLATED,0,28.3,50,exact,300,700,800,,7000,6300,6900,AWP:100%;AK-47:0%,1.0,1.0,0.0,0.999,1.0,0.737,0.203,1.0,-0.0,0.999,AWP|Glock-18|a1h1k0|sm1fl2HE0fr1;AWP|Five-SeveN|a1h1k0|sm1fl2HE0fr1;AWP|Glock-18|a1h1k0|sm1fl1HE0fr1
t,1400,AWP,5650,OBSERVED,1,28.4,0,exact,300,700,800,,7050,6350,6950,AWP:100%;AK-47:0%,1.0,1.0,0.0,0.999,1.0,0.737,0.203,1.0,-0.0,0.999,AWP|Glock-18|a1h1k0|sm1fl2HE0fr1;AWP|Five-SeveN|a1h1k0|sm1fl2HE0fr1;AWP|Glock-18|a1h1k0|sm1fl1HE0fr1
t,1400,AWP,5700,OBSERVED,1,28.5,0,exact,300,700,800,,7100,6400,7000,AWP:100%;AK-47:0%,1.0,1.0,0.0,0.999,1.0,0.738,0.202,1.0,-0.0,0.999,AWP|Glock-18|a1h1k0|sm1fl2HE0fr1;AWP|Five-SeveN|a1h1k0|sm1fl2HE0fr1;AWP|Glock-18|a1h1k0|sm1fl1HE0fr1
t,1400,AWP,5750,OBSERVED,1,28.6,0,exact,300,700,800,,7150,6450,7050,AWP:100%;AK-47:0%,1.0,1.0,0.0,1.0,1.0,0.739,0.201,1.0,-0.0,0.999,AWP|Glock-18|a1h1k0|sm1fl2HE0fr1;AWP|Five-SeveN|a1h1k0|sm1fl2HE0fr1;AWP|Glock-18|a1h1k0|sm1fl1HE0fr1
t,1400,AWP,5800,OBSERVED,1,28.6,0,exact,300,700,800,,7200,6500,7100,AWP:100%;AK-47:0%,1.0,1.0,0.0,1.0,1.0,0.742,0.2,1.0,-0.0,1.0,AWP|Glock-18|a1h1k0|sm1fl2HE0fr1;AWP|Five-SeveN|a1h1k0|sm1fl2HE0fr1;AWP|Tec-9|a1h1k0|sm1fl2HE0fr1
t,1400,AWP,5850,INTERPOLATED,0,28.6,50,exact,400,700,800,,7250,6550,7150,AWP:100%;AK-47:0%,1.0,1.0,0.0,1.0,1.0,0.745,0.198,1.0,-0.0,1.0,AWP|Glock-18|a1h1k0|sm1fl2HE0fr1;AWP|Five-SeveN|a1h1k0|sm1fl2HE0fr1;AWP|Tec-9|a1h1k0|sm1fl2HE0fr1
t,1400,AWP,5900,OBSERVED,2,28.6,0,exact,400,700,800,,7300,6600,7200,AWP:100%;AK-47:0%,1.0,1.0,0.0,1.0,1.0,0.749,0.195,1.0,-0.0,1.0,AWP|Glock-18|a1h1k0|sm1fl2HE0fr1;AWP|Tec-9|a1h1k0|sm1fl2HE0fr1;AWP|Five-SeveN|a1h1k0|sm1fl2HE0fr1
t,1400,AWP,5950,INTERPOLATED,0,28.6,50,exact,500,700,800,,7350,6650,7250,AWP:100%;AK-47:0%,1.0,1.0,0.0,1.0,1.0,0.754,0.193,1.0,-0.0,1.0,AWP|Glock-18|a1h1k0|sm1fl2HE0fr1;AWP|Tec-9|a1h1k0|sm1fl2HE0fr1;AWP|Five-SeveN|a1h1k0|sm1fl2HE0fr1
t,1400,AWP,6000,OBSERVED,1,28.5,0,exact,500,700,800,,7400,6700,7300,AWP:100%;AK-47:0%,1.0,1.0,0.0,1.0,1.0,0.759,0.191,1.0,-0.0,1.0,AWP|Glock-18|a1h1k0|sm1fl2HE0fr1;AWP|Tec-9|a1h1k0|sm1fl2HE0fr1;AWP|Five-SeveN|a1h1k0|sm1fl2HE0fr1
t,1400,FAMAS,3250,OBSERVED,20,109.1,0,family,700,900,1200,,4650,3750,4350,AK-47:67%;Galil AR:29%;M4A4:2%,1.0,1.0,0.0,0.98,0.958,0.385,0.61,0.985,0.179,0.836,AK-47|Glock-18|a1h1k0|sm1fl1HE1fr1;AK-47|Glock-18|a1h1k0|sm1fl2HE0fr1;Galil AR|Glock-18|a1h1k0|sm1fl1HE1fr1
t,1400,FAMAS,3300,OBSERVED,13,101.5,0,family,700,900,1100,,4700,3800,4400,AK-47:67%;Galil AR:30%;M4A4:2%,1.0,1.0,0.0,0.978,0.956,0.396,0.599,0.984,0.184,0.833,AK-47|Glock-18|a1h1k0|sm1fl1HE1fr1;AK-47|Glock-18|a1h1k0|sm1fl2HE0fr1;Galil AR|Glock-18|a1h1k0|sm1fl1HE1fr1
t,1400,FAMAS,3350,OBSERVED,14,112.8,0,family,700,900,1100,,4750,3850,4450,AK-47:66%;Galil AR:30%;M4A4:2%,1.0,1.0,0.0,0.975,0.96,0.423,0.572,0.985,0.169,0.822,AK-47|Glock-18|a1h1k0|sm1fl1HE1fr1;AK-47|Glock-18|a1h1k0|sm1fl2HE0fr1;Galil AR|Glock-18|a1h1k0|sm1fl1HE1fr1
t,1400,FAMAS,3400,OBSERVED,7,121.0,0,family,700,900,1100,,4800,3900,4500,AK-47:65%;Galil AR:31%;M4A4:3%,1.0,1.0,0.0,0.971,0.97,0.449,0.544,0.99,0.136,0.829,AK-47|Glock-18|a1h1k0|sm1fl1HE1fr1;AK-47|Glock-18|a1h1k0|sm1fl2HE0fr1;Galil AR|Glock-18|a1h1k0|sm1fl1HE1fr1
t,1400,FAMAS,3450,OBSERVED,2,108.6,0,family,700,900,1100,,4850,3950,4550,AK-47:65%;Galil AR:29%;M4A4:5%,1.0,1.0,0.0,0.971,0.983,0.417,0.573,0.995,0.067,0.857,AK-47|Glock-18|a1h1k0|sm1fl1HE1fr1;AK-47|Glock-18|a1h1k0|sm1fl2HE0fr1;Galil AR|Glock-18|a1h1k0|sm1fl1HE1fr1
t,1400,FAMAS,3500,OBSERVED,48,114.9,0,family,700,1000,1200,,4900,3900,4500,AK-47:63%;Galil AR:28%;M4A4:6%,1.0,1.0,0.0,0.974,0.989,0.396,0.599,0.982,0.06,0.844,AK-47|Glock-18|a1h1k0|sm1fl1HE1fr1;AK-47|Glock-18|a1h1k0|sm1fl2HE0fr1;Galil AR|Glock-18|a1h1k0|sm1fl1HE1fr1
t,1400,FAMAS,3550,OBSERVED,55,128.6,0,family,700,1000,1200,,4950,3950,4550,AK-47:62%;Galil AR:30%;M4A4:5%,1.0,1.0,0.0,0.981,0.995,0.4,0.575,0.985,0.087,0.834,AK-47|Glock-18|a1h1k0|sm1fl1HE1fr1;AK-47|Glock-18|a1h1k0|sm1fl2HE0fr1;Galil AR|Glock-18|a1h1k0|sm1fl1HE1fr1
t,1400,FAMAS,3600,OBSERVED,40,126.4,0,family,700,1000,1200,,5000,4000,4600,AK-47:66%;Galil AR:29%;M4A4:3%,1.0,1.0,0.0,0.97,0.999,0.396,0.571,0.994,0.081,0.837,AK-47|Glock-18|a1h1k0|sm1fl1HE1fr1;AK-47|Glock-18|a1h1k0|sm1fl2HE0fr1;Galil AR|Glock-18|a1h1k0|sm1fl1HE1fr1
t,1400,FAMAS,3650,OBSERVED,42,119.7,0,family,700,1000,1200,,5050,4050,4650,AK-47:71%;Galil AR:24%;M4A4:2%,1.0,1.0,0.0,0.968,1.0,0.43,0.557,0.995,0.1,0.839,AK-47|Glock-18|a1h1k0|sm1fl1HE1fr1;AK-47|Glock-18|a1h1k0|sm1fl2HE0fr1;Galil AR|Glock-18|a1h1k0|sm1fl1HE1fr1
t,1400,FAMAS,3700,OBSERVED,20,100.1,0,family,700,900,1100,,5100,4200,4800,AK-47:69%;Galil AR:24%;M4A4:3%,1.0,1.0,0.0,0.966,0.998,0.502,0.513,0.979,0.081,0.824,AK-47|Glock-18|a1h1k0|sm1fl1HE1fr1;AK-47|Glock-18|a1h1k0|sm1fl2HE0fr1;Galil AR|Glock-18|a1h1k0|sm1fl1HE1fr1
t,1400,FAMAS,3750,OBSERVED,12,107.9,0,family,700,900,1100,,5150,4250,4850,AK-47:64%;Galil AR:24%;M4A1-S:6%,1.0,1.0,0.0,0.963,0.988,0.542,0.493,0.957,0.021,0.804,AK-47|Glock-18|a1h1k0|sm1fl1HE1fr1;AK-47|Glock-18|a1h1k0|sm1fl2HE0fr1;Galil AR|Glock-18|a1h1k0|sm1fl2HE0fr1
t,1400,FAMAS,3800,OBSERVED,35,103.7,0,family,700,900,1100,,5200,4300,4900,AK-47:68%;Galil AR:19%;M4A1-S:7%,1.0,1.0,0.0,0.959,0.979,0.503,0.516,0.973,0.011,0.788,AK-47|Glock-18|a1h1k0|sm1fl1HE1fr1;AK-47|Glock-18|a1h1k0|sm1fl2HE0fr1;Galil AR|Glock-18|a1h1k0|sm1fl2HE0fr1
t,1400,FAMAS,3850,OBSERVED,65,100.5,0,family,700,1000,1100,,5250,4250,4850,AK-47:75%;Galil AR:14%;M4A1-S:6%,1.0,1.0,0.0,0.97,0.982,0.461,0.551,0.994,0.029,0.808,AK-47|Glock-18|a1h1k0|sm1fl1HE1fr1;AK-47|Glock-18|a1h1k0|sm1fl2HE0fr1;Galil AR|Glock-18|a1h1k0|sm1fl2HE0fr1
t,1400,FAMAS,3900,OBSERVED,39,129.9,0,family,700,900,1100,,5300,4400,5000,AK-47:71%;Galil AR:18%;M4A1-S:5%,1.0,1.0,0.0,0.963,0.983,0.432,0.578,0.978,0.118,0.773,AK-47|Glock-18|a1h1k0|sm1fl1HE1fr1;AK-47|Glock-18|a1h1k0|sm1fl2HE0fr1;Galil AR|Glock-18|a1h1k0|sm1fl2HE0fr1
t,1400,FAMAS,3950,OBSERVED,38,120.9,0,family,700,900,1100,,5350,4450,5050,AK-47:72%;Galil AR:20%;M4A1-S:3%,1.0,1.0,0.0,0.939,0.991,0.434,0.572,0.97,0.13,0.776,AK-47|Glock-18|a1h1k0|sm1fl1HE1fr1;AK-47|Glock-18|a1h1k0|sm1fl2HE0fr1;Galil AR|Glock-18|a1h1k0|sm1fl2HE0fr1
t,1400,FAMAS,4000,OBSERVED,25,112.1,0,family,700,900,1100,,5400,4500,5100,AK-47:73%;Galil AR:19%;M4A1-S:3%,1.0,1.0,0.0,0.948,0.996,0.437,0.559,0.977,0.1,0.788,AK-47|Glock-18|a1h1k0|sm1fl1HE1fr1;AK-47|Glock-18|a1h1k0|sm1fl2HE0fr1;Galil AR|Glock-18|a1h1k0|sm1fl1HE1fr1
t,1400,FAMAS,4050,OBSERVED,7,120.2,0,family,700,900,1100,,5450,4550,5150,AK-47:72%;Galil AR:18%;M4A1-S:4%,1.0,1.0,0.0,0.959,0.998,0.406,0.589,0.984,0.053,0.816,AK-47|Glock-18|a1h1k0|sm1fl1HE1fr1;AK-47|Glock-18|a1h1k0|sm1fl2HE0fr1;Galil AR|Glock-18|a1h1k0|sm1fl1HE1fr1
t,1400,FAMAS,4100,OBSERVED,21,118.2,0,family,700,900,1200,,5500,4600,5200,AK-47:69%;Galil AR:18%;AWP:4%,1.0,1.0,0.0,0.964,0.999,0.385,0.611,0.985,0.029,0.816,AK-47|Glock-18|a1h1k0|sm1fl1HE1fr1;AK-47|Glock-18|a1h1k0|sm1fl2HE0fr1;Galil AR|Glock-18|a1h1k0|sm1fl1HE1fr1
t,1400,FAMAS,4150,OBSERVED,24,105.5,0,family,600,900,1200,,5550,4650,5250,AK-47:67%;Galil AR:19%;AWP:6%,1.0,1.0,0.0,0.968,1.0,0.387,0.612,0.986,0.011,0.803,AK-47|Glock-18|a1h1k0|sm1fl1HE1fr1;AK-47|Glock-18|a1h1k0|sm1fl2HE0fr1;Galil AR|Glock-18|a1h1k0|sm1fl2HE0fr1
t,1400,FAMAS,4200,OBSERVED,16,108.6,0,family,600,900,1200,,5600,4700,5300,AK-47:66%;Galil AR:20%;AWP:6%,1.0,1.0,0.0,0.971,0.999,0.403,0.596,0.989,-0.0,0.807,AK-47|Glock-18|a1h1k0|sm1fl1HE1fr1;AK-47|Glock-18|a1h1k0|sm1fl2HE0fr1;Galil AR|Glock-18|a1h1k0|sm1fl2HE0fr1
t,1400,FAMAS,4250,OBSERVED,24,105.6,0,family,600,900,1100,,5650,4750,5350,AK-47:66%;Galil AR:20%;M4A4:6%,1.0,1.0,0.0,0.973,0.996,0.408,0.592,0.992,-0.0,0.818,AK-47|Glock-18|a1h1k0|sm1fl1HE1fr1;AK-47|Glock-18|a1h1k0|sm1fl2HE0fr1;Galil AR|Glock-18|a1h1k0|sm1fl1HE1fr1
t,1400,FAMAS,4300,OBSERVED,12,104.2,0,family,600,900,1100,,5700,4800,5400,AK-47:69%;Galil AR:18%;M4A4:6%,1.0,1.0,0.0,0.971,0.99,0.404,0.597,0.994,-0.0,0.817,AK-47|Glock-18|a1h1k0|sm1fl1HE1fr1;AK-47|Glock-18|a1h1k0|sm1fl2HE0fr1;Galil AR|Five-SeveN|a1h1k0|sm1fl1HE1fr1
t,1400,FAMAS,4350,OBSERVED,6,106.0,0,family,600,800,1100,,5750,4950,5550,AK-47:74%;Galil AR:15%;M4A4:6%,1.0,1.0,0.0,0.967,0.981,0.395,0.606,0.996,-0.0,0.809,AK-47|Glock-18|a1h1k0|sm1fl1HE1fr1;AK-47|Glock-18|a1h1k0|sm1fl2HE0fr1;AK-47|USP-S|a1h1k0|sm1fl1HE1fr1
t,1400,FAMAS,4400,OBSERVED,7,106.4,0,family,600,800,1100,,5800,5000,5600,AK-47:80%;Galil AR:12%;M4A4:5%,1.0,1.0,0.0,0.963,0.972,0.387,0.612,0.997,-0.0,0.801,AK-47|Glock-18|a1h1k0|sm1fl1HE1fr1;AK-47|Glock-18|a1h1k0|sm1fl2HE0fr1;AK-47|USP-S|a1h1k0|sm1fl1HE1fr1
t,1400,FAMAS,4450,OBSERVED,4,101.8,0,family,600,700,1100,,5850,5150,5750,AK-47:84%;Galil AR:8%;M4A4:4%,1.0,1.0,0.0,0.962,0.965,0.382,0.612,0.998,-0.0,0.798,AK-47|Glock-18|a1h1k0|sm1fl1HE1fr1;AK-47|Glock-18|a1h1k0|sm1fl2HE0fr1;AK-47|USP-S|a1h1k0|sm1fl1HE1fr1
t,1400,FAMAS,4500,OBSERVED,9,104.3,0,family,600,700,1000,,5900,5200,5800,AK-47:86%;Galil AR:7%;M4A4:3%,1.0,1.0,0.0,0.965,0.962,0.382,0.607,0.999,-0.0,0.792,AK-47|Glock-18|a1h1k0|sm1fl1HE1fr1;AK-47|Glock-18|a1h1k0|sm1fl2HE0fr1;AK-47|USP-S|a1h1k0|sm1fl1HE1fr1
t,1400,FAMAS,4550,OBSERVED,12,108.2,0,family,600,700,900,,5950,5250,5850,AK-47:86%;Galil AR:7%;AWP:3%,1.0,1.0,0.0,0.969,0.964,0.384,0.603,0.999,-0.0,0.793,AK-47|Glock-18|a1h1k0|sm1fl1HE1fr1;AK-47|Glock-18|a1h1k0|sm1fl2HE0fr1;AK-47|USP-S|a1h1k0|sm1fl1HE1fr1
t,1400,FAMAS,4600,OBSERVED,8,105.9,0,family,600,700,900,,6000,5300,5900,AK-47:86%;Galil AR:6%;AWP:4%,1.0,1.0,0.0,0.971,0.965,0.386,0.602,0.999,-0.0,0.806,AK-47|Glock-18|a1h1k0|sm1fl1HE1fr1;AK-47|Glock-18|a1h1k0|sm1fl2HE0fr1;AK-47|USP-S|a1h1k0|sm1fl1HE1fr1
t,1400,FAMAS,4650,OBSERVED,6,106.1,0,family,600,700,900,,6050,5350,5950,AK-47:86%;Galil AR:6%;AWP:4%,1.0,1.0,0.0,0.973,0.968,0.387,0.602,0.999,-0.0,0.816,AK-47|Glock-18|a1h1k0|sm1fl1HE1fr1;AK-47|Glock-18|a1h1k0|sm1fl2HE0fr1;AK-47|USP-S|a1h1k0|sm1fl1HE1fr1
t,1400,FAMAS,4700,OBSERVED,7,100.5,0,family,600,700,900,,6100,5400,6000,AK-47:86%;Galil AR:5%;AWP:4%,1.0,1.0,0.0,0.975,0.971,0.387,0.604,1.0,-0.0,0.828,AK-47|Glock-18|a1h1k0|sm1fl1HE1fr1;AK-47|Glock-18|a1h1k0|sm1fl2HE0fr1;AK-47|USP-S|a1h1k0|sm1fl1HE1fr1
t,1400,FAMAS,4750,OBSERVED,5,102.2,0,family,500,700,900,,6150,5450,6050,AK-47:85%;Galil AR:5%;AWP:5%,1.0,1.0,0.0,0.974,0.976,0.386,0.609,1.0,-0.0,0.831,AK-47|Glock-18|a1h1k0|sm1fl1HE1fr1;AK-47|Glock-18|a1h1k0|sm1fl2HE0fr1;AK-47|USP-S|a1h1k0|sm1fl1HE1fr1
t,1400,FAMAS,4800,OBSERVED,3,103.1,0,family,500,700,900,,6200,5500,6100,AK-47:84%;Galil AR:5%;M4A1-S:4%,1.0,1.0,0.0,0.973,0.98,0.384,0.614,1.0,-0.0,0.834,AK-47|Glock-18|a1h1k0|sm1fl1HE1fr1;AK-47|Glock-18|a1h1k0|sm1fl2HE0fr1;AK-47|USP-S|a1h1k0|sm1fl1HE1fr1
t,1400,FAMAS,4850,OBSERVED,3,103.8,0,family,500,700,900,,6250,5550,6150,AK-47:84%;Galil AR:5%;M4A1-S:5%,1.0,1.0,0.0,0.972,0.984,0.381,0.618,1.0,-0.0,0.836,AK-47|Glock-18|a1h1k0|sm1fl1HE1fr1;AK-47|Glock-18|a1h1k0|sm1fl2HE0fr1;AK-47|USP-S|a1h1k0|sm1fl1HE1fr1
t,1400,FAMAS,4900,OBSERVED,7,104.7,0,family,500,700,900,,6300,5600,6200,AK-47:84%;M4A1-S:5%;Galil AR:5%,1.0,1.0,0.0,0.971,0.987,0.379,0.621,1.0,-0.0,0.836,AK-47|Glock-18|a1h1k0|sm1fl1HE1fr1;AK-47|Glock-18|a1h1k0|sm1fl2HE0fr1;AK-47|USP-S|a1h1k0|sm1fl1HE1fr1
t,1400,FAMAS,4950,OBSERVED,10,101.0,0,family,400,700,800,,6350,5650,6250,AK-47:84%;M4A1-S:5%;Galil AR:5%,1.0,1.0,0.0,0.969,0.99,0.377,0.625,1.0,-0.0,0.837,AK-47|Glock-18|a1h1k0|sm1fl1HE1fr1;AK-47|Glock-18|a1h1k0|sm1fl2HE0fr1;AK-47|USP-S|a1h1k0|sm1fl1HE1fr1
t,1400,FAMAS,5000,OBSERVED,5,103.5,0,family,400,700,800,,6400,5700,6300,AK-47:84%;M4A1-S:5%;Galil AR:4%,1.0,1.0,0.0,0.968,0.993,0.376,0.626,1.0,-0.0,0.835,AK-47|Glock-18|a1h1k0|sm1fl1HE1fr1;AK-47|Glock-18|a1h1k0|sm1fl2HE0fr1;AK-47|USP-S|a1h1k0|sm1fl1HE1fr1
t,1400,FAMAS,5050,OBSERVED,6,101.7,0,family,400,700,800,,6450,5750,6350,AK-47:84%;M4A1-S:5%;Galil AR:4%,1.0,1.0,0.0,0.968,0.995,0.375,0.626,1.0,-0.0,0.839,AK-47|Glock-18|a1h1k0|sm1fl1HE1fr1;AK-47|Glock-18|a1h1k0|sm1fl2HE0fr1;AK-47|USP-S|a1h1k0|sm1fl1HE1fr1
t,1400,FAMAS,5100,OBSERVED,4,100.6,0,family,400,700,800,,6500,5800,6400,AK-47:85%;M4A1-S:5%;Galil AR:4%,1.0,1.0,0.0,0.967,0.996,0.376,0.626,1.0,-0.0,0.849,AK-47|Glock-18|a1h1k0|sm1fl1HE1fr1;AK-47|Glock-18|a1h1k0|sm1fl2HE0fr1;AK-47|USP-S|a1h1k0|sm1fl1HE1fr1
t,1400,FAMAS,5150,OBSERVED,3,100.0,0,family,400,700,800,,6550,5850,6450,AK-47:86%;M4A1-S:4%;Galil AR:4%,1.0,1.0,0.0,0.967,0.998,0.378,0.624,1.0,-0.0,0.858,AK-47|Glock-18|a1h1k0|sm1fl1HE1fr1;AK-47|Glock-18|a1h1k0|sm1fl2HE0fr1;Galil AR|Glock-18|a1h1k0|sm1fl2HE0fr1
t,1400,FAMAS,5200,OBSERVED,5,103.9,0,family,400,700,700,,6600,5900,6500,AK-47:86%;Galil AR:4%;M4A1-S:4%,1.0,1.0,0.0,0.968,0.998,0.384,0.618,1.0,-0.0,0.859,AK-47|Glock-18|a1h1k0|sm1fl1HE1fr1;AK-47|Glock-18|a1h1k0|sm1fl2HE0fr1;M4A4|Glock-18|a1h1k0|sm1fl1HE1fr1
t,1400,FAMAS,5250,OBSERVED,6,103.3,0,family,400,700,700,,6650,5950,6550,AK-47:87%;Galil AR:4%;M4A4:4%,1.0,1.0,0.0,0.969,0.999,0.39,0.613,1.0,-0.0,0.863,AK-47|Glock-18|a1h1k0|sm1fl1HE1fr1;AK-47|Glock-18|a1h1k0|sm1fl2HE0fr1;M4A4|Glock-18|a1h1k0|sm1fl1HE1fr1
t,1400,FAMAS,5300,OBSERVED,7,102.8,0,family,400,700,700,,6700,6000,6600,AK-47:87%;Galil AR:4%;M4A4:4%,1.0,1.0,0.0,0.971,0.999,0.399,0.605,1.0,-0.0,0.871,AK-47|Glock-18|a1h1k0|sm1fl1HE1fr1;AK-47|Glock-18|a1h1k0|sm1fl2HE0fr1;M4A4|Glock-18|a1h1k0|sm1fl1HE1fr1
t,1400,FAMAS,5350,OBSERVED,6,102.3,0,family,400,700,700,,6750,6050,6650,AK-47:88%;Galil AR:5%;M4A4:4%,1.0,1.0,0.0,0.972,1.0,0.408,0.597,1.0,-0.0,0.879,AK-47|Glock-18|a1h1k0|sm1fl1HE1fr1;AK-47|Glock-18|a1h1k0|sm1fl2HE0fr1;M4A4|Glock-18|a1h1k0|sm1fl1HE1fr1
t,1400,FAMAS,5400,OBSERVED,4,101.7,0,family,400,700,700,,6800,6100,6700,AK-47:88%;Galil AR:5%;M4A4:3%,1.0,1.0,0.0,0.974,1.0,0.42,0.587,1.0,-0.0,0.884,AK-47|Glock-18|a1h1k0|sm1fl1HE1fr1;AK-47|Glock-18|a1h1k0|sm1fl2HE0fr1;M4A4|Glock-18|a1h1k0|sm1fl1HE1fr1
t,1400,FAMAS,5450,OBSERVED,6,101.2,0,family,400,700,700,,6850,6150,6750,AK-47:87%;Galil AR:6%;M4A4:3%,1.0,1.0,0.0,0.977,1.0,0.432,0.575,1.0,-0.0,0.885,AK-47|Glock-18|a1h1k0|sm1fl1HE1fr1;AK-47|Glock-18|a1h1k0|sm1fl2HE0fr1;Galil AR|Glock-18|a1h1k0|sm1fl2HE0fr1
t,1400,FAMAS,5500,OBSERVED,2,100.8,0,family,400,700,700,,6900,6200,6800,AK-47:87%;Galil AR:6%;M4A4:3%,1.0,1.0,0.0,0.979,1.0,0.444,0.564,1.0,-0.0,0.882,AK-47|Glock-18|a1h1k0|sm1fl1HE1fr1;AK-47|Glock-18|a1h1k0|sm1fl2HE0fr1;Galil AR|Glock-18|a1h1k0|sm1fl2HE0fr1
t,1400,FAMAS,5550,OBSERVED,10,100.7,0,family,400,700,700,,6950,6250,6850,AK-47:86%;Galil AR:7%;M4A4:3%,1.0,1.0,0.0,0.982,1.0,0.455,0.553,1.0,-0.0,0.878,AK-47|Glock-18|a1h1k0|sm1fl1HE1fr1;AK-47|Glock-18|a1h1k0|sm1fl2HE0fr1;Galil AR|Glock-18|a1h1k0|sm1fl2HE0fr1
t,1400,FAMAS,5600,OBSERVED,7,100.8,0,family,400,700,700,,7000,6300,6900,AK-47:85%;Galil AR:8%;M4A4:3%,1.0,1.0,0.0,0.984,0.999,0.465,0.543,1.0,-0.0,0.875,AK-47|Glock-18|a1h1k0|sm1fl1HE1fr1;AK-47|Glock-18|a1h1k0|sm1fl2HE0fr1;Galil AR|Glock-18|a1h1k0|sm1fl2HE0fr1
t,1400,FAMAS,5650,OBSERVED,3,101.4,0,family,400,700,700,,7050,6350,6950,AK-47:84%;Galil AR:9%;M4A4:3%,1.0,1.0,0.0,0.986,0.999,0.472,0.535,1.0,-0.0,0.869,AK-47|Glock-18|a1h1k0|sm1fl1HE1fr1;AK-47|Glock-18|a1h1k0|sm1fl2HE0fr1;Galil AR|Glock-18|a1h1k0|sm1fl2HE0fr1
t,1400,FAMAS,5700,OBSERVED,8,102.4,0,family,400,700,800,,7100,6400,7000,AK-47:83%;Galil AR:10%;M4A4:3%,1.0,1.0,0.0,0.988,0.999,0.477,0.53,1.0,-0.0,0.864,AK-47|Glock-18|a1h1k0|sm1fl1HE1fr1;AK-47|Glock-18|a1h1k0|sm1fl2HE0fr1;Galil AR|Glock-18|a1h1k0|sm1fl2HE0fr1
t,1400,FAMAS,5750,OBSERVED,8,103.8,0,family,400,700,800,,7150,6450,7050,AK-47:82%;Galil AR:10%;M4A4:4%,1.0,1.0,0.0,0.989,0.998,0.479,0.527,1.0,-0.0,0.857,AK-47|Glock-18|a1h1k0|sm1fl1HE1fr1;AK-47|Glock-18|a1h1k0|sm1fl2HE0fr1;Galil AR|Glock-18|a1h1k0|sm1fl2HE0fr1
t,1400,FAMAS,5800,INTERPOLATED,0,101.0,50,family,500,700,800,,7200,6500,7100,AK-47:80%;Galil AR:11%;M4A4:4%,1.0,1.0,0.0,0.991,0.997,0.48,0.525,1.0,-0.0,0.852,AK-47|Glock-18|a1h1k0|sm1fl1HE1fr1;AK-47|Glock-18|a1h1k0|sm1fl2HE0fr1;Galil AR|Glock-18|a1h1k0|sm1fl2HE0fr1
t,1400,FAMAS,5850,OBSERVED,8,102.2,0,family,500,700,800,,7250,6550,7150,AK-47:79%;Galil AR:12%;M4A4:4%,1.0,1.0,0.0,0.991,0.996,0.475,0.529,1.0,-0.0,0.842,AK-47|Glock-18|a1h1k0|sm1fl1HE1fr1;AK-47|Glock-18|a1h1k0|sm1fl2HE0fr1;AK-47|Five-SeveN|a1h1k0|sm1fl1HE1fr1
t,1400,FAMAS,5900,OBSERVED,3,102.7,0,family,500,700,800,,7300,6600,7200,AK-47:78%;Galil AR:12%;M4A4:5%,1.0,1.0,0.0,0.99,0.995,0.468,0.536,1.0,-0.0,0.831,AK-47|Glock-18|a1h1k0|sm1fl1HE1fr1;AK-47|Glock-18|a1h1k0|sm1fl2HE0fr1;AK-47|Five-SeveN|a1h1k0|sm1fl1HE1fr1
t,1400,FAMAS,5950,OBSERVED,4,102.6,0,family,500,700,800,,7350,6650,7250,AK-47:77%;Galil AR:13%;M4A4:5%,1.0,1.0,0.0,0.987,0.993,0.461,0.543,0.999,-0.0,0.819,AK-47|Glock-18|a1h1k0|sm1fl1HE1fr1;AK-47|Glock-18|a1h1k0|sm1fl2HE0fr1;AK-47|Five-SeveN|a1h1k0|sm1fl1HE1fr1
t,1400,FAMAS,6000,OBSERVED,7,101.8,0,family,500,700,800,,7400,6700,7300,AK-47:76%;Galil AR:14%;M4A4:5%,1.0,1.0,0.0,0.984,0.991,0.453,0.551,0.999,-0.0,0.804,AK-47|Glock-18|a1h1k0|sm1fl1HE1fr1;AK-47|Glock-18|a1h1k0|sm1fl2HE0fr1;AK-47|Five-SeveN|a1h1k0|sm1fl1HE1fr1
t,1400,Galil AR,3250,OBSERVED,6,101.2,0,exact,700,900,1100,,4650,3750,4350,Galil AR:73%;AK-47:16%;M4A1-S:5%,1.0,1.0,0.0,0.98,0.968,0.422,0.56,0.99,0.269,0.818,Galil AR|Glock-18|a1h1k0|sm1fl1HE1fr1;Galil AR|Glock-18|a1h1k0|sm1fl2HE0fr1;Galil AR|USP-S|a1h1k0|sm1fl1HE1fr1
t,1400,Galil AR,3300,OBSERVED,4,103.1,0,exact,700,900,1100,,4700,3800,4400,Galil AR:73%;AK-47:16%;M4A1-S:5%,1.0,1.0,0.0,0.979,0.97,0.422,0.559,0.99,0.265,0.818,Galil AR|Glock-18|a1h1k0|sm1fl1HE1fr1;Galil AR|Glock-18|a1h1k0|sm1fl2HE0fr1;Galil AR|USP-S|a1h1k0|sm1fl1HE1fr1
t,1400,Galil AR,3350,OBSERVED,7,101.7,0,exact,700,900,1100,,4750,3850,4450,Galil AR:73%;AK-47:16%;M4A4:5%,1.0,1.0,0.0,0.979,0.972,0.422,0.56,0.99,0.256,0.82,Galil AR|Glock-18|a1h1k0|sm1fl1HE1fr1;Galil AR|Glock-18|a1h1k0|sm1fl2HE0fr1;Galil AR|USP-S|a1h1k0|sm1fl1HE1fr1
t,1400,Galil AR,3400,OBSERVED,3,100.6,0,exact,700,900,1100,,4800,3900,4500,Galil AR:73%;AK-47:16%;M4A4:5%,1.0,1.0,0.0,0.978,0.976,0.421,0.562,0.989,0.242,0.821,Galil AR|Glock-18|a1h1k0|sm1fl1HE1fr1;Galil AR|Glock-18|a1h1k0|sm1fl2HE0fr1;Galil AR|USP-S|a1h1k0|sm1fl1HE1fr1
t,1400,Galil AR,3450,OBSERVED,1,101.9,0,exact,700,900,1100,,4850,3950,4550,Galil AR:72%;AK-47:16%;M4A4:5%,1.0,1.0,0.0,0.977,0.982,0.42,0.563,0.988,0.224,0.817,Galil AR|Glock-18|a1h1k0|sm1fl1HE1fr1;Galil AR|Glock-18|a1h1k0|sm1fl2HE0fr1;Galil AR|USP-S|a1h1k0|sm1fl1HE1fr1
t,1400,Galil AR,3500,OBSERVED,18,104.6,0,exact,700,1000,1200,,4900,3900,4500,Galil AR:72%;AK-47:17%;M4A4:5%,1.0,1.0,0.0,0.975,0.988,0.42,0.563,0.988,0.204,0.81,Galil AR|Glock-18|a1h1k0|sm1fl1HE1fr1;Galil AR|Glock-18|a1h1k0|sm1fl2HE0fr1;Galil AR|USP-S|a1h1k0|sm1fl1HE1fr1
t,1400,Galil AR,3550,OBSERVED,22,100.8,0,exact,700,1000,1200,,4950,3950,4550,Galil AR:71%;AK-47:17%;M4A1-S:6%,1.0,1.0,0.0,0.974,0.994,0.419,0.564,0.987,0.184,0.807,Galil AR|Glock-18|a1h1k0|sm1fl1HE1fr1;Galil AR|Glock-18|a1h1k0|sm1fl2HE0fr1;AK-47|Glock-18|a1h1k0|sm1fl1HE1fr1
t,1400,Galil AR,3600,OBSERVED,19,102.8,0,exact,700,1000,1200,,5000,4000,4600,Galil AR:70%;AK-47:18%;M4A1-S:6%,1.0,1.0,0.0,0.974,0.997,0.426,0.555,0.987,0.174,0.801,Galil AR|Glock-18|a1h1k0|sm1fl1HE1fr1;Galil AR|Glock-18|a1h1k0|sm1fl2HE0fr1;AK-47|Glock-18|a1h1k0|sm1fl1HE1fr1
t,1400,Galil AR,3650,OBSERVED,11,106.1,0,exact,700,1000,1200,,5050,4050,4650,Galil AR:68%;AK-47:18%;M4A1-S:7%,1.0,1.0,0.0,0.974,0.998,0.441,0.538,0.989,0.169,0.796,Galil AR|Glock-18|a1h1k0|sm1fl1HE1fr1;Galil AR|Glock-18|a1h1k0|sm1fl2HE0fr1;AK-47|Glock-18|a1h1k0|sm1fl1HE1fr1
t,1400,Galil AR,3700,OBSERVED,5,105.4,0,exact,700,1000,1200,,5100,4100,4700,Galil AR:66%;AK-47:19%;M4A1-S:9%,1.0,1.0,0.0,0.975,0.997,0.467,0.512,0.99,0.163,0.786,Galil AR|Glock-18|a1h1k0|sm1fl1HE1fr1;Galil AR|Glock-18|a1h1k0|sm1fl2HE0fr1;AK-47|Glock-18|a1h1k0|sm1fl1HE1fr1
t,1400,Galil AR,3750,OBSERVED,7,101.9,0,exact,700,1000,1100,,5150,4150,4750,Galil AR:61%;AK-47:20%;M4A1-S:12%,1.0,1.0,0.0,0.973,0.994,0.492,0.493,0.988,0.153,0.764,Galil AR|Glock-18|a1h1k0|sm1fl2HE0fr1;Galil AR|Glock-18|a1h1k0|sm1fl1HE1fr1;AK-47|Glock-18|a1h1k0|sm1fl1HE1fr1
t,1400,Galil AR,3800,OBSERVED,11,107.8,0,exact,800,1000,1100,,5200,4200,4800,Galil AR:59%;AK-47:21%;M4A1-S:13%,1.0,1.0,0.0,0.969,0.99,0.491,0.503,0.981,0.169,0.735,Galil AR|Glock-18|a1h1k0|sm1fl2HE0fr1;Galil AR|Glock-18|a1h1k0|sm1fl1HE1fr1;AK-47|Glock-18|a1h1k0|sm1fl1HE1fr1
t,1400,Galil AR,3850,OBSERVED,21,105.2,0,exact,800,1000,1100,,5250,4250,4850,Galil AR:57%;AK-47:21%;M4A1-S:14%,1.0,1.0,0.0,0.966,0.988,0.486,0.516,0.976,0.179,0.717,Galil AR|Glock-18|a1h1k0|sm1fl2HE0fr1;Galil AR|Glock-18|a1h1k0|sm1fl1HE1fr1;AK-47|Glock-18|a1h1k0|sm1fl1HE1fr1
t,1400,Galil AR,3900,OBSERVED,14,105.7,0,exact,800,1000,1100,,5300,4300,4900,Galil AR:56%;AK-47:21%;M4A1-S:13%,1.0,1.0,0.0,0.964,0.988,0.476,0.532,0.972,0.184,0.703,Galil AR|Glock-18|a1h1k0|sm1fl2HE0fr1;Galil AR|Glock-18|a1h1k0|sm1fl1HE1fr1;AK-47|Glock-18|a1h1k0|sm1fl1HE1fr1
t,1400,Galil AR,3950,OBSERVED,13,102.1,0,exact,800,1000,1200,,5350,4350,4950,Galil AR:56%;AK-47:21%;M4A1-S:13%,1.0,1.0,0.0,0.963,0.988,0.466,0.548,0.969,0.184,0.695,Galil AR|Glock-18|a1h1k0|sm1fl2HE0fr1;Galil AR|Glock-18|a1h1k0|sm1fl1HE1fr1;AK-47|Glock-18|a1h1k0|sm1fl1HE1fr1
t,1400,Galil AR,4000,OBSERVED,6,105.3,0,exact,800,1000,1200,,5400,4400,5000,Galil AR:56%;AK-47:21%;M4A1-S:12%,1.0,1.0,0.0,0.963,0.989,0.454,0.562,0.967,0.174,0.691,Galil AR|Glock-18|a1h1k0|sm1fl2HE0fr1;Galil AR|Glock-18|a1h1k0|sm1fl1HE1fr1;AK-47|Glock-18|a1h1k0|sm1fl1HE1fr1
t,1400,Galil AR,4050,OBSERVED,2,100.1,0,exact,700,1000,1200,,5450,4450,5050,Galil AR:55%;AK-47:20%;M4A1-S:11%,1.0,1.0,0.0,0.964,0.99,0.443,0.574,0.966,0.158,0.693,Galil AR|Glock-18|a1h1k0|sm1fl2HE0fr1;Galil AR|Glock-18|a1h1k0|sm1fl1HE1fr1;AK-47|Glock-18|a1h1k0|sm1fl1HE1fr1
t,1400,Galil AR,4100,OBSERVED,8,104.0,0,exact,700,900,1200,,5500,4600,5200,Galil AR:55%;AK-47:20%;M4A4:10%,1.0,1.0,0.0,0.965,0.992,0.44,0.574,0.968,0.136,0.695,Galil AR|Glock-18|a1h1k0|sm1fl2HE0fr1;Galil AR|Glock-18|a1h1k0|sm1fl1HE1fr1;AK-47|Glock-18|a1h1k0|sm1fl1HE1fr1
t,1400,Galil AR,4150,OBSERVED,7,100.5,0,exact,700,900,1200,,5550,4650,5250,Galil AR:55%;AK-47:20%;M4A4:11%,1.0,1.0,0.0,0.965,0.993,0.436,0.576,0.97,0.124,0.704,Galil AR|Glock-18|a1h1k0|sm1fl2HE0fr1;Galil AR|Glock-18|a1h1k0|sm1fl1HE1fr1;AK-47|Glock-18|a1h1k0|sm1fl1HE1fr1
t,1400,Galil AR,4200,OBSERVED,6,101.5,0,exact,700,900,1200,,5600,4700,5300,Galil AR:55%;AK-47:20%;M4A4:11%,1.0,1.0,0.0,0.966,0.994,0.433,0.577,0.972,0.118,0.709,Galil AR|Glock-18|a1h1k0|sm1fl2HE0fr1;Galil AR|Glock-18|a1h1k0|sm1fl1HE1fr1;AK-47|Glock-18|a1h1k0|sm1fl1HE1fr1
t,1400,Galil AR,4250,OBSERVED,10,103.7,0,exact,700,900,1200,,5650,4750,5350,Galil AR:55%;AK-47:20%;M4A4:11%,1.0,1.0,0.0,0.966,0.994,0.43,0.579,0.973,0.112,0.713,Galil AR|Glock-18|a1h1k0|sm1fl2HE0fr1;Galil AR|Glock-18|a1h1k0|sm1fl1HE1fr1;AK-47|Glock-18|a1h1k0|sm1fl1HE1fr1
t,1400,Galil AR,4300,OBSERVED,7,102.5,0,exact,700,900,1200,,5700,4800,5400,Galil AR:54%;AK-47:20%;M4A4:12%,1.0,1.0,0.0,0.967,0.994,0.426,0.582,0.974,0.112,0.717,Galil AR|Glock-18|a1h1k0|sm1fl1HE1fr1;Galil AR|Glock-18|a1h1k0|sm1fl2HE0fr1;AK-47|Glock-18|a1h1k0|sm1fl1HE1fr1
t,1400,Galil AR,4350,INTERPOLATED,0,102.3,50,exact,700,900,1200,,5750,4850,5450,Galil AR:54%;AK-47:20%;M4A4:12%,1.0,1.0,0.0,0.967,0.994,0.422,0.586,0.975,0.106,0.72,Galil AR|Glock-18|a1h1k0|sm1fl1HE1fr1;Galil AR|Glock-18|a1h1k0|sm1fl2HE0fr1;AK-47|Glock-18|a1h1k0|sm1fl1HE1fr1
t,1400,Galil AR,4400,OBSERVED,1,102.9,0,exact,700,900,1200,,5800,4900,5500,Galil AR:54%;AK-47:20%;M4A4:12%,1.0,1.0,0.0,0.968,0.995,0.418,0.59,0.976,0.106,0.722,Galil AR|Glock-18|a1h1k0|sm1fl1HE1fr1;Galil AR|Glock-18|a1h1k0|sm1fl2HE0fr1;AK-47|Glock-18|a1h1k0|sm1fl1HE1fr1
t,1400,Galil AR,4450,INTERPOLATED,0,104.0,50,exact,700,900,1200,,5850,4950,5550,Galil AR:54%;AK-47:21%;M4A4:12%,1.0,1.0,0.0,0.969,0.995,0.414,0.593,0.976,0.1,0.724,Galil AR|Glock-18|a1h1k0|sm1fl1HE1fr1;Galil AR|Glock-18|a1h1k0|sm1fl2HE0fr1;AK-47|Glock-18|a1h1k0|sm1fl1HE1fr1
t,1400,Galil AR,4500,OBSERVED,1,100.7,0,exact,700,900,1200,,5900,5000,5600,Galil AR:53%;AK-47:21%;M4A4:12%,1.0,1.0,0.0,0.97,0.995,0.408,0.598,0.977,0.094,0.728,Galil AR|Glock-18|a1h1k0|sm1fl1HE1fr1;Galil AR|Glock-18|a1h1k0|sm1fl2HE0fr1;AK-47|Glock-18|a1h1k0|sm1fl1HE1fr1
t,1400,Galil AR,4550,INTERPOLATED,0,101.6,50,exact,700,900,1200,,5950,5050,5650,Galil AR:53%;AK-47:21%;M4A4:12%,1.0,1.0,0.0,0.97,0.995,0.405,0.602,0.978,0.094,0.732,Galil AR|Glock-18|a1h1k0|sm1fl1HE1fr1;Galil AR|Glock-18|a1h1k0|sm1fl2HE0fr1;AK-47|Glock-18|a1h1k0|sm1fl1HE1fr1
t,1400,Galil AR,4600,INTERPOLATED,0,102.2,100,exact,700,900,1200,,6000,5100,5700,Galil AR:52%;AK-47:22%;M4A4:12%,1.0,1.0,0.0,0.971,0.995,0.401,0.604,0.979,0.094,0.737,Galil AR|Glock-18|a1h1k0|sm1fl2HE0fr1;Galil AR|Glock-18|a1h1k0|sm1fl1HE1fr1;AK-47|Glock-18|a1h1k0|sm1fl1HE1fr1
t,1400,Galil AR,4650,INTERPOLATED,0,102.4,50,exact,700,900,1200,,6050,5150,5750,Galil AR:52%;AK-47:22%;M4A4:12%,1.0,1.0,0.0,0.972,0.996,0.398,0.607,0.98,0.094,0.741,Galil AR|Glock-18|a1h1k0|sm1fl2HE0fr1;Galil AR|Glock-18|a1h1k0|sm1fl1HE1fr1;AK-47|Glock-18|a1h1k0|sm1fl1HE1fr1
t,1400,Galil AR,4700,OBSERVED,1,102.4,0,exact,700,900,1200,,6100,5200,5800,Galil AR:52%;AK-47:22%;M4A4:12%,1.0,1.0,0.0,0.973,0.996,0.396,0.609,0.98,0.087,0.745,Galil AR|Glock-18|a1h1k0|sm1fl2HE0fr1;Galil AR|Glock-18|a1h1k0|sm1fl1HE1fr1;AK-47|Glock-18|a1h1k0|sm1fl1HE1fr1
t,1400,Galil AR,4750,INTERPOLATED,0,102.3,50,exact,700,900,1200,,6150,5250,5850,Galil AR:51%;AK-47:22%;M4A4:12%,1.0,1.0,0.0,0.974,0.996,0.394,0.61,0.981,0.087,0.747,Galil AR|Glock-18|a1h1k0|sm1fl2HE0fr1;Galil AR|Glock-18|a1h1k0|sm1fl1HE1fr1;AK-47|Glock-18|a1h1k0|sm1fl1HE1fr1
t,1400,Galil AR,4800,INTERPOLATED,0,102.2,50,exact,700,900,1200,,6200,5300,5900,Galil AR:51%;AK-47:23%;M4A4:12%,1.0,1.0,0.0,0.975,0.996,0.393,0.611,0.982,0.087,0.749,Galil AR|Glock-18|a1h1k0|sm1fl2HE0fr1;AK-47|Glock-18|a1h1k0|sm1fl1HE1fr1;Galil AR|Glock-18|a1h1k0|sm1fl1HE1fr1
t,1400,Galil AR,4850,OBSERVED,2,102.2,0,exact,700,900,1200,,6250,5350,5950,Galil AR:51%;AK-47:23%;M4A4:12%,1.0,1.0,0.0,0.976,0.995,0.394,0.611,0.983,0.087,0.749,Galil AR|Glock-18|a1h1k0|sm1fl2HE0fr1;AK-47|Glock-18|a1h1k0|sm1fl1HE1fr1;Galil AR|Glock-18|a1h1k0|sm1fl1HE1fr1
t,1400,Galil AR,4900,OBSERVED,1,93.2,0,exact,700,900,1200,,6300,5400,6000,Galil AR:50%;AK-47:24%;M4A4:12%,1.0,1.0,0.0,0.977,0.996,0.389,0.615,0.984,0.074,0.752,Galil AR|Glock-18|a1h1k0|sm1fl2HE0fr1;AK-47|Glock-18|a1h1k0|sm1fl1HE1fr1;Galil AR|Glock-18|a1h1k0|sm1fl1HE1fr1
t,1400,Galil AR,4950,OBSERVED,1,84.4,0,exact,700,900,1200,,6350,5450,6050,Galil AR:49%;AK-47:24%;M4A4:13%,1.0,1.0,0.0,0.979,0.996,0.386,0.618,0.985,0.067,0.755,Galil AR|Glock-18|a1h1k0|sm1fl2HE0fr1;AK-47|Glock-18|a1h1k0|sm1fl1HE1fr1;Galil AR|Glock-18|a1h1k0|sm1fl1HE1fr1
t,1400,Galil AR,5000,OBSERVED,1,76.0,0,exact,700,900,1200,,6400,5500,6100,Galil AR:48%;AK-47:25%;M4A4:13%,1.0,1.0,0.0,0.98,0.996,0.384,0.62,0.987,0.06,0.76,Galil AR|Glock-18|a1h1k0|sm1fl2HE0fr1;AK-47|Glock-18|a1h1k0|sm1fl1HE1fr1;Galil AR|Glock-18|a1h1k0|sm1fl1HE1fr1
t,1400,Galil AR,5050,OBSERVED,1,68.4,0,exact,600,900,1200,,6450,5550,6150,Galil AR:48%;AK-47:25%;M4A4:13%,1.0,1.0,0.0,0.981,0.996,0.382,0.621,0.988,0.053,0.763,AK-47|Glock-18|a1h1k0|sm1fl1HE1fr1;Galil AR|Glock-18|a1h1k0|sm1fl2HE0fr1;Galil AR|Glock-18|a1h1k0|sm1fl1HE1fr1
t,1400,Galil AR,5100,INTERPOLATED,0,61.6,50,exact,600,900,1200,,6500,5600,6200,Galil AR:47%;AK-47:26%;M4A4:14%,1.0,1.0,0.0,0.983,0.996,0.383,0.62,0.99,0.045,0.762,AK-47|Glock-18|a1h1k0|sm1fl1HE1fr1;Galil AR|Glock-18|a1h1k0|sm1fl2HE0fr1;M4A4|Glock-18|a1h1k0|sm1fl1HE1fr1
t,1400,Galil AR,5150,INTERPOLATED,0,55.9,100,exact,600,900,1200,,6550,5650,6250,Galil AR:47%;AK-47:26%;M4A4:14%,1.0,1.0,0.0,0.984,0.995,0.385,0.617,0.991,0.038,0.765,AK-47|Glock-18|a1h1k0|sm1fl1HE1fr1;Galil AR|Glock-18|a1h1k0|sm1fl2HE0fr1;M4A4|Glock-18|a1h1k0|sm1fl1HE1fr1
t,1400,Galil AR,5200,INTERPOLATED,0,51.1,50,exact,600,900,1200,,6600,5700,6300,Galil AR:46%;AK-47:27%;M4A4:14%,1.0,1.0,0.0,0.984,0.994,0.39,0.612,0.993,0.038,0.766,AK-47|Glock-18|a1h1k0|sm1fl1HE1fr1;Galil AR|Glock-18|a1h1k0|sm1fl2HE0fr1;M4A4|Glock-18|a1h1k0|sm1fl1HE1fr1
t,1400,Galil AR,5250,OBSERVED,2,47.3,0,exact,600,800,1200,,6650,5850,6450,Galil AR:46%;AK-47:27%;M4A4:15%,1.0,1.0,0.0,0.985,0.993,0.396,0.606,0.994,0.029,0.764,AK-47|Glock-18|a1h1k0|sm1fl1HE1fr1;Galil AR|Glock-18|a1h1k0|sm1fl2HE0fr1;M4A4|Glock-18|a1h1k0|sm1fl1HE1fr1
t,1400,Galil AR,5300,OBSERVED,1,44.4,0,exact,600,700,1200,,6700,6000,6600,Galil AR:47%;AK-47:27%;M4A4:15%,1.0,1.0,0.0,0.985,0.992,0.404,0.597,0.995,0.021,0.765,AK-47|Glock-18|a1h1k0|sm1fl1HE1fr1;Galil AR|Glock-18|a1h1k0|sm1fl2HE0fr1;M4A4|Glock-18|a1h1k0|sm1fl1HE1fr1
t,1400,Galil AR,5350,OBSERVED,1,42.1,0,exact,600,700,1100,,6750,6050,6650,Galil AR:47%;AK-47:27%;M4A4:15%,1.0,1.0,0.0,0.984,0.991,0.414,0.587,0.996,0.021,0.764,Galil AR|Glock-18|a1h1k0|sm1fl2HE0fr1;AK-47|Glock-18|a1h1k0|sm1fl1HE1fr1;M4A4|Glock-18|a1h1k0|sm1fl1HE1fr1
t,1400,Galil AR,5400,INTERPOLATED,0,40.5,50,exact,600,700,1100,,6800,6100,6700,Galil AR:48%;AK-47:27%;M4A4:15%,1.0,1.0,0.0,0.983,0.99,0.425,0.576,0.997,0.011,0.758,Galil AR|Glock-18|a1h1k0|sm1fl2HE0fr1;AK-47|Glock-18|a1h1k0|sm1fl1HE1fr1;M4A4|Glock-18|a1h1k0|sm1fl1HE1fr1
t,1400,Galil AR,5450,INTERPOLATED,0,39.4,100,exact,600,700,1100,,6850,6150,6750,Galil AR:48%;AK-47:27%;M4A4:15%,1.0,1.0,0.0,0.982,0.988,0.437,0.564,0.998,0.011,0.75,Galil AR|Glock-18|a1h1k0|sm1fl2HE0fr1;AK-47|Glock-18|a1h1k0|sm1fl1HE1fr1;M4A4|Glock-18|a1h1k0|sm1fl1HE1fr1
t,1400,Galil AR,5500,INTERPOLATED,0,38.6,100,exact,600,700,1100,,6900,6200,6800,Galil AR:49%;AK-47:27%;M4A4:15%,1.0,1.0,0.0,0.98,0.986,0.449,0.551,0.998,0.011,0.744,Galil AR|Glock-18|a1h1k0|sm1fl2HE0fr1;AK-47|Glock-18|a1h1k0|sm1fl1HE1fr1;M4A4|Glock-18|a1h1k0|sm1fl1HE1fr1
t,1400,Galil AR,5550,INTERPOLATED,0,38.2,50,exact,600,700,1100,,6950,6250,6850,Galil AR:50%;AK-47:26%;M4A4:15%,1.0,1.0,0.0,0.978,0.984,0.461,0.539,0.999,-0.0,0.739,Galil AR|Glock-18|a1h1k0|sm1fl2HE0fr1;AK-47|Glock-18|a1h1k0|sm1fl1HE1fr1;M4A4|Glock-18|a1h1k0|sm1fl1HE1fr1
t,1400,Galil AR,5600,OBSERVED,1,38.0,0,exact,600,700,1000,,7000,6300,6900,Galil AR:51%;AK-47:26%;M4A4:15%,1.0,1.0,0.0,0.975,0.982,0.473,0.527,0.999,-0.0,0.732,Galil AR|Glock-18|a1h1k0|sm1fl2HE0fr1;AK-47|Glock-18|a1h1k0|sm1fl1HE1fr1;M4A4|Glock-18|a1h1k0|sm1fl1HE1fr1
t,1400,Galil AR,5650,OBSERVED,3,38.0,0,exact,600,700,1000,,7050,6350,6950,Galil AR:52%;AK-47:25%;M4A4:15%,1.0,1.0,0.0,0.972,0.981,0.484,0.516,0.999,-0.0,0.721,Galil AR|Glock-18|a1h1k0|sm1fl2HE0fr1;AK-47|Glock-18|a1h1k0|sm1fl1HE1fr1;Galil AR|Five-SeveN|a1h1k0|sm1fl2HE0fr1
t,1400,Galil AR,5700,INTERPOLATED,0,38.2,50,exact,600,700,1000,,7100,6400,7000,Galil AR:53%;AK-47:25%;M4A4:15%,1.0,1.0,0.0,0.97,0.979,0.494,0.506,1.0,-0.0,0.709,Galil AR|Glock-18|a1h1k0|sm1fl2HE0fr1;AK-47|Glock-18|a1h1k0|sm1fl1HE1fr1;Galil AR|Five-SeveN|a1h1k0|sm1fl2HE0fr1
t,1400,Galil AR,5750,OBSERVED,3,38.5,0,exact,600,700,1000,,7150,6450,7050,Galil AR:54%;AK-47:24%;M4A4:15%,1.0,1.0,0.0,0.967,0.977,0.504,0.496,1.0,-0.0,0.7,Galil AR|Glock-18|a1h1k0|sm1fl2HE0fr1;AK-47|Glock-18|a1h1k0|sm1fl1HE1fr1;Galil AR|Five-SeveN|a1h1k0|sm1fl2HE0fr1
t,1400,Galil AR,5800,INTERPOLATED,0,38.8,50,exact,600,700,900,,7200,6500,7100,Galil AR:54%;AK-47:24%;M4A4:15%,1.0,1.0,0.0,0.963,0.975,0.512,0.488,1.0,-0.0,0.693,Galil AR|Glock-18|a1h1k0|sm1fl2HE0fr1;AK-47|Glock-18|a1h1k0|sm1fl1HE1fr1;Galil AR|Five-SeveN|a1h1k0|sm1fl2HE0fr1
t,1400,Galil AR,5850,OBSERVED,1,39.3,0,exact,600,700,900,,7250,6550,7150,Galil AR:55%;AK-47:23%;M4A4:14%,1.0,1.0,0.0,0.96,0.974,0.518,0.482,1.0,-0.0,0.686,Galil AR|Glock-18|a1h1k0|sm1fl2HE0fr1;AK-47|Glock-18|a1h1k0|sm1fl1HE1fr1;Galil AR|Five-SeveN|a1h1k0|sm1fl2HE0fr1
t,1400,Galil AR,5900,INTERPOLATED,0,39.8,50,exact,600,700,900,,7300,6600,7200,Galil AR:56%;AK-47:23%;M4A4:14%,1.0,1.0,0.0,0.957,0.973,0.524,0.476,1.0,-0.0,0.682,Galil AR|Glock-18|a1h1k0|sm1fl2HE0fr1;AK-47|Glock-18|a1h1k0|sm1fl1HE1fr1;Galil AR|USP-S|a1h1k0|sm1fl1HE1fr1
t,1400,Galil AR,5950,INTERPOLATED,0,40.3,50,exact,600,700,900,,7350,6650,7250,Galil AR:56%;AK-47:22%;M4A4:14%,1.0,1.0,0.0,0.955,0.972,0.528,0.472,1.0,-0.0,0.682,Galil AR|Glock-18|a1h1k0|sm1fl2HE0fr1;AK-47|Glock-18|a1h1k0|sm1fl1HE1fr1;Galil AR|USP-S|a1h1k0|sm1fl2HE0fr1
t,1400,Galil AR,6000,OBSERVED,2,40.9,0,exact,600,700,900,,7400,6700,7300,Galil AR:57%;AK-47:22%;M4A4:14%,1.0,1.0,0.0,0.952,0.971,0.532,0.468,1.0,-0.0,0.682,Galil AR|Glock-18|a1h1k0|sm1fl2HE0fr1;AK-47|Glock-18|a1h1k0|sm1fl1HE1fr1;Galil AR|USP-S|a1h1k0|sm1fl2HE0fr1
t,1400,M4A1-S,3250,OBSERVED,20,109.1,0,family,700,900,1200,,4650,3750,4350,AK-47:67%;Galil AR:29%;M4A4:2%,1.0,1.0,0.0,0.98,0.958,0.385,0.61,0.985,0.179,0.836,AK-47|Glock-18|a1h1k0|sm1fl1HE1fr1;AK-47|Glock-18|a1h1k0|sm1fl2HE0fr1;Galil AR|Glock-18|a1h1k0|sm1fl1HE1fr1
t,1400,M4A1-S,3300,OBSERVED,13,101.5,0,family,700,900,1100,,4700,3800,4400,AK-47:67%;Galil AR:30%;M4A4:2%,1.0,1.0,0.0,0.978,0.956,0.396,0.599,0.984,0.184,0.833,AK-47|Glock-18|a1h1k0|sm1fl1HE1fr1;AK-47|Glock-18|a1h1k0|sm1fl2HE0fr1;Galil AR|Glock-18|a1h1k0|sm1fl1HE1fr1
t,1400,M4A1-S,3350,OBSERVED,14,112.8,0,family,700,900,1100,,4750,3850,4450,AK-47:66%;Galil AR:30%;M4A4:2%,1.0,1.0,0.0,0.975,0.96,0.423,0.572,0.985,0.169,0.822,AK-47|Glock-18|a1h1k0|sm1fl1HE1fr1;AK-47|Glock-18|a1h1k0|sm1fl2HE0fr1;Galil AR|Glock-18|a1h1k0|sm1fl1HE1fr1
t,1400,M4A1-S,3400,OBSERVED,7,121.0,0,family,700,900,1100,,4800,3900,4500,AK-47:65%;Galil AR:31%;M4A4:3%,1.0,1.0,0.0,0.971,0.97,0.449,0.544,0.99,0.136,0.829,AK-47|Glock-18|a1h1k0|sm1fl1HE1fr1;AK-47|Glock-18|a1h1k0|sm1fl2HE0fr1;Galil AR|Glock-18|a1h1k0|sm1fl1HE1fr1
t,1400,M4A1-S,3450,OBSERVED,2,108.6,0,family,700,900,1100,,4850,3950,4550,AK-47:65%;Galil AR:29%;M4A4:5%,1.0,1.0,0.0,0.971,0.983,0.417,0.573,0.995,0.067,0.857,AK-47|Glock-18|a1h1k0|sm1fl1HE1fr1;AK-47|Glock-18|a1h1k0|sm1fl2HE0fr1;Galil AR|Glock-18|a1h1k0|sm1fl1HE1fr1
t,1400,M4A1-S,3500,OBSERVED,48,114.9,0,family,700,1000,1200,,4900,3900,4500,AK-47:63%;Galil AR:28%;M4A4:6%,1.0,1.0,0.0,0.974,0.989,0.396,0.599,0.982,0.06,0.844,AK-47|Glock-18|a1h1k0|sm1fl1HE1fr1;AK-47|Glock-18|a1h1k0|sm1fl2HE0fr1;Galil AR|Glock-18|a1h1k0|sm1fl1HE1fr1
t,1400,M4A1-S,3550,OBSERVED,55,128.6,0,family,700,1000,1200,,4950,3950,4550,AK-47:62%;Galil AR:30%;M4A4:5%,1.0,1.0,0.0,0.981,0.995,0.4,0.575,0.985,0.087,0.834,AK-47|Glock-18|a1h1k0|sm1fl1HE1fr1;AK-47|Glock-18|a1h1k0|sm1fl2HE0fr1;Galil AR|Glock-18|a1h1k0|sm1fl1HE1fr1
t,1400,M4A1-S,3600,OBSERVED,40,126.4,0,family,700,1000,1200,,5000,4000,4600,AK-47:66%;Galil AR:29%;M4A4:3%,1.0,1.0,0.0,0.97,0.999,0.396,0.571,0.994,0.081,0.837,AK-47|Glock-18|a1h1k0|sm1fl1HE1fr1;AK-47|Glock-18|a1h1k0|sm1fl2HE0fr1;Galil AR|Glock-18|a1h1k0|sm1fl1HE1fr1
t,1400,M4A1-S,3650,OBSERVED,42,119.7,0,family,700,1000,1200,,5050,4050,4650,AK-47:71%;Galil AR:24%;M4A4:2%,1.0,1.0,0.0,0.968,1.0,0.43,0.557,0.995,0.1,0.839,AK-47|Glock-18|a1h1k0|sm1fl1HE1fr1;AK-47|Glock-18|a1h1k0|sm1fl2HE0fr1;Galil AR|Glock-18|a1h1k0|sm1fl1HE1fr1
t,1400,M4A1-S,3700,OBSERVED,20,100.1,0,family,700,900,1100,,5100,4200,4800,AK-47:69%;Galil AR:24%;M4A4:3%,1.0,1.0,0.0,0.966,0.998,0.502,0.513,0.979,0.081,0.824,AK-47|Glock-18|a1h1k0|sm1fl1HE1fr1;AK-47|Glock-18|a1h1k0|sm1fl2HE0fr1;Galil AR|Glock-18|a1h1k0|sm1fl1HE1fr1
t,1400,M4A1-S,3750,OBSERVED,12,107.9,0,family,700,900,1100,,5150,4250,4850,AK-47:64%;Galil AR:24%;M4A1-S:6%,1.0,1.0,0.0,0.963,0.988,0.542,0.493,0.957,0.021,0.804,AK-47|Glock-18|a1h1k0|sm1fl1HE1fr1;AK-47|Glock-18|a1h1k0|sm1fl2HE0fr1;Galil AR|Glock-18|a1h1k0|sm1fl2HE0fr1
t,1400,M4A1-S,3800,OBSERVED,35,103.7,0,family,700,900,1100,,5200,4300,4900,AK-47:68%;Galil AR:19%;M4A1-S:7%,1.0,1.0,0.0,0.959,0.979,0.503,0.516,0.973,0.011,0.788,AK-47|Glock-18|a1h1k0|sm1fl1HE1fr1;AK-47|Glock-18|a1h1k0|sm1fl2HE0fr1;Galil AR|Glock-18|a1h1k0|sm1fl2HE0fr1
t,1400,M4A1-S,3850,OBSERVED,65,100.5,0,family,700,1000,1100,,5250,4250,4850,AK-47:75%;Galil AR:14%;M4A1-S:6%,1.0,1.0,0.0,0.97,0.982,0.461,0.551,0.994,0.029,0.808,AK-47|Glock-18|a1h1k0|sm1fl1HE1fr1;AK-47|Glock-18|a1h1k0|sm1fl2HE0fr1;Galil AR|Glock-18|a1h1k0|sm1fl2HE0fr1
t,1400,M4A1-S,3900,OBSERVED,39,129.9,0,family,700,900,1100,,5300,4400,5000,AK-47:71%;Galil AR:18%;M4A1-S:5%,1.0,1.0,0.0,0.963,0.983,0.432,0.578,0.978,0.118,0.773,AK-47|Glock-18|a1h1k0|sm1fl1HE1fr1;AK-47|Glock-18|a1h1k0|sm1fl2HE0fr1;Galil AR|Glock-18|a1h1k0|sm1fl2HE0fr1
t,1400,M4A1-S,3950,OBSERVED,38,120.9,0,family,700,900,1100,,5350,4450,5050,AK-47:72%;Galil AR:20%;M4A1-S:3%,1.0,1.0,0.0,0.939,0.991,0.434,0.572,0.97,0.13,0.776,AK-47|Glock-18|a1h1k0|sm1fl1HE1fr1;AK-47|Glock-18|a1h1k0|sm1fl2HE0fr1;Galil AR|Glock-18|a1h1k0|sm1fl2HE0fr1
t,1400,M4A1-S,4000,OBSERVED,25,112.1,0,family,700,900,1100,,5400,4500,5100,AK-47:73%;Galil AR:19%;M4A1-S:3%,1.0,1.0,0.0,0.948,0.996,0.437,0.559,0.977,0.1,0.788,AK-47|Glock-18|a1h1k0|sm1fl1HE1fr1;AK-47|Glock-18|a1h1k0|sm1fl2HE0fr1;Galil AR|Glock-18|a1h1k0|sm1fl1HE1fr1
t,1400,M4A1-S,4050,OBSERVED,7,120.2,0,family,700,900,1100,,5450,4550,5150,AK-47:72%;Galil AR:18%;M4A1-S:4%,1.0,1.0,0.0,0.959,0.998,0.406,0.589,0.984,0.053,0.816,AK-47|Glock-18|a1h1k0|sm1fl1HE1fr1;AK-47|Glock-18|a1h1k0|sm1fl2HE0fr1;Galil AR|Glock-18|a1h1k0|sm1fl1HE1fr1
t,1400,M4A1-S,4100,OBSERVED,21,118.2,0,family,700,900,1200,,5500,4600,5200,AK-47:69%;Galil AR:18%;AWP:4%,1.0,1.0,0.0,0.964,0.999,0.385,0.611,0.985,0.029,0.816,AK-47|Glock-18|a1h1k0|sm1fl1HE1fr1;AK-47|Glock-18|a1h1k0|sm1fl2HE0fr1;Galil AR|Glock-18|a1h1k0|sm1fl1HE1fr1
t,1400,M4A1-S,4150,OBSERVED,24,105.5,0,family,600,900,1200,,5550,4650,5250,AK-47:67%;Galil AR:19%;AWP:6%,1.0,1.0,0.0,0.968,1.0,0.387,0.612,0.986,0.011,0.803,AK-47|Glock-18|a1h1k0|sm1fl1HE1fr1;AK-47|Glock-18|a1h1k0|sm1fl2HE0fr1;Galil AR|Glock-18|a1h1k0|sm1fl2HE0fr1
t,1400,M4A1-S,4200,OBSERVED,16,108.6,0,family,600,900,1200,,5600,4700,5300,AK-47:66%;Galil AR:20%;AWP:6%,1.0,1.0,0.0,0.971,0.999,0.403,0.596,0.989,-0.0,0.807,AK-47|Glock-18|a1h1k0|sm1fl1HE1fr1;AK-47|Glock-18|a1h1k0|sm1fl2HE0fr1;Galil AR|Glock-18|a1h1k0|sm1fl2HE0fr1
t,1400,M4A1-S,4250,OBSERVED,24,105.6,0,family,600,900,1100,,5650,4750,5350,AK-47:66%;Galil AR:20%;M4A4:6%,1.0,1.0,0.0,0.973,0.996,0.408,0.592,0.992,-0.0,0.818,AK-47|Glock-18|a1h1k0|sm1fl1HE1fr1;AK-47|Glock-18|a1h1k0|sm1fl2HE0fr1;Galil AR|Glock-18|a1h1k0|sm1fl1HE1fr1
t,1400,M4A1-S,4300,OBSERVED,12,104.2,0,family,600,900,1100,,5700,4800,5400,AK-47:69%;Galil AR:18%;M4A4:6%,1.0,1.0,0.0,0.971,0.99,0.404,0.597,0.994,-0.0,0.817,AK-47|Glock-18|a1h1k0|sm1fl1HE1fr1;AK-47|Glock-18|a1h1k0|sm1fl2HE0fr1;Galil AR|Five-SeveN|a1h1k0|sm1fl1HE1fr1
t,1400,M4A1-S,4350,OBSERVED,6,106.0,0,family,600,800,1100,,5750,4950,5550,AK-47:74%;Galil AR:15%;M4A4:6%,1.0,1.0,0.0,0.967,0.981,0.395,0.606,0.996,-0.0,0.809,AK-47|Glock-18|a1h1k0|sm1fl1HE1fr1;AK-47|Glock-18|a1h1k0|sm1fl2HE0fr1;AK-47|USP-S|a1h1k0|sm1fl1HE1fr1
t,1400,M4A1-S,4400,OBSERVED,7,106.4,0,family,600,800,1100,,5800,5000,5600,AK-47:80%;Galil AR:12%;M4A4:5%,1.0,1.0,0.0,0.963,0.972,0.387,0.612,0.997,-0.0,0.801,AK-47|Glock-18|a1h1k0|sm1fl1HE1fr1;AK-47|Glock-18|a1h1k0|sm1fl2HE0fr1;AK-47|USP-S|a1h1k0|sm1fl1HE1fr1
t,1400,M4A1-S,4450,OBSERVED,4,101.8,0,family,600,700,1100,,5850,5150,5750,AK-47:84%;Galil AR:8%;M4A4:4%,1.0,1.0,0.0,0.962,0.965,0.382,0.612,0.998,-0.0,0.798,AK-47|Glock-18|a1h1k0|sm1fl1HE1fr1;AK-47|Glock-18|a1h1k0|sm1fl2HE0fr1;AK-47|USP-S|a1h1k0|sm1fl1HE1fr1
t,1400,M4A1-S,4500,OBSERVED,9,104.3,0,family,600,700,1000,,5900,5200,5800,AK-47:86%;Galil AR:7%;M4A4:3%,1.0,1.0,0.0,0.965,0.962,0.382,0.607,0.999,-0.0,0.792,AK-47|Glock-18|a1h1k0|sm1fl1HE1fr1;AK-47|Glock-18|a1h1k0|sm1fl2HE0fr1;AK-47|USP-S|a1h1k0|sm1fl1HE1fr1
t,1400,M4A1-S,4550,OBSERVED,12,108.2,0,family,600,700,900,,5950,5250,5850,AK-47:86%;Galil AR:7%;AWP:3%,1.0,1.0,0.0,0.969,0.964,0.384,0.603,0.999,-0.0,0.793,AK-47|Glock-18|a1h1k0|sm1fl1HE1fr1;AK-47|Glock-18|a1h1k0|sm1fl2HE0fr1;AK-47|USP-S|a1h1k0|sm1fl1HE1fr1
t,1400,M4A1-S,4600,OBSERVED,8,105.9,0,family,600,700,900,,6000,5300,5900,AK-47:86%;Galil AR:6%;AWP:4%,1.0,1.0,0.0,0.971,0.965,0.386,0.602,0.999,-0.0,0.806,AK-47|Glock-18|a1h1k0|sm1fl1HE1fr1;AK-47|Glock-18|a1h1k0|sm1fl2HE0fr1;AK-47|USP-S|a1h1k0|sm1fl1HE1fr1
t,1400,M4A1-S,4650,OBSERVED,6,106.1,0,family,600,700,900,,6050,5350,5950,AK-47:86%;Galil AR:6%;AWP:4%,1.0,1.0,0.0,0.973,0.968,0.387,0.602,0.999,-0.0,0.816,AK-47|Glock-18|a1h1k0|sm1fl1HE1fr1;AK-47|Glock-18|a1h1k0|sm1fl2HE0fr1;AK-47|USP-S|a1h1k0|sm1fl1HE1fr1
t,1400,M4A1-S,4700,OBSERVED,7,100.5,0,family,600,700,900,,6100,5400,6000,AK-47:86%;Galil AR:5%;AWP:4%,1.0,1.0,0.0,0.975,0.971,0.387,0.604,1.0,-0.0,0.828,AK-47|Glock-18|a1h1k0|sm1fl1HE1fr1;AK-47|Glock-18|a1h1k0|sm1fl2HE0fr1;AK-47|USP-S|a1h1k0|sm1fl1HE1fr1
t,1400,M4A1-S,4750,OBSERVED,5,102.2,0,family,500,700,900,,6150,5450,6050,AK-47:85%;Galil AR:5%;AWP:5%,1.0,1.0,0.0,0.974,0.976,0.386,0.609,1.0,-0.0,0.831,AK-47|Glock-18|a1h1k0|sm1fl1HE1fr1;AK-47|Glock-18|a1h1k0|sm1fl2HE0fr1;AK-47|USP-S|a1h1k0|sm1fl1HE1fr1
t,1400,M4A1-S,4800,OBSERVED,3,103.1,0,family,500,700,900,,6200,5500,6100,AK-47:84%;Galil AR:5%;M4A1-S:4%,1.0,1.0,0.0,0.973,0.98,0.384,0.614,1.0,-0.0,0.834,AK-47|Glock-18|a1h1k0|sm1fl1HE1fr1;AK-47|Glock-18|a1h1k0|sm1fl2HE0fr1;AK-47|USP-S|a1h1k0|sm1fl1HE1fr1
t,1400,M4A1-S,4850,OBSERVED,3,103.8,0,family,500,700,900,,6250,5550,6150,AK-47:84%;Galil AR:5%;M4A1-S:5%,1.0,1.0,0.0,0.972,0.984,0.381,0.618,1.0,-0.0,0.836,AK-47|Glock-18|a1h1k0|sm1fl1HE1fr1;AK-47|Glock-18|a1h1k0|sm1fl2HE0fr1;AK-47|USP-S|a1h1k0|sm1fl1HE1fr1
t,1400,M4A1-S,4900,OBSERVED,7,104.7,0,family,500,700,900,,6300,5600,6200,AK-47:84%;M4A1-S:5%;Galil AR:5%,1.0,1.0,0.0,0.971,0.987,0.379,0.621,1.0,-0.0,0.836,AK-47|Glock-18|a1h1k0|sm1fl1HE1fr1;AK-47|Glock-18|a1h1k0|sm1fl2HE0fr1;AK-47|USP-S|a1h1k0|sm1fl1HE1fr1
t,1400,M4A1-S,4950,OBSERVED,10,101.0,0,family,400,700,800,,6350,5650,6250,AK-47:84%;M4A1-S:5%;Galil AR:5%,1.0,1.0,0.0,0.969,0.99,0.377,0.625,1.0,-0.0,0.837,AK-47|Glock-18|a1h1k0|sm1fl1HE1fr1;AK-47|Glock-18|a1h1k0|sm1fl2HE0fr1;AK-47|USP-S|a1h1k0|sm1fl1HE1fr1
t,1400,M4A1-S,5000,OBSERVED,5,103.5,0,family,400,700,800,,6400,5700,6300,AK-47:84%;M4A1-S:5%;Galil AR:4%,1.0,1.0,0.0,0.968,0.993,0.376,0.626,1.0,-0.0,0.835,AK-47|Glock-18|a1h1k0|sm1fl1HE1fr1;AK-47|Glock-18|a1h1k0|sm1fl2HE0fr1;AK-47|USP-S|a1h1k0|sm1fl1HE1fr1
t,1400,M4A1-S,5050,OBSERVED,6,101.7,0,family,400,700,800,,6450,5750,6350,AK-47:84%;M4A1-S:5%;Galil AR:4%,1.0,1.0,0.0,0.968,0.995,0.375,0.626,1.0,-0.0,0.839,AK-47|Glock-18|a1h1k0|sm1fl1HE1fr1;AK-47|Glock-18|a1h1k0|sm1fl2HE0fr1;AK-47|USP-S|a1h1k0|sm1fl1HE1fr1
t,1400,M4A1-S,5100,OBSERVED,4,100.6,0,family,400,700,800,,6500,5800,6400,AK-47:85%;M4A1-S:5%;Galil AR:4%,1.0,1.0,0.0,0.967,0.996,0.376,0.626,1.0,-0.0,0.849,AK-47|Glock-18|a1h1k0|sm1fl1HE1fr1;AK-47|Glock-18|a1h1k0|sm1fl2HE0fr1;AK-47|USP-S|a1h1k0|sm1fl1HE1fr1
t,1400,M4A1-S,5150,OBSERVED,3,100.0,0,family,400,700,800,,6550,5850,6450,AK-47:86%;M4A1-S:4%;Galil AR:4%,1.0,1.0,0.0,0.967,0.998,0.378,0.624,1.0,-0.0,0.858,AK-47|Glock-18|a1h1k0|sm1fl1HE1fr1;AK-47|Glock-18|a1h1k0|sm1fl2HE0fr1;Galil AR|Glock-18|a1h1k0|sm1fl2HE0fr1
t,1400,M4A1-S,5200,OBSERVED,5,103.9,0,family,400,700,700,,6600,5900,6500,AK-47:86%;Galil AR:4%;M4A1-S:4%,1.0,1.0,0.0,0.968,0.998,0.384,0.618,1.0,-0.0,0.859,AK-47|Glock-18|a1h1k0|sm1fl1HE1fr1;AK-47|Glock-18|a1h1k0|sm1fl2HE0fr1;M4A4|Glock-18|a1h1k0|sm1fl1HE1fr1
t,1400,M4A1-S,5250,OBSERVED,6,103.3,0,family,400,700,700,,6650,5950,6550,AK-47:87%;Galil AR:4%;M4A4:4%,1.0,1.0,0.0,0.969,0.999,0.39,0.613,1.0,-0.0,0.863,AK-47|Glock-18|a1h1k0|sm1fl1HE1fr1;AK-47|Glock-18|a1h1k0|sm1fl2HE0fr1;M4A4|Glock-18|a1h1k0|sm1fl1HE1fr1
t,1400,M4A1-S,5300,OBSERVED,7,102.8,0,family,400,700,700,,6700,6000,6600,AK-47:87%;Galil AR:4%;M4A4:4%,1.0,1.0,0.0,0.971,0.999,0.399,0.605,1.0,-0.0,0.871,AK-47|Glock-18|a1h1k0|sm1fl1HE1fr1;AK-47|Glock-18|a1h1k0|sm1fl2HE0fr1;M4A4|Glock-18|a1h1k0|sm1fl1HE1fr1
t,1400,M4A1-S,5350,OBSERVED,6,102.3,0,family,400,700,700,,6750,6050,6650,AK-47:88%;Galil AR:5%;M4A4:4%,1.0,1.0,0.0,0.972,1.0,0.408,0.597,1.0,-0.0,0.879,AK-47|Glock-18|a1h1k0|sm1fl1HE1fr1;AK-47|Glock-18|a1h1k0|sm1fl2HE0fr1;M4A4|Glock-18|a1h1k0|sm1fl1HE1fr1
t,1400,M4A1-S,5400,OBSERVED,4,101.7,0,family,400,700,700,,6800,6100,6700,AK-47:88%;Galil AR:5%;M4A4:3%,1.0,1.0,0.0,0.974,1.0,0.42,0.587,1.0,-0.0,0.884,AK-47|Glock-18|a1h1k0|sm1fl1HE1fr1;AK-47|Glock-18|a1h1k0|sm1fl2HE0fr1;M4A4|Glock-18|a1h1k0|sm1fl1HE1fr1
t,1400,M4A1-S,5450,OBSERVED,6,101.2,0,family,400,700,700,,6850,6150,6750,AK-47:87%;Galil AR:6%;M4A4:3%,1.0,1.0,0.0,0.977,1.0,0.432,0.575,1.0,-0.0,0.885,AK-47|Glock-18|a1h1k0|sm1fl1HE1fr1;AK-47|Glock-18|a1h1k0|sm1fl2HE0fr1;Galil AR|Glock-18|a1h1k0|sm1fl2HE0fr1
t,1400,M4A1-S,5500,OBSERVED,2,100.8,0,family,400,700,700,,6900,6200,6800,AK-47:87%;Galil AR:6%;M4A4:3%,1.0,1.0,0.0,0.979,1.0,0.444,0.564,1.0,-0.0,0.882,AK-47|Glock-18|a1h1k0|sm1fl1HE1fr1;AK-47|Glock-18|a1h1k0|sm1fl2HE0fr1;Galil AR|Glock-18|a1h1k0|sm1fl2HE0fr1
t,1400,M4A1-S,5550,OBSERVED,10,100.7,0,family,400,700,700,,6950,6250,6850,AK-47:86%;Galil AR:7%;M4A4:3%,1.0,1.0,0.0,0.982,1.0,0.455,0.553,1.0,-0.0,0.878,AK-47|Glock-18|a1h1k0|sm1fl1HE1fr1;AK-47|Glock-18|a1h1k0|sm1fl2HE0fr1;Galil AR|Glock-18|a1h1k0|sm1fl2HE0fr1
t,1400,M4A1-S,5600,OBSERVED,7,100.8,0,family,400,700,700,,7000,6300,6900,AK-47:85%;Galil AR:8%;M4A4:3%,1.0,1.0,0.0,0.984,0.999,0.465,0.543,1.0,-0.0,0.875,AK-47|Glock-18|a1h1k0|sm1fl1HE1fr1;AK-47|Glock-18|a1h1k0|sm1fl2HE0fr1;Galil AR|Glock-18|a1h1k0|sm1fl2HE0fr1
t,1400,M4A1-S,5650,OBSERVED,3,101.4,0,family,400,700,700,,7050,6350,6950,AK-47:84%;Galil AR:9%;M4A4:3%,1.0,1.0,0.0,0.986,0.999,0.472,0.535,1.0,-0.0,0.869,AK-47|Glock-18|a1h1k0|sm1fl1HE1fr1;AK-47|Glock-18|a1h1k0|sm1fl2HE0fr1;Galil AR|Glock-18|a1h1k0|sm1fl2HE0fr1
t,1400,M4A1-S,5700,OBSERVED,8,102.4,0,family,400,700,800,,7100,6400,7000,AK-47:83%;Galil AR:10%;M4A4:3%,1.0,1.0,0.0,0.988,0.999,0.477,0.53,1.0,-0.0,0.864,AK-47|Glock-18|a1h1k0|sm1fl1HE1fr1;AK-47|Glock-18|a1h1k0|sm1fl2HE0fr1;Galil AR|Glock-18|a1h1k0|sm1fl2HE0fr1
t,1400,M4A1-S,5750,OBSERVED,8,103.8,0,family,400,700,800,,7150,6450,7050,AK-47:82%;Galil AR:10%;M4A4:4%,1.0,1.0,0.0,0.989,0.998,0.479,0.527,1.0,-0.0,0.857,AK-47|Glock-18|a1h1k0|sm1fl1HE1fr1;AK-47|Glock-18|a1h1k0|sm1fl2HE0fr1;Galil AR|Glock-18|a1h1k0|sm1fl2HE0fr1
t,1400,M4A1-S,5800,INTERPOLATED,0,101.0,50,family,500,700,800,,7200,6500,7100,AK-47:80%;Galil AR:11%;M4A4:4%,1.0,1.0,0.0,0.991,0.997,0.48,0.525,1.0,-0.0,0.852,AK-47|Glock-18|a1h1k0|sm1fl1HE1fr1;AK-47|Glock-18|a1h1k0|sm1fl2HE0fr1;Galil AR|Glock-18|a1h1k0|sm1fl2HE0fr1
t,1400,M4A1-S,5850,OBSERVED,8,102.2,0,family,500,700,800,,7250,6550,7150,AK-47:79%;Galil AR:12%;M4A4:4%,1.0,1.0,0.0,0.991,0.996,0.475,0.529,1.0,-0.0,0.842,AK-47|Glock-18|a1h1k0|sm1fl1HE1fr1;AK-47|Glock-18|a1h1k0|sm1fl2HE0fr1;AK-47|Five-SeveN|a1h1k0|sm1fl1HE1fr1
t,1400,M4A1-S,5900,OBSERVED,3,102.7,0,family,500,700,800,,7300,6600,7200,AK-47:78%;Galil AR:12%;M4A4:5%,1.0,1.0,0.0,0.99,0.995,0.468,0.536,1.0,-0.0,0.831,AK-47|Glock-18|a1h1k0|sm1fl1HE1fr1;AK-47|Glock-18|a1h1k0|sm1fl2HE0fr1;AK-47|Five-SeveN|a1h1k0|sm1fl1HE1fr1
t,1400,M4A1-S,5950,OBSERVED,4,102.6,0,family,500,700,800,,7350,6650,7250,AK-47:77%;Galil AR:13%;M4A4:5%,1.0,1.0,0.0,0.987,0.993,0.461,0.543,0.999,-0.0,0.819,AK-47|Glock-18|a1h1k0|sm1fl1HE1fr1;AK-47|Glock-18|a1h1k0|sm1fl2HE0fr1;AK-47|Five-SeveN|a1h1k0|sm1fl1HE1fr1
t,1400,M4A1-S,6000,OBSERVED,7,101.8,0,family,500,700,800,,7400,6700,7300,AK-47:76%;Galil AR:14%;M4A4:5%,1.0,1.0,0.0,0.984,0.991,0.453,0.551,0.999,-0.0,0.804,AK-47|Glock-18|a1h1k0|sm1fl1HE1fr1;AK-47|Glock-18|a1h1k0|sm1fl2HE0fr1;AK-47|Five-SeveN|a1h1k0|sm1fl1HE1fr1
t,1400,M4A4,3250,OBSERVED,20,109.1,0,family,700,900,1200,,4650,3750,4350,AK-47:67%;Galil AR:29%;M4A4:2%,1.0,1.0,0.0,0.98,0.958,0.385,0.61,0.985,0.179,0.836,AK-47|Glock-18|a1h1k0|sm1fl1HE1fr1;AK-47|Glock-18|a1h1k0|sm1fl2HE0fr1;Galil AR|Glock-18|a1h1k0|sm1fl1HE1fr1
t,1400,M4A4,3300,OBSERVED,13,101.5,0,family,700,900,1100,,4700,3800,4400,AK-47:67%;Galil AR:30%;M4A4:2%,1.0,1.0,0.0,0.978,0.956,0.396,0.599,0.984,0.184,0.833,AK-47|Glock-18|a1h1k0|sm1fl1HE1fr1;AK-47|Glock-18|a1h1k0|sm1fl2HE0fr1;Galil AR|Glock-18|a1h1k0|sm1fl1HE1fr1
t,1400,M4A4,3350,OBSERVED,14,112.8,0,family,700,900,1100,,4750,3850,4450,AK-47:66%;Galil AR:30%;M4A4:2%,1.0,1.0,0.0,0.975,0.96,0.423,0.572,0.985,0.169,0.822,AK-47|Glock-18|a1h1k0|sm1fl1HE1fr1;AK-47|Glock-18|a1h1k0|sm1fl2HE0fr1;Galil AR|Glock-18|a1h1k0|sm1fl1HE1fr1
t,1400,M4A4,3400,OBSERVED,7,121.0,0,family,700,900,1100,,4800,3900,4500,AK-47:65%;Galil AR:31%;M4A4:3%,1.0,1.0,0.0,0.971,0.97,0.449,0.544,0.99,0.136,0.829,AK-47|Glock-18|a1h1k0|sm1fl1HE1fr1;AK-47|Glock-18|a1h1k0|sm1fl2HE0fr1;Galil AR|Glock-18|a1h1k0|sm1fl1HE1fr1
t,1400,M4A4,3450,OBSERVED,2,108.6,0,family,700,900,1100,,4850,3950,4550,AK-47:65%;Galil AR:29%;M4A4:5%,1.0,1.0,0.0,0.971,0.983,0.417,0.573,0.995,0.067,0.857,AK-47|Glock-18|a1h1k0|sm1fl1HE1fr1;AK-47|Glock-18|a1h1k0|sm1fl2HE0fr1;Galil AR|Glock-18|a1h1k0|sm1fl1HE1fr1
t,1400,M4A4,3500,OBSERVED,48,114.9,0,family,700,1000,1200,,4900,3900,4500,AK-47:63%;Galil AR:28%;M4A4:6%,1.0,1.0,0.0,0.974,0.989,0.396,0.599,0.982,0.06,0.844,AK-47|Glock-18|a1h1k0|sm1fl1HE1fr1;AK-47|Glock-18|a1h1k0|sm1fl2HE0fr1;Galil AR|Glock-18|a1h1k0|sm1fl1HE1fr1
t,1400,M4A4,3550,OBSERVED,55,128.6,0,family,700,1000,1200,,4950,3950,4550,AK-47:62%;Galil AR:30%;M4A4:5%,1.0,1.0,0.0,0.981,0.995,0.4,0.575,0.985,0.087,0.834,AK-47|Glock-18|a1h1k0|sm1fl1HE1fr1;AK-47|Glock-18|a1h1k0|sm1fl2HE0fr1;Galil AR|Glock-18|a1h1k0|sm1fl1HE1fr1
t,1400,M4A4,3600,OBSERVED,40,126.4,0,family,700,1000,1200,,5000,4000,4600,AK-47:66%;Galil AR:29%;M4A4:3%,1.0,1.0,0.0,0.97,0.999,0.396,0.571,0.994,0.081,0.837,AK-47|Glock-18|a1h1k0|sm1fl1HE1fr1;AK-47|Glock-18|a1h1k0|sm1fl2HE0fr1;Galil AR|Glock-18|a1h1k0|sm1fl1HE1fr1
t,1400,M4A4,3650,OBSERVED,42,119.7,0,family,700,1000,1200,,5050,4050,4650,AK-47:71%;Galil AR:24%;M4A4:2%,1.0,1.0,0.0,0.968,1.0,0.43,0.557,0.995,0.1,0.839,AK-47|Glock-18|a1h1k0|sm1fl1HE1fr1;AK-47|Glock-18|a1h1k0|sm1fl2HE0fr1;Galil AR|Glock-18|a1h1k0|sm1fl1HE1fr1
t,1400,M4A4,3700,OBSERVED,20,100.1,0,family,700,900,1100,,5100,4200,4800,AK-47:69%;Galil AR:24%;M4A4:3%,1.0,1.0,0.0,0.966,0.998,0.502,0.513,0.979,0.081,0.824,AK-47|Glock-18|a1h1k0|sm1fl1HE1fr1;AK-47|Glock-18|a1h1k0|sm1fl2HE0fr1;Galil AR|Glock-18|a1h1k0|sm1fl1HE1fr1
t,1400,M4A4,3750,OBSERVED,12,107.9,0,family,700,900,1100,,5150,4250,4850,AK-47:64%;Galil AR:24%;M4A1-S:6%,1.0,1.0,0.0,0.963,0.988,0.542,0.493,0.957,0.021,0.804,AK-47|Glock-18|a1h1k0|sm1fl1HE1fr1;AK-47|Glock-18|a1h1k0|sm1fl2HE0fr1;Galil AR|Glock-18|a1h1k0|sm1fl2HE0fr1
t,1400,M4A4,3800,OBSERVED,35,103.7,0,family,700,900,1100,,5200,4300,4900,AK-47:68%;Galil AR:19%;M4A1-S:7%,1.0,1.0,0.0,0.959,0.979,0.503,0.516,0.973,0.011,0.788,AK-47|Glock-18|a1h1k0|sm1fl1HE1fr1;AK-47|Glock-18|a1h1k0|sm1fl2HE0fr1;Galil AR|Glock-18|a1h1k0|sm1fl2HE0fr1
t,1400,M4A4,3850,OBSERVED,65,100.5,0,family,700,1000,1100,,5250,4250,4850,AK-47:75%;Galil AR:14%;M4A1-S:6%,1.0,1.0,0.0,0.97,0.982,0.461,0.551,0.994,0.029,0.808,AK-47|Glock-18|a1h1k0|sm1fl1HE1fr1;AK-47|Glock-18|a1h1k0|sm1fl2HE0fr1;Galil AR|Glock-18|a1h1k0|sm1fl2HE0fr1
t,1400,M4A4,3900,OBSERVED,39,129.9,0,family,700,900,1100,,5300,4400,5000,AK-47:71%;Galil AR:18%;M4A1-S:5%,1.0,1.0,0.0,0.963,0.983,0.432,0.578,0.978,0.118,0.773,AK-47|Glock-18|a1h1k0|sm1fl1HE1fr1;AK-47|Glock-18|a1h1k0|sm1fl2HE0fr1;Galil AR|Glock-18|a1h1k0|sm1fl2HE0fr1
t,1400,M4A4,3950,OBSERVED,38,120.9,0,family,700,900,1100,,5350,4450,5050,AK-47:72%;Galil AR:20%;M4A1-S:3%,1.0,1.0,0.0,0.939,0.991,0.434,0.572,0.97,0.13,0.776,AK-47|Glock-18|a1h1k0|sm1fl1HE1fr1;AK-47|Glock-18|a1h1k0|sm1fl2HE0fr1;Galil AR|Glock-18|a1h1k0|sm1fl2HE0fr1
t,1400,M4A4,4000,OBSERVED,25,112.1,0,family,700,900,1100,,5400,4500,5100,AK-47:73%;Galil AR:19%;M4A1-S:3%,1.0,1.0,0.0,0.948,0.996,0.437,0.559,0.977,0.1,0.788,AK-47|Glock-18|a1h1k0|sm1fl1HE1fr1;AK-47|Glock-18|a1h1k0|sm1fl2HE0fr1;Galil AR|Glock-18|a1h1k0|sm1fl1HE1fr1
t,1400,M4A4,4050,OBSERVED,7,120.2,0,family,700,900,1100,,5450,4550,5150,AK-47:72%;Galil AR:18%;M4A1-S:4%,1.0,1.0,0.0,0.959,0.998,0.406,0.589,0.984,0.053,0.816,AK-47|Glock-18|a1h1k0|sm1fl1HE1fr1;AK-47|Glock-18|a1h1k0|sm1fl2HE0fr1;Galil AR|Glock-18|a1h1k0|sm1fl1HE1fr1
t,1400,M4A4,4100,OBSERVED,21,118.2,0,family,700,900,1200,,5500,4600,5200,AK-47:69%;Galil AR:18%;AWP:4%,1.0,1.0,0.0,0.964,0.999,0.385,0.611,0.985,0.029,0.816,AK-47|Glock-18|a1h1k0|sm1fl1HE1fr1;AK-47|Glock-18|a1h1k0|sm1fl2HE0fr1;Galil AR|Glock-18|a1h1k0|sm1fl1HE1fr1
t,1400,M4A4,4150,OBSERVED,24,105.5,0,family,600,900,1200,,5550,4650,5250,AK-47:67%;Galil AR:19%;AWP:6%,1.0,1.0,0.0,0.968,1.0,0.387,0.612,0.986,0.011,0.803,AK-47|Glock-18|a1h1k0|sm1fl1HE1fr1;AK-47|Glock-18|a1h1k0|sm1fl2HE0fr1;Galil AR|Glock-18|a1h1k0|sm1fl2HE0fr1
t,1400,M4A4,4200,OBSERVED,16,108.6,0,family,600,900,1200,,5600,4700,5300,AK-47:66%;Galil AR:20%;AWP:6%,1.0,1.0,0.0,0.971,0.999,0.403,0.596,0.989,-0.0,0.807,AK-47|Glock-18|a1h1k0|sm1fl1HE1fr1;AK-47|Glock-18|a1h1k0|sm1fl2HE0fr1;Galil AR|Glock-18|a1h1k0|sm1fl2HE0fr1
t,1400,M4A4,4250,OBSERVED,24,105.6,0,family,600,900,1100,,5650,4750,5350,AK-47:66%;Galil AR:20%;M4A4:6%,1.0,1.0,0.0,0.973,0.996,0.408,0.592,0.992,-0.0,0.818,AK-47|Glock-18|a1h1k0|sm1fl1HE1fr1;AK-47|Glock-18|a1h1k0|sm1fl2HE0fr1;Galil AR|Glock-18|a1h1k0|sm1fl1HE1fr1
t,1400,M4A4,4300,OBSERVED,12,104.2,0,family,600,900,1100,,5700,4800,5400,AK-47:69%;Galil AR:18%;M4A4:6%,1.0,1.0,0.0,0.971,0.99,0.404,0.597,0.994,-0.0,0.817,AK-47|Glock-18|a1h1k0|sm1fl1HE1fr1;AK-47|Glock-18|a1h1k0|sm1fl2HE0fr1;Galil AR|Five-SeveN|a1h1k0|sm1fl1HE1fr1
t,1400,M4A4,4350,OBSERVED,6,106.0,0,family,600,800,1100,,5750,4950,5550,AK-47:74%;Galil AR:15%;M4A4:6%,1.0,1.0,0.0,0.967,0.981,0.395,0.606,0.996,-0.0,0.809,AK-47|Glock-18|a1h1k0|sm1fl1HE1fr1;AK-47|Glock-18|a1h1k0|sm1fl2HE0fr1;AK-47|USP-S|a1h1k0|sm1fl1HE1fr1
t,1400,M4A4,4400,OBSERVED,7,106.4,0,family,600,800,1100,,5800,5000,5600,AK-47:80%;Galil AR:12%;M4A4:5%,1.0,1.0,0.0,0.963,0.972,0.387,0.612,0.997,-0.0,0.801,AK-47|Glock-18|a1h1k0|sm1fl1HE1fr1;AK-47|Glock-18|a1h1k0|sm1fl2HE0fr1;AK-47|USP-S|a1h1k0|sm1fl1HE1fr1
t,1400,M4A4,4450,OBSERVED,4,101.8,0,family,600,700,1100,,5850,5150,5750,AK-47:84%;Galil AR:8%;M4A4:4%,1.0,1.0,0.0,0.962,0.965,0.382,0.612,0.998,-0.0,0.798,AK-47|Glock-18|a1h1k0|sm1fl1HE1fr1;AK-47|Glock-18|a1h1k0|sm1fl2HE0fr1;AK-47|USP-S|a1h1k0|sm1fl1HE1fr1
t,1400,M4A4,4500,OBSERVED,9,104.3,0,family,600,700,1000,,5900,5200,5800,AK-47:86%;Galil AR:7%;M4A4:3%,1.0,1.0,0.0,0.965,0.962,0.382,0.607,0.999,-0.0,0.792,AK-47|Glock-18|a1h1k0|sm1fl1HE1fr1;AK-47|Glock-18|a1h1k0|sm1fl2HE0fr1;AK-47|USP-S|a1h1k0|sm1fl1HE1fr1
t,1400,M4A4,4550,OBSERVED,12,108.2,0,family,600,700,900,,5950,5250,5850,AK-47:86%;Galil AR:7%;AWP:3%,1.0,1.0,0.0,0.969,0.964,0.384,0.603,0.999,-0.0,0.793,AK-47|Glock-18|a1h1k0|sm1fl1HE1fr1;AK-47|Glock-18|a1h1k0|sm1fl2HE0fr1;AK-47|USP-S|a1h1k0|sm1fl1HE1fr1
t,1400,M4A4,4600,OBSERVED,8,105.9,0,family,600,700,900,,6000,5300,5900,AK-47:86%;Galil AR:6%;AWP:4%,1.0,1.0,0.0,0.971,0.965,0.386,0.602,0.999,-0.0,0.806,AK-47|Glock-18|a1h1k0|sm1fl1HE1fr1;AK-47|Glock-18|a1h1k0|sm1fl2HE0fr1;AK-47|USP-S|a1h1k0|sm1fl1HE1fr1
t,1400,M4A4,4650,OBSERVED,6,106.1,0,family,600,700,900,,6050,5350,5950,AK-47:86%;Galil AR:6%;AWP:4%,1.0,1.0,0.0,0.973,0.968,0.387,0.602,0.999,-0.0,0.816,AK-47|Glock-18|a1h1k0|sm1fl1HE1fr1;AK-47|Glock-18|a1h1k0|sm1fl2HE0fr1;AK-47|USP-S|a1h1k0|sm1fl1HE1fr1
t,1400,M4A4,4700,OBSERVED,7,100.5,0,family,600,700,900,,6100,5400,6000,AK-47:86%;Galil AR:5%;AWP:4%,1.0,1.0,0.0,0.975,0.971,0.387,0.604,1.0,-0.0,0.828,AK-47|Glock-18|a1h1k0|sm1fl1HE1fr1;AK-47|Glock-18|a1h1k0|sm1fl2HE0fr1;AK-47|USP-S|a1h1k0|sm1fl1HE1fr1
t,1400,M4A4,4750,OBSERVED,5,102.2,0,family,500,700,900,,6150,5450,6050,AK-47:85%;Galil AR:5%;AWP:5%,1.0,1.0,0.0,0.974,0.976,0.386,0.609,1.0,-0.0,0.831,AK-47|Glock-18|a1h1k0|sm1fl1HE1fr1;AK-47|Glock-18|a1h1k0|sm1fl2HE0fr1;AK-47|USP-S|a1h1k0|sm1fl1HE1fr1
t,1400,M4A4,4800,OBSERVED,3,103.1,0,family,500,700,900,,6200,5500,6100,AK-47:84%;Galil AR:5%;M4A1-S:4%,1.0,1.0,0.0,0.973,0.98,0.384,0.614,1.0,-0.0,0.834,AK-47|Glock-18|a1h1k0|sm1fl1HE1fr1;AK-47|Glock-18|a1h1k0|sm1fl2HE0fr1;AK-47|USP-S|a1h1k0|sm1fl1HE1fr1
t,1400,M4A4,4850,OBSERVED,3,103.8,0,family,500,700,900,,6250,5550,6150,AK-47:84%;Galil AR:5%;M4A1-S:5%,1.0,1.0,0.0,0.972,0.984,0.381,0.618,1.0,-0.0,0.836,AK-47|Glock-18|a1h1k0|sm1fl1HE1fr1;AK-47|Glock-18|a1h1k0|sm1fl2HE0fr1;AK-47|USP-S|a1h1k0|sm1fl1HE1fr1
t,1400,M4A4,4900,OBSERVED,7,104.7,0,family,500,700,900,,6300,5600,6200,AK-47:84%;M4A1-S:5%;Galil AR:5%,1.0,1.0,0.0,0.971,0.987,0.379,0.621,1.0,-0.0,0.836,AK-47|Glock-18|a1h1k0|sm1fl1HE1fr1;AK-47|Glock-18|a1h1k0|sm1fl2HE0fr1;AK-47|USP-S|a1h1k0|sm1fl1HE1fr1
t,1400,M4A4,4950,OBSERVED,10,101.0,0,family,400,700,800,,6350,5650,6250,AK-47:84%;M4A1-S:5%;Galil AR:5%,1.0,1.0,0.0,0.969,0.99,0.377,0.625,1.0,-0.0,0.837,AK-47|Glock-18|a1h1k0|sm1fl1HE1fr1;AK-47|Glock-18|a1h1k0|sm1fl2HE0fr1;AK-47|USP-S|a1h1k0|sm1fl1HE1fr1
t,1400,M4A4,5000,OBSERVED,5,103.5,0,family,400,700,800,,6400,5700,6300,AK-47:84%;M4A1-S:5%;Galil AR:4%,1.0,1.0,0.0,0.968,0.993,0.376,0.626,1.0,-0.0,0.835,AK-47|Glock-18|a1h1k0|sm1fl1HE1fr1;AK-47|Glock-18|a1h1k0|sm1fl2HE0fr1;AK-47|USP-S|a1h1k0|sm1fl1HE1fr1
t,1400,M4A4,5050,OBSERVED,6,101.7,0,family,400,700,800,,6450,5750,6350,AK-47:84%;M4A1-S:5%;Galil AR:4%,1.0,1.0,0.0,0.968,0.995,0.375,0.626,1.0,-0.0,0.839,AK-47|Glock-18|a1h1k0|sm1fl1HE1fr1;AK-47|Glock-18|a1h1k0|sm1fl2HE0fr1;AK-47|USP-S|a1h1k0|sm1fl1HE1fr1
t,1400,M4A4,5100,OBSERVED,4,100.6,0,family,400,700,800,,6500,5800,6400,AK-47:85%;M4A1-S:5%;Galil AR:4%,1.0,1.0,0.0,0.967,0.996,0.376,0.626,1.0,-0.0,0.849,AK-47|Glock-18|a1h1k0|sm1fl1HE1fr1;AK-47|Glock-18|a1h1k0|sm1fl2HE0fr1;AK-47|USP-S|a1h1k0|sm1fl1HE1fr1
t,1400,M4A4,5150,OBSERVED,3,100.0,0,family,400,700,800,,6550,5850,6450,AK-47:86%;M4A1-S:4%;Galil AR:4%,1.0,1.0,0.0,0.967,0.998,0.378,0.624,1.0,-0.0,0.858,AK-47|Glock-18|a1h1k0|sm1fl1HE1fr1;AK-47|Glock-18|a1h1k0|sm1fl2HE0fr1;Galil AR|Glock-18|a1h1k0|sm1fl2HE0fr1
t,1400,M4A4,5200,OBSERVED,5,103.9,0,family,400,700,700,,6600,5900,6500,AK-47:86%;Galil AR:4%;M4A1-S:4%,1.0,1.0,0.0,0.968,0.998,0.384,0.618,1.0,-0.0,0.859,AK-47|Glock-18|a1h1k0|sm1fl1HE1fr1;AK-47|Glock-18|a1h1k0|sm1fl2HE0fr1;M4A4|Glock-18|a1h1k0|sm1fl1HE1fr1
t,1400,M4A4,5250,OBSERVED,6,103.3,0,family,400,700,700,,6650,5950,6550,AK-47:87%;Galil AR:4%;M4A4:4%,1.0,1.0,0.0,0.969,0.999,0.39,0.613,1.0,-0.0,0.863,AK-47|Glock-18|a1h1k0|sm1fl1HE1fr1;AK-47|Glock-18|a1h1k0|sm1fl2HE0fr1;M4A4|Glock-18|a1h1k0|sm1fl1HE1fr1
t,1400,M4A4,5300,OBSERVED,7,102.8,0,family,400,700,700,,6700,6000,6600,AK-47:87%;Galil AR:4%;M4A4:4%,1.0,1.0,0.0,0.971,0.999,0.399,0.605,1.0,-0.0,0.871,AK-47|Glock-18|a1h1k0|sm1fl1HE1fr1;AK-47|Glock-18|a1h1k0|sm1fl2HE0fr1;M4A4|Glock-18|a1h1k0|sm1fl1HE1fr1
t,1400,M4A4,5350,OBSERVED,6,102.3,0,family,400,700,700,,6750,6050,6650,AK-47:88%;Galil AR:5%;M4A4:4%,1.0,1.0,0.0,0.972,1.0,0.408,0.597,1.0,-0.0,0.879,AK-47|Glock-18|a1h1k0|sm1fl1HE1fr1;AK-47|Glock-18|a1h1k0|sm1fl2HE0fr1;M4A4|Glock-18|a1h1k0|sm1fl1HE1fr1
t,1400,M4A4,5400,OBSERVED,4,101.7,0,family,400,700,700,,6800,6100,6700,AK-47:88%;Galil AR:5%;M4A4:3%,1.0,1.0,0.0,0.974,1.0,0.42,0.587,1.0,-0.0,0.884,AK-47|Glock-18|a1h1k0|sm1fl1HE1fr1;AK-47|Glock-18|a1h1k0|sm1fl2HE0fr1;M4A4|Glock-18|a1h1k0|sm1fl1HE1fr1
t,1400,M4A4,5450,OBSERVED,6,101.2,0,family,400,700,700,,6850,6150,6750,AK-47:87%;Galil AR:6%;M4A4:3%,1.0,1.0,0.0,0.977,1.0,0.432,0.575,1.0,-0.0,0.885,AK-47|Glock-18|a1h1k0|sm1fl1HE1fr1;AK-47|Glock-18|a1h1k0|sm1fl2HE0fr1;Galil AR|Glock-18|a1h1k0|sm1fl2HE0fr1
t,1400,M4A4,5500,OBSERVED,2,100.8,0,family,400,700,700,,6900,6200,6800,AK-47:87%;Galil AR:6%;M4A4:3%,1.0,1.0,0.0,0.979,1.0,0.444,0.564,1.0,-0.0,0.882,AK-47|Glock-18|a1h1k0|sm1fl1HE1fr1;AK-47|Glock-18|a1h1k0|sm1fl2HE0fr1;Galil AR|Glock-18|a1h1k0|sm1fl2HE0fr1
t,1400,M4A4,5550,OBSERVED,10,100.7,0,family,400,700,700,,6950,6250,6850,AK-47:86%;Galil AR:7%;M4A4:3%,1.0,1.0,0.0,0.982,1.0,0.455,0.553,1.0,-0.0,0.878,AK-47|Glock-18|a1h1k0|sm1fl1HE1fr1;AK-47|Glock-18|a1h1k0|sm1fl2HE0fr1;Galil AR|Glock-18|a1h1k0|sm1fl2HE0fr1
t,1400,M4A4,5600,OBSERVED,7,100.8,0,family,400,700,700,,7000,6300,6900,AK-47:85%;Galil AR:8%;M4A4:3%,1.0,1.0,0.0,0.984,0.999,0.465,0.543,1.0,-0.0,0.875,AK-47|Glock-18|a1h1k0|sm1fl1HE1fr1;AK-47|Glock-18|a1h1k0|sm1fl2HE0fr1;Galil AR|Glock-18|a1h1k0|sm1fl2HE0fr1
t,1400,M4A4,5650,OBSERVED,3,101.4,0,family,400,700,700,,7050,6350,6950,AK-47:84%;Galil AR:9%;M4A4:3%,1.0,1.0,0.0,0.986,0.999,0.472,0.535,1.0,-0.0,0.869,AK-47|Glock-18|a1h1k0|sm1fl1HE1fr1;AK-47|Glock-18|a1h1k0|sm1fl2HE0fr1;Galil AR|Glock-18|a1h1k0|sm1fl2HE0fr1
t,1400,M4A4,5700,OBSERVED,8,102.4,0,family,400,700,800,,7100,6400,7000,AK-47:83%;Galil AR:10%;M4A4:3%,1.0,1.0,0.0,0.988,0.999,0.477,0.53,1.0,-0.0,0.864,AK-47|Glock-18|a1h1k0|sm1fl1HE1fr1;AK-47|Glock-18|a1h1k0|sm1fl2HE0fr1;Galil AR|Glock-18|a1h1k0|sm1fl2HE0fr1
t,1400,M4A4,5750,OBSERVED,8,103.8,0,family,400,700,800,,7150,6450,7050,AK-47:82%;Galil AR:10%;M4A4:4%,1.0,1.0,0.0,0.989,0.998,0.479,0.527,1.0,-0.0,0.857,AK-47|Glock-18|a1h1k0|sm1fl1HE1fr1;AK-47|Glock-18|a1h1k0|sm1fl2HE0fr1;Galil AR|Glock-18|a1h1k0|sm1fl2HE0fr1
t,1400,M4A4,5800,INTERPOLATED,0,101.0,50,family,500,700,800,,7200,6500,7100,AK-47:80%;Galil AR:11%;M4A4:4%,1.0,1.0,0.0,0.991,0.997,0.48,0.525,1.0,-0.0,0.852,AK-47|Glock-18|a1h1k0|sm1fl1HE1fr1;AK-47|Glock-18|a1h1k0|sm1fl2HE0fr1;Galil AR|Glock-18|a1h1k0|sm1fl2HE0fr1
t,1400,M4A4,5850,OBSERVED,8,102.2,0,family,500,700,800,,7250,6550,7150,AK-47:79%;Galil AR:12%;M4A4:4%,1.0,1.0,0.0,0.991,0.996,0.475,0.529,1.0,-0.0,0.842,AK-47|Glock-18|a1h1k0|sm1fl1HE1fr1;AK-47|Glock-18|a1h1k0|sm1fl2HE0fr1;AK-47|Five-SeveN|a1h1k0|sm1fl1HE1fr1
t,1400,M4A4,5900,OBSERVED,3,102.7,0,family,500,700,800,,7300,6600,7200,AK-47:78%;Galil AR:12%;M4A4:5%,1.0,1.0,0.0,0.99,0.995,0.468,0.536,1.0,-0.0,0.831,AK-47|Glock-18|a1h1k0|sm1fl1HE1fr1;AK-47|Glock-18|a1h1k0|sm1fl2HE0fr1;AK-47|Five-SeveN|a1h1k0|sm1fl1HE1fr1
t,1400,M4A4,5950,OBSERVED,4,102.6,0,family,500,700,800,,7350,6650,7250,AK-47:77%;Galil AR:13%;M4A4:5%,1.0,1.0,0.0,0.987,0.993,0.461,0.543,0.999,-0.0,0.819,AK-47|Glock-18|a1h1k0|sm1fl1HE1fr1;AK-47|Glock-18|a1h1k0|sm1fl2HE0fr1;AK-47|Five-SeveN|a1h1k0|sm1fl1HE1fr1
t,1400,M4A4,6000,OBSERVED,7,101.8,0,family,500,700,800,,7400,6700,7300,AK-47:76%;Galil AR:14%;M4A4:5%,1.0,1.0,0.0,0.984,0.991,0.453,0.551,0.999,-0.0,0.804,AK-47|Glock-18|a1h1k0|sm1fl1HE1fr1;AK-47|Glock-18|a1h1k0|sm1fl2HE0fr1;AK-47|Five-SeveN|a1h1k0|sm1fl1HE1fr1
t,1400,MAC-10,3350,OBSERVED,1,27.1,0,exact,400,800,1000,,4750,3950,4550,MAC-10:79%;Galil AR:10%;FAMAS:4%,1.0,1.0,0.0,0.804,0.908,0.214,0.736,0.994,0.704,0.841,MAC-10|Glock-18|a1h1k0|sm1fl1HE1fr1;MAC-10|Glock-18|a1h1k0|sm1fl2HE0fr1;Galil AR|Glock-18|a1h1k0|sm1fl1HE1fr1
t,1400,MAC-10,3400,OBSERVED,2,28.2,0,exact,400,800,1000,,4800,4000,4600,MAC-10:78%;Galil AR:10%;FAMAS:4%,1.0,1.0,0.0,0.813,0.91,0.214,0.738,0.993,0.722,0.831,MAC-10|Glock-18|a1h1k0|sm1fl1HE1fr1;MAC-10|Glock-18|a1h1k0|sm1fl2HE0fr1;Galil AR|Glock-18|a1h1k0|sm1fl1HE1fr1
t,1400,MAC-10,3450,OBSERVED,1,29.3,0,exact,700,900,1000,,4850,3950,4550,MAC-10:77%;Galil AR:11%;FAMAS:4%,1.0,1.0,0.0,0.822,0.912,0.214,0.739,0.991,0.74,0.823,MAC-10|Glock-18|a1h1k0|sm1fl1HE1fr1;MAC-10|Glock-18|a1h1k0|sm1fl2HE0fr1;Galil AR|Glock-18|a1h1k0|sm1fl1HE1fr1
t,1400,MAC-10,3500,OBSERVED,1,30.5,0,exact,700,900,1100,,4900,4000,4600,MAC-10:76%;Galil AR:12%;FAMAS:4%,1.0,1.0,0.0,0.831,0.915,0.214,0.741,0.99,0.756,0.815,MAC-10|Glock-18|a1h1k0|sm1fl1HE1fr1;MAC-10|Glock-18|a1h1k0|sm1fl2HE0fr1;Galil AR|Glock-18|a1h1k0|sm1fl1HE1fr1
t,1400,MAC-10,3550,OBSERVED,1,31.6,0,exact,700,900,1100,,4950,4050,4650,MAC-10:75%;Galil AR:12%;FAMAS:4%,1.0,1.0,0.0,0.84,0.917,0.214,0.742,0.988,0.773,0.807,MAC-10|Glock-18|a1h1k0|sm1fl1HE1fr1;MAC-10|Glock-18|a1h1k0|sm1fl2HE0fr1;Galil AR|Glock-18|a1h1k0|sm1fl1HE1fr1
t,1400,MAC-10,3600,OBSERVED,1,32.8,0,exact,700,900,1100,,5000,4100,4700,MAC-10:73%;Galil AR:13%;FAMAS:4%,1.0,1.0,0.0,0.852,0.922,0.21,0.749,0.987,0.79,0.786,MAC-10|Glock-18|a1h1k0|sm1fl1HE1fr1;MAC-10|Glock-18|a1h1k0|sm1fl2HE0fr1;Galil AR|Glock-18|a1h1k0|sm1fl1HE1fr1
t,1400,MAC-10,3650,OBSERVED,3,34.0,0,exact,700,900,1100,,5050,4150,4750,MAC-10:72%;Galil AR:13%;FAMAS:4%,1.0,1.0,0.0,0.86,0.924,0.21,0.75,0.985,0.805,0.779,MAC-10|Glock-18|a1h1k0|sm1fl1HE1fr1;MAC-10|Glock-18|a1h1k0|sm1fl2HE0fr1;Galil AR|Glock-18|a1h1k0|sm1fl1HE1fr1
t,1400,MAC-10,3700,OBSERVED,4,35.1,0,exact,700,900,1100,,5100,4200,4800,MAC-10:70%;Galil AR:14%;FAMAS:4%,1.0,1.0,0.0,0.868,0.927,0.21,0.752,0.983,0.821,0.774,MAC-10|Glock-18|a1h1k0|sm1fl1HE1fr1;MAC-10|Glock-18|a1h1k0|sm1fl2HE0fr1;Galil AR|Glock-18|a1h1k0|sm1fl1HE1fr1
t,1400,MAC-10,3750,INTERPOLATED,0,36.3,50,exact,700,900,1100,,5150,4250,4850,MAC-10:69%;Galil AR:14%;FAMAS:4%,1.0,1.0,0.0,0.876,0.93,0.211,0.753,0.981,0.834,0.773,MAC-10|Glock-18|a1h1k0|sm1fl1HE1fr1;MAC-10|Glock-18|a1h1k0|sm1fl2HE0fr1;Galil AR|Glock-18|a1h1k0|sm1fl1HE1fr1
t,1400,MAC-10,3800,OBSERVED,1,37.4,0,exact,700,900,1200,,5200,4300,4900,MAC-10:68%;Galil AR:15%;AK-47:4%,1.0,1.0,0.0,0.883,0.932,0.211,0.755,0.978,0.849,0.771,MAC-10|Glock-18|a1h1k0|sm1fl1HE1fr1;MAC-10|Glock-18|a1h1k0|sm1fl2HE0fr1;Galil AR|Glock-18|a1h1k0|sm1fl1HE1fr1
t,1400,MAC-10,3850,OBSERVED,1,38.5,0,exact,700,900,1200,,5250,4350,4950,MAC-10:67%;Galil AR:15%;AK-47:4%,1.0,1.0,0.0,0.89,0.935,0.211,0.756,0.975,0.861,0.766,MAC-10|Glock-18|a1h1k0|sm1fl1HE1fr1;MAC-10|Glock-18|a1h1k0|sm1fl2HE0fr1;Galil AR|Glock-18|a1h1k0|sm1fl1HE1fr1
t,1400,MAC-10,3900,OBSERVED,3,39.5,0,exact,700,900,1200,,5300,4400,5000,MAC-10:66%;Galil AR:16%;AK-47:4%,1.0,1.0,0.0,0.896,0.937,0.212,0.757,0.972,0.874,0.762,MAC-10|Glock-18|a1h1k0|sm1fl1HE1fr1;MAC-10|Glock-18|a1h1k0|sm1fl2HE0fr1;Galil AR|Glock-18|a1h1k0|sm1fl1HE1fr1
t,1400,MAC-10,3950,OBSERVED,2,40.5,0,exact,700,900,1200,,5350,4450,5050,MAC-10:65%;Galil AR:17%;AK-47:5%,1.0,1.0,0.0,0.902,0.94,0.213,0.758,0.969,0.885,0.759,MAC-10|Glock-18|a1h1k0|sm1fl1HE1fr1;MAC-10|Glock-18|a1h1k0|sm1fl2HE0fr1;Galil AR|Glock-18|a1h1k0|sm1fl1HE1fr1
t,1400,MAC-10,4000,INTERPOLATED,0,41.4,50,exact,700,900,1200,,5400,4500,5100,MAC-10:64%;Galil AR:17%;AK-47:5%,1.0,1.0,0.0,0.907,0.942,0.214,0.758,0.966,0.895,0.758,MAC-10|Glock-18|a1h1k0|sm1fl1HE1fr1;MAC-10|Glock-18|a1h1k0|sm1fl2HE0fr1;Galil AR|Glock-18|a1h1k0|sm1fl1HE1fr1
t,1400,MAC-10,4050,OBSERVED,2,42.3,0,exact,700,900,1200,,5450,4550,5150,MAC-10:63%;Galil AR:18%;AK-47:6%,1.0,1.0,0.0,0.912,0.944,0.215,0.759,0.963,0.905,0.757,MAC-10|Glock-18|a1h1k0|sm1fl1HE1fr1;MAC-10|Glock-18|a1h1k0|sm1fl2HE0fr1;Galil AR|Glock-18|a1h1k0|sm1fl1HE1fr1
t,1400,MAC-10,4100,OBSERVED,1,43.0,0,exact,700,900,1200,,5500,4600,5200,MAC-10:62%;Galil AR:18%;AK-47:6%,1.0,1.0,0.0,0.916,0.946,0.216,0.759,0.959,0.915,0.754,MAC-10|Glock-18|a1h1k0|sm1fl1HE1fr1;MAC-10|Glock-18|a1h1k0|sm1fl2HE0fr1;Galil AR|Glock-18|a1h1k0|sm1fl1HE1fr1
t,1400,MAC-10,4150,OBSERVED,1,43.6,0,exact,700,900,1200,,5550,4650,5250,MAC-10:61%;Galil AR:18%;AK-47:7%,1.0,1.0,0.0,0.919,0.948,0.217,0.759,0.956,0.924,0.75,MAC-10|Glock-18|a1h1k0|sm1fl1HE1fr1;MAC-10|Glock-18|a1h1k0|sm1fl2HE0fr1;Galil AR|Glock-18|a1h1k0|sm1fl1HE1fr1
t,1400,MAC-10,4200,OBSERVED,4,44.0,0,exact,700,900,1200,,5600,4700,5300,MAC-10:61%;Galil AR:19%;AK-47:7%,1.0,1.0,0.0,0.922,0.949,0.219,0.759,0.952,0.931,0.745,MAC-10|Glock-18|a1h1k0|sm1fl1HE1fr1;MAC-10|Glock-18|a1h1k0|sm1fl2HE0fr1;Galil AR|Glock-18|a1h1k0|sm1fl1HE1fr1
t,1400,MAC-10,4250,OBSERVED,2,44.2,0,exact,700,900,1200,,5650,4750,5350,MAC-10:60%;Galil AR:19%;AK-47:8%,1.0,1.0,0.0,0.924,0.951,0.221,0.759,0.949,0.938,0.74,MAC-10|Glock-18|a1h1k0|sm1fl1HE1fr1;MAC-10|Glock-18|a1h1k0|sm1fl2HE0fr1;Galil AR|Glock-18|a1h1k0|sm1fl1HE1fr1
t,1400,MAC-10,4300,INTERPOLATED,0,44.3,50,exact,700,900,1200,,5700,4800,5400,MAC-10:59%;Galil AR:19%;AK-47:8%,1.0,1.0,0.0,0.925,0.952,0.223,0.758,0.946,0.944,0.74,MAC-10|Glock-18|a1h1k0|sm1fl1HE1fr1;MAC-10|Glock-18|a1h1k0|sm1fl2HE0fr1;Galil AR|Glock-18|a1h1k0|sm1fl1HE1fr1
t,1400,MAC-10,4350,INTERPOLATED,0,44.1,100,exact,700,900,1200,,5750,4850,5450,MAC-10:58%;Galil AR:20%;AK-47:9%,1.0,1.0,0.0,0.926,0.953,0.225,0.758,0.943,0.949,0.739,MAC-10|Glock-18|a1h1k0|sm1fl1HE1fr1;Galil AR|Glock-18|a1h1k0|sm1fl1HE1fr1;MAC-10|Glock-18|a1h1k0|sm1fl2HE0fr1
t,1400,MAC-10,4400,INTERPOLATED,0,43.8,50,exact,700,900,1200,,5800,4900,5500,MAC-10:58%;Galil AR:20%;AK-47:10%,1.0,1.0,0.0,0.926,0.954,0.227,0.757,0.94,0.954,0.736,MAC-10|Glock-18|a1h1k0|sm1fl1HE1fr1;Galil AR|Glock-18|a1h1k0|sm1fl1HE1fr1;MAC-10|Glock-18|a1h1k0|sm1fl2HE0fr1
t,1400,MAC-10,4450,OBSERVED,3,43.2,0,exact,700,900,1200,,5850,4950,5550,MAC-10:57%;Galil AR:20%;AK-47:10%,1.0,1.0,0.0,0.926,0.955,0.229,0.756,0.938,0.958,0.732,MAC-10|Glock-18|a1h1k0|sm1fl1HE1fr1;Galil AR|Glock-18|a1h1k0|sm1fl1HE1fr1;MAC-10|USP-S|a1h1k0|sm1fl1HE1fr1
t,1400,MAC-10,4500,INTERPOLATED,0,42.5,50,exact,700,900,1200,,5900,5000,5600,MAC-10:57%;Galil AR:20%;AK-47:11%,1.0,1.0,0.0,0.925,0.955,0.232,0.755,0.936,0.962,0.729,MAC-10|Glock-18|a1h1k0|sm1fl1HE1fr1;Galil AR|Glock-18|a1h1k0|sm1fl1HE1fr1;MAC-10|USP-S|a1h1k0|sm1fl1HE1fr1
t,1400,MAC-10,4550,INTERPOLATED,0,41.7,50,exact,700,900,1200,,5950,5050,5650,MAC-10:56%;Galil AR:20%;AK-47:12%,1.0,1.0,0.0,0.925,0.956,0.235,0.754,0.935,0.965,0.729,MAC-10|Glock-18|a1h1k0|sm1fl1HE1fr1;Galil AR|Glock-18|a1h1k0|sm1fl1HE1fr1;MAC-10|USP-S|a1h1k0|sm1fl1HE1fr1
t,1400,MAC-10,4600,OBSERVED,1,40.8,0,exact,700,900,1200,,6000,5100,5700,MAC-10:56%;Galil AR:20%;AK-47:12%,1.0,1.0,0.0,0.924,0.957,0.239,0.752,0.934,0.967,0.728,MAC-10|Glock-18|a1h1k0|sm1fl1HE1fr1;MAC-10|USP-S|a1h1k0|sm1fl1HE1fr1;Galil AR|Glock-18|a1h1k0|sm1fl1HE1fr1
t,1400,MAC-10,4650,OBSERVED,2,39.8,0,exact,700,900,1200,,6050,5150,5750,MAC-10:56%;Galil AR:20%;AK-47:13%,1.0,1.0,0.0,0.922,0.958,0.242,0.751,0.934,0.97,0.728,MAC-10|Glock-18|a1h1k0|sm1fl1HE1fr1;MAC-10|USP-S|a1h1k0|sm1fl1HE1fr1;Galil AR|Glock-18|a1h1k0|sm1fl1HE1fr1
t,1400,MAC-10,4700,OBSERVED,1,38.8,0,exact,700,900,1200,,6100,5200,5800,MAC-10:55%;Galil AR:19%;AK-47:14%,1.0,1.0,0.0,0.921,0.958,0.247,0.748,0.934,0.971,0.727,MAC-10|Glock-18|a1h1k0|sm1fl1HE1fr1;MAC-10|USP-S|a1h1k0|sm1fl1HE1fr1;Galil AR|Glock-18|a1h1k0|sm1fl1HE1fr1
t,1400,MAC-10,4750,OBSERVED,2,37.9,0,exact,700,900,1200,,6150,5250,5850,MAC-10:55%;Galil AR:19%;AK-47:15%,1.0,1.0,0.0,0.92,0.959,0.251,0.746,0.935,0.972,0.726,MAC-10|Glock-18|a1h1k0|sm1fl1HE1fr1;MAC-10|USP-S|a1h1k0|sm1fl1HE1fr1;Galil AR|Glock-18|a1h1k0|sm1fl1HE1fr1
t,1400,MAC-10,4800,OBSERVED,2,37.0,0,exact,700,900,1200,,6200,5300,5900,MAC-10:55%;Galil AR:19%;AK-47:16%,1.0,1.0,0.0,0.919,0.96,0.257,0.743,0.936,0.973,0.725,MAC-10|Glock-18|a1h1k0|sm1fl1HE1fr1;MAC-10|USP-S|a1h1k0|sm1fl1HE1fr1;Galil AR|Glock-18|a1h1k0|sm1fl1HE1fr1
t,1400,MAC-10,4850,OBSERVED,1,36.2,0,exact,700,900,1200,,6250,5350,5950,MAC-10:55%;Galil AR:18%;AK-47:16%,1.0,1.0,0.0,0.917,0.962,0.262,0.739,0.938,0.974,0.724,MAC-10|Glock-18|a1h1k0|sm1fl1HE1fr1;MAC-10|USP-S|a1h1k0|sm1fl1HE1fr1;Galil AR|Glock-18|a1h1k0|sm1fl1HE1fr1
t,1400,MAC-10,4900,OBSERVED,4,35.4,0,exact,700,900,1200,,6300,5400,6000,MAC-10:55%;Galil AR:18%;AK-47:17%,1.0,1.0,0.0,0.916,0.963,0.269,0.735,0.94,0.974,0.726,MAC-10|Glock-18|a1h1k0|sm1fl1HE1fr1;MAC-10|USP-S|a1h1k0|sm1fl1HE1fr1;Galil AR|Glock-18|a1h1k0|sm1fl1HE1fr1
t,1400,MAC-10,4950,OBSERVED,1,34.7,0,exact,700,900,1200,,6350,5450,6050,MAC-10:55%;AK-47:18%;Galil AR:17%,1.0,1.0,0.0,0.915,0.965,0.276,0.73,0.943,0.974,0.728,MAC-10|Glock-18|a1h1k0|sm1fl1HE1fr1;MAC-10|USP-S|a1h1k0|sm1fl1HE1fr1;AK-47|Glock-18|a1h1k0|sm1fl2HE0fr1
t,1400,MAC-10,5000,OBSERVED,1,34.1,0,exact,700,900,1200,,6400,5500,6100,MAC-10:55%;AK-47:19%;Galil AR:17%,1.0,1.0,0.0,0.915,0.966,0.284,0.724,0.946,0.973,0.73,MAC-10|Glock-18|a1h1k0|sm1fl1HE1fr1;MAC-10|USP-S|a1h1k0|sm1fl1HE1fr1;AK-47|Glock-18|a1h1k0|sm1fl2HE0fr1
t,1400,MAC-10,5050,INTERPOLATED,0,33.5,50,exact,700,900,1200,,6450,5550,6150,MAC-10:55%;AK-47:20%;Galil AR:16%,1.0,1.0,0.0,0.914,0.968,0.292,0.717,0.949,0.973,0.731,MAC-10|Glock-18|a1h1k0|sm1fl1HE1fr1;MAC-10|USP-S|a1h1k0|sm1fl1HE1fr1;AK-47|Glock-18|a1h1k0|sm1fl2HE0fr1
t,1400,MAC-10,5100,INTERPOLATED,0,32.9,100,exact,700,900,1200,,6500,5600,6200,MAC-10:56%;AK-47:21%;Galil AR:16%,1.0,1.0,0.0,0.913,0.97,0.301,0.71,0.953,0.972,0.73,MAC-10|Glock-18|a1h1k0|sm1fl1HE1fr1;AK-47|Glock-18|a1h1k0|sm1fl2HE0fr1;MAC-10|USP-S|a1h1k0|sm1fl1HE1fr1
t,1400,MAC-10,5150,INTERPOLATED,0,32.4,50,exact,700,900,1200,,6550,5650,6250,MAC-10:56%;AK-47:21%;Galil AR:15%,1.0,1.0,0.0,0.912,0.972,0.311,0.701,0.956,0.97,0.73,MAC-10|Glock-18|a1h1k0|sm1fl1HE1fr1;AK-47|Glock-18|a1h1k0|sm1fl2HE0fr1;MAC-10|USP-S|a1h1k0|sm1fl1HE1fr1
t,1400,MAC-10,5200,OBSERVED,1,31.7,0,exact,700,900,1200,,6600,5700,6300,MAC-10:56%;AK-47:22%;Galil AR:15%,1.0,1.0,0.0,0.91,0.974,0.321,0.692,0.96,0.969,0.732,MAC-10|Glock-18|a1h1k0|sm1fl1HE1fr1;AK-47|Glock-18|a1h1k0|sm1fl2HE0fr1;MAC-10|USP-S|a1h1k0|sm1fl1HE1fr1
t,1400,MAC-10,5250,OBSERVED,1,31.0,0,exact,700,900,1200,,6650,5750,6350,MAC-10:56%;AK-47:23%;Galil AR:14%,1.0,1.0,0.0,0.909,0.976,0.332,0.682,0.964,0.966,0.741,MAC-10|Glock-18|a1h1k0|sm1fl1HE1fr1;AK-47|Glock-18|a1h1k0|sm1fl2HE0fr1;MAC-10|USP-S|a1h1k0|sm1fl1HE1fr1
t,1400,MAC-10,5300,INTERPOLATED,0,30.2,50,exact,700,900,1200,,6700,5800,6400,MAC-10:56%;AK-47:23%;Galil AR:14%,1.0,1.0,0.0,0.907,0.978,0.343,0.672,0.967,0.964,0.75,MAC-10|Glock-18|a1h1k0|sm1fl1HE1fr1;AK-47|Glock-18|a1h1k0|sm1fl2HE0fr1;MAC-10|USP-S|a1h1k0|sm1fl1HE1fr1
t,1400,MAC-10,5350,INTERPOLATED,0,29.3,100,exact,700,900,1200,,6750,5850,6450,MAC-10:57%;AK-47:24%;Galil AR:14%,1.0,1.0,0.0,0.904,0.981,0.354,0.661,0.971,0.961,0.759,MAC-10|Glock-18|a1h1k0|sm1fl1HE1fr1;AK-47|Glock-18|a1h1k0|sm1fl2HE0fr1;MAC-10|USP-S|a1h1k0|sm1fl1HE1fr1
t,1400,MAC-10,5400,INTERPOLATED,0,28.4,100,exact,700,900,1200,,6800,5900,6500,MAC-10:57%;AK-47:24%;Galil AR:13%,1.0,1.0,0.0,0.902,0.983,0.365,0.65,0.974,0.959,0.766,MAC-10|Glock-18|a1h1k0|sm1fl1HE1fr1;AK-47|Glock-18|a1h1k0|sm1fl2HE0fr1;MAC-10|Desert Eagle|a1h1k0|sm1fl2HE0fr1
t,1400,MAC-10,5450,INTERPOLATED,0,27.5,50,exact,700,900,1200,,6850,5950,6550,MAC-10:57%;AK-47:25%;Galil AR:13%,1.0,1.0,0.0,0.898,0.985,0.376,0.639,0.978,0.956,0.778,MAC-10|Glock-18|a1h1k0|sm1fl1HE1fr1;AK-47|Glock-18|a1h1k0|sm1fl2HE0fr1;MAC-10|Desert Eagle|a1h1k0|sm1fl2HE0fr1
t,1400,MAC-10,5500,OBSERVED,1,26.5,0,exact,700,900,1200,,6900,6000,6600,MAC-10:57%;AK-47:25%;Galil AR:13%,1.0,1.0,0.0,0.894,0.987,0.387,0.628,0.981,0.953,0.788,MAC-10|Glock-18|a1h1k0|sm1fl1HE1fr1;AK-47|Glock-18|a1h1k0|sm1fl2HE0fr1;MAC-10|Desert Eagle|a1h1k0|sm1fl2HE0fr1
t,1400,MAC-10,5550,OBSERVED,3,25.5,0,exact,700,900,1200,,6950,6050,6650,MAC-10:57%;AK-47:25%;Galil AR:14%,1.0,1.0,0.0,0.888,0.988,0.397,0.617,0.983,0.949,0.796,MAC-10|Glock-18|a1h1k0|sm1fl1HE1fr1;AK-47|Glock-18|a1h1k0|sm1fl2HE0fr1;MAC-10|Desert Eagle|a1h1k0|sm1fl2HE0fr1
t,1400,MAC-10,5600,OBSERVED,2,24.6,0,exact,700,800,1200,,7000,6200,6800,MAC-10:57%;AK-47:24%;Galil AR:14%,1.0,1.0,0.0,0.882,0.99,0.406,0.607,0.986,0.947,0.803,MAC-10|Glock-18|a1h1k0|sm1fl1HE1fr1;AK-47|Glock-18|a1h1k0|sm1fl2HE0fr1;MAC-10|Desert Eagle|a1h1k0|sm1fl2HE0fr1
t,1400,MAC-10,5650,INTERPOLATED,0,23.7,50,exact,700,800,1200,,7050,6250,6850,MAC-10:57%;AK-47:24%;Galil AR:14%,1.0,1.0,0.0,0.876,0.992,0.415,0.597,0.988,0.944,0.812,MAC-10|Glock-18|a1h1k0|sm1fl1HE1fr1;AK-47|Glock-18|a1h1k0|sm1fl2HE0fr1;MAC-10|Desert Eagle|a1h1k0|sm1fl2HE0fr1
t,1400,MAC-10,5700,INTERPOLATED,0,22.9,50,exact,700,800,1100,,7100,6300,6900,MAC-10:58%;AK-47:24%;Galil AR:15%,1.0,1.0,0.0,0.868,0.993,0.422,0.589,0.99,0.941,0.82,MAC-10|Glock-18|a1h1k0|sm1fl1HE1fr1;AK-47|Glock-18|a1h1k0|sm1fl2HE0fr1;MAC-10|Desert Eagle|a1h1k0|sm1fl2HE0fr1
t,1400,MAC-10,5750,OBSERVED,1,22.1,0,exact,700,800,1100,,7150,6350,6950,MAC-10:58%;AK-47:23%;Galil AR:16%,1.0,1.0,0.0,0.86,0.994,0.428,0.581,0.992,0.938,0.828,MAC-10|Glock-18|a1h1k0|sm1fl1HE1fr1;AK-47|Glock-18|a1h1k0|sm1fl2HE0fr1;MAC-10|Desert Eagle|a1h1k0|sm1fl2HE0fr1
t,1400,MAC-10,5800,INTERPOLATED,0,21.4,50,exact,700,800,1100,,7200,6400,7000,MAC-10:57%;AK-47:22%;Galil AR:16%,1.0,1.0,0.0,0.851,0.995,0.433,0.575,0.993,0.938,0.843,MAC-10|Glock-18|a1h1k0|sm1fl1HE1fr1;AK-47|Glock-18|a1h1k0|sm1fl2HE0fr1;MAC-10|Desert Eagle|a1h1k0|sm1fl2HE0fr1
t,1400,MAC-10,5850,OBSERVED,1,20.7,0,exact,600,800,1100,,7250,6450,7050,MAC-10:57%;AK-47:21%;Galil AR:17%,1.0,1.0,0.0,0.842,0.996,0.437,0.571,0.995,0.937,0.857,MAC-10|Glock-18|a1h1k0|sm1fl1HE1fr1;AK-47|Glock-18|a1h1k0|sm1fl2HE0fr1;MAC-10|Desert Eagle|a1h1k0|sm1fl2HE0fr1
t,1400,MP5-SD,3300,OBSERVED,1,31.3,0,family,400,800,900,,4700,3900,4500,MAC-10:63%;MP7:13%;Galil AR:12%,1.0,1.0,0.0,0.835,0.926,0.205,0.755,0.996,0.776,0.78,MAC-10|Glock-18|a1h1k0|sm1fl1HE1fr1;MAC-10|Glock-18|a1h1k0|sm1fl2HE0fr1;Galil AR|Glock-18|a1h1k0|sm1fl1HE1fr1
t,1400,MP5-SD,3350,OBSERVED,2,32.5,0,family,600,800,1000,,4750,3950,4550,MAC-10:62%;MP7:13%;Galil AR:12%,1.0,1.0,0.0,0.841,0.927,0.205,0.755,0.995,0.785,0.77,MAC-10|Glock-18|a1h1k0|sm1fl1HE1fr1;MAC-10|Glock-18|a1h1k0|sm1fl2HE0fr1;Galil AR|Glock-18|a1h1k0|sm1fl1HE1fr1
t,1400,MP5-SD,3400,OBSERVED,2,33.8,0,family,600,800,1000,,4800,4000,4600,MAC-10:62%;MP7:13%;Galil AR:12%,1.0,1.0,0.0,0.847,0.928,0.206,0.755,0.994,0.795,0.759,MAC-10|Glock-18|a1h1k0|sm1fl1HE1fr1;MAC-10|Glock-18|a1h1k0|sm1fl2HE0fr1;Galil AR|Glock-18|a1h1k0|sm1fl1HE1fr1
t,1400,MP5-SD,3450,OBSERVED,1,35.1,0,family,600,800,1000,,4850,4050,4650,MAC-10:62%;MP7:13%;Galil AR:12%,1.0,1.0,0.0,0.852,0.93,0.207,0.755,0.993,0.805,0.749,MAC-10|Glock-18|a1h1k0|sm1fl1HE1fr1;MAC-10|Glock-18|a1h1k0|sm1fl2HE0fr1;Galil AR|Glock-18|a1h1k0|sm1fl1HE1fr1
t,1400,MP5-SD,3500,OBSERVED,1,36.5,0,family,600,800,1000,,4900,4100,4700,MAC-10:62%;Galil AR:13%;MP7:12%,1.0,1.0,0.0,0.858,0.931,0.207,0.756,0.992,0.814,0.742,MAC-10|Glock-18|a1h1k0|sm1fl1HE1fr1;MAC-10|Glock-18|a1h1k0|sm1fl2HE0fr1;Galil AR|Glock-18|a1h1k0|sm1fl1HE1fr1
t,1400,MP5-SD,3550,OBSERVED,3,37.9,0,family,600,800,1000,,4950,4150,4750,MAC-10:61%;Galil AR:13%;MP7:12%,1.0,1.0,0.0,0.863,0.933,0.208,0.757,0.991,0.825,0.736,MAC-10|Glock-18|a1h1k0|sm1fl1HE1fr1;MAC-10|Glock-18|a1h1k0|sm1fl2HE0fr1;Galil AR|Glock-18|a1h1k0|sm1fl1HE1fr1
t,1400,MP5-SD,3600,OBSERVED,2,39.3,0,family,700,900,1100,,5000,4100,4700,MAC-10:60%;Galil AR:13%;MP7:12%,1.0,1.0,0.0,0.87,0.935,0.205,0.761,0.989,0.836,0.721,MAC-10|Glock-18|a1h1k0|sm1fl1HE1fr1;MAC-10|Glock-18|a1h1k0|sm1fl2HE0fr1;Galil AR|Glock-18|a1h1k0|sm1fl1HE1fr1
t,1400,MP5-SD,3650,OBSERVED,3,40.8,0,family,700,900,1100,,5050,4150,4750,MAC-10:60%;Galil AR:13%;MP7:12%,1.0,1.0,0.0,0.875,0.937,0.205,0.762,0.988,0.847,0.717,MAC-10|Glock-18|a1h1k0|sm1fl1HE1fr1;MAC-10|Glock-18|a1h1k0|sm1fl2HE0fr1;Galil AR|Glock-18|a1h1k0|sm1fl1HE1fr1
t,1400,MP5-SD,3700,OBSERVED,4,42.2,0,family,700,900,1100,,5100,4200,4800,MAC-10:59%;Galil AR:14%;MP7:11%,1.0,1.0,0.0,0.88,0.939,0.205,0.764,0.986,0.858,0.712,MAC-10|Glock-18|a1h1k0|sm1fl1HE1fr1;MAC-10|Glock-18|a1h1k0|sm1fl2HE0fr1;Galil AR|Glock-18|a1h1k0|sm1fl1HE1fr1
t,1400,MP5-SD,3750,INTERPOLATED,0,43.6,50,family,700,900,1100,,5150,4250,4850,MAC-10:58%;Galil AR:14%;MP7:11%,1.0,1.0,0.0,0.885,0.941,0.205,0.765,0.984,0.869,0.706,MAC-10|Glock-18|a1h1k0|sm1fl1HE1fr1;MAC-10|Glock-18|a1h1k0|sm1fl2HE0fr1;Galil AR|Glock-18|a1h1k0|sm1fl1HE1fr1
t,1400,MP5-SD,3800,OBSERVED,1,44.9,0,family,700,900,1100,,5200,4300,4900,MAC-10:58%;Galil AR:14%;MP7:11%,1.0,1.0,0.0,0.889,0.943,0.204,0.766,0.981,0.88,0.702,MAC-10|Glock-18|a1h1k0|sm1fl1HE1fr1;MAC-10|Glock-18|a1h1k0|sm1fl2HE0fr1;Galil AR|Glock-18|a1h1k0|sm1fl1HE1fr1
t,1400,MP5-SD,3850,OBSERVED,1,46.2,0,family,700,900,1100,,5250,4350,4950,MAC-10:57%;Galil AR:15%;MP7:11%,1.0,1.0,0.0,0.893,0.945,0.204,0.768,0.979,0.891,0.698,MAC-10|Glock-18|a1h1k0|sm1fl1HE1fr1;MAC-10|Glock-18|a1h1k0|sm1fl2HE0fr1;Galil AR|Glock-18|a1h1k0|sm1fl1HE1fr1
t,1400,MP5-SD,3900,OBSERVED,3,47.4,0,family,700,900,1200,,5300,4400,5000,MAC-10:57%;Galil AR:15%;MP7:11%,1.0,1.0,0.0,0.897,0.946,0.204,0.77,0.976,0.902,0.693,MAC-10|Glock-18|a1h1k0|sm1fl1HE1fr1;MAC-10|Glock-18|a1h1k0|sm1fl2HE0fr1;Galil AR|Glock-18|a1h1k0|sm1fl1HE1fr1
t,1400,MP5-SD,3950,OBSERVED,2,48.5,0,family,700,900,1200,,5350,4450,5050,MAC-10:56%;Galil AR:15%;MP7:11%,1.0,1.0,0.0,0.9,0.948,0.204,0.771,0.974,0.913,0.69,MAC-10|Glock-18|a1h1k0|sm1fl1HE1fr1;MAC-10|Glock-18|a1h1k0|sm1fl2HE0fr1;Galil AR|Glock-18|a1h1k0|sm1fl1HE1fr1
t,1400,MP5-SD,4000,INTERPOLATED,0,49.5,50,family,700,900,1200,,5400,4500,5100,MAC-10:55%;Galil AR:16%;MP7:11%,1.0,1.0,0.0,0.902,0.95,0.203,0.773,0.971,0.923,0.685,MAC-10|Glock-18|a1h1k0|sm1fl1HE1fr1;MAC-10|Glock-18|a1h1k0|sm1fl2HE0fr1;Galil AR|Glock-18|a1h1k0|sm1fl1HE1fr1
t,1400,MP5-SD,4050,OBSERVED,2,50.3,0,family,700,900,1200,,5450,4550,5150,MAC-10:55%;Galil AR:16%;MP7:11%,1.0,1.0,0.0,0.905,0.952,0.203,0.774,0.968,0.932,0.678,MAC-10|Glock-18|a1h1k0|sm1fl1HE1fr1;MAC-10|Glock-18|a1h1k0|sm1fl2HE0fr1;Galil AR|Glock-18|a1h1k0|sm1fl1HE1fr1
t,1400,MP5-SD,4100,OBSERVED,1,51.0,0,family,700,900,1200,,5500,4600,5200,MAC-10:54%;Galil AR:16%;MP7:11%,1.0,1.0,0.0,0.906,0.953,0.203,0.776,0.965,0.941,0.675,MAC-10|Glock-18|a1h1k0|sm1fl1HE1fr1;MAC-10|Glock-18|a1h1k0|sm1fl2HE0fr1;Galil AR|Glock-18|a1h1k0|sm1fl1HE1fr1
t,1400,MP5-SD,4150,OBSERVED,1,51.4,0,family,700,900,1200,,5550,4650,5250,MAC-10:53%;Galil AR:17%;MP7:11%,1.0,1.0,0.0,0.908,0.955,0.203,0.777,0.962,0.949,0.671,MAC-10|Glock-18|a1h1k0|sm1fl1HE1fr1;MAC-10|Glock-18|a1h1k0|sm1fl2HE0fr1;Galil AR|Glock-18|a1h1k0|sm1fl1HE1fr1
t,1400,MP5-SD,4200,OBSERVED,4,51.6,0,family,700,900,1200,,5600,4700,5300,MAC-10:52%;Galil AR:17%;MP7:11%,1.0,1.0,0.0,0.909,0.956,0.203,0.778,0.959,0.957,0.668,MAC-10|Glock-18|a1h1k0|sm1fl1HE1fr1;MAC-10|Glock-18|a1h1k0|sm1fl2HE0fr1;Galil AR|Glock-18|a1h1k0|sm1fl1HE1fr1
t,1400,MP5-SD,4250,OBSERVED,3,51.6,0,family,700,900,1200,,5650,4750,5350,MAC-10:52%;Galil AR:17%;MP7:11%,1.0,1.0,0.0,0.909,0.957,0.203,0.779,0.956,0.963,0.666,MAC-10|Glock-18|a1h1k0|sm1fl1HE1fr1;MAC-10|Glock-18|a1h1k0|sm1fl2HE0fr1;Galil AR|Glock-18|a1h1k0|sm1fl1HE1fr1
t,1400,MP5-SD,4300,INTERPOLATED,0,51.4,50,family,700,900,1200,,5700,4800,5400,MAC-10:51%;Galil AR:17%;MP7:12%,1.0,1.0,0.0,0.909,0.958,0.203,0.78,0.953,0.97,0.662,MAC-10|Glock-18|a1h1k0|sm1fl1HE1fr1;MAC-10|Glock-18|a1h1k0|sm1fl2HE0fr1;Galil AR|Glock-18|a1h1k0|sm1fl1HE1fr1
t,1400,MP5-SD,4350,INTERPOLATED,0,51.0,100,family,700,900,1200,,5750,4850,5450,MAC-10:50%;Galil AR:17%;MP7:12%,1.0,1.0,0.0,0.909,0.959,0.204,0.781,0.95,0.975,0.656,MAC-10|Glock-18|a1h1k0|sm1fl1HE1fr1;Galil AR|Glock-18|a1h1k0|sm1fl1HE1fr1;MAC-10|Glock-18|a1h1k0|sm1fl2HE0fr1
t,1400,MP5-SD,4400,INTERPOLATED,0,50.4,50,family,700,900,1200,,5800,4900,5500,MAC-10:50%;Galil AR:17%;MP7:12%,1.0,1.0,0.0,0.909,0.96,0.204,0.782,0.948,0.98,0.649,MAC-10|Glock-18|a1h1k0|sm1fl1HE1fr1;Galil AR|Glock-18|a1h1k0|sm1fl1HE1fr1;MAC-10|Glock-18|a1h1k0|sm1fl2HE0fr1
t,1400,MP5-SD,4450,OBSERVED,4,49.6,0,family,700,900,1200,,5850,4950,5550,MAC-10:49%;Galil AR:17%;MP7:12%,1.0,1.0,0.0,0.908,0.961,0.205,0.782,0.946,0.983,0.644,MAC-10|Glock-18|a1h1k0|sm1fl1HE1fr1;Galil AR|Glock-18|a1h1k0|sm1fl1HE1fr1;MAC-10|USP-S|a1h1k0|sm1fl1HE1fr1
t,1400,MP5-SD,4500,INTERPOLATED,0,48.6,50,family,700,900,1200,,5900,5000,5600,MAC-10:49%;Galil AR:17%;AK-47:12%,1.0,1.0,0.0,0.907,0.961,0.207,0.783,0.945,0.987,0.638,MAC-10|Glock-18|a1h1k0|sm1fl1HE1fr1;Galil AR|Glock-18|a1h1k0|sm1fl1HE1fr1;MAC-10|USP-S|a1h1k0|sm1fl1HE1fr1
t,1400,MP5-SD,4550,INTERPOLATED,0,47.6,50,family,700,900,1200,,5950,5050,5650,MAC-10:49%;Galil AR:17%;AK-47:13%,1.0,1.0,0.0,0.907,0.962,0.208,0.782,0.944,0.989,0.632,MAC-10|Glock-18|a1h1k0|sm1fl1HE1fr1;Galil AR|Glock-18|a1h1k0|sm1fl1HE1fr1;MAC-10|USP-S|a1h1k0|sm1fl1HE1fr1
t,1400,MP5-SD,4600,OBSERVED,1,46.5,0,family,700,900,1200,,6000,5100,5700,MAC-10:48%;Galil AR:17%;AK-47:14%,1.0,1.0,0.0,0.906,0.963,0.21,0.782,0.943,0.992,0.632,MAC-10|Glock-18|a1h1k0|sm1fl1HE1fr1;Galil AR|Glock-18|a1h1k0|sm1fl1HE1fr1;MAC-10|USP-S|a1h1k0|sm1fl1HE1fr1
t,1400,MP5-SD,4650,OBSERVED,3,45.4,0,family,700,900,1200,,6050,5150,5750,MAC-10:48%;Galil AR:17%;AK-47:15%,1.0,1.0,0.0,0.905,0.963,0.213,0.781,0.943,0.993,0.631,MAC-10|Glock-18|a1h1k0|sm1fl1HE1fr1;MAC-10|USP-S|a1h1k0|sm1fl1HE1fr1;Galil AR|Glock-18|a1h1k0|sm1fl1HE1fr1
t,1400,MP5-SD,4700,OBSERVED,1,44.3,0,family,700,900,1200,,6100,5200,5800,MAC-10:48%;Galil AR:17%;AK-47:15%,1.0,1.0,0.0,0.905,0.964,0.216,0.78,0.943,0.994,0.629,MAC-10|Glock-18|a1h1k0|sm1fl1HE1fr1;MAC-10|USP-S|a1h1k0|sm1fl1HE1fr1;Galil AR|Glock-18|a1h1k0|sm1fl1HE1fr1
t,1400,MP5-SD,4750,OBSERVED,3,43.3,0,family,700,900,1200,,6150,5250,5850,MAC-10:48%;Galil AR:16%;AK-47:16%,1.0,1.0,0.0,0.905,0.965,0.22,0.778,0.944,0.995,0.629,MAC-10|Glock-18|a1h1k0|sm1fl1HE1fr1;MAC-10|USP-S|a1h1k0|sm1fl1HE1fr1;Galil AR|Glock-18|a1h1k0|sm1fl1HE1fr1
t,1400,MP5-SD,4800,OBSERVED,2,42.3,0,family,700,900,1200,,6200,5300,5900,MAC-10:48%;AK-47:17%;Galil AR:16%,1.0,1.0,0.0,0.905,0.966,0.224,0.776,0.945,0.996,0.628,MAC-10|Glock-18|a1h1k0|sm1fl1HE1fr1;MAC-10|USP-S|a1h1k0|sm1fl1HE1fr1;Galil AR|Glock-18|a1h1k0|sm1fl1HE1fr1
t,1400,MP5-SD,4850,OBSERVED,1,41.4,0,family,700,900,1200,,6250,5350,5950,MAC-10:48%;AK-47:18%;Galil AR:16%,1.0,1.0,0.0,0.905,0.967,0.229,0.772,0.946,0.997,0.627,MAC-10|Glock-18|a1h1k0|sm1fl1HE1fr1;MAC-10|USP-S|a1h1k0|sm1fl1HE1fr1;Galil AR|Glock-18|a1h1k0|sm1fl1HE1fr1
t,1400,MP5-SD,4900,OBSERVED,4,40.6,0,family,700,900,1200,,6300,5400,6000,MAC-10:48%;AK-47:18%;Galil AR:15%,1.0,1.0,0.0,0.905,0.968,0.234,0.769,0.948,0.997,0.629,MAC-10|Glock-18|a1h1k0|sm1fl1HE1fr1;MAC-10|USP-S|a1h1k0|sm1fl1HE1fr1;Galil AR|Glock-18|a1h1k0|sm1fl1HE1fr1
t,1400,MP5-SD,4950,OBSERVED,1,39.9,0,family,700,900,1200,,6350,5450,6050,MAC-10:48%;AK-47:19%;Galil AR:15%,1.0,1.0,0.0,0.906,0.969,0.241,0.764,0.95,0.997,0.632,MAC-10|Glock-18|a1h1k0|sm1fl1HE1fr1;MAC-10|USP-S|a1h1k0|sm1fl1HE1fr1;AK-47|Glock-18|a1h1k0|sm1fl2HE0fr1
t,1400,MP5-SD,5000,OBSERVED,1,39.2,0,family,700,900,1200,,6400,5500,6100,MAC-10:48%;AK-47:20%;Galil AR:14%,1.0,1.0,0.0,0.906,0.971,0.248,0.759,0.953,0.997,0.634,MAC-10|Glock-18|a1h1k0|sm1fl1HE1fr1;MAC-10|USP-S|a1h1k0|sm1fl1HE1fr1;AK-47|Glock-18|a1h1k0|sm1fl2HE0fr1
t,1400,MP5-SD,5050,INTERPOLATED,0,38.5,50,family,700,900,1200,,6450,5550,6150,MAC-10:48%;AK-47:21%;Galil AR:14%,1.0,1.0,0.0,0.907,0.972,0.255,0.753,0.956,0.997,0.639,MAC-10|Glock-18|a1h1k0|sm1fl1HE1fr1;MAC-10|USP-S|a1h1k0|sm1fl1HE1fr1;AK-47|Glock-18|a1h1k0|sm1fl2HE0fr1
t,1400,MP5-SD,5100,INTERPOLATED,0,37.9,100,family,700,900,1200,,6500,5600,6200,MAC-10:49%;AK-47:21%;Galil AR:14%,1.0,1.0,0.0,0.908,0.974,0.264,0.745,0.959,0.997,0.642,MAC-10|Glock-18|a1h1k0|sm1fl1HE1fr1;AK-47|Glock-18|a1h1k0|sm1fl2HE0fr1;MAC-10|USP-S|a1h1k0|sm1fl1HE1fr1
t,1400,MP5-SD,5150,INTERPOLATED,0,37.2,50,family,700,900,1200,,6550,5650,6250,MAC-10:49%;AK-47:22%;Galil AR:13%,1.0,1.0,0.0,0.908,0.976,0.273,0.738,0.962,0.997,0.644,MAC-10|Glock-18|a1h1k0|sm1fl1HE1fr1;AK-47|Glock-18|a1h1k0|sm1fl2HE0fr1;MAC-10|USP-S|a1h1k0|sm1fl1HE1fr1
t,1400,MP5-SD,5200,OBSERVED,2,36.5,0,family,700,900,1200,,6600,5700,6300,MAC-10:49%;AK-47:23%;Galil AR:13%,1.0,1.0,0.0,0.908,0.977,0.283,0.729,0.965,0.996,0.648,MAC-10|Glock-18|a1h1k0|sm1fl1HE1fr1;AK-47|Glock-18|a1h1k0|sm1fl2HE0fr1;MAC-10|USP-S|a1h1k0|sm1fl1HE1fr1
t,1400,MP5-SD,5250,OBSERVED,1,35.7,0,family,700,900,1200,,6650,5750,6350,MAC-10:49%;AK-47:24%;Galil AR:12%,1.0,1.0,0.0,0.908,0.979,0.293,0.719,0.968,0.996,0.656,MAC-10|Glock-18|a1h1k0|sm1fl1HE1fr1;AK-47|Glock-18|a1h1k0|sm1fl2HE0fr1;MAC-10|USP-S|a1h1k0|sm1fl1HE1fr1
t,1400,MP5-SD,5300,INTERPOLATED,0,34.8,50,family,700,900,1200,,6700,5800,6400,MAC-10:50%;AK-47:24%;Galil AR:12%,1.0,1.0,0.0,0.908,0.981,0.304,0.709,0.971,0.995,0.665,MAC-10|Glock-18|a1h1k0|sm1fl1HE1fr1;AK-47|Glock-18|a1h1k0|sm1fl2HE0fr1;MAC-10|USP-S|a1h1k0|sm1fl1HE1fr1
t,1400,MP5-SD,5350,INTERPOLATED,0,33.8,100,family,700,900,1200,,6750,5850,6450,MAC-10:50%;AK-47:25%;Galil AR:12%,1.0,1.0,0.0,0.907,0.983,0.315,0.698,0.974,0.994,0.677,MAC-10|Glock-18|a1h1k0|sm1fl1HE1fr1;AK-47|Glock-18|a1h1k0|sm1fl2HE0fr1;MAC-10|USP-S|a1h1k0|sm1fl1HE1fr1
t,1400,MP5-SD,5400,INTERPOLATED,0,32.8,100,family,700,900,1200,,6800,5900,6500,MAC-10:50%;AK-47:25%;Galil AR:12%,1.0,1.0,0.0,0.906,0.985,0.326,0.687,0.977,0.993,0.686,MAC-10|Glock-18|a1h1k0|sm1fl1HE1fr1;AK-47|Glock-18|a1h1k0|sm1fl2HE0fr1;MAC-10|Desert Eagle|a1h1k0|sm1fl2HE0fr1
t,1400,MP5-SD,5450,INTERPOLATED,0,31.7,50,family,700,900,1100,,6850,5950,6550,MAC-10:50%;AK-47:26%;Galil AR:12%,1.0,1.0,0.0,0.903,0.987,0.337,0.675,0.98,0.992,0.694,MAC-10|Glock-18|a1h1k0|sm1fl1HE1fr1;AK-47|Glock-18|a1h1k0|sm1fl2HE0fr1;MAC-10|Desert Eagle|a1h1k0|sm1fl2HE0fr1
t,1400,MP5-SD,5500,OBSERVED,1,30.6,0,family,700,800,1100,,6900,6100,6700,MAC-10:50%;AK-47:26%;Galil AR:12%,1.0,1.0,0.0,0.901,0.988,0.349,0.664,0.983,0.991,0.705,MAC-10|Glock-18|a1h1k0|sm1fl1HE1fr1;AK-47|Glock-18|a1h1k0|sm1fl2HE0fr1;MAC-10|Desert Eagle|a1h1k0|sm1fl2HE0fr1
t,1400,MP5-SD,5550,OBSERVED,3,29.6,0,family,700,800,1100,,6950,6150,6750,MAC-10:51%;AK-47:26%;Galil AR:12%,1.0,1.0,0.0,0.897,0.99,0.359,0.652,0.985,0.99,0.712,MAC-10|Glock-18|a1h1k0|sm1fl1HE1fr1;AK-47|Glock-18|a1h1k0|sm1fl2HE0fr1;MAC-10|Desert Eagle|a1h1k0|sm1fl2HE0fr1
t,1400,MP5-SD,5600,OBSERVED,2,28.5,0,family,700,800,1100,,7000,6200,6800,MAC-10:51%;AK-47:27%;Galil AR:12%,1.0,1.0,0.0,0.893,0.991,0.37,0.641,0.988,0.989,0.72,MAC-10|Glock-18|a1h1k0|sm1fl1HE1fr1;AK-47|Glock-18|a1h1k0|sm1fl2HE0fr1;MAC-10|Desert Eagle|a1h1k0|sm1fl2HE0fr1
t,1400,MP5-SD,5650,INTERPOLATED,0,27.5,50,family,700,800,1100,,7050,6250,6850,MAC-10:51%;AK-47:27%;Galil AR:13%,1.0,1.0,0.0,0.888,0.993,0.38,0.631,0.99,0.988,0.727,MAC-10|Glock-18|a1h1k0|sm1fl1HE1fr1;AK-47|Glock-18|a1h1k0|sm1fl2HE0fr1;MAC-10|Desert Eagle|a1h1k0|sm1fl2HE0fr1
t,1400,MP5-SD,5700,INTERPOLATED,0,26.6,50,family,700,800,1100,,7100,6300,6900,MAC-10:50%;AK-47:26%;Galil AR:13%,1.0,1.0,0.0,0.882,0.994,0.389,0.62,0.991,0.987,0.737,MAC-10|Glock-18|a1h1k0|sm1fl1HE1fr1;AK-47|Glock-18|a1h1k0|sm1fl2HE0fr1;MAC-10|Desert Eagle|a1h1k0|sm1fl2HE0fr1
t,1400,MP5-SD,5750,OBSERVED,1,25.8,0,family,700,800,1100,,7150,6350,6950,MAC-10:50%;AK-47:26%;Galil AR:14%,1.0,1.0,0.0,0.876,0.995,0.397,0.611,0.993,0.987,0.746,MAC-10|Glock-18|a1h1k0|sm1fl1HE1fr1;AK-47|Glock-18|a1h1k0|sm1fl2HE0fr1;MAC-10|Desert Eagle|a1h1k0|sm1fl2HE0fr1
t,1400,MP5-SD,5800,INTERPOLATED,0,25.0,50,family,700,700,1100,,7200,6500,7100,MAC-10:50%;AK-47:25%;Galil AR:14%,1.0,1.0,0.0,0.869,0.996,0.405,0.603,0.994,0.986,0.758,MAC-10|Glock-18|a1h1k0|sm1fl1HE1fr1;AK-47|Glock-18|a1h1k0|sm1fl2HE0fr1;MAC-10|Desert Eagle|a1h1k0|sm1fl2HE0fr1
t,1400,MP5-SD,5850,OBSERVED,1,24.2,0,family,700,700,1100,,7250,6550,7150,MAC-10:50%;AK-47:25%;Galil AR:15%,1.0,1.0,0.0,0.862,0.997,0.411,0.595,0.995,0.987,0.767,MAC-10|Glock-18|a1h1k0|sm1fl1HE1fr1;AK-47|Glock-18|a1h1k0|sm1fl2HE0fr1;MAC-10|Desert Eagle|a1h1k0|sm1fl2HE0fr1
t,1400,MP5-SD,5900,INTERPOLATED,0,23.5,50,family,700,700,1100,,7300,6600,7200,MAC-10:49%;AK-47:24%;Galil AR:16%,1.0,1.0,0.0,0.854,0.997,0.417,0.589,0.996,0.987,0.772,MAC-10|Glock-18|a1h1k0|sm1fl1HE1fr1;MAC-10|Desert Eagle|a1h1k0|sm1fl2HE0fr1;AK-47|Glock-18|a1h1k0|sm1fl2HE0fr1
t,1400,MP5-SD,5950,OBSERVED,1,22.8,0,family,700,700,1100,,7350,6650,7250,MAC-10:49%;AK-47:23%;Galil AR:17%,1.0,1.0,0.0,0.847,0.998,0.422,0.583,0.997,0.988,0.776,MAC-10|Glock-18|a1h1k0|sm1fl1HE1fr1;MAC-10|Desert Eagle|a1h1k0|sm1fl2HE0fr1;AK-47|Glock-18|a1h1k0|sm1fl2HE0fr1
t,1400,MP5-SD,6000,INTERPOLATED,0,22.0,50,family,700,700,1100,,7400,6700,7300,MAC-10:48%;AK-47:22%;Galil AR:17%,1.0,1.0,0.0,0.839,0.998,0.425,0.579,0.998,0.99,0.781,MAC-10|Glock-18|a1h1k0|sm1fl1HE1fr1;MAC-10|Desert Eagle|a1h1k0|sm1fl2HE0fr1;AK-47|Glock-18|a1h1k0|sm1fl2HE0fr1
t,1400,MP7,3300,OBSERVED,1,31.3,0,family,400,800,900,,4700,3900,4500,MAC-10:63%;MP7:13%;Galil AR:12%,1.0,1.0,0.0,0.835,0.926,0.205,0.755,0.996,0.776,0.78,MAC-10|Glock-18|a1h1k0|sm1fl1HE1fr1;MAC-10|Glock-18|a1h1k0|sm1fl2HE0fr1;Galil AR|Glock-18|a1h1k0|sm1fl1HE1fr1
t,1400,MP7,3350,OBSERVED,2,32.5,0,family,600,800,1000,,4750,3950,4550,MAC-10:62%;MP7:13%;Galil AR:12%,1.0,1.0,0.0,0.841,0.927,0.205,0.755,0.995,0.785,0.77,MAC-10|Glock-18|a1h1k0|sm1fl1HE1fr1;MAC-10|Glock-18|a1h1k0|sm1fl2HE0fr1;Galil AR|Glock-18|a1h1k0|sm1fl1HE1fr1
t,1400,MP7,3400,OBSERVED,2,33.8,0,family,600,800,1000,,4800,4000,4600,MAC-10:62%;MP7:13%;Galil AR:12%,1.0,1.0,0.0,0.847,0.928,0.206,0.755,0.994,0.795,0.759,MAC-10|Glock-18|a1h1k0|sm1fl1HE1fr1;MAC-10|Glock-18|a1h1k0|sm1fl2HE0fr1;Galil AR|Glock-18|a1h1k0|sm1fl1HE1fr1
t,1400,MP7,3450,OBSERVED,1,35.1,0,family,600,800,1000,,4850,4050,4650,MAC-10:62%;MP7:13%;Galil AR:12%,1.0,1.0,0.0,0.852,0.93,0.207,0.755,0.993,0.805,0.749,MAC-10|Glock-18|a1h1k0|sm1fl1HE1fr1;MAC-10|Glock-18|a1h1k0|sm1fl2HE0fr1;Galil AR|Glock-18|a1h1k0|sm1fl1HE1fr1
t,1400,MP7,3500,OBSERVED,1,36.5,0,family,600,800,1000,,4900,4100,4700,MAC-10:62%;Galil AR:13%;MP7:12%,1.0,1.0,0.0,0.858,0.931,0.207,0.756,0.992,0.814,0.742,MAC-10|Glock-18|a1h1k0|sm1fl1HE1fr1;MAC-10|Glock-18|a1h1k0|sm1fl2HE0fr1;Galil AR|Glock-18|a1h1k0|sm1fl1HE1fr1
t,1400,MP7,3550,OBSERVED,3,37.9,0,family,600,800,1000,,4950,4150,4750,MAC-10:61%;Galil AR:13%;MP7:12%,1.0,1.0,0.0,0.863,0.933,0.208,0.757,0.991,0.825,0.736,MAC-10|Glock-18|a1h1k0|sm1fl1HE1fr1;MAC-10|Glock-18|a1h1k0|sm1fl2HE0fr1;Galil AR|Glock-18|a1h1k0|sm1fl1HE1fr1
t,1400,MP7,3600,OBSERVED,2,39.3,0,family,700,900,1100,,5000,4100,4700,MAC-10:60%;Galil AR:13%;MP7:12%,1.0,1.0,0.0,0.87,0.935,0.205,0.761,0.989,0.836,0.721,MAC-10|Glock-18|a1h1k0|sm1fl1HE1fr1;MAC-10|Glock-18|a1h1k0|sm1fl2HE0fr1;Galil AR|Glock-18|a1h1k0|sm1fl1HE1fr1
t,1400,MP7,3650,OBSERVED,3,40.8,0,family,700,900,1100,,5050,4150,4750,MAC-10:60%;Galil AR:13%;MP7:12%,1.0,1.0,0.0,0.875,0.937,0.205,0.762,0.988,0.847,0.717,MAC-10|Glock-18|a1h1k0|sm1fl1HE1fr1;MAC-10|Glock-18|a1h1k0|sm1fl2HE0fr1;Galil AR|Glock-18|a1h1k0|sm1fl1HE1fr1
t,1400,MP7,3700,OBSERVED,4,42.2,0,family,700,900,1100,,5100,4200,4800,MAC-10:59%;Galil AR:14%;MP7:11%,1.0,1.0,0.0,0.88,0.939,0.205,0.764,0.986,0.858,0.712,MAC-10|Glock-18|a1h1k0|sm1fl1HE1fr1;MAC-10|Glock-18|a1h1k0|sm1fl2HE0fr1;Galil AR|Glock-18|a1h1k0|sm1fl1HE1fr1
t,1400,MP7,3750,INTERPOLATED,0,43.6,50,family,700,900,1100,,5150,4250,4850,MAC-10:58%;Galil AR:14%;MP7:11%,1.0,1.0,0.0,0.885,0.941,0.205,0.765,0.984,0.869,0.706,MAC-10|Glock-18|a1h1k0|sm1fl1HE1fr1;MAC-10|Glock-18|a1h1k0|sm1fl2HE0fr1;Galil AR|Glock-18|a1h1k0|sm1fl1HE1fr1
t,1400,MP7,3800,OBSERVED,1,44.9,0,family,700,900,1100,,5200,4300,4900,MAC-10:58%;Galil AR:14%;MP7:11%,1.0,1.0,0.0,0.889,0.943,0.204,0.766,0.981,0.88,0.702,MAC-10|Glock-18|a1h1k0|sm1fl1HE1fr1;MAC-10|Glock-18|a1h1k0|sm1fl2HE0fr1;Galil AR|Glock-18|a1h1k0|sm1fl1HE1fr1
t,1400,MP7,3850,OBSERVED,1,46.2,0,family,700,900,1100,,5250,4350,4950,MAC-10:57%;Galil AR:15%;MP7:11%,1.0,1.0,0.0,0.893,0.945,0.204,0.768,0.979,0.891,0.698,MAC-10|Glock-18|a1h1k0|sm1fl1HE1fr1;MAC-10|Glock-18|a1h1k0|sm1fl2HE0fr1;Galil AR|Glock-18|a1h1k0|sm1fl1HE1fr1
t,1400,MP7,3900,OBSERVED,3,47.4,0,family,700,900,1200,,5300,4400,5000,MAC-10:57%;Galil AR:15%;MP7:11%,1.0,1.0,0.0,0.897,0.946,0.204,0.77,0.976,0.902,0.693,MAC-10|Glock-18|a1h1k0|sm1fl1HE1fr1;MAC-10|Glock-18|a1h1k0|sm1fl2HE0fr1;Galil AR|Glock-18|a1h1k0|sm1fl1HE1fr1
t,1400,MP7,3950,OBSERVED,2,48.5,0,family,700,900,1200,,5350,4450,5050,MAC-10:56%;Galil AR:15%;MP7:11%,1.0,1.0,0.0,0.9,0.948,0.204,0.771,0.974,0.913,0.69,MAC-10|Glock-18|a1h1k0|sm1fl1HE1fr1;MAC-10|Glock-18|a1h1k0|sm1fl2HE0fr1;Galil AR|Glock-18|a1h1k0|sm1fl1HE1fr1
t,1400,MP7,4000,INTERPOLATED,0,49.5,50,family,700,900,1200,,5400,4500,5100,MAC-10:55%;Galil AR:16%;MP7:11%,1.0,1.0,0.0,0.902,0.95,0.203,0.773,0.971,0.923,0.685,MAC-10|Glock-18|a1h1k0|sm1fl1HE1fr1;MAC-10|Glock-18|a1h1k0|sm1fl2HE0fr1;Galil AR|Glock-18|a1h1k0|sm1fl1HE1fr1
t,1400,MP7,4050,OBSERVED,2,50.3,0,family,700,900,1200,,5450,4550,5150,MAC-10:55%;Galil AR:16%;MP7:11%,1.0,1.0,0.0,0.905,0.952,0.203,0.774,0.968,0.932,0.678,MAC-10|Glock-18|a1h1k0|sm1fl1HE1fr1;MAC-10|Glock-18|a1h1k0|sm1fl2HE0fr1;Galil AR|Glock-18|a1h1k0|sm1fl1HE1fr1
t,1400,MP7,4100,OBSERVED,1,51.0,0,family,700,900,1200,,5500,4600,5200,MAC-10:54%;Galil AR:16%;MP7:11%,1.0,1.0,0.0,0.906,0.953,0.203,0.776,0.965,0.941,0.675,MAC-10|Glock-18|a1h1k0|sm1fl1HE1fr1;MAC-10|Glock-18|a1h1k0|sm1fl2HE0fr1;Galil AR|Glock-18|a1h1k0|sm1fl1HE1fr1
t,1400,MP7,4150,OBSERVED,1,51.4,0,family,700,900,1200,,5550,4650,5250,MAC-10:53%;Galil AR:17%;MP7:11%,1.0,1.0,0.0,0.908,0.955,0.203,0.777,0.962,0.949,0.671,MAC-10|Glock-18|a1h1k0|sm1fl1HE1fr1;MAC-10|Glock-18|a1h1k0|sm1fl2HE0fr1;Galil AR|Glock-18|a1h1k0|sm1fl1HE1fr1
t,1400,MP7,4200,OBSERVED,4,51.6,0,family,700,900,1200,,5600,4700,5300,MAC-10:52%;Galil AR:17%;MP7:11%,1.0,1.0,0.0,0.909,0.956,0.203,0.778,0.959,0.957,0.668,MAC-10|Glock-18|a1h1k0|sm1fl1HE1fr1;MAC-10|Glock-18|a1h1k0|sm1fl2HE0fr1;Galil AR|Glock-18|a1h1k0|sm1fl1HE1fr1
t,1400,MP7,4250,OBSERVED,3,51.6,0,family,700,900,1200,,5650,4750,5350,MAC-10:52%;Galil AR:17%;MP7:11%,1.0,1.0,0.0,0.909,0.957,0.203,0.779,0.956,0.963,0.666,MAC-10|Glock-18|a1h1k0|sm1fl1HE1fr1;MAC-10|Glock-18|a1h1k0|sm1fl2HE0fr1;Galil AR|Glock-18|a1h1k0|sm1fl1HE1fr1
t,1400,MP7,4300,INTERPOLATED,0,51.4,50,family,700,900,1200,,5700,4800,5400,MAC-10:51%;Galil AR:17%;MP7:12%,1.0,1.0,0.0,0.909,0.958,0.203,0.78,0.953,0.97,0.662,MAC-10|Glock-18|a1h1k0|sm1fl1HE1fr1;MAC-10|Glock-18|a1h1k0|sm1fl2HE0fr1;Galil AR|Glock-18|a1h1k0|sm1fl1HE1fr1
t,1400,MP7,4350,INTERPOLATED,0,51.0,100,family,700,900,1200,,5750,4850,5450,MAC-10:50%;Galil AR:17%;MP7:12%,1.0,1.0,0.0,0.909,0.959,0.204,0.781,0.95,0.975,0.656,MAC-10|Glock-18|a1h1k0|sm1fl1HE1fr1;Galil AR|Glock-18|a1h1k0|sm1fl1HE1fr1;MAC-10|Glock-18|a1h1k0|sm1fl2HE0fr1
t,1400,MP7,4400,INTERPOLATED,0,50.4,50,family,700,900,1200,,5800,4900,5500,MAC-10:50%;Galil AR:17%;MP7:12%,1.0,1.0,0.0,0.909,0.96,0.204,0.782,0.948,0.98,0.649,MAC-10|Glock-18|a1h1k0|sm1fl1HE1fr1;Galil AR|Glock-18|a1h1k0|sm1fl1HE1fr1;MAC-10|Glock-18|a1h1k0|sm1fl2HE0fr1
t,1400,MP7,4450,OBSERVED,4,49.6,0,family,700,900,1200,,5850,4950,5550,MAC-10:49%;Galil AR:17%;MP7:12%,1.0,1.0,0.0,0.908,0.961,0.205,0.782,0.946,0.983,0.644,MAC-10|Glock-18|a1h1k0|sm1fl1HE1fr1;Galil AR|Glock-18|a1h1k0|sm1fl1HE1fr1;MAC-10|USP-S|a1h1k0|sm1fl1HE1fr1
t,1400,MP7,4500,INTERPOLATED,0,48.6,50,family,700,900,1200,,5900,5000,5600,MAC-10:49%;Galil AR:17%;AK-47:12%,1.0,1.0,0.0,0.907,0.961,0.207,0.783,0.945,0.987,0.638,MAC-10|Glock-18|a1h1k0|sm1fl1HE1fr1;Galil AR|Glock-18|a1h1k0|sm1fl1HE1fr1;MAC-10|USP-S|a1h1k0|sm1fl1HE1fr1
t,1400,MP7,4550,INTERPOLATED,0,47.6,50,family,700,900,1200,,5950,5050,5650,MAC-10:49%;Galil AR:17%;AK-47:13%,1.0,1.0,0.0,0.907,0.962,0.208,0.782,0.944,0.989,0.632,MAC-10|Glock-18|a1h1k0|sm1fl1HE1fr1;Galil AR|Glock-18|a1h1k0|sm1fl1HE1fr1;MAC-10|USP-S|a1h1k0|sm1fl1HE1fr1
t,1400,MP7,4600,OBSERVED,1,46.5,0,family,700,900,1200,,6000,5100,5700,MAC-10:48%;Galil AR:17%;AK-47:14%,1.0,1.0,0.0,0.906,0.963,0.21,0.782,0.943,0.992,0.632,MAC-10|Glock-18|a1h1k0|sm1fl1HE1fr1;Galil AR|Glock-18|a1h1k0|sm1fl1HE1fr1;MAC-10|USP-S|a1h1k0|sm1fl1HE1fr1
t,1400,MP7,4650,OBSERVED,3,45.4,0,family,700,900,1200,,6050,5150,5750,MAC-10:48%;Galil AR:17%;AK-47:15%,1.0,1.0,0.0,0.905,0.963,0.213,0.781,0.943,0.993,0.631,MAC-10|Glock-18|a1h1k0|sm1fl1HE1fr1;MAC-10|USP-S|a1h1k0|sm1fl1HE1fr1;Galil AR|Glock-18|a1h1k0|sm1fl1HE1fr1
t,1400,MP7,4700,OBSERVED,1,44.3,0,family,700,900,1200,,6100,5200,5800,MAC-10:48%;Galil AR:17%;AK-47:15%,1.0,1.0,0.0,0.905,0.964,0.216,0.78,0.943,0.994,0.629,MAC-10|Glock-18|a1h1k0|sm1fl1HE1fr1;MAC-10|USP-S|a1h1k0|sm1fl1HE1fr1;Galil AR|Glock-18|a1h1k0|sm1fl1HE1fr1
t,1400,MP7,4750,OBSERVED,3,43.3,0,family,700,900,1200,,6150,5250,5850,MAC-10:48%;Galil AR:16%;AK-47:16%,1.0,1.0,0.0,0.905,0.965,0.22,0.778,0.944,0.995,0.629,MAC-10|Glock-18|a1h1k0|sm1fl1HE1fr1;MAC-10|USP-S|a1h1k0|sm1fl1HE1fr1;Galil AR|Glock-18|a1h1k0|sm1fl1HE1fr1
t,1400,MP7,4800,OBSERVED,2,42.3,0,family,700,900,1200,,6200,5300,5900,MAC-10:48%;AK-47:17%;Galil AR:16%,1.0,1.0,0.0,0.905,0.966,0.224,0.776,0.945,0.996,0.628,MAC-10|Glock-18|a1h1k0|sm1fl1HE1fr1;MAC-10|USP-S|a1h1k0|sm1fl1HE1fr1;Galil AR|Glock-18|a1h1k0|sm1fl1HE1fr1
t,1400,MP7,4850,OBSERVED,1,41.4,0,family,700,900,1200,,6250,5350,5950,MAC-10:48%;AK-47:18%;Galil AR:16%,1.0,1.0,0.0,0.905,0.967,0.229,0.772,0.946,0.997,0.627,MAC-10|Glock-18|a1h1k0|sm1fl1HE1fr1;MAC-10|USP-S|a1h1k0|sm1fl1HE1fr1;Galil AR|Glock-18|a1h1k0|sm1fl1HE1fr1
t,1400,MP7,4900,OBSERVED,4,40.6,0,family,700,900,1200,,6300,5400,6000,MAC-10:48%;AK-47:18%;Galil AR:15%,1.0,1.0,0.0,0.905,0.968,0.234,0.769,0.948,0.997,0.629,MAC-10|Glock-18|a1h1k0|sm1fl1HE1fr1;MAC-10|USP-S|a1h1k0|sm1fl1HE1fr1;Galil AR|Glock-18|a1h1k0|sm1fl1HE1fr1
t,1400,MP7,4950,OBSERVED,1,39.9,0,family,700,900,1200,,6350,5450,6050,MAC-10:48%;AK-47:19%;Galil AR:15%,1.0,1.0,0.0,0.906,0.969,0.241,0.764,0.95,0.997,0.632,MAC-10|Glock-18|a1h1k0|sm1fl1HE1fr1;MAC-10|USP-S|a1h1k0|sm1fl1HE1fr1;AK-47|Glock-18|a1h1k0|sm1fl2HE0fr1
t,1400,MP7,5000,OBSERVED,1,39.2,0,family,700,900,1200,,6400,5500,6100,MAC-10:48%;AK-47:20%;Galil AR:14%,1.0,1.0,0.0,0.906,0.971,0.248,0.759,0.953,0.997,0.634,MAC-10|Glock-18|a1h1k0|sm1fl1HE1fr1;MAC-10|USP-S|a1h1k0|sm1fl1HE1fr1;AK-47|Glock-18|a1h1k0|sm1fl2HE0fr1
t,1400,MP7,5050,INTERPOLATED,0,38.5,50,family,700,900,1200,,6450,5550,6150,MAC-10:48%;AK-47:21%;Galil AR:14%,1.0,1.0,0.0,0.907,0.972,0.255,0.753,0.956,0.997,0.639,MAC-10|Glock-18|a1h1k0|sm1fl1HE1fr1;MAC-10|USP-S|a1h1k0|sm1fl1HE1fr1;AK-47|Glock-18|a1h1k0|sm1fl2HE0fr1
t,1400,MP7,5100,INTERPOLATED,0,37.9,100,family,700,900,1200,,6500,5600,6200,MAC-10:49%;AK-47:21%;Galil AR:14%,1.0,1.0,0.0,0.908,0.974,0.264,0.745,0.959,0.997,0.642,MAC-10|Glock-18|a1h1k0|sm1fl1HE1fr1;AK-47|Glock-18|a1h1k0|sm1fl2HE0fr1;MAC-10|USP-S|a1h1k0|sm1fl1HE1fr1
t,1400,MP7,5150,INTERPOLATED,0,37.2,50,family,700,900,1200,,6550,5650,6250,MAC-10:49%;AK-47:22%;Galil AR:13%,1.0,1.0,0.0,0.908,0.976,0.273,0.738,0.962,0.997,0.644,MAC-10|Glock-18|a1h1k0|sm1fl1HE1fr1;AK-47|Glock-18|a1h1k0|sm1fl2HE0fr1;MAC-10|USP-S|a1h1k0|sm1fl1HE1fr1
t,1400,MP7,5200,OBSERVED,2,36.5,0,family,700,900,1200,,6600,5700,6300,MAC-10:49%;AK-47:23%;Galil AR:13%,1.0,1.0,0.0,0.908,0.977,0.283,0.729,0.965,0.996,0.648,MAC-10|Glock-18|a1h1k0|sm1fl1HE1fr1;AK-47|Glock-18|a1h1k0|sm1fl2HE0fr1;MAC-10|USP-S|a1h1k0|sm1fl1HE1fr1
t,1400,MP7,5250,OBSERVED,1,35.7,0,family,700,900,1200,,6650,5750,6350,MAC-10:49%;AK-47:24%;Galil AR:12%,1.0,1.0,0.0,0.908,0.979,0.293,0.719,0.968,0.996,0.656,MAC-10|Glock-18|a1h1k0|sm1fl1HE1fr1;AK-47|Glock-18|a1h1k0|sm1fl2HE0fr1;MAC-10|USP-S|a1h1k0|sm1fl1HE1fr1
t,1400,MP7,5300,INTERPOLATED,0,34.8,50,family,700,900,1200,,6700,5800,6400,MAC-10:50%;AK-47:24%;Galil AR:12%,1.0,1.0,0.0,0.908,0.981,0.304,0.709,0.971,0.995,0.665,MAC-10|Glock-18|a1h1k0|sm1fl1HE1fr1;AK-47|Glock-18|a1h1k0|sm1fl2HE0fr1;MAC-10|USP-S|a1h1k0|sm1fl1HE1fr1
t,1400,MP7,5350,INTERPOLATED,0,33.8,100,family,700,900,1200,,6750,5850,6450,MAC-10:50%;AK-47:25%;Galil AR:12%,1.0,1.0,0.0,0.907,0.983,0.315,0.698,0.974,0.994,0.677,MAC-10|Glock-18|a1h1k0|sm1fl1HE1fr1;AK-47|Glock-18|a1h1k0|sm1fl2HE0fr1;MAC-10|USP-S|a1h1k0|sm1fl1HE1fr1
t,1400,MP7,5400,INTERPOLATED,0,32.8,100,family,700,900,1200,,6800,5900,6500,MAC-10:50%;AK-47:25%;Galil AR:12%,1.0,1.0,0.0,0.906,0.985,0.326,0.687,0.977,0.993,0.686,MAC-10|Glock-18|a1h1k0|sm1fl1HE1fr1;AK-47|Glock-18|a1h1k0|sm1fl2HE0fr1;MAC-10|Desert Eagle|a1h1k0|sm1fl2HE0fr1
t,1400,MP7,5450,INTERPOLATED,0,31.7,50,family,700,900,1100,,6850,5950,6550,MAC-10:50%;AK-47:26%;Galil AR:12%,1.0,1.0,0.0,0.903,0.987,0.337,0.675,0.98,0.992,0.694,MAC-10|Glock-18|a1h1k0|sm1fl1HE1fr1;AK-47|Glock-18|a1h1k0|sm1fl2HE0fr1;MAC-10|Desert Eagle|a1h1k0|sm1fl2HE0fr1
t,1400,MP7,5500,OBSERVED,1,30.6,0,family,700,800,1100,,6900,6100,6700,MAC-10:50%;AK-47:26%;Galil AR:12%,1.0,1.0,0.0,0.901,0.988,0.349,0.664,0.983,0.991,0.705,MAC-10|Glock-18|a1h1k0|sm1fl1HE1fr1;AK-47|Glock-18|a1h1k0|sm1fl2HE0fr1;MAC-10|Desert Eagle|a1h1k0|sm1fl2HE0fr1
t,1400,MP7,5550,OBSERVED,3,29.6,0,family,700,800,1100,,6950,6150,6750,MAC-10:51%;AK-47:26%;Galil AR:12%,1.0,1.0,0.0,0.897,0.99,0.359,0.652,0.985,0.99,0.712,MAC-10|Glock-18|a1h1k0|sm1fl1HE1fr1;AK-47|Glock-18|a1h1k0|sm1fl2HE0fr1;MAC-10|Desert Eagle|a1h1k0|sm1fl2HE0fr1
t,1400,MP7,5600,OBSERVED,2,28.5,0,family,700,800,1100,,7000,6200,6800,MAC-10:51%;AK-47:27%;Galil AR:12%,1.0,1.0,0.0,0.893,0.991,0.37,0.641,0.988,0.989,0.72,MAC-10|Glock-18|a1h1k0|sm1fl1HE1fr1;AK-47|Glock-18|a1h1k0|sm1fl2HE0fr1;MAC-10|Desert Eagle|a1h1k0|sm1fl2HE0fr1
t,1400,MP7,5650,INTERPOLATED,0,27.5,50,family,700,800,1100,,7050,6250,6850,MAC-10:51%;AK-47:27%;Galil AR:13%,1.0,1.0,0.0,0.888,0.993,0.38,0.631,0.99,0.988,0.727,MAC-10|Glock-18|a1h1k0|sm1fl1HE1fr1;AK-47|Glock-18|a1h1k0|sm1fl2HE0fr1;MAC-10|Desert Eagle|a1h1k0|sm1fl2HE0fr1
t,1400,MP7,5700,INTERPOLATED,0,26.6,50,family,700,800,1100,,7100,6300,6900,MAC-10:50%;AK-47:26%;Galil AR:13%,1.0,1.0,0.0,0.882,0.994,0.389,0.62,0.991,0.987,0.737,MAC-10|Glock-18|a1h1k0|sm1fl1HE1fr1;AK-47|Glock-18|a1h1k0|sm1fl2HE0fr1;MAC-10|Desert Eagle|a1h1k0|sm1fl2HE0fr1
t,1400,MP7,5750,OBSERVED,1,25.8,0,family,700,800,1100,,7150,6350,6950,MAC-10:50%;AK-47:26%;Galil AR:14%,1.0,1.0,0.0,0.876,0.995,0.397,0.611,0.993,0.987,0.746,MAC-10|Glock-18|a1h1k0|sm1fl1HE1fr1;AK-47|Glock-18|a1h1k0|sm1fl2HE0fr1;MAC-10|Desert Eagle|a1h1k0|sm1fl2HE0fr1
t,1400,MP7,5800,INTERPOLATED,0,25.0,50,family,700,700,1100,,7200,6500,7100,MAC-10:50%;AK-47:25%;Galil AR:14%,1.0,1.0,0.0,0.869,0.996,0.405,0.603,0.994,0.986,0.758,MAC-10|Glock-18|a1h1k0|sm1fl1HE1fr1;AK-47|Glock-18|a1h1k0|sm1fl2HE0fr1;MAC-10|Desert Eagle|a1h1k0|sm1fl2HE0fr1
t,1400,MP7,5850,OBSERVED,1,24.2,0,family,700,700,1100,,7250,6550,7150,MAC-10:50%;AK-47:25%;Galil AR:15%,1.0,1.0,0.0,0.862,0.997,0.411,0.595,0.995,0.987,0.767,MAC-10|Glock-18|a1h1k0|sm1fl1HE1fr1;AK-47|Glock-18|a1h1k0|sm1fl2HE0fr1;MAC-10|Desert Eagle|a1h1k0|sm1fl2HE0fr1
t,1400,MP7,5900,INTERPOLATED,0,23.5,50,family,700,700,1100,,7300,6600,7200,MAC-10:49%;AK-47:24%;Galil AR:16%,1.0,1.0,0.0,0.854,0.997,0.417,0.589,0.996,0.987,0.772,MAC-10|Glock-18|a1h1k0|sm1fl1HE1fr1;MAC-10|Desert Eagle|a1h1k0|sm1fl2HE0fr1;AK-47|Glock-18|a1h1k0|sm1fl2HE0fr1
t,1400,MP7,5950,OBSERVED,1,22.8,0,family,700,700,1100,,7350,6650,7250,MAC-10:49%;AK-47:23%;Galil AR:17%,1.0,1.0,0.0,0.847,0.998,0.422,0.583,0.997,0.988,0.776,MAC-10|Glock-18|a1h1k0|sm1fl1HE1fr1;MAC-10|Desert Eagle|a1h1k0|sm1fl2HE0fr1;AK-47|Glock-18|a1h1k0|sm1fl2HE0fr1
t,1400,MP7,6000,INTERPOLATED,0,22.0,50,family,700,700,1100,,7400,6700,7300,MAC-10:48%;AK-47:22%;Galil AR:17%,1.0,1.0,0.0,0.839,0.998,0.425,0.579,0.998,0.99,0.781,MAC-10|Glock-18|a1h1k0|sm1fl1HE1fr1;MAC-10|Desert Eagle|a1h1k0|sm1fl2HE0fr1;AK-47|Glock-18|a1h1k0|sm1fl2HE0fr1
t,1400,MP9,3300,OBSERVED,1,31.3,0,family,400,800,900,,4700,3900,4500,MAC-10:63%;MP7:13%;Galil AR:12%,1.0,1.0,0.0,0.835,0.926,0.205,0.755,0.996,0.776,0.78,MAC-10|Glock-18|a1h1k0|sm1fl1HE1fr1;MAC-10|Glock-18|a1h1k0|sm1fl2HE0fr1;Galil AR|Glock-18|a1h1k0|sm1fl1HE1fr1
t,1400,MP9,3350,OBSERVED,2,32.5,0,family,600,800,1000,,4750,3950,4550,MAC-10:62%;MP7:13%;Galil AR:12%,1.0,1.0,0.0,0.841,0.927,0.205,0.755,0.995,0.785,0.77,MAC-10|Glock-18|a1h1k0|sm1fl1HE1fr1;MAC-10|Glock-18|a1h1k0|sm1fl2HE0fr1;Galil AR|Glock-18|a1h1k0|sm1fl1HE1fr1
t,1400,MP9,3400,OBSERVED,2,33.8,0,family,600,800,1000,,4800,4000,4600,MAC-10:62%;MP7:13%;Galil AR:12%,1.0,1.0,0.0,0.847,0.928,0.206,0.755,0.994,0.795,0.759,MAC-10|Glock-18|a1h1k0|sm1fl1HE1fr1;MAC-10|Glock-18|a1h1k0|sm1fl2HE0fr1;Galil AR|Glock-18|a1h1k0|sm1fl1HE1fr1
t,1400,MP9,3450,OBSERVED,1,35.1,0,family,600,800,1000,,4850,4050,4650,MAC-10:62%;MP7:13%;Galil AR:12%,1.0,1.0,0.0,0.852,0.93,0.207,0.755,0.993,0.805,0.749,MAC-10|Glock-18|a1h1k0|sm1fl1HE1fr1;MAC-10|Glock-18|a1h1k0|sm1fl2HE0fr1;Galil AR|Glock-18|a1h1k0|sm1fl1HE1fr1
t,1400,MP9,3500,OBSERVED,1,36.5,0,family,600,800,1000,,4900,4100,4700,MAC-10:62%;Galil AR:13%;MP7:12%,1.0,1.0,0.0,0.858,0.931,0.207,0.756,0.992,0.814,0.742,MAC-10|Glock-18|a1h1k0|sm1fl1HE1fr1;MAC-10|Glock-18|a1h1k0|sm1fl2HE0fr1;Galil AR|Glock-18|a1h1k0|sm1fl1HE1fr1
t,1400,MP9,3550,OBSERVED,3,37.9,0,family,600,800,1000,,4950,4150,4750,MAC-10:61%;Galil AR:13%;MP7:12%,1.0,1.0,0.0,0.863,0.933,0.208,0.757,0.991,0.825,0.736,MAC-10|Glock-18|a1h1k0|sm1fl1HE1fr1;MAC-10|Glock-18|a1h1k0|sm1fl2HE0fr1;Galil AR|Glock-18|a1h1k0|sm1fl1HE1fr1
t,1400,MP9,3600,OBSERVED,2,39.3,0,family,700,900,1100,,5000,4100,4700,MAC-10:60%;Galil AR:13%;MP7:12%,1.0,1.0,0.0,0.87,0.935,0.205,0.761,0.989,0.836,0.721,MAC-10|Glock-18|a1h1k0|sm1fl1HE1fr1;MAC-10|Glock-18|a1h1k0|sm1fl2HE0fr1;Galil AR|Glock-18|a1h1k0|sm1fl1HE1fr1
t,1400,MP9,3650,OBSERVED,3,40.8,0,family,700,900,1100,,5050,4150,4750,MAC-10:60%;Galil AR:13%;MP7:12%,1.0,1.0,0.0,0.875,0.937,0.205,0.762,0.988,0.847,0.717,MAC-10|Glock-18|a1h1k0|sm1fl1HE1fr1;MAC-10|Glock-18|a1h1k0|sm1fl2HE0fr1;Galil AR|Glock-18|a1h1k0|sm1fl1HE1fr1
t,1400,MP9,3700,OBSERVED,4,42.2,0,family,700,900,1100,,5100,4200,4800,MAC-10:59%;Galil AR:14%;MP7:11%,1.0,1.0,0.0,0.88,0.939,0.205,0.764,0.986,0.858,0.712,MAC-10|Glock-18|a1h1k0|sm1fl1HE1fr1;MAC-10|Glock-18|a1h1k0|sm1fl2HE0fr1;Galil AR|Glock-18|a1h1k0|sm1fl1HE1fr1
t,1400,MP9,3750,INTERPOLATED,0,43.6,50,family,700,900,1100,,5150,4250,4850,MAC-10:58%;Galil AR:14%;MP7:11%,1.0,1.0,0.0,0.885,0.941,0.205,0.765,0.984,0.869,0.706,MAC-10|Glock-18|a1h1k0|sm1fl1HE1fr1;MAC-10|Glock-18|a1h1k0|sm1fl2HE0fr1;Galil AR|Glock-18|a1h1k0|sm1fl1HE1fr1
t,1400,MP9,3800,OBSERVED,1,44.9,0,family,700,900,1100,,5200,4300,4900,MAC-10:58%;Galil AR:14%;MP7:11%,1.0,1.0,0.0,0.889,0.943,0.204,0.766,0.981,0.88,0.702,MAC-10|Glock-18|a1h1k0|sm1fl1HE1fr1;MAC-10|Glock-18|a1h1k0|sm1fl2HE0fr1;Galil AR|Glock-18|a1h1k0|sm1fl1HE1fr1
t,1400,MP9,3850,OBSERVED,1,46.2,0,family,700,900,1100,,5250,4350,4950,MAC-10:57%;Galil AR:15%;MP7:11%,1.0,1.0,0.0,0.893,0.945,0.204,0.768,0.979,0.891,0.698,MAC-10|Glock-18|a1h1k0|sm1fl1HE1fr1;MAC-10|Glock-18|a1h1k0|sm1fl2HE0fr1;Galil AR|Glock-18|a1h1k0|sm1fl1HE1fr1
t,1400,MP9,3900,OBSERVED,3,47.4,0,family,700,900,1200,,5300,4400,5000,MAC-10:57%;Galil AR:15%;MP7:11%,1.0,1.0,0.0,0.897,0.946,0.204,0.77,0.976,0.902,0.693,MAC-10|Glock-18|a1h1k0|sm1fl1HE1fr1;MAC-10|Glock-18|a1h1k0|sm1fl2HE0fr1;Galil AR|Glock-18|a1h1k0|sm1fl1HE1fr1
t,1400,MP9,3950,OBSERVED,2,48.5,0,family,700,900,1200,,5350,4450,5050,MAC-10:56%;Galil AR:15%;MP7:11%,1.0,1.0,0.0,0.9,0.948,0.204,0.771,0.974,0.913,0.69,MAC-10|Glock-18|a1h1k0|sm1fl1HE1fr1;MAC-10|Glock-18|a1h1k0|sm1fl2HE0fr1;Galil AR|Glock-18|a1h1k0|sm1fl1HE1fr1
t,1400,MP9,4000,INTERPOLATED,0,49.5,50,family,700,900,1200,,5400,4500,5100,MAC-10:55%;Galil AR:16%;MP7:11%,1.0,1.0,0.0,0.902,0.95,0.203,0.773,0.971,0.923,0.685,MAC-10|Glock-18|a1h1k0|sm1fl1HE1fr1;MAC-10|Glock-18|a1h1k0|sm1fl2HE0fr1;Galil AR|Glock-18|a1h1k0|sm1fl1HE1fr1
t,1400,MP9,4050,OBSERVED,2,50.3,0,family,700,900,1200,,5450,4550,5150,MAC-10:55%;Galil AR:16%;MP7:11%,1.0,1.0,0.0,0.905,0.952,0.203,0.774,0.968,0.932,0.678,MAC-10|Glock-18|a1h1k0|sm1fl1HE1fr1;MAC-10|Glock-18|a1h1k0|sm1fl2HE0fr1;Galil AR|Glock-18|a1h1k0|sm1fl1HE1fr1
t,1400,MP9,4100,OBSERVED,1,51.0,0,family,700,900,1200,,5500,4600,5200,MAC-10:54%;Galil AR:16%;MP7:11%,1.0,1.0,0.0,0.906,0.953,0.203,0.776,0.965,0.941,0.675,MAC-10|Glock-18|a1h1k0|sm1fl1HE1fr1;MAC-10|Glock-18|a1h1k0|sm1fl2HE0fr1;Galil AR|Glock-18|a1h1k0|sm1fl1HE1fr1
t,1400,MP9,4150,OBSERVED,1,51.4,0,family,700,900,1200,,5550,4650,5250,MAC-10:53%;Galil AR:17%;MP7:11%,1.0,1.0,0.0,0.908,0.955,0.203,0.777,0.962,0.949,0.671,MAC-10|Glock-18|a1h1k0|sm1fl1HE1fr1;MAC-10|Glock-18|a1h1k0|sm1fl2HE0fr1;Galil AR|Glock-18|a1h1k0|sm1fl1HE1fr1
t,1400,MP9,4200,OBSERVED,4,51.6,0,family,700,900,1200,,5600,4700,5300,MAC-10:52%;Galil AR:17%;MP7:11%,1.0,1.0,0.0,0.909,0.956,0.203,0.778,0.959,0.957,0.668,MAC-10|Glock-18|a1h1k0|sm1fl1HE1fr1;MAC-10|Glock-18|a1h1k0|sm1fl2HE0fr1;Galil AR|Glock-18|a1h1k0|sm1fl1HE1fr1
t,1400,MP9,4250,OBSERVED,3,51.6,0,family,700,900,1200,,5650,4750,5350,MAC-10:52%;Galil AR:17%;MP7:11%,1.0,1.0,0.0,0.909,0.957,0.203,0.779,0.956,0.963,0.666,MAC-10|Glock-18|a1h1k0|sm1fl1HE1fr1;MAC-10|Glock-18|a1h1k0|sm1fl2HE0fr1;Galil AR|Glock-18|a1h1k0|sm1fl1HE1fr1
t,1400,MP9,4300,INTERPOLATED,0,51.4,50,family,700,900,1200,,5700,4800,5400,MAC-10:51%;Galil AR:17%;MP7:12%,1.0,1.0,0.0,0.909,0.958,0.203,0.78,0.953,0.97,0.662,MAC-10|Glock-18|a1h1k0|sm1fl1HE1fr1;MAC-10|Glock-18|a1h1k0|sm1fl2HE0fr1;Galil AR|Glock-18|a1h1k0|sm1fl1HE1fr1
t,1400,MP9,4350,INTERPOLATED,0,51.0,100,family,700,900,1200,,5750,4850,5450,MAC-10:50%;Galil AR:17%;MP7:12%,1.0,1.0,0.0,0.909,0.959,0.204,0.781,0.95,0.975,0.656,MAC-10|Glock-18|a1h1k0|sm1fl1HE1fr1;Galil AR|Glock-18|a1h1k0|sm1fl1HE1fr1;MAC-10|Glock-18|a1h1k0|sm1fl2HE0fr1
t,1400,MP9,4400,INTERPOLATED,0,50.4,50,family,700,900,1200,,5800,4900,5500,MAC-10:50%;Galil AR:17%;MP7:12%,1.0,1.0,0.0,0.909,0.96,0.204,0.782,0.948,0.98,0.649,MAC-10|Glock-18|a1h1k0|sm1fl1HE1fr1;Galil AR|Glock-18|a1h1k0|sm1fl1HE1fr1;MAC-10|Glock-18|a1h1k0|sm1fl2HE0fr1
t,1400,MP9,4450,OBSERVED,4,49.6,0,family,700,900,1200,,5850,4950,5550,MAC-10:49%;Galil AR:17%;MP7:12%,1.0,1.0,0.0,0.908,0.961,0.205,0.782,0.946,0.983,0.644,MAC-10|Glock-18|a1h1k0|sm1fl1HE1fr1;Galil AR|Glock-18|a1h1k0|sm1fl1HE1fr1;MAC-10|USP-S|a1h1k0|sm1fl1HE1fr1
t,1400,MP9,4500,INTERPOLATED,0,48.6,50,family,700,900,1200,,5900,5000,5600,MAC-10:49%;Galil AR:17%;AK-47:12%,1.0,1.0,0.0,0.907,0.961,0.207,0.783,0.945,0.987,0.638,MAC-10|Glock-18|a1h1k0|sm1fl1HE1fr1;Galil AR|Glock-18|a1h1k0|sm1fl1HE1fr1;MAC-10|USP-S|a1h1k0|sm1fl1HE1fr1
t,1400,MP9,4550,INTERPOLATED,0,47.6,50,family,700,900,1200,,5950,5050,5650,MAC-10:49%;Galil AR:17%;AK-47:13%,1.0,1.0,0.0,0.907,0.962,0.208,0.782,0.944,0.989,0.632,MAC-10|Glock-18|a1h1k0|sm1fl1HE1fr1;Galil AR|Glock-18|a1h1k0|sm1fl1HE1fr1;MAC-10|USP-S|a1h1k0|sm1fl1HE1fr1
t,1400,MP9,4600,OBSERVED,1,46.5,0,family,700,900,1200,,6000,5100,5700,MAC-10:48%;Galil AR:17%;AK-47:14%,1.0,1.0,0.0,0.906,0.963,0.21,0.782,0.943,0.992,0.632,MAC-10|Glock-18|a1h1k0|sm1fl1HE1fr1;Galil AR|Glock-18|a1h1k0|sm1fl1HE1fr1;MAC-10|USP-S|a1h1k0|sm1fl1HE1fr1
t,1400,MP9,4650,OBSERVED,3,45.4,0,family,700,900,1200,,6050,5150,5750,MAC-10:48%;Galil AR:17%;AK-47:15%,1.0,1.0,0.0,0.905,0.963,0.213,0.781,0.943,0.993,0.631,MAC-10|Glock-18|a1h1k0|sm1fl1HE1fr1;MAC-10|USP-S|a1h1k0|sm1fl1HE1fr1;Galil AR|Glock-18|a1h1k0|sm1fl1HE1fr1
t,1400,MP9,4700,OBSERVED,1,44.3,0,family,700,900,1200,,6100,5200,5800,MAC-10:48%;Galil AR:17%;AK-47:15%,1.0,1.0,0.0,0.905,0.964,0.216,0.78,0.943,0.994,0.629,MAC-10|Glock-18|a1h1k0|sm1fl1HE1fr1;MAC-10|USP-S|a1h1k0|sm1fl1HE1fr1;Galil AR|Glock-18|a1h1k0|sm1fl1HE1fr1
t,1400,MP9,4750,OBSERVED,3,43.3,0,family,700,900,1200,,6150,5250,5850,MAC-10:48%;Galil AR:16%;AK-47:16%,1.0,1.0,0.0,0.905,0.965,0.22,0.778,0.944,0.995,0.629,MAC-10|Glock-18|a1h1k0|sm1fl1HE1fr1;MAC-10|USP-S|a1h1k0|sm1fl1HE1fr1;Galil AR|Glock-18|a1h1k0|sm1fl1HE1fr1
t,1400,MP9,4800,OBSERVED,2,42.3,0,family,700,900,1200,,6200,5300,5900,MAC-10:48%;AK-47:17%;Galil AR:16%,1.0,1.0,0.0,0.905,0.966,0.224,0.776,0.945,0.996,0.628,MAC-10|Glock-18|a1h1k0|sm1fl1HE1fr1;MAC-10|USP-S|a1h1k0|sm1fl1HE1fr1;Galil AR|Glock-18|a1h1k0|sm1fl1HE1fr1
t,1400,MP9,4850,OBSERVED,1,41.4,0,family,700,900,1200,,6250,5350,5950,MAC-10:48%;AK-47:18%;Galil AR:16%,1.0,1.0,0.0,0.905,0.967,0.229,0.772,0.946,0.997,0.627,MAC-10|Glock-18|a1h1k0|sm1fl1HE1fr1;MAC-10|USP-S|a1h1k0|sm1fl1HE1fr1;Galil AR|Glock-18|a1h1k0|sm1fl1HE1fr1
t,1400,MP9,4900,OBSERVED,4,40.6,0,family,700,900,1200,,6300,5400,6000,MAC-10:48%;AK-47:18%;Galil AR:15%,1.0,1.0,0.0,0.905,0.968,0.234,0.769,0.948,0.997,0.629,MAC-10|Glock-18|a1h1k0|sm1fl1HE1fr1;MAC-10|USP-S|a1h1k0|sm1fl1HE1fr1;Galil AR|Glock-18|a1h1k0|sm1fl1HE1fr1
t,1400,MP9,4950,OBSERVED,1,39.9,0,family,700,900,1200,,6350,5450,6050,MAC-10:48%;AK-47:19%;Galil AR:15%,1.0,1.0,0.0,0.906,0.969,0.241,0.764,0.95,0.997,0.632,MAC-10|Glock-18|a1h1k0|sm1fl1HE1fr1;MAC-10|USP-S|a1h1k0|sm1fl1HE1fr1;AK-47|Glock-18|a1h1k0|sm1fl2HE0fr1
t,1400,MP9,5000,OBSERVED,1,39.2,0,family,700,900,1200,,6400,5500,6100,MAC-10:48%;AK-47:20%;Galil AR:14%,1.0,1.0,0.0,0.906,0.971,0.248,0.759,0.953,0.997,0.634,MAC-10|Glock-18|a1h1k0|sm1fl1HE1fr1;MAC-10|USP-S|a1h1k0|sm1fl1HE1fr1;AK-47|Glock-18|a1h1k0|sm1fl2HE0fr1
t,1400,MP9,5050,INTERPOLATED,0,38.5,50,family,700,900,1200,,6450,5550,6150,MAC-10:48%;AK-47:21%;Galil AR:14%,1.0,1.0,0.0,0.907,0.972,0.255,0.753,0.956,0.997,0.639,MAC-10|Glock-18|a1h1k0|sm1fl1HE1fr1;MAC-10|USP-S|a1h1k0|sm1fl1HE1fr1;AK-47|Glock-18|a1h1k0|sm1fl2HE0fr1
t,1400,MP9,5100,INTERPOLATED,0,37.9,100,family,700,900,1200,,6500,5600,6200,MAC-10:49%;AK-47:21%;Galil AR:14%,1.0,1.0,0.0,0.908,0.974,0.264,0.745,0.959,0.997,0.642,MAC-10|Glock-18|a1h1k0|sm1fl1HE1fr1;AK-47|Glock-18|a1h1k0|sm1fl2HE0fr1;MAC-10|USP-S|a1h1k0|sm1fl1HE1fr1
t,1400,MP9,5150,INTERPOLATED,0,37.2,50,family,700,900,1200,,6550,5650,6250,MAC-10:49%;AK-47:22%;Galil AR:13%,1.0,1.0,0.0,0.908,0.976,0.273,0.738,0.962,0.997,0.644,MAC-10|Glock-18|a1h1k0|sm1fl1HE1fr1;AK-47|Glock-18|a1h1k0|sm1fl2HE0fr1;MAC-10|USP-S|a1h1k0|sm1fl1HE1fr1
t,1400,MP9,5200,OBSERVED,2,36.5,0,family,700,900,1200,,6600,5700,6300,MAC-10:49%;AK-47:23%;Galil AR:13%,1.0,1.0,0.0,0.908,0.977,0.283,0.729,0.965,0.996,0.648,MAC-10|Glock-18|a1h1k0|sm1fl1HE1fr1;AK-47|Glock-18|a1h1k0|sm1fl2HE0fr1;MAC-10|USP-S|a1h1k0|sm1fl1HE1fr1
t,1400,MP9,5250,OBSERVED,1,35.7,0,family,700,900,1200,,6650,5750,6350,MAC-10:49%;AK-47:24%;Galil AR:12%,1.0,1.0,0.0,0.908,0.979,0.293,0.719,0.968,0.996,0.656,MAC-10|Glock-18|a1h1k0|sm1fl1HE1fr1;AK-47|Glock-18|a1h1k0|sm1fl2HE0fr1;MAC-10|USP-S|a1h1k0|sm1fl1HE1fr1
t,1400,MP9,5300,INTERPOLATED,0,34.8,50,family,700,900,1200,,6700,5800,6400,MAC-10:50%;AK-47:24%;Galil AR:12%,1.0,1.0,0.0,0.908,0.981,0.304,0.709,0.971,0.995,0.665,MAC-10|Glock-18|a1h1k0|sm1fl1HE1fr1;AK-47|Glock-18|a1h1k0|sm1fl2HE0fr1;MAC-10|USP-S|a1h1k0|sm1fl1HE1fr1
t,1400,MP9,5350,INTERPOLATED,0,33.8,100,family,700,900,1200,,6750,5850,6450,MAC-10:50%;AK-47:25%;Galil AR:12%,1.0,1.0,0.0,0.907,0.983,0.315,0.698,0.974,0.994,0.677,MAC-10|Glock-18|a1h1k0|sm1fl1HE1fr1;AK-47|Glock-18|a1h1k0|sm1fl2HE0fr1;MAC-10|USP-S|a1h1k0|sm1fl1HE1fr1
t,1400,MP9,5400,INTERPOLATED,0,32.8,100,family,700,900,1200,,6800,5900,6500,MAC-10:50%;AK-47:25%;Galil AR:12%,1.0,1.0,0.0,0.906,0.985,0.326,0.687,0.977,0.993,0.686,MAC-10|Glock-18|a1h1k0|sm1fl1HE1fr1;AK-47|Glock-18|a1h1k0|sm1fl2HE0fr1;MAC-10|Desert Eagle|a1h1k0|sm1fl2HE0fr1
t,1400,MP9,5450,INTERPOLATED,0,31.7,50,family,700,900,1100,,6850,5950,6550,MAC-10:50%;AK-47:26%;Galil AR:12%,1.0,1.0,0.0,0.903,0.987,0.337,0.675,0.98,0.992,0.694,MAC-10|Glock-18|a1h1k0|sm1fl1HE1fr1;AK-47|Glock-18|a1h1k0|sm1fl2HE0fr1;MAC-10|Desert Eagle|a1h1k0|sm1fl2HE0fr1
t,1400,MP9,5500,OBSERVED,1,30.6,0,family,700,800,1100,,6900,6100,6700,MAC-10:50%;AK-47:26%;Galil AR:12%,1.0,1.0,0.0,0.901,0.988,0.349,0.664,0.983,0.991,0.705,MAC-10|Glock-18|a1h1k0|sm1fl1HE1fr1;AK-47|Glock-18|a1h1k0|sm1fl2HE0fr1;MAC-10|Desert Eagle|a1h1k0|sm1fl2HE0fr1
t,1400,MP9,5550,OBSERVED,3,29.6,0,family,700,800,1100,,6950,6150,6750,MAC-10:51%;AK-47:26%;Galil AR:12%,1.0,1.0,0.0,0.897,0.99,0.359,0.652,0.985,0.99,0.712,MAC-10|Glock-18|a1h1k0|sm1fl1HE1fr1;AK-47|Glock-18|a1h1k0|sm1fl2HE0fr1;MAC-10|Desert Eagle|a1h1k0|sm1fl2HE0fr1
t,1400,MP9,5600,OBSERVED,2,28.5,0,family,700,800,1100,,7000,6200,6800,MAC-10:51%;AK-47:27%;Galil AR:12%,1.0,1.0,0.0,0.893,0.991,0.37,0.641,0.988,0.989,0.72,MAC-10|Glock-18|a1h1k0|sm1fl1HE1fr1;AK-47|Glock-18|a1h1k0|sm1fl2HE0fr1;MAC-10|Desert Eagle|a1h1k0|sm1fl2HE0fr1
t,1400,MP9,5650,INTERPOLATED,0,27.5,50,family,700,800,1100,,7050,6250,6850,MAC-10:51%;AK-47:27%;Galil AR:13%,1.0,1.0,0.0,0.888,0.993,0.38,0.631,0.99,0.988,0.727,MAC-10|Glock-18|a1h1k0|sm1fl1HE1fr1;AK-47|Glock-18|a1h1k0|sm1fl2HE0fr1;MAC-10|Desert Eagle|a1h1k0|sm1fl2HE0fr1
t,1400,MP9,5700,INTERPOLATED,0,26.6,50,family,700,800,1100,,7100,6300,6900,MAC-10:50%;AK-47:26%;Galil AR:13%,1.0,1.0,0.0,0.882,0.994,0.389,0.62,0.991,0.987,0.737,MAC-10|Glock-18|a1h1k0|sm1fl1HE1fr1;AK-47|Glock-18|a1h1k0|sm1fl2HE0fr1;MAC-10|Desert Eagle|a1h1k0|sm1fl2HE0fr1
t,1400,MP9,5750,OBSERVED,1,25.8,0,family,700,800,1100,,7150,6350,6950,MAC-10:50%;AK-47:26%;Galil AR:14%,1.0,1.0,0.0,0.876,0.995,0.397,0.611,0.993,0.987,0.746,MAC-10|Glock-18|a1h1k0|sm1fl1HE1fr1;AK-47|Glock-18|a1h1k0|sm1fl2HE0fr1;MAC-10|Desert Eagle|a1h1k0|sm1fl2HE0fr1
t,1400,MP9,5800,INTERPOLATED,0,25.0,50,family,700,700,1100,,7200,6500,7100,MAC-10:50%;AK-47:25%;Galil AR:14%,1.0,1.0,0.0,0.869,0.996,0.405,0.603,0.994,0.986,0.758,MAC-10|Glock-18|a1h1k0|sm1fl1HE1fr1;AK-47|Glock-18|a1h1k0|sm1fl2HE0fr1;MAC-10|Desert Eagle|a1h1k0|sm1fl2HE0fr1
t,1400,MP9,5850,OBSERVED,1,24.2,0,family,700,700,1100,,7250,6550,7150,MAC-10:50%;AK-47:25%;Galil AR:15%,1.0,1.0,0.0,0.862,0.997,0.411,0.595,0.995,0.987,0.767,MAC-10|Glock-18|a1h1k0|sm1fl1HE1fr1;AK-47|Glock-18|a1h1k0|sm1fl2HE0fr1;MAC-10|Desert Eagle|a1h1k0|sm1fl2HE0fr1
t,1400,MP9,5900,INTERPOLATED,0,23.5,50,family,700,700,1100,,7300,6600,7200,MAC-10:49%;AK-47:24%;Galil AR:16%,1.0,1.0,0.0,0.854,0.997,0.417,0.589,0.996,0.987,0.772,MAC-10|Glock-18|a1h1k0|sm1fl1HE1fr1;MAC-10|Desert Eagle|a1h1k0|sm1fl2HE0fr1;AK-47|Glock-18|a1h1k0|sm1fl2HE0fr1
t,1400,MP9,5950,OBSERVED,1,22.8,0,family,700,700,1100,,7350,6650,7250,MAC-10:49%;AK-47:23%;Galil AR:17%,1.0,1.0,0.0,0.847,0.998,0.422,0.583,0.997,0.988,0.776,MAC-10|Glock-18|a1h1k0|sm1fl1HE1fr1;MAC-10|Desert Eagle|a1h1k0|sm1fl2HE0fr1;AK-47|Glock-18|a1h1k0|sm1fl2HE0fr1
t,1400,MP9,6000,INTERPOLATED,0,22.0,50,family,700,700,1100,,7400,6700,7300,MAC-10:48%;AK-47:22%;Galil AR:17%,1.0,1.0,0.0,0.839,0.998,0.425,0.579,0.998,0.99,0.781,MAC-10|Glock-18|a1h1k0|sm1fl1HE1fr1;MAC-10|Desert Eagle|a1h1k0|sm1fl2HE0fr1;AK-47|Glock-18|a1h1k0|sm1fl2HE0fr1
t,1400,SSG 08,3250,OBSERVED,1,57.7,0,family,700,1100,1250,,4650,3550,4150,AWP:85%;AK-47:5%;SSG 08:4%,1.0,0.961,0.0,0.958,1.0,0.876,0.103,1.0,-0.0,0.918,AWP|Glock-18|a1h1k0|sm1fl2HE0fr1;AK-47|Glock-18|a1h1k0|sm1fl2HE0fr1;M4A4|Glock-18|a1h1k0|sm1fl2HE0fr1
t,1400,SSG 08,3300,INTERPOLATED,0,58.8,50,family,700,1100,1250,,4700,3600,4200,AWP:85%;AK-47:5%;SSG 08:4%,1.0,0.962,0.0,0.958,1.0,0.875,0.104,1.0,-0.0,0.916,AWP|Glock-18|a1h1k0|sm1fl2HE0fr1;AK-47|Glock-18|a1h1k0|sm1fl2HE0fr1;M4A4|Glock-18|a1h1k0|sm1fl2HE0fr1
t,1400,SSG 08,3350,OBSERVED,4,60.0,0,family,700,1100,1200,,4750,3650,4250,AWP:85%;AK-47:5%;SSG 08:4%,1.0,0.962,0.0,0.959,1.0,0.874,0.106,1.0,-0.0,0.914,AWP|Glock-18|a1h1k0|sm1fl2HE0fr1;AK-47|Glock-18|a1h1k0|sm1fl2HE0fr1;AWP|Glock-18|a1h0k0|sm1fl2HE0fr1
t,1400,SSG 08,3400,OBSERVED,2,61.1,0,family,700,900,1200,,4800,3900,4500,AWP:85%;AK-47:5%;SSG 08:4%,1.0,0.963,0.0,0.959,1.0,0.872,0.108,1.0,-0.0,0.913,AWP|Glock-18|a1h1k0|sm1fl2HE0fr1;AK-47|Glock-18|a1h1k0|sm1fl2HE0fr1;AWP|Glock-18|a1h0k0|sm1fl2HE0fr1
t,1400,SSG 08,3450,OBSERVED,3,62.1,0,family,700,900,1200,,4850,3950,4550,AWP:86%;AK-47:5%;SSG 08:4%,1.0,0.964,0.0,0.959,1.0,0.871,0.109,1.0,-0.0,0.911,AWP|Glock-18|a1h1k0|sm1fl2HE0fr1;AK-47|Glock-18|a1h1k0|sm1fl2HE0fr1;AWP|Glock-18|a1h0k0|sm1fl2HE0fr1
t,1400,SSG 08,3500,OBSERVED,6,63.1,0,family,700,900,1200,,4900,4000,4600,AWP:86%;AK-47:5%;SSG 08:4%,1.0,0.964,0.0,0.96,1.0,0.87,0.111,1.0,-0.0,0.909,AWP|Glock-18|a1h1k0|sm1fl2HE0fr1;AK-47|Glock-18|a1h1k0|sm1fl2HE0fr1;AWP|Glock-18|a1h1k0|sm1fl1HE1fr1
t,1400,SSG 08,3550,OBSERVED,8,64.1,0,family,700,900,1200,,4950,4050,4650,AWP:86%;AK-47:5%;SSG 08:4%,1.0,0.965,0.0,0.96,1.0,0.869,0.113,1.0,-0.0,0.907,AWP|Glock-18|a1h1k0|sm1fl2HE0fr1;AK-47|Glock-18|a1h1k0|sm1fl2HE0fr1;AWP|Glock-18|a1h1k0|sm1fl1HE1fr1
t,1400,SSG 08,3600,OBSERVED,4,65.0,0,family,700,900,1150,,5000,4100,4700,AWP:86%;AK-47:5%;SSG 08:4%,1.0,0.966,0.0,0.96,1.0,0.868,0.114,1.0,-0.0,0.905,AWP|Glock-18|a1h1k0|sm1fl2HE0fr1;AK-47|Glock-18|a1h1k0|sm1fl2HE0fr1;AWP|Glock-18|a1h1k0|sm1fl1HE1fr1
t,1400,SSG 08,3650,OBSERVED,6,65.9,0,family,700,900,1150,,5050,4150,4750,AWP:86%;AK-47:5%;SSG 08:4%,1.0,0.967,0.0,0.96,1.0,0.867,0.116,1.0,-0.0,0.903,AWP|Glock-18|a1h1k0|sm1fl2HE0fr1;AK-47|Glock-18|a1h1k0|sm1fl2HE0fr1;AWP|Glock-18|a1h1k0|sm1fl1HE1fr1
t,1400,SSG 08,3700,OBSERVED,6,66.6,0,family,700,900,1150,,5100,4200,4800,AWP:87%;AK-47:5%;SSG 08:4%,1.0,0.968,0.0,0.96,1.0,0.865,0.117,1.0,-0.0,0.901,AWP|Glock-18|a1h1k0|sm1fl2HE0fr1;AK-47|Glock-18|a1h1k0|sm1fl2HE0fr1;AWP|Glock-18|a1h1k0|sm1fl1HE1fr1
t,1400,SSG 08,3750,OBSERVED,4,67.4,0,family,700,900,1100,,5150,4250,4850,AWP:87%;AK-47:5%;SSG 08:4%,1.0,0.969,0.0,0.96,1.0,0.864,0.119,1.0,-0.0,0.898,AWP|Glock-18|a1h1k0|sm1fl2HE0fr1;AK-47|Glock-18|a1h1k0|sm1fl2HE0fr1;AWP|Glock-18|a1h1k0|sm1fl1HE1fr1
t,1400,SSG 08,3800,OBSERVED,6,68.0,0,family,700,900,1150,,5200,4300,4900,AWP:87%;AK-47:4%;SSG 08:4%,1.0,0.956,0.0,0.96,1.0,0.865,0.119,1.0,-0.0,0.898,AWP|Glock-18|a1h1k0|sm1fl2HE0fr1;AK-47|Glock-18|a1h1k0|sm1fl2HE0fr1;AWP|Glock-18|a1h0k0|sm1fl2HE0fr1
t,1400,SSG 08,3850,OBSERVED,4,68.6,0,family,700,900,1100,,5250,4350,4950,AWP:88%;AK-47:4%;SSG 08:4%,1.0,0.956,0.0,0.96,1.0,0.863,0.12,1.0,-0.0,0.895,AWP|Glock-18|a1h1k0|sm1fl2HE0fr1;AWP|Glock-18|a1h0k0|sm1fl2HE0fr1;AK-47|Glock-18|a1h1k0|sm1fl2HE0fr1
t,1400,SSG 08,3900,OBSERVED,1,69.1,0,family,700,850,1100,,5300,4450,5050,AWP:88%;AK-47:4%;SSG 08:4%,1.0,0.956,0.0,0.96,1.0,0.862,0.121,1.0,-0.0,0.893,AWP|Glock-18|a1h1k0|sm1fl2HE0fr1;AWP|Glock-18|a1h0k0|sm1fl2HE0fr1;AWP|Glock-18|a1h1k0|sm1fl1HE1fr1
t,1400,SSG 08,3950,OBSERVED,1,69.4,0,family,700,800,1100,,5350,4550,5150,AWP:88%;AK-47:4%;SSG 08:4%,1.0,0.957,0.0,0.959,1.0,0.86,0.123,1.0,-0.0,0.891,AWP|Glock-18|a1h1k0|sm1fl2HE0fr1;AWP|Glock-18|a1h1k0|sm1fl1HE1fr1;AWP|Glock-18|a1h0k0|sm1fl2HE0fr1
t,1400,SSG 08,4000,INTERPOLATED,0,69.6,50,family,700,800,1100,,5400,4600,5200,AWP:88%;AK-47:4%;SSG 08:4%,1.0,0.957,0.0,0.959,1.0,0.859,0.124,1.0,-0.0,0.888,AWP|Glock-18|a1h1k0|sm1fl2HE0fr1;AWP|Glock-18|a1h1k0|sm1fl1HE1fr1;AWP|Glock-18|a1h0k0|sm1fl2HE0fr1
t,1400,SSG 08,4050,OBSERVED,1,69.6,0,family,700,800,1100,,5450,4650,5250,AWP:89%;AK-47:4%;SSG 08:4%,1.0,0.957,0.0,0.959,1.0,0.857,0.125,1.0,-0.0,0.885,AWP|Glock-18|a1h1k0|sm1fl2HE0fr1;AWP|Glock-18|a1h1k0|sm1fl1HE1fr1;AWP|Glock-18|a1h0k0|sm1fl2HE0fr1
t,1400,SSG 08,4100,OBSERVED,1,69.4,0,family,700,800,1100,,5500,4700,5300,AWP:89%;SSG 08:4%;AK-47:4%,1.0,0.958,0.0,0.959,1.0,0.855,0.127,1.0,-0.0,0.884,AWP|Glock-18|a1h1k0|sm1fl2HE0fr1;AWP|Glock-18|a1h1k0|sm1fl1HE1fr1;AWP|Glock-18|a1h0k0|sm1fl2HE0fr1
t,1400,SSG 08,4150,OBSERVED,3,69.0,0,family,600,800,1100,,5550,4750,5350,AWP:89%;SSG 08:4%;AK-47:4%,1.0,0.958,0.0,0.959,1.0,0.853,0.128,1.0,-0.0,0.885,AWP|Glock-18|a1h1k0|sm1fl2HE0fr1;AWP|Glock-18|a1h1k0|sm1fl1HE1fr1;AWP|Glock-18|a1h0k0|sm1fl2HE0fr1
t,1400,SSG 08,4200,OBSERVED,2,68.3,0,family,600,800,1100,,5600,4800,5400,AWP:90%;SSG 08:4%;AK-47:3%,1.0,0.959,0.0,0.959,1.0,0.85,0.129,1.0,-0.0,0.885,AWP|Glock-18|a1h1k0|sm1fl2HE0fr1;AWP|Glock-18|a1h1k0|sm1fl1HE1fr1;AWP|Glock-18|a1h0k0|sm1fl2HE0fr1
t,1400,SSG 08,4250,OBSERVED,1,67.3,0,family,600,800,1100,,5650,4850,5450,AWP:90%;SSG 08:4%;AK-47:3%,1.0,0.96,0.0,0.959,1.0,0.848,0.13,1.0,-0.0,0.885,AWP|Glock-18|a1h1k0|sm1fl2HE0fr1;AWP|Glock-18|a1h1k0|sm1fl1HE1fr1;AWP|Tec-9|a1h1k0|sm1fl2HE0fr1
t,1400,SSG 08,4300,INTERPOLATED,0,65.9,50,family,600,700,1100,,5700,5000,5600,AWP:91%;SSG 08:4%;AK-47:3%,1.0,0.961,0.0,0.959,1.0,0.845,0.131,1.0,-0.0,0.885,AWP|Glock-18|a1h1k0|sm1fl2HE0fr1;AWP|Glock-18|a1h1k0|sm1fl1HE1fr1;AWP|Tec-9|a1h1k0|sm1fl2HE0fr1
t,1400,SSG 08,4350,OBSERVED,1,64.2,0,family,600,700,1100,,5750,5050,5650,AWP:91%;SSG 08:4%;AK-47:3%,1.0,0.962,0.0,0.96,1.0,0.842,0.132,1.0,-0.0,0.886,AWP|Glock-18|a1h1k0|sm1fl2HE0fr1;AWP|Glock-18|a1h1k0|sm1fl1HE1fr1;AWP|Tec-9|a1h1k0|sm1fl2HE0fr1
t,1400,SSG 08,4400,OBSERVED,1,62.1,0,family,600,700,1100,,5800,5100,5700,AWP:92%;SSG 08:4%;AK-47:3%,1.0,0.964,0.0,0.961,1.0,0.838,0.134,1.0,-0.0,0.887,AWP|Glock-18|a1h1k0|sm1fl2HE0fr1;AWP|Glock-18|a1h1k0|sm1fl1HE1fr1;AWP|Tec-9|a1h1k0|sm1fl2HE0fr1
t,1400,SSG 08,4450,OBSERVED,1,59.6,0,family,600,700,1100,,5850,5150,5750,AWP:92%;SSG 08:4%;AK-47:2%,1.0,0.965,0.0,0.962,1.0,0.835,0.135,1.0,-0.0,0.889,AWP|Glock-18|a1h1k0|sm1fl2HE0fr1;AWP|Glock-18|a1h1k0|sm1fl1HE1fr1;AWP|Tec-9|a1h1k0|sm1fl2HE0fr1
t,1400,SSG 08,4500,INTERPOLATED,0,56.8,50,family,500,700,1100,,5900,5200,5800,AWP:93%;SSG 08:4%;AK-47:2%,1.0,0.967,0.0,0.963,1.0,0.831,0.136,1.0,-0.0,0.892,AWP|Glock-18|a1h1k0|sm1fl2HE0fr1;AWP|Glock-18|a1h1k0|sm1fl1HE1fr1;AWP|Desert Eagle|a1h1k0|sm1fl2HE0fr1
t,1400,SSG 08,4550,INTERPOLATED,0,53.9,100,family,500,700,900,,5950,5250,5850,AWP:93%;SSG 08:3%;AK-47:2%,1.0,0.969,0.0,0.965,1.0,0.827,0.138,1.0,-0.0,0.894,AWP|Glock-18|a1h1k0|sm1fl2HE0fr1;AWP|Glock-18|a1h1k0|sm1fl1HE1fr1;AWP|Desert Eagle|a1h1k0|sm1fl2HE0fr1
t,1400,SSG 08,4600,INTERPOLATED,0,50.8,50,family,500,700,900,,6000,5300,5900,AWP:94%;SSG 08:3%;AK-47:2%,1.0,0.972,0.0,0.967,1.0,0.823,0.14,1.0,-0.0,0.895,AWP|Glock-18|a1h1k0|sm1fl2HE0fr1;AWP|Glock-18|a1h1k0|sm1fl1HE1fr1;AWP|Desert Eagle|a1h1k0|sm1fl2HE0fr1
t,1400,SSG 08,4650,OBSERVED,1,47.7,0,family,400,700,900,,6050,5350,5950,AWP:94%;SSG 08:3%;AK-47:1%,1.0,0.974,0.0,0.969,1.0,0.818,0.142,1.0,-0.0,0.898,AWP|Glock-18|a1h1k0|sm1fl2HE0fr1;AWP|Glock-18|a1h1k0|sm1fl1HE1fr1;AWP|Desert Eagle|a1h1k0|sm1fl2HE0fr1
t,1400,SSG 08,4700,OBSERVED,2,44.7,0,family,400,700,800,,6100,5400,6000,AWP:95%;SSG 08:3%;AK-47:1%,1.0,0.977,0.0,0.971,1.0,0.814,0.144,1.0,-0.0,0.903,AWP|Glock-18|a1h1k0|sm1fl2HE0fr1;AWP|Glock-18|a1h1k0|sm1fl1HE1fr1;AWP|Desert Eagle|a1h1k0|sm1fl2HE0fr1
t,1400,SSG 08,4750,INTERPOLATED,0,41.9,50,family,400,700,800,,6150,5450,6050,AWP:96%;SSG 08:3%;AK-47:1%,1.0,0.979,0.0,0.974,1.0,0.809,0.147,1.0,-0.0,0.909,AWP|Glock-18|a1h1k0|sm1fl2HE0fr1;AWP|Glock-18|a1h1k0|sm1fl1HE1fr1;AWP|Desert Eagle|a1h1k0|sm1fl2HE0fr1
t,1400,SSG 08,4800,INTERPOLATED,0,39.3,50,family,400,700,800,,6200,5500,6100,AWP:96%;SSG 08:2%;AK-47:1%,1.0,0.981,0.0,0.976,1.0,0.805,0.15,1.0,-0.0,0.917,AWP|Glock-18|a1h1k0|sm1fl2HE0fr1;AWP|Glock-18|a1h1k0|sm1fl1HE1fr1;AWP|Desert Eagle|a1h1k0|sm1fl2HE0fr1
t,1400,SSG 08,4850,OBSERVED,2,37.1,0,family,400,700,800,,6250,5550,6150,AWP:97%;SSG 08:2%;AK-47:1%,1.0,0.984,0.0,0.979,1.0,0.8,0.153,1.0,-0.0,0.925,AWP|Glock-18|a1h1k0|sm1fl2HE0fr1;AWP|Glock-18|a1h1k0|sm1fl1HE1fr1;AWP|Desert Eagle|a1h1k0|sm1fl2HE0fr1
t,1400,SSG 08,4900,OBSERVED,2,35.2,0,family,400,700,800,,6300,5600,6200,AWP:97%;SSG 08:2%;AK-47:1%,1.0,0.986,0.0,0.981,1.0,0.795,0.157,1.0,-0.0,0.932,AWP|Glock-18|a1h1k0|sm1fl2HE0fr1;AWP|Glock-18|a1h1k0|sm1fl1HE1fr1;AWP|Desert Eagle|a1h1k0|sm1fl2HE0fr1
t,1400,SSG 08,4950,INTERPOLATED,0,33.5,50,family,400,700,800,,6350,5650,6250,AWP:97%;SSG 08:2%;AK-47:0%,1.0,0.988,0.0,0.984,1.0,0.79,0.161,1.0,-0.0,0.938,AWP|Glock-18|a1h1k0|sm1fl2HE0fr1;AWP|Glock-18|a1h1k0|sm1fl1HE1fr1;AWP|Desert Eagle|a1h1k0|sm1fl2HE0fr1
t,1400,SSG 08,5000,OBSERVED,2,32.2,0,family,400,700,800,,6400,5700,6300,AWP:98%;SSG 08:2%;AK-47:0%,1.0,0.99,0.0,0.986,1.0,0.785,0.165,1.0,-0.0,0.947,AWP|Glock-18|a1h1k0|sm1fl2HE0fr1;AWP|Glock-18|a1h1k0|sm1fl1HE1fr1;AWP|Desert Eagle|a1h1k0|sm1fl2HE0fr1
t,1400,SSG 08,5050,INTERPOLATED,0,31.1,50,family,400,700,800,,6450,5750,6350,AWP:98%;SSG 08:1%;AK-47:0%,1.0,0.992,0.0,0.988,1.0,0.78,0.169,1.0,-0.0,0.955,AWP|Glock-18|a1h1k0|sm1fl2HE0fr1;AWP|Glock-18|a1h1k0|sm1fl1HE1fr1;AWP|Desert Eagle|a1h1k0|sm1fl2HE0fr1
t,1400,SSG 08,5100,OBSERVED,1,30.3,0,family,400,700,800,,6500,5800,6400,AWP:98%;SSG 08:1%;AK-47:0%,1.0,0.993,0.0,0.99,1.0,0.775,0.173,1.0,-0.0,0.963,AWP|Glock-18|a1h1k0|sm1fl2HE0fr1;AWP|Glock-18|a1h1k0|sm1fl1HE1fr1;AWP|Desert Eagle|a1h1k0|sm1fl2HE0fr1
t,1400,SSG 08,5150,OBSERVED,2,29.6,0,family,400,700,800,,6550,5850,6450,AWP:99%;SSG 08:1%;AK-47:0%,1.0,0.994,0.0,0.991,1.0,0.77,0.178,1.0,-0.0,0.969,AWP|Glock-18|a1h1k0|sm1fl2HE0fr1;AWP|Glock-18|a1h1k0|sm1fl1HE1fr1;AWP|Five-SeveN|a1h1k0|sm1fl2HE0fr1
t,1400,SSG 08,5200,OBSERVED,1,29.1,0,family,400,700,800,,6600,5900,6500,AWP:99%;SSG 08:1%;AK-47:0%,1.0,0.995,0.0,0.993,1.0,0.765,0.182,1.0,-0.0,0.975,AWP|Glock-18|a1h1k0|sm1fl2HE0fr1;AWP|Five-SeveN|a1h1k0|sm1fl2HE0fr1;AWP|Glock-18|a1h1k0|sm1fl1HE1fr1
t,1400,SSG 08,5250,INTERPOLATED,0,28.8,50,family,400,700,800,,6650,5950,6550,AWP:99%;SSG 08:1%;AK-47:0%,1.0,0.996,0.0,0.994,1.0,0.761,0.186,1.0,-0.0,0.98,AWP|Glock-18|a1h1k0|sm1fl2HE0fr1;AWP|Five-SeveN|a1h1k0|sm1fl2HE0fr1;AWP|Glock-18|a1h1k0|sm1fl1HE1fr1
t,1400,SSG 08,5300,OBSERVED,2,28.5,0,family,400,700,800,,6700,6000,6600,AWP:99%;SSG 08:1%;AK-47:0%,1.0,0.997,0.0,0.995,1.0,0.756,0.19,1.0,-0.0,0.984,AWP|Glock-18|a1h1k0|sm1fl2HE0fr1;AWP|Five-SeveN|a1h1k0|sm1fl2HE0fr1;AWP|Glock-18|a1h1k0|sm1fl1HE1fr1
t,1400,SSG 08,5350,INTERPOLATED,0,28.4,50,family,300,700,800,,6750,6050,6650,AWP:99%;SSG 08:0%;AK-47:0%,1.0,0.998,0.0,0.996,1.0,0.752,0.193,1.0,-0.0,0.987,AWP|Glock-18|a1h1k0|sm1fl2HE0fr1;AWP|Five-SeveN|a1h1k0|sm1fl2HE0fr1;AWP|Glock-18|a1h1k0|sm1fl1HE1fr1
t,1400,SSG 08,5400,OBSERVED,1,28.4,0,family,300,700,800,,6800,6100,6700,AWP:100%;SSG 08:0%;AK-47:0%,1.0,0.998,0.0,0.997,1.0,0.748,0.196,1.0,-0.0,0.99,AWP|Glock-18|a1h1k0|sm1fl2HE0fr1;AWP|Five-SeveN|a1h1k0|sm1fl2HE0fr1;AWP|Glock-18|a1h1k0|sm1fl1HE1fr1
t,1400,SSG 08,5450,OBSERVED,1,28.3,0,family,300,700,800,,6850,6150,6750,AWP:100%;SSG 08:0%;AK-47:0%,1.0,0.999,0.0,0.998,1.0,0.744,0.199,1.0,-0.0,0.992,AWP|Glock-18|a1h1k0|sm1fl2HE0fr1;AWP|Five-SeveN|a1h1k0|sm1fl2HE0fr1;AWP|Glock-18|a1h1k0|sm1fl1HE0fr1
t,1400,SSG 08,5500,INTERPOLATED,0,28.4,50,family,300,700,800,,6900,6200,6800,AWP:100%;SSG 08:0%;AK-47:0%,1.0,0.999,0.0,0.998,1.0,0.741,0.201,1.0,-0.0,0.994,AWP|Glock-18|a1h1k0|sm1fl2HE0fr1;AWP|Five-SeveN|a1h1k0|sm1fl2HE0fr1;AWP|Glock-18|a1h1k0|sm1fl1HE0fr1
t,1400,SSG 08,5550,INTERPOLATED,0,28.4,100,family,300,700,800,,6950,6250,6850,AWP:100%;SSG 08:0%;AK-47:0%,1.0,0.999,0.0,0.999,1.0,0.739,0.202,1.0,-0.0,0.995,AWP|Glock-18|a1h1k0|sm1fl2HE0fr1;AWP|Five-SeveN|a1h1k0|sm1fl2HE0fr1;AWP|Glock-18|a1h1k0|sm1fl1HE0fr1
t,1400,SSG 08,5600,INTERPOLATED,0,28.5,50,family,300,700,800,,7000,6300,6900,AWP:100%;SSG 08:0%;AK-47:0%,1.0,0.999,0.0,0.999,1.0,0.738,0.203,1.0,-0.0,0.996,AWP|Glock-18|a1h1k0|sm1fl2HE0fr1;AWP|Five-SeveN|a1h1k0|sm1fl2HE0fr1;AWP|Glock-18|a1h1k0|sm1fl1HE0fr1
t,1400,SSG 08,5650,OBSERVED,1,28.5,0,family,300,700,800,,7050,6350,6950,AWP:100%;SSG 08:0%;AK-47:0%,1.0,1.0,0.0,0.999,1.0,0.737,0.203,1.0,-0.0,0.997,AWP|Glock-18|a1h1k0|sm1fl2HE0fr1;AWP|Five-SeveN|a1h1k0|sm1fl2HE0fr1;AWP|Glock-18|a1h1k0|sm1fl1HE0fr1
t,1400,SSG 08,5700,OBSERVED,1,28.6,0,family,300,700,800,,7100,6400,7000,AWP:100%;SSG 08:0%;AK-47:0%,1.0,1.0,0.0,0.999,1.0,0.738,0.202,1.0,-0.0,0.998,AWP|Glock-18|a1h1k0|sm1fl2HE0fr1;AWP|Five-SeveN|a1h1k0|sm1fl2HE0fr1;AWP|Glock-18|a1h1k0|sm1fl1HE0fr1
t,1400,SSG 08,5750,OBSERVED,1,28.6,0,family,300,700,800,,7150,6450,7050,AWP:100%;SSG 08:0%;M4A4:0%,1.0,1.0,0.0,1.0,1.0,0.74,0.201,1.0,-0.0,0.999,AWP|Glock-18|a1h1k0|sm1fl2HE0fr1;AWP|Five-SeveN|a1h1k0|sm1fl2HE0fr1;AWP|Glock-18|a1h1k0|sm1fl1HE0fr1
t,1400,SSG 08,5800,OBSERVED,1,28.6,0,family,300,700,800,,7200,6500,7100,AWP:100%;SSG 08:0%;M4A4:0%,1.0,1.0,0.0,1.0,1.0,0.742,0.199,1.0,-0.0,0.999,AWP|Glock-18|a1h1k0|sm1fl2HE0fr1;AWP|Five-SeveN|a1h1k0|sm1fl2HE0fr1;AWP|Tec-9|a1h1k0|sm1fl2HE0fr1
t,1400,SSG 08,5850,INTERPOLATED,0,28.7,50,family,400,700,800,,7250,6550,7150,AWP:100%;SSG 08:0%;M4A4:0%,1.0,1.0,0.0,1.0,1.0,0.745,0.198,1.0,-0.0,0.999,AWP|Glock-18|a1h1k0|sm1fl2HE0fr1;AWP|Five-SeveN|a1h1k0|sm1fl2HE0fr1;AWP|Tec-9|a1h1k0|sm1fl2HE0fr1
t,1400,SSG 08,5900,OBSERVED,2,28.6,0,family,400,700,800,,7300,6600,7200,AWP:100%;SSG 08:0%;M4A4:0%,1.0,1.0,0.0,1.0,1.0,0.749,0.195,1.0,-0.0,1.0,AWP|Glock-18|a1h1k0|sm1fl2HE0fr1;AWP|Tec-9|a1h1k0|sm1fl2HE0fr1;AWP|Five-SeveN|a1h1k0|sm1fl2HE0fr1
t,1400,SSG 08,5950,INTERPOLATED,0,28.6,50,family,500,700,800,,7350,6650,7250,AWP:100%;SSG 08:0%;M4A4:0%,1.0,1.0,0.0,1.0,1.0,0.754,0.193,1.0,-0.0,1.0,AWP|Glock-18|a1h1k0|sm1fl2HE0fr1;AWP|Tec-9|a1h1k0|sm1fl2HE0fr1;AWP|Five-SeveN|a1h1k0|sm1fl2HE0fr1
t,1400,SSG 08,6000,OBSERVED,1,28.5,0,family,500,700,800,,7400,6700,7300,AWP:100%;SSG 08:0%;M4A4:0%,1.0,1.0,0.0,1.0,1.0,0.759,0.191,1.0,-0.0,1.0,AWP|Glock-18|a1h1k0|sm1fl2HE0fr1;AWP|Tec-9|a1h1k0|sm1fl2HE0fr1;AWP|Five-SeveN|a1h1k0|sm1fl2HE0fr1
t,1900,none,800,OBSERVED,1450,1450.1,0,none,650,650,700,,2700,2050,2650,none:100%,0.641,0.0,0.0,0.314,0.262,0.12,0.037,0.132,-0.0,0.839,none|Glock-18|a1h0k0|sm0fl0HE0fr0;none|Glock-18|a0h0k0|sm1fl2HE0fr0;none|Glock-18|a0h0k0|sm1fl1HE0fr0
t,1900,none,850,OBSERVED,1,1102.1,0,none,650,650,700,,2750,2100,2700,none:100%,0.647,0.015,0.0,0.324,0.258,0.118,0.036,0.13,0.112,0.826,none|Glock-18|a1h0k0|sm0fl0HE0fr0;none|Glock-18|a0h0k0|sm1fl2HE0fr0;none|Glock-18|a0h0k0|sm1fl1HE0fr0
t,1900,none,900,INTERPOLATED,0,408.8,50,none,650,650,700,,2800,2150,2750,none:100%,0.657,0.043,0.0,0.343,0.251,0.115,0.035,0.127,0.256,0.824,none|Glock-18|a1h0k0|sm0fl0HE0fr0;none|Glock-18|a0h0k0|sm1fl2HE0fr0;none|Glock-18|a0h0k0|sm1fl1HE0fr0
t,1900,none,950,INTERPOLATED,0,573.6,100,none,650,650,700,,2850,2200,2800,none:100%,0.653,0.033,0.0,0.337,0.253,0.116,0.035,0.128,0.209,0.823,none|Glock-18|a1h0k0|sm0fl0HE0fr0;none|Glock-18|a0h0k0|sm1fl2HE0fr0;none|Glock-18|a0h0k0|sm1fl1HE0fr0
t,1900,none,1000,INTERPOLATED,0,863.7,150,none,650,650,700,,2900,2250,2850,none:100%,0.649,0.022,0.0,0.329,0.256,0.117,0.036,0.129,0.153,0.821,none|Glock-18|a1h0k0|sm0fl0HE0fr0;none|Glock-18|a0h0k0|sm1fl2HE0fr0;none|Glock-18|a0h0k0|sm1fl1HE0fr0
t,1900,none,1050,INTERPOLATED,0,248.3,200,none,650,650,700,,2950,2300,2900,none:100%;MAC-10:0%,0.662,0.058,0.0,0.354,0.247,0.113,0.034,0.125,0.319,0.827,none|Glock-18|a1h0k0|sm0fl0HE0fr0;none|Glock-18|a0h0k0|sm1fl2HE0fr0;none|Tec-9|a1h1k0|sm1fl0HE0fr0
t,1900,none,1100,INTERPOLATED_WIDE,0,662.6,250,none,650,650,700,,3000,2350,2950,none:100%;MAC-10:0%,0.651,0.03,0.0,0.334,0.252,0.115,0.036,0.127,0.359,0.82,none|Glock-18|a1h0k0|sm0fl0HE0fr0;none|Glock-18|a0h0k0|sm1fl2HE0fr0;none|Glock-18|a0h0k0|sm1fl1HE0fr0
t,1900,none,1150,INTERPOLATED_WIDE,0,161.0,250,none,650,650,700,,3050,2400,3000,none:100%;MAC-10:0%,0.604,0.004,0.0,0.277,0.19,0.087,0.047,0.096,1.59,0.833,none|Glock-18|a1h0k0|sm0fl0HE0fr0;none|Glock-18|a0h0k0|sm0fl0HE0fr0;none|Glock-18|a1h0k0|sm1fl0HE0fr0
t,1900,none,1200,INTERPOLATED,0,142.6,200,none,650,650,800,,3100,2450,3050,none:100%;MAC-10:0%,0.575,0.003,0.0,0.253,0.152,0.07,0.047,0.077,1.602,0.854,none|Glock-18|a1h0k0|sm0fl0HE0fr0;none|Glock-18|a0h0k0|sm0fl0HE0fr0;none|Glock-18|a1h0k0|sm1fl0HE0fr0
t,1900,none,1250,INTERPOLATED,0,110.5,150,none,650,650,950,,3150,2500,3100,none:100%;MAC-10:0%,0.601,0.005,0.0,0.312,0.136,0.062,0.039,0.069,1.379,0.84,none|Glock-18|a1h0k0|sm0fl0HE0fr0;none|Glock-18|a0h0k0|sm0fl0HE0fr0;none|P250|a1h0k0|sm1fl0HE0fr0
t,1900,none,1300,INTERPOLATED,0,104.9,100,none,650,700,950,,3200,2500,3100,none:100%;MAC-10:0%,0.61,0.07,0.0,0.336,0.128,0.05,0.034,0.074,1.13,0.795,none|Glock-18|a1h0k0|sm0fl0HE0fr0;none|Glock-18|a0h0k0|sm0fl0HE0fr0;none|P250|a1h0k0|sm1fl0HE0fr0
t,1900,none,1350,INTERPOLATED,0,102.0,50,none,650,1150,1350,,3250,2100,2700,none:100%;MAC-10:0%,0.749,0.052,0.0,0.248,0.135,0.06,0.019,0.036,1.031,0.809,none|Desert Eagle|a1h0k0|sm0fl0HE0fr0;none|Glock-18|a0h0k0|sm0fl0HE0fr0;none|Glock-18|a1h0k0|sm0fl0HE0fr0
t,1900,none,1400,OBSERVED,42,105.7,0,none,650,1250,1350,,3300,2050,2650,none:100%;MAC-10:0%,0.685,0.052,0.0,0.3,0.17,0.11,0.016,0.059,1.029,0.766,none|Desert Eagle|a1h0k0|sm0fl0HE0fr0;none|Glock-18|a0h0k0|sm0fl0HE0fr0;none|Tec-9|a1h0k0|sm0fl0HE0fr0
t,1900,none,1450,OBSERVED,31,106.2,0,none,1150,1350,1450,,3350,2000,2600,none:100%;MAC-10:0%,0.798,0.043,0.0,0.439,0.157,0.085,0.018,0.037,1.022,0.794,none|Desert Eagle|a1h0k0|sm0fl0HE0fr0;none|Tec-9|a1h0k0|sm1fl0HE0fr0;none|Glock-18|a0h0k0|sm0fl0HE0fr0
t,1900,none,1500,OBSERVED,20,107.2,0,none,1150,1350,1450,,3400,2050,2650,none:100%;MAC-10:0%,0.813,0.127,0.0,0.469,0.173,0.095,0.018,0.024,1.019,0.77,none|Tec-9|a1h0k0|sm1fl0HE0fr0;none|Desert Eagle|a1h0k0|sm0fl0HE0fr0;none|Glock-18|a0h0k0|sm0fl0HE0fr0
t,1900,none,1550,OBSERVED,28,101.0,0,none,1250,1400,1450,,3450,2050,2650,none:100%;MAC-10:0%,0.809,0.15,0.0,0.466,0.199,0.109,0.026,0.036,0.991,0.74,none|Tec-9|a1h0k0|sm1fl0HE0fr0;none|Desert Eagle|a1h0k0|sm0fl0HE0fr0;none|Glock-18|a0h0k0|sm0fl0HE0fr0
t,1900,none,1600,OBSERVED,10,107.1,0,none,1150,1450,1450,,3500,2050,2650,none:100%;MAC-10:0%,0.776,0.175,0.0,0.483,0.211,0.119,0.037,0.057,0.962,0.718,none|Tec-9|a1h0k0|sm1fl0HE0fr0;none|Glock-18|a0h0k0|sm0fl0HE0fr0;none|Desert Eagle|a1h0k0|sm0fl0HE0fr0
t,1900,none,1650,OBSERVED,10,111.8,0,none,1150,1450,1600,,3550,2100,2700,none:100%;MAC-10:0%,0.791,0.141,0.0,0.593,0.25,0.112,0.029,0.075,0.946,0.711,none|Tec-9|a1h0k0|sm1fl0HE0fr0;none|Glock-18|a0h0k0|sm0fl0HE0fr0;none|Desert Eagle|a1h0k0|sm1fl0HE0fr0
t,1900,none,1700,OBSERVED,19,100.7,0,none,1300,1500,1650,,3600,2100,2700,none:95%;SSG 08:5%;MAC-10:0%,0.755,0.231,0.0,0.563,0.245,0.119,0.021,0.092,0.926,0.689,none|Tec-9|a1h0k0|sm1fl0HE0fr0;none|Desert Eagle|a1h0k0|sm1fl0HE0fr0;none|Glock-18|a0h0k0|sm0fl0HE0fr0
t,1900,none,1750,OBSERVED,16,111.9,0,none,1150,1650,1700,,3650,2000,2600,none:95%;SSG 08:5%;MAC-10:0%,0.725,0.242,0.0,0.51,0.242,0.12,0.054,0.093,0.93,0.659,none|Glock-18|a0h0k0|sm0fl0HE0fr0;none|Desert Eagle|a1h0k0|sm1fl0HE0fr0;none|Desert Eagle|a1h1k0|sm0fl0HE0fr0
t,1900,none,1800,OBSERVED,11,101.9,0,none,1400,1700,1800,,3700,2000,2600,none:96%;SSG 08:4%;MAC-10:0%,0.768,0.481,0.0,0.591,0.216,0.082,0.067,0.06,0.938,0.698,none|Tec-9|a1h1k0|sm1fl0HE0fr0;none|Glock-18|a0h0k0|sm0fl0HE0fr0;none|Desert Eagle|a1h1k0|sm0fl0HE0fr0
t,1900,none,1850,OBSERVED,22,106.2,0,none,1150,1700,1800,,3750,2050,2650,none:97%;SSG 08:3%;MAC-10:0%,0.745,0.489,0.0,0.596,0.213,0.073,0.074,0.095,0.995,0.682,none|Tec-9|a1h1k0|sm1fl0HE0fr0;none|Glock-18|a0h0k0|sm0fl0HE0fr0;none|Desert Eagle|a1h1k0|sm0fl0HE0fr0
t,1900,none,1900,OBSERVED,15,102.4,0,none,300,1700,1800,,3800,2100,2700,none:98%;SSG 08:2%;MAC-10:0%,0.679,0.481,0.0,0.559,0.201,0.072,0.079,0.087,1.055,0.696,none|Glock-18|a0h0k0|sm0fl0HE0fr0;none|Tec-9|a1h1k0|sm1fl0HE0fr0;none|Desert Eagle|a1h1k0|sm0fl0HE0fr0
t,1900,none,1950,OBSERVED,11,112.8,0,none,0,1700,1800,,3850,2150,2750,none:99%;SSG 08:1%;MAC-10:0%,0.596,0.418,0.0,0.51,0.201,0.08,0.08,0.075,1.075,0.723,none|Glock-18|a0h0k0|sm0fl0HE0fr0;none|Tec-9|a1h1k0|sm1fl0HE0fr0;none|Desert Eagle|a1h1k0|sm0fl0HE0fr0
t,1900,none,2000,OBSERVED,27,100.8,0,none,0,1800,2000,,3900,2100,2700,none:100%;SSG 08:0%;MAC-10:0%,0.652,0.557,0.0,0.615,0.418,0.073,0.044,0.123,1.042,0.805,none|Glock-18|a0h0k0|sm0fl0HE0fr0;none|Tec-9|a1h1k0|sm1fl1HE0fr0;none|Tec-9|a1h1k0|sm1fl0HE0fr0
t,1900,none,2050,OBSERVED,28,102.3,0,none,0,1850,2000,,3950,2100,2700,none:99%;MAC-10:1%;SSG 08:0%,0.651,0.535,0.0,0.615,0.452,0.094,0.02,0.134,1.01,0.812,none|Glock-18|a0h0k0|sm0fl0HE0fr0;none|Tec-9|a1h1k0|sm1fl1HE0fr0;none|Tec-9|a1h1k0|sm1fl0HE0fr0
t,1900,none,2100,OBSERVED,22,111.2,0,none,0,1900,2000,,4000,2100,2700,none:99%;MAC-10:1%;SSG 08:0%,0.64,0.528,0.0,0.58,0.431,0.09,0.019,0.135,1.058,0.816,none|Glock-18|a0h0k0|sm0fl0HE0fr0;none|Tec-9|a1h1k0|sm1fl1HE0fr0;none|Desert Eagle|a1h1k0|sm1fl0HE0fr0
t,1900,none,2150,OBSERVED,17,109.5,0,none,0,1850,2000,,4050,2200,2800,none:99%;MAC-10:1%;SSG 08:0%,0.596,0.478,0.0,0.529,0.379,0.074,0.032,0.124,1.13,0.805,none|Glock-18|a0h0k0|sm0fl0HE0fr0;none|Tec-9|a1h1k0|sm1fl1HE0fr0;none|Desert Eagle|a1h1k0|sm1fl0HE0fr0
t,1900,none,2200,OBSERVED,9,106.9,0,none,0,2000,2050,,4100,2100,2700,none:97%;SSG 08:1%;MAC-10:1%,0.602,0.496,0.0,0.559,0.399,0.141,0.043,0.134,1.204,0.755,none|Glock-18|a0h0k0|sm0fl0HE0fr0;none|Tec-9|a1h1k0|sm1fl1HE0fr0;none|Tec-9|a1h1k0|sm1fl2HE0fr0
t,1900,none,2250,OBSERVED,17,100.9,0,none,0,1850,2200,,4150,2300,2900,none:97%;MAC-10:2%;SSG 08:1%,0.59,0.458,0.0,0.538,0.398,0.178,0.052,0.164,1.257,0.737,none|Glock-18|a0h0k0|sm0fl0HE0fr0;none|Tec-9|a1h1k0|sm1fl2HE0fr0;none|Tec-9|a1h1k0|sm1fl1HE0fr0
t,1900,none,2300,OBSERVED,22,111.5,0,none,0,2000,2200,,4200,2200,2800,none:98%;MAC-10:2%;SSG 08:1%,0.599,0.476,0.0,0.553,0.375,0.169,0.154,0.156,1.293,0.725,none|Glock-18|a0h0k0|sm0fl0HE0fr0;none|Tec-9|a1h1k0|sm1fl2HE0fr0;none|Desert Eagle|a1h1k0|sm1fl0HE1fr0
t,1900,none,2350,OBSERVED,19,100.9,0,none,0,1700,2200,,4250,2550,3150,none:95%;MAC-10:5%;SSG 08:0%,0.576,0.459,0.0,0.531,0.341,0.156,0.162,0.15,1.322,0.725,none|Glock-18|a0h0k0|sm0fl0HE0fr0;none|Tec-9|a1h1k0|sm1fl2HE0fr0;none|Desert Eagle|a1h1k0|sm1fl0HE1fr0
t,1900,none,2400,OBSERVED,22,108.6,0,none,0,2050,2300,,4300,2250,2850,none:95%;MAC-10:5%;SSG 08:0%,0.604,0.513,0.0,0.57,0.413,0.157,0.131,0.26,1.313,0.702,none|Glock-18|a0h0k0|sm0fl0HE0fr0;none|Tec-9|a1h1k0|sm1fl1HE0fr1;none|Tec-9|a1h1k0|sm1fl2HE0fr0
t,1900,none,2450,OBSERVED,15,106.7,0,none,0,2150,2350,,4350,2200,2800,none:90%;MAC-10:8%;Galil AR:1%,0.594,0.497,0.0,0.533,0.412,0.172,0.104,0.261,1.29,0.659,none|Glock-18|a0h0k0|sm0fl0HE0fr0;none|Tec-9|a1h1k0|sm1fl1HE0fr1;none|Desert Eagle|a0h0k0|sm0fl0HE0fr0
t,1900,none,2500,OBSERVED,15,106.3,0,none,0,2200,2400,,4400,2200,2800,none:89%;MAC-10:8%;Galil AR:3%,0.587,0.48,0.0,0.524,0.394,0.175,0.114,0.279,1.253,0.643,none|Glock-18|a0h0k0|sm0fl0HE0fr0;none|Tec-9|a1h1k0|sm1fl1HE0fr1;none|Desert Eagle|a0h0k0|sm0fl0HE0fr0
t,1900,none,2550,OBSERVED,5,101.1,0,none,300,2000,2400,,4450,2450,3050,none:85%;MAC-10:10%;Galil AR:4%,0.582,0.45,0.0,0.514,0.393,0.161,0.119,0.253,1.228,0.615,none|Glock-18|a0h0k0|sm0fl0HE0fr0;none|Tec-9|a1h1k0|sm1fl1HE0fr1;none|Desert Eagle|a0h0k0|sm0fl0HE0fr0
t,1900,none,2600,OBSERVED,25,106.3,0,none,300,2250,2500,,4500,2250,2850,none:87%;MAC-10:8%;Galil AR:4%,0.624,0.499,0.0,0.575,0.465,0.215,0.097,0.351,1.277,0.654,none|Glock-18|a0h0k0|sm0fl0HE0fr0;none|Tec-9|a1h1k0|sm1fl2HE0fr1;none|Desert Eagle|a1h1k0|sm1fl1HE0fr1
t,1900,none,2650,OBSERVED,16,106.8,0,none,300,2200,2550,,4550,2350,2950,none:86%;MAC-10:7%;Galil AR:5%,0.615,0.471,0.0,0.58,0.453,0.208,0.099,0.334,1.344,0.634,none|Glock-18|a0h0k0|sm0fl0HE0fr0;none|Tec-9|a1h1k0|sm1fl2HE0fr1;none|Desert Eagle|a1h1k0|sm1fl1HE0fr1
t,1900,none,2700,OBSERVED,10,101.3,0,none,300,2000,2600,,4600,2600,3200,none:89%;MAC-10:5%;Galil AR:4%,0.614,0.473,0.0,0.603,0.462,0.195,0.131,0.35,1.434,0.634,none|Glock-18|a0h0k0|sm0fl0HE0fr0;none|Tec-9|a1h1k0|sm1fl2HE0fr1;none|Desert Eagle|a0h0k0|sm0fl0HE0fr0
t,1900,none,2750,OBSERVED,16,104.0,0,none,500,2000,2600,,4650,2650,3250,none:80%;Galil AR:10%;MAC-10:9%,0.652,0.465,0.0,0.657,0.4,0.159,0.138,0.352,1.524,0.619,none|Glock-18|a0h0k0|sm0fl0HE0fr0;none|Tec-9|a1h1k0|sm1fl2HE0fr1;none|Glock-18|a0h0k0|sm1fl0HE0fr0
t,1900,none,2800,OBSERVED,18,107.8,0,none,700,2200,2750,,4700,2500,3100,none:75%;Galil AR:16%;MAC-10:8%,0.697,0.525,0.0,0.658,0.387,0.164,0.15,0.335,1.568,0.591,none|Glock-18|a0h0k0|sm0fl0HE0fr0;none|Tec-9|a1h1k0|sm1fl1HE1fr1;none|Tec-9|a1h1k0|sm1fl2HE0fr1
t,1900,none,2850,OBSERVED,13,102.1,0,none,800,2050,2750,,4750,2700,3300,none:75%;Galil AR:15%;MAC-10:8%,0.706,0.52,0.0,0.667,0.399,0.166,0.163,0.319,1.583,0.541,none|Glock-18|a0h0k0|sm0fl0HE0fr0;none|Tec-9|a1h1k0|sm1fl1HE1fr1;Galil AR|Glock-18|a1h1k0|sm0fl0HE0fr0
t,1900,none,2900,OBSERVED,24,109.1,0,none,800,2000,2750,,4800,2800,3400,none:79%;Galil AR:12%;MAC-10:8%,0.696,0.512,0.0,0.671,0.419,0.18,0.174,0.326,1.567,0.505,none|Glock-18|a0h0k0|sm0fl0HE0fr0;none|Tec-9|a1h1k0|sm1fl1HE1fr1;none|Desert Eagle|a1h1k0|sm1fl2HE0fr1
t,1900,none,2950,OBSERVED,18,103.6,0,none,800,2000,2750,,4850,2850,3450,none:81%;MAC-10:10%;Galil AR:8%,0.69,0.509,0.0,0.678,0.465,0.206,0.155,0.362,1.539,0.512,none|Glock-18|a0h0k0|sm0fl0HE0fr0;none|Tec-9|a1h1k0|sm1fl1HE1fr1;none|Desert Eagle|a1h1k0|sm1fl2HE0fr1
t,1900,none,3000,OBSERVED,24,105.4,0,none,800,2000,2750,,4900,2900,3500,none:78%;Galil AR:11%;MAC-10:10%,0.694,0.523,0.0,0.64,0.514,0.213,0.126,0.372,1.517,0.534,none|Glock-18|a0h0k0|sm0fl0HE0fr0;none|Desert Eagle|a0h0k0|sm0fl0HE0fr0;none|Tec-9|a1h1k0|sm1fl1HE1fr1
t,1900,none,3050,OBSERVED,26,100.1,0,none,700,2000,2800,,4950,2950,3550,none:74%;MAC-10:14%;Galil AR:11%,0.688,0.518,0.0,0.607,0.482,0.193,0.14,0.385,1.491,0.547,none|Desert Eagle|a0h0k0|sm0fl0HE0fr0;none|Glock-18|a0h0k0|sm0fl0HE0fr0;none|Tec-9|a1h1k0|sm1fl2HE0fr1
t,1900,none,3100,OBSERVED,20,107.6,0,none,1000,2600,3000,,5000,2400,3000,none:61%;Galil AR:24%;MAC-10:13%,0.721,0.58,0.0,0.628,0.379,0.139,0.116,0.353,1.457,0.592,Galil AR|Glock-18|a1h1k0|sm1fl0HE0fr0;none|Desert Eagle|a0h0k0|sm0fl0HE0fr0;none|Glock-18|a0h0k0|sm0fl0HE0fr0
t,1900,none,3150,OBSERVED,12,104.1,0,none,1150,2600,3100,,5050,2450,3050,none:54%;Galil AR:29%;MAC-10:15%,0.75,0.593,0.0,0.658,0.351,0.141,0.1,0.334,1.432,0.577,Galil AR|Glock-18|a1h1k0|sm1fl0HE0fr0;none|Desert Eagle|a0h0k0|sm0fl0HE0fr0;none|Glock-18|a0h0k0|sm0fl0HE0fr0
t,1900,none,3200,OBSERVED,15,114.8,0,none,1350,2600,3100,,5100,2500,3100,none:54%;Galil AR:32%;MAC-10:13%,0.768,0.583,0.0,0.654,0.316,0.124,0.097,0.29,1.468,0.552,Galil AR|Glock-18|a1h1k0|sm1fl0HE0fr0;none|Desert Eagle|a0h0k0|sm0fl0HE0fr0;none|Glock-18|a0h0k0|sm0fl0HE0fr0
t,1900,none,3250,OBSERVED,14,109.5,0,none,1450,2200,3100,,5150,2950,3550,none:55%;Galil AR:29%;MAC-10:15%,0.788,0.583,0.0,0.675,0.341,0.113,0.16,0.298,1.502,0.552,Galil AR|Glock-18|a1h1k0|sm1fl0HE0fr0;none|Desert Eagle|a0h0k0|sm0fl0HE0fr0;none|Tec-9|a1h0k0|sm1fl0HE0fr0
t,1900,none,3300,OBSERVED,20,105.7,0,none,1650,3100,3250,,5200,2100,2700,none:46%;Galil AR:41%;MAC-10:11%,0.843,0.656,0.0,0.75,0.484,0.084,0.155,0.243,1.53,0.626,Galil AR|Glock-18|a1h1k0|sm1fl1HE0fr0;Galil AR|Glock-18|a1h1k0|sm1fl0HE0fr0;none|Desert Eagle|a0h0k0|sm0fl0HE0fr0
t,1900,none,3350,OBSERVED,22,105.1,0,none,1650,3100,3300,,5250,2150,2750,none:45%;Galil AR:39%;MAC-10:10%,0.849,0.632,0.0,0.746,0.5,0.093,0.16,0.234,1.542,0.598,Galil AR|Glock-18|a1h1k0|sm1fl1HE0fr0;none|Desert Eagle|a0h0k0|sm0fl0HE0fr0;Galil AR|Glock-18|a1h1k0|sm1fl0HE0fr0
t,1900,none,3400,OBSERVED,16,105.7,0,none,1650,3100,3300,,5300,2200,2800,none:43%;Galil AR:42%;MAC-10:9%,0.859,0.657,0.0,0.767,0.466,0.098,0.244,0.243,1.543,0.579,Galil AR|Glock-18|a1h1k0|sm1fl1HE0fr0;none|Desert Eagle|a0h0k0|sm0fl0HE0fr0;Galil AR|Glock-18|a1h1k0|sm1fl0HE1fr0
t,1900,none,3450,OBSERVED,11,101.1,0,none,1650,3100,3300,,5350,2250,2850,none:46%;Galil AR:38%;MAC-10:11%,0.848,0.653,0.0,0.771,0.459,0.114,0.278,0.261,1.547,0.539,Galil AR|Glock-18|a1h1k0|sm1fl1HE0fr0;none|Desert Eagle|a0h0k0|sm0fl0HE0fr0;Galil AR|Glock-18|a1h1k0|sm1fl0HE1fr0
t,1900,none,3500,OBSERVED,22,104.1,0,none,1800,3300,3450,,5400,2100,2700,Galil AR:49%;none:38%;MAC-10:9%,0.872,0.73,0.0,0.817,0.424,0.178,0.273,0.382,1.565,0.543,Galil AR|Glock-18|a1h1k0|sm1fl0HE0fr1;Galil AR|Glock-18|a1h1k0|sm1fl1HE0fr0;Galil AR|Glock-18|a1h1k0|sm1fl2HE0fr0
t,1900,none,3550,OBSERVED,9,109.8,0,none,1800,3300,3500,,5450,2150,2750,Galil AR:47%;none:39%;MAC-10:9%,0.864,0.719,0.0,0.817,0.434,0.207,0.268,0.396,1.592,0.52,Galil AR|Glock-18|a1h1k0|sm1fl0HE0fr1;Galil AR|Glock-18|a1h1k0|sm1fl1HE0fr0;Galil AR|Glock-18|a1h1k0|sm1fl2HE0fr0
t,1900,none,3600,OBSERVED,12,105.6,0,none,1800,3250,3500,,5500,2250,2850,Galil AR:47%;none:40%;MAC-10:9%,0.858,0.714,0.0,0.816,0.46,0.208,0.291,0.388,1.627,0.485,Galil AR|Glock-18|a1h1k0|sm1fl0HE0fr1;Galil AR|Glock-18|a1h1k0|sm1fl2HE0fr0;Galil AR|Glock-18|a1h1k0|sm1fl1HE0fr0
t,1900,none,3650,OBSERVED,12,102.2,0,none,1750,3250,3500,,5550,2300,2900,Galil AR:43%;none:41%;MAC-10:9%,0.852,0.686,0.0,0.809,0.465,0.207,0.287,0.374,1.662,0.474,Galil AR|Glock-18|a1h1k0|sm1fl0HE0fr1;Galil AR|Glock-18|a1h1k0|sm1fl2HE0fr0;Galil AR|Glock-18|a1h1k0|sm1fl1HE0fr0
t,1900,none,3700,OBSERVED,14,101.4,0,none,2100,3500,3700,,5600,2100,2700,Galil AR:45%;none:30%;AK-47:19%,0.891,0.771,0.0,0.713,0.519,0.183,0.209,0.441,1.698,0.571,Galil AR|Glock-18|a1h1k0|sm1fl1HE0fr1;AK-47|Glock-18|a1h1k0|sm0fl0HE0fr0;Galil AR|Glock-18|a1h1k0|sm1fl2HE0fr0
t,1900,none,3750,OBSERVED,9,102.9,0,none,2100,3500,3700,,5650,2150,2750,Galil AR:44%;none:30%;AK-47:20%,0.89,0.778,0.0,0.679,0.519,0.164,0.194,0.444,1.722,0.572,Galil AR|Glock-18|a1h1k0|sm1fl1HE0fr1;AK-47|Glock-18|a1h1k0|sm0fl0HE0fr0;Galil AR|Glock-18|a1h1k0|sm1fl2HE0fr0
t,1900,none,3800,OBSERVED,13,104.2,0,none,2200,3500,3700,,5700,2200,2800,Galil AR:47%;none:29%;AK-47:19%,0.897,0.801,0.0,0.665,0.512,0.163,0.248,0.467,1.717,0.558,Galil AR|Glock-18|a1h1k0|sm1fl1HE0fr1;AK-47|Glock-18|a1h1k0|sm0fl0HE0fr0;none|Glock-18|a0h0k0|sm0fl0HE0fr0
t,1900,none,3850,OBSERVED,15,106.3,0,none,2200,3550,3700,,5750,2200,2800,Galil AR:45%;none:30%;AK-47:19%,0.893,0.791,0.0,0.648,0.52,0.155,0.24,0.458,1.657,0.55,Galil AR|Glock-18|a1h1k0|sm1fl1HE0fr1;AK-47|Glock-18|a1h1k0|sm0fl0HE0fr0;none|Glock-18|a0h0k0|sm0fl0HE0fr0
t,1900,none,3900,OBSERVED,18,100.7,0,none,3250,3700,3900,,5800,2100,2700,Galil AR:54%;AK-47:21%;none:21%,0.924,0.861,0.0,0.665,0.655,0.315,0.165,0.56,1.528,0.687,Galil AR|Glock-18|a1h1k0|sm1fl2HE0fr1;Galil AR|Glock-18|a1h1k0|sm1fl1HE0fr1;AK-47|Glock-18|a1h1k0|sm0fl0HE0fr0
t,1900,none,3950,OBSERVED,11,108.8,0,none,3400,3700,3900,,5850,2150,2750,Galil AR:54%;AK-47:21%;none:21%,0.925,0.847,0.0,0.68,0.683,0.342,0.16,0.577,1.347,0.678,Galil AR|Glock-18|a1h1k0|sm1fl2HE0fr1;Galil AR|Glock-18|a1h1k0|sm1fl1HE0fr1;AK-47|Glock-18|a1h1k0|sm0fl0HE0fr0
t,1900,none,4000,OBSERVED,14,104.0,0,none,3700,3900,4000,,5900,2000,2600,AK-47:43%;Galil AR:41%;none:14%,0.952,0.904,0.0,0.765,0.574,0.266,0.204,0.48,1.149,0.697,Galil AR|Glock-18|a1h1k0|sm1fl2HE0fr1;AK-47|Glock-18|a1h1k0|sm1fl0HE0fr0;Galil AR|Glock-18|a1h1k0|sm1fl1HE1fr1
t,1900,none,4050,OBSERVED,17,107.6,0,none,3900,3950,4000,,5950,2000,2600,AK-47:48%;Galil AR:37%;none:12%,0.956,0.887,0.0,0.801,0.55,0.259,0.196,0.465,1.036,0.697,AK-47|Glock-18|a1h1k0|sm1fl0HE0fr0;Galil AR|Glock-18|a1h1k0|sm1fl2HE0fr1;Galil AR|Glock-18|a1h1k0|sm1fl1HE1fr1
t,1900,none,4100,OBSERVED,18,110.3,0,none,3900,4000,4000,,6000,2000,2600,AK-47:48%;Galil AR:36%;none:12%,0.952,0.881,0.0,0.809,0.543,0.268,0.181,0.455,0.957,0.698,AK-47|Glock-18|a1h1k0|sm1fl0HE0fr0;Galil AR|Glock-18|a1h1k0|sm1fl2HE0fr1;Galil AR|Glock-18|a1h1k0|sm1fl1HE1fr1
t,1900,none,4150,OBSERVED,24,101.9,0,none,3800,3950,4000,,6050,2100,2700,AK-47:46%;Galil AR:37%;none:14%,0.939,0.864,0.0,0.796,0.55,0.289,0.175,0.45,0.893,0.695,AK-47|Glock-18|a1h1k0|sm1fl0HE0fr0;Galil AR|Glock-18|a1h1k0|sm1fl2HE0fr1;Galil AR|Glock-18|a1h1k0|sm1fl1HE1fr1
t,1900,none,4200,OBSERVED,18,104.6,0,none,3900,4000,4200,,6100,2100,2700,AK-47:62%;Galil AR:25%;none:10%,0.951,0.901,0.0,0.864,0.692,0.289,0.146,0.362,0.878,0.769,AK-47|Glock-18|a1h1k0|sm1fl1HE0fr0;AK-47|Glock-18|a1h1k0|sm1fl0HE0fr0;Galil AR|Glock-18|a1h1k0|sm1fl2HE0fr1
t,1900,none,4250,OBSERVED,15,103.1,0,none,3900,4000,4200,,6150,2150,2750,AK-47:63%;Galil AR:23%;none:12%,0.938,0.89,0.0,0.85,0.745,0.294,0.15,0.341,0.886,0.76,AK-47|Glock-18|a1h1k0|sm1fl1HE0fr0;AK-47|Glock-18|a1h1k0|sm1fl0HE0fr0;Galil AR|Glock-18|a1h1k0|sm1fl2HE0fr1
t,1900,none,4300,OBSERVED,20,109.3,0,none,3900,4200,4200,,6200,2000,2600,AK-47:69%;Galil AR:17%;none:12%,0.936,0.896,0.0,0.851,0.696,0.279,0.248,0.339,0.848,0.724,AK-47|Glock-18|a1h1k0|sm1fl1HE0fr0;AK-47|Glock-18|a1h1k0|sm1fl0HE0fr0;Galil AR|Glock-18|a1h1k0|sm1fl2HE0fr1
t,1900,none,4350,OBSERVED,17,105.2,0,none,3900,4200,4200,,6250,2050,2650,AK-47:70%;Galil AR:16%;none:13%,0.934,0.895,0.0,0.85,0.67,0.267,0.264,0.336,0.762,0.722,AK-47|Glock-18|a1h1k0|sm1fl1HE0fr0;AK-47|Glock-18|a1h1k0|sm1fl0HE0fr0;AK-47|Glock-18|a1h1k0|sm1fl0HE1fr0
t,1900,none,4400,OBSERVED,12,102.5,0,none,4200,4300,4400,,6300,2000,2600,AK-47:86%;none:8%;Galil AR:5%,0.956,0.939,0.0,0.901,0.523,0.287,0.195,0.472,0.619,0.83,AK-47|Glock-18|a1h1k0|sm1fl0HE0fr1;AK-47|Glock-18|a1h1k0|sm1fl1HE0fr0;AK-47|Glock-18|a1h1k0|sm1fl2HE0fr0
t,1900,none,4450,OBSERVED,19,112.5,0,none,4200,4400,4400,,6350,1950,2550,AK-47:90%;none:6%;Galil AR:4%,0.967,0.956,0.0,0.916,0.485,0.298,0.164,0.522,0.461,0.865,AK-47|Glock-18|a1h1k0|sm1fl0HE0fr1;AK-47|Glock-18|a1h1k0|sm1fl2HE0fr0;AK-47|Glock-18|a1h1k0|sm1fl1HE0fr0
t,1900,none,4500,OBSERVED,11,100.0,0,none,4300,4400,4400,,6400,2000,2600,AK-47:91%;none:5%;Galil AR:4%,0.974,0.965,0.0,0.923,0.497,0.302,0.17,0.531,0.293,0.861,AK-47|Glock-18|a1h1k0|sm1fl0HE0fr1;AK-47|Glock-18|a1h1k0|sm1fl2HE0fr0;AK-47|Glock-18|a1h1k0|sm1fl1HE0fr0
t,1900,none,4550,OBSERVED,18,102.5,0,none,4300,4400,4400,,6450,2050,2650,AK-47:91%;none:5%;Galil AR:4%,0.975,0.967,0.0,0.92,0.503,0.306,0.168,0.529,0.192,0.857,AK-47|Glock-18|a1h1k0|sm1fl0HE0fr1;AK-47|Glock-18|a1h1k0|sm1fl2HE0fr0;AK-47|Glock-18|a1h1k0|sm1fl1HE0fr0
t,1900,none,4600,OBSERVED,11,104.1,0,none,4400,4500,4600,,6500,2000,2600,AK-47:96%;Galil AR:3%;none:2%,0.997,0.996,0.0,0.967,0.754,0.215,0.114,0.782,0.15,0.936,AK-47|Glock-18|a1h1k0|sm1fl1HE0fr1;AK-47|Glock-18|a1h1k0|sm1fl0HE0fr1;AK-47|Glock-18|a1h1k0|sm1fl2HE0fr0
t,1900,none,4650,OBSERVED,23,105.1,0,none,4400,4600,4600,,6550,1950,2550,AK-47:96%;Galil AR:2%;none:2%,0.994,0.994,0.0,0.952,0.803,0.189,0.114,0.794,0.13,0.92,AK-47|Glock-18|a1h1k0|sm1fl1HE0fr1;AK-47|Glock-18|a1h1k0|sm1fl0HE0fr1;AK-47|Glock-18|a1h1k0|sm1fl2HE0fr0
t,1900,none,4700,OBSERVED,17,109.6,0,none,4600,4600,4600,,6600,2000,2600,AK-47:96%;none:2%;Galil AR:2%,0.993,0.993,0.0,0.921,0.786,0.15,0.228,0.797,0.137,0.891,AK-47|Glock-18|a1h1k0|sm1fl1HE0fr1;AK-47|Glock-18|a1h1k0|sm1fl0HE0fr1;AK-47|Glock-18|a1h1k0|sm1fl2HE0fr0
t,1900,none,4750,OBSERVED,16,103.5,0,none,4500,4600,4600,,6650,2050,2650,AK-47:95%;none:3%;Galil AR:1%,0.972,0.972,0.0,0.867,0.725,0.135,0.249,0.759,0.16,0.843,AK-47|Glock-18|a1h1k0|sm1fl1HE0fr1;AK-47|Glock-18|a1h1k0|sm1fl0HE1fr1;AK-47|Glock-18|a1h1k0|sm1fl1HE1fr1
t,1900,none,4800,OBSERVED,16,105.6,0,none,4600,4700,4800,,6700,2000,2600,AK-47:96%;none:2%;AWP:1%,0.971,0.97,0.0,0.848,0.777,0.385,0.198,0.826,0.218,0.878,AK-47|Glock-18|a1h1k0|sm1fl2HE0fr1;AK-47|Glock-18|a1h1k0|sm1fl1HE0fr1;AK-47|Glock-18|a1h1k0|sm1fl0HE1fr1
t,1900,none,4850,OBSERVED,21,104.1,0,none,4600,4700,4800,,6750,2050,2650,AK-47:96%;none:3%;AWP:1%,0.963,0.962,0.0,0.826,0.754,0.463,0.165,0.816,0.271,0.882,AK-47|Glock-18|a1h1k0|sm1fl2HE0fr1;AK-47|Glock-18|a1h1k0|sm1fl1HE0fr1;AK-47|Glock-18|a1h1k0|sm1fl0HE1fr1
t,1900,none,4900,OBSERVED,23,103.9,0,none,4700,4800,4900,,6800,2000,2600,AK-47:97%;none:3%;AWP:1%,0.967,0.966,0.0,0.844,0.787,0.396,0.366,0.852,0.32,0.937,AK-47|Glock-18|a1h1k0|sm1fl2HE0fr1;AK-47|Glock-18|a1h1k0|sm1fl1HE1fr1;AK-47|Glock-18|a1h1k0|sm1fl1HE0fr1
t,1900,none,4950,OBSERVED,17,105.2,0,none,4800,4800,4900,,6850,2050,2650,AK-47:96%;none:3%;SSG 08:0%,0.967,0.964,0.0,0.862,0.802,0.379,0.404,0.852,0.367,0.96,AK-47|Glock-18|a1h1k0|sm1fl2HE0fr1;AK-47|Glock-18|a1h1k0|sm1fl1HE1fr1;AK-47|Glock-18|a1h1k0|sm1fl1HE0fr1
t,1900,none,5000,OBSERVED,16,102.3,0,none,4800,4800,4900,,6900,2100,2700,AK-47:96%;none:3%;SSG 08:1%,0.972,0.964,0.0,0.879,0.813,0.377,0.422,0.86,0.387,0.958,AK-47|Glock-18|a1h1k0|sm1fl1HE1fr1;AK-47|Glock-18|a1h1k0|sm1fl2HE0fr1;AK-47|Glock-18|a1h1k0|sm1fl1HE0fr1
t,1900,none,5050,OBSERVED,18,107.9,0,none,4800,4800,4900,,6950,2150,2750,AK-47:97%;none:2%;SSG 08:1%,0.979,0.963,0.0,0.892,0.827,0.377,0.44,0.872,0.357,0.957,AK-47|Glock-18|a1h1k0|sm1fl1HE1fr1;AK-47|Glock-18|a1h1k0|sm1fl2HE0fr1;AK-47|Glock-18|a1h1k0|sm1fl0HE0fr0
t,1900,none,5100,OBSERVED,19,104.2,0,none,4800,4900,4900,,7000,2100,2700,AK-47:97%;SSG 08:1%;none:1%,0.988,0.966,0.0,0.882,0.858,0.386,0.485,0.883,0.319,0.939,AK-47|Glock-18|a1h1k0|sm1fl1HE1fr1;AK-47|Glock-18|a1h1k0|sm1fl2HE0fr1;AK-47|Glock-18|a1h1k0|sm1fl1HE0fr1
t,1900,none,5150,OBSERVED,11,102.7,0,none,4800,4900,4900,,7050,2150,2750,AK-47:98%;SSG 08:2%;none:1%,0.992,0.966,0.0,0.882,0.873,0.389,0.501,0.882,0.272,0.921,AK-47|Glock-18|a1h1k0|sm1fl1HE1fr1;AK-47|Glock-18|a1h1k0|sm1fl2HE0fr1;AK-47|Glock-18|a1h1k0|sm1fl1HE0fr1
t,1900,none,5200,OBSERVED,14,106.5,0,none,4800,4900,4900,,7100,2200,2800,AK-47:98%;SSG 08:2%;none:1%,0.989,0.964,0.0,0.887,0.881,0.389,0.493,0.871,0.258,0.882,AK-47|Glock-18|a1h1k0|sm1fl1HE1fr1;AK-47|Glock-18|a1h1k0|sm1fl2HE0fr1;AK-47|Glock-18|a1h1k0|sm1fl1HE0fr1
t,1900,none,5250,OBSERVED,22,109.9,0,none,4800,4900,4900,,7150,2250,2850,AK-47:97%;SSG 08:2%;none:1%,0.986,0.961,0.0,0.893,0.891,0.396,0.486,0.865,0.247,0.872,AK-47|Glock-18|a1h1k0|sm1fl1HE1fr1;AK-47|Glock-18|a1h1k0|sm1fl2HE0fr1;AK-47|Glock-18|a1h1k0|sm1fl1HE0fr1
t,1900,none,5300,OBSERVED,11,106.1,0,none,4800,4900,4900,,7200,2300,2900,AK-47:97%;SSG 08:2%;none:1%,0.983,0.959,0.0,0.901,0.905,0.4,0.487,0.866,0.247,0.872,AK-47|Glock-18|a1h1k0|sm1fl1HE1fr1;AK-47|Glock-18|a1h1k0|sm1fl2HE0fr1;AK-47|Glock-18|a1h1k0|sm1fl1HE0fr1
t,1900,none,5350,OBSERVED,10,103.1,0,none,4800,4900,4900,,7250,2350,2950,AK-47:97%;SSG 08:1%;none:1%,0.981,0.96,0.0,0.91,0.921,0.392,0.508,0.881,0.238,0.88,AK-47|Glock-18|a1h1k0|sm1fl1HE1fr1;AK-47|Glock-18|a1h1k0|sm1fl2HE0fr1;AK-47|Glock-18|a1h1k0|sm1fl1HE0fr1
t,1900,none,5400,OBSERVED,13,107.2,0,none,4800,4900,4900,,7300,2400,3000,AK-47:93%;AWP:4%;none:1%,0.98,0.927,0.0,0.911,0.941,0.389,0.523,0.867,0.224,0.862,AK-47|Glock-18|a1h1k0|sm1fl1HE1fr1;AK-47|Glock-18|a1h1k0|sm1fl2HE0fr1;AK-47|Glock-18|a1h1k0|sm1fl1HE0fr1
t,1900,none,5450,OBSERVED,11,101.1,0,none,4800,4900,5100,,7350,2450,3050,AK-47:93%;AWP:4%;MAC-10:1%,0.981,0.928,0.0,0.913,0.95,0.377,0.55,0.881,0.204,0.873,AK-47|Glock-18|a1h1k0|sm1fl1HE1fr1;AK-47|Glock-18|a1h1k0|sm1fl2HE0fr1;AK-47|Glock-18|a1h1k0|sm1fl1HE0fr1
t,1900,none,5500,OBSERVED,12,104.8,0,none,4800,4900,5100,,7400,2500,3100,AK-47:94%;AWP:4%;MAC-10:1%,0.982,0.932,0.0,0.918,0.957,0.378,0.564,0.897,0.184,0.878,AK-47|Glock-18|a1h1k0|sm1fl1HE1fr1;AK-47|Glock-18|a1h1k0|sm1fl2HE0fr1;AK-47|Glock-18|a1h1k0|sm1fl1HE0fr1
t,1900,none,5550,OBSERVED,11,101.2,0,none,4800,4900,5100,,7450,2550,3150,AK-47:94%;AWP:3%;MAC-10:1%,0.985,0.939,0.0,0.924,0.956,0.382,0.568,0.91,0.163,0.89,AK-47|Glock-18|a1h1k0|sm1fl1HE1fr1;AK-47|Glock-18|a1h1k0|sm1fl2HE0fr1;AK-47|Glock-18|a1h1k0|sm1fl1HE0fr1
t,1900,none,5600,OBSERVED,11,107.3,0,none,4800,4900,5100,,7500,2600,3200,AK-47:94%;AWP:4%;MAC-10:1%,0.988,0.933,0.0,0.919,0.955,0.405,0.552,0.926,0.153,0.886,AK-47|Glock-18|a1h1k0|sm1fl1HE1fr1;AK-47|Glock-18|a1h1k0|sm1fl2HE0fr1;AK-47|Glock-18|a1h1k0|sm1fl1HE0fr1
t,1900,none,5650,OBSERVED,9,105.4,0,none,4800,4900,4900,,7550,2650,3250,AK-47:95%;AWP:3%;Galil AR:1%,0.991,0.939,0.0,0.926,0.951,0.416,0.543,0.936,0.141,0.903,AK-47|Glock-18|a1h1k0|sm1fl1HE1fr1;AK-47|Glock-18|a1h1k0|sm1fl2HE0fr1;AK-47|Glock-18|a1h1k0|sm1fl1HE0fr1
t,1900,none,5700,OBSERVED,8,103.2,0,none,4800,4900,4900,,7600,2700,3300,AK-47:93%;AWP:5%;Galil AR:2%,0.995,0.921,0.0,0.935,0.922,0.417,0.518,0.919,0.136,0.907,AK-47|Glock-18|a1h1k0|sm1fl1HE1fr1;AK-47|Glock-18|a1h1k0|sm1fl2HE0fr1;AK-47|Glock-18|a1h1k0|sm1fl1HE0fr1
t,1900,none,5750,OBSERVED,13,100.8,0,none,4800,4900,4900,,7650,2750,3350,AK-47:93%;AWP:4%;Galil AR:2%,0.997,0.929,0.0,0.941,0.921,0.426,0.51,0.922,0.124,0.913,AK-47|Glock-18|a1h1k0|sm1fl1HE1fr1;AK-47|Glock-18|a1h1k0|sm1fl2HE0fr1;AK-47|Glock-18|a1h1k0|sm1fl1HE0fr1
t,1900,none,5800,OBSERVED,9,104.9,0,none,4800,4900,4900,,7700,2800,3400,AK-47:94%;AWP:3%;Galil AR:2%,0.998,0.938,0.0,0.946,0.922,0.436,0.504,0.926,0.112,0.919,AK-47|Glock-18|a1h1k0|sm1fl1HE1fr1;AK-47|Glock-18|a1h1k0|sm1fl2HE0fr1;AWP|Glock-18|a1h0k0|sm1fl0HE0fr0
t,1900,none,5850,OBSERVED,8,101.9,0,none,4800,4900,4900,,7750,2850,3450,AK-47:95%;AWP:3%;Galil AR:2%,0.999,0.95,0.0,0.95,0.928,0.445,0.505,0.931,0.094,0.924,AK-47|Glock-18|a1h1k0|sm1fl1HE1fr1;AK-47|Glock-18|a1h1k0|sm1fl2HE0fr1;AK-47|Tec-9|a1h1k0|sm1fl1HE1fr1
t,1900,none,5900,OBSERVED,15,105.5,0,none,4800,4900,4900,,7800,2900,3500,AK-47:94%;AWP:3%;Galil AR:2%,0.999,0.948,0.0,0.955,0.935,0.448,0.501,0.923,0.074,0.919,AK-47|Glock-18|a1h1k0|sm1fl1HE1fr1;AK-47|Glock-18|a1h1k0|sm1fl2HE0fr1;AK-47|Tec-9|a1h1k0|sm1fl1HE1fr1
t,1900,none,5950,OBSERVED,6,102.9,0,none,4800,4900,4900,,7850,2950,3550,AK-47:94%;AWP:4%;Galil AR:2%,1.0,0.96,0.0,0.947,0.942,0.449,0.513,0.929,0.053,0.915,AK-47|Glock-18|a1h1k0|sm1fl1HE1fr1;AK-47|Glock-18|a1h1k0|sm1fl2HE0fr1;AK-47|Tec-9|a1h1k0|sm1fl1HE1fr1
t,1900,none,6000,OBSERVED,12,100.6,0,none,4800,4900,4900,,7900,3000,3600,AK-47:95%;AWP:4%;Galil AR:2%,1.0,0.969,0.0,0.949,0.947,0.452,0.524,0.934,0.038,0.919,AK-47|Glock-18|a1h1k0|sm1fl1HE1fr1;AK-47|Glock-18|a1h1k0|sm1fl2HE0fr1;AK-47|Tec-9|a1h1k0|sm1fl1HE1fr1
t,1900,AK-47,800,OBSERVED,1,36.2,0,exact,0,300,700,,2700,2400,3000,AK-47:84%;Galil AR:11%;MAC-10:3%,0.987,0.987,0.0,0.759,0.624,0.271,0.35,0.557,0.77,0.751,AK-47|Glock-18|a1h1k0|sm1fl2HE0fr1;AK-47|Glock-18|a1h1k0|sm1fl1HE1fr1;AK-47|Glock-18|a1h1k0|sm1fl0HE0fr0
t,1900,AK-47,850,OBSERVED,2,35.8,0,exact,0,400,700,,2750,2350,2950,AK-47:83%;Galil AR:11%;MAC-10:4%,0.984,0.984,0.0,0.768,0.64,0.278,0.355,0.566,0.79,0.747,AK-47|Glock-18|a1h1k0|sm1fl2HE0fr1;AK-47|Glock-18|a1h1k0|sm1fl1HE1fr1;AK-47|Glock-18|a1h1k0|sm1fl0HE0fr0
t,1900,AK-47,900,OBSERVED,1,35.4,0,exact,0,400,700,,2800,2400,3000,AK-47:83%;Galil AR:12%;MAC-10:4%,0.979,0.979,0.0,0.775,0.656,0.285,0.359,0.576,0.818,0.742,AK-47|Glock-18|a1h1k0|sm1fl2HE0fr1;AK-47|Glock-18|a1h1k0|sm1fl1HE1fr1;AK-47|Glock-18|a1h1k0|sm1fl0HE0fr1
t,1900,AK-47,950,OBSERVED,1,34.8,0,exact,200,400,700,,2850,2450,3050,AK-47:82%;Galil AR:12%;MAC-10:4%,0.974,0.974,0.0,0.782,0.671,0.292,0.362,0.585,0.842,0.737,AK-47|Glock-18|a1h1k0|sm1fl2HE0fr1;AK-47|Glock-18|a1h1k0|sm1fl1HE1fr1;AK-47|Glock-18|a1h1k0|sm1fl0HE0fr1
t,1900,AK-47,1000,INTERPOLATED,0,34.2,50,exact,200,500,700,,2900,2400,3000,AK-47:81%;Galil AR:12%;MAC-10:4%,0.968,0.968,0.0,0.787,0.686,0.299,0.363,0.593,0.866,0.732,AK-47|Glock-18|a1h1k0|sm1fl2HE0fr1;AK-47|Glock-18|a1h1k0|sm1fl1HE1fr1;AK-47|Glock-18|a1h1k0|sm1fl1HE0fr0
t,1900,AK-47,1050,OBSERVED,2,33.6,0,exact,200,500,700,,2950,2450,3050,AK-47:80%;Galil AR:12%;MAC-10:4%,0.96,0.96,0.0,0.79,0.699,0.306,0.363,0.601,0.894,0.726,AK-47|Glock-18|a1h1k0|sm1fl2HE0fr1;AK-47|Glock-18|a1h1k0|sm1fl1HE1fr1;AK-47|Glock-18|a1h1k0|sm1fl1HE0fr0
t,1900,AK-47,1100,INTERPOLATED,0,33.0,50,exact,200,600,700,,3000,2400,3000,AK-47:79%;Galil AR:12%;none:5%,0.951,0.951,0.0,0.791,0.71,0.313,0.362,0.607,0.925,0.731,AK-47|Glock-18|a1h1k0|sm1fl2HE0fr1;AK-47|Glock-18|a1h1k0|sm1fl1HE1fr1;AK-47|Glock-18|a1h1k0|sm1fl1HE0fr0
t,1900,AK-47,1150,OBSERVED,2,32.3,0,exact,200,600,700,,3050,2450,3050,AK-47:78%;Galil AR:11%;none:6%,0.941,0.941,0.0,0.79,0.72,0.318,0.36,0.613,0.951,0.742,AK-47|Glock-18|a1h1k0|sm1fl2HE0fr1;AK-47|Glock-18|a1h1k0|sm1fl1HE1fr1;AK-47|Glock-18|a1h1k0|sm1fl1HE0fr0
t,1900,AK-47,1200,OBSERVED,2,31.6,0,exact,200,600,700,,3100,2500,3100,AK-47:77%;Galil AR:11%;none:7%,0.929,0.929,0.0,0.787,0.728,0.323,0.356,0.616,0.98,0.753,AK-47|Glock-18|a1h1k0|sm1fl2HE0fr1;AK-47|Glock-18|a1h1k0|sm1fl1HE1fr1;AK-47|Glock-18|a1h1k0|sm1fl1HE0fr0
t,1900,AK-47,1250,INTERPOLATED,0,31.0,50,exact,200,600,700,,3150,2550,3150,AK-47:76%;Galil AR:11%;none:9%,0.915,0.915,0.0,0.782,0.733,0.327,0.352,0.618,1.009,0.77,AK-47|Glock-18|a1h1k0|sm1fl2HE0fr1;AK-47|Glock-18|a1h1k0|sm1fl1HE1fr1;none|Glock-18|a0h0k0|sm0fl0HE0fr0
t,1900,AK-47,1300,INTERPOLATED,0,30.3,100,exact,200,600,700,,3200,2600,3200,AK-47:75%;Galil AR:10%;none:10%,0.899,0.899,0.0,0.775,0.736,0.33,0.346,0.618,1.036,0.793,AK-47|Glock-18|a1h1k0|sm1fl2HE0fr1;AK-47|Glock-18|a1h1k0|sm1fl1HE1fr1;none|Glock-18|a0h0k0|sm0fl0HE0fr0
t,1900,AK-47,1350,INTERPOLATED,0,29.6,50,exact,200,600,700,,3250,2650,3250,AK-47:74%;none:12%;Galil AR:10%,0.882,0.882,0.0,0.765,0.736,0.332,0.339,0.615,1.061,0.815,AK-47|Glock-18|a1h1k0|sm1fl2HE0fr1;AK-47|Glock-18|a1h1k0|sm1fl1HE1fr1;none|Glock-18|a0h0k0|sm0fl0HE0fr0
t,1900,AK-47,1400,OBSERVED,1,28.8,0,exact,200,600,700,,3300,2700,3300,AK-47:73%;none:14%;Galil AR:9%,0.863,0.863,0.0,0.753,0.733,0.332,0.332,0.61,1.087,0.836,AK-47|Glock-18|a1h1k0|sm1fl2HE0fr1;none|Glock-18|a0h0k0|sm0fl0HE0fr0;AK-47|Glock-18|a1h1k0|sm1fl1HE1fr1
t,1900,AK-47,1450,OBSERVED,1,28.0,0,exact,200,700,700,,3350,2650,3250,AK-47:72%;none:16%;Galil AR:8%,0.843,0.843,0.0,0.739,0.728,0.33,0.323,0.603,1.111,0.856,AK-47|Glock-18|a1h1k0|sm1fl2HE0fr1;none|Glock-18|a0h0k0|sm0fl0HE0fr0;AK-47|Glock-18|a1h1k0|sm1fl1HE1fr1
t,1900,AK-47,1500,OBSERVED,1,27.2,0,exact,0,700,700,,3400,2700,3300,AK-47:71%;none:18%;Galil AR:8%,0.82,0.82,0.0,0.723,0.721,0.327,0.315,0.594,1.127,0.875,AK-47|Glock-18|a1h1k0|sm1fl2HE0fr1;none|Glock-18|a0h0k0|sm0fl0HE0fr0;AK-47|Glock-18|a1h1k0|sm1fl1HE1fr1
t,1900,AK-47,1550,INTERPOLATED,0,26.3,50,exact,0,700,700,,3450,2750,3350,AK-47:69%;none:20%;Galil AR:7%,0.797,0.797,0.0,0.706,0.71,0.322,0.306,0.582,1.143,0.892,AK-47|Glock-18|a1h1k0|sm1fl2HE0fr1;none|Glock-18|a0h0k0|sm0fl0HE0fr0;AK-47|Glock-18|a1h1k0|sm1fl1HE1fr1
t,1900,AK-47,1600,OBSERVED,1,25.4,0,exact,0,700,700,,3500,2800,3400,AK-47:68%;none:23%;Galil AR:6%,0.773,0.773,0.0,0.687,0.698,0.316,0.297,0.569,1.159,0.907,AK-47|Glock-18|a1h1k0|sm1fl2HE0fr1;none|Glock-18|a0h0k0|sm0fl0HE0fr0;AK-47|Glock-18|a1h1k0|sm1fl1HE1fr1
t,1900,AK-47,1650,OBSERVED,1,24.4,0,exact,0,700,700,,3550,2850,3450,AK-47:66%;none:25%;Galil AR:6%,0.748,0.748,0.0,0.668,0.684,0.307,0.288,0.554,1.163,0.921,none|Glock-18|a0h0k0|sm0fl0HE0fr0;AK-47|Glock-18|a1h1k0|sm1fl2HE0fr1;AK-47|Glock-18|a1h1k0|sm1fl1HE1fr1
t,1900,AK-47,1700,INTERPOLATED,0,23.4,50,exact,0,700,700,,3600,2900,3500,AK-47:65%;none:28%;Galil AR:5%,0.722,0.722,0.0,0.647,0.668,0.298,0.279,0.538,1.17,0.933,none|Glock-18|a0h0k0|sm0fl0HE0fr0;AK-47|Glock-18|a1h1k0|sm1fl2HE0fr1;AK-47|Glock-18|a1h1k0|sm1fl1HE1fr1
t,1900,AK-47,1750,INTERPOLATED,0,22.4,50,exact,0,700,700,,3650,2950,3550,AK-47:63%;none:30%;Galil AR:4%,0.697,0.697,0.0,0.627,0.651,0.287,0.27,0.52,1.171,0.944,none|Glock-18|a0h0k0|sm0fl0HE0fr0;AK-47|Glock-18|a1h1k0|sm1fl2HE0fr1;AK-47|Glock-18|a1h1k0|sm1fl1HE1fr1
t,1900,AK-47,1800,OBSERVED,1,21.5,0,exact,0,700,700,,3700,3000,3600,AK-47:61%;none:33%;Galil AR:4%,0.671,0.671,0.0,0.606,0.633,0.274,0.263,0.502,1.169,0.954,none|Glock-18|a0h0k0|sm0fl0HE0fr0;AK-47|Glock-18|a1h1k0|sm1fl2HE0fr1;AK-47|Glock-18|a1h1k0|sm1fl1HE1fr1
t,1900,AK-47,1850,INTERPOLATED,0,20.5,50,exact,0,600,700,,3750,3150,3750,AK-47:60%;none:35%;Galil AR:3%,0.647,0.647,0.0,0.586,0.615,0.261,0.255,0.484,1.165,0.962,none|Glock-18|a0h0k0|sm0fl0HE0fr0;AK-47|Glock-18|a1h1k0|sm1fl2HE0fr1;AK-47|Glock-18|a1h1k0|sm1fl1HE1fr1
t,1900,FAMAS,800,OBSERVED,1,50.3,0,family,0,300,600,,2700,2400,3000,AK-47:73%;Galil AR:16%;M4A1-S:4%,0.974,0.974,0.0,0.664,0.556,0.22,0.273,0.467,1.044,0.643,AK-47|Glock-18|a1h1k0|sm1fl2HE0fr1;AK-47|Glock-18|a1h1k0|sm1fl0HE0fr0;AK-47|Glock-18|a1h1k0|sm1fl1HE1fr1
t,1900,FAMAS,850,OBSERVED,2,49.7,0,family,0,300,600,,2750,2450,3050,AK-47:73%;Galil AR:16%;none:4%,0.968,0.968,0.0,0.673,0.57,0.228,0.28,0.478,1.053,0.642,AK-47|Glock-18|a1h1k0|sm1fl2HE0fr1;AK-47|Glock-18|a1h1k0|sm1fl1HE1fr1;AK-47|Glock-18|a1h1k0|sm1fl0HE0fr0
t,1900,FAMAS,900,OBSERVED,1,48.8,0,family,0,400,700,,2800,2400,3000,AK-47:73%;Galil AR:15%;none:5%,0.962,0.962,0.0,0.691,0.567,0.228,0.279,0.505,1.064,0.625,AK-47|Glock-18|a1h1k0|sm1fl2HE0fr1;AK-47|Glock-18|a1h1k0|sm1fl1HE1fr1;AK-47|Glock-18|a1h1k0|sm1fl1HE0fr0
t,1900,FAMAS,950,OBSERVED,1,47.8,0,family,0,400,700,,2850,2450,3050,AK-47:73%;Galil AR:15%;none:5%,0.953,0.953,0.0,0.699,0.579,0.236,0.284,0.516,1.076,0.627,AK-47|Glock-18|a1h1k0|sm1fl2HE0fr1;AK-47|Glock-18|a1h1k0|sm1fl1HE1fr1;AK-47|Glock-18|a1h1k0|sm1fl1HE0fr0
t,1900,FAMAS,1000,OBSERVED,1,46.7,0,family,0,400,700,,2900,2500,3100,AK-47:72%;Galil AR:15%;none:6%,0.944,0.944,0.0,0.705,0.591,0.243,0.288,0.527,1.087,0.633,AK-47|Glock-18|a1h1k0|sm1fl2HE0fr1;AK-47|Glock-18|a1h1k0|sm1fl1HE1fr1;AK-47|Glock-18|a1h1k0|sm1fl1HE0fr0
t,1900,FAMAS,1050,OBSERVED,2,45.4,0,family,0,400,700,,2950,2550,3150,AK-47:72%;Galil AR:14%;none:7%,0.932,0.932,0.0,0.71,0.601,0.25,0.291,0.536,1.103,0.642,AK-47|Glock-18|a1h1k0|sm1fl2HE0fr1;AK-47|Glock-18|a1h1k0|sm1fl1HE1fr1;AK-47|Glock-18|a1h1k0|sm1fl1HE0fr0
t,1900,FAMAS,1100,INTERPOLATED,0,44.1,50,family,0,400,700,,3000,2600,3200,AK-47:71%;Galil AR:14%;none:9%,0.919,0.919,0.0,0.712,0.611,0.257,0.293,0.545,1.12,0.654,AK-47|Glock-18|a1h1k0|sm1fl2HE0fr1;AK-47|Glock-18|a1h1k0|sm1fl1HE1fr1;none|Glock-18|a0h0k0|sm0fl0HE0fr0
t,1900,FAMAS,1150,OBSERVED,2,42.8,0,family,0,400,700,,3050,2650,3250,AK-47:71%;Galil AR:13%;none:10%,0.904,0.904,0.0,0.712,0.619,0.263,0.293,0.551,1.14,0.671,AK-47|Glock-18|a1h1k0|sm1fl2HE0fr1;AK-47|Glock-18|a1h1k0|sm1fl1HE1fr1;none|Glock-18|a0h0k0|sm0fl0HE0fr0
t,1900,FAMAS,1200,OBSERVED,2,41.5,0,family,0,500,700,,3100,2600,3200,AK-47:70%;Galil AR:12%;none:12%,0.887,0.887,0.0,0.71,0.625,0.268,0.292,0.556,1.152,0.689,AK-47|Glock-18|a1h1k0|sm1fl2HE0fr1;none|Glock-18|a0h0k0|sm0fl0HE0fr0;AK-47|Glock-18|a1h1k0|sm1fl1HE1fr1
t,1900,FAMAS,1250,INTERPOLATED,0,40.2,50,family,0,500,700,,3150,2650,3250,AK-47:69%;none:14%;Galil AR:12%,0.867,0.867,0.0,0.705,0.629,0.272,0.29,0.558,1.172,0.709,AK-47|Glock-18|a1h1k0|sm1fl2HE0fr1;none|Glock-18|a0h0k0|sm0fl0HE0fr0;AK-47|Glock-18|a1h1k0|sm1fl1HE1fr1
t,1900,FAMAS,1300,INTERPOLATED,0,38.9,100,family,0,500,700,,3200,2700,3300,AK-47:68%;none:16%;Galil AR:11%,0.846,0.846,0.0,0.697,0.63,0.276,0.287,0.557,1.185,0.738,AK-47|Glock-18|a1h1k0|sm1fl2HE0fr1;none|Glock-18|a0h0k0|sm0fl0HE0fr0;AK-47|Glock-18|a1h1k0|sm1fl1HE1fr1
t,1900,FAMAS,1350,INTERPOLATED,0,37.7,50,family,0,600,700,,3250,2650,3250,AK-47:68%;none:17%;Galil AR:10%,0.83,0.791,0.0,0.699,0.644,0.305,0.271,0.571,1.202,0.744,AK-47|Glock-18|a1h1k0|sm1fl2HE0fr1;none|Glock-18|a0h0k0|sm0fl0HE0fr0;AK-47|Glock-18|a1h1k0|sm1fl1HE1fr1
t,1900,FAMAS,1400,OBSERVED,1,36.5,0,family,0,600,700,,3300,2700,3300,AK-47:67%;none:19%;Galil AR:9%,0.807,0.766,0.0,0.687,0.641,0.307,0.265,0.566,1.213,0.771,none|Glock-18|a0h0k0|sm0fl0HE0fr0;AK-47|Glock-18|a1h1k0|sm1fl2HE0fr1;AK-47|Glock-18|a1h1k0|sm1fl1HE1fr1
t,1900,FAMAS,1450,OBSERVED,3,35.3,0,family,0,600,700,,3350,2750,3350,AK-47:66%;none:22%;Galil AR:8%,0.782,0.739,0.0,0.672,0.635,0.307,0.258,0.559,1.223,0.798,none|Glock-18|a0h0k0|sm0fl0HE0fr0;AK-47|Glock-18|a1h1k0|sm1fl2HE0fr1;AK-47|Glock-18|a1h1k0|sm1fl1HE1fr1
t,1900,FAMAS,1500,OBSERVED,1,34.2,0,family,0,600,700,,3400,2800,3400,AK-47:64%;none:25%;Galil AR:7%,0.755,0.712,0.0,0.656,0.627,0.304,0.251,0.548,1.232,0.824,none|Glock-18|a0h0k0|sm0fl0HE0fr0;AK-47|Glock-18|a1h1k0|sm1fl2HE0fr1;AK-47|Glock-18|a1h1k0|sm1fl1HE1fr1
t,1900,FAMAS,1550,INTERPOLATED,0,33.1,50,family,0,600,700,,3450,2850,3450,AK-47:63%;none:27%;Galil AR:6%,0.728,0.684,0.0,0.637,0.616,0.3,0.243,0.536,1.236,0.848,none|Glock-18|a0h0k0|sm0fl0HE0fr0;AK-47|Glock-18|a1h1k0|sm1fl2HE0fr1;AK-47|Glock-18|a1h1k0|sm1fl1HE1fr1
t,1900,FAMAS,1600,OBSERVED,1,32.0,0,family,0,600,700,,3500,2900,3500,AK-47:61%;none:30%;Galil AR:6%,0.699,0.656,0.0,0.617,0.603,0.294,0.235,0.521,1.231,0.87,none|Glock-18|a0h0k0|sm0fl0HE0fr0;AK-47|Glock-18|a1h1k0|sm1fl2HE0fr1;AK-47|Glock-18|a1h1k0|sm1fl1HE1fr1
t,1900,FAMAS,1650,OBSERVED,1,30.9,0,family,0,500,700,,3550,3050,3650,AK-47:59%;none:33%;Galil AR:5%,0.671,0.627,0.0,0.595,0.588,0.286,0.227,0.504,1.228,0.889,none|Glock-18|a0h0k0|sm0fl0HE0fr0;AK-47|Glock-18|a1h1k0|sm1fl2HE0fr1;AK-47|Glock-18|a1h1k0|sm1fl1HE1fr1
t,1900,FAMAS,1700,INTERPOLATED,0,29.8,50,family,0,400,700,,3600,3200,3800,AK-47:57%;none:36%;Galil AR:4%,0.642,0.599,0.0,0.573,0.571,0.277,0.219,0.486,1.224,0.906,none|Glock-18|a0h0k0|sm0fl0HE0fr0;AK-47|Glock-18|a1h1k0|sm1fl2HE0fr1;AK-47|Glock-18|a1h1k0|sm1fl1HE1fr1
t,1900,FAMAS,1750,INTERPOLATED,0,28.7,50,family,0,400,700,,3650,3250,3850,AK-47:55%;none:39%;Galil AR:4%,0.613,0.571,0.0,0.551,0.553,0.266,0.212,0.466,1.21,0.922,none|Glock-18|a0h0k0|sm0fl0HE0fr0;AK-47|Glock-18|a1h1k0|sm1fl2HE0fr1;AK-47|Glock-18|a1h1k0|sm1fl1HE1fr1
t,1900,FAMAS,1800,OBSERVED,1,27.7,0,family,0,300,700,,3700,3400,4000,AK-47:53%;none:42%;Galil AR:3%,0.584,0.545,0.0,0.528,0.534,0.253,0.204,0.446,1.199,0.935,none|Glock-18|a0h0k0|sm0fl0HE0fr0;AK-47|Glock-18|a1h1k0|sm1fl2HE0fr1;AK-47|Glock-18|a1h1k0|sm1fl1HE1fr1
t,1900,FAMAS,1850,INTERPOLATED,0,26.7,50,family,0,300,700,,3750,3450,4050,AK-47:51%;none:44%;Galil AR:3%,0.557,0.519,0.0,0.505,0.515,0.24,0.198,0.426,1.182,0.946,none|Glock-18|a0h0k0|sm0fl0HE0fr0;AK-47|Glock-18|a1h1k0|sm1fl2HE0fr1;AK-47|Glock-18|a1h1k0|sm1fl1HE1fr1
t,1900,FAMAS,1900,OBSERVED,1,25.6,0,family,0,200,700,,3800,3600,4200,AK-47:49%;none:47%;Galil AR:2%,0.53,0.495,0.0,0.484,0.496,0.226,0.192,0.406,1.166,0.955,none|Glock-18|a0h0k0|sm0fl0HE0fr0;AK-47|Glock-18|a1h1k0|sm1fl2HE0fr1;AK-47|Glock-18|a1h1k0|sm1fl1HE1fr1
t,1900,FAMAS,1950,OBSERVED,2,24.7,0,family,0,0,700,,3850,3850,4450,none:50%;AK-47:47%;Galil AR:2%,0.505,0.471,0.0,0.463,0.477,0.211,0.187,0.386,1.145,0.962,none|Glock-18|a0h0k0|sm0fl0HE0fr0;AK-47|Glock-18|a1h1k0|sm1fl2HE0fr1;AK-47|Glock-18|a1h1k0|sm1fl1HE1fr1
t,1900,FAMAS,2000,OBSERVED,1,23.7,0,family,0,0,700,,3900,3900,4500,none:52%;AK-47:45%;Galil AR:2%,0.481,0.45,0.0,0.444,0.458,0.196,0.183,0.367,1.126,0.969,none|Glock-18|a0h0k0|sm0fl0HE0fr0;AK-47|Glock-18|a1h1k0|sm1fl2HE0fr1;AK-47|Glock-18|a1h1k0|sm1fl1HE1fr1
t,1900,FAMAS,2050,OBSERVED,1,22.8,0,family,0,0,700,,3950,3950,4550,none:54%;AK-47:43%;Galil AR:1%,0.458,0.43,0.0,0.425,0.44,0.181,0.179,0.348,1.104,0.974,none|Glock-18|a0h0k0|sm0fl0HE0fr0;AK-47|Glock-18|a1h1k0|sm1fl2HE0fr1;AK-47|Glock-18|a1h1k0|sm1fl1HE1fr1
t,1900,FAMAS,2100,OBSERVED,1,22.0,0,family,0,0,700,,4000,4000,4600,none:56%;AK-47:42%;Galil AR:1%,0.437,0.411,0.0,0.408,0.422,0.166,0.177,0.331,1.079,0.977,none|Glock-18|a0h0k0|sm0fl0HE0fr0;AK-47|Glock-18|a1h1k0|sm1fl1HE1fr1;AK-47|Glock-18|a1h1k0|sm1fl2HE0fr1
t,1900,FAMAS,2150,OBSERVED,2,21.1,0,family,0,0,700,,4050,4050,4650,none:58%;AK-47:40%;Galil AR:1%,0.418,0.394,0.0,0.392,0.406,0.151,0.175,0.315,1.057,0.981,none|Glock-18|a0h0k0|sm0fl0HE0fr0;AK-47|Glock-18|a1h1k0|sm1fl1HE1fr1;AK-47|Glock-18|a1h1k0|sm1fl2HE0fr1
t,1900,FAMAS,2200,INTERPOLATED,0,20.4,50,family,0,0,700,,4100,4100,4700,none:60%;AK-47:38%;AWP:1%,0.401,0.379,0.0,0.377,0.391,0.137,0.174,0.301,1.029,0.985,none|Glock-18|a0h0k0|sm0fl0HE0fr0;AK-47|Glock-18|a1h1k0|sm1fl1HE1fr1;AK-47|Glock-18|a1h1k0|sm1fl2HE0fr1
t,1900,Galil AR,800,OBSERVED,1,50.3,0,family,0,300,600,,2700,2400,3000,AK-47:73%;Galil AR:16%;M4A1-S:4%,0.974,0.974,0.0,0.664,0.556,0.22,0.273,0.467,1.044,0.643,AK-47|Glock-18|a1h1k0|sm1fl2HE0fr1;AK-47|Glock-18|a1h1k0|sm1fl0HE0fr0;AK-47|Glock-18|a1h1k0|sm1fl1HE1fr1
t,1900,Galil AR,850,OBSERVED,2,49.7,0,family,0,300,600,,2750,2450,3050,AK-47:73%;Galil AR:16%;none:4%,0.968,0.968,0.0,0.673,0.57,0.228,0.28,0.478,1.053,0.642,AK-47|Glock-18|a1h1k0|sm1fl2HE0fr1;AK-47|Glock-18|a1h1k0|sm1fl1HE1fr1;AK-47|Glock-18|a1h1k0|sm1fl0HE0fr0
t,1900,Galil AR,900,OBSERVED,1,48.8,0,family,0,400,700,,2800,2400,3000,AK-47:73%;Galil AR:15%;none:5%,0.962,0.962,0.0,0.691,0.567,0.228,0.279,0.505,1.064,0.625,AK-47|Glock-18|a1h1k0|sm1fl2HE0fr1;AK-47|Glock-18|a1h1k0|sm1fl1HE1fr1;AK-47|Glock-18|a1h1k0|sm1fl1HE0fr0
t,1900,Galil AR,950,OBSERVED,1,47.8,0,family,0,400,700,,2850,2450,3050,AK-47:73%;Galil AR:15%;none:5%,0.953,0.953,0.0,0.699,0.579,0.236,0.284,0.516,1.076,0.627,AK-47|Glock-18|a1h1k0|sm1fl2HE0fr1;AK-47|Glock-18|a1h1k0|sm1fl1HE1fr1;AK-47|Glock-18|a1h1k0|sm1fl1HE0fr0
t,1900,Galil AR,1000,OBSERVED,1,46.7,0,family,0,400,700,,2900,2500,3100,AK-47:72%;Galil AR:15%;none:6%,0.944,0.944,0.0,0.705,0.591,0.243,0.288,0.527,1.087,0.633,AK-47|Glock-18|a1h1k0|sm1fl2HE0fr1;AK-47|Glock-18|a1h1k0|sm1fl1HE1fr1;AK-47|Glock-18|a1h1k0|sm1fl1HE0fr0
t,1900,Galil AR,1050,OBSERVED,2,45.4,0,family,0,400,700,,2950,2550,3150,AK-47:72%;Galil AR:14%;none:7%,0.932,0.932,0.0,0.71,0.601,0.25,0.291,0.536,1.103,0.642,AK-47|Glock-18|a1h1k0|sm1fl2HE0fr1;AK-47|Glock-18|a1h1k0|sm1fl1HE1fr1;AK-47|Glock-18|a1h1k0|sm1fl1HE0fr0
t,1900,Galil AR,1100,INTERPOLATED,0,44.1,50,family,0,400,700,,3000,2600,3200,AK-47:71%;Galil AR:14%;none:9%,0.919,0.919,0.0,0.712,0.611,0.257,0.293,0.545,1.12,0.654,AK-47|Glock-18|a1h1k0|sm1fl2HE0fr1;AK-47|Glock-18|a1h1k0|sm1fl1HE1fr1;none|Glock-18|a0h0k0|sm0fl0HE0fr0
t,1900,Galil AR,1150,OBSERVED,2,42.8,0,family,0,400,700,,3050,2650,3250,AK-47:71%;Galil AR:13%;none:10%,0.904,0.904,0.0,0.712,0.619,0.263,0.293,0.551,1.14,0.671,AK-47|Glock-18|a1h1k0|sm1fl2HE0fr1;AK-47|Glock-18|a1h1k0|sm1fl1HE1fr1;none|Glock-18|a0h0k0|sm0fl0HE0fr0
t,1900,Galil AR,1200,OBSERVED,2,41.5,0,family,0,500,700,,3100,2600,3200,AK-47:70%;Galil AR:12%;none:12%,0.887,0.887,0.0,0.71,0.625,0.268,0.292,0.556,1.152,0.689,AK-47|Glock-18|a1h1k0|sm1fl2HE0fr1;none|Glock-18|a0h0k0|sm0fl0HE0fr0;AK-47|Glock-18|a1h1k0|sm1fl1HE1fr1
t,1900,Galil AR,1250,INTERPOLATED,0,40.2,50,family,0,500,700,,3150,2650,3250,AK-47:69%;none:14%;Galil AR:12%,0.867,0.867,0.0,0.705,0.629,0.272,0.29,0.558,1.172,0.709,AK-47|Glock-18|a1h1k0|sm1fl2HE0fr1;none|Glock-18|a0h0k0|sm0fl0HE0fr0;AK-47|Glock-18|a1h1k0|sm1fl1HE1fr1
t,1900,Galil AR,1300,INTERPOLATED,0,38.9,100,family,0,500,700,,3200,2700,3300,AK-47:68%;none:16%;Galil AR:11%,0.846,0.846,0.0,0.697,0.63,0.276,0.287,0.557,1.185,0.738,AK-47|Glock-18|a1h1k0|sm1fl2HE0fr1;none|Glock-18|a0h0k0|sm0fl0HE0fr0;AK-47|Glock-18|a1h1k0|sm1fl1HE1fr1
t,1900,Galil AR,1350,INTERPOLATED,0,37.7,50,family,0,600,700,,3250,2650,3250,AK-47:68%;none:17%;Galil AR:10%,0.83,0.791,0.0,0.699,0.644,0.305,0.271,0.571,1.202,0.744,AK-47|Glock-18|a1h1k0|sm1fl2HE0fr1;none|Glock-18|a0h0k0|sm0fl0HE0fr0;AK-47|Glock-18|a1h1k0|sm1fl1HE1fr1
t,1900,Galil AR,1400,OBSERVED,1,36.5,0,family,0,600,700,,3300,2700,3300,AK-47:67%;none:19%;Galil AR:9%,0.807,0.766,0.0,0.687,0.641,0.307,0.265,0.566,1.213,0.771,none|Glock-18|a0h0k0|sm0fl0HE0fr0;AK-47|Glock-18|a1h1k0|sm1fl2HE0fr1;AK-47|Glock-18|a1h1k0|sm1fl1HE1fr1
t,1900,Galil AR,1450,OBSERVED,3,35.3,0,family,0,600,700,,3350,2750,3350,AK-47:66%;none:22%;Galil AR:8%,0.782,0.739,0.0,0.672,0.635,0.307,0.258,0.559,1.223,0.798,none|Glock-18|a0h0k0|sm0fl0HE0fr0;AK-47|Glock-18|a1h1k0|sm1fl2HE0fr1;AK-47|Glock-18|a1h1k0|sm1fl1HE1fr1
t,1900,Galil AR,1500,OBSERVED,1,34.2,0,family,0,600,700,,3400,2800,3400,AK-47:64%;none:25%;Galil AR:7%,0.755,0.712,0.0,0.656,0.627,0.304,0.251,0.548,1.232,0.824,none|Glock-18|a0h0k0|sm0fl0HE0fr0;AK-47|Glock-18|a1h1k0|sm1fl2HE0fr1;AK-47|Glock-18|a1h1k0|sm1fl1HE1fr1
t,1900,Galil AR,1550,INTERPOLATED,0,33.1,50,family,0,600,700,,3450,2850,3450,AK-47:63%;none:27%;Galil AR:6%,0.728,0.684,0.0,0.637,0.616,0.3,0.243,0.536,1.236,0.848,none|Glock-18|a0h0k0|sm0fl0HE0fr0;AK-47|Glock-18|a1h1k0|sm1fl2HE0fr1;AK-47|Glock-18|a1h1k0|sm1fl1HE1fr1
t,1900,Galil AR,1600,OBSERVED,1,32.0,0,family,0,600,700,,3500,2900,3500,AK-47:61%;none:30%;Galil AR:6%,0.699,0.656,0.0,0.617,0.603,0.294,0.235,0.521,1.231,0.87,none|Glock-18|a0h0k0|sm0fl0HE0fr0;AK-47|Glock-18|a1h1k0|sm1fl2HE0fr1;AK-47|Glock-18|a1h1k0|sm1fl1HE1fr1
t,1900,Galil AR,1650,OBSERVED,1,30.9,0,family,0,500,700,,3550,3050,3650,AK-47:59%;none:33%;Galil AR:5%,0.671,0.627,0.0,0.595,0.588,0.286,0.227,0.504,1.228,0.889,none|Glock-18|a0h0k0|sm0fl0HE0fr0;AK-47|Glock-18|a1h1k0|sm1fl2HE0fr1;AK-47|Glock-18|a1h1k0|sm1fl1HE1fr1
t,1900,Galil AR,1700,INTERPOLATED,0,29.8,50,family,0,400,700,,3600,3200,3800,AK-47:57%;none:36%;Galil AR:4%,0.642,0.599,0.0,0.573,0.571,0.277,0.219,0.486,1.224,0.906,none|Glock-18|a0h0k0|sm0fl0HE0fr0;AK-47|Glock-18|a1h1k0|sm1fl2HE0fr1;AK-47|Glock-18|a1h1k0|sm1fl1HE1fr1
t,1900,Galil AR,1750,INTERPOLATED,0,28.7,50,family,0,400,700,,3650,3250,3850,AK-47:55%;none:39%;Galil AR:4%,0.613,0.571,0.0,0.551,0.553,0.266,0.212,0.466,1.21,0.922,none|Glock-18|a0h0k0|sm0fl0HE0fr0;AK-47|Glock-18|a1h1k0|sm1fl2HE0fr1;AK-47|Glock-18|a1h1k0|sm1fl1HE1fr1
t,1900,Galil AR,1800,OBSERVED,1,27.7,0,family,0,300,700,,3700,3400,4000,AK-47:53%;none:42%;Galil AR:3%,0.584,0.545,0.0,0.528,0.534,0.253,0.204,0.446,1.199,0.935,none|Glock-18|a0h0k0|sm0fl0HE0fr0;AK-47|Glock-18|a1h1k0|sm1fl2HE0fr1;AK-47|Glock-18|a1h1k0|sm1fl1HE1fr1
t,1900,Galil AR,1850,INTERPOLATED,0,26.7,50,family,0,300,700,,3750,3450,4050,AK-47:51%;none:44%;Galil AR:3%,0.557,0.519,0.0,0.505,0.515,0.24,0.198,0.426,1.182,0.946,none|Glock-18|a0h0k0|sm0fl0HE0fr0;AK-47|Glock-18|a1h1k0|sm1fl2HE0fr1;AK-47|Glock-18|a1h1k0|sm1fl1HE1fr1
t,1900,Galil AR,1900,OBSERVED,1,25.6,0,family,0,200,700,,3800,3600,4200,AK-47:49%;none:47%;Galil AR:2%,0.53,0.495,0.0,0.484,0.496,0.226,0.192,0.406,1.166,0.955,none|Glock-18|a0h0k0|sm0fl0HE0fr0;AK-47|Glock-18|a1h1k0|sm1fl2HE0fr1;AK-47|Glock-18|a1h1k0|sm1fl1HE1fr1
t,1900,Galil AR,1950,OBSERVED,2,24.7,0,family,0,0,700,,3850,3850,4450,none:50%;AK-47:47%;Galil AR:2%,0.505,0.471,0.0,0.463,0.477,0.211,0.187,0.386,1.145,0.962,none|Glock-18|a0h0k0|sm0fl0HE0fr0;AK-47|Glock-18|a1h1k0|sm1fl2HE0fr1;AK-47|Glock-18|a1h1k0|sm1fl1HE1fr1
t,1900,Galil AR,2000,OBSERVED,1,23.7,0,family,0,0,700,,3900,3900,4500,none:52%;AK-47:45%;Galil AR:2%,0.481,0.45,0.0,0.444,0.458,0.196,0.183,0.367,1.126,0.969,none|Glock-18|a0h0k0|sm0fl0HE0fr0;AK-47|Glock-18|a1h1k0|sm1fl2HE0fr1;AK-47|Glock-18|a1h1k0|sm1fl1HE1fr1
t,1900,Galil AR,2050,OBSERVED,1,22.8,0,family,0,0,700,,3950,3950,4550,none:54%;AK-47:43%;Galil AR:1%,0.458,0.43,0.0,0.425,0.44,0.181,0.179,0.348,1.104,0.974,none|Glock-18|a0h0k0|sm0fl0HE0fr0;AK-47|Glock-18|a1h1k0|sm1fl2HE0fr1;AK-47|Glock-18|a1h1k0|sm1fl1HE1fr1
t,1900,Galil AR,2100,OBSERVED,1,22.0,0,family,0,0,700,,4000,4000,4600,none:56%;AK-47:42%;Galil AR:1%,0.437,0.411,0.0,0.408,0.422,0.166,0.177,0.331,1.079,0.977,none|Glock-18|a0h0k0|sm0fl0HE0fr0;AK-47|Glock-18|a1h1k0|sm1fl1HE1fr1;AK-47|Glock-18|a1h1k0|sm1fl2HE0fr1
t,1900,Galil AR,2150,OBSERVED,2,21.1,0,family,0,0,700,,4050,4050,4650,none:58%;AK-47:40%;Galil AR:1%,0.418,0.394,0.0,0.392,0.406,0.151,0.175,0.315,1.057,0.981,none|Glock-18|a0h0k0|sm0fl0HE0fr0;AK-47|Glock-18|a1h1k0|sm1fl1HE1fr1;AK-47|Glock-18|a1h1k0|sm1fl2HE0fr1
t,1900,Galil AR,2200,INTERPOLATED,0,20.4,50,family,0,0,700,,4100,4100,4700,none:60%;AK-47:38%;AWP:1%,0.401,0.379,0.0,0.377,0.391,0.137,0.174,0.301,1.029,0.985,none|Glock-18|a0h0k0|sm0fl0HE0fr0;AK-47|Glock-18|a1h1k0|sm1fl1HE1fr1;AK-47|Glock-18|a1h1k0|sm1fl2HE0fr1
t,1900,M4A1-S,800,OBSERVED,1,50.3,0,family,0,300,600,,2700,2400,3000,AK-47:73%;Galil AR:16%;M4A1-S:4%,0.974,0.974,0.0,0.664,0.556,0.22,0.273,0.467,1.044,0.643,AK-47|Glock-18|a1h1k0|sm1fl2HE0fr1;AK-47|Glock-18|a1h1k0|sm1fl0HE0fr0;AK-47|Glock-18|a1h1k0|sm1fl1HE1fr1
t,1900,M4A1-S,850,OBSERVED,2,49.7,0,family,0,300,600,,2750,2450,3050,AK-47:73%;Galil AR:16%;none:4%,0.968,0.968,0.0,0.673,0.57,0.228,0.28,0.478,1.053,0.642,AK-47|Glock-18|a1h1k0|sm1fl2HE0fr1;AK-47|Glock-18|a1h1k0|sm1fl1HE1fr1;AK-47|Glock-18|a1h1k0|sm1fl0HE0fr0
t,1900,M4A1-S,900,OBSERVED,1,48.8,0,family,0,400,700,,2800,2400,3000,AK-47:73%;Galil AR:15%;none:5%,0.962,0.962,0.0,0.691,0.567,0.228,0.279,0.505,1.064,0.625,AK-47|Glock-18|a1h1k0|sm1fl2HE0fr1;AK-47|Glock-18|a1h1k0|sm1fl1HE1fr1;AK-47|Glock-18|a1h1k0|sm1fl1HE0fr0
t,1900,M4A1-S,950,OBSERVED,1,47.8,0,family,0,400,700,,2850,2450,3050,AK-47:73%;Galil AR:15%;none:5%,0.953,0.953,0.0,0.699,0.579,0.236,0.284,0.516,1.076,0.627,AK-47|Glock-18|a1h1k0|sm1fl2HE0fr1;AK-47|Glock-18|a1h1k0|sm1fl1HE1fr1;AK-47|Glock-18|a1h1k0|sm1fl1HE0fr0
t,1900,M4A1-S,1000,OBSERVED,1,46.7,0,family,0,400,700,,2900,2500,3100,AK-47:72%;Galil AR:15%;none:6%,0.944,0.944,0.0,0.705,0.591,0.243,0.288,0.527,1.087,0.633,AK-47|Glock-18|a1h1k0|sm1fl2HE0fr1;AK-47|Glock-18|a1h1k0|sm1fl1HE1fr1;AK-47|Glock-18|a1h1k0|sm1fl1HE0fr0
t,1900,M4A1-S,1050,OBSERVED,2,45.4,0,family,0,400,700,,2950,2550,3150,AK-47:72%;Galil AR:14%;none:7%,0.932,0.932,0.0,0.71,0.601,0.25,0.291,0.536,1.103,0.642,AK-47|Glock-18|a1h1k0|sm1fl2HE0fr1;AK-47|Glock-18|a1h1k0|sm1fl1HE1fr1;AK-47|Glock-18|a1h1k0|sm1fl1HE0fr0
t,1900,M4A1-S,1100,INTERPOLATED,0,44.1,50,family,0,400,700,,3000,2600,3200,AK-47:71%;Galil AR:14%;none:9%,0.919,0.919,0.0,0.712,0.611,0.257,0.293,0.545,1.12,0.654,AK-47|Glock-18|a1h1k0|sm1fl2HE0fr1;AK-47|Glock-18|a1h1k0|sm1fl1HE1fr1;none|Glock-18|a0h0k0|sm0fl0HE0fr0
t,1900,M4A1-S,1150,OBSERVED,2,42.8,0,family,0,400,700,,3050,2650,3250,AK-47:71%;Galil AR:13%;none:10%,0.904,0.904,0.0,0.712,0.619,0.263,0.293,0.551,1.14,0.671,AK-47|Glock-18|a1h1k0|sm1fl2HE0fr1;AK-47|Glock-18|a1h1k0|sm1fl1HE1fr1;none|Glock-18|a0h0k0|sm0fl0HE0fr0
t,1900,M4A1-S,1200,OBSERVED,2,41.5,0,family,0,500,700,,3100,2600,3200,AK-47:70%;Galil AR:12%;none:12%,0.887,0.887,0.0,0.71,0.625,0.268,0.292,0.556,1.152,0.689,AK-47|Glock-18|a1h1k0|sm1fl2HE0fr1;none|Glock-18|a0h0k0|sm0fl0HE0fr0;AK-47|Glock-18|a1h1k0|sm1fl1HE1fr1
t,1900,M4A1-S,1250,INTERPOLATED,0,40.2,50,family,0,500,700,,3150,2650,3250,AK-47:69%;none:14%;Galil AR:12%,0.867,0.867,0.0,0.705,0.629,0.272,0.29,0.558,1.172,0.709,AK-47|Glock-18|a1h1k0|sm1fl2HE0fr1;none|Glock-18|a0h0k0|sm0fl0HE0fr0;AK-47|Glock-18|a1h1k0|sm1fl1HE1fr1
t,1900,M4A1-S,1300,INTERPOLATED,0,38.9,100,family,0,500,700,,3200,2700,3300,AK-47:68%;none:16%;Galil AR:11%,0.846,0.846,0.0,0.697,0.63,0.276,0.287,0.557,1.185,0.738,AK-47|Glock-18|a1h1k0|sm1fl2HE0fr1;none|Glock-18|a0h0k0|sm0fl0HE0fr0;AK-47|Glock-18|a1h1k0|sm1fl1HE1fr1
t,1900,M4A1-S,1350,INTERPOLATED,0,37.7,50,family,0,600,700,,3250,2650,3250,AK-47:68%;none:17%;Galil AR:10%,0.83,0.791,0.0,0.699,0.644,0.305,0.271,0.571,1.202,0.744,AK-47|Glock-18|a1h1k0|sm1fl2HE0fr1;none|Glock-18|a0h0k0|sm0fl0HE0fr0;AK-47|Glock-18|a1h1k0|sm1fl1HE1fr1
t,1900,M4A1-S,1400,OBSERVED,1,36.5,0,family,0,600,700,,3300,2700,3300,AK-47:67%;none:19%;Galil AR:9%,0.807,0.766,0.0,0.687,0.641,0.307,0.265,0.566,1.213,0.771,none|Glock-18|a0h0k0|sm0fl0HE0fr0;AK-47|Glock-18|a1h1k0|sm1fl2HE0fr1;AK-47|Glock-18|a1h1k0|sm1fl1HE1fr1
t,1900,M4A1-S,1450,OBSERVED,3,35.3,0,family,0,600,700,,3350,2750,3350,AK-47:66%;none:22%;Galil AR:8%,0.782,0.739,0.0,0.672,0.635,0.307,0.258,0.559,1.223,0.798,none|Glock-18|a0h0k0|sm0fl0HE0fr0;AK-47|Glock-18|a1h1k0|sm1fl2HE0fr1;AK-47|Glock-18|a1h1k0|sm1fl1HE1fr1
t,1900,M4A1-S,1500,OBSERVED,1,34.2,0,family,0,600,700,,3400,2800,3400,AK-47:64%;none:25%;Galil AR:7%,0.755,0.712,0.0,0.656,0.627,0.304,0.251,0.548,1.232,0.824,none|Glock-18|a0h0k0|sm0fl0HE0fr0;AK-47|Glock-18|a1h1k0|sm1fl2HE0fr1;AK-47|Glock-18|a1h1k0|sm1fl1HE1fr1
t,1900,M4A1-S,1550,INTERPOLATED,0,33.1,50,family,0,600,700,,3450,2850,3450,AK-47:63%;none:27%;Galil AR:6%,0.728,0.684,0.0,0.637,0.616,0.3,0.243,0.536,1.236,0.848,none|Glock-18|a0h0k0|sm0fl0HE0fr0;AK-47|Glock-18|a1h1k0|sm1fl2HE0fr1;AK-47|Glock-18|a1h1k0|sm1fl1HE1fr1
t,1900,M4A1-S,1600,OBSERVED,1,32.0,0,family,0,600,700,,3500,2900,3500,AK-47:61%;none:30%;Galil AR:6%,0.699,0.656,0.0,0.617,0.603,0.294,0.235,0.521,1.231,0.87,none|Glock-18|a0h0k0|sm0fl0HE0fr0;AK-47|Glock-18|a1h1k0|sm1fl2HE0fr1;AK-47|Glock-18|a1h1k0|sm1fl1HE1fr1
t,1900,M4A1-S,1650,OBSERVED,1,30.9,0,family,0,500,700,,3550,3050,3650,AK-47:59%;none:33%;Galil AR:5%,0.671,0.627,0.0,0.595,0.588,0.286,0.227,0.504,1.228,0.889,none|Glock-18|a0h0k0|sm0fl0HE0fr0;AK-47|Glock-18|a1h1k0|sm1fl2HE0fr1;AK-47|Glock-18|a1h1k0|sm1fl1HE1fr1
t,1900,M4A1-S,1700,INTERPOLATED,0,29.8,50,family,0,400,700,,3600,3200,3800,AK-47:57%;none:36%;Galil AR:4%,0.642,0.599,0.0,0.573,0.571,0.277,0.219,0.486,1.224,0.906,none|Glock-18|a0h0k0|sm0fl0HE0fr0;AK-47|Glock-18|a1h1k0|sm1fl2HE0fr1;AK-47|Glock-18|a1h1k0|sm1fl1HE1fr1
t,1900,M4A1-S,1750,INTERPOLATED,0,28.7,50,family,0,400,700,,3650,3250,3850,AK-47:55%;none:39%;Galil AR:4%,0.613,0.571,0.0,0.551,0.553,0.266,0.212,0.466,1.21,0.922,none|Glock-18|a0h0k0|sm0fl0HE0fr0;AK-47|Glock-18|a1h1k0|sm1fl2HE0fr1;AK-47|Glock-18|a1h1k0|sm1fl1HE1fr1
t,1900,M4A1-S,1800,OBSERVED,1,27.7,0,family,0,300,700,,3700,3400,4000,AK-47:53%;none:42%;Galil AR:3%,0.584,0.545,0.0,0.528,0.534,0.253,0.204,0.446,1.199,0.935,none|Glock-18|a0h0k0|sm0fl0HE0fr0;AK-47|Glock-18|a1h1k0|sm1fl2HE0fr1;AK-47|Glock-18|a1h1k0|sm1fl1HE1fr1
t,1900,M4A1-S,1850,INTERPOLATED,0,26.7,50,family,0,300,700,,3750,3450,4050,AK-47:51%;none:44%;Galil AR:3%,0.557,0.519,0.0,0.505,0.515,0.24,0.198,0.426,1.182,0.946,none|Glock-18|a0h0k0|sm0fl0HE0fr0;AK-47|Glock-18|a1h1k0|sm1fl2HE0fr1;AK-47|Glock-18|a1h1k0|sm1fl1HE1fr1
t,1900,M4A1-S,1900,OBSERVED,1,25.6,0,family,0,200,700,,3800,3600,4200,AK-47:49%;none:47%;Galil AR:2%,0.53,0.495,0.0,0.484,0.496,0.226,0.192,0.406,1.166,0.955,none|Glock-18|a0h0k0|sm0fl0HE0fr0;AK-47|Glock-18|a1h1k0|sm1fl2HE0fr1;AK-47|Glock-18|a1h1k0|sm1fl1HE1fr1
t,1900,M4A1-S,1950,OBSERVED,2,24.7,0,family,0,0,700,,3850,3850,4450,none:50%;AK-47:47%;Galil AR:2%,0.505,0.471,0.0,0.463,0.477,0.211,0.187,0.386,1.145,0.962,none|Glock-18|a0h0k0|sm0fl0HE0fr0;AK-47|Glock-18|a1h1k0|sm1fl2HE0fr1;AK-47|Glock-18|a1h1k0|sm1fl1HE1fr1
t,1900,M4A1-S,2000,OBSERVED,1,23.7,0,family,0,0,700,,3900,3900,4500,none:52%;AK-47:45%;Galil AR:2%,0.481,0.45,0.0,0.444,0.458,0.196,0.183,0.367,1.126,0.969,none|Glock-18|a0h0k0|sm0fl0HE0fr0;AK-47|Glock-18|a1h1k0|sm1fl2HE0fr1;AK-47|Glock-18|a1h1k0|sm1fl1HE1fr1
t,1900,M4A1-S,2050,OBSERVED,1,22.8,0,family,0,0,700,,3950,3950,4550,none:54%;AK-47:43%;Galil AR:1%,0.458,0.43,0.0,0.425,0.44,0.181,0.179,0.348,1.104,0.974,none|Glock-18|a0h0k0|sm0fl0HE0fr0;AK-47|Glock-18|a1h1k0|sm1fl2HE0fr1;AK-47|Glock-18|a1h1k0|sm1fl1HE1fr1
t,1900,M4A1-S,2100,OBSERVED,1,22.0,0,family,0,0,700,,4000,4000,4600,none:56%;AK-47:42%;Galil AR:1%,0.437,0.411,0.0,0.408,0.422,0.166,0.177,0.331,1.079,0.977,none|Glock-18|a0h0k0|sm0fl0HE0fr0;AK-47|Glock-18|a1h1k0|sm1fl1HE1fr1;AK-47|Glock-18|a1h1k0|sm1fl2HE0fr1
t,1900,M4A1-S,2150,OBSERVED,2,21.1,0,family,0,0,700,,4050,4050,4650,none:58%;AK-47:40%;Galil AR:1%,0.418,0.394,0.0,0.392,0.406,0.151,0.175,0.315,1.057,0.981,none|Glock-18|a0h0k0|sm0fl0HE0fr0;AK-47|Glock-18|a1h1k0|sm1fl1HE1fr1;AK-47|Glock-18|a1h1k0|sm1fl2HE0fr1
t,1900,M4A1-S,2200,INTERPOLATED,0,20.4,50,family,0,0,700,,4100,4100,4700,none:60%;AK-47:38%;AWP:1%,0.401,0.379,0.0,0.377,0.391,0.137,0.174,0.301,1.029,0.985,none|Glock-18|a0h0k0|sm0fl0HE0fr0;AK-47|Glock-18|a1h1k0|sm1fl1HE1fr1;AK-47|Glock-18|a1h1k0|sm1fl2HE0fr1
t,1900,M4A4,800,OBSERVED,1,50.3,0,family,0,300,600,,2700,2400,3000,AK-47:73%;Galil AR:16%;M4A1-S:4%,0.974,0.974,0.0,0.664,0.556,0.22,0.273,0.467,1.044,0.643,AK-47|Glock-18|a1h1k0|sm1fl2HE0fr1;AK-47|Glock-18|a1h1k0|sm1fl0HE0fr0;AK-47|Glock-18|a1h1k0|sm1fl1HE1fr1
t,1900,M4A4,850,OBSERVED,2,49.7,0,family,0,300,600,,2750,2450,3050,AK-47:73%;Galil AR:16%;none:4%,0.968,0.968,0.0,0.673,0.57,0.228,0.28,0.478,1.053,0.642,AK-47|Glock-18|a1h1k0|sm1fl2HE0fr1;AK-47|Glock-18|a1h1k0|sm1fl1HE1fr1;AK-47|Glock-18|a1h1k0|sm1fl0HE0fr0
t,1900,M4A4,900,OBSERVED,1,48.8,0,family,0,400,700,,2800,2400,3000,AK-47:73%;Galil AR:15%;none:5%,0.962,0.962,0.0,0.691,0.567,0.228,0.279,0.505,1.064,0.625,AK-47|Glock-18|a1h1k0|sm1fl2HE0fr1;AK-47|Glock-18|a1h1k0|sm1fl1HE1fr1;AK-47|Glock-18|a1h1k0|sm1fl1HE0fr0
t,1900,M4A4,950,OBSERVED,1,47.8,0,family,0,400,700,,2850,2450,3050,AK-47:73%;Galil AR:15%;none:5%,0.953,0.953,0.0,0.699,0.579,0.236,0.284,0.516,1.076,0.627,AK-47|Glock-18|a1h1k0|sm1fl2HE0fr1;AK-47|Glock-18|a1h1k0|sm1fl1HE1fr1;AK-47|Glock-18|a1h1k0|sm1fl1HE0fr0
t,1900,M4A4,1000,OBSERVED,1,46.7,0,family,0,400,700,,2900,2500,3100,AK-47:72%;Galil AR:15%;none:6%,0.944,0.944,0.0,0.705,0.591,0.243,0.288,0.527,1.087,0.633,AK-47|Glock-18|a1h1k0|sm1fl2HE0fr1;AK-47|Glock-18|a1h1k0|sm1fl1HE1fr1;AK-47|Glock-18|a1h1k0|sm1fl1HE0fr0
t,1900,M4A4,1050,OBSERVED,2,45.4,0,family,0,400,700,,2950,2550,3150,AK-47:72%;Galil AR:14%;none:7%,0.932,0.932,0.0,0.71,0.601,0.25,0.291,0.536,1.103,0.642,AK-47|Glock-18|a1h1k0|sm1fl2HE0fr1;AK-47|Glock-18|a1h1k0|sm1fl1HE1fr1;AK-47|Glock-18|a1h1k0|sm1fl1HE0fr0
t,1900,M4A4,1100,INTERPOLATED,0,44.1,50,family,0,400,700,,3000,2600,3200,AK-47:71%;Galil AR:14%;none:9%,0.919,0.919,0.0,0.712,0.611,0.257,0.293,0.545,1.12,0.654,AK-47|Glock-18|a1h1k0|sm1fl2HE0fr1;AK-47|Glock-18|a1h1k0|sm1fl1HE1fr1;none|Glock-18|a0h0k0|sm0fl0HE0fr0
t,1900,M4A4,1150,OBSERVED,2,42.8,0,family,0,400,700,,3050,2650,3250,AK-47:71%;Galil AR:13%;none:10%,0.904,0.904,0.0,0.712,0.619,0.263,0.293,0.551,1.14,0.671,AK-47|Glock-18|a1h1k0|sm1fl2HE0fr1;AK-47|Glock-18|a1h1k0|sm1fl1HE1fr1;none|Glock-18|a0h0k0|sm0fl0HE0fr0
t,1900,M4A4,1200,OBSERVED,2,41.5,0,family,0,500,700,,3100,2600,3200,AK-47:70%;Galil AR:12%;none:12%,0.887,0.887,0.0,0.71,0.625,0.268,0.292,0.556,1.152,0.689,AK-47|Glock-18|a1h1k0|sm1fl2HE0fr1;none|Glock-18|a0h0k0|sm0fl0HE0fr0;AK-47|Glock-18|a1h1k0|sm1fl1HE1fr1
t,1900,M4A4,1250,INTERPOLATED,0,40.2,50,family,0,500,700,,3150,2650,3250,AK-47:69%;none:14%;Galil AR:12%,0.867,0.867,0.0,0.705,0.629,0.272,0.29,0.558,1.172,0.709,AK-47|Glock-18|a1h1k0|sm1fl2HE0fr1;none|Glock-18|a0h0k0|sm0fl0HE0fr0;AK-47|Glock-18|a1h1k0|sm1fl1HE1fr1
t,1900,M4A4,1300,INTERPOLATED,0,38.9,100,family,0,500,700,,3200,2700,3300,AK-47:68%;none:16%;Galil AR:11%,0.846,0.846,0.0,0.697,0.63,0.276,0.287,0.557,1.185,0.738,AK-47|Glock-18|a1h1k0|sm1fl2HE0fr1;none|Glock-18|a0h0k0|sm0fl0HE0fr0;AK-47|Glock-18|a1h1k0|sm1fl1HE1fr1
t,1900,M4A4,1350,INTERPOLATED,0,37.7,50,family,0,600,700,,3250,2650,3250,AK-47:68%;none:17%;Galil AR:10%,0.83,0.791,0.0,0.699,0.644,0.305,0.271,0.571,1.202,0.744,AK-47|Glock-18|a1h1k0|sm1fl2HE0fr1;none|Glock-18|a0h0k0|sm0fl0HE0fr0;AK-47|Glock-18|a1h1k0|sm1fl1HE1fr1
t,1900,M4A4,1400,OBSERVED,1,36.5,0,family,0,600,700,,3300,2700,3300,AK-47:67%;none:19%;Galil AR:9%,0.807,0.766,0.0,0.687,0.641,0.307,0.265,0.566,1.213,0.771,none|Glock-18|a0h0k0|sm0fl0HE0fr0;AK-47|Glock-18|a1h1k0|sm1fl2HE0fr1;AK-47|Glock-18|a1h1k0|sm1fl1HE1fr1
t,1900,M4A4,1450,OBSERVED,3,35.3,0,family,0,600,700,,3350,2750,3350,AK-47:66%;none:22%;Galil AR:8%,0.782,0.739,0.0,0.672,0.635,0.307,0.258,0.559,1.223,0.798,none|Glock-18|a0h0k0|sm0fl0HE0fr0;AK-47|Glock-18|a1h1k0|sm1fl2HE0fr1;AK-47|Glock-18|a1h1k0|sm1fl1HE1fr1
t,1900,M4A4,1500,OBSERVED,1,34.2,0,family,0,600,700,,3400,2800,3400,AK-47:64%;none:25%;Galil AR:7%,0.755,0.712,0.0,0.656,0.627,0.304,0.251,0.548,1.232,0.824,none|Glock-18|a0h0k0|sm0fl0HE0fr0;AK-47|Glock-18|a1h1k0|sm1fl2HE0fr1;AK-47|Glock-18|a1h1k0|sm1fl1HE1fr1
t,1900,M4A4,1550,INTERPOLATED,0,33.1,50,family,0,600,700,,3450,2850,3450,AK-47:63%;none:27%;Galil AR:6%,0.728,0.684,0.0,0.637,0.616,0.3,0.243,0.536,1.236,0.848,none|Glock-18|a0h0k0|sm0fl0HE0fr0;AK-47|Glock-18|a1h1k0|sm1fl2HE0fr1;AK-47|Glock-18|a1h1k0|sm1fl1HE1fr1
t,1900,M4A4,1600,OBSERVED,1,32.0,0,family,0,600,700,,3500,2900,3500,AK-47:61%;none:30%;Galil AR:6%,0.699,0.656,0.0,0.617,0.603,0.294,0.235,0.521,1.231,0.87,none|Glock-18|a0h0k0|sm0fl0HE0fr0;AK-47|Glock-18|a1h1k0|sm1fl2HE0fr1;AK-47|Glock-18|a1h1k0|sm1fl1HE1fr1
t,1900,M4A4,1650,OBSERVED,1,30.9,0,family,0,500,700,,3550,3050,3650,AK-47:59%;none:33%;Galil AR:5%,0.671,0.627,0.0,0.595,0.588,0.286,0.227,0.504,1.228,0.889,none|Glock-18|a0h0k0|sm0fl0HE0fr0;AK-47|Glock-18|a1h1k0|sm1fl2HE0fr1;AK-47|Glock-18|a1h1k0|sm1fl1HE1fr1
t,1900,M4A4,1700,INTERPOLATED,0,29.8,50,family,0,400,700,,3600,3200,3800,AK-47:57%;none:36%;Galil AR:4%,0.642,0.599,0.0,0.573,0.571,0.277,0.219,0.486,1.224,0.906,none|Glock-18|a0h0k0|sm0fl0HE0fr0;AK-47|Glock-18|a1h1k0|sm1fl2HE0fr1;AK-47|Glock-18|a1h1k0|sm1fl1HE1fr1
t,1900,M4A4,1750,INTERPOLATED,0,28.7,50,family,0,400,700,,3650,3250,3850,AK-47:55%;none:39%;Galil AR:4%,0.613,0.571,0.0,0.551,0.553,0.266,0.212,0.466,1.21,0.922,none|Glock-18|a0h0k0|sm0fl0HE0fr0;AK-47|Glock-18|a1h1k0|sm1fl2HE0fr1;AK-47|Glock-18|a1h1k0|sm1fl1HE1fr1
t,1900,M4A4,1800,OBSERVED,1,27.7,0,family,0,300,700,,3700,3400,4000,AK-47:53%;none:42%;Galil AR:3%,0.584,0.545,0.0,0.528,0.534,0.253,0.204,0.446,1.199,0.935,none|Glock-18|a0h0k0|sm0fl0HE0fr0;AK-47|Glock-18|a1h1k0|sm1fl2HE0fr1;AK-47|Glock-18|a1h1k0|sm1fl1HE1fr1
t,1900,M4A4,1850,INTERPOLATED,0,26.7,50,family,0,300,700,,3750,3450,4050,AK-47:51%;none:44%;Galil AR:3%,0.557,0.519,0.0,0.505,0.515,0.24,0.198,0.426,1.182,0.946,none|Glock-18|a0h0k0|sm0fl0HE0fr0;AK-47|Glock-18|a1h1k0|sm1fl2HE0fr1;AK-47|Glock-18|a1h1k0|sm1fl1HE1fr1
t,1900,M4A4,1900,OBSERVED,1,25.6,0,family,0,200,700,,3800,3600,4200,AK-47:49%;none:47%;Galil AR:2%,0.53,0.495,0.0,0.484,0.496,0.226,0.192,0.406,1.166,0.955,none|Glock-18|a0h0k0|sm0fl0HE0fr0;AK-47|Glock-18|a1h1k0|sm1fl2HE0fr1;AK-47|Glock-18|a1h1k0|sm1fl1HE1fr1
t,1900,M4A4,1950,OBSERVED,2,24.7,0,family,0,0,700,,3850,3850,4450,none:50%;AK-47:47%;Galil AR:2%,0.505,0.471,0.0,0.463,0.477,0.211,0.187,0.386,1.145,0.962,none|Glock-18|a0h0k0|sm0fl0HE0fr0;AK-47|Glock-18|a1h1k0|sm1fl2HE0fr1;AK-47|Glock-18|a1h1k0|sm1fl1HE1fr1
t,1900,M4A4,2000,OBSERVED,1,23.7,0,family,0,0,700,,3900,3900,4500,none:52%;AK-47:45%;Galil AR:2%,0.481,0.45,0.0,0.444,0.458,0.196,0.183,0.367,1.126,0.969,none|Glock-18|a0h0k0|sm0fl0HE0fr0;AK-47|Glock-18|a1h1k0|sm1fl2HE0fr1;AK-47|Glock-18|a1h1k0|sm1fl1HE1fr1
t,1900,M4A4,2050,OBSERVED,1,22.8,0,family,0,0,700,,3950,3950,4550,none:54%;AK-47:43%;Galil AR:1%,0.458,0.43,0.0,0.425,0.44,0.181,0.179,0.348,1.104,0.974,none|Glock-18|a0h0k0|sm0fl0HE0fr0;AK-47|Glock-18|a1h1k0|sm1fl2HE0fr1;AK-47|Glock-18|a1h1k0|sm1fl1HE1fr1
t,1900,M4A4,2100,OBSERVED,1,22.0,0,family,0,0,700,,4000,4000,4600,none:56%;AK-47:42%;Galil AR:1%,0.437,0.411,0.0,0.408,0.422,0.166,0.177,0.331,1.079,0.977,none|Glock-18|a0h0k0|sm0fl0HE0fr0;AK-47|Glock-18|a1h1k0|sm1fl1HE1fr1;AK-47|Glock-18|a1h1k0|sm1fl2HE0fr1
t,1900,M4A4,2150,OBSERVED,2,21.1,0,family,0,0,700,,4050,4050,4650,none:58%;AK-47:40%;Galil AR:1%,0.418,0.394,0.0,0.392,0.406,0.151,0.175,0.315,1.057,0.981,none|Glock-18|a0h0k0|sm0fl0HE0fr0;AK-47|Glock-18|a1h1k0|sm1fl1HE1fr1;AK-47|Glock-18|a1h1k0|sm1fl2HE0fr1
t,1900,M4A4,2200,INTERPOLATED,0,20.4,50,family,0,0,700,,4100,4100,4700,none:60%;AK-47:38%;AWP:1%,0.401,0.379,0.0,0.377,0.391,0.137,0.174,0.301,1.029,0.985,none|Glock-18|a0h0k0|sm0fl0HE0fr0;AK-47|Glock-18|a1h1k0|sm1fl1HE1fr1;AK-47|Glock-18|a1h1k0|sm1fl2HE0fr1
t,2400,none,800,INTERPOLATED_WIDE,0,106.6,700,none,0,0,0,,3200,3200,3800,none:100%,0.081,0.081,0.0,0.011,0.022,0.005,0.002,0.0,0.998,1.0,none|Glock-18|a0h0k0|sm0fl0HE0fr0;none|Desert Eagle|a1h1k0|sm0fl0HE0fr0;none|Glock-18|a0h0k0|sm0fl1HE0fr0
t,2400,none,850,INTERPOLATED_WIDE,0,139.6,750,none,0,0,0,,3250,3250,3850,none:100%,0.084,0.084,0.0,0.011,0.022,0.005,0.001,0.0,0.948,1.0,none|Glock-18|a0h0k0|sm0fl0HE0fr0;none|Desert Eagle|a1h1k0|sm0fl0HE0fr0;none|Glock-18|a0h0k0|sm0fl1HE0fr0
t,2400,none,900,INTERPOLATED_WIDE,0,110.5,800,none,0,0,0,,3300,3300,3900,none:100%,0.071,0.071,0.0,0.011,0.022,0.005,0.001,0.0,0.946,1.0,none|Glock-18|a0h0k0|sm0fl0HE0fr0;none|Desert Eagle|a1h1k0|sm0fl0HE0fr0;none|Glock-18|a0h0k0|sm0fl1HE0fr0
t,2400,none,950,INTERPOLATED_WIDE,0,107.5,850,none,0,0,0,,3350,3350,3950,none:100%,0.062,0.062,0.0,0.011,0.023,0.006,0.0,0.0,0.893,1.0,none|Glock-18|a0h0k0|sm0fl0HE0fr0;none|Desert Eagle|a1h1k0|sm0fl0HE0fr0;none|Glock-18|a0h0k0|sm0fl1HE0fr0
t,2400,none,1000,INTERPOLATED_WIDE,0,167.0,900,none,0,0,0,,3400,3400,4000,none:100%,0.007,0.007,0.0,0.014,0.027,0.007,0.0,0.0,0.621,1.0,none|Glock-18|a0h0k0|sm0fl0HE0fr0;none|Glock-18|a0h0k0|sm0fl1HE0fr0;none|Glock-18|a0h0k0|sm1fl0HE0fr0
t,2400,none,1050,INTERPOLATED_WIDE,0,166.0,850,none,0,0,0,,3450,3450,4050,none:100%,0.0,0.0,0.0,0.014,0.027,0.007,0.0,0.0,0.586,1.0,none|Glock-18|a0h0k0|sm0fl0HE0fr0;none|Glock-18|a0h0k0|sm0fl1HE0fr0;none|Glock-18|a0h0k0|sm1fl0HE0fr0
t,2400,none,1100,INTERPOLATED_WIDE,0,166.0,800,none,0,0,0,,3500,3500,4100,none:100%,0.0,0.0,0.0,0.014,0.027,0.007,0.0,0.0,0.586,1.0,none|Glock-18|a0h0k0|sm0fl0HE0fr0;none|Glock-18|a0h0k0|sm0fl1HE0fr0;none|Glock-18|a0h0k0|sm1fl0HE0fr0
t,2400,none,1150,INTERPOLATED_WIDE,0,166.0,750,none,0,0,0,,3550,3550,4150,none:100%,0.007,0.0,0.0,0.014,0.027,0.007,0.0,0.0,0.586,1.0,none|Glock-18|a0h0k0|sm0fl0HE0fr0;none|Glock-18|a0h0k0|sm0fl1HE0fr0;none|Glock-18|a0h0k0|sm1fl0HE0fr0
t,2400,none,1200,INTERPOLATED_WIDE,0,166.0,700,none,0,0,0,,3600,3600,4200,none:100%,0.007,0.0,0.0,0.02,0.034,0.007,0.0,0.0,0.586,1.0,none|Glock-18|a0h0k0|sm0fl0HE0fr0;none|Glock-18|a0h0k0|sm0fl1HE0fr0;none|Glock-18|a0h0k0|sm1fl0HE0fr0
t,2400,none,1250,INTERPOLATED_WIDE,0,166.0,650,none,0,0,0,,3650,3650,4250,none:100%,0.007,0.0,0.0,0.02,0.034,0.007,0.0,0.0,0.586,1.0,none|Glock-18|a0h0k0|sm0fl0HE0fr0;none|Glock-18|a0h0k0|sm0fl1HE0fr0;none|Glock-18|a0h0k0|sm1fl0HE0fr0
t,2400,none,1300,INTERPOLATED_WIDE,0,166.0,600,none,0,0,0,,3700,3700,4300,none:100%,0.007,0.0,0.0,0.02,0.034,0.007,0.0,0.0,0.586,1.0,none|Glock-18|a0h0k0|sm0fl0HE0fr0;none|Glock-18|a0h0k0|sm0fl1HE0fr0;none|Glock-18|a0h0k0|sm1fl0HE0fr0
t,2400,none,1350,INTERPOLATED_WIDE,0,166.0,550,none,0,0,0,,3750,3750,4350,none:100%;MAC-10:0%,0.007,0.0,0.0,0.02,0.034,0.007,0.0,0.0,0.586,1.0,none|Glock-18|a0h0k0|sm0fl0HE0fr0;none|Glock-18|a0h0k0|sm0fl1HE0fr0;none|Glock-18|a0h0k0|sm1fl0HE0fr0
t,2400,none,1400,INTERPOLATED_WIDE,0,166.0,500,none,0,0,0,,3800,3800,4400,none:100%;MAC-10:0%,0.007,0.0,0.0,0.02,0.034,0.007,0.0,0.0,0.586,1.0,none|Glock-18|a0h0k0|sm0fl0HE0fr0;none|Glock-18|a0h0k0|sm0fl1HE0fr0;none|Glock-18|a0h0k0|sm1fl0HE0fr0
t,2400,none,1450,INTERPOLATED_WIDE,0,166.0,450,none,0,0,0,,3850,3850,4450,none:100%;MAC-10:0%,0.007,0.0,0.0,0.02,0.034,0.007,0.0,0.0,0.586,1.0,none|Glock-18|a0h0k0|sm0fl0HE0fr0;none|Glock-18|a0h0k0|sm0fl1HE0fr0;none|Glock-18|a0h0k0|sm1fl0HE0fr0
t,2400,none,1500,INTERPOLATED_WIDE,0,166.0,400,none,0,0,0,,3900,3900,4500,none:100%;MAC-10:0%,0.007,0.0,0.0,0.02,0.034,0.007,0.0,0.0,0.586,1.0,none|Glock-18|a0h0k0|sm0fl0HE0fr0;none|Glock-18|a0h0k0|sm0fl1HE0fr0;none|Glock-18|a0h0k0|sm1fl0HE0fr0
t,2400,none,1550,INTERPOLATED_WIDE,0,166.0,350,none,0,0,0,,3950,3950,4550,none:100%;MAC-10:0%,0.007,0.0,0.0,0.02,0.034,0.007,0.0,0.0,0.586,1.0,none|Glock-18|a0h0k0|sm0fl0HE0fr0;none|Glock-18|a0h0k0|sm0fl1HE0fr0;none|Glock-18|a0h0k0|sm1fl0HE0fr0
t,2400,none,1600,INTERPOLATED_WIDE,0,166.0,300,none,0,0,0,,4000,4000,4600,none:100%;MAC-10:0%,0.007,0.0,0.0,0.02,0.034,0.007,0.0,0.0,0.586,1.0,none|Glock-18|a0h0k0|sm0fl0HE0fr0;none|Glock-18|a0h0k0|sm0fl1HE0fr0;none|Glock-18|a0h0k0|sm1fl0HE0fr0
t,2400,none,1650,INTERPOLATED_WIDE,0,166.0,250,none,0,0,0,,4050,4050,4650,none:100%;MAC-10:0%,0.007,0.0,0.0,0.02,0.034,0.007,0.0,0.0,0.586,1.0,none|Glock-18|a0h0k0|sm0fl0HE0fr0;none|Glock-18|a0h0k0|sm0fl1HE0fr0;none|Glock-18|a0h0k0|sm1fl0HE0fr0
t,2400,none,1700,INTERPOLATED,0,166.0,200,none,0,0,0,,4100,4100,4700,none:98%;SSG 08:2%;MAC-10:0%,0.007,0.0,0.0,0.02,0.033,0.007,0.0,0.0,0.586,1.0,none|Glock-18|a0h0k0|sm0fl0HE0fr0;SSG 08|Glock-18|a0h0k0|sm0fl0HE0fr0;none|Glock-18|a0h0k0|sm0fl1HE0fr0
t,2400,none,1750,INTERPOLATED,0,166.0,150,none,0,0,0,,4150,4150,4750,none:98%;SSG 08:2%;MAC-10:0%,0.013,0.0,0.0,0.026,0.033,0.007,0.007,0.0,0.586,1.0,none|Glock-18|a0h0k0|sm0fl0HE0fr0;SSG 08|Glock-18|a0h0k0|sm0fl0HE0fr0;none|Glock-18|a0h0k0|sm0fl1HE0fr0
t,2400,none,1800,INTERPOLATED,0,166.0,100,none,0,0,0,,4200,4200,4800,none:98%;SSG 08:2%;MAC-10:0%,0.044,0.032,0.0,0.057,0.038,0.013,0.013,0.006,0.586,0.987,none|Glock-18|a0h0k0|sm0fl0HE0fr0;none|Tec-9|a1h1k0|sm1fl0HE0fr0;SSG 08|Glock-18|a0h0k0|sm0fl0HE0fr0
t,2400,none,1850,INTERPOLATED,0,166.0,50,none,0,0,0,,4250,4250,4850,none:98%;SSG 08:2%;MAC-10:0%,0.079,0.03,0.0,0.085,0.067,0.024,0.012,0.012,0.586,0.957,none|Glock-18|a0h0k0|sm0fl0HE0fr0;none|Tec-9|a1h1k0|sm1fl0HE0fr0;SSG 08|Glock-18|a0h0k0|sm0fl0HE0fr0
t,2400,none,1900,OBSERVED,166,174.6,0,none,0,0,0,,4300,4300,4900,none:98%;SSG 08:2%;MAC-10:0%,0.09,0.042,0.0,0.084,0.077,0.036,0.012,0.012,0.584,0.952,none|Glock-18|a0h0k0|sm0fl0HE0fr0;none|Tec-9|a1h1k0|sm1fl0HE0fr0;SSG 08|Glock-18|a0h0k0|sm0fl0HE0fr0
t,2400,none,1950,OBSERVED,99,129.9,0,none,0,0,0,,4350,4350,4950,none:99%;SSG 08:1%;MAC-10:0%,0.072,0.03,0.0,0.082,0.046,0.022,0.019,0.02,0.61,0.988,none|Glock-18|a0h0k0|sm0fl0HE0fr0;none|Tec-9|a1h1k0|sm1fl0HE0fr0;none|Tec-9|a1h0k0|sm1fl2HE0fr0
t,2400,none,2000,OBSERVED,170,211.5,0,none,0,0,0,,4400,4400,5000,none:98%;SSG 08:2%;MAC-10:0%,0.155,0.104,0.0,0.169,0.159,0.05,0.013,0.028,0.785,0.926,none|Glock-18|a0h0k0|sm0fl0HE0fr0;none|Tec-9|a1h1k0|sm1fl1HE0fr0;none|Glock-18|a0h0k0|sm0fl1HE0fr0
t,2400,none,2050,OBSERVED,359,375.2,0,none,0,0,300,,4450,4450,5050,none:99%;SSG 08:1%;MAC-10:0%,0.208,0.16,0.0,0.192,0.142,0.036,0.025,0.017,0.844,0.931,none|Glock-18|a0h0k0|sm0fl0HE0fr0;none|Tec-9|a1h1k0|sm1fl1HE0fr0;none|Desert Eagle|a1h1k0|sm1fl0HE0fr0
t,2400,none,2100,OBSERVED,16,308.7,0,none,0,0,300,,4500,4500,5100,none:100%;SSG 08:0%;MAC-10:0%,0.2,0.153,0.0,0.196,0.139,0.03,0.02,0.041,0.863,0.915,none|Glock-18|a0h0k0|sm0fl0HE0fr0;none|Tec-9|a1h1k0|sm1fl1HE0fr0;none|Desert Eagle|a1h1k0|sm1fl0HE0fr0
t,2400,none,2150,OBSERVED,15,123.5,0,none,0,0,200,,4550,4550,5150,none:100%;SSG 08:0%;MAC-10:0%,0.126,0.096,0.0,0.13,0.134,0.027,0.008,0.045,0.796,0.926,none|Glock-18|a0h0k0|sm0fl0HE0fr0;none|P250|a0h0k0|sm0fl0HE0fr0;none|Glock-18|a0h0k0|sm0fl1HE0fr0
t,2400,none,2200,OBSERVED,42,115.2,0,none,0,0,300,,4600,4600,5200,none:100%;SSG 08:0%;Galil AR:0%,0.155,0.139,0.0,0.164,0.16,0.071,0.009,0.093,0.797,0.915,none|Glock-18|a0h0k0|sm0fl0HE0fr0;none|Desert Eagle|a0h0k0|sm0fl0HE0fr0;none|P250|a0h0k0|sm0fl0HE0fr0
t,2400,none,2250,OBSERVED,27,124.0,0,none,0,0,700,,4650,4650,5250,none:99%;SSG 08:1%;Galil AR:1%,0.136,0.13,0.0,0.152,0.158,0.07,0.014,0.075,0.777,0.939,none|Glock-18|a0h0k0|sm0fl0HE0fr0;none|Desert Eagle|a0h0k0|sm0fl0HE0fr0;none|Glock-18|a0h0k0|sm0fl1HE0fr0
t,2400,none,2300,OBSERVED,55,124.0,0,none,0,0,700,,4700,4700,5300,none:97%;SSG 08:1%;Galil AR:1%,0.137,0.137,0.0,0.154,0.137,0.049,0.034,0.057,0.815,0.946,none|Glock-18|a0h0k0|sm0fl0HE0fr0;none|Desert Eagle|a0h0k0|sm0fl0HE0fr0;none|P250|a0h0k0|sm0fl0HE0fr0
t,2400,none,2350,OBSERVED,107,112.8,0,none,0,200,700,,4750,4550,5150,none:96%;MAC-10:3%;SSG 08:1%,0.113,0.113,0.0,0.149,0.103,0.029,0.028,0.029,0.596,0.961,none|Glock-18|a0h0k0|sm0fl0HE0fr0;none|Desert Eagle|a0h0k0|sm0fl0HE0fr0;none|Glock-18|a0h0k0|sm0fl1HE0fr0
t,2400,none,2400,OBSERVED,12,143.4,0,none,0,200,700,,4800,4600,5200,none:97%;MAC-10:3%;SSG 08:1%,0.142,0.134,0.0,0.158,0.117,0.041,0.022,0.052,0.748,0.903,none|Glock-18|a0h0k0|sm0fl0HE0fr0;none|Desert Eagle|a0h0k0|sm0fl0HE0fr0;none|P250|a0h0k0|sm0fl0HE0fr0
t,2400,none,2450,OBSERVED,19,141.8,0,none,0,300,700,,4850,4550,5150,none:93%;MAC-10:4%;Galil AR:1%,0.226,0.178,0.0,0.211,0.179,0.089,0.039,0.083,1.055,0.846,none|Glock-18|a0h0k0|sm0fl0HE0fr0;none|Desert Eagle|a0h0k0|sm0fl0HE0fr0;none|P250|a0h0k0|sm0fl0HE0fr0
t,2400,none,2500,OBSERVED,51,114.2,0,none,0,700,2200,,4900,4200,4800,none:92%;MAC-10:4%;Galil AR:3%,0.33,0.252,0.0,0.288,0.217,0.103,0.104,0.129,1.194,0.78,none|Glock-18|a0h0k0|sm0fl0HE0fr0;none|Desert Eagle|a0h0k0|sm0fl0HE0fr0;none|Tec-9|a1h1k0|sm1fl1HE0fr1
t,2400,none,2550,OBSERVED,50,115.6,0,none,0,700,2400,,4950,4250,4850,none:85%;MAC-10:7%;Galil AR:5%,0.371,0.239,0.0,0.307,0.229,0.068,0.084,0.123,1.246,0.723,none|Glock-18|a0h0k0|sm0fl0HE0fr0;none|Desert Eagle|a0h0k0|sm0fl0HE0fr0;none|P250|a0h0k0|sm0fl0HE0fr0
t,2400,none,2600,OBSERVED,74,165.4,0,none,300,2000,2550,,5000,3000,3600,none:86%;MAC-10:6%;Galil AR:6%,0.541,0.43,0.0,0.503,0.366,0.192,0.097,0.302,1.313,0.684,none|Glock-18|a0h0k0|sm0fl0HE0fr0;none|Desert Eagle|a0h0k0|sm0fl0HE0fr0;none|Tec-9|a1h1k0|sm1fl2HE0fr1
t,2400,none,2650,OBSERVED,128,135.4,0,none,700,2450,2600,,5050,2600,3200,none:71%;Galil AR:13%;MAC-10:12%,0.63,0.497,0.0,0.522,0.42,0.181,0.147,0.335,1.249,0.693,none|Desert Eagle|a0h0k0|sm0fl0HE0fr0;none|Tec-9|a1h1k0|sm1fl2HE0fr1;none|Glock-18|a0h0k0|sm0fl0HE0fr0
t,2400,none,2700,OBSERVED,11,103.8,0,none,400,1700,2600,,5100,3400,4000,none:79%;Galil AR:10%;MAC-10:9%,0.556,0.438,0.0,0.439,0.388,0.18,0.14,0.292,1.404,0.662,none|Glock-18|a0h0k0|sm0fl0HE0fr0;none|Desert Eagle|a0h0k0|sm0fl0HE0fr0;none|Tec-9|a1h1k0|sm1fl2HE0fr1
t,2400,none,2750,OBSERVED,6,113.9,0,none,400,700,2600,,5150,4450,5050,none:87%;MAC-10:6%;Galil AR:5%,0.471,0.404,0.0,0.434,0.404,0.18,0.179,0.267,1.356,0.648,none|Desert Eagle|a0h0k0|sm0fl0HE0fr0;none|Glock-18|a0h0k0|sm0fl0HE0fr0;none|Tec-9|a1h1k0|sm1fl2HE0fr1
t,2400,none,2800,OBSERVED,28,108.8,0,none,600,800,2650,,5200,4400,5000,none:83%;Galil AR:11%;MAC-10:5%,0.469,0.411,0.0,0.389,0.354,0.166,0.159,0.249,1.398,0.66,none|Desert Eagle|a0h0k0|sm0fl0HE0fr0;none|Glock-18|a0h0k0|sm0fl0HE0fr0;none|Tec-9|a1h1k0|sm1fl2HE0fr1
t,2400,none,2850,OBSERVED,22,117.7,0,none,700,1000,2700,,5250,4250,4850,none:77%;Galil AR:16%;MAC-10:4%,0.496,0.398,0.0,0.388,0.301,0.151,0.134,0.22,1.455,0.654,none|Desert Eagle|a0h0k0|sm0fl0HE0fr0;none|Glock-18|a0h0k0|sm0fl0HE0fr0;Galil AR|Glock-18|a1h1k0|sm0fl0HE0fr0
t,2400,none,2900,OBSERVED,43,125.8,0,none,700,2200,2800,,5300,3100,3700,none:65%;Galil AR:27%;SSG 08:4%,0.617,0.478,0.0,0.431,0.31,0.152,0.116,0.207,1.463,0.639,Galil AR|Glock-18|a1h1k0|sm0fl0HE0fr0;none|Desert Eagle|a0h0k0|sm0fl0HE0fr0;none|Glock-18|a0h0k0|sm0fl0HE0fr0
t,2400,none,2950,OBSERVED,76,117.3,0,none,700,2600,2800,,5350,2750,3350,none:58%;Galil AR:32%;MAC-10:6%,0.671,0.565,0.0,0.404,0.298,0.126,0.134,0.221,1.425,0.641,Galil AR|Glock-18|a1h1k0|sm0fl0HE0fr0;none|Desert Eagle|a0h0k0|sm0fl0HE0fr0;none|Glock-18|a0h0k0|sm0fl0HE0fr0
t,2400,none,3000,OBSERVED,8,116.0,0,none,700,2000,2800,,5400,3400,4000,none:64%;Galil AR:26%;MAC-10:6%,0.619,0.513,0.0,0.392,0.287,0.112,0.134,0.208,1.531,0.624,Galil AR|Glock-18|a1h1k0|sm0fl0HE0fr0;none|Desert Eagle|a0h0k0|sm0fl0HE0fr0;none|Glock-18|a0h0k0|sm0fl0HE0fr0
t,2400,none,3050,OBSERVED,12,116.1,0,none,700,1350,2800,,5450,4100,4700,none:72%;Galil AR:18%;MAC-10:7%,0.546,0.424,0.0,0.398,0.282,0.098,0.14,0.202,1.62,0.624,none|Desert Eagle|a0h0k0|sm0fl0HE0fr0;Galil AR|Glock-18|a1h1k0|sm0fl0HE0fr0;none|Glock-18|a0h0k0|sm0fl0HE0fr0
t,2400,none,3100,OBSERVED,13,101.8,0,none,700,1350,2900,,5500,4150,4750,none:64%;Galil AR:28%;MAC-10:5%,0.571,0.46,0.0,0.458,0.26,0.087,0.126,0.183,1.635,0.604,none|Desert Eagle|a0h0k0|sm0fl0HE0fr0;Galil AR|Glock-18|a1h1k0|sm0fl0HE0fr0;none|Glock-18|a0h0k0|sm0fl0HE0fr0
t,2400,none,3150,OBSERVED,7,102.6,0,none,700,1800,3100,,5550,3750,4350,none:58%;Galil AR:35%;MAC-10:5%,0.597,0.494,0.0,0.504,0.222,0.075,0.116,0.173,1.584,0.625,Galil AR|Glock-18|a1h1k0|sm1fl0HE0fr0;none|Desert Eagle|a0h0k0|sm0fl0HE0fr0;none|Glock-18|a0h0k0|sm0fl0HE0fr0
t,2400,none,3200,OBSERVED,12,103.9,0,none,700,2200,3100,,5600,3400,4000,none:54%;Galil AR:40%;MAC-10:5%,0.631,0.529,0.0,0.53,0.192,0.07,0.11,0.184,1.541,0.637,Galil AR|Glock-18|a1h1k0|sm1fl0HE0fr0;none|Glock-18|a0h0k0|sm0fl0HE0fr0;none|Desert Eagle|a0h0k0|sm0fl0HE0fr0
t,2400,none,3250,OBSERVED,27,100.5,0,none,700,2200,3100,,5650,3450,4050,none:53%;Galil AR:39%;MAC-10:7%,0.658,0.549,0.0,0.563,0.188,0.073,0.118,0.2,1.529,0.642,Galil AR|Glock-18|a1h1k0|sm1fl0HE0fr0;none|Glock-18|a0h0k0|sm0fl0HE0fr0;none|Desert Eagle|a0h0k0|sm0fl0HE0fr0
t,2400,none,3300,OBSERVED,9,107.4,0,none,800,2700,3100,,5700,3000,3600,none:50%;Galil AR:42%;MAC-10:7%,0.708,0.597,0.0,0.617,0.275,0.092,0.133,0.203,1.564,0.611,Galil AR|Glock-18|a1h1k0|sm1fl0HE0fr0;none|Glock-18|a0h0k0|sm0fl0HE0fr0;Galil AR|Glock-18|a1h1k0|sm1fl1HE0fr0
t,2400,none,3350,OBSERVED,15,104.5,0,none,1000,2200,3100,,5750,3550,4150,none:57%;Galil AR:34%;MAC-10:7%,0.719,0.559,0.0,0.62,0.309,0.115,0.128,0.203,1.609,0.56,none|Glock-18|a0h0k0|sm0fl0HE0fr0;Galil AR|Glock-18|a1h1k0|sm1fl0HE0fr0;Galil AR|Glock-18|a1h1k0|sm1fl1HE0fr0
t,2400,none,3400,OBSERVED,14,105.8,0,none,1000,2050,3100,,5800,3750,4350,none:63%;Galil AR:28%;MAC-10:6%,0.733,0.525,0.0,0.636,0.32,0.142,0.139,0.181,1.62,0.516,none|Glock-18|a0h0k0|sm0fl0HE0fr0;Galil AR|Glock-18|a1h1k0|sm1fl0HE0fr0;Galil AR|Glock-18|a1h1k0|sm1fl1HE0fr0
t,2400,none,3450,OBSERVED,20,104.8,0,none,1000,1850,3100,,5850,4000,4600,none:68%;Galil AR:23%;MAC-10:6%,0.75,0.491,0.0,0.652,0.324,0.163,0.14,0.169,1.604,0.503,none|Glock-18|a0h0k0|sm0fl0HE0fr0;Galil AR|Glock-18|a1h1k0|sm1fl1HE0fr0;none|Desert Eagle|a1h0k0|sm0fl0HE0fr0
t,2400,none,3500,OBSERVED,17,101.9,0,none,1350,2200,3400,,5900,3700,4300,none:57%;Galil AR:34%;MAC-10:4%,0.822,0.569,0.0,0.746,0.357,0.235,0.111,0.216,1.581,0.533,Galil AR|Glock-18|a1h1k0|sm1fl0HE0fr1;Galil AR|Glock-18|a1h1k0|sm1fl2HE0fr0;none|Glock-18|a0h0k0|sm0fl0HE0fr0
t,2400,none,3550,OBSERVED,24,107.0,0,none,1500,2350,3500,,5950,3600,4200,none:52%;Galil AR:33%;AK-47:9%,0.86,0.555,0.0,0.731,0.4,0.23,0.102,0.221,1.557,0.543,Galil AR|Glock-18|a1h1k0|sm1fl0HE0fr1;Galil AR|Glock-18|a1h1k0|sm1fl2HE0fr0;AK-47|Glock-18|a1h0k0|sm0fl1HE0fr0
t,2400,none,3600,OBSERVED,12,104.9,0,none,1650,2400,3500,,6000,3600,4200,none:52%;Galil AR:33%;AK-47:9%,0.881,0.583,0.0,0.755,0.415,0.23,0.114,0.232,1.548,0.534,Galil AR|Glock-18|a1h1k0|sm1fl2HE0fr0;Galil AR|Glock-18|a1h1k0|sm1fl0HE0fr1;AK-47|Glock-18|a1h0k0|sm0fl1HE0fr0
t,2400,none,3650,OBSERVED,8,101.3,0,none,1650,2400,3500,,6050,3650,4250,none:52%;Galil AR:32%;AK-47:9%,0.892,0.598,0.0,0.764,0.42,0.226,0.125,0.236,1.572,0.527,Galil AR|Glock-18|a1h1k0|sm1fl2HE0fr0;Galil AR|Glock-18|a1h1k0|sm1fl0HE0fr1;AK-47|Glock-18|a1h0k0|sm0fl1HE0fr0
t,2400,none,3700,OBSERVED,12,103.7,0,none,1850,3350,3550,,6100,2750,3350,none:42%;Galil AR:38%;AK-47:14%,0.923,0.698,0.0,0.74,0.472,0.177,0.132,0.331,1.652,0.545,Galil AR|Glock-18|a1h1k0|sm1fl1HE0fr1;Galil AR|Glock-18|a1h1k0|sm1fl2HE0fr0;AK-47|Glock-18|a1h1k0|sm0fl0HE0fr0
t,2400,none,3750,OBSERVED,13,107.2,0,none,2000,3450,3700,,6150,2700,3300,none:40%;Galil AR:37%;AK-47:17%,0.927,0.723,0.0,0.715,0.471,0.159,0.137,0.335,1.729,0.553,Galil AR|Glock-18|a1h1k0|sm1fl1HE0fr1;AK-47|Glock-18|a1h1k0|sm0fl0HE0fr0;Galil AR|Glock-18|a1h1k0|sm1fl2HE0fr0
t,2400,none,3800,OBSERVED,13,103.5,0,none,2000,3500,3700,,6200,2700,3300,Galil AR:40%;none:36%;AK-47:17%,0.927,0.745,0.0,0.717,0.456,0.166,0.197,0.355,1.748,0.553,Galil AR|Glock-18|a1h1k0|sm1fl1HE0fr1;AK-47|Glock-18|a1h1k0|sm0fl0HE0fr0;Galil AR|Glock-18|a1h1k0|sm1fl2HE0fr0
t,2400,none,3850,OBSERVED,9,102.9,0,none,2000,3500,3700,,6250,2750,3350,Galil AR:38%;none:36%;AK-47:19%,0.922,0.728,0.0,0.693,0.455,0.159,0.219,0.349,1.711,0.529,Galil AR|Glock-18|a1h1k0|sm1fl1HE0fr1;AK-47|Glock-18|a1h1k0|sm0fl0HE0fr0;Galil AR|Glock-18|a1h1k0|sm1fl0HE1fr1
t,2400,none,3900,OBSERVED,12,102.8,0,none,2400,3700,3900,,6300,2600,3200,Galil AR:48%;none:25%;AK-47:22%,0.943,0.806,0.0,0.699,0.564,0.283,0.186,0.456,1.599,0.626,Galil AR|Glock-18|a1h1k0|sm1fl2HE0fr1;AK-47|Glock-18|a1h1k0|sm0fl0HE0fr0;Galil AR|Glock-18|a1h1k0|sm1fl1HE0fr1
t,2400,none,3950,OBSERVED,13,102.2,0,none,2450,3700,3900,,6350,2650,3250,Galil AR:49%;none:24%;AK-47:22%,0.939,0.806,0.0,0.697,0.58,0.32,0.185,0.481,1.433,0.634,Galil AR|Glock-18|a1h1k0|sm1fl2HE0fr1;AK-47|Glock-18|a1h1k0|sm0fl0HE0fr0;Galil AR|Glock-18|a1h1k0|sm1fl1HE0fr1
t,2400,none,4000,OBSERVED,11,102.4,0,none,3700,3900,4000,,6400,2500,3100,AK-47:43%;Galil AR:39%;none:14%,0.958,0.876,0.0,0.781,0.507,0.261,0.23,0.467,1.256,0.653,Galil AR|Glock-18|a1h1k0|sm1fl2HE0fr1;AK-47|Glock-18|a1h1k0|sm1fl0HE0fr0;AK-47|Glock-18|a1h1k0|sm0fl0HE0fr0
t,2400,none,4050,OBSERVED,17,104.7,0,none,3700,3900,4000,,6450,2550,3150,AK-47:43%;Galil AR:39%;none:14%,0.954,0.873,0.0,0.792,0.504,0.277,0.239,0.479,1.111,0.659,Galil AR|Glock-18|a1h1k0|sm1fl2HE0fr1;AK-47|Glock-18|a1h1k0|sm1fl0HE0fr0;AK-47|Glock-18|a1h1k0|sm0fl0HE0fr0
t,2400,none,4100,OBSERVED,9,108.6,0,none,3700,3900,4000,,6500,2600,3200,AK-47:41%;Galil AR:40%;none:15%,0.949,0.866,0.0,0.794,0.51,0.295,0.243,0.493,1.005,0.654,Galil AR|Glock-18|a1h1k0|sm1fl2HE0fr1;AK-47|Glock-18|a1h1k0|sm1fl0HE0fr0;Galil AR|Glock-18|a1h1k0|sm1fl1HE1fr1
t,2400,none,4150,OBSERVED,8,102.1,0,none,3700,3900,4000,,6550,2650,3250,Galil AR:41%;AK-47:40%;none:16%,0.945,0.862,0.0,0.798,0.517,0.314,0.246,0.51,0.933,0.656,Galil AR|Glock-18|a1h1k0|sm1fl2HE0fr1;AK-47|Glock-18|a1h1k0|sm1fl0HE0fr0;Galil AR|Glock-18|a1h1k0|sm1fl1HE1fr1
t,2400,none,4200,OBSERVED,19,103.3,0,none,3900,4000,4200,,6600,2600,3200,AK-47:58%;Galil AR:29%;none:11%,0.958,0.904,0.0,0.85,0.66,0.256,0.215,0.43,0.857,0.744,AK-47|Glock-18|a1h1k0|sm1fl1HE0fr0;Galil AR|Glock-18|a1h1k0|sm1fl2HE0fr1;AK-47|Glock-18|a1h1k0|sm1fl0HE0fr0
t,2400,none,4250,OBSERVED,9,105.1,0,none,3900,4000,4200,,6650,2650,3250,AK-47:57%;Galil AR:31%;none:10%,0.961,0.911,0.0,0.862,0.68,0.259,0.205,0.436,0.746,0.747,AK-47|Glock-18|a1h1k0|sm1fl1HE0fr0;Galil AR|Glock-18|a1h1k0|sm1fl2HE0fr1;AK-47|Glock-18|a1h1k0|sm1fl0HE0fr0
t,2400,none,4300,OBSERVED,18,106.4,0,none,3900,4200,4200,,6700,2500,3100,AK-47:62%;Galil AR:28%;none:9%,0.968,0.927,0.0,0.864,0.657,0.234,0.288,0.416,0.618,0.737,AK-47|Glock-18|a1h1k0|sm1fl1HE0fr0;Galil AR|Glock-18|a1h1k0|sm1fl2HE0fr1;AK-47|Glock-18|a1h1k0|sm1fl0HE0fr0
t,2400,none,4350,OBSERVED,13,105.6,0,none,3900,4200,4200,,6750,2550,3150,AK-47:61%;Galil AR:29%;none:8%,0.971,0.919,0.0,0.868,0.646,0.233,0.297,0.429,0.507,0.722,AK-47|Glock-18|a1h1k0|sm1fl1HE0fr0;Galil AR|Glock-18|a1h1k0|sm1fl2HE0fr1;AK-47|Glock-18|a1h1k0|sm1fl0HE0fr0
t,2400,none,4400,OBSERVED,17,102.7,0,none,4200,4300,4400,,6800,2500,3100,AK-47:76%;Galil AR:19%;none:3%,0.99,0.962,0.0,0.874,0.52,0.224,0.195,0.514,0.432,0.78,AK-47|Glock-18|a1h1k0|sm1fl0HE0fr1;AK-47|Glock-18|a1h1k0|sm1fl1HE0fr0;Galil AR|Glock-18|a1h1k0|sm1fl2HE0fr1
t,2400,none,4450,OBSERVED,16,107.4,0,none,4200,4300,4400,,6850,2550,3150,AK-47:78%;Galil AR:17%;none:3%,0.992,0.955,0.0,0.87,0.505,0.242,0.175,0.531,0.404,0.778,AK-47|Glock-18|a1h1k0|sm1fl0HE0fr1;AK-47|Glock-18|a1h1k0|sm1fl2HE0fr0;AK-47|Glock-18|a1h1k0|sm1fl1HE0fr0
t,2400,none,4500,OBSERVED,9,104.2,0,none,4200,4400,4400,,6900,2500,3100,AK-47:79%;Galil AR:16%;none:3%,0.992,0.95,0.0,0.872,0.514,0.251,0.185,0.521,0.381,0.773,AK-47|Glock-18|a1h1k0|sm1fl0HE0fr1;AK-47|Glock-18|a1h1k0|sm1fl2HE0fr0;AK-47|Glock-18|a1h1k0|sm1fl1HE0fr0
t,2400,none,4550,OBSERVED,10,100.9,0,none,4200,4400,4400,,6950,2550,3150,AK-47:79%;Galil AR:16%;none:3%,0.989,0.944,0.0,0.872,0.521,0.258,0.19,0.509,0.344,0.769,AK-47|Glock-18|a1h1k0|sm1fl0HE0fr1;AK-47|Glock-18|a1h1k0|sm1fl2HE0fr0;AK-47|Glock-18|a1h1k0|sm1fl1HE0fr0
t,2400,none,4600,OBSERVED,13,107.2,0,none,4300,4400,4600,,7000,2600,3200,AK-47:87%;Galil AR:9%;none:2%,0.994,0.958,0.0,0.9,0.661,0.242,0.134,0.669,0.305,0.82,AK-47|Glock-18|a1h1k0|sm1fl1HE0fr1;AK-47|Glock-18|a1h1k0|sm1fl0HE0fr1;AK-47|Glock-18|a1h1k0|sm1fl2HE0fr0
t,2400,none,4650,OBSERVED,4,103.5,0,none,4400,4400,4600,,7050,2650,3250,AK-47:88%;Galil AR:8%;none:2%,0.991,0.956,0.0,0.907,0.688,0.243,0.133,0.681,0.26,0.829,AK-47|Glock-18|a1h1k0|sm1fl1HE0fr1;AK-47|Glock-18|a1h1k0|sm1fl0HE0fr1;AK-47|Glock-18|a1h1k0|sm1fl2HE0fr0
t,2400,none,4700,OBSERVED,11,107.5,0,none,4400,4600,4600,,7100,2500,3100,AK-47:91%;Galil AR:6%;none:2%,0.989,0.962,0.0,0.915,0.639,0.206,0.268,0.737,0.224,0.825,AK-47|Glock-18|a1h1k0|sm1fl1HE0fr1;AK-47|Glock-18|a1h1k0|sm1fl0HE1fr1;AK-47|Glock-18|a1h1k0|sm1fl2HE0fr0
t,2400,none,4750,OBSERVED,13,103.0,0,none,4400,4600,4600,,7150,2550,3150,AK-47:89%;Galil AR:6%;AWP:2%,0.963,0.939,0.0,0.896,0.618,0.194,0.282,0.72,0.189,0.808,AK-47|Glock-18|a1h1k0|sm1fl1HE0fr1;AK-47|Glock-18|a1h1k0|sm1fl0HE1fr1;AK-47|Glock-18|a1h1k0|sm1fl2HE0fr0
t,2400,none,4800,OBSERVED,13,106.2,0,none,4600,4700,4800,,7200,2500,3100,AK-47:94%;AWP:2%;Galil AR:2%,0.964,0.952,0.0,0.912,0.729,0.393,0.229,0.781,0.174,0.891,AK-47|Glock-18|a1h1k0|sm1fl2HE0fr1;AK-47|Glock-18|a1h1k0|sm1fl1HE0fr1;AK-47|Glock-18|a1h1k0|sm1fl0HE1fr1
t,2400,none,4850,OBSERVED,7,102.6,0,none,4600,4700,4800,,7250,2550,3150,AK-47:94%;AWP:2%;Galil AR:2%,0.963,0.953,0.0,0.913,0.738,0.436,0.219,0.778,0.169,0.897,AK-47|Glock-18|a1h1k0|sm1fl2HE0fr1;AK-47|Glock-18|a1h1k0|sm1fl1HE0fr1;AK-47|Glock-18|a1h1k0|sm1fl0HE1fr1
t,2400,none,4900,OBSERVED,16,104.5,0,none,4700,4800,4800,,7300,2500,3100,AK-47:96%;AWP:2%;none:1%,0.966,0.963,0.0,0.931,0.792,0.398,0.353,0.821,0.179,0.931,AK-47|Glock-18|a1h1k0|sm1fl2HE0fr1;AK-47|Glock-18|a1h1k0|sm1fl1HE1fr1;AK-47|Glock-18|a1h1k0|sm1fl1HE0fr1
t,2400,none,4950,OBSERVED,6,100.3,0,none,4700,4800,4800,,7350,2550,3150,AK-47:96%;AWP:2%;none:1%,0.97,0.967,0.0,0.935,0.805,0.416,0.36,0.823,0.199,0.929,AK-47|Glock-18|a1h1k0|sm1fl2HE0fr1;AK-47|Glock-18|a1h1k0|sm1fl1HE1fr1;AK-47|Glock-18|a1h1k0|sm1fl1HE0fr1
t,2400,none,5000,OBSERVED,10,102.1,0,none,4700,4800,4900,,7400,2600,3200,AK-47:96%;AWP:2%;Galil AR:1%,0.974,0.971,0.0,0.937,0.815,0.432,0.36,0.825,0.228,0.924,AK-47|Glock-18|a1h1k0|sm1fl2HE0fr1;AK-47|Glock-18|a1h1k0|sm1fl1HE1fr1;AK-47|Glock-18|a1h1k0|sm1fl1HE0fr1
t,2400,none,5050,OBSERVED,9,104.3,0,none,4800,4800,4900,,7450,2650,3250,AK-47:96%;Galil AR:2%;AWP:1%,0.978,0.974,0.0,0.938,0.822,0.447,0.356,0.828,0.269,0.921,AK-47|Glock-18|a1h1k0|sm1fl2HE0fr1;AK-47|Glock-18|a1h1k0|sm1fl1HE1fr1;AK-47|Glock-18|a1h1k0|sm1fl1HE0fr1
t,2400,none,5100,OBSERVED,5,100.2,0,none,4800,4800,4900,,7500,2700,3300,AK-47:96%;Galil AR:2%;AWP:1%,0.983,0.979,0.0,0.942,0.841,0.435,0.394,0.844,0.311,0.929,AK-47|Glock-18|a1h1k0|sm1fl2HE0fr1;AK-47|Glock-18|a1h1k0|sm1fl1HE1fr1;AK-47|Glock-18|a1h1k0|sm1fl1HE0fr1
t,2400,none,5150,OBSERVED,5,100.2,0,none,4800,4800,4900,,7550,2750,3350,AK-47:95%;Galil AR:3%;AWP:1%,0.987,0.98,0.0,0.939,0.843,0.435,0.397,0.849,0.351,0.93,AK-47|Glock-18|a1h1k0|sm1fl2HE0fr1;AK-47|Glock-18|a1h1k0|sm1fl1HE1fr1;AK-47|Glock-18|a1h1k0|sm1fl1HE0fr1
t,2400,none,5200,OBSERVED,5,102.6,0,none,4800,4800,4900,,7600,2800,3400,AK-47:95%;Galil AR:3%;MAC-10:1%,0.99,0.98,0.0,0.934,0.843,0.432,0.4,0.854,0.388,0.932,AK-47|Glock-18|a1h1k0|sm1fl2HE0fr1;AK-47|Glock-18|a1h1k0|sm1fl1HE1fr1;AK-47|Glock-18|a1h1k0|sm1fl1HE0fr1
t,2400,none,5250,OBSERVED,5,103.2,0,none,4800,4800,4900,,7650,2850,3450,AK-47:95%;Galil AR:3%;MAC-10:1%,0.991,0.979,0.0,0.928,0.838,0.424,0.402,0.855,0.413,0.933,AK-47|Glock-18|a1h1k0|sm1fl2HE0fr1;AK-47|Glock-18|a1h1k0|sm1fl1HE1fr1;AK-47|Glock-18|a1h1k0|sm1fl1HE0fr1
t,2400,none,5300,OBSERVED,8,103.6,0,none,4800,4800,4900,,7700,2900,3500,AK-47:95%;Galil AR:3%;MAC-10:1%,0.991,0.978,0.0,0.923,0.833,0.415,0.402,0.854,0.43,0.933,AK-47|Glock-18|a1h1k0|sm1fl2HE0fr1;AK-47|Glock-18|a1h1k0|sm1fl1HE1fr1;AK-47|Glock-18|a1h1k0|sm1fl1HE0fr1
t,2400,none,5350,OBSERVED,8,104.5,0,none,4800,4800,4900,,7750,2950,3550,AK-47:95%;Galil AR:2%;MAC-10:1%,0.992,0.978,0.0,0.919,0.83,0.408,0.403,0.852,0.44,0.933,AK-47|Glock-18|a1h1k0|sm1fl2HE0fr1;AK-47|Glock-18|a1h1k0|sm1fl1HE1fr1;AK-47|Glock-18|a1h1k0|sm1fl1HE0fr1
t,2400,none,5400,OBSERVED,7,101.4,0,none,4800,4800,4900,,7800,3000,3600,AK-47:94%;Galil AR:2%;AWP:2%,0.993,0.967,0.0,0.905,0.834,0.393,0.409,0.843,0.453,0.917,AK-47|Glock-18|a1h1k0|sm1fl1HE1fr1;AK-47|Glock-18|a1h1k0|sm1fl2HE0fr1;AK-47|Glock-18|a1h1k0|sm0fl0HE0fr0
t,2400,none,5450,OBSERVED,5,103.1,0,none,4800,4800,4900,,7850,3050,3650,AK-47:94%;Galil AR:2%;AWP:2%,0.994,0.966,0.0,0.9,0.834,0.387,0.409,0.839,0.45,0.914,AK-47|Glock-18|a1h1k0|sm1fl1HE1fr1;AK-47|Glock-18|a1h1k0|sm1fl2HE0fr1;AK-47|Glock-18|a1h1k0|sm0fl0HE0fr0
t,2400,none,5500,OBSERVED,3,100.9,0,none,4800,4800,4900,,7900,3100,3700,AK-47:94%;Galil AR:2%;AWP:2%,0.994,0.965,0.0,0.897,0.835,0.383,0.409,0.834,0.453,0.91,AK-47|Glock-18|a1h1k0|sm1fl1HE1fr1;AK-47|Glock-18|a1h1k0|sm1fl2HE0fr1;AK-47|Glock-18|a1h1k0|sm0fl0HE0fr0
t,2400,none,5550,OBSERVED,3,103.1,0,none,4800,4800,4900,,7950,3150,3750,AK-47:94%;Galil AR:2%;AWP:2%,0.994,0.965,0.0,0.895,0.836,0.379,0.408,0.83,0.446,0.905,AK-47|Glock-18|a1h1k0|sm1fl1HE1fr1;AK-47|Glock-18|a1h1k0|sm1fl2HE0fr1;AK-47|Glock-18|a1h1k0|sm0fl0HE0fr0
t,2400,none,5600,OBSERVED,2,101.2,0,none,4800,4800,4900,,8000,3200,3800,AK-47:94%;Galil AR:2%;AWP:2%,0.995,0.966,0.0,0.891,0.838,0.376,0.411,0.826,0.44,0.901,AK-47|Glock-18|a1h1k0|sm1fl1HE1fr1;AK-47|Glock-18|a1h1k0|sm1fl2HE0fr1;AK-47|Glock-18|a1h1k0|sm0fl0HE0fr0
t,2400,none,5650,INTERPOLATED,0,103.4,50,none,4800,4800,4900,,8050,3250,3850,AK-47:94%;AWP:2%;Galil AR:2%,0.995,0.966,0.0,0.889,0.84,0.375,0.412,0.822,0.43,0.896,AK-47|Glock-18|a1h1k0|sm1fl1HE1fr1;AK-47|Glock-18|a1h1k0|sm1fl2HE0fr1;AK-47|Glock-18|a1h1k0|sm0fl0HE0fr0
t,2400,none,5700,OBSERVED,3,101.4,0,none,4800,4800,4900,,8100,3300,3900,AK-47:87%;AWP:9%;Galil AR:2%,0.996,0.895,0.0,0.895,0.824,0.361,0.383,0.757,0.42,0.858,AK-47|Glock-18|a1h1k0|sm1fl1HE1fr1;AK-47|Glock-18|a1h1k0|sm1fl2HE0fr1;AK-47|Glock-18|a1h1k0|sm0fl0HE0fr0
t,2400,none,5750,OBSERVED,4,103.2,0,none,4800,4800,4900,,8150,3350,3950,AK-47:86%;AWP:9%;Galil AR:2%,0.996,0.894,0.0,0.895,0.825,0.36,0.384,0.752,0.406,0.854,AK-47|Glock-18|a1h1k0|sm1fl1HE1fr1;AK-47|Glock-18|a1h1k0|sm1fl2HE0fr1;AK-47|Glock-18|a1h1k0|sm0fl0HE0fr0
t,2400,none,5800,OBSERVED,2,100.8,0,none,4800,4800,4900,,8200,3400,4000,AK-47:86%;AWP:10%;none:2%,0.996,0.891,0.0,0.895,0.827,0.359,0.385,0.746,0.395,0.851,AK-47|Glock-18|a1h1k0|sm1fl1HE1fr1;AK-47|Glock-18|a1h1k0|sm1fl2HE0fr1;AK-47|Glock-18|a1h1k0|sm0fl0HE0fr0
t,2400,none,5850,OBSERVED,2,101.8,0,none,4800,4800,4900,,8250,3450,4050,AK-47:86%;AWP:10%;none:2%,0.996,0.892,0.0,0.896,0.828,0.36,0.387,0.744,0.384,0.845,AK-47|Glock-18|a1h1k0|sm1fl1HE1fr1;AK-47|Glock-18|a1h1k0|sm1fl2HE0fr1;AK-47|Glock-18|a1h1k0|sm0fl0HE0fr0
t,2400,none,5900,OBSERVED,1,102.3,0,none,4800,4800,4900,,8300,3500,4100,AK-47:84%;AWP:11%;none:2%,0.996,0.88,0.0,0.898,0.832,0.356,0.383,0.732,0.373,0.842,AK-47|Glock-18|a1h1k0|sm1fl1HE1fr1;AK-47|Glock-18|a1h1k0|sm1fl2HE0fr1;AWP|Glock-18|a1h0k0|sm1fl1HE0fr0
t,2400,none,5950,OBSERVED,2,102.5,0,none,4800,4800,4900,,8350,3550,4150,AK-47:84%;AWP:11%;none:2%,0.997,0.882,0.0,0.899,0.834,0.359,0.384,0.731,0.362,0.838,AK-47|Glock-18|a1h1k0|sm1fl1HE1fr1;AK-47|Glock-18|a1h1k0|sm1fl2HE0fr1;AWP|Glock-18|a1h0k0|sm1fl1HE0fr0
t,2400,none,6000,OBSERVED,3,102.3,0,none,4800,4800,4900,,8400,3600,4200,AK-47:85%;AWP:11%;MAC-10:2%,0.997,0.885,0.0,0.901,0.835,0.362,0.386,0.732,0.355,0.835,AK-47|Glock-18|a1h1k0|sm1fl1HE1fr1;AK-47|Glock-18|a1h1k0|sm1fl2HE0fr1;AWP|Glock-18|a1h0k0|sm1fl1HE0fr0
t,2400,AK-47,1000,INTERPOLATED,0,20.2,150,family,0,400,600,,3400,3000,3600,AK-47:56%;none:30%;Galil AR:13%,0.725,0.725,0.0,0.414,0.338,0.191,0.173,0.46,1.129,0.938,none|Glock-18|a0h0k0|sm0fl0HE0fr0;Galil AR|Glock-18|a1h1k0|sm1fl2HE0fr1;AK-47|Glock-18|a1h1k0|sm1fl0HE1fr1
t,2400,AK-47,1050,INTERPOLATED,0,21.1,100,family,0,400,600,,3450,3050,3650,AK-47:54%;none:34%;Galil AR:13%,0.685,0.685,0.0,0.401,0.326,0.183,0.166,0.449,1.141,0.942,none|Glock-18|a0h0k0|sm0fl0HE0fr0;Galil AR|Glock-18|a1h1k0|sm1fl2HE0fr1;AK-47|Glock-18|a1h1k0|sm1fl0HE1fr1
t,2400,AK-47,1100,INTERPOLATED,0,22.0,50,family,0,400,400,,3500,3100,3700,AK-47:51%;none:38%;Galil AR:12%,0.643,0.643,0.0,0.385,0.311,0.175,0.157,0.433,1.144,0.944,none|Glock-18|a0h0k0|sm0fl0HE0fr0;Galil AR|Glock-18|a1h1k0|sm1fl2HE0fr1;AK-47|Glock-18|a1h1k0|sm1fl0HE1fr1
t,2400,AK-47,1150,OBSERVED,1,23.0,0,family,0,300,400,,3550,3250,3850,AK-47:47%;none:42%;Galil AR:11%,0.598,0.598,0.0,0.368,0.295,0.166,0.147,0.413,1.144,0.946,none|Glock-18|a0h0k0|sm0fl0HE0fr0;Galil AR|Glock-18|a1h1k0|sm1fl2HE0fr1;AK-47|Glock-18|a1h1k0|sm1fl0HE1fr1
t,2400,AK-47,1200,INTERPOLATED,0,24.0,50,family,0,300,400,,3600,3300,3900,none:46%;AK-47:44%;Galil AR:10%,0.552,0.552,0.0,0.35,0.276,0.156,0.135,0.39,1.134,0.946,none|Glock-18|a0h0k0|sm0fl0HE0fr0;Galil AR|Glock-18|a1h1k0|sm1fl2HE0fr1;AK-47|Glock-18|a1h1k0|sm1fl0HE1fr1
t,2400,AK-47,1250,OBSERVED,1,25.0,0,family,0,0,400,,3650,3650,4250,none:50%;AK-47:41%;Galil AR:9%,0.506,0.506,0.0,0.33,0.257,0.146,0.123,0.364,1.112,0.949,none|Glock-18|a0h0k0|sm0fl0HE0fr0;Galil AR|Glock-18|a1h1k0|sm1fl2HE0fr1;AK-47|Glock-18|a1h1k0|sm1fl0HE1fr1
t,2400,AK-47,1300,OBSERVED,1,26.0,0,family,0,0,400,,3700,3700,4300,none:55%;AK-47:37%;Galil AR:8%,0.461,0.461,0.0,0.31,0.238,0.137,0.111,0.337,1.086,0.956,none|Glock-18|a0h0k0|sm0fl0HE0fr0;Galil AR|Glock-18|a1h1k0|sm1fl2HE0fr1;AK-47|Glock-18|a1h1k0|sm0fl1HE0fr0
t,2400,AK-47,1350,INTERPOLATED,0,26.9,50,family,0,0,400,,3750,3750,4350,none:59%;AK-47:34%;Galil AR:7%,0.417,0.417,0.0,0.289,0.218,0.127,0.1,0.31,1.053,0.962,none|Glock-18|a0h0k0|sm0fl0HE0fr0;Galil AR|Glock-18|a1h1k0|sm1fl2HE0fr1;AK-47|Glock-18|a1h1k0|sm0fl1HE0fr0
t,2400,AK-47,1400,OBSERVED,1,27.8,0,family,0,0,400,,3800,3800,4400,none:63%;AK-47:31%;Galil AR:6%,0.376,0.376,0.0,0.269,0.199,0.118,0.088,0.283,1.011,0.969,none|Glock-18|a0h0k0|sm0fl0HE0fr0;Galil AR|Glock-18|a1h1k0|sm1fl2HE0fr1;AK-47|Glock-18|a1h1k0|sm1fl0HE0fr1
t,2400,AK-47,1450,INTERPOLATED,0,28.5,50,family,0,0,400,,3850,3850,4450,none:67%;AK-47:28%;Galil AR:6%,0.337,0.337,0.0,0.25,0.181,0.109,0.078,0.257,0.965,0.977,none|Glock-18|a0h0k0|sm0fl0HE0fr0;AK-47|Glock-18|a1h1k0|sm1fl0HE0fr1;AK-47|Glock-18|a1h1k0|sm0fl1HE0fr0
t,2400,AK-47,1500,INTERPOLATED,0,29.1,100,family,0,0,400,,3900,3900,4500,none:70%;AK-47:25%;Galil AR:5%,0.301,0.301,0.0,0.231,0.164,0.1,0.068,0.232,0.913,0.983,none|Glock-18|a0h0k0|sm0fl0HE0fr0;AK-47|Glock-18|a1h1k0|sm1fl0HE0fr1;AK-47|Glock-18|a1h1k0|sm0fl1HE0fr0
t,2400,AK-47,1550,INTERPOLATED,0,29.6,150,family,0,0,400,,3950,3950,4550,none:73%;AK-47:22%;Galil AR:4%,0.268,0.268,0.0,0.213,0.149,0.092,0.059,0.209,0.862,0.987,none|Glock-18|a0h0k0|sm0fl0HE0fr0;AK-47|Glock-18|a1h1k0|sm1fl0HE0fr1;AK-47|Glock-18|a1h1k0|sm1fl2HE0fr1
t,2400,AK-47,1600,INTERPOLATED,0,30.0,150,family,0,0,0,,4000,4000,4600,none:76%;AK-47:20%;Galil AR:4%,0.238,0.238,0.0,0.197,0.134,0.084,0.051,0.187,0.808,0.99,none|Glock-18|a0h0k0|sm0fl0HE0fr0;AK-47|Glock-18|a1h1k0|sm1fl2HE0fr1;AK-47|Glock-18|a1h1k0|sm1fl0HE0fr1
t,2400,AK-47,1650,INTERPOLATED,0,30.3,100,family,0,0,0,,4050,4050,4650,none:79%;AK-47:18%;Galil AR:3%,0.212,0.212,0.0,0.181,0.121,0.078,0.044,0.168,0.762,0.993,none|Glock-18|a0h0k0|sm0fl0HE0fr0;AK-47|Glock-18|a1h1k0|sm1fl2HE0fr1;AK-47|Glock-18|a1h1k0|sm1fl0HE0fr1
t,2400,AK-47,1700,INTERPOLATED,0,30.5,50,family,0,0,0,,4100,4100,4700,none:81%;AK-47:16%;Galil AR:3%,0.187,0.187,0.0,0.167,0.108,0.071,0.037,0.15,0.704,0.995,none|Glock-18|a0h0k0|sm0fl0HE0fr0;AK-47|Glock-18|a1h1k0|sm1fl2HE0fr1;none|none|a0h0k0|sm0fl0HE0fr0
t,2400,AK-47,1750,OBSERVED,1,30.7,0,family,0,0,0,,4150,4150,4750,none:83%;AK-47:14%;Galil AR:2%,0.166,0.166,0.0,0.154,0.097,0.065,0.032,0.134,0.657,0.996,none|Glock-18|a0h0k0|sm0fl0HE0fr0;AK-47|Glock-18|a1h1k0|sm1fl2HE0fr1;none|none|a0h0k0|sm0fl0HE0fr0
t,2400,AK-47,1800,INTERPOLATED,0,30.8,50,family,0,0,0,,4200,4200,4800,none:85%;AK-47:13%;Galil AR:2%,0.147,0.147,0.0,0.143,0.087,0.06,0.027,0.119,0.611,0.997,none|Glock-18|a0h0k0|sm0fl0HE0fr0;AK-47|Glock-18|a1h1k0|sm1fl2HE0fr1;none|none|a0h0k0|sm0fl0HE0fr0
t,2400,AK-47,1850,INTERPOLATED,0,30.9,50,family,0,0,0,,4250,4250,4850,none:87%;AK-47:11%;Galil AR:2%,0.129,0.129,0.0,0.132,0.078,0.055,0.023,0.106,0.555,0.998,none|Glock-18|a0h0k0|sm0fl0HE0fr0;AK-47|Glock-18|a1h1k0|sm1fl2HE0fr1;none|none|a0h0k0|sm0fl0HE0fr0
t,2400,AK-47,1900,OBSERVED,5,31.0,0,family,0,0,0,,4300,4300,4900,none:89%;AK-47:10%;Galil AR:1%,0.114,0.114,0.0,0.122,0.07,0.05,0.019,0.094,0.512,0.999,none|Glock-18|a0h0k0|sm0fl0HE0fr0;none|none|a0h0k0|sm0fl0HE0fr0;AK-47|Glock-18|a1h1k0|sm1fl2HE0fr1
t,2400,AK-47,1950,OBSERVED,4,31.0,0,family,0,0,0,,4350,4350,4950,none:90%;AK-47:9%;Galil AR:1%,0.101,0.101,0.0,0.114,0.063,0.046,0.016,0.084,0.472,0.999,none|Glock-18|a0h0k0|sm0fl0HE0fr0;none|none|a0h0k0|sm0fl0HE0fr0;AK-47|Glock-18|a1h1k0|sm1fl2HE0fr1
t,2400,AK-47,2000,OBSERVED,3,31.0,0,family,0,0,0,,4400,4400,5000,none:91%;AK-47:8%;Galil AR:1%,0.089,0.089,0.0,0.106,0.057,0.042,0.014,0.074,0.433,0.999,none|Glock-18|a0h0k0|sm0fl0HE0fr0;none|none|a0h0k0|sm0fl0HE0fr0;none|Glock-18|a0h0k0|sm1fl0HE0fr0
t,2400,AK-47,2050,INTERPOLATED,0,31.0,50,family,0,0,0,,4450,4450,5050,none:92%;AK-47:7%;Galil AR:1%,0.078,0.078,0.0,0.099,0.051,0.038,0.011,0.066,0.395,1.0,none|Glock-18|a0h0k0|sm0fl0HE0fr0;none|none|a0h0k0|sm0fl0HE0fr0;none|Glock-18|a0h0k0|sm1fl0HE0fr0
t,2400,AK-47,2100,INTERPOLATED,0,31.0,50,family,0,0,0,,4500,4500,5100,none:93%;AK-47:6%;Galil AR:1%,0.069,0.069,0.0,0.093,0.045,0.035,0.01,0.059,0.362,1.0,none|Glock-18|a0h0k0|sm0fl0HE0fr0;none|Glock-18|a0h0k0|sm1fl0HE0fr0;none|none|a0h0k0|sm0fl0HE0fr0
t,2400,AK-47,2150,OBSERVED,1,30.9,0,family,0,0,0,,4550,4550,5150,none:94%;AK-47:6%;Galil AR:0%,0.061,0.061,0.0,0.087,0.041,0.032,0.008,0.052,0.331,1.0,none|Glock-18|a0h0k0|sm0fl0HE0fr0;none|Glock-18|a0h0k0|sm1fl0HE0fr0;none|none|a0h0k0|sm0fl0HE0fr0
t,2400,AK-47,2200,OBSERVED,4,30.8,0,family,0,0,0,,4600,4600,5200,none:95%;AK-47:5%;Galil AR:0%,0.054,0.054,0.0,0.082,0.036,0.029,0.007,0.046,0.3,1.0,none|Glock-18|a0h0k0|sm0fl0HE0fr0;none|Glock-18|a0h0k0|sm1fl0HE0fr0;none|none|a0h0k0|sm0fl0HE0fr0
t,2400,AK-47,2250,OBSERVED,4,30.7,0,family,0,0,0,,4650,4650,5250,none:95%;AK-47:4%;Galil AR:0%,0.047,0.047,0.0,0.078,0.033,0.026,0.006,0.041,0.274,1.0,none|Glock-18|a0h0k0|sm0fl0HE0fr0;none|Glock-18|a0h0k0|sm1fl0HE0fr0;none|none|a0h0k0|sm0fl0HE0fr0
t,2400,AK-47,2300,OBSERVED,2,30.5,0,family,0,0,0,,4700,4700,5300,none:96%;AK-47:4%;Galil AR:0%,0.041,0.041,0.0,0.073,0.029,0.024,0.005,0.036,0.247,1.0,none|Glock-18|a0h0k0|sm0fl0HE0fr0;none|Glock-18|a0h0k0|sm1fl0HE0fr0;none|none|a0h0k0|sm0fl0HE0fr0
t,2400,AK-47,2350,OBSERVED,1,30.3,0,family,0,0,0,,4750,4750,5350,none:96%;AK-47:3%;Galil AR:0%,0.036,0.036,0.0,0.069,0.026,0.022,0.004,0.032,0.224,1.0,none|Glock-18|a0h0k0|sm0fl0HE0fr0;none|Glock-18|a0h0k0|sm1fl0HE0fr0;none|none|a0h0k0|sm0fl0HE0fr0
t,2400,AK-47,2400,INTERPOLATED,0,30.0,50,family,0,0,0,,4800,4800,5400,none:97%;AK-47:3%;Galil AR:0%,0.032,0.032,0.0,0.066,0.023,0.019,0.003,0.028,0.204,1.0,none|Glock-18|a0h0k0|sm0fl0HE0fr0;none|Glock-18|a0h0k0|sm1fl0HE0fr0;none|none|a0h0k0|sm0fl0HE0fr0
t,2400,AK-47,2450,INTERPOLATED,0,29.7,100,family,0,0,0,,4850,4850,5450,none:97%;AK-47:3%;Galil AR:0%,0.028,0.028,0.0,0.063,0.021,0.018,0.003,0.025,0.184,1.0,none|Glock-18|a0h0k0|sm0fl0HE0fr0;none|Glock-18|a0h0k0|sm1fl0HE0fr0;none|none|a0h0k0|sm0fl0HE0fr0
t,2400,AK-47,2500,INTERPOLATED,0,29.3,50,family,0,0,0,,4900,4900,5500,none:98%;AK-47:2%;Galil AR:0%,0.024,0.024,0.0,0.059,0.018,0.016,0.002,0.022,0.163,1.0,none|Glock-18|a0h0k0|sm0fl0HE0fr0;none|Glock-18|a0h0k0|sm1fl0HE0fr0;none|none|a0h0k0|sm0fl0HE0fr0
t,2400,AK-47,2550,OBSERVED,2,28.8,0,family,0,0,0,,4950,4950,5550,none:98%;AK-47:2%;Galil AR:0%,0.021,0.021,0.0,0.056,0.016,0.014,0.002,0.019,0.147,1.0,none|Glock-18|a0h0k0|sm0fl0HE0fr0;none|Glock-18|a0h0k0|sm1fl0HE0fr0;none|none|a0h0k0|sm0fl0HE0fr0
t,2400,AK-47,2600,OBSERVED,1,28.3,0,family,0,0,0,,5000,5000,5600,none:98%;AK-47:2%;Galil AR:0%,0.019,0.019,0.0,0.053,0.014,0.013,0.001,0.017,0.136,1.0,none|Glock-18|a0h0k0|sm0fl0HE0fr0;none|Glock-18|a0h0k0|sm1fl0HE0fr0;none|none|a0h0k0|sm0fl0HE0fr0
t,2400,AK-47,2650,INTERPOLATED,0,27.6,50,family,0,0,0,,5050,5050,5650,none:98%;AK-47:2%;Galil AR:0%,0.016,0.016,0.0,0.051,0.013,0.011,0.001,0.015,0.118,1.0,none|Glock-18|a0h0k0|sm0fl0HE0fr0;none|Glock-18|a0h0k0|sm1fl0HE0fr0;none|none|a0h0k0|sm0fl0HE0fr0
t,2400,AK-47,2700,OBSERVED,1,26.9,0,family,0,0,0,,5100,5100,5700,none:99%;AK-47:1%;Galil AR:0%,0.014,0.014,0.0,0.048,0.011,0.01,0.001,0.013,0.106,1.0,none|Glock-18|a0h0k0|sm0fl0HE0fr0;none|Glock-18|a0h0k0|sm1fl0HE0fr0;none|none|a0h0k0|sm0fl0HE0fr0
t,2400,AK-47,2750,INTERPOLATED,0,26.0,50,family,0,0,0,,5150,5150,5750,none:99%;AK-47:1%;Galil AR:0%,0.012,0.012,0.0,0.045,0.01,0.009,0.001,0.011,0.094,1.0,none|Glock-18|a0h0k0|sm0fl0HE0fr0;none|Glock-18|a0h0k0|sm1fl0HE0fr0;none|none|a0h0k0|sm0fl0HE0fr0
t,2400,AK-47,2800,INTERPOLATED,0,25.0,100,family,0,0,0,,5200,5200,5800,none:99%;AK-47:1%;Galil AR:0%,0.01,0.01,0.0,0.042,0.008,0.008,0.001,0.01,0.081,1.0,none|Glock-18|a0h0k0|sm0fl0HE0fr0;none|Glock-18|a0h0k0|sm1fl0HE0fr0;none|none|a0h0k0|sm0fl0HE0fr0
t,2400,AK-47,2850,INTERPOLATED,0,23.9,150,family,0,0,0,,5250,5250,5850,none:99%;AK-47:1%;Galil AR:0%,0.009,0.009,0.0,0.04,0.007,0.007,0.0,0.008,0.074,1.0,none|Glock-18|a0h0k0|sm0fl0HE0fr0;none|Glock-18|a0h0k0|sm1fl0HE0fr0;none|none|a0h0k0|sm0fl0HE0fr0
t,2400,AK-47,2900,INTERPOLATED,0,22.7,200,family,0,0,0,,5300,5300,5900,none:99%;AK-47:1%;Galil AR:0%,0.008,0.008,0.0,0.037,0.006,0.006,0.0,0.007,0.067,1.0,none|Glock-18|a0h0k0|sm0fl0HE0fr0;none|Glock-18|a0h0k0|sm1fl0HE0fr0;none|none|a0h0k0|sm0fl0HE0fr0
t,2400,AK-47,2950,INTERPOLATED,0,21.3,150,family,0,0,0,,5350,5350,5950,none:99%;AK-47:1%;Galil AR:0%,0.006,0.006,0.0,0.034,0.005,0.005,0.0,0.006,0.053,1.0,none|Glock-18|a0h0k0|sm0fl0HE0fr0;none|Glock-18|a0h0k0|sm1fl0HE0fr0;none|none|a0h0k0|sm0fl0HE0fr0
t,2400,FAMAS,1000,INTERPOLATED,0,20.2,150,family,0,400,600,,3400,3000,3600,AK-47:56%;none:30%;Galil AR:13%,0.725,0.725,0.0,0.414,0.338,0.191,0.173,0.46,1.129,0.938,none|Glock-18|a0h0k0|sm0fl0HE0fr0;Galil AR|Glock-18|a1h1k0|sm1fl2HE0fr1;AK-47|Glock-18|a1h1k0|sm1fl0HE1fr1
t,2400,FAMAS,1050,INTERPOLATED,0,21.1,100,family,0,400,600,,3450,3050,3650,AK-47:54%;none:34%;Galil AR:13%,0.685,0.685,0.0,0.401,0.326,0.183,0.166,0.449,1.141,0.942,none|Glock-18|a0h0k0|sm0fl0HE0fr0;Galil AR|Glock-18|a1h1k0|sm1fl2HE0fr1;AK-47|Glock-18|a1h1k0|sm1fl0HE1fr1
t,2400,FAMAS,1100,INTERPOLATED,0,22.0,50,family,0,400,400,,3500,3100,3700,AK-47:51%;none:38%;Galil AR:12%,0.643,0.643,0.0,0.385,0.311,0.175,0.157,0.433,1.144,0.944,none|Glock-18|a0h0k0|sm0fl0HE0fr0;Galil AR|Glock-18|a1h1k0|sm1fl2HE0fr1;AK-47|Glock-18|a1h1k0|sm1fl0HE1fr1
t,2400,FAMAS,1150,OBSERVED,1,23.0,0,family,0,300,400,,3550,3250,3850,AK-47:47%;none:42%;Galil AR:11%,0.598,0.598,0.0,0.368,0.295,0.166,0.147,0.413,1.144,0.946,none|Glock-18|a0h0k0|sm0fl0HE0fr0;Galil AR|Glock-18|a1h1k0|sm1fl2HE0fr1;AK-47|Glock-18|a1h1k0|sm1fl0HE1fr1
t,2400,FAMAS,1200,INTERPOLATED,0,24.0,50,family,0,300,400,,3600,3300,3900,none:46%;AK-47:44%;Galil AR:10%,0.552,0.552,0.0,0.35,0.276,0.156,0.135,0.39,1.134,0.946,none|Glock-18|a0h0k0|sm0fl0HE0fr0;Galil AR|Glock-18|a1h1k0|sm1fl2HE0fr1;AK-47|Glock-18|a1h1k0|sm1fl0HE1fr1
t,2400,FAMAS,1250,OBSERVED,1,25.0,0,family,0,0,400,,3650,3650,4250,none:50%;AK-47:41%;Galil AR:9%,0.506,0.506,0.0,0.33,0.257,0.146,0.123,0.364,1.112,0.949,none|Glock-18|a0h0k0|sm0fl0HE0fr0;Galil AR|Glock-18|a1h1k0|sm1fl2HE0fr1;AK-47|Glock-18|a1h1k0|sm1fl0HE1fr1
t,2400,FAMAS,1300,OBSERVED,1,26.0,0,family,0,0,400,,3700,3700,4300,none:55%;AK-47:37%;Galil AR:8%,0.461,0.461,0.0,0.31,0.238,0.137,0.111,0.337,1.086,0.956,none|Glock-18|a0h0k0|sm0fl0HE0fr0;Galil AR|Glock-18|a1h1k0|sm1fl2HE0fr1;AK-47|Glock-18|a1h1k0|sm0fl1HE0fr0
t,2400,FAMAS,1350,INTERPOLATED,0,26.9,50,family,0,0,400,,3750,3750,4350,none:59%;AK-47:34%;Galil AR:7%,0.417,0.417,0.0,0.289,0.218,0.127,0.1,0.31,1.053,0.962,none|Glock-18|a0h0k0|sm0fl0HE0fr0;Galil AR|Glock-18|a1h1k0|sm1fl2HE0fr1;AK-47|Glock-18|a1h1k0|sm0fl1HE0fr0
t,2400,FAMAS,1400,OBSERVED,1,27.8,0,family,0,0,400,,3800,3800,4400,none:63%;AK-47:31%;Galil AR:6%,0.376,0.376,0.0,0.269,0.199,0.118,0.088,0.283,1.011,0.969,none|Glock-18|a0h0k0|sm0fl0HE0fr0;Galil AR|Glock-18|a1h1k0|sm1fl2HE0fr1;AK-47|Glock-18|a1h1k0|sm1fl0HE0fr1
t,2400,FAMAS,1450,INTERPOLATED,0,28.5,50,family,0,0,400,,3850,3850,4450,none:67%;AK-47:28%;Galil AR:6%,0.337,0.337,0.0,0.25,0.181,0.109,0.078,0.257,0.965,0.977,none|Glock-18|a0h0k0|sm0fl0HE0fr0;AK-47|Glock-18|a1h1k0|sm1fl0HE0fr1;AK-47|Glock-18|a1h1k0|sm0fl1HE0fr0
t,2400,FAMAS,1500,INTERPOLATED,0,29.1,100,family,0,0,400,,3900,3900,4500,none:70%;AK-47:25%;Galil AR:5%,0.301,0.301,0.0,0.231,0.164,0.1,0.068,0.232,0.913,0.983,none|Glock-18|a0h0k0|sm0fl0HE0fr0;AK-47|Glock-18|a1h1k0|sm1fl0HE0fr1;AK-47|Glock-18|a1h1k0|sm0fl1HE0fr0
t,2400,FAMAS,1550,INTERPOLATED,0,29.6,150,family,0,0,400,,3950,3950,4550,none:73%;AK-47:22%;Galil AR:4%,0.268,0.268,0.0,0.213,0.149,0.092,0.059,0.209,0.862,0.987,none|Glock-18|a0h0k0|sm0fl0HE0fr0;AK-47|Glock-18|a1h1k0|sm1fl0HE0fr1;AK-47|Glock-18|a1h1k0|sm1fl2HE0fr1
t,2400,FAMAS,1600,INTERPOLATED,0,30.0,150,family,0,0,0,,4000,4000,4600,none:76%;AK-47:20%;Galil AR:4%,0.238,0.238,0.0,0.197,0.134,0.084,0.051,0.187,0.808,0.99,none|Glock-18|a0h0k0|sm0fl0HE0fr0;AK-47|Glock-18|a1h1k0|sm1fl2HE0fr1;AK-47|Glock-18|a1h1k0|sm1fl0HE0fr1
t,2400,FAMAS,1650,INTERPOLATED,0,30.3,100,family,0,0,0,,4050,4050,4650,none:79%;AK-47:18%;Galil AR:3%,0.212,0.212,0.0,0.181,0.121,0.078,0.044,0.168,0.762,0.993,none|Glock-18|a0h0k0|sm0fl0HE0fr0;AK-47|Glock-18|a1h1k0|sm1fl2HE0fr1;AK-47|Glock-18|a1h1k0|sm1fl0HE0fr1
t,2400,FAMAS,1700,INTERPOLATED,0,30.5,50,family,0,0,0,,4100,4100,4700,none:81%;AK-47:16%;Galil AR:3%,0.187,0.187,0.0,0.167,0.108,0.071,0.037,0.15,0.704,0.995,none|Glock-18|a0h0k0|sm0fl0HE0fr0;AK-47|Glock-18|a1h1k0|sm1fl2HE0fr1;none|none|a0h0k0|sm0fl0HE0fr0
t,2400,FAMAS,1750,OBSERVED,1,30.7,0,family,0,0,0,,4150,4150,4750,none:83%;AK-47:14%;Galil AR:2%,0.166,0.166,0.0,0.154,0.097,0.065,0.032,0.134,0.657,0.996,none|Glock-18|a0h0k0|sm0fl0HE0fr0;AK-47|Glock-18|a1h1k0|sm1fl2HE0fr1;none|none|a0h0k0|sm0fl0HE0fr0
t,2400,FAMAS,1800,INTERPOLATED,0,30.8,50,family,0,0,0,,4200,4200,4800,none:85%;AK-47:13%;Galil AR:2%,0.147,0.147,0.0,0.143,0.087,0.06,0.027,0.119,0.611,0.997,none|Glock-18|a0h0k0|sm0fl0HE0fr0;AK-47|Glock-18|a1h1k0|sm1fl2HE0fr1;none|none|a0h0k0|sm0fl0HE0fr0
t,2400,FAMAS,1850,INTERPOLATED,0,30.9,50,family,0,0,0,,4250,4250,4850,none:87%;AK-47:11%;Galil AR:2%,0.129,0.129,0.0,0.132,0.078,0.055,0.023,0.106,0.555,0.998,none|Glock-18|a0h0k0|sm0fl0HE0fr0;AK-47|Glock-18|a1h1k0|sm1fl2HE0fr1;none|none|a0h0k0|sm0fl0HE0fr0
t,2400,FAMAS,1900,OBSERVED,5,31.0,0,family,0,0,0,,4300,4300,4900,none:89%;AK-47:10%;Galil AR:1%,0.114,0.114,0.0,0.122,0.07,0.05,0.019,0.094,0.512,0.999,none|Glock-18|a0h0k0|sm0fl0HE0fr0;none|none|a0h0k0|sm0fl0HE0fr0;AK-47|Glock-18|a1h1k0|sm1fl2HE0fr1
t,2400,FAMAS,1950,OBSERVED,4,31.0,0,family,0,0,0,,4350,4350,4950,none:90%;AK-47:9%;Galil AR:1%,0.101,0.101,0.0,0.114,0.063,0.046,0.016,0.084,0.472,0.999,none|Glock-18|a0h0k0|sm0fl0HE0fr0;none|none|a0h0k0|sm0fl0HE0fr0;AK-47|Glock-18|a1h1k0|sm1fl2HE0fr1
t,2400,FAMAS,2000,OBSERVED,3,31.0,0,family,0,0,0,,4400,4400,5000,none:91%;AK-47:8%;Galil AR:1%,0.089,0.089,0.0,0.106,0.057,0.042,0.014,0.074,0.433,0.999,none|Glock-18|a0h0k0|sm0fl0HE0fr0;none|none|a0h0k0|sm0fl0HE0fr0;none|Glock-18|a0h0k0|sm1fl0HE0fr0
t,2400,FAMAS,2050,INTERPOLATED,0,31.0,50,family,0,0,0,,4450,4450,5050,none:92%;AK-47:7%;Galil AR:1%,0.078,0.078,0.0,0.099,0.051,0.038,0.011,0.066,0.395,1.0,none|Glock-18|a0h0k0|sm0fl0HE0fr0;none|none|a0h0k0|sm0fl0HE0fr0;none|Glock-18|a0h0k0|sm1fl0HE0fr0
t,2400,FAMAS,2100,INTERPOLATED,0,31.0,50,family,0,0,0,,4500,4500,5100,none:93%;AK-47:6%;Galil AR:1%,0.069,0.069,0.0,0.093,0.045,0.035,0.01,0.059,0.362,1.0,none|Glock-18|a0h0k0|sm0fl0HE0fr0;none|Glock-18|a0h0k0|sm1fl0HE0fr0;none|none|a0h0k0|sm0fl0HE0fr0
t,2400,FAMAS,2150,OBSERVED,1,30.9,0,family,0,0,0,,4550,4550,5150,none:94%;AK-47:6%;Galil AR:0%,0.061,0.061,0.0,0.087,0.041,0.032,0.008,0.052,0.331,1.0,none|Glock-18|a0h0k0|sm0fl0HE0fr0;none|Glock-18|a0h0k0|sm1fl0HE0fr0;none|none|a0h0k0|sm0fl0HE0fr0
t,2400,FAMAS,2200,OBSERVED,4,30.8,0,family,0,0,0,,4600,4600,5200,none:95%;AK-47:5%;Galil AR:0%,0.054,0.054,0.0,0.082,0.036,0.029,0.007,0.046,0.3,1.0,none|Glock-18|a0h0k0|sm0fl0HE0fr0;none|Glock-18|a0h0k0|sm1fl0HE0fr0;none|none|a0h0k0|sm0fl0HE0fr0
t,2400,FAMAS,2250,OBSERVED,4,30.7,0,family,0,0,0,,4650,4650,5250,none:95%;AK-47:4%;Galil AR:0%,0.047,0.047,0.0,0.078,0.033,0.026,0.006,0.041,0.274,1.0,none|Glock-18|a0h0k0|sm0fl0HE0fr0;none|Glock-18|a0h0k0|sm1fl0HE0fr0;none|none|a0h0k0|sm0fl0HE0fr0
t,2400,FAMAS,2300,OBSERVED,2,30.5,0,family,0,0,0,,4700,4700,5300,none:96%;AK-47:4%;Galil AR:0%,0.041,0.041,0.0,0.073,0.029,0.024,0.005,0.036,0.247,1.0,none|Glock-18|a0h0k0|sm0fl0HE0fr0;none|Glock-18|a0h0k0|sm1fl0HE0fr0;none|none|a0h0k0|sm0fl0HE0fr0
t,2400,FAMAS,2350,OBSERVED,1,30.3,0,family,0,0,0,,4750,4750,5350,none:96%;AK-47:3%;Galil AR:0%,0.036,0.036,0.0,0.069,0.026,0.022,0.004,0.032,0.224,1.0,none|Glock-18|a0h0k0|sm0fl0HE0fr0;none|Glock-18|a0h0k0|sm1fl0HE0fr0;none|none|a0h0k0|sm0fl0HE0fr0
t,2400,FAMAS,2400,INTERPOLATED,0,30.0,50,family,0,0,0,,4800,4800,5400,none:97%;AK-47:3%;Galil AR:0%,0.032,0.032,0.0,0.066,0.023,0.019,0.003,0.028,0.204,1.0,none|Glock-18|a0h0k0|sm0fl0HE0fr0;none|Glock-18|a0h0k0|sm1fl0HE0fr0;none|none|a0h0k0|sm0fl0HE0fr0
t,2400,FAMAS,2450,INTERPOLATED,0,29.7,100,family,0,0,0,,4850,4850,5450,none:97%;AK-47:3%;Galil AR:0%,0.028,0.028,0.0,0.063,0.021,0.018,0.003,0.025,0.184,1.0,none|Glock-18|a0h0k0|sm0fl0HE0fr0;none|Glock-18|a0h0k0|sm1fl0HE0fr0;none|none|a0h0k0|sm0fl0HE0fr0
t,2400,FAMAS,2500,INTERPOLATED,0,29.3,50,family,0,0,0,,4900,4900,5500,none:98%;AK-47:2%;Galil AR:0%,0.024,0.024,0.0,0.059,0.018,0.016,0.002,0.022,0.163,1.0,none|Glock-18|a0h0k0|sm0fl0HE0fr0;none|Glock-18|a0h0k0|sm1fl0HE0fr0;none|none|a0h0k0|sm0fl0HE0fr0
t,2400,FAMAS,2550,OBSERVED,2,28.8,0,family,0,0,0,,4950,4950,5550,none:98%;AK-47:2%;Galil AR:0%,0.021,0.021,0.0,0.056,0.016,0.014,0.002,0.019,0.147,1.0,none|Glock-18|a0h0k0|sm0fl0HE0fr0;none|Glock-18|a0h0k0|sm1fl0HE0fr0;none|none|a0h0k0|sm0fl0HE0fr0
t,2400,FAMAS,2600,OBSERVED,1,28.3,0,family,0,0,0,,5000,5000,5600,none:98%;AK-47:2%;Galil AR:0%,0.019,0.019,0.0,0.053,0.014,0.013,0.001,0.017,0.136,1.0,none|Glock-18|a0h0k0|sm0fl0HE0fr0;none|Glock-18|a0h0k0|sm1fl0HE0fr0;none|none|a0h0k0|sm0fl0HE0fr0
t,2400,FAMAS,2650,INTERPOLATED,0,27.6,50,family,0,0,0,,5050,5050,5650,none:98%;AK-47:2%;Galil AR:0%,0.016,0.016,0.0,0.051,0.013,0.011,0.001,0.015,0.118,1.0,none|Glock-18|a0h0k0|sm0fl0HE0fr0;none|Glock-18|a0h0k0|sm1fl0HE0fr0;none|none|a0h0k0|sm0fl0HE0fr0
t,2400,FAMAS,2700,OBSERVED,1,26.9,0,family,0,0,0,,5100,5100,5700,none:99%;AK-47:1%;Galil AR:0%,0.014,0.014,0.0,0.048,0.011,0.01,0.001,0.013,0.106,1.0,none|Glock-18|a0h0k0|sm0fl0HE0fr0;none|Glock-18|a0h0k0|sm1fl0HE0fr0;none|none|a0h0k0|sm0fl0HE0fr0
t,2400,FAMAS,2750,INTERPOLATED,0,26.0,50,family,0,0,0,,5150,5150,5750,none:99%;AK-47:1%;Galil AR:0%,0.012,0.012,0.0,0.045,0.01,0.009,0.001,0.011,0.094,1.0,none|Glock-18|a0h0k0|sm0fl0HE0fr0;none|Glock-18|a0h0k0|sm1fl0HE0fr0;none|none|a0h0k0|sm0fl0HE0fr0
t,2400,FAMAS,2800,INTERPOLATED,0,25.0,100,family,0,0,0,,5200,5200,5800,none:99%;AK-47:1%;Galil AR:0%,0.01,0.01,0.0,0.042,0.008,0.008,0.001,0.01,0.081,1.0,none|Glock-18|a0h0k0|sm0fl0HE0fr0;none|Glock-18|a0h0k0|sm1fl0HE0fr0;none|none|a0h0k0|sm0fl0HE0fr0
t,2400,FAMAS,2850,INTERPOLATED,0,23.9,150,family,0,0,0,,5250,5250,5850,none:99%;AK-47:1%;Galil AR:0%,0.009,0.009,0.0,0.04,0.007,0.007,0.0,0.008,0.074,1.0,none|Glock-18|a0h0k0|sm0fl0HE0fr0;none|Glock-18|a0h0k0|sm1fl0HE0fr0;none|none|a0h0k0|sm0fl0HE0fr0
t,2400,FAMAS,2900,INTERPOLATED,0,22.7,200,family,0,0,0,,5300,5300,5900,none:99%;AK-47:1%;Galil AR:0%,0.008,0.008,0.0,0.037,0.006,0.006,0.0,0.007,0.067,1.0,none|Glock-18|a0h0k0|sm0fl0HE0fr0;none|Glock-18|a0h0k0|sm1fl0HE0fr0;none|none|a0h0k0|sm0fl0HE0fr0
t,2400,FAMAS,2950,INTERPOLATED,0,21.3,150,family,0,0,0,,5350,5350,5950,none:99%;AK-47:1%;Galil AR:0%,0.006,0.006,0.0,0.034,0.005,0.005,0.0,0.006,0.053,1.0,none|Glock-18|a0h0k0|sm0fl0HE0fr0;none|Glock-18|a0h0k0|sm1fl0HE0fr0;none|none|a0h0k0|sm0fl0HE0fr0
t,2400,Galil AR,1000,INTERPOLATED,0,20.2,150,family,0,400,600,,3400,3000,3600,AK-47:56%;none:30%;Galil AR:13%,0.725,0.725,0.0,0.414,0.338,0.191,0.173,0.46,1.129,0.938,none|Glock-18|a0h0k0|sm0fl0HE0fr0;Galil AR|Glock-18|a1h1k0|sm1fl2HE0fr1;AK-47|Glock-18|a1h1k0|sm1fl0HE1fr1
t,2400,Galil AR,1050,INTERPOLATED,0,21.1,100,family,0,400,600,,3450,3050,3650,AK-47:54%;none:34%;Galil AR:13%,0.685,0.685,0.0,0.401,0.326,0.183,0.166,0.449,1.141,0.942,none|Glock-18|a0h0k0|sm0fl0HE0fr0;Galil AR|Glock-18|a1h1k0|sm1fl2HE0fr1;AK-47|Glock-18|a1h1k0|sm1fl0HE1fr1
t,2400,Galil AR,1100,INTERPOLATED,0,22.0,50,family,0,400,400,,3500,3100,3700,AK-47:51%;none:38%;Galil AR:12%,0.643,0.643,0.0,0.385,0.311,0.175,0.157,0.433,1.144,0.944,none|Glock-18|a0h0k0|sm0fl0HE0fr0;Galil AR|Glock-18|a1h1k0|sm1fl2HE0fr1;AK-47|Glock-18|a1h1k0|sm1fl0HE1fr1
t,2400,Galil AR,1150,OBSERVED,1,23.0,0,family,0,300,400,,3550,3250,3850,AK-47:47%;none:42%;Galil AR:11%,0.598,0.598,0.0,0.368,0.295,0.166,0.147,0.413,1.144,0.946,none|Glock-18|a0h0k0|sm0fl0HE0fr0;Galil AR|Glock-18|a1h1k0|sm1fl2HE0fr1;AK-47|Glock-18|a1h1k0|sm1fl0HE1fr1
t,2400,Galil AR,1200,INTERPOLATED,0,24.0,50,family,0,300,400,,3600,3300,3900,none:46%;AK-47:44%;Galil AR:10%,0.552,0.552,0.0,0.35,0.276,0.156,0.135,0.39,1.134,0.946,none|Glock-18|a0h0k0|sm0fl0HE0fr0;Galil AR|Glock-18|a1h1k0|sm1fl2HE0fr1;AK-47|Glock-18|a1h1k0|sm1fl0HE1fr1
t,2400,Galil AR,1250,OBSERVED,1,25.0,0,family,0,0,400,,3650,3650,4250,none:50%;AK-47:41%;Galil AR:9%,0.506,0.506,0.0,0.33,0.257,0.146,0.123,0.364,1.112,0.949,none|Glock-18|a0h0k0|sm0fl0HE0fr0;Galil AR|Glock-18|a1h1k0|sm1fl2HE0fr1;AK-47|Glock-18|a1h1k0|sm1fl0HE1fr1
t,2400,Galil AR,1300,OBSERVED,1,26.0,0,family,0,0,400,,3700,3700,4300,none:55%;AK-47:37%;Galil AR:8%,0.461,0.461,0.0,0.31,0.238,0.137,0.111,0.337,1.086,0.956,none|Glock-18|a0h0k0|sm0fl0HE0fr0;Galil AR|Glock-18|a1h1k0|sm1fl2HE0fr1;AK-47|Glock-18|a1h1k0|sm0fl1HE0fr0
t,2400,Galil AR,1350,INTERPOLATED,0,26.9,50,family,0,0,400,,3750,3750,4350,none:59%;AK-47:34%;Galil AR:7%,0.417,0.417,0.0,0.289,0.218,0.127,0.1,0.31,1.053,0.962,none|Glock-18|a0h0k0|sm0fl0HE0fr0;Galil AR|Glock-18|a1h1k0|sm1fl2HE0fr1;AK-47|Glock-18|a1h1k0|sm0fl1HE0fr0
t,2400,Galil AR,1400,OBSERVED,1,27.8,0,family,0,0,400,,3800,3800,4400,none:63%;AK-47:31%;Galil AR:6%,0.376,0.376,0.0,0.269,0.199,0.118,0.088,0.283,1.011,0.969,none|Glock-18|a0h0k0|sm0fl0HE0fr0;Galil AR|Glock-18|a1h1k0|sm1fl2HE0fr1;AK-47|Glock-18|a1h1k0|sm1fl0HE0fr1
t,2400,Galil AR,1450,INTERPOLATED,0,28.5,50,family,0,0,400,,3850,3850,4450,none:67%;AK-47:28%;Galil AR:6%,0.337,0.337,0.0,0.25,0.181,0.109,0.078,0.257,0.965,0.977,none|Glock-18|a0h0k0|sm0fl0HE0fr0;AK-47|Glock-18|a1h1k0|sm1fl0HE0fr1;AK-47|Glock-18|a1h1k0|sm0fl1HE0fr0
t,2400,Galil AR,1500,INTERPOLATED,0,29.1,100,family,0,0,400,,3900,3900,4500,none:70%;AK-47:25%;Galil AR:5%,0.301,0.301,0.0,0.231,0.164,0.1,0.068,0.232,0.913,0.983,none|Glock-18|a0h0k0|sm0fl0HE0fr0;AK-47|Glock-18|a1h1k0|sm1fl0HE0fr1;AK-47|Glock-18|a1h1k0|sm0fl1HE0fr0
t,2400,Galil AR,1550,INTERPOLATED,0,29.6,150,family,0,0,400,,3950,3950,4550,none:73%;AK-47:22%;Galil AR:4%,0.268,0.268,0.0,0.213,0.149,0.092,0.059,0.209,0.862,0.987,none|Glock-18|a0h0k0|sm0fl0HE0fr0;AK-47|Glock-18|a1h1k0|sm1fl0HE0fr1;AK-47|Glock-18|a1h1k0|sm1fl2HE0fr1
t,2400,Galil AR,1600,INTERPOLATED,0,30.0,150,family,0,0,0,,4000,4000,4600,none:76%;AK-47:20%;Galil AR:4%,0.238,0.238,0.0,0.197,0.134,0.084,0.051,0.187,0.808,0.99,none|Glock-18|a0h0k0|sm0fl0HE0fr0;AK-47|Glock-18|a1h1k0|sm1fl2HE0fr1;AK-47|Glock-18|a1h1k0|sm1fl0HE0fr1
t,2400,Galil AR,1650,INTERPOLATED,0,30.3,100,family,0,0,0,,4050,4050,4650,none:79%;AK-47:18%;Galil AR:3%,0.212,0.212,0.0,0.181,0.121,0.078,0.044,0.168,0.762,0.993,none|Glock-18|a0h0k0|sm0fl0HE0fr0;AK-47|Glock-18|a1h1k0|sm1fl2HE0fr1;AK-47|Glock-18|a1h1k0|sm1fl0HE0fr1
t,2400,Galil AR,1700,INTERPOLATED,0,30.5,50,family,0,0,0,,4100,4100,4700,none:81%;AK-47:16%;Galil AR:3%,0.187,0.187,0.0,0.167,0.108,0.071,0.037,0.15,0.704,0.995,none|Glock-18|a0h0k0|sm0fl0HE0fr0;AK-47|Glock-18|a1h1k0|sm1fl2HE0fr1;none|none|a0h0k0|sm0fl0HE0fr0
t,2400,Galil AR,1750,OBSERVED,1,30.7,0,family,0,0,0,,4150,4150,4750,none:83%;AK-47:14%;Galil AR:2%,0.166,0.166,0.0,0.154,0.097,0.065,0.032,0.134,0.657,0.996,none|Glock-18|a0h0k0|sm0fl0HE0fr0;AK-47|Glock-18|a1h1k0|sm1fl2HE0fr1;none|none|a0h0k0|sm0fl0HE0fr0
t,2400,Galil AR,1800,INTERPOLATED,0,30.8,50,family,0,0,0,,4200,4200,4800,none:85%;AK-47:13%;Galil AR:2%,0.147,0.147,0.0,0.143,0.087,0.06,0.027,0.119,0.611,0.997,none|Glock-18|a0h0k0|sm0fl0HE0fr0;AK-47|Glock-18|a1h1k0|sm1fl2HE0fr1;none|none|a0h0k0|sm0fl0HE0fr0
t,2400,Galil AR,1850,INTERPOLATED,0,30.9,50,family,0,0,0,,4250,4250,4850,none:87%;AK-47:11%;Galil AR:2%,0.129,0.129,0.0,0.132,0.078,0.055,0.023,0.106,0.555,0.998,none|Glock-18|a0h0k0|sm0fl0HE0fr0;AK-47|Glock-18|a1h1k0|sm1fl2HE0fr1;none|none|a0h0k0|sm0fl0HE0fr0
t,2400,Galil AR,1900,OBSERVED,5,31.0,0,family,0,0,0,,4300,4300,4900,none:89%;AK-47:10%;Galil AR:1%,0.114,0.114,0.0,0.122,0.07,0.05,0.019,0.094,0.512,0.999,none|Glock-18|a0h0k0|sm0fl0HE0fr0;none|none|a0h0k0|sm0fl0HE0fr0;AK-47|Glock-18|a1h1k0|sm1fl2HE0fr1
t,2400,Galil AR,1950,OBSERVED,4,31.0,0,family,0,0,0,,4350,4350,4950,none:90%;AK-47:9%;Galil AR:1%,0.101,0.101,0.0,0.114,0.063,0.046,0.016,0.084,0.472,0.999,none|Glock-18|a0h0k0|sm0fl0HE0fr0;none|none|a0h0k0|sm0fl0HE0fr0;AK-47|Glock-18|a1h1k0|sm1fl2HE0fr1
t,2400,Galil AR,2000,OBSERVED,3,31.0,0,family,0,0,0,,4400,4400,5000,none:91%;AK-47:8%;Galil AR:1%,0.089,0.089,0.0,0.106,0.057,0.042,0.014,0.074,0.433,0.999,none|Glock-18|a0h0k0|sm0fl0HE0fr0;none|none|a0h0k0|sm0fl0HE0fr0;none|Glock-18|a0h0k0|sm1fl0HE0fr0
t,2400,Galil AR,2050,INTERPOLATED,0,31.0,50,family,0,0,0,,4450,4450,5050,none:92%;AK-47:7%;Galil AR:1%,0.078,0.078,0.0,0.099,0.051,0.038,0.011,0.066,0.395,1.0,none|Glock-18|a0h0k0|sm0fl0HE0fr0;none|none|a0h0k0|sm0fl0HE0fr0;none|Glock-18|a0h0k0|sm1fl0HE0fr0
t,2400,Galil AR,2100,INTERPOLATED,0,31.0,50,family,0,0,0,,4500,4500,5100,none:93%;AK-47:6%;Galil AR:1%,0.069,0.069,0.0,0.093,0.045,0.035,0.01,0.059,0.362,1.0,none|Glock-18|a0h0k0|sm0fl0HE0fr0;none|Glock-18|a0h0k0|sm1fl0HE0fr0;none|none|a0h0k0|sm0fl0HE0fr0
t,2400,Galil AR,2150,OBSERVED,1,30.9,0,family,0,0,0,,4550,4550,5150,none:94%;AK-47:6%;Galil AR:0%,0.061,0.061,0.0,0.087,0.041,0.032,0.008,0.052,0.331,1.0,none|Glock-18|a0h0k0|sm0fl0HE0fr0;none|Glock-18|a0h0k0|sm1fl0HE0fr0;none|none|a0h0k0|sm0fl0HE0fr0
t,2400,Galil AR,2200,OBSERVED,4,30.8,0,family,0,0,0,,4600,4600,5200,none:95%;AK-47:5%;Galil AR:0%,0.054,0.054,0.0,0.082,0.036,0.029,0.007,0.046,0.3,1.0,none|Glock-18|a0h0k0|sm0fl0HE0fr0;none|Glock-18|a0h0k0|sm1fl0HE0fr0;none|none|a0h0k0|sm0fl0HE0fr0
t,2400,Galil AR,2250,OBSERVED,4,30.7,0,family,0,0,0,,4650,4650,5250,none:95%;AK-47:4%;Galil AR:0%,0.047,0.047,0.0,0.078,0.033,0.026,0.006,0.041,0.274,1.0,none|Glock-18|a0h0k0|sm0fl0HE0fr0;none|Glock-18|a0h0k0|sm1fl0HE0fr0;none|none|a0h0k0|sm0fl0HE0fr0
t,2400,Galil AR,2300,OBSERVED,2,30.5,0,family,0,0,0,,4700,4700,5300,none:96%;AK-47:4%;Galil AR:0%,0.041,0.041,0.0,0.073,0.029,0.024,0.005,0.036,0.247,1.0,none|Glock-18|a0h0k0|sm0fl0HE0fr0;none|Glock-18|a0h0k0|sm1fl0HE0fr0;none|none|a0h0k0|sm0fl0HE0fr0
t,2400,Galil AR,2350,OBSERVED,1,30.3,0,family,0,0,0,,4750,4750,5350,none:96%;AK-47:3%;Galil AR:0%,0.036,0.036,0.0,0.069,0.026,0.022,0.004,0.032,0.224,1.0,none|Glock-18|a0h0k0|sm0fl0HE0fr0;none|Glock-18|a0h0k0|sm1fl0HE0fr0;none|none|a0h0k0|sm0fl0HE0fr0
t,2400,Galil AR,2400,INTERPOLATED,0,30.0,50,family,0,0,0,,4800,4800,5400,none:97%;AK-47:3%;Galil AR:0%,0.032,0.032,0.0,0.066,0.023,0.019,0.003,0.028,0.204,1.0,none|Glock-18|a0h0k0|sm0fl0HE0fr0;none|Glock-18|a0h0k0|sm1fl0HE0fr0;none|none|a0h0k0|sm0fl0HE0fr0
t,2400,Galil AR,2450,INTERPOLATED,0,29.7,100,family,0,0,0,,4850,4850,5450,none:97%;AK-47:3%;Galil AR:0%,0.028,0.028,0.0,0.063,0.021,0.018,0.003,0.025,0.184,1.0,none|Glock-18|a0h0k0|sm0fl0HE0fr0;none|Glock-18|a0h0k0|sm1fl0HE0fr0;none|none|a0h0k0|sm0fl0HE0fr0
t,2400,Galil AR,2500,INTERPOLATED,0,29.3,50,family,0,0,0,,4900,4900,5500,none:98%;AK-47:2%;Galil AR:0%,0.024,0.024,0.0,0.059,0.018,0.016,0.002,0.022,0.163,1.0,none|Glock-18|a0h0k0|sm0fl0HE0fr0;none|Glock-18|a0h0k0|sm1fl0HE0fr0;none|none|a0h0k0|sm0fl0HE0fr0
t,2400,Galil AR,2550,OBSERVED,2,28.8,0,family,0,0,0,,4950,4950,5550,none:98%;AK-47:2%;Galil AR:0%,0.021,0.021,0.0,0.056,0.016,0.014,0.002,0.019,0.147,1.0,none|Glock-18|a0h0k0|sm0fl0HE0fr0;none|Glock-18|a0h0k0|sm1fl0HE0fr0;none|none|a0h0k0|sm0fl0HE0fr0
t,2400,Galil AR,2600,OBSERVED,1,28.3,0,family,0,0,0,,5000,5000,5600,none:98%;AK-47:2%;Galil AR:0%,0.019,0.019,0.0,0.053,0.014,0.013,0.001,0.017,0.136,1.0,none|Glock-18|a0h0k0|sm0fl0HE0fr0;none|Glock-18|a0h0k0|sm1fl0HE0fr0;none|none|a0h0k0|sm0fl0HE0fr0
t,2400,Galil AR,2650,INTERPOLATED,0,27.6,50,family,0,0,0,,5050,5050,5650,none:98%;AK-47:2%;Galil AR:0%,0.016,0.016,0.0,0.051,0.013,0.011,0.001,0.015,0.118,1.0,none|Glock-18|a0h0k0|sm0fl0HE0fr0;none|Glock-18|a0h0k0|sm1fl0HE0fr0;none|none|a0h0k0|sm0fl0HE0fr0
t,2400,Galil AR,2700,OBSERVED,1,26.9,0,family,0,0,0,,5100,5100,5700,none:99%;AK-47:1%;Galil AR:0%,0.014,0.014,0.0,0.048,0.011,0.01,0.001,0.013,0.106,1.0,none|Glock-18|a0h0k0|sm0fl0HE0fr0;none|Glock-18|a0h0k0|sm1fl0HE0fr0;none|none|a0h0k0|sm0fl0HE0fr0
t,2400,Galil AR,2750,INTERPOLATED,0,26.0,50,family,0,0,0,,5150,5150,5750,none:99%;AK-47:1%;Galil AR:0%,0.012,0.012,0.0,0.045,0.01,0.009,0.001,0.011,0.094,1.0,none|Glock-18|a0h0k0|sm0fl0HE0fr0;none|Glock-18|a0h0k0|sm1fl0HE0fr0;none|none|a0h0k0|sm0fl0HE0fr0
t,2400,Galil AR,2800,INTERPOLATED,0,25.0,100,family,0,0,0,,5200,5200,5800,none:99%;AK-47:1%;Galil AR:0%,0.01,0.01,0.0,0.042,0.008,0.008,0.001,0.01,0.081,1.0,none|Glock-18|a0h0k0|sm0fl0HE0fr0;none|Glock-18|a0h0k0|sm1fl0HE0fr0;none|none|a0h0k0|sm0fl0HE0fr0
t,2400,Galil AR,2850,INTERPOLATED,0,23.9,150,family,0,0,0,,5250,5250,5850,none:99%;AK-47:1%;Galil AR:0%,0.009,0.009,0.0,0.04,0.007,0.007,0.0,0.008,0.074,1.0,none|Glock-18|a0h0k0|sm0fl0HE0fr0;none|Glock-18|a0h0k0|sm1fl0HE0fr0;none|none|a0h0k0|sm0fl0HE0fr0
t,2400,Galil AR,2900,INTERPOLATED,0,22.7,200,family,0,0,0,,5300,5300,5900,none:99%;AK-47:1%;Galil AR:0%,0.008,0.008,0.0,0.037,0.006,0.006,0.0,0.007,0.067,1.0,none|Glock-18|a0h0k0|sm0fl0HE0fr0;none|Glock-18|a0h0k0|sm1fl0HE0fr0;none|none|a0h0k0|sm0fl0HE0fr0
t,2400,Galil AR,2950,INTERPOLATED,0,21.3,150,family,0,0,0,,5350,5350,5950,none:99%;AK-47:1%;Galil AR:0%,0.006,0.006,0.0,0.034,0.005,0.005,0.0,0.006,0.053,1.0,none|Glock-18|a0h0k0|sm0fl0HE0fr0;none|Glock-18|a0h0k0|sm1fl0HE0fr0;none|none|a0h0k0|sm0fl0HE0fr0
t,2400,M4A1-S,1000,INTERPOLATED,0,20.2,150,family,0,400,600,,3400,3000,3600,AK-47:56%;none:30%;Galil AR:13%,0.725,0.725,0.0,0.414,0.338,0.191,0.173,0.46,1.129,0.938,none|Glock-18|a0h0k0|sm0fl0HE0fr0;Galil AR|Glock-18|a1h1k0|sm1fl2HE0fr1;AK-47|Glock-18|a1h1k0|sm1fl0HE1fr1
t,2400,M4A1-S,1050,INTERPOLATED,0,21.1,100,family,0,400,600,,3450,3050,3650,AK-47:54%;none:34%;Galil AR:13%,0.685,0.685,0.0,0.401,0.326,0.183,0.166,0.449,1.141,0.942,none|Glock-18|a0h0k0|sm0fl0HE0fr0;Galil AR|Glock-18|a1h1k0|sm1fl2HE0fr1;AK-47|Glock-18|a1h1k0|sm1fl0HE1fr1
t,2400,M4A1-S,1100,INTERPOLATED,0,22.0,50,family,0,400,400,,3500,3100,3700,AK-47:51%;none:38%;Galil AR:12%,0.643,0.643,0.0,0.385,0.311,0.175,0.157,0.433,1.144,0.944,none|Glock-18|a0h0k0|sm0fl0HE0fr0;Galil AR|Glock-18|a1h1k0|sm1fl2HE0fr1;AK-47|Glock-18|a1h1k0|sm1fl0HE1fr1
t,2400,M4A1-S,1150,OBSERVED,1,23.0,0,family,0,300,400,,3550,3250,3850,AK-47:47%;none:42%;Galil AR:11%,0.598,0.598,0.0,0.368,0.295,0.166,0.147,0.413,1.144,0.946,none|Glock-18|a0h0k0|sm0fl0HE0fr0;Galil AR|Glock-18|a1h1k0|sm1fl2HE0fr1;AK-47|Glock-18|a1h1k0|sm1fl0HE1fr1
t,2400,M4A1-S,1200,INTERPOLATED,0,24.0,50,family,0,300,400,,3600,3300,3900,none:46%;AK-47:44%;Galil AR:10%,0.552,0.552,0.0,0.35,0.276,0.156,0.135,0.39,1.134,0.946,none|Glock-18|a0h0k0|sm0fl0HE0fr0;Galil AR|Glock-18|a1h1k0|sm1fl2HE0fr1;AK-47|Glock-18|a1h1k0|sm1fl0HE1fr1
t,2400,M4A1-S,1250,OBSERVED,1,25.0,0,family,0,0,400,,3650,3650,4250,none:50%;AK-47:41%;Galil AR:9%,0.506,0.506,0.0,0.33,0.257,0.146,0.123,0.364,1.112,0.949,none|Glock-18|a0h0k0|sm0fl0HE0fr0;Galil AR|Glock-18|a1h1k0|sm1fl2HE0fr1;AK-47|Glock-18|a1h1k0|sm1fl0HE1fr1
t,2400,M4A1-S,1300,OBSERVED,1,26.0,0,family,0,0,400,,3700,3700,4300,none:55%;AK-47:37%;Galil AR:8%,0.461,0.461,0.0,0.31,0.238,0.137,0.111,0.337,1.086,0.956,none|Glock-18|a0h0k0|sm0fl0HE0fr0;Galil AR|Glock-18|a1h1k0|sm1fl2HE0fr1;AK-47|Glock-18|a1h1k0|sm0fl1HE0fr0
t,2400,M4A1-S,1350,INTERPOLATED,0,26.9,50,family,0,0,400,,3750,3750,4350,none:59%;AK-47:34%;Galil AR:7%,0.417,0.417,0.0,0.289,0.218,0.127,0.1,0.31,1.053,0.962,none|Glock-18|a0h0k0|sm0fl0HE0fr0;Galil AR|Glock-18|a1h1k0|sm1fl2HE0fr1;AK-47|Glock-18|a1h1k0|sm0fl1HE0fr0
t,2400,M4A1-S,1400,OBSERVED,1,27.8,0,family,0,0,400,,3800,3800,4400,none:63%;AK-47:31%;Galil AR:6%,0.376,0.376,0.0,0.269,0.199,0.118,0.088,0.283,1.011,0.969,none|Glock-18|a0h0k0|sm0fl0HE0fr0;Galil AR|Glock-18|a1h1k0|sm1fl2HE0fr1;AK-47|Glock-18|a1h1k0|sm1fl0HE0fr1
t,2400,M4A1-S,1450,INTERPOLATED,0,28.5,50,family,0,0,400,,3850,3850,4450,none:67%;AK-47:28%;Galil AR:6%,0.337,0.337,0.0,0.25,0.181,0.109,0.078,0.257,0.965,0.977,none|Glock-18|a0h0k0|sm0fl0HE0fr0;AK-47|Glock-18|a1h1k0|sm1fl0HE0fr1;AK-47|Glock-18|a1h1k0|sm0fl1HE0fr0
t,2400,M4A1-S,1500,INTERPOLATED,0,29.1,100,family,0,0,400,,3900,3900,4500,none:70%;AK-47:25%;Galil AR:5%,0.301,0.301,0.0,0.231,0.164,0.1,0.068,0.232,0.913,0.983,none|Glock-18|a0h0k0|sm0fl0HE0fr0;AK-47|Glock-18|a1h1k0|sm1fl0HE0fr1;AK-47|Glock-18|a1h1k0|sm0fl1HE0fr0
t,2400,M4A1-S,1550,INTERPOLATED,0,29.6,150,family,0,0,400,,3950,3950,4550,none:73%;AK-47:22%;Galil AR:4%,0.268,0.268,0.0,0.213,0.149,0.092,0.059,0.209,0.862,0.987,none|Glock-18|a0h0k0|sm0fl0HE0fr0;AK-47|Glock-18|a1h1k0|sm1fl0HE0fr1;AK-47|Glock-18|a1h1k0|sm1fl2HE0fr1
t,2400,M4A1-S,1600,INTERPOLATED,0,30.0,150,family,0,0,0,,4000,4000,4600,none:76%;AK-47:20%;Galil AR:4%,0.238,0.238,0.0,0.197,0.134,0.084,0.051,0.187,0.808,0.99,none|Glock-18|a0h0k0|sm0fl0HE0fr0;AK-47|Glock-18|a1h1k0|sm1fl2HE0fr1;AK-47|Glock-18|a1h1k0|sm1fl0HE0fr1
t,2400,M4A1-S,1650,INTERPOLATED,0,30.3,100,family,0,0,0,,4050,4050,4650,none:79%;AK-47:18%;Galil AR:3%,0.212,0.212,0.0,0.181,0.121,0.078,0.044,0.168,0.762,0.993,none|Glock-18|a0h0k0|sm0fl0HE0fr0;AK-47|Glock-18|a1h1k0|sm1fl2HE0fr1;AK-47|Glock-18|a1h1k0|sm1fl0HE0fr1
t,2400,M4A1-S,1700,INTERPOLATED,0,30.5,50,family,0,0,0,,4100,4100,4700,none:81%;AK-47:16%;Galil AR:3%,0.187,0.187,0.0,0.167,0.108,0.071,0.037,0.15,0.704,0.995,none|Glock-18|a0h0k0|sm0fl0HE0fr0;AK-47|Glock-18|a1h1k0|sm1fl2HE0fr1;none|none|a0h0k0|sm0fl0HE0fr0
t,2400,M4A1-S,1750,OBSERVED,1,30.7,0,family,0,0,0,,4150,4150,4750,none:83%;AK-47:14%;Galil AR:2%,0.166,0.166,0.0,0.154,0.097,0.065,0.032,0.134,0.657,0.996,none|Glock-18|a0h0k0|sm0fl0HE0fr0;AK-47|Glock-18|a1h1k0|sm1fl2HE0fr1;none|none|a0h0k0|sm0fl0HE0fr0
t,2400,M4A1-S,1800,INTERPOLATED,0,30.8,50,family,0,0,0,,4200,4200,4800,none:85%;AK-47:13%;Galil AR:2%,0.147,0.147,0.0,0.143,0.087,0.06,0.027,0.119,0.611,0.997,none|Glock-18|a0h0k0|sm0fl0HE0fr0;AK-47|Glock-18|a1h1k0|sm1fl2HE0fr1;none|none|a0h0k0|sm0fl0HE0fr0
t,2400,M4A1-S,1850,INTERPOLATED,0,30.9,50,family,0,0,0,,4250,4250,4850,none:87%;AK-47:11%;Galil AR:2%,0.129,0.129,0.0,0.132,0.078,0.055,0.023,0.106,0.555,0.998,none|Glock-18|a0h0k0|sm0fl0HE0fr0;AK-47|Glock-18|a1h1k0|sm1fl2HE0fr1;none|none|a0h0k0|sm0fl0HE0fr0
t,2400,M4A1-S,1900,OBSERVED,5,31.0,0,family,0,0,0,,4300,4300,4900,none:89%;AK-47:10%;Galil AR:1%,0.114,0.114,0.0,0.122,0.07,0.05,0.019,0.094,0.512,0.999,none|Glock-18|a0h0k0|sm0fl0HE0fr0;none|none|a0h0k0|sm0fl0HE0fr0;AK-47|Glock-18|a1h1k0|sm1fl2HE0fr1
t,2400,M4A1-S,1950,OBSERVED,4,31.0,0,family,0,0,0,,4350,4350,4950,none:90%;AK-47:9%;Galil AR:1%,0.101,0.101,0.0,0.114,0.063,0.046,0.016,0.084,0.472,0.999,none|Glock-18|a0h0k0|sm0fl0HE0fr0;none|none|a0h0k0|sm0fl0HE0fr0;AK-47|Glock-18|a1h1k0|sm1fl2HE0fr1
t,2400,M4A1-S,2000,OBSERVED,3,31.0,0,family,0,0,0,,4400,4400,5000,none:91%;AK-47:8%;Galil AR:1%,0.089,0.089,0.0,0.106,0.057,0.042,0.014,0.074,0.433,0.999,none|Glock-18|a0h0k0|sm0fl0HE0fr0;none|none|a0h0k0|sm0fl0HE0fr0;none|Glock-18|a0h0k0|sm1fl0HE0fr0
t,2400,M4A1-S,2050,INTERPOLATED,0,31.0,50,family,0,0,0,,4450,4450,5050,none:92%;AK-47:7%;Galil AR:1%,0.078,0.078,0.0,0.099,0.051,0.038,0.011,0.066,0.395,1.0,none|Glock-18|a0h0k0|sm0fl0HE0fr0;none|none|a0h0k0|sm0fl0HE0fr0;none|Glock-18|a0h0k0|sm1fl0HE0fr0
t,2400,M4A1-S,2100,INTERPOLATED,0,31.0,50,family,0,0,0,,4500,4500,5100,none:93%;AK-47:6%;Galil AR:1%,0.069,0.069,0.0,0.093,0.045,0.035,0.01,0.059,0.362,1.0,none|Glock-18|a0h0k0|sm0fl0HE0fr0;none|Glock-18|a0h0k0|sm1fl0HE0fr0;none|none|a0h0k0|sm0fl0HE0fr0
t,2400,M4A1-S,2150,OBSERVED,1,30.9,0,family,0,0,0,,4550,4550,5150,none:94%;AK-47:6%;Galil AR:0%,0.061,0.061,0.0,0.087,0.041,0.032,0.008,0.052,0.331,1.0,none|Glock-18|a0h0k0|sm0fl0HE0fr0;none|Glock-18|a0h0k0|sm1fl0HE0fr0;none|none|a0h0k0|sm0fl0HE0fr0
t,2400,M4A1-S,2200,OBSERVED,4,30.8,0,family,0,0,0,,4600,4600,5200,none:95%;AK-47:5%;Galil AR:0%,0.054,0.054,0.0,0.082,0.036,0.029,0.007,0.046,0.3,1.0,none|Glock-18|a0h0k0|sm0fl0HE0fr0;none|Glock-18|a0h0k0|sm1fl0HE0fr0;none|none|a0h0k0|sm0fl0HE0fr0
t,2400,M4A1-S,2250,OBSERVED,4,30.7,0,family,0,0,0,,4650,4650,5250,none:95%;AK-47:4%;Galil AR:0%,0.047,0.047,0.0,0.078,0.033,0.026,0.006,0.041,0.274,1.0,none|Glock-18|a0h0k0|sm0fl0HE0fr0;none|Glock-18|a0h0k0|sm1fl0HE0fr0;none|none|a0h0k0|sm0fl0HE0fr0
t,2400,M4A1-S,2300,OBSERVED,2,30.5,0,family,0,0,0,,4700,4700,5300,none:96%;AK-47:4%;Galil AR:0%,0.041,0.041,0.0,0.073,0.029,0.024,0.005,0.036,0.247,1.0,none|Glock-18|a0h0k0|sm0fl0HE0fr0;none|Glock-18|a0h0k0|sm1fl0HE0fr0;none|none|a0h0k0|sm0fl0HE0fr0
t,2400,M4A1-S,2350,OBSERVED,1,30.3,0,family,0,0,0,,4750,4750,5350,none:96%;AK-47:3%;Galil AR:0%,0.036,0.036,0.0,0.069,0.026,0.022,0.004,0.032,0.224,1.0,none|Glock-18|a0h0k0|sm0fl0HE0fr0;none|Glock-18|a0h0k0|sm1fl0HE0fr0;none|none|a0h0k0|sm0fl0HE0fr0
t,2400,M4A1-S,2400,INTERPOLATED,0,30.0,50,family,0,0,0,,4800,4800,5400,none:97%;AK-47:3%;Galil AR:0%,0.032,0.032,0.0,0.066,0.023,0.019,0.003,0.028,0.204,1.0,none|Glock-18|a0h0k0|sm0fl0HE0fr0;none|Glock-18|a0h0k0|sm1fl0HE0fr0;none|none|a0h0k0|sm0fl0HE0fr0
t,2400,M4A1-S,2450,INTERPOLATED,0,29.7,100,family,0,0,0,,4850,4850,5450,none:97%;AK-47:3%;Galil AR:0%,0.028,0.028,0.0,0.063,0.021,0.018,0.003,0.025,0.184,1.0,none|Glock-18|a0h0k0|sm0fl0HE0fr0;none|Glock-18|a0h0k0|sm1fl0HE0fr0;none|none|a0h0k0|sm0fl0HE0fr0
t,2400,M4A1-S,2500,INTERPOLATED,0,29.3,50,family,0,0,0,,4900,4900,5500,none:98%;AK-47:2%;Galil AR:0%,0.024,0.024,0.0,0.059,0.018,0.016,0.002,0.022,0.163,1.0,none|Glock-18|a0h0k0|sm0fl0HE0fr0;none|Glock-18|a0h0k0|sm1fl0HE0fr0;none|none|a0h0k0|sm0fl0HE0fr0
t,2400,M4A1-S,2550,OBSERVED,2,28.8,0,family,0,0,0,,4950,4950,5550,none:98%;AK-47:2%;Galil AR:0%,0.021,0.021,0.0,0.056,0.016,0.014,0.002,0.019,0.147,1.0,none|Glock-18|a0h0k0|sm0fl0HE0fr0;none|Glock-18|a0h0k0|sm1fl0HE0fr0;none|none|a0h0k0|sm0fl0HE0fr0
t,2400,M4A1-S,2600,OBSERVED,1,28.3,0,family,0,0,0,,5000,5000,5600,none:98%;AK-47:2%;Galil AR:0%,0.019,0.019,0.0,0.053,0.014,0.013,0.001,0.017,0.136,1.0,none|Glock-18|a0h0k0|sm0fl0HE0fr0;none|Glock-18|a0h0k0|sm1fl0HE0fr0;none|none|a0h0k0|sm0fl0HE0fr0
t,2400,M4A1-S,2650,INTERPOLATED,0,27.6,50,family,0,0,0,,5050,5050,5650,none:98%;AK-47:2%;Galil AR:0%,0.016,0.016,0.0,0.051,0.013,0.011,0.001,0.015,0.118,1.0,none|Glock-18|a0h0k0|sm0fl0HE0fr0;none|Glock-18|a0h0k0|sm1fl0HE0fr0;none|none|a0h0k0|sm0fl0HE0fr0
t,2400,M4A1-S,2700,OBSERVED,1,26.9,0,family,0,0,0,,5100,5100,5700,none:99%;AK-47:1%;Galil AR:0%,0.014,0.014,0.0,0.048,0.011,0.01,0.001,0.013,0.106,1.0,none|Glock-18|a0h0k0|sm0fl0HE0fr0;none|Glock-18|a0h0k0|sm1fl0HE0fr0;none|none|a0h0k0|sm0fl0HE0fr0
t,2400,M4A1-S,2750,INTERPOLATED,0,26.0,50,family,0,0,0,,5150,5150,5750,none:99%;AK-47:1%;Galil AR:0%,0.012,0.012,0.0,0.045,0.01,0.009,0.001,0.011,0.094,1.0,none|Glock-18|a0h0k0|sm0fl0HE0fr0;none|Glock-18|a0h0k0|sm1fl0HE0fr0;none|none|a0h0k0|sm0fl0HE0fr0
t,2400,M4A1-S,2800,INTERPOLATED,0,25.0,100,family,0,0,0,,5200,5200,5800,none:99%;AK-47:1%;Galil AR:0%,0.01,0.01,0.0,0.042,0.008,0.008,0.001,0.01,0.081,1.0,none|Glock-18|a0h0k0|sm0fl0HE0fr0;none|Glock-18|a0h0k0|sm1fl0HE0fr0;none|none|a0h0k0|sm0fl0HE0fr0
t,2400,M4A1-S,2850,INTERPOLATED,0,23.9,150,family,0,0,0,,5250,5250,5850,none:99%;AK-47:1%;Galil AR:0%,0.009,0.009,0.0,0.04,0.007,0.007,0.0,0.008,0.074,1.0,none|Glock-18|a0h0k0|sm0fl0HE0fr0;none|Glock-18|a0h0k0|sm1fl0HE0fr0;none|none|a0h0k0|sm0fl0HE0fr0
t,2400,M4A1-S,2900,INTERPOLATED,0,22.7,200,family,0,0,0,,5300,5300,5900,none:99%;AK-47:1%;Galil AR:0%,0.008,0.008,0.0,0.037,0.006,0.006,0.0,0.007,0.067,1.0,none|Glock-18|a0h0k0|sm0fl0HE0fr0;none|Glock-18|a0h0k0|sm1fl0HE0fr0;none|none|a0h0k0|sm0fl0HE0fr0
t,2400,M4A1-S,2950,INTERPOLATED,0,21.3,150,family,0,0,0,,5350,5350,5950,none:99%;AK-47:1%;Galil AR:0%,0.006,0.006,0.0,0.034,0.005,0.005,0.0,0.006,0.053,1.0,none|Glock-18|a0h0k0|sm0fl0HE0fr0;none|Glock-18|a0h0k0|sm1fl0HE0fr0;none|none|a0h0k0|sm0fl0HE0fr0
t,2400,M4A4,1000,INTERPOLATED,0,20.2,150,family,0,400,600,,3400,3000,3600,AK-47:56%;none:30%;Galil AR:13%,0.725,0.725,0.0,0.414,0.338,0.191,0.173,0.46,1.129,0.938,none|Glock-18|a0h0k0|sm0fl0HE0fr0;Galil AR|Glock-18|a1h1k0|sm1fl2HE0fr1;AK-47|Glock-18|a1h1k0|sm1fl0HE1fr1
t,2400,M4A4,1050,INTERPOLATED,0,21.1,100,family,0,400,600,,3450,3050,3650,AK-47:54%;none:34%;Galil AR:13%,0.685,0.685,0.0,0.401,0.326,0.183,0.166,0.449,1.141,0.942,none|Glock-18|a0h0k0|sm0fl0HE0fr0;Galil AR|Glock-18|a1h1k0|sm1fl2HE0fr1;AK-47|Glock-18|a1h1k0|sm1fl0HE1fr1
t,2400,M4A4,1100,INTERPOLATED,0,22.0,50,family,0,400,400,,3500,3100,3700,AK-47:51%;none:38%;Galil AR:12%,0.643,0.643,0.0,0.385,0.311,0.175,0.157,0.433,1.144,0.944,none|Glock-18|a0h0k0|sm0fl0HE0fr0;Galil AR|Glock-18|a1h1k0|sm1fl2HE0fr1;AK-47|Glock-18|a1h1k0|sm1fl0HE1fr1
t,2400,M4A4,1150,OBSERVED,1,23.0,0,family,0,300,400,,3550,3250,3850,AK-47:47%;none:42%;Galil AR:11%,0.598,0.598,0.0,0.368,0.295,0.166,0.147,0.413,1.144,0.946,none|Glock-18|a0h0k0|sm0fl0HE0fr0;Galil AR|Glock-18|a1h1k0|sm1fl2HE0fr1;AK-47|Glock-18|a1h1k0|sm1fl0HE1fr1
t,2400,M4A4,1200,INTERPOLATED,0,24.0,50,family,0,300,400,,3600,3300,3900,none:46%;AK-47:44%;Galil AR:10%,0.552,0.552,0.0,0.35,0.276,0.156,0.135,0.39,1.134,0.946,none|Glock-18|a0h0k0|sm0fl0HE0fr0;Galil AR|Glock-18|a1h1k0|sm1fl2HE0fr1;AK-47|Glock-18|a1h1k0|sm1fl0HE1fr1
t,2400,M4A4,1250,OBSERVED,1,25.0,0,family,0,0,400,,3650,3650,4250,none:50%;AK-47:41%;Galil AR:9%,0.506,0.506,0.0,0.33,0.257,0.146,0.123,0.364,1.112,0.949,none|Glock-18|a0h0k0|sm0fl0HE0fr0;Galil AR|Glock-18|a1h1k0|sm1fl2HE0fr1;AK-47|Glock-18|a1h1k0|sm1fl0HE1fr1
t,2400,M4A4,1300,OBSERVED,1,26.0,0,family,0,0,400,,3700,3700,4300,none:55%;AK-47:37%;Galil AR:8%,0.461,0.461,0.0,0.31,0.238,0.137,0.111,0.337,1.086,0.956,none|Glock-18|a0h0k0|sm0fl0HE0fr0;Galil AR|Glock-18|a1h1k0|sm1fl2HE0fr1;AK-47|Glock-18|a1h1k0|sm0fl1HE0fr0
t,2400,M4A4,1350,INTERPOLATED,0,26.9,50,family,0,0,400,,3750,3750,4350,none:59%;AK-47:34%;Galil AR:7%,0.417,0.417,0.0,0.289,0.218,0.127,0.1,0.31,1.053,0.962,none|Glock-18|a0h0k0|sm0fl0HE0fr0;Galil AR|Glock-18|a1h1k0|sm1fl2HE0fr1;AK-47|Glock-18|a1h1k0|sm0fl1HE0fr0
t,2400,M4A4,1400,OBSERVED,1,27.8,0,family,0,0,400,,3800,3800,4400,none:63%;AK-47:31%;Galil AR:6%,0.376,0.376,0.0,0.269,0.199,0.118,0.088,0.283,1.011,0.969,none|Glock-18|a0h0k0|sm0fl0HE0fr0;Galil AR|Glock-18|a1h1k0|sm1fl2HE0fr1;AK-47|Glock-18|a1h1k0|sm1fl0HE0fr1
t,2400,M4A4,1450,INTERPOLATED,0,28.5,50,family,0,0,400,,3850,3850,4450,none:67%;AK-47:28%;Galil AR:6%,0.337,0.337,0.0,0.25,0.181,0.109,0.078,0.257,0.965,0.977,none|Glock-18|a0h0k0|sm0fl0HE0fr0;AK-47|Glock-18|a1h1k0|sm1fl0HE0fr1;AK-47|Glock-18|a1h1k0|sm0fl1HE0fr0
t,2400,M4A4,1500,INTERPOLATED,0,29.1,100,family,0,0,400,,3900,3900,4500,none:70%;AK-47:25%;Galil AR:5%,0.301,0.301,0.0,0.231,0.164,0.1,0.068,0.232,0.913,0.983,none|Glock-18|a0h0k0|sm0fl0HE0fr0;AK-47|Glock-18|a1h1k0|sm1fl0HE0fr1;AK-47|Glock-18|a1h1k0|sm0fl1HE0fr0
t,2400,M4A4,1550,INTERPOLATED,0,29.6,150,family,0,0,400,,3950,3950,4550,none:73%;AK-47:22%;Galil AR:4%,0.268,0.268,0.0,0.213,0.149,0.092,0.059,0.209,0.862,0.987,none|Glock-18|a0h0k0|sm0fl0HE0fr0;AK-47|Glock-18|a1h1k0|sm1fl0HE0fr1;AK-47|Glock-18|a1h1k0|sm1fl2HE0fr1
t,2400,M4A4,1600,INTERPOLATED,0,30.0,150,family,0,0,0,,4000,4000,4600,none:76%;AK-47:20%;Galil AR:4%,0.238,0.238,0.0,0.197,0.134,0.084,0.051,0.187,0.808,0.99,none|Glock-18|a0h0k0|sm0fl0HE0fr0;AK-47|Glock-18|a1h1k0|sm1fl2HE0fr1;AK-47|Glock-18|a1h1k0|sm1fl0HE0fr1
t,2400,M4A4,1650,INTERPOLATED,0,30.3,100,family,0,0,0,,4050,4050,4650,none:79%;AK-47:18%;Galil AR:3%,0.212,0.212,0.0,0.181,0.121,0.078,0.044,0.168,0.762,0.993,none|Glock-18|a0h0k0|sm0fl0HE0fr0;AK-47|Glock-18|a1h1k0|sm1fl2HE0fr1;AK-47|Glock-18|a1h1k0|sm1fl0HE0fr1
t,2400,M4A4,1700,INTERPOLATED,0,30.5,50,family,0,0,0,,4100,4100,4700,none:81%;AK-47:16%;Galil AR:3%,0.187,0.187,0.0,0.167,0.108,0.071,0.037,0.15,0.704,0.995,none|Glock-18|a0h0k0|sm0fl0HE0fr0;AK-47|Glock-18|a1h1k0|sm1fl2HE0fr1;none|none|a0h0k0|sm0fl0HE0fr0
t,2400,M4A4,1750,OBSERVED,1,30.7,0,family,0,0,0,,4150,4150,4750,none:83%;AK-47:14%;Galil AR:2%,0.166,0.166,0.0,0.154,0.097,0.065,0.032,0.134,0.657,0.996,none|Glock-18|a0h0k0|sm0fl0HE0fr0;AK-47|Glock-18|a1h1k0|sm1fl2HE0fr1;none|none|a0h0k0|sm0fl0HE0fr0
t,2400,M4A4,1800,INTERPOLATED,0,30.8,50,family,0,0,0,,4200,4200,4800,none:85%;AK-47:13%;Galil AR:2%,0.147,0.147,0.0,0.143,0.087,0.06,0.027,0.119,0.611,0.997,none|Glock-18|a0h0k0|sm0fl0HE0fr0;AK-47|Glock-18|a1h1k0|sm1fl2HE0fr1;none|none|a0h0k0|sm0fl0HE0fr0
t,2400,M4A4,1850,INTERPOLATED,0,30.9,50,family,0,0,0,,4250,4250,4850,none:87%;AK-47:11%;Galil AR:2%,0.129,0.129,0.0,0.132,0.078,0.055,0.023,0.106,0.555,0.998,none|Glock-18|a0h0k0|sm0fl0HE0fr0;AK-47|Glock-18|a1h1k0|sm1fl2HE0fr1;none|none|a0h0k0|sm0fl0HE0fr0
t,2400,M4A4,1900,OBSERVED,5,31.0,0,family,0,0,0,,4300,4300,4900,none:89%;AK-47:10%;Galil AR:1%,0.114,0.114,0.0,0.122,0.07,0.05,0.019,0.094,0.512,0.999,none|Glock-18|a0h0k0|sm0fl0HE0fr0;none|none|a0h0k0|sm0fl0HE0fr0;AK-47|Glock-18|a1h1k0|sm1fl2HE0fr1
t,2400,M4A4,1950,OBSERVED,4,31.0,0,family,0,0,0,,4350,4350,4950,none:90%;AK-47:9%;Galil AR:1%,0.101,0.101,0.0,0.114,0.063,0.046,0.016,0.084,0.472,0.999,none|Glock-18|a0h0k0|sm0fl0HE0fr0;none|none|a0h0k0|sm0fl0HE0fr0;AK-47|Glock-18|a1h1k0|sm1fl2HE0fr1
t,2400,M4A4,2000,OBSERVED,3,31.0,0,family,0,0,0,,4400,4400,5000,none:91%;AK-47:8%;Galil AR:1%,0.089,0.089,0.0,0.106,0.057,0.042,0.014,0.074,0.433,0.999,none|Glock-18|a0h0k0|sm0fl0HE0fr0;none|none|a0h0k0|sm0fl0HE0fr0;none|Glock-18|a0h0k0|sm1fl0HE0fr0
t,2400,M4A4,2050,INTERPOLATED,0,31.0,50,family,0,0,0,,4450,4450,5050,none:92%;AK-47:7%;Galil AR:1%,0.078,0.078,0.0,0.099,0.051,0.038,0.011,0.066,0.395,1.0,none|Glock-18|a0h0k0|sm0fl0HE0fr0;none|none|a0h0k0|sm0fl0HE0fr0;none|Glock-18|a0h0k0|sm1fl0HE0fr0
t,2400,M4A4,2100,INTERPOLATED,0,31.0,50,family,0,0,0,,4500,4500,5100,none:93%;AK-47:6%;Galil AR:1%,0.069,0.069,0.0,0.093,0.045,0.035,0.01,0.059,0.362,1.0,none|Glock-18|a0h0k0|sm0fl0HE0fr0;none|Glock-18|a0h0k0|sm1fl0HE0fr0;none|none|a0h0k0|sm0fl0HE0fr0
t,2400,M4A4,2150,OBSERVED,1,30.9,0,family,0,0,0,,4550,4550,5150,none:94%;AK-47:6%;Galil AR:0%,0.061,0.061,0.0,0.087,0.041,0.032,0.008,0.052,0.331,1.0,none|Glock-18|a0h0k0|sm0fl0HE0fr0;none|Glock-18|a0h0k0|sm1fl0HE0fr0;none|none|a0h0k0|sm0fl0HE0fr0
t,2400,M4A4,2200,OBSERVED,4,30.8,0,family,0,0,0,,4600,4600,5200,none:95%;AK-47:5%;Galil AR:0%,0.054,0.054,0.0,0.082,0.036,0.029,0.007,0.046,0.3,1.0,none|Glock-18|a0h0k0|sm0fl0HE0fr0;none|Glock-18|a0h0k0|sm1fl0HE0fr0;none|none|a0h0k0|sm0fl0HE0fr0
t,2400,M4A4,2250,OBSERVED,4,30.7,0,family,0,0,0,,4650,4650,5250,none:95%;AK-47:4%;Galil AR:0%,0.047,0.047,0.0,0.078,0.033,0.026,0.006,0.041,0.274,1.0,none|Glock-18|a0h0k0|sm0fl0HE0fr0;none|Glock-18|a0h0k0|sm1fl0HE0fr0;none|none|a0h0k0|sm0fl0HE0fr0
t,2400,M4A4,2300,OBSERVED,2,30.5,0,family,0,0,0,,4700,4700,5300,none:96%;AK-47:4%;Galil AR:0%,0.041,0.041,0.0,0.073,0.029,0.024,0.005,0.036,0.247,1.0,none|Glock-18|a0h0k0|sm0fl0HE0fr0;none|Glock-18|a0h0k0|sm1fl0HE0fr0;none|none|a0h0k0|sm0fl0HE0fr0
t,2400,M4A4,2350,OBSERVED,1,30.3,0,family,0,0,0,,4750,4750,5350,none:96%;AK-47:3%;Galil AR:0%,0.036,0.036,0.0,0.069,0.026,0.022,0.004,0.032,0.224,1.0,none|Glock-18|a0h0k0|sm0fl0HE0fr0;none|Glock-18|a0h0k0|sm1fl0HE0fr0;none|none|a0h0k0|sm0fl0HE0fr0
t,2400,M4A4,2400,INTERPOLATED,0,30.0,50,family,0,0,0,,4800,4800,5400,none:97%;AK-47:3%;Galil AR:0%,0.032,0.032,0.0,0.066,0.023,0.019,0.003,0.028,0.204,1.0,none|Glock-18|a0h0k0|sm0fl0HE0fr0;none|Glock-18|a0h0k0|sm1fl0HE0fr0;none|none|a0h0k0|sm0fl0HE0fr0
t,2400,M4A4,2450,INTERPOLATED,0,29.7,100,family,0,0,0,,4850,4850,5450,none:97%;AK-47:3%;Galil AR:0%,0.028,0.028,0.0,0.063,0.021,0.018,0.003,0.025,0.184,1.0,none|Glock-18|a0h0k0|sm0fl0HE0fr0;none|Glock-18|a0h0k0|sm1fl0HE0fr0;none|none|a0h0k0|sm0fl0HE0fr0
t,2400,M4A4,2500,INTERPOLATED,0,29.3,50,family,0,0,0,,4900,4900,5500,none:98%;AK-47:2%;Galil AR:0%,0.024,0.024,0.0,0.059,0.018,0.016,0.002,0.022,0.163,1.0,none|Glock-18|a0h0k0|sm0fl0HE0fr0;none|Glock-18|a0h0k0|sm1fl0HE0fr0;none|none|a0h0k0|sm0fl0HE0fr0
t,2400,M4A4,2550,OBSERVED,2,28.8,0,family,0,0,0,,4950,4950,5550,none:98%;AK-47:2%;Galil AR:0%,0.021,0.021,0.0,0.056,0.016,0.014,0.002,0.019,0.147,1.0,none|Glock-18|a0h0k0|sm0fl0HE0fr0;none|Glock-18|a0h0k0|sm1fl0HE0fr0;none|none|a0h0k0|sm0fl0HE0fr0
t,2400,M4A4,2600,OBSERVED,1,28.3,0,family,0,0,0,,5000,5000,5600,none:98%;AK-47:2%;Galil AR:0%,0.019,0.019,0.0,0.053,0.014,0.013,0.001,0.017,0.136,1.0,none|Glock-18|a0h0k0|sm0fl0HE0fr0;none|Glock-18|a0h0k0|sm1fl0HE0fr0;none|none|a0h0k0|sm0fl0HE0fr0
t,2400,M4A4,2650,INTERPOLATED,0,27.6,50,family,0,0,0,,5050,5050,5650,none:98%;AK-47:2%;Galil AR:0%,0.016,0.016,0.0,0.051,0.013,0.011,0.001,0.015,0.118,1.0,none|Glock-18|a0h0k0|sm0fl0HE0fr0;none|Glock-18|a0h0k0|sm1fl0HE0fr0;none|none|a0h0k0|sm0fl0HE0fr0
t,2400,M4A4,2700,OBSERVED,1,26.9,0,family,0,0,0,,5100,5100,5700,none:99%;AK-47:1%;Galil AR:0%,0.014,0.014,0.0,0.048,0.011,0.01,0.001,0.013,0.106,1.0,none|Glock-18|a0h0k0|sm0fl0HE0fr0;none|Glock-18|a0h0k0|sm1fl0HE0fr0;none|none|a0h0k0|sm0fl0HE0fr0
t,2400,M4A4,2750,INTERPOLATED,0,26.0,50,family,0,0,0,,5150,5150,5750,none:99%;AK-47:1%;Galil AR:0%,0.012,0.012,0.0,0.045,0.01,0.009,0.001,0.011,0.094,1.0,none|Glock-18|a0h0k0|sm0fl0HE0fr0;none|Glock-18|a0h0k0|sm1fl0HE0fr0;none|none|a0h0k0|sm0fl0HE0fr0
t,2400,M4A4,2800,INTERPOLATED,0,25.0,100,family,0,0,0,,5200,5200,5800,none:99%;AK-47:1%;Galil AR:0%,0.01,0.01,0.0,0.042,0.008,0.008,0.001,0.01,0.081,1.0,none|Glock-18|a0h0k0|sm0fl0HE0fr0;none|Glock-18|a0h0k0|sm1fl0HE0fr0;none|none|a0h0k0|sm0fl0HE0fr0
t,2400,M4A4,2850,INTERPOLATED,0,23.9,150,family,0,0,0,,5250,5250,5850,none:99%;AK-47:1%;Galil AR:0%,0.009,0.009,0.0,0.04,0.007,0.007,0.0,0.008,0.074,1.0,none|Glock-18|a0h0k0|sm0fl0HE0fr0;none|Glock-18|a0h0k0|sm1fl0HE0fr0;none|none|a0h0k0|sm0fl0HE0fr0
t,2400,M4A4,2900,INTERPOLATED,0,22.7,200,family,0,0,0,,5300,5300,5900,none:99%;AK-47:1%;Galil AR:0%,0.008,0.008,0.0,0.037,0.006,0.006,0.0,0.007,0.067,1.0,none|Glock-18|a0h0k0|sm0fl0HE0fr0;none|Glock-18|a0h0k0|sm1fl0HE0fr0;none|none|a0h0k0|sm0fl0HE0fr0
t,2400,M4A4,2950,INTERPOLATED,0,21.3,150,family,0,0,0,,5350,5350,5950,none:99%;AK-47:1%;Galil AR:0%,0.006,0.006,0.0,0.034,0.005,0.005,0.0,0.006,0.053,1.0,none|Glock-18|a0h0k0|sm0fl0HE0fr0;none|Glock-18|a0h0k0|sm1fl0HE0fr0;none|none|a0h0k0|sm0fl0HE0fr0
t,2900,none,1900,OBSERVED,1,114.2,0,none,300,700,700,,4800,4100,4700,none:100%;SSG 08:0%,0.09,0.003,0.0,0.146,0.039,0.011,0.022,0.06,0.995,0.922,none|Desert Eagle|a0h0k0|sm0fl0HE0fr0;none|Glock-18|a0h0k0|sm0fl0HE0fr0;none|P250|a0h0k0|sm0fl0HE0fr0
t,2900,none,1950,INTERPOLATED,0,117.7,50,none,300,700,700,,4850,4150,4750,none:100%;SSG 08:0%,0.085,0.002,0.0,0.142,0.039,0.01,0.023,0.056,0.99,0.922,none|Desert Eagle|a0h0k0|sm0fl0HE0fr0;none|Glock-18|a0h0k0|sm0fl0HE0fr0;none|P250|a0h0k0|sm0fl0HE0fr0
t,2900,none,2000,INTERPOLATED,0,104.9,100,none,300,700,700,,4900,4200,4800,none:100%;SSG 08:0%,0.087,0.002,0.0,0.145,0.04,0.01,0.023,0.06,0.992,0.924,none|Desert Eagle|a0h0k0|sm0fl0HE0fr0;none|Glock-18|a0h0k0|sm0fl0HE0fr0;none|P250|a0h0k0|sm0fl0HE0fr0
t,2900,none,2050,INTERPOLATED,0,121.4,150,none,300,700,700,,4950,4250,4850,none:100%;MAC-10:0%;SSG 08:0%,0.072,0.002,0.0,0.132,0.041,0.011,0.023,0.045,0.973,0.924,none|Desert Eagle|a0h0k0|sm0fl0HE0fr0;none|Glock-18|a0h0k0|sm0fl0HE0fr0;none|P250|a0h0k0|sm0fl0HE0fr0
t,2900,none,2100,INTERPOLATED,0,106.4,200,none,300,700,700,,5000,4300,4900,none:100%;MAC-10:0%;SSG 08:0%,0.065,0.001,0.0,0.13,0.045,0.012,0.023,0.041,0.975,0.93,none|Desert Eagle|a0h0k0|sm0fl0HE0fr0;none|Glock-18|a0h0k0|sm0fl0HE0fr0;none|P250|a0h0k0|sm0fl0HE0fr0
t,2900,none,2150,INTERPOLATED_WIDE,0,100.4,250,none,300,700,700,,5050,4350,4950,none:100%;MAC-10:0%;SSG 08:0%,0.037,0.0,0.0,0.105,0.048,0.013,0.024,0.013,0.94,0.93,none|Desert Eagle|a0h0k0|sm0fl0HE0fr0;none|Glock-18|a0h0k0|sm0fl0HE0fr0;none|P250|a0h0k0|sm0fl0HE0fr0
t,2900,none,2200,INTERPOLATED,0,111.9,200,none,300,700,700,,5100,4400,5000,none:100%;MAC-10:0%;SSG 08:0%,0.026,0.0,0.0,0.095,0.048,0.013,0.024,0.002,0.912,0.941,none|Desert Eagle|a0h0k0|sm0fl0HE0fr0;none|Glock-18|a0h0k0|sm0fl0HE0fr0;none|P250|a0h0k0|sm0fl0HE0fr0
t,2900,none,2250,INTERPOLATED,0,113.5,150,none,300,700,700,,5150,4450,5050,none:100%;MAC-10:0%;SSG 08:0%,0.025,0.0,0.0,0.093,0.048,0.013,0.025,0.0,0.909,0.941,none|Desert Eagle|a0h0k0|sm0fl0HE0fr0;none|Glock-18|a0h0k0|sm0fl0HE0fr0;none|P250|a0h0k0|sm0fl0HE0fr0
t,2900,none,2300,INTERPOLATED,0,102.1,100,none,300,700,700,,5200,4500,5100,none:100%;MAC-10:0%;SSG 08:0%,0.049,0.026,0.0,0.117,0.061,0.013,0.049,0.0,0.918,0.919,none|Desert Eagle|a0h0k0|sm0fl0HE0fr0;none|Glock-18|a0h0k0|sm0fl0HE0fr0;none|P250|a0h0k0|sm0fl0HE0fr0
t,2900,none,2350,INTERPOLATED,0,111.7,50,none,300,700,700,,5250,4550,5150,none:99%;MAC-10:1%;SSG 08:0%,0.065,0.035,0.0,0.13,0.064,0.012,0.054,0.007,0.907,0.9,none|Desert Eagle|a0h0k0|sm0fl0HE0fr0;none|Glock-18|a0h0k0|sm0fl0HE0fr0;none|P250|a0h0k0|sm0fl0HE0fr0
t,2900,none,2400,OBSERVED,59,118.8,0,none,300,700,700,,5300,4600,5200,none:99%;MAC-10:1%;SSG 08:0%,0.172,0.146,0.0,0.22,0.161,0.033,0.059,0.113,0.896,0.852,none|Desert Eagle|a0h0k0|sm0fl0HE0fr0;none|Glock-18|a0h0k0|sm0fl0HE0fr0;none|P250|a0h0k0|sm0fl0HE0fr0
t,2900,none,2450,OBSERVED,72,121.5,0,none,300,700,700,,5350,4650,5250,none:98%;MAC-10:1%;Galil AR:1%,0.15,0.103,0.0,0.183,0.116,0.044,0.046,0.083,0.795,0.842,none|Desert Eagle|a0h0k0|sm0fl0HE0fr0;none|Glock-18|a0h0k0|sm0fl0HE0fr0;none|P250|a0h0k0|sm0fl0HE0fr0
t,2900,none,2500,OBSERVED,43,134.8,0,none,300,700,700,,5400,4700,5300,none:98%;Galil AR:1%;MAC-10:1%,0.182,0.131,0.0,0.205,0.121,0.07,0.076,0.087,0.857,0.846,none|Desert Eagle|a0h0k0|sm0fl0HE0fr0;none|Glock-18|a0h0k0|sm0fl0HE0fr0;none|P250|a0h0k0|sm0fl0HE0fr0
t,2900,none,2550,OBSERVED,31,112.5,0,none,500,700,700,,5450,4750,5350,none:97%;Galil AR:1%;MAC-10:1%,0.203,0.12,0.0,0.203,0.111,0.054,0.067,0.079,1.023,0.834,none|Desert Eagle|a0h0k0|sm0fl0HE0fr0;none|Glock-18|a0h0k0|sm0fl0HE0fr0;none|P250|a0h0k0|sm0fl0HE0fr0
t,2900,none,2600,OBSERVED,15,102.4,0,none,700,700,1000,,5500,4800,5400,none:95%;MAC-10:2%;SSG 08:2%,0.239,0.152,0.0,0.245,0.178,0.099,0.05,0.117,1.123,0.819,none|Desert Eagle|a0h0k0|sm0fl0HE0fr0;none|Glock-18|a0h0k0|sm0fl0HE0fr0;none|Tec-9|a1h1k0|sm1fl2HE0fr1
t,2900,none,2650,OBSERVED,7,104.3,0,none,300,700,1000,,5550,4850,5450,none:96%;MAC-10:2%;SSG 08:2%,0.21,0.135,0.0,0.24,0.207,0.132,0.028,0.119,1.083,0.825,none|Desert Eagle|a0h0k0|sm0fl0HE0fr0;none|Glock-18|a0h0k0|sm0fl0HE0fr0;none|Tec-9|a1h1k0|sm1fl2HE0fr1
t,2900,none,2700,OBSERVED,22,111.9,0,none,0,700,800,,5600,4900,5500,none:96%;MAC-10:2%;SSG 08:2%,0.198,0.12,0.0,0.227,0.197,0.127,0.031,0.126,1.038,0.838,none|Desert Eagle|a0h0k0|sm0fl0HE0fr0;none|Glock-18|a0h0k0|sm0fl0HE0fr0;none|Tec-9|a1h1k0|sm1fl2HE0fr1
t,2900,none,2750,OBSERVED,24,110.0,0,none,0,700,950,,5650,4950,5550,none:95%;MAC-10:3%;SSG 08:2%,0.206,0.119,0.0,0.229,0.195,0.13,0.03,0.123,1.094,0.833,none|Desert Eagle|a0h0k0|sm0fl0HE0fr0;none|Glock-18|a0h0k0|sm0fl0HE0fr0;none|Tec-9|a1h1k0|sm1fl2HE0fr1
t,2900,none,2800,OBSERVED,6,105.5,0,none,0,700,1200,,5700,5000,5600,none:93%;MAC-10:3%;Galil AR:2%,0.251,0.142,0.0,0.24,0.196,0.127,0.036,0.123,1.219,0.803,none|Desert Eagle|a0h0k0|sm0fl0HE0fr0;none|Glock-18|a0h0k0|sm0fl0HE0fr0;none|Tec-9|a1h1k0|sm1fl2HE0fr1
t,2900,none,2850,OBSERVED,15,109.5,0,none,500,700,1500,,5750,5050,5650,none:93%;Galil AR:3%;MAC-10:3%,0.33,0.168,0.0,0.295,0.216,0.125,0.059,0.131,1.403,0.747,none|Desert Eagle|a0h0k0|sm0fl0HE0fr0;none|Glock-18|a0h0k0|sm0fl0HE0fr0;none|Tec-9|a1h1k0|sm1fl2HE0fr1
t,2900,none,2900,OBSERVED,10,101.4,0,none,700,1000,1650,,5800,4800,5400,none:93%;Galil AR:4%;MAC-10:2%,0.443,0.196,0.0,0.393,0.262,0.128,0.096,0.143,1.527,0.663,none|Desert Eagle|a0h0k0|sm0fl0HE0fr0;none|Glock-18|a0h0k0|sm0fl0HE0fr0;none|Tec-9|a1h0k0|sm1fl0HE0fr0
t,2900,none,2950,OBSERVED,6,107.8,0,none,700,1350,1850,,5850,4500,5100,none:91%;Galil AR:6%;MAC-10:3%,0.565,0.213,0.0,0.521,0.328,0.124,0.126,0.176,1.528,0.566,none|Desert Eagle|a0h0k0|sm0fl0HE0fr0;none|Glock-18|a0h0k0|sm0fl0HE0fr0;none|Tec-9|a1h0k0|sm1fl0HE0fr0
t,2900,none,3000,OBSERVED,23,108.2,0,none,800,1450,2050,,5900,4450,5050,none:86%;Galil AR:10%;MAC-10:3%,0.659,0.256,0.0,0.595,0.386,0.115,0.139,0.179,1.49,0.499,none|Tec-9|a1h0k0|sm1fl0HE0fr0;none|Desert Eagle|a0h0k0|sm0fl0HE0fr0;none|Glock-18|a0h0k0|sm0fl0HE0fr0
t,2900,none,3050,OBSERVED,32,101.7,0,none,800,1450,1950,,5950,4500,5100,none:87%;Galil AR:9%;MAC-10:3%,0.666,0.231,0.0,0.616,0.394,0.104,0.151,0.173,1.476,0.499,none|Tec-9|a1h0k0|sm1fl0HE0fr0;none|Glock-18|a0h0k0|sm0fl0HE0fr0;none|Desert Eagle|a0h0k0|sm0fl0HE0fr0
t,2900,none,3100,OBSERVED,21,104.2,0,none,900,1550,2100,,6000,4450,5050,none:82%;Galil AR:15%;MAC-10:2%,0.698,0.268,0.0,0.656,0.385,0.091,0.136,0.165,1.496,0.494,none|Tec-9|a1h0k0|sm1fl0HE0fr0;none|Glock-18|a0h0k0|sm0fl0HE0fr0;none|Tec-9|a1h0k0|sm1fl1HE0fr0
t,2900,none,3150,OBSERVED,13,101.0,0,none,900,1550,2600,,6050,4500,5100,none:79%;Galil AR:15%;MAC-10:5%,0.703,0.297,0.0,0.652,0.396,0.12,0.13,0.185,1.517,0.478,none|Tec-9|a1h0k0|sm1fl0HE0fr0;Galil AR|Glock-18|a1h1k0|sm1fl0HE0fr0;none|Glock-18|a0h0k0|sm0fl0HE0fr0
t,2900,none,3200,OBSERVED,14,107.9,0,none,900,1550,2600,,6100,4550,5150,none:79%;Galil AR:14%;MAC-10:6%,0.696,0.319,0.0,0.626,0.401,0.133,0.128,0.183,1.525,0.468,Galil AR|Glock-18|a1h1k0|sm1fl0HE0fr0;none|Tec-9|a1h0k0|sm1fl0HE0fr0;none|Glock-18|a0h0k0|sm0fl0HE0fr0
t,2900,none,3250,OBSERVED,8,113.0,0,none,900,1550,2250,,6150,4600,5200,none:79%;Galil AR:11%;MAC-10:7%,0.68,0.343,0.0,0.597,0.413,0.145,0.127,0.196,1.527,0.462,none|Glock-18|a0h0k0|sm0fl0HE0fr0;none|Desert Eagle|a0h0k0|sm0fl0HE0fr0;Galil AR|Glock-18|a1h1k0|sm1fl0HE0fr0
t,2900,none,3300,OBSERVED,18,103.9,0,none,1150,1700,3100,,6200,4500,5100,none:71%;Galil AR:18%;MAC-10:8%,0.704,0.433,0.0,0.61,0.477,0.148,0.109,0.196,1.522,0.474,Galil AR|Glock-18|a1h1k0|sm1fl1HE0fr0;none|Desert Eagle|a0h0k0|sm0fl0HE0fr0;none|Glock-18|a0h0k0|sm0fl0HE0fr0
t,2900,none,3350,OBSERVED,17,108.2,0,none,1150,1800,3150,,6250,4450,5050,none:70%;Galil AR:18%;MAC-10:10%,0.715,0.453,0.0,0.636,0.505,0.168,0.107,0.217,1.511,0.463,Galil AR|Glock-18|a1h1k0|sm1fl1HE0fr0;none|Glock-18|a0h0k0|sm0fl0HE0fr0;none|Desert Eagle|a0h0k0|sm0fl0HE0fr0
t,2900,none,3400,OBSERVED,14,103.6,0,none,1200,1850,3150,,6300,4450,5050,none:69%;Galil AR:17%;MAC-10:11%,0.734,0.463,0.0,0.669,0.529,0.199,0.111,0.236,1.498,0.45,Galil AR|Glock-18|a1h1k0|sm1fl1HE0fr0;none|Desert Eagle|a0h0k0|sm0fl0HE0fr0;MAC-10|Glock-18|a1h1k0|sm1fl2HE0fr1
t,2900,none,3450,OBSERVED,17,107.7,0,none,1400,1850,3150,,6350,4500,5100,none:70%;Galil AR:16%;MAC-10:12%,0.751,0.457,0.0,0.692,0.537,0.22,0.122,0.253,1.492,0.444,Galil AR|Glock-18|a1h1k0|sm1fl1HE0fr0;none|Desert Eagle|a0h0k0|sm0fl0HE0fr0;none|Desert Eagle|a1h0k0|sm1fl1HE0fr0
t,2900,none,3500,OBSERVED,10,103.5,0,none,1450,1850,3150,,6400,4550,5150,none:67%;Galil AR:19%;MAC-10:11%,0.783,0.48,0.0,0.723,0.555,0.259,0.128,0.285,1.494,0.417,Galil AR|Glock-18|a1h1k0|sm1fl1HE0fr0;none|Desert Eagle|a1h0k0|sm1fl1HE0fr0;none|Desert Eagle|a0h0k0|sm0fl0HE0fr0
t,2900,none,3550,OBSERVED,10,105.2,0,none,1500,1950,3150,,6450,4500,5100,none:67%;Galil AR:21%;MAC-10:10%,0.8,0.467,0.0,0.716,0.549,0.271,0.141,0.288,1.53,0.389,Galil AR|Glock-18|a1h1k0|sm1fl1HE0fr0;none|Desert Eagle|a1h0k0|sm1fl1HE0fr0;none|Desert Eagle|a1h0k0|sm1fl0HE0fr0
t,2900,none,3600,OBSERVED,8,104.0,0,none,1650,2000,3250,,6500,4500,5100,none:66%;Galil AR:24%;MAC-10:9%,0.814,0.475,0.0,0.727,0.55,0.262,0.175,0.285,1.595,0.367,none|Desert Eagle|a1h0k0|sm1fl0HE0fr0;none|Desert Eagle|a1h0k0|sm1fl1HE0fr0;Galil AR|Glock-18|a1h1k0|sm1fl1HE0fr0
t,2900,none,3650,OBSERVED,10,103.5,0,none,1650,2000,3250,,6550,4550,5150,none:66%;Galil AR:24%;MAC-10:8%,0.824,0.469,0.0,0.734,0.543,0.263,0.185,0.293,1.682,0.365,none|Desert Eagle|a1h0k0|sm1fl0HE0fr0;none|Desert Eagle|a1h0k0|sm1fl1HE0fr0;none|Desert Eagle|a0h0k0|sm0fl0HE0fr0
t,2900,none,3700,OBSERVED,10,108.6,0,none,1800,2200,3500,,6600,4400,5000,none:53%;Galil AR:31%;AK-47:8%,0.867,0.565,0.0,0.697,0.542,0.228,0.173,0.339,1.768,0.418,Galil AR|Glock-18|a1h1k0|sm1fl1HE0fr1;AK-47|Glock-18|a1h1k0|sm0fl0HE0fr0;Galil AR|Glock-18|a1h1k0|sm1fl2HE0fr0
t,2900,none,3750,OBSERVED,11,110.6,0,none,1800,2200,3500,,6650,4450,5050,none:52%;Galil AR:31%;AK-47:8%,0.87,0.566,0.0,0.701,0.538,0.222,0.17,0.346,1.801,0.419,Galil AR|Glock-18|a1h1k0|sm1fl1HE0fr1;AK-47|Glock-18|a1h1k0|sm0fl0HE0fr0;Galil AR|Glock-18|a1h1k0|sm1fl2HE0fr0
t,2900,none,3800,OBSERVED,2,106.3,0,none,1850,2450,3700,,6700,4250,4850,none:48%;Galil AR:37%;AK-47:8%,0.886,0.601,0.0,0.716,0.511,0.203,0.228,0.386,1.764,0.42,Galil AR|Glock-18|a1h1k0|sm1fl1HE0fr1;AK-47|Glock-18|a1h1k0|sm0fl0HE0fr0;Galil AR|Glock-18|a1h1k0|sm1fl0HE1fr1
t,2900,none,3850,OBSERVED,3,104.9,0,none,1850,2500,3700,,6750,4250,4850,none:47%;Galil AR:37%;AK-47:9%,0.89,0.6,0.0,0.718,0.511,0.198,0.232,0.388,1.638,0.412,Galil AR|Glock-18|a1h1k0|sm1fl1HE0fr1;AK-47|Glock-18|a1h1k0|sm0fl0HE0fr0;Galil AR|Glock-18|a1h1k0|sm1fl0HE1fr1
t,2900,none,3900,OBSERVED,9,102.9,0,none,2050,3700,3900,,6800,3100,3700,Galil AR:55%;none:32%;AK-47:9%,0.934,0.722,0.0,0.768,0.618,0.374,0.186,0.564,1.41,0.551,Galil AR|Glock-18|a1h1k0|sm1fl2HE0fr1;Galil AR|Glock-18|a1h1k0|sm1fl1HE0fr1;Galil AR|Glock-18|a1h1k0|sm1fl0HE1fr1
t,2900,none,3950,OBSERVED,7,101.4,0,none,2200,3700,3900,,6850,3150,3750,Galil AR:59%;none:27%;AK-47:9%,0.946,0.747,0.0,0.796,0.643,0.425,0.184,0.604,1.116,0.59,Galil AR|Glock-18|a1h1k0|sm1fl2HE0fr1;Galil AR|Glock-18|a1h1k0|sm1fl1HE0fr1;Galil AR|Glock-18|a1h1k0|sm1fl0HE1fr1
t,2900,none,4000,OBSERVED,6,103.9,0,none,3800,3900,4000,,6900,3000,3600,Galil AR:55%;AK-47:30%;none:13%,0.978,0.873,0.0,0.885,0.629,0.296,0.31,0.574,0.835,0.71,Galil AR|Glock-18|a1h1k0|sm1fl2HE0fr1;Galil AR|Glock-18|a1h1k0|sm1fl1HE1fr1;AK-47|Glock-18|a1h1k0|sm1fl0HE0fr0
t,2900,none,4050,OBSERVED,30,111.7,0,none,3900,4000,4000,,6950,2950,3550,Galil AR:54%;AK-47:34%;none:10%,0.986,0.883,0.0,0.912,0.653,0.319,0.308,0.578,0.601,0.736,Galil AR|Glock-18|a1h1k0|sm1fl2HE0fr1;Galil AR|Glock-18|a1h1k0|sm1fl1HE1fr1;AK-47|Glock-18|a1h1k0|sm1fl0HE0fr0
t,2900,none,4100,OBSERVED,13,106.1,0,none,3900,4000,4000,,7000,3000,3600,Galil AR:57%;AK-47:34%;none:7%,0.993,0.913,0.0,0.929,0.683,0.339,0.312,0.591,0.416,0.78,Galil AR|Glock-18|a1h1k0|sm1fl2HE0fr1;Galil AR|Glock-18|a1h1k0|sm1fl1HE1fr1;AK-47|Glock-18|a1h1k0|sm1fl0HE0fr0
t,2900,none,4150,OBSERVED,17,121.2,0,none,3900,4000,4000,,7050,3050,3650,Galil AR:60%;AK-47:34%;none:5%,0.998,0.938,0.0,0.943,0.718,0.366,0.312,0.611,0.295,0.81,Galil AR|Glock-18|a1h1k0|sm1fl2HE0fr1;Galil AR|Glock-18|a1h1k0|sm1fl1HE1fr1;AK-47|Glock-18|a1h1k0|sm1fl0HE0fr0
t,2900,none,4200,OBSERVED,21,151.5,0,none,4000,4200,4200,,7100,2900,3500,AK-47:57%;Galil AR:41%;MAC-10:1%,1.0,0.984,0.0,0.947,0.846,0.282,0.258,0.49,0.189,0.84,AK-47|Glock-18|a1h1k0|sm1fl1HE0fr0;Galil AR|Glock-18|a1h1k0|sm1fl1HE1fr1;Galil AR|Glock-18|a1h1k0|sm1fl2HE0fr1
t,2900,none,4250,OBSERVED,9,118.9,0,none,4000,4200,4200,,7150,2950,3550,AK-47:61%;Galil AR:38%;none:1%,1.0,0.952,0.0,0.982,0.892,0.276,0.304,0.497,0.087,0.879,AK-47|Glock-18|a1h1k0|sm1fl1HE0fr0;Galil AR|Glock-18|a1h1k0|sm1fl1HE1fr1;Galil AR|Glock-18|a1h1k0|sm1fl2HE0fr1
t,2900,none,4300,OBSERVED,128,137.3,0,none,4200,4200,4200,,7200,3000,3600,AK-47:69%;Galil AR:30%;none:1%,1.0,0.938,0.0,0.968,0.803,0.258,0.335,0.468,0.067,0.873,AK-47|Glock-18|a1h1k0|sm1fl1HE0fr0;Galil AR|Glock-18|a1h1k0|sm1fl1HE1fr1;Galil AR|Glock-18|a1h1k0|sm1fl2HE0fr1
t,2900,none,4350,OBSERVED,97,121.0,0,none,4050,4200,4200,,7250,3050,3650,AK-47:71%;Galil AR:29%;none:0%,1.0,0.929,0.0,0.94,0.737,0.25,0.302,0.468,0.023,0.816,AK-47|Glock-18|a1h1k0|sm1fl1HE0fr0;Galil AR|Glock-18|a1h1k0|sm1fl2HE0fr1;AK-47|Glock-18|a1h1k0|sm1fl0HE1fr0
t,2900,none,4400,OBSERVED,136,165.1,0,none,4400,4400,4400,,7300,2900,3500,AK-47:87%;Galil AR:12%;none:1%,1.0,0.991,0.0,0.967,0.563,0.423,0.123,0.595,0.167,0.895,AK-47|Glock-18|a1h1k0|sm1fl0HE0fr1;AK-47|Glock-18|a1h1k0|sm1fl2HE0fr0;Galil AR|Glock-18|a1h1k0|sm1fl2HE0fr1
t,2900,none,4450,OBSERVED,226,240.0,0,none,4400,4400,4400,,7350,2950,3550,AK-47:94%;Galil AR:4%;none:1%,1.0,0.996,0.0,0.935,0.352,0.258,0.115,0.645,0.13,0.928,AK-47|Glock-18|a1h1k0|sm1fl0HE0fr1;AK-47|Glock-18|a1h1k0|sm1fl2HE0fr0;AK-47|Glock-18|a1h1k0|sm1fl0HE0fr0
t,2900,none,4500,OBSERVED,25,204.7,0,none,4400,4400,4400,,7400,3000,3600,AK-47:92%;Galil AR:6%;MAC-10:1%,1.0,0.995,0.0,0.943,0.421,0.309,0.12,0.629,0.153,0.904,AK-47|Glock-18|a1h1k0|sm1fl0HE0fr1;AK-47|Glock-18|a1h1k0|sm1fl2HE0fr0;AK-47|Glock-18|a1h1k0|sm1fl0HE0fr0
t,2900,none,4550,OBSERVED,41,128.9,0,none,4400,4400,4400,,7450,3050,3650,AK-47:92%;Galil AR:7%;MAC-10:1%,1.0,0.988,0.0,0.939,0.485,0.324,0.159,0.596,0.107,0.85,AK-47|Glock-18|a1h1k0|sm1fl0HE0fr1;AK-47|Glock-18|a1h1k0|sm1fl2HE0fr0;AK-47|Glock-18|a1h1k0|sm1fl0HE0fr0
t,2900,none,4600,OBSERVED,44,127.1,0,none,4400,4600,4600,,7500,2900,3500,AK-47:96%;Galil AR:4%;MAC-10:0%,1.0,0.995,0.0,0.946,0.819,0.262,0.126,0.726,0.099,0.905,AK-47|Glock-18|a1h1k0|sm1fl1HE0fr1;AK-47|Glock-18|a1h1k0|sm1fl2HE0fr1;AK-47|Glock-18|a1h1k0|sm1fl0HE0fr1
t,2900,none,4650,OBSERVED,52,135.8,0,none,4600,4600,4600,,7550,2950,3550,AK-47:97%;Galil AR:3%;none:0%,1.0,0.999,0.0,0.943,0.94,0.232,0.117,0.789,0.045,0.958,AK-47|Glock-18|a1h1k0|sm1fl1HE0fr1;AK-47|Glock-18|a1h1k0|sm1fl2HE0fr1;AK-47|Glock-18|a1h1k0|sm1fl1HE1fr0
t,2900,none,4700,OBSERVED,45,114.9,0,none,4600,4600,4700,,7600,3000,3600,AK-47:98%;Galil AR:2%;none:0%,1.0,0.994,0.0,0.961,0.785,0.231,0.314,0.849,0.029,0.935,AK-47|Glock-18|a1h1k0|sm1fl1HE0fr1;AK-47|Glock-18|a1h1k0|sm1fl0HE1fr1;AK-47|Glock-18|a1h1k0|sm1fl2HE0fr1
t,2900,none,4750,OBSERVED,80,112.2,0,none,4600,4600,4700,,7650,3050,3650,AK-47:98%;Galil AR:1%;none:1%,1.0,0.978,0.0,0.946,0.691,0.213,0.302,0.862,0.1,0.935,AK-47|Glock-18|a1h1k0|sm1fl1HE0fr1;AK-47|Glock-18|a1h1k0|sm1fl0HE1fr1;AK-47|Glock-18|a1h1k0|sm1fl2HE0fr1
t,2900,none,4800,OBSERVED,23,110.5,0,none,4600,4700,4800,,7700,3000,3600,AK-47:99%;Galil AR:1%;none:1%,1.0,0.987,0.0,0.915,0.717,0.41,0.216,0.907,0.147,0.935,AK-47|Glock-18|a1h1k0|sm1fl2HE0fr1;AK-47|Glock-18|a1h1k0|sm1fl1HE0fr1;AK-47|Glock-18|a1h1k0|sm1fl0HE1fr1
t,2900,none,4850,OBSERVED,13,100.2,0,none,4600,4800,4800,,7750,2950,3550,AK-47:99%;none:1%;Galil AR:0%,1.0,0.989,0.0,0.909,0.758,0.551,0.151,0.92,0.13,0.948,AK-47|Glock-18|a1h1k0|sm1fl2HE0fr1;AK-47|Glock-18|a1h1k0|sm1fl1HE0fr1;AK-47|Glock-18|a1h1k0|sm1fl0HE1fr1
t,2900,none,4900,OBSERVED,23,104.1,0,none,4800,4800,4900,,7800,3000,3600,AK-47:99%;none:1%;Galil AR:0%,1.0,0.989,0.0,0.882,0.853,0.488,0.346,0.905,0.163,0.937,AK-47|Glock-18|a1h1k0|sm1fl2HE0fr1;AK-47|Glock-18|a1h1k0|sm1fl1HE1fr1;AK-47|Glock-18|a1h1k0|sm1fl0HE1fr1
t,2900,none,4950,OBSERVED,30,105.1,0,none,4800,4800,4900,,7850,3050,3650,AK-47:99%;none:1%;Galil AR:0%,1.0,0.987,0.0,0.886,0.895,0.43,0.413,0.897,0.179,0.941,AK-47|Glock-18|a1h1k0|sm1fl2HE0fr1;AK-47|Glock-18|a1h1k0|sm1fl1HE1fr1;AK-47|Glock-18|a1h1k0|sm1fl1HE0fr1
t,2900,none,5000,OBSERVED,24,107.3,0,none,4800,4800,4900,,7900,3100,3700,AK-47:99%;none:1%;Galil AR:0%,1.0,0.991,0.0,0.899,0.925,0.403,0.433,0.908,0.13,0.953,AK-47|Glock-18|a1h1k0|sm1fl2HE0fr1;AK-47|Glock-18|a1h1k0|sm1fl1HE1fr1;AK-47|Glock-18|a1h1k0|sm1fl1HE0fr1
t,2900,none,5050,OBSERVED,36,105.7,0,none,4800,4800,4900,,7950,3150,3750,AK-47:99%;none:0%;AWP:0%,0.995,0.991,0.0,0.912,0.928,0.432,0.409,0.911,0.074,0.962,AK-47|Glock-18|a1h1k0|sm1fl2HE0fr1;AK-47|Glock-18|a1h1k0|sm1fl1HE1fr1;AK-47|Glock-18|a1h1k0|sm1fl1HE0fr1
t,2900,none,5100,OBSERVED,7,108.0,0,none,4800,4800,4900,,8000,3200,3800,AK-47:99%;AWP:1%;none:0%,0.989,0.986,0.0,0.932,0.928,0.452,0.396,0.913,0.045,0.958,AK-47|Glock-18|a1h1k0|sm1fl2HE0fr1;AK-47|Glock-18|a1h1k0|sm1fl1HE1fr1;AK-47|Glock-18|a1h1k0|sm1fl1HE0fr1
t,2900,none,5150,OBSERVED,15,103.8,0,none,4800,4800,4900,,8050,3250,3850,AK-47:98%;AWP:1%;none:0%,0.985,0.984,0.0,0.941,0.931,0.475,0.389,0.917,0.029,0.961,AK-47|Glock-18|a1h1k0|sm1fl2HE0fr1;AK-47|Glock-18|a1h1k0|sm1fl1HE1fr1;AK-47|Glock-18|a1h1k0|sm1fl1HE0fr1
t,2900,none,5200,OBSERVED,12,109.8,0,none,4800,4800,4900,,8100,3300,3900,AK-47:99%;AWP:1%;none:0%,0.987,0.986,0.0,0.926,0.939,0.487,0.408,0.925,0.021,0.958,AK-47|Glock-18|a1h1k0|sm1fl2HE0fr1;AK-47|Glock-18|a1h1k0|sm1fl1HE1fr1;AK-47|Glock-18|a1h1k0|sm1fl1HE0fr1
t,2900,none,5250,OBSERVED,8,101.6,0,none,4800,4800,4900,,8150,3350,3950,AK-47:98%;AWP:2%;none:0%,0.979,0.977,0.0,0.912,0.947,0.491,0.419,0.92,0.021,0.949,AK-47|Glock-18|a1h1k0|sm1fl2HE0fr1;AK-47|Glock-18|a1h1k0|sm1fl1HE1fr1;AK-47|Glock-18|a1h1k0|sm1fl1HE0fr1
t,2900,none,5300,OBSERVED,10,106.6,0,none,4800,4800,4900,,8200,3400,4000,AK-47:98%;AWP:2%;none:0%,0.979,0.973,0.0,0.901,0.952,0.485,0.427,0.916,0.038,0.948,AK-47|Glock-18|a1h1k0|sm1fl2HE0fr1;AK-47|Glock-18|a1h1k0|sm1fl1HE1fr1;AK-47|Glock-18|a1h1k0|sm1fl1HE0fr1
t,2900,none,5350,OBSERVED,13,103.6,0,none,4800,4800,4900,,8250,3450,4050,AK-47:98%;AWP:2%;none:0%,0.979,0.97,0.0,0.894,0.957,0.478,0.435,0.913,0.06,0.95,AK-47|Glock-18|a1h1k0|sm1fl2HE0fr1;AK-47|Glock-18|a1h1k0|sm1fl1HE1fr1;AK-47|Glock-18|a1h1k0|sm1fl1HE0fr1
t,2900,none,5400,OBSERVED,1,101.3,0,none,4800,4800,4900,,8300,3500,4100,AK-47:98%;AWP:2%;none:0%,0.981,0.969,0.0,0.895,0.959,0.467,0.441,0.914,0.081,0.948,AK-47|Glock-18|a1h1k0|sm1fl2HE0fr1;AK-47|Glock-18|a1h1k0|sm1fl1HE1fr1;AK-47|Glock-18|a1h1k0|sm1fl1HE0fr1
t,2900,none,5450,OBSERVED,7,104.6,0,none,4800,4800,4900,,8350,3550,4150,AK-47:98%;AWP:2%;none:0%,0.983,0.969,0.0,0.896,0.962,0.457,0.45,0.916,0.1,0.954,AK-47|Glock-18|a1h1k0|sm1fl2HE0fr1;AK-47|Glock-18|a1h1k0|sm1fl1HE1fr1;AK-47|Glock-18|a1h1k0|sm1fl1HE0fr1
t,2900,none,5500,OBSERVED,4,105.3,0,none,4800,4800,4900,,8400,3600,4200,AK-47:99%;AWP:1%;none:0%,0.986,0.97,0.0,0.902,0.963,0.447,0.459,0.921,0.106,0.959,AK-47|Glock-18|a1h1k0|sm1fl2HE0fr1;AK-47|Glock-18|a1h1k0|sm1fl1HE1fr1;AK-47|Glock-18|a1h1k0|sm1fl1HE0fr1
t,2900,none,5550,OBSERVED,9,105.6,0,none,4800,4800,4900,,8450,3650,4250,AK-47:99%;AWP:1%;none:0%,0.987,0.973,0.0,0.909,0.963,0.44,0.467,0.925,0.112,0.959,AK-47|Glock-18|a1h1k0|sm1fl2HE0fr1;AK-47|Glock-18|a1h1k0|sm1fl1HE1fr1;AK-47|Glock-18|a1h1k0|sm1fl1HE0fr1
t,2900,none,5600,OBSERVED,8,106.5,0,none,4800,4900,4900,,8500,3600,4200,AK-47:95%;AWP:5%;none:0%,0.989,0.933,0.0,0.903,0.967,0.443,0.457,0.89,0.106,0.933,AK-47|Glock-18|a1h1k0|sm1fl2HE0fr1;AK-47|Glock-18|a1h1k0|sm1fl1HE1fr1;AK-47|Glock-18|a1h1k0|sm1fl1HE0fr1
t,2900,none,5650,OBSERVED,8,101.2,0,none,4800,4900,4900,,8550,3650,4250,AK-47:95%;AWP:5%;none:0%,0.99,0.933,0.0,0.908,0.968,0.44,0.463,0.893,0.106,0.936,AK-47|Glock-18|a1h1k0|sm1fl1HE1fr1;AK-47|Glock-18|a1h1k0|sm1fl2HE0fr1;AK-47|Glock-18|a1h1k0|sm1fl1HE0fr1
t,2900,none,5700,OBSERVED,2,102.8,0,none,4800,4900,4900,,8600,3700,4300,AK-47:92%;AWP:8%;none:0%,0.991,0.909,0.0,0.915,0.955,0.426,0.454,0.871,0.1,0.928,AK-47|Glock-18|a1h1k0|sm1fl1HE1fr1;AK-47|Glock-18|a1h1k0|sm1fl2HE0fr1;AK-47|Glock-18|a1h1k0|sm1fl1HE0fr1
t,2900,none,5750,OBSERVED,2,103.9,0,none,4800,4900,4900,,8650,3750,4350,AK-47:92%;AWP:8%;none:0%,0.992,0.909,0.0,0.919,0.955,0.425,0.456,0.872,0.1,0.93,AK-47|Glock-18|a1h1k0|sm1fl1HE1fr1;AK-47|Glock-18|a1h1k0|sm1fl2HE0fr1;AK-47|Glock-18|a1h1k0|sm1fl1HE0fr1
t,2900,none,5800,OBSERVED,5,104.5,0,none,4800,4900,4900,,8700,3800,4400,AK-47:92%;AWP:8%;none:0%,0.992,0.91,0.0,0.923,0.954,0.426,0.457,0.874,0.094,0.931,AK-47|Glock-18|a1h1k0|sm1fl1HE1fr1;AK-47|Glock-18|a1h1k0|sm1fl2HE0fr1;AK-47|Glock-18|a1h1k0|sm1fl1HE0fr1
t,2900,none,5850,OBSERVED,1,104.6,0,none,4800,4900,4900,,8750,3850,4450,AK-47:92%;AWP:8%;none:0%,0.993,0.913,0.0,0.926,0.954,0.427,0.458,0.875,0.087,0.93,AK-47|Glock-18|a1h1k0|sm1fl1HE1fr1;AK-47|Glock-18|a1h1k0|sm1fl2HE0fr1;AK-47|Glock-18|a1h1k0|sm1fl1HE0fr1
t,2900,none,5900,OBSERVED,1,104.4,0,none,4800,4900,4900,,8800,3900,4500,AK-47:89%;AWP:11%;none:0%,0.993,0.883,0.0,0.932,0.956,0.413,0.447,0.847,0.087,0.935,AK-47|Glock-18|a1h1k0|sm1fl1HE1fr1;AK-47|Glock-18|a1h1k0|sm1fl2HE0fr1;AWP|Glock-18|a1h0k0|sm1fl1HE0fr0
t,2900,none,5950,OBSERVED,3,104.2,0,none,4800,4900,4900,,8850,3950,4550,AK-47:90%;AWP:10%;none:0%,0.993,0.887,0.0,0.933,0.954,0.416,0.446,0.848,0.081,0.928,AK-47|Glock-18|a1h1k0|sm1fl1HE1fr1;AK-47|Glock-18|a1h1k0|sm1fl2HE0fr1;AWP|Glock-18|a1h0k0|sm1fl1HE0fr0
t,2900,none,6000,OBSERVED,2,104.0,0,none,4800,4900,4900,,8900,4000,4600,AK-47:90%;AWP:10%;Galil AR:0%,0.994,0.889,0.0,0.935,0.953,0.417,0.446,0.847,0.081,0.925,AK-47|Glock-18|a1h1k0|sm1fl1HE1fr1;AK-47|Glock-18|a1h1k0|sm1fl2HE0fr1;AWP|Glock-18|a1h0k0|sm1fl1HE0fr0
t,3400,none,1750,OBSERVED,1,111.9,0,none,900,1450,1500,,5150,3700,4300,none:99%;SSG 08:0%;MAC-10:0%,0.696,0.149,0.0,0.649,0.328,0.113,0.174,0.173,1.468,0.615,none|Tec-9|a1h0k0|sm1fl0HE0fr0;none|Tec-9|a1h1k0|sm1fl1HE1fr1;none|Tec-9|a1h0k0|sm0fl0HE0fr0
t,3400,none,1800,INTERPOLATED,0,109.8,50,none,950,1450,1650,,5200,3750,4350,none:99%;SSG 08:0%;MAC-10:0%,0.72,0.216,0.0,0.672,0.294,0.104,0.15,0.15,1.466,0.622,none|Tec-9|a1h0k0|sm1fl0HE0fr0;none|Tec-9|a1h1k0|sm1fl0HE0fr0;none|Tec-9|a1h1k0|sm1fl1HE1fr1
t,3400,none,1850,INTERPOLATED,0,109.6,100,none,1000,1450,1650,,5250,3800,4400,none:100%;SSG 08:0%;MAC-10:0%,0.741,0.206,0.0,0.697,0.314,0.123,0.146,0.185,1.468,0.59,none|Tec-9|a1h0k0|sm1fl0HE0fr0;none|Tec-9|a1h1k0|sm1fl0HE0fr0;none|Tec-9|a1h1k0|sm1fl1HE1fr1
t,3400,none,1900,INTERPOLATED,0,111.7,150,none,1000,1450,1650,,5300,3850,4450,none:100%;SSG 08:0%;MAC-10:0%,0.741,0.204,0.0,0.696,0.312,0.123,0.144,0.184,1.462,0.589,none|Tec-9|a1h0k0|sm1fl0HE0fr0;none|Tec-9|a1h1k0|sm1fl0HE0fr0;none|Tec-9|a1h1k0|sm1fl1HE1fr1
t,3400,none,1950,INTERPOLATED,0,116.7,200,none,1000,1450,1650,,5350,3900,4500,none:100%;SSG 08:0%;MAC-10:0%,0.742,0.199,0.0,0.698,0.306,0.122,0.149,0.179,1.454,0.581,none|Tec-9|a1h0k0|sm1fl0HE0fr0;none|Tec-9|a1h1k0|sm1fl0HE0fr0;none|Tec-9|a1h1k0|sm1fl1HE1fr1
t,3400,none,2000,INTERPOLATED_WIDE,0,103.6,250,none,1000,1450,1650,,5400,3950,4550,none:100%;SSG 08:0%;MAC-10:0%,0.748,0.216,0.0,0.705,0.314,0.12,0.15,0.185,1.469,0.572,none|Tec-9|a1h0k0|sm1fl0HE0fr0;none|Tec-9|a1h1k0|sm1fl0HE0fr0;none|Tec-9|a1h1k0|sm1fl1HE1fr1
t,3400,none,2050,INTERPOLATED_WIDE,0,116.6,300,none,1000,1450,1650,,5450,4000,4600,none:100%;MAC-10:0%;SSG 08:0%,0.753,0.213,0.0,0.71,0.327,0.125,0.148,0.197,1.451,0.562,none|Tec-9|a1h0k0|sm1fl0HE0fr0;none|Tec-9|a1h1k0|sm1fl0HE0fr0;none|Tec-9|a1h1k0|sm1fl1HE1fr1
t,3400,none,2100,INTERPOLATED_WIDE,0,113.3,350,none,1100,1450,1650,,5500,4050,4650,none:100%;SSG 08:0%;MAC-10:0%,0.753,0.212,0.0,0.711,0.327,0.126,0.148,0.198,1.453,0.563,none|Tec-9|a1h0k0|sm1fl0HE0fr0;none|Tec-9|a1h1k0|sm1fl0HE0fr0;none|Tec-9|a1h1k0|sm1fl1HE1fr1
t,3400,none,2150,INTERPOLATED_WIDE,0,117.6,400,none,1150,1450,1650,,5550,4100,4700,none:100%;SSG 08:0%;MAC-10:0%,0.753,0.205,0.0,0.712,0.321,0.127,0.149,0.202,1.445,0.557,none|Tec-9|a1h0k0|sm1fl0HE0fr0;none|Tec-9|a1h1k0|sm1fl0HE0fr0;none|Tec-9|a1h1k0|sm1fl1HE1fr1
t,3400,none,2200,INTERPOLATED_WIDE,0,109.7,450,none,1150,1450,1650,,5600,4150,4750,none:100%;SSG 08:0%;MAC-10:0%,0.755,0.209,0.0,0.717,0.326,0.131,0.147,0.204,1.454,0.553,none|Tec-9|a1h0k0|sm1fl0HE0fr0;none|Tec-9|a1h1k0|sm1fl0HE0fr0;none|Tec-9|a1h1k0|sm1fl1HE1fr1
t,3400,none,2250,INTERPOLATED_WIDE,0,118.0,500,none,1150,1450,1650,,5650,4200,4800,none:100%;SSG 08:0%;MAC-10:0%,0.751,0.195,0.0,0.718,0.318,0.137,0.136,0.199,1.429,0.55,none|Tec-9|a1h0k0|sm1fl0HE0fr0;none|Tec-9|a1h1k0|sm1fl0HE0fr0;none|Tec-9|a1h0k0|sm0fl0HE0fr0
t,3400,none,2300,INTERPOLATED_WIDE,0,103.9,550,none,1200,1450,1650,,5700,4250,4850,none:100%;SSG 08:0%;MAC-10:0%,0.741,0.168,0.0,0.723,0.304,0.152,0.114,0.189,1.405,0.548,none|Tec-9|a1h0k0|sm1fl0HE0fr0;none|Tec-9|a1h1k0|sm1fl0HE0fr0;none|Tec-9|a1h0k0|sm0fl0HE0fr0
t,3400,none,2350,INTERPOLATED_WIDE,0,110.2,550,none,1200,1450,1650,,5750,4300,4900,none:100%;SSG 08:0%;MAC-10:0%,0.733,0.143,0.0,0.716,0.284,0.158,0.088,0.166,1.246,0.558,none|Tec-9|a1h0k0|sm1fl0HE0fr0;none|Tec-9|a1h1k0|sm1fl0HE0fr0;none|Tec-9|a1h0k0|sm0fl0HE0fr0
t,3400,none,2400,INTERPOLATED_WIDE,0,105.3,500,none,1250,1450,1650,,5800,4350,4950,none:100%;SSG 08:0%;MAC-10:0%,0.736,0.153,0.0,0.721,0.294,0.157,0.082,0.178,1.224,0.552,none|Tec-9|a1h0k0|sm1fl0HE0fr0;none|Tec-9|a1h1k0|sm1fl0HE0fr0;none|Tec-9|a1h0k0|sm0fl0HE0fr0
t,3400,none,2450,INTERPOLATED_WIDE,0,101.0,450,none,1250,1450,1650,,5850,4400,5000,none:100%;SSG 08:0%;MAC-10:0%,0.735,0.152,0.0,0.722,0.294,0.159,0.082,0.178,1.228,0.554,none|Tec-9|a1h0k0|sm1fl0HE0fr0;none|Tec-9|a1h1k0|sm1fl0HE0fr0;none|Tec-9|a1h0k0|sm0fl0HE0fr0
t,3400,none,2500,INTERPOLATED_WIDE,0,108.8,400,none,1250,1450,1650,,5900,4450,5050,none:100%;SSG 08:0%;MAC-10:0%,0.734,0.152,0.0,0.724,0.294,0.16,0.082,0.179,1.22,0.558,none|Tec-9|a1h0k0|sm1fl0HE0fr0;none|Tec-9|a1h1k0|sm1fl0HE0fr0;none|Tec-9|a1h0k0|sm0fl0HE0fr0
t,3400,none,2550,INTERPOLATED_WIDE,0,105.1,350,none,1250,1450,1700,,5950,4500,5100,none:100%;SSG 08:0%;MAC-10:0%,0.737,0.154,0.0,0.72,0.293,0.156,0.082,0.176,1.223,0.551,none|Tec-9|a1h0k0|sm1fl0HE0fr0;none|Tec-9|a1h1k0|sm1fl0HE0fr0;none|Tec-9|a1h0k0|sm0fl0HE0fr0
t,3400,none,2600,INTERPOLATED_WIDE,0,101.6,300,none,1350,1450,1800,,6000,4550,5150,none:100%;SSG 08:0%;MAC-10:0%,0.757,0.227,0.0,0.751,0.359,0.237,0.074,0.255,1.226,0.564,none|Tec-9|a1h0k0|sm1fl0HE0fr0;none|Tec-9|a1h1k0|sm1fl2HE0fr1;none|Tec-9|a1h0k0|sm0fl0HE0fr0
t,3400,none,2650,INTERPOLATED_WIDE,0,113.4,250,none,1350,1450,1800,,6050,4600,5200,none:100%;SSG 08:0%;MAC-10:0%,0.757,0.227,0.0,0.752,0.359,0.239,0.074,0.257,1.214,0.566,none|Tec-9|a1h0k0|sm1fl0HE0fr0;none|Tec-9|a1h1k0|sm1fl2HE0fr1;none|Tec-9|a1h0k0|sm0fl0HE0fr0
t,3400,none,2700,INTERPOLATED,0,112.2,200,none,1350,1450,1800,,6100,4650,5250,none:100%;SSG 08:0%;MAC-10:0%,0.758,0.23,0.0,0.753,0.362,0.239,0.077,0.26,1.215,0.566,none|Tec-9|a1h0k0|sm1fl0HE0fr0;none|Tec-9|a1h1k0|sm1fl2HE0fr1;none|Tec-9|a1h0k0|sm0fl0HE0fr0
t,3400,none,2750,INTERPOLATED,0,112.7,150,none,1350,1450,1800,,6150,4700,5300,none:97%;MAC-10:2%;Galil AR:1%,0.765,0.239,0.0,0.76,0.355,0.235,0.075,0.264,1.213,0.549,none|Tec-9|a1h0k0|sm1fl0HE0fr0;none|Tec-9|a1h1k0|sm1fl2HE0fr1;none|Tec-9|a1h0k0|sm0fl0HE0fr0
t,3400,none,2800,INTERPOLATED,0,116.7,100,none,1400,1500,1850,,6200,4700,5300,none:96%;Galil AR:3%;MAC-10:1%,0.776,0.269,0.0,0.752,0.363,0.246,0.072,0.276,1.208,0.526,none|Tec-9|a1h0k0|sm1fl0HE0fr0;none|Tec-9|a1h1k0|sm1fl2HE0fr1;none|Tec-9|a1h1k0|sm1fl0HE0fr0
t,3400,none,2850,INTERPOLATED,0,104.1,50,none,1400,1500,1850,,6250,4750,5350,none:94%;Galil AR:3%;SSG 08:2%,0.778,0.268,0.0,0.75,0.377,0.252,0.07,0.281,1.219,0.527,none|Tec-9|a1h0k0|sm1fl0HE0fr0;none|Tec-9|a1h1k0|sm1fl2HE0fr1;none|Tec-9|a1h0k0|sm0fl0HE0fr0
t,3400,none,2900,OBSERVED,63,106.4,0,none,1400,1550,1850,,6300,4750,5350,none:94%;Galil AR:3%;SSG 08:1%,0.785,0.279,0.0,0.753,0.384,0.244,0.083,0.289,1.211,0.518,none|Tec-9|a1h0k0|sm1fl0HE0fr0;none|Tec-9|a1h1k0|sm1fl2HE0fr1;none|Tec-9|a1h0k0|sm0fl0HE0fr0
t,3400,none,2950,OBSERVED,89,143.4,0,none,1400,1650,1800,,6350,4700,5300,none:92%;MAC-10:5%;Galil AR:2%,0.823,0.277,0.0,0.704,0.356,0.117,0.092,0.211,1.039,0.523,none|Tec-9|a1h0k0|sm1fl0HE0fr0;none|Tec-9|a1h1k0|sm1fl0HE0fr0;none|Tec-9|a1h0k0|sm0fl0HE0fr0
t,3400,none,3000,OBSERVED,50,119.5,0,none,1150,1450,1800,,6400,4950,5550,none:95%;MAC-10:3%;Galil AR:1%,0.697,0.216,0.0,0.673,0.373,0.175,0.105,0.196,1.204,0.462,none|Tec-9|a1h0k0|sm1fl0HE0fr0;none|Glock-18|a0h0k0|sm0fl0HE0fr0;none|Tec-9|a1h0k0|sm0fl0HE0fr0
t,3400,none,3050,OBSERVED,44,101.9,0,none,1200,1450,1850,,6450,5000,5600,none:90%;MAC-10:5%;Galil AR:3%,0.728,0.276,0.0,0.683,0.305,0.138,0.087,0.19,1.169,0.514,none|Tec-9|a1h0k0|sm1fl0HE0fr0;none|Glock-18|a0h0k0|sm0fl0HE0fr0;none|Tec-9|a1h1k0|sm1fl0HE0fr0
t,3400,none,3100,OBSERVED,10,124.9,0,none,1350,1650,1850,,6500,4850,5450,none:87%;MAC-10:6%;Galil AR:4%,0.762,0.308,0.0,0.706,0.329,0.156,0.082,0.179,1.137,0.486,none|Tec-9|a1h0k0|sm1fl0HE0fr0;none|Tec-9|a1h1k0|sm1fl0HE0fr0;none|Glock-18|a0h0k0|sm0fl0HE0fr0
t,3400,none,3150,OBSERVED,14,121.2,0,none,1400,1650,1850,,6550,4900,5500,none:87%;Galil AR:7%;MAC-10:5%,0.803,0.281,0.0,0.733,0.356,0.186,0.071,0.151,1.06,0.515,none|Tec-9|a1h0k0|sm1fl0HE0fr0;none|Tec-9|a1h1k0|sm1fl0HE0fr0;none|Desert Eagle|a1h0k0|sm1fl0HE0fr0
t,3400,none,3200,OBSERVED,20,101.0,0,none,1450,1650,2000,,6600,4950,5550,none:88%;Galil AR:7%;MAC-10:3%,0.83,0.284,0.0,0.75,0.372,0.193,0.079,0.153,0.996,0.521,none|Tec-9|a1h0k0|sm1fl0HE0fr0;none|Desert Eagle|a1h0k0|sm1fl0HE0fr0;none|Tec-9|a1h0k0|sm1fl1HE0fr0
t,3400,none,3250,OBSERVED,24,111.4,0,none,1450,1650,2000,,6650,5000,5600,none:90%;Galil AR:7%;MAC-10:2%,0.849,0.298,0.0,0.762,0.383,0.202,0.08,0.154,1.031,0.536,none|Tec-9|a1h0k0|sm1fl0HE0fr0;none|Desert Eagle|a1h0k0|sm1fl0HE0fr0;none|Tec-9|a1h1k0|sm1fl0HE0fr0
t,3400,none,3300,OBSERVED,22,122.6,0,none,1450,1850,2100,,6700,4850,5450,none:85%;Galil AR:13%;MAC-10:2%,0.866,0.41,0.0,0.8,0.46,0.211,0.083,0.17,1.128,0.5,none|Tec-9|a1h0k0|sm1fl0HE0fr0;Galil AR|Glock-18|a1h1k0|sm1fl1HE0fr0;none|Tec-9|a1h1k0|sm1fl1HE0fr0
t,3400,none,3350,OBSERVED,17,106.6,0,none,1500,1950,2300,,6750,4800,5400,none:79%;Galil AR:18%;MAC-10:2%,0.863,0.501,0.0,0.834,0.538,0.196,0.099,0.192,1.28,0.505,Galil AR|Glock-18|a1h1k0|sm1fl1HE0fr0;none|Tec-9|a1h1k0|sm1fl1HE0fr0;none|Tec-9|a1h0k0|sm1fl0HE0fr0
t,3400,none,3400,OBSERVED,65,112.5,0,none,1850,2100,3300,,6800,4700,5300,none:63%;Galil AR:32%;AK-47:2%,0.904,0.603,0.0,0.845,0.561,0.174,0.143,0.213,1.345,0.535,Galil AR|Glock-18|a1h1k0|sm1fl1HE0fr0;none|Tec-9|a1h0k0|sm1fl2HE0fr0;none|Tec-9|a1h1k0|sm1fl1HE0fr0
t,3400,none,3450,OBSERVED,79,155.6,0,none,1800,2050,3150,,6850,4800,5400,none:71%;Galil AR:23%;MAC-10:3%,0.915,0.557,0.0,0.843,0.479,0.183,0.13,0.257,1.217,0.505,Galil AR|Glock-18|a1h1k0|sm1fl1HE0fr0;none|Tec-9|a1h1k0|sm1fl0HE0fr0;none|Tec-9|a1h0k0|sm1fl2HE0fr0
t,3400,none,3500,OBSERVED,87,101.9,0,none,1650,2000,3400,,6900,4900,5500,none:70%;Galil AR:23%;MAC-10:3%,0.907,0.565,0.0,0.85,0.418,0.197,0.146,0.295,1.371,0.472,Galil AR|Glock-18|a1h1k0|sm1fl2HE0fr0;none|Tec-9|a1h1k0|sm1fl0HE0fr0;none|Tec-9|a1h1k0|sm1fl1HE0fr0
t,3400,none,3550,OBSERVED,88,146.2,0,none,1650,2000,2400,,6950,4950,5550,none:74%;Galil AR:20%;MAC-10:2%,0.881,0.563,0.0,0.823,0.467,0.224,0.094,0.243,1.238,0.483,Galil AR|Glock-18|a1h1k0|sm1fl0HE0fr1;none|Desert Eagle|a1h1k0|sm1fl0HE0fr0;none|Tec-9|a1h1k0|sm1fl0HE0fr0
t,3400,none,3600,OBSERVED,32,100.7,0,none,1650,2000,2400,,7000,5000,5600,none:75%;Galil AR:22%;MAC-10:1%,0.878,0.51,0.0,0.784,0.522,0.23,0.11,0.28,1.238,0.393,Galil AR|Glock-18|a1h1k0|sm1fl0HE0fr1;Galil AR|Glock-18|a1h1k0|sm1fl2HE0fr0;none|Tec-9|a1h1k0|sm1fl2HE0fr0
t,3400,none,3650,OBSERVED,35,111.1,0,none,1700,2050,3500,,7050,5000,5600,none:70%;Galil AR:25%;AK-47:4%,0.89,0.493,0.0,0.79,0.496,0.22,0.127,0.325,1.453,0.394,Galil AR|Glock-18|a1h1k0|sm1fl0HE0fr1;Galil AR|Glock-18|a1h1k0|sm1fl2HE0fr0;none|Glock-18|a0h0k0|sm0fl0HE0fr0
t,3400,none,3700,OBSERVED,44,108.8,0,none,1850,2400,3700,,7100,4700,5300,none:53%;Galil AR:37%;AK-47:9%,0.932,0.629,0.0,0.784,0.574,0.159,0.107,0.414,1.514,0.504,Galil AR|Glock-18|a1h1k0|sm1fl1HE0fr1;none|Tec-9|a1h1k0|sm1fl1HE0fr0;Galil AR|Glock-18|a1h1k0|sm1fl0HE0fr1
t,3400,none,3750,OBSERVED,37,115.8,0,none,1850,2250,3700,,7150,4900,5500,none:56%;Galil AR:32%;AK-47:7%,0.94,0.637,0.0,0.753,0.553,0.177,0.088,0.336,1.566,0.453,Galil AR|Glock-18|a1h1k0|sm1fl1HE0fr1;none|Tec-9|a1h1k0|sm1fl1HE0fr0;none|Tec-9|a1h1k0|sm1fl0HE0fr0
t,3400,none,3800,OBSERVED,41,120.3,0,none,2000,2250,3700,,7200,4950,5550,none:56%;Galil AR:32%;AK-47:7%,0.965,0.689,0.0,0.766,0.523,0.222,0.207,0.338,1.519,0.429,Galil AR|Glock-18|a1h1k0|sm1fl1HE0fr1;none|Tec-9|a1h1k0|sm1fl2HE0fr0;Galil AR|Glock-18|a1h1k0|sm1fl0HE1fr1
t,3400,none,3850,OBSERVED,52,109.4,0,none,2000,2250,3700,,7250,5000,5600,none:59%;Galil AR:29%;AK-47:7%,0.974,0.718,0.0,0.779,0.496,0.207,0.236,0.355,1.445,0.453,Galil AR|Glock-18|a1h1k0|sm1fl1HE0fr1;Galil AR|Glock-18|a1h1k0|sm1fl0HE1fr1;none|Tec-9|a1h1k0|sm1fl0HE1fr0
t,3400,none,3900,OBSERVED,24,103.0,0,none,2050,2400,3700,,7300,4900,5500,none:57%;Galil AR:30%;AK-47:9%,0.971,0.739,0.0,0.76,0.499,0.244,0.245,0.417,1.407,0.441,Galil AR|Glock-18|a1h1k0|sm1fl2HE0fr1;none|Tec-9|a1h1k0|sm1fl2HE0fr0;Galil AR|Glock-18|a1h1k0|sm1fl0HE1fr1
t,3400,none,3950,OBSERVED,31,117.1,0,none,2100,2400,3700,,7350,4950,5550,none:58%;Galil AR:29%;AK-47:9%,0.965,0.754,0.0,0.778,0.484,0.268,0.252,0.457,1.319,0.454,Galil AR|Glock-18|a1h1k0|sm1fl2HE0fr1;none|Tec-9|a1h1k0|sm1fl0HE0fr1;none|Tec-9|a1h1k0|sm1fl2HE0fr0
t,3400,none,4000,OBSERVED,35,118.8,0,none,2250,3900,4000,,7400,3500,4100,none:37%;AK-47:32%;Galil AR:29%,0.968,0.854,0.0,0.846,0.428,0.178,0.296,0.447,1.234,0.592,AK-47|Glock-18|a1h1k0|sm1fl0HE0fr0;Galil AR|Glock-18|a1h1k0|sm1fl1HE1fr1;Galil AR|Glock-18|a1h1k0|sm1fl2HE0fr1
t,3400,none,4050,OBSERVED,38,121.5,0,none,2500,4000,4000,,7450,3450,4050,AK-47:41%;none:29%;Galil AR:29%,0.957,0.86,0.0,0.852,0.431,0.196,0.28,0.432,1.193,0.669,AK-47|Glock-18|a1h1k0|sm1fl0HE0fr0;Galil AR|Glock-18|a1h1k0|sm1fl1HE1fr1;Galil AR|Glock-18|a1h1k0|sm1fl2HE0fr1
t,3400,none,4100,OBSERVED,32,118.4,0,none,2500,3900,4000,,7500,3600,4200,AK-47:39%;Galil AR:33%;none:26%,0.964,0.841,0.0,0.854,0.489,0.255,0.242,0.474,1.238,0.701,AK-47|Glock-18|a1h1k0|sm1fl0HE0fr0;Galil AR|Glock-18|a1h1k0|sm1fl2HE0fr1;Galil AR|Glock-18|a1h1k0|sm1fl1HE1fr1
t,3400,none,4150,OBSERVED,35,101.7,0,none,2350,3900,4000,,7550,3650,4250,Galil AR:38%;AK-47:33%;none:28%,0.973,0.794,0.0,0.846,0.521,0.274,0.205,0.506,1.307,0.658,Galil AR|Glock-18|a1h1k0|sm1fl2HE0fr1;AK-47|Glock-18|a1h1k0|sm1fl0HE0fr0;Galil AR|Glock-18|a1h1k0|sm1fl1HE1fr1
t,3400,none,4200,OBSERVED,19,117.7,0,none,2600,3900,4000,,7600,3700,4300,AK-47:40%;Galil AR:34%;none:25%,0.978,0.787,0.0,0.852,0.599,0.263,0.17,0.425,1.291,0.629,Galil AR|Glock-18|a1h1k0|sm1fl2HE0fr1;AK-47|Glock-18|a1h1k0|sm1fl1HE0fr0;AK-47|Glock-18|a1h1k0|sm1fl0HE0fr0
t,3400,none,4250,OBSERVED,21,111.0,0,none,2750,4000,4200,,7650,3650,4250,AK-47:47%;Galil AR:30%;none:22%,0.974,0.813,0.0,0.853,0.62,0.225,0.162,0.353,1.148,0.667,AK-47|Glock-18|a1h1k0|sm1fl1HE0fr0;Galil AR|Glock-18|a1h1k0|sm1fl2HE0fr1;AK-47|Glock-18|a1h1k0|sm1fl0HE0fr0
t,3400,none,4300,OBSERVED,32,107.7,0,none,3150,4050,4200,,7700,3650,4250,AK-47:56%;Galil AR:25%;none:17%,0.974,0.855,0.0,0.855,0.563,0.183,0.255,0.299,0.961,0.676,AK-47|Glock-18|a1h1k0|sm1fl1HE0fr0;AK-47|Glock-18|a1h1k0|sm1fl0HE0fr0;Galil AR|Glock-18|a1h1k0|sm1fl2HE0fr1
t,3400,none,4350,OBSERVED,24,116.3,0,none,3150,4000,4200,,7750,3750,4350,AK-47:55%;Galil AR:26%;none:17%,0.974,0.845,0.0,0.854,0.546,0.177,0.276,0.318,0.872,0.656,AK-47|Glock-18|a1h1k0|sm1fl1HE0fr0;AK-47|Glock-18|a1h1k0|sm1fl0HE0fr0;Galil AR|Glock-18|a1h1k0|sm1fl2HE0fr1
t,3400,none,4400,OBSERVED,28,115.2,0,none,3900,4300,4400,,7800,3500,4100,AK-47:72%;Galil AR:16%;none:10%,0.988,0.896,0.0,0.888,0.496,0.272,0.212,0.507,0.821,0.703,AK-47|Glock-18|a1h1k0|sm1fl0HE0fr1;AK-47|Glock-18|a1h1k0|sm1fl2HE0fr0;AK-47|Glock-18|a1h1k0|sm1fl1HE0fr0
t,3400,none,4450,OBSERVED,33,112.4,0,none,4200,4400,4400,,7850,3450,4050,AK-47:79%;Galil AR:11%;none:8%,0.993,0.925,0.0,0.893,0.459,0.304,0.147,0.578,0.723,0.755,AK-47|Glock-18|a1h1k0|sm1fl0HE0fr1;AK-47|Glock-18|a1h1k0|sm1fl2HE0fr0;AK-47|Glock-18|a1h1k0|sm1fl0HE0fr0
t,3400,none,4500,OBSERVED,17,102.6,0,none,4300,4400,4400,,7900,3500,4100,AK-47:81%;Galil AR:10%;none:8%,0.989,0.938,0.0,0.892,0.493,0.327,0.144,0.553,0.611,0.779,AK-47|Glock-18|a1h1k0|sm1fl0HE0fr1;AK-47|Glock-18|a1h1k0|sm1fl2HE0fr0;AK-47|Glock-18|a1h1k0|sm1fl1HE0fr1
t,3400,none,4550,OBSERVED,27,121.2,0,none,4200,4400,4400,,7950,3550,4150,AK-47:78%;Galil AR:11%;none:9%,0.986,0.932,0.0,0.886,0.529,0.336,0.183,0.511,0.557,0.775,AK-47|Glock-18|a1h1k0|sm1fl0HE0fr1;AK-47|Glock-18|a1h1k0|sm1fl2HE0fr0;Galil AR|Glock-18|a1h1k0|sm1fl2HE0fr1
t,3400,none,4600,OBSERVED,46,127.1,0,none,4500,4600,4600,,8000,3400,4000,AK-47:92%;Galil AR:5%;none:3%,0.995,0.973,0.0,0.882,0.843,0.162,0.175,0.816,0.448,0.879,AK-47|Glock-18|a1h1k0|sm1fl1HE0fr1;AK-47|Glock-18|a1h1k0|sm1fl2HE0fr1;AK-47|Glock-18|a1h1k0|sm1fl1HE1fr1
t,3400,none,4650,OBSERVED,65,112.8,0,none,4600,4600,4600,,8050,3450,4050,AK-47:91%;Galil AR:4%;none:4%,1.0,0.979,0.0,0.95,0.918,0.19,0.178,0.851,0.372,0.912,AK-47|Glock-18|a1h1k0|sm1fl1HE0fr1;AK-47|Glock-18|a1h1k0|sm1fl2HE0fr1;AK-47|Glock-18|a1h1k0|sm1fl1HE1fr0
t,3400,none,4700,OBSERVED,51,113.0,0,none,4600,4600,4600,,8100,3500,4100,AK-47:93%;none:6%;Galil AR:1%,1.0,0.969,0.0,0.913,0.811,0.246,0.287,0.821,0.392,0.895,AK-47|Glock-18|a1h1k0|sm1fl1HE0fr1;AK-47|Glock-18|a1h1k0|sm1fl0HE1fr1;AK-47|Glock-18|a1h1k0|sm1fl2HE0fr1
t,3400,none,4750,OBSERVED,55,103.4,0,none,4600,4600,4700,,8150,3550,4150,AK-47:96%;none:4%;Galil AR:0%,1.0,0.973,0.0,0.89,0.702,0.166,0.349,0.874,0.204,0.915,AK-47|Glock-18|a1h1k0|sm1fl1HE0fr1;AK-47|Glock-18|a1h1k0|sm1fl0HE1fr1;AK-47|Glock-18|a1h1k0|sm1fl2HE0fr1
t,3400,none,4800,OBSERVED,45,100.6,0,none,4700,4800,4800,,8200,3400,4000,AK-47:98%;none:2%;Galil AR:0%,1.0,0.979,0.0,0.951,0.718,0.447,0.33,0.923,0.169,0.951,AK-47|Glock-18|a1h1k0|sm1fl2HE0fr1;AK-47|Glock-18|a1h1k0|sm1fl0HE1fr1;AK-47|Glock-18|a1h1k0|sm1fl1HE0fr1
t,3400,none,4850,OBSERVED,52,101.8,0,none,4700,4800,4800,,8250,3450,4050,AK-47:97%;none:2%;Galil AR:1%,1.0,0.983,0.0,0.952,0.783,0.605,0.254,0.941,0.189,0.959,AK-47|Glock-18|a1h1k0|sm1fl2HE0fr1;AK-47|Glock-18|a1h1k0|sm1fl0HE1fr1;AK-47|Glock-18|a1h1k0|sm1fl1HE1fr1
t,3400,none,4900,OBSERVED,53,111.3,0,none,4800,4800,4900,,8300,3500,4100,AK-47:99%;none:0%;Galil AR:0%,1.0,0.997,0.0,0.957,0.941,0.558,0.395,0.954,0.053,0.984,AK-47|Glock-18|a1h1k0|sm1fl2HE0fr1;AK-47|Glock-18|a1h1k0|sm1fl1HE1fr1;AK-47|Glock-18|a1h1k0|sm1fl0HE1fr1
t,3400,none,4950,OBSERVED,62,112.3,0,none,4800,4800,4900,,8350,3550,4150,AK-47:99%;none:0%;MAC-10:0%,1.0,1.0,0.0,0.908,0.965,0.493,0.447,0.971,0.053,0.986,AK-47|Glock-18|a1h1k0|sm1fl2HE0fr1;AK-47|Glock-18|a1h1k0|sm1fl1HE1fr1;AK-47|Glock-18|a1h1k0|sm1fl1HE0fr1
t,3400,none,5000,OBSERVED,48,103.0,0,none,4800,4800,4900,,8400,3600,4200,AK-47:97%;none:1%;MAC-10:1%,1.0,1.0,0.0,0.917,0.95,0.502,0.371,0.953,0.194,0.99,AK-47|Glock-18|a1h1k0|sm1fl2HE0fr1;AK-47|Glock-18|a1h1k0|sm1fl1HE1fr1;AK-47|Glock-18|a1h1k0|sm1fl1HE0fr1
t,3400,none,5050,OBSERVED,45,124.9,0,none,4800,4800,4900,,8450,3650,4250,AK-47:98%;none:1%;MAC-10:1%,1.0,1.0,0.0,0.905,0.96,0.514,0.391,0.956,0.179,0.988,AK-47|Glock-18|a1h1k0|sm1fl2HE0fr1;AK-47|Glock-18|a1h1k0|sm1fl1HE1fr1;AK-47|Glock-18|a1h1k0|sm0fl2HE0fr1
t,3400,none,5100,OBSERVED,40,103.9,0,none,4800,4800,4900,,8500,3700,4300,AK-47:99%;none:1%;MAC-10:0%,1.0,1.0,0.0,0.941,0.959,0.525,0.406,0.938,0.147,0.984,AK-47|Glock-18|a1h1k0|sm1fl2HE0fr1;AK-47|Glock-18|a1h1k0|sm1fl1HE1fr1;AK-47|Glock-18|a1h1k0|sm0fl2HE0fr1
t,3400,none,5150,OBSERVED,24,122.8,0,none,4800,4800,4900,,8550,3750,4350,AK-47:99%;none:1%;MAC-10:0%,1.0,1.0,0.0,0.945,0.961,0.506,0.449,0.951,0.074,0.974,AK-47|Glock-18|a1h1k0|sm1fl2HE0fr1;AK-47|Glock-18|a1h1k0|sm1fl1HE1fr1;AK-47|Glock-18|a1h1k0|sm0fl2HE1fr1
t,3400,none,5200,OBSERVED,35,110.0,0,none,4800,4900,4900,,8600,3700,4300,AK-47:100%;none:0%;Galil AR:0%,1.0,1.0,0.0,0.94,0.966,0.474,0.494,0.959,0.021,0.975,AK-47|Glock-18|a1h1k0|sm1fl2HE0fr1;AK-47|Glock-18|a1h1k0|sm1fl1HE1fr1;AK-47|Glock-18|a1h1k0|sm1fl1HE0fr1
t,3400,none,5250,OBSERVED,31,111.8,0,none,4800,4900,4900,,8650,3750,4350,AK-47:99%;none:0%;AWP:0%,0.997,0.995,0.0,0.944,0.965,0.439,0.508,0.963,0.042,0.962,AK-47|Glock-18|a1h1k0|sm1fl1HE1fr1;AK-47|Glock-18|a1h1k0|sm1fl2HE0fr1;AK-47|Glock-18|a1h1k0|sm1fl1HE0fr1
t,3400,none,5300,OBSERVED,31,109.8,0,none,4800,4900,4900,,8700,3800,4400,AK-47:98%;none:2%;AWP:1%,0.984,0.977,0.0,0.946,0.952,0.422,0.488,0.95,0.134,0.948,AK-47|Glock-18|a1h1k0|sm1fl1HE1fr1;AK-47|Glock-18|a1h1k0|sm1fl2HE0fr1;AK-47|Glock-18|a1h1k0|sm1fl1HE0fr1
t,3400,none,5350,OBSERVED,32,100.1,0,none,4800,4900,4900,,8750,3850,4450,AK-47:96%;none:2%;AWP:1%,0.977,0.965,0.0,0.955,0.944,0.42,0.475,0.937,0.211,0.961,AK-47|Glock-18|a1h1k0|sm1fl1HE1fr1;AK-47|Glock-18|a1h1k0|sm1fl2HE0fr1;AK-47|Glock-18|a1h1k0|sm1fl0HE0fr1
t,3400,none,5400,OBSERVED,26,110.4,0,none,4800,4900,4900,,8800,3900,4500,AK-47:94%;AWP:4%;none:2%,0.982,0.937,0.0,0.942,0.92,0.414,0.464,0.914,0.155,0.965,AK-47|Glock-18|a1h1k0|sm1fl1HE1fr1;AK-47|Glock-18|a1h1k0|sm1fl2HE0fr1;AK-47|Glock-18|a1h1k0|sm1fl0HE0fr1
t,3400,none,5450,OBSERVED,14,108.9,0,none,4800,4900,4900,,8850,3950,4550,AK-47:93%;AWP:6%;none:1%,0.993,0.937,0.0,0.949,0.93,0.424,0.47,0.92,0.098,0.977,AK-47|Glock-18|a1h1k0|sm1fl1HE1fr1;AK-47|Glock-18|a1h1k0|sm1fl2HE0fr1;AWP|Glock-18|a1h0k0|sm0fl0HE0fr0
t,3400,none,5500,OBSERVED,30,101.1,0,none,4800,4900,4900,,8900,4000,4600,AK-47:94%;AWP:5%;MAC-10:1%,0.999,0.952,0.0,0.962,0.954,0.452,0.462,0.937,0.092,0.992,AK-47|Glock-18|a1h1k0|sm1fl1HE1fr1;AK-47|Glock-18|a1h1k0|sm1fl2HE0fr1;AK-47|Glock-18|a1h1k0|sm1fl1HE0fr1
t,3400,none,5550,OBSERVED,25,104.7,0,none,4800,4800,4900,,8950,4150,4750,AK-47:96%;AWP:3%;MAC-10:1%,1.0,0.97,0.0,0.966,0.97,0.495,0.431,0.96,0.1,0.992,AK-47|Glock-18|a1h1k0|sm1fl2HE0fr1;AK-47|Glock-18|a1h1k0|sm1fl1HE1fr1;AK-47|Glock-18|a1h1k0|sm1fl1HE0fr1
t,3400,none,5600,OBSERVED,25,100.7,0,none,4800,4800,4900,,9000,4200,4800,AK-47:95%;AWP:4%;MAC-10:1%,1.0,0.964,0.0,0.952,0.97,0.505,0.417,0.969,0.081,0.979,AK-47|Glock-18|a1h1k0|sm1fl2HE0fr1;AK-47|Glock-18|a1h1k0|sm1fl1HE1fr1;AK-47|Glock-18|a1h1k0|sm1fl1HE0fr1
t,3400,none,5650,OBSERVED,27,112.1,0,none,4800,4800,4900,,9050,4250,4850,AK-47:96%;AWP:4%;MAC-10:1%,0.999,0.964,0.0,0.944,0.967,0.49,0.439,0.975,0.053,0.982,AK-47|Glock-18|a1h1k0|sm1fl2HE0fr1;AK-47|Glock-18|a1h1k0|sm1fl1HE1fr1;AK-47|Glock-18|a1h1k0|sm1fl1HE0fr1
t,3400,none,5700,OBSERVED,12,101.6,0,none,4800,4900,5100,,9100,4200,4800,AK-47:86%;AWP:13%;SSG 08:0%,0.997,0.867,0.0,0.943,0.91,0.439,0.424,0.889,0.045,0.959,AK-47|Glock-18|a1h1k0|sm1fl2HE0fr1;AK-47|Glock-18|a1h1k0|sm1fl1HE1fr1;AWP|Glock-18|a1h0k0|sm1fl0HE0fr0
t,3400,none,5750,OBSERVED,11,105.3,0,none,4800,4900,5100,,9150,4250,4850,AK-47:83%;AWP:16%;SSG 08:1%,0.992,0.849,0.0,0.937,0.882,0.419,0.431,0.849,0.074,0.932,AK-47|Glock-18|a1h1k0|sm1fl2HE0fr1;AK-47|Glock-18|a1h1k0|sm1fl1HE1fr1;AWP|Glock-18|a1h0k0|sm1fl0HE0fr0
t,3400,none,5800,OBSERVED,11,106.7,0,none,4800,4900,5100,,9200,4300,4900,AK-47:84%;AWP:15%;SSG 08:1%,0.987,0.85,0.0,0.928,0.884,0.415,0.452,0.836,0.1,0.924,AK-47|Glock-18|a1h1k0|sm1fl2HE0fr1;AK-47|Glock-18|a1h1k0|sm1fl1HE1fr1;AWP|Glock-18|a1h0k0|sm1fl0HE0fr0
t,3400,none,5850,OBSERVED,15,109.6,0,none,4800,4900,5100,,9250,4350,4950,AK-47:86%;AWP:12%;SSG 08:1%,0.987,0.873,0.0,0.925,0.901,0.42,0.477,0.845,0.106,0.928,AK-47|Glock-18|a1h1k0|sm1fl1HE1fr1;AK-47|Glock-18|a1h1k0|sm1fl2HE0fr1;AWP|Glock-18|a1h0k0|sm1fl0HE0fr0
t,3400,none,5900,OBSERVED,13,103.5,0,none,4800,4900,5100,,9300,4400,5000,AK-47:80%;AWP:18%;SSG 08:1%,0.988,0.81,0.0,0.92,0.922,0.406,0.464,0.797,0.094,0.91,AK-47|Glock-18|a1h1k0|sm1fl1HE1fr1;AK-47|Glock-18|a1h1k0|sm1fl2HE0fr1;AWP|Glock-18|a1h0k0|sm1fl1HE0fr0
t,3400,none,5950,OBSERVED,13,100.1,0,none,4800,4900,5100,,9350,4450,5050,AK-47:78%;AWP:21%;SSG 08:1%,0.99,0.819,0.0,0.886,0.939,0.419,0.465,0.766,0.074,0.878,AK-47|Glock-18|a1h1k0|sm1fl1HE1fr1;AK-47|Glock-18|a1h1k0|sm1fl2HE0fr1;AWP|Glock-18|a1h0k0|sm1fl1HE0fr0
t,3400,none,6000,OBSERVED,14,104.2,0,none,4800,4900,5100,,9400,4500,5100,AK-47:79%;AWP:20%;SSG 08:1%,0.992,0.831,0.0,0.888,0.946,0.424,0.47,0.774,0.053,0.883,AK-47|Glock-18|a1h1k0|sm1fl1HE1fr1;AK-47|Glock-18|a1h1k0|sm1fl2HE0fr1;AWP|Glock-18|a1h0k0|sm1fl1HE0fr0
t,3400,AK-47,800,OBSERVED,1,58.3,0,exact,0,0,400,,4200,4200,4800,AK-47:90%;none:6%;Galil AR:4%,0.966,0.959,0.0,0.587,0.425,0.15,0.198,0.311,0.928,0.743,AK-47|Glock-18|a1h1k0|sm0fl0HE0fr0;AK-47|Glock-18|a1h1k0|sm1fl1HE0fr0;AK-47|Glock-18|a1h1k0|sm1fl0HE0fr0
t,3400,AK-47,850,OBSERVED,2,56.2,0,exact,0,300,400,,4250,3950,4550,AK-47:90%;none:6%;Galil AR:4%,0.967,0.961,0.0,0.596,0.432,0.153,0.2,0.324,0.912,0.747,AK-47|Glock-18|a1h1k0|sm0fl0HE0fr0;AK-47|Glock-18|a1h1k0|sm1fl1HE0fr0;AK-47|Glock-18|a1h1k0|sm1fl0HE0fr0
t,3400,AK-47,900,OBSERVED,1,53.9,0,exact,0,300,400,,4300,4000,4600,AK-47:91%;none:6%;Galil AR:4%,0.969,0.963,0.0,0.605,0.438,0.157,0.202,0.338,0.895,0.751,AK-47|Glock-18|a1h1k0|sm0fl0HE0fr0;AK-47|Glock-18|a1h1k0|sm1fl1HE0fr0;AK-47|Glock-18|a1h1k0|sm1fl0HE0fr0
t,3400,AK-47,950,INTERPOLATED,0,51.5,50,exact,0,300,500,,4350,4050,4650,AK-47:91%;none:5%;Galil AR:3%,0.971,0.965,0.0,0.613,0.446,0.16,0.204,0.352,0.878,0.755,AK-47|Glock-18|a1h1k0|sm0fl0HE0fr0;AK-47|Glock-18|a1h1k0|sm1fl1HE0fr0;AK-47|Glock-18|a1h1k0|sm1fl0HE0fr0
t,3400,AK-47,1000,OBSERVED,1,49.1,0,exact,0,300,500,,4400,4100,4700,AK-47:92%;none:5%;Galil AR:3%,0.972,0.968,0.0,0.621,0.453,0.165,0.206,0.366,0.865,0.762,AK-47|Glock-18|a1h1k0|sm0fl0HE0fr0;AK-47|Glock-18|a1h1k0|sm1fl1HE0fr0;AK-47|Glock-18|a1h1k0|sm1fl0HE0fr0
t,3400,AK-47,1050,INTERPOLATED,0,46.5,50,exact,0,300,500,,4450,4150,4750,AK-47:92%;none:5%;Galil AR:3%,0.974,0.97,0.0,0.629,0.461,0.17,0.207,0.382,0.849,0.771,AK-47|Glock-18|a1h1k0|sm0fl0HE0fr0;AK-47|Glock-18|a1h1k0|sm1fl1HE0fr0;AK-47|Glock-18|a1h1k0|sm1fl0HE0fr0
t,3400,AK-47,1100,OBSERVED,1,44.0,0,exact,0,300,500,,4500,4200,4800,AK-47:92%;none:5%;Galil AR:3%,0.975,0.972,0.0,0.636,0.47,0.176,0.208,0.397,0.836,0.784,AK-47|Glock-18|a1h1k0|sm0fl0HE0fr0;AK-47|Glock-18|a1h1k0|sm1fl1HE0fr0;AK-47|Glock-18|a1h1k0|sm1fl0HE0fr0
t,3400,AK-47,1150,INTERPOLATED,0,41.4,50,exact,0,300,500,,4550,4250,4850,AK-47:93%;none:4%;Galil AR:3%,0.977,0.974,0.0,0.643,0.479,0.183,0.209,0.413,0.823,0.796,AK-47|Glock-18|a1h1k0|sm0fl0HE0fr0;AK-47|Glock-18|a1h1k0|sm1fl1HE0fr0;AK-47|Glock-18|a1h1k0|sm1fl2HE0fr1
t,3400,AK-47,1200,INTERPOLATED,0,38.7,100,exact,0,300,500,,4600,4300,4900,AK-47:93%;none:4%;Galil AR:3%,0.979,0.976,0.0,0.65,0.489,0.192,0.209,0.43,0.808,0.809,AK-47|Glock-18|a1h1k0|sm0fl0HE0fr0;AK-47|Glock-18|a1h1k0|sm1fl1HE0fr0;AK-47|Glock-18|a1h1k0|sm1fl2HE0fr1
t,3400,AK-47,1250,INTERPOLATED,0,36.1,150,exact,0,300,500,,4650,4350,4950,AK-47:94%;none:4%;Galil AR:2%,0.98,0.978,0.0,0.657,0.499,0.202,0.208,0.447,0.8,0.822,AK-47|Glock-18|a1h1k0|sm0fl0HE0fr0;AK-47|Glock-18|a1h1k0|sm1fl1HE0fr0;AK-47|Glock-18|a1h1k0|sm1fl2HE0fr1
t,3400,AK-47,1300,INTERPOLATED,0,33.3,100,exact,0,300,500,,4700,4400,5000,AK-47:94%;none:3%;Galil AR:2%,0.982,0.98,0.0,0.663,0.511,0.214,0.207,0.465,0.79,0.835,AK-47|Glock-18|a1h1k0|sm0fl0HE0fr0;AK-47|Glock-18|a1h1k0|sm1fl2HE0fr1;AK-47|Glock-18|a1h1k0|sm1fl1HE0fr0
t,3400,AK-47,1350,INTERPOLATED,0,30.6,50,exact,0,300,600,,4750,4450,5050,AK-47:95%;none:3%;Galil AR:2%,0.984,0.982,0.0,0.67,0.523,0.228,0.205,0.483,0.78,0.848,AK-47|Glock-18|a1h1k0|sm0fl0HE0fr0;AK-47|Glock-18|a1h1k0|sm1fl2HE0fr1;AK-47|Glock-18|a1h1k0|sm1fl1HE0fr0
t,3400,AK-47,1400,OBSERVED,1,27.8,0,exact,0,300,700,,4800,4500,5100,AK-47:95%;none:3%;Galil AR:2%,0.985,0.984,0.0,0.676,0.536,0.245,0.201,0.502,0.775,0.861,AK-47|Glock-18|a1h1k0|sm1fl2HE0fr1;AK-47|Glock-18|a1h1k0|sm0fl0HE0fr0;AK-47|Glock-18|a1h1k0|sm1fl1HE0fr0
t,3400,AK-47,1450,INTERPOLATED,0,25.0,50,exact,0,300,700,,4850,4550,5150,AK-47:96%;none:3%;Galil AR:2%,0.987,0.985,0.0,0.683,0.549,0.264,0.197,0.521,0.765,0.874,AK-47|Glock-18|a1h1k0|sm1fl2HE0fr1;AK-47|Glock-18|a1h1k0|sm0fl0HE0fr0;AK-47|Glock-18|a1h1k0|sm1fl1HE0fr0
t,3400,AK-47,1500,INTERPOLATED,0,22.2,100,exact,0,300,700,,4900,4600,5200,AK-47:96%;none:2%;Galil AR:2%,0.988,0.987,0.0,0.689,0.564,0.286,0.192,0.541,0.762,0.887,AK-47|Glock-18|a1h1k0|sm1fl2HE0fr1;AK-47|Glock-18|a1h1k0|sm0fl0HE0fr0;AK-47|Glock-18|a1h1k0|sm1fl1HE0fr0
t,3400,FAMAS,800,OBSERVED,1,62.5,0,family,0,0,300,,4200,4200,4800,AK-47:88%;none:6%;Galil AR:6%,0.968,0.961,0.0,0.565,0.427,0.143,0.22,0.305,1.015,0.721,AK-47|Glock-18|a1h1k0|sm0fl0HE0fr0;AK-47|Glock-18|a1h1k0|sm1fl1HE0fr0;AK-47|Glock-18|a1h1k0|sm1fl0HE0fr0
t,3400,FAMAS,850,OBSERVED,2,60.2,0,family,0,300,400,,4250,3950,4550,AK-47:89%;Galil AR:6%;none:6%,0.969,0.963,0.0,0.575,0.433,0.146,0.221,0.318,1.0,0.723,AK-47|Glock-18|a1h1k0|sm0fl0HE0fr0;AK-47|Glock-18|a1h1k0|sm1fl1HE0fr0;AK-47|Glock-18|a1h1k0|sm1fl0HE0fr0
t,3400,FAMAS,900,OBSERVED,1,57.7,0,family,0,300,400,,4300,4000,4600,AK-47:89%;none:5%;Galil AR:5%,0.97,0.965,0.0,0.584,0.439,0.15,0.222,0.331,0.982,0.727,AK-47|Glock-18|a1h1k0|sm0fl0HE0fr0;AK-47|Glock-18|a1h1k0|sm1fl1HE0fr0;AK-47|Glock-18|a1h1k0|sm1fl0HE0fr0
t,3400,FAMAS,950,INTERPOLATED,0,55.0,50,family,0,300,400,,4350,4050,4650,AK-47:90%;none:5%;Galil AR:5%,0.972,0.967,0.0,0.593,0.447,0.154,0.223,0.345,0.964,0.731,AK-47|Glock-18|a1h1k0|sm0fl0HE0fr0;AK-47|Glock-18|a1h1k0|sm1fl1HE0fr0;AK-47|Glock-18|a1h1k0|sm1fl0HE0fr0
t,3400,FAMAS,1000,OBSERVED,1,52.2,0,family,0,300,500,,4400,4100,4700,AK-47:90%;none:5%;Galil AR:5%,0.973,0.969,0.0,0.602,0.454,0.158,0.223,0.36,0.945,0.74,AK-47|Glock-18|a1h1k0|sm0fl0HE0fr0;AK-47|Glock-18|a1h1k0|sm1fl1HE0fr0;AK-47|Glock-18|a1h1k0|sm1fl0HE0fr0
t,3400,FAMAS,1050,INTERPOLATED,0,49.4,50,family,0,300,500,,4450,4150,4750,AK-47:91%;none:5%;Galil AR:5%,0.975,0.971,0.0,0.611,0.462,0.164,0.223,0.375,0.929,0.75,AK-47|Glock-18|a1h1k0|sm0fl0HE0fr0;AK-47|Glock-18|a1h1k0|sm1fl1HE0fr0;AK-47|Glock-18|a1h1k0|sm1fl0HE0fr0
t,3400,FAMAS,1100,OBSERVED,1,46.6,0,family,0,300,500,,4500,4200,4800,AK-47:91%;none:4%;Galil AR:4%,0.976,0.973,0.0,0.619,0.47,0.17,0.223,0.39,0.912,0.764,AK-47|Glock-18|a1h1k0|sm0fl0HE0fr0;AK-47|Glock-18|a1h1k0|sm1fl1HE0fr0;AK-47|Glock-18|a1h1k0|sm1fl0HE0fr0
t,3400,FAMAS,1150,INTERPOLATED,0,43.7,50,family,0,300,500,,4550,4250,4850,AK-47:92%;none:4%;Galil AR:4%,0.978,0.975,0.0,0.627,0.479,0.178,0.222,0.407,0.892,0.778,AK-47|Glock-18|a1h1k0|sm0fl0HE0fr0;AK-47|Glock-18|a1h1k0|sm1fl1HE0fr0;AK-47|Glock-18|a1h1k0|sm1fl2HE0fr1
t,3400,FAMAS,1200,INTERPOLATED,0,40.7,100,family,0,300,500,,4600,4300,4900,AK-47:92%;none:4%;Galil AR:4%,0.979,0.977,0.0,0.635,0.489,0.186,0.221,0.423,0.882,0.792,AK-47|Glock-18|a1h1k0|sm0fl0HE0fr0;AK-47|Glock-18|a1h1k0|sm1fl1HE0fr0;AK-47|Glock-18|a1h1k0|sm1fl2HE0fr1
t,3400,FAMAS,1250,INTERPOLATED,0,37.8,150,family,0,300,500,,4650,4350,4950,AK-47:93%;none:4%;Galil AR:4%,0.981,0.978,0.0,0.643,0.499,0.197,0.22,0.441,0.864,0.806,AK-47|Glock-18|a1h1k0|sm0fl0HE0fr0;AK-47|Glock-18|a1h1k0|sm1fl1HE0fr0;AK-47|Glock-18|a1h1k0|sm1fl2HE0fr1
t,3400,FAMAS,1300,INTERPOLATED,0,34.8,100,family,0,300,500,,4700,4400,5000,AK-47:93%;none:3%;Galil AR:3%,0.982,0.98,0.0,0.651,0.51,0.209,0.217,0.459,0.852,0.82,AK-47|Glock-18|a1h1k0|sm0fl0HE0fr0;AK-47|Glock-18|a1h1k0|sm1fl2HE0fr1;AK-47|Glock-18|a1h1k0|sm1fl1HE0fr0
t,3400,FAMAS,1350,INTERPOLATED,0,31.8,50,family,0,300,500,,4750,4450,5050,AK-47:94%;none:3%;Galil AR:3%,0.984,0.982,0.0,0.658,0.522,0.224,0.214,0.477,0.841,0.835,AK-47|Glock-18|a1h1k0|sm0fl0HE0fr0;AK-47|Glock-18|a1h1k0|sm1fl2HE0fr1;AK-47|Glock-18|a1h1k0|sm1fl1HE0fr0
t,3400,FAMAS,1400,OBSERVED,1,28.8,0,family,0,300,600,,4800,4500,5100,AK-47:94%;none:3%;Galil AR:3%,0.985,0.984,0.0,0.666,0.535,0.24,0.21,0.496,0.83,0.849,AK-47|Glock-18|a1h1k0|sm1fl2HE0fr1;AK-47|Glock-18|a1h1k0|sm0fl0HE0fr0;AK-47|Glock-18|a1h1k0|sm1fl1HE0fr0
t,3400,FAMAS,1450,INTERPOLATED,0,25.8,50,family,0,300,700,,4850,4550,5150,AK-47:95%;none:3%;Galil AR:2%,0.986,0.985,0.0,0.673,0.549,0.26,0.205,0.516,0.82,0.863,AK-47|Glock-18|a1h1k0|sm1fl2HE0fr1;AK-47|Glock-18|a1h1k0|sm0fl0HE0fr0;AK-47|Glock-18|a1h1k0|sm1fl1HE0fr0
t,3400,FAMAS,1500,INTERPOLATED,0,22.8,100,family,0,300,700,,4900,4600,5200,AK-47:95%;none:2%;Galil AR:2%,0.987,0.986,0.0,0.681,0.563,0.282,0.199,0.536,0.809,0.876,AK-47|Glock-18|a1h1k0|sm1fl2HE0fr1;AK-47|Glock-18|a1h1k0|sm0fl0HE0fr0;AK-47|Glock-18|a1h1k0|sm1fl1HE0fr0
t,3400,FAMAS,1550,INTERPOLATED,0,20.0,150,family,0,400,700,,4950,4550,5150,AK-47:96%;none:2%;Galil AR:2%,0.988,0.987,0.0,0.689,0.579,0.306,0.192,0.556,0.806,0.889,AK-47|Glock-18|a1h1k0|sm1fl2HE0fr1;AK-47|Glock-18|a1h1k0|sm0fl0HE0fr0;AK-47|Glock-18|a1h1k0|sm1fl1HE0fr0
t,3400,Galil AR,800,OBSERVED,1,62.5,0,family,0,0,300,,4200,4200,4800,AK-47:88%;none:6%;Galil AR:6%,0.968,0.961,0.0,0.565,0.427,0.143,0.22,0.305,1.015,0.721,AK-47|Glock-18|a1h1k0|sm0fl0HE0fr0;AK-47|Glock-18|a1h1k0|sm1fl1HE0fr0;AK-47|Glock-18|a1h1k0|sm1fl0HE0fr0
t,3400,Galil AR,850,OBSERVED,2,60.2,0,family,0,300,400,,4250,3950,4550,AK-47:89%;Galil AR:6%;none:6%,0.969,0.963,0.0,0.575,0.433,0.146,0.221,0.318,1.0,0.723,AK-47|Glock-18|a1h1k0|sm0fl0HE0fr0;AK-47|Glock-18|a1h1k0|sm1fl1HE0fr0;AK-47|Glock-18|a1h1k0|sm1fl0HE0fr0
t,3400,Galil AR,900,OBSERVED,1,57.7,0,family,0,300,400,,4300,4000,4600,AK-47:89%;none:5%;Galil AR:5%,0.97,0.965,0.0,0.584,0.439,0.15,0.222,0.331,0.982,0.727,AK-47|Glock-18|a1h1k0|sm0fl0HE0fr0;AK-47|Glock-18|a1h1k0|sm1fl1HE0fr0;AK-47|Glock-18|a1h1k0|sm1fl0HE0fr0
t,3400,Galil AR,950,INTERPOLATED,0,55.0,50,family,0,300,400,,4350,4050,4650,AK-47:90%;none:5%;Galil AR:5%,0.972,0.967,0.0,0.593,0.447,0.154,0.223,0.345,0.964,0.731,AK-47|Glock-18|a1h1k0|sm0fl0HE0fr0;AK-47|Glock-18|a1h1k0|sm1fl1HE0fr0;AK-47|Glock-18|a1h1k0|sm1fl0HE0fr0
t,3400,Galil AR,1000,OBSERVED,1,52.2,0,family,0,300,500,,4400,4100,4700,AK-47:90%;none:5%;Galil AR:5%,0.973,0.969,0.0,0.602,0.454,0.158,0.223,0.36,0.945,0.74,AK-47|Glock-18|a1h1k0|sm0fl0HE0fr0;AK-47|Glock-18|a1h1k0|sm1fl1HE0fr0;AK-47|Glock-18|a1h1k0|sm1fl0HE0fr0
t,3400,Galil AR,1050,INTERPOLATED,0,49.4,50,family,0,300,500,,4450,4150,4750,AK-47:91%;none:5%;Galil AR:5%,0.975,0.971,0.0,0.611,0.462,0.164,0.223,0.375,0.929,0.75,AK-47|Glock-18|a1h1k0|sm0fl0HE0fr0;AK-47|Glock-18|a1h1k0|sm1fl1HE0fr0;AK-47|Glock-18|a1h1k0|sm1fl0HE0fr0
t,3400,Galil AR,1100,OBSERVED,1,46.6,0,family,0,300,500,,4500,4200,4800,AK-47:91%;none:4%;Galil AR:4%,0.976,0.973,0.0,0.619,0.47,0.17,0.223,0.39,0.912,0.764,AK-47|Glock-18|a1h1k0|sm0fl0HE0fr0;AK-47|Glock-18|a1h1k0|sm1fl1HE0fr0;AK-47|Glock-18|a1h1k0|sm1fl0HE0fr0
t,3400,Galil AR,1150,INTERPOLATED,0,43.7,50,family,0,300,500,,4550,4250,4850,AK-47:92%;none:4%;Galil AR:4%,0.978,0.975,0.0,0.627,0.479,0.178,0.222,0.407,0.892,0.778,AK-47|Glock-18|a1h1k0|sm0fl0HE0fr0;AK-47|Glock-18|a1h1k0|sm1fl1HE0fr0;AK-47|Glock-18|a1h1k0|sm1fl2HE0fr1
t,3400,Galil AR,1200,INTERPOLATED,0,40.7,100,family,0,300,500,,4600,4300,4900,AK-47:92%;none:4%;Galil AR:4%,0.979,0.977,0.0,0.635,0.489,0.186,0.221,0.423,0.882,0.792,AK-47|Glock-18|a1h1k0|sm0fl0HE0fr0;AK-47|Glock-18|a1h1k0|sm1fl1HE0fr0;AK-47|Glock-18|a1h1k0|sm1fl2HE0fr1
t,3400,Galil AR,1250,INTERPOLATED,0,37.8,150,family,0,300,500,,4650,4350,4950,AK-47:93%;none:4%;Galil AR:4%,0.981,0.978,0.0,0.643,0.499,0.197,0.22,0.441,0.864,0.806,AK-47|Glock-18|a1h1k0|sm0fl0HE0fr0;AK-47|Glock-18|a1h1k0|sm1fl1HE0fr0;AK-47|Glock-18|a1h1k0|sm1fl2HE0fr1
t,3400,Galil AR,1300,INTERPOLATED,0,34.8,100,family,0,300,500,,4700,4400,5000,AK-47:93%;none:3%;Galil AR:3%,0.982,0.98,0.0,0.651,0.51,0.209,0.217,0.459,0.852,0.82,AK-47|Glock-18|a1h1k0|sm0fl0HE0fr0;AK-47|Glock-18|a1h1k0|sm1fl2HE0fr1;AK-47|Glock-18|a1h1k0|sm1fl1HE0fr0
t,3400,Galil AR,1350,INTERPOLATED,0,31.8,50,family,0,300,500,,4750,4450,5050,AK-47:94%;none:3%;Galil AR:3%,0.984,0.982,0.0,0.658,0.522,0.224,0.214,0.477,0.841,0.835,AK-47|Glock-18|a1h1k0|sm0fl0HE0fr0;AK-47|Glock-18|a1h1k0|sm1fl2HE0fr1;AK-47|Glock-18|a1h1k0|sm1fl1HE0fr0
t,3400,Galil AR,1400,OBSERVED,1,28.8,0,family,0,300,600,,4800,4500,5100,AK-47:94%;none:3%;Galil AR:3%,0.985,0.984,0.0,0.666,0.535,0.24,0.21,0.496,0.83,0.849,AK-47|Glock-18|a1h1k0|sm1fl2HE0fr1;AK-47|Glock-18|a1h1k0|sm0fl0HE0fr0;AK-47|Glock-18|a1h1k0|sm1fl1HE0fr0
t,3400,Galil AR,1450,INTERPOLATED,0,25.8,50,family,0,300,700,,4850,4550,5150,AK-47:95%;none:3%;Galil AR:2%,0.986,0.985,0.0,0.673,0.549,0.26,0.205,0.516,0.82,0.863,AK-47|Glock-18|a1h1k0|sm1fl2HE0fr1;AK-47|Glock-18|a1h1k0|sm0fl0HE0fr0;AK-47|Glock-18|a1h1k0|sm1fl1HE0fr0
t,3400,Galil AR,1500,INTERPOLATED,0,22.8,100,family,0,300,700,,4900,4600,5200,AK-47:95%;none:2%;Galil AR:2%,0.987,0.986,0.0,0.681,0.563,0.282,0.199,0.536,0.809,0.876,AK-47|Glock-18|a1h1k0|sm1fl2HE0fr1;AK-47|Glock-18|a1h1k0|sm0fl0HE0fr0;AK-47|Glock-18|a1h1k0|sm1fl1HE0fr0
t,3400,Galil AR,1550,INTERPOLATED,0,20.0,150,family,0,400,700,,4950,4550,5150,AK-47:96%;none:2%;Galil AR:2%,0.988,0.987,0.0,0.689,0.579,0.306,0.192,0.556,0.806,0.889,AK-47|Glock-18|a1h1k0|sm1fl2HE0fr1;AK-47|Glock-18|a1h1k0|sm0fl0HE0fr0;AK-47|Glock-18|a1h1k0|sm1fl1HE0fr0
t,3400,M4A1-S,800,OBSERVED,1,62.5,0,family,0,0,300,,4200,4200,4800,AK-47:88%;none:6%;Galil AR:6%,0.968,0.961,0.0,0.565,0.427,0.143,0.22,0.305,1.015,0.721,AK-47|Glock-18|a1h1k0|sm0fl0HE0fr0;AK-47|Glock-18|a1h1k0|sm1fl1HE0fr0;AK-47|Glock-18|a1h1k0|sm1fl0HE0fr0
t,3400,M4A1-S,850,OBSERVED,2,60.2,0,family,0,300,400,,4250,3950,4550,AK-47:89%;Galil AR:6%;none:6%,0.969,0.963,0.0,0.575,0.433,0.146,0.221,0.318,1.0,0.723,AK-47|Glock-18|a1h1k0|sm0fl0HE0fr0;AK-47|Glock-18|a1h1k0|sm1fl1HE0fr0;AK-47|Glock-18|a1h1k0|sm1fl0HE0fr0
t,3400,M4A1-S,900,OBSERVED,1,57.7,0,family,0,300,400,,4300,4000,4600,AK-47:89%;none:5%;Galil AR:5%,0.97,0.965,0.0,0.584,0.439,0.15,0.222,0.331,0.982,0.727,AK-47|Glock-18|a1h1k0|sm0fl0HE0fr0;AK-47|Glock-18|a1h1k0|sm1fl1HE0fr0;AK-47|Glock-18|a1h1k0|sm1fl0HE0fr0
t,3400,M4A1-S,950,INTERPOLATED,0,55.0,50,family,0,300,400,,4350,4050,4650,AK-47:90%;none:5%;Galil AR:5%,0.972,0.967,0.0,0.593,0.447,0.154,0.223,0.345,0.964,0.731,AK-47|Glock-18|a1h1k0|sm0fl0HE0fr0;AK-47|Glock-18|a1h1k0|sm1fl1HE0fr0;AK-47|Glock-18|a1h1k0|sm1fl0HE0fr0
t,3400,M4A1-S,1000,OBSERVED,1,52.2,0,family,0,300,500,,4400,4100,4700,AK-47:90%;none:5%;Galil AR:5%,0.973,0.969,0.0,0.602,0.454,0.158,0.223,0.36,0.945,0.74,AK-47|Glock-18|a1h1k0|sm0fl0HE0fr0;AK-47|Glock-18|a1h1k0|sm1fl1HE0fr0;AK-47|Glock-18|a1h1k0|sm1fl0HE0fr0
t,3400,M4A1-S,1050,INTERPOLATED,0,49.4,50,family,0,300,500,,4450,4150,4750,AK-47:91%;none:5%;Galil AR:5%,0.975,0.971,0.0,0.611,0.462,0.164,0.223,0.375,0.929,0.75,AK-47|Glock-18|a1h1k0|sm0fl0HE0fr0;AK-47|Glock-18|a1h1k0|sm1fl1HE0fr0;AK-47|Glock-18|a1h1k0|sm1fl0HE0fr0
t,3400,M4A1-S,1100,OBSERVED,1,46.6,0,family,0,300,500,,4500,4200,4800,AK-47:91%;none:4%;Galil AR:4%,0.976,0.973,0.0,0.619,0.47,0.17,0.223,0.39,0.912,0.764,AK-47|Glock-18|a1h1k0|sm0fl0HE0fr0;AK-47|Glock-18|a1h1k0|sm1fl1HE0fr0;AK-47|Glock-18|a1h1k0|sm1fl0HE0fr0
t,3400,M4A1-S,1150,INTERPOLATED,0,43.7,50,family,0,300,500,,4550,4250,4850,AK-47:92%;none:4%;Galil AR:4%,0.978,0.975,0.0,0.627,0.479,0.178,0.222,0.407,0.892,0.778,AK-47|Glock-18|a1h1k0|sm0fl0HE0fr0;AK-47|Glock-18|a1h1k0|sm1fl1HE0fr0;AK-47|Glock-18|a1h1k0|sm1fl2HE0fr1
t,3400,M4A1-S,1200,INTERPOLATED,0,40.7,100,family,0,300,500,,4600,4300,4900,AK-47:92%;none:4%;Galil AR:4%,0.979,0.977,0.0,0.635,0.489,0.186,0.221,0.423,0.882,0.792,AK-47|Glock-18|a1h1k0|sm0fl0HE0fr0;AK-47|Glock-18|a1h1k0|sm1fl1HE0fr0;AK-47|Glock-18|a1h1k0|sm1fl2HE0fr1
t,3400,M4A1-S,1250,INTERPOLATED,0,37.8,150,family,0,300,500,,4650,4350,4950,AK-47:93%;none:4%;Galil AR:4%,0.981,0.978,0.0,0.643,0.499,0.197,0.22,0.441,0.864,0.806,AK-47|Glock-18|a1h1k0|sm0fl0HE0fr0;AK-47|Glock-18|a1h1k0|sm1fl1HE0fr0;AK-47|Glock-18|a1h1k0|sm1fl2HE0fr1
t,3400,M4A1-S,1300,INTERPOLATED,0,34.8,100,family,0,300,500,,4700,4400,5000,AK-47:93%;none:3%;Galil AR:3%,0.982,0.98,0.0,0.651,0.51,0.209,0.217,0.459,0.852,0.82,AK-47|Glock-18|a1h1k0|sm0fl0HE0fr0;AK-47|Glock-18|a1h1k0|sm1fl2HE0fr1;AK-47|Glock-18|a1h1k0|sm1fl1HE0fr0
t,3400,M4A1-S,1350,INTERPOLATED,0,31.8,50,family,0,300,500,,4750,4450,5050,AK-47:94%;none:3%;Galil AR:3%,0.984,0.982,0.0,0.658,0.522,0.224,0.214,0.477,0.841,0.835,AK-47|Glock-18|a1h1k0|sm0fl0HE0fr0;AK-47|Glock-18|a1h1k0|sm1fl2HE0fr1;AK-47|Glock-18|a1h1k0|sm1fl1HE0fr0
t,3400,M4A1-S,1400,OBSERVED,1,28.8,0,family,0,300,600,,4800,4500,5100,AK-47:94%;none:3%;Galil AR:3%,0.985,0.984,0.0,0.666,0.535,0.24,0.21,0.496,0.83,0.849,AK-47|Glock-18|a1h1k0|sm1fl2HE0fr1;AK-47|Glock-18|a1h1k0|sm0fl0HE0fr0;AK-47|Glock-18|a1h1k0|sm1fl1HE0fr0
t,3400,M4A1-S,1450,INTERPOLATED,0,25.8,50,family,0,300,700,,4850,4550,5150,AK-47:95%;none:3%;Galil AR:2%,0.986,0.985,0.0,0.673,0.549,0.26,0.205,0.516,0.82,0.863,AK-47|Glock-18|a1h1k0|sm1fl2HE0fr1;AK-47|Glock-18|a1h1k0|sm0fl0HE0fr0;AK-47|Glock-18|a1h1k0|sm1fl1HE0fr0
t,3400,M4A1-S,1500,INTERPOLATED,0,22.8,100,family,0,300,700,,4900,4600,5200,AK-47:95%;none:2%;Galil AR:2%,0.987,0.986,0.0,0.681,0.563,0.282,0.199,0.536,0.809,0.876,AK-47|Glock-18|a1h1k0|sm1fl2HE0fr1;AK-47|Glock-18|a1h1k0|sm0fl0HE0fr0;AK-47|Glock-18|a1h1k0|sm1fl1HE0fr0
t,3400,M4A1-S,1550,INTERPOLATED,0,20.0,150,family,0,400,700,,4950,4550,5150,AK-47:96%;none:2%;Galil AR:2%,0.988,0.987,0.0,0.689,0.579,0.306,0.192,0.556,0.806,0.889,AK-47|Glock-18|a1h1k0|sm1fl2HE0fr1;AK-47|Glock-18|a1h1k0|sm0fl0HE0fr0;AK-47|Glock-18|a1h1k0|sm1fl1HE0fr0
t,3400,M4A4,800,OBSERVED,1,62.5,0,family,0,0,300,,4200,4200,4800,AK-47:88%;none:6%;Galil AR:6%,0.968,0.961,0.0,0.565,0.427,0.143,0.22,0.305,1.015,0.721,AK-47|Glock-18|a1h1k0|sm0fl0HE0fr0;AK-47|Glock-18|a1h1k0|sm1fl1HE0fr0;AK-47|Glock-18|a1h1k0|sm1fl0HE0fr0
t,3400,M4A4,850,OBSERVED,2,60.2,0,family,0,300,400,,4250,3950,4550,AK-47:89%;Galil AR:6%;none:6%,0.969,0.963,0.0,0.575,0.433,0.146,0.221,0.318,1.0,0.723,AK-47|Glock-18|a1h1k0|sm0fl0HE0fr0;AK-47|Glock-18|a1h1k0|sm1fl1HE0fr0;AK-47|Glock-18|a1h1k0|sm1fl0HE0fr0
t,3400,M4A4,900,OBSERVED,1,57.7,0,family,0,300,400,,4300,4000,4600,AK-47:89%;none:5%;Galil AR:5%,0.97,0.965,0.0,0.584,0.439,0.15,0.222,0.331,0.982,0.727,AK-47|Glock-18|a1h1k0|sm0fl0HE0fr0;AK-47|Glock-18|a1h1k0|sm1fl1HE0fr0;AK-47|Glock-18|a1h1k0|sm1fl0HE0fr0
t,3400,M4A4,950,INTERPOLATED,0,55.0,50,family,0,300,400,,4350,4050,4650,AK-47:90%;none:5%;Galil AR:5%,0.972,0.967,0.0,0.593,0.447,0.154,0.223,0.345,0.964,0.731,AK-47|Glock-18|a1h1k0|sm0fl0HE0fr0;AK-47|Glock-18|a1h1k0|sm1fl1HE0fr0;AK-47|Glock-18|a1h1k0|sm1fl0HE0fr0
t,3400,M4A4,1000,OBSERVED,1,52.2,0,family,0,300,500,,4400,4100,4700,AK-47:90%;none:5%;Galil AR:5%,0.973,0.969,0.0,0.602,0.454,0.158,0.223,0.36,0.945,0.74,AK-47|Glock-18|a1h1k0|sm0fl0HE0fr0;AK-47|Glock-18|a1h1k0|sm1fl1HE0fr0;AK-47|Glock-18|a1h1k0|sm1fl0HE0fr0
t,3400,M4A4,1050,INTERPOLATED,0,49.4,50,family,0,300,500,,4450,4150,4750,AK-47:91%;none:5%;Galil AR:5%,0.975,0.971,0.0,0.611,0.462,0.164,0.223,0.375,0.929,0.75,AK-47|Glock-18|a1h1k0|sm0fl0HE0fr0;AK-47|Glock-18|a1h1k0|sm1fl1HE0fr0;AK-47|Glock-18|a1h1k0|sm1fl0HE0fr0
t,3400,M4A4,1100,OBSERVED,1,46.6,0,family,0,300,500,,4500,4200,4800,AK-47:91%;none:4%;Galil AR:4%,0.976,0.973,0.0,0.619,0.47,0.17,0.223,0.39,0.912,0.764,AK-47|Glock-18|a1h1k0|sm0fl0HE0fr0;AK-47|Glock-18|a1h1k0|sm1fl1HE0fr0;AK-47|Glock-18|a1h1k0|sm1fl0HE0fr0
t,3400,M4A4,1150,INTERPOLATED,0,43.7,50,family,0,300,500,,4550,4250,4850,AK-47:92%;none:4%;Galil AR:4%,0.978,0.975,0.0,0.627,0.479,0.178,0.222,0.407,0.892,0.778,AK-47|Glock-18|a1h1k0|sm0fl0HE0fr0;AK-47|Glock-18|a1h1k0|sm1fl1HE0fr0;AK-47|Glock-18|a1h1k0|sm1fl2HE0fr1
t,3400,M4A4,1200,INTERPOLATED,0,40.7,100,family,0,300,500,,4600,4300,4900,AK-47:92%;none:4%;Galil AR:4%,0.979,0.977,0.0,0.635,0.489,0.186,0.221,0.423,0.882,0.792,AK-47|Glock-18|a1h1k0|sm0fl0HE0fr0;AK-47|Glock-18|a1h1k0|sm1fl1HE0fr0;AK-47|Glock-18|a1h1k0|sm1fl2HE0fr1
t,3400,M4A4,1250,INTERPOLATED,0,37.8,150,family,0,300,500,,4650,4350,4950,AK-47:93%;none:4%;Galil AR:4%,0.981,0.978,0.0,0.643,0.499,0.197,0.22,0.441,0.864,0.806,AK-47|Glock-18|a1h1k0|sm0fl0HE0fr0;AK-47|Glock-18|a1h1k0|sm1fl1HE0fr0;AK-47|Glock-18|a1h1k0|sm1fl2HE0fr1
t,3400,M4A4,1300,INTERPOLATED,0,34.8,100,family,0,300,500,,4700,4400,5000,AK-47:93%;none:3%;Galil AR:3%,0.982,0.98,0.0,0.651,0.51,0.209,0.217,0.459,0.852,0.82,AK-47|Glock-18|a1h1k0|sm0fl0HE0fr0;AK-47|Glock-18|a1h1k0|sm1fl2HE0fr1;AK-47|Glock-18|a1h1k0|sm1fl1HE0fr0
t,3400,M4A4,1350,INTERPOLATED,0,31.8,50,family,0,300,500,,4750,4450,5050,AK-47:94%;none:3%;Galil AR:3%,0.984,0.982,0.0,0.658,0.522,0.224,0.214,0.477,0.841,0.835,AK-47|Glock-18|a1h1k0|sm0fl0HE0fr0;AK-47|Glock-18|a1h1k0|sm1fl2HE0fr1;AK-47|Glock-18|a1h1k0|sm1fl1HE0fr0
t,3400,M4A4,1400,OBSERVED,1,28.8,0,family,0,300,600,,4800,4500,5100,AK-47:94%;none:3%;Galil AR:3%,0.985,0.984,0.0,0.666,0.535,0.24,0.21,0.496,0.83,0.849,AK-47|Glock-18|a1h1k0|sm1fl2HE0fr1;AK-47|Glock-18|a1h1k0|sm0fl0HE0fr0;AK-47|Glock-18|a1h1k0|sm1fl1HE0fr0
t,3400,M4A4,1450,INTERPOLATED,0,25.8,50,family,0,300,700,,4850,4550,5150,AK-47:95%;none:3%;Galil AR:2%,0.986,0.985,0.0,0.673,0.549,0.26,0.205,0.516,0.82,0.863,AK-47|Glock-18|a1h1k0|sm1fl2HE0fr1;AK-47|Glock-18|a1h1k0|sm0fl0HE0fr0;AK-47|Glock-18|a1h1k0|sm1fl1HE0fr0
t,3400,M4A4,1500,INTERPOLATED,0,22.8,100,family,0,300,700,,4900,4600,5200,AK-47:95%;none:2%;Galil AR:2%,0.987,0.986,0.0,0.681,0.563,0.282,0.199,0.536,0.809,0.876,AK-47|Glock-18|a1h1k0|sm1fl2HE0fr1;AK-47|Glock-18|a1h1k0|sm0fl0HE0fr0;AK-47|Glock-18|a1h1k0|sm1fl1HE0fr0
t,3400,M4A4,1550,INTERPOLATED,0,20.0,150,family,0,400,700,,4950,4550,5150,AK-47:96%;none:2%;Galil AR:2%,0.988,0.987,0.0,0.689,0.579,0.306,0.192,0.556,0.806,0.889,AK-47|Glock-18|a1h1k0|sm1fl2HE0fr1;AK-47|Glock-18|a1h1k0|sm0fl0HE0fr0;AK-47|Glock-18|a1h1k0|sm1fl1HE0fr0
ct,1400,none,3400,OBSERVED,1,106.2,0,none,2550,3300,3350,,4800,1500,,MP9:75%;none:12%;FAMAS:4%,0.971,0.909,0.119,0.872,0.42,0.034,0.65,0.64,1.173,0.529,MP9|USP-S|a1h1k0|sm1fl0HE1fr1;MP9|USP-S|a1h1k0|sm1fl1HE1fr1;MP9|USP-S|a1h1k0|sm1fl1HE1fr0
ct,1400,none,3450,OBSERVED,2,119.5,0,none,3200,3350,3450,,4850,1500,,MP9:63%;FAMAS:22%;none:8%,0.977,0.935,0.123,0.893,0.561,0.086,0.555,0.591,1.203,0.543,MP9|USP-S|a1h1k0|sm1fl0HE1fr1;FAMAS|USP-S|a1h1k0|sm1fl1HE0fr0;MP9|USP-S|a1h1k0|sm1fl1HE1fr1
ct,1400,none,3500,OBSERVED,66,119.1,0,none,3300,3350,3450,,4900,1550,,MP9:57%;FAMAS:21%;none:7%,0.978,0.933,0.117,0.9,0.55,0.077,0.584,0.601,1.205,0.525,MP9|USP-S|a1h1k0|sm1fl0HE1fr1;FAMAS|USP-S|a1h1k0|sm1fl1HE0fr0;MP9|USP-S|a1h1k0|sm1fl1HE1fr1
ct,1400,none,3550,OBSERVED,19,129.0,0,none,3350,3450,3550,,4950,1500,,MP9:53%;FAMAS:19%;M4A1-S:10%,0.987,0.902,0.097,0.888,0.558,0.049,0.588,0.593,1.255,0.527,MP9|USP-S|a1h1k0|sm1fl1HE1fr1;MP9|USP-S|a1h1k0|sm1fl0HE1fr1;FAMAS|USP-S|a1h1k0|sm1fl1HE0fr0
ct,1400,none,3600,OBSERVED,31,153.0,0,none,3450,3550,3550,,5000,1450,,MP9:38%;M4A1-S:21%;M4A4:16%,1.0,0.901,0.097,0.907,0.449,0.044,0.583,0.44,1.33,0.482,MP9|USP-S|a1h1k0|sm1fl1HE1fr1;MP9|USP-S|a1h1k0|sm1fl0HE1fr1;M4A4|USP-S|a1h1k0|sm1fl0HE0fr0
ct,1400,none,3650,OBSERVED,183,186.2,0,none,3500,3550,3550,,5050,1500,,M4A1-S:28%;MP9:26%;M4A4:25%,1.0,0.912,0.067,0.88,0.346,0.039,0.451,0.292,1.266,0.501,MP9|USP-S|a1h1k0|sm1fl1HE1fr1;M4A4|USP-S|a1h1k0|sm1fl0HE0fr0;M4A1-S|USP-S|a1h1k0|sm1fl0HE0fr0
ct,1400,none,3700,OBSERVED,6,189.6,0,none,3500,3550,3550,,5100,1550,,MP9:32%;M4A1-S:23%;M4A4:21%,0.996,0.893,0.099,0.884,0.418,0.054,0.508,0.347,1.407,0.47,MP9|USP-S|a1h1k0|sm1fl1HE1fr1;M4A4|USP-S|a1h1k0|sm1fl0HE0fr0;M4A1-S|USP-S|a1h1k0|sm1fl0HE0fr0
ct,1400,none,3750,OBSERVED,36,121.1,0,none,3550,3650,3750,,5150,1500,,MP9:53%;FAMAS:20%;M4A1-S:13%,0.987,0.843,0.132,0.898,0.696,0.06,0.673,0.604,1.144,0.515,MP9|USP-S|a1h1k0|sm1fl1HE1fr1;FAMAS|USP-S|a1h1k0|sm1fl1HE1fr0;M4A1-S|USP-S|a1h0k0|sm0fl1HE0fr0
ct,1400,none,3800,OBSERVED,67,101.9,0,none,3550,3700,3750,,5200,1500,,MP9:51%;FAMAS:22%;M4A1-S:15%,0.995,0.841,0.111,0.857,0.717,0.051,0.654,0.63,1.24,0.54,MP9|USP-S|a1h1k0|sm1fl1HE1fr1;FAMAS|USP-S|a1h1k0|sm1fl1HE1fr0;M4A1-S|USP-S|a1h0k0|sm0fl1HE0fr0
ct,1400,none,3850,OBSERVED,36,132.6,0,none,3550,3700,3750,,5250,1550,,MP9:41%;FAMAS:20%;M4A1-S:19%,1.0,0.748,0.1,0.901,0.615,0.085,0.567,0.59,1.429,0.497,MP9|USP-S|a1h1k0|sm1fl1HE1fr1;MP9|USP-S|a1h1k0|sm0fl0HE0fr0;FAMAS|USP-S|a1h1k0|sm1fl0HE0fr1
ct,1400,none,3900,OBSERVED,100,118.4,0,none,3550,3750,3900,,5300,1550,,MP9:28%;FAMAS:24%;M4A1-S:20%,1.0,0.935,0.078,0.737,0.508,0.077,0.481,0.487,1.304,0.585,MP9|USP-S|a1h1k0|sm1fl1HE1fr1;M4A1-S|USP-S|a1h1k0|sm0fl0HE0fr0;FAMAS|USP-S|a1h1k0|sm1fl0HE0fr1
ct,1400,none,3950,OBSERVED,169,178.6,0,none,3850,3900,3900,,5350,1450,,M4A1-S:33%;M4A4:28%;MP9:19%,0.994,0.951,0.066,0.711,0.44,0.065,0.457,0.342,0.967,0.494,M4A1-S|USP-S|a1h1k0|sm0fl0HE0fr0;FAMAS|USP-S|a1h1k0|sm1fl1HE0fr1;M4A4|USP-S|a1h1k0|sm1fl0HE1fr0
ct,1400,none,4000,OBSERVED,10,171.0,0,none,3850,3900,3900,,5400,1500,,M4A1-S:29%;M4A4:28%;MP9:21%,0.996,0.868,0.102,0.737,0.461,0.051,0.481,0.368,0.971,0.476,M4A1-S|USP-S|a1h1k0|sm0fl0HE0fr0;MP9|USP-S|a1h1k1|sm1fl1HE1fr1;MP9|USP-S|a1h1k0|sm1fl1HE1fr1
ct,1400,none,4050,OBSERVED,40,114.4,0,none,3850,3900,4050,,5450,1550,,M4A1-S:25%;FAMAS:25%;MP9:21%,0.999,0.781,0.136,0.815,0.513,0.061,0.533,0.534,0.892,0.451,FAMAS|USP-S|a1h1k0|sm1fl0HE1fr1;MP9|USP-S|a1h1k1|sm1fl1HE1fr1;M4A1-S|USP-S|a1h1k0|sm0fl0HE0fr0
ct,1400,none,4100,OBSERVED,55,119.2,0,none,3900,4050,4050,,5500,1450,,M4A1-S:27%;FAMAS:23%;MP9:19%,1.0,0.81,0.184,0.82,0.657,0.07,0.542,0.577,0.806,0.491,FAMAS|USP-S|a1h1k0|sm1fl0HE1fr1;MP9|USP-S|a1h1k1|sm1fl1HE1fr1;MP9|USP-S|a1h1k0|sm1fl1HE1fr1
ct,1400,none,4150,OBSERVED,28,116.6,0,none,3950,4050,4100,,5550,1500,,M4A1-S:26%;M4A4:22%;MP9:20%,1.0,0.812,0.21,0.855,0.651,0.081,0.628,0.607,0.607,0.46,FAMAS|USP-S|a1h1k0|sm1fl0HE1fr1;MP9|USP-S|a1h1k1|sm1fl1HE1fr1;MP9|USP-S|a1h1k0|sm1fl1HE1fr1
ct,1400,none,4200,OBSERVED,95,106.7,0,none,4050,4200,4200,,5600,1400,,M4A1-S:40%;M4A4:38%;MP9:14%,1.0,0.926,0.095,0.954,0.425,0.111,0.329,0.347,0.452,0.562,M4A1-S|USP-S|a1h1k0|sm1fl0HE0fr0;M4A4|USP-S|a1h1k0|sm1fl0HE0fr0;MP9|USP-S|a1h1k1|sm1fl1HE1fr1
ct,1400,none,4250,OBSERVED,104,112.7,0,none,4200,4200,4250,,5650,1450,,M4A4:50%;M4A1-S:38%;MP9:8%,1.0,0.969,0.031,0.925,0.414,0.06,0.3,0.374,0.336,0.552,M4A4|USP-S|a1h1k0|sm1fl0HE0fr0;M4A1-S|USP-S|a1h1k0|sm1fl0HE0fr0;M4A4|USP-S|a1h1k0|sm1fl1HE0fr1
ct,1400,none,4300,OBSERVED,4,120.0,0,none,4150,4200,4200,,5700,1500,,M4A4:43%;M4A1-S:40%;MP9:10%,1.0,0.905,0.035,0.932,0.456,0.048,0.368,0.354,0.473,0.544,M4A4|USP-S|a1h1k0|sm1fl0HE0fr0;M4A1-S|USP-S|a1h1k0|sm1fl0HE0fr0;M4A1-S|USP-S|a1h0k0|sm1fl0HE1fr0
ct,1400,none,4350,OBSERVED,34,144.0,0,none,4150,4200,4250,,5750,1550,,M4A4:38%;M4A1-S:33%;MP9:13%,1.0,0.831,0.07,0.947,0.535,0.047,0.429,0.472,0.503,0.469,M4A4|USP-S|a1h1k0|sm1fl0HE0fr0;M4A1-S|USP-S|a1h1k0|sm1fl0HE0fr0;MP9|USP-S|a1h1k0|sm1fl1HE1fr1
ct,1400,none,4400,OBSERVED,22,120.5,0,none,4200,4250,4350,,5800,1550,,M4A4:36%;M4A1-S:33%;MP9:14%,1.0,0.836,0.093,0.934,0.68,0.077,0.455,0.544,0.519,0.449,M4A1-S|USP-S|a1h1k0|sm1fl1HE0fr0;MP9|USP-S|a1h1k0|sm1fl1HE1fr1;M4A4|USP-S|a1h1k0|sm1fl0HE0fr0
ct,1400,none,4450,OBSERVED,14,117.0,0,none,4200,4350,4400,,5850,1500,,M4A4:38%;M4A1-S:33%;MP9:13%,1.0,0.864,0.109,0.939,0.681,0.073,0.514,0.565,0.407,0.421,M4A1-S|USP-S|a1h1k0|sm1fl1HE0fr0;M4A4|USP-S|a1h1k0|sm1fl1HE0fr0;MP9|USP-S|a1h1k0|sm1fl1HE1fr1
ct,1400,none,4500,OBSERVED,55,103.0,0,none,4350,4400,4500,,5900,1500,,M4A4:45%;M4A1-S:42%;MP9:6%,1.0,0.942,0.075,0.969,0.446,0.048,0.736,0.405,0.21,0.553,M4A4|USP-S|a1h1k0|sm1fl0HE1fr0;M4A1-S|USP-S|a1h1k0|sm1fl0HE1fr0;M4A1-S|USP-S|a1h1k0|sm1fl0HE1fr1
ct,1400,none,4550,OBSERVED,45,108.9,0,none,4350,4500,4500,,5950,1450,,M4A1-S:45%;M4A4:45%;MP9:4%,1.0,0.923,0.064,0.954,0.45,0.084,0.731,0.353,0.204,0.569,M4A1-S|USP-S|a1h1k0|sm1fl0HE1fr0;M4A4|USP-S|a1h1k0|sm1fl0HE1fr0;M4A4|USP-S|a1h1k0|sm1fl1HE0fr0
ct,1400,none,4600,OBSERVED,7,110.0,0,none,4350,4500,4500,,6000,1500,,M4A1-S:46%;M4A4:45%;MP9:4%,1.0,0.911,0.069,0.936,0.491,0.138,0.686,0.346,0.179,0.531,M4A1-S|USP-S|a1h1k0|sm1fl0HE1fr0;M4A4|USP-S|a1h1k0|sm1fl0HE1fr0;M4A4|USP-S|a1h1k0|sm1fl1HE0fr0
ct,1400,none,4650,OBSERVED,9,108.8,0,none,4350,4500,4550,,6050,1550,,M4A1-S:44%;M4A4:44%;MP9:6%,1.0,0.805,0.1,0.929,0.532,0.158,0.7,0.436,0.153,0.446,M4A1-S|USP-S|a1h1k0|sm1fl0HE1fr0;M4A4|USP-S|a1h1k0|sm1fl0HE1fr0;M4A4|USP-S|a1h0k0|sm1fl0HE1fr1
ct,1400,none,4700,OBSERVED,19,106.4,0,none,4500,4650,4700,,6100,1450,,M4A1-S:48%;M4A4:41%;MP9:5%,1.0,0.822,0.094,0.951,0.519,0.105,0.646,0.646,0.163,0.463,M4A4|USP-S|a1h1k0|sm1fl0HE0fr1;M4A1-S|USP-S|a1h1k0|sm1fl1HE1fr1;M4A1-S|USP-S|a1h1k0|sm1fl0HE1fr1
ct,1400,none,4750,OBSERVED,17,109.9,0,none,4500,4700,4700,,6150,1450,,M4A1-S:49%;M4A4:40%;MP9:5%,1.0,0.828,0.11,0.962,0.562,0.089,0.633,0.732,0.169,0.448,M4A4|USP-S|a1h1k0|sm1fl0HE0fr1;M4A1-S|USP-S|a1h1k0|sm1fl1HE1fr1;M4A1-S|USP-S|a1h1k0|sm1fl1HE1fr0
ct,1400,none,4800,OBSERVED,28,105.2,0,none,4500,4700,4700,,6200,1500,,M4A1-S:49%;M4A4:40%;MP9:5%,1.0,0.838,0.108,0.966,0.577,0.085,0.622,0.749,0.163,0.457,M4A1-S|USP-S|a1h1k0|sm1fl1HE1fr1;M4A4|USP-S|a1h1k0|sm1fl0HE0fr1;M4A1-S|USP-S|a1h1k0|sm1fl1HE1fr0
ct,1400,none,4850,OBSERVED,14,104.9,0,none,4650,4700,4700,,6250,1550,,M4A1-S:53%;M4A4:38%;MP9:4%,1.0,0.725,0.091,0.973,0.643,0.071,0.66,0.804,0.136,0.506,M4A1-S|USP-S|a1h0k0|sm1fl1HE1fr1;M4A1-S|USP-S|a1h1k0|sm1fl1HE1fr1;M4A4|USP-S|a1h1k0|sm1fl0HE0fr1
ct,1400,none,4900,OBSERVED,13,103.1,0,none,4700,4700,4900,,6300,1600,,M4A1-S:51%;M4A4:42%;MP9:2%,1.0,0.756,0.078,0.985,0.756,0.092,0.583,0.862,0.087,0.59,M4A1-S|USP-S|a1h0k0|sm1fl1HE1fr1;M4A4|USP-S|a1h1k0|sm1fl1HE0fr1;M4A1-S|USP-S|a1h1k0|sm1fl1HE0fr1
ct,1400,none,4950,OBSERVED,13,111.8,0,none,4700,4850,4900,,6350,1500,,M4A1-S:50%;M4A4:44%;AK-47:2%,1.0,0.752,0.104,0.989,0.787,0.094,0.592,0.874,0.06,0.588,M4A1-S|USP-S|a1h0k0|sm1fl1HE1fr1;M4A4|USP-S|a1h1k0|sm1fl1HE0fr1;M4A1-S|USP-S|a1h1k0|sm1fl1HE0fr1
ct,1400,none,5000,OBSERVED,13,108.3,0,none,4850,4900,5000,,6400,1500,,M4A4:49%;M4A1-S:47%;AK-47:1%,1.0,0.831,0.079,0.973,0.721,0.067,0.731,0.931,0.038,0.712,M4A4|USP-S|a1h1k0|sm1fl1HE1fr1;M4A1-S|USP-S|a1h1k0|sm1fl1HE1fr1;M4A4|USP-S|a1h1k0|sm1fl0HE1fr1
ct,1400,none,5050,OBSERVED,12,106.4,0,none,4850,4900,5000,,6450,1550,,M4A4:49%;M4A1-S:43%;AWP:4%,0.991,0.807,0.076,0.973,0.687,0.069,0.759,0.918,0.045,0.693,M4A4|USP-S|a1h1k0|sm1fl1HE1fr1;M4A4|USP-S|a1h1k0|sm1fl0HE1fr1;M4A1-S|USP-S|a1h1k0|sm1fl1HE1fr1
ct,1400,none,5100,OBSERVED,21,108.4,0,none,4850,4950,5000,,6500,1550,,M4A4:50%;M4A1-S:40%;AWP:5%,0.988,0.804,0.074,0.969,0.68,0.069,0.779,0.905,0.067,0.683,M4A4|USP-S|a1h1k0|sm1fl1HE1fr1;M4A4|USP-S|a1h1k0|sm1fl0HE1fr1;M4A1-S|USP-S|a1h1k0|sm1fl1HE1fr1
ct,1400,none,5150,OBSERVED,15,103.5,0,none,4850,4950,5000,,6550,1600,,M4A4:49%;M4A1-S:39%;AWP:6%,0.987,0.796,0.097,0.968,0.692,0.07,0.773,0.892,0.094,0.657,M4A4|USP-S|a1h1k0|sm1fl1HE1fr1;M4A4|USP-S|a1h1k0|sm1fl0HE1fr1;M4A1-S|USP-S|a1h1k0|sm1fl1HE1fr1
ct,1400,none,5200,OBSERVED,12,108.4,0,none,5000,5050,5200,,6600,1550,,M4A4:52%;M4A1-S:37%;AWP:5%,0.988,0.874,0.056,0.969,0.815,0.037,0.888,0.921,0.1,0.792,M4A4|USP-S|a1h1k0|sm1fl1HE1fr1;M4A1-S|USP-S|a1h1k0|sm1fl1HE1fr1;M4A4|USP-S|a1h1k0|sm1fl0HE1fr1
ct,1400,none,5250,OBSERVED,22,107.4,0,none,5000,5200,5200,,6650,1450,,M4A4:52%;M4A1-S:37%;AWP:6%,0.97,0.823,0.091,0.972,0.889,0.032,0.882,0.9,0.094,0.79,M4A4|USP-S|a1h1k0|sm1fl1HE1fr1;M4A1-S|USP-S|a1h1k0|sm1fl1HE1fr1;M4A4|USP-S|a1h1k0|sm1fl0HE1fr1
ct,1400,none,5300,OBSERVED,19,106.9,0,none,5100,5200,5200,,6700,1500,,M4A4:54%;M4A1-S:36%;AWP:5%,0.971,0.832,0.102,0.977,0.928,0.027,0.881,0.896,0.074,0.807,M4A4|USP-S|a1h1k0|sm1fl1HE1fr1;M4A1-S|USP-S|a1h1k0|sm1fl1HE1fr1;M4A4|USP-S|a1h1k0|sm1fl0HE1fr1
ct,1400,none,5350,OBSERVED,18,108.5,0,none,5200,5200,5200,,6750,1550,,M4A4:54%;M4A1-S:36%;AWP:4%,0.976,0.849,0.102,0.984,0.934,0.024,0.895,0.907,0.081,0.812,M4A4|USP-S|a1h1k0|sm1fl1HE1fr1;M4A1-S|USP-S|a1h1k0|sm1fl1HE1fr1;M4A4|USP-S|a1h0k0|sm1fl1HE1fr1
ct,1400,none,5400,OBSERVED,12,107.2,0,none,5200,5200,5200,,6800,1600,,M4A4:52%;M4A1-S:37%;AWP:4%,0.985,0.87,0.136,0.966,0.905,0.041,0.904,0.918,0.118,0.771,M4A4|USP-S|a1h1k0|sm1fl1HE1fr1;M4A1-S|USP-S|a1h1k0|sm1fl1HE1fr1;M4A1-S|USP-S|a1h1k1|sm1fl0HE1fr1
ct,1400,none,5450,OBSERVED,20,103.2,0,none,5200,5200,5200,,6850,1650,,M4A4:50%;M4A1-S:38%;AWP:3%,0.991,0.87,0.155,0.955,0.889,0.058,0.896,0.929,0.163,0.772,M4A4|USP-S|a1h1k0|sm1fl1HE1fr1;M4A1-S|USP-S|a1h1k0|sm1fl1HE1fr1;M4A1-S|USP-S|a1h1k1|sm1fl0HE1fr1
ct,1400,none,5500,OBSERVED,14,102.1,0,none,5200,5200,5200,,6900,1700,,M4A4:52%;M4A1-S:37%;AWP:3%,0.995,0.863,0.16,0.948,0.89,0.066,0.896,0.939,0.184,0.781,M4A4|USP-S|a1h1k0|sm1fl1HE1fr1;M4A1-S|USP-S|a1h1k0|sm1fl1HE1fr1;M4A4|USP-S|a1h0k0|sm1fl1HE1fr1
ct,1400,none,5550,OBSERVED,15,103.6,0,none,5200,5200,5200,,6950,1750,,M4A4:55%;M4A1-S:36%;AWP:3%,0.998,0.852,0.16,0.944,0.899,0.071,0.901,0.949,0.163,0.801,M4A4|USP-S|a1h1k0|sm1fl1HE1fr1;M4A1-S|USP-S|a1h1k0|sm1fl1HE1fr1;M4A4|USP-S|a1h0k0|sm1fl1HE1fr1
ct,1400,none,5600,OBSERVED,14,104.1,0,none,5200,5200,5600,,7000,1800,,M4A4:58%;M4A1-S:35%;AK-47:3%,1.0,0.876,0.369,0.955,0.942,0.054,0.934,0.972,0.112,0.853,M4A4|USP-S|a1h1k0|sm1fl1HE1fr1;M4A1-S|USP-S|a1h1k0|sm1fl1HE1fr1;M4A4|USP-S|a1h1k1|sm1fl1HE1fr1
ct,1400,none,5650,OBSERVED,20,104.4,0,none,5200,5200,5600,,7050,1850,,M4A4:60%;M4A1-S:35%;AK-47:3%,1.0,0.88,0.423,0.966,0.967,0.042,0.958,0.979,0.06,0.88,M4A4|USP-S|a1h1k0|sm1fl1HE1fr1;M4A1-S|USP-S|a1h1k1|sm1fl1HE1fr1;M4A4|USP-S|a1h1k1|sm1fl1HE1fr1
ct,1400,none,5700,OBSERVED,15,104.2,0,none,5200,5200,5600,,7100,1900,,M4A4:58%;M4A1-S:36%;AK-47:4%,1.0,0.861,0.447,0.978,0.979,0.032,0.964,0.964,0.021,0.882,M4A4|USP-S|a1h1k0|sm1fl1HE1fr1;M4A1-S|USP-S|a1h1k1|sm1fl1HE1fr1;M4A4|USP-S|a1h1k1|sm1fl1HE1fr1
ct,1400,none,5750,OBSERVED,18,102.0,0,none,5200,5200,5600,,7150,1950,,M4A4:57%;M4A1-S:37%;AK-47:4%,1.0,0.866,0.464,0.982,0.981,0.027,0.97,0.959,0.011,0.885,M4A4|USP-S|a1h1k0|sm1fl1HE1fr1;M4A1-S|USP-S|a1h1k1|sm1fl1HE1fr1;M4A4|USP-S|a1h1k1|sm1fl1HE1fr1
ct,1400,none,5800,OBSERVED,23,104.1,0,none,5200,5400,5600,,7200,1800,,M4A4:57%;M4A1-S:37%;AK-47:4%,1.0,0.878,0.515,0.987,0.983,0.033,0.965,0.959,-0.0,0.884,M4A4|USP-S|a1h1k0|sm1fl1HE1fr1;M4A1-S|USP-S|a1h1k1|sm1fl1HE1fr1;M4A4|USP-S|a1h1k1|sm1fl1HE1fr1
ct,1400,none,5850,OBSERVED,4,112.6,0,none,5200,5450,5600,,7250,1800,,M4A4:57%;M4A1-S:36%;AK-47:3%,1.0,0.876,0.529,0.983,0.982,0.036,0.959,0.965,-0.0,0.857,M4A4|USP-S|a1h1k0|sm1fl1HE1fr1;M4A1-S|USP-S|a1h1k1|sm1fl1HE1fr1;M4A4|USP-S|a1h1k1|sm1fl1HE1fr1
ct,1400,none,5900,OBSERVED,15,100.8,0,none,5200,5600,5600,,7300,1700,,M4A4:56%;M4A1-S:35%;AWP:4%,1.0,0.86,0.544,0.979,0.978,0.038,0.943,0.975,-0.0,0.807,M4A4|USP-S|a1h1k0|sm1fl1HE1fr1;M4A1-S|USP-S|a1h1k1|sm1fl1HE1fr1;M4A4|USP-S|a1h1k1|sm1fl1HE1fr1
ct,1400,none,5950,OBSERVED,23,101.7,0,none,5200,5600,5600,,7350,1750,,M4A4:56%;M4A1-S:36%;AWP:4%,1.0,0.858,0.555,0.978,0.971,0.041,0.94,0.984,-0.0,0.793,M4A1-S|USP-S|a1h1k1|sm1fl1HE1fr1;M4A4|USP-S|a1h1k1|sm1fl1HE1fr1;M4A4|USP-S|a1h1k0|sm1fl1HE1fr1
ct,1400,none,6000,OBSERVED,22,109.6,0,none,5200,5600,5600,,7400,1800,,M4A4:54%;M4A1-S:37%;AWP:4%,1.0,0.855,0.556,0.979,0.964,0.044,0.94,0.991,-0.0,0.784,M4A1-S|USP-S|a1h1k1|sm1fl1HE1fr1;M4A4|USP-S|a1h1k1|sm1fl1HE1fr1;M4A4|USP-S|a1h1k0|sm1fl1HE1fr1
ct,1400,AK-47,3500,OBSERVED,2,30.5,0,exact,500,600,800,,4900,4300,,AK-47:94%;MP9:3%;M4A1-S:3%,1.0,0.983,0.742,1.0,1.0,0.001,0.999,0.998,0.189,0.95,AK-47|USP-S|a1h1k1|sm1fl1HE1fr1;AK-47|Desert Eagle|a1h1k1|sm1fl1HE1fr1;AK-47|Five-SeveN|a1h1k1|sm1fl1HE1fr1
ct,1400,AK-47,3550,INTERPOLATED,0,32.1,50,exact,500,600,1000,,4950,4350,,AK-47:94%;MP9:3%;M4A1-S:3%,1.0,0.982,0.746,1.0,1.0,0.001,0.999,0.997,0.194,0.946,AK-47|USP-S|a1h1k1|sm1fl1HE1fr1;AK-47|Desert Eagle|a1h1k1|sm1fl1HE1fr1;AK-47|Five-SeveN|a1h1k1|sm1fl1HE1fr1
ct,1400,AK-47,3600,INTERPOLATED,0,33.7,50,exact,500,600,1000,,5000,4400,,AK-47:94%;MP9:3%;M4A1-S:3%,1.0,0.98,0.749,1.0,1.0,0.001,0.999,0.997,0.199,0.942,AK-47|USP-S|a1h1k1|sm1fl1HE1fr1;AK-47|Desert Eagle|a1h1k1|sm1fl1HE1fr1;AK-47|Five-SeveN|a1h1k1|sm1fl1HE1fr1
ct,1400,AK-47,3650,OBSERVED,2,35.2,0,exact,500,700,1000,,5050,4350,,AK-47:94%;M4A1-S:3%;MP9:3%,1.0,0.979,0.752,1.0,1.0,0.002,0.998,0.996,0.204,0.937,AK-47|USP-S|a1h1k1|sm1fl1HE1fr1;AK-47|Desert Eagle|a1h1k1|sm1fl1HE1fr1;AK-47|USP-S|a1h1k0|sm1fl1HE1fr1
ct,1400,AK-47,3700,INTERPOLATED,0,36.7,50,exact,500,700,1000,,5100,4400,,AK-47:93%;M4A1-S:3%;MP9:3%,1.0,0.978,0.755,1.0,1.0,0.002,0.998,0.996,0.204,0.932,AK-47|USP-S|a1h1k1|sm1fl1HE1fr1;AK-47|Desert Eagle|a1h1k1|sm1fl1HE1fr1;AK-47|USP-S|a1h1k0|sm1fl1HE1fr1
ct,1400,AK-47,3750,INTERPOLATED,0,38.1,50,exact,500,700,1000,,5150,4450,,AK-47:93%;M4A1-S:4%;MP9:3%,1.0,0.976,0.758,1.0,1.0,0.003,0.997,0.995,0.209,0.927,AK-47|USP-S|a1h1k1|sm1fl1HE1fr1;AK-47|Desert Eagle|a1h1k1|sm1fl1HE1fr1;AK-47|USP-S|a1h1k0|sm1fl1HE1fr1
ct,1400,AK-47,3800,OBSERVED,1,39.5,0,exact,500,700,1100,,5200,4500,,AK-47:93%;M4A1-S:4%;MP9:3%,1.0,0.975,0.761,1.0,1.0,0.003,0.997,0.994,0.214,0.921,AK-47|USP-S|a1h1k1|sm1fl1HE1fr1;AK-47|Desert Eagle|a1h1k1|sm1fl1HE1fr1;AK-47|USP-S|a1h1k0|sm1fl1HE1fr1
ct,1400,AK-47,3850,OBSERVED,3,40.8,0,exact,500,700,1100,,5250,4550,,AK-47:93%;M4A1-S:4%;MP9:3%,1.0,0.973,0.763,1.0,1.0,0.004,0.996,0.994,0.214,0.916,AK-47|USP-S|a1h1k1|sm1fl1HE1fr1;AK-47|Desert Eagle|a1h1k1|sm1fl1HE1fr1;AK-47|USP-S|a1h1k0|sm1fl1HE1fr1
ct,1400,AK-47,3900,INTERPOLATED,0,42.0,50,exact,500,800,1100,,5300,4500,,AK-47:92%;M4A1-S:4%;MP9:4%,1.0,0.972,0.765,1.0,1.0,0.004,0.996,0.993,0.219,0.91,AK-47|USP-S|a1h1k1|sm1fl1HE1fr1;AK-47|Desert Eagle|a1h1k1|sm1fl1HE1fr1;AK-47|USP-S|a1h1k0|sm1fl1HE1fr1
ct,1400,AK-47,3950,OBSERVED,1,43.3,0,exact,500,800,1100,,5350,4550,,AK-47:92%;M4A1-S:4%;MP9:4%,1.0,0.971,0.767,1.0,1.0,0.005,0.995,0.992,0.224,0.904,AK-47|USP-S|a1h1k1|sm1fl1HE1fr1;AK-47|Desert Eagle|a1h1k1|sm1fl1HE1fr1;AK-47|USP-S|a1h1k0|sm1fl1HE1fr1
ct,1400,AK-47,4000,OBSERVED,2,44.5,0,exact,500,800,1100,,5400,4600,,AK-47:92%;M4A1-S:4%;MP9:4%,1.0,0.969,0.769,1.0,1.0,0.006,0.994,0.991,0.224,0.899,AK-47|USP-S|a1h1k1|sm1fl1HE1fr1;AK-47|Desert Eagle|a1h1k1|sm1fl1HE1fr1;AK-47|USP-S|a1h1k0|sm1fl1HE1fr1
ct,1400,AK-47,4050,OBSERVED,1,45.7,0,exact,500,800,1100,,5450,4650,,AK-47:92%;M4A1-S:5%;MP9:4%,1.0,0.968,0.77,1.0,1.0,0.007,0.993,0.99,0.228,0.895,AK-47|USP-S|a1h1k1|sm1fl1HE1fr1;AK-47|Desert Eagle|a1h1k1|sm1fl1HE1fr1;AK-47|USP-S|a1h1k0|sm1fl1HE1fr1
ct,1400,AK-47,4100,OBSERVED,5,46.9,0,exact,500,800,1100,,5500,4700,,AK-47:92%;M4A1-S:5%;MP9:4%,1.0,0.966,0.772,1.0,1.0,0.008,0.992,0.989,0.228,0.891,AK-47|USP-S|a1h1k1|sm1fl1HE1fr1;AK-47|Desert Eagle|a1h1k1|sm1fl1HE1fr1;AK-47|USP-S|a1h1k0|sm1fl1HE1fr1
ct,1400,AK-47,4150,OBSERVED,4,48.0,0,exact,500,800,1100,,5550,4750,,AK-47:91%;M4A1-S:5%;MP9:4%,1.0,0.965,0.774,1.0,1.0,0.01,0.99,0.988,0.233,0.887,AK-47|USP-S|a1h1k1|sm1fl1HE1fr1;AK-47|Desert Eagle|a1h1k1|sm1fl1HE1fr1;AK-47|Tec-9|a1h1k1|sm1fl1HE1fr1
ct,1400,AK-47,4200,OBSERVED,2,49.2,0,exact,500,800,1100,,5600,4800,,AK-47:91%;M4A1-S:5%;MP9:4%,1.0,0.964,0.775,1.0,1.0,0.011,0.989,0.986,0.233,0.884,AK-47|USP-S|a1h1k1|sm1fl1HE1fr1;AK-47|Desert Eagle|a1h1k1|sm1fl1HE1fr1;AK-47|Tec-9|a1h1k1|sm1fl1HE1fr1
ct,1400,AK-47,4250,OBSERVED,2,50.4,0,exact,500,800,1100,,5650,4850,,AK-47:91%;M4A1-S:5%;MP9:4%,1.0,0.962,0.777,1.0,1.0,0.013,0.987,0.985,0.233,0.88,AK-47|USP-S|a1h1k1|sm1fl1HE1fr1;AK-47|Desert Eagle|a1h1k1|sm1fl1HE1fr1;AK-47|Tec-9|a1h1k1|sm1fl1HE1fr1
ct,1400,AK-47,4300,OBSERVED,6,51.6,0,exact,500,800,1100,,5700,4900,,AK-47:91%;M4A1-S:5%;MP9:4%,1.0,0.961,0.779,1.0,1.0,0.015,0.985,0.984,0.233,0.877,AK-47|USP-S|a1h1k1|sm1fl1HE1fr1;AK-47|Desert Eagle|a1h1k1|sm1fl1HE1fr1;AK-47|Tec-9|a1h1k1|sm1fl1HE1fr1
ct,1400,AK-47,4350,OBSERVED,1,52.7,0,exact,500,800,1100,,5750,4950,,AK-47:91%;M4A1-S:5%;MP9:4%,1.0,0.96,0.781,1.0,1.0,0.017,0.983,0.983,0.238,0.874,AK-47|USP-S|a1h1k1|sm1fl1HE1fr1;AK-47|Desert Eagle|a1h1k1|sm1fl1HE1fr1;AK-47|Tec-9|a1h1k1|sm1fl1HE1fr1
ct,1400,AK-47,4400,OBSERVED,2,53.7,0,exact,500,800,1100,,5800,5000,,AK-47:91%;M4A1-S:5%;MP9:4%,1.0,0.959,0.783,1.0,1.0,0.02,0.98,0.981,0.238,0.871,AK-47|USP-S|a1h1k1|sm1fl1HE1fr1;AK-47|Desert Eagle|a1h1k1|sm1fl1HE1fr1;AK-47|Tec-9|a1h1k1|sm1fl1HE1fr1
ct,1400,AK-47,4450,OBSERVED,1,54.6,0,exact,500,800,1100,,5850,5050,,AK-47:91%;M4A1-S:5%;MP9:4%,1.0,0.958,0.786,1.0,1.0,0.022,0.977,0.98,0.238,0.868,AK-47|USP-S|a1h1k1|sm1fl1HE1fr1;AK-47|Desert Eagle|a1h1k1|sm1fl1HE1fr1;AK-47|Tec-9|a1h1k1|sm1fl1HE1fr1
ct,1400,AK-47,4500,OBSERVED,1,55.4,0,exact,500,800,1100,,5900,5100,,AK-47:91%;M4A1-S:5%;MP9:4%,1.0,0.958,0.789,1.0,1.0,0.025,0.975,0.979,0.238,0.871,AK-47|USP-S|a1h1k1|sm1fl1HE1fr1;AK-47|Desert Eagle|a1h1k1|sm1fl1HE1fr1;AK-47|Tec-9|a1h1k1|sm1fl1HE1fr1
ct,1400,AK-47,4550,OBSERVED,1,55.9,0,exact,500,800,1100,,5950,5150,,AK-47:91%;M4A1-S:5%;MP9:4%,1.0,0.957,0.792,1.0,1.0,0.028,0.972,0.978,0.233,0.875,AK-47|USP-S|a1h1k1|sm1fl1HE1fr1;AK-47|Desert Eagle|a1h1k1|sm1fl1HE1fr1;AK-47|Tec-9|a1h1k1|sm1fl1HE1fr1
ct,1400,AK-47,4600,OBSERVED,1,56.3,0,exact,500,800,1100,,6000,5200,,AK-47:91%;M4A1-S:5%;MP9:4%,1.0,0.957,0.796,1.0,1.0,0.031,0.968,0.977,0.233,0.882,AK-47|USP-S|a1h1k1|sm1fl1HE1fr1;AK-47|Desert Eagle|a1h1k1|sm1fl1HE1fr1;AK-47|Tec-9|a1h1k1|sm1fl1HE1fr1
ct,1400,AK-47,4650,INTERPOLATED,0,56.4,50,exact,500,800,1100,,6050,5250,,AK-47:91%;M4A1-S:5%;MP9:4%,1.0,0.957,0.8,1.0,1.0,0.034,0.965,0.976,0.233,0.889,AK-47|USP-S|a1h1k1|sm1fl1HE1fr1;AK-47|Desert Eagle|a1h1k1|sm1fl1HE1fr1;AK-47|Tec-9|a1h1k1|sm1fl1HE1fr1
ct,1400,AK-47,4700,OBSERVED,1,56.3,0,exact,500,800,1100,,6100,5300,,AK-47:91%;M4A1-S:5%;MP9:4%,1.0,0.957,0.804,1.0,1.0,0.037,0.962,0.975,0.228,0.896,AK-47|USP-S|a1h1k1|sm1fl1HE1fr1;AK-47|Desert Eagle|a1h1k1|sm1fl1HE1fr1;AK-47|Tec-9|a1h1k1|sm1fl1HE1fr1
ct,1400,AK-47,4750,OBSERVED,2,55.9,0,exact,500,800,1100,,6150,5350,,AK-47:91%;M4A1-S:5%;MP9:4%,1.0,0.958,0.809,1.0,1.0,0.04,0.958,0.975,0.224,0.901,AK-47|USP-S|a1h1k1|sm1fl1HE1fr1;AK-47|Desert Eagle|a1h1k1|sm1fl1HE1fr1;AK-47|Tec-9|a1h1k1|sm1fl1HE1fr1
ct,1400,AK-47,4800,OBSERVED,2,55.4,0,exact,500,800,1100,,6200,5400,,AK-47:91%;M4A1-S:5%;MP9:4%,1.0,0.958,0.813,1.0,1.0,0.043,0.955,0.975,0.219,0.908,AK-47|USP-S|a1h1k1|sm1fl1HE1fr1;AK-47|Desert Eagle|a1h1k1|sm1fl1HE1fr1;AK-47|Tec-9|a1h1k1|sm1fl1HE1fr1
ct,1400,AK-47,4850,OBSERVED,2,54.8,0,exact,500,800,1100,,6250,5450,,AK-47:91%;M4A1-S:5%;MP9:3%,1.0,0.959,0.818,1.0,1.0,0.046,0.952,0.975,0.214,0.916,AK-47|USP-S|a1h1k1|sm1fl1HE1fr1;AK-47|Desert Eagle|a1h1k1|sm1fl1HE1fr1;AK-47|Tec-9|a1h1k1|sm1fl1HE1fr1
ct,1400,AK-47,4900,OBSERVED,1,54.2,0,exact,500,800,1000,,6300,5500,,AK-47:92%;M4A1-S:5%;MP9:3%,1.0,0.96,0.822,1.0,1.0,0.048,0.949,0.975,0.209,0.922,AK-47|USP-S|a1h1k1|sm1fl1HE1fr1;AK-47|Desert Eagle|a1h1k1|sm1fl1HE1fr1;AK-47|Tec-9|a1h1k1|sm1fl1HE1fr1
ct,1400,AK-47,4950,OBSERVED,3,53.6,0,exact,500,800,1000,,6350,5550,,AK-47:92%;M4A1-S:5%;MP9:3%,1.0,0.961,0.826,1.0,1.0,0.051,0.946,0.975,0.199,0.927,AK-47|USP-S|a1h1k1|sm1fl1HE1fr1;AK-47|Desert Eagle|a1h1k1|sm1fl1HE1fr1;AK-47|Tec-9|a1h1k1|sm1fl1HE1fr1
ct,1400,AK-47,5000,OBSERVED,2,53.1,0,exact,500,800,1000,,6400,5600,,AK-47:92%;M4A1-S:5%;MP9:3%,1.0,0.963,0.83,1.0,1.0,0.052,0.943,0.976,0.189,0.931,AK-47|USP-S|a1h1k1|sm1fl1HE1fr1;AK-47|Desert Eagle|a1h1k1|sm1fl1HE1fr1;AK-47|Tec-9|a1h1k1|sm1fl1HE1fr1
ct,1400,AK-47,5050,OBSERVED,1,52.7,0,exact,500,700,1000,,6450,5750,,AK-47:92%;M4A1-S:5%;MP9:3%,1.0,0.964,0.832,1.0,1.0,0.054,0.941,0.977,0.184,0.933,AK-47|USP-S|a1h1k1|sm1fl1HE1fr1;AK-47|Desert Eagle|a1h1k1|sm1fl1HE1fr1;AK-47|Tec-9|a1h1k1|sm1fl1HE1fr1
ct,1400,AK-47,5100,OBSERVED,1,52.5,0,exact,500,700,1000,,6500,5800,,AK-47:92%;M4A1-S:5%;MP9:3%,1.0,0.966,0.834,1.0,1.0,0.055,0.939,0.978,0.174,0.934,AK-47|USP-S|a1h1k1|sm1fl1HE1fr1;AK-47|Desert Eagle|a1h1k1|sm1fl1HE1fr1;AK-47|Tec-9|a1h1k1|sm1fl1HE1fr1
ct,1400,AK-47,5150,OBSERVED,1,52.5,0,exact,500,700,1000,,6550,5850,,AK-47:92%;M4A1-S:5%;MP9:2%,1.0,0.967,0.834,1.0,1.0,0.055,0.937,0.979,0.163,0.933,AK-47|USP-S|a1h1k1|sm1fl1HE1fr1;AK-47|Desert Eagle|a1h1k1|sm1fl1HE1fr1;AK-47|Tec-9|a1h1k1|sm1fl1HE1fr1
ct,1400,AK-47,5200,OBSERVED,4,52.7,0,exact,500,700,1000,,6600,5900,,AK-47:93%;M4A1-S:5%;MP9:2%,1.0,0.969,0.833,1.0,1.0,0.055,0.936,0.981,0.153,0.93,AK-47|USP-S|a1h1k1|sm1fl1HE1fr1;AK-47|Desert Eagle|a1h1k1|sm1fl1HE1fr1;AK-47|Tec-9|a1h1k1|sm1fl1HE1fr1
ct,1400,AK-47,5250,OBSERVED,1,53.1,0,exact,500,700,1000,,6650,5950,,AK-47:93%;M4A1-S:5%;MP9:2%,1.0,0.97,0.831,1.0,1.0,0.054,0.935,0.983,0.136,0.926,AK-47|USP-S|a1h1k1|sm1fl1HE1fr1;AK-47|Desert Eagle|a1h1k1|sm1fl1HE1fr1;AK-47|Tec-9|a1h1k1|sm1fl1HE1fr1
ct,1400,AK-47,5300,INTERPOLATED,0,53.6,50,exact,500,700,1000,,6700,6000,,AK-47:93%;M4A1-S:4%;MP9:2%,1.0,0.972,0.827,1.0,1.0,0.052,0.935,0.984,0.124,0.921,AK-47|USP-S|a1h1k1|sm1fl1HE1fr1;AK-47|Desert Eagle|a1h1k1|sm1fl1HE1fr1;AK-47|Tec-9|a1h1k1|sm1fl1HE1fr1
ct,1400,AK-47,5350,INTERPOLATED,0,54.2,50,exact,500,600,800,,6750,6150,,AK-47:93%;M4A1-S:4%;MP9:2%,1.0,0.973,0.821,1.0,1.0,0.051,0.935,0.986,0.112,0.916,AK-47|USP-S|a1h1k1|sm1fl1HE1fr1;AK-47|Desert Eagle|a1h1k1|sm1fl1HE1fr1;AK-47|USP-S|a1h1k0|sm1fl1HE1fr1
ct,1400,AK-47,5400,OBSERVED,1,54.9,0,exact,500,600,800,,6800,6200,,AK-47:93%;M4A1-S:4%;MP9:1%,1.0,0.974,0.814,1.0,1.0,0.048,0.936,0.988,0.1,0.909,AK-47|USP-S|a1h1k1|sm1fl1HE1fr1;AK-47|USP-S|a1h1k0|sm1fl1HE1fr1;AK-47|Desert Eagle|a1h1k1|sm1fl1HE1fr1
ct,1400,AK-47,5450,OBSERVED,2,55.5,0,exact,500,600,800,,6850,6250,,AK-47:93%;M4A1-S:4%;AWP:1%,1.0,0.974,0.807,1.0,1.0,0.046,0.937,0.989,0.094,0.906,AK-47|USP-S|a1h1k1|sm1fl1HE1fr1;AK-47|USP-S|a1h1k0|sm1fl1HE1fr1;AK-47|Desert Eagle|a1h1k1|sm1fl1HE1fr1
ct,1400,AK-47,5500,INTERPOLATED,0,56.0,50,exact,500,600,800,,6900,6300,,AK-47:93%;M4A1-S:4%;AWP:2%,1.0,0.975,0.798,1.0,1.0,0.043,0.938,0.991,0.081,0.903,AK-47|USP-S|a1h1k1|sm1fl1HE1fr1;AK-47|USP-S|a1h1k0|sm1fl1HE1fr1;AK-47|Desert Eagle|a1h1k1|sm1fl1HE1fr1
ct,1400,AK-47,5550,OBSERVED,1,56.4,0,exact,400,600,800,,6950,6350,,AK-47:93%;M4A1-S:4%;AWP:2%,1.0,0.975,0.788,1.0,1.0,0.04,0.939,0.992,0.067,0.899,AK-47|USP-S|a1h1k1|sm1fl1HE1fr1;AK-47|USP-S|a1h1k0|sm1fl1HE1fr1;AK-47|Desert Eagle|a1h1k1|sm1fl1HE1fr1
ct,1400,AK-47,5600,OBSERVED,1,56.6,0,exact,400,600,800,,7000,6400,,AK-47:94%;M4A1-S:4%;AWP:2%,1.0,0.975,0.779,1.0,1.0,0.038,0.94,0.993,0.06,0.893,AK-47|USP-S|a1h1k1|sm1fl1HE1fr1;AK-47|USP-S|a1h1k0|sm1fl1HE1fr1;AK-47|Desert Eagle|a1h1k1|sm1fl1HE1fr1
ct,1400,AK-47,5650,OBSERVED,1,56.7,0,exact,300,600,800,,7050,6450,,AK-47:94%;M4A1-S:4%;AWP:2%,1.0,0.975,0.769,1.0,1.0,0.035,0.942,0.995,0.053,0.887,AK-47|USP-S|a1h1k1|sm1fl1HE1fr1;AK-47|USP-S|a1h1k0|sm1fl1HE1fr1;AK-47|Desert Eagle|a1h1k1|sm1fl1HE1fr1
ct,1400,AK-47,5700,INTERPOLATED,0,56.6,50,exact,300,600,800,,7100,6500,,AK-47:94%;M4A1-S:4%;AWP:2%,1.0,0.974,0.76,1.0,1.0,0.033,0.943,0.996,0.045,0.879,AK-47|USP-S|a1h1k1|sm1fl1HE1fr1;AK-47|USP-S|a1h1k0|sm1fl1HE1fr1;AK-47|Desert Eagle|a1h1k1|sm1fl1HE1fr1
ct,1400,AK-47,5750,OBSERVED,2,56.5,0,exact,300,600,800,,7150,6550,,AK-47:94%;M4A1-S:4%;AWP:2%,1.0,0.974,0.751,1.0,1.0,0.031,0.945,0.996,0.038,0.874,AK-47|USP-S|a1h1k1|sm1fl1HE1fr1;AK-47|USP-S|a1h1k0|sm1fl1HE1fr1;AK-47|Desert Eagle|a1h1k1|sm1fl1HE1fr1
ct,1400,AK-47,5800,INTERPOLATED,0,56.4,50,exact,300,600,800,,7200,6600,,AK-47:94%;M4A1-S:4%;AWP:2%,1.0,0.973,0.743,1.0,1.0,0.029,0.946,0.997,0.029,0.87,AK-47|USP-S|a1h1k1|sm1fl1HE1fr1;AK-47|USP-S|a1h1k0|sm1fl1HE1fr1;AK-47|Desert Eagle|a1h1k1|sm1fl1HE1fr1
ct,1400,AK-47,5850,OBSERVED,1,56.4,0,exact,300,600,800,,7250,6650,,AK-47:94%;M4A1-S:4%;AWP:2%,1.0,0.972,0.737,1.0,1.0,0.027,0.948,0.998,0.021,0.868,AK-47|USP-S|a1h1k1|sm1fl1HE1fr1;AK-47|USP-S|a1h1k0|sm1fl1HE1fr1;AK-47|Desert Eagle|a1h1k1|sm1fl1HE1fr1
ct,1400,AK-47,5900,OBSERVED,1,56.4,0,exact,300,600,800,,7300,6700,,AK-47:94%;M4A1-S:4%;AWP:2%,1.0,0.972,0.731,1.0,1.0,0.026,0.949,0.998,0.021,0.865,AK-47|USP-S|a1h1k1|sm1fl1HE1fr1;AK-47|USP-S|a1h1k0|sm1fl1HE1fr1;AK-47|Desert Eagle|a1h1k1|sm1fl1HE1fr1
ct,1400,AK-47,5950,OBSERVED,4,56.5,0,exact,300,600,800,,7350,6750,,AK-47:94%;M4A1-S:4%;AWP:2%,1.0,0.971,0.727,1.0,1.0,0.025,0.95,0.999,0.011,0.863,AK-47|USP-S|a1h1k1|sm1fl1HE1fr1;AK-47|USP-S|a1h1k0|sm1fl1HE1fr1;AK-47|Desert Eagle|a1h1k1|sm1fl1HE1fr1
ct,1400,AK-47,6000,OBSERVED,3,56.8,0,exact,300,600,800,,7400,6800,,AK-47:94%;M4A1-S:4%;AWP:2%,1.0,0.97,0.724,1.0,1.0,0.024,0.952,0.999,0.011,0.86,AK-47|USP-S|a1h1k1|sm1fl1HE1fr1;AK-47|USP-S|a1h1k0|sm1fl1HE1fr1;AK-47|Desert Eagle|a1h1k1|sm1fl1HE1fr1
ct,1400,AUG,3350,OBSERVED,1,106.6,0,family,800,1150,1400,,4750,3600,,M4A1-S:44%;M4A4:38%;FAMAS:8%,1.0,0.866,0.439,0.975,0.949,0.02,0.969,0.978,0.053,0.732,M4A1-S|USP-S|a1h1k0|sm1fl1HE1fr1;M4A4|USP-S|a1h1k0|sm1fl1HE1fr1;M4A1-S|USP-S|a1h1k1|sm1fl1HE1fr1
ct,1400,AUG,3400,INTERPOLATED,0,101.5,50,family,800,1150,1400,,4800,3650,,M4A1-S:45%;M4A4:37%;FAMAS:8%,1.0,0.875,0.446,0.975,0.947,0.018,0.971,0.977,0.045,0.735,M4A1-S|USP-S|a1h1k0|sm1fl1HE1fr1;M4A4|USP-S|a1h1k0|sm1fl1HE1fr1;M4A1-S|USP-S|a1h1k1|sm1fl1HE1fr1
ct,1400,AUG,3450,OBSERVED,11,100.6,0,family,800,1150,1400,,4850,3700,,M4A1-S:45%;M4A4:36%;FAMAS:8%,1.0,0.896,0.454,0.973,0.942,0.018,0.97,0.975,0.038,0.735,M4A1-S|USP-S|a1h1k0|sm1fl1HE1fr1;M4A4|USP-S|a1h1k0|sm1fl1HE1fr1;M4A1-S|USP-S|a1h1k1|sm1fl1HE1fr1
ct,1400,AUG,3500,OBSERVED,65,101.8,0,family,800,1150,1300,,4900,3750,,M4A1-S:42%;M4A4:37%;FAMAS:10%,1.0,0.929,0.455,0.967,0.932,0.021,0.964,0.97,0.053,0.735,M4A1-S|USP-S|a1h1k0|sm1fl1HE1fr1;M4A4|USP-S|a1h1k0|sm1fl1HE1fr1;M4A4|USP-S|a1h1k1|sm1fl1HE1fr1
ct,1400,AUG,3550,OBSERVED,65,139.9,0,family,950,1300,1400,,4950,3650,,M4A1-S:42%;M4A4:36%;FAMAS:13%,1.0,0.934,0.435,0.966,0.951,0.042,0.946,0.975,0.141,0.666,M4A4|USP-S|a1h1k0|sm1fl1HE1fr1;M4A1-S|USP-S|a1h1k0|sm1fl1HE1fr1;M4A1-S|USP-S|a1h1k1|sm1fl1HE1fr1
ct,1400,AUG,3600,OBSERVED,82,132.9,0,family,1000,1300,1450,,5000,3700,,M4A1-S:41%;M4A4:39%;FAMAS:12%,1.0,0.958,0.453,0.993,0.963,0.051,0.947,0.995,0.045,0.7,M4A4|USP-S|a1h1k0|sm1fl1HE1fr1;M4A1-S|USP-S|a1h1k0|sm1fl1HE1fr1;M4A1-S|USP-S|a1h1k1|sm1fl1HE1fr1
ct,1400,AUG,3650,OBSERVED,40,124.2,0,family,800,1200,1500,,5050,3850,,M4A4:40%;M4A1-S:36%;AK-47:12%,1.0,0.964,0.557,0.993,0.971,0.064,0.935,0.993,0.011,0.729,M4A4|USP-S|a1h1k1|sm1fl1HE1fr1;M4A4|USP-S|a1h1k0|sm1fl1HE1fr1;M4A1-S|USP-S|a1h1k1|sm1fl1HE1fr1
ct,1400,AUG,3700,OBSERVED,11,114.8,0,family,800,1150,1450,,5100,3950,,M4A4:38%;M4A1-S:32%;AK-47:17%,1.0,0.955,0.562,0.966,0.98,0.071,0.919,0.973,0.029,0.703,M4A4|USP-S|a1h1k1|sm1fl1HE1fr1;AK-47|USP-S|a1h1k1|sm1fl1HE1fr1;M4A1-S|USP-S|a1h1k1|sm1fl1HE1fr1
ct,1400,AUG,3750,OBSERVED,12,106.8,0,family,800,1200,1400,,5150,3950,,M4A4:35%;M4A1-S:30%;AK-47:18%,0.998,0.959,0.496,0.932,0.982,0.067,0.915,0.966,0.116,0.651,M4A4|USP-S|a1h1k1|sm1fl1HE1fr1;M4A1-S|USP-S|a1h1k1|sm1fl1HE1fr1;AK-47|USP-S|a1h1k1|sm1fl1HE1fr1
ct,1400,AUG,3800,OBSERVED,44,106.3,0,family,800,1250,1400,,5200,3950,,M4A4:33%;M4A1-S:32%;AK-47:16%,0.994,0.963,0.448,0.927,0.975,0.064,0.925,0.976,0.183,0.653,M4A1-S|USP-S|a1h1k0|sm1fl1HE1fr1;M4A4|USP-S|a1h1k1|sm1fl1HE1fr1;M4A1-S|USP-S|a1h1k1|sm1fl1HE1fr1
ct,1400,AUG,3850,OBSERVED,61,124.3,0,family,900,1200,1400,,5250,4050,,M4A1-S:38%;M4A4:32%;FAMAS:14%,0.99,0.933,0.425,0.933,0.966,0.09,0.905,0.964,0.193,0.634,M4A1-S|USP-S|a1h1k0|sm1fl1HE1fr1;M4A4|USP-S|a1h1k1|sm1fl1HE1fr1;M4A4|USP-S|a1h1k0|sm1fl1HE1fr1
ct,1400,AUG,3900,OBSERVED,34,104.7,0,family,800,1200,1400,,5300,4100,,M4A1-S:40%;M4A4:38%;AK-47:11%,0.994,0.909,0.435,0.942,0.959,0.128,0.885,0.961,0.114,0.634,M4A4|USP-S|a1h1k0|sm1fl1HE1fr1;M4A1-S|USP-S|a1h1k0|sm1fl1HE1fr1;M4A1-S|USP-S|a1h1k1|sm1fl1HE1fr1
ct,1400,AUG,3950,OBSERVED,19,111.6,0,family,800,1200,1300,,5350,4150,,M4A4:40%;M4A1-S:34%;AK-47:14%,0.996,0.905,0.465,0.921,0.962,0.122,0.888,0.962,0.148,0.6,M4A4|USP-S|a1h1k1|sm1fl1HE1fr1;M4A4|USP-S|a1h1k0|sm1fl1HE1fr1;M4A1-S|USP-S|a1h1k1|sm1fl1HE1fr1
ct,1400,AUG,4000,OBSERVED,9,124.1,0,family,800,1100,1300,,5400,4300,,M4A4:39%;M4A1-S:31%;AK-47:20%,0.999,0.918,0.481,0.933,0.965,0.1,0.892,0.965,0.164,0.599,M4A4|USP-S|a1h1k1|sm1fl1HE1fr1;M4A4|USP-S|a1h1k0|sm1fl1HE1fr1;AK-47|USP-S|a1h1k1|sm1fl1HE1fr1
ct,1400,AUG,4050,OBSERVED,11,114.8,0,family,800,1100,1300,,5450,4350,,M4A4:35%;M4A1-S:32%;AK-47:24%,1.0,0.935,0.471,0.958,0.972,0.07,0.905,0.971,0.153,0.629,M4A4|USP-S|a1h1k1|sm1fl1HE1fr1;M4A1-S|USP-S|a1h1k0|sm1fl1HE1fr1;AK-47|USP-S|a1h1k1|sm1fl1HE1fr1
ct,1400,AUG,4100,OBSERVED,34,102.4,0,family,800,1100,1300,,5500,4400,,M4A1-S:35%;M4A4:33%;AK-47:26%,1.0,0.946,0.446,0.976,0.977,0.047,0.919,0.975,0.118,0.668,M4A1-S|USP-S|a1h1k0|sm1fl1HE1fr1;M4A4|USP-S|a1h1k1|sm1fl1HE1fr1;AK-47|USP-S|a1h1k1|sm1fl1HE1fr1
ct,1400,AUG,4150,OBSERVED,33,104.4,0,family,800,1100,1300,,5550,4450,,M4A1-S:38%;M4A4:33%;AK-47:22%,1.0,0.949,0.417,0.978,0.975,0.035,0.93,0.97,0.067,0.678,M4A1-S|USP-S|a1h1k0|sm1fl1HE1fr1;AK-47|USP-S|a1h1k1|sm1fl1HE1fr1;M4A4|USP-S|a1h1k1|sm1fl1HE1fr1
ct,1400,AUG,4200,OBSERVED,34,106.9,0,family,800,1000,1300,,5600,4600,,M4A1-S:38%;M4A4:34%;AK-47:21%,1.0,0.927,0.431,0.978,0.963,0.043,0.924,0.966,0.029,0.654,AK-47|USP-S|a1h1k1|sm1fl1HE1fr1;M4A1-S|USP-S|a1h1k0|sm1fl1HE1fr1;M4A1-S|USP-S|a1h1k1|sm1fl1HE1fr1
ct,1400,AUG,4250,OBSERVED,16,103.6,0,family,700,1000,1300,,5650,4650,,M4A1-S:37%;M4A4:31%;AK-47:24%,1.0,0.899,0.502,0.982,0.963,0.052,0.912,0.973,0.011,0.608,M4A1-S|USP-S|a1h1k1|sm1fl1HE1fr1;AK-47|USP-S|a1h1k1|sm1fl1HE1fr1;M4A1-S|USP-S|a1h1k0|sm1fl1HE1fr1
ct,1400,AUG,4300,OBSERVED,12,105.4,0,family,700,800,1300,,5700,4900,,M4A1-S:35%;AK-47:29%;M4A4:28%,1.0,0.885,0.574,0.98,0.969,0.058,0.908,0.98,0.011,0.587,M4A1-S|USP-S|a1h1k1|sm1fl1HE1fr1;AK-47|USP-S|a1h1k1|sm1fl1HE1fr1;M4A1-S|USP-S|a1h1k0|sm1fl1HE1fr1
ct,1400,AUG,4350,OBSERVED,7,107.8,0,family,700,800,1300,,5750,4950,,M4A1-S:35%;AK-47:29%;M4A4:28%,1.0,0.898,0.609,0.97,0.972,0.068,0.908,0.983,-0.0,0.573,M4A1-S|USP-S|a1h1k1|sm1fl1HE1fr1;AK-47|USP-S|a1h1k1|sm1fl1HE1fr1;M4A1-S|USP-S|a1h1k0|sm1fl1HE1fr1
ct,1400,AUG,4400,OBSERVED,14,104.9,0,family,700,800,1300,,5800,5000,,M4A1-S:35%;M4A4:31%;AK-47:28%,1.0,0.924,0.611,0.963,0.971,0.078,0.908,0.983,-0.0,0.586,M4A1-S|USP-S|a1h1k1|sm1fl1HE1fr1;AK-47|USP-S|a1h1k1|sm1fl1HE1fr1;M4A1-S|USP-S|a1h1k0|sm1fl1HE1fr1
ct,1400,AUG,4450,OBSERVED,20,105.4,0,family,700,800,1200,,5850,5050,,M4A4:35%;M4A1-S:34%;AK-47:26%,1.0,0.948,0.604,0.962,0.971,0.08,0.912,0.984,-0.0,0.617,M4A1-S|USP-S|a1h1k1|sm1fl1HE1fr1;AK-47|USP-S|a1h1k1|sm1fl1HE1fr1;M4A4|USP-S|a1h1k1|sm1fl1HE1fr1
ct,1400,AUG,4500,OBSERVED,15,100.1,0,family,700,800,1200,,5900,5100,,M4A4:38%;M4A1-S:33%;AK-47:25%,1.0,0.967,0.599,0.964,0.973,0.079,0.918,0.986,0.011,0.658,M4A1-S|USP-S|a1h1k1|sm1fl1HE1fr1;M4A4|USP-S|a1h1k1|sm1fl1HE1fr1;AK-47|USP-S|a1h1k1|sm1fl1HE1fr1
ct,1400,AUG,4550,OBSERVED,9,106.3,0,family,600,800,1100,,5950,5150,,M4A4:40%;M4A1-S:31%;AK-47:24%,1.0,0.978,0.603,0.969,0.977,0.072,0.93,0.986,0.029,0.692,M4A4|USP-S|a1h1k1|sm1fl1HE1fr1;M4A1-S|USP-S|a1h1k1|sm1fl1HE1fr1;AK-47|USP-S|a1h1k1|sm1fl1HE1fr1
ct,1400,AUG,4600,OBSERVED,16,103.9,0,family,600,800,1100,,6000,5200,,M4A4:42%;M4A1-S:28%;AK-47:24%,1.0,0.985,0.609,0.972,0.982,0.067,0.942,0.986,0.053,0.722,M4A4|USP-S|a1h1k1|sm1fl1HE1fr1;M4A1-S|USP-S|a1h1k1|sm1fl1HE1fr1;AK-47|USP-S|a1h1k1|sm1fl1HE1fr1
ct,1400,AUG,4650,OBSERVED,7,100.4,0,family,600,800,1100,,6050,5250,,M4A4:43%;AK-47:25%;M4A1-S:25%,1.0,0.985,0.619,0.971,0.985,0.067,0.953,0.982,0.081,0.736,M4A4|USP-S|a1h1k1|sm1fl1HE1fr1;AK-47|USP-S|a1h1k1|sm1fl1HE1fr1;M4A4|USP-S|a1h1k0|sm1fl1HE1fr1
ct,1400,AUG,4700,OBSERVED,9,104.7,0,family,600,800,1100,,6100,5300,,M4A4:43%;AK-47:28%;M4A1-S:23%,1.0,0.98,0.626,0.964,0.983,0.078,0.956,0.977,0.1,0.72,M4A4|USP-S|a1h1k1|sm1fl1HE1fr1;AK-47|USP-S|a1h1k1|sm1fl1HE1fr1;M4A4|USP-S|a1h1k0|sm1fl1HE1fr1
ct,1400,AUG,4750,OBSERVED,12,100.9,0,family,600,800,1100,,6150,5350,,M4A4:42%;AK-47:30%;M4A1-S:21%,1.0,0.975,0.634,0.959,0.979,0.09,0.955,0.972,0.106,0.709,M4A4|USP-S|a1h1k1|sm1fl1HE1fr1;AK-47|USP-S|a1h1k1|sm1fl1HE1fr1;M4A4|USP-S|a1h1k0|sm1fl1HE1fr1
ct,1400,AUG,4800,OBSERVED,12,108.2,0,family,500,800,1000,,6200,5400,,M4A4:41%;AK-47:31%;M4A1-S:20%,1.0,0.973,0.645,0.958,0.973,0.098,0.949,0.969,0.1,0.696,M4A4|USP-S|a1h1k1|sm1fl1HE1fr1;AK-47|USP-S|a1h1k1|sm1fl1HE1fr1;M4A4|USP-S|a1h1k0|sm1fl1HE1fr1
ct,1400,AUG,4850,OBSERVED,9,107.7,0,family,500,800,950,,6250,5450,,M4A4:39%;AK-47:33%;M4A1-S:21%,1.0,0.974,0.659,0.96,0.967,0.101,0.942,0.967,0.081,0.688,AK-47|USP-S|a1h1k1|sm1fl1HE1fr1;M4A4|USP-S|a1h1k1|sm1fl1HE1fr1;M4A4|USP-S|a1h1k0|sm1fl1HE1fr1
ct,1400,AUG,4900,OBSERVED,7,107.4,0,family,500,800,800,,6300,5500,,M4A4:38%;AK-47:33%;M4A1-S:22%,1.0,0.977,0.676,0.966,0.963,0.096,0.937,0.967,0.06,0.694,AK-47|USP-S|a1h1k1|sm1fl1HE1fr1;M4A4|USP-S|a1h1k1|sm1fl1HE1fr1;M4A4|USP-S|a1h1k0|sm1fl1HE1fr1
ct,1400,AUG,4950,OBSERVED,13,107.1,0,family,500,800,800,,6350,5550,,M4A4:36%;AK-47:33%;M4A1-S:24%,1.0,0.981,0.696,0.974,0.961,0.086,0.934,0.967,0.045,0.706,AK-47|USP-S|a1h1k1|sm1fl1HE1fr1;M4A4|USP-S|a1h1k1|sm1fl1HE1fr1;M4A1-S|USP-S|a1h1k1|sm1fl1HE1fr1
ct,1400,AUG,5000,OBSERVED,15,107.9,0,family,500,800,800,,6400,5600,,M4A4:34%;AK-47:33%;M4A1-S:26%,1.0,0.985,0.717,0.981,0.962,0.073,0.935,0.968,0.029,0.726,AK-47|USP-S|a1h1k1|sm1fl1HE1fr1;M4A4|USP-S|a1h1k1|sm1fl1HE1fr1;M4A1-S|USP-S|a1h1k1|sm1fl1HE1fr1
ct,1400,AUG,5050,OBSERVED,9,102.3,0,family,500,800,800,,6450,5650,,AK-47:33%;M4A4:32%;M4A1-S:29%,1.0,0.989,0.738,0.988,0.965,0.059,0.938,0.969,0.011,0.753,AK-47|USP-S|a1h1k1|sm1fl1HE1fr1;M4A1-S|USP-S|a1h1k1|sm1fl1HE1fr1;M4A4|USP-S|a1h1k1|sm1fl1HE1fr1
ct,1400,AUG,5100,OBSERVED,10,104.3,0,family,500,800,800,,6500,5700,,AK-47:33%;M4A1-S:32%;M4A4:29%,1.0,0.988,0.757,0.99,0.968,0.049,0.946,0.97,-0.0,0.767,M4A1-S|USP-S|a1h1k1|sm1fl1HE1fr1;AK-47|USP-S|a1h1k1|sm1fl1HE1fr1;M4A4|USP-S|a1h1k1|sm1fl1HE1fr1
ct,1400,AUG,5150,OBSERVED,10,104.0,0,family,500,800,800,,6550,5750,,M4A1-S:34%;AK-47:33%;M4A4:28%,1.0,0.984,0.771,0.987,0.971,0.042,0.955,0.97,-0.0,0.773,M4A1-S|USP-S|a1h1k1|sm1fl1HE1fr1;AK-47|USP-S|a1h1k1|sm1fl1HE1fr1;M4A4|USP-S|a1h1k1|sm1fl1HE1fr1
ct,1400,AUG,5200,OBSERVED,13,101.8,0,family,500,800,800,,6600,5800,,M4A1-S:36%;AK-47:32%;M4A4:28%,1.0,0.978,0.777,0.982,0.971,0.037,0.963,0.971,-0.0,0.773,M4A1-S|USP-S|a1h1k1|sm1fl1HE1fr1;M4A4|USP-S|a1h1k1|sm1fl1HE1fr1;AK-47|USP-S|a1h1k1|sm1fl1HE1fr1
ct,1400,AUG,5250,OBSERVED,13,107.5,0,family,500,800,800,,6650,5850,,M4A1-S:35%;AK-47:30%;M4A4:28%,1.0,0.972,0.771,0.976,0.97,0.033,0.968,0.971,0.011,0.763,M4A1-S|USP-S|a1h1k1|sm1fl1HE1fr1;M4A4|USP-S|a1h1k1|sm1fl1HE1fr1;AK-47|USP-S|a1h1k1|sm1fl1HE1fr1
ct,1400,AUG,5300,OBSERVED,14,106.9,0,family,500,800,800,,6700,5900,,M4A1-S:35%;AK-47:29%;M4A4:28%,1.0,0.966,0.762,0.972,0.968,0.029,0.973,0.971,0.029,0.754,M4A1-S|USP-S|a1h1k1|sm1fl1HE1fr1;M4A4|USP-S|a1h1k1|sm1fl1HE1fr1;AK-47|USP-S|a1h1k1|sm1fl1HE1fr1
ct,1400,AUG,5350,OBSERVED,7,106.8,0,family,500,800,800,,6750,5950,,M4A1-S:33%;M4A4:29%;AK-47:28%,1.0,0.961,0.749,0.969,0.966,0.025,0.976,0.972,0.045,0.74,M4A1-S|USP-S|a1h1k1|sm1fl1HE1fr1;M4A4|USP-S|a1h1k1|sm1fl1HE1fr1;AK-47|USP-S|a1h1k1|sm1fl1HE1fr1
ct,1400,AUG,5400,OBSERVED,9,105.9,0,family,500,800,800,,6800,6000,,M4A1-S:32%;M4A4:29%;AK-47:26%,1.0,0.957,0.735,0.969,0.964,0.022,0.98,0.974,0.067,0.728,M4A1-S|USP-S|a1h1k1|sm1fl1HE1fr1;AK-47|USP-S|a1h1k1|sm1fl1HE1fr1;M4A4|USP-S|a1h1k1|sm1fl1HE1fr1
ct,1400,AUG,5450,OBSERVED,12,104.1,0,family,500,800,800,,6850,6050,,M4A1-S:30%;M4A4:30%;AK-47:25%,1.0,0.951,0.724,0.97,0.963,0.018,0.983,0.977,0.087,0.709,AK-47|USP-S|a1h1k1|sm1fl1HE1fr1;M4A1-S|USP-S|a1h1k1|sm1fl1HE1fr1;M4A4|USP-S|a1h1k1|sm1fl1HE1fr1
ct,1400,AUG,5500,OBSERVED,11,101.8,0,family,500,800,850,,6900,6100,,M4A4:30%;M4A1-S:30%;AK-47:23%,1.0,0.946,0.717,0.973,0.963,0.014,0.987,0.981,0.1,0.694,AK-47|USP-S|a1h1k1|sm1fl1HE1fr1;M4A4|USP-S|a1h1k1|sm1fl1HE1fr1;M4A1-S|USP-S|a1h1k1|sm1fl1HE1fr1
ct,1400,AUG,5550,OBSERVED,6,105.7,0,family,500,800,1000,,6950,6150,,M4A4:31%;M4A1-S:30%;AK-47:22%,1.0,0.942,0.717,0.976,0.968,0.012,0.99,0.986,0.1,0.688,M4A4|USP-S|a1h1k1|sm1fl1HE1fr1;AK-47|USP-S|a1h1k1|sm1fl1HE1fr1;M4A1-S|USP-S|a1h1k1|sm1fl1HE1fr1
ct,1400,AUG,5600,OBSERVED,11,102.1,0,family,500,800,1000,,7000,6200,,M4A4:32%;M4A1-S:31%;AK-47:22%,1.0,0.938,0.716,0.979,0.973,0.012,0.991,0.99,0.1,0.684,M4A4|USP-S|a1h1k1|sm1fl1HE1fr1;M4A1-S|USP-S|a1h1k1|sm1fl1HE1fr1;AK-47|USP-S|a1h1k1|sm1fl1HE1fr1
ct,1400,AUG,5650,OBSERVED,12,107.3,0,family,500,800,1000,,7050,6250,,M4A4:33%;M4A1-S:31%;AK-47:22%,1.0,0.939,0.711,0.98,0.978,0.016,0.988,0.993,0.087,0.684,M4A4|USP-S|a1h1k1|sm1fl1HE1fr1;M4A1-S|USP-S|a1h1k1|sm1fl1HE1fr1;AK-47|USP-S|a1h1k1|sm1fl1HE1fr1
ct,1400,AUG,5700,OBSERVED,13,100.1,0,family,500,800,1000,,7100,6300,,M4A4:35%;M4A1-S:31%;AK-47:22%,1.0,0.939,0.706,0.981,0.985,0.019,0.985,0.996,0.074,0.692,M4A4|USP-S|a1h1k1|sm1fl1HE1fr1;M4A1-S|USP-S|a1h1k1|sm1fl1HE1fr1;AK-47|USP-S|a1h1k1|sm1fl1HE1fr1
ct,1400,AUG,5750,OBSERVED,8,103.2,0,family,500,800,850,,7150,6350,,M4A4:36%;M4A1-S:30%;AK-47:24%,1.0,0.944,0.691,0.982,0.99,0.028,0.977,0.998,0.053,0.699,M4A4|USP-S|a1h1k1|sm1fl1HE1fr1;M4A1-S|USP-S|a1h1k1|sm1fl1HE1fr1;AK-47|USP-S|a1h1k1|sm1fl1HE1fr1
ct,1400,AUG,5800,OBSERVED,2,107.0,0,family,500,800,800,,7200,6400,,M4A4:36%;M4A1-S:29%;AK-47:27%,1.0,0.95,0.668,0.982,0.993,0.037,0.967,0.999,0.038,0.699,M4A4|USP-S|a1h1k1|sm1fl1HE1fr1;AK-47|USP-S|a1h1k1|sm1fl1HE1fr1;M4A1-S|USP-S|a1h1k1|sm1fl1HE1fr1
ct,1400,AUG,5850,OBSERVED,11,101.1,0,family,400,700,800,,7250,6550,,M4A4:37%;AK-47:30%;M4A1-S:27%,1.0,0.956,0.642,0.982,0.996,0.048,0.954,1.0,0.021,0.704,AK-47|USP-S|a1h1k1|sm1fl1HE1fr1;M4A4|USP-S|a1h1k1|sm1fl1HE1fr1;AK-47|USP-S|a1h1k0|sm1fl1HE1fr1
ct,1400,AUG,5900,OBSERVED,5,107.3,0,family,300,700,800,,7300,6600,,M4A4:36%;AK-47:33%;M4A1-S:24%,1.0,0.96,0.614,0.982,0.995,0.05,0.946,1.0,0.011,0.693,AK-47|USP-S|a1h1k1|sm1fl1HE1fr1;AK-47|USP-S|a1h1k0|sm1fl1HE1fr1;M4A4|USP-S|a1h1k0|sm1fl1HE1fr1
ct,1400,AUG,5950,OBSERVED,12,105.4,0,family,300,700,800,,7350,6650,,M4A4:36%;AK-47:35%;M4A1-S:22%,1.0,0.963,0.592,0.983,0.993,0.05,0.941,1.0,-0.0,0.68,AK-47|USP-S|a1h1k1|sm1fl1HE1fr1;M4A4|USP-S|a1h1k0|sm1fl1HE1fr1;AK-47|USP-S|a1h1k0|sm1fl1HE1fr1
ct,1400,AUG,6000,OBSERVED,16,104.6,0,family,300,700,800,,7400,6700,,AK-47:37%;M4A4:36%;M4A1-S:20%,1.0,0.963,0.576,0.982,0.99,0.047,0.94,1.0,-0.0,0.67,AK-47|USP-S|a1h1k1|sm1fl1HE1fr1;M4A4|USP-S|a1h1k0|sm1fl1HE1fr1;AK-47|USP-S|a1h1k0|sm1fl1HE1fr1
ct,1400,AWP,3450,OBSERVED,3,100.3,0,exact,800,1100,1550,,4850,3750,,AWP:100%;M4A4:0%;AK-47:0%,1.0,0.685,0.496,0.931,0.958,0.139,0.878,0.936,-0.0,0.727,AWP|USP-S|a1h1k1|sm1fl1HE1fr1;AWP|USP-S|a1h1k0|sm1fl1HE1fr1;AWP|USP-S|a1h0k0|sm1fl1HE1fr1
ct,1400,AWP,3500,OBSERVED,8,101.2,0,exact,800,1100,1550,,4900,3800,,AWP:100%;M4A4:0%;AK-47:0%,1.0,0.686,0.499,0.932,0.959,0.14,0.876,0.936,-0.0,0.725,AWP|USP-S|a1h1k1|sm1fl1HE1fr1;AWP|USP-S|a1h1k0|sm1fl1HE1fr1;AWP|USP-S|a1h0k0|sm1fl1HE1fr1
ct,1400,AWP,3550,OBSERVED,11,101.0,0,exact,800,1100,1550,,4950,3850,,AWP:100%;M4A4:0%;AK-47:0%,1.0,0.687,0.501,0.933,0.959,0.14,0.875,0.936,-0.0,0.723,AWP|USP-S|a1h1k1|sm1fl1HE1fr1;AWP|USP-S|a1h1k0|sm1fl1HE1fr1;AWP|USP-S|a1h0k0|sm1fl1HE1fr1
ct,1400,AWP,3600,OBSERVED,17,101.0,0,exact,800,1100,1550,,5000,3900,,AWP:100%;M4A4:0%;AK-47:0%,1.0,0.688,0.505,0.934,0.959,0.14,0.873,0.936,-0.0,0.721,AWP|USP-S|a1h1k1|sm1fl1HE1fr1;AWP|USP-S|a1h1k0|sm1fl1HE1fr1;AWP|USP-S|a1h0k0|sm1fl1HE1fr1
ct,1400,AWP,3650,OBSERVED,10,101.1,0,exact,800,1100,1550,,5050,3950,,AWP:100%;M4A4:0%;AK-47:0%,1.0,0.691,0.511,0.935,0.959,0.14,0.87,0.937,-0.0,0.717,AWP|USP-S|a1h1k1|sm1fl1HE1fr1;AWP|USP-S|a1h1k0|sm1fl1HE1fr1;AWP|USP-S|a1h0k0|sm1fl1HE1fr1
ct,1400,AWP,3700,OBSERVED,8,100.9,0,exact,800,1100,1550,,5100,4000,,AWP:100%;M4A4:0%;AK-47:0%,1.0,0.695,0.521,0.937,0.96,0.141,0.865,0.938,-0.0,0.714,AWP|USP-S|a1h1k1|sm1fl1HE1fr1;AWP|USP-S|a1h1k0|sm1fl1HE1fr1;AWP|USP-S|a1h0k0|sm1fl1HE1fr1
ct,1400,AWP,3750,OBSERVED,14,100.6,0,exact,800,1100,1550,,5150,4050,,AWP:100%;M4A4:0%;AK-47:0%,1.0,0.702,0.534,0.938,0.962,0.142,0.859,0.939,-0.0,0.711,AWP|USP-S|a1h1k1|sm1fl1HE1fr1;AWP|USP-S|a1h1k0|sm1fl1HE1fr1;AWP|USP-S|a1h0k1|sm1fl1HE1fr1
ct,1400,AWP,3800,OBSERVED,5,102.0,0,exact,800,1100,1550,,5200,4100,,AWP:100%;M4A4:0%;AK-47:0%,1.0,0.711,0.549,0.936,0.965,0.144,0.855,0.942,-0.0,0.707,AWP|USP-S|a1h1k1|sm1fl1HE1fr1;AWP|USP-S|a1h1k0|sm1fl1HE1fr1;AWP|USP-S|a1h0k1|sm1fl1HE1fr1
ct,1400,AWP,3850,OBSERVED,7,101.6,0,exact,750,1100,1550,,5250,4150,,AWP:100%;M4A4:0%;AK-47:0%,1.0,0.719,0.565,0.934,0.967,0.147,0.85,0.945,-0.0,0.706,AWP|USP-S|a1h1k1|sm1fl1HE1fr1;AWP|USP-S|a1h1k0|sm1fl1HE1fr1;AWP|USP-S|a1h0k0|sm1fl1HE1fr1
ct,1400,AWP,3900,OBSERVED,3,102.3,0,exact,750,1100,1500,,5300,4200,,AWP:100%;M4A4:0%;AK-47:0%,1.0,0.727,0.578,0.932,0.97,0.152,0.847,0.947,-0.0,0.708,AWP|USP-S|a1h1k1|sm1fl1HE1fr1;AWP|USP-S|a1h1k0|sm1fl1HE1fr1;AWP|USP-S|a1h0k0|sm1fl1HE1fr1
ct,1400,AWP,3950,OBSERVED,3,101.8,0,exact,700,1100,1450,,5350,4250,,AWP:100%;M4A4:0%;AK-47:0%,1.0,0.733,0.591,0.932,0.972,0.157,0.844,0.949,-0.0,0.71,AWP|USP-S|a1h1k1|sm1fl1HE1fr1;AWP|USP-S|a1h1k0|sm1fl1HE1fr1;AWP|USP-S|a1h0k0|sm1fl1HE1fr1
ct,1400,AWP,4000,OBSERVED,8,100.4,0,exact,700,1000,1400,,5400,4400,,AWP:100%;M4A4:0%;AK-47:0%,1.0,0.739,0.602,0.932,0.975,0.162,0.841,0.949,-0.0,0.712,AWP|USP-S|a1h1k1|sm1fl1HE1fr1;AWP|USP-S|a1h1k0|sm1fl1HE1fr1;AWP|USP-S|a1h0k0|sm1fl1HE1fr1
ct,1400,AWP,4050,OBSERVED,2,102.3,0,exact,700,1000,1350,,5450,4450,,AWP:100%;M4A4:0%;AK-47:0%,1.0,0.745,0.61,0.936,0.976,0.166,0.841,0.948,-0.0,0.715,AWP|USP-S|a1h1k1|sm1fl1HE1fr1;AWP|USP-S|a1h0k0|sm1fl1HE1fr1;AWP|USP-S|a1h1k0|sm1fl1HE1fr1
ct,1400,AWP,4100,OBSERVED,5,100.5,0,exact,700,1000,1350,,5500,4500,,AWP:100%;M4A4:0%;AK-47:0%,1.0,0.752,0.62,0.939,0.978,0.168,0.841,0.948,-0.0,0.719,AWP|USP-S|a1h1k1|sm1fl1HE1fr1;AWP|USP-S|a1h0k0|sm1fl1HE1fr1;AWP|USP-S|a1h1k0|sm1fl1HE1fr1
ct,1400,AWP,4150,OBSERVED,2,102.0,0,exact,700,900,1300,,5550,4650,,AWP:100%;M4A4:0%;AK-47:0%,1.0,0.76,0.627,0.944,0.978,0.168,0.843,0.946,-0.0,0.723,AWP|USP-S|a1h1k1|sm1fl1HE1fr1;AWP|USP-S|a1h0k0|sm1fl1HE1fr1;AWP|USP-S|a1h1k0|sm1fl1HE1fr1
ct,1400,AWP,4200,OBSERVED,8,103.0,0,exact,700,900,1300,,5600,4700,,AWP:100%;M4A4:0%;AK-47:0%,1.0,0.769,0.633,0.948,0.978,0.165,0.847,0.944,-0.0,0.727,AWP|USP-S|a1h1k1|sm1fl1HE1fr1;AWP|USP-S|a1h0k0|sm1fl1HE1fr1;AWP|Tec-9|a1h1k1|sm1fl1HE1fr1
ct,1400,AWP,4250,OBSERVED,3,100.4,0,exact,700,850,1300,,5650,4800,,AWP:100%;M4A4:0%;AK-47:0%,1.0,0.779,0.64,0.952,0.978,0.163,0.85,0.943,-0.0,0.731,AWP|USP-S|a1h1k1|sm1fl1HE1fr1;AWP|USP-S|a1h0k0|sm1fl1HE1fr1;AWP|Tec-9|a1h1k1|sm1fl1HE1fr1
ct,1400,AWP,4300,OBSERVED,1,101.1,0,exact,700,850,1300,,5700,4850,,AWP:100%;M4A4:0%;AK-47:0%,1.0,0.788,0.644,0.956,0.978,0.158,0.854,0.941,-0.0,0.734,AWP|USP-S|a1h1k1|sm1fl1HE1fr1;AWP|Desert Eagle|a1h1k1|sm1fl1HE1fr1;AWP|USP-S|a1h0k0|sm1fl1HE1fr1
ct,1400,AWP,4350,OBSERVED,1,102.0,0,exact,700,800,1300,,5750,4950,,AWP:100%;M4A4:0%;AK-47:0%,1.0,0.796,0.647,0.959,0.977,0.153,0.859,0.94,-0.0,0.736,AWP|USP-S|a1h1k1|sm1fl1HE1fr1;AWP|Desert Eagle|a1h1k1|sm1fl1HE1fr1;AWP|USP-S|a1h0k0|sm1fl1HE1fr1
ct,1400,AWP,4400,OBSERVED,2,103.4,0,exact,600,800,1200,,5800,5000,,AWP:100%;M4A4:0%;AK-47:0%,1.0,0.804,0.649,0.962,0.977,0.148,0.864,0.939,-0.0,0.739,AWP|USP-S|a1h1k1|sm1fl1HE1fr1;AWP|Desert Eagle|a1h1k1|sm1fl1HE1fr1;AWP|USP-S|a1h0k0|sm1fl1HE1fr1
ct,1400,AWP,4450,OBSERVED,7,101.8,0,exact,600,800,1200,,5850,5050,,AWP:100%;M4A4:0%;AK-47:0%,1.0,0.812,0.652,0.965,0.977,0.144,0.869,0.939,-0.0,0.742,AWP|USP-S|a1h1k1|sm1fl1HE1fr1;AWP|Desert Eagle|a1h1k1|sm1fl1HE1fr1;AWP|Tec-9|a1h1k1|sm1fl1HE1fr1
ct,1400,AWP,4500,OBSERVED,4,100.7,0,exact,600,800,1200,,5900,5100,,AWP:100%;M4A4:0%;AK-47:0%,1.0,0.821,0.655,0.967,0.976,0.139,0.874,0.938,-0.0,0.746,AWP|USP-S|a1h1k1|sm1fl1HE1fr1;AWP|Desert Eagle|a1h1k1|sm1fl1HE1fr1;AWP|Tec-9|a1h1k1|sm1fl1HE1fr1
ct,1400,AWP,4550,OBSERVED,3,100.0,0,exact,600,800,1100,,5950,5150,,AWP:100%;M4A4:0%;AK-47:0%,1.0,0.829,0.657,0.969,0.977,0.134,0.879,0.938,-0.0,0.753,AWP|USP-S|a1h1k1|sm1fl1HE1fr1;AWP|Desert Eagle|a1h1k1|sm1fl1HE1fr1;AWP|USP-S|a1h1k0|sm1fl1HE1fr1
ct,1400,AWP,4600,OBSERVED,1,103.3,0,exact,500,800,1100,,6000,5200,,AWP:100%;M4A4:0%;AK-47:0%,1.0,0.835,0.656,0.97,0.977,0.13,0.884,0.939,-0.0,0.759,AWP|USP-S|a1h1k1|sm1fl1HE1fr1;AWP|Desert Eagle|a1h1k1|sm1fl1HE1fr1;AWP|USP-S|a1h1k0|sm1fl1HE1fr1
ct,1400,AWP,4650,OBSERVED,4,103.3,0,exact,500,800,1100,,6050,5250,,AWP:100%;M4A4:0%;AK-47:0%,1.0,0.843,0.657,0.971,0.977,0.126,0.889,0.939,-0.0,0.766,AWP|USP-S|a1h1k1|sm1fl1HE1fr1;AWP|Desert Eagle|a1h1k1|sm1fl1HE1fr1;AWP|USP-S|a1h1k0|sm1fl1HE1fr1
ct,1400,AWP,4700,OBSERVED,2,100.3,0,exact,500,800,1100,,6100,5300,,AWP:100%;M4A4:0%;AK-47:0%,1.0,0.851,0.659,0.973,0.977,0.121,0.894,0.94,-0.0,0.773,AWP|USP-S|a1h1k1|sm1fl1HE1fr1;AWP|Desert Eagle|a1h1k1|sm1fl1HE1fr1;AWP|USP-S|a1h1k0|sm1fl1HE1fr1
ct,1400,AWP,4750,OBSERVED,1,100.8,0,exact,500,800,1100,,6150,5350,,AWP:100%;M4A4:0%;AK-47:0%,1.0,0.858,0.66,0.973,0.977,0.118,0.898,0.941,-0.0,0.779,AWP|USP-S|a1h1k1|sm1fl1HE1fr1;AWP|Desert Eagle|a1h1k1|sm1fl1HE1fr1;AWP|USP-S|a1h1k0|sm1fl1HE1fr1
ct,1400,AWP,4800,OBSERVED,2,101.3,0,exact,500,800,1100,,6200,5400,,AWP:100%;M4A4:0%;AK-47:0%,1.0,0.864,0.659,0.973,0.978,0.115,0.902,0.942,-0.0,0.784,AWP|USP-S|a1h1k1|sm1fl1HE1fr1;AWP|Desert Eagle|a1h1k1|sm1fl1HE1fr1;AWP|USP-S|a1h1k0|sm1fl1HE1fr1
ct,1400,AWP,4850,OBSERVED,1,101.8,0,exact,500,800,1100,,6250,5450,,AWP:100%;M4A4:0%;AK-47:0%,1.0,0.87,0.659,0.973,0.978,0.112,0.905,0.943,-0.0,0.789,AWP|USP-S|a1h1k1|sm1fl1HE1fr1;AWP|USP-S|a1h1k0|sm1fl1HE1fr1;AWP|Desert Eagle|a1h1k1|sm1fl1HE1fr1
ct,1400,AWP,4900,OBSERVED,1,102.3,0,exact,500,800,1100,,6300,5500,,AWP:100%;M4A4:0%;AK-47:0%,1.0,0.875,0.658,0.972,0.978,0.11,0.908,0.945,-0.0,0.792,AWP|USP-S|a1h1k1|sm1fl1HE1fr1;AWP|USP-S|a1h1k0|sm1fl1HE1fr1;AWP|Desert Eagle|a1h1k1|sm1fl1HE1fr1
ct,1400,AWP,4950,OBSERVED,1,102.7,0,exact,500,800,1100,,6350,5550,,AWP:100%;M4A4:0%;AK-47:0%,1.0,0.879,0.657,0.971,0.978,0.109,0.91,0.946,-0.0,0.795,AWP|USP-S|a1h1k1|sm1fl1HE1fr1;AWP|USP-S|a1h1k0|sm1fl1HE1fr1;AWP|Desert Eagle|a1h1k1|sm1fl1HE1fr1
ct,1400,AWP,5000,OBSERVED,3,100.2,0,exact,500,800,1000,,6400,5600,,AWP:100%;M4A4:0%;AK-47:0%,1.0,0.885,0.656,0.97,0.978,0.107,0.912,0.948,-0.0,0.798,AWP|USP-S|a1h1k1|sm1fl1HE1fr1;AWP|USP-S|a1h1k0|sm1fl1HE1fr1;AWP|Desert Eagle|a1h1k1|sm1fl1HE1fr1
ct,1400,AWP,5050,OBSERVED,2,97.8,0,exact,500,800,950,,6450,5650,,AWP:100%;M4A4:0%;AK-47:0%,1.0,0.89,0.655,0.969,0.978,0.106,0.914,0.949,-0.0,0.8,AWP|USP-S|a1h1k1|sm1fl1HE1fr1;AWP|USP-S|a1h1k0|sm1fl1HE1fr1;AWP|Desert Eagle|a1h1k1|sm1fl1HE1fr1
ct,1400,AWP,5100,OBSERVED,2,95.6,0,exact,500,800,900,,6500,5700,,AWP:100%;M4A4:0%;AK-47:0%,1.0,0.894,0.654,0.968,0.978,0.106,0.916,0.951,-0.0,0.802,AWP|USP-S|a1h1k1|sm1fl1HE1fr1;AWP|USP-S|a1h1k0|sm1fl1HE1fr1;AWP|Desert Eagle|a1h1k1|sm1fl1HE1fr1
ct,1400,AWP,5150,OBSERVED,1,93.6,0,exact,500,800,900,,6550,5750,,AWP:100%;M4A4:0%;AK-47:0%,1.0,0.898,0.652,0.966,0.978,0.106,0.917,0.952,-0.0,0.802,AWP|USP-S|a1h1k1|sm1fl1HE1fr1;AWP|USP-S|a1h1k0|sm1fl1HE1fr1;AWP|Desert Eagle|a1h1k1|sm1fl1HE1fr1
ct,1400,AWP,5200,OBSERVED,3,91.8,0,exact,500,800,900,,6600,5800,,AWP:100%;AK-47:0%;M4A4:0%,1.0,0.901,0.649,0.964,0.978,0.107,0.917,0.954,-0.0,0.801,AWP|USP-S|a1h1k1|sm1fl1HE1fr1;AWP|USP-S|a1h1k0|sm1fl1HE1fr1;AWP|Desert Eagle|a1h1k1|sm1fl1HE1fr1
ct,1400,AWP,5250,OBSERVED,3,90.2,0,exact,500,800,900,,6650,5850,,AWP:100%;AK-47:0%;M4A4:0%,1.0,0.904,0.646,0.962,0.978,0.108,0.917,0.955,-0.0,0.801,AWP|USP-S|a1h1k1|sm1fl1HE1fr1;AWP|USP-S|a1h1k0|sm1fl1HE1fr1;AWP|Desert Eagle|a1h1k1|sm1fl1HE1fr1
ct,1400,AWP,5300,OBSERVED,2,88.8,0,exact,500,700,850,,6700,6000,,AWP:100%;AK-47:0%;M4A4:0%,1.0,0.906,0.643,0.961,0.978,0.11,0.916,0.957,-0.0,0.799,AWP|USP-S|a1h1k1|sm1fl1HE1fr1;AWP|USP-S|a1h1k0|sm1fl1HE1fr1;AWP|Desert Eagle|a1h1k1|sm1fl1HE1fr1
ct,1400,AWP,5350,OBSERVED,4,87.6,0,exact,500,700,800,,6750,6050,,AWP:100%;AK-47:0%;M4A4:0%,1.0,0.907,0.64,0.959,0.977,0.113,0.914,0.958,-0.0,0.798,AWP|USP-S|a1h1k1|sm1fl1HE1fr1;AWP|USP-S|a1h1k0|sm1fl1HE1fr1;AWP|Desert Eagle|a1h1k1|sm1fl1HE1fr1
ct,1400,AWP,5400,OBSERVED,5,86.5,0,exact,500,700,800,,6800,6100,,AWP:100%;AK-47:0%;M4A4:0%,1.0,0.909,0.636,0.957,0.977,0.116,0.912,0.959,-0.0,0.798,AWP|USP-S|a1h1k1|sm1fl1HE1fr1;AWP|USP-S|a1h1k0|sm1fl1HE1fr1;AWP|Desert Eagle|a1h1k1|sm1fl1HE1fr1
ct,1400,AWP,5450,OBSERVED,1,85.6,0,exact,500,700,800,,6850,6150,,AWP:100%;AK-47:0%;M4A4:0%,1.0,0.91,0.632,0.955,0.977,0.119,0.909,0.96,-0.0,0.797,AWP|USP-S|a1h1k1|sm1fl1HE1fr1;AWP|USP-S|a1h1k0|sm1fl1HE1fr1;AWP|Desert Eagle|a1h1k1|sm1fl1HE1fr1
ct,1400,AWP,5500,OBSERVED,1,84.9,0,exact,500,700,800,,6900,6200,,AWP:100%;AK-47:0%;M4A4:0%,1.0,0.91,0.628,0.953,0.976,0.123,0.906,0.96,-0.0,0.795,AWP|USP-S|a1h1k1|sm1fl1HE1fr1;AWP|USP-S|a1h1k0|sm1fl1HE1fr1;AWP|Desert Eagle|a1h1k1|sm1fl1HE1fr1
ct,1400,AWP,5550,OBSERVED,3,84.2,0,exact,500,700,800,,6950,6250,,AWP:100%;AK-47:0%;M4A4:0%,1.0,0.911,0.624,0.951,0.976,0.128,0.903,0.961,-0.0,0.792,AWP|USP-S|a1h1k1|sm1fl1HE1fr1;AWP|USP-S|a1h1k0|sm1fl1HE1fr1;AWP|Desert Eagle|a1h1k1|sm1fl1HE1fr1
ct,1400,AWP,5600,OBSERVED,1,83.6,0,exact,400,700,800,,7000,6300,,AWP:100%;AK-47:0%;M4A4:0%,1.0,0.911,0.619,0.95,0.975,0.133,0.899,0.961,-0.0,0.789,AWP|USP-S|a1h1k1|sm1fl1HE1fr1;AWP|USP-S|a1h1k0|sm1fl1HE1fr1;AWP|Desert Eagle|a1h1k1|sm1fl1HE1fr1
ct,1400,AWP,5650,OBSERVED,5,83.0,0,exact,400,700,800,,7050,6350,,AWP:100%;AK-47:0%;M4A4:0%,1.0,0.912,0.615,0.948,0.975,0.138,0.895,0.961,-0.0,0.785,AWP|USP-S|a1h1k1|sm1fl1HE1fr1;AWP|USP-S|a1h1k0|sm1fl1HE1fr1;AWP|Desert Eagle|a1h1k1|sm1fl1HE1fr1
ct,1400,AWP,5700,OBSERVED,1,82.5,0,exact,400,700,800,,7100,6400,,AWP:100%;AK-47:0%;M4A4:0%,1.0,0.912,0.61,0.947,0.974,0.143,0.891,0.96,-0.0,0.781,AWP|USP-S|a1h1k1|sm1fl1HE1fr1;AWP|USP-S|a1h1k0|sm1fl1HE1fr1;AWP|Desert Eagle|a1h1k1|sm1fl1HE1fr1
ct,1400,AWP,5750,OBSERVED,5,82.0,0,exact,400,700,800,,7150,6450,,AWP:100%;AK-47:0%;M4A4:0%,1.0,0.912,0.606,0.945,0.974,0.149,0.886,0.96,-0.0,0.776,AWP|USP-S|a1h1k1|sm1fl1HE1fr1;AWP|USP-S|a1h1k0|sm1fl1HE1fr1;AWP|Desert Eagle|a1h1k1|sm1fl1HE1fr1
ct,1400,AWP,5800,OBSERVED,3,81.6,0,exact,400,700,800,,7200,6500,,AWP:100%;AK-47:0%;M4A4:0%,1.0,0.913,0.602,0.944,0.973,0.155,0.882,0.959,-0.0,0.771,AWP|USP-S|a1h1k1|sm1fl1HE1fr1;AWP|USP-S|a1h1k0|sm1fl1HE1fr1;AWP|Tec-9|a1h1k1|sm1fl1HE1fr1
ct,1400,AWP,5850,OBSERVED,2,81.1,0,exact,400,700,800,,7250,6550,,AWP:100%;AK-47:0%;M4A4:0%,1.0,0.913,0.598,0.943,0.973,0.161,0.877,0.957,-0.0,0.765,AWP|USP-S|a1h1k1|sm1fl1HE1fr1;AWP|USP-S|a1h1k0|sm1fl1HE1fr1;AWP|Tec-9|a1h1k1|sm1fl1HE1fr1
ct,1400,AWP,5900,OBSERVED,1,80.7,0,exact,400,700,800,,7300,6600,,AWP:100%;AK-47:0%;M4A4:0%,1.0,0.914,0.595,0.942,0.973,0.167,0.873,0.956,-0.0,0.759,AWP|USP-S|a1h1k1|sm1fl1HE1fr1;AWP|USP-S|a1h1k0|sm1fl1HE1fr1;AWP|Tec-9|a1h1k1|sm1fl1HE1fr1
ct,1400,AWP,5950,OBSERVED,6,80.3,0,exact,400,700,850,,7350,6650,,AWP:100%;AK-47:0%;M4A4:0%,1.0,0.914,0.592,0.94,0.972,0.173,0.868,0.954,-0.0,0.753,AWP|USP-S|a1h1k1|sm1fl1HE1fr1;AWP|USP-S|a1h1k0|sm1fl1HE1fr1;AWP|Tec-9|a1h1k1|sm1fl1HE1fr1
ct,1400,AWP,6000,OBSERVED,3,79.9,0,exact,400,700,850,,7400,6700,,AWP:100%;AK-47:0%;M4A4:0%,1.0,0.915,0.59,0.939,0.972,0.179,0.864,0.952,-0.0,0.747,AWP|USP-S|a1h1k1|sm1fl1HE1fr1;AWP|USP-S|a1h1k0|sm1fl1HE1fr1;AWP|Tec-9|a1h1k1|sm1fl1HE1fr1
ct,1400,FAMAS,3450,OBSERVED,1,84.7,0,exact,1000,1200,1500,,4850,3650,,FAMAS:65%;M4A4:11%;AK-47:11%,1.0,0.966,0.454,0.961,0.982,0.026,0.975,0.98,0.13,0.811,FAMAS|USP-S|a1h1k0|sm1fl1HE1fr1;FAMAS|USP-S|a1h1k1|sm1fl1HE1fr1;AK-47|USP-S|a1h1k1|sm1fl1HE1fr1
ct,1400,FAMAS,3500,OBSERVED,10,86.0,0,exact,1000,1300,1500,,4900,3600,,FAMAS:65%;M4A4:11%;AK-47:11%,1.0,0.966,0.451,0.959,0.982,0.027,0.974,0.979,0.13,0.807,FAMAS|USP-S|a1h1k0|sm1fl1HE1fr1;FAMAS|USP-S|a1h1k1|sm1fl1HE1fr1;AK-47|USP-S|a1h1k1|sm1fl1HE1fr1
ct,1400,FAMAS,3550,OBSERVED,15,87.2,0,exact,1000,1300,1500,,4950,3650,,FAMAS:65%;AK-47:12%;M4A4:11%,1.0,0.965,0.448,0.958,0.981,0.027,0.973,0.979,0.136,0.804,FAMAS|USP-S|a1h1k0|sm1fl1HE1fr1;FAMAS|USP-S|a1h1k1|sm1fl1HE1fr1;AK-47|USP-S|a1h1k1|sm1fl1HE1fr1
ct,1400,FAMAS,3600,OBSERVED,11,88.3,0,exact,1000,1300,1500,,5000,3700,,FAMAS:65%;AK-47:12%;M4A4:11%,1.0,0.964,0.444,0.957,0.98,0.028,0.973,0.978,0.141,0.8,FAMAS|USP-S|a1h1k0|sm1fl1HE1fr1;FAMAS|USP-S|a1h1k1|sm1fl1HE1fr1;AK-47|USP-S|a1h1k1|sm1fl1HE1fr1
ct,1400,FAMAS,3650,OBSERVED,5,89.3,0,exact,1000,1300,1500,,5050,3750,,FAMAS:65%;AK-47:12%;M4A4:11%,1.0,0.963,0.44,0.956,0.979,0.029,0.972,0.978,0.147,0.797,FAMAS|USP-S|a1h1k0|sm1fl1HE1fr1;FAMAS|USP-S|a1h1k1|sm1fl1HE1fr1;AK-47|USP-S|a1h1k1|sm1fl1HE1fr1
ct,1400,FAMAS,3700,OBSERVED,2,90.1,0,exact,1000,1300,1500,,5100,3800,,FAMAS:65%;AK-47:12%;M4A4:11%,1.0,0.962,0.437,0.955,0.978,0.03,0.971,0.977,0.153,0.793,FAMAS|USP-S|a1h1k0|sm1fl1HE1fr1;FAMAS|USP-S|a1h1k1|sm1fl1HE1fr1;AK-47|USP-S|a1h1k1|sm1fl1HE1fr1
ct,1400,FAMAS,3750,OBSERVED,4,90.8,0,exact,1000,1300,1500,,5150,3850,,FAMAS:65%;AK-47:13%;M4A4:11%,1.0,0.961,0.433,0.953,0.978,0.031,0.97,0.976,0.153,0.79,FAMAS|USP-S|a1h1k0|sm1fl1HE1fr1;FAMAS|USP-S|a1h1k1|sm1fl1HE1fr1;AK-47|USP-S|a1h1k1|sm1fl1HE1fr1
ct,1400,FAMAS,3800,OBSERVED,11,91.3,0,exact,1000,1300,1500,,5200,3900,,FAMAS:65%;AK-47:13%;M4A4:11%,1.0,0.959,0.429,0.952,0.977,0.032,0.969,0.976,0.158,0.786,FAMAS|USP-S|a1h1k0|sm1fl1HE1fr1;FAMAS|USP-S|a1h1k1|sm1fl1HE1fr1;AK-47|USP-S|a1h1k1|sm1fl1HE1fr1
ct,1400,FAMAS,3850,OBSERVED,12,91.5,0,exact,1000,1300,1500,,5250,3950,,FAMAS:65%;AK-47:13%;M4A4:11%,1.0,0.958,0.426,0.952,0.976,0.033,0.968,0.976,0.163,0.782,FAMAS|USP-S|a1h1k0|sm1fl1HE1fr1;FAMAS|USP-S|a1h1k1|sm1fl1HE1fr1;AK-47|USP-S|a1h1k1|sm1fl1HE1fr1
ct,1400,FAMAS,3900,OBSERVED,3,91.6,0,exact,1000,1300,1500,,5300,4000,,FAMAS:65%;AK-47:14%;M4A4:11%,1.0,0.957,0.422,0.951,0.975,0.034,0.966,0.975,0.169,0.779,FAMAS|USP-S|a1h1k0|sm1fl1HE1fr1;FAMAS|USP-S|a1h1k1|sm1fl1HE1fr1;AK-47|USP-S|a1h1k1|sm1fl1HE1fr1
ct,1400,FAMAS,3950,OBSERVED,1,91.4,0,exact,1000,1300,1500,,5350,4050,,FAMAS:65%;AK-47:14%;M4A4:11%,1.0,0.955,0.419,0.95,0.975,0.035,0.965,0.975,0.169,0.775,FAMAS|USP-S|a1h1k0|sm1fl1HE1fr1;FAMAS|USP-S|a1h1k1|sm1fl1HE1fr1;AK-47|USP-S|a1h1k1|sm1fl1HE1fr1
ct,1400,FAMAS,4000,OBSERVED,2,90.9,0,exact,1000,1300,1500,,5400,4100,,FAMAS:64%;AK-47:14%;M4A4:11%,1.0,0.954,0.415,0.949,0.974,0.036,0.964,0.975,0.174,0.772,FAMAS|USP-S|a1h1k0|sm1fl1HE1fr1;FAMAS|USP-S|a1h1k1|sm1fl1HE1fr1;AK-47|USP-S|a1h1k1|sm1fl1HE1fr1
ct,1400,FAMAS,4050,OBSERVED,1,90.1,0,exact,1000,1300,1500,,5450,4150,,FAMAS:64%;AK-47:15%;M4A4:11%,1.0,0.952,0.412,0.949,0.973,0.037,0.963,0.974,0.179,0.768,FAMAS|USP-S|a1h1k0|sm1fl1HE1fr1;FAMAS|USP-S|a1h1k1|sm1fl1HE1fr1;AK-47|USP-S|a1h1k1|sm1fl1HE1fr1
ct,1400,FAMAS,4100,OBSERVED,4,89.0,0,exact,1000,1200,1500,,5500,4300,,FAMAS:64%;AK-47:15%;M4A4:11%,1.0,0.951,0.409,0.948,0.973,0.038,0.962,0.974,0.179,0.765,FAMAS|USP-S|a1h1k0|sm1fl1HE1fr1;FAMAS|USP-S|a1h1k1|sm1fl1HE1fr1;AK-47|USP-S|a1h1k1|sm1fl1HE1fr1
ct,1400,FAMAS,4150,OBSERVED,3,87.6,0,exact,1000,1200,1500,,5550,4350,,FAMAS:64%;AK-47:16%;M4A4:11%,1.0,0.949,0.406,0.948,0.972,0.039,0.961,0.974,0.184,0.762,FAMAS|USP-S|a1h1k0|sm1fl1HE1fr1;FAMAS|USP-S|a1h1k1|sm1fl1HE1fr1;AK-47|USP-S|a1h1k1|sm1fl1HE1fr1
ct,1400,FAMAS,4200,OBSERVED,3,85.9,0,exact,1000,1200,1500,,5600,4400,,FAMAS:64%;AK-47:16%;M4A4:11%,1.0,0.948,0.404,0.948,0.972,0.04,0.96,0.974,0.184,0.761,FAMAS|USP-S|a1h1k0|sm1fl1HE1fr1;FAMAS|USP-S|a1h1k1|sm1fl1HE1fr1;AK-47|USP-S|a1h1k1|sm1fl1HE1fr1
ct,1400,FAMAS,4250,OBSERVED,1,83.8,0,exact,1000,1200,1500,,5650,4450,,FAMAS:63%;AK-47:17%;M4A4:11%,1.0,0.946,0.401,0.948,0.972,0.041,0.958,0.974,0.184,0.76,FAMAS|USP-S|a1h1k0|sm1fl1HE1fr1;FAMAS|USP-S|a1h1k1|sm1fl1HE1fr1;AK-47|USP-S|a1h1k1|sm1fl1HE1fr1
ct,1400,FAMAS,4300,INTERPOLATED,0,81.5,50,exact,1000,1200,1500,,5700,4500,,FAMAS:63%;AK-47:17%;M4A4:11%,1.0,0.945,0.4,0.948,0.971,0.042,0.957,0.975,0.189,0.759,FAMAS|USP-S|a1h1k0|sm1fl1HE1fr1;FAMAS|USP-S|a1h1k1|sm1fl1HE1fr1;AK-47|USP-S|a1h1k1|sm1fl1HE1fr1
ct,1400,FAMAS,4350,INTERPOLATED,0,78.8,50,exact,900,1200,1500,,5750,4550,,FAMAS:63%;AK-47:18%;M4A4:11%,1.0,0.943,0.398,0.949,0.971,0.042,0.956,0.975,0.189,0.76,FAMAS|USP-S|a1h1k0|sm1fl1HE1fr1;FAMAS|USP-S|a1h1k1|sm1fl1HE1fr1;AK-47|USP-S|a1h1k1|sm1fl1HE1fr1
ct,1400,FAMAS,4400,OBSERVED,1,75.9,0,exact,900,1200,1500,,5800,4600,,FAMAS:62%;AK-47:18%;M4A4:11%,1.0,0.942,0.398,0.949,0.971,0.043,0.956,0.975,0.189,0.762,FAMAS|USP-S|a1h1k0|sm1fl1HE1fr1;FAMAS|USP-S|a1h1k1|sm1fl1HE1fr1;AK-47|USP-S|a1h1k1|sm1fl1HE1fr1
ct,1400,FAMAS,4450,OBSERVED,1,72.7,0,exact,900,1200,1400,,5850,4650,,FAMAS:62%;AK-47:19%;M4A4:11%,1.0,0.941,0.397,0.95,0.971,0.044,0.955,0.976,0.189,0.764,FAMAS|USP-S|a1h1k0|sm1fl1HE1fr1;FAMAS|USP-S|a1h1k1|sm1fl1HE1fr1;AK-47|USP-S|a1h1k1|sm1fl1HE1fr1
ct,1400,FAMAS,4500,OBSERVED,1,69.3,0,exact,900,1200,1400,,5900,4700,,FAMAS:61%;AK-47:20%;M4A4:11%,1.0,0.94,0.398,0.951,0.972,0.044,0.954,0.977,0.184,0.768,FAMAS|USP-S|a1h1k0|sm1fl1HE1fr1;FAMAS|USP-S|a1h1k1|sm1fl1HE1fr1;AK-47|USP-S|a1h1k1|sm1fl1HE1fr1
ct,1400,FAMAS,4550,INTERPOLATED,0,65.8,50,exact,900,1200,1400,,5950,4750,,FAMAS:61%;AK-47:20%;M4A4:12%,1.0,0.939,0.399,0.953,0.972,0.044,0.954,0.977,0.184,0.773,FAMAS|USP-S|a1h1k0|sm1fl1HE1fr1;FAMAS|USP-S|a1h1k1|sm1fl1HE1fr1;AK-47|USP-S|a1h1k1|sm1fl1HE1fr1
ct,1400,FAMAS,4600,INTERPOLATED,0,62.1,100,exact,900,1100,1300,,6000,4900,,FAMAS:60%;AK-47:21%;M4A4:12%,1.0,0.939,0.401,0.955,0.973,0.044,0.954,0.978,0.179,0.779,FAMAS|USP-S|a1h1k0|sm1fl1HE1fr1;AK-47|USP-S|a1h1k1|sm1fl1HE1fr1;FAMAS|USP-S|a1h1k1|sm1fl1HE1fr1
ct,1400,FAMAS,4650,INTERPOLATED,0,58.4,50,exact,900,1100,1300,,6050,4950,,FAMAS:59%;AK-47:21%;M4A4:12%,1.0,0.939,0.404,0.956,0.974,0.044,0.954,0.979,0.174,0.787,FAMAS|USP-S|a1h1k0|sm1fl1HE1fr1;AK-47|USP-S|a1h1k1|sm1fl1HE1fr1;FAMAS|USP-S|a1h1k1|sm1fl1HE1fr1
ct,1400,FAMAS,4700,OBSERVED,1,54.6,0,exact,800,1100,1300,,6100,5000,,FAMAS:58%;AK-47:22%;M4A4:12%,1.0,0.939,0.408,0.959,0.975,0.043,0.955,0.98,0.169,0.794,FAMAS|USP-S|a1h1k0|sm1fl1HE1fr1;AK-47|USP-S|a1h1k1|sm1fl1HE1fr1;FAMAS|USP-S|a1h1k1|sm1fl1HE1fr1
ct,1400,FAMAS,4750,OBSERVED,1,50.8,0,exact,800,1100,1300,,6150,5050,,FAMAS:57%;AK-47:22%;M4A4:12%,1.0,0.94,0.414,0.961,0.976,0.042,0.956,0.982,0.163,0.801,FAMAS|USP-S|a1h1k0|sm1fl1HE1fr1;AK-47|USP-S|a1h1k1|sm1fl1HE1fr1;FAMAS|USP-S|a1h1k1|sm1fl1HE1fr1
ct,1400,FAMAS,4800,INTERPOLATED,0,47.0,50,exact,800,1100,1300,,6200,5100,,FAMAS:56%;AK-47:23%;M4A4:12%,1.0,0.942,0.421,0.964,0.977,0.041,0.957,0.983,0.158,0.807,FAMAS|USP-S|a1h1k0|sm1fl1HE1fr1;AK-47|USP-S|a1h1k1|sm1fl1HE1fr1;FAMAS|USP-S|a1h1k1|sm1fl1HE1fr1
ct,1400,FAMAS,4850,INTERPOLATED,0,43.2,100,exact,800,1100,1300,,6250,5150,,FAMAS:55%;AK-47:23%;M4A4:12%,1.0,0.944,0.429,0.967,0.979,0.039,0.959,0.985,0.147,0.812,FAMAS|USP-S|a1h1k0|sm1fl1HE1fr1;AK-47|USP-S|a1h1k1|sm1fl1HE1fr1;FAMAS|USP-S|a1h1k1|sm1fl1HE1fr1
ct,1400,FAMAS,4900,INTERPOLATED,0,39.5,150,exact,800,1100,1300,,6300,5200,,FAMAS:54%;AK-47:24%;M4A4:12%,1.0,0.947,0.44,0.97,0.981,0.037,0.962,0.986,0.136,0.818,FAMAS|USP-S|a1h1k0|sm1fl1HE1fr1;AK-47|USP-S|a1h1k1|sm1fl1HE1fr1;FAMAS|USP-S|a1h1k1|sm1fl1HE1fr1
ct,1400,FAMAS,4950,INTERPOLATED,0,35.9,200,exact,800,1100,1300,,6350,5250,,FAMAS:53%;AK-47:24%;M4A4:12%,1.0,0.95,0.452,0.973,0.983,0.035,0.964,0.988,0.124,0.826,FAMAS|USP-S|a1h1k0|sm1fl1HE1fr1;AK-47|USP-S|a1h1k1|sm1fl1HE1fr1;FAMAS|USP-S|a1h1k1|sm1fl1HE1fr1
ct,1400,FAMAS,5000,INTERPOLATED_WIDE,0,32.5,250,exact,800,1000,1300,,6400,5400,,FAMAS:51%;AK-47:25%;M4A4:12%,1.0,0.953,0.467,0.976,0.985,0.032,0.968,0.99,0.112,0.839,FAMAS|USP-S|a1h1k0|sm1fl1HE1fr1;AK-47|USP-S|a1h1k1|sm1fl1HE1fr1;FAMAS|USP-S|a1h1k1|sm1fl1HE1fr1
ct,1400,FAMAS,5050,INTERPOLATED_WIDE,0,29.3,250,exact,800,1000,1300,,6450,5450,,FAMAS:50%;AK-47:25%;M4A4:12%,1.0,0.957,0.483,0.979,0.987,0.029,0.971,0.991,0.1,0.851,FAMAS|USP-S|a1h1k0|sm1fl1HE1fr1;AK-47|USP-S|a1h1k1|sm1fl1HE1fr1;FAMAS|USP-S|a1h1k1|sm1fl1HE1fr1
ct,1400,FAMAS,5100,INTERPOLATED,0,26.5,200,exact,800,1000,1200,,6500,5500,,FAMAS:48%;AK-47:26%;M4A4:12%,1.0,0.961,0.501,0.981,0.989,0.026,0.975,0.993,0.087,0.867,FAMAS|USP-S|a1h1k0|sm1fl1HE1fr1;AK-47|USP-S|a1h1k1|sm1fl1HE1fr1;FAMAS|USP-S|a1h1k1|sm1fl1HE1fr1
ct,1400,FAMAS,5150,INTERPOLATED,0,24.0,150,exact,800,1000,1200,,6550,5550,,FAMAS:46%;AK-47:27%;M4A4:12%,1.0,0.965,0.52,0.983,0.991,0.024,0.979,0.994,0.074,0.881,FAMAS|USP-S|a1h1k0|sm1fl1HE1fr1;AK-47|USP-S|a1h1k1|sm1fl1HE1fr1;FAMAS|USP-S|a1h1k1|sm1fl1HE1fr1
ct,1400,FAMAS,5200,INTERPOLATED,0,22.0,100,exact,800,800,1100,,6600,5800,,FAMAS:45%;AK-47:27%;M4A4:12%,1.0,0.968,0.539,0.985,0.993,0.022,0.982,0.995,0.06,0.893,FAMAS|USP-S|a1h1k0|sm1fl1HE1fr1;FAMAS|USP-S|a1h1k1|sm1fl1HE1fr1;AK-47|USP-S|a1h1k1|sm1fl1HE1fr1
ct,1400,FAMAS,5250,INTERPOLATED,0,20.3,50,exact,700,800,1100,,6650,5850,,FAMAS:44%;AK-47:28%;M4A4:12%,1.0,0.971,0.559,0.985,0.994,0.02,0.985,0.996,0.053,0.901,FAMAS|USP-S|a1h1k0|sm1fl1HE1fr1;FAMAS|USP-S|a1h1k1|sm1fl1HE1fr1;AK-47|USP-S|a1h1k1|sm1fl1HE1fr1
ct,1400,Galil AR,5700,INTERPOLATED,0,20.2,50,exact,600,800,1000,,7100,6300,,Galil AR:68%;M4A4:23%;MP9:6%,1.0,1.0,0.618,0.937,0.937,0.055,0.945,1.0,0.339,0.882,Galil AR|USP-S|a1h1k0|sm1fl1HE1fr1;Galil AR|USP-S|a1h1k1|sm1fl1HE1fr1;Galil AR|Tec-9|a1h1k1|sm1fl1HE1fr1
ct,1400,Galil AR,5750,INTERPOLATED,0,20.5,100,exact,600,800,1000,,7150,6350,,Galil AR:68%;M4A4:23%;MP9:6%,1.0,1.0,0.623,0.939,0.939,0.051,0.948,1.0,0.331,0.88,Galil AR|USP-S|a1h1k0|sm1fl1HE1fr1;Galil AR|USP-S|a1h1k1|sm1fl1HE1fr1;Galil AR|Tec-9|a1h1k1|sm1fl1HE1fr1
ct,1400,Galil AR,5800,INTERPOLATED,0,20.8,150,exact,600,800,1000,,7200,6400,,Galil AR:68%;M4A4:22%;MP9:6%,1.0,1.0,0.629,0.942,0.942,0.048,0.952,1.0,0.319,0.876,Galil AR|USP-S|a1h1k0|sm1fl1HE1fr1;Galil AR|USP-S|a1h1k1|sm1fl1HE1fr1;Galil AR|Tec-9|a1h1k1|sm1fl1HE1fr1
ct,1400,Galil AR,5850,INTERPOLATED,0,21.2,150,exact,600,800,1000,,7250,6450,,Galil AR:68%;M4A4:22%;MP9:6%,1.0,1.0,0.636,0.944,0.945,0.044,0.956,1.0,0.311,0.871,Galil AR|USP-S|a1h1k0|sm1fl1HE1fr1;Galil AR|USP-S|a1h1k1|sm1fl1HE1fr1;Galil AR|Tec-9|a1h1k1|sm1fl1HE1fr1
ct,1400,Galil AR,5900,INTERPOLATED,0,21.4,100,exact,600,800,1000,,7300,6500,,Galil AR:68%;M4A4:21%;AK-47:5%,1.0,1.0,0.645,0.947,0.948,0.041,0.959,1.0,0.299,0.868,Galil AR|USP-S|a1h1k0|sm1fl1HE1fr1;Galil AR|USP-S|a1h1k1|sm1fl1HE1fr1;Galil AR|Desert Eagle|a1h1k1|sm1fl1HE1fr1
ct,1400,Galil AR,5950,INTERPOLATED,0,21.7,50,exact,600,800,1000,,7350,6550,,Galil AR:69%;M4A4:20%;AK-47:6%,1.0,1.0,0.655,0.951,0.951,0.037,0.963,1.0,0.282,0.867,Galil AR|USP-S|a1h1k0|sm1fl1HE1fr1;Galil AR|USP-S|a1h1k1|sm1fl1HE1fr1;Galil AR|Desert Eagle|a1h1k1|sm1fl1HE1fr1
ct,1400,Galil AR,6000,OBSERVED,1,21.8,0,exact,600,800,1000,,7400,6600,,Galil AR:70%;M4A4:19%;AK-47:7%,1.0,1.0,0.665,0.954,0.955,0.033,0.966,0.999,0.269,0.865,Galil AR|USP-S|a1h1k0|sm1fl1HE1fr1;Galil AR|USP-S|a1h1k1|sm1fl1HE1fr1;Galil AR|Desert Eagle|a1h1k1|sm1fl1HE1fr1
ct,1400,M4A1-S,3450,OBSERVED,7,100.8,0,exact,800,1200,1400,,4850,3650,,M4A1-S:91%;AK-47:5%;M4A4:2%,1.0,0.899,0.433,0.978,0.958,0.048,0.951,0.975,0.081,0.809,M4A1-S|USP-S|a1h1k0|sm1fl1HE1fr1;M4A1-S|USP-S|a1h1k1|sm1fl1HE1fr1;M4A1-S|USP-S|a1h0k0|sm1fl1HE1fr1
ct,1400,M4A1-S,3500,OBSERVED,26,100.8,0,exact,800,1200,1400,,4900,3700,,M4A1-S:91%;AK-47:5%;M4A4:2%,1.0,0.902,0.434,0.977,0.958,0.05,0.95,0.975,0.087,0.809,M4A1-S|USP-S|a1h1k0|sm1fl1HE1fr1;M4A1-S|USP-S|a1h1k1|sm1fl1HE1fr1;M4A1-S|USP-S|a1h0k0|sm1fl1HE1fr1
ct,1400,M4A1-S,3550,OBSERVED,29,104.9,0,exact,800,1300,1450,,4950,3650,,M4A1-S:91%;AK-47:4%;M4A4:3%,1.0,0.906,0.441,0.975,0.959,0.059,0.941,0.978,0.094,0.8,M4A1-S|USP-S|a1h1k0|sm1fl1HE1fr1;M4A1-S|USP-S|a1h1k1|sm1fl1HE1fr1;M4A1-S|Dual Berettas|a1h1k0|sm1fl1HE1fr1
ct,1400,M4A1-S,3600,OBSERVED,35,101.7,0,exact,800,1300,1500,,5000,3700,,M4A1-S:89%;AK-47:5%;M4A4:3%,1.0,0.913,0.458,0.975,0.957,0.068,0.931,0.98,0.076,0.781,M4A1-S|USP-S|a1h1k0|sm1fl1HE1fr1;M4A1-S|USP-S|a1h1k1|sm1fl1HE1fr1;M4A1-S|Dual Berettas|a1h1k0|sm1fl1HE1fr1
ct,1400,M4A1-S,3650,OBSERVED,15,101.9,0,exact,800,1300,1500,,5050,3750,,M4A1-S:87%;AK-47:8%;M4A4:3%,0.999,0.916,0.473,0.966,0.957,0.075,0.917,0.973,0.064,0.757,M4A1-S|USP-S|a1h1k1|sm1fl1HE1fr1;M4A1-S|USP-S|a1h1k0|sm1fl1HE1fr1;M4A1-S|Dual Berettas|a1h1k0|sm1fl1HE1fr1
ct,1400,M4A1-S,3700,OBSERVED,5,100.3,0,exact,800,1300,1500,,5100,3800,,M4A1-S:83%;AK-47:11%;M4A4:3%,0.997,0.917,0.482,0.949,0.963,0.082,0.896,0.959,0.059,0.739,M4A1-S|USP-S|a1h1k1|sm1fl1HE1fr1;M4A1-S|USP-S|a1h1k0|sm1fl1HE1fr1;AK-47|USP-S|a1h1k1|sm1fl1HE1fr1
ct,1400,M4A1-S,3750,OBSERVED,4,104.3,0,exact,800,1300,1400,,5150,3850,,M4A1-S:82%;AK-47:12%;M4A4:3%,0.991,0.911,0.463,0.941,0.968,0.08,0.884,0.956,0.087,0.746,M4A1-S|USP-S|a1h1k0|sm1fl1HE1fr1;M4A1-S|USP-S|a1h1k1|sm1fl1HE1fr1;AK-47|USP-S|a1h1k1|sm1fl1HE1fr1
ct,1400,M4A1-S,3800,OBSERVED,14,104.1,0,exact,800,1250,1400,,5200,3950,,M4A1-S:84%;AK-47:11%;M4A4:2%,0.988,0.901,0.446,0.945,0.968,0.078,0.88,0.959,0.105,0.755,M4A1-S|USP-S|a1h1k0|sm1fl1HE1fr1;M4A1-S|USP-S|a1h1k1|sm1fl1HE1fr1;AK-47|USP-S|a1h1k1|sm1fl1HE1fr1
ct,1400,M4A1-S,3850,OBSERVED,28,108.3,0,exact,800,1200,1400,,5250,4050,,M4A1-S:85%;AK-47:11%;M4A4:2%,0.988,0.893,0.435,0.947,0.966,0.078,0.877,0.958,0.105,0.75,M4A1-S|USP-S|a1h1k0|sm1fl1HE1fr1;M4A1-S|USP-S|a1h1k1|sm1fl1HE1fr1;AK-47|USP-S|a1h1k1|sm1fl1HE1fr1
ct,1400,M4A1-S,3900,OBSERVED,14,101.5,0,exact,800,1150,1400,,5300,4150,,M4A1-S:86%;AK-47:11%;M4A4:1%,0.988,0.888,0.424,0.947,0.964,0.077,0.873,0.955,0.095,0.742,M4A1-S|USP-S|a1h1k0|sm1fl1HE1fr1;M4A1-S|USP-S|a1h1k1|sm1fl1HE1fr1;M4A1-S|Dual Berettas|a1h1k0|sm1fl1HE1fr1
ct,1400,M4A1-S,3950,OBSERVED,7,103.3,0,exact,800,1100,1300,,5350,4250,,M4A1-S:87%;AK-47:11%;none:1%,0.989,0.886,0.412,0.947,0.961,0.075,0.871,0.951,0.087,0.728,M4A1-S|USP-S|a1h1k0|sm1fl1HE1fr1;M4A1-S|USP-S|a1h1k1|sm1fl1HE1fr1;M4A1-S|Dual Berettas|a1h1k0|sm1fl1HE1fr1
ct,1400,M4A1-S,4000,INTERPOLATED,0,104.7,50,exact,800,1100,1300,,5400,4300,,M4A1-S:88%;AK-47:10%;none:1%,0.992,0.891,0.401,0.95,0.956,0.07,0.874,0.946,0.067,0.714,M4A1-S|USP-S|a1h1k0|sm1fl1HE1fr1;M4A1-S|USP-S|a1h1k1|sm1fl1HE1fr1;M4A1-S|Dual Berettas|a1h1k0|sm1fl1HE1fr1
ct,1400,M4A1-S,4050,OBSERVED,5,102.5,0,exact,800,1100,1300,,5450,4350,,M4A1-S:89%;AK-47:10%;M4A4:1%,0.995,0.903,0.4,0.954,0.949,0.06,0.881,0.945,0.045,0.72,M4A1-S|USP-S|a1h1k0|sm1fl1HE1fr1;M4A1-S|USP-S|a1h1k1|sm1fl1HE1fr1;M4A1-S|Dual Berettas|a1h1k0|sm1fl1HE1fr1
ct,1400,M4A1-S,4100,OBSERVED,12,103.7,0,exact,800,1000,1300,,5500,4500,,M4A1-S:89%;AK-47:10%;M4A4:1%,0.996,0.914,0.417,0.958,0.944,0.052,0.888,0.948,0.038,0.731,M4A1-S|USP-S|a1h1k0|sm1fl1HE1fr1;M4A1-S|USP-S|a1h1k1|sm1fl1HE1fr1;M4A1-S|Dual Berettas|a1h1k0|sm1fl1HE1fr1
ct,1400,M4A1-S,4150,OBSERVED,15,100.5,0,exact,800,1000,1300,,5550,4550,,M4A1-S:89%;AK-47:10%;M4A4:1%,0.997,0.922,0.436,0.963,0.942,0.046,0.894,0.951,0.029,0.743,M4A1-S|USP-S|a1h1k1|sm1fl1HE1fr1;M4A1-S|USP-S|a1h1k0|sm1fl1HE1fr1;M4A1-S|Dual Berettas|a1h1k0|sm1fl1HE1fr1
ct,1400,M4A1-S,4200,OBSERVED,12,100.1,0,exact,800,1000,1300,,5600,4600,,M4A1-S:88%;AK-47:10%;M4A4:1%,0.998,0.929,0.46,0.967,0.942,0.042,0.898,0.955,0.021,0.751,M4A1-S|USP-S|a1h1k1|sm1fl1HE1fr1;M4A1-S|USP-S|a1h1k0|sm1fl1HE1fr1;M4A1-S|Dual Berettas|a1h1k0|sm1fl1HE1fr1
ct,1400,M4A1-S,4250,OBSERVED,7,100.8,0,exact,800,1000,1300,,5650,4650,,M4A1-S:88%;AK-47:11%;M4A4:1%,0.998,0.936,0.484,0.972,0.945,0.041,0.902,0.961,0.021,0.759,M4A1-S|USP-S|a1h1k1|sm1fl1HE1fr1;M4A1-S|USP-S|a1h1k0|sm1fl1HE1fr1;M4A1-S|Dual Berettas|a1h1k0|sm1fl1HE1fr1
ct,1400,M4A1-S,4300,OBSERVED,3,100.6,0,exact,800,1000,1300,,5700,4700,,M4A1-S:87%;AK-47:12%;M4A4:1%,0.999,0.943,0.506,0.976,0.949,0.042,0.905,0.966,0.011,0.771,M4A1-S|USP-S|a1h1k1|sm1fl1HE1fr1;M4A1-S|USP-S|a1h1k0|sm1fl1HE1fr1;M4A1-S|Dual Berettas|a1h1k0|sm1fl1HE1fr1
ct,1400,M4A1-S,4350,OBSERVED,3,103.5,0,exact,800,1000,1300,,5750,4750,,M4A1-S:86%;AK-47:13%;M4A4:1%,0.999,0.947,0.522,0.978,0.955,0.046,0.908,0.97,0.011,0.781,M4A1-S|USP-S|a1h1k1|sm1fl1HE1fr1;M4A1-S|USP-S|a1h1k0|sm1fl1HE1fr1;M4A1-S|Dual Berettas|a1h1k0|sm1fl1HE1fr1
ct,1400,M4A1-S,4400,OBSERVED,5,101.0,0,exact,800,1000,1300,,5800,4800,,M4A1-S:84%;AK-47:14%;M4A4:1%,0.999,0.952,0.538,0.98,0.959,0.049,0.911,0.975,0.011,0.792,M4A1-S|USP-S|a1h1k1|sm1fl1HE1fr1;M4A1-S|USP-S|a1h1k0|sm1fl1HE1fr1;M4A1-S|Desert Eagle|a1h1k0|sm1fl1HE1fr1
ct,1400,M4A1-S,4450,OBSERVED,11,103.7,0,exact,800,1000,1300,,5850,4850,,M4A1-S:83%;AK-47:15%;M4A4:1%,0.999,0.955,0.55,0.98,0.961,0.053,0.913,0.977,0.011,0.796,M4A1-S|USP-S|a1h1k1|sm1fl1HE1fr1;M4A1-S|USP-S|a1h1k0|sm1fl1HE1fr1;M4A1-S|Desert Eagle|a1h1k0|sm1fl1HE1fr1
ct,1400,M4A1-S,4500,OBSERVED,6,102.6,0,exact,700,1000,1300,,5900,4900,,M4A1-S:82%;AK-47:16%;M4A4:1%,0.999,0.958,0.565,0.98,0.964,0.056,0.915,0.98,0.011,0.803,M4A1-S|USP-S|a1h1k1|sm1fl1HE1fr1;M4A1-S|USP-S|a1h1k0|sm1fl1HE1fr1;M4A1-S|Desert Eagle|a1h1k0|sm1fl1HE1fr1
ct,1400,M4A1-S,4550,OBSERVED,3,102.6,0,exact,700,900,1300,,5950,5050,,M4A1-S:81%;AK-47:17%;M4A4:1%,0.999,0.96,0.58,0.98,0.965,0.058,0.918,0.982,0.011,0.806,M4A1-S|USP-S|a1h1k1|sm1fl1HE1fr1;M4A1-S|USP-S|a1h1k0|sm1fl1HE1fr1;AK-47|USP-S|a1h1k1|sm1fl1HE1fr1
ct,1400,M4A1-S,4600,OBSERVED,4,103.8,0,exact,700,800,1300,,6000,5200,,M4A1-S:79%;AK-47:18%;M4A4:2%,1.0,0.962,0.596,0.98,0.966,0.06,0.922,0.984,-0.0,0.805,M4A1-S|USP-S|a1h1k1|sm1fl1HE1fr1;M4A1-S|USP-S|a1h1k0|sm1fl1HE1fr1;AK-47|USP-S|a1h1k1|sm1fl1HE1fr1
ct,1400,M4A1-S,4650,OBSERVED,2,100.5,0,exact,700,800,1200,,6050,5250,,M4A1-S:78%;AK-47:19%;M4A4:2%,1.0,0.964,0.615,0.979,0.968,0.062,0.926,0.985,-0.0,0.808,M4A1-S|USP-S|a1h1k1|sm1fl1HE1fr1;M4A1-S|USP-S|a1h1k0|sm1fl1HE1fr1;AK-47|USP-S|a1h1k1|sm1fl1HE1fr1
ct,1400,M4A1-S,4700,OBSERVED,2,103.1,0,exact,600,800,1100,,6100,5300,,M4A1-S:76%;AK-47:20%;M4A4:2%,1.0,0.964,0.632,0.978,0.968,0.062,0.931,0.984,-0.0,0.806,M4A1-S|USP-S|a1h1k1|sm1fl1HE1fr1;M4A1-S|USP-S|a1h1k0|sm1fl1HE1fr1;AK-47|USP-S|a1h1k1|sm1fl1HE1fr1
ct,1400,M4A1-S,4750,OBSERVED,4,100.5,0,exact,600,800,1100,,6150,5350,,M4A1-S:75%;AK-47:21%;M4A4:2%,1.0,0.965,0.652,0.978,0.969,0.062,0.936,0.984,-0.0,0.812,M4A1-S|USP-S|a1h1k1|sm1fl1HE1fr1;M4A1-S|USP-S|a1h1k0|sm1fl1HE1fr1;AK-47|USP-S|a1h1k1|sm1fl1HE1fr1
ct,1400,M4A1-S,4800,OBSERVED,2,102.7,0,exact,600,800,1100,,6200,5400,,M4A1-S:74%;AK-47:22%;M4A4:2%,1.0,0.964,0.669,0.977,0.969,0.06,0.941,0.981,-0.0,0.812,M4A1-S|USP-S|a1h1k1|sm1fl1HE1fr1;M4A1-S|USP-S|a1h1k0|sm1fl1HE1fr1;AK-47|USP-S|a1h1k1|sm1fl1HE1fr1
ct,1400,M4A1-S,4850,OBSERVED,2,104.2,0,exact,600,800,1100,,6250,5450,,M4A1-S:73%;AK-47:23%;M4A4:2%,1.0,0.963,0.686,0.976,0.969,0.057,0.947,0.979,-0.0,0.813,M4A1-S|USP-S|a1h1k1|sm1fl1HE1fr1;M4A1-S|USP-S|a1h1k0|sm1fl1HE1fr1;AK-47|USP-S|a1h1k1|sm1fl1HE1fr1
ct,1400,M4A1-S,4900,OBSERVED,3,100.9,0,exact,600,800,1000,,6300,5500,,M4A1-S:72%;AK-47:24%;M4A4:3%,1.0,0.962,0.703,0.976,0.97,0.054,0.952,0.976,-0.0,0.816,M4A1-S|USP-S|a1h1k1|sm1fl1HE1fr1;M4A1-S|USP-S|a1h1k0|sm1fl1HE1fr1;AK-47|USP-S|a1h1k1|sm1fl1HE1fr1
ct,1400,M4A1-S,4950,OBSERVED,3,101.6,0,exact,600,800,1000,,6350,5550,,M4A1-S:71%;AK-47:24%;M4A4:3%,1.0,0.96,0.717,0.976,0.971,0.05,0.957,0.973,-0.0,0.816,M4A1-S|USP-S|a1h1k1|sm1fl1HE1fr1;M4A1-S|USP-S|a1h1k0|sm1fl1HE1fr1;AK-47|USP-S|a1h1k1|sm1fl1HE1fr1
ct,1400,M4A1-S,5000,OBSERVED,5,102.1,0,exact,550,800,1000,,6400,5600,,M4A1-S:71%;AK-47:25%;M4A4:3%,1.0,0.957,0.728,0.976,0.972,0.046,0.962,0.97,-0.0,0.815,M4A1-S|USP-S|a1h1k1|sm1fl1HE1fr1;M4A1-S|USP-S|a1h1k0|sm1fl1HE1fr1;AK-47|USP-S|a1h1k1|sm1fl1HE1fr1
ct,1400,M4A1-S,5050,OBSERVED,4,102.7,0,exact,550,800,950,,6450,5650,,M4A1-S:70%;AK-47:25%;M4A4:3%,1.0,0.955,0.736,0.977,0.973,0.042,0.966,0.968,-0.0,0.814,M4A1-S|USP-S|a1h1k1|sm1fl1HE1fr1;M4A1-S|USP-S|a1h1k0|sm1fl1HE1fr1;AK-47|USP-S|a1h1k1|sm1fl1HE1fr1
ct,1400,M4A1-S,5100,OBSERVED,4,100.3,0,exact,500,800,900,,6500,5700,,M4A1-S:70%;AK-47:25%;M4A4:3%,1.0,0.952,0.745,0.977,0.975,0.039,0.97,0.966,-0.0,0.816,M4A1-S|USP-S|a1h1k1|sm1fl1HE1fr1;AK-47|USP-S|a1h1k1|sm1fl1HE1fr1;M4A1-S|USP-S|a1h1k0|sm1fl1HE1fr1
ct,1400,M4A1-S,5150,OBSERVED,5,101.5,0,exact,500,800,800,,6550,5750,,M4A1-S:70%;AK-47:25%;M4A4:3%,1.0,0.949,0.749,0.978,0.976,0.036,0.973,0.965,-0.0,0.819,M4A1-S|USP-S|a1h1k1|sm1fl1HE1fr1;AK-47|USP-S|a1h1k1|sm1fl1HE1fr1;M4A1-S|USP-S|a1h1k0|sm1fl1HE1fr1
ct,1400,M4A1-S,5200,OBSERVED,7,100.1,0,exact,500,800,800,,6600,5800,,M4A1-S:70%;AK-47:25%;AWP:3%,1.0,0.947,0.754,0.979,0.978,0.033,0.976,0.963,-0.0,0.822,M4A1-S|USP-S|a1h1k1|sm1fl1HE1fr1;AK-47|USP-S|a1h1k1|sm1fl1HE1fr1;M4A1-S|USP-S|a1h1k0|sm1fl1HE1fr1
ct,1400,M4A1-S,5250,OBSERVED,6,101.9,0,exact,500,800,800,,6650,5850,,M4A1-S:70%;AK-47:24%;AWP:3%,1.0,0.944,0.753,0.98,0.979,0.031,0.977,0.963,-0.0,0.823,M4A1-S|USP-S|a1h1k1|sm1fl1HE1fr1;AK-47|USP-S|a1h1k1|sm1fl1HE1fr1;M4A1-S|USP-S|a1h1k0|sm1fl1HE1fr1
ct,1400,M4A1-S,5300,OBSERVED,10,101.1,0,exact,500,800,800,,6700,5900,,M4A1-S:71%;AK-47:24%;AWP:3%,1.0,0.942,0.754,0.981,0.981,0.029,0.979,0.963,-0.0,0.829,M4A1-S|USP-S|a1h1k1|sm1fl1HE1fr1;AK-47|USP-S|a1h1k1|sm1fl1HE1fr1;M4A1-S|USP-S|a1h1k0|sm1fl1HE1fr1
ct,1400,M4A1-S,5350,OBSERVED,2,100.7,0,exact,500,800,800,,6750,5950,,M4A1-S:71%;AK-47:24%;AWP:3%,1.0,0.94,0.753,0.982,0.982,0.027,0.98,0.963,-0.0,0.834,M4A1-S|USP-S|a1h1k1|sm1fl1HE1fr1;M4A1-S|USP-S|a1h1k0|sm1fl1HE1fr1;AK-47|USP-S|a1h1k1|sm1fl1HE1fr1
ct,1400,M4A1-S,5400,OBSERVED,4,100.4,0,exact,500,800,800,,6800,6000,,M4A1-S:71%;AK-47:24%;AWP:3%,1.0,0.938,0.749,0.982,0.984,0.026,0.98,0.964,-0.0,0.839,M4A1-S|USP-S|a1h1k1|sm1fl1HE1fr1;M4A1-S|USP-S|a1h1k0|sm1fl1HE1fr1;AK-47|USP-S|a1h1k1|sm1fl1HE1fr1
ct,1400,M4A1-S,5450,OBSERVED,5,102.2,0,exact,500,800,800,,6850,6050,,M4A1-S:72%;AK-47:23%;AWP:3%,1.0,0.937,0.742,0.983,0.985,0.027,0.979,0.965,-0.0,0.841,M4A1-S|USP-S|a1h1k1|sm1fl1HE1fr1;M4A1-S|USP-S|a1h1k0|sm1fl1HE1fr1;AK-47|USP-S|a1h1k1|sm1fl1HE1fr1
ct,1400,M4A1-S,5500,OBSERVED,3,101.6,0,exact,500,800,800,,6900,6100,,M4A1-S:72%;AK-47:23%;AWP:4%,1.0,0.936,0.736,0.984,0.986,0.027,0.978,0.967,-0.0,0.843,M4A1-S|USP-S|a1h1k1|sm1fl1HE1fr1;M4A1-S|USP-S|a1h1k0|sm1fl1HE1fr1;AK-47|USP-S|a1h1k1|sm1fl1HE1fr1
ct,1400,M4A1-S,5550,OBSERVED,2,100.8,0,exact,500,800,800,,6950,6150,,M4A1-S:72%;AK-47:23%;AWP:4%,1.0,0.935,0.728,0.985,0.987,0.028,0.976,0.968,-0.0,0.844,M4A1-S|USP-S|a1h1k1|sm1fl1HE1fr1;M4A1-S|USP-S|a1h1k0|sm1fl1HE1fr1;AK-47|USP-S|a1h1k1|sm1fl1HE1fr1
ct,1400,M4A1-S,5600,OBSERVED,5,102.1,0,exact,500,800,800,,7000,6200,,M4A1-S:72%;AK-47:23%;AWP:4%,1.0,0.936,0.718,0.985,0.988,0.03,0.972,0.971,-0.0,0.843,M4A1-S|USP-S|a1h1k1|sm1fl1HE1fr1;M4A1-S|USP-S|a1h1k0|sm1fl1HE1fr1;AK-47|USP-S|a1h1k1|sm1fl1HE1fr1
ct,1400,M4A1-S,5650,OBSERVED,3,100.9,0,exact,500,800,800,,7050,6250,,M4A1-S:72%;AK-47:22%;AWP:4%,1.0,0.936,0.708,0.986,0.988,0.032,0.969,0.973,-0.0,0.843,M4A1-S|USP-S|a1h1k1|sm1fl1HE1fr1;M4A1-S|USP-S|a1h1k0|sm1fl1HE1fr1;AK-47|USP-S|a1h1k1|sm1fl1HE1fr1
ct,1400,M4A1-S,5700,OBSERVED,7,101.9,0,exact,500,800,800,,7100,6300,,M4A1-S:72%;AK-47:23%;AWP:4%,1.0,0.937,0.698,0.986,0.988,0.034,0.965,0.975,-0.0,0.839,M4A1-S|USP-S|a1h1k1|sm1fl1HE1fr1;M4A1-S|USP-S|a1h1k0|sm1fl1HE1fr1;AK-47|USP-S|a1h1k1|sm1fl1HE1fr1
ct,1400,M4A1-S,5750,OBSERVED,3,100.4,0,exact,500,800,800,,7150,6350,,M4A1-S:72%;AK-47:23%;AWP:4%,1.0,0.939,0.688,0.986,0.988,0.037,0.961,0.977,-0.0,0.836,M4A1-S|USP-S|a1h1k1|sm1fl1HE1fr1;M4A1-S|USP-S|a1h1k0|sm1fl1HE1fr1;AK-47|USP-S|a1h1k1|sm1fl1HE1fr1
ct,1400,M4A1-S,5800,INTERPOLATED,0,101.4,50,exact,500,800,800,,7200,6400,,M4A1-S:72%;AK-47:23%;AWP:4%,1.0,0.94,0.678,0.985,0.988,0.04,0.956,0.979,-0.0,0.83,M4A1-S|USP-S|a1h1k1|sm1fl1HE1fr1;M4A1-S|USP-S|a1h1k0|sm1fl1HE1fr1;AK-47|USP-S|a1h1k1|sm1fl1HE1fr1
ct,1400,M4A1-S,5850,OBSERVED,4,102.3,0,exact,500,800,800,,7250,6450,,M4A1-S:72%;AK-47:24%;AWP:4%,1.0,0.942,0.669,0.984,0.987,0.042,0.951,0.981,-0.0,0.823,M4A1-S|USP-S|a1h1k1|sm1fl1HE1fr1;M4A1-S|USP-S|a1h1k0|sm1fl1HE1fr1;AK-47|USP-S|a1h1k1|sm1fl1HE1fr1
ct,1400,M4A1-S,5900,OBSERVED,3,100.7,0,exact,500,800,800,,7300,6500,,M4A1-S:72%;AK-47:24%;AWP:3%,1.0,0.944,0.66,0.984,0.987,0.045,0.946,0.983,-0.0,0.817,M4A1-S|USP-S|a1h1k1|sm1fl1HE1fr1;M4A1-S|USP-S|a1h1k0|sm1fl1HE1fr1;AK-47|USP-S|a1h1k1|sm1fl1HE1fr1
ct,1400,M4A1-S,5950,OBSERVED,3,101.4,0,exact,500,800,800,,7350,6550,,M4A1-S:71%;AK-47:25%;AWP:3%,1.0,0.945,0.653,0.982,0.986,0.047,0.942,0.984,0.011,0.809,M4A1-S|USP-S|a1h1k1|sm1fl1HE1fr1;M4A1-S|USP-S|a1h1k0|sm1fl1HE1fr1;AK-47|USP-S|a1h1k1|sm1fl1HE1fr1
ct,1400,M4A1-S,6000,OBSERVED,5,101.9,0,exact,500,800,800,,7400,6600,,M4A1-S:71%;AK-47:26%;AWP:3%,1.0,0.947,0.647,0.981,0.986,0.049,0.938,0.984,0.011,0.801,M4A1-S|USP-S|a1h1k1|sm1fl1HE1fr1;M4A1-S|USP-S|a1h1k0|sm1fl1HE1fr1;AK-47|USP-S|a1h1k1|sm1fl1HE1fr1
ct,1400,M4A4,3350,OBSERVED,1,101.9,0,exact,900,1250,1400,,4750,3500,,M4A4:90%;AK-47:7%;M4A1-S:2%,1.0,0.922,0.463,0.962,0.945,0.038,0.95,0.987,0.011,0.848,M4A4|USP-S|a1h1k0|sm1fl1HE1fr1;M4A4|USP-S|a1h1k1|sm1fl1HE1fr1;M4A4|Dual Berettas|a1h1k1|sm1fl1HE1fr1
ct,1400,M4A4,3400,INTERPOLATED,0,102.1,50,exact,900,1250,1400,,4800,3550,,M4A4:90%;AK-47:7%;M4A1-S:2%,1.0,0.926,0.463,0.962,0.945,0.037,0.95,0.987,0.011,0.849,M4A4|USP-S|a1h1k0|sm1fl1HE1fr1;M4A4|USP-S|a1h1k1|sm1fl1HE1fr1;M4A4|Dual Berettas|a1h1k1|sm1fl1HE1fr1
ct,1400,M4A4,3450,OBSERVED,3,103.3,0,exact,900,1250,1400,,4850,3600,,M4A4:90%;AK-47:7%;M4A1-S:2%,1.0,0.933,0.464,0.963,0.945,0.037,0.951,0.987,0.011,0.851,M4A4|USP-S|a1h1k0|sm1fl1HE1fr1;M4A4|USP-S|a1h1k1|sm1fl1HE1fr1;M4A4|Dual Berettas|a1h1k1|sm1fl1HE1fr1
ct,1400,M4A4,3500,OBSERVED,26,101.8,0,exact,1000,1250,1400,,4900,3650,,M4A4:90%;AK-47:7%;M4A1-S:2%,1.0,0.941,0.462,0.964,0.944,0.037,0.951,0.988,0.011,0.855,M4A4|USP-S|a1h1k0|sm1fl1HE1fr1;M4A4|USP-S|a1h1k1|sm1fl1HE1fr1;M4A4|Dual Berettas|a1h1k1|sm1fl1HE1fr1
ct,1400,M4A4,3550,OBSERVED,20,101.6,0,exact,1000,1300,1400,,4950,3650,,M4A4:90%;AK-47:7%;M4A1-S:2%,1.0,0.956,0.456,0.968,0.946,0.037,0.952,0.99,-0.0,0.863,M4A4|USP-S|a1h1k0|sm1fl1HE1fr1;M4A4|USP-S|a1h1k1|sm1fl1HE1fr1;M4A4|Dual Berettas|a1h1k1|sm1fl1HE1fr1
ct,1400,M4A4,3600,OBSERVED,34,104.9,0,exact,1000,1250,1400,,5000,3750,,M4A4:90%;AK-47:8%;M4A1-S:2%,1.0,0.968,0.468,0.976,0.955,0.042,0.952,0.994,0.011,0.865,M4A4|USP-S|a1h1k0|sm1fl1HE1fr1;M4A4|USP-S|a1h1k1|sm1fl1HE1fr1;M4A4|Dual Berettas|a1h1k1|sm1fl1HE1fr1
ct,1400,M4A4,3650,OBSERVED,18,104.8,0,exact,900,1200,1400,,5050,3850,,M4A4:89%;AK-47:9%;M4A1-S:1%,1.0,0.975,0.489,0.981,0.965,0.05,0.948,0.996,0.029,0.87,M4A4|USP-S|a1h1k0|sm1fl1HE1fr1;M4A4|USP-S|a1h1k1|sm1fl1HE1fr1;M4A4|Dual Berettas|a1h1k1|sm1fl1HE1fr1
ct,1400,M4A4,3700,OBSERVED,4,108.0,0,exact,800,1200,1400,,5100,3900,,M4A4:88%;AK-47:10%;M4A1-S:1%,1.0,0.977,0.505,0.976,0.971,0.066,0.938,0.997,0.067,0.84,M4A4|USP-S|a1h1k1|sm1fl1HE1fr1;M4A4|USP-S|a1h1k0|sm1fl1HE1fr1;M4A4|Dual Berettas|a1h1k1|sm1fl1HE1fr1
ct,1400,M4A4,3750,OBSERVED,4,111.6,0,exact,800,1300,1400,,5150,3850,,M4A4:86%;AK-47:11%;MP9:1%,1.0,0.973,0.495,0.961,0.972,0.096,0.92,0.994,0.1,0.787,M4A4|USP-S|a1h1k1|sm1fl1HE1fr1;M4A4|USP-S|a1h1k0|sm1fl1HE1fr1;M4A4|Dual Berettas|a1h1k1|sm1fl1HE1fr1
ct,1400,M4A4,3800,OBSERVED,17,104.0,0,exact,800,1300,1400,,5200,3900,,M4A4:86%;AK-47:12%;MP9:1%,1.0,0.966,0.487,0.948,0.972,0.122,0.905,0.99,0.106,0.76,M4A4|USP-S|a1h1k1|sm1fl1HE1fr1;M4A4|USP-S|a1h1k0|sm1fl1HE1fr1;M4A4|USP-S|a1h1k0|sm1fl2HE0fr1
ct,1400,M4A4,3850,OBSERVED,18,100.6,0,exact,800,1250,1400,,5250,4000,,M4A4:85%;AK-47:12%;MP9:1%,1.0,0.96,0.488,0.942,0.973,0.135,0.898,0.988,0.094,0.748,M4A4|USP-S|a1h1k1|sm1fl1HE1fr1;M4A4|USP-S|a1h1k0|sm1fl1HE1fr1;M4A4|USP-S|a1h1k0|sm1fl2HE0fr1
ct,1400,M4A4,3900,OBSERVED,17,104.2,0,exact,800,1200,1400,,5300,4100,,M4A4:85%;AK-47:12%;AWP:2%,1.0,0.955,0.497,0.94,0.976,0.137,0.897,0.986,0.081,0.738,M4A4|USP-S|a1h1k1|sm1fl1HE1fr1;M4A4|USP-S|a1h1k0|sm1fl1HE1fr1;AK-47|USP-S|a1h1k1|sm1fl1HE1fr1
ct,1400,M4A4,3950,OBSERVED,10,104.3,0,exact,800,1200,1300,,5350,4150,,M4A4:84%;AK-47:12%;AWP:3%,1.0,0.951,0.505,0.941,0.98,0.134,0.898,0.985,0.06,0.735,M4A4|USP-S|a1h1k1|sm1fl1HE1fr1;M4A4|USP-S|a1h1k0|sm1fl1HE1fr1;AK-47|USP-S|a1h1k1|sm1fl1HE1fr1
ct,1400,M4A4,4000,OBSERVED,5,104.9,0,exact,800,1200,1300,,5400,4200,,M4A4:83%;AK-47:13%;AWP:3%,1.0,0.947,0.51,0.946,0.984,0.122,0.902,0.985,0.038,0.74,M4A4|USP-S|a1h1k1|sm1fl1HE1fr1;M4A4|USP-S|a1h1k0|sm1fl1HE1fr1;AK-47|USP-S|a1h1k1|sm1fl1HE1fr1
ct,1400,M4A4,4050,OBSERVED,4,105.2,0,exact,800,1100,1300,,5450,4350,,M4A4:82%;AK-47:14%;AWP:3%,1.0,0.94,0.503,0.953,0.989,0.108,0.905,0.984,0.029,0.74,M4A4|USP-S|a1h1k1|sm1fl1HE1fr1;M4A4|USP-S|a1h1k0|sm1fl1HE1fr1;AK-47|USP-S|a1h1k1|sm1fl1HE1fr1
ct,1400,M4A4,4100,OBSERVED,13,100.2,0,exact,800,1100,1300,,5500,4400,,M4A4:82%;AK-47:15%;AWP:2%,1.0,0.931,0.491,0.958,0.991,0.1,0.905,0.982,0.021,0.737,M4A4|USP-S|a1h1k1|sm1fl1HE1fr1;M4A4|USP-S|a1h1k0|sm1fl1HE1fr1;AK-47|USP-S|a1h1k1|sm1fl1HE1fr1
ct,1400,M4A4,4150,OBSERVED,11,103.4,0,exact,700,1100,1300,,5550,4450,,M4A4:81%;AK-47:16%;AWP:2%,1.0,0.921,0.483,0.958,0.989,0.1,0.901,0.98,0.021,0.732,M4A4|USP-S|a1h1k1|sm1fl1HE1fr1;M4A4|USP-S|a1h1k0|sm1fl1HE1fr1;AK-47|USP-S|a1h1k1|sm1fl1HE1fr1
ct,1400,M4A4,4200,OBSERVED,17,103.5,0,exact,700,1100,1300,,5600,4500,,M4A4:81%;AK-47:16%;AWP:2%,1.0,0.913,0.481,0.956,0.987,0.101,0.897,0.978,0.011,0.727,M4A4|USP-S|a1h1k1|sm1fl1HE1fr1;M4A4|USP-S|a1h1k0|sm1fl1HE1fr1;AK-47|USP-S|a1h1k1|sm1fl1HE1fr1
ct,1400,M4A4,4250,OBSERVED,6,106.4,0,exact,700,1000,1300,,5650,4650,,M4A4:81%;AK-47:17%;AWP:1%,1.0,0.909,0.483,0.953,0.983,0.103,0.893,0.977,0.011,0.726,M4A4|USP-S|a1h1k1|sm1fl1HE1fr1;M4A4|USP-S|a1h1k0|sm1fl1HE1fr1;AK-47|USP-S|a1h1k1|sm1fl1HE1fr1
ct,1400,M4A4,4300,OBSERVED,2,103.7,0,exact,700,1000,1300,,5700,4700,,M4A4:81%;AK-47:17%;M4A1-S:1%,1.0,0.906,0.488,0.949,0.979,0.105,0.891,0.975,-0.0,0.725,M4A4|USP-S|a1h1k1|sm1fl1HE1fr1;M4A4|USP-S|a1h1k0|sm1fl1HE1fr1;M4A4|Dual Berettas|a1h1k0|sm1fl1HE1fr1
ct,1400,M4A4,4350,OBSERVED,1,100.7,0,exact,700,1000,1300,,5750,4750,,M4A4:80%;AK-47:17%;AWP:1%,1.0,0.908,0.497,0.945,0.974,0.107,0.889,0.974,-0.0,0.727,M4A4|USP-S|a1h1k1|sm1fl1HE1fr1;M4A4|USP-S|a1h1k0|sm1fl1HE1fr1;M4A4|Dual Berettas|a1h1k0|sm1fl1HE1fr1
ct,1400,M4A4,4400,OBSERVED,6,101.4,0,exact,700,800,1300,,5800,5000,,M4A4:81%;AK-47:17%;AWP:1%,1.0,0.917,0.511,0.942,0.97,0.108,0.893,0.974,-0.0,0.732,M4A4|USP-S|a1h1k1|sm1fl1HE1fr1;M4A4|USP-S|a1h1k0|sm1fl1HE1fr1;AK-47|USP-S|a1h1k1|sm1fl1HE1fr1
ct,1400,M4A4,4450,OBSERVED,7,100.9,0,exact,700,800,1300,,5850,5050,,M4A4:80%;AK-47:17%;AWP:1%,1.0,0.928,0.525,0.941,0.969,0.107,0.899,0.974,-0.0,0.738,M4A4|USP-S|a1h1k1|sm1fl1HE1fr1;M4A4|USP-S|a1h1k0|sm1fl1HE1fr1;AK-47|USP-S|a1h1k1|sm1fl1HE1fr1
ct,1400,M4A4,4500,OBSERVED,7,100.4,0,exact,700,800,1300,,5900,5100,,M4A4:80%;AK-47:18%;AWP:2%,1.0,0.939,0.539,0.941,0.968,0.106,0.906,0.974,-0.0,0.744,M4A4|USP-S|a1h1k1|sm1fl1HE1fr1;M4A4|USP-S|a1h1k0|sm1fl1HE1fr1;AK-47|USP-S|a1h1k1|sm1fl1HE1fr1
ct,1400,M4A4,4550,OBSERVED,5,100.5,0,exact,600,800,1200,,5950,5150,,M4A4:80%;AK-47:18%;AWP:2%,1.0,0.949,0.55,0.941,0.967,0.106,0.913,0.974,-0.0,0.749,M4A4|USP-S|a1h1k1|sm1fl1HE1fr1;M4A4|USP-S|a1h1k0|sm1fl1HE1fr1;AK-47|USP-S|a1h1k1|sm1fl1HE1fr1
ct,1400,M4A4,4600,OBSERVED,10,101.1,0,exact,600,800,1200,,6000,5200,,M4A4:79%;AK-47:18%;AWP:2%,1.0,0.958,0.559,0.942,0.967,0.106,0.919,0.973,-0.0,0.756,M4A4|USP-S|a1h1k1|sm1fl1HE1fr1;M4A4|USP-S|a1h1k0|sm1fl1HE1fr1;AK-47|USP-S|a1h1k1|sm1fl1HE1fr1
ct,1400,M4A4,4650,OBSERVED,4,102.0,0,exact,600,800,1150,,6050,5250,,M4A4:79%;AK-47:19%;AWP:1%,1.0,0.966,0.567,0.944,0.966,0.105,0.924,0.972,-0.0,0.762,M4A4|USP-S|a1h1k1|sm1fl1HE1fr1;M4A4|USP-S|a1h1k0|sm1fl1HE1fr1;AK-47|USP-S|a1h1k1|sm1fl1HE1fr1
ct,1400,M4A4,4700,OBSERVED,5,103.0,0,exact,600,800,1100,,6100,5300,,M4A4:78%;AK-47:19%;AWP:1%,1.0,0.972,0.573,0.946,0.965,0.104,0.927,0.971,-0.0,0.766,M4A4|USP-S|a1h1k1|sm1fl1HE1fr1;M4A4|USP-S|a1h1k0|sm1fl1HE1fr1;AK-47|USP-S|a1h1k1|sm1fl1HE1fr1
ct,1400,M4A4,4750,OBSERVED,5,104.0,0,exact,600,800,1000,,6150,5350,,M4A4:78%;AK-47:19%;AWP:1%,1.0,0.977,0.58,0.949,0.963,0.102,0.93,0.97,-0.0,0.772,M4A4|USP-S|a1h1k1|sm1fl1HE1fr1;M4A4|USP-S|a1h1k0|sm1fl1HE1fr1;AK-47|USP-S|a1h1k1|sm1fl1HE1fr1
ct,1400,M4A4,4800,OBSERVED,8,101.0,0,exact,500,800,900,,6200,5400,,M4A4:77%;AK-47:20%;AWP:1%,1.0,0.982,0.587,0.951,0.962,0.1,0.934,0.969,-0.0,0.778,M4A4|USP-S|a1h1k1|sm1fl1HE1fr1;M4A4|USP-S|a1h1k0|sm1fl1HE1fr1;AK-47|USP-S|a1h1k1|sm1fl1HE1fr1
ct,1400,M4A4,4850,OBSERVED,5,101.9,0,exact,500,800,800,,6250,5450,,M4A4:77%;AK-47:20%;AWP:1%,1.0,0.985,0.593,0.954,0.96,0.095,0.936,0.968,-0.0,0.781,M4A4|USP-S|a1h1k1|sm1fl1HE1fr1;M4A4|USP-S|a1h1k0|sm1fl1HE1fr1;AK-47|USP-S|a1h1k1|sm1fl1HE1fr1
ct,1400,M4A4,4900,OBSERVED,1,102.8,0,exact,500,800,800,,6300,5500,,M4A4:76%;AK-47:20%;AWP:1%,1.0,0.987,0.6,0.957,0.958,0.09,0.938,0.969,-0.0,0.786,M4A4|USP-S|a1h1k1|sm1fl1HE1fr1;M4A4|USP-S|a1h1k0|sm1fl1HE1fr1;AK-47|USP-S|a1h1k1|sm1fl1HE1fr1
ct,1400,M4A4,4950,OBSERVED,7,100.1,0,exact,500,800,800,,6350,5550,,M4A4:76%;AK-47:20%;AWP:1%,1.0,0.989,0.608,0.96,0.957,0.084,0.941,0.969,-0.0,0.796,M4A4|USP-S|a1h1k1|sm1fl1HE1fr1;M4A4|USP-S|a1h1k0|sm1fl1HE1fr1;AK-47|USP-S|a1h1k1|sm1fl1HE1fr1
ct,1400,M4A4,5000,OBSERVED,8,101.3,0,exact,500,700,800,,6400,5700,,M4A4:76%;AK-47:20%;AWP:2%,1.0,0.989,0.615,0.962,0.955,0.077,0.944,0.97,-0.0,0.8,M4A4|USP-S|a1h1k1|sm1fl1HE1fr1;M4A4|USP-S|a1h1k0|sm1fl1HE1fr1;AK-47|USP-S|a1h1k1|sm1fl1HE1fr1
ct,1400,M4A4,5050,OBSERVED,2,102.5,0,exact,500,700,800,,6450,5750,,M4A4:76%;AK-47:20%;AWP:2%,1.0,0.988,0.623,0.964,0.954,0.07,0.948,0.972,-0.0,0.801,M4A4|USP-S|a1h1k1|sm1fl1HE1fr1;M4A4|USP-S|a1h1k0|sm1fl1HE1fr1;AK-47|USP-S|a1h1k0|sm1fl1HE1fr1
ct,1400,M4A4,5100,OBSERVED,5,100.2,0,exact,500,700,800,,6500,5800,,M4A4:75%;AK-47:19%;AWP:2%,1.0,0.988,0.631,0.966,0.953,0.063,0.951,0.974,-0.0,0.806,M4A4|USP-S|a1h1k1|sm1fl1HE1fr1;M4A4|USP-S|a1h1k0|sm1fl1HE1fr1;AK-47|USP-S|a1h1k0|sm1fl1HE1fr1
ct,1400,M4A4,5150,OBSERVED,4,101.5,0,exact,500,700,800,,6550,5850,,M4A4:75%;AK-47:19%;AWP:3%,1.0,0.986,0.638,0.967,0.952,0.057,0.955,0.976,-0.0,0.808,M4A4|USP-S|a1h1k1|sm1fl1HE1fr1;M4A4|USP-S|a1h1k0|sm1fl1HE1fr1;AK-47|USP-S|a1h1k0|sm1fl1HE1fr1
ct,1400,M4A4,5200,OBSERVED,2,102.9,0,exact,500,800,800,,6600,5800,,M4A4:76%;AK-47:19%;AWP:3%,1.0,0.983,0.644,0.968,0.952,0.051,0.959,0.979,-0.0,0.81,M4A4|USP-S|a1h1k1|sm1fl1HE1fr1;M4A4|USP-S|a1h1k0|sm1fl1HE1fr1;AK-47|USP-S|a1h1k0|sm1fl1HE1fr1
ct,1400,M4A4,5250,OBSERVED,5,100.8,0,exact,500,800,800,,6650,5850,,M4A4:76%;AK-47:18%;AWP:3%,1.0,0.981,0.651,0.969,0.952,0.045,0.962,0.981,-0.0,0.816,M4A4|USP-S|a1h1k1|sm1fl1HE1fr1;M4A4|USP-S|a1h1k0|sm1fl1HE1fr1;AK-47|USP-S|a1h1k0|sm1fl1HE1fr1
ct,1400,M4A4,5300,OBSERVED,2,102.5,0,exact,500,800,800,,6700,5900,,M4A4:76%;AK-47:18%;AWP:4%,1.0,0.977,0.656,0.969,0.953,0.041,0.965,0.984,-0.0,0.819,M4A4|USP-S|a1h1k1|sm1fl1HE1fr1;M4A4|USP-S|a1h1k0|sm1fl1HE1fr1;AK-47|USP-S|a1h1k0|sm1fl1HE1fr1
ct,1400,M4A4,5350,OBSERVED,5,100.7,0,exact,500,800,800,,6750,5950,,M4A4:76%;AK-47:17%;AWP:4%,1.0,0.974,0.66,0.97,0.954,0.037,0.969,0.986,-0.0,0.822,M4A4|USP-S|a1h1k1|sm1fl1HE1fr1;M4A4|USP-S|a1h1k0|sm1fl1HE1fr1;AK-47|USP-S|a1h1k0|sm1fl1HE1fr1
ct,1400,M4A4,5400,OBSERVED,3,102.8,0,exact,500,800,800,,6800,6000,,M4A4:77%;AK-47:17%;AWP:4%,1.0,0.971,0.662,0.97,0.956,0.035,0.971,0.988,-0.0,0.823,M4A4|USP-S|a1h1k1|sm1fl1HE1fr1;M4A4|USP-S|a1h1k0|sm1fl1HE1fr1;M4A4|Tec-9|a1h1k1|sm1fl1HE1fr1
ct,1400,M4A4,5450,OBSERVED,3,101.5,0,exact,500,800,800,,6850,6050,,M4A4:77%;AK-47:17%;AWP:4%,1.0,0.967,0.664,0.97,0.957,0.032,0.973,0.99,-0.0,0.824,M4A4|USP-S|a1h1k1|sm1fl1HE1fr1;M4A4|USP-S|a1h1k0|sm1fl1HE1fr1;M4A4|Tec-9|a1h1k1|sm1fl1HE1fr1
ct,1400,M4A4,5500,OBSERVED,7,100.5,0,exact,500,800,800,,6900,6100,,M4A4:78%;AK-47:17%;AWP:4%,1.0,0.964,0.664,0.97,0.959,0.031,0.974,0.992,-0.0,0.823,M4A4|USP-S|a1h1k1|sm1fl1HE1fr1;M4A4|USP-S|a1h1k0|sm1fl1HE1fr1;M4A4|Tec-9|a1h1k1|sm1fl1HE1fr1
ct,1400,M4A4,5550,OBSERVED,2,103.0,0,exact,500,800,800,,6950,6150,,M4A4:78%;AK-47:17%;AWP:4%,1.0,0.961,0.66,0.97,0.961,0.031,0.974,0.993,-0.0,0.821,M4A4|USP-S|a1h1k1|sm1fl1HE1fr1;M4A4|USP-S|a1h1k0|sm1fl1HE1fr1;M4A4|Tec-9|a1h1k1|sm1fl1HE1fr1
ct,1400,M4A4,5600,OBSERVED,2,102.2,0,exact,500,800,800,,7000,6200,,M4A4:78%;AK-47:17%;AWP:4%,1.0,0.958,0.657,0.969,0.963,0.03,0.974,0.995,-0.0,0.819,M4A4|USP-S|a1h1k1|sm1fl1HE1fr1;M4A4|USP-S|a1h1k0|sm1fl1HE1fr1;M4A4|Tec-9|a1h1k1|sm1fl1HE1fr1
ct,1400,M4A4,5650,OBSERVED,5,101.3,0,exact,500,800,800,,7050,6250,,M4A4:78%;AK-47:17%;AWP:4%,1.0,0.956,0.652,0.969,0.965,0.03,0.974,0.996,-0.0,0.816,M4A4|USP-S|a1h1k1|sm1fl1HE1fr1;M4A4|USP-S|a1h1k0|sm1fl1HE1fr1;M4A4|Tec-9|a1h1k1|sm1fl1HE1fr1
ct,1400,M4A4,5700,OBSERVED,4,100.2,0,exact,500,800,800,,7100,6300,,M4A4:79%;AK-47:17%;AWP:4%,1.0,0.954,0.646,0.968,0.967,0.031,0.973,0.997,-0.0,0.813,M4A4|USP-S|a1h1k1|sm1fl1HE1fr1;M4A4|USP-S|a1h1k0|sm1fl1HE1fr1;M4A4|Tec-9|a1h1k1|sm1fl1HE1fr1
ct,1400,M4A4,5750,OBSERVED,3,101.5,0,exact,500,800,800,,7150,6350,,M4A4:78%;AK-47:18%;AWP:3%,1.0,0.954,0.638,0.967,0.969,0.032,0.971,0.997,-0.0,0.81,M4A4|USP-S|a1h1k1|sm1fl1HE1fr1;M4A4|USP-S|a1h1k0|sm1fl1HE1fr1;M4A4|Tec-9|a1h1k1|sm1fl1HE1fr1
ct,1400,M4A4,5800,OBSERVED,2,102.4,0,exact,500,800,800,,7200,6400,,M4A4:78%;AK-47:18%;AWP:3%,1.0,0.954,0.63,0.966,0.969,0.032,0.969,0.997,-0.0,0.808,M4A4|USP-S|a1h1k1|sm1fl1HE1fr1;M4A4|USP-S|a1h1k0|sm1fl1HE1fr1;M4A4|Tec-9|a1h1k1|sm1fl1HE1fr1
ct,1400,M4A4,5850,OBSERVED,4,100.5,0,exact,500,800,800,,7250,6450,,M4A4:78%;AK-47:19%;AWP:3%,1.0,0.953,0.623,0.966,0.97,0.032,0.967,0.998,-0.0,0.806,M4A4|USP-S|a1h1k1|sm1fl1HE1fr1;M4A4|USP-S|a1h1k0|sm1fl1HE1fr1;M4A4|Tec-9|a1h1k1|sm1fl1HE1fr1
ct,1400,M4A4,5900,OBSERVED,1,100.9,0,exact,500,800,800,,7300,6500,,M4A4:78%;AK-47:19%;AWP:2%,1.0,0.954,0.616,0.964,0.97,0.033,0.965,0.997,-0.0,0.805,M4A4|USP-S|a1h1k1|sm1fl1HE1fr1;M4A4|USP-S|a1h1k0|sm1fl1HE1fr1;M4A4|Tec-9|a1h1k1|sm1fl1HE1fr1
ct,1400,M4A4,5950,OBSERVED,5,101.2,0,exact,500,800,800,,7350,6550,,M4A4:77%;AK-47:20%;AWP:2%,1.0,0.955,0.61,0.963,0.97,0.033,0.962,0.997,-0.0,0.806,M4A4|USP-S|a1h1k1|sm1fl1HE1fr1;M4A4|USP-S|a1h1k0|sm1fl1HE1fr1;M4A4|Tec-9|a1h1k1|sm1fl1HE1fr1
ct,1400,M4A4,6000,OBSERVED,7,101.5,0,exact,500,800,800,,7400,6600,,M4A4:77%;AK-47:21%;AWP:2%,1.0,0.957,0.606,0.962,0.97,0.033,0.96,0.997,-0.0,0.807,M4A4|USP-S|a1h1k1|sm1fl1HE1fr1;M4A4|USP-S|a1h1k0|sm1fl1HE1fr1;M4A4|Tec-9|a1h1k1|sm1fl1HE1fr1
ct,1400,MAC-10,3400,OBSERVED,1,87.0,0,family,800,1300,1650,,4800,3500,,MP9:53%;AK-47:11%;Galil AR:10%,1.0,0.968,0.626,1.0,0.963,0.013,0.962,0.986,0.854,0.695,MP9|USP-S|a1h1k1|sm1fl1HE1fr1;MP9|USP-S|a1h1k0|sm1fl1HE1fr1;Galil AR|USP-S|a1h1k1|sm1fl1HE1fr1
ct,1400,MAC-10,3450,OBSERVED,2,89.3,0,family,800,1300,1700,,4850,3550,,MP9:53%;AK-47:11%;Galil AR:10%,1.0,0.969,0.625,1.0,0.963,0.013,0.962,0.986,0.851,0.692,MP9|USP-S|a1h1k1|sm1fl1HE1fr1;MP9|USP-S|a1h1k0|sm1fl1HE1fr1;Galil AR|USP-S|a1h1k1|sm1fl1HE1fr1
ct,1400,MAC-10,3500,OBSERVED,9,91.6,0,family,800,1300,1700,,4900,3600,,MP9:53%;AK-47:11%;Galil AR:11%,1.0,0.969,0.623,1.0,0.963,0.013,0.963,0.987,0.85,0.69,MP9|USP-S|a1h1k1|sm1fl1HE1fr1;MP9|USP-S|a1h1k0|sm1fl1HE1fr1;Galil AR|USP-S|a1h1k1|sm1fl1HE1fr1
ct,1400,MAC-10,3550,OBSERVED,9,94.0,0,family,800,1300,1700,,4950,3650,,MP9:52%;AK-47:11%;Galil AR:11%,1.0,0.969,0.621,1.0,0.963,0.012,0.963,0.987,0.846,0.687,MP9|USP-S|a1h1k1|sm1fl1HE1fr1;MP9|USP-S|a1h1k0|sm1fl1HE1fr1;Galil AR|USP-S|a1h1k1|sm1fl1HE1fr1
ct,1400,MAC-10,3600,OBSERVED,8,96.5,0,family,800,1300,1700,,5000,3700,,MP9:52%;AK-47:11%;Galil AR:11%,1.0,0.97,0.619,1.0,0.963,0.012,0.964,0.988,0.843,0.684,MP9|USP-S|a1h1k1|sm1fl1HE1fr1;MP9|USP-S|a1h1k0|sm1fl1HE1fr1;Galil AR|USP-S|a1h1k1|sm1fl1HE1fr1
ct,1400,MAC-10,3650,OBSERVED,19,99.0,0,family,800,1300,1700,,5050,3750,,MP9:52%;AK-47:12%;Galil AR:11%,1.0,0.97,0.617,1.0,0.963,0.012,0.965,0.988,0.84,0.681,MP9|USP-S|a1h1k1|sm1fl1HE1fr1;MP9|USP-S|a1h1k0|sm1fl1HE1fr1;Galil AR|USP-S|a1h1k1|sm1fl1HE1fr1
ct,1400,MAC-10,3700,OBSERVED,1,100.7,0,family,800,1300,1700,,5100,3800,,MP9:51%;AK-47:12%;Galil AR:11%,1.0,0.971,0.618,1.0,0.963,0.011,0.966,0.989,0.837,0.673,MP9|USP-S|a1h1k1|sm1fl1HE1fr1;MP9|USP-S|a1h1k0|sm1fl1HE1fr1;Galil AR|USP-S|a1h1k1|sm1fl1HE1fr1
ct,1400,MAC-10,3750,OBSERVED,7,100.3,0,family,800,1300,1700,,5150,3850,,MP9:51%;AK-47:12%;Galil AR:11%,1.0,0.971,0.617,1.0,0.963,0.011,0.967,0.989,0.836,0.67,MP9|USP-S|a1h1k1|sm1fl1HE1fr1;MP9|USP-S|a1h1k0|sm1fl1HE1fr1;Galil AR|USP-S|a1h1k1|sm1fl1HE1fr1
ct,1400,MAC-10,3800,OBSERVED,4,100.5,0,family,800,1300,1700,,5200,3900,,MP9:50%;AK-47:12%;Galil AR:11%,1.0,0.971,0.616,1.0,0.963,0.011,0.967,0.99,0.833,0.668,MP9|USP-S|a1h1k1|sm1fl1HE1fr1;MP9|USP-S|a1h1k0|sm1fl1HE1fr1;Galil AR|USP-S|a1h1k1|sm1fl1HE1fr1
ct,1400,MAC-10,3850,OBSERVED,7,100.3,0,family,800,1300,1700,,5250,3950,,MP9:50%;AK-47:12%;Galil AR:11%,1.0,0.971,0.615,1.0,0.963,0.011,0.968,0.991,0.828,0.664,MP9|USP-S|a1h1k1|sm1fl1HE1fr1;MP9|USP-S|a1h1k0|sm1fl1HE1fr1;Galil AR|USP-S|a1h1k1|sm1fl1HE1fr1
ct,1400,MAC-10,3900,OBSERVED,3,100.3,0,family,900,1300,1700,,5300,4000,,MP9:49%;AK-47:13%;Galil AR:11%,1.0,0.971,0.612,1.0,0.963,0.01,0.969,0.991,0.821,0.659,MP9|USP-S|a1h1k1|sm1fl1HE1fr1;MP9|USP-S|a1h1k0|sm1fl1HE1fr1;Galil AR|USP-S|a1h1k1|sm1fl1HE1fr1
ct,1400,MAC-10,3950,OBSERVED,1,100.1,0,family,900,1300,1700,,5350,4050,,MP9:48%;AK-47:14%;Galil AR:11%,1.0,0.972,0.614,1.0,0.963,0.01,0.971,0.992,0.811,0.658,MP9|USP-S|a1h1k1|sm1fl1HE1fr1;MP9|USP-S|a1h1k0|sm1fl1HE1fr1;Galil AR|USP-S|a1h1k1|sm1fl1HE1fr1
ct,1400,MAC-10,4000,INTERPOLATED,0,101.3,50,family,900,1300,1700,,5400,4100,,MP9:47%;AK-47:14%;Galil AR:11%,1.0,0.972,0.611,1.0,0.963,0.009,0.973,0.993,0.802,0.653,MP9|USP-S|a1h1k1|sm1fl1HE1fr1;MP9|USP-S|a1h1k0|sm1fl1HE1fr1;AK-47|USP-S|a1h1k1|sm1fl1HE1fr1
ct,1400,MAC-10,4050,OBSERVED,2,100.3,0,family,900,1300,1700,,5450,4150,,MP9:46%;AK-47:15%;Galil AR:11%,1.0,0.973,0.599,1.0,0.963,0.008,0.976,0.994,0.792,0.654,MP9|USP-S|a1h1k1|sm1fl1HE1fr1;MP9|USP-S|a1h1k0|sm1fl1HE1fr1;AK-47|USP-S|a1h1k1|sm1fl1HE1fr1
ct,1400,MAC-10,4100,OBSERVED,9,100.1,0,family,900,1300,1700,,5500,4200,,MP9:45%;AK-47:15%;Galil AR:11%,1.0,0.973,0.594,1.0,0.963,0.007,0.978,0.995,0.783,0.65,MP9|USP-S|a1h1k1|sm1fl1HE1fr1;MP9|USP-S|a1h1k0|sm1fl1HE1fr1;AK-47|USP-S|a1h1k1|sm1fl1HE1fr1
ct,1400,MAC-10,4150,OBSERVED,1,101.0,0,family,900,1300,1700,,5550,4250,,MP9:44%;AK-47:16%;Galil AR:11%,1.0,0.974,0.588,1.0,0.964,0.007,0.979,0.995,0.776,0.647,MP9|USP-S|a1h1k1|sm1fl1HE1fr1;MP9|USP-S|a1h1k0|sm1fl1HE1fr1;AK-47|USP-S|a1h1k1|sm1fl1HE1fr1
ct,1400,MAC-10,4200,OBSERVED,4,101.7,0,family,900,1300,1700,,5600,4300,,MP9:43%;AK-47:16%;Galil AR:11%,1.0,0.975,0.577,1.0,0.965,0.006,0.981,0.995,0.771,0.637,MP9|USP-S|a1h1k1|sm1fl1HE1fr1;MP9|USP-S|a1h1k0|sm1fl1HE1fr1;AK-47|USP-S|a1h1k1|sm1fl1HE1fr1
ct,1400,MAC-10,4250,OBSERVED,4,100.5,0,family,900,1300,1700,,5650,4350,,MP9:43%;AK-47:16%;Galil AR:11%,1.0,0.976,0.573,1.0,0.966,0.006,0.982,0.995,0.766,0.633,MP9|USP-S|a1h1k1|sm1fl1HE1fr1;MP9|USP-S|a1h1k0|sm1fl1HE1fr1;AK-47|USP-S|a1h1k1|sm1fl1HE1fr1
ct,1400,MAC-10,4300,OBSERVED,1,101.0,0,family,900,1300,1700,,5700,4400,,MP9:42%;AK-47:16%;Galil AR:10%,1.0,0.977,0.571,1.0,0.966,0.005,0.984,0.995,0.762,0.625,MP9|USP-S|a1h1k1|sm1fl1HE1fr1;MP9|USP-S|a1h1k0|sm1fl1HE1fr1;AK-47|USP-S|a1h1k1|sm1fl1HE1fr1
ct,1400,MAC-10,4350,OBSERVED,2,101.6,0,family,900,1300,1700,,5750,4450,,MP9:42%;AK-47:16%;Galil AR:10%,1.0,0.978,0.57,1.0,0.968,0.005,0.984,0.995,0.758,0.621,MP9|USP-S|a1h1k1|sm1fl1HE1fr1;MP9|USP-S|a1h1k0|sm1fl1HE1fr1;AK-47|USP-S|a1h1k1|sm1fl1HE1fr1
ct,1400,MAC-10,4400,OBSERVED,2,100.3,0,family,900,1300,1700,,5800,4500,,MP9:42%;AK-47:17%;Galil AR:11%,1.0,0.978,0.568,1.0,0.968,0.005,0.985,0.994,0.753,0.616,MP9|USP-S|a1h1k0|sm1fl1HE1fr1;MP9|USP-S|a1h1k1|sm1fl1HE1fr1;AK-47|USP-S|a1h1k1|sm1fl1HE1fr1
ct,1400,MAC-10,4450,OBSERVED,4,101.1,0,family,900,1300,1700,,5850,4550,,MP9:41%;AK-47:17%;Galil AR:11%,1.0,0.979,0.57,1.0,0.97,0.006,0.984,0.993,0.749,0.612,AK-47|USP-S|a1h1k1|sm1fl1HE1fr1;MP9|USP-S|a1h1k1|sm1fl1HE1fr1;MP9|USP-S|a1h1k0|sm1fl1HE1fr1
ct,1400,MAC-10,4500,OBSERVED,3,98.0,0,family,900,1300,1700,,5900,4600,,MP9:41%;AK-47:17%;Galil AR:11%,1.0,0.979,0.569,1.0,0.971,0.006,0.985,0.992,0.743,0.608,AK-47|USP-S|a1h1k1|sm1fl1HE1fr1;MP9|USP-S|a1h1k1|sm1fl1HE1fr1;MP9|USP-S|a1h1k0|sm1fl1HE1fr1
ct,1400,MAC-10,4550,OBSERVED,2,94.7,0,family,900,1300,1700,,5950,4650,,MP9:41%;AK-47:17%;Galil AR:11%,1.0,0.98,0.568,1.0,0.972,0.006,0.985,0.992,0.738,0.605,AK-47|USP-S|a1h1k1|sm1fl1HE1fr1;MP9|USP-S|a1h1k1|sm1fl1HE1fr1;MP9|USP-S|a1h1k0|sm1fl1HE1fr1
ct,1400,MAC-10,4600,OBSERVED,2,91.6,0,family,900,1300,1700,,6000,4700,,MP9:40%;AK-47:17%;Galil AR:11%,1.0,0.98,0.569,1.0,0.973,0.007,0.984,0.99,0.732,0.602,AK-47|USP-S|a1h1k1|sm1fl1HE1fr1;MP9|USP-S|a1h1k1|sm1fl1HE1fr1;MP9|USP-S|a1h1k0|sm1fl1HE1fr1
ct,1400,MAC-10,4650,OBSERVED,2,88.5,0,family,900,1300,1700,,6050,4750,,MP9:40%;AK-47:17%;Galil AR:11%,1.0,0.98,0.571,1.0,0.975,0.007,0.984,0.989,0.728,0.601,AK-47|USP-S|a1h1k1|sm1fl1HE1fr1;MP9|USP-S|a1h1k1|sm1fl1HE1fr1;MP9|USP-S|a1h1k0|sm1fl1HE1fr1
ct,1400,MAC-10,4700,OBSERVED,3,85.5,0,family,900,1300,1700,,6100,4800,,MP9:40%;AK-47:18%;Galil AR:11%,1.0,0.98,0.574,1.0,0.976,0.008,0.982,0.987,0.722,0.599,AK-47|USP-S|a1h1k1|sm1fl1HE1fr1;MP9|USP-S|a1h1k1|sm1fl1HE1fr1;MP9|USP-S|a1h1k0|sm1fl1HE1fr1
ct,1400,MAC-10,4750,OBSERVED,2,82.6,0,family,800,1300,1700,,6150,4850,,MP9:40%;AK-47:18%;Galil AR:11%,1.0,0.98,0.578,1.0,0.978,0.01,0.981,0.985,0.718,0.597,AK-47|USP-S|a1h1k1|sm1fl1HE1fr1;MP9|USP-S|a1h1k1|sm1fl1HE1fr1;MP9|USP-S|a1h1k0|sm1fl1HE1fr1
ct,1400,MAC-10,4800,OBSERVED,2,79.7,0,family,800,1300,1700,,6200,4900,,MP9:40%;AK-47:18%;Galil AR:11%,1.0,0.98,0.583,1.0,0.979,0.011,0.978,0.983,0.714,0.597,AK-47|USP-S|a1h1k1|sm1fl1HE1fr1;MP9|USP-S|a1h1k1|sm1fl1HE1fr1;MP9|USP-S|a1h1k0|sm1fl1HE1fr1
ct,1400,MAC-10,4850,INTERPOLATED,0,77.0,50,family,800,1300,1700,,6250,4950,,MP9:40%;AK-47:18%;Galil AR:11%,1.0,0.979,0.59,1.0,0.981,0.013,0.976,0.98,0.71,0.601,AK-47|USP-S|a1h1k1|sm1fl1HE1fr1;MP9|USP-S|a1h1k1|sm1fl1HE1fr1;MP9|USP-S|a1h1k0|sm1fl1HE1fr1
ct,1400,MAC-10,4900,OBSERVED,3,74.2,0,family,800,1300,1700,,6300,5000,,MP9:40%;AK-47:18%;Galil AR:12%,1.0,0.979,0.597,1.0,0.983,0.016,0.972,0.977,0.706,0.605,AK-47|USP-S|a1h1k1|sm1fl1HE1fr1;MP9|USP-S|a1h1k1|sm1fl1HE1fr1;MP9|USP-S|a1h1k0|sm1fl1HE1fr1
ct,1400,MAC-10,4950,OBSERVED,1,71.5,0,family,800,1300,1700,,6350,5050,,MP9:41%;AK-47:18%;Galil AR:12%,1.0,0.978,0.605,1.0,0.984,0.019,0.968,0.974,0.704,0.61,AK-47|USP-S|a1h1k1|sm1fl1HE1fr1;MP9|USP-S|a1h1k1|sm1fl1HE1fr1;MP9|USP-S|a1h1k0|sm1fl1HE1fr1
ct,1400,MAC-10,5000,OBSERVED,1,68.6,0,family,800,1300,1700,,6400,5100,,MP9:41%;AK-47:17%;Galil AR:12%,1.0,0.977,0.615,1.0,0.986,0.022,0.963,0.97,0.699,0.614,AK-47|USP-S|a1h1k1|sm1fl1HE1fr1;MP9|USP-S|a1h1k1|sm1fl1HE1fr1;MP9|USP-S|a1h1k0|sm1fl1HE1fr1
ct,1400,MAC-10,5050,OBSERVED,1,65.8,0,family,800,1300,1700,,6450,5150,,MP9:42%;AK-47:17%;Galil AR:12%,1.0,0.976,0.624,1.0,0.987,0.026,0.958,0.967,0.697,0.618,MP9|USP-S|a1h1k1|sm1fl1HE1fr1;AK-47|USP-S|a1h1k1|sm1fl1HE1fr1;MP9|USP-S|a1h1k0|sm1fl1HE1fr1
ct,1400,MAC-10,5100,OBSERVED,1,63.0,0,family,800,1300,1700,,6500,5200,,MP9:42%;AK-47:17%;Galil AR:12%,1.0,0.975,0.635,1.0,0.989,0.03,0.952,0.963,0.693,0.621,MP9|USP-S|a1h1k1|sm1fl1HE1fr1;AK-47|USP-S|a1h1k1|sm1fl1HE1fr1;MP9|USP-S|a1h1k0|sm1fl1HE1fr1
ct,1400,MAC-10,5150,INTERPOLATED,0,60.1,50,family,800,1200,1700,,6550,5350,,MP9:43%;AK-47:17%;Galil AR:12%,1.0,0.974,0.645,1.0,0.99,0.035,0.946,0.959,0.691,0.624,MP9|USP-S|a1h1k1|sm1fl1HE1fr1;AK-47|USP-S|a1h1k1|sm1fl1HE1fr1;MP9|USP-S|a1h1k0|sm1fl1HE1fr1
ct,1400,MAC-10,5200,OBSERVED,1,57.4,0,family,800,1200,1700,,6600,5400,,MP9:44%;AK-47:17%;Galil AR:13%,1.0,0.973,0.656,1.0,0.992,0.04,0.939,0.956,0.687,0.626,MP9|USP-S|a1h1k1|sm1fl1HE1fr1;AK-47|USP-S|a1h1k1|sm1fl1HE1fr1;MP9|USP-S|a1h1k0|sm1fl1HE1fr1
ct,1400,MAC-10,5250,OBSERVED,1,54.7,0,family,800,1200,1650,,6650,5450,,MP9:45%;AK-47:17%;Galil AR:13%,1.0,0.972,0.667,1.0,0.993,0.046,0.931,0.952,0.682,0.628,MP9|USP-S|a1h1k1|sm1fl1HE1fr1;AK-47|USP-S|a1h1k1|sm1fl1HE1fr1;Galil AR|USP-S|a1h1k1|sm1fl1HE1fr1
ct,1400,MAC-10,5300,OBSERVED,1,52.3,0,family,800,1200,1600,,6700,5500,,MP9:45%;AK-47:17%;Galil AR:13%,1.0,0.972,0.678,1.0,0.994,0.052,0.923,0.949,0.678,0.633,MP9|USP-S|a1h1k1|sm1fl1HE1fr1;AK-47|USP-S|a1h1k1|sm1fl1HE1fr1;Galil AR|USP-S|a1h1k1|sm1fl1HE1fr1
ct,1400,MAC-10,5350,OBSERVED,4,50.0,0,family,800,1200,1600,,6750,5550,,MP9:46%;AK-47:17%;Galil AR:13%,1.0,0.971,0.688,1.0,0.995,0.059,0.915,0.946,0.673,0.637,MP9|USP-S|a1h1k1|sm1fl1HE1fr1;AK-47|USP-S|a1h1k1|sm1fl1HE1fr1;Galil AR|USP-S|a1h1k1|sm1fl1HE1fr1
ct,1400,MAC-10,5400,OBSERVED,4,47.9,0,family,800,1200,1600,,6800,5600,,MP9:47%;AK-47:17%;Galil AR:13%,1.0,0.97,0.699,1.0,0.996,0.066,0.907,0.944,0.667,0.64,MP9|USP-S|a1h1k1|sm1fl1HE1fr1;AK-47|USP-S|a1h1k1|sm1fl1HE1fr1;Galil AR|USP-S|a1h1k1|sm1fl1HE1fr1
ct,1400,MAC-10,5450,OBSERVED,1,46.0,0,family,800,1200,1600,,6850,5650,,MP9:48%;AK-47:17%;Galil AR:13%,1.0,0.97,0.709,1.0,0.996,0.073,0.898,0.941,0.662,0.642,MP9|USP-S|a1h1k1|sm1fl1HE1fr1;AK-47|USP-S|a1h1k1|sm1fl1HE1fr1;Galil AR|USP-S|a1h1k1|sm1fl1HE1fr1
ct,1400,MAC-10,5500,OBSERVED,3,44.4,0,family,800,1200,1600,,6900,5700,,MP9:48%;AK-47:17%;Galil AR:13%,1.0,0.97,0.719,0.999,0.997,0.082,0.888,0.94,0.653,0.644,MP9|USP-S|a1h1k1|sm1fl1HE1fr1;AK-47|USP-S|a1h1k1|sm1fl1HE1fr1;Galil AR|USP-S|a1h1k1|sm1fl1HE1fr1
ct,1400,MAC-10,5550,OBSERVED,3,43.0,0,family,800,1200,1600,,6950,5750,,MP9:49%;AK-47:17%;Galil AR:13%,1.0,0.97,0.728,0.999,0.998,0.091,0.879,0.938,0.646,0.648,MP9|USP-S|a1h1k1|sm1fl1HE1fr1;AK-47|USP-S|a1h1k1|sm1fl1HE1fr1;Galil AR|USP-S|a1h1k1|sm1fl1HE1fr1
ct,1400,MAC-10,5600,INTERPOLATED,0,41.8,50,family,800,1200,1600,,7000,5800,,MP9:50%;AK-47:17%;Galil AR:12%,1.0,0.97,0.738,0.999,0.998,0.1,0.869,0.938,0.637,0.649,MP9|USP-S|a1h1k1|sm1fl1HE1fr1;AK-47|USP-S|a1h1k1|sm1fl1HE1fr1;Galil AR|USP-S|a1h1k1|sm1fl1HE1fr1
ct,1400,MAC-10,5650,INTERPOLATED,0,40.9,50,family,800,1200,1600,,7050,5850,,MP9:50%;AK-47:18%;Galil AR:12%,1.0,0.97,0.747,0.999,0.998,0.11,0.859,0.938,0.625,0.65,MP9|USP-S|a1h1k1|sm1fl1HE1fr1;AK-47|USP-S|a1h1k1|sm1fl1HE1fr1;Galil AR|USP-S|a1h1k1|sm1fl1HE1fr1
ct,1400,MAC-10,5700,OBSERVED,2,40.0,0,family,800,1200,1600,,7100,5900,,MP9:51%;AK-47:18%;Galil AR:12%,1.0,0.971,0.755,0.998,0.999,0.121,0.848,0.938,0.612,0.651,MP9|USP-S|a1h1k1|sm1fl1HE1fr1;AK-47|USP-S|a1h1k1|sm1fl1HE1fr1;Galil AR|USP-S|a1h1k1|sm1fl1HE1fr1
ct,1400,MAC-10,5750,OBSERVED,1,39.3,0,family,800,1200,1600,,7150,5950,,MP9:51%;AK-47:19%;Galil AR:11%,1.0,0.971,0.763,0.997,0.999,0.133,0.837,0.939,0.6,0.654,MP9|USP-S|a1h1k1|sm1fl1HE1fr1;AK-47|USP-S|a1h1k1|sm1fl1HE1fr1;Galil AR|USP-S|a1h1k1|sm1fl1HE1fr1
ct,1400,MAC-10,5800,INTERPOLATED,0,38.7,50,family,800,1200,1600,,7200,6000,,MP9:51%;AK-47:20%;Galil AR:11%,1.0,0.972,0.771,0.997,0.999,0.145,0.827,0.94,0.584,0.657,MP9|USP-S|a1h1k1|sm1fl1HE1fr1;AK-47|USP-S|a1h1k1|sm1fl1HE1fr1;Galil AR|USP-S|a1h1k1|sm1fl1HE1fr1
ct,1400,MAC-10,5850,INTERPOLATED,0,38.1,50,family,800,1200,1600,,7250,6050,,MP9:51%;AK-47:21%;Galil AR:10%,1.0,0.973,0.778,0.996,0.999,0.158,0.816,0.942,0.568,0.662,MP9|USP-S|a1h1k1|sm1fl1HE1fr1;AK-47|USP-S|a1h1k1|sm1fl1HE1fr1;MP9|USP-S|a1h1k1|sm1fl2HE0fr1
ct,1400,MAC-10,5900,OBSERVED,1,37.5,0,family,800,1200,1600,,7300,6100,,MP9:51%;AK-47:22%;Galil AR:10%,1.0,0.973,0.785,0.994,1.0,0.171,0.805,0.945,0.552,0.666,MP9|USP-S|a1h1k1|sm1fl1HE1fr1;AK-47|USP-S|a1h1k1|sm1fl1HE1fr1;MP9|USP-S|a1h1k1|sm1fl2HE0fr1
ct,1400,MAC-10,5950,OBSERVED,1,36.9,0,family,800,1200,1600,,7350,6150,,MP9:50%;AK-47:23%;Galil AR:9%,1.0,0.974,0.79,0.993,1.0,0.185,0.794,0.948,0.535,0.672,MP9|USP-S|a1h1k1|sm1fl1HE1fr1;MP9|USP-S|a1h1k1|sm1fl2HE0fr1;AK-47|USP-S|a1h1k1|sm1fl1HE1fr1
ct,1400,MAC-10,6000,INTERPOLATED,0,36.3,50,family,800,1200,1600,,7400,6200,,MP9:50%;AK-47:24%;Galil AR:9%,1.0,0.974,0.794,0.991,1.0,0.199,0.783,0.951,0.515,0.675,MP9|USP-S|a1h1k1|sm1fl1HE1fr1;MP9|USP-S|a1h1k1|sm1fl2HE0fr1;AK-47|USP-S|a1h1k1|sm1fl1HE1fr1
ct,1400,MP7,3400,OBSERVED,1,87.0,0,family,800,1300,1650,,4800,3500,,MP9:53%;AK-47:11%;Galil AR:10%,1.0,0.968,0.626,1.0,0.963,0.013,0.962,0.986,0.854,0.695,MP9|USP-S|a1h1k1|sm1fl1HE1fr1;MP9|USP-S|a1h1k0|sm1fl1HE1fr1;Galil AR|USP-S|a1h1k1|sm1fl1HE1fr1
ct,1400,MP7,3450,OBSERVED,2,89.3,0,family,800,1300,1700,,4850,3550,,MP9:53%;AK-47:11%;Galil AR:10%,1.0,0.969,0.625,1.0,0.963,0.013,0.962,0.986,0.851,0.692,MP9|USP-S|a1h1k1|sm1fl1HE1fr1;MP9|USP-S|a1h1k0|sm1fl1HE1fr1;Galil AR|USP-S|a1h1k1|sm1fl1HE1fr1
ct,1400,MP7,3500,OBSERVED,9,91.6,0,family,800,1300,1700,,4900,3600,,MP9:53%;AK-47:11%;Galil AR:11%,1.0,0.969,0.623,1.0,0.963,0.013,0.963,0.987,0.85,0.69,MP9|USP-S|a1h1k1|sm1fl1HE1fr1;MP9|USP-S|a1h1k0|sm1fl1HE1fr1;Galil AR|USP-S|a1h1k1|sm1fl1HE1fr1
ct,1400,MP7,3550,OBSERVED,9,94.0,0,family,800,1300,1700,,4950,3650,,MP9:52%;AK-47:11%;Galil AR:11%,1.0,0.969,0.621,1.0,0.963,0.012,0.963,0.987,0.846,0.687,MP9|USP-S|a1h1k1|sm1fl1HE1fr1;MP9|USP-S|a1h1k0|sm1fl1HE1fr1;Galil AR|USP-S|a1h1k1|sm1fl1HE1fr1
ct,1400,MP7,3600,OBSERVED,8,96.5,0,family,800,1300,1700,,5000,3700,,MP9:52%;AK-47:11%;Galil AR:11%,1.0,0.97,0.619,1.0,0.963,0.012,0.964,0.988,0.843,0.684,MP9|USP-S|a1h1k1|sm1fl1HE1fr1;MP9|USP-S|a1h1k0|sm1fl1HE1fr1;Galil AR|USP-S|a1h1k1|sm1fl1HE1fr1
ct,1400,MP7,3650,OBSERVED,19,99.0,0,family,800,1300,1700,,5050,3750,,MP9:52%;AK-47:12%;Galil AR:11%,1.0,0.97,0.617,1.0,0.963,0.012,0.965,0.988,0.84,0.681,MP9|USP-S|a1h1k1|sm1fl1HE1fr1;MP9|USP-S|a1h1k0|sm1fl1HE1fr1;Galil AR|USP-S|a1h1k1|sm1fl1HE1fr1
ct,1400,MP7,3700,OBSERVED,1,100.7,0,family,800,1300,1700,,5100,3800,,MP9:51%;AK-47:12%;Galil AR:11%,1.0,0.971,0.618,1.0,0.963,0.011,0.966,0.989,0.837,0.673,MP9|USP-S|a1h1k1|sm1fl1HE1fr1;MP9|USP-S|a1h1k0|sm1fl1HE1fr1;Galil AR|USP-S|a1h1k1|sm1fl1HE1fr1
ct,1400,MP7,3750,OBSERVED,7,100.3,0,family,800,1300,1700,,5150,3850,,MP9:51%;AK-47:12%;Galil AR:11%,1.0,0.971,0.617,1.0,0.963,0.011,0.967,0.989,0.836,0.67,MP9|USP-S|a1h1k1|sm1fl1HE1fr1;MP9|USP-S|a1h1k0|sm1fl1HE1fr1;Galil AR|USP-S|a1h1k1|sm1fl1HE1fr1
ct,1400,MP7,3800,OBSERVED,4,100.5,0,family,800,1300,1700,,5200,3900,,MP9:50%;AK-47:12%;Galil AR:11%,1.0,0.971,0.616,1.0,0.963,0.011,0.967,0.99,0.833,0.668,MP9|USP-S|a1h1k1|sm1fl1HE1fr1;MP9|USP-S|a1h1k0|sm1fl1HE1fr1;Galil AR|USP-S|a1h1k1|sm1fl1HE1fr1
ct,1400,MP7,3850,OBSERVED,7,100.3,0,family,800,1300,1700,,5250,3950,,MP9:50%;AK-47:12%;Galil AR:11%,1.0,0.971,0.615,1.0,0.963,0.011,0.968,0.991,0.828,0.664,MP9|USP-S|a1h1k1|sm1fl1HE1fr1;MP9|USP-S|a1h1k0|sm1fl1HE1fr1;Galil AR|USP-S|a1h1k1|sm1fl1HE1fr1
ct,1400,MP7,3900,OBSERVED,3,100.3,0,family,900,1300,1700,,5300,4000,,MP9:49%;AK-47:13%;Galil AR:11%,1.0,0.971,0.612,1.0,0.963,0.01,0.969,0.991,0.821,0.659,MP9|USP-S|a1h1k1|sm1fl1HE1fr1;MP9|USP-S|a1h1k0|sm1fl1HE1fr1;Galil AR|USP-S|a1h1k1|sm1fl1HE1fr1
ct,1400,MP7,3950,OBSERVED,1,100.1,0,family,900,1300,1700,,5350,4050,,MP9:48%;AK-47:14%;Galil AR:11%,1.0,0.972,0.614,1.0,0.963,0.01,0.971,0.992,0.811,0.658,MP9|USP-S|a1h1k1|sm1fl1HE1fr1;MP9|USP-S|a1h1k0|sm1fl1HE1fr1;Galil AR|USP-S|a1h1k1|sm1fl1HE1fr1
ct,1400,MP7,4000,INTERPOLATED,0,101.3,50,family,900,1300,1700,,5400,4100,,MP9:47%;AK-47:14%;Galil AR:11%,1.0,0.972,0.611,1.0,0.963,0.009,0.973,0.993,0.802,0.653,MP9|USP-S|a1h1k1|sm1fl1HE1fr1;MP9|USP-S|a1h1k0|sm1fl1HE1fr1;AK-47|USP-S|a1h1k1|sm1fl1HE1fr1
ct,1400,MP7,4050,OBSERVED,2,100.3,0,family,900,1300,1700,,5450,4150,,MP9:46%;AK-47:15%;Galil AR:11%,1.0,0.973,0.599,1.0,0.963,0.008,0.976,0.994,0.792,0.654,MP9|USP-S|a1h1k1|sm1fl1HE1fr1;MP9|USP-S|a1h1k0|sm1fl1HE1fr1;AK-47|USP-S|a1h1k1|sm1fl1HE1fr1
ct,1400,MP7,4100,OBSERVED,9,100.1,0,family,900,1300,1700,,5500,4200,,MP9:45%;AK-47:15%;Galil AR:11%,1.0,0.973,0.594,1.0,0.963,0.007,0.978,0.995,0.783,0.65,MP9|USP-S|a1h1k1|sm1fl1HE1fr1;MP9|USP-S|a1h1k0|sm1fl1HE1fr1;AK-47|USP-S|a1h1k1|sm1fl1HE1fr1
ct,1400,MP7,4150,OBSERVED,1,101.0,0,family,900,1300,1700,,5550,4250,,MP9:44%;AK-47:16%;Galil AR:11%,1.0,0.974,0.588,1.0,0.964,0.007,0.979,0.995,0.776,0.647,MP9|USP-S|a1h1k1|sm1fl1HE1fr1;MP9|USP-S|a1h1k0|sm1fl1HE1fr1;AK-47|USP-S|a1h1k1|sm1fl1HE1fr1
ct,1400,MP7,4200,OBSERVED,4,101.7,0,family,900,1300,1700,,5600,4300,,MP9:43%;AK-47:16%;Galil AR:11%,1.0,0.975,0.577,1.0,0.965,0.006,0.981,0.995,0.771,0.637,MP9|USP-S|a1h1k1|sm1fl1HE1fr1;MP9|USP-S|a1h1k0|sm1fl1HE1fr1;AK-47|USP-S|a1h1k1|sm1fl1HE1fr1
ct,1400,MP7,4250,OBSERVED,4,100.5,0,family,900,1300,1700,,5650,4350,,MP9:43%;AK-47:16%;Galil AR:11%,1.0,0.976,0.573,1.0,0.966,0.006,0.982,0.995,0.766,0.633,MP9|USP-S|a1h1k1|sm1fl1HE1fr1;MP9|USP-S|a1h1k0|sm1fl1HE1fr1;AK-47|USP-S|a1h1k1|sm1fl1HE1fr1
ct,1400,MP7,4300,OBSERVED,1,101.0,0,family,900,1300,1700,,5700,4400,,MP9:42%;AK-47:16%;Galil AR:10%,1.0,0.977,0.571,1.0,0.966,0.005,0.984,0.995,0.762,0.625,MP9|USP-S|a1h1k1|sm1fl1HE1fr1;MP9|USP-S|a1h1k0|sm1fl1HE1fr1;AK-47|USP-S|a1h1k1|sm1fl1HE1fr1
ct,1400,MP7,4350,OBSERVED,2,101.6,0,family,900,1300,1700,,5750,4450,,MP9:42%;AK-47:16%;Galil AR:10%,1.0,0.978,0.57,1.0,0.968,0.005,0.984,0.995,0.758,0.621,MP9|USP-S|a1h1k1|sm1fl1HE1fr1;MP9|USP-S|a1h1k0|sm1fl1HE1fr1;AK-47|USP-S|a1h1k1|sm1fl1HE1fr1
ct,1400,MP7,4400,OBSERVED,2,100.3,0,family,900,1300,1700,,5800,4500,,MP9:42%;AK-47:17%;Galil AR:11%,1.0,0.978,0.568,1.0,0.968,0.005,0.985,0.994,0.753,0.616,MP9|USP-S|a1h1k0|sm1fl1HE1fr1;MP9|USP-S|a1h1k1|sm1fl1HE1fr1;AK-47|USP-S|a1h1k1|sm1fl1HE1fr1
ct,1400,MP7,4450,OBSERVED,4,101.1,0,family,900,1300,1700,,5850,4550,,MP9:41%;AK-47:17%;Galil AR:11%,1.0,0.979,0.57,1.0,0.97,0.006,0.984,0.993,0.749,0.612,AK-47|USP-S|a1h1k1|sm1fl1HE1fr1;MP9|USP-S|a1h1k1|sm1fl1HE1fr1;MP9|USP-S|a1h1k0|sm1fl1HE1fr1
ct,1400,MP7,4500,OBSERVED,3,98.0,0,family,900,1300,1700,,5900,4600,,MP9:41%;AK-47:17%;Galil AR:11%,1.0,0.979,0.569,1.0,0.971,0.006,0.985,0.992,0.743,0.608,AK-47|USP-S|a1h1k1|sm1fl1HE1fr1;MP9|USP-S|a1h1k1|sm1fl1HE1fr1;MP9|USP-S|a1h1k0|sm1fl1HE1fr1
ct,1400,MP7,4550,OBSERVED,2,94.7,0,family,900,1300,1700,,5950,4650,,MP9:41%;AK-47:17%;Galil AR:11%,1.0,0.98,0.568,1.0,0.972,0.006,0.985,0.992,0.738,0.605,AK-47|USP-S|a1h1k1|sm1fl1HE1fr1;MP9|USP-S|a1h1k1|sm1fl1HE1fr1;MP9|USP-S|a1h1k0|sm1fl1HE1fr1
ct,1400,MP7,4600,OBSERVED,2,91.6,0,family,900,1300,1700,,6000,4700,,MP9:40%;AK-47:17%;Galil AR:11%,1.0,0.98,0.569,1.0,0.973,0.007,0.984,0.99,0.732,0.602,AK-47|USP-S|a1h1k1|sm1fl1HE1fr1;MP9|USP-S|a1h1k1|sm1fl1HE1fr1;MP9|USP-S|a1h1k0|sm1fl1HE1fr1
ct,1400,MP7,4650,OBSERVED,2,88.5,0,family,900,1300,1700,,6050,4750,,MP9:40%;AK-47:17%;Galil AR:11%,1.0,0.98,0.571,1.0,0.975,0.007,0.984,0.989,0.728,0.601,AK-47|USP-S|a1h1k1|sm1fl1HE1fr1;MP9|USP-S|a1h1k1|sm1fl1HE1fr1;MP9|USP-S|a1h1k0|sm1fl1HE1fr1
ct,1400,MP7,4700,OBSERVED,3,85.5,0,family,900,1300,1700,,6100,4800,,MP9:40%;AK-47:18%;Galil AR:11%,1.0,0.98,0.574,1.0,0.976,0.008,0.982,0.987,0.722,0.599,AK-47|USP-S|a1h1k1|sm1fl1HE1fr1;MP9|USP-S|a1h1k1|sm1fl1HE1fr1;MP9|USP-S|a1h1k0|sm1fl1HE1fr1
ct,1400,MP7,4750,OBSERVED,2,82.6,0,family,800,1300,1700,,6150,4850,,MP9:40%;AK-47:18%;Galil AR:11%,1.0,0.98,0.578,1.0,0.978,0.01,0.981,0.985,0.718,0.597,AK-47|USP-S|a1h1k1|sm1fl1HE1fr1;MP9|USP-S|a1h1k1|sm1fl1HE1fr1;MP9|USP-S|a1h1k0|sm1fl1HE1fr1
ct,1400,MP7,4800,OBSERVED,2,79.7,0,family,800,1300,1700,,6200,4900,,MP9:40%;AK-47:18%;Galil AR:11%,1.0,0.98,0.583,1.0,0.979,0.011,0.978,0.983,0.714,0.597,AK-47|USP-S|a1h1k1|sm1fl1HE1fr1;MP9|USP-S|a1h1k1|sm1fl1HE1fr1;MP9|USP-S|a1h1k0|sm1fl1HE1fr1
ct,1400,MP7,4850,INTERPOLATED,0,77.0,50,family,800,1300,1700,,6250,4950,,MP9:40%;AK-47:18%;Galil AR:11%,1.0,0.979,0.59,1.0,0.981,0.013,0.976,0.98,0.71,0.601,AK-47|USP-S|a1h1k1|sm1fl1HE1fr1;MP9|USP-S|a1h1k1|sm1fl1HE1fr1;MP9|USP-S|a1h1k0|sm1fl1HE1fr1
ct,1400,MP7,4900,OBSERVED,3,74.2,0,family,800,1300,1700,,6300,5000,,MP9:40%;AK-47:18%;Galil AR:12%,1.0,0.979,0.597,1.0,0.983,0.016,0.972,0.977,0.706,0.605,AK-47|USP-S|a1h1k1|sm1fl1HE1fr1;MP9|USP-S|a1h1k1|sm1fl1HE1fr1;MP9|USP-S|a1h1k0|sm1fl1HE1fr1
ct,1400,MP7,4950,OBSERVED,1,71.5,0,family,800,1300,1700,,6350,5050,,MP9:41%;AK-47:18%;Galil AR:12%,1.0,0.978,0.605,1.0,0.984,0.019,0.968,0.974,0.704,0.61,AK-47|USP-S|a1h1k1|sm1fl1HE1fr1;MP9|USP-S|a1h1k1|sm1fl1HE1fr1;MP9|USP-S|a1h1k0|sm1fl1HE1fr1
ct,1400,MP7,5000,OBSERVED,1,68.6,0,family,800,1300,1700,,6400,5100,,MP9:41%;AK-47:17%;Galil AR:12%,1.0,0.977,0.615,1.0,0.986,0.022,0.963,0.97,0.699,0.614,AK-47|USP-S|a1h1k1|sm1fl1HE1fr1;MP9|USP-S|a1h1k1|sm1fl1HE1fr1;MP9|USP-S|a1h1k0|sm1fl1HE1fr1
ct,1400,MP7,5050,OBSERVED,1,65.8,0,family,800,1300,1700,,6450,5150,,MP9:42%;AK-47:17%;Galil AR:12%,1.0,0.976,0.624,1.0,0.987,0.026,0.958,0.967,0.697,0.618,MP9|USP-S|a1h1k1|sm1fl1HE1fr1;AK-47|USP-S|a1h1k1|sm1fl1HE1fr1;MP9|USP-S|a1h1k0|sm1fl1HE1fr1
ct,1400,MP7,5100,OBSERVED,1,63.0,0,family,800,1300,1700,,6500,5200,,MP9:42%;AK-47:17%;Galil AR:12%,1.0,0.975,0.635,1.0,0.989,0.03,0.952,0.963,0.693,0.621,MP9|USP-S|a1h1k1|sm1fl1HE1fr1;AK-47|USP-S|a1h1k1|sm1fl1HE1fr1;MP9|USP-S|a1h1k0|sm1fl1HE1fr1
ct,1400,MP7,5150,INTERPOLATED,0,60.1,50,family,800,1200,1700,,6550,5350,,MP9:43%;AK-47:17%;Galil AR:12%,1.0,0.974,0.645,1.0,0.99,0.035,0.946,0.959,0.691,0.624,MP9|USP-S|a1h1k1|sm1fl1HE1fr1;AK-47|USP-S|a1h1k1|sm1fl1HE1fr1;MP9|USP-S|a1h1k0|sm1fl1HE1fr1
ct,1400,MP7,5200,OBSERVED,1,57.4,0,family,800,1200,1700,,6600,5400,,MP9:44%;AK-47:17%;Galil AR:13%,1.0,0.973,0.656,1.0,0.992,0.04,0.939,0.956,0.687,0.626,MP9|USP-S|a1h1k1|sm1fl1HE1fr1;AK-47|USP-S|a1h1k1|sm1fl1HE1fr1;MP9|USP-S|a1h1k0|sm1fl1HE1fr1
ct,1400,MP7,5250,OBSERVED,1,54.7,0,family,800,1200,1650,,6650,5450,,MP9:45%;AK-47:17%;Galil AR:13%,1.0,0.972,0.667,1.0,0.993,0.046,0.931,0.952,0.682,0.628,MP9|USP-S|a1h1k1|sm1fl1HE1fr1;AK-47|USP-S|a1h1k1|sm1fl1HE1fr1;Galil AR|USP-S|a1h1k1|sm1fl1HE1fr1
ct,1400,MP7,5300,OBSERVED,1,52.3,0,family,800,1200,1600,,6700,5500,,MP9:45%;AK-47:17%;Galil AR:13%,1.0,0.972,0.678,1.0,0.994,0.052,0.923,0.949,0.678,0.633,MP9|USP-S|a1h1k1|sm1fl1HE1fr1;AK-47|USP-S|a1h1k1|sm1fl1HE1fr1;Galil AR|USP-S|a1h1k1|sm1fl1HE1fr1
ct,1400,MP7,5350,OBSERVED,4,50.0,0,family,800,1200,1600,,6750,5550,,MP9:46%;AK-47:17%;Galil AR:13%,1.0,0.971,0.688,1.0,0.995,0.059,0.915,0.946,0.673,0.637,MP9|USP-S|a1h1k1|sm1fl1HE1fr1;AK-47|USP-S|a1h1k1|sm1fl1HE1fr1;Galil AR|USP-S|a1h1k1|sm1fl1HE1fr1
ct,1400,MP7,5400,OBSERVED,4,47.9,0,family,800,1200,1600,,6800,5600,,MP9:47%;AK-47:17%;Galil AR:13%,1.0,0.97,0.699,1.0,0.996,0.066,0.907,0.944,0.667,0.64,MP9|USP-S|a1h1k1|sm1fl1HE1fr1;AK-47|USP-S|a1h1k1|sm1fl1HE1fr1;Galil AR|USP-S|a1h1k1|sm1fl1HE1fr1
ct,1400,MP7,5450,OBSERVED,1,46.0,0,family,800,1200,1600,,6850,5650,,MP9:48%;AK-47:17%;Galil AR:13%,1.0,0.97,0.709,1.0,0.996,0.073,0.898,0.941,0.662,0.642,MP9|USP-S|a1h1k1|sm1fl1HE1fr1;AK-47|USP-S|a1h1k1|sm1fl1HE1fr1;Galil AR|USP-S|a1h1k1|sm1fl1HE1fr1
ct,1400,MP7,5500,OBSERVED,3,44.4,0,family,800,1200,1600,,6900,5700,,MP9:48%;AK-47:17%;Galil AR:13%,1.0,0.97,0.719,0.999,0.997,0.082,0.888,0.94,0.653,0.644,MP9|USP-S|a1h1k1|sm1fl1HE1fr1;AK-47|USP-S|a1h1k1|sm1fl1HE1fr1;Galil AR|USP-S|a1h1k1|sm1fl1HE1fr1
ct,1400,MP7,5550,OBSERVED,3,43.0,0,family,800,1200,1600,,6950,5750,,MP9:49%;AK-47:17%;Galil AR:13%,1.0,0.97,0.728,0.999,0.998,0.091,0.879,0.938,0.646,0.648,MP9|USP-S|a1h1k1|sm1fl1HE1fr1;AK-47|USP-S|a1h1k1|sm1fl1HE1fr1;Galil AR|USP-S|a1h1k1|sm1fl1HE1fr1
ct,1400,MP7,5600,INTERPOLATED,0,41.8,50,family,800,1200,1600,,7000,5800,,MP9:50%;AK-47:17%;Galil AR:12%,1.0,0.97,0.738,0.999,0.998,0.1,0.869,0.938,0.637,0.649,MP9|USP-S|a1h1k1|sm1fl1HE1fr1;AK-47|USP-S|a1h1k1|sm1fl1HE1fr1;Galil AR|USP-S|a1h1k1|sm1fl1HE1fr1
ct,1400,MP7,5650,INTERPOLATED,0,40.9,50,family,800,1200,1600,,7050,5850,,MP9:50%;AK-47:18%;Galil AR:12%,1.0,0.97,0.747,0.999,0.998,0.11,0.859,0.938,0.625,0.65,MP9|USP-S|a1h1k1|sm1fl1HE1fr1;AK-47|USP-S|a1h1k1|sm1fl1HE1fr1;Galil AR|USP-S|a1h1k1|sm1fl1HE1fr1
ct,1400,MP7,5700,OBSERVED,2,40.0,0,family,800,1200,1600,,7100,5900,,MP9:51%;AK-47:18%;Galil AR:12%,1.0,0.971,0.755,0.998,0.999,0.121,0.848,0.938,0.612,0.651,MP9|USP-S|a1h1k1|sm1fl1HE1fr1;AK-47|USP-S|a1h1k1|sm1fl1HE1fr1;Galil AR|USP-S|a1h1k1|sm1fl1HE1fr1
ct,1400,MP7,5750,OBSERVED,1,39.3,0,family,800,1200,1600,,7150,5950,,MP9:51%;AK-47:19%;Galil AR:11%,1.0,0.971,0.763,0.997,0.999,0.133,0.837,0.939,0.6,0.654,MP9|USP-S|a1h1k1|sm1fl1HE1fr1;AK-47|USP-S|a1h1k1|sm1fl1HE1fr1;Galil AR|USP-S|a1h1k1|sm1fl1HE1fr1
ct,1400,MP7,5800,INTERPOLATED,0,38.7,50,family,800,1200,1600,,7200,6000,,MP9:51%;AK-47:20%;Galil AR:11%,1.0,0.972,0.771,0.997,0.999,0.145,0.827,0.94,0.584,0.657,MP9|USP-S|a1h1k1|sm1fl1HE1fr1;AK-47|USP-S|a1h1k1|sm1fl1HE1fr1;Galil AR|USP-S|a1h1k1|sm1fl1HE1fr1
ct,1400,MP7,5850,INTERPOLATED,0,38.1,50,family,800,1200,1600,,7250,6050,,MP9:51%;AK-47:21%;Galil AR:10%,1.0,0.973,0.778,0.996,0.999,0.158,0.816,0.942,0.568,0.662,MP9|USP-S|a1h1k1|sm1fl1HE1fr1;AK-47|USP-S|a1h1k1|sm1fl1HE1fr1;MP9|USP-S|a1h1k1|sm1fl2HE0fr1
ct,1400,MP7,5900,OBSERVED,1,37.5,0,family,800,1200,1600,,7300,6100,,MP9:51%;AK-47:22%;Galil AR:10%,1.0,0.973,0.785,0.994,1.0,0.171,0.805,0.945,0.552,0.666,MP9|USP-S|a1h1k1|sm1fl1HE1fr1;AK-47|USP-S|a1h1k1|sm1fl1HE1fr1;MP9|USP-S|a1h1k1|sm1fl2HE0fr1
ct,1400,MP7,5950,OBSERVED,1,36.9,0,family,800,1200,1600,,7350,6150,,MP9:50%;AK-47:23%;Galil AR:9%,1.0,0.974,0.79,0.993,1.0,0.185,0.794,0.948,0.535,0.672,MP9|USP-S|a1h1k1|sm1fl1HE1fr1;MP9|USP-S|a1h1k1|sm1fl2HE0fr1;AK-47|USP-S|a1h1k1|sm1fl1HE1fr1
ct,1400,MP7,6000,INTERPOLATED,0,36.3,50,family,800,1200,1600,,7400,6200,,MP9:50%;AK-47:24%;Galil AR:9%,1.0,0.974,0.794,0.991,1.0,0.199,0.783,0.951,0.515,0.675,MP9|USP-S|a1h1k1|sm1fl1HE1fr1;MP9|USP-S|a1h1k1|sm1fl2HE0fr1;AK-47|USP-S|a1h1k1|sm1fl1HE1fr1
ct,1400,MP9,3400,OBSERVED,1,73.8,0,exact,800,1300,1650,,4800,3500,,MP9:62%;AK-47:11%;M4A4:10%,1.0,0.962,0.597,1.0,0.956,0.015,0.954,0.983,0.87,0.712,MP9|USP-S|a1h1k1|sm1fl1HE1fr1;MP9|USP-S|a1h1k0|sm1fl1HE1fr1;AK-47|USP-S|a1h1k1|sm1fl1HE1fr1
ct,1400,MP9,3450,OBSERVED,2,75.8,0,exact,800,1300,1650,,4850,3550,,MP9:62%;AK-47:12%;M4A4:10%,1.0,0.963,0.596,1.0,0.956,0.015,0.955,0.984,0.866,0.708,MP9|USP-S|a1h1k1|sm1fl1HE1fr1;MP9|USP-S|a1h1k0|sm1fl1HE1fr1;AK-47|USP-S|a1h1k1|sm1fl1HE1fr1
ct,1400,MP9,3500,OBSERVED,6,78.0,0,exact,800,1300,1650,,4900,3600,,MP9:61%;AK-47:12%;M4A4:10%,1.0,0.963,0.595,1.0,0.956,0.015,0.956,0.984,0.862,0.706,MP9|USP-S|a1h1k1|sm1fl1HE1fr1;MP9|USP-S|a1h1k0|sm1fl1HE1fr1;AK-47|USP-S|a1h1k1|sm1fl1HE1fr1
ct,1400,MP9,3550,OBSERVED,8,80.2,0,exact,800,1300,1650,,4950,3650,,MP9:61%;AK-47:12%;M4A4:10%,1.0,0.964,0.595,1.0,0.956,0.015,0.957,0.985,0.857,0.704,MP9|USP-S|a1h1k1|sm1fl1HE1fr1;MP9|USP-S|a1h1k0|sm1fl1HE1fr1;AK-47|USP-S|a1h1k1|sm1fl1HE1fr1
ct,1400,MP9,3600,OBSERVED,8,82.4,0,exact,800,1300,1650,,5000,3700,,MP9:60%;AK-47:12%;M4A4:10%,1.0,0.964,0.594,1.0,0.956,0.014,0.957,0.986,0.853,0.702,MP9|USP-S|a1h1k1|sm1fl1HE1fr1;MP9|USP-S|a1h1k0|sm1fl1HE1fr1;AK-47|USP-S|a1h1k1|sm1fl1HE1fr1
ct,1400,MP9,3650,OBSERVED,16,84.7,0,exact,800,1300,1650,,5050,3750,,MP9:60%;AK-47:12%;M4A4:10%,1.0,0.964,0.593,1.0,0.956,0.014,0.958,0.986,0.847,0.699,MP9|USP-S|a1h1k1|sm1fl1HE1fr1;MP9|USP-S|a1h1k0|sm1fl1HE1fr1;AK-47|USP-S|a1h1k1|sm1fl1HE1fr1
ct,1400,MP9,3700,OBSERVED,1,86.9,0,exact,900,1300,1700,,5100,3800,,MP9:59%;AK-47:12%;M4A4:10%,1.0,0.965,0.596,1.0,0.956,0.014,0.96,0.987,0.841,0.691,MP9|USP-S|a1h1k1|sm1fl1HE1fr1;MP9|USP-S|a1h1k0|sm1fl1HE1fr1;AK-47|USP-S|a1h1k1|sm1fl1HE1fr1
ct,1400,MP9,3750,OBSERVED,5,89.1,0,exact,900,1300,1700,,5150,3850,,MP9:58%;AK-47:12%;M4A4:10%,1.0,0.966,0.595,1.0,0.956,0.013,0.961,0.988,0.834,0.689,MP9|USP-S|a1h1k1|sm1fl1HE1fr1;MP9|USP-S|a1h1k0|sm1fl1HE1fr1;AK-47|USP-S|a1h1k1|sm1fl1HE1fr1
ct,1400,MP9,3800,OBSERVED,3,91.2,0,exact,900,1300,1700,,5200,3900,,MP9:58%;AK-47:13%;M4A4:10%,1.0,0.966,0.594,1.0,0.956,0.013,0.962,0.988,0.828,0.688,MP9|USP-S|a1h1k1|sm1fl1HE1fr1;MP9|USP-S|a1h1k0|sm1fl1HE1fr1;AK-47|USP-S|a1h1k1|sm1fl1HE1fr1
ct,1400,MP9,3850,OBSERVED,5,93.1,0,exact,900,1300,1700,,5250,3950,,MP9:57%;AK-47:13%;M4A4:10%,1.0,0.966,0.593,1.0,0.957,0.012,0.964,0.989,0.821,0.686,MP9|USP-S|a1h1k1|sm1fl1HE1fr1;MP9|USP-S|a1h1k0|sm1fl1HE1fr1;AK-47|USP-S|a1h1k1|sm1fl1HE1fr1
ct,1400,MP9,3900,OBSERVED,2,94.8,0,exact,900,1300,1700,,5300,4000,,MP9:56%;AK-47:13%;M4A4:10%,1.0,0.967,0.592,1.0,0.957,0.012,0.965,0.989,0.813,0.685,MP9|USP-S|a1h1k1|sm1fl1HE1fr1;MP9|USP-S|a1h1k0|sm1fl1HE1fr1;AK-47|USP-S|a1h1k1|sm1fl1HE1fr1
ct,1400,MP9,3950,OBSERVED,1,96.1,0,exact,900,1300,1700,,5350,4050,,MP9:55%;AK-47:14%;M4A4:10%,1.0,0.968,0.597,1.0,0.957,0.011,0.967,0.99,0.805,0.687,MP9|USP-S|a1h1k1|sm1fl1HE1fr1;MP9|USP-S|a1h1k0|sm1fl1HE1fr1;AK-47|USP-S|a1h1k1|sm1fl1HE1fr1
ct,1400,MP9,4000,INTERPOLATED,0,97.1,50,exact,900,1300,1700,,5400,4100,,MP9:54%;AK-47:15%;M4A4:10%,1.0,0.968,0.596,1.0,0.958,0.011,0.969,0.991,0.795,0.686,MP9|USP-S|a1h1k1|sm1fl1HE1fr1;MP9|USP-S|a1h1k0|sm1fl1HE1fr1;AK-47|USP-S|a1h1k1|sm1fl1HE1fr1
ct,1400,MP9,4050,OBSERVED,2,97.7,0,exact,1000,1300,1700,,5450,4150,,MP9:53%;AK-47:15%;M4A4:10%,1.0,0.969,0.588,1.0,0.959,0.01,0.971,0.992,0.787,0.688,MP9|USP-S|a1h1k1|sm1fl1HE1fr1;MP9|USP-S|a1h1k0|sm1fl1HE1fr1;AK-47|USP-S|a1h1k1|sm1fl1HE1fr1
ct,1400,MP9,4100,OBSERVED,9,97.8,0,exact,1000,1300,1700,,5500,4200,,MP9:52%;AK-47:15%;M4A4:11%,1.0,0.97,0.587,1.0,0.959,0.009,0.972,0.992,0.778,0.686,MP9|USP-S|a1h1k1|sm1fl1HE1fr1;MP9|USP-S|a1h1k0|sm1fl1HE1fr1;AK-47|USP-S|a1h1k1|sm1fl1HE1fr1
ct,1400,MP9,4150,OBSERVED,1,97.4,0,exact,1000,1300,1700,,5550,4250,,MP9:51%;AK-47:15%;M4A4:11%,1.0,0.971,0.586,1.0,0.959,0.009,0.974,0.993,0.767,0.684,MP9|USP-S|a1h1k1|sm1fl1HE1fr1;MP9|USP-S|a1h1k0|sm1fl1HE1fr1;AK-47|USP-S|a1h1k1|sm1fl1HE1fr1
ct,1400,MP9,4200,OBSERVED,4,96.6,0,exact,1000,1300,1700,,5600,4300,,MP9:50%;AK-47:15%;M4A4:10%,1.0,0.972,0.579,1.0,0.96,0.008,0.976,0.993,0.758,0.675,MP9|USP-S|a1h1k1|sm1fl1HE1fr1;MP9|USP-S|a1h1k0|sm1fl1HE1fr1;AK-47|USP-S|a1h1k1|sm1fl1HE1fr1
ct,1400,MP9,4250,OBSERVED,4,95.3,0,exact,1000,1300,1700,,5650,4350,,MP9:49%;AK-47:16%;M4A4:10%,1.0,0.972,0.578,1.0,0.961,0.008,0.978,0.993,0.747,0.672,MP9|USP-S|a1h1k1|sm1fl1HE1fr1;MP9|USP-S|a1h1k0|sm1fl1HE1fr1;AK-47|USP-S|a1h1k1|sm1fl1HE1fr1
ct,1400,MP9,4300,OBSERVED,1,93.7,0,exact,1000,1300,1700,,5700,4400,,MP9:48%;AK-47:16%;M4A4:10%,1.0,0.973,0.58,1.0,0.962,0.007,0.98,0.994,0.736,0.665,MP9|USP-S|a1h1k1|sm1fl1HE1fr1;MP9|USP-S|a1h1k0|sm1fl1HE1fr1;AK-47|USP-S|a1h1k1|sm1fl1HE1fr1
ct,1400,MP9,4350,OBSERVED,2,91.7,0,exact,1000,1300,1700,,5750,4450,,MP9:48%;AK-47:16%;M4A4:10%,1.0,0.974,0.58,1.0,0.963,0.007,0.981,0.994,0.726,0.661,MP9|USP-S|a1h1k1|sm1fl1HE1fr1;MP9|USP-S|a1h1k0|sm1fl1HE1fr1;AK-47|USP-S|a1h1k1|sm1fl1HE1fr1
ct,1400,MP9,4400,OBSERVED,2,89.5,0,exact,1000,1300,1700,,5800,4500,,MP9:47%;AK-47:16%;Galil AR:10%,1.0,0.975,0.582,1.0,0.964,0.007,0.982,0.994,0.716,0.658,MP9|USP-S|a1h1k1|sm1fl1HE1fr1;MP9|USP-S|a1h1k0|sm1fl1HE1fr1;AK-47|USP-S|a1h1k1|sm1fl1HE1fr1
ct,1400,MP9,4450,OBSERVED,3,87.2,0,exact,1000,1300,1750,,5850,4550,,MP9:46%;AK-47:17%;Galil AR:11%,1.0,0.976,0.584,1.0,0.965,0.007,0.984,0.994,0.704,0.656,MP9|USP-S|a1h1k1|sm1fl1HE1fr1;MP9|USP-S|a1h1k0|sm1fl1HE1fr1;AK-47|USP-S|a1h1k1|sm1fl1HE1fr1
ct,1400,MP9,4500,OBSERVED,2,84.7,0,exact,1000,1300,1750,,5900,4600,,MP9:46%;AK-47:17%;Galil AR:11%,1.0,0.976,0.587,1.0,0.967,0.007,0.985,0.994,0.693,0.654,MP9|USP-S|a1h1k1|sm1fl1HE1fr1;MP9|USP-S|a1h1k0|sm1fl1HE1fr1;AK-47|USP-S|a1h1k1|sm1fl1HE1fr1
ct,1400,MP9,4550,OBSERVED,2,82.3,0,exact,1000,1300,1800,,5950,4650,,MP9:46%;AK-47:17%;Galil AR:11%,1.0,0.977,0.591,1.0,0.968,0.007,0.985,0.993,0.682,0.652,MP9|USP-S|a1h1k1|sm1fl1HE1fr1;AK-47|USP-S|a1h1k1|sm1fl1HE1fr1;MP9|USP-S|a1h1k0|sm1fl1HE1fr1
ct,1400,MP9,4600,OBSERVED,2,79.8,0,exact,1000,1300,1800,,6000,4700,,MP9:45%;AK-47:17%;Galil AR:11%,1.0,0.977,0.596,1.0,0.969,0.008,0.986,0.993,0.673,0.65,AK-47|USP-S|a1h1k1|sm1fl1HE1fr1;MP9|USP-S|a1h1k1|sm1fl1HE1fr1;MP9|USP-S|a1h1k0|sm1fl1HE1fr1
ct,1400,MP9,4650,OBSERVED,2,77.3,0,exact,1000,1300,1800,,6050,4750,,MP9:45%;AK-47:18%;Galil AR:11%,1.0,0.977,0.602,1.0,0.971,0.008,0.986,0.992,0.662,0.648,AK-47|USP-S|a1h1k1|sm1fl1HE1fr1;MP9|USP-S|a1h1k1|sm1fl1HE1fr1;MP9|USP-S|a1h1k0|sm1fl1HE1fr1
ct,1400,MP9,4700,OBSERVED,2,74.9,0,exact,1000,1300,1800,,6100,4800,,MP9:45%;AK-47:18%;Galil AR:12%,1.0,0.977,0.61,1.0,0.973,0.01,0.986,0.991,0.651,0.647,AK-47|USP-S|a1h1k1|sm1fl1HE1fr1;MP9|USP-S|a1h1k1|sm1fl1HE1fr1;MP9|USP-S|a1h1k0|sm1fl1HE1fr1
ct,1400,MP9,4750,OBSERVED,2,72.5,0,exact,1000,1300,1800,,6150,4850,,MP9:45%;AK-47:18%;Galil AR:12%,1.0,0.977,0.618,1.0,0.975,0.011,0.985,0.99,0.641,0.649,AK-47|USP-S|a1h1k1|sm1fl1HE1fr1;MP9|USP-S|a1h1k1|sm1fl1HE1fr1;MP9|USP-S|a1h1k0|sm1fl1HE1fr1
ct,1400,MP9,4800,OBSERVED,1,70.2,0,exact,1000,1300,1800,,6200,4900,,MP9:45%;AK-47:18%;Galil AR:12%,1.0,0.977,0.628,1.0,0.976,0.013,0.984,0.988,0.632,0.652,AK-47|USP-S|a1h1k1|sm1fl1HE1fr1;MP9|USP-S|a1h1k1|sm1fl1HE1fr1;MP9|USP-S|a1h1k0|sm1fl1HE1fr1
ct,1400,MP9,4850,INTERPOLATED,0,67.7,50,exact,1000,1300,1700,,6250,4950,,MP9:46%;AK-47:18%;Galil AR:13%,1.0,0.976,0.64,1.0,0.978,0.015,0.982,0.987,0.622,0.658,AK-47|USP-S|a1h1k1|sm1fl1HE1fr1;MP9|USP-S|a1h1k1|sm1fl1HE1fr1;MP9|USP-S|a1h1k0|sm1fl1HE1fr1
ct,1400,MP9,4900,OBSERVED,3,65.3,0,exact,1000,1300,1700,,6300,5000,,MP9:46%;AK-47:18%;Galil AR:13%,1.0,0.976,0.652,1.0,0.98,0.018,0.98,0.985,0.612,0.664,AK-47|USP-S|a1h1k1|sm1fl1HE1fr1;MP9|USP-S|a1h1k1|sm1fl1HE1fr1;MP9|USP-S|a1h1k0|sm1fl1HE1fr1
ct,1400,MP9,4950,OBSERVED,1,62.8,0,exact,1000,1300,1700,,6350,5050,,MP9:47%;AK-47:18%;Galil AR:13%,1.0,0.975,0.664,1.0,0.982,0.021,0.977,0.983,0.602,0.67,MP9|USP-S|a1h1k1|sm1fl1HE1fr1;AK-47|USP-S|a1h1k1|sm1fl1HE1fr1;MP9|USP-S|a1h1k0|sm1fl1HE1fr1
ct,1400,MP9,5000,OBSERVED,1,60.2,0,exact,1000,1300,1700,,6400,5100,,MP9:47%;AK-47:18%;Galil AR:13%,1.0,0.974,0.678,1.0,0.984,0.025,0.973,0.981,0.592,0.677,MP9|USP-S|a1h1k1|sm1fl1HE1fr1;AK-47|USP-S|a1h1k1|sm1fl1HE1fr1;MP9|USP-S|a1h1k0|sm1fl1HE1fr1
ct,1400,MP9,5050,OBSERVED,1,57.6,0,exact,1000,1300,1700,,6450,5150,,MP9:48%;AK-47:18%;Galil AR:14%,1.0,0.973,0.691,1.0,0.986,0.03,0.969,0.979,0.584,0.684,MP9|USP-S|a1h1k1|sm1fl1HE1fr1;AK-47|USP-S|a1h1k1|sm1fl1HE1fr1;MP9|USP-S|a1h1k0|sm1fl1HE1fr1
ct,1400,MP9,5100,INTERPOLATED,0,55.0,50,exact,1000,1300,1700,,6500,5200,,MP9:49%;AK-47:18%;Galil AR:14%,1.0,0.972,0.705,1.0,0.987,0.034,0.965,0.977,0.574,0.691,MP9|USP-S|a1h1k1|sm1fl1HE1fr1;AK-47|USP-S|a1h1k1|sm1fl1HE1fr1;MP9|USP-S|a1h1k0|sm1fl1HE1fr1
ct,1400,MP9,5150,INTERPOLATED,0,52.4,50,exact,900,1300,1700,,6550,5250,,MP9:50%;AK-47:18%;Galil AR:14%,1.0,0.97,0.719,1.0,0.989,0.04,0.959,0.975,0.563,0.697,MP9|USP-S|a1h1k1|sm1fl1HE1fr1;AK-47|USP-S|a1h1k1|sm1fl1HE1fr1;MP9|USP-S|a1h1k0|sm1fl1HE1fr1
ct,1400,MP9,5200,OBSERVED,1,49.9,0,exact,800,1300,1700,,6600,5300,,MP9:50%;AK-47:17%;Galil AR:14%,1.0,0.969,0.732,1.0,0.99,0.046,0.954,0.973,0.555,0.702,MP9|USP-S|a1h1k1|sm1fl1HE1fr1;AK-47|USP-S|a1h1k1|sm1fl1HE1fr1;MP9|USP-S|a1h1k0|sm1fl1HE1fr1
ct,1400,MP9,5250,OBSERVED,1,47.5,0,exact,800,1300,1700,,6650,5350,,MP9:51%;AK-47:17%;Galil AR:15%,1.0,0.968,0.745,1.0,0.992,0.053,0.947,0.971,0.544,0.707,MP9|USP-S|a1h1k1|sm1fl1HE1fr1;AK-47|USP-S|a1h1k1|sm1fl1HE1fr1;Galil AR|USP-S|a1h1k1|sm1fl1HE1fr1
ct,1400,MP9,5300,OBSERVED,1,45.3,0,exact,800,1300,1700,,6700,5400,,MP9:52%;AK-47:17%;Galil AR:15%,1.0,0.967,0.757,1.0,0.993,0.06,0.94,0.97,0.532,0.715,MP9|USP-S|a1h1k1|sm1fl1HE1fr1;AK-47|USP-S|a1h1k1|sm1fl1HE1fr1;Galil AR|USP-S|a1h1k1|sm1fl1HE1fr1
ct,1400,MP9,5350,OBSERVED,4,43.3,0,exact,800,1300,1700,,6750,5450,,MP9:53%;AK-47:17%;Galil AR:15%,1.0,0.966,0.769,1.0,0.994,0.067,0.933,0.968,0.524,0.721,MP9|USP-S|a1h1k1|sm1fl1HE1fr1;AK-47|USP-S|a1h1k1|sm1fl1HE1fr1;Galil AR|USP-S|a1h1k1|sm1fl1HE1fr1
ct,1400,MP9,5400,OBSERVED,4,41.5,0,exact,800,1200,1700,,6800,5600,,MP9:54%;AK-47:17%;Galil AR:15%,1.0,0.966,0.78,1.0,0.995,0.076,0.924,0.967,0.512,0.727,MP9|USP-S|a1h1k1|sm1fl1HE1fr1;AK-47|USP-S|a1h1k1|sm1fl1HE1fr1;Galil AR|USP-S|a1h1k1|sm1fl1HE1fr1
ct,1400,MP9,5450,OBSERVED,1,39.9,0,exact,800,1200,1700,,6850,5650,,MP9:55%;AK-47:16%;Galil AR:15%,1.0,0.965,0.79,0.999,0.996,0.085,0.916,0.966,0.5,0.73,MP9|USP-S|a1h1k1|sm1fl1HE1fr1;AK-47|USP-S|a1h1k1|sm1fl1HE1fr1;Galil AR|USP-S|a1h1k1|sm1fl1HE1fr1
ct,1400,MP9,5500,OBSERVED,1,38.6,0,exact,800,1200,1700,,6900,5700,,MP9:56%;AK-47:16%;Galil AR:15%,1.0,0.965,0.799,0.999,0.997,0.094,0.906,0.966,0.488,0.732,MP9|USP-S|a1h1k1|sm1fl1HE1fr1;AK-47|USP-S|a1h1k1|sm1fl1HE1fr1;Galil AR|USP-S|a1h1k1|sm1fl1HE1fr1
ct,1400,MP9,5550,OBSERVED,3,37.5,0,exact,800,1200,1700,,6950,5750,,MP9:57%;AK-47:16%;Galil AR:14%,1.0,0.965,0.808,0.999,0.997,0.105,0.896,0.965,0.475,0.737,MP9|USP-S|a1h1k1|sm1fl1HE1fr1;AK-47|USP-S|a1h1k1|sm1fl1HE1fr1;Galil AR|USP-S|a1h1k1|sm1fl1HE1fr1
ct,1400,MP9,5600,INTERPOLATED,0,36.6,50,exact,800,1200,1700,,7000,5800,,MP9:57%;AK-47:17%;Galil AR:14%,1.0,0.965,0.816,0.999,0.998,0.116,0.886,0.965,0.463,0.741,MP9|USP-S|a1h1k1|sm1fl1HE1fr1;AK-47|USP-S|a1h1k1|sm1fl1HE1fr1;Galil AR|USP-S|a1h1k1|sm1fl1HE1fr1
ct,1400,MP9,5650,INTERPOLATED,0,35.9,50,exact,800,1200,1700,,7050,5850,,MP9:58%;AK-47:17%;Galil AR:14%,1.0,0.966,0.823,0.998,0.998,0.127,0.875,0.965,0.446,0.744,MP9|USP-S|a1h1k1|sm1fl1HE1fr1;AK-47|USP-S|a1h1k1|sm1fl1HE1fr1;Galil AR|USP-S|a1h1k1|sm1fl1HE1fr1
ct,1400,MP9,5700,OBSERVED,2,35.3,0,exact,800,1200,1650,,7100,5900,,MP9:58%;AK-47:17%;Galil AR:14%,1.0,0.966,0.829,0.998,0.999,0.139,0.863,0.966,0.433,0.745,MP9|USP-S|a1h1k1|sm1fl1HE1fr1;AK-47|USP-S|a1h1k1|sm1fl1HE1fr1;Galil AR|USP-S|a1h1k1|sm1fl1HE1fr1
ct,1400,MP9,5750,OBSERVED,1,34.8,0,exact,800,1200,1600,,7150,5950,,MP9:58%;AK-47:18%;Galil AR:13%,1.0,0.967,0.834,0.997,0.999,0.152,0.851,0.967,0.416,0.742,MP9|USP-S|a1h1k1|sm1fl1HE1fr1;AK-47|USP-S|a1h1k1|sm1fl1HE1fr1;Galil AR|USP-S|a1h1k1|sm1fl1HE1fr1
ct,1400,MP9,5800,INTERPOLATED,0,34.4,50,exact,800,1200,1600,,7200,6000,,MP9:58%;AK-47:18%;Galil AR:13%,1.0,0.968,0.839,0.996,0.999,0.166,0.838,0.968,0.402,0.742,MP9|USP-S|a1h1k1|sm1fl1HE1fr1;AK-47|USP-S|a1h1k1|sm1fl1HE1fr1;Galil AR|USP-S|a1h1k1|sm1fl1HE1fr1
ct,1400,MP9,5850,INTERPOLATED,0,34.1,100,exact,800,1200,1600,,7250,6050,,MP9:58%;AK-47:19%;Galil AR:12%,1.0,0.969,0.842,0.995,0.999,0.18,0.825,0.97,0.388,0.745,MP9|USP-S|a1h1k1|sm1fl1HE1fr1;AK-47|USP-S|a1h1k1|sm1fl1HE1fr1;MP9|USP-S|a1h1k1|sm1fl2HE0fr1
ct,1400,MP9,5900,INTERPOLATED,0,33.7,50,exact,800,1200,1600,,7300,6100,,MP9:58%;AK-47:20%;Galil AR:11%,1.0,0.97,0.844,0.994,0.999,0.194,0.812,0.971,0.373,0.748,MP9|USP-S|a1h1k1|sm1fl1HE1fr1;AK-47|USP-S|a1h1k1|sm1fl1HE1fr1;MP9|USP-S|a1h1k1|sm1fl2HE0fr1
ct,1400,MP9,5950,OBSERVED,1,33.3,0,exact,800,1200,1600,,7350,6150,,MP9:57%;AK-47:21%;Galil AR:11%,1.0,0.97,0.845,0.992,1.0,0.209,0.799,0.973,0.358,0.748,MP9|USP-S|a1h1k1|sm1fl1HE1fr1;MP9|USP-S|a1h1k1|sm1fl2HE0fr1;AK-47|USP-S|a1h1k1|sm1fl1HE1fr1
ct,1400,MP9,6000,INTERPOLATED,0,32.7,50,exact,800,1200,1600,,7400,6200,,MP9:56%;AK-47:22%;Galil AR:10%,1.0,0.971,0.845,0.99,1.0,0.224,0.786,0.976,0.347,0.745,MP9|USP-S|a1h1k1|sm1fl1HE1fr1;MP9|USP-S|a1h1k1|sm1fl2HE0fr1;AK-47|USP-S|a1h1k1|sm1fl1HE1fr1
ct,1400,SSG 08,3450,OBSERVED,3,101.1,0,family,800,1150,1650,,4850,3700,,AWP:97%;SSG 08:1%;Galil AR:1%,1.0,0.692,0.499,0.934,0.959,0.141,0.876,0.938,0.011,0.705,AWP|USP-S|a1h1k1|sm1fl1HE1fr1;AWP|USP-S|a1h1k0|sm1fl1HE1fr1;AWP|USP-S|a1h0k0|sm1fl1HE1fr1
ct,1400,SSG 08,3500,OBSERVED,8,100.6,0,family,800,1150,1650,,4900,3750,,AWP:97%;SSG 08:1%;Galil AR:1%,1.0,0.693,0.5,0.934,0.959,0.141,0.875,0.938,-0.0,0.704,AWP|USP-S|a1h1k1|sm1fl1HE1fr1;AWP|USP-S|a1h1k0|sm1fl1HE1fr1;AWP|USP-S|a1h0k0|sm1fl1HE1fr1
ct,1400,SSG 08,3550,OBSERVED,11,100.3,0,family,800,1150,1650,,4950,3800,,AWP:97%;SSG 08:1%;Galil AR:1%,1.0,0.694,0.503,0.935,0.959,0.141,0.874,0.937,-0.0,0.703,AWP|USP-S|a1h1k1|sm1fl1HE1fr1;AWP|USP-S|a1h1k0|sm1fl1HE1fr1;AWP|USP-S|a1h0k0|sm1fl1HE1fr1
ct,1400,SSG 08,3600,OBSERVED,19,100.3,0,family,800,1150,1650,,5000,3850,,AWP:97%;SSG 08:1%;Galil AR:1%,1.0,0.695,0.507,0.936,0.959,0.142,0.871,0.938,-0.0,0.701,AWP|USP-S|a1h1k1|sm1fl1HE1fr1;AWP|USP-S|a1h1k0|sm1fl1HE1fr1;AWP|USP-S|a1h0k0|sm1fl1HE1fr1
ct,1400,SSG 08,3650,OBSERVED,10,100.3,0,family,800,1150,1650,,5050,3900,,AWP:97%;SSG 08:1%;Galil AR:1%,1.0,0.698,0.514,0.938,0.96,0.143,0.866,0.938,-0.0,0.697,AWP|USP-S|a1h1k1|sm1fl1HE1fr1;AWP|USP-S|a1h1k0|sm1fl1HE1fr1;AWP|USP-S|a1h0k0|sm1fl1HE1fr1
ct,1400,SSG 08,3700,OBSERVED,8,101.2,0,family,800,1150,1650,,5100,3950,,AWP:97%;SSG 08:1%;Galil AR:1%,1.0,0.704,0.525,0.94,0.961,0.145,0.86,0.939,-0.0,0.691,AWP|USP-S|a1h1k1|sm1fl1HE1fr1;AWP|USP-S|a1h1k0|sm1fl1HE1fr1;AWP|USP-S|a1h0k0|sm1fl1HE1fr1
ct,1400,SSG 08,3750,OBSERVED,14,100.0,0,family,800,1150,1650,,5150,4000,,AWP:97%;AK-47:1%;SSG 08:1%,1.0,0.711,0.537,0.941,0.964,0.149,0.851,0.941,-0.0,0.689,AWP|USP-S|a1h1k1|sm1fl1HE1fr1;AWP|USP-S|a1h1k0|sm1fl1HE1fr1;AWP|USP-S|a1h0k1|sm1fl1HE1fr1
ct,1400,SSG 08,3800,OBSERVED,5,100.7,0,family,800,1100,1600,,5200,4100,,AWP:97%;AK-47:1%;SSG 08:1%,1.0,0.72,0.55,0.94,0.966,0.152,0.844,0.944,-0.0,0.684,AWP|USP-S|a1h1k1|sm1fl1HE1fr1;AWP|USP-S|a1h1k0|sm1fl1HE1fr1;AWP|USP-S|a1h0k1|sm1fl1HE1fr1
ct,1400,SSG 08,3850,OBSERVED,8,102.7,0,family,800,1100,1550,,5250,4150,,AWP:97%;AK-47:1%;SSG 08:1%,1.0,0.729,0.562,0.937,0.968,0.156,0.84,0.947,0.011,0.682,AWP|USP-S|a1h1k1|sm1fl1HE1fr1;AWP|USP-S|a1h1k0|sm1fl1HE1fr1;AWP|USP-S|a1h0k1|sm1fl1HE1fr1
ct,1400,SSG 08,3900,OBSERVED,3,100.1,0,family,750,1100,1550,,5300,4200,,AWP:96%;SSG 08:1%;AK-47:1%,1.0,0.738,0.574,0.934,0.971,0.161,0.836,0.95,0.011,0.682,AWP|USP-S|a1h1k1|sm1fl1HE1fr1;AWP|USP-S|a1h1k0|sm1fl1HE1fr1;AWP|USP-S|a1h0k0|sm1fl1HE1fr1
ct,1400,SSG 08,3950,OBSERVED,3,103.6,0,family,750,1100,1500,,5350,4250,,AWP:96%;SSG 08:2%;AK-47:1%,1.0,0.743,0.581,0.934,0.974,0.167,0.834,0.951,0.029,0.68,AWP|USP-S|a1h1k1|sm1fl1HE1fr1;AWP|USP-S|a1h1k0|sm1fl1HE1fr1;AWP|USP-S|a1h0k0|sm1fl1HE1fr1
ct,1400,SSG 08,4000,OBSERVED,8,102.6,0,family,700,1100,1500,,5400,4300,,AWP:95%;SSG 08:3%;AK-47:1%,1.0,0.748,0.588,0.935,0.976,0.172,0.831,0.952,0.045,0.678,AWP|USP-S|a1h1k1|sm1fl1HE1fr1;AWP|USP-S|a1h1k0|sm1fl1HE1fr1;AWP|USP-S|a1h0k0|sm1fl1HE1fr1
ct,1400,SSG 08,4050,OBSERVED,2,100.9,0,family,700,1000,1450,,5450,4450,,AWP:94%;SSG 08:3%;AK-47:1%,1.0,0.753,0.595,0.937,0.979,0.177,0.829,0.953,0.06,0.681,AWP|USP-S|a1h1k1|sm1fl1HE1fr1;AWP|USP-S|a1h0k0|sm1fl1HE1fr1;AWP|USP-S|a1h1k0|sm1fl1HE1fr1
ct,1400,SSG 08,4100,OBSERVED,5,103.1,0,family,700,1000,1400,,5500,4500,,AWP:94%;SSG 08:4%;MP9:1%,1.0,0.758,0.598,0.942,0.98,0.178,0.83,0.952,0.081,0.684,AWP|USP-S|a1h1k1|sm1fl1HE1fr1;AWP|USP-S|a1h0k0|sm1fl1HE1fr1;AWP|USP-S|a1h1k0|sm1fl1HE1fr1
ct,1400,SSG 08,4150,OBSERVED,2,100.8,0,family,700,1000,1350,,5550,4550,,AWP:93%;SSG 08:4%;MP9:1%,1.0,0.766,0.604,0.947,0.981,0.179,0.831,0.951,0.094,0.688,AWP|USP-S|a1h1k1|sm1fl1HE1fr1;AWP|USP-S|a1h0k0|sm1fl1HE1fr1;AWP|Tec-9|a1h1k1|sm1fl1HE1fr1
ct,1400,SSG 08,4200,OBSERVED,9,102.0,0,family,700,1000,1350,,5600,4600,,AWP:93%;SSG 08:4%;MP9:1%,1.0,0.774,0.607,0.951,0.981,0.176,0.835,0.949,0.1,0.69,AWP|USP-S|a1h1k1|sm1fl1HE1fr1;AWP|USP-S|a1h0k0|sm1fl1HE1fr1;AWP|Tec-9|a1h1k1|sm1fl1HE1fr1
ct,1400,SSG 08,4250,OBSERVED,3,102.7,0,family,700,1000,1350,,5650,4650,,AWP:92%;SSG 08:4%;MP9:1%,1.0,0.782,0.611,0.956,0.98,0.172,0.84,0.947,0.106,0.692,AWP|USP-S|a1h1k1|sm1fl1HE1fr1;AWP|USP-S|a1h0k0|sm1fl1HE1fr1;AWP|Tec-9|a1h1k1|sm1fl1HE1fr1
ct,1400,SSG 08,4300,OBSERVED,2,103.4,0,family,700,900,1350,,5700,4800,,AWP:92%;SSG 08:4%;MP9:1%,1.0,0.791,0.614,0.96,0.98,0.167,0.845,0.946,0.106,0.693,AWP|USP-S|a1h1k1|sm1fl1HE1fr1;AWP|Desert Eagle|a1h1k1|sm1fl1HE1fr1;AWP|USP-S|a1h0k0|sm1fl1HE1fr1
ct,1400,SSG 08,4350,OBSERVED,3,100.7,0,family,700,900,1300,,5750,4850,,AWP:92%;SSG 08:4%;MP9:1%,1.0,0.799,0.619,0.963,0.98,0.163,0.849,0.945,0.112,0.695,AWP|USP-S|a1h1k1|sm1fl1HE1fr1;AWP|Desert Eagle|a1h1k1|sm1fl1HE1fr1;AWP|Tec-9|a1h1k1|sm1fl1HE1fr1
ct,1400,SSG 08,4400,OBSERVED,2,101.9,0,family,700,850,1300,,5800,4950,,AWP:92%;SSG 08:4%;Galil AR:1%,1.0,0.807,0.621,0.966,0.979,0.157,0.855,0.944,0.106,0.696,AWP|USP-S|a1h1k1|sm1fl1HE1fr1;AWP|Desert Eagle|a1h1k1|sm1fl1HE1fr1;AWP|Tec-9|a1h1k1|sm1fl1HE1fr1
ct,1400,SSG 08,4450,OBSERVED,7,100.2,0,family,700,800,1300,,5850,5050,,AWP:93%;SSG 08:4%;Galil AR:2%,1.0,0.815,0.624,0.969,0.979,0.152,0.86,0.943,0.106,0.697,AWP|USP-S|a1h1k1|sm1fl1HE1fr1;AWP|Desert Eagle|a1h1k1|sm1fl1HE1fr1;AWP|Tec-9|a1h1k1|sm1fl1HE1fr1
ct,1400,SSG 08,4500,OBSERVED,4,102.6,0,family,600,800,1300,,5900,5100,,AWP:93%;SSG 08:4%;Galil AR:2%,1.0,0.822,0.626,0.97,0.978,0.147,0.866,0.942,0.106,0.7,AWP|USP-S|a1h1k1|sm1fl1HE1fr1;AWP|Desert Eagle|a1h1k1|sm1fl1HE1fr1;AWP|Tec-9|a1h1k1|sm1fl1HE1fr1
ct,1400,SSG 08,4550,OBSERVED,4,101.9,0,family,600,800,1200,,5950,5150,,AWP:93%;SSG 08:4%;Galil AR:2%,1.0,0.829,0.628,0.972,0.978,0.141,0.871,0.942,0.1,0.707,AWP|USP-S|a1h1k1|sm1fl1HE1fr1;AWP|Desert Eagle|a1h1k1|sm1fl1HE1fr1;AWP|Tec-9|a1h1k1|sm1fl1HE1fr1
ct,1400,SSG 08,4600,OBSERVED,1,101.7,0,family,600,800,1200,,6000,5200,,AWP:93%;SSG 08:3%;Galil AR:2%,1.0,0.837,0.631,0.974,0.978,0.136,0.877,0.942,0.1,0.714,AWP|USP-S|a1h1k1|sm1fl1HE1fr1;AWP|Desert Eagle|a1h1k1|sm1fl1HE1fr1;AWP|USP-S|a1h1k0|sm1fl1HE1fr1
ct,1400,SSG 08,4650,OBSERVED,4,101.9,0,family,500,800,1200,,6050,5250,,AWP:94%;SSG 08:3%;Galil AR:2%,1.0,0.844,0.633,0.975,0.978,0.131,0.882,0.942,0.094,0.722,AWP|USP-S|a1h1k1|sm1fl1HE1fr1;AWP|Desert Eagle|a1h1k1|sm1fl1HE1fr1;AWP|USP-S|a1h1k0|sm1fl1HE1fr1
ct,1400,SSG 08,4700,OBSERVED,2,102.4,0,family,500,800,1150,,6100,5300,,AWP:94%;SSG 08:3%;Galil AR:2%,1.0,0.851,0.634,0.975,0.978,0.127,0.887,0.943,0.087,0.729,AWP|USP-S|a1h1k1|sm1fl1HE1fr1;AWP|Desert Eagle|a1h1k1|sm1fl1HE1fr1;AWP|USP-S|a1h1k0|sm1fl1HE1fr1
ct,1400,SSG 08,4750,OBSERVED,1,102.9,0,family,500,800,1100,,6150,5350,,AWP:94%;SSG 08:3%;Galil AR:1%,1.0,0.857,0.636,0.976,0.979,0.123,0.892,0.943,0.081,0.738,AWP|USP-S|a1h1k1|sm1fl1HE1fr1;AWP|Desert Eagle|a1h1k1|sm1fl1HE1fr1;AWP|USP-S|a1h1k0|sm1fl1HE1fr1
ct,1400,SSG 08,4800,OBSERVED,2,100.3,0,family,500,800,1100,,6200,5400,,AWP:95%;SSG 08:3%;Galil AR:1%,1.0,0.865,0.638,0.976,0.979,0.118,0.897,0.944,0.081,0.748,AWP|USP-S|a1h1k1|sm1fl1HE1fr1;AWP|Desert Eagle|a1h1k1|sm1fl1HE1fr1;AWP|USP-S|a1h1k0|sm1fl1HE1fr1
ct,1400,SSG 08,4850,OBSERVED,1,100.9,0,family,500,800,1100,,6250,5450,,AWP:95%;SSG 08:2%;Galil AR:1%,1.0,0.87,0.64,0.976,0.979,0.115,0.901,0.945,0.074,0.755,AWP|USP-S|a1h1k1|sm1fl1HE1fr1;AWP|USP-S|a1h1k0|sm1fl1HE1fr1;AWP|Desert Eagle|a1h1k1|sm1fl1HE1fr1
ct,1400,SSG 08,4900,OBSERVED,1,101.4,0,family,500,800,1100,,6300,5500,,AWP:96%;SSG 08:2%;Galil AR:1%,1.0,0.875,0.64,0.974,0.979,0.113,0.904,0.947,0.067,0.762,AWP|USP-S|a1h1k1|sm1fl1HE1fr1;AWP|USP-S|a1h1k0|sm1fl1HE1fr1;AWP|Desert Eagle|a1h1k1|sm1fl1HE1fr1
ct,1400,SSG 08,4950,OBSERVED,1,101.8,0,family,500,800,1100,,6350,5550,,AWP:96%;SSG 08:2%;Galil AR:1%,1.0,0.88,0.641,0.973,0.979,0.111,0.907,0.948,0.06,0.768,AWP|USP-S|a1h1k1|sm1fl1HE1fr1;AWP|USP-S|a1h1k0|sm1fl1HE1fr1;AWP|Desert Eagle|a1h1k1|sm1fl1HE1fr1
ct,1400,SSG 08,5000,OBSERVED,3,102.1,0,family,500,800,1100,,6400,5600,,AWP:96%;SSG 08:2%;Galil AR:1%,1.0,0.884,0.641,0.972,0.979,0.11,0.909,0.949,0.053,0.772,AWP|USP-S|a1h1k1|sm1fl1HE1fr1;AWP|USP-S|a1h1k0|sm1fl1HE1fr1;AWP|Desert Eagle|a1h1k1|sm1fl1HE1fr1
ct,1400,SSG 08,5050,OBSERVED,2,102.3,0,family,500,800,1100,,6450,5650,,AWP:97%;SSG 08:2%;Galil AR:1%,1.0,0.888,0.64,0.97,0.979,0.11,0.911,0.951,0.053,0.775,AWP|USP-S|a1h1k1|sm1fl1HE1fr1;AWP|USP-S|a1h1k0|sm1fl1HE1fr1;AWP|Desert Eagle|a1h1k1|sm1fl1HE1fr1
ct,1400,SSG 08,5100,OBSERVED,2,99.8,0,family,500,800,1000,,6500,5700,,AWP:97%;SSG 08:1%;Galil AR:1%,1.0,0.892,0.64,0.969,0.979,0.108,0.913,0.952,0.045,0.779,AWP|USP-S|a1h1k1|sm1fl1HE1fr1;AWP|USP-S|a1h1k0|sm1fl1HE1fr1;AWP|Desert Eagle|a1h1k1|sm1fl1HE1fr1
ct,1400,SSG 08,5150,OBSERVED,1,97.4,0,family,500,800,950,,6550,5750,,AWP:97%;SSG 08:1%;Galil AR:1%,1.0,0.896,0.64,0.967,0.979,0.108,0.914,0.954,0.038,0.781,AWP|USP-S|a1h1k1|sm1fl1HE1fr1;AWP|USP-S|a1h1k0|sm1fl1HE1fr1;AWP|Desert Eagle|a1h1k1|sm1fl1HE1fr1
ct,1400,SSG 08,5200,OBSERVED,3,95.2,0,family,500,800,900,,6600,5800,,AWP:98%;SSG 08:1%;Galil AR:1%,1.0,0.9,0.638,0.965,0.979,0.108,0.915,0.955,0.038,0.783,AWP|USP-S|a1h1k1|sm1fl1HE1fr1;AWP|USP-S|a1h1k0|sm1fl1HE1fr1;AWP|Desert Eagle|a1h1k1|sm1fl1HE1fr1
ct,1400,SSG 08,5250,OBSERVED,3,93.3,0,family,500,800,900,,6650,5850,,AWP:98%;SSG 08:1%;Galil AR:1%,1.0,0.903,0.637,0.963,0.978,0.109,0.915,0.956,0.029,0.785,AWP|USP-S|a1h1k1|sm1fl1HE1fr1;AWP|USP-S|a1h1k0|sm1fl1HE1fr1;AWP|Desert Eagle|a1h1k1|sm1fl1HE1fr1
ct,1400,SSG 08,5300,OBSERVED,2,91.6,0,family,500,800,900,,6700,5900,,AWP:98%;SSG 08:1%;Galil AR:1%,1.0,0.905,0.635,0.961,0.978,0.111,0.914,0.957,0.029,0.785,AWP|USP-S|a1h1k1|sm1fl1HE1fr1;AWP|USP-S|a1h1k0|sm1fl1HE1fr1;AWP|Desert Eagle|a1h1k1|sm1fl1HE1fr1
ct,1400,SSG 08,5350,OBSERVED,4,90.1,0,family,500,700,900,,6750,6050,,AWP:98%;SSG 08:1%;Galil AR:0%,1.0,0.907,0.632,0.959,0.978,0.113,0.913,0.959,0.021,0.785,AWP|USP-S|a1h1k1|sm1fl1HE1fr1;AWP|USP-S|a1h1k0|sm1fl1HE1fr1;AWP|Desert Eagle|a1h1k1|sm1fl1HE1fr1
ct,1400,SSG 08,5400,OBSERVED,5,88.8,0,family,500,700,850,,6800,6100,,AWP:98%;SSG 08:1%;Galil AR:0%,1.0,0.908,0.629,0.957,0.977,0.116,0.911,0.959,0.021,0.786,AWP|USP-S|a1h1k1|sm1fl1HE1fr1;AWP|USP-S|a1h1k0|sm1fl1HE1fr1;AWP|Desert Eagle|a1h1k1|sm1fl1HE1fr1
ct,1400,SSG 08,5450,OBSERVED,1,87.7,0,family,500,700,800,,6850,6150,,AWP:99%;SSG 08:1%;Galil AR:0%,1.0,0.91,0.625,0.955,0.977,0.119,0.909,0.96,0.011,0.786,AWP|USP-S|a1h1k1|sm1fl1HE1fr1;AWP|USP-S|a1h1k0|sm1fl1HE1fr1;AWP|Desert Eagle|a1h1k1|sm1fl1HE1fr1
ct,1400,SSG 08,5500,OBSERVED,1,86.7,0,family,500,700,800,,6900,6200,,AWP:99%;SSG 08:1%;Galil AR:0%,1.0,0.91,0.621,0.954,0.976,0.123,0.906,0.961,0.011,0.784,AWP|USP-S|a1h1k1|sm1fl1HE1fr1;AWP|USP-S|a1h1k0|sm1fl1HE1fr1;AWP|Desert Eagle|a1h1k1|sm1fl1HE1fr1
ct,1400,SSG 08,5550,OBSERVED,3,85.9,0,family,500,700,800,,6950,6250,,AWP:99%;SSG 08:1%;Galil AR:0%,1.0,0.911,0.617,0.952,0.976,0.127,0.903,0.961,0.011,0.782,AWP|USP-S|a1h1k1|sm1fl1HE1fr1;AWP|USP-S|a1h1k0|sm1fl1HE1fr1;AWP|Desert Eagle|a1h1k1|sm1fl1HE1fr1
ct,1400,SSG 08,5600,OBSERVED,1,85.2,0,family,500,700,800,,7000,6300,,AWP:99%;SSG 08:1%;Galil AR:0%,1.0,0.912,0.612,0.95,0.976,0.132,0.899,0.961,0.011,0.779,AWP|USP-S|a1h1k1|sm1fl1HE1fr1;AWP|USP-S|a1h1k0|sm1fl1HE1fr1;AWP|Desert Eagle|a1h1k1|sm1fl1HE1fr1
ct,1400,SSG 08,5650,OBSERVED,5,84.5,0,family,400,700,800,,7050,6350,,AWP:99%;SSG 08:1%;Galil AR:0%,1.0,0.912,0.608,0.949,0.975,0.137,0.896,0.961,0.011,0.775,AWP|USP-S|a1h1k1|sm1fl1HE1fr1;AWP|USP-S|a1h1k0|sm1fl1HE1fr1;AWP|Desert Eagle|a1h1k1|sm1fl1HE1fr1
ct,1400,SSG 08,5700,OBSERVED,1,83.9,0,family,400,650,800,,7100,6450,,AWP:99%;SSG 08:1%;AK-47:0%,1.0,0.913,0.603,0.947,0.975,0.142,0.892,0.961,-0.0,0.771,AWP|USP-S|a1h1k1|sm1fl1HE1fr1;AWP|USP-S|a1h1k0|sm1fl1HE1fr1;AWP|Desert Eagle|a1h1k1|sm1fl1HE1fr1
ct,1400,SSG 08,5750,OBSERVED,5,83.3,0,family,400,650,800,,7150,6500,,AWP:98%;SSG 08:1%;AK-47:0%,1.0,0.913,0.598,0.946,0.974,0.147,0.887,0.96,-0.0,0.766,AWP|USP-S|a1h1k1|sm1fl1HE1fr1;AWP|USP-S|a1h1k0|sm1fl1HE1fr1;AWP|Desert Eagle|a1h1k1|sm1fl1HE1fr1
ct,1400,SSG 08,5800,OBSERVED,3,82.8,0,family,400,650,800,,7200,6550,,AWP:98%;SSG 08:1%;AK-47:0%,1.0,0.914,0.594,0.945,0.974,0.153,0.883,0.959,-0.0,0.76,AWP|USP-S|a1h1k1|sm1fl1HE1fr1;AWP|USP-S|a1h1k0|sm1fl1HE1fr1;AWP|Tec-9|a1h1k1|sm1fl1HE1fr1
ct,1400,SSG 08,5850,OBSERVED,2,82.3,0,family,400,650,800,,7250,6600,,AWP:98%;SSG 08:1%;AK-47:0%,1.0,0.914,0.59,0.944,0.973,0.159,0.879,0.958,-0.0,0.754,AWP|USP-S|a1h1k1|sm1fl1HE1fr1;AWP|USP-S|a1h1k0|sm1fl1HE1fr1;AWP|Tec-9|a1h1k1|sm1fl1HE1fr1
ct,1400,SSG 08,5900,OBSERVED,1,81.8,0,family,400,650,800,,7300,6650,,AWP:98%;SSG 08:1%;AK-47:0%,1.0,0.915,0.586,0.942,0.973,0.164,0.874,0.957,-0.0,0.747,AWP|USP-S|a1h1k1|sm1fl1HE1fr1;AWP|USP-S|a1h1k0|sm1fl1HE1fr1;AWP|Tec-9|a1h1k1|sm1fl1HE1fr1
ct,1400,SSG 08,5950,OBSERVED,6,81.3,0,family,400,650,800,,7350,6700,,AWP:98%;SSG 08:2%;AK-47:0%,1.0,0.916,0.583,0.941,0.973,0.17,0.87,0.955,-0.0,0.741,AWP|USP-S|a1h1k1|sm1fl1HE1fr1;AWP|USP-S|a1h1k0|sm1fl1HE1fr1;AWP|Tec-9|a1h1k1|sm1fl1HE1fr1
ct,1400,SSG 08,6000,OBSERVED,3,80.9,0,family,400,650,800,,7400,6750,,AWP:98%;SSG 08:2%;AK-47:0%,1.0,0.917,0.581,0.94,0.973,0.176,0.867,0.953,-0.0,0.734,AWP|USP-S|a1h1k1|sm1fl1HE1fr1;AWP|USP-S|a1h1k0|sm1fl1HE1fr1;AWP|Tec-9|a1h1k1|sm1fl1HE1fr1
ct,1900,none,800,OBSERVED,1578,1578.0,0,none,650,650,650,,2700,2050,,none:100%,0.755,0.0,0.029,0.14,0.199,0.03,0.061,0.012,-0.0,0.88,none|USP-S|a1h0k0|sm0fl0HE0fr0;none|Dual Berettas|a1h0k0|sm0fl0HE0fr0;none|USP-S|a0h0k0|sm0fl1HE0fr0
ct,1900,none,850,INTERPOLATED,0,1578.0,50,none,650,650,650,,2750,2100,,none:100%,0.755,0.0,0.029,0.14,0.199,0.03,0.061,0.012,-0.0,0.88,none|USP-S|a1h0k0|sm0fl0HE0fr0;none|Dual Berettas|a1h0k0|sm0fl0HE0fr0;none|USP-S|a0h0k0|sm0fl1HE0fr0
ct,1900,none,900,INTERPOLATED,0,1578.0,100,none,650,650,650,,2800,2150,,none:100%,0.755,0.0,0.029,0.14,0.199,0.03,0.061,0.012,-0.0,0.88,none|USP-S|a1h0k0|sm0fl0HE0fr0;none|Dual Berettas|a1h0k0|sm0fl0HE0fr0;none|USP-S|a0h0k0|sm0fl1HE0fr0
ct,1900,none,950,INTERPOLATED,0,1578.0,150,none,650,650,650,,2850,2200,,none:100%,0.755,0.0,0.029,0.14,0.199,0.03,0.061,0.012,-0.0,0.88,none|USP-S|a1h0k0|sm0fl0HE0fr0;none|Dual Berettas|a1h0k0|sm0fl0HE0fr0;none|USP-S|a0h0k0|sm0fl1HE0fr0
ct,1900,none,1000,INTERPOLATED,0,1578.0,200,none,650,650,650,,2900,2250,,none:100%,0.755,0.0,0.029,0.14,0.199,0.03,0.061,0.012,-0.0,0.88,none|USP-S|a1h0k0|sm0fl0HE0fr0;none|Dual Berettas|a1h0k0|sm0fl0HE0fr0;none|USP-S|a0h0k0|sm0fl1HE0fr0
ct,1900,none,1050,INTERPOLATED_WIDE,0,1578.0,250,none,650,650,650,,2950,2300,,none:100%,0.755,0.0,0.029,0.14,0.199,0.03,0.061,0.012,-0.0,0.88,none|USP-S|a1h0k0|sm0fl0HE0fr0;none|Dual Berettas|a1h0k0|sm0fl0HE0fr0;none|USP-S|a0h0k0|sm0fl1HE0fr0
ct,1900,none,1100,INTERPOLATED_WIDE,0,1580.0,300,none,650,650,650,,3000,2350,,none:100%,0.754,0.0,0.028,0.14,0.199,0.03,0.061,0.012,0.021,0.88,none|USP-S|a1h0k0|sm0fl0HE0fr0;none|Dual Berettas|a1h0k0|sm0fl0HE0fr0;none|USP-S|a0h0k0|sm0fl1HE0fr0
ct,1900,none,1150,INTERPOLATED_WIDE,0,137.8,250,none,650,650,650,,3050,2400,,none:100%,0.706,0.0,0.027,0.131,0.186,0.028,0.058,0.011,0.826,0.888,none|USP-S|a1h0k0|sm0fl0HE0fr0;none|Dual Berettas|a1h0k0|sm0fl0HE0fr0;none|USP-S|a0h0k0|sm0fl0HE0fr0
ct,1900,none,1200,INTERPOLATED,0,249.9,200,none,650,650,650,,3100,2450,,none:100%,0.686,0.0,0.026,0.13,0.181,0.028,0.056,0.011,1.002,0.885,none|USP-S|a1h0k0|sm0fl0HE0fr0;none|Dual Berettas|a1h0k0|sm0fl0HE0fr0;none|USP-S|a0h0k0|sm0fl0HE0fr0
ct,1900,none,1250,INTERPOLATED,0,137.8,150,none,650,650,650,,3150,2500,,none:100%;MP9:0%,0.686,0.0,0.026,0.14,0.178,0.027,0.055,0.011,1.288,0.868,none|USP-S|a1h0k0|sm0fl0HE0fr0;none|Dual Berettas|a1h0k0|sm0fl0HE0fr0;none|USP-S|a0h0k0|sm0fl0HE0fr0
ct,1900,none,1300,INTERPOLATED,0,128.3,100,none,650,650,650,,3200,2550,,none:100%;MP9:0%,0.635,0.0,0.023,0.168,0.164,0.025,0.073,0.01,1.316,0.84,none|USP-S|a1h0k0|sm0fl0HE0fr0;none|Dual Berettas|a1h0k0|sm0fl0HE0fr0;none|USP-S|a0h0k0|sm0fl0HE0fr0
ct,1900,none,1350,INTERPOLATED,0,105.0,50,none,650,650,800,,3250,2600,,none:100%;MP9:0%,0.687,0.0,0.02,0.175,0.175,0.021,0.065,0.008,1.198,0.799,none|USP-S|a1h0k0|sm0fl0HE0fr0;none|Dual Berettas|a1h0k0|sm0fl0HE0fr0;none|USP-S|a0h0k0|sm0fl0HE0fr0
ct,1900,none,1400,OBSERVED,2,104.6,0,none,650,650,800,,3300,2650,,none:100%;MP9:0%,0.65,0.0,0.018,0.196,0.185,0.041,0.067,0.008,1.062,0.772,none|USP-S|a1h0k0|sm0fl0HE0fr0;none|USP-S|a0h0k0|sm0fl0HE0fr0;none|Dual Berettas|a1h0k0|sm0fl0HE0fr0
ct,1900,none,1450,OBSERVED,8,101.4,0,none,650,1350,1450,,3350,2000,,none:99%;MP9:1%,0.783,0.0,0.008,0.518,0.206,0.034,0.092,0.04,0.873,0.746,none|Five-SeveN|a1h0k0|sm1fl0HE0fr0;none|USP-S|a1h0k0|sm0fl0HE0fr0;none|USP-S|a0h0k0|sm0fl0HE0fr0
ct,1900,none,1500,OBSERVED,12,102.2,0,none,650,1450,1450,,3400,1950,,none:99%;MP9:1%,0.789,0.074,0.006,0.516,0.203,0.032,0.085,0.039,0.74,0.728,none|Five-SeveN|a1h0k0|sm1fl0HE0fr0;none|USP-S|a1h0k0|sm0fl0HE0fr0;none|USP-S|a0h0k0|sm0fl0HE0fr0
ct,1900,none,1550,OBSERVED,14,100.1,0,none,650,1450,1450,,3450,2000,,none:99%;MP9:1%,0.783,0.072,0.004,0.521,0.214,0.03,0.102,0.037,0.713,0.708,none|Five-SeveN|a1h0k0|sm1fl0HE0fr0;none|USP-S|a0h0k0|sm0fl0HE0fr0;none|USP-S|a1h0k0|sm0fl0HE0fr0
ct,1900,none,1600,OBSERVED,23,100.6,0,none,800,1450,1450,,3500,2050,,none:99%;MP9:1%,0.779,0.123,0.002,0.549,0.201,0.028,0.121,0.048,0.745,0.695,none|Five-SeveN|a1h0k0|sm1fl0HE0fr0;none|USP-S|a0h0k0|sm0fl0HE0fr0;none|Five-SeveN|a1h0k0|sm1fl1HE0fr0
ct,1900,none,1650,OBSERVED,15,101.0,0,none,1400,1450,1600,,3550,2100,,none:99%;MP9:1%,0.841,0.107,0.0,0.661,0.297,0.032,0.133,0.04,0.8,0.749,none|Five-SeveN|a1h0k0|sm1fl0HE0fr0;none|Five-SeveN|a1h0k0|sm1fl1HE0fr0;none|USP-S|a0h0k0|sm0fl0HE0fr0
ct,1900,none,1700,OBSERVED,14,104.6,0,none,1450,1450,1650,,3600,2150,,none:96%;SSG 08:3%;MP9:1%,0.815,0.121,0.0,0.624,0.291,0.029,0.123,0.035,0.859,0.727,none|Five-SeveN|a1h0k0|sm1fl0HE0fr0;none|Five-SeveN|a1h0k0|sm1fl1HE0fr0;none|USP-S|a0h0k0|sm0fl0HE0fr0
ct,1900,none,1750,OBSERVED,9,105.6,0,none,1450,1550,1650,,3650,2100,,none:97%;SSG 08:3%;MP9:1%,0.823,0.103,0.0,0.658,0.262,0.022,0.238,0.024,0.916,0.75,none|Five-SeveN|a1h0k0|sm1fl0HE0fr0;none|Five-SeveN|a1h0k0|sm1fl0HE1fr0;none|Five-SeveN|a1h0k0|sm1fl1HE0fr0
ct,1900,none,1800,OBSERVED,9,101.8,0,none,1450,1650,1750,,3700,2050,,none:97%;SSG 08:2%;MP9:0%,0.827,0.224,0.0,0.695,0.233,0.014,0.24,0.028,0.963,0.761,none|Five-SeveN|a1h0k0|sm1fl0HE1fr0;none|USP-S|a0h0k0|sm0fl0HE0fr0;none|Five-SeveN|a1h1k0|sm1fl0HE0fr0
ct,1900,none,1850,OBSERVED,12,104.9,0,none,1450,1650,1750,,3750,2100,,none:98%;SSG 08:2%;MP9:0%,0.801,0.235,0.0,0.703,0.256,0.039,0.214,0.035,0.992,0.742,none|Five-SeveN|a1h0k0|sm1fl0HE1fr0;none|USP-S|a0h0k0|sm0fl0HE0fr0;none|Five-SeveN|a1h1k0|sm1fl0HE0fr0
ct,1900,none,1900,OBSERVED,14,100.7,0,none,1300,1650,1800,,3800,2150,,none:93%;MP9:5%;SSG 08:1%,0.763,0.248,0.0,0.676,0.221,0.041,0.203,0.029,1.024,0.702,none|USP-S|a0h0k0|sm0fl0HE0fr0;none|Five-SeveN|a1h0k0|sm1fl0HE1fr0;none|Five-SeveN|a1h1k0|sm1fl0HE0fr0
ct,1900,none,1950,OBSERVED,17,101.9,0,none,650,1750,1850,,3850,2100,,none:93%;MP9:6%;SSG 08:1%,0.744,0.225,0.0,0.69,0.207,0.054,0.221,0.069,1.059,0.669,none|USP-S|a0h0k0|sm0fl0HE0fr0;none|Five-SeveN|a1h0k0|sm1fl0HE1fr0;none|Five-SeveN|a1h1k0|sm1fl0HE0fr0
ct,1900,none,2000,OBSERVED,7,106.3,0,none,300,1750,1900,,3900,2150,,none:90%;MP9:7%;SSG 08:2%,0.683,0.24,0.0,0.657,0.189,0.054,0.196,0.068,1.099,0.658,none|USP-S|a0h0k0|sm0fl0HE0fr0;none|Five-SeveN|a1h1k0|sm1fl0HE0fr0;none|Five-SeveN|a1h0k0|sm1fl0HE1fr0
ct,1900,none,2050,OBSERVED,9,107.9,0,none,0,1750,1900,,3950,2200,,none:89%;MP9:8%;SSG 08:3%,0.617,0.214,0.0,0.611,0.187,0.06,0.176,0.062,1.138,0.651,none|USP-S|a0h0k0|sm0fl0HE0fr0;none|Five-SeveN|a1h1k0|sm1fl0HE0fr0;none|Five-SeveN|a1h0k0|sm1fl0HE1fr0
ct,1900,none,2100,OBSERVED,11,105.3,0,none,0,1800,1950,,4000,2200,,none:85%;MP9:11%;SSG 08:4%,0.596,0.253,0.0,0.576,0.193,0.057,0.22,0.051,1.17,0.669,none|USP-S|a0h0k0|sm0fl0HE0fr0;none|Five-SeveN|a1h1k0|sm1fl0HE1fr0;none|Five-SeveN|a1h1k0|sm1fl0HE0fr0
ct,1900,none,2150,OBSERVED,22,103.1,0,none,0,1800,2000,,4050,2250,,none:85%;MP9:11%;SSG 08:4%,0.594,0.216,0.001,0.584,0.25,0.064,0.231,0.091,1.185,0.631,none|USP-S|a0h0k0|sm0fl0HE0fr0;none|Five-SeveN|a1h1k0|sm1fl0HE1fr0;none|USP-S|a0h0k0|sm1fl0HE0fr0
ct,1900,none,2200,OBSERVED,11,103.2,0,none,200,1950,2150,,4100,2150,,none:74%;MP9:22%;SSG 08:4%,0.629,0.211,0.001,0.621,0.286,0.105,0.19,0.087,1.181,0.658,none|USP-S|a0h0k0|sm0fl0HE0fr0;MP9|USP-S|a1h0k0|sm1fl0HE0fr0;none|Five-SeveN|a1h1k0|sm1fl0HE1fr0
ct,1900,none,2250,OBSERVED,9,103.0,0,none,300,2000,2200,,4150,2150,,none:69%;MP9:28%;SSG 08:3%,0.654,0.229,0.003,0.602,0.282,0.113,0.18,0.091,1.174,0.644,none|USP-S|a0h0k0|sm0fl0HE0fr0;MP9|USP-S|a1h0k0|sm1fl0HE0fr0;none|Five-SeveN|a1h1k0|sm1fl0HE1fr0
ct,1900,none,2300,OBSERVED,14,100.2,0,none,300,2000,2200,,4200,2200,,none:68%;MP9:29%;SSG 08:3%,0.666,0.245,0.005,0.607,0.279,0.116,0.192,0.084,1.158,0.645,none|USP-S|a0h0k0|sm0fl0HE0fr0;MP9|USP-S|a1h0k0|sm1fl0HE0fr0;none|Five-SeveN|a1h1k0|sm1fl0HE1fr0
ct,1900,none,2350,OBSERVED,14,105.6,0,none,300,2050,2200,,4250,2200,,none:67%;MP9:28%;SSG 08:4%,0.67,0.234,0.008,0.597,0.274,0.112,0.177,0.086,1.172,0.619,none|USP-S|a0h0k0|sm0fl0HE0fr0;MP9|USP-S|a1h0k0|sm1fl0HE0fr0;none|Five-SeveN|a1h1k0|sm1fl0HE1fr0
ct,1900,none,2400,OBSERVED,9,103.8,0,none,500,2100,2200,,4300,2200,,none:63%;MP9:32%;SSG 08:4%,0.681,0.214,0.011,0.596,0.302,0.103,0.169,0.074,1.198,0.602,none|USP-S|a0h0k0|sm0fl0HE0fr0;MP9|USP-S|a1h0k0|sm1fl0HE0fr0;MP9|USP-S|a1h0k0|sm1fl1HE0fr0
ct,1900,none,2450,OBSERVED,7,101.3,0,none,500,2100,2250,,4350,2250,,none:63%;MP9:32%;SSG 08:4%,0.664,0.228,0.013,0.562,0.314,0.095,0.158,0.068,1.24,0.56,none|USP-S|a0h0k0|sm0fl0HE0fr0;MP9|USP-S|a1h0k0|sm1fl0HE0fr0;MP9|USP-S|a1h0k0|sm1fl1HE0fr0
ct,1900,none,2500,OBSERVED,10,104.1,0,none,500,2150,2300,,4400,2250,,none:62%;MP9:33%;SSG 08:3%,0.67,0.235,0.013,0.589,0.309,0.08,0.214,0.083,1.264,0.523,none|USP-S|a0h0k0|sm0fl0HE0fr0;MP9|USP-S|a1h0k0|sm1fl0HE0fr0;MP9|USP-S|a1h0k0|sm1fl0HE1fr0
ct,1900,none,2550,OBSERVED,12,106.1,0,none,700,2200,2500,,4450,2250,,none:56%;MP9:35%;SSG 08:4%,0.701,0.289,0.039,0.62,0.305,0.086,0.201,0.097,1.267,0.493,none|USP-S|a0h0k0|sm0fl0HE0fr0;MP9|USP-S|a1h0k0|sm1fl0HE1fr0;MP9|USP-S|a1h1k0|sm1fl0HE0fr0
ct,1900,none,2600,OBSERVED,13,102.1,0,none,700,2200,2500,,4500,2300,,none:56%;MP9:34%;MP7:5%,0.692,0.288,0.037,0.623,0.309,0.094,0.195,0.095,1.261,0.476,none|USP-S|a0h0k0|sm0fl0HE0fr0;MP9|USP-S|a1h0k0|sm1fl0HE1fr0;MP9|USP-S|a1h1k0|sm1fl0HE0fr0
ct,1900,none,2650,OBSERVED,9,100.1,0,none,700,2200,2500,,4550,2350,,none:57%;MP9:32%;MP7:5%,0.677,0.279,0.035,0.622,0.295,0.09,0.205,0.097,1.238,0.472,none|USP-S|a0h0k0|sm0fl0HE0fr0;MP9|USP-S|a1h1k0|sm1fl0HE0fr0;MP9|USP-S|a1h0k0|sm1fl0HE1fr0
ct,1900,none,2700,OBSERVED,8,107.6,0,none,700,2350,2550,,4600,2250,,none:51%;MP9:38%;MP7:6%,0.707,0.257,0.04,0.661,0.336,0.074,0.275,0.108,1.204,0.485,none|USP-S|a0h0k0|sm0fl0HE0fr0;MP9|USP-S|a1h0k0|sm1fl1HE1fr0;MP9|USP-S|a1h1k0|sm1fl0HE0fr0
ct,1900,none,2750,OBSERVED,8,101.0,0,none,700,2400,2550,,4650,2250,,none:50%;MP9:40%;MP7:6%,0.706,0.272,0.038,0.668,0.356,0.065,0.273,0.105,1.16,0.494,none|USP-S|a0h0k0|sm0fl0HE0fr0;MP9|USP-S|a1h0k0|sm1fl1HE1fr0;MP9|USP-S|a1h1k0|sm1fl0HE0fr0
ct,1900,none,2800,OBSERVED,9,103.0,0,none,700,2400,2600,,4700,2300,,none:51%;MP9:39%;MP7:5%,0.692,0.26,0.038,0.66,0.351,0.059,0.282,0.105,1.124,0.513,MP9|USP-S|a1h0k0|sm1fl1HE1fr0;none|USP-S|a0h0k0|sm0fl0HE0fr0;MP9|USP-S|a1h1k0|sm1fl0HE0fr0
ct,1900,none,2850,OBSERVED,5,105.4,0,none,700,2450,2700,,4750,2300,,none:50%;MP9:42%;MP7:5%,0.696,0.291,0.036,0.667,0.319,0.049,0.319,0.097,1.101,0.53,MP9|USP-S|a1h0k0|sm1fl1HE1fr0;none|USP-S|a0h0k0|sm0fl0HE0fr0;none|Desert Eagle|a0h0k0|sm0fl0HE0fr0
ct,1900,none,2900,OBSERVED,10,107.9,0,none,1000,2600,2850,,4800,2200,,MP9:41%;none:39%;FAMAS:16%,0.758,0.217,0.027,0.739,0.323,0.041,0.292,0.142,1.108,0.573,FAMAS|USP-S|a1h0k0|sm1fl0HE0fr0;MP9|USP-S|a1h0k0|sm1fl1HE1fr0;none|USP-S|a0h0k0|sm0fl0HE0fr0
ct,1900,none,2950,OBSERVED,6,102.5,0,none,900,2600,2900,,4850,2250,,none:41%;MP9:38%;FAMAS:16%,0.752,0.198,0.04,0.713,0.312,0.052,0.282,0.146,1.112,0.564,FAMAS|USP-S|a1h0k0|sm1fl0HE0fr0;MP9|USP-S|a1h0k0|sm1fl1HE1fr0;none|USP-S|a0h0k0|sm0fl0HE0fr0
ct,1900,none,3000,OBSERVED,14,105.9,0,none,900,2700,2900,,4900,2200,,none:40%;MP9:40%;FAMAS:16%,0.762,0.173,0.037,0.716,0.287,0.053,0.323,0.207,1.163,0.572,FAMAS|USP-S|a1h0k0|sm1fl0HE0fr0;none|USP-S|a0h0k0|sm0fl0HE0fr0;MP9|USP-S|a1h0k0|sm1fl1HE1fr0
ct,1900,none,3050,OBSERVED,13,102.7,0,none,1150,2700,2900,,4950,2250,,MP9:42%;none:38%;FAMAS:14%,0.776,0.229,0.033,0.709,0.304,0.048,0.325,0.251,1.211,0.537,FAMAS|USP-S|a1h0k0|sm1fl0HE0fr0;none|USP-S|a0h0k0|sm0fl0HE0fr0;MP9|USP-S|a1h0k0|sm1fl0HE1fr1
ct,1900,none,3100,OBSERVED,11,106.0,0,none,1150,2850,3000,,5000,2150,,MP9:39%;none:37%;FAMAS:18%,0.781,0.212,0.043,0.706,0.355,0.065,0.302,0.242,1.28,0.508,FAMAS|USP-S|a1h0k0|sm1fl0HE0fr0;none|Desert Eagle|a0h0k0|sm0fl0HE0fr0;none|USP-S|a0h0k0|sm0fl0HE0fr0
ct,1900,none,3150,OBSERVED,15,101.1,0,none,800,2850,3000,,5050,2200,,none:40%;MP9:35%;FAMAS:17%,0.767,0.218,0.042,0.671,0.346,0.066,0.288,0.247,1.344,0.482,FAMAS|USP-S|a1h0k0|sm1fl0HE0fr0;none|Desert Eagle|a0h0k0|sm0fl0HE0fr0;none|USP-S|a0h0k0|sm0fl0HE0fr0
ct,1900,none,3200,OBSERVED,16,101.3,0,none,1300,2900,3100,,5100,2200,,none:36%;MP9:34%;FAMAS:22%,0.79,0.178,0.035,0.689,0.372,0.056,0.388,0.277,1.413,0.508,FAMAS|USP-S|a1h0k0|sm1fl0HE1fr0;MP9|USP-S|a1h0k0|sm1fl1HE1fr1;none|Desert Eagle|a0h0k0|sm0fl0HE0fr0
ct,1900,none,3250,OBSERVED,13,101.5,0,none,1150,2900,3150,,5150,2250,,none:37%;MP9:34%;FAMAS:21%,0.767,0.179,0.031,0.682,0.378,0.066,0.397,0.292,1.473,0.498,FAMAS|USP-S|a1h0k0|sm1fl0HE1fr0;MP9|USP-S|a1h0k0|sm1fl1HE1fr1;none|USP-S|a0h0k0|sm0fl0HE0fr0
ct,1900,none,3300,OBSERVED,7,100.6,0,none,1000,2900,3200,,5200,2300,,none:39%;MP9:32%;FAMAS:20%,0.752,0.164,0.028,0.669,0.378,0.078,0.379,0.3,1.521,0.511,MP9|USP-S|a1h0k0|sm1fl1HE1fr1;FAMAS|USP-S|a1h0k0|sm1fl0HE1fr0;none|USP-S|a0h0k0|sm0fl0HE0fr0
ct,1900,none,3350,OBSERVED,11,104.7,0,none,1000,2900,3200,,5250,2350,,none:41%;MP9:33%;FAMAS:18%,0.743,0.181,0.024,0.663,0.358,0.074,0.386,0.319,1.529,0.524,MP9|USP-S|a1h0k0|sm1fl1HE1fr1;none|USP-S|a0h0k0|sm0fl0HE0fr0;FAMAS|USP-S|a1h0k0|sm1fl0HE1fr0
ct,1900,none,3400,OBSERVED,12,107.6,0,none,1150,3000,3200,,5300,2300,,none:38%;MP9:30%;FAMAS:25%,0.763,0.154,0.017,0.695,0.374,0.062,0.392,0.341,1.527,0.566,MP9|USP-S|a1h0k0|sm1fl1HE1fr1;none|USP-S|a0h0k0|sm0fl0HE0fr0;FAMAS|USP-S|a1h0k0|sm1fl0HE1fr0
ct,1900,none,3450,OBSERVED,11,103.1,0,none,1150,3000,3200,,5350,2350,,none:39%;MP9:29%;FAMAS:25%,0.753,0.149,0.014,0.69,0.374,0.058,0.386,0.338,1.532,0.583,MP9|USP-S|a1h0k0|sm1fl1HE1fr1;none|USP-S|a0h0k0|sm0fl0HE0fr0;FAMAS|USP-S|a1h0k0|sm1fl1HE1fr0
ct,1900,none,3500,OBSERVED,8,100.1,0,none,1100,2900,3200,,5400,2500,,none:41%;MP9:29%;FAMAS:24%,0.738,0.147,0.013,0.684,0.375,0.054,0.376,0.33,1.545,0.579,MP9|USP-S|a1h0k0|sm1fl1HE1fr1;none|USP-S|a0h0k0|sm0fl0HE0fr0;FAMAS|USP-S|a1h0k0|sm1fl1HE1fr0
ct,1900,none,3550,OBSERVED,13,106.5,0,none,1450,3200,3400,,5450,2250,,none:34%;MP9:26%;FAMAS:20%,0.779,0.168,0.008,0.612,0.338,0.038,0.345,0.289,1.601,0.557,MP9|USP-S|a1h0k0|sm1fl1HE1fr1;none|USP-S|a0h0k0|sm0fl0HE0fr0;M4A1-S|USP-S|a1h0k0|sm0fl0HE0fr0
ct,1900,none,3600,OBSERVED,7,105.8,0,none,1450,3200,3550,,5500,2300,,none:34%;MP9:26%;FAMAS:19%,0.775,0.165,0.02,0.61,0.351,0.032,0.336,0.296,1.66,0.539,MP9|USP-S|a1h0k0|sm1fl1HE1fr1;none|USP-S|a0h0k0|sm0fl0HE0fr0;M4A1-S|USP-S|a1h0k0|sm0fl0HE0fr0
ct,1900,none,3650,OBSERVED,6,105.8,0,none,1450,3200,3550,,5550,2350,,none:34%;MP9:25%;FAMAS:19%,0.769,0.173,0.026,0.61,0.36,0.042,0.321,0.3,1.727,0.514,MP9|USP-S|a1h0k0|sm1fl1HE1fr1;none|USP-S|a0h0k0|sm0fl0HE0fr0;M4A1-S|USP-S|a1h0k0|sm0fl0HE0fr0
ct,1900,none,3700,OBSERVED,13,107.0,0,none,1450,3200,3550,,5600,2400,,none:34%;MP9:25%;FAMAS:20%,0.767,0.167,0.031,0.612,0.363,0.039,0.326,0.313,1.782,0.49,none|USP-S|a0h0k0|sm0fl0HE0fr0;MP9|USP-S|a1h0k0|sm1fl1HE1fr1;M4A1-S|USP-S|a1h0k0|sm0fl0HE0fr0
ct,1900,none,3750,OBSERVED,9,101.2,0,none,1450,3300,3550,,5650,2350,,none:30%;MP9:21%;FAMAS:21%,0.789,0.192,0.033,0.575,0.421,0.031,0.312,0.293,1.798,0.452,none|USP-S|a0h0k0|sm0fl0HE0fr0;M4A1-S|USP-S|a1h0k0|sm0fl0HE0fr0;MP9|USP-S|a1h0k0|sm1fl1HE1fr1
ct,1900,none,3800,OBSERVED,9,105.8,0,none,1650,3400,3550,,5700,2300,,none:30%;MP9:23%;FAMAS:21%,0.792,0.182,0.064,0.581,0.442,0.041,0.314,0.317,1.758,0.448,none|USP-S|a0h0k0|sm0fl0HE0fr0;M4A1-S|USP-S|a1h0k0|sm0fl0HE0fr0;M4A4|USP-S|a1h0k0|sm0fl1HE0fr0
ct,1900,none,3850,OBSERVED,7,102.4,0,none,2900,3750,3850,,5750,2000,,M4A1-S:31%;M4A4:20%;none:18%,0.871,0.116,0.059,0.738,0.377,0.025,0.251,0.227,1.652,0.546,M4A1-S|USP-S|a1h0k0|sm1fl0HE0fr0;M4A4|USP-S|a1h0k0|sm1fl0HE0fr0;MP9|USP-S|a1h0k1|sm1fl1HE1fr1
ct,1900,none,3900,OBSERVED,12,105.8,0,none,2900,3750,3850,,5800,2050,,M4A1-S:32%;M4A4:20%;none:18%,0.872,0.102,0.057,0.741,0.361,0.021,0.248,0.223,1.49,0.552,M4A1-S|USP-S|a1h0k0|sm1fl0HE0fr0;M4A4|USP-S|a1h0k0|sm1fl0HE0fr0;M4A1-S|USP-S|a1h0k0|sm1fl1HE1fr0
ct,1900,none,3950,OBSERVED,14,100.7,0,none,2900,3750,3850,,5850,2100,,M4A1-S:32%;M4A4:19%;none:18%,0.875,0.126,0.09,0.747,0.368,0.017,0.254,0.243,1.294,0.548,M4A1-S|USP-S|a1h0k0|sm1fl0HE0fr0;M4A4|USP-S|a1h0k0|sm1fl0HE0fr0;M4A1-S|USP-S|a1h0k0|sm1fl1HE1fr0
ct,1900,none,4000,OBSERVED,14,103.2,0,none,2600,3750,3850,,5900,2150,,M4A1-S:32%;none:19%;M4A4:19%,0.867,0.123,0.088,0.73,0.355,0.016,0.248,0.237,1.143,0.545,M4A1-S|USP-S|a1h0k0|sm1fl0HE0fr0;M4A4|USP-S|a1h0k0|sm1fl0HE0fr0;none|USP-S|a0h0k0|sm0fl0HE0fr0
ct,1900,none,4050,OBSERVED,14,105.1,0,none,3700,3850,4050,,5950,2100,,M4A1-S:38%;M4A4:31%;none:13%,0.913,0.071,0.065,0.811,0.528,0.05,0.2,0.224,1.037,0.598,M4A1-S|USP-S|a1h0k0|sm1fl0HE0fr0;M4A4|USP-S|a1h0k0|sm1fl1HE0fr0;M4A4|USP-S|a1h0k0|sm1fl0HE0fr0
ct,1900,none,4100,OBSERVED,17,105.9,0,none,3600,3850,4050,,6000,2150,,M4A1-S:36%;M4A4:32%;none:13%,0.905,0.079,0.057,0.783,0.543,0.052,0.191,0.214,0.961,0.591,M4A4|USP-S|a1h0k0|sm1fl1HE0fr0;M4A1-S|USP-S|a1h0k0|sm1fl0HE0fr0;M4A4|USP-S|a1h0k0|sm1fl0HE0fr0
ct,1900,none,4150,OBSERVED,10,104.9,0,none,3850,4050,4050,,6050,2000,,M4A1-S:39%;M4A4:37%;none:11%,0.919,0.052,0.032,0.811,0.513,0.07,0.318,0.176,0.904,0.616,M4A4|USP-S|a1h0k0|sm1fl1HE0fr0;M4A1-S|USP-S|a1h0k0|sm1fl0HE0fr0;M4A1-S|USP-S|a1h0k0|sm1fl0HE1fr0
ct,1900,none,4200,OBSERVED,11,102.2,0,none,3850,4050,4150,,6100,2050,,M4A4:39%;M4A1-S:37%;none:11%,0.916,0.097,0.037,0.803,0.487,0.08,0.333,0.166,0.848,0.572,M4A4|USP-S|a1h0k0|sm1fl1HE0fr0;M4A1-S|USP-S|a1h0k0|sm1fl0HE1fr0;M4A1-S|USP-S|a1h0k0|sm1fl0HE0fr0
ct,1900,none,4250,OBSERVED,14,108.0,0,none,3850,4050,4150,,6150,2100,,M4A4:39%;M4A1-S:34%;none:11%,0.916,0.134,0.03,0.767,0.492,0.112,0.366,0.186,0.788,0.513,M4A4|USP-S|a1h0k0|sm1fl1HE0fr0;M4A1-S|USP-S|a1h0k0|sm1fl0HE1fr0;M4A1-S|USP-S|a1h0k0|sm1fl0HE0fr0
ct,1900,none,4300,OBSERVED,9,105.8,0,none,3850,4050,4150,,6200,2150,,M4A4:38%;M4A1-S:34%;none:11%,0.909,0.147,0.03,0.758,0.475,0.108,0.367,0.188,0.721,0.497,M4A4|USP-S|a1h0k0|sm1fl1HE0fr0;M4A1-S|USP-S|a1h0k0|sm1fl0HE1fr0;M4A1-S|USP-S|a1h0k0|sm1fl0HE0fr0
ct,1900,none,4350,OBSERVED,8,104.0,0,none,4050,4150,4350,,6250,2100,,M4A1-S:42%;M4A4:39%;none:7%,0.934,0.12,0.012,0.812,0.415,0.086,0.435,0.357,0.66,0.523,M4A1-S|USP-S|a1h0k0|sm1fl0HE1fr0;M4A4|USP-S|a1h0k0|sm1fl0HE0fr1;M4A1-S|USP-S|a1h0k0|sm1fl0HE0fr1
ct,1900,none,4400,OBSERVED,11,102.4,0,none,4050,4200,4350,,6300,2100,,M4A1-S:43%;M4A4:38%;none:7%,0.934,0.143,0.011,0.821,0.419,0.076,0.418,0.374,0.601,0.518,M4A4|USP-S|a1h0k0|sm1fl0HE0fr1;M4A1-S|USP-S|a1h0k0|sm1fl0HE1fr0;M4A1-S|USP-S|a1h0k0|sm1fl0HE0fr1
ct,1900,none,4450,OBSERVED,12,101.5,0,none,4050,4250,4350,,6350,2100,,M4A1-S:43%;M4A4:37%;none:7%,0.932,0.143,0.01,0.82,0.412,0.071,0.41,0.386,0.55,0.517,M4A4|USP-S|a1h0k0|sm1fl0HE0fr1;M4A1-S|USP-S|a1h0k0|sm1fl0HE0fr1;M4A1-S|USP-S|a1h0k0|sm1fl0HE1fr0
ct,1900,none,4500,OBSERVED,10,101.6,0,none,4050,4250,4350,,6400,2150,,M4A1-S:45%;M4A4:35%;none:7%,0.933,0.192,0.009,0.827,0.394,0.064,0.434,0.379,0.52,0.495,M4A4|USP-S|a1h0k0|sm1fl0HE0fr1;M4A1-S|USP-S|a1h0k0|sm1fl0HE0fr1;M4A1-S|USP-S|a1h0k0|sm1fl0HE1fr0
ct,1900,none,4550,OBSERVED,12,101.8,0,none,4250,4350,4550,,6450,2100,,M4A1-S:51%;M4A4:36%;none:5%,0.953,0.154,0.003,0.871,0.544,0.058,0.361,0.556,0.491,0.59,M4A1-S|USP-S|a1h0k0|sm1fl1HE0fr1;M4A4|USP-S|a1h0k0|sm1fl0HE0fr1;M4A4|USP-S|a1h0k0|sm1fl1HE0fr1
ct,1900,none,4600,OBSERVED,11,101.5,0,none,4250,4350,4550,,6500,2150,,M4A1-S:51%;M4A4:36%;none:5%,0.951,0.154,0.003,0.869,0.553,0.059,0.349,0.557,0.48,0.588,M4A1-S|USP-S|a1h0k0|sm1fl1HE0fr1;M4A4|USP-S|a1h0k0|sm1fl0HE0fr1;M4A4|USP-S|a1h0k0|sm1fl1HE0fr1
ct,1900,none,4650,OBSERVED,14,100.9,0,none,4350,4550,4550,,6550,2000,,M4A1-S:52%;M4A4:39%;none:4%,0.964,0.121,0.001,0.905,0.503,0.043,0.465,0.66,0.467,0.651,M4A1-S|USP-S|a1h0k0|sm1fl1HE0fr1;M4A4|USP-S|a1h0k0|sm1fl0HE0fr1;M4A4|USP-S|a1h0k0|sm1fl0HE1fr1
ct,1900,none,4700,OBSERVED,9,100.3,0,none,4350,4550,4650,,6600,2050,,M4A1-S:51%;M4A4:41%;none:4%,0.966,0.186,0.001,0.91,0.512,0.038,0.478,0.645,0.455,0.621,M4A1-S|USP-S|a1h0k0|sm1fl1HE0fr1;M4A4|USP-S|a1h0k0|sm1fl0HE0fr1;M4A1-S|USP-S|a1h0k0|sm1fl0HE1fr1
ct,1900,none,4750,OBSERVED,16,107.2,0,none,4350,4550,4650,,6650,2100,,M4A1-S:48%;M4A4:38%;AWP:7%,0.901,0.179,0.0,0.841,0.481,0.053,0.441,0.601,0.435,0.61,M4A1-S|USP-S|a1h0k0|sm1fl1HE0fr1;M4A1-S|USP-S|a1h0k0|sm1fl0HE1fr1;M4A4|USP-S|a1h0k0|sm1fl0HE0fr1
ct,1900,none,4800,OBSERVED,3,105.8,0,none,4350,4550,4650,,6700,2150,,M4A1-S:47%;M4A4:37%;AWP:8%,0.891,0.179,0.0,0.822,0.467,0.055,0.43,0.59,0.416,0.602,M4A1-S|USP-S|a1h0k0|sm1fl1HE0fr1;M4A4|USP-S|a1h0k0|sm1fl0HE0fr1;M4A1-S|USP-S|a1h0k0|sm1fl0HE1fr1
ct,1900,none,4850,OBSERVED,13,103.3,0,none,4650,4700,4850,,6750,2050,,M4A4:45%;M4A1-S:41%;AWP:7%,0.91,0.118,0.0,0.847,0.65,0.037,0.605,0.702,0.401,0.684,M4A4|USP-S|a1h0k0|sm1fl1HE1fr1;M4A1-S|USP-S|a1h0k0|sm1fl1HE1fr1;AWP|USP-S|a0h0k0|sm0fl0HE0fr0
ct,1900,none,4900,OBSERVED,12,100.3,0,none,4650,4750,4850,,6800,2050,,M4A4:44%;M4A1-S:42%;AWP:7%,0.914,0.122,0.0,0.838,0.685,0.034,0.614,0.723,0.376,0.67,M4A4|USP-S|a1h0k0|sm1fl1HE1fr1;M4A1-S|USP-S|a1h0k0|sm1fl1HE1fr1;AWP|USP-S|a0h0k0|sm0fl0HE0fr0
ct,1900,none,4950,OBSERVED,7,105.8,0,none,4650,4850,4850,,6850,2000,,M4A4:44%;M4A1-S:43%;AWP:6%,0.919,0.113,0.0,0.832,0.701,0.031,0.63,0.732,0.362,0.672,M4A4|USP-S|a1h0k0|sm1fl1HE1fr1;M4A1-S|USP-S|a1h0k0|sm1fl1HE1fr1;M4A4|USP-S|a1h0k0|sm1fl1HE0fr1
ct,1900,none,5000,OBSERVED,13,104.9,0,none,4700,4850,4850,,6900,2050,,M4A4:46%;M4A1-S:43%;AWP:5%,0.931,0.188,0.0,0.841,0.679,0.037,0.673,0.768,0.328,0.649,M4A4|USP-S|a1h0k0|sm1fl1HE1fr1;M4A1-S|USP-S|a1h0k0|sm1fl1HE1fr1;M4A4|USP-S|a1h1k0|sm1fl0HE1fr1
ct,1900,none,5050,OBSERVED,6,105.0,0,none,4750,4850,4850,,6950,2100,,M4A4:46%;M4A1-S:42%;AWP:7%,0.917,0.172,0.044,0.841,0.651,0.052,0.702,0.759,0.301,0.624,M4A4|USP-S|a1h0k0|sm1fl1HE1fr1;M4A1-S|USP-S|a1h0k0|sm1fl1HE1fr1;M4A4|USP-S|a1h1k0|sm1fl0HE1fr1
ct,1900,none,5100,OBSERVED,12,105.0,0,none,4750,4850,4900,,7000,2150,,M4A4:46%;M4A1-S:43%;AWP:7%,0.917,0.172,0.05,0.839,0.644,0.055,0.709,0.752,0.267,0.622,M4A4|USP-S|a1h0k0|sm1fl1HE1fr1;M4A1-S|USP-S|a1h0k0|sm1fl1HE1fr1;M4A4|USP-S|a1h1k0|sm1fl0HE1fr1
ct,1900,none,5150,OBSERVED,6,104.0,0,none,4750,4850,4900,,7050,2200,,M4A4:45%;M4A1-S:44%;AWP:7%,0.917,0.172,0.056,0.84,0.639,0.055,0.706,0.745,0.238,0.613,M4A4|USP-S|a1h0k0|sm1fl1HE1fr1;M4A1-S|USP-S|a1h0k0|sm1fl1HE1fr1;M4A4|USP-S|a1h1k0|sm1fl0HE1fr1
ct,1900,none,5200,OBSERVED,9,102.0,0,none,4850,5000,5200,,7100,2100,,M4A4:48%;M4A1-S:44%;AWP:5%,0.941,0.415,0.053,0.881,0.739,0.045,0.817,0.804,0.219,0.73,M4A4|USP-S|a1h1k0|sm1fl1HE1fr1;M4A1-S|USP-S|a1h0k0|sm1fl1HE1fr1;M4A4|USP-S|a1h0k0|sm1fl1HE1fr1
ct,1900,none,5250,OBSERVED,13,105.9,0,none,4850,5050,5200,,7150,2100,,M4A4:48%;M4A1-S:45%;AWP:5%,0.943,0.405,0.187,0.908,0.797,0.036,0.842,0.813,0.199,0.74,M4A4|USP-S|a1h1k0|sm1fl1HE1fr1;M4A1-S|USP-S|a1h1k0|sm1fl1HE1fr1;M4A1-S|USP-S|a1h0k0|sm1fl1HE1fr1
ct,1900,none,5300,OBSERVED,11,103.9,0,none,4850,5200,5200,,7200,2000,,M4A4:48%;M4A1-S:45%;AWP:5%,0.947,0.436,0.205,0.917,0.82,0.032,0.855,0.82,0.184,0.766,M4A4|USP-S|a1h1k0|sm1fl1HE1fr1;M4A1-S|USP-S|a1h1k0|sm1fl1HE1fr1;M4A1-S|USP-S|a1h0k0|sm1fl1HE1fr1
ct,1900,none,5350,OBSERVED,11,102.4,0,none,4850,5200,5200,,7250,2050,,M4A4:50%;M4A1-S:45%;AWP:5%,0.952,0.457,0.221,0.926,0.84,0.028,0.866,0.828,0.169,0.787,M4A4|USP-S|a1h1k0|sm1fl1HE1fr1;M4A1-S|USP-S|a1h1k0|sm1fl1HE1fr1;M4A1-S|USP-S|a1h0k0|sm1fl1HE1fr1
ct,1900,none,5400,OBSERVED,6,100.9,0,none,5050,5200,5250,,7300,2100,,M4A4:49%;M4A1-S:40%;AWP:10%,0.964,0.487,0.253,0.899,0.804,0.02,0.837,0.812,0.147,0.731,M4A4|USP-S|a1h1k0|sm1fl1HE1fr1;M4A1-S|USP-S|a1h1k0|sm1fl1HE1fr1;M4A4|USP-S|a1h0k1|sm1fl1HE1fr1
ct,1900,none,5450,OBSERVED,12,104.4,0,none,5050,5200,5250,,7350,2150,,M4A4:51%;M4A1-S:39%;AWP:10%,0.969,0.49,0.27,0.903,0.811,0.016,0.843,0.82,0.13,0.738,M4A4|USP-S|a1h1k0|sm1fl1HE1fr1;M4A1-S|USP-S|a1h1k0|sm1fl1HE1fr1;M4A4|USP-S|a1h0k1|sm1fl1HE1fr1
ct,1900,none,5500,OBSERVED,6,101.2,0,none,5050,5200,5250,,7400,2200,,M4A4:52%;M4A1-S:38%;AWP:9%,0.974,0.487,0.282,0.909,0.817,0.014,0.85,0.829,0.118,0.744,M4A4|USP-S|a1h1k0|sm1fl1HE1fr1;M4A1-S|USP-S|a1h1k0|sm1fl1HE1fr1;M4A4|USP-S|a1h0k1|sm1fl1HE1fr1
ct,1900,none,5550,OBSERVED,7,102.7,0,none,5050,5200,5250,,7450,2250,,M4A4:53%;M4A1-S:37%;AWP:9%,0.978,0.482,0.291,0.916,0.825,0.012,0.858,0.839,0.112,0.753,M4A4|USP-S|a1h1k0|sm1fl1HE1fr1;M4A1-S|USP-S|a1h1k0|sm1fl1HE1fr1;M4A4|USP-S|a1h0k1|sm1fl1HE1fr1
ct,1900,none,5600,OBSERVED,10,104.2,0,none,5200,5250,5400,,7500,2250,,M4A4:52%;M4A1-S:35%;AWP:12%,0.988,0.525,0.392,0.886,0.871,0.02,0.829,0.829,0.112,0.78,M4A4|USP-S|a1h1k0|sm1fl1HE1fr1;M4A1-S|USP-S|a1h1k0|sm1fl1HE1fr1;M4A4|USP-S|a1h0k1|sm1fl1HE1fr1
ct,1900,none,5650,OBSERVED,5,100.4,0,none,5200,5250,5600,,7550,2300,,M4A4:52%;M4A1-S:35%;AWP:11%,0.991,0.527,0.422,0.898,0.886,0.02,0.843,0.846,0.112,0.79,M4A4|USP-S|a1h1k0|sm1fl1HE1fr1;M4A1-S|USP-S|a1h1k0|sm1fl1HE1fr1;M4A4|USP-S|a1h0k1|sm1fl1HE1fr1
ct,1900,none,5700,OBSERVED,8,104.0,0,none,5200,5250,5600,,7600,2350,,M4A4:51%;M4A1-S:34%;AWP:12%,0.994,0.523,0.435,0.913,0.89,0.02,0.832,0.839,0.118,0.788,M4A4|USP-S|a1h1k0|sm1fl1HE1fr1;M4A4|USP-S|a1h1k1|sm1fl1HE1fr1;M4A4|USP-S|a1h0k1|sm1fl1HE1fr1
ct,1900,none,5750,OBSERVED,8,102.5,0,none,5200,5250,5600,,7650,2400,,M4A4:51%;M4A1-S:35%;AWP:11%,0.996,0.536,0.456,0.927,0.904,0.02,0.846,0.856,0.118,0.807,M4A4|USP-S|a1h1k1|sm1fl1HE1fr1;M4A4|USP-S|a1h1k0|sm1fl1HE1fr1;M4A1-S|USP-S|a1h1k1|sm1fl1HE1fr1
ct,1900,none,5800,OBSERVED,7,101.9,0,none,5200,5250,5600,,7700,2450,,M4A4:49%;M4A1-S:40%;AWP:9%,0.998,0.579,0.504,0.945,0.923,0.019,0.857,0.882,0.118,0.825,M4A1-S|USP-S|a1h1k1|sm1fl1HE1fr1;M4A4|USP-S|a1h1k1|sm1fl1HE1fr1;M4A4|USP-S|a1h1k0|sm1fl1HE1fr1
ct,1900,none,5850,OBSERVED,2,101.5,0,none,5200,5250,5600,,7750,2500,,M4A4:48%;M4A1-S:42%;AWP:7%,0.999,0.606,0.524,0.958,0.937,0.019,0.872,0.902,0.112,0.843,M4A1-S|USP-S|a1h1k1|sm1fl1HE1fr1;M4A4|USP-S|a1h1k1|sm1fl1HE1fr1;M4A4|USP-S|a1h1k0|sm1fl1HE1fr1
ct,1900,none,5900,OBSERVED,3,101.0,0,none,5200,5250,5600,,7800,2550,,M4A4:48%;M4A1-S:43%;AWP:7%,0.999,0.626,0.529,0.969,0.949,0.019,0.874,0.907,0.1,0.847,M4A1-S|USP-S|a1h1k1|sm1fl1HE1fr1;M4A4|USP-S|a1h1k1|sm1fl1HE1fr1;M4A4|USP-S|a1h1k0|sm1fl1HE1fr1
ct,1900,none,5950,OBSERVED,10,100.7,0,none,5200,5250,5600,,7850,2600,,M4A4:47%;M4A1-S:45%;AWP:5%,1.0,0.653,0.541,0.978,0.96,0.019,0.888,0.923,0.087,0.866,M4A1-S|USP-S|a1h1k1|sm1fl1HE1fr1;M4A4|USP-S|a1h1k1|sm1fl1HE1fr1;M4A1-S|USP-S|a1h1k0|sm1fl1HE1fr1
ct,1900,none,6000,OBSERVED,5,101.2,0,none,5200,5250,5600,,7900,2650,,M4A4:47%;M4A1-S:47%;AWP:4%,1.0,0.678,0.55,0.985,0.968,0.018,0.902,0.937,0.074,0.883,M4A1-S|USP-S|a1h1k1|sm1fl1HE1fr1;M4A4|USP-S|a1h1k1|sm1fl1HE1fr1;M4A1-S|USP-S|a1h1k0|sm1fl1HE1fr1
ct,1900,AK-47,1400,OBSERVED,2,27.7,0,family,0,500,1300,,3300,2800,,M4A4:36%;M4A1-S:23%;none:17%,0.879,0.716,0.393,0.703,0.591,0.116,0.533,0.539,1.0,0.637,M4A4|USP-S|a1h1k1|sm1fl1HE1fr1;none|USP-S|a0h0k0|sm0fl0HE0fr0;AK-47|USP-S|a1h1k0|sm1fl0HE0fr0
ct,1900,AK-47,1450,OBSERVED,2,28.7,0,family,0,500,1300,,3350,2850,,M4A4:35%;M4A1-S:23%;none:17%,0.871,0.706,0.388,0.695,0.583,0.113,0.524,0.527,1.026,0.624,M4A4|USP-S|a1h1k1|sm1fl1HE1fr1;none|USP-S|a0h0k0|sm0fl0HE0fr0;AK-47|USP-S|a1h1k0|sm1fl0HE0fr0
ct,1900,AK-47,1500,OBSERVED,4,29.7,0,family,0,500,1300,,3400,2900,,M4A4:34%;M4A1-S:22%;none:17%,0.868,0.709,0.367,0.7,0.592,0.106,0.534,0.534,1.05,0.626,M4A4|USP-S|a1h1k1|sm1fl1HE1fr1;none|USP-S|a0h0k0|sm0fl0HE0fr0;FAMAS|USP-S|a1h1k0|sm1fl1HE1fr1
ct,1900,AK-47,1550,OBSERVED,2,30.7,0,family,0,500,1300,,3450,2950,,M4A4:33%;M4A1-S:22%;none:18%,0.859,0.699,0.363,0.692,0.583,0.104,0.524,0.521,1.074,0.616,none|USP-S|a0h0k0|sm0fl0HE0fr0;M4A4|USP-S|a1h1k1|sm1fl1HE1fr1;FAMAS|USP-S|a1h1k0|sm1fl1HE1fr1
ct,1900,AK-47,1600,OBSERVED,2,31.6,0,family,0,500,1300,,3500,3000,,M4A4:33%;M4A1-S:22%;none:18%,0.851,0.69,0.358,0.684,0.574,0.103,0.513,0.507,1.096,0.606,none|USP-S|a0h0k0|sm0fl0HE0fr0;M4A4|USP-S|a1h1k1|sm1fl1HE1fr1;FAMAS|USP-S|a1h1k0|sm1fl1HE1fr1
ct,1900,AK-47,1650,OBSERVED,1,32.6,0,family,0,500,1200,,3550,3050,,M4A4:32%;M4A1-S:22%;none:19%,0.842,0.68,0.354,0.676,0.565,0.102,0.503,0.494,1.119,0.597,none|USP-S|a0h0k0|sm0fl0HE0fr0;M4A4|USP-S|a1h1k1|sm1fl1HE1fr1;FAMAS|USP-S|a1h1k0|sm1fl1HE1fr1
ct,1900,AK-47,1700,INTERPOLATED,0,33.5,50,family,0,500,1200,,3600,3100,,M4A4:31%;M4A1-S:23%;none:20%,0.833,0.671,0.349,0.668,0.556,0.101,0.492,0.48,1.141,0.591,none|USP-S|a0h0k0|sm0fl0HE0fr0;M4A4|USP-S|a1h1k1|sm1fl1HE1fr1;FAMAS|USP-S|a1h1k0|sm1fl1HE1fr1
ct,1900,AK-47,1750,OBSERVED,2,34.4,0,family,0,400,1200,,3650,3250,,M4A4:31%;M4A1-S:23%;none:20%,0.825,0.663,0.346,0.66,0.547,0.1,0.482,0.467,1.158,0.586,none|USP-S|a0h0k0|sm0fl0HE0fr0;M4A4|USP-S|a1h1k1|sm1fl1HE1fr1;FAMAS|USP-S|a1h1k0|sm1fl1HE1fr1
ct,1900,AK-47,1800,OBSERVED,1,35.2,0,family,0,400,1200,,3700,3300,,M4A4:30%;M4A1-S:23%;none:21%,0.816,0.654,0.342,0.652,0.538,0.1,0.472,0.454,1.178,0.583,none|USP-S|a0h0k0|sm0fl0HE0fr0;M4A4|USP-S|a1h1k1|sm1fl1HE1fr1;FAMAS|USP-S|a1h1k0|sm1fl1HE1fr1
ct,1900,AK-47,1850,INTERPOLATED,0,36.0,50,family,0,300,1200,,3750,3450,,M4A4:29%;M4A1-S:24%;none:22%,0.808,0.647,0.339,0.645,0.529,0.1,0.463,0.442,1.194,0.582,none|USP-S|a0h0k0|sm0fl0HE0fr0;M4A4|USP-S|a1h1k1|sm1fl1HE1fr1;FAMAS|USP-S|a1h1k0|sm1fl1HE1fr1
ct,1900,AK-47,1900,OBSERVED,1,36.7,0,family,0,300,1150,,3800,3500,,M4A4:29%;M4A1-S:24%;none:22%,0.8,0.64,0.337,0.638,0.521,0.1,0.454,0.43,1.207,0.58,none|USP-S|a0h0k0|sm0fl0HE0fr0;M4A4|USP-S|a1h1k1|sm1fl1HE1fr1;FAMAS|USP-S|a1h1k0|sm1fl1HE1fr1
ct,1900,AK-47,1950,OBSERVED,4,37.4,0,family,0,300,1100,,3850,3550,,M4A4:28%;M4A1-S:25%;none:23%,0.792,0.635,0.336,0.632,0.514,0.101,0.447,0.419,1.22,0.579,none|USP-S|a0h0k0|sm0fl0HE0fr0;M4A4|USP-S|a1h1k1|sm1fl1HE1fr1;FAMAS|USP-S|a1h1k0|sm1fl1HE1fr1
ct,1900,AK-47,2000,OBSERVED,3,38.0,0,family,0,300,800,,3900,3600,,M4A4:27%;M4A1-S:25%;none:23%,0.785,0.63,0.336,0.626,0.507,0.101,0.44,0.409,1.229,0.578,none|USP-S|a0h0k0|sm0fl0HE0fr0;M4A4|USP-S|a1h1k1|sm1fl1HE1fr1;FAMAS|USP-S|a1h1k0|sm1fl1HE1fr1
ct,1900,AK-47,2050,OBSERVED,1,38.5,0,family,0,300,800,,3950,3650,,M4A4:26%;M4A1-S:26%;none:24%,0.779,0.626,0.337,0.622,0.501,0.103,0.435,0.401,1.235,0.577,none|USP-S|a0h0k0|sm0fl0HE0fr0;M4A4|USP-S|a1h1k1|sm1fl1HE1fr1;AK-47|USP-S|a1h1k0|sm1fl0HE0fr0
ct,1900,AK-47,2100,OBSERVED,2,38.9,0,family,0,300,800,,4000,3700,,M4A1-S:27%;M4A4:25%;none:24%,0.774,0.624,0.34,0.618,0.495,0.104,0.431,0.394,1.239,0.58,none|USP-S|a0h0k0|sm0fl0HE0fr0;M4A4|USP-S|a1h1k1|sm1fl1HE1fr1;AK-47|USP-S|a1h1k0|sm1fl0HE0fr0
ct,1900,AK-47,2150,OBSERVED,1,39.3,0,family,0,300,800,,4050,3750,,M4A1-S:28%;M4A4:25%;none:24%,0.769,0.623,0.344,0.615,0.491,0.105,0.429,0.389,1.24,0.583,none|USP-S|a0h0k0|sm0fl0HE0fr0;M4A4|USP-S|a1h1k1|sm1fl1HE1fr1;AK-47|USP-S|a1h1k0|sm1fl0HE0fr0
ct,1900,AK-47,2200,INTERPOLATED,0,39.7,50,family,0,300,800,,4100,3800,,M4A1-S:29%;none:25%;M4A4:24%,0.766,0.624,0.349,0.613,0.488,0.106,0.429,0.386,1.237,0.589,none|USP-S|a0h0k0|sm0fl0HE0fr0;M4A4|USP-S|a1h1k1|sm1fl1HE1fr1;M4A1-S|USP-S|a1h1k1|sm1fl1HE1fr1
ct,1900,AK-47,2250,INTERPOLATED,0,39.9,50,family,0,300,800,,4150,3850,,M4A1-S:30%;none:25%;M4A4:24%,0.763,0.625,0.357,0.612,0.487,0.108,0.431,0.385,1.234,0.6,none|USP-S|a0h0k0|sm0fl0HE0fr0;M4A4|USP-S|a1h1k1|sm1fl1HE1fr1;M4A1-S|USP-S|a1h1k1|sm1fl1HE1fr1
ct,1900,AK-47,2300,OBSERVED,2,40.0,0,family,0,300,800,,4200,3900,,M4A1-S:31%;none:25%;M4A4:23%,0.761,0.628,0.365,0.612,0.486,0.109,0.434,0.386,1.226,0.609,none|USP-S|a0h0k0|sm0fl0HE0fr0;M4A4|USP-S|a1h1k1|sm1fl1HE1fr1;M4A1-S|USP-S|a1h1k1|sm1fl1HE1fr1
ct,1900,AK-47,2350,OBSERVED,1,40.0,0,family,0,300,800,,4250,3950,,M4A1-S:32%;none:25%;M4A4:23%,0.761,0.632,0.376,0.612,0.487,0.109,0.439,0.388,1.215,0.617,none|USP-S|a0h0k0|sm0fl0HE0fr0;M4A4|USP-S|a1h1k1|sm1fl1HE1fr1;M4A1-S|USP-S|a1h1k1|sm1fl1HE1fr1
ct,1900,AK-47,2400,OBSERVED,1,39.9,0,family,0,300,800,,4300,4000,,M4A1-S:33%;none:25%;M4A4:22%,0.761,0.637,0.387,0.614,0.49,0.11,0.446,0.393,1.202,0.628,none|USP-S|a0h0k0|sm0fl0HE0fr0;M4A4|USP-S|a1h1k1|sm1fl1HE1fr1;M4A1-S|USP-S|a1h1k1|sm1fl1HE1fr1
ct,1900,AK-47,2450,INTERPOLATED,0,39.7,50,family,0,300,800,,4350,4050,,M4A1-S:34%;none:25%;M4A4:22%,0.762,0.643,0.4,0.615,0.493,0.11,0.454,0.399,1.188,0.636,none|USP-S|a0h0k0|sm0fl0HE0fr0;M4A4|USP-S|a1h1k1|sm1fl1HE1fr1;M4A1-S|USP-S|a1h1k1|sm1fl1HE1fr1
ct,1900,AK-47,2500,INTERPOLATED,0,39.3,100,family,0,300,800,,4400,4100,,M4A1-S:35%;none:25%;M4A4:22%,0.763,0.649,0.414,0.618,0.497,0.109,0.464,0.407,1.172,0.645,none|USP-S|a0h0k0|sm0fl0HE0fr0;M4A4|USP-S|a1h1k1|sm1fl1HE1fr1;M4A1-S|USP-S|a1h1k1|sm1fl1HE1fr1
ct,1900,AK-47,2550,INTERPOLATED,0,38.8,50,family,0,300,800,,4450,4150,,M4A1-S:36%;none:24%;M4A4:22%,0.766,0.656,0.429,0.62,0.503,0.108,0.474,0.416,1.155,0.654,none|USP-S|a0h0k0|sm0fl0HE0fr0;M4A4|USP-S|a1h1k1|sm1fl1HE1fr1;M4A1-S|USP-S|a1h1k1|sm1fl1HE1fr1
ct,1900,AK-47,2600,OBSERVED,1,38.2,0,family,0,300,800,,4500,4200,,M4A1-S:36%;none:24%;M4A4:22%,0.768,0.662,0.444,0.623,0.509,0.106,0.485,0.425,1.138,0.66,none|USP-S|a0h0k0|sm0fl0HE0fr0;M4A4|USP-S|a1h1k1|sm1fl1HE1fr1;M4A1-S|USP-S|a1h1k1|sm1fl1HE1fr1
ct,1900,AK-47,2650,OBSERVED,4,37.5,0,family,0,400,800,,4550,4150,,M4A1-S:37%;none:24%;M4A4:22%,0.771,0.669,0.459,0.625,0.515,0.104,0.496,0.435,1.121,0.671,none|USP-S|a0h0k0|sm0fl0HE0fr0;M4A4|USP-S|a1h1k1|sm1fl1HE1fr1;M4A1-S|USP-S|a1h1k1|sm1fl1HE1fr1
ct,1900,AK-47,2700,INTERPOLATED,0,36.7,50,family,0,400,800,,4600,4200,,M4A1-S:38%;none:24%;M4A4:22%,0.774,0.675,0.474,0.627,0.522,0.101,0.507,0.445,1.107,0.686,none|USP-S|a0h0k0|sm0fl0HE0fr0;M4A4|USP-S|a1h1k1|sm1fl1HE1fr1;M4A1-S|USP-S|a1h1k1|sm1fl1HE1fr1
ct,1900,AK-47,2750,OBSERVED,1,36.0,0,family,0,400,800,,4650,4250,,M4A1-S:38%;none:24%;M4A4:23%,0.777,0.681,0.488,0.629,0.529,0.097,0.518,0.455,1.091,0.7,none|USP-S|a0h0k0|sm0fl0HE0fr0;M4A4|USP-S|a1h1k1|sm1fl1HE1fr1;M4A1-S|USP-S|a1h1k1|sm1fl1HE1fr1
ct,1900,AK-47,2800,INTERPOLATED,0,35.2,50,family,0,400,800,,4700,4300,,M4A1-S:38%;none:24%;M4A4:23%,0.78,0.686,0.501,0.63,0.536,0.093,0.528,0.464,1.083,0.713,none|USP-S|a0h0k0|sm0fl0HE0fr0;M4A4|USP-S|a1h1k1|sm1fl1HE1fr1;M4A1-S|USP-S|a1h1k1|sm1fl1HE1fr1
ct,1900,AK-47,2850,OBSERVED,1,34.4,0,family,0,400,800,,4750,4350,,M4A1-S:39%;none:24%;M4A4:24%,0.782,0.69,0.513,0.63,0.543,0.089,0.537,0.472,1.076,0.728,none|USP-S|a0h0k0|sm0fl0HE0fr0;M4A4|USP-S|a1h1k1|sm1fl1HE1fr1;M4A1-S|USP-S|a1h1k1|sm1fl1HE1fr1
ct,1900,AK-47,2900,OBSERVED,1,33.6,0,family,0,400,800,,4800,4400,,M4A1-S:39%;M4A4:24%;none:24%,0.784,0.693,0.523,0.631,0.55,0.084,0.546,0.479,1.073,0.74,none|USP-S|a0h0k0|sm0fl0HE0fr0;M4A4|USP-S|a1h1k1|sm1fl1HE1fr1;M4A1-S|USP-S|a1h1k1|sm1fl1HE1fr1
ct,1900,AK-47,2950,OBSERVED,1,32.9,0,family,0,400,800,,4850,4450,,M4A1-S:38%;M4A4:25%;none:24%,0.785,0.696,0.532,0.631,0.556,0.079,0.554,0.485,1.073,0.752,none|USP-S|a0h0k0|sm0fl0HE0fr0;M4A4|USP-S|a1h1k1|sm1fl1HE1fr1;M4A1-S|USP-S|a1h1k1|sm1fl1HE1fr1
ct,1900,AK-47,3000,OBSERVED,1,32.2,0,family,0,400,800,,4900,4500,,M4A1-S:38%;M4A4:25%;none:24%,0.787,0.698,0.539,0.63,0.562,0.074,0.561,0.49,1.075,0.763,none|USP-S|a0h0k0|sm0fl0HE0fr0;M4A4|USP-S|a1h1k1|sm1fl1HE1fr1;M4A1-S|USP-S|a1h1k1|sm1fl1HE1fr1
ct,1900,AK-47,3050,INTERPOLATED,0,31.6,50,family,0,400,800,,4950,4550,,M4A1-S:38%;M4A4:25%;none:24%,0.788,0.7,0.544,0.63,0.568,0.069,0.568,0.493,1.083,0.771,none|USP-S|a0h0k0|sm0fl0HE0fr0;M4A4|USP-S|a1h1k1|sm1fl1HE1fr1;M4A1-S|USP-S|a1h1k1|sm1fl1HE1fr1
ct,1900,AK-47,3100,OBSERVED,2,31.0,0,family,0,400,800,,5000,4600,,M4A1-S:37%;M4A4:26%;none:25%,0.788,0.701,0.548,0.63,0.574,0.063,0.575,0.496,1.089,0.781,none|USP-S|a0h0k0|sm0fl0HE0fr0;M4A4|USP-S|a1h1k1|sm1fl1HE1fr1;M4A1-S|USP-S|a1h1k1|sm1fl1HE1fr1
ct,1900,AK-47,3150,OBSERVED,2,30.5,0,family,0,400,800,,5050,4650,,M4A1-S:36%;M4A4:26%;none:25%,0.789,0.702,0.551,0.63,0.581,0.058,0.581,0.498,1.1,0.789,none|USP-S|a0h0k0|sm0fl0HE0fr0;M4A4|USP-S|a1h1k1|sm1fl1HE1fr1;M4A1-S|USP-S|a1h1k1|sm1fl1HE1fr1
ct,1900,AK-47,3200,OBSERVED,1,30.0,0,family,0,400,800,,5100,4700,,M4A1-S:35%;M4A4:27%;none:25%,0.79,0.703,0.552,0.631,0.587,0.053,0.587,0.5,1.109,0.793,none|USP-S|a0h0k0|sm0fl0HE0fr0;M4A4|USP-S|a1h1k1|sm1fl1HE1fr1;M4A1-S|USP-S|a1h1k1|sm1fl1HE1fr1
ct,1900,AK-47,3250,INTERPOLATED,0,29.5,50,family,0,400,800,,5150,4750,,M4A1-S:35%;M4A4:27%;none:25%,0.791,0.705,0.551,0.633,0.594,0.048,0.594,0.501,1.12,0.797,none|USP-S|a0h0k0|sm0fl0HE0fr0;M4A4|USP-S|a1h1k1|sm1fl1HE1fr1;M4A1-S|USP-S|a1h1k1|sm1fl1HE1fr1
ct,1900,AK-47,3300,OBSERVED,1,29.2,0,family,0,400,800,,5200,4800,,M4A1-S:34%;M4A4:28%;none:25%,0.792,0.706,0.55,0.636,0.602,0.043,0.602,0.503,1.13,0.804,none|USP-S|a0h0k0|sm0fl0HE0fr0;M4A4|USP-S|a1h1k1|sm1fl1HE1fr1;M4A1-S|USP-S|a1h1k1|sm1fl1HE1fr1
ct,1900,AK-47,3350,OBSERVED,1,28.8,0,family,0,400,800,,5250,4850,,M4A1-S:32%;M4A4:28%;none:25%,0.794,0.708,0.547,0.64,0.611,0.039,0.61,0.504,1.139,0.81,none|USP-S|a0h0k0|sm0fl0HE0fr0;M4A4|USP-S|a1h1k1|sm1fl1HE1fr1;M4A1-S|USP-S|a1h1k1|sm1fl1HE1fr1
ct,1900,AK-47,3400,OBSERVED,1,28.5,0,family,0,400,800,,5300,4900,,M4A1-S:31%;M4A4:28%;none:25%,0.796,0.71,0.544,0.645,0.62,0.035,0.619,0.507,1.144,0.814,none|USP-S|a0h0k0|sm0fl0HE0fr0;M4A4|USP-S|a1h1k1|sm1fl1HE1fr1;M4A1-S|USP-S|a1h1k0|sm1fl1HE1fr1
ct,1900,AK-47,3450,OBSERVED,2,28.3,0,family,0,400,800,,5350,4950,,M4A1-S:30%;M4A4:29%;none:25%,0.8,0.714,0.54,0.653,0.631,0.031,0.63,0.511,1.146,0.815,none|USP-S|a0h0k0|sm0fl0HE0fr0;M4A4|USP-S|a1h1k1|sm1fl1HE1fr1;M4A1-S|USP-S|a1h1k0|sm1fl1HE1fr1
ct,1900,AK-47,3500,INTERPOLATED,0,28.1,50,family,0,400,800,,5400,5000,,M4A4:30%;M4A1-S:29%;none:25%,0.804,0.718,0.536,0.661,0.643,0.027,0.641,0.516,1.147,0.812,none|USP-S|a0h0k0|sm0fl0HE0fr0;M4A4|USP-S|a1h1k1|sm1fl1HE1fr1;M4A1-S|USP-S|a1h1k0|sm1fl1HE1fr1
ct,1900,AK-47,3550,INTERPOLATED,0,27.8,50,family,0,400,800,,5450,5050,,M4A4:30%;M4A1-S:28%;none:24%,0.808,0.722,0.531,0.672,0.657,0.024,0.655,0.522,1.144,0.814,none|USP-S|a0h0k0|sm0fl0HE0fr0;M4A4|USP-S|a1h1k1|sm1fl1HE1fr1;M4A1-S|USP-S|a1h1k0|sm1fl1HE1fr1
ct,1900,AK-47,3600,OBSERVED,3,27.6,0,family,0,400,800,,5500,5100,,M4A4:31%;M4A1-S:26%;none:24%,0.814,0.728,0.527,0.684,0.671,0.02,0.669,0.531,1.136,0.815,M4A4|USP-S|a1h1k1|sm1fl1HE1fr1;none|USP-S|a0h0k0|sm0fl0HE0fr0;M4A1-S|USP-S|a1h1k0|sm1fl1HE1fr1
ct,1900,AK-47,3650,OBSERVED,1,27.4,0,family,0,400,800,,5550,5150,,M4A4:31%;M4A1-S:25%;none:23%,0.821,0.734,0.523,0.698,0.687,0.017,0.685,0.541,1.124,0.816,M4A4|USP-S|a1h1k1|sm1fl1HE1fr1;none|USP-S|a0h0k0|sm0fl0HE0fr0;M4A1-S|USP-S|a1h1k0|sm1fl1HE1fr1
ct,1900,AK-47,3700,INTERPOLATED,0,27.1,50,family,0,500,800,,5600,5100,,M4A4:32%;M4A1-S:23%;none:22%,0.829,0.74,0.519,0.713,0.704,0.015,0.702,0.554,1.106,0.82,M4A4|USP-S|a1h1k1|sm1fl1HE1fr1;none|USP-S|a0h0k0|sm0fl0HE0fr0;M4A1-S|USP-S|a1h1k0|sm1fl1HE1fr1
ct,1900,AK-47,3750,INTERPOLATED,0,26.7,100,family,200,500,800,,5650,5150,,M4A4:33%;M4A1-S:22%;none:21%,0.838,0.747,0.517,0.729,0.722,0.013,0.72,0.568,1.084,0.83,M4A4|USP-S|a1h1k1|sm1fl1HE1fr1;none|USP-S|a0h0k0|sm0fl0HE0fr0;M4A1-S|USP-S|a1h1k0|sm1fl1HE1fr1
ct,1900,AK-47,3800,INTERPOLATED,0,26.3,150,family,200,500,800,,5700,5200,,M4A4:34%;M4A1-S:20%;none:20%,0.847,0.755,0.515,0.747,0.741,0.011,0.739,0.585,1.056,0.84,M4A4|USP-S|a1h1k1|sm1fl1HE1fr1;none|USP-S|a0h0k0|sm0fl0HE0fr0;AK-47|USP-S|a1h1k1|sm1fl1HE1fr1
ct,1900,AK-47,3850,INTERPOLATED,0,25.7,200,family,200,500,800,,5750,5250,,M4A4:35%;M4A1-S:19%;none:19%,0.857,0.762,0.514,0.765,0.761,0.009,0.759,0.603,1.024,0.847,M4A4|USP-S|a1h1k1|sm1fl1HE1fr1;none|USP-S|a0h0k0|sm0fl0HE0fr0;M4A4|USP-S|a1h1k0|sm1fl1HE1fr1
ct,1900,AK-47,3900,INTERPOLATED,0,25.1,150,family,300,600,800,,5800,5200,,M4A4:36%;AK-47:19%;none:17%,0.867,0.769,0.514,0.784,0.781,0.007,0.779,0.623,0.986,0.852,M4A4|USP-S|a1h1k1|sm1fl1HE1fr1;none|USP-S|a0h0k0|sm0fl0HE0fr0;M4A4|USP-S|a1h1k0|sm1fl1HE1fr1
ct,1900,AK-47,3950,INTERPOLATED,0,24.5,100,family,300,600,800,,5850,5250,,M4A4:36%;AK-47:21%;none:16%,0.878,0.776,0.516,0.803,0.8,0.006,0.799,0.644,0.944,0.855,M4A4|USP-S|a1h1k1|sm1fl1HE1fr1;none|USP-S|a0h0k0|sm0fl0HE0fr0;M4A4|USP-S|a1h1k0|sm1fl1HE1fr1
ct,1900,AK-47,4000,INTERPOLATED,0,23.8,50,family,300,600,800,,5900,5300,,M4A4:37%;AK-47:23%;none:14%,0.889,0.783,0.519,0.822,0.82,0.005,0.819,0.666,0.898,0.855,M4A4|USP-S|a1h1k1|sm1fl1HE1fr1;AK-47|USP-S|a1h1k1|sm1fl1HE1fr1;M4A4|USP-S|a1h1k0|sm1fl1HE1fr1
ct,1900,AK-47,4050,OBSERVED,2,23.1,0,family,300,600,800,,5950,5350,,M4A4:38%;AK-47:25%;none:13%,0.899,0.788,0.524,0.841,0.839,0.004,0.838,0.689,0.848,0.861,M4A4|USP-S|a1h1k1|sm1fl1HE1fr1;AK-47|USP-S|a1h1k1|sm1fl1HE1fr1;M4A4|USP-S|a1h1k0|sm1fl1HE1fr1
ct,1900,AK-47,4100,INTERPOLATED,0,22.4,50,family,300,600,800,,6000,5400,,M4A4:39%;AK-47:27%;none:12%,0.91,0.794,0.529,0.858,0.857,0.003,0.856,0.712,0.793,0.869,M4A4|USP-S|a1h1k1|sm1fl1HE1fr1;AK-47|USP-S|a1h1k1|sm1fl1HE1fr1;M4A4|USP-S|a1h1k0|sm1fl1HE1fr1
ct,1900,AK-47,4150,OBSERVED,3,21.7,0,family,300,600,800,,6050,5450,,M4A4:40%;AK-47:29%;none:10%,0.92,0.798,0.537,0.875,0.874,0.002,0.873,0.735,0.737,0.879,M4A4|USP-S|a1h1k1|sm1fl1HE1fr1;AK-47|USP-S|a1h1k1|sm1fl1HE1fr1;M4A4|USP-S|a1h1k0|sm1fl1HE1fr1
ct,1900,AK-47,4200,OBSERVED,2,21.1,0,family,300,600,800,,6100,5500,,M4A4:40%;AK-47:32%;none:9%,0.93,0.801,0.545,0.891,0.89,0.002,0.89,0.758,0.679,0.887,M4A4|USP-S|a1h1k1|sm1fl1HE1fr1;AK-47|USP-S|a1h1k1|sm1fl1HE1fr1;M4A4|USP-S|a1h1k0|sm1fl1HE1fr1
ct,1900,AK-47,4250,INTERPOLATED,0,20.5,50,family,300,700,800,,6150,5450,,M4A4:41%;AK-47:34%;none:8%,0.938,0.804,0.555,0.906,0.905,0.001,0.905,0.78,0.624,0.894,M4A4|USP-S|a1h1k1|sm1fl1HE1fr1;AK-47|USP-S|a1h1k1|sm1fl1HE1fr1;M4A4|USP-S|a1h1k0|sm1fl1HE1fr1
ct,1900,AUG,1400,OBSERVED,2,27.7,0,family,0,500,1300,,3300,2800,,M4A4:36%;M4A1-S:23%;none:17%,0.879,0.716,0.393,0.703,0.591,0.116,0.533,0.539,1.0,0.637,M4A4|USP-S|a1h1k1|sm1fl1HE1fr1;none|USP-S|a0h0k0|sm0fl0HE0fr0;AK-47|USP-S|a1h1k0|sm1fl0HE0fr0
ct,1900,AUG,1450,OBSERVED,2,28.7,0,family,0,500,1300,,3350,2850,,M4A4:35%;M4A1-S:23%;none:17%,0.871,0.706,0.388,0.695,0.583,0.113,0.524,0.527,1.026,0.624,M4A4|USP-S|a1h1k1|sm1fl1HE1fr1;none|USP-S|a0h0k0|sm0fl0HE0fr0;AK-47|USP-S|a1h1k0|sm1fl0HE0fr0
ct,1900,AUG,1500,OBSERVED,4,29.7,0,family,0,500,1300,,3400,2900,,M4A4:34%;M4A1-S:22%;none:17%,0.868,0.709,0.367,0.7,0.592,0.106,0.534,0.534,1.05,0.626,M4A4|USP-S|a1h1k1|sm1fl1HE1fr1;none|USP-S|a0h0k0|sm0fl0HE0fr0;FAMAS|USP-S|a1h1k0|sm1fl1HE1fr1
ct,1900,AUG,1550,OBSERVED,2,30.7,0,family,0,500,1300,,3450,2950,,M4A4:33%;M4A1-S:22%;none:18%,0.859,0.699,0.363,0.692,0.583,0.104,0.524,0.521,1.074,0.616,none|USP-S|a0h0k0|sm0fl0HE0fr0;M4A4|USP-S|a1h1k1|sm1fl1HE1fr1;FAMAS|USP-S|a1h1k0|sm1fl1HE1fr1
ct,1900,AUG,1600,OBSERVED,2,31.6,0,family,0,500,1300,,3500,3000,,M4A4:33%;M4A1-S:22%;none:18%,0.851,0.69,0.358,0.684,0.574,0.103,0.513,0.507,1.096,0.606,none|USP-S|a0h0k0|sm0fl0HE0fr0;M4A4|USP-S|a1h1k1|sm1fl1HE1fr1;FAMAS|USP-S|a1h1k0|sm1fl1HE1fr1
ct,1900,AUG,1650,OBSERVED,1,32.6,0,family,0,500,1200,,3550,3050,,M4A4:32%;M4A1-S:22%;none:19%,0.842,0.68,0.354,0.676,0.565,0.102,0.503,0.494,1.119,0.597,none|USP-S|a0h0k0|sm0fl0HE0fr0;M4A4|USP-S|a1h1k1|sm1fl1HE1fr1;FAMAS|USP-S|a1h1k0|sm1fl1HE1fr1
ct,1900,AUG,1700,INTERPOLATED,0,33.5,50,family,0,500,1200,,3600,3100,,M4A4:31%;M4A1-S:23%;none:20%,0.833,0.671,0.349,0.668,0.556,0.101,0.492,0.48,1.141,0.591,none|USP-S|a0h0k0|sm0fl0HE0fr0;M4A4|USP-S|a1h1k1|sm1fl1HE1fr1;FAMAS|USP-S|a1h1k0|sm1fl1HE1fr1
ct,1900,AUG,1750,OBSERVED,2,34.4,0,family,0,400,1200,,3650,3250,,M4A4:31%;M4A1-S:23%;none:20%,0.825,0.663,0.346,0.66,0.547,0.1,0.482,0.467,1.158,0.586,none|USP-S|a0h0k0|sm0fl0HE0fr0;M4A4|USP-S|a1h1k1|sm1fl1HE1fr1;FAMAS|USP-S|a1h1k0|sm1fl1HE1fr1
ct,1900,AUG,1800,OBSERVED,1,35.2,0,family,0,400,1200,,3700,3300,,M4A4:30%;M4A1-S:23%;none:21%,0.816,0.654,0.342,0.652,0.538,0.1,0.472,0.454,1.178,0.583,none|USP-S|a0h0k0|sm0fl0HE0fr0;M4A4|USP-S|a1h1k1|sm1fl1HE1fr1;FAMAS|USP-S|a1h1k0|sm1fl1HE1fr1
ct,1900,AUG,1850,INTERPOLATED,0,36.0,50,family,0,300,1200,,3750,3450,,M4A4:29%;M4A1-S:24%;none:22%,0.808,0.647,0.339,0.645,0.529,0.1,0.463,0.442,1.194,0.582,none|USP-S|a0h0k0|sm0fl0HE0fr0;M4A4|USP-S|a1h1k1|sm1fl1HE1fr1;FAMAS|USP-S|a1h1k0|sm1fl1HE1fr1
ct,1900,AUG,1900,OBSERVED,1,36.7,0,family,0,300,1150,,3800,3500,,M4A4:29%;M4A1-S:24%;none:22%,0.8,0.64,0.337,0.638,0.521,0.1,0.454,0.43,1.207,0.58,none|USP-S|a0h0k0|sm0fl0HE0fr0;M4A4|USP-S|a1h1k1|sm1fl1HE1fr1;FAMAS|USP-S|a1h1k0|sm1fl1HE1fr1
ct,1900,AUG,1950,OBSERVED,4,37.4,0,family,0,300,1100,,3850,3550,,M4A4:28%;M4A1-S:25%;none:23%,0.792,0.635,0.336,0.632,0.514,0.101,0.447,0.419,1.22,0.579,none|USP-S|a0h0k0|sm0fl0HE0fr0;M4A4|USP-S|a1h1k1|sm1fl1HE1fr1;FAMAS|USP-S|a1h1k0|sm1fl1HE1fr1
ct,1900,AUG,2000,OBSERVED,3,38.0,0,family,0,300,800,,3900,3600,,M4A4:27%;M4A1-S:25%;none:23%,0.785,0.63,0.336,0.626,0.507,0.101,0.44,0.409,1.229,0.578,none|USP-S|a0h0k0|sm0fl0HE0fr0;M4A4|USP-S|a1h1k1|sm1fl1HE1fr1;FAMAS|USP-S|a1h1k0|sm1fl1HE1fr1
ct,1900,AUG,2050,OBSERVED,1,38.5,0,family,0,300,800,,3950,3650,,M4A4:26%;M4A1-S:26%;none:24%,0.779,0.626,0.337,0.622,0.501,0.103,0.435,0.401,1.235,0.577,none|USP-S|a0h0k0|sm0fl0HE0fr0;M4A4|USP-S|a1h1k1|sm1fl1HE1fr1;AK-47|USP-S|a1h1k0|sm1fl0HE0fr0
ct,1900,AUG,2100,OBSERVED,2,38.9,0,family,0,300,800,,4000,3700,,M4A1-S:27%;M4A4:25%;none:24%,0.774,0.624,0.34,0.618,0.495,0.104,0.431,0.394,1.239,0.58,none|USP-S|a0h0k0|sm0fl0HE0fr0;M4A4|USP-S|a1h1k1|sm1fl1HE1fr1;AK-47|USP-S|a1h1k0|sm1fl0HE0fr0
ct,1900,AUG,2150,OBSERVED,1,39.3,0,family,0,300,800,,4050,3750,,M4A1-S:28%;M4A4:25%;none:24%,0.769,0.623,0.344,0.615,0.491,0.105,0.429,0.389,1.24,0.583,none|USP-S|a0h0k0|sm0fl0HE0fr0;M4A4|USP-S|a1h1k1|sm1fl1HE1fr1;AK-47|USP-S|a1h1k0|sm1fl0HE0fr0
ct,1900,AUG,2200,INTERPOLATED,0,39.7,50,family,0,300,800,,4100,3800,,M4A1-S:29%;none:25%;M4A4:24%,0.766,0.624,0.349,0.613,0.488,0.106,0.429,0.386,1.237,0.589,none|USP-S|a0h0k0|sm0fl0HE0fr0;M4A4|USP-S|a1h1k1|sm1fl1HE1fr1;M4A1-S|USP-S|a1h1k1|sm1fl1HE1fr1
ct,1900,AUG,2250,INTERPOLATED,0,39.9,50,family,0,300,800,,4150,3850,,M4A1-S:30%;none:25%;M4A4:24%,0.763,0.625,0.357,0.612,0.487,0.108,0.431,0.385,1.234,0.6,none|USP-S|a0h0k0|sm0fl0HE0fr0;M4A4|USP-S|a1h1k1|sm1fl1HE1fr1;M4A1-S|USP-S|a1h1k1|sm1fl1HE1fr1
ct,1900,AUG,2300,OBSERVED,2,40.0,0,family,0,300,800,,4200,3900,,M4A1-S:31%;none:25%;M4A4:23%,0.761,0.628,0.365,0.612,0.486,0.109,0.434,0.386,1.226,0.609,none|USP-S|a0h0k0|sm0fl0HE0fr0;M4A4|USP-S|a1h1k1|sm1fl1HE1fr1;M4A1-S|USP-S|a1h1k1|sm1fl1HE1fr1
ct,1900,AUG,2350,OBSERVED,1,40.0,0,family,0,300,800,,4250,3950,,M4A1-S:32%;none:25%;M4A4:23%,0.761,0.632,0.376,0.612,0.487,0.109,0.439,0.388,1.215,0.617,none|USP-S|a0h0k0|sm0fl0HE0fr0;M4A4|USP-S|a1h1k1|sm1fl1HE1fr1;M4A1-S|USP-S|a1h1k1|sm1fl1HE1fr1
ct,1900,AUG,2400,OBSERVED,1,39.9,0,family,0,300,800,,4300,4000,,M4A1-S:33%;none:25%;M4A4:22%,0.761,0.637,0.387,0.614,0.49,0.11,0.446,0.393,1.202,0.628,none|USP-S|a0h0k0|sm0fl0HE0fr0;M4A4|USP-S|a1h1k1|sm1fl1HE1fr1;M4A1-S|USP-S|a1h1k1|sm1fl1HE1fr1
ct,1900,AUG,2450,INTERPOLATED,0,39.7,50,family,0,300,800,,4350,4050,,M4A1-S:34%;none:25%;M4A4:22%,0.762,0.643,0.4,0.615,0.493,0.11,0.454,0.399,1.188,0.636,none|USP-S|a0h0k0|sm0fl0HE0fr0;M4A4|USP-S|a1h1k1|sm1fl1HE1fr1;M4A1-S|USP-S|a1h1k1|sm1fl1HE1fr1
ct,1900,AUG,2500,INTERPOLATED,0,39.3,100,family,0,300,800,,4400,4100,,M4A1-S:35%;none:25%;M4A4:22%,0.763,0.649,0.414,0.618,0.497,0.109,0.464,0.407,1.172,0.645,none|USP-S|a0h0k0|sm0fl0HE0fr0;M4A4|USP-S|a1h1k1|sm1fl1HE1fr1;M4A1-S|USP-S|a1h1k1|sm1fl1HE1fr1
ct,1900,AUG,2550,INTERPOLATED,0,38.8,50,family,0,300,800,,4450,4150,,M4A1-S:36%;none:24%;M4A4:22%,0.766,0.656,0.429,0.62,0.503,0.108,0.474,0.416,1.155,0.654,none|USP-S|a0h0k0|sm0fl0HE0fr0;M4A4|USP-S|a1h1k1|sm1fl1HE1fr1;M4A1-S|USP-S|a1h1k1|sm1fl1HE1fr1
ct,1900,AUG,2600,OBSERVED,1,38.2,0,family,0,300,800,,4500,4200,,M4A1-S:36%;none:24%;M4A4:22%,0.768,0.662,0.444,0.623,0.509,0.106,0.485,0.425,1.138,0.66,none|USP-S|a0h0k0|sm0fl0HE0fr0;M4A4|USP-S|a1h1k1|sm1fl1HE1fr1;M4A1-S|USP-S|a1h1k1|sm1fl1HE1fr1
ct,1900,AUG,2650,OBSERVED,4,37.5,0,family,0,400,800,,4550,4150,,M4A1-S:37%;none:24%;M4A4:22%,0.771,0.669,0.459,0.625,0.515,0.104,0.496,0.435,1.121,0.671,none|USP-S|a0h0k0|sm0fl0HE0fr0;M4A4|USP-S|a1h1k1|sm1fl1HE1fr1;M4A1-S|USP-S|a1h1k1|sm1fl1HE1fr1
ct,1900,AUG,2700,INTERPOLATED,0,36.7,50,family,0,400,800,,4600,4200,,M4A1-S:38%;none:24%;M4A4:22%,0.774,0.675,0.474,0.627,0.522,0.101,0.507,0.445,1.107,0.686,none|USP-S|a0h0k0|sm0fl0HE0fr0;M4A4|USP-S|a1h1k1|sm1fl1HE1fr1;M4A1-S|USP-S|a1h1k1|sm1fl1HE1fr1
ct,1900,AUG,2750,OBSERVED,1,36.0,0,family,0,400,800,,4650,4250,,M4A1-S:38%;none:24%;M4A4:23%,0.777,0.681,0.488,0.629,0.529,0.097,0.518,0.455,1.091,0.7,none|USP-S|a0h0k0|sm0fl0HE0fr0;M4A4|USP-S|a1h1k1|sm1fl1HE1fr1;M4A1-S|USP-S|a1h1k1|sm1fl1HE1fr1
ct,1900,AUG,2800,INTERPOLATED,0,35.2,50,family,0,400,800,,4700,4300,,M4A1-S:38%;none:24%;M4A4:23%,0.78,0.686,0.501,0.63,0.536,0.093,0.528,0.464,1.083,0.713,none|USP-S|a0h0k0|sm0fl0HE0fr0;M4A4|USP-S|a1h1k1|sm1fl1HE1fr1;M4A1-S|USP-S|a1h1k1|sm1fl1HE1fr1
ct,1900,AUG,2850,OBSERVED,1,34.4,0,family,0,400,800,,4750,4350,,M4A1-S:39%;none:24%;M4A4:24%,0.782,0.69,0.513,0.63,0.543,0.089,0.537,0.472,1.076,0.728,none|USP-S|a0h0k0|sm0fl0HE0fr0;M4A4|USP-S|a1h1k1|sm1fl1HE1fr1;M4A1-S|USP-S|a1h1k1|sm1fl1HE1fr1
ct,1900,AUG,2900,OBSERVED,1,33.6,0,family,0,400,800,,4800,4400,,M4A1-S:39%;M4A4:24%;none:24%,0.784,0.693,0.523,0.631,0.55,0.084,0.546,0.479,1.073,0.74,none|USP-S|a0h0k0|sm0fl0HE0fr0;M4A4|USP-S|a1h1k1|sm1fl1HE1fr1;M4A1-S|USP-S|a1h1k1|sm1fl1HE1fr1
ct,1900,AUG,2950,OBSERVED,1,32.9,0,family,0,400,800,,4850,4450,,M4A1-S:38%;M4A4:25%;none:24%,0.785,0.696,0.532,0.631,0.556,0.079,0.554,0.485,1.073,0.752,none|USP-S|a0h0k0|sm0fl0HE0fr0;M4A4|USP-S|a1h1k1|sm1fl1HE1fr1;M4A1-S|USP-S|a1h1k1|sm1fl1HE1fr1
ct,1900,AUG,3000,OBSERVED,1,32.2,0,family,0,400,800,,4900,4500,,M4A1-S:38%;M4A4:25%;none:24%,0.787,0.698,0.539,0.63,0.562,0.074,0.561,0.49,1.075,0.763,none|USP-S|a0h0k0|sm0fl0HE0fr0;M4A4|USP-S|a1h1k1|sm1fl1HE1fr1;M4A1-S|USP-S|a1h1k1|sm1fl1HE1fr1
ct,1900,AUG,3050,INTERPOLATED,0,31.6,50,family,0,400,800,,4950,4550,,M4A1-S:38%;M4A4:25%;none:24%,0.788,0.7,0.544,0.63,0.568,0.069,0.568,0.493,1.083,0.771,none|USP-S|a0h0k0|sm0fl0HE0fr0;M4A4|USP-S|a1h1k1|sm1fl1HE1fr1;M4A1-S|USP-S|a1h1k1|sm1fl1HE1fr1
ct,1900,AUG,3100,OBSERVED,2,31.0,0,family,0,400,800,,5000,4600,,M4A1-S:37%;M4A4:26%;none:25%,0.788,0.701,0.548,0.63,0.574,0.063,0.575,0.496,1.089,0.781,none|USP-S|a0h0k0|sm0fl0HE0fr0;M4A4|USP-S|a1h1k1|sm1fl1HE1fr1;M4A1-S|USP-S|a1h1k1|sm1fl1HE1fr1
ct,1900,AUG,3150,OBSERVED,2,30.5,0,family,0,400,800,,5050,4650,,M4A1-S:36%;M4A4:26%;none:25%,0.789,0.702,0.551,0.63,0.581,0.058,0.581,0.498,1.1,0.789,none|USP-S|a0h0k0|sm0fl0HE0fr0;M4A4|USP-S|a1h1k1|sm1fl1HE1fr1;M4A1-S|USP-S|a1h1k1|sm1fl1HE1fr1
ct,1900,AUG,3200,OBSERVED,1,30.0,0,family,0,400,800,,5100,4700,,M4A1-S:35%;M4A4:27%;none:25%,0.79,0.703,0.552,0.631,0.587,0.053,0.587,0.5,1.109,0.793,none|USP-S|a0h0k0|sm0fl0HE0fr0;M4A4|USP-S|a1h1k1|sm1fl1HE1fr1;M4A1-S|USP-S|a1h1k1|sm1fl1HE1fr1
ct,1900,AUG,3250,INTERPOLATED,0,29.5,50,family,0,400,800,,5150,4750,,M4A1-S:35%;M4A4:27%;none:25%,0.791,0.705,0.551,0.633,0.594,0.048,0.594,0.501,1.12,0.797,none|USP-S|a0h0k0|sm0fl0HE0fr0;M4A4|USP-S|a1h1k1|sm1fl1HE1fr1;M4A1-S|USP-S|a1h1k1|sm1fl1HE1fr1
ct,1900,AUG,3300,OBSERVED,1,29.2,0,family,0,400,800,,5200,4800,,M4A1-S:34%;M4A4:28%;none:25%,0.792,0.706,0.55,0.636,0.602,0.043,0.602,0.503,1.13,0.804,none|USP-S|a0h0k0|sm0fl0HE0fr0;M4A4|USP-S|a1h1k1|sm1fl1HE1fr1;M4A1-S|USP-S|a1h1k1|sm1fl1HE1fr1
ct,1900,AUG,3350,OBSERVED,1,28.8,0,family,0,400,800,,5250,4850,,M4A1-S:32%;M4A4:28%;none:25%,0.794,0.708,0.547,0.64,0.611,0.039,0.61,0.504,1.139,0.81,none|USP-S|a0h0k0|sm0fl0HE0fr0;M4A4|USP-S|a1h1k1|sm1fl1HE1fr1;M4A1-S|USP-S|a1h1k1|sm1fl1HE1fr1
ct,1900,AUG,3400,OBSERVED,1,28.5,0,family,0,400,800,,5300,4900,,M4A1-S:31%;M4A4:28%;none:25%,0.796,0.71,0.544,0.645,0.62,0.035,0.619,0.507,1.144,0.814,none|USP-S|a0h0k0|sm0fl0HE0fr0;M4A4|USP-S|a1h1k1|sm1fl1HE1fr1;M4A1-S|USP-S|a1h1k0|sm1fl1HE1fr1
ct,1900,AUG,3450,OBSERVED,2,28.3,0,family,0,400,800,,5350,4950,,M4A1-S:30%;M4A4:29%;none:25%,0.8,0.714,0.54,0.653,0.631,0.031,0.63,0.511,1.146,0.815,none|USP-S|a0h0k0|sm0fl0HE0fr0;M4A4|USP-S|a1h1k1|sm1fl1HE1fr1;M4A1-S|USP-S|a1h1k0|sm1fl1HE1fr1
ct,1900,AUG,3500,INTERPOLATED,0,28.1,50,family,0,400,800,,5400,5000,,M4A4:30%;M4A1-S:29%;none:25%,0.804,0.718,0.536,0.661,0.643,0.027,0.641,0.516,1.147,0.812,none|USP-S|a0h0k0|sm0fl0HE0fr0;M4A4|USP-S|a1h1k1|sm1fl1HE1fr1;M4A1-S|USP-S|a1h1k0|sm1fl1HE1fr1
ct,1900,AUG,3550,INTERPOLATED,0,27.8,50,family,0,400,800,,5450,5050,,M4A4:30%;M4A1-S:28%;none:24%,0.808,0.722,0.531,0.672,0.657,0.024,0.655,0.522,1.144,0.814,none|USP-S|a0h0k0|sm0fl0HE0fr0;M4A4|USP-S|a1h1k1|sm1fl1HE1fr1;M4A1-S|USP-S|a1h1k0|sm1fl1HE1fr1
ct,1900,AUG,3600,OBSERVED,3,27.6,0,family,0,400,800,,5500,5100,,M4A4:31%;M4A1-S:26%;none:24%,0.814,0.728,0.527,0.684,0.671,0.02,0.669,0.531,1.136,0.815,M4A4|USP-S|a1h1k1|sm1fl1HE1fr1;none|USP-S|a0h0k0|sm0fl0HE0fr0;M4A1-S|USP-S|a1h1k0|sm1fl1HE1fr1
ct,1900,AUG,3650,OBSERVED,1,27.4,0,family,0,400,800,,5550,5150,,M4A4:31%;M4A1-S:25%;none:23%,0.821,0.734,0.523,0.698,0.687,0.017,0.685,0.541,1.124,0.816,M4A4|USP-S|a1h1k1|sm1fl1HE1fr1;none|USP-S|a0h0k0|sm0fl0HE0fr0;M4A1-S|USP-S|a1h1k0|sm1fl1HE1fr1
ct,1900,AUG,3700,INTERPOLATED,0,27.1,50,family,0,500,800,,5600,5100,,M4A4:32%;M4A1-S:23%;none:22%,0.829,0.74,0.519,0.713,0.704,0.015,0.702,0.554,1.106,0.82,M4A4|USP-S|a1h1k1|sm1fl1HE1fr1;none|USP-S|a0h0k0|sm0fl0HE0fr0;M4A1-S|USP-S|a1h1k0|sm1fl1HE1fr1
ct,1900,AUG,3750,INTERPOLATED,0,26.7,100,family,200,500,800,,5650,5150,,M4A4:33%;M4A1-S:22%;none:21%,0.838,0.747,0.517,0.729,0.722,0.013,0.72,0.568,1.084,0.83,M4A4|USP-S|a1h1k1|sm1fl1HE1fr1;none|USP-S|a0h0k0|sm0fl0HE0fr0;M4A1-S|USP-S|a1h1k0|sm1fl1HE1fr1
ct,1900,AUG,3800,INTERPOLATED,0,26.3,150,family,200,500,800,,5700,5200,,M4A4:34%;M4A1-S:20%;none:20%,0.847,0.755,0.515,0.747,0.741,0.011,0.739,0.585,1.056,0.84,M4A4|USP-S|a1h1k1|sm1fl1HE1fr1;none|USP-S|a0h0k0|sm0fl0HE0fr0;AK-47|USP-S|a1h1k1|sm1fl1HE1fr1
ct,1900,AUG,3850,INTERPOLATED,0,25.7,200,family,200,500,800,,5750,5250,,M4A4:35%;M4A1-S:19%;none:19%,0.857,0.762,0.514,0.765,0.761,0.009,0.759,0.603,1.024,0.847,M4A4|USP-S|a1h1k1|sm1fl1HE1fr1;none|USP-S|a0h0k0|sm0fl0HE0fr0;M4A4|USP-S|a1h1k0|sm1fl1HE1fr1
ct,1900,AUG,3900,INTERPOLATED,0,25.1,150,family,300,600,800,,5800,5200,,M4A4:36%;AK-47:19%;none:17%,0.867,0.769,0.514,0.784,0.781,0.007,0.779,0.623,0.986,0.852,M4A4|USP-S|a1h1k1|sm1fl1HE1fr1;none|USP-S|a0h0k0|sm0fl0HE0fr0;M4A4|USP-S|a1h1k0|sm1fl1HE1fr1
ct,1900,AUG,3950,INTERPOLATED,0,24.5,100,family,300,600,800,,5850,5250,,M4A4:36%;AK-47:21%;none:16%,0.878,0.776,0.516,0.803,0.8,0.006,0.799,0.644,0.944,0.855,M4A4|USP-S|a1h1k1|sm1fl1HE1fr1;none|USP-S|a0h0k0|sm0fl0HE0fr0;M4A4|USP-S|a1h1k0|sm1fl1HE1fr1
ct,1900,AUG,4000,INTERPOLATED,0,23.8,50,family,300,600,800,,5900,5300,,M4A4:37%;AK-47:23%;none:14%,0.889,0.783,0.519,0.822,0.82,0.005,0.819,0.666,0.898,0.855,M4A4|USP-S|a1h1k1|sm1fl1HE1fr1;AK-47|USP-S|a1h1k1|sm1fl1HE1fr1;M4A4|USP-S|a1h1k0|sm1fl1HE1fr1
ct,1900,AUG,4050,OBSERVED,2,23.1,0,family,300,600,800,,5950,5350,,M4A4:38%;AK-47:25%;none:13%,0.899,0.788,0.524,0.841,0.839,0.004,0.838,0.689,0.848,0.861,M4A4|USP-S|a1h1k1|sm1fl1HE1fr1;AK-47|USP-S|a1h1k1|sm1fl1HE1fr1;M4A4|USP-S|a1h1k0|sm1fl1HE1fr1
ct,1900,AUG,4100,INTERPOLATED,0,22.4,50,family,300,600,800,,6000,5400,,M4A4:39%;AK-47:27%;none:12%,0.91,0.794,0.529,0.858,0.857,0.003,0.856,0.712,0.793,0.869,M4A4|USP-S|a1h1k1|sm1fl1HE1fr1;AK-47|USP-S|a1h1k1|sm1fl1HE1fr1;M4A4|USP-S|a1h1k0|sm1fl1HE1fr1
ct,1900,AUG,4150,OBSERVED,3,21.7,0,family,300,600,800,,6050,5450,,M4A4:40%;AK-47:29%;none:10%,0.92,0.798,0.537,0.875,0.874,0.002,0.873,0.735,0.737,0.879,M4A4|USP-S|a1h1k1|sm1fl1HE1fr1;AK-47|USP-S|a1h1k1|sm1fl1HE1fr1;M4A4|USP-S|a1h1k0|sm1fl1HE1fr1
ct,1900,AUG,4200,OBSERVED,2,21.1,0,family,300,600,800,,6100,5500,,M4A4:40%;AK-47:32%;none:9%,0.93,0.801,0.545,0.891,0.89,0.002,0.89,0.758,0.679,0.887,M4A4|USP-S|a1h1k1|sm1fl1HE1fr1;AK-47|USP-S|a1h1k1|sm1fl1HE1fr1;M4A4|USP-S|a1h1k0|sm1fl1HE1fr1
ct,1900,AUG,4250,INTERPOLATED,0,20.5,50,family,300,700,800,,6150,5450,,M4A4:41%;AK-47:34%;none:8%,0.938,0.804,0.555,0.906,0.905,0.001,0.905,0.78,0.624,0.894,M4A4|USP-S|a1h1k1|sm1fl1HE1fr1;AK-47|USP-S|a1h1k1|sm1fl1HE1fr1;M4A4|USP-S|a1h1k0|sm1fl1HE1fr1
ct,1900,FAMAS,1400,OBSERVED,2,27.7,0,family,0,500,1300,,3300,2800,,M4A4:36%;M4A1-S:23%;none:17%,0.879,0.716,0.393,0.703,0.591,0.116,0.533,0.539,1.0,0.637,M4A4|USP-S|a1h1k1|sm1fl1HE1fr1;none|USP-S|a0h0k0|sm0fl0HE0fr0;AK-47|USP-S|a1h1k0|sm1fl0HE0fr0
ct,1900,FAMAS,1450,OBSERVED,2,28.7,0,family,0,500,1300,,3350,2850,,M4A4:35%;M4A1-S:23%;none:17%,0.871,0.706,0.388,0.695,0.583,0.113,0.524,0.527,1.026,0.624,M4A4|USP-S|a1h1k1|sm1fl1HE1fr1;none|USP-S|a0h0k0|sm0fl0HE0fr0;AK-47|USP-S|a1h1k0|sm1fl0HE0fr0
ct,1900,FAMAS,1500,OBSERVED,4,29.7,0,family,0,500,1300,,3400,2900,,M4A4:34%;M4A1-S:22%;none:17%,0.868,0.709,0.367,0.7,0.592,0.106,0.534,0.534,1.05,0.626,M4A4|USP-S|a1h1k1|sm1fl1HE1fr1;none|USP-S|a0h0k0|sm0fl0HE0fr0;FAMAS|USP-S|a1h1k0|sm1fl1HE1fr1
ct,1900,FAMAS,1550,OBSERVED,2,30.7,0,family,0,500,1300,,3450,2950,,M4A4:33%;M4A1-S:22%;none:18%,0.859,0.699,0.363,0.692,0.583,0.104,0.524,0.521,1.074,0.616,none|USP-S|a0h0k0|sm0fl0HE0fr0;M4A4|USP-S|a1h1k1|sm1fl1HE1fr1;FAMAS|USP-S|a1h1k0|sm1fl1HE1fr1
ct,1900,FAMAS,1600,OBSERVED,2,31.6,0,family,0,500,1300,,3500,3000,,M4A4:33%;M4A1-S:22%;none:18%,0.851,0.69,0.358,0.684,0.574,0.103,0.513,0.507,1.096,0.606,none|USP-S|a0h0k0|sm0fl0HE0fr0;M4A4|USP-S|a1h1k1|sm1fl1HE1fr1;FAMAS|USP-S|a1h1k0|sm1fl1HE1fr1
ct,1900,FAMAS,1650,OBSERVED,1,32.6,0,family,0,500,1200,,3550,3050,,M4A4:32%;M4A1-S:22%;none:19%,0.842,0.68,0.354,0.676,0.565,0.102,0.503,0.494,1.119,0.597,none|USP-S|a0h0k0|sm0fl0HE0fr0;M4A4|USP-S|a1h1k1|sm1fl1HE1fr1;FAMAS|USP-S|a1h1k0|sm1fl1HE1fr1
ct,1900,FAMAS,1700,INTERPOLATED,0,33.5,50,family,0,500,1200,,3600,3100,,M4A4:31%;M4A1-S:23%;none:20%,0.833,0.671,0.349,0.668,0.556,0.101,0.492,0.48,1.141,0.591,none|USP-S|a0h0k0|sm0fl0HE0fr0;M4A4|USP-S|a1h1k1|sm1fl1HE1fr1;FAMAS|USP-S|a1h1k0|sm1fl1HE1fr1
ct,1900,FAMAS,1750,OBSERVED,2,34.4,0,family,0,400,1200,,3650,3250,,M4A4:31%;M4A1-S:23%;none:20%,0.825,0.663,0.346,0.66,0.547,0.1,0.482,0.467,1.158,0.586,none|USP-S|a0h0k0|sm0fl0HE0fr0;M4A4|USP-S|a1h1k1|sm1fl1HE1fr1;FAMAS|USP-S|a1h1k0|sm1fl1HE1fr1
ct,1900,FAMAS,1800,OBSERVED,1,35.2,0,family,0,400,1200,,3700,3300,,M4A4:30%;M4A1-S:23%;none:21%,0.816,0.654,0.342,0.652,0.538,0.1,0.472,0.454,1.178,0.583,none|USP-S|a0h0k0|sm0fl0HE0fr0;M4A4|USP-S|a1h1k1|sm1fl1HE1fr1;FAMAS|USP-S|a1h1k0|sm1fl1HE1fr1
ct,1900,FAMAS,1850,INTERPOLATED,0,36.0,50,family,0,300,1200,,3750,3450,,M4A4:29%;M4A1-S:24%;none:22%,0.808,0.647,0.339,0.645,0.529,0.1,0.463,0.442,1.194,0.582,none|USP-S|a0h0k0|sm0fl0HE0fr0;M4A4|USP-S|a1h1k1|sm1fl1HE1fr1;FAMAS|USP-S|a1h1k0|sm1fl1HE1fr1
ct,1900,FAMAS,1900,OBSERVED,1,36.7,0,family,0,300,1150,,3800,3500,,M4A4:29%;M4A1-S:24%;none:22%,0.8,0.64,0.337,0.638,0.521,0.1,0.454,0.43,1.207,0.58,none|USP-S|a0h0k0|sm0fl0HE0fr0;M4A4|USP-S|a1h1k1|sm1fl1HE1fr1;FAMAS|USP-S|a1h1k0|sm1fl1HE1fr1
ct,1900,FAMAS,1950,OBSERVED,4,37.4,0,family,0,300,1100,,3850,3550,,M4A4:28%;M4A1-S:25%;none:23%,0.792,0.635,0.336,0.632,0.514,0.101,0.447,0.419,1.22,0.579,none|USP-S|a0h0k0|sm0fl0HE0fr0;M4A4|USP-S|a1h1k1|sm1fl1HE1fr1;FAMAS|USP-S|a1h1k0|sm1fl1HE1fr1
ct,1900,FAMAS,2000,OBSERVED,3,38.0,0,family,0,300,800,,3900,3600,,M4A4:27%;M4A1-S:25%;none:23%,0.785,0.63,0.336,0.626,0.507,0.101,0.44,0.409,1.229,0.578,none|USP-S|a0h0k0|sm0fl0HE0fr0;M4A4|USP-S|a1h1k1|sm1fl1HE1fr1;FAMAS|USP-S|a1h1k0|sm1fl1HE1fr1
ct,1900,FAMAS,2050,OBSERVED,1,38.5,0,family,0,300,800,,3950,3650,,M4A4:26%;M4A1-S:26%;none:24%,0.779,0.626,0.337,0.622,0.501,0.103,0.435,0.401,1.235,0.577,none|USP-S|a0h0k0|sm0fl0HE0fr0;M4A4|USP-S|a1h1k1|sm1fl1HE1fr1;AK-47|USP-S|a1h1k0|sm1fl0HE0fr0
ct,1900,FAMAS,2100,OBSERVED,2,38.9,0,family,0,300,800,,4000,3700,,M4A1-S:27%;M4A4:25%;none:24%,0.774,0.624,0.34,0.618,0.495,0.104,0.431,0.394,1.239,0.58,none|USP-S|a0h0k0|sm0fl0HE0fr0;M4A4|USP-S|a1h1k1|sm1fl1HE1fr1;AK-47|USP-S|a1h1k0|sm1fl0HE0fr0
ct,1900,FAMAS,2150,OBSERVED,1,39.3,0,family,0,300,800,,4050,3750,,M4A1-S:28%;M4A4:25%;none:24%,0.769,0.623,0.344,0.615,0.491,0.105,0.429,0.389,1.24,0.583,none|USP-S|a0h0k0|sm0fl0HE0fr0;M4A4|USP-S|a1h1k1|sm1fl1HE1fr1;AK-47|USP-S|a1h1k0|sm1fl0HE0fr0
ct,1900,FAMAS,2200,INTERPOLATED,0,39.7,50,family,0,300,800,,4100,3800,,M4A1-S:29%;none:25%;M4A4:24%,0.766,0.624,0.349,0.613,0.488,0.106,0.429,0.386,1.237,0.589,none|USP-S|a0h0k0|sm0fl0HE0fr0;M4A4|USP-S|a1h1k1|sm1fl1HE1fr1;M4A1-S|USP-S|a1h1k1|sm1fl1HE1fr1
ct,1900,FAMAS,2250,INTERPOLATED,0,39.9,50,family,0,300,800,,4150,3850,,M4A1-S:30%;none:25%;M4A4:24%,0.763,0.625,0.357,0.612,0.487,0.108,0.431,0.385,1.234,0.6,none|USP-S|a0h0k0|sm0fl0HE0fr0;M4A4|USP-S|a1h1k1|sm1fl1HE1fr1;M4A1-S|USP-S|a1h1k1|sm1fl1HE1fr1
ct,1900,FAMAS,2300,OBSERVED,2,40.0,0,family,0,300,800,,4200,3900,,M4A1-S:31%;none:25%;M4A4:23%,0.761,0.628,0.365,0.612,0.486,0.109,0.434,0.386,1.226,0.609,none|USP-S|a0h0k0|sm0fl0HE0fr0;M4A4|USP-S|a1h1k1|sm1fl1HE1fr1;M4A1-S|USP-S|a1h1k1|sm1fl1HE1fr1
ct,1900,FAMAS,2350,OBSERVED,1,40.0,0,family,0,300,800,,4250,3950,,M4A1-S:32%;none:25%;M4A4:23%,0.761,0.632,0.376,0.612,0.487,0.109,0.439,0.388,1.215,0.617,none|USP-S|a0h0k0|sm0fl0HE0fr0;M4A4|USP-S|a1h1k1|sm1fl1HE1fr1;M4A1-S|USP-S|a1h1k1|sm1fl1HE1fr1
ct,1900,FAMAS,2400,OBSERVED,1,39.9,0,family,0,300,800,,4300,4000,,M4A1-S:33%;none:25%;M4A4:22%,0.761,0.637,0.387,0.614,0.49,0.11,0.446,0.393,1.202,0.628,none|USP-S|a0h0k0|sm0fl0HE0fr0;M4A4|USP-S|a1h1k1|sm1fl1HE1fr1;M4A1-S|USP-S|a1h1k1|sm1fl1HE1fr1
ct,1900,FAMAS,2450,INTERPOLATED,0,39.7,50,family,0,300,800,,4350,4050,,M4A1-S:34%;none:25%;M4A4:22%,0.762,0.643,0.4,0.615,0.493,0.11,0.454,0.399,1.188,0.636,none|USP-S|a0h0k0|sm0fl0HE0fr0;M4A4|USP-S|a1h1k1|sm1fl1HE1fr1;M4A1-S|USP-S|a1h1k1|sm1fl1HE1fr1
ct,1900,FAMAS,2500,INTERPOLATED,0,39.3,100,family,0,300,800,,4400,4100,,M4A1-S:35%;none:25%;M4A4:22%,0.763,0.649,0.414,0.618,0.497,0.109,0.464,0.407,1.172,0.645,none|USP-S|a0h0k0|sm0fl0HE0fr0;M4A4|USP-S|a1h1k1|sm1fl1HE1fr1;M4A1-S|USP-S|a1h1k1|sm1fl1HE1fr1
ct,1900,FAMAS,2550,INTERPOLATED,0,38.8,50,family,0,300,800,,4450,4150,,M4A1-S:36%;none:24%;M4A4:22%,0.766,0.656,0.429,0.62,0.503,0.108,0.474,0.416,1.155,0.654,none|USP-S|a0h0k0|sm0fl0HE0fr0;M4A4|USP-S|a1h1k1|sm1fl1HE1fr1;M4A1-S|USP-S|a1h1k1|sm1fl1HE1fr1
ct,1900,FAMAS,2600,OBSERVED,1,38.2,0,family,0,300,800,,4500,4200,,M4A1-S:36%;none:24%;M4A4:22%,0.768,0.662,0.444,0.623,0.509,0.106,0.485,0.425,1.138,0.66,none|USP-S|a0h0k0|sm0fl0HE0fr0;M4A4|USP-S|a1h1k1|sm1fl1HE1fr1;M4A1-S|USP-S|a1h1k1|sm1fl1HE1fr1
ct,1900,FAMAS,2650,OBSERVED,4,37.5,0,family,0,400,800,,4550,4150,,M4A1-S:37%;none:24%;M4A4:22%,0.771,0.669,0.459,0.625,0.515,0.104,0.496,0.435,1.121,0.671,none|USP-S|a0h0k0|sm0fl0HE0fr0;M4A4|USP-S|a1h1k1|sm1fl1HE1fr1;M4A1-S|USP-S|a1h1k1|sm1fl1HE1fr1
ct,1900,FAMAS,2700,INTERPOLATED,0,36.7,50,family,0,400,800,,4600,4200,,M4A1-S:38%;none:24%;M4A4:22%,0.774,0.675,0.474,0.627,0.522,0.101,0.507,0.445,1.107,0.686,none|USP-S|a0h0k0|sm0fl0HE0fr0;M4A4|USP-S|a1h1k1|sm1fl1HE1fr1;M4A1-S|USP-S|a1h1k1|sm1fl1HE1fr1
ct,1900,FAMAS,2750,OBSERVED,1,36.0,0,family,0,400,800,,4650,4250,,M4A1-S:38%;none:24%;M4A4:23%,0.777,0.681,0.488,0.629,0.529,0.097,0.518,0.455,1.091,0.7,none|USP-S|a0h0k0|sm0fl0HE0fr0;M4A4|USP-S|a1h1k1|sm1fl1HE1fr1;M4A1-S|USP-S|a1h1k1|sm1fl1HE1fr1
ct,1900,FAMAS,2800,INTERPOLATED,0,35.2,50,family,0,400,800,,4700,4300,,M4A1-S:38%;none:24%;M4A4:23%,0.78,0.686,0.501,0.63,0.536,0.093,0.528,0.464,1.083,0.713,none|USP-S|a0h0k0|sm0fl0HE0fr0;M4A4|USP-S|a1h1k1|sm1fl1HE1fr1;M4A1-S|USP-S|a1h1k1|sm1fl1HE1fr1
ct,1900,FAMAS,2850,OBSERVED,1,34.4,0,family,0,400,800,,4750,4350,,M4A1-S:39%;none:24%;M4A4:24%,0.782,0.69,0.513,0.63,0.543,0.089,0.537,0.472,1.076,0.728,none|USP-S|a0h0k0|sm0fl0HE0fr0;M4A4|USP-S|a1h1k1|sm1fl1HE1fr1;M4A1-S|USP-S|a1h1k1|sm1fl1HE1fr1
ct,1900,FAMAS,2900,OBSERVED,1,33.6,0,family,0,400,800,,4800,4400,,M4A1-S:39%;M4A4:24%;none:24%,0.784,0.693,0.523,0.631,0.55,0.084,0.546,0.479,1.073,0.74,none|USP-S|a0h0k0|sm0fl0HE0fr0;M4A4|USP-S|a1h1k1|sm1fl1HE1fr1;M4A1-S|USP-S|a1h1k1|sm1fl1HE1fr1
ct,1900,FAMAS,2950,OBSERVED,1,32.9,0,family,0,400,800,,4850,4450,,M4A1-S:38%;M4A4:25%;none:24%,0.785,0.696,0.532,0.631,0.556,0.079,0.554,0.485,1.073,0.752,none|USP-S|a0h0k0|sm0fl0HE0fr0;M4A4|USP-S|a1h1k1|sm1fl1HE1fr1;M4A1-S|USP-S|a1h1k1|sm1fl1HE1fr1
ct,1900,FAMAS,3000,OBSERVED,1,32.2,0,family,0,400,800,,4900,4500,,M4A1-S:38%;M4A4:25%;none:24%,0.787,0.698,0.539,0.63,0.562,0.074,0.561,0.49,1.075,0.763,none|USP-S|a0h0k0|sm0fl0HE0fr0;M4A4|USP-S|a1h1k1|sm1fl1HE1fr1;M4A1-S|USP-S|a1h1k1|sm1fl1HE1fr1
ct,1900,FAMAS,3050,INTERPOLATED,0,31.6,50,family,0,400,800,,4950,4550,,M4A1-S:38%;M4A4:25%;none:24%,0.788,0.7,0.544,0.63,0.568,0.069,0.568,0.493,1.083,0.771,none|USP-S|a0h0k0|sm0fl0HE0fr0;M4A4|USP-S|a1h1k1|sm1fl1HE1fr1;M4A1-S|USP-S|a1h1k1|sm1fl1HE1fr1
ct,1900,FAMAS,3100,OBSERVED,2,31.0,0,family,0,400,800,,5000,4600,,M4A1-S:37%;M4A4:26%;none:25%,0.788,0.701,0.548,0.63,0.574,0.063,0.575,0.496,1.089,0.781,none|USP-S|a0h0k0|sm0fl0HE0fr0;M4A4|USP-S|a1h1k1|sm1fl1HE1fr1;M4A1-S|USP-S|a1h1k1|sm1fl1HE1fr1
ct,1900,FAMAS,3150,OBSERVED,2,30.5,0,family,0,400,800,,5050,4650,,M4A1-S:36%;M4A4:26%;none:25%,0.789,0.702,0.551,0.63,0.581,0.058,0.581,0.498,1.1,0.789,none|USP-S|a0h0k0|sm0fl0HE0fr0;M4A4|USP-S|a1h1k1|sm1fl1HE1fr1;M4A1-S|USP-S|a1h1k1|sm1fl1HE1fr1
ct,1900,FAMAS,3200,OBSERVED,1,30.0,0,family,0,400,800,,5100,4700,,M4A1-S:35%;M4A4:27%;none:25%,0.79,0.703,0.552,0.631,0.587,0.053,0.587,0.5,1.109,0.793,none|USP-S|a0h0k0|sm0fl0HE0fr0;M4A4|USP-S|a1h1k1|sm1fl1HE1fr1;M4A1-S|USP-S|a1h1k1|sm1fl1HE1fr1
ct,1900,FAMAS,3250,INTERPOLATED,0,29.5,50,family,0,400,800,,5150,4750,,M4A1-S:35%;M4A4:27%;none:25%,0.791,0.705,0.551,0.633,0.594,0.048,0.594,0.501,1.12,0.797,none|USP-S|a0h0k0|sm0fl0HE0fr0;M4A4|USP-S|a1h1k1|sm1fl1HE1fr1;M4A1-S|USP-S|a1h1k1|sm1fl1HE1fr1
ct,1900,FAMAS,3300,OBSERVED,1,29.2,0,family,0,400,800,,5200,4800,,M4A1-S:34%;M4A4:28%;none:25%,0.792,0.706,0.55,0.636,0.602,0.043,0.602,0.503,1.13,0.804,none|USP-S|a0h0k0|sm0fl0HE0fr0;M4A4|USP-S|a1h1k1|sm1fl1HE1fr1;M4A1-S|USP-S|a1h1k1|sm1fl1HE1fr1
ct,1900,FAMAS,3350,OBSERVED,1,28.8,0,family,0,400,800,,5250,4850,,M4A1-S:32%;M4A4:28%;none:25%,0.794,0.708,0.547,0.64,0.611,0.039,0.61,0.504,1.139,0.81,none|USP-S|a0h0k0|sm0fl0HE0fr0;M4A4|USP-S|a1h1k1|sm1fl1HE1fr1;M4A1-S|USP-S|a1h1k1|sm1fl1HE1fr1
ct,1900,FAMAS,3400,OBSERVED,1,28.5,0,family,0,400,800,,5300,4900,,M4A1-S:31%;M4A4:28%;none:25%,0.796,0.71,0.544,0.645,0.62,0.035,0.619,0.507,1.144,0.814,none|USP-S|a0h0k0|sm0fl0HE0fr0;M4A4|USP-S|a1h1k1|sm1fl1HE1fr1;M4A1-S|USP-S|a1h1k0|sm1fl1HE1fr1
ct,1900,FAMAS,3450,OBSERVED,2,28.3,0,family,0,400,800,,5350,4950,,M4A1-S:30%;M4A4:29%;none:25%,0.8,0.714,0.54,0.653,0.631,0.031,0.63,0.511,1.146,0.815,none|USP-S|a0h0k0|sm0fl0HE0fr0;M4A4|USP-S|a1h1k1|sm1fl1HE1fr1;M4A1-S|USP-S|a1h1k0|sm1fl1HE1fr1
ct,1900,FAMAS,3500,INTERPOLATED,0,28.1,50,family,0,400,800,,5400,5000,,M4A4:30%;M4A1-S:29%;none:25%,0.804,0.718,0.536,0.661,0.643,0.027,0.641,0.516,1.147,0.812,none|USP-S|a0h0k0|sm0fl0HE0fr0;M4A4|USP-S|a1h1k1|sm1fl1HE1fr1;M4A1-S|USP-S|a1h1k0|sm1fl1HE1fr1
ct,1900,FAMAS,3550,INTERPOLATED,0,27.8,50,family,0,400,800,,5450,5050,,M4A4:30%;M4A1-S:28%;none:24%,0.808,0.722,0.531,0.672,0.657,0.024,0.655,0.522,1.144,0.814,none|USP-S|a0h0k0|sm0fl0HE0fr0;M4A4|USP-S|a1h1k1|sm1fl1HE1fr1;M4A1-S|USP-S|a1h1k0|sm1fl1HE1fr1
ct,1900,FAMAS,3600,OBSERVED,3,27.6,0,family,0,400,800,,5500,5100,,M4A4:31%;M4A1-S:26%;none:24%,0.814,0.728,0.527,0.684,0.671,0.02,0.669,0.531,1.136,0.815,M4A4|USP-S|a1h1k1|sm1fl1HE1fr1;none|USP-S|a0h0k0|sm0fl0HE0fr0;M4A1-S|USP-S|a1h1k0|sm1fl1HE1fr1
ct,1900,FAMAS,3650,OBSERVED,1,27.4,0,family,0,400,800,,5550,5150,,M4A4:31%;M4A1-S:25%;none:23%,0.821,0.734,0.523,0.698,0.687,0.017,0.685,0.541,1.124,0.816,M4A4|USP-S|a1h1k1|sm1fl1HE1fr1;none|USP-S|a0h0k0|sm0fl0HE0fr0;M4A1-S|USP-S|a1h1k0|sm1fl1HE1fr1
ct,1900,FAMAS,3700,INTERPOLATED,0,27.1,50,family,0,500,800,,5600,5100,,M4A4:32%;M4A1-S:23%;none:22%,0.829,0.74,0.519,0.713,0.704,0.015,0.702,0.554,1.106,0.82,M4A4|USP-S|a1h1k1|sm1fl1HE1fr1;none|USP-S|a0h0k0|sm0fl0HE0fr0;M4A1-S|USP-S|a1h1k0|sm1fl1HE1fr1
ct,1900,FAMAS,3750,INTERPOLATED,0,26.7,100,family,200,500,800,,5650,5150,,M4A4:33%;M4A1-S:22%;none:21%,0.838,0.747,0.517,0.729,0.722,0.013,0.72,0.568,1.084,0.83,M4A4|USP-S|a1h1k1|sm1fl1HE1fr1;none|USP-S|a0h0k0|sm0fl0HE0fr0;M4A1-S|USP-S|a1h1k0|sm1fl1HE1fr1
ct,1900,FAMAS,3800,INTERPOLATED,0,26.3,150,family,200,500,800,,5700,5200,,M4A4:34%;M4A1-S:20%;none:20%,0.847,0.755,0.515,0.747,0.741,0.011,0.739,0.585,1.056,0.84,M4A4|USP-S|a1h1k1|sm1fl1HE1fr1;none|USP-S|a0h0k0|sm0fl0HE0fr0;AK-47|USP-S|a1h1k1|sm1fl1HE1fr1
ct,1900,FAMAS,3850,INTERPOLATED,0,25.7,200,family,200,500,800,,5750,5250,,M4A4:35%;M4A1-S:19%;none:19%,0.857,0.762,0.514,0.765,0.761,0.009,0.759,0.603,1.024,0.847,M4A4|USP-S|a1h1k1|sm1fl1HE1fr1;none|USP-S|a0h0k0|sm0fl0HE0fr0;M4A4|USP-S|a1h1k0|sm1fl1HE1fr1
ct,1900,FAMAS,3900,INTERPOLATED,0,25.1,150,family,300,600,800,,5800,5200,,M4A4:36%;AK-47:19%;none:17%,0.867,0.769,0.514,0.784,0.781,0.007,0.779,0.623,0.986,0.852,M4A4|USP-S|a1h1k1|sm1fl1HE1fr1;none|USP-S|a0h0k0|sm0fl0HE0fr0;M4A4|USP-S|a1h1k0|sm1fl1HE1fr1
ct,1900,FAMAS,3950,INTERPOLATED,0,24.5,100,family,300,600,800,,5850,5250,,M4A4:36%;AK-47:21%;none:16%,0.878,0.776,0.516,0.803,0.8,0.006,0.799,0.644,0.944,0.855,M4A4|USP-S|a1h1k1|sm1fl1HE1fr1;none|USP-S|a0h0k0|sm0fl0HE0fr0;M4A4|USP-S|a1h1k0|sm1fl1HE1fr1
ct,1900,FAMAS,4000,INTERPOLATED,0,23.8,50,family,300,600,800,,5900,5300,,M4A4:37%;AK-47:23%;none:14%,0.889,0.783,0.519,0.822,0.82,0.005,0.819,0.666,0.898,0.855,M4A4|USP-S|a1h1k1|sm1fl1HE1fr1;AK-47|USP-S|a1h1k1|sm1fl1HE1fr1;M4A4|USP-S|a1h1k0|sm1fl1HE1fr1
ct,1900,FAMAS,4050,OBSERVED,2,23.1,0,family,300,600,800,,5950,5350,,M4A4:38%;AK-47:25%;none:13%,0.899,0.788,0.524,0.841,0.839,0.004,0.838,0.689,0.848,0.861,M4A4|USP-S|a1h1k1|sm1fl1HE1fr1;AK-47|USP-S|a1h1k1|sm1fl1HE1fr1;M4A4|USP-S|a1h1k0|sm1fl1HE1fr1
ct,1900,FAMAS,4100,INTERPOLATED,0,22.4,50,family,300,600,800,,6000,5400,,M4A4:39%;AK-47:27%;none:12%,0.91,0.794,0.529,0.858,0.857,0.003,0.856,0.712,0.793,0.869,M4A4|USP-S|a1h1k1|sm1fl1HE1fr1;AK-47|USP-S|a1h1k1|sm1fl1HE1fr1;M4A4|USP-S|a1h1k0|sm1fl1HE1fr1
ct,1900,FAMAS,4150,OBSERVED,3,21.7,0,family,300,600,800,,6050,5450,,M4A4:40%;AK-47:29%;none:10%,0.92,0.798,0.537,0.875,0.874,0.002,0.873,0.735,0.737,0.879,M4A4|USP-S|a1h1k1|sm1fl1HE1fr1;AK-47|USP-S|a1h1k1|sm1fl1HE1fr1;M4A4|USP-S|a1h1k0|sm1fl1HE1fr1
ct,1900,FAMAS,4200,OBSERVED,2,21.1,0,family,300,600,800,,6100,5500,,M4A4:40%;AK-47:32%;none:9%,0.93,0.801,0.545,0.891,0.89,0.002,0.89,0.758,0.679,0.887,M4A4|USP-S|a1h1k1|sm1fl1HE1fr1;AK-47|USP-S|a1h1k1|sm1fl1HE1fr1;M4A4|USP-S|a1h1k0|sm1fl1HE1fr1
ct,1900,FAMAS,4250,INTERPOLATED,0,20.5,50,family,300,700,800,,6150,5450,,M4A4:41%;AK-47:34%;none:8%,0.938,0.804,0.555,0.906,0.905,0.001,0.905,0.78,0.624,0.894,M4A4|USP-S|a1h1k1|sm1fl1HE1fr1;AK-47|USP-S|a1h1k1|sm1fl1HE1fr1;M4A4|USP-S|a1h1k0|sm1fl1HE1fr1
ct,1900,Galil AR,1400,OBSERVED,2,27.7,0,family,0,500,1300,,3300,2800,,M4A4:36%;M4A1-S:23%;none:17%,0.879,0.716,0.393,0.703,0.591,0.116,0.533,0.539,1.0,0.637,M4A4|USP-S|a1h1k1|sm1fl1HE1fr1;none|USP-S|a0h0k0|sm0fl0HE0fr0;AK-47|USP-S|a1h1k0|sm1fl0HE0fr0
ct,1900,Galil AR,1450,OBSERVED,2,28.7,0,family,0,500,1300,,3350,2850,,M4A4:35%;M4A1-S:23%;none:17%,0.871,0.706,0.388,0.695,0.583,0.113,0.524,0.527,1.026,0.624,M4A4|USP-S|a1h1k1|sm1fl1HE1fr1;none|USP-S|a0h0k0|sm0fl0HE0fr0;AK-47|USP-S|a1h1k0|sm1fl0HE0fr0
ct,1900,Galil AR,1500,OBSERVED,4,29.7,0,family,0,500,1300,,3400,2900,,M4A4:34%;M4A1-S:22%;none:17%,0.868,0.709,0.367,0.7,0.592,0.106,0.534,0.534,1.05,0.626,M4A4|USP-S|a1h1k1|sm1fl1HE1fr1;none|USP-S|a0h0k0|sm0fl0HE0fr0;FAMAS|USP-S|a1h1k0|sm1fl1HE1fr1
ct,1900,Galil AR,1550,OBSERVED,2,30.7,0,family,0,500,1300,,3450,2950,,M4A4:33%;M4A1-S:22%;none:18%,0.859,0.699,0.363,0.692,0.583,0.104,0.524,0.521,1.074,0.616,none|USP-S|a0h0k0|sm0fl0HE0fr0;M4A4|USP-S|a1h1k1|sm1fl1HE1fr1;FAMAS|USP-S|a1h1k0|sm1fl1HE1fr1
ct,1900,Galil AR,1600,OBSERVED,2,31.6,0,family,0,500,1300,,3500,3000,,M4A4:33%;M4A1-S:22%;none:18%,0.851,0.69,0.358,0.684,0.574,0.103,0.513,0.507,1.096,0.606,none|USP-S|a0h0k0|sm0fl0HE0fr0;M4A4|USP-S|a1h1k1|sm1fl1HE1fr1;FAMAS|USP-S|a1h1k0|sm1fl1HE1fr1
ct,1900,Galil AR,1650,OBSERVED,1,32.6,0,family,0,500,1200,,3550,3050,,M4A4:32%;M4A1-S:22%;none:19%,0.842,0.68,0.354,0.676,0.565,0.102,0.503,0.494,1.119,0.597,none|USP-S|a0h0k0|sm0fl0HE0fr0;M4A4|USP-S|a1h1k1|sm1fl1HE1fr1;FAMAS|USP-S|a1h1k0|sm1fl1HE1fr1
ct,1900,Galil AR,1700,INTERPOLATED,0,33.5,50,family,0,500,1200,,3600,3100,,M4A4:31%;M4A1-S:23%;none:20%,0.833,0.671,0.349,0.668,0.556,0.101,0.492,0.48,1.141,0.591,none|USP-S|a0h0k0|sm0fl0HE0fr0;M4A4|USP-S|a1h1k1|sm1fl1HE1fr1;FAMAS|USP-S|a1h1k0|sm1fl1HE1fr1
ct,1900,Galil AR,1750,OBSERVED,2,34.4,0,family,0,400,1200,,3650,3250,,M4A4:31%;M4A1-S:23%;none:20%,0.825,0.663,0.346,0.66,0.547,0.1,0.482,0.467,1.158,0.586,none|USP-S|a0h0k0|sm0fl0HE0fr0;M4A4|USP-S|a1h1k1|sm1fl1HE1fr1;FAMAS|USP-S|a1h1k0|sm1fl1HE1fr1
ct,1900,Galil AR,1800,OBSERVED,1,35.2,0,family,0,400,1200,,3700,3300,,M4A4:30%;M4A1-S:23%;none:21%,0.816,0.654,0.342,0.652,0.538,0.1,0.472,0.454,1.178,0.583,none|USP-S|a0h0k0|sm0fl0HE0fr0;M4A4|USP-S|a1h1k1|sm1fl1HE1fr1;FAMAS|USP-S|a1h1k0|sm1fl1HE1fr1
ct,1900,Galil AR,1850,INTERPOLATED,0,36.0,50,family,0,300,1200,,3750,3450,,M4A4:29%;M4A1-S:24%;none:22%,0.808,0.647,0.339,0.645,0.529,0.1,0.463,0.442,1.194,0.582,none|USP-S|a0h0k0|sm0fl0HE0fr0;M4A4|USP-S|a1h1k1|sm1fl1HE1fr1;FAMAS|USP-S|a1h1k0|sm1fl1HE1fr1
ct,1900,Galil AR,1900,OBSERVED,1,36.7,0,family,0,300,1150,,3800,3500,,M4A4:29%;M4A1-S:24%;none:22%,0.8,0.64,0.337,0.638,0.521,0.1,0.454,0.43,1.207,0.58,none|USP-S|a0h0k0|sm0fl0HE0fr0;M4A4|USP-S|a1h1k1|sm1fl1HE1fr1;FAMAS|USP-S|a1h1k0|sm1fl1HE1fr1
ct,1900,Galil AR,1950,OBSERVED,4,37.4,0,family,0,300,1100,,3850,3550,,M4A4:28%;M4A1-S:25%;none:23%,0.792,0.635,0.336,0.632,0.514,0.101,0.447,0.419,1.22,0.579,none|USP-S|a0h0k0|sm0fl0HE0fr0;M4A4|USP-S|a1h1k1|sm1fl1HE1fr1;FAMAS|USP-S|a1h1k0|sm1fl1HE1fr1
ct,1900,Galil AR,2000,OBSERVED,3,38.0,0,family,0,300,800,,3900,3600,,M4A4:27%;M4A1-S:25%;none:23%,0.785,0.63,0.336,0.626,0.507,0.101,0.44,0.409,1.229,0.578,none|USP-S|a0h0k0|sm0fl0HE0fr0;M4A4|USP-S|a1h1k1|sm1fl1HE1fr1;FAMAS|USP-S|a1h1k0|sm1fl1HE1fr1
ct,1900,Galil AR,2050,OBSERVED,1,38.5,0,family,0,300,800,,3950,3650,,M4A4:26%;M4A1-S:26%;none:24%,0.779,0.626,0.337,0.622,0.501,0.103,0.435,0.401,1.235,0.577,none|USP-S|a0h0k0|sm0fl0HE0fr0;M4A4|USP-S|a1h1k1|sm1fl1HE1fr1;AK-47|USP-S|a1h1k0|sm1fl0HE0fr0
ct,1900,Galil AR,2100,OBSERVED,2,38.9,0,family,0,300,800,,4000,3700,,M4A1-S:27%;M4A4:25%;none:24%,0.774,0.624,0.34,0.618,0.495,0.104,0.431,0.394,1.239,0.58,none|USP-S|a0h0k0|sm0fl0HE0fr0;M4A4|USP-S|a1h1k1|sm1fl1HE1fr1;AK-47|USP-S|a1h1k0|sm1fl0HE0fr0
ct,1900,Galil AR,2150,OBSERVED,1,39.3,0,family,0,300,800,,4050,3750,,M4A1-S:28%;M4A4:25%;none:24%,0.769,0.623,0.344,0.615,0.491,0.105,0.429,0.389,1.24,0.583,none|USP-S|a0h0k0|sm0fl0HE0fr0;M4A4|USP-S|a1h1k1|sm1fl1HE1fr1;AK-47|USP-S|a1h1k0|sm1fl0HE0fr0
ct,1900,Galil AR,2200,INTERPOLATED,0,39.7,50,family,0,300,800,,4100,3800,,M4A1-S:29%;none:25%;M4A4:24%,0.766,0.624,0.349,0.613,0.488,0.106,0.429,0.386,1.237,0.589,none|USP-S|a0h0k0|sm0fl0HE0fr0;M4A4|USP-S|a1h1k1|sm1fl1HE1fr1;M4A1-S|USP-S|a1h1k1|sm1fl1HE1fr1
ct,1900,Galil AR,2250,INTERPOLATED,0,39.9,50,family,0,300,800,,4150,3850,,M4A1-S:30%;none:25%;M4A4:24%,0.763,0.625,0.357,0.612,0.487,0.108,0.431,0.385,1.234,0.6,none|USP-S|a0h0k0|sm0fl0HE0fr0;M4A4|USP-S|a1h1k1|sm1fl1HE1fr1;M4A1-S|USP-S|a1h1k1|sm1fl1HE1fr1
ct,1900,Galil AR,2300,OBSERVED,2,40.0,0,family,0,300,800,,4200,3900,,M4A1-S:31%;none:25%;M4A4:23%,0.761,0.628,0.365,0.612,0.486,0.109,0.434,0.386,1.226,0.609,none|USP-S|a0h0k0|sm0fl0HE0fr0;M4A4|USP-S|a1h1k1|sm1fl1HE1fr1;M4A1-S|USP-S|a1h1k1|sm1fl1HE1fr1
ct,1900,Galil AR,2350,OBSERVED,1,40.0,0,family,0,300,800,,4250,3950,,M4A1-S:32%;none:25%;M4A4:23%,0.761,0.632,0.376,0.612,0.487,0.109,0.439,0.388,1.215,0.617,none|USP-S|a0h0k0|sm0fl0HE0fr0;M4A4|USP-S|a1h1k1|sm1fl1HE1fr1;M4A1-S|USP-S|a1h1k1|sm1fl1HE1fr1
ct,1900,Galil AR,2400,OBSERVED,1,39.9,0,family,0,300,800,,4300,4000,,M4A1-S:33%;none:25%;M4A4:22%,0.761,0.637,0.387,0.614,0.49,0.11,0.446,0.393,1.202,0.628,none|USP-S|a0h0k0|sm0fl0HE0fr0;M4A4|USP-S|a1h1k1|sm1fl1HE1fr1;M4A1-S|USP-S|a1h1k1|sm1fl1HE1fr1
ct,1900,Galil AR,2450,INTERPOLATED,0,39.7,50,family,0,300,800,,4350,4050,,M4A1-S:34%;none:25%;M4A4:22%,0.762,0.643,0.4,0.615,0.493,0.11,0.454,0.399,1.188,0.636,none|USP-S|a0h0k0|sm0fl0HE0fr0;M4A4|USP-S|a1h1k1|sm1fl1HE1fr1;M4A1-S|USP-S|a1h1k1|sm1fl1HE1fr1
ct,1900,Galil AR,2500,INTERPOLATED,0,39.3,100,family,0,300,800,,4400,4100,,M4A1-S:35%;none:25%;M4A4:22%,0.763,0.649,0.414,0.618,0.497,0.109,0.464,0.407,1.172,0.645,none|USP-S|a0h0k0|sm0fl0HE0fr0;M4A4|USP-S|a1h1k1|sm1fl1HE1fr1;M4A1-S|USP-S|a1h1k1|sm1fl1HE1fr1
ct,1900,Galil AR,2550,INTERPOLATED,0,38.8,50,family,0,300,800,,4450,4150,,M4A1-S:36%;none:24%;M4A4:22%,0.766,0.656,0.429,0.62,0.503,0.108,0.474,0.416,1.155,0.654,none|USP-S|a0h0k0|sm0fl0HE0fr0;M4A4|USP-S|a1h1k1|sm1fl1HE1fr1;M4A1-S|USP-S|a1h1k1|sm1fl1HE1fr1
ct,1900,Galil AR,2600,OBSERVED,1,38.2,0,family,0,300,800,,4500,4200,,M4A1-S:36%;none:24%;M4A4:22%,0.768,0.662,0.444,0.623,0.509,0.106,0.485,0.425,1.138,0.66,none|USP-S|a0h0k0|sm0fl0HE0fr0;M4A4|USP-S|a1h1k1|sm1fl1HE1fr1;M4A1-S|USP-S|a1h1k1|sm1fl1HE1fr1
ct,1900,Galil AR,2650,OBSERVED,4,37.5,0,family,0,400,800,,4550,4150,,M4A1-S:37%;none:24%;M4A4:22%,0.771,0.669,0.459,0.625,0.515,0.104,0.496,0.435,1.121,0.671,none|USP-S|a0h0k0|sm0fl0HE0fr0;M4A4|USP-S|a1h1k1|sm1fl1HE1fr1;M4A1-S|USP-S|a1h1k1|sm1fl1HE1fr1
ct,1900,Galil AR,2700,INTERPOLATED,0,36.7,50,family,0,400,800,,4600,4200,,M4A1-S:38%;none:24%;M4A4:22%,0.774,0.675,0.474,0.627,0.522,0.101,0.507,0.445,1.107,0.686,none|USP-S|a0h0k0|sm0fl0HE0fr0;M4A4|USP-S|a1h1k1|sm1fl1HE1fr1;M4A1-S|USP-S|a1h1k1|sm1fl1HE1fr1
ct,1900,Galil AR,2750,OBSERVED,1,36.0,0,family,0,400,800,,4650,4250,,M4A1-S:38%;none:24%;M4A4:23%,0.777,0.681,0.488,0.629,0.529,0.097,0.518,0.455,1.091,0.7,none|USP-S|a0h0k0|sm0fl0HE0fr0;M4A4|USP-S|a1h1k1|sm1fl1HE1fr1;M4A1-S|USP-S|a1h1k1|sm1fl1HE1fr1
ct,1900,Galil AR,2800,INTERPOLATED,0,35.2,50,family,0,400,800,,4700,4300,,M4A1-S:38%;none:24%;M4A4:23%,0.78,0.686,0.501,0.63,0.536,0.093,0.528,0.464,1.083,0.713,none|USP-S|a0h0k0|sm0fl0HE0fr0;M4A4|USP-S|a1h1k1|sm1fl1HE1fr1;M4A1-S|USP-S|a1h1k1|sm1fl1HE1fr1
ct,1900,Galil AR,2850,OBSERVED,1,34.4,0,family,0,400,800,,4750,4350,,M4A1-S:39%;none:24%;M4A4:24%,0.782,0.69,0.513,0.63,0.543,0.089,0.537,0.472,1.076,0.728,none|USP-S|a0h0k0|sm0fl0HE0fr0;M4A4|USP-S|a1h1k1|sm1fl1HE1fr1;M4A1-S|USP-S|a1h1k1|sm1fl1HE1fr1
ct,1900,Galil AR,2900,OBSERVED,1,33.6,0,family,0,400,800,,4800,4400,,M4A1-S:39%;M4A4:24%;none:24%,0.784,0.693,0.523,0.631,0.55,0.084,0.546,0.479,1.073,0.74,none|USP-S|a0h0k0|sm0fl0HE0fr0;M4A4|USP-S|a1h1k1|sm1fl1HE1fr1;M4A1-S|USP-S|a1h1k1|sm1fl1HE1fr1
ct,1900,Galil AR,2950,OBSERVED,1,32.9,0,family,0,400,800,,4850,4450,,M4A1-S:38%;M4A4:25%;none:24%,0.785,0.696,0.532,0.631,0.556,0.079,0.554,0.485,1.073,0.752,none|USP-S|a0h0k0|sm0fl0HE0fr0;M4A4|USP-S|a1h1k1|sm1fl1HE1fr1;M4A1-S|USP-S|a1h1k1|sm1fl1HE1fr1
ct,1900,Galil AR,3000,OBSERVED,1,32.2,0,family,0,400,800,,4900,4500,,M4A1-S:38%;M4A4:25%;none:24%,0.787,0.698,0.539,0.63,0.562,0.074,0.561,0.49,1.075,0.763,none|USP-S|a0h0k0|sm0fl0HE0fr0;M4A4|USP-S|a1h1k1|sm1fl1HE1fr1;M4A1-S|USP-S|a1h1k1|sm1fl1HE1fr1
ct,1900,Galil AR,3050,INTERPOLATED,0,31.6,50,family,0,400,800,,4950,4550,,M4A1-S:38%;M4A4:25%;none:24%,0.788,0.7,0.544,0.63,0.568,0.069,0.568,0.493,1.083,0.771,none|USP-S|a0h0k0|sm0fl0HE0fr0;M4A4|USP-S|a1h1k1|sm1fl1HE1fr1;M4A1-S|USP-S|a1h1k1|sm1fl1HE1fr1
ct,1900,Galil AR,3100,OBSERVED,2,31.0,0,family,0,400,800,,5000,4600,,M4A1-S:37%;M4A4:26%;none:25%,0.788,0.701,0.548,0.63,0.574,0.063,0.575,0.496,1.089,0.781,none|USP-S|a0h0k0|sm0fl0HE0fr0;M4A4|USP-S|a1h1k1|sm1fl1HE1fr1;M4A1-S|USP-S|a1h1k1|sm1fl1HE1fr1
ct,1900,Galil AR,3150,OBSERVED,2,30.5,0,family,0,400,800,,5050,4650,,M4A1-S:36%;M4A4:26%;none:25%,0.789,0.702,0.551,0.63,0.581,0.058,0.581,0.498,1.1,0.789,none|USP-S|a0h0k0|sm0fl0HE0fr0;M4A4|USP-S|a1h1k1|sm1fl1HE1fr1;M4A1-S|USP-S|a1h1k1|sm1fl1HE1fr1
ct,1900,Galil AR,3200,OBSERVED,1,30.0,0,family,0,400,800,,5100,4700,,M4A1-S:35%;M4A4:27%;none:25%,0.79,0.703,0.552,0.631,0.587,0.053,0.587,0.5,1.109,0.793,none|USP-S|a0h0k0|sm0fl0HE0fr0;M4A4|USP-S|a1h1k1|sm1fl1HE1fr1;M4A1-S|USP-S|a1h1k1|sm1fl1HE1fr1
ct,1900,Galil AR,3250,INTERPOLATED,0,29.5,50,family,0,400,800,,5150,4750,,M4A1-S:35%;M4A4:27%;none:25%,0.791,0.705,0.551,0.633,0.594,0.048,0.594,0.501,1.12,0.797,none|USP-S|a0h0k0|sm0fl0HE0fr0;M4A4|USP-S|a1h1k1|sm1fl1HE1fr1;M4A1-S|USP-S|a1h1k1|sm1fl1HE1fr1
ct,1900,Galil AR,3300,OBSERVED,1,29.2,0,family,0,400,800,,5200,4800,,M4A1-S:34%;M4A4:28%;none:25%,0.792,0.706,0.55,0.636,0.602,0.043,0.602,0.503,1.13,0.804,none|USP-S|a0h0k0|sm0fl0HE0fr0;M4A4|USP-S|a1h1k1|sm1fl1HE1fr1;M4A1-S|USP-S|a1h1k1|sm1fl1HE1fr1
ct,1900,Galil AR,3350,OBSERVED,1,28.8,0,family,0,400,800,,5250,4850,,M4A1-S:32%;M4A4:28%;none:25%,0.794,0.708,0.547,0.64,0.611,0.039,0.61,0.504,1.139,0.81,none|USP-S|a0h0k0|sm0fl0HE0fr0;M4A4|USP-S|a1h1k1|sm1fl1HE1fr1;M4A1-S|USP-S|a1h1k1|sm1fl1HE1fr1
ct,1900,Galil AR,3400,OBSERVED,1,28.5,0,family,0,400,800,,5300,4900,,M4A1-S:31%;M4A4:28%;none:25%,0.796,0.71,0.544,0.645,0.62,0.035,0.619,0.507,1.144,0.814,none|USP-S|a0h0k0|sm0fl0HE0fr0;M4A4|USP-S|a1h1k1|sm1fl1HE1fr1;M4A1-S|USP-S|a1h1k0|sm1fl1HE1fr1
ct,1900,Galil AR,3450,OBSERVED,2,28.3,0,family,0,400,800,,5350,4950,,M4A1-S:30%;M4A4:29%;none:25%,0.8,0.714,0.54,0.653,0.631,0.031,0.63,0.511,1.146,0.815,none|USP-S|a0h0k0|sm0fl0HE0fr0;M4A4|USP-S|a1h1k1|sm1fl1HE1fr1;M4A1-S|USP-S|a1h1k0|sm1fl1HE1fr1
ct,1900,Galil AR,3500,INTERPOLATED,0,28.1,50,family,0,400,800,,5400,5000,,M4A4:30%;M4A1-S:29%;none:25%,0.804,0.718,0.536,0.661,0.643,0.027,0.641,0.516,1.147,0.812,none|USP-S|a0h0k0|sm0fl0HE0fr0;M4A4|USP-S|a1h1k1|sm1fl1HE1fr1;M4A1-S|USP-S|a1h1k0|sm1fl1HE1fr1
ct,1900,Galil AR,3550,INTERPOLATED,0,27.8,50,family,0,400,800,,5450,5050,,M4A4:30%;M4A1-S:28%;none:24%,0.808,0.722,0.531,0.672,0.657,0.024,0.655,0.522,1.144,0.814,none|USP-S|a0h0k0|sm0fl0HE0fr0;M4A4|USP-S|a1h1k1|sm1fl1HE1fr1;M4A1-S|USP-S|a1h1k0|sm1fl1HE1fr1
ct,1900,Galil AR,3600,OBSERVED,3,27.6,0,family,0,400,800,,5500,5100,,M4A4:31%;M4A1-S:26%;none:24%,0.814,0.728,0.527,0.684,0.671,0.02,0.669,0.531,1.136,0.815,M4A4|USP-S|a1h1k1|sm1fl1HE1fr1;none|USP-S|a0h0k0|sm0fl0HE0fr0;M4A1-S|USP-S|a1h1k0|sm1fl1HE1fr1
ct,1900,Galil AR,3650,OBSERVED,1,27.4,0,family,0,400,800,,5550,5150,,M4A4:31%;M4A1-S:25%;none:23%,0.821,0.734,0.523,0.698,0.687,0.017,0.685,0.541,1.124,0.816,M4A4|USP-S|a1h1k1|sm1fl1HE1fr1;none|USP-S|a0h0k0|sm0fl0HE0fr0;M4A1-S|USP-S|a1h1k0|sm1fl1HE1fr1
ct,1900,Galil AR,3700,INTERPOLATED,0,27.1,50,family,0,500,800,,5600,5100,,M4A4:32%;M4A1-S:23%;none:22%,0.829,0.74,0.519,0.713,0.704,0.015,0.702,0.554,1.106,0.82,M4A4|USP-S|a1h1k1|sm1fl1HE1fr1;none|USP-S|a0h0k0|sm0fl0HE0fr0;M4A1-S|USP-S|a1h1k0|sm1fl1HE1fr1
ct,1900,Galil AR,3750,INTERPOLATED,0,26.7,100,family,200,500,800,,5650,5150,,M4A4:33%;M4A1-S:22%;none:21%,0.838,0.747,0.517,0.729,0.722,0.013,0.72,0.568,1.084,0.83,M4A4|USP-S|a1h1k1|sm1fl1HE1fr1;none|USP-S|a0h0k0|sm0fl0HE0fr0;M4A1-S|USP-S|a1h1k0|sm1fl1HE1fr1
ct,1900,Galil AR,3800,INTERPOLATED,0,26.3,150,family,200,500,800,,5700,5200,,M4A4:34%;M4A1-S:20%;none:20%,0.847,0.755,0.515,0.747,0.741,0.011,0.739,0.585,1.056,0.84,M4A4|USP-S|a1h1k1|sm1fl1HE1fr1;none|USP-S|a0h0k0|sm0fl0HE0fr0;AK-47|USP-S|a1h1k1|sm1fl1HE1fr1
ct,1900,Galil AR,3850,INTERPOLATED,0,25.7,200,family,200,500,800,,5750,5250,,M4A4:35%;M4A1-S:19%;none:19%,0.857,0.762,0.514,0.765,0.761,0.009,0.759,0.603,1.024,0.847,M4A4|USP-S|a1h1k1|sm1fl1HE1fr1;none|USP-S|a0h0k0|sm0fl0HE0fr0;M4A4|USP-S|a1h1k0|sm1fl1HE1fr1
ct,1900,Galil AR,3900,INTERPOLATED,0,25.1,150,family,300,600,800,,5800,5200,,M4A4:36%;AK-47:19%;none:17%,0.867,0.769,0.514,0.784,0.781,0.007,0.779,0.623,0.986,0.852,M4A4|USP-S|a1h1k1|sm1fl1HE1fr1;none|USP-S|a0h0k0|sm0fl0HE0fr0;M4A4|USP-S|a1h1k0|sm1fl1HE1fr1
ct,1900,Galil AR,3950,INTERPOLATED,0,24.5,100,family,300,600,800,,5850,5250,,M4A4:36%;AK-47:21%;none:16%,0.878,0.776,0.516,0.803,0.8,0.006,0.799,0.644,0.944,0.855,M4A4|USP-S|a1h1k1|sm1fl1HE1fr1;none|USP-S|a0h0k0|sm0fl0HE0fr0;M4A4|USP-S|a1h1k0|sm1fl1HE1fr1
ct,1900,Galil AR,4000,INTERPOLATED,0,23.8,50,family,300,600,800,,5900,5300,,M4A4:37%;AK-47:23%;none:14%,0.889,0.783,0.519,0.822,0.82,0.005,0.819,0.666,0.898,0.855,M4A4|USP-S|a1h1k1|sm1fl1HE1fr1;AK-47|USP-S|a1h1k1|sm1fl1HE1fr1;M4A4|USP-S|a1h1k0|sm1fl1HE1fr1
ct,1900,Galil AR,4050,OBSERVED,2,23.1,0,family,300,600,800,,5950,5350,,M4A4:38%;AK-47:25%;none:13%,0.899,0.788,0.524,0.841,0.839,0.004,0.838,0.689,0.848,0.861,M4A4|USP-S|a1h1k1|sm1fl1HE1fr1;AK-47|USP-S|a1h1k1|sm1fl1HE1fr1;M4A4|USP-S|a1h1k0|sm1fl1HE1fr1
ct,1900,Galil AR,4100,INTERPOLATED,0,22.4,50,family,300,600,800,,6000,5400,,M4A4:39%;AK-47:27%;none:12%,0.91,0.794,0.529,0.858,0.857,0.003,0.856,0.712,0.793,0.869,M4A4|USP-S|a1h1k1|sm1fl1HE1fr1;AK-47|USP-S|a1h1k1|sm1fl1HE1fr1;M4A4|USP-S|a1h1k0|sm1fl1HE1fr1
ct,1900,Galil AR,4150,OBSERVED,3,21.7,0,family,300,600,800,,6050,5450,,M4A4:40%;AK-47:29%;none:10%,0.92,0.798,0.537,0.875,0.874,0.002,0.873,0.735,0.737,0.879,M4A4|USP-S|a1h1k1|sm1fl1HE1fr1;AK-47|USP-S|a1h1k1|sm1fl1HE1fr1;M4A4|USP-S|a1h1k0|sm1fl1HE1fr1
ct,1900,Galil AR,4200,OBSERVED,2,21.1,0,family,300,600,800,,6100,5500,,M4A4:40%;AK-47:32%;none:9%,0.93,0.801,0.545,0.891,0.89,0.002,0.89,0.758,0.679,0.887,M4A4|USP-S|a1h1k1|sm1fl1HE1fr1;AK-47|USP-S|a1h1k1|sm1fl1HE1fr1;M4A4|USP-S|a1h1k0|sm1fl1HE1fr1
ct,1900,Galil AR,4250,INTERPOLATED,0,20.5,50,family,300,700,800,,6150,5450,,M4A4:41%;AK-47:34%;none:8%,0.938,0.804,0.555,0.906,0.905,0.001,0.905,0.78,0.624,0.894,M4A4|USP-S|a1h1k1|sm1fl1HE1fr1;AK-47|USP-S|a1h1k1|sm1fl1HE1fr1;M4A4|USP-S|a1h1k0|sm1fl1HE1fr1
ct,1900,M4A1-S,1400,OBSERVED,2,27.7,0,family,0,500,1300,,3300,2800,,M4A4:36%;M4A1-S:23%;none:17%,0.879,0.716,0.393,0.703,0.591,0.116,0.533,0.539,1.0,0.637,M4A4|USP-S|a1h1k1|sm1fl1HE1fr1;none|USP-S|a0h0k0|sm0fl0HE0fr0;AK-47|USP-S|a1h1k0|sm1fl0HE0fr0
ct,1900,M4A1-S,1450,OBSERVED,2,28.7,0,family,0,500,1300,,3350,2850,,M4A4:35%;M4A1-S:23%;none:17%,0.871,0.706,0.388,0.695,0.583,0.113,0.524,0.527,1.026,0.624,M4A4|USP-S|a1h1k1|sm1fl1HE1fr1;none|USP-S|a0h0k0|sm0fl0HE0fr0;AK-47|USP-S|a1h1k0|sm1fl0HE0fr0
ct,1900,M4A1-S,1500,OBSERVED,4,29.7,0,family,0,500,1300,,3400,2900,,M4A4:34%;M4A1-S:22%;none:17%,0.868,0.709,0.367,0.7,0.592,0.106,0.534,0.534,1.05,0.626,M4A4|USP-S|a1h1k1|sm1fl1HE1fr1;none|USP-S|a0h0k0|sm0fl0HE0fr0;FAMAS|USP-S|a1h1k0|sm1fl1HE1fr1
ct,1900,M4A1-S,1550,OBSERVED,2,30.7,0,family,0,500,1300,,3450,2950,,M4A4:33%;M4A1-S:22%;none:18%,0.859,0.699,0.363,0.692,0.583,0.104,0.524,0.521,1.074,0.616,none|USP-S|a0h0k0|sm0fl0HE0fr0;M4A4|USP-S|a1h1k1|sm1fl1HE1fr1;FAMAS|USP-S|a1h1k0|sm1fl1HE1fr1
ct,1900,M4A1-S,1600,OBSERVED,2,31.6,0,family,0,500,1300,,3500,3000,,M4A4:33%;M4A1-S:22%;none:18%,0.851,0.69,0.358,0.684,0.574,0.103,0.513,0.507,1.096,0.606,none|USP-S|a0h0k0|sm0fl0HE0fr0;M4A4|USP-S|a1h1k1|sm1fl1HE1fr1;FAMAS|USP-S|a1h1k0|sm1fl1HE1fr1
ct,1900,M4A1-S,1650,OBSERVED,1,32.6,0,family,0,500,1200,,3550,3050,,M4A4:32%;M4A1-S:22%;none:19%,0.842,0.68,0.354,0.676,0.565,0.102,0.503,0.494,1.119,0.597,none|USP-S|a0h0k0|sm0fl0HE0fr0;M4A4|USP-S|a1h1k1|sm1fl1HE1fr1;FAMAS|USP-S|a1h1k0|sm1fl1HE1fr1
ct,1900,M4A1-S,1700,INTERPOLATED,0,33.5,50,family,0,500,1200,,3600,3100,,M4A4:31%;M4A1-S:23%;none:20%,0.833,0.671,0.349,0.668,0.556,0.101,0.492,0.48,1.141,0.591,none|USP-S|a0h0k0|sm0fl0HE0fr0;M4A4|USP-S|a1h1k1|sm1fl1HE1fr1;FAMAS|USP-S|a1h1k0|sm1fl1HE1fr1
ct,1900,M4A1-S,1750,OBSERVED,2,34.4,0,family,0,400,1200,,3650,3250,,M4A4:31%;M4A1-S:23%;none:20%,0.825,0.663,0.346,0.66,0.547,0.1,0.482,0.467,1.158,0.586,none|USP-S|a0h0k0|sm0fl0HE0fr0;M4A4|USP-S|a1h1k1|sm1fl1HE1fr1;FAMAS|USP-S|a1h1k0|sm1fl1HE1fr1
ct,1900,M4A1-S,1800,OBSERVED,1,35.2,0,family,0,400,1200,,3700,3300,,M4A4:30%;M4A1-S:23%;none:21%,0.816,0.654,0.342,0.652,0.538,0.1,0.472,0.454,1.178,0.583,none|USP-S|a0h0k0|sm0fl0HE0fr0;M4A4|USP-S|a1h1k1|sm1fl1HE1fr1;FAMAS|USP-S|a1h1k0|sm1fl1HE1fr1
ct,1900,M4A1-S,1850,INTERPOLATED,0,36.0,50,family,0,300,1200,,3750,3450,,M4A4:29%;M4A1-S:24%;none:22%,0.808,0.647,0.339,0.645,0.529,0.1,0.463,0.442,1.194,0.582,none|USP-S|a0h0k0|sm0fl0HE0fr0;M4A4|USP-S|a1h1k1|sm1fl1HE1fr1;FAMAS|USP-S|a1h1k0|sm1fl1HE1fr1
ct,1900,M4A1-S,1900,OBSERVED,1,36.7,0,family,0,300,1150,,3800,3500,,M4A4:29%;M4A1-S:24%;none:22%,0.8,0.64,0.337,0.638,0.521,0.1,0.454,0.43,1.207,0.58,none|USP-S|a0h0k0|sm0fl0HE0fr0;M4A4|USP-S|a1h1k1|sm1fl1HE1fr1;FAMAS|USP-S|a1h1k0|sm1fl1HE1fr1
ct,1900,M4A1-S,1950,OBSERVED,4,37.4,0,family,0,300,1100,,3850,3550,,M4A4:28%;M4A1-S:25%;none:23%,0.792,0.635,0.336,0.632,0.514,0.101,0.447,0.419,1.22,0.579,none|USP-S|a0h0k0|sm0fl0HE0fr0;M4A4|USP-S|a1h1k1|sm1fl1HE1fr1;FAMAS|USP-S|a1h1k0|sm1fl1HE1fr1
ct,1900,M4A1-S,2000,OBSERVED,3,38.0,0,family,0,300,800,,3900,3600,,M4A4:27%;M4A1-S:25%;none:23%,0.785,0.63,0.336,0.626,0.507,0.101,0.44,0.409,1.229,0.578,none|USP-S|a0h0k0|sm0fl0HE0fr0;M4A4|USP-S|a1h1k1|sm1fl1HE1fr1;FAMAS|USP-S|a1h1k0|sm1fl1HE1fr1
ct,1900,M4A1-S,2050,OBSERVED,1,38.5,0,family,0,300,800,,3950,3650,,M4A4:26%;M4A1-S:26%;none:24%,0.779,0.626,0.337,0.622,0.501,0.103,0.435,0.401,1.235,0.577,none|USP-S|a0h0k0|sm0fl0HE0fr0;M4A4|USP-S|a1h1k1|sm1fl1HE1fr1;AK-47|USP-S|a1h1k0|sm1fl0HE0fr0
ct,1900,M4A1-S,2100,OBSERVED,2,38.9,0,family,0,300,800,,4000,3700,,M4A1-S:27%;M4A4:25%;none:24%,0.774,0.624,0.34,0.618,0.495,0.104,0.431,0.394,1.239,0.58,none|USP-S|a0h0k0|sm0fl0HE0fr0;M4A4|USP-S|a1h1k1|sm1fl1HE1fr1;AK-47|USP-S|a1h1k0|sm1fl0HE0fr0
ct,1900,M4A1-S,2150,OBSERVED,1,39.3,0,family,0,300,800,,4050,3750,,M4A1-S:28%;M4A4:25%;none:24%,0.769,0.623,0.344,0.615,0.491,0.105,0.429,0.389,1.24,0.583,none|USP-S|a0h0k0|sm0fl0HE0fr0;M4A4|USP-S|a1h1k1|sm1fl1HE1fr1;AK-47|USP-S|a1h1k0|sm1fl0HE0fr0
ct,1900,M4A1-S,2200,INTERPOLATED,0,39.7,50,family,0,300,800,,4100,3800,,M4A1-S:29%;none:25%;M4A4:24%,0.766,0.624,0.349,0.613,0.488,0.106,0.429,0.386,1.237,0.589,none|USP-S|a0h0k0|sm0fl0HE0fr0;M4A4|USP-S|a1h1k1|sm1fl1HE1fr1;M4A1-S|USP-S|a1h1k1|sm1fl1HE1fr1
ct,1900,M4A1-S,2250,INTERPOLATED,0,39.9,50,family,0,300,800,,4150,3850,,M4A1-S:30%;none:25%;M4A4:24%,0.763,0.625,0.357,0.612,0.487,0.108,0.431,0.385,1.234,0.6,none|USP-S|a0h0k0|sm0fl0HE0fr0;M4A4|USP-S|a1h1k1|sm1fl1HE1fr1;M4A1-S|USP-S|a1h1k1|sm1fl1HE1fr1
ct,1900,M4A1-S,2300,OBSERVED,2,40.0,0,family,0,300,800,,4200,3900,,M4A1-S:31%;none:25%;M4A4:23%,0.761,0.628,0.365,0.612,0.486,0.109,0.434,0.386,1.226,0.609,none|USP-S|a0h0k0|sm0fl0HE0fr0;M4A4|USP-S|a1h1k1|sm1fl1HE1fr1;M4A1-S|USP-S|a1h1k1|sm1fl1HE1fr1
ct,1900,M4A1-S,2350,OBSERVED,1,40.0,0,family,0,300,800,,4250,3950,,M4A1-S:32%;none:25%;M4A4:23%,0.761,0.632,0.376,0.612,0.487,0.109,0.439,0.388,1.215,0.617,none|USP-S|a0h0k0|sm0fl0HE0fr0;M4A4|USP-S|a1h1k1|sm1fl1HE1fr1;M4A1-S|USP-S|a1h1k1|sm1fl1HE1fr1
ct,1900,M4A1-S,2400,OBSERVED,1,39.9,0,family,0,300,800,,4300,4000,,M4A1-S:33%;none:25%;M4A4:22%,0.761,0.637,0.387,0.614,0.49,0.11,0.446,0.393,1.202,0.628,none|USP-S|a0h0k0|sm0fl0HE0fr0;M4A4|USP-S|a1h1k1|sm1fl1HE1fr1;M4A1-S|USP-S|a1h1k1|sm1fl1HE1fr1
ct,1900,M4A1-S,2450,INTERPOLATED,0,39.7,50,family,0,300,800,,4350,4050,,M4A1-S:34%;none:25%;M4A4:22%,0.762,0.643,0.4,0.615,0.493,0.11,0.454,0.399,1.188,0.636,none|USP-S|a0h0k0|sm0fl0HE0fr0;M4A4|USP-S|a1h1k1|sm1fl1HE1fr1;M4A1-S|USP-S|a1h1k1|sm1fl1HE1fr1
ct,1900,M4A1-S,2500,INTERPOLATED,0,39.3,100,family,0,300,800,,4400,4100,,M4A1-S:35%;none:25%;M4A4:22%,0.763,0.649,0.414,0.618,0.497,0.109,0.464,0.407,1.172,0.645,none|USP-S|a0h0k0|sm0fl0HE0fr0;M4A4|USP-S|a1h1k1|sm1fl1HE1fr1;M4A1-S|USP-S|a1h1k1|sm1fl1HE1fr1
ct,1900,M4A1-S,2550,INTERPOLATED,0,38.8,50,family,0,300,800,,4450,4150,,M4A1-S:36%;none:24%;M4A4:22%,0.766,0.656,0.429,0.62,0.503,0.108,0.474,0.416,1.155,0.654,none|USP-S|a0h0k0|sm0fl0HE0fr0;M4A4|USP-S|a1h1k1|sm1fl1HE1fr1;M4A1-S|USP-S|a1h1k1|sm1fl1HE1fr1
ct,1900,M4A1-S,2600,OBSERVED,1,38.2,0,family,0,300,800,,4500,4200,,M4A1-S:36%;none:24%;M4A4:22%,0.768,0.662,0.444,0.623,0.509,0.106,0.485,0.425,1.138,0.66,none|USP-S|a0h0k0|sm0fl0HE0fr0;M4A4|USP-S|a1h1k1|sm1fl1HE1fr1;M4A1-S|USP-S|a1h1k1|sm1fl1HE1fr1
ct,1900,M4A1-S,2650,OBSERVED,4,37.5,0,family,0,400,800,,4550,4150,,M4A1-S:37%;none:24%;M4A4:22%,0.771,0.669,0.459,0.625,0.515,0.104,0.496,0.435,1.121,0.671,none|USP-S|a0h0k0|sm0fl0HE0fr0;M4A4|USP-S|a1h1k1|sm1fl1HE1fr1;M4A1-S|USP-S|a1h1k1|sm1fl1HE1fr1
ct,1900,M4A1-S,2700,INTERPOLATED,0,36.7,50,family,0,400,800,,4600,4200,,M4A1-S:38%;none:24%;M4A4:22%,0.774,0.675,0.474,0.627,0.522,0.101,0.507,0.445,1.107,0.686,none|USP-S|a0h0k0|sm0fl0HE0fr0;M4A4|USP-S|a1h1k1|sm1fl1HE1fr1;M4A1-S|USP-S|a1h1k1|sm1fl1HE1fr1
ct,1900,M4A1-S,2750,OBSERVED,1,36.0,0,family,0,400,800,,4650,4250,,M4A1-S:38%;none:24%;M4A4:23%,0.777,0.681,0.488,0.629,0.529,0.097,0.518,0.455,1.091,0.7,none|USP-S|a0h0k0|sm0fl0HE0fr0;M4A4|USP-S|a1h1k1|sm1fl1HE1fr1;M4A1-S|USP-S|a1h1k1|sm1fl1HE1fr1
ct,1900,M4A1-S,2800,INTERPOLATED,0,35.2,50,family,0,400,800,,4700,4300,,M4A1-S:38%;none:24%;M4A4:23%,0.78,0.686,0.501,0.63,0.536,0.093,0.528,0.464,1.083,0.713,none|USP-S|a0h0k0|sm0fl0HE0fr0;M4A4|USP-S|a1h1k1|sm1fl1HE1fr1;M4A1-S|USP-S|a1h1k1|sm1fl1HE1fr1
ct,1900,M4A1-S,2850,OBSERVED,1,34.4,0,family,0,400,800,,4750,4350,,M4A1-S:39%;none:24%;M4A4:24%,0.782,0.69,0.513,0.63,0.543,0.089,0.537,0.472,1.076,0.728,none|USP-S|a0h0k0|sm0fl0HE0fr0;M4A4|USP-S|a1h1k1|sm1fl1HE1fr1;M4A1-S|USP-S|a1h1k1|sm1fl1HE1fr1
ct,1900,M4A1-S,2900,OBSERVED,1,33.6,0,family,0,400,800,,4800,4400,,M4A1-S:39%;M4A4:24%;none:24%,0.784,0.693,0.523,0.631,0.55,0.084,0.546,0.479,1.073,0.74,none|USP-S|a0h0k0|sm0fl0HE0fr0;M4A4|USP-S|a1h1k1|sm1fl1HE1fr1;M4A1-S|USP-S|a1h1k1|sm1fl1HE1fr1
ct,1900,M4A1-S,2950,OBSERVED,1,32.9,0,family,0,400,800,,4850,4450,,M4A1-S:38%;M4A4:25%;none:24%,0.785,0.696,0.532,0.631,0.556,0.079,0.554,0.485,1.073,0.752,none|USP-S|a0h0k0|sm0fl0HE0fr0;M4A4|USP-S|a1h1k1|sm1fl1HE1fr1;M4A1-S|USP-S|a1h1k1|sm1fl1HE1fr1
ct,1900,M4A1-S,3000,OBSERVED,1,32.2,0,family,0,400,800,,4900,4500,,M4A1-S:38%;M4A4:25%;none:24%,0.787,0.698,0.539,0.63,0.562,0.074,0.561,0.49,1.075,0.763,none|USP-S|a0h0k0|sm0fl0HE0fr0;M4A4|USP-S|a1h1k1|sm1fl1HE1fr1;M4A1-S|USP-S|a1h1k1|sm1fl1HE1fr1
ct,1900,M4A1-S,3050,INTERPOLATED,0,31.6,50,family,0,400,800,,4950,4550,,M4A1-S:38%;M4A4:25%;none:24%,0.788,0.7,0.544,0.63,0.568,0.069,0.568,0.493,1.083,0.771,none|USP-S|a0h0k0|sm0fl0HE0fr0;M4A4|USP-S|a1h1k1|sm1fl1HE1fr1;M4A1-S|USP-S|a1h1k1|sm1fl1HE1fr1
ct,1900,M4A1-S,3100,OBSERVED,2,31.0,0,family,0,400,800,,5000,4600,,M4A1-S:37%;M4A4:26%;none:25%,0.788,0.701,0.548,0.63,0.574,0.063,0.575,0.496,1.089,0.781,none|USP-S|a0h0k0|sm0fl0HE0fr0;M4A4|USP-S|a1h1k1|sm1fl1HE1fr1;M4A1-S|USP-S|a1h1k1|sm1fl1HE1fr1
ct,1900,M4A1-S,3150,OBSERVED,2,30.5,0,family,0,400,800,,5050,4650,,M4A1-S:36%;M4A4:26%;none:25%,0.789,0.702,0.551,0.63,0.581,0.058,0.581,0.498,1.1,0.789,none|USP-S|a0h0k0|sm0fl0HE0fr0;M4A4|USP-S|a1h1k1|sm1fl1HE1fr1;M4A1-S|USP-S|a1h1k1|sm1fl1HE1fr1
ct,1900,M4A1-S,3200,OBSERVED,1,30.0,0,family,0,400,800,,5100,4700,,M4A1-S:35%;M4A4:27%;none:25%,0.79,0.703,0.552,0.631,0.587,0.053,0.587,0.5,1.109,0.793,none|USP-S|a0h0k0|sm0fl0HE0fr0;M4A4|USP-S|a1h1k1|sm1fl1HE1fr1;M4A1-S|USP-S|a1h1k1|sm1fl1HE1fr1
ct,1900,M4A1-S,3250,INTERPOLATED,0,29.5,50,family,0,400,800,,5150,4750,,M4A1-S:35%;M4A4:27%;none:25%,0.791,0.705,0.551,0.633,0.594,0.048,0.594,0.501,1.12,0.797,none|USP-S|a0h0k0|sm0fl0HE0fr0;M4A4|USP-S|a1h1k1|sm1fl1HE1fr1;M4A1-S|USP-S|a1h1k1|sm1fl1HE1fr1
ct,1900,M4A1-S,3300,OBSERVED,1,29.2,0,family,0,400,800,,5200,4800,,M4A1-S:34%;M4A4:28%;none:25%,0.792,0.706,0.55,0.636,0.602,0.043,0.602,0.503,1.13,0.804,none|USP-S|a0h0k0|sm0fl0HE0fr0;M4A4|USP-S|a1h1k1|sm1fl1HE1fr1;M4A1-S|USP-S|a1h1k1|sm1fl1HE1fr1
ct,1900,M4A1-S,3350,OBSERVED,1,28.8,0,family,0,400,800,,5250,4850,,M4A1-S:32%;M4A4:28%;none:25%,0.794,0.708,0.547,0.64,0.611,0.039,0.61,0.504,1.139,0.81,none|USP-S|a0h0k0|sm0fl0HE0fr0;M4A4|USP-S|a1h1k1|sm1fl1HE1fr1;M4A1-S|USP-S|a1h1k1|sm1fl1HE1fr1
ct,1900,M4A1-S,3400,OBSERVED,1,28.5,0,family,0,400,800,,5300,4900,,M4A1-S:31%;M4A4:28%;none:25%,0.796,0.71,0.544,0.645,0.62,0.035,0.619,0.507,1.144,0.814,none|USP-S|a0h0k0|sm0fl0HE0fr0;M4A4|USP-S|a1h1k1|sm1fl1HE1fr1;M4A1-S|USP-S|a1h1k0|sm1fl1HE1fr1
ct,1900,M4A1-S,3450,OBSERVED,2,28.3,0,family,0,400,800,,5350,4950,,M4A1-S:30%;M4A4:29%;none:25%,0.8,0.714,0.54,0.653,0.631,0.031,0.63,0.511,1.146,0.815,none|USP-S|a0h0k0|sm0fl0HE0fr0;M4A4|USP-S|a1h1k1|sm1fl1HE1fr1;M4A1-S|USP-S|a1h1k0|sm1fl1HE1fr1
ct,1900,M4A1-S,3500,INTERPOLATED,0,28.1,50,family,0,400,800,,5400,5000,,M4A4:30%;M4A1-S:29%;none:25%,0.804,0.718,0.536,0.661,0.643,0.027,0.641,0.516,1.147,0.812,none|USP-S|a0h0k0|sm0fl0HE0fr0;M4A4|USP-S|a1h1k1|sm1fl1HE1fr1;M4A1-S|USP-S|a1h1k0|sm1fl1HE1fr1
ct,1900,M4A1-S,3550,INTERPOLATED,0,27.8,50,family,0,400,800,,5450,5050,,M4A4:30%;M4A1-S:28%;none:24%,0.808,0.722,0.531,0.672,0.657,0.024,0.655,0.522,1.144,0.814,none|USP-S|a0h0k0|sm0fl0HE0fr0;M4A4|USP-S|a1h1k1|sm1fl1HE1fr1;M4A1-S|USP-S|a1h1k0|sm1fl1HE1fr1
ct,1900,M4A1-S,3600,OBSERVED,3,27.6,0,family,0,400,800,,5500,5100,,M4A4:31%;M4A1-S:26%;none:24%,0.814,0.728,0.527,0.684,0.671,0.02,0.669,0.531,1.136,0.815,M4A4|USP-S|a1h1k1|sm1fl1HE1fr1;none|USP-S|a0h0k0|sm0fl0HE0fr0;M4A1-S|USP-S|a1h1k0|sm1fl1HE1fr1
ct,1900,M4A1-S,3650,OBSERVED,1,27.4,0,family,0,400,800,,5550,5150,,M4A4:31%;M4A1-S:25%;none:23%,0.821,0.734,0.523,0.698,0.687,0.017,0.685,0.541,1.124,0.816,M4A4|USP-S|a1h1k1|sm1fl1HE1fr1;none|USP-S|a0h0k0|sm0fl0HE0fr0;M4A1-S|USP-S|a1h1k0|sm1fl1HE1fr1
ct,1900,M4A1-S,3700,INTERPOLATED,0,27.1,50,family,0,500,800,,5600,5100,,M4A4:32%;M4A1-S:23%;none:22%,0.829,0.74,0.519,0.713,0.704,0.015,0.702,0.554,1.106,0.82,M4A4|USP-S|a1h1k1|sm1fl1HE1fr1;none|USP-S|a0h0k0|sm0fl0HE0fr0;M4A1-S|USP-S|a1h1k0|sm1fl1HE1fr1
ct,1900,M4A1-S,3750,INTERPOLATED,0,26.7,100,family,200,500,800,,5650,5150,,M4A4:33%;M4A1-S:22%;none:21%,0.838,0.747,0.517,0.729,0.722,0.013,0.72,0.568,1.084,0.83,M4A4|USP-S|a1h1k1|sm1fl1HE1fr1;none|USP-S|a0h0k0|sm0fl0HE0fr0;M4A1-S|USP-S|a1h1k0|sm1fl1HE1fr1
ct,1900,M4A1-S,3800,INTERPOLATED,0,26.3,150,family,200,500,800,,5700,5200,,M4A4:34%;M4A1-S:20%;none:20%,0.847,0.755,0.515,0.747,0.741,0.011,0.739,0.585,1.056,0.84,M4A4|USP-S|a1h1k1|sm1fl1HE1fr1;none|USP-S|a0h0k0|sm0fl0HE0fr0;AK-47|USP-S|a1h1k1|sm1fl1HE1fr1
ct,1900,M4A1-S,3850,INTERPOLATED,0,25.7,200,family,200,500,800,,5750,5250,,M4A4:35%;M4A1-S:19%;none:19%,0.857,0.762,0.514,0.765,0.761,0.009,0.759,0.603,1.024,0.847,M4A4|USP-S|a1h1k1|sm1fl1HE1fr1;none|USP-S|a0h0k0|sm0fl0HE0fr0;M4A4|USP-S|a1h1k0|sm1fl1HE1fr1
ct,1900,M4A1-S,3900,INTERPOLATED,0,25.1,150,family,300,600,800,,5800,5200,,M4A4:36%;AK-47:19%;none:17%,0.867,0.769,0.514,0.784,0.781,0.007,0.779,0.623,0.986,0.852,M4A4|USP-S|a1h1k1|sm1fl1HE1fr1;none|USP-S|a0h0k0|sm0fl0HE0fr0;M4A4|USP-S|a1h1k0|sm1fl1HE1fr1
ct,1900,M4A1-S,3950,INTERPOLATED,0,24.5,100,family,300,600,800,,5850,5250,,M4A4:36%;AK-47:21%;none:16%,0.878,0.776,0.516,0.803,0.8,0.006,0.799,0.644,0.944,0.855,M4A4|USP-S|a1h1k1|sm1fl1HE1fr1;none|USP-S|a0h0k0|sm0fl0HE0fr0;M4A4|USP-S|a1h1k0|sm1fl1HE1fr1
ct,1900,M4A1-S,4000,INTERPOLATED,0,23.8,50,family,300,600,800,,5900,5300,,M4A4:37%;AK-47:23%;none:14%,0.889,0.783,0.519,0.822,0.82,0.005,0.819,0.666,0.898,0.855,M4A4|USP-S|a1h1k1|sm1fl1HE1fr1;AK-47|USP-S|a1h1k1|sm1fl1HE1fr1;M4A4|USP-S|a1h1k0|sm1fl1HE1fr1
ct,1900,M4A1-S,4050,OBSERVED,2,23.1,0,family,300,600,800,,5950,5350,,M4A4:38%;AK-47:25%;none:13%,0.899,0.788,0.524,0.841,0.839,0.004,0.838,0.689,0.848,0.861,M4A4|USP-S|a1h1k1|sm1fl1HE1fr1;AK-47|USP-S|a1h1k1|sm1fl1HE1fr1;M4A4|USP-S|a1h1k0|sm1fl1HE1fr1
ct,1900,M4A1-S,4100,INTERPOLATED,0,22.4,50,family,300,600,800,,6000,5400,,M4A4:39%;AK-47:27%;none:12%,0.91,0.794,0.529,0.858,0.857,0.003,0.856,0.712,0.793,0.869,M4A4|USP-S|a1h1k1|sm1fl1HE1fr1;AK-47|USP-S|a1h1k1|sm1fl1HE1fr1;M4A4|USP-S|a1h1k0|sm1fl1HE1fr1
ct,1900,M4A1-S,4150,OBSERVED,3,21.7,0,family,300,600,800,,6050,5450,,M4A4:40%;AK-47:29%;none:10%,0.92,0.798,0.537,0.875,0.874,0.002,0.873,0.735,0.737,0.879,M4A4|USP-S|a1h1k1|sm1fl1HE1fr1;AK-47|USP-S|a1h1k1|sm1fl1HE1fr1;M4A4|USP-S|a1h1k0|sm1fl1HE1fr1
ct,1900,M4A1-S,4200,OBSERVED,2,21.1,0,family,300,600,800,,6100,5500,,M4A4:40%;AK-47:32%;none:9%,0.93,0.801,0.545,0.891,0.89,0.002,0.89,0.758,0.679,0.887,M4A4|USP-S|a1h1k1|sm1fl1HE1fr1;AK-47|USP-S|a1h1k1|sm1fl1HE1fr1;M4A4|USP-S|a1h1k0|sm1fl1HE1fr1
ct,1900,M4A1-S,4250,INTERPOLATED,0,20.5,50,family,300,700,800,,6150,5450,,M4A4:41%;AK-47:34%;none:8%,0.938,0.804,0.555,0.906,0.905,0.001,0.905,0.78,0.624,0.894,M4A4|USP-S|a1h1k1|sm1fl1HE1fr1;AK-47|USP-S|a1h1k1|sm1fl1HE1fr1;M4A4|USP-S|a1h1k0|sm1fl1HE1fr1
ct,1900,M4A4,1400,OBSERVED,2,27.7,0,family,0,500,1300,,3300,2800,,M4A4:36%;M4A1-S:23%;none:17%,0.879,0.716,0.393,0.703,0.591,0.116,0.533,0.539,1.0,0.637,M4A4|USP-S|a1h1k1|sm1fl1HE1fr1;none|USP-S|a0h0k0|sm0fl0HE0fr0;AK-47|USP-S|a1h1k0|sm1fl0HE0fr0
ct,1900,M4A4,1450,OBSERVED,2,28.7,0,family,0,500,1300,,3350,2850,,M4A4:35%;M4A1-S:23%;none:17%,0.871,0.706,0.388,0.695,0.583,0.113,0.524,0.527,1.026,0.624,M4A4|USP-S|a1h1k1|sm1fl1HE1fr1;none|USP-S|a0h0k0|sm0fl0HE0fr0;AK-47|USP-S|a1h1k0|sm1fl0HE0fr0
ct,1900,M4A4,1500,OBSERVED,4,29.7,0,family,0,500,1300,,3400,2900,,M4A4:34%;M4A1-S:22%;none:17%,0.868,0.709,0.367,0.7,0.592,0.106,0.534,0.534,1.05,0.626,M4A4|USP-S|a1h1k1|sm1fl1HE1fr1;none|USP-S|a0h0k0|sm0fl0HE0fr0;FAMAS|USP-S|a1h1k0|sm1fl1HE1fr1
ct,1900,M4A4,1550,OBSERVED,2,30.7,0,family,0,500,1300,,3450,2950,,M4A4:33%;M4A1-S:22%;none:18%,0.859,0.699,0.363,0.692,0.583,0.104,0.524,0.521,1.074,0.616,none|USP-S|a0h0k0|sm0fl0HE0fr0;M4A4|USP-S|a1h1k1|sm1fl1HE1fr1;FAMAS|USP-S|a1h1k0|sm1fl1HE1fr1
ct,1900,M4A4,1600,OBSERVED,2,31.6,0,family,0,500,1300,,3500,3000,,M4A4:33%;M4A1-S:22%;none:18%,0.851,0.69,0.358,0.684,0.574,0.103,0.513,0.507,1.096,0.606,none|USP-S|a0h0k0|sm0fl0HE0fr0;M4A4|USP-S|a1h1k1|sm1fl1HE1fr1;FAMAS|USP-S|a1h1k0|sm1fl1HE1fr1
ct,1900,M4A4,1650,OBSERVED,1,32.6,0,family,0,500,1200,,3550,3050,,M4A4:32%;M4A1-S:22%;none:19%,0.842,0.68,0.354,0.676,0.565,0.102,0.503,0.494,1.119,0.597,none|USP-S|a0h0k0|sm0fl0HE0fr0;M4A4|USP-S|a1h1k1|sm1fl1HE1fr1;FAMAS|USP-S|a1h1k0|sm1fl1HE1fr1
ct,1900,M4A4,1700,INTERPOLATED,0,33.5,50,family,0,500,1200,,3600,3100,,M4A4:31%;M4A1-S:23%;none:20%,0.833,0.671,0.349,0.668,0.556,0.101,0.492,0.48,1.141,0.591,none|USP-S|a0h0k0|sm0fl0HE0fr0;M4A4|USP-S|a1h1k1|sm1fl1HE1fr1;FAMAS|USP-S|a1h1k0|sm1fl1HE1fr1
ct,1900,M4A4,1750,OBSERVED,2,34.4,0,family,0,400,1200,,3650,3250,,M4A4:31%;M4A1-S:23%;none:20%,0.825,0.663,0.346,0.66,0.547,0.1,0.482,0.467,1.158,0.586,none|USP-S|a0h0k0|sm0fl0HE0fr0;M4A4|USP-S|a1h1k1|sm1fl1HE1fr1;FAMAS|USP-S|a1h1k0|sm1fl1HE1fr1
ct,1900,M4A4,1800,OBSERVED,1,35.2,0,family,0,400,1200,,3700,3300,,M4A4:30%;M4A1-S:23%;none:21%,0.816,0.654,0.342,0.652,0.538,0.1,0.472,0.454,1.178,0.583,none|USP-S|a0h0k0|sm0fl0HE0fr0;M4A4|USP-S|a1h1k1|sm1fl1HE1fr1;FAMAS|USP-S|a1h1k0|sm1fl1HE1fr1
ct,1900,M4A4,1850,INTERPOLATED,0,36.0,50,family,0,300,1200,,3750,3450,,M4A4:29%;M4A1-S:24%;none:22%,0.808,0.647,0.339,0.645,0.529,0.1,0.463,0.442,1.194,0.582,none|USP-S|a0h0k0|sm0fl0HE0fr0;M4A4|USP-S|a1h1k1|sm1fl1HE1fr1;FAMAS|USP-S|a1h1k0|sm1fl1HE1fr1
ct,1900,M4A4,1900,OBSERVED,1,36.7,0,family,0,300,1150,,3800,3500,,M4A4:29%;M4A1-S:24%;none:22%,0.8,0.64,0.337,0.638,0.521,0.1,0.454,0.43,1.207,0.58,none|USP-S|a0h0k0|sm0fl0HE0fr0;M4A4|USP-S|a1h1k1|sm1fl1HE1fr1;FAMAS|USP-S|a1h1k0|sm1fl1HE1fr1
ct,1900,M4A4,1950,OBSERVED,4,37.4,0,family,0,300,1100,,3850,3550,,M4A4:28%;M4A1-S:25%;none:23%,0.792,0.635,0.336,0.632,0.514,0.101,0.447,0.419,1.22,0.579,none|USP-S|a0h0k0|sm0fl0HE0fr0;M4A4|USP-S|a1h1k1|sm1fl1HE1fr1;FAMAS|USP-S|a1h1k0|sm1fl1HE1fr1
ct,1900,M4A4,2000,OBSERVED,3,38.0,0,family,0,300,800,,3900,3600,,M4A4:27%;M4A1-S:25%;none:23%,0.785,0.63,0.336,0.626,0.507,0.101,0.44,0.409,1.229,0.578,none|USP-S|a0h0k0|sm0fl0HE0fr0;M4A4|USP-S|a1h1k1|sm1fl1HE1fr1;FAMAS|USP-S|a1h1k0|sm1fl1HE1fr1
ct,1900,M4A4,2050,OBSERVED,1,38.5,0,family,0,300,800,,3950,3650,,M4A4:26%;M4A1-S:26%;none:24%,0.779,0.626,0.337,0.622,0.501,0.103,0.435,0.401,1.235,0.577,none|USP-S|a0h0k0|sm0fl0HE0fr0;M4A4|USP-S|a1h1k1|sm1fl1HE1fr1;AK-47|USP-S|a1h1k0|sm1fl0HE0fr0
ct,1900,M4A4,2100,OBSERVED,2,38.9,0,family,0,300,800,,4000,3700,,M4A1-S:27%;M4A4:25%;none:24%,0.774,0.624,0.34,0.618,0.495,0.104,0.431,0.394,1.239,0.58,none|USP-S|a0h0k0|sm0fl0HE0fr0;M4A4|USP-S|a1h1k1|sm1fl1HE1fr1;AK-47|USP-S|a1h1k0|sm1fl0HE0fr0
ct,1900,M4A4,2150,OBSERVED,1,39.3,0,family,0,300,800,,4050,3750,,M4A1-S:28%;M4A4:25%;none:24%,0.769,0.623,0.344,0.615,0.491,0.105,0.429,0.389,1.24,0.583,none|USP-S|a0h0k0|sm0fl0HE0fr0;M4A4|USP-S|a1h1k1|sm1fl1HE1fr1;AK-47|USP-S|a1h1k0|sm1fl0HE0fr0
ct,1900,M4A4,2200,INTERPOLATED,0,39.7,50,family,0,300,800,,4100,3800,,M4A1-S:29%;none:25%;M4A4:24%,0.766,0.624,0.349,0.613,0.488,0.106,0.429,0.386,1.237,0.589,none|USP-S|a0h0k0|sm0fl0HE0fr0;M4A4|USP-S|a1h1k1|sm1fl1HE1fr1;M4A1-S|USP-S|a1h1k1|sm1fl1HE1fr1
ct,1900,M4A4,2250,INTERPOLATED,0,39.9,50,family,0,300,800,,4150,3850,,M4A1-S:30%;none:25%;M4A4:24%,0.763,0.625,0.357,0.612,0.487,0.108,0.431,0.385,1.234,0.6,none|USP-S|a0h0k0|sm0fl0HE0fr0;M4A4|USP-S|a1h1k1|sm1fl1HE1fr1;M4A1-S|USP-S|a1h1k1|sm1fl1HE1fr1
ct,1900,M4A4,2300,OBSERVED,2,40.0,0,family,0,300,800,,4200,3900,,M4A1-S:31%;none:25%;M4A4:23%,0.761,0.628,0.365,0.612,0.486,0.109,0.434,0.386,1.226,0.609,none|USP-S|a0h0k0|sm0fl0HE0fr0;M4A4|USP-S|a1h1k1|sm1fl1HE1fr1;M4A1-S|USP-S|a1h1k1|sm1fl1HE1fr1
ct,1900,M4A4,2350,OBSERVED,1,40.0,0,family,0,300,800,,4250,3950,,M4A1-S:32%;none:25%;M4A4:23%,0.761,0.632,0.376,0.612,0.487,0.109,0.439,0.388,1.215,0.617,none|USP-S|a0h0k0|sm0fl0HE0fr0;M4A4|USP-S|a1h1k1|sm1fl1HE1fr1;M4A1-S|USP-S|a1h1k1|sm1fl1HE1fr1
ct,1900,M4A4,2400,OBSERVED,1,39.9,0,family,0,300,800,,4300,4000,,M4A1-S:33%;none:25%;M4A4:22%,0.761,0.637,0.387,0.614,0.49,0.11,0.446,0.393,1.202,0.628,none|USP-S|a0h0k0|sm0fl0HE0fr0;M4A4|USP-S|a1h1k1|sm1fl1HE1fr1;M4A1-S|USP-S|a1h1k1|sm1fl1HE1fr1
ct,1900,M4A4,2450,INTERPOLATED,0,39.7,50,family,0,300,800,,4350,4050,,M4A1-S:34%;none:25%;M4A4:22%,0.762,0.643,0.4,0.615,0.493,0.11,0.454,0.399,1.188,0.636,none|USP-S|a0h0k0|sm0fl0HE0fr0;M4A4|USP-S|a1h1k1|sm1fl1HE1fr1;M4A1-S|USP-S|a1h1k1|sm1fl1HE1fr1
ct,1900,M4A4,2500,INTERPOLATED,0,39.3,100,family,0,300,800,,4400,4100,,M4A1-S:35%;none:25%;M4A4:22%,0.763,0.649,0.414,0.618,0.497,0.109,0.464,0.407,1.172,0.645,none|USP-S|a0h0k0|sm0fl0HE0fr0;M4A4|USP-S|a1h1k1|sm1fl1HE1fr1;M4A1-S|USP-S|a1h1k1|sm1fl1HE1fr1
ct,1900,M4A4,2550,INTERPOLATED,0,38.8,50,family,0,300,800,,4450,4150,,M4A1-S:36%;none:24%;M4A4:22%,0.766,0.656,0.429,0.62,0.503,0.108,0.474,0.416,1.155,0.654,none|USP-S|a0h0k0|sm0fl0HE0fr0;M4A4|USP-S|a1h1k1|sm1fl1HE1fr1;M4A1-S|USP-S|a1h1k1|sm1fl1HE1fr1
ct,1900,M4A4,2600,OBSERVED,1,38.2,0,family,0,300,800,,4500,4200,,M4A1-S:36%;none:24%;M4A4:22%,0.768,0.662,0.444,0.623,0.509,0.106,0.485,0.425,1.138,0.66,none|USP-S|a0h0k0|sm0fl0HE0fr0;M4A4|USP-S|a1h1k1|sm1fl1HE1fr1;M4A1-S|USP-S|a1h1k1|sm1fl1HE1fr1
ct,1900,M4A4,2650,OBSERVED,4,37.5,0,family,0,400,800,,4550,4150,,M4A1-S:37%;none:24%;M4A4:22%,0.771,0.669,0.459,0.625,0.515,0.104,0.496,0.435,1.121,0.671,none|USP-S|a0h0k0|sm0fl0HE0fr0;M4A4|USP-S|a1h1k1|sm1fl1HE1fr1;M4A1-S|USP-S|a1h1k1|sm1fl1HE1fr1
ct,1900,M4A4,2700,INTERPOLATED,0,36.7,50,family,0,400,800,,4600,4200,,M4A1-S:38%;none:24%;M4A4:22%,0.774,0.675,0.474,0.627,0.522,0.101,0.507,0.445,1.107,0.686,none|USP-S|a0h0k0|sm0fl0HE0fr0;M4A4|USP-S|a1h1k1|sm1fl1HE1fr1;M4A1-S|USP-S|a1h1k1|sm1fl1HE1fr1
ct,1900,M4A4,2750,OBSERVED,1,36.0,0,family,0,400,800,,4650,4250,,M4A1-S:38%;none:24%;M4A4:23%,0.777,0.681,0.488,0.629,0.529,0.097,0.518,0.455,1.091,0.7,none|USP-S|a0h0k0|sm0fl0HE0fr0;M4A4|USP-S|a1h1k1|sm1fl1HE1fr1;M4A1-S|USP-S|a1h1k1|sm1fl1HE1fr1
ct,1900,M4A4,2800,INTERPOLATED,0,35.2,50,family,0,400,800,,4700,4300,,M4A1-S:38%;none:24%;M4A4:23%,0.78,0.686,0.501,0.63,0.536,0.093,0.528,0.464,1.083,0.713,none|USP-S|a0h0k0|sm0fl0HE0fr0;M4A4|USP-S|a1h1k1|sm1fl1HE1fr1;M4A1-S|USP-S|a1h1k1|sm1fl1HE1fr1
ct,1900,M4A4,2850,OBSERVED,1,34.4,0,family,0,400,800,,4750,4350,,M4A1-S:39%;none:24%;M4A4:24%,0.782,0.69,0.513,0.63,0.543,0.089,0.537,0.472,1.076,0.728,none|USP-S|a0h0k0|sm0fl0HE0fr0;M4A4|USP-S|a1h1k1|sm1fl1HE1fr1;M4A1-S|USP-S|a1h1k1|sm1fl1HE1fr1
ct,1900,M4A4,2900,OBSERVED,1,33.6,0,family,0,400,800,,4800,4400,,M4A1-S:39%;M4A4:24%;none:24%,0.784,0.693,0.523,0.631,0.55,0.084,0.546,0.479,1.073,0.74,none|USP-S|a0h0k0|sm0fl0HE0fr0;M4A4|USP-S|a1h1k1|sm1fl1HE1fr1;M4A1-S|USP-S|a1h1k1|sm1fl1HE1fr1
ct,1900,M4A4,2950,OBSERVED,1,32.9,0,family,0,400,800,,4850,4450,,M4A1-S:38%;M4A4:25%;none:24%,0.785,0.696,0.532,0.631,0.556,0.079,0.554,0.485,1.073,0.752,none|USP-S|a0h0k0|sm0fl0HE0fr0;M4A4|USP-S|a1h1k1|sm1fl1HE1fr1;M4A1-S|USP-S|a1h1k1|sm1fl1HE1fr1
ct,1900,M4A4,3000,OBSERVED,1,32.2,0,family,0,400,800,,4900,4500,,M4A1-S:38%;M4A4:25%;none:24%,0.787,0.698,0.539,0.63,0.562,0.074,0.561,0.49,1.075,0.763,none|USP-S|a0h0k0|sm0fl0HE0fr0;M4A4|USP-S|a1h1k1|sm1fl1HE1fr1;M4A1-S|USP-S|a1h1k1|sm1fl1HE1fr1
ct,1900,M4A4,3050,INTERPOLATED,0,31.6,50,family,0,400,800,,4950,4550,,M4A1-S:38%;M4A4:25%;none:24%,0.788,0.7,0.544,0.63,0.568,0.069,0.568,0.493,1.083,0.771,none|USP-S|a0h0k0|sm0fl0HE0fr0;M4A4|USP-S|a1h1k1|sm1fl1HE1fr1;M4A1-S|USP-S|a1h1k1|sm1fl1HE1fr1
ct,1900,M4A4,3100,OBSERVED,2,31.0,0,family,0,400,800,,5000,4600,,M4A1-S:37%;M4A4:26%;none:25%,0.788,0.701,0.548,0.63,0.574,0.063,0.575,0.496,1.089,0.781,none|USP-S|a0h0k0|sm0fl0HE0fr0;M4A4|USP-S|a1h1k1|sm1fl1HE1fr1;M4A1-S|USP-S|a1h1k1|sm1fl1HE1fr1
ct,1900,M4A4,3150,OBSERVED,2,30.5,0,family,0,400,800,,5050,4650,,M4A1-S:36%;M4A4:26%;none:25%,0.789,0.702,0.551,0.63,0.581,0.058,0.581,0.498,1.1,0.789,none|USP-S|a0h0k0|sm0fl0HE0fr0;M4A4|USP-S|a1h1k1|sm1fl1HE1fr1;M4A1-S|USP-S|a1h1k1|sm1fl1HE1fr1
ct,1900,M4A4,3200,OBSERVED,1,30.0,0,family,0,400,800,,5100,4700,,M4A1-S:35%;M4A4:27%;none:25%,0.79,0.703,0.552,0.631,0.587,0.053,0.587,0.5,1.109,0.793,none|USP-S|a0h0k0|sm0fl0HE0fr0;M4A4|USP-S|a1h1k1|sm1fl1HE1fr1;M4A1-S|USP-S|a1h1k1|sm1fl1HE1fr1
ct,1900,M4A4,3250,INTERPOLATED,0,29.5,50,family,0,400,800,,5150,4750,,M4A1-S:35%;M4A4:27%;none:25%,0.791,0.705,0.551,0.633,0.594,0.048,0.594,0.501,1.12,0.797,none|USP-S|a0h0k0|sm0fl0HE0fr0;M4A4|USP-S|a1h1k1|sm1fl1HE1fr1;M4A1-S|USP-S|a1h1k1|sm1fl1HE1fr1
ct,1900,M4A4,3300,OBSERVED,1,29.2,0,family,0,400,800,,5200,4800,,M4A1-S:34%;M4A4:28%;none:25%,0.792,0.706,0.55,0.636,0.602,0.043,0.602,0.503,1.13,0.804,none|USP-S|a0h0k0|sm0fl0HE0fr0;M4A4|USP-S|a1h1k1|sm1fl1HE1fr1;M4A1-S|USP-S|a1h1k1|sm1fl1HE1fr1
ct,1900,M4A4,3350,OBSERVED,1,28.8,0,family,0,400,800,,5250,4850,,M4A1-S:32%;M4A4:28%;none:25%,0.794,0.708,0.547,0.64,0.611,0.039,0.61,0.504,1.139,0.81,none|USP-S|a0h0k0|sm0fl0HE0fr0;M4A4|USP-S|a1h1k1|sm1fl1HE1fr1;M4A1-S|USP-S|a1h1k1|sm1fl1HE1fr1
ct,1900,M4A4,3400,OBSERVED,1,28.5,0,family,0,400,800,,5300,4900,,M4A1-S:31%;M4A4:28%;none:25%,0.796,0.71,0.544,0.645,0.62,0.035,0.619,0.507,1.144,0.814,none|USP-S|a0h0k0|sm0fl0HE0fr0;M4A4|USP-S|a1h1k1|sm1fl1HE1fr1;M4A1-S|USP-S|a1h1k0|sm1fl1HE1fr1
ct,1900,M4A4,3450,OBSERVED,2,28.3,0,family,0,400,800,,5350,4950,,M4A1-S:30%;M4A4:29%;none:25%,0.8,0.714,0.54,0.653,0.631,0.031,0.63,0.511,1.146,0.815,none|USP-S|a0h0k0|sm0fl0HE0fr0;M4A4|USP-S|a1h1k1|sm1fl1HE1fr1;M4A1-S|USP-S|a1h1k0|sm1fl1HE1fr1
ct,1900,M4A4,3500,INTERPOLATED,0,28.1,50,family,0,400,800,,5400,5000,,M4A4:30%;M4A1-S:29%;none:25%,0.804,0.718,0.536,0.661,0.643,0.027,0.641,0.516,1.147,0.812,none|USP-S|a0h0k0|sm0fl0HE0fr0;M4A4|USP-S|a1h1k1|sm1fl1HE1fr1;M4A1-S|USP-S|a1h1k0|sm1fl1HE1fr1
ct,1900,M4A4,3550,INTERPOLATED,0,27.8,50,family,0,400,800,,5450,5050,,M4A4:30%;M4A1-S:28%;none:24%,0.808,0.722,0.531,0.672,0.657,0.024,0.655,0.522,1.144,0.814,none|USP-S|a0h0k0|sm0fl0HE0fr0;M4A4|USP-S|a1h1k1|sm1fl1HE1fr1;M4A1-S|USP-S|a1h1k0|sm1fl1HE1fr1
ct,1900,M4A4,3600,OBSERVED,3,27.6,0,family,0,400,800,,5500,5100,,M4A4:31%;M4A1-S:26%;none:24%,0.814,0.728,0.527,0.684,0.671,0.02,0.669,0.531,1.136,0.815,M4A4|USP-S|a1h1k1|sm1fl1HE1fr1;none|USP-S|a0h0k0|sm0fl0HE0fr0;M4A1-S|USP-S|a1h1k0|sm1fl1HE1fr1
ct,1900,M4A4,3650,OBSERVED,1,27.4,0,family,0,400,800,,5550,5150,,M4A4:31%;M4A1-S:25%;none:23%,0.821,0.734,0.523,0.698,0.687,0.017,0.685,0.541,1.124,0.816,M4A4|USP-S|a1h1k1|sm1fl1HE1fr1;none|USP-S|a0h0k0|sm0fl0HE0fr0;M4A1-S|USP-S|a1h1k0|sm1fl1HE1fr1
ct,1900,M4A4,3700,INTERPOLATED,0,27.1,50,family,0,500,800,,5600,5100,,M4A4:32%;M4A1-S:23%;none:22%,0.829,0.74,0.519,0.713,0.704,0.015,0.702,0.554,1.106,0.82,M4A4|USP-S|a1h1k1|sm1fl1HE1fr1;none|USP-S|a0h0k0|sm0fl0HE0fr0;M4A1-S|USP-S|a1h1k0|sm1fl1HE1fr1
ct,1900,M4A4,3750,INTERPOLATED,0,26.7,100,family,200,500,800,,5650,5150,,M4A4:33%;M4A1-S:22%;none:21%,0.838,0.747,0.517,0.729,0.722,0.013,0.72,0.568,1.084,0.83,M4A4|USP-S|a1h1k1|sm1fl1HE1fr1;none|USP-S|a0h0k0|sm0fl0HE0fr0;M4A1-S|USP-S|a1h1k0|sm1fl1HE1fr1
ct,1900,M4A4,3800,INTERPOLATED,0,26.3,150,family,200,500,800,,5700,5200,,M4A4:34%;M4A1-S:20%;none:20%,0.847,0.755,0.515,0.747,0.741,0.011,0.739,0.585,1.056,0.84,M4A4|USP-S|a1h1k1|sm1fl1HE1fr1;none|USP-S|a0h0k0|sm0fl0HE0fr0;AK-47|USP-S|a1h1k1|sm1fl1HE1fr1
ct,1900,M4A4,3850,INTERPOLATED,0,25.7,200,family,200,500,800,,5750,5250,,M4A4:35%;M4A1-S:19%;none:19%,0.857,0.762,0.514,0.765,0.761,0.009,0.759,0.603,1.024,0.847,M4A4|USP-S|a1h1k1|sm1fl1HE1fr1;none|USP-S|a0h0k0|sm0fl0HE0fr0;M4A4|USP-S|a1h1k0|sm1fl1HE1fr1
ct,1900,M4A4,3900,INTERPOLATED,0,25.1,150,family,300,600,800,,5800,5200,,M4A4:36%;AK-47:19%;none:17%,0.867,0.769,0.514,0.784,0.781,0.007,0.779,0.623,0.986,0.852,M4A4|USP-S|a1h1k1|sm1fl1HE1fr1;none|USP-S|a0h0k0|sm0fl0HE0fr0;M4A4|USP-S|a1h1k0|sm1fl1HE1fr1
ct,1900,M4A4,3950,INTERPOLATED,0,24.5,100,family,300,600,800,,5850,5250,,M4A4:36%;AK-47:21%;none:16%,0.878,0.776,0.516,0.803,0.8,0.006,0.799,0.644,0.944,0.855,M4A4|USP-S|a1h1k1|sm1fl1HE1fr1;none|USP-S|a0h0k0|sm0fl0HE0fr0;M4A4|USP-S|a1h1k0|sm1fl1HE1fr1
ct,1900,M4A4,4000,INTERPOLATED,0,23.8,50,family,300,600,800,,5900,5300,,M4A4:37%;AK-47:23%;none:14%,0.889,0.783,0.519,0.822,0.82,0.005,0.819,0.666,0.898,0.855,M4A4|USP-S|a1h1k1|sm1fl1HE1fr1;AK-47|USP-S|a1h1k1|sm1fl1HE1fr1;M4A4|USP-S|a1h1k0|sm1fl1HE1fr1
ct,1900,M4A4,4050,OBSERVED,2,23.1,0,family,300,600,800,,5950,5350,,M4A4:38%;AK-47:25%;none:13%,0.899,0.788,0.524,0.841,0.839,0.004,0.838,0.689,0.848,0.861,M4A4|USP-S|a1h1k1|sm1fl1HE1fr1;AK-47|USP-S|a1h1k1|sm1fl1HE1fr1;M4A4|USP-S|a1h1k0|sm1fl1HE1fr1
ct,1900,M4A4,4100,INTERPOLATED,0,22.4,50,family,300,600,800,,6000,5400,,M4A4:39%;AK-47:27%;none:12%,0.91,0.794,0.529,0.858,0.857,0.003,0.856,0.712,0.793,0.869,M4A4|USP-S|a1h1k1|sm1fl1HE1fr1;AK-47|USP-S|a1h1k1|sm1fl1HE1fr1;M4A4|USP-S|a1h1k0|sm1fl1HE1fr1
ct,1900,M4A4,4150,OBSERVED,3,21.7,0,family,300,600,800,,6050,5450,,M4A4:40%;AK-47:29%;none:10%,0.92,0.798,0.537,0.875,0.874,0.002,0.873,0.735,0.737,0.879,M4A4|USP-S|a1h1k1|sm1fl1HE1fr1;AK-47|USP-S|a1h1k1|sm1fl1HE1fr1;M4A4|USP-S|a1h1k0|sm1fl1HE1fr1
ct,1900,M4A4,4200,OBSERVED,2,21.1,0,family,300,600,800,,6100,5500,,M4A4:40%;AK-47:32%;none:9%,0.93,0.801,0.545,0.891,0.89,0.002,0.89,0.758,0.679,0.887,M4A4|USP-S|a1h1k1|sm1fl1HE1fr1;AK-47|USP-S|a1h1k1|sm1fl1HE1fr1;M4A4|USP-S|a1h1k0|sm1fl1HE1fr1
ct,1900,M4A4,4250,INTERPOLATED,0,20.5,50,family,300,700,800,,6150,5450,,M4A4:41%;AK-47:34%;none:8%,0.938,0.804,0.555,0.906,0.905,0.001,0.905,0.78,0.624,0.894,M4A4|USP-S|a1h1k1|sm1fl1HE1fr1;AK-47|USP-S|a1h1k1|sm1fl1HE1fr1;M4A4|USP-S|a1h1k0|sm1fl1HE1fr1
ct,2400,none,1900,OBSERVED,12,136.3,0,none,0,0,1750,,4300,4300,,none:90%;MP9:8%;SSG 08:2%,0.358,0.105,0.0,0.29,0.117,0.062,0.049,0.005,1.335,0.776,none|USP-S|a0h0k0|sm0fl0HE0fr0;MP9|USP-S|a1h0k0|sm0fl0HE0fr0;none|Five-SeveN|a1h1k0|sm1fl0HE0fr0
ct,2400,none,1950,OBSERVED,53,102.3,0,none,0,0,1800,,4350,4350,,none:91%;MP9:7%;SSG 08:2%,0.435,0.099,0.0,0.382,0.171,0.041,0.169,0.026,1.345,0.748,none|USP-S|a0h0k0|sm0fl0HE0fr0;none|Five-SeveN|a1h0k0|sm1fl1HE1fr0;MP9|USP-S|a1h0k0|sm0fl0HE0fr0
ct,2400,none,2000,OBSERVED,85,102.4,0,none,0,0,1950,,4400,4400,,none:93%;MP9:7%;SSG 08:0%,0.471,0.188,0.0,0.445,0.216,0.034,0.166,0.013,1.299,0.804,none|USP-S|a0h0k0|sm0fl0HE0fr0;none|Five-SeveN|a1h0k0|sm1fl1HE1fr0;none|Five-SeveN|a1h1k0|sm1fl1HE0fr0
ct,2400,none,2050,OBSERVED,140,162.5,0,none,0,600,1950,,4450,3850,,none:88%;MP9:8%;SSG 08:3%,0.484,0.193,0.0,0.428,0.279,0.023,0.183,0.021,1.283,0.759,none|USP-S|a0h0k0|sm0fl0HE0fr0;none|Five-SeveN|a1h0k0|sm1fl1HE1fr0;none|Five-SeveN|a1h1k0|sm1fl1HE0fr0
ct,2400,none,2100,OBSERVED,168,193.0,0,none,0,1750,2000,,4500,2750,,none:81%;MP9:10%;SSG 08:7%,0.569,0.289,0.0,0.46,0.19,0.04,0.213,0.018,1.353,0.669,none|USP-S|a0h0k0|sm0fl0HE0fr0;none|Five-SeveN|a1h1k0|sm1fl0HE1fr0;none|Desert Eagle|a1h1k0|sm1fl0HE0fr0
ct,2400,none,2150,OBSERVED,141,166.4,0,none,0,1900,2100,,4550,2650,,none:78%;MP9:14%;MP7:3%,0.614,0.29,0.0,0.414,0.27,0.036,0.227,0.028,1.254,0.694,none|USP-S|a0h0k0|sm0fl0HE0fr0;none|Five-SeveN|a1h1k0|sm1fl0HE1fr0;MP9|USP-S|a1h0k0|sm0fl1HE0fr0
ct,2400,none,2200,OBSERVED,116,133.9,0,none,700,2050,2200,,4600,2550,,none:67%;MP9:23%;SSG 08:4%,0.693,0.285,0.009,0.569,0.226,0.051,0.2,0.026,1.309,0.656,none|USP-S|a0h0k0|sm0fl0HE0fr0;MP9|USP-S|a1h0k0|sm1fl0HE0fr0;none|Five-SeveN|a1h1k0|sm1fl0HE1fr0
ct,2400,none,2250,OBSERVED,60,148.2,0,none,300,2100,2200,,4650,2550,,none:65%;MP9:29%;SSG 08:2%,0.673,0.335,0.022,0.509,0.204,0.057,0.189,0.035,1.207,0.69,none|USP-S|a0h0k0|sm0fl0HE0fr0;MP9|USP-S|a1h0k0|sm1fl0HE0fr0;none|Five-SeveN|a1h1k0|sm1fl0HE1fr0
ct,2400,none,2300,OBSERVED,50,103.4,0,none,200,1650,2200,,4700,3050,,none:68%;MP9:26%;FAMAS:3%,0.526,0.236,0.007,0.423,0.193,0.03,0.14,0.073,1.258,0.696,none|USP-S|a0h0k0|sm0fl0HE0fr0;MP9|USP-S|a1h1k0|sm0fl0HE0fr0;MP9|USP-S|a1h0k0|sm1fl0HE0fr0
ct,2400,none,2350,OBSERVED,43,147.6,0,none,0,700,2200,,4750,4050,,none:72%;MP9:18%;FAMAS:3%,0.448,0.199,0.006,0.329,0.161,0.042,0.126,0.03,1.313,0.682,none|USP-S|a0h0k0|sm0fl0HE0fr0;MP9|USP-S|a1h1k0|sm0fl0HE0fr0;none|Desert Eagle|a0h0k0|sm0fl0HE0fr0
ct,2400,none,2400,OBSERVED,58,119.4,0,none,0,1450,2250,,4800,3350,,none:66%;MP9:16%;SSG 08:9%,0.545,0.199,0.012,0.343,0.167,0.047,0.164,0.015,1.408,0.619,none|USP-S|a0h0k0|sm0fl0HE0fr0;MP9|USP-S|a1h1k0|sm0fl0HE0fr0;none|Desert Eagle|a0h0k0|sm0fl0HE0fr0
ct,2400,none,2450,OBSERVED,77,145.3,0,none,500,1950,2350,,4850,2900,,none:52%;MP9:26%;SSG 08:15%,0.642,0.181,0.005,0.341,0.269,0.037,0.16,0.046,1.429,0.615,none|USP-S|a0h0k0|sm0fl0HE0fr0;SSG 08|USP-S|a1h0k0|sm0fl0HE0fr0;MP9|USP-S|a1h0k0|sm1fl1HE0fr0
ct,2400,none,2500,OBSERVED,79,134.4,0,none,500,2100,2450,,4900,2800,,none:54%;MP9:30%;SSG 08:9%,0.67,0.225,0.012,0.438,0.268,0.062,0.261,0.038,1.455,0.603,none|USP-S|a0h0k0|sm0fl0HE0fr0;MP9|USP-S|a1h0k0|sm1fl0HE1fr0;MP9|USP-S|a1h1k0|sm0fl1HE0fr0
ct,2400,none,2550,OBSERVED,36,136.2,0,none,700,2350,2500,,4950,2600,,none:46%;MP9:39%;SSG 08:10%,0.687,0.315,0.016,0.567,0.196,0.043,0.279,0.033,1.37,0.638,MP9|USP-S|a1h1k0|sm1fl0HE0fr0;MP9|USP-S|a1h0k0|sm1fl0HE1fr0;none|USP-S|a0h0k0|sm0fl0HE0fr0
ct,2400,none,2600,OBSERVED,29,106.1,0,none,700,2400,2550,,5000,2600,,none:49%;MP9:36%;SSG 08:9%,0.69,0.352,0.01,0.61,0.202,0.05,0.305,0.062,1.297,0.625,MP9|USP-S|a1h1k0|sm1fl0HE0fr0;none|USP-S|a0h0k0|sm0fl0HE0fr0;MP9|USP-S|a1h0k0|sm1fl0HE1fr0
ct,2400,none,2650,OBSERVED,14,127.4,0,none,500,2200,2550,,5050,2850,,none:57%;MP9:27%;SSG 08:8%,0.601,0.281,0.006,0.526,0.191,0.06,0.251,0.048,1.339,0.619,MP9|USP-S|a1h1k0|sm1fl0HE0fr0;none|USP-S|a0h0k0|sm0fl0HE0fr0;none|Desert Eagle|a0h0k0|sm0fl0HE0fr0
ct,2400,none,2700,OBSERVED,7,106.9,0,none,500,1000,2550,,5100,4100,,none:64%;MP9:20%;SSG 08:7%,0.516,0.199,0.003,0.445,0.193,0.07,0.208,0.036,1.322,0.601,none|Desert Eagle|a0h0k0|sm0fl0HE0fr0;none|USP-S|a0h0k0|sm0fl0HE0fr0;MP9|USP-S|a1h1k0|sm1fl0HE0fr0
ct,2400,none,2750,OBSERVED,21,109.1,0,none,500,1000,2550,,5150,4150,,none:62%;MP9:22%;FAMAS:7%,0.512,0.221,0.001,0.45,0.253,0.07,0.17,0.034,1.369,0.561,none|Desert Eagle|a0h0k0|sm0fl0HE0fr0;none|USP-S|a0h0k0|sm0fl0HE0fr0;none|P250|a0h0k0|sm0fl0HE0fr0
ct,2400,none,2800,OBSERVED,28,101.7,0,none,500,1150,2650,,5200,4050,,none:61%;MP9:18%;FAMAS:12%,0.525,0.2,0.011,0.413,0.306,0.072,0.141,0.033,1.442,0.56,none|Desert Eagle|a0h0k0|sm0fl0HE0fr0;none|USP-S|a0h0k0|sm0fl0HE0fr0;FAMAS|USP-S|a1h0k0|sm0fl1HE0fr0
ct,2400,none,2850,OBSERVED,19,103.4,0,none,500,1150,2700,,5250,4100,,none:62%;MP9:18%;FAMAS:12%,0.531,0.207,0.012,0.422,0.29,0.068,0.151,0.036,1.53,0.549,none|Desert Eagle|a0h0k0|sm0fl0HE0fr0;none|USP-S|a0h0k0|sm0fl0HE0fr0;FAMAS|USP-S|a1h0k0|sm0fl1HE0fr0
ct,2400,none,2900,OBSERVED,22,101.7,0,none,600,1450,2750,,5300,3850,,none:61%;MP9:16%;FAMAS:13%,0.563,0.202,0.011,0.459,0.274,0.082,0.131,0.045,1.611,0.514,none|Desert Eagle|a0h0k0|sm0fl0HE0fr0;none|USP-S|a0h0k0|sm0fl0HE0fr0;FAMAS|USP-S|a1h0k0|sm0fl1HE0fr0
ct,2400,none,2950,OBSERVED,4,102.3,0,none,700,1450,2750,,5350,3900,,none:62%;MP9:14%;FAMAS:13%,0.572,0.195,0.01,0.467,0.244,0.076,0.122,0.044,1.677,0.515,none|USP-S|a0h0k0|sm0fl0HE0fr0;none|Desert Eagle|a0h0k0|sm0fl0HE0fr0;none|Five-SeveN|a1h0k0|sm1fl0HE0fr0
ct,2400,none,3000,OBSERVED,7,102.9,0,none,700,1450,2750,,5400,3950,,none:63%;MP9:15%;FAMAS:12%,0.578,0.173,0.008,0.487,0.209,0.065,0.133,0.067,1.732,0.537,none|USP-S|a0h0k0|sm0fl0HE0fr0;none|Desert Eagle|a0h0k0|sm0fl0HE0fr0;none|Five-SeveN|a1h0k0|sm1fl0HE0fr0
ct,2400,none,3050,OBSERVED,4,109.3,0,none,700,1450,2750,,5450,4000,,none:65%;MP9:14%;FAMAS:11%,0.565,0.163,0.006,0.491,0.183,0.056,0.121,0.074,1.764,0.564,none|USP-S|a0h0k0|sm0fl0HE0fr0;none|Five-SeveN|a1h0k0|sm1fl0HE0fr0;none|Desert Eagle|a0h0k0|sm0fl0HE0fr0
ct,2400,none,3100,OBSERVED,9,102.3,0,none,700,1200,2700,,5500,4300,,none:67%;MP9:13%;FAMAS:10%,0.546,0.146,0.005,0.474,0.19,0.054,0.13,0.068,1.783,0.565,none|USP-S|a0h0k0|sm0fl0HE0fr0;none|Five-SeveN|a1h0k0|sm1fl0HE0fr0;none|Desert Eagle|a0h0k0|sm0fl0HE0fr0
ct,2400,none,3150,OBSERVED,8,102.9,0,none,700,1150,2550,,5550,4400,,none:69%;MP9:13%;FAMAS:8%,0.527,0.132,0.004,0.466,0.192,0.055,0.132,0.063,1.786,0.565,none|USP-S|a0h0k0|sm0fl0HE0fr0;none|Five-SeveN|a1h0k0|sm1fl0HE0fr0;none|Desert Eagle|a0h0k0|sm0fl0HE0fr0
ct,2400,none,3200,OBSERVED,8,104.0,0,none,700,1450,2750,,5600,4150,,none:65%;MP9:14%;FAMAS:11%,0.559,0.123,0.003,0.496,0.215,0.052,0.202,0.079,1.79,0.534,none|USP-S|a0h0k0|sm0fl0HE0fr0;none|Five-SeveN|a1h0k0|sm1fl0HE0fr0;none|Desert Eagle|a0h0k0|sm0fl0HE0fr0
ct,2400,none,3250,OBSERVED,9,107.3,0,none,700,1450,2750,,5650,4200,,none:65%;MP9:14%;FAMAS:10%,0.561,0.116,0.016,0.502,0.216,0.052,0.211,0.092,1.797,0.523,none|USP-S|a0h0k0|sm0fl0HE0fr0;none|Five-SeveN|a1h0k0|sm1fl0HE0fr0;none|Desert Eagle|a0h0k0|sm0fl0HE0fr0
ct,2400,none,3300,OBSERVED,9,105.2,0,none,700,1450,2750,,5700,4250,,none:65%;MP9:13%;FAMAS:9%,0.564,0.12,0.017,0.51,0.214,0.052,0.231,0.094,1.808,0.52,none|USP-S|a0h0k0|sm0fl0HE0fr0;none|Five-SeveN|a1h0k0|sm1fl0HE0fr0;none|Desert Eagle|a0h0k0|sm0fl0HE0fr0
ct,2400,none,3350,OBSERVED,4,105.5,0,none,700,1450,2800,,5750,4300,,none:63%;MP9:16%;FAMAS:8%,0.574,0.144,0.016,0.521,0.207,0.051,0.258,0.118,1.83,0.507,none|USP-S|a0h0k0|sm0fl0HE0fr0;none|Five-SeveN|a1h0k0|sm1fl0HE0fr0;none|Desert Eagle|a0h0k0|sm0fl0HE0fr0
ct,2400,none,3400,OBSERVED,2,100.4,0,none,700,1450,2800,,5800,4350,,none:63%;MP9:17%;FAMAS:9%,0.58,0.141,0.016,0.528,0.204,0.051,0.266,0.132,1.852,0.499,none|USP-S|a0h0k0|sm0fl0HE0fr0;none|Five-SeveN|a1h0k0|sm1fl0HE0fr0;none|Desert Eagle|a0h0k0|sm0fl0HE0fr0
ct,2400,none,3450,OBSERVED,5,102.7,0,none,700,1450,2750,,5850,4400,,none:63%;MP9:17%;FAMAS:8%,0.579,0.142,0.015,0.526,0.202,0.051,0.269,0.132,1.888,0.488,none|USP-S|a0h0k0|sm0fl0HE0fr0;none|Five-SeveN|a1h0k0|sm1fl0HE0fr0;none|Desert Eagle|a0h0k0|sm0fl0HE0fr0
ct,2400,none,3500,OBSERVED,1,104.2,0,none,700,1450,2700,,5900,4450,,none:63%;MP9:18%;FAMAS:8%,0.578,0.141,0.014,0.524,0.201,0.051,0.271,0.13,1.925,0.483,none|USP-S|a0h0k0|sm0fl0HE0fr0;none|Five-SeveN|a1h0k0|sm1fl0HE0fr0;none|Desert Eagle|a0h0k0|sm0fl0HE0fr0
ct,2400,none,3550,OBSERVED,4,104.6,0,none,800,1700,2950,,5950,4250,,none:58%;MP9:18%;FAMAS:8%,0.613,0.154,0.012,0.507,0.195,0.047,0.295,0.133,1.955,0.461,none|USP-S|a0h0k0|sm0fl0HE0fr0;none|Five-SeveN|a1h0k0|sm1fl0HE0fr0;MP9|USP-S|a1h0k0|sm0fl0HE0fr0
ct,2400,none,3600,OBSERVED,1,104.5,0,none,800,1700,3200,,6000,4300,,none:55%;MP9:18%;FAMAS:11%,0.627,0.149,0.011,0.521,0.202,0.044,0.292,0.159,1.97,0.455,none|USP-S|a0h0k0|sm0fl0HE0fr0;none|Five-SeveN|a1h0k0|sm1fl0HE0fr0;M4A1-S|USP-S|a1h0k0|sm0fl0HE0fr0
ct,2400,none,3650,OBSERVED,6,104.8,0,none,800,1750,3200,,6050,4300,,none:54%;MP9:18%;FAMAS:12%,0.634,0.161,0.01,0.527,0.215,0.058,0.287,0.154,1.969,0.446,none|USP-S|a0h0k0|sm0fl0HE0fr0;none|Five-SeveN|a1h0k0|sm1fl0HE0fr0;M4A1-S|USP-S|a1h0k0|sm0fl0HE0fr0
ct,2400,none,3700,OBSERVED,6,100.7,0,none,800,1750,3200,,6100,4350,,none:51%;MP9:17%;FAMAS:16%,0.649,0.153,0.009,0.546,0.233,0.055,0.317,0.187,1.949,0.434,none|USP-S|a0h0k0|sm0fl0HE0fr0;none|Five-SeveN|a1h0k0|sm1fl0HE0fr0;M4A1-S|USP-S|a1h0k0|sm0fl0HE0fr0
ct,2400,none,3750,OBSERVED,7,103.0,0,none,1000,1900,3350,,6150,4250,,none:49%;MP9:17%;FAMAS:15%,0.664,0.144,0.008,0.551,0.253,0.066,0.303,0.177,1.91,0.419,none|USP-S|a0h0k0|sm0fl0HE0fr0;none|Five-SeveN|a1h0k0|sm1fl0HE0fr0;M4A1-S|USP-S|a1h0k0|sm0fl0HE0fr0
ct,2400,none,3800,OBSERVED,3,101.8,0,none,1000,1900,3350,,6200,4300,,none:49%;MP9:17%;FAMAS:15%,0.664,0.142,0.01,0.55,0.253,0.065,0.303,0.176,1.851,0.421,none|USP-S|a0h0k0|sm0fl0HE0fr0;none|Five-SeveN|a1h0k0|sm1fl0HE0fr0;M4A1-S|USP-S|a1h0k0|sm0fl0HE0fr0
ct,2400,none,3850,OBSERVED,7,101.9,0,none,1200,2350,3600,,6250,3900,,none:41%;MP9:16%;M4A1-S:15%,0.716,0.131,0.023,0.617,0.232,0.069,0.291,0.181,1.777,0.424,none|USP-S|a0h0k0|sm0fl0HE0fr0;M4A4|USP-S|a1h0k0|sm1fl0HE0fr0;none|Five-SeveN|a1h0k0|sm1fl0HE0fr0
ct,2400,none,3900,OBSERVED,8,103.3,0,none,1450,2550,3700,,6300,3750,,none:38%;M4A1-S:16%;MP9:15%,0.732,0.136,0.023,0.622,0.234,0.066,0.278,0.2,1.689,0.425,none|USP-S|a0h0k0|sm0fl0HE0fr0;M4A4|USP-S|a1h0k0|sm1fl0HE0fr0;M4A1-S|USP-S|a1h0k0|sm1fl0HE0fr0
ct,2400,none,3950,OBSERVED,4,101.4,0,none,1450,2500,3700,,6350,3850,,none:38%;M4A1-S:16%;MP9:16%,0.732,0.133,0.024,0.621,0.232,0.064,0.274,0.199,1.58,0.423,none|USP-S|a0h0k0|sm0fl0HE0fr0;M4A4|USP-S|a1h0k0|sm1fl0HE0fr0;M4A1-S|USP-S|a1h0k0|sm1fl0HE0fr0
ct,2400,none,4000,OBSERVED,3,100.3,0,none,1450,2500,3700,,6400,3900,,none:38%;M4A1-S:17%;MP9:16%,0.735,0.13,0.025,0.622,0.23,0.063,0.271,0.199,1.457,0.429,none|USP-S|a0h0k0|sm0fl0HE0fr0;M4A4|USP-S|a1h0k0|sm1fl0HE0fr0;M4A1-S|USP-S|a1h0k0|sm1fl0HE0fr0
ct,2400,none,4050,OBSERVED,3,103.1,0,none,1650,3400,3850,,6450,3050,,none:31%;M4A1-S:28%;MP9:13%,0.779,0.106,0.023,0.654,0.3,0.08,0.257,0.172,1.335,0.454,M4A1-S|USP-S|a1h0k0|sm1fl1HE0fr0;M4A4|USP-S|a1h0k0|sm1fl0HE0fr0;none|USP-S|a0h0k0|sm0fl0HE0fr0
ct,2400,none,4100,OBSERVED,3,101.4,0,none,1650,3400,3850,,6500,3100,,none:31%;M4A1-S:28%;MP9:14%,0.779,0.104,0.024,0.652,0.3,0.08,0.253,0.169,1.198,0.455,M4A1-S|USP-S|a1h0k0|sm1fl1HE0fr0;M4A4|USP-S|a1h0k0|sm1fl0HE0fr0;none|USP-S|a0h0k0|sm0fl0HE0fr0
ct,2400,none,4150,OBSERVED,5,103.0,0,none,1750,3700,4050,,6550,2850,,M4A1-S:31%;none:25%;M4A4:17%,0.822,0.081,0.022,0.697,0.277,0.069,0.343,0.198,1.083,0.467,M4A1-S|USP-S|a1h0k0|sm1fl1HE0fr0;M4A4|USP-S|a1h0k0|sm1fl0HE1fr0;M4A4|USP-S|a1h0k0|sm1fl0HE0fr0
ct,2400,none,4200,OBSERVED,8,104.0,0,none,1750,3750,4050,,6600,2850,,M4A1-S:32%;none:24%;M4A4:18%,0.831,0.088,0.022,0.707,0.283,0.067,0.35,0.207,0.98,0.461,M4A1-S|USP-S|a1h0k0|sm1fl1HE0fr0;M4A4|USP-S|a1h0k0|sm1fl0HE1fr0;M4A4|USP-S|a1h0k0|sm1fl0HE0fr0
ct,2400,none,4250,OBSERVED,3,100.7,0,none,1900,3850,4050,,6650,2800,,M4A1-S:34%;none:22%;M4A4:18%,0.843,0.107,0.022,0.698,0.322,0.089,0.36,0.223,0.874,0.442,M4A1-S|USP-S|a1h0k0|sm1fl1HE0fr0;M4A4|USP-S|a1h0k0|sm1fl0HE1fr0;M4A4|USP-S|a1h0k0|sm1fl0HE0fr0
ct,2400,none,4300,OBSERVED,9,101.4,0,none,1950,3850,4050,,6700,2850,,M4A1-S:33%;none:22%;M4A4:18%,0.846,0.104,0.035,0.7,0.331,0.088,0.369,0.235,0.805,0.434,M4A1-S|USP-S|a1h0k0|sm1fl1HE0fr0;M4A4|USP-S|a1h0k0|sm1fl0HE1fr0;M4A4|USP-S|a1h0k0|sm1fl0HE0fr0
ct,2400,none,4350,OBSERVED,3,102.3,0,none,3550,4050,4250,,6750,2700,,M4A1-S:34%;M4A4:30%;none:15%,0.893,0.077,0.031,0.76,0.37,0.071,0.4,0.327,0.755,0.427,M4A1-S|USP-S|a1h0k0|sm1fl1HE0fr0;M4A4|USP-S|a1h0k0|sm1fl0HE1fr0;M4A4|USP-S|a1h0k0|sm1fl0HE0fr1
ct,2400,none,4400,OBSERVED,10,103.4,0,none,3550,4050,4300,,6800,2750,,M4A1-S:34%;M4A4:32%;none:15%,0.899,0.097,0.031,0.767,0.388,0.069,0.392,0.325,0.715,0.421,M4A1-S|USP-S|a1h0k0|sm1fl1HE0fr0;M4A4|USP-S|a1h0k0|sm1fl0HE1fr0;M4A4|USP-S|a1h0k0|sm1fl0HE0fr1
ct,2400,none,4450,OBSERVED,4,100.8,0,none,3550,4050,4300,,6850,2800,,M4A1-S:34%;M4A4:32%;none:15%,0.897,0.097,0.031,0.764,0.387,0.069,0.39,0.326,0.679,0.416,M4A1-S|USP-S|a1h0k0|sm1fl1HE0fr0;M4A4|USP-S|a1h0k0|sm1fl0HE1fr0;M4A4|USP-S|a1h0k0|sm1fl0HE0fr1
ct,2400,none,4500,OBSERVED,7,101.9,0,none,3650,4150,4350,,6900,2750,,M4A1-S:36%;M4A4:32%;none:13%,0.91,0.152,0.03,0.784,0.369,0.064,0.431,0.314,0.651,0.399,M4A1-S|USP-S|a1h0k0|sm1fl1HE0fr0;M4A4|USP-S|a1h0k0|sm1fl0HE1fr0;M4A4|USP-S|a1h0k0|sm1fl0HE0fr1
ct,2400,none,4550,OBSERVED,12,102.8,0,none,3850,4200,4350,,6950,2750,,M4A1-S:39%;M4A4:34%;none:11%,0.932,0.134,0.026,0.81,0.466,0.077,0.389,0.41,0.624,0.409,M4A1-S|USP-S|a1h0k0|sm1fl1HE0fr1;M4A1-S|USP-S|a1h0k0|sm1fl1HE0fr0;M4A4|USP-S|a1h0k0|sm1fl0HE0fr1
ct,2400,none,4600,OBSERVED,3,103.5,0,none,3850,4250,4400,,7000,2750,,M4A1-S:40%;M4A4:34%;none:10%,0.935,0.134,0.043,0.815,0.475,0.077,0.398,0.426,0.592,0.403,M4A1-S|USP-S|a1h0k0|sm1fl1HE0fr1;M4A1-S|USP-S|a1h0k0|sm1fl1HE0fr0;M4A4|USP-S|a1h0k0|sm1fl0HE0fr1
ct,2400,none,4650,OBSERVED,7,100.1,0,none,4150,4350,4550,,7050,2700,,M4A1-S:41%;M4A4:40%;none:8%,0.956,0.113,0.038,0.859,0.489,0.062,0.513,0.557,0.564,0.512,M4A4|USP-S|a1h0k0|sm1fl0HE1fr1;M4A1-S|USP-S|a1h0k0|sm1fl1HE1fr1;M4A1-S|USP-S|a1h0k0|sm1fl1HE0fr1
ct,2400,none,4700,OBSERVED,5,103.5,0,none,4150,4350,4650,,7100,2750,,M4A1-S:41%;M4A4:40%;none:7%,0.962,0.165,0.037,0.871,0.511,0.058,0.538,0.588,0.528,0.493,M4A4|USP-S|a1h0k0|sm1fl0HE1fr1;M4A1-S|USP-S|a1h0k0|sm1fl1HE1fr1;M4A1-S|USP-S|a1h0k0|sm1fl1HE0fr1
ct,2400,none,4750,OBSERVED,8,102.7,0,none,4150,4500,4650,,7150,2650,,M4A4:43%;M4A1-S:40%;none:7%,0.965,0.162,0.037,0.878,0.53,0.091,0.526,0.614,0.496,0.491,M4A4|USP-S|a1h0k0|sm1fl0HE1fr1;M4A1-S|USP-S|a1h0k0|sm1fl1HE1fr1;M4A1-S|USP-S|a1h0k0|sm1fl1HE0fr1
ct,2400,none,4800,OBSERVED,5,101.2,0,none,4150,4500,4650,,7200,2700,,M4A4:43%;M4A1-S:40%;none:7%,0.966,0.163,0.038,0.879,0.53,0.093,0.529,0.62,0.461,0.492,M4A4|USP-S|a1h0k0|sm1fl0HE1fr1;M4A1-S|USP-S|a1h0k0|sm1fl1HE1fr1;M4A1-S|USP-S|a1h0k0|sm1fl1HE0fr1
ct,2400,none,4850,OBSERVED,8,102.5,0,none,4350,4650,4750,,7250,2600,,M4A4:44%;M4A1-S:43%;none:5%,0.981,0.137,0.03,0.916,0.649,0.09,0.633,0.716,0.428,0.606,M4A1-S|USP-S|a1h0k0|sm1fl1HE1fr1;M4A4|USP-S|a1h0k0|sm1fl1HE1fr1;M4A4|USP-S|a1h0k0|sm1fl0HE1fr1
ct,2400,none,4900,OBSERVED,2,103.1,0,none,4350,4650,4850,,7300,2650,,M4A4:44%;M4A1-S:44%;none:5%,0.983,0.157,0.03,0.922,0.643,0.089,0.628,0.721,0.395,0.603,M4A1-S|USP-S|a1h0k0|sm1fl1HE1fr1;M4A4|USP-S|a1h0k0|sm1fl1HE1fr1;M4A4|USP-S|a1h0k0|sm1fl0HE1fr1
ct,2400,none,4950,OBSERVED,6,102.9,0,none,4350,4650,4850,,7350,2700,,M4A4:45%;M4A1-S:43%;none:5%,0.984,0.152,0.041,0.924,0.653,0.099,0.628,0.728,0.363,0.601,M4A1-S|USP-S|a1h0k0|sm1fl1HE1fr1;M4A4|USP-S|a1h0k0|sm1fl1HE1fr1;M4A4|USP-S|a1h0k0|sm1fl0HE1fr1
ct,2400,none,5000,OBSERVED,8,102.2,0,none,4500,4650,4850,,7400,2750,,M4A1-S:45%;M4A4:44%;none:5%,0.986,0.194,0.041,0.93,0.641,0.096,0.654,0.749,0.343,0.606,M4A1-S|USP-S|a1h0k0|sm1fl1HE1fr1;M4A4|USP-S|a1h0k0|sm1fl1HE1fr1;M4A4|USP-S|a1h0k0|sm1fl0HE1fr1
ct,2400,none,5050,OBSERVED,6,101.2,0,none,4550,4700,4850,,7450,2750,,M4A1-S:46%;M4A4:44%;none:4%,0.989,0.181,0.052,0.939,0.665,0.09,0.691,0.78,0.314,0.638,M4A1-S|USP-S|a1h0k0|sm1fl1HE1fr1;M4A4|USP-S|a1h0k0|sm1fl1HE1fr1;M4A4|USP-S|a1h0k0|sm1fl0HE1fr1
ct,2400,none,5100,OBSERVED,5,100.0,0,none,4550,4700,4850,,7500,2800,,M4A1-S:46%;M4A4:45%;none:4%,0.989,0.19,0.054,0.94,0.672,0.102,0.686,0.784,0.287,0.631,M4A1-S|USP-S|a1h0k0|sm1fl1HE1fr1;M4A4|USP-S|a1h0k0|sm1fl1HE1fr1;M4A4|USP-S|a1h0k0|sm1fl0HE1fr1
ct,2400,none,5150,OBSERVED,2,101.9,0,none,4550,4700,4850,,7550,2850,,M4A1-S:46%;M4A4:45%;none:4%,0.988,0.188,0.056,0.937,0.672,0.102,0.686,0.78,0.269,0.626,M4A1-S|USP-S|a1h0k0|sm1fl1HE1fr1;M4A4|USP-S|a1h0k0|sm1fl1HE1fr1;M4A4|USP-S|a1h0k0|sm1fl0HE1fr1
ct,2400,none,5200,OBSERVED,8,100.8,0,none,4650,4850,5000,,7600,2750,,M4A1-S:48%;M4A4:45%;none:3%,0.993,0.307,0.052,0.952,0.733,0.09,0.724,0.832,0.253,0.67,M4A1-S|USP-S|a1h0k0|sm1fl1HE1fr1;M4A4|USP-S|a1h0k0|sm1fl1HE1fr1;M4A1-S|USP-S|a1h1k0|sm1fl1HE1fr1
ct,2400,none,5250,OBSERVED,5,102.7,0,none,4650,4850,5050,,7650,2800,,M4A4:45%;M4A1-S:44%;AWP:4%,0.954,0.295,0.093,0.959,0.754,0.095,0.716,0.815,0.239,0.638,M4A1-S|USP-S|a1h0k0|sm1fl1HE1fr1;M4A4|USP-S|a1h0k0|sm1fl1HE1fr1;M4A1-S|USP-S|a1h1k0|sm1fl1HE1fr1
ct,2400,none,5300,OBSERVED,3,101.7,0,none,4650,4850,5100,,7700,2850,,M4A4:45%;M4A1-S:44%;AWP:4%,0.953,0.303,0.095,0.958,0.76,0.094,0.719,0.815,0.221,0.641,M4A1-S|USP-S|a1h0k0|sm1fl1HE1fr1;M4A4|USP-S|a1h0k0|sm1fl1HE1fr1;M4A1-S|USP-S|a1h1k0|sm1fl1HE1fr1
ct,2400,none,5350,OBSERVED,4,100.9,0,none,4650,4850,5200,,7750,2900,,M4A1-S:45%;M4A4:44%;AWP:4%,0.954,0.305,0.096,0.944,0.768,0.105,0.726,0.819,0.197,0.634,M4A1-S|USP-S|a1h0k0|sm1fl1HE1fr1;M4A4|USP-S|a1h0k0|sm1fl1HE1fr1;M4A1-S|USP-S|a1h1k0|sm1fl1HE1fr1
ct,2400,none,5400,OBSERVED,2,102.9,0,none,4700,4850,5200,,7800,2950,,M4A4:46%;M4A1-S:44%;AWP:4%,0.955,0.323,0.11,0.946,0.756,0.1,0.727,0.829,0.19,0.625,M4A1-S|USP-S|a1h0k0|sm1fl1HE1fr1;M4A4|USP-S|a1h0k0|sm1fl1HE1fr1;M4A1-S|USP-S|a1h1k0|sm1fl1HE1fr1
ct,2400,none,5450,OBSERVED,3,102.0,0,none,4700,4850,5200,,7850,3000,,M4A4:47%;M4A1-S:43%;AWP:4%,0.956,0.323,0.125,0.946,0.763,0.097,0.734,0.832,0.174,0.632,M4A1-S|USP-S|a1h0k0|sm1fl1HE1fr1;M4A4|USP-S|a1h0k0|sm1fl1HE1fr1;M4A1-S|USP-S|a1h1k0|sm1fl1HE1fr1
ct,2400,none,5500,OBSERVED,1,101.1,0,none,4700,4850,5200,,7900,3050,,M4A4:47%;M4A1-S:43%;AWP:4%,0.956,0.327,0.128,0.945,0.767,0.095,0.737,0.833,0.159,0.635,M4A1-S|USP-S|a1h0k0|sm1fl1HE1fr1;M4A4|USP-S|a1h0k0|sm1fl1HE1fr1;M4A1-S|USP-S|a1h1k0|sm1fl1HE1fr1
ct,2400,none,5550,OBSERVED,2,100.0,0,none,4750,4900,5200,,7950,3050,,M4A4:47%;M4A1-S:43%;AWP:4%,0.956,0.333,0.133,0.945,0.773,0.093,0.742,0.837,0.147,0.642,M4A1-S|USP-S|a1h0k0|sm1fl1HE1fr1;M4A4|USP-S|a1h0k0|sm1fl1HE1fr1;M4A1-S|USP-S|a1h1k0|sm1fl1HE1fr1
ct,2400,none,5600,OBSERVED,2,101.6,0,none,4850,5050,5250,,8000,2950,,M4A4:49%;M4A1-S:43%;AWP:4%,0.962,0.429,0.25,0.953,0.812,0.08,0.784,0.865,0.141,0.662,M4A1-S|USP-S|a1h0k0|sm1fl1HE1fr1;M4A4|USP-S|a1h0k0|sm1fl1HE1fr1;M4A1-S|USP-S|a1h1k0|sm1fl1HE1fr1
ct,2400,none,5650,OBSERVED,4,100.1,0,none,4850,5100,5250,,8050,2950,,M4A4:49%;M4A1-S:43%;AWP:3%,0.963,0.444,0.268,0.954,0.821,0.077,0.792,0.871,0.129,0.673,M4A1-S|USP-S|a1h0k0|sm1fl1HE1fr1;M4A1-S|USP-S|a1h1k0|sm1fl1HE1fr1;M4A4|USP-S|a1h0k0|sm1fl1HE1fr1
ct,2400,none,5700,OBSERVED,4,101.2,0,none,4850,5200,5400,,8100,2900,,M4A4:46%;M4A1-S:41%;AWP:9%,0.966,0.434,0.271,0.958,0.796,0.084,0.754,0.839,0.123,0.659,M4A1-S|USP-S|a1h0k0|sm1fl1HE1fr1;M4A1-S|USP-S|a1h1k0|sm1fl1HE1fr1;M4A4|USP-S|a1h0k0|sm1fl1HE1fr1
ct,2400,none,5750,OBSERVED,1,102.1,0,none,4850,5200,5450,,8150,2950,,M4A4:46%;M4A1-S:41%;AWP:10%,0.968,0.45,0.291,0.959,0.804,0.081,0.761,0.843,0.123,0.673,M4A1-S|USP-S|a1h0k0|sm1fl1HE1fr1;M4A1-S|USP-S|a1h1k0|sm1fl1HE1fr1;M4A4|USP-S|a1h1k1|sm1fl1HE1fr1
ct,2400,none,5800,INTERPOLATED,0,100.3,50,none,4850,5200,5600,,8200,3000,,M4A4:46%;M4A1-S:41%;AWP:10%,0.97,0.483,0.334,0.962,0.818,0.075,0.775,0.853,0.115,0.697,M4A4|USP-S|a1h1k1|sm1fl1HE1fr1;M4A1-S|USP-S|a1h1k0|sm1fl1HE1fr1;M4A1-S|USP-S|a1h0k0|sm1fl1HE1fr1
ct,2400,none,5850,OBSERVED,2,95.8,0,none,4850,5200,5600,,8250,3050,,M4A4:46%;M4A1-S:41%;AWP:10%,0.972,0.501,0.358,0.963,0.826,0.071,0.783,0.858,0.102,0.712,M4A4|USP-S|a1h1k1|sm1fl1HE1fr1;M4A1-S|USP-S|a1h1k0|sm1fl1HE1fr1;M4A1-S|USP-S|a1h1k1|sm1fl1HE1fr1
ct,2400,none,5900,OBSERVED,1,91.4,0,none,5000,5250,5600,,8300,3050,,M4A4:45%;M4A1-S:40%;AWP:13%,0.975,0.499,0.368,0.966,0.841,0.065,0.762,0.831,0.08,0.722,M4A4|USP-S|a1h1k1|sm1fl1HE1fr1;M4A1-S|USP-S|a1h1k1|sm1fl1HE1fr1;M4A1-S|USP-S|a1h1k0|sm1fl1HE1fr1
ct,2400,none,5950,OBSERVED,2,87.2,0,none,5050,5250,5600,,8350,3100,,M4A4:44%;M4A1-S:40%;AWP:14%,0.977,0.514,0.39,0.968,0.849,0.061,0.768,0.834,0.072,0.74,M4A4|USP-S|a1h1k1|sm1fl1HE1fr1;M4A1-S|USP-S|a1h1k1|sm1fl1HE1fr1;M4A1-S|USP-S|a1h1k0|sm1fl1HE1fr1
ct,2400,none,6000,OBSERVED,2,83.3,0,none,5050,5250,5600,,8400,3150,,M4A4:44%;M4A1-S:40%;AWP:14%,0.979,0.529,0.412,0.97,0.858,0.056,0.774,0.838,0.054,0.759,M4A4|USP-S|a1h1k1|sm1fl1HE1fr1;M4A1-S|USP-S|a1h1k1|sm1fl1HE1fr1;M4A1-S|USP-S|a1h1k0|sm1fl1HE1fr1
ct,2400,AK-47,1900,OBSERVED,2,58.2,0,family,0,300,600,,4300,4000,,M4A4:32%;M4A1-S:27%;AK-47:20%,0.866,0.401,0.24,0.575,0.326,0.013,0.317,0.353,1.166,0.545,none|USP-S|a0h0k0|sm0fl0HE0fr0;M4A1-S|USP-S|a1h0k0|sm0fl0HE0fr0;M4A1-S|USP-S|a1h0k1|sm1fl1HE1fr1
ct,2400,AK-47,1950,OBSERVED,8,59.4,0,family,0,300,600,,4350,4050,,M4A4:32%;M4A1-S:27%;AK-47:20%,0.861,0.403,0.242,0.573,0.325,0.014,0.317,0.35,1.174,0.543,none|USP-S|a0h0k0|sm0fl0HE0fr0;M4A1-S|USP-S|a1h0k0|sm0fl0HE0fr0;M4A1-S|USP-S|a1h0k1|sm1fl1HE1fr1
ct,2400,AK-47,2000,OBSERVED,12,60.5,0,family,0,300,600,,4400,4100,,M4A4:31%;M4A1-S:26%;AK-47:20%,0.857,0.405,0.244,0.57,0.325,0.015,0.318,0.347,1.18,0.54,none|USP-S|a0h0k0|sm0fl0HE0fr0;M4A1-S|USP-S|a1h0k0|sm0fl0HE0fr0;M4A1-S|USP-S|a1h0k1|sm1fl1HE1fr1
ct,2400,AK-47,2050,OBSERVED,8,61.7,0,family,0,300,600,,4450,4150,,M4A4:31%;M4A1-S:26%;AK-47:20%,0.853,0.406,0.247,0.567,0.324,0.015,0.319,0.344,1.186,0.538,none|USP-S|a0h0k0|sm0fl0HE0fr0;M4A1-S|USP-S|a1h0k0|sm0fl0HE0fr0;M4A1-S|USP-S|a1h0k1|sm1fl1HE1fr1
ct,2400,AK-47,2100,OBSERVED,6,62.8,0,family,0,300,600,,4500,4200,,M4A4:31%;M4A1-S:26%;AK-47:20%,0.849,0.408,0.249,0.564,0.324,0.016,0.32,0.342,1.19,0.535,none|USP-S|a0h0k0|sm0fl0HE0fr0;M4A1-S|USP-S|a1h0k0|sm0fl0HE0fr0;M4A1-S|USP-S|a1h0k1|sm1fl1HE1fr1
ct,2400,AK-47,2150,OBSERVED,1,63.8,0,family,0,300,600,,4550,4250,,M4A4:30%;M4A1-S:26%;AK-47:20%,0.845,0.409,0.252,0.56,0.324,0.017,0.321,0.34,1.194,0.532,none|USP-S|a0h0k0|sm0fl0HE0fr0;M4A1-S|USP-S|a1h0k0|sm0fl0HE0fr0;M4A1-S|USP-S|a1h0k1|sm1fl1HE1fr1
ct,2400,AK-47,2200,OBSERVED,1,64.7,0,family,0,300,600,,4600,4300,,M4A4:30%;M4A1-S:26%;AK-47:20%,0.842,0.411,0.255,0.557,0.325,0.017,0.323,0.338,1.199,0.529,none|USP-S|a0h0k0|sm0fl0HE0fr0;M4A1-S|USP-S|a1h0k0|sm0fl0HE0fr0;M4A1-S|USP-S|a1h0k1|sm1fl1HE1fr1
ct,2400,AK-47,2250,OBSERVED,1,65.5,0,family,0,300,600,,4650,4350,,M4A4:30%;M4A1-S:25%;AK-47:20%,0.838,0.412,0.259,0.554,0.326,0.018,0.324,0.336,1.203,0.525,none|USP-S|a0h0k0|sm0fl0HE0fr0;M4A1-S|USP-S|a1h0k0|sm0fl0HE0fr0;M4A1-S|USP-S|a1h0k1|sm1fl1HE1fr1
ct,2400,AK-47,2300,OBSERVED,4,66.1,0,family,0,300,600,,4700,4400,,M4A4:29%;M4A1-S:25%;AK-47:20%,0.835,0.414,0.263,0.551,0.327,0.018,0.326,0.335,1.204,0.522,none|USP-S|a0h0k0|sm0fl0HE0fr0;M4A1-S|USP-S|a1h0k0|sm0fl0HE0fr0;M4A1-S|USP-S|a1h0k1|sm1fl1HE1fr1
ct,2400,AK-47,2350,OBSERVED,5,66.5,0,family,0,300,600,,4750,4450,,M4A4:29%;M4A1-S:25%;AK-47:20%,0.832,0.416,0.267,0.549,0.329,0.019,0.328,0.335,1.206,0.518,none|USP-S|a0h0k0|sm0fl0HE0fr0;M4A1-S|USP-S|a1h0k0|sm0fl0HE0fr0;M4A1-S|USP-S|a1h0k1|sm1fl1HE1fr1
ct,2400,AK-47,2400,OBSERVED,2,66.7,0,family,0,300,500,,4800,4500,,M4A4:29%;M4A1-S:25%;AK-47:20%,0.829,0.417,0.271,0.546,0.331,0.02,0.331,0.336,1.208,0.515,none|USP-S|a0h0k0|sm0fl0HE0fr0;M4A1-S|USP-S|a1h0k0|sm0fl0HE0fr0;M4A1-S|USP-S|a1h0k1|sm1fl1HE1fr1
ct,2400,AK-47,2450,OBSERVED,1,66.6,0,family,0,300,500,,4850,4550,,M4A4:29%;M4A1-S:25%;AK-47:20%,0.827,0.419,0.276,0.543,0.334,0.02,0.333,0.337,1.207,0.511,none|USP-S|a0h0k0|sm0fl0HE0fr0;M4A1-S|USP-S|a1h0k0|sm0fl0HE0fr0;M4A1-S|USP-S|a1h0k1|sm1fl1HE1fr1
ct,2400,AK-47,2500,OBSERVED,3,66.3,0,family,0,300,500,,4900,4600,,M4A4:29%;M4A1-S:24%;AK-47:20%,0.825,0.42,0.282,0.541,0.338,0.021,0.336,0.339,1.206,0.506,none|USP-S|a0h0k0|sm0fl0HE0fr0;M4A1-S|USP-S|a1h0k0|sm0fl0HE0fr0;M4A1-S|USP-S|a1h0k1|sm1fl1HE1fr1
ct,2400,AK-47,2550,OBSERVED,1,65.6,0,family,0,300,500,,4950,4650,,M4A4:29%;M4A1-S:24%;AK-47:20%,0.824,0.422,0.288,0.539,0.343,0.022,0.34,0.342,1.204,0.502,none|USP-S|a0h0k0|sm0fl0HE0fr0;M4A1-S|USP-S|a1h0k0|sm0fl0HE0fr0;M4A4|USP-S|a1h0k0|sm1fl0HE0fr0
ct,2400,AK-47,2600,OBSERVED,1,64.7,0,family,0,300,500,,5000,4700,,M4A4:29%;M4A1-S:24%;AK-47:20%,0.823,0.424,0.294,0.538,0.349,0.022,0.344,0.347,1.2,0.496,none|USP-S|a0h0k0|sm0fl0HE0fr0;M4A1-S|USP-S|a1h0k0|sm0fl0HE0fr0;M4A4|USP-S|a1h0k0|sm1fl0HE0fr0
ct,2400,AK-47,2650,OBSERVED,3,63.5,0,family,0,300,500,,5050,4750,,M4A4:29%;M4A1-S:24%;AK-47:20%,0.824,0.427,0.302,0.537,0.355,0.023,0.348,0.352,1.193,0.493,none|USP-S|a0h0k0|sm0fl0HE0fr0;M4A4|USP-S|a1h0k0|sm1fl0HE0fr0;M4A1-S|USP-S|a1h0k0|sm0fl0HE0fr0
ct,2400,AK-47,2700,INTERPOLATED,0,62.1,50,family,0,300,500,,5100,4800,,M4A4:29%;M4A1-S:24%;AK-47:20%,0.824,0.429,0.31,0.536,0.363,0.024,0.353,0.359,1.186,0.492,none|USP-S|a0h0k0|sm0fl0HE0fr0;M4A4|USP-S|a1h0k0|sm1fl0HE0fr0;M4A1-S|USP-S|a1h0k0|sm0fl0HE0fr0
ct,2400,AK-47,2750,OBSERVED,1,60.4,0,family,0,300,500,,5150,4850,,M4A4:29%;M4A1-S:24%;AK-47:20%,0.826,0.432,0.319,0.537,0.372,0.025,0.359,0.367,1.176,0.491,none|USP-S|a0h0k0|sm0fl0HE0fr0;M4A4|USP-S|a1h0k0|sm1fl0HE0fr0;M4A1-S|USP-S|a1h0k1|sm1fl1HE1fr1
ct,2400,AK-47,2800,OBSERVED,3,58.5,0,family,0,300,500,,5200,4900,,M4A4:29%;M4A1-S:24%;AK-47:20%,0.828,0.436,0.329,0.538,0.382,0.026,0.365,0.377,1.163,0.494,none|USP-S|a0h0k0|sm0fl0HE0fr0;M4A4|USP-S|a1h0k0|sm1fl0HE0fr0;M4A1-S|USP-S|a1h0k1|sm1fl1HE1fr1
ct,2400,AK-47,2850,OBSERVED,1,56.4,0,family,0,300,500,,5250,4950,,M4A4:30%;M4A1-S:24%;AK-47:20%,0.832,0.44,0.34,0.54,0.394,0.028,0.372,0.388,1.147,0.498,none|USP-S|a0h0k0|sm0fl0HE0fr0;M4A4|USP-S|a1h0k0|sm1fl0HE0fr0;M4A1-S|USP-S|a1h0k1|sm1fl1HE1fr1
ct,2400,AK-47,2900,INTERPOLATED,0,54.3,50,family,0,300,500,,5300,5000,,M4A4:30%;M4A1-S:25%;AK-47:19%,0.835,0.444,0.352,0.543,0.407,0.029,0.381,0.401,1.129,0.5,none|USP-S|a0h0k0|sm0fl0HE0fr0;M4A4|USP-S|a1h0k0|sm1fl0HE0fr0;M4A1-S|USP-S|a1h0k1|sm1fl1HE1fr1
ct,2400,AK-47,2950,OBSERVED,1,52.0,0,family,0,300,600,,5350,5050,,M4A4:31%;M4A1-S:25%;AK-47:19%,0.84,0.45,0.365,0.548,0.422,0.031,0.389,0.416,1.107,0.504,none|USP-S|a0h0k0|sm0fl0HE0fr0;M4A4|USP-S|a1h0k0|sm1fl0HE0fr0;M4A1-S|USP-S|a1h0k1|sm1fl1HE1fr1
ct,2400,AK-47,3000,OBSERVED,1,49.7,0,family,0,300,600,,5400,5100,,M4A4:31%;M4A1-S:26%;AK-47:19%,0.846,0.456,0.38,0.554,0.438,0.033,0.399,0.432,1.081,0.507,none|USP-S|a0h0k0|sm0fl0HE0fr0;M4A4|USP-S|a1h0k0|sm1fl0HE0fr0;M4A4|USP-S|a1h0k1|sm1fl1HE1fr1
ct,2400,AK-47,3050,OBSERVED,1,47.3,0,family,0,300,600,,5450,5150,,M4A4:32%;M4A1-S:26%;AK-47:18%,0.852,0.463,0.397,0.562,0.456,0.036,0.41,0.45,1.053,0.511,none|USP-S|a0h0k0|sm0fl0HE0fr0;M4A4|USP-S|a1h0k1|sm1fl1HE1fr1;M4A4|USP-S|a1h0k0|sm1fl0HE0fr0
ct,2400,AK-47,3100,INTERPOLATED,0,44.8,50,family,0,500,650,,5500,5000,,M4A4:33%;M4A1-S:27%;AK-47:18%,0.858,0.471,0.414,0.572,0.474,0.039,0.422,0.469,1.022,0.52,none|USP-S|a0h0k0|sm0fl0HE0fr0;M4A4|USP-S|a1h0k1|sm1fl1HE1fr1;AK-47|USP-S|a1h1k1|sm0fl0HE0fr0
ct,2400,AK-47,3150,INTERPOLATED,0,42.3,100,family,0,500,650,,5550,5050,,M4A4:33%;M4A1-S:28%;AK-47:17%,0.865,0.48,0.434,0.583,0.494,0.042,0.435,0.489,0.988,0.541,none|USP-S|a0h0k0|sm0fl0HE0fr0;M4A4|USP-S|a1h0k1|sm1fl1HE1fr1;M4A1-S|USP-S|a1h1k1|sm1fl1HE1fr1
ct,2400,AK-47,3200,INTERPOLATED,0,39.8,100,family,0,500,800,,5600,5100,,M4A4:34%;M4A1-S:29%;AK-47:17%,0.872,0.489,0.454,0.595,0.515,0.045,0.449,0.51,0.951,0.561,none|USP-S|a0h0k0|sm0fl0HE0fr0;M4A4|USP-S|a1h0k1|sm1fl1HE1fr1;M4A1-S|USP-S|a1h1k1|sm1fl1HE1fr1
ct,2400,AK-47,3250,INTERPOLATED,0,37.2,50,family,200,500,800,,5650,5150,,M4A4:34%;M4A1-S:30%;AK-47:16%,0.879,0.5,0.476,0.61,0.536,0.049,0.463,0.531,0.909,0.583,none|USP-S|a0h0k0|sm0fl0HE0fr0;M4A4|USP-S|a1h0k1|sm1fl1HE1fr1;M4A1-S|USP-S|a1h1k1|sm1fl1HE1fr1
ct,2400,AK-47,3300,OBSERVED,1,34.7,0,family,200,500,800,,5700,5200,,M4A4:35%;M4A1-S:31%;AK-47:15%,0.885,0.51,0.498,0.625,0.558,0.052,0.478,0.553,0.87,0.611,none|USP-S|a0h0k0|sm0fl0HE0fr0;M4A1-S|USP-S|a1h1k1|sm1fl1HE1fr1;M4A4|USP-S|a1h0k1|sm1fl1HE1fr1
ct,2400,AK-47,3350,OBSERVED,1,32.2,0,family,300,500,800,,5750,5250,,M4A4:36%;M4A1-S:33%;AK-47:14%,0.891,0.521,0.522,0.642,0.579,0.056,0.494,0.574,0.829,0.638,none|USP-S|a0h0k0|sm0fl0HE0fr0;M4A1-S|USP-S|a1h1k1|sm1fl1HE1fr1;M4A4|USP-S|a1h1k1|sm1fl1HE1fr1
ct,2400,AK-47,3400,OBSERVED,1,29.8,0,family,300,500,800,,5800,5300,,M4A4:36%;M4A1-S:34%;AK-47:14%,0.897,0.532,0.545,0.659,0.599,0.059,0.51,0.595,0.786,0.664,none|USP-S|a0h0k0|sm0fl0HE0fr0;M4A1-S|USP-S|a1h1k1|sm1fl1HE1fr1;M4A4|USP-S|a1h1k1|sm1fl1HE1fr1
ct,2400,AK-47,3450,INTERPOLATED,0,27.5,50,family,300,500,800,,5850,5350,,M4A4:36%;M4A1-S:36%;AK-47:13%,0.901,0.543,0.569,0.676,0.618,0.062,0.525,0.614,0.749,0.692,none|USP-S|a0h0k0|sm0fl0HE0fr0;M4A1-S|USP-S|a1h1k1|sm1fl1HE1fr1;M4A4|USP-S|a1h1k1|sm1fl1HE1fr1
ct,2400,AK-47,3500,INTERPOLATED,0,25.3,50,family,300,500,800,,5900,5400,,M4A1-S:37%;M4A4:37%;AK-47:12%,0.904,0.553,0.592,0.693,0.637,0.065,0.54,0.633,0.713,0.722,M4A1-S|USP-S|a1h1k1|sm1fl1HE1fr1;M4A4|USP-S|a1h1k1|sm1fl1HE1fr1;none|USP-S|a0h0k0|sm0fl0HE0fr0
ct,2400,AK-47,3550,OBSERVED,1,23.4,0,family,300,500,800,,5950,5450,,M4A1-S:39%;M4A4:37%;AK-47:11%,0.907,0.562,0.615,0.71,0.653,0.067,0.555,0.649,0.678,0.749,M4A1-S|USP-S|a1h1k1|sm1fl1HE1fr1;M4A4|USP-S|a1h1k1|sm1fl1HE1fr1;none|USP-S|a0h0k0|sm0fl0HE0fr0
ct,2400,AK-47,3600,INTERPOLATED,0,21.7,50,family,300,500,800,,6000,5500,,M4A1-S:40%;M4A4:37%;AK-47:10%,0.908,0.571,0.637,0.727,0.668,0.069,0.569,0.665,0.651,0.774,M4A1-S|USP-S|a1h1k1|sm1fl1HE1fr1;M4A4|USP-S|a1h1k1|sm1fl1HE1fr1;none|USP-S|a0h0k0|sm0fl0HE0fr0
ct,2400,AK-47,3650,OBSERVED,1,20.1,0,family,300,500,800,,6050,5550,,M4A1-S:42%;M4A4:37%;AK-47:9%,0.909,0.579,0.657,0.742,0.681,0.071,0.582,0.678,0.625,0.796,M4A1-S|USP-S|a1h1k1|sm1fl1HE1fr1;M4A4|USP-S|a1h1k1|sm1fl1HE1fr1;M4A4|USP-S|a1h0k1|sm1fl1HE1fr1
ct,2400,AUG,1900,OBSERVED,2,58.2,0,family,0,300,600,,4300,4000,,M4A4:32%;M4A1-S:27%;AK-47:20%,0.866,0.401,0.24,0.575,0.326,0.013,0.317,0.353,1.166,0.545,none|USP-S|a0h0k0|sm0fl0HE0fr0;M4A1-S|USP-S|a1h0k0|sm0fl0HE0fr0;M4A1-S|USP-S|a1h0k1|sm1fl1HE1fr1
ct,2400,AUG,1950,OBSERVED,8,59.4,0,family,0,300,600,,4350,4050,,M4A4:32%;M4A1-S:27%;AK-47:20%,0.861,0.403,0.242,0.573,0.325,0.014,0.317,0.35,1.174,0.543,none|USP-S|a0h0k0|sm0fl0HE0fr0;M4A1-S|USP-S|a1h0k0|sm0fl0HE0fr0;M4A1-S|USP-S|a1h0k1|sm1fl1HE1fr1
ct,2400,AUG,2000,OBSERVED,12,60.5,0,family,0,300,600,,4400,4100,,M4A4:31%;M4A1-S:26%;AK-47:20%,0.857,0.405,0.244,0.57,0.325,0.015,0.318,0.347,1.18,0.54,none|USP-S|a0h0k0|sm0fl0HE0fr0;M4A1-S|USP-S|a1h0k0|sm0fl0HE0fr0;M4A1-S|USP-S|a1h0k1|sm1fl1HE1fr1
ct,2400,AUG,2050,OBSERVED,8,61.7,0,family,0,300,600,,4450,4150,,M4A4:31%;M4A1-S:26%;AK-47:20%,0.853,0.406,0.247,0.567,0.324,0.015,0.319,0.344,1.186,0.538,none|USP-S|a0h0k0|sm0fl0HE0fr0;M4A1-S|USP-S|a1h0k0|sm0fl0HE0fr0;M4A1-S|USP-S|a1h0k1|sm1fl1HE1fr1
ct,2400,AUG,2100,OBSERVED,6,62.8,0,family,0,300,600,,4500,4200,,M4A4:31%;M4A1-S:26%;AK-47:20%,0.849,0.408,0.249,0.564,0.324,0.016,0.32,0.342,1.19,0.535,none|USP-S|a0h0k0|sm0fl0HE0fr0;M4A1-S|USP-S|a1h0k0|sm0fl0HE0fr0;M4A1-S|USP-S|a1h0k1|sm1fl1HE1fr1
ct,2400,AUG,2150,OBSERVED,1,63.8,0,family,0,300,600,,4550,4250,,M4A4:30%;M4A1-S:26%;AK-47:20%,0.845,0.409,0.252,0.56,0.324,0.017,0.321,0.34,1.194,0.532,none|USP-S|a0h0k0|sm0fl0HE0fr0;M4A1-S|USP-S|a1h0k0|sm0fl0HE0fr0;M4A1-S|USP-S|a1h0k1|sm1fl1HE1fr1
ct,2400,AUG,2200,OBSERVED,1,64.7,0,family,0,300,600,,4600,4300,,M4A4:30%;M4A1-S:26%;AK-47:20%,0.842,0.411,0.255,0.557,0.325,0.017,0.323,0.338,1.199,0.529,none|USP-S|a0h0k0|sm0fl0HE0fr0;M4A1-S|USP-S|a1h0k0|sm0fl0HE0fr0;M4A1-S|USP-S|a1h0k1|sm1fl1HE1fr1
ct,2400,AUG,2250,OBSERVED,1,65.5,0,family,0,300,600,,4650,4350,,M4A4:30%;M4A1-S:25%;AK-47:20%,0.838,0.412,0.259,0.554,0.326,0.018,0.324,0.336,1.203,0.525,none|USP-S|a0h0k0|sm0fl0HE0fr0;M4A1-S|USP-S|a1h0k0|sm0fl0HE0fr0;M4A1-S|USP-S|a1h0k1|sm1fl1HE1fr1
ct,2400,AUG,2300,OBSERVED,4,66.1,0,family,0,300,600,,4700,4400,,M4A4:29%;M4A1-S:25%;AK-47:20%,0.835,0.414,0.263,0.551,0.327,0.018,0.326,0.335,1.204,0.522,none|USP-S|a0h0k0|sm0fl0HE0fr0;M4A1-S|USP-S|a1h0k0|sm0fl0HE0fr0;M4A1-S|USP-S|a1h0k1|sm1fl1HE1fr1
ct,2400,AUG,2350,OBSERVED,5,66.5,0,family,0,300,600,,4750,4450,,M4A4:29%;M4A1-S:25%;AK-47:20%,0.832,0.416,0.267,0.549,0.329,0.019,0.328,0.335,1.206,0.518,none|USP-S|a0h0k0|sm0fl0HE0fr0;M4A1-S|USP-S|a1h0k0|sm0fl0HE0fr0;M4A1-S|USP-S|a1h0k1|sm1fl1HE1fr1
ct,2400,AUG,2400,OBSERVED,2,66.7,0,family,0,300,500,,4800,4500,,M4A4:29%;M4A1-S:25%;AK-47:20%,0.829,0.417,0.271,0.546,0.331,0.02,0.331,0.336,1.208,0.515,none|USP-S|a0h0k0|sm0fl0HE0fr0;M4A1-S|USP-S|a1h0k0|sm0fl0HE0fr0;M4A1-S|USP-S|a1h0k1|sm1fl1HE1fr1
ct,2400,AUG,2450,OBSERVED,1,66.6,0,family,0,300,500,,4850,4550,,M4A4:29%;M4A1-S:25%;AK-47:20%,0.827,0.419,0.276,0.543,0.334,0.02,0.333,0.337,1.207,0.511,none|USP-S|a0h0k0|sm0fl0HE0fr0;M4A1-S|USP-S|a1h0k0|sm0fl0HE0fr0;M4A1-S|USP-S|a1h0k1|sm1fl1HE1fr1
ct,2400,AUG,2500,OBSERVED,3,66.3,0,family,0,300,500,,4900,4600,,M4A4:29%;M4A1-S:24%;AK-47:20%,0.825,0.42,0.282,0.541,0.338,0.021,0.336,0.339,1.206,0.506,none|USP-S|a0h0k0|sm0fl0HE0fr0;M4A1-S|USP-S|a1h0k0|sm0fl0HE0fr0;M4A1-S|USP-S|a1h0k1|sm1fl1HE1fr1
ct,2400,AUG,2550,OBSERVED,1,65.6,0,family,0,300,500,,4950,4650,,M4A4:29%;M4A1-S:24%;AK-47:20%,0.824,0.422,0.288,0.539,0.343,0.022,0.34,0.342,1.204,0.502,none|USP-S|a0h0k0|sm0fl0HE0fr0;M4A1-S|USP-S|a1h0k0|sm0fl0HE0fr0;M4A4|USP-S|a1h0k0|sm1fl0HE0fr0
ct,2400,AUG,2600,OBSERVED,1,64.7,0,family,0,300,500,,5000,4700,,M4A4:29%;M4A1-S:24%;AK-47:20%,0.823,0.424,0.294,0.538,0.349,0.022,0.344,0.347,1.2,0.496,none|USP-S|a0h0k0|sm0fl0HE0fr0;M4A1-S|USP-S|a1h0k0|sm0fl0HE0fr0;M4A4|USP-S|a1h0k0|sm1fl0HE0fr0
ct,2400,AUG,2650,OBSERVED,3,63.5,0,family,0,300,500,,5050,4750,,M4A4:29%;M4A1-S:24%;AK-47:20%,0.824,0.427,0.302,0.537,0.355,0.023,0.348,0.352,1.193,0.493,none|USP-S|a0h0k0|sm0fl0HE0fr0;M4A4|USP-S|a1h0k0|sm1fl0HE0fr0;M4A1-S|USP-S|a1h0k0|sm0fl0HE0fr0
ct,2400,AUG,2700,INTERPOLATED,0,62.1,50,family,0,300,500,,5100,4800,,M4A4:29%;M4A1-S:24%;AK-47:20%,0.824,0.429,0.31,0.536,0.363,0.024,0.353,0.359,1.186,0.492,none|USP-S|a0h0k0|sm0fl0HE0fr0;M4A4|USP-S|a1h0k0|sm1fl0HE0fr0;M4A1-S|USP-S|a1h0k0|sm0fl0HE0fr0
ct,2400,AUG,2750,OBSERVED,1,60.4,0,family,0,300,500,,5150,4850,,M4A4:29%;M4A1-S:24%;AK-47:20%,0.826,0.432,0.319,0.537,0.372,0.025,0.359,0.367,1.176,0.491,none|USP-S|a0h0k0|sm0fl0HE0fr0;M4A4|USP-S|a1h0k0|sm1fl0HE0fr0;M4A1-S|USP-S|a1h0k1|sm1fl1HE1fr1
ct,2400,AUG,2800,OBSERVED,3,58.5,0,family,0,300,500,,5200,4900,,M4A4:29%;M4A1-S:24%;AK-47:20%,0.828,0.436,0.329,0.538,0.382,0.026,0.365,0.377,1.163,0.494,none|USP-S|a0h0k0|sm0fl0HE0fr0;M4A4|USP-S|a1h0k0|sm1fl0HE0fr0;M4A1-S|USP-S|a1h0k1|sm1fl1HE1fr1
ct,2400,AUG,2850,OBSERVED,1,56.4,0,family,0,300,500,,5250,4950,,M4A4:30%;M4A1-S:24%;AK-47:20%,0.832,0.44,0.34,0.54,0.394,0.028,0.372,0.388,1.147,0.498,none|USP-S|a0h0k0|sm0fl0HE0fr0;M4A4|USP-S|a1h0k0|sm1fl0HE0fr0;M4A1-S|USP-S|a1h0k1|sm1fl1HE1fr1
ct,2400,AUG,2900,INTERPOLATED,0,54.3,50,family,0,300,500,,5300,5000,,M4A4:30%;M4A1-S:25%;AK-47:19%,0.835,0.444,0.352,0.543,0.407,0.029,0.381,0.401,1.129,0.5,none|USP-S|a0h0k0|sm0fl0HE0fr0;M4A4|USP-S|a1h0k0|sm1fl0HE0fr0;M4A1-S|USP-S|a1h0k1|sm1fl1HE1fr1
ct,2400,AUG,2950,OBSERVED,1,52.0,0,family,0,300,600,,5350,5050,,M4A4:31%;M4A1-S:25%;AK-47:19%,0.84,0.45,0.365,0.548,0.422,0.031,0.389,0.416,1.107,0.504,none|USP-S|a0h0k0|sm0fl0HE0fr0;M4A4|USP-S|a1h0k0|sm1fl0HE0fr0;M4A1-S|USP-S|a1h0k1|sm1fl1HE1fr1
ct,2400,AUG,3000,OBSERVED,1,49.7,0,family,0,300,600,,5400,5100,,M4A4:31%;M4A1-S:26%;AK-47:19%,0.846,0.456,0.38,0.554,0.438,0.033,0.399,0.432,1.081,0.507,none|USP-S|a0h0k0|sm0fl0HE0fr0;M4A4|USP-S|a1h0k0|sm1fl0HE0fr0;M4A4|USP-S|a1h0k1|sm1fl1HE1fr1
ct,2400,AUG,3050,OBSERVED,1,47.3,0,family,0,300,600,,5450,5150,,M4A4:32%;M4A1-S:26%;AK-47:18%,0.852,0.463,0.397,0.562,0.456,0.036,0.41,0.45,1.053,0.511,none|USP-S|a0h0k0|sm0fl0HE0fr0;M4A4|USP-S|a1h0k1|sm1fl1HE1fr1;M4A4|USP-S|a1h0k0|sm1fl0HE0fr0
ct,2400,AUG,3100,INTERPOLATED,0,44.8,50,family,0,500,650,,5500,5000,,M4A4:33%;M4A1-S:27%;AK-47:18%,0.858,0.471,0.414,0.572,0.474,0.039,0.422,0.469,1.022,0.52,none|USP-S|a0h0k0|sm0fl0HE0fr0;M4A4|USP-S|a1h0k1|sm1fl1HE1fr1;AK-47|USP-S|a1h1k1|sm0fl0HE0fr0
ct,2400,AUG,3150,INTERPOLATED,0,42.3,100,family,0,500,650,,5550,5050,,M4A4:33%;M4A1-S:28%;AK-47:17%,0.865,0.48,0.434,0.583,0.494,0.042,0.435,0.489,0.988,0.541,none|USP-S|a0h0k0|sm0fl0HE0fr0;M4A4|USP-S|a1h0k1|sm1fl1HE1fr1;M4A1-S|USP-S|a1h1k1|sm1fl1HE1fr1
ct,2400,AUG,3200,INTERPOLATED,0,39.8,100,family,0,500,800,,5600,5100,,M4A4:34%;M4A1-S:29%;AK-47:17%,0.872,0.489,0.454,0.595,0.515,0.045,0.449,0.51,0.951,0.561,none|USP-S|a0h0k0|sm0fl0HE0fr0;M4A4|USP-S|a1h0k1|sm1fl1HE1fr1;M4A1-S|USP-S|a1h1k1|sm1fl1HE1fr1
ct,2400,AUG,3250,INTERPOLATED,0,37.2,50,family,200,500,800,,5650,5150,,M4A4:34%;M4A1-S:30%;AK-47:16%,0.879,0.5,0.476,0.61,0.536,0.049,0.463,0.531,0.909,0.583,none|USP-S|a0h0k0|sm0fl0HE0fr0;M4A4|USP-S|a1h0k1|sm1fl1HE1fr1;M4A1-S|USP-S|a1h1k1|sm1fl1HE1fr1
ct,2400,AUG,3300,OBSERVED,1,34.7,0,family,200,500,800,,5700,5200,,M4A4:35%;M4A1-S:31%;AK-47:15%,0.885,0.51,0.498,0.625,0.558,0.052,0.478,0.553,0.87,0.611,none|USP-S|a0h0k0|sm0fl0HE0fr0;M4A1-S|USP-S|a1h1k1|sm1fl1HE1fr1;M4A4|USP-S|a1h0k1|sm1fl1HE1fr1
ct,2400,AUG,3350,OBSERVED,1,32.2,0,family,300,500,800,,5750,5250,,M4A4:36%;M4A1-S:33%;AK-47:14%,0.891,0.521,0.522,0.642,0.579,0.056,0.494,0.574,0.829,0.638,none|USP-S|a0h0k0|sm0fl0HE0fr0;M4A1-S|USP-S|a1h1k1|sm1fl1HE1fr1;M4A4|USP-S|a1h1k1|sm1fl1HE1fr1
ct,2400,AUG,3400,OBSERVED,1,29.8,0,family,300,500,800,,5800,5300,,M4A4:36%;M4A1-S:34%;AK-47:14%,0.897,0.532,0.545,0.659,0.599,0.059,0.51,0.595,0.786,0.664,none|USP-S|a0h0k0|sm0fl0HE0fr0;M4A1-S|USP-S|a1h1k1|sm1fl1HE1fr1;M4A4|USP-S|a1h1k1|sm1fl1HE1fr1
ct,2400,AUG,3450,INTERPOLATED,0,27.5,50,family,300,500,800,,5850,5350,,M4A4:36%;M4A1-S:36%;AK-47:13%,0.901,0.543,0.569,0.676,0.618,0.062,0.525,0.614,0.749,0.692,none|USP-S|a0h0k0|sm0fl0HE0fr0;M4A1-S|USP-S|a1h1k1|sm1fl1HE1fr1;M4A4|USP-S|a1h1k1|sm1fl1HE1fr1
ct,2400,AUG,3500,INTERPOLATED,0,25.3,50,family,300,500,800,,5900,5400,,M4A1-S:37%;M4A4:37%;AK-47:12%,0.904,0.553,0.592,0.693,0.637,0.065,0.54,0.633,0.713,0.722,M4A1-S|USP-S|a1h1k1|sm1fl1HE1fr1;M4A4|USP-S|a1h1k1|sm1fl1HE1fr1;none|USP-S|a0h0k0|sm0fl0HE0fr0
ct,2400,AUG,3550,OBSERVED,1,23.4,0,family,300,500,800,,5950,5450,,M4A1-S:39%;M4A4:37%;AK-47:11%,0.907,0.562,0.615,0.71,0.653,0.067,0.555,0.649,0.678,0.749,M4A1-S|USP-S|a1h1k1|sm1fl1HE1fr1;M4A4|USP-S|a1h1k1|sm1fl1HE1fr1;none|USP-S|a0h0k0|sm0fl0HE0fr0
ct,2400,AUG,3600,INTERPOLATED,0,21.7,50,family,300,500,800,,6000,5500,,M4A1-S:40%;M4A4:37%;AK-47:10%,0.908,0.571,0.637,0.727,0.668,0.069,0.569,0.665,0.651,0.774,M4A1-S|USP-S|a1h1k1|sm1fl1HE1fr1;M4A4|USP-S|a1h1k1|sm1fl1HE1fr1;none|USP-S|a0h0k0|sm0fl0HE0fr0
ct,2400,AUG,3650,OBSERVED,1,20.1,0,family,300,500,800,,6050,5550,,M4A1-S:42%;M4A4:37%;AK-47:9%,0.909,0.579,0.657,0.742,0.681,0.071,0.582,0.678,0.625,0.796,M4A1-S|USP-S|a1h1k1|sm1fl1HE1fr1;M4A4|USP-S|a1h1k1|sm1fl1HE1fr1;M4A4|USP-S|a1h0k1|sm1fl1HE1fr1
ct,2400,AWP,1900,OBSERVED,1,31.4,0,exact,0,0,300,,4300,4300,,AWP:75%;none:25%,0.755,0.325,0.138,0.273,0.451,0.066,0.236,0.188,0.803,0.777,none|USP-S|a0h0k0|sm0fl0HE0fr0;AWP|USP-S|a1h0k0|sm0fl0HE0fr0;AWP|USP-S|a1h0k0|sm1fl1HE1fr1
ct,2400,AWP,1950,OBSERVED,2,32.1,0,exact,0,0,300,,4350,4350,,AWP:75%;none:25%,0.751,0.321,0.141,0.274,0.448,0.065,0.237,0.191,0.81,0.774,none|USP-S|a0h0k0|sm0fl0HE0fr0;AWP|USP-S|a1h0k0|sm0fl0HE0fr0;AWP|USP-S|a1h0k0|sm1fl1HE1fr1
ct,2400,AWP,2000,OBSERVED,2,32.8,0,exact,0,0,300,,4400,4400,,AWP:75%;none:25%,0.747,0.317,0.143,0.275,0.445,0.064,0.237,0.194,0.816,0.771,none|USP-S|a0h0k0|sm0fl0HE0fr0;AWP|USP-S|a1h0k0|sm0fl0HE0fr0;AWP|USP-S|a1h0k0|sm1fl1HE1fr1
ct,2400,AWP,2050,OBSERVED,2,33.5,0,exact,0,0,300,,4450,4450,,AWP:74%;none:26%,0.744,0.313,0.145,0.276,0.442,0.063,0.237,0.198,0.821,0.769,none|USP-S|a0h0k0|sm0fl0HE0fr0;AWP|USP-S|a1h0k0|sm0fl0HE0fr0;AWP|USP-S|a1h0k0|sm1fl1HE1fr1
ct,2400,AWP,2100,OBSERVED,4,34.1,0,exact,0,0,300,,4500,4500,,AWP:74%;none:26%,0.74,0.309,0.148,0.278,0.439,0.062,0.237,0.2,0.827,0.767,none|USP-S|a0h0k0|sm0fl0HE0fr0;AWP|USP-S|a1h0k0|sm0fl0HE0fr0;AWP|USP-S|a1h0k0|sm1fl1HE1fr1
ct,2400,AWP,2150,OBSERVED,3,34.8,0,exact,0,0,300,,4550,4550,,AWP:74%;none:26%,0.736,0.305,0.15,0.279,0.436,0.061,0.238,0.203,0.833,0.765,none|USP-S|a0h0k0|sm0fl0HE0fr0;AWP|USP-S|a1h0k0|sm0fl0HE0fr0;AWP|USP-S|a1h0k0|sm1fl1HE1fr1
ct,2400,AWP,2200,OBSERVED,4,35.3,0,exact,0,0,300,,4600,4600,,AWP:73%;none:27%,0.733,0.301,0.152,0.281,0.432,0.06,0.238,0.206,0.837,0.763,none|USP-S|a0h0k0|sm0fl0HE0fr0;AWP|USP-S|a1h0k0|sm0fl0HE0fr0;AWP|USP-S|a1h0k0|sm1fl1HE1fr1
ct,2400,AWP,2250,OBSERVED,1,35.8,0,exact,0,0,300,,4650,4650,,AWP:73%;none:27%,0.729,0.297,0.154,0.284,0.429,0.059,0.238,0.208,0.843,0.763,none|USP-S|a0h0k0|sm0fl0HE0fr0;AWP|USP-S|a1h0k0|sm0fl0HE0fr0;AWP|USP-S|a1h0k0|sm1fl1HE1fr1
ct,2400,AWP,2300,OBSERVED,1,36.3,0,exact,0,0,300,,4700,4700,,AWP:73%;none:27%,0.725,0.294,0.155,0.286,0.425,0.058,0.238,0.21,0.849,0.763,none|USP-S|a0h0k0|sm0fl0HE0fr0;AWP|USP-S|a1h0k0|sm0fl0HE0fr0;AWP|USP-S|a1h0k0|sm1fl1HE1fr1
ct,2400,AWP,2350,OBSERVED,3,36.7,0,exact,0,0,300,,4750,4750,,AWP:72%;none:28%,0.722,0.291,0.157,0.289,0.421,0.057,0.238,0.212,0.853,0.764,none|USP-S|a0h0k0|sm0fl0HE0fr0;AWP|USP-S|a1h0k0|sm0fl0HE0fr0;AWP|USP-S|a1h0k0|sm1fl1HE1fr1
ct,2400,AWP,2400,OBSERVED,1,37.0,0,exact,0,0,300,,4800,4800,,AWP:72%;none:28%,0.719,0.288,0.158,0.293,0.417,0.056,0.238,0.214,0.857,0.764,none|USP-S|a0h0k0|sm0fl0HE0fr0;AWP|USP-S|a1h0k0|sm0fl0HE0fr0;AWP|USP-S|a1h0k0|sm1fl1HE1fr1
ct,2400,AWP,2450,OBSERVED,3,37.2,0,exact,0,0,300,,4850,4850,,AWP:72%;none:28%,0.716,0.286,0.16,0.297,0.412,0.055,0.239,0.215,0.861,0.763,none|USP-S|a0h0k0|sm0fl0HE0fr0;AWP|USP-S|a1h0k0|sm0fl0HE0fr0;AWP|USP-S|a1h0k0|sm1fl1HE1fr1
ct,2400,AWP,2500,INTERPOLATED,0,37.3,50,exact,0,0,300,,4900,4900,,AWP:71%;none:29%,0.713,0.284,0.161,0.302,0.407,0.054,0.239,0.216,0.865,0.763,none|USP-S|a0h0k0|sm0fl0HE0fr0;AWP|USP-S|a1h0k0|sm0fl0HE0fr0;AWP|USP-S|a1h0k0|sm1fl1HE1fr1
ct,2400,AWP,2550,OBSERVED,2,37.3,0,exact,0,0,300,,4950,4950,,AWP:71%;none:29%,0.71,0.283,0.162,0.307,0.403,0.053,0.24,0.217,0.869,0.761,none|USP-S|a0h0k0|sm0fl0HE0fr0;AWP|USP-S|a1h0k0|sm0fl0HE0fr0;AWP|USP-S|a1h0k0|sm1fl1HE1fr1
ct,2400,AWP,2600,OBSERVED,3,37.2,0,exact,0,0,300,,5000,5000,,AWP:71%;none:29%,0.708,0.282,0.162,0.313,0.397,0.052,0.242,0.217,0.871,0.758,none|USP-S|a0h0k0|sm0fl0HE0fr0;AWP|USP-S|a1h0k0|sm0fl0HE0fr0;AWP|USP-S|a1h0k0|sm1fl1HE1fr1
ct,2400,AWP,2650,INTERPOLATED,0,36.9,50,exact,0,0,300,,5050,5050,,AWP:71%;none:29%,0.706,0.282,0.163,0.321,0.392,0.052,0.244,0.217,0.874,0.754,none|USP-S|a0h0k0|sm0fl0HE0fr0;AWP|USP-S|a1h0k0|sm0fl0HE0fr0;AWP|USP-S|a1h0k0|sm1fl1HE1fr1
ct,2400,AWP,2700,INTERPOLATED,0,36.5,50,exact,0,0,300,,5100,5100,,AWP:70%;none:30%,0.704,0.284,0.163,0.329,0.387,0.051,0.247,0.216,0.876,0.749,none|USP-S|a0h0k0|sm0fl0HE0fr0;AWP|USP-S|a1h0k0|sm0fl0HE0fr0;AWP|USP-S|a1h0k0|sm1fl1HE1fr1
ct,2400,AWP,2750,OBSERVED,1,35.9,0,exact,0,0,300,,5150,5150,,AWP:70%;none:30%,0.703,0.286,0.163,0.339,0.381,0.051,0.25,0.215,0.878,0.743,none|USP-S|a0h0k0|sm0fl0HE0fr0;AWP|USP-S|a1h0k0|sm0fl0HE0fr0;AWP|USP-S|a1h0k0|sm1fl1HE1fr1
ct,2400,AWP,2800,INTERPOLATED,0,35.1,50,exact,0,0,300,,5200,5200,,AWP:70%;none:30%,0.703,0.288,0.163,0.349,0.376,0.051,0.254,0.214,0.878,0.738,none|USP-S|a0h0k0|sm0fl0HE0fr0;AWP|USP-S|a1h0k0|sm0fl0HE0fr0;AWP|USP-S|a1h0k0|sm1fl1HE1fr1
ct,2400,AWP,2850,OBSERVED,1,34.2,0,exact,0,0,300,,5250,5250,,AWP:70%;none:30%,0.703,0.293,0.163,0.361,0.37,0.051,0.259,0.212,0.878,0.731,none|USP-S|a0h0k0|sm0fl0HE0fr0;AWP|USP-S|a1h0k0|sm0fl0HE0fr0;AWP|USP-S|a1h0k0|sm1fl1HE1fr1
ct,2400,AWP,2900,OBSERVED,1,33.0,0,exact,0,0,300,,5300,5300,,AWP:70%;none:30%,0.704,0.298,0.163,0.375,0.364,0.052,0.265,0.21,0.876,0.724,none|USP-S|a0h0k0|sm0fl0HE0fr0;AWP|USP-S|a1h0k0|sm0fl0HE0fr0;AWP|USP-S|a1h0k0|sm0fl0HE1fr0
ct,2400,AWP,2950,INTERPOLATED,0,31.7,50,exact,0,0,300,,5350,5350,,AWP:70%;none:30%,0.705,0.304,0.162,0.389,0.359,0.054,0.271,0.208,0.875,0.726,none|USP-S|a0h0k0|sm0fl0HE0fr0;AWP|USP-S|a1h0k0|sm0fl0HE0fr0;AWP|USP-S|a1h0k0|sm0fl0HE1fr0
ct,2400,AWP,3000,OBSERVED,1,30.3,0,exact,0,0,300,,5400,5400,,AWP:71%;none:29%,0.707,0.311,0.162,0.405,0.353,0.056,0.279,0.205,0.873,0.735,none|USP-S|a0h0k0|sm0fl0HE0fr0;AWP|USP-S|a1h0k0|sm0fl0HE0fr0;AWP|USP-S|a1h0k0|sm0fl0HE1fr0
ct,2400,AWP,3050,INTERPOLATED,0,28.7,50,exact,0,200,300,,5450,5250,,AWP:71%;none:29%,0.709,0.319,0.161,0.423,0.348,0.058,0.287,0.202,0.87,0.743,none|USP-S|a0h0k0|sm0fl0HE0fr0;AWP|USP-S|a1h0k0|sm0fl0HE0fr0;AWP|USP-S|a1h0k0|sm0fl0HE1fr0
ct,2400,AWP,3100,INTERPOLATED,0,27.1,100,exact,0,200,300,,5500,5300,,AWP:71%;none:29%,0.712,0.328,0.161,0.441,0.343,0.062,0.296,0.199,0.866,0.75,none|USP-S|a0h0k0|sm0fl0HE0fr0;AWP|USP-S|a1h0k0|sm0fl0HE0fr0;AWP|USP-S|a1h0k0|sm0fl0HE1fr0
ct,2400,AWP,3150,INTERPOLATED,0,25.4,50,exact,0,200,300,,5550,5350,,AWP:72%;none:28%,0.716,0.338,0.16,0.461,0.339,0.066,0.305,0.195,0.861,0.762,none|USP-S|a0h0k0|sm0fl0HE0fr0;AWP|USP-S|a1h0k0|sm0fl0HE1fr0;AWP|USP-S|a1h1k0|sm1fl0HE1fr0
ct,2400,AWP,3200,OBSERVED,2,23.7,0,exact,0,300,600,,5600,5300,,AWP:72%;none:28%,0.72,0.349,0.16,0.481,0.335,0.071,0.315,0.191,0.855,0.774,none|USP-S|a0h0k0|sm0fl0HE0fr0;AWP|USP-S|a1h1k0|sm1fl0HE1fr0;AWP|USP-S|a1h1k1|sm1fl0HE0fr0
ct,2400,AWP,3250,INTERPOLATED,0,22.1,50,exact,0,300,600,,5650,5350,,AWP:72%;none:28%,0.725,0.359,0.16,0.503,0.332,0.076,0.325,0.187,0.849,0.784,none|USP-S|a0h0k0|sm0fl0HE0fr0;AWP|USP-S|a1h1k0|sm1fl0HE1fr0;AWP|USP-S|a1h1k0|sm1fl1HE1fr1
ct,2400,AWP,3300,OBSERVED,1,20.5,0,exact,0,300,700,,5700,5400,,AWP:73%;none:27%,0.73,0.37,0.16,0.525,0.328,0.083,0.335,0.183,0.841,0.798,none|USP-S|a0h0k0|sm0fl0HE0fr0;AWP|USP-S|a1h1k0|sm1fl1HE1fr1;AWP|USP-S|a1h1k0|sm1fl0HE1fr0
ct,2400,FAMAS,1900,OBSERVED,2,58.2,0,family,0,300,600,,4300,4000,,M4A4:32%;M4A1-S:27%;AK-47:20%,0.866,0.401,0.24,0.575,0.326,0.013,0.317,0.353,1.166,0.545,none|USP-S|a0h0k0|sm0fl0HE0fr0;M4A1-S|USP-S|a1h0k0|sm0fl0HE0fr0;M4A1-S|USP-S|a1h0k1|sm1fl1HE1fr1
ct,2400,FAMAS,1950,OBSERVED,8,59.4,0,family,0,300,600,,4350,4050,,M4A4:32%;M4A1-S:27%;AK-47:20%,0.861,0.403,0.242,0.573,0.325,0.014,0.317,0.35,1.174,0.543,none|USP-S|a0h0k0|sm0fl0HE0fr0;M4A1-S|USP-S|a1h0k0|sm0fl0HE0fr0;M4A1-S|USP-S|a1h0k1|sm1fl1HE1fr1
ct,2400,FAMAS,2000,OBSERVED,12,60.5,0,family,0,300,600,,4400,4100,,M4A4:31%;M4A1-S:26%;AK-47:20%,0.857,0.405,0.244,0.57,0.325,0.015,0.318,0.347,1.18,0.54,none|USP-S|a0h0k0|sm0fl0HE0fr0;M4A1-S|USP-S|a1h0k0|sm0fl0HE0fr0;M4A1-S|USP-S|a1h0k1|sm1fl1HE1fr1
ct,2400,FAMAS,2050,OBSERVED,8,61.7,0,family,0,300,600,,4450,4150,,M4A4:31%;M4A1-S:26%;AK-47:20%,0.853,0.406,0.247,0.567,0.324,0.015,0.319,0.344,1.186,0.538,none|USP-S|a0h0k0|sm0fl0HE0fr0;M4A1-S|USP-S|a1h0k0|sm0fl0HE0fr0;M4A1-S|USP-S|a1h0k1|sm1fl1HE1fr1
ct,2400,FAMAS,2100,OBSERVED,6,62.8,0,family,0,300,600,,4500,4200,,M4A4:31%;M4A1-S:26%;AK-47:20%,0.849,0.408,0.249,0.564,0.324,0.016,0.32,0.342,1.19,0.535,none|USP-S|a0h0k0|sm0fl0HE0fr0;M4A1-S|USP-S|a1h0k0|sm0fl0HE0fr0;M4A1-S|USP-S|a1h0k1|sm1fl1HE1fr1
ct,2400,FAMAS,2150,OBSERVED,1,63.8,0,family,0,300,600,,4550,4250,,M4A4:30%;M4A1-S:26%;AK-47:20%,0.845,0.409,0.252,0.56,0.324,0.017,0.321,0.34,1.194,0.532,none|USP-S|a0h0k0|sm0fl0HE0fr0;M4A1-S|USP-S|a1h0k0|sm0fl0HE0fr0;M4A1-S|USP-S|a1h0k1|sm1fl1HE1fr1
ct,2400,FAMAS,2200,OBSERVED,1,64.7,0,family,0,300,600,,4600,4300,,M4A4:30%;M4A1-S:26%;AK-47:20%,0.842,0.411,0.255,0.557,0.325,0.017,0.323,0.338,1.199,0.529,none|USP-S|a0h0k0|sm0fl0HE0fr0;M4A1-S|USP-S|a1h0k0|sm0fl0HE0fr0;M4A1-S|USP-S|a1h0k1|sm1fl1HE1fr1
ct,2400,FAMAS,2250,OBSERVED,1,65.5,0,family,0,300,600,,4650,4350,,M4A4:30%;M4A1-S:25%;AK-47:20%,0.838,0.412,0.259,0.554,0.326,0.018,0.324,0.336,1.203,0.525,none|USP-S|a0h0k0|sm0fl0HE0fr0;M4A1-S|USP-S|a1h0k0|sm0fl0HE0fr0;M4A1-S|USP-S|a1h0k1|sm1fl1HE1fr1
ct,2400,FAMAS,2300,OBSERVED,4,66.1,0,family,0,300,600,,4700,4400,,M4A4:29%;M4A1-S:25%;AK-47:20%,0.835,0.414,0.263,0.551,0.327,0.018,0.326,0.335,1.204,0.522,none|USP-S|a0h0k0|sm0fl0HE0fr0;M4A1-S|USP-S|a1h0k0|sm0fl0HE0fr0;M4A1-S|USP-S|a1h0k1|sm1fl1HE1fr1
ct,2400,FAMAS,2350,OBSERVED,5,66.5,0,family,0,300,600,,4750,4450,,M4A4:29%;M4A1-S:25%;AK-47:20%,0.832,0.416,0.267,0.549,0.329,0.019,0.328,0.335,1.206,0.518,none|USP-S|a0h0k0|sm0fl0HE0fr0;M4A1-S|USP-S|a1h0k0|sm0fl0HE0fr0;M4A1-S|USP-S|a1h0k1|sm1fl1HE1fr1
ct,2400,FAMAS,2400,OBSERVED,2,66.7,0,family,0,300,500,,4800,4500,,M4A4:29%;M4A1-S:25%;AK-47:20%,0.829,0.417,0.271,0.546,0.331,0.02,0.331,0.336,1.208,0.515,none|USP-S|a0h0k0|sm0fl0HE0fr0;M4A1-S|USP-S|a1h0k0|sm0fl0HE0fr0;M4A1-S|USP-S|a1h0k1|sm1fl1HE1fr1
ct,2400,FAMAS,2450,OBSERVED,1,66.6,0,family,0,300,500,,4850,4550,,M4A4:29%;M4A1-S:25%;AK-47:20%,0.827,0.419,0.276,0.543,0.334,0.02,0.333,0.337,1.207,0.511,none|USP-S|a0h0k0|sm0fl0HE0fr0;M4A1-S|USP-S|a1h0k0|sm0fl0HE0fr0;M4A1-S|USP-S|a1h0k1|sm1fl1HE1fr1
ct,2400,FAMAS,2500,OBSERVED,3,66.3,0,family,0,300,500,,4900,4600,,M4A4:29%;M4A1-S:24%;AK-47:20%,0.825,0.42,0.282,0.541,0.338,0.021,0.336,0.339,1.206,0.506,none|USP-S|a0h0k0|sm0fl0HE0fr0;M4A1-S|USP-S|a1h0k0|sm0fl0HE0fr0;M4A1-S|USP-S|a1h0k1|sm1fl1HE1fr1
ct,2400,FAMAS,2550,OBSERVED,1,65.6,0,family,0,300,500,,4950,4650,,M4A4:29%;M4A1-S:24%;AK-47:20%,0.824,0.422,0.288,0.539,0.343,0.022,0.34,0.342,1.204,0.502,none|USP-S|a0h0k0|sm0fl0HE0fr0;M4A1-S|USP-S|a1h0k0|sm0fl0HE0fr0;M4A4|USP-S|a1h0k0|sm1fl0HE0fr0
ct,2400,FAMAS,2600,OBSERVED,1,64.7,0,family,0,300,500,,5000,4700,,M4A4:29%;M4A1-S:24%;AK-47:20%,0.823,0.424,0.294,0.538,0.349,0.022,0.344,0.347,1.2,0.496,none|USP-S|a0h0k0|sm0fl0HE0fr0;M4A1-S|USP-S|a1h0k0|sm0fl0HE0fr0;M4A4|USP-S|a1h0k0|sm1fl0HE0fr0
ct,2400,FAMAS,2650,OBSERVED,3,63.5,0,family,0,300,500,,5050,4750,,M4A4:29%;M4A1-S:24%;AK-47:20%,0.824,0.427,0.302,0.537,0.355,0.023,0.348,0.352,1.193,0.493,none|USP-S|a0h0k0|sm0fl0HE0fr0;M4A4|USP-S|a1h0k0|sm1fl0HE0fr0;M4A1-S|USP-S|a1h0k0|sm0fl0HE0fr0
ct,2400,FAMAS,2700,INTERPOLATED,0,62.1,50,family,0,300,500,,5100,4800,,M4A4:29%;M4A1-S:24%;AK-47:20%,0.824,0.429,0.31,0.536,0.363,0.024,0.353,0.359,1.186,0.492,none|USP-S|a0h0k0|sm0fl0HE0fr0;M4A4|USP-S|a1h0k0|sm1fl0HE0fr0;M4A1-S|USP-S|a1h0k0|sm0fl0HE0fr0
ct,2400,FAMAS,2750,OBSERVED,1,60.4,0,family,0,300,500,,5150,4850,,M4A4:29%;M4A1-S:24%;AK-47:20%,0.826,0.432,0.319,0.537,0.372,0.025,0.359,0.367,1.176,0.491,none|USP-S|a0h0k0|sm0fl0HE0fr0;M4A4|USP-S|a1h0k0|sm1fl0HE0fr0;M4A1-S|USP-S|a1h0k1|sm1fl1HE1fr1
ct,2400,FAMAS,2800,OBSERVED,3,58.5,0,family,0,300,500,,5200,4900,,M4A4:29%;M4A1-S:24%;AK-47:20%,0.828,0.436,0.329,0.538,0.382,0.026,0.365,0.377,1.163,0.494,none|USP-S|a0h0k0|sm0fl0HE0fr0;M4A4|USP-S|a1h0k0|sm1fl0HE0fr0;M4A1-S|USP-S|a1h0k1|sm1fl1HE1fr1
ct,2400,FAMAS,2850,OBSERVED,1,56.4,0,family,0,300,500,,5250,4950,,M4A4:30%;M4A1-S:24%;AK-47:20%,0.832,0.44,0.34,0.54,0.394,0.028,0.372,0.388,1.147,0.498,none|USP-S|a0h0k0|sm0fl0HE0fr0;M4A4|USP-S|a1h0k0|sm1fl0HE0fr0;M4A1-S|USP-S|a1h0k1|sm1fl1HE1fr1
ct,2400,FAMAS,2900,INTERPOLATED,0,54.3,50,family,0,300,500,,5300,5000,,M4A4:30%;M4A1-S:25%;AK-47:19%,0.835,0.444,0.352,0.543,0.407,0.029,0.381,0.401,1.129,0.5,none|USP-S|a0h0k0|sm0fl0HE0fr0;M4A4|USP-S|a1h0k0|sm1fl0HE0fr0;M4A1-S|USP-S|a1h0k1|sm1fl1HE1fr1
ct,2400,FAMAS,2950,OBSERVED,1,52.0,0,family,0,300,600,,5350,5050,,M4A4:31%;M4A1-S:25%;AK-47:19%,0.84,0.45,0.365,0.548,0.422,0.031,0.389,0.416,1.107,0.504,none|USP-S|a0h0k0|sm0fl0HE0fr0;M4A4|USP-S|a1h0k0|sm1fl0HE0fr0;M4A1-S|USP-S|a1h0k1|sm1fl1HE1fr1
ct,2400,FAMAS,3000,OBSERVED,1,49.7,0,family,0,300,600,,5400,5100,,M4A4:31%;M4A1-S:26%;AK-47:19%,0.846,0.456,0.38,0.554,0.438,0.033,0.399,0.432,1.081,0.507,none|USP-S|a0h0k0|sm0fl0HE0fr0;M4A4|USP-S|a1h0k0|sm1fl0HE0fr0;M4A4|USP-S|a1h0k1|sm1fl1HE1fr1
ct,2400,FAMAS,3050,OBSERVED,1,47.3,0,family,0,300,600,,5450,5150,,M4A4:32%;M4A1-S:26%;AK-47:18%,0.852,0.463,0.397,0.562,0.456,0.036,0.41,0.45,1.053,0.511,none|USP-S|a0h0k0|sm0fl0HE0fr0;M4A4|USP-S|a1h0k1|sm1fl1HE1fr1;M4A4|USP-S|a1h0k0|sm1fl0HE0fr0
ct,2400,FAMAS,3100,INTERPOLATED,0,44.8,50,family,0,500,650,,5500,5000,,M4A4:33%;M4A1-S:27%;AK-47:18%,0.858,0.471,0.414,0.572,0.474,0.039,0.422,0.469,1.022,0.52,none|USP-S|a0h0k0|sm0fl0HE0fr0;M4A4|USP-S|a1h0k1|sm1fl1HE1fr1;AK-47|USP-S|a1h1k1|sm0fl0HE0fr0
ct,2400,FAMAS,3150,INTERPOLATED,0,42.3,100,family,0,500,650,,5550,5050,,M4A4:33%;M4A1-S:28%;AK-47:17%,0.865,0.48,0.434,0.583,0.494,0.042,0.435,0.489,0.988,0.541,none|USP-S|a0h0k0|sm0fl0HE0fr0;M4A4|USP-S|a1h0k1|sm1fl1HE1fr1;M4A1-S|USP-S|a1h1k1|sm1fl1HE1fr1
ct,2400,FAMAS,3200,INTERPOLATED,0,39.8,100,family,0,500,800,,5600,5100,,M4A4:34%;M4A1-S:29%;AK-47:17%,0.872,0.489,0.454,0.595,0.515,0.045,0.449,0.51,0.951,0.561,none|USP-S|a0h0k0|sm0fl0HE0fr0;M4A4|USP-S|a1h0k1|sm1fl1HE1fr1;M4A1-S|USP-S|a1h1k1|sm1fl1HE1fr1
ct,2400,FAMAS,3250,INTERPOLATED,0,37.2,50,family,200,500,800,,5650,5150,,M4A4:34%;M4A1-S:30%;AK-47:16%,0.879,0.5,0.476,0.61,0.536,0.049,0.463,0.531,0.909,0.583,none|USP-S|a0h0k0|sm0fl0HE0fr0;M4A4|USP-S|a1h0k1|sm1fl1HE1fr1;M4A1-S|USP-S|a1h1k1|sm1fl1HE1fr1
ct,2400,FAMAS,3300,OBSERVED,1,34.7,0,family,200,500,800,,5700,5200,,M4A4:35%;M4A1-S:31%;AK-47:15%,0.885,0.51,0.498,0.625,0.558,0.052,0.478,0.553,0.87,0.611,none|USP-S|a0h0k0|sm0fl0HE0fr0;M4A1-S|USP-S|a1h1k1|sm1fl1HE1fr1;M4A4|USP-S|a1h0k1|sm1fl1HE1fr1
ct,2400,FAMAS,3350,OBSERVED,1,32.2,0,family,300,500,800,,5750,5250,,M4A4:36%;M4A1-S:33%;AK-47:14%,0.891,0.521,0.522,0.642,0.579,0.056,0.494,0.574,0.829,0.638,none|USP-S|a0h0k0|sm0fl0HE0fr0;M4A1-S|USP-S|a1h1k1|sm1fl1HE1fr1;M4A4|USP-S|a1h1k1|sm1fl1HE1fr1
ct,2400,FAMAS,3400,OBSERVED,1,29.8,0,family,300,500,800,,5800,5300,,M4A4:36%;M4A1-S:34%;AK-47:14%,0.897,0.532,0.545,0.659,0.599,0.059,0.51,0.595,0.786,0.664,none|USP-S|a0h0k0|sm0fl0HE0fr0;M4A1-S|USP-S|a1h1k1|sm1fl1HE1fr1;M4A4|USP-S|a1h1k1|sm1fl1HE1fr1
ct,2400,FAMAS,3450,INTERPOLATED,0,27.5,50,family,300,500,800,,5850,5350,,M4A4:36%;M4A1-S:36%;AK-47:13%,0.901,0.543,0.569,0.676,0.618,0.062,0.525,0.614,0.749,0.692,none|USP-S|a0h0k0|sm0fl0HE0fr0;M4A1-S|USP-S|a1h1k1|sm1fl1HE1fr1;M4A4|USP-S|a1h1k1|sm1fl1HE1fr1
ct,2400,FAMAS,3500,INTERPOLATED,0,25.3,50,family,300,500,800,,5900,5400,,M4A1-S:37%;M4A4:37%;AK-47:12%,0.904,0.553,0.592,0.693,0.637,0.065,0.54,0.633,0.713,0.722,M4A1-S|USP-S|a1h1k1|sm1fl1HE1fr1;M4A4|USP-S|a1h1k1|sm1fl1HE1fr1;none|USP-S|a0h0k0|sm0fl0HE0fr0
ct,2400,FAMAS,3550,OBSERVED,1,23.4,0,family,300,500,800,,5950,5450,,M4A1-S:39%;M4A4:37%;AK-47:11%,0.907,0.562,0.615,0.71,0.653,0.067,0.555,0.649,0.678,0.749,M4A1-S|USP-S|a1h1k1|sm1fl1HE1fr1;M4A4|USP-S|a1h1k1|sm1fl1HE1fr1;none|USP-S|a0h0k0|sm0fl0HE0fr0
ct,2400,FAMAS,3600,INTERPOLATED,0,21.7,50,family,300,500,800,,6000,5500,,M4A1-S:40%;M4A4:37%;AK-47:10%,0.908,0.571,0.637,0.727,0.668,0.069,0.569,0.665,0.651,0.774,M4A1-S|USP-S|a1h1k1|sm1fl1HE1fr1;M4A4|USP-S|a1h1k1|sm1fl1HE1fr1;none|USP-S|a0h0k0|sm0fl0HE0fr0
ct,2400,FAMAS,3650,OBSERVED,1,20.1,0,family,300,500,800,,6050,5550,,M4A1-S:42%;M4A4:37%;AK-47:9%,0.909,0.579,0.657,0.742,0.681,0.071,0.582,0.678,0.625,0.796,M4A1-S|USP-S|a1h1k1|sm1fl1HE1fr1;M4A4|USP-S|a1h1k1|sm1fl1HE1fr1;M4A4|USP-S|a1h0k1|sm1fl1HE1fr1
ct,2400,Galil AR,1900,OBSERVED,2,58.2,0,family,0,300,600,,4300,4000,,M4A4:32%;M4A1-S:27%;AK-47:20%,0.866,0.401,0.24,0.575,0.326,0.013,0.317,0.353,1.166,0.545,none|USP-S|a0h0k0|sm0fl0HE0fr0;M4A1-S|USP-S|a1h0k0|sm0fl0HE0fr0;M4A1-S|USP-S|a1h0k1|sm1fl1HE1fr1
ct,2400,Galil AR,1950,OBSERVED,8,59.4,0,family,0,300,600,,4350,4050,,M4A4:32%;M4A1-S:27%;AK-47:20%,0.861,0.403,0.242,0.573,0.325,0.014,0.317,0.35,1.174,0.543,none|USP-S|a0h0k0|sm0fl0HE0fr0;M4A1-S|USP-S|a1h0k0|sm0fl0HE0fr0;M4A1-S|USP-S|a1h0k1|sm1fl1HE1fr1
ct,2400,Galil AR,2000,OBSERVED,12,60.5,0,family,0,300,600,,4400,4100,,M4A4:31%;M4A1-S:26%;AK-47:20%,0.857,0.405,0.244,0.57,0.325,0.015,0.318,0.347,1.18,0.54,none|USP-S|a0h0k0|sm0fl0HE0fr0;M4A1-S|USP-S|a1h0k0|sm0fl0HE0fr0;M4A1-S|USP-S|a1h0k1|sm1fl1HE1fr1
ct,2400,Galil AR,2050,OBSERVED,8,61.7,0,family,0,300,600,,4450,4150,,M4A4:31%;M4A1-S:26%;AK-47:20%,0.853,0.406,0.247,0.567,0.324,0.015,0.319,0.344,1.186,0.538,none|USP-S|a0h0k0|sm0fl0HE0fr0;M4A1-S|USP-S|a1h0k0|sm0fl0HE0fr0;M4A1-S|USP-S|a1h0k1|sm1fl1HE1fr1
ct,2400,Galil AR,2100,OBSERVED,6,62.8,0,family,0,300,600,,4500,4200,,M4A4:31%;M4A1-S:26%;AK-47:20%,0.849,0.408,0.249,0.564,0.324,0.016,0.32,0.342,1.19,0.535,none|USP-S|a0h0k0|sm0fl0HE0fr0;M4A1-S|USP-S|a1h0k0|sm0fl0HE0fr0;M4A1-S|USP-S|a1h0k1|sm1fl1HE1fr1
ct,2400,Galil AR,2150,OBSERVED,1,63.8,0,family,0,300,600,,4550,4250,,M4A4:30%;M4A1-S:26%;AK-47:20%,0.845,0.409,0.252,0.56,0.324,0.017,0.321,0.34,1.194,0.532,none|USP-S|a0h0k0|sm0fl0HE0fr0;M4A1-S|USP-S|a1h0k0|sm0fl0HE0fr0;M4A1-S|USP-S|a1h0k1|sm1fl1HE1fr1
ct,2400,Galil AR,2200,OBSERVED,1,64.7,0,family,0,300,600,,4600,4300,,M4A4:30%;M4A1-S:26%;AK-47:20%,0.842,0.411,0.255,0.557,0.325,0.017,0.323,0.338,1.199,0.529,none|USP-S|a0h0k0|sm0fl0HE0fr0;M4A1-S|USP-S|a1h0k0|sm0fl0HE0fr0;M4A1-S|USP-S|a1h0k1|sm1fl1HE1fr1
ct,2400,Galil AR,2250,OBSERVED,1,65.5,0,family,0,300,600,,4650,4350,,M4A4:30%;M4A1-S:25%;AK-47:20%,0.838,0.412,0.259,0.554,0.326,0.018,0.324,0.336,1.203,0.525,none|USP-S|a0h0k0|sm0fl0HE0fr0;M4A1-S|USP-S|a1h0k0|sm0fl0HE0fr0;M4A1-S|USP-S|a1h0k1|sm1fl1HE1fr1
ct,2400,Galil AR,2300,OBSERVED,4,66.1,0,family,0,300,600,,4700,4400,,M4A4:29%;M4A1-S:25%;AK-47:20%,0.835,0.414,0.263,0.551,0.327,0.018,0.326,0.335,1.204,0.522,none|USP-S|a0h0k0|sm0fl0HE0fr0;M4A1-S|USP-S|a1h0k0|sm0fl0HE0fr0;M4A1-S|USP-S|a1h0k1|sm1fl1HE1fr1
ct,2400,Galil AR,2350,OBSERVED,5,66.5,0,family,0,300,600,,4750,4450,,M4A4:29%;M4A1-S:25%;AK-47:20%,0.832,0.416,0.267,0.549,0.329,0.019,0.328,0.335,1.206,0.518,none|USP-S|a0h0k0|sm0fl0HE0fr0;M4A1-S|USP-S|a1h0k0|sm0fl0HE0fr0;M4A1-S|USP-S|a1h0k1|sm1fl1HE1fr1
ct,2400,Galil AR,2400,OBSERVED,2,66.7,0,family,0,300,500,,4800,4500,,M4A4:29%;M4A1-S:25%;AK-47:20%,0.829,0.417,0.271,0.546,0.331,0.02,0.331,0.336,1.208,0.515,none|USP-S|a0h0k0|sm0fl0HE0fr0;M4A1-S|USP-S|a1h0k0|sm0fl0HE0fr0;M4A1-S|USP-S|a1h0k1|sm1fl1HE1fr1
ct,2400,Galil AR,2450,OBSERVED,1,66.6,0,family,0,300,500,,4850,4550,,M4A4:29%;M4A1-S:25%;AK-47:20%,0.827,0.419,0.276,0.543,0.334,0.02,0.333,0.337,1.207,0.511,none|USP-S|a0h0k0|sm0fl0HE0fr0;M4A1-S|USP-S|a1h0k0|sm0fl0HE0fr0;M4A1-S|USP-S|a1h0k1|sm1fl1HE1fr1
ct,2400,Galil AR,2500,OBSERVED,3,66.3,0,family,0,300,500,,4900,4600,,M4A4:29%;M4A1-S:24%;AK-47:20%,0.825,0.42,0.282,0.541,0.338,0.021,0.336,0.339,1.206,0.506,none|USP-S|a0h0k0|sm0fl0HE0fr0;M4A1-S|USP-S|a1h0k0|sm0fl0HE0fr0;M4A1-S|USP-S|a1h0k1|sm1fl1HE1fr1
ct,2400,Galil AR,2550,OBSERVED,1,65.6,0,family,0,300,500,,4950,4650,,M4A4:29%;M4A1-S:24%;AK-47:20%,0.824,0.422,0.288,0.539,0.343,0.022,0.34,0.342,1.204,0.502,none|USP-S|a0h0k0|sm0fl0HE0fr0;M4A1-S|USP-S|a1h0k0|sm0fl0HE0fr0;M4A4|USP-S|a1h0k0|sm1fl0HE0fr0
ct,2400,Galil AR,2600,OBSERVED,1,64.7,0,family,0,300,500,,5000,4700,,M4A4:29%;M4A1-S:24%;AK-47:20%,0.823,0.424,0.294,0.538,0.349,0.022,0.344,0.347,1.2,0.496,none|USP-S|a0h0k0|sm0fl0HE0fr0;M4A1-S|USP-S|a1h0k0|sm0fl0HE0fr0;M4A4|USP-S|a1h0k0|sm1fl0HE0fr0
ct,2400,Galil AR,2650,OBSERVED,3,63.5,0,family,0,300,500,,5050,4750,,M4A4:29%;M4A1-S:24%;AK-47:20%,0.824,0.427,0.302,0.537,0.355,0.023,0.348,0.352,1.193,0.493,none|USP-S|a0h0k0|sm0fl0HE0fr0;M4A4|USP-S|a1h0k0|sm1fl0HE0fr0;M4A1-S|USP-S|a1h0k0|sm0fl0HE0fr0
ct,2400,Galil AR,2700,INTERPOLATED,0,62.1,50,family,0,300,500,,5100,4800,,M4A4:29%;M4A1-S:24%;AK-47:20%,0.824,0.429,0.31,0.536,0.363,0.024,0.353,0.359,1.186,0.492,none|USP-S|a0h0k0|sm0fl0HE0fr0;M4A4|USP-S|a1h0k0|sm1fl0HE0fr0;M4A1-S|USP-S|a1h0k0|sm0fl0HE0fr0
ct,2400,Galil AR,2750,OBSERVED,1,60.4,0,family,0,300,500,,5150,4850,,M4A4:29%;M4A1-S:24%;AK-47:20%,0.826,0.432,0.319,0.537,0.372,0.025,0.359,0.367,1.176,0.491,none|USP-S|a0h0k0|sm0fl0HE0fr0;M4A4|USP-S|a1h0k0|sm1fl0HE0fr0;M4A1-S|USP-S|a1h0k1|sm1fl1HE1fr1
ct,2400,Galil AR,2800,OBSERVED,3,58.5,0,family,0,300,500,,5200,4900,,M4A4:29%;M4A1-S:24%;AK-47:20%,0.828,0.436,0.329,0.538,0.382,0.026,0.365,0.377,1.163,0.494,none|USP-S|a0h0k0|sm0fl0HE0fr0;M4A4|USP-S|a1h0k0|sm1fl0HE0fr0;M4A1-S|USP-S|a1h0k1|sm1fl1HE1fr1
ct,2400,Galil AR,2850,OBSERVED,1,56.4,0,family,0,300,500,,5250,4950,,M4A4:30%;M4A1-S:24%;AK-47:20%,0.832,0.44,0.34,0.54,0.394,0.028,0.372,0.388,1.147,0.498,none|USP-S|a0h0k0|sm0fl0HE0fr0;M4A4|USP-S|a1h0k0|sm1fl0HE0fr0;M4A1-S|USP-S|a1h0k1|sm1fl1HE1fr1
ct,2400,Galil AR,2900,INTERPOLATED,0,54.3,50,family,0,300,500,,5300,5000,,M4A4:30%;M4A1-S:25%;AK-47:19%,0.835,0.444,0.352,0.543,0.407,0.029,0.381,0.401,1.129,0.5,none|USP-S|a0h0k0|sm0fl0HE0fr0;M4A4|USP-S|a1h0k0|sm1fl0HE0fr0;M4A1-S|USP-S|a1h0k1|sm1fl1HE1fr1
ct,2400,Galil AR,2950,OBSERVED,1,52.0,0,family,0,300,600,,5350,5050,,M4A4:31%;M4A1-S:25%;AK-47:19%,0.84,0.45,0.365,0.548,0.422,0.031,0.389,0.416,1.107,0.504,none|USP-S|a0h0k0|sm0fl0HE0fr0;M4A4|USP-S|a1h0k0|sm1fl0HE0fr0;M4A1-S|USP-S|a1h0k1|sm1fl1HE1fr1
ct,2400,Galil AR,3000,OBSERVED,1,49.7,0,family,0,300,600,,5400,5100,,M4A4:31%;M4A1-S:26%;AK-47:19%,0.846,0.456,0.38,0.554,0.438,0.033,0.399,0.432,1.081,0.507,none|USP-S|a0h0k0|sm0fl0HE0fr0;M4A4|USP-S|a1h0k0|sm1fl0HE0fr0;M4A4|USP-S|a1h0k1|sm1fl1HE1fr1
ct,2400,Galil AR,3050,OBSERVED,1,47.3,0,family,0,300,600,,5450,5150,,M4A4:32%;M4A1-S:26%;AK-47:18%,0.852,0.463,0.397,0.562,0.456,0.036,0.41,0.45,1.053,0.511,none|USP-S|a0h0k0|sm0fl0HE0fr0;M4A4|USP-S|a1h0k1|sm1fl1HE1fr1;M4A4|USP-S|a1h0k0|sm1fl0HE0fr0
ct,2400,Galil AR,3100,INTERPOLATED,0,44.8,50,family,0,500,650,,5500,5000,,M4A4:33%;M4A1-S:27%;AK-47:18%,0.858,0.471,0.414,0.572,0.474,0.039,0.422,0.469,1.022,0.52,none|USP-S|a0h0k0|sm0fl0HE0fr0;M4A4|USP-S|a1h0k1|sm1fl1HE1fr1;AK-47|USP-S|a1h1k1|sm0fl0HE0fr0
ct,2400,Galil AR,3150,INTERPOLATED,0,42.3,100,family,0,500,650,,5550,5050,,M4A4:33%;M4A1-S:28%;AK-47:17%,0.865,0.48,0.434,0.583,0.494,0.042,0.435,0.489,0.988,0.541,none|USP-S|a0h0k0|sm0fl0HE0fr0;M4A4|USP-S|a1h0k1|sm1fl1HE1fr1;M4A1-S|USP-S|a1h1k1|sm1fl1HE1fr1
ct,2400,Galil AR,3200,INTERPOLATED,0,39.8,100,family,0,500,800,,5600,5100,,M4A4:34%;M4A1-S:29%;AK-47:17%,0.872,0.489,0.454,0.595,0.515,0.045,0.449,0.51,0.951,0.561,none|USP-S|a0h0k0|sm0fl0HE0fr0;M4A4|USP-S|a1h0k1|sm1fl1HE1fr1;M4A1-S|USP-S|a1h1k1|sm1fl1HE1fr1
ct,2400,Galil AR,3250,INTERPOLATED,0,37.2,50,family,200,500,800,,5650,5150,,M4A4:34%;M4A1-S:30%;AK-47:16%,0.879,0.5,0.476,0.61,0.536,0.049,0.463,0.531,0.909,0.583,none|USP-S|a0h0k0|sm0fl0HE0fr0;M4A4|USP-S|a1h0k1|sm1fl1HE1fr1;M4A1-S|USP-S|a1h1k1|sm1fl1HE1fr1
ct,2400,Galil AR,3300,OBSERVED,1,34.7,0,family,200,500,800,,5700,5200,,M4A4:35%;M4A1-S:31%;AK-47:15%,0.885,0.51,0.498,0.625,0.558,0.052,0.478,0.553,0.87,0.611,none|USP-S|a0h0k0|sm0fl0HE0fr0;M4A1-S|USP-S|a1h1k1|sm1fl1HE1fr1;M4A4|USP-S|a1h0k1|sm1fl1HE1fr1
ct,2400,Galil AR,3350,OBSERVED,1,32.2,0,family,300,500,800,,5750,5250,,M4A4:36%;M4A1-S:33%;AK-47:14%,0.891,0.521,0.522,0.642,0.579,0.056,0.494,0.574,0.829,0.638,none|USP-S|a0h0k0|sm0fl0HE0fr0;M4A1-S|USP-S|a1h1k1|sm1fl1HE1fr1;M4A4|USP-S|a1h1k1|sm1fl1HE1fr1
ct,2400,Galil AR,3400,OBSERVED,1,29.8,0,family,300,500,800,,5800,5300,,M4A4:36%;M4A1-S:34%;AK-47:14%,0.897,0.532,0.545,0.659,0.599,0.059,0.51,0.595,0.786,0.664,none|USP-S|a0h0k0|sm0fl0HE0fr0;M4A1-S|USP-S|a1h1k1|sm1fl1HE1fr1;M4A4|USP-S|a1h1k1|sm1fl1HE1fr1
ct,2400,Galil AR,3450,INTERPOLATED,0,27.5,50,family,300,500,800,,5850,5350,,M4A4:36%;M4A1-S:36%;AK-47:13%,0.901,0.543,0.569,0.676,0.618,0.062,0.525,0.614,0.749,0.692,none|USP-S|a0h0k0|sm0fl0HE0fr0;M4A1-S|USP-S|a1h1k1|sm1fl1HE1fr1;M4A4|USP-S|a1h1k1|sm1fl1HE1fr1
ct,2400,Galil AR,3500,INTERPOLATED,0,25.3,50,family,300,500,800,,5900,5400,,M4A1-S:37%;M4A4:37%;AK-47:12%,0.904,0.553,0.592,0.693,0.637,0.065,0.54,0.633,0.713,0.722,M4A1-S|USP-S|a1h1k1|sm1fl1HE1fr1;M4A4|USP-S|a1h1k1|sm1fl1HE1fr1;none|USP-S|a0h0k0|sm0fl0HE0fr0
ct,2400,Galil AR,3550,OBSERVED,1,23.4,0,family,300,500,800,,5950,5450,,M4A1-S:39%;M4A4:37%;AK-47:11%,0.907,0.562,0.615,0.71,0.653,0.067,0.555,0.649,0.678,0.749,M4A1-S|USP-S|a1h1k1|sm1fl1HE1fr1;M4A4|USP-S|a1h1k1|sm1fl1HE1fr1;none|USP-S|a0h0k0|sm0fl0HE0fr0
ct,2400,Galil AR,3600,INTERPOLATED,0,21.7,50,family,300,500,800,,6000,5500,,M4A1-S:40%;M4A4:37%;AK-47:10%,0.908,0.571,0.637,0.727,0.668,0.069,0.569,0.665,0.651,0.774,M4A1-S|USP-S|a1h1k1|sm1fl1HE1fr1;M4A4|USP-S|a1h1k1|sm1fl1HE1fr1;none|USP-S|a0h0k0|sm0fl0HE0fr0
ct,2400,Galil AR,3650,OBSERVED,1,20.1,0,family,300,500,800,,6050,5550,,M4A1-S:42%;M4A4:37%;AK-47:9%,0.909,0.579,0.657,0.742,0.681,0.071,0.582,0.678,0.625,0.796,M4A1-S|USP-S|a1h1k1|sm1fl1HE1fr1;M4A4|USP-S|a1h1k1|sm1fl1HE1fr1;M4A4|USP-S|a1h0k1|sm1fl1HE1fr1
ct,2400,M4A1-S,1900,OBSERVED,2,58.2,0,family,0,300,600,,4300,4000,,M4A4:32%;M4A1-S:27%;AK-47:20%,0.866,0.401,0.24,0.575,0.326,0.013,0.317,0.353,1.166,0.545,none|USP-S|a0h0k0|sm0fl0HE0fr0;M4A1-S|USP-S|a1h0k0|sm0fl0HE0fr0;M4A1-S|USP-S|a1h0k1|sm1fl1HE1fr1
ct,2400,M4A1-S,1950,OBSERVED,8,59.4,0,family,0,300,600,,4350,4050,,M4A4:32%;M4A1-S:27%;AK-47:20%,0.861,0.403,0.242,0.573,0.325,0.014,0.317,0.35,1.174,0.543,none|USP-S|a0h0k0|sm0fl0HE0fr0;M4A1-S|USP-S|a1h0k0|sm0fl0HE0fr0;M4A1-S|USP-S|a1h0k1|sm1fl1HE1fr1
ct,2400,M4A1-S,2000,OBSERVED,12,60.5,0,family,0,300,600,,4400,4100,,M4A4:31%;M4A1-S:26%;AK-47:20%,0.857,0.405,0.244,0.57,0.325,0.015,0.318,0.347,1.18,0.54,none|USP-S|a0h0k0|sm0fl0HE0fr0;M4A1-S|USP-S|a1h0k0|sm0fl0HE0fr0;M4A1-S|USP-S|a1h0k1|sm1fl1HE1fr1
ct,2400,M4A1-S,2050,OBSERVED,8,61.7,0,family,0,300,600,,4450,4150,,M4A4:31%;M4A1-S:26%;AK-47:20%,0.853,0.406,0.247,0.567,0.324,0.015,0.319,0.344,1.186,0.538,none|USP-S|a0h0k0|sm0fl0HE0fr0;M4A1-S|USP-S|a1h0k0|sm0fl0HE0fr0;M4A1-S|USP-S|a1h0k1|sm1fl1HE1fr1
ct,2400,M4A1-S,2100,OBSERVED,6,62.8,0,family,0,300,600,,4500,4200,,M4A4:31%;M4A1-S:26%;AK-47:20%,0.849,0.408,0.249,0.564,0.324,0.016,0.32,0.342,1.19,0.535,none|USP-S|a0h0k0|sm0fl0HE0fr0;M4A1-S|USP-S|a1h0k0|sm0fl0HE0fr0;M4A1-S|USP-S|a1h0k1|sm1fl1HE1fr1
ct,2400,M4A1-S,2150,OBSERVED,1,63.8,0,family,0,300,600,,4550,4250,,M4A4:30%;M4A1-S:26%;AK-47:20%,0.845,0.409,0.252,0.56,0.324,0.017,0.321,0.34,1.194,0.532,none|USP-S|a0h0k0|sm0fl0HE0fr0;M4A1-S|USP-S|a1h0k0|sm0fl0HE0fr0;M4A1-S|USP-S|a1h0k1|sm1fl1HE1fr1
ct,2400,M4A1-S,2200,OBSERVED,1,64.7,0,family,0,300,600,,4600,4300,,M4A4:30%;M4A1-S:26%;AK-47:20%,0.842,0.411,0.255,0.557,0.325,0.017,0.323,0.338,1.199,0.529,none|USP-S|a0h0k0|sm0fl0HE0fr0;M4A1-S|USP-S|a1h0k0|sm0fl0HE0fr0;M4A1-S|USP-S|a1h0k1|sm1fl1HE1fr1
ct,2400,M4A1-S,2250,OBSERVED,1,65.5,0,family,0,300,600,,4650,4350,,M4A4:30%;M4A1-S:25%;AK-47:20%,0.838,0.412,0.259,0.554,0.326,0.018,0.324,0.336,1.203,0.525,none|USP-S|a0h0k0|sm0fl0HE0fr0;M4A1-S|USP-S|a1h0k0|sm0fl0HE0fr0;M4A1-S|USP-S|a1h0k1|sm1fl1HE1fr1
ct,2400,M4A1-S,2300,OBSERVED,4,66.1,0,family,0,300,600,,4700,4400,,M4A4:29%;M4A1-S:25%;AK-47:20%,0.835,0.414,0.263,0.551,0.327,0.018,0.326,0.335,1.204,0.522,none|USP-S|a0h0k0|sm0fl0HE0fr0;M4A1-S|USP-S|a1h0k0|sm0fl0HE0fr0;M4A1-S|USP-S|a1h0k1|sm1fl1HE1fr1
ct,2400,M4A1-S,2350,OBSERVED,5,66.5,0,family,0,300,600,,4750,4450,,M4A4:29%;M4A1-S:25%;AK-47:20%,0.832,0.416,0.267,0.549,0.329,0.019,0.328,0.335,1.206,0.518,none|USP-S|a0h0k0|sm0fl0HE0fr0;M4A1-S|USP-S|a1h0k0|sm0fl0HE0fr0;M4A1-S|USP-S|a1h0k1|sm1fl1HE1fr1
ct,2400,M4A1-S,2400,OBSERVED,2,66.7,0,family,0,300,500,,4800,4500,,M4A4:29%;M4A1-S:25%;AK-47:20%,0.829,0.417,0.271,0.546,0.331,0.02,0.331,0.336,1.208,0.515,none|USP-S|a0h0k0|sm0fl0HE0fr0;M4A1-S|USP-S|a1h0k0|sm0fl0HE0fr0;M4A1-S|USP-S|a1h0k1|sm1fl1HE1fr1
ct,2400,M4A1-S,2450,OBSERVED,1,66.6,0,family,0,300,500,,4850,4550,,M4A4:29%;M4A1-S:25%;AK-47:20%,0.827,0.419,0.276,0.543,0.334,0.02,0.333,0.337,1.207,0.511,none|USP-S|a0h0k0|sm0fl0HE0fr0;M4A1-S|USP-S|a1h0k0|sm0fl0HE0fr0;M4A1-S|USP-S|a1h0k1|sm1fl1HE1fr1
ct,2400,M4A1-S,2500,OBSERVED,3,66.3,0,family,0,300,500,,4900,4600,,M4A4:29%;M4A1-S:24%;AK-47:20%,0.825,0.42,0.282,0.541,0.338,0.021,0.336,0.339,1.206,0.506,none|USP-S|a0h0k0|sm0fl0HE0fr0;M4A1-S|USP-S|a1h0k0|sm0fl0HE0fr0;M4A1-S|USP-S|a1h0k1|sm1fl1HE1fr1
ct,2400,M4A1-S,2550,OBSERVED,1,65.6,0,family,0,300,500,,4950,4650,,M4A4:29%;M4A1-S:24%;AK-47:20%,0.824,0.422,0.288,0.539,0.343,0.022,0.34,0.342,1.204,0.502,none|USP-S|a0h0k0|sm0fl0HE0fr0;M4A1-S|USP-S|a1h0k0|sm0fl0HE0fr0;M4A4|USP-S|a1h0k0|sm1fl0HE0fr0
ct,2400,M4A1-S,2600,OBSERVED,1,64.7,0,family,0,300,500,,5000,4700,,M4A4:29%;M4A1-S:24%;AK-47:20%,0.823,0.424,0.294,0.538,0.349,0.022,0.344,0.347,1.2,0.496,none|USP-S|a0h0k0|sm0fl0HE0fr0;M4A1-S|USP-S|a1h0k0|sm0fl0HE0fr0;M4A4|USP-S|a1h0k0|sm1fl0HE0fr0
ct,2400,M4A1-S,2650,OBSERVED,3,63.5,0,family,0,300,500,,5050,4750,,M4A4:29%;M4A1-S:24%;AK-47:20%,0.824,0.427,0.302,0.537,0.355,0.023,0.348,0.352,1.193,0.493,none|USP-S|a0h0k0|sm0fl0HE0fr0;M4A4|USP-S|a1h0k0|sm1fl0HE0fr0;M4A1-S|USP-S|a1h0k0|sm0fl0HE0fr0
ct,2400,M4A1-S,2700,INTERPOLATED,0,62.1,50,family,0,300,500,,5100,4800,,M4A4:29%;M4A1-S:24%;AK-47:20%,0.824,0.429,0.31,0.536,0.363,0.024,0.353,0.359,1.186,0.492,none|USP-S|a0h0k0|sm0fl0HE0fr0;M4A4|USP-S|a1h0k0|sm1fl0HE0fr0;M4A1-S|USP-S|a1h0k0|sm0fl0HE0fr0
ct,2400,M4A1-S,2750,OBSERVED,1,60.4,0,family,0,300,500,,5150,4850,,M4A4:29%;M4A1-S:24%;AK-47:20%,0.826,0.432,0.319,0.537,0.372,0.025,0.359,0.367,1.176,0.491,none|USP-S|a0h0k0|sm0fl0HE0fr0;M4A4|USP-S|a1h0k0|sm1fl0HE0fr0;M4A1-S|USP-S|a1h0k1|sm1fl1HE1fr1
ct,2400,M4A1-S,2800,OBSERVED,3,58.5,0,family,0,300,500,,5200,4900,,M4A4:29%;M4A1-S:24%;AK-47:20%,0.828,0.436,0.329,0.538,0.382,0.026,0.365,0.377,1.163,0.494,none|USP-S|a0h0k0|sm0fl0HE0fr0;M4A4|USP-S|a1h0k0|sm1fl0HE0fr0;M4A1-S|USP-S|a1h0k1|sm1fl1HE1fr1
ct,2400,M4A1-S,2850,OBSERVED,1,56.4,0,family,0,300,500,,5250,4950,,M4A4:30%;M4A1-S:24%;AK-47:20%,0.832,0.44,0.34,0.54,0.394,0.028,0.372,0.388,1.147,0.498,none|USP-S|a0h0k0|sm0fl0HE0fr0;M4A4|USP-S|a1h0k0|sm1fl0HE0fr0;M4A1-S|USP-S|a1h0k1|sm1fl1HE1fr1
ct,2400,M4A1-S,2900,INTERPOLATED,0,54.3,50,family,0,300,500,,5300,5000,,M4A4:30%;M4A1-S:25%;AK-47:19%,0.835,0.444,0.352,0.543,0.407,0.029,0.381,0.401,1.129,0.5,none|USP-S|a0h0k0|sm0fl0HE0fr0;M4A4|USP-S|a1h0k0|sm1fl0HE0fr0;M4A1-S|USP-S|a1h0k1|sm1fl1HE1fr1
ct,2400,M4A1-S,2950,OBSERVED,1,52.0,0,family,0,300,600,,5350,5050,,M4A4:31%;M4A1-S:25%;AK-47:19%,0.84,0.45,0.365,0.548,0.422,0.031,0.389,0.416,1.107,0.504,none|USP-S|a0h0k0|sm0fl0HE0fr0;M4A4|USP-S|a1h0k0|sm1fl0HE0fr0;M4A1-S|USP-S|a1h0k1|sm1fl1HE1fr1
ct,2400,M4A1-S,3000,OBSERVED,1,49.7,0,family,0,300,600,,5400,5100,,M4A4:31%;M4A1-S:26%;AK-47:19%,0.846,0.456,0.38,0.554,0.438,0.033,0.399,0.432,1.081,0.507,none|USP-S|a0h0k0|sm0fl0HE0fr0;M4A4|USP-S|a1h0k0|sm1fl0HE0fr0;M4A4|USP-S|a1h0k1|sm1fl1HE1fr1
ct,2400,M4A1-S,3050,OBSERVED,1,47.3,0,family,0,300,600,,5450,5150,,M4A4:32%;M4A1-S:26%;AK-47:18%,0.852,0.463,0.397,0.562,0.456,0.036,0.41,0.45,1.053,0.511,none|USP-S|a0h0k0|sm0fl0HE0fr0;M4A4|USP-S|a1h0k1|sm1fl1HE1fr1;M4A4|USP-S|a1h0k0|sm1fl0HE0fr0
ct,2400,M4A1-S,3100,INTERPOLATED,0,44.8,50,family,0,500,650,,5500,5000,,M4A4:33%;M4A1-S:27%;AK-47:18%,0.858,0.471,0.414,0.572,0.474,0.039,0.422,0.469,1.022,0.52,none|USP-S|a0h0k0|sm0fl0HE0fr0;M4A4|USP-S|a1h0k1|sm1fl1HE1fr1;AK-47|USP-S|a1h1k1|sm0fl0HE0fr0
ct,2400,M4A1-S,3150,INTERPOLATED,0,42.3,100,family,0,500,650,,5550,5050,,M4A4:33%;M4A1-S:28%;AK-47:17%,0.865,0.48,0.434,0.583,0.494,0.042,0.435,0.489,0.988,0.541,none|USP-S|a0h0k0|sm0fl0HE0fr0;M4A4|USP-S|a1h0k1|sm1fl1HE1fr1;M4A1-S|USP-S|a1h1k1|sm1fl1HE1fr1
ct,2400,M4A1-S,3200,INTERPOLATED,0,39.8,100,family,0,500,800,,5600,5100,,M4A4:34%;M4A1-S:29%;AK-47:17%,0.872,0.489,0.454,0.595,0.515,0.045,0.449,0.51,0.951,0.561,none|USP-S|a0h0k0|sm0fl0HE0fr0;M4A4|USP-S|a1h0k1|sm1fl1HE1fr1;M4A1-S|USP-S|a1h1k1|sm1fl1HE1fr1
ct,2400,M4A1-S,3250,INTERPOLATED,0,37.2,50,family,200,500,800,,5650,5150,,M4A4:34%;M4A1-S:30%;AK-47:16%,0.879,0.5,0.476,0.61,0.536,0.049,0.463,0.531,0.909,0.583,none|USP-S|a0h0k0|sm0fl0HE0fr0;M4A4|USP-S|a1h0k1|sm1fl1HE1fr1;M4A1-S|USP-S|a1h1k1|sm1fl1HE1fr1
ct,2400,M4A1-S,3300,OBSERVED,1,34.7,0,family,200,500,800,,5700,5200,,M4A4:35%;M4A1-S:31%;AK-47:15%,0.885,0.51,0.498,0.625,0.558,0.052,0.478,0.553,0.87,0.611,none|USP-S|a0h0k0|sm0fl0HE0fr0;M4A1-S|USP-S|a1h1k1|sm1fl1HE1fr1;M4A4|USP-S|a1h0k1|sm1fl1HE1fr1
ct,2400,M4A1-S,3350,OBSERVED,1,32.2,0,family,300,500,800,,5750,5250,,M4A4:36%;M4A1-S:33%;AK-47:14%,0.891,0.521,0.522,0.642,0.579,0.056,0.494,0.574,0.829,0.638,none|USP-S|a0h0k0|sm0fl0HE0fr0;M4A1-S|USP-S|a1h1k1|sm1fl1HE1fr1;M4A4|USP-S|a1h1k1|sm1fl1HE1fr1
ct,2400,M4A1-S,3400,OBSERVED,1,29.8,0,family,300,500,800,,5800,5300,,M4A4:36%;M4A1-S:34%;AK-47:14%,0.897,0.532,0.545,0.659,0.599,0.059,0.51,0.595,0.786,0.664,none|USP-S|a0h0k0|sm0fl0HE0fr0;M4A1-S|USP-S|a1h1k1|sm1fl1HE1fr1;M4A4|USP-S|a1h1k1|sm1fl1HE1fr1
ct,2400,M4A1-S,3450,INTERPOLATED,0,27.5,50,family,300,500,800,,5850,5350,,M4A4:36%;M4A1-S:36%;AK-47:13%,0.901,0.543,0.569,0.676,0.618,0.062,0.525,0.614,0.749,0.692,none|USP-S|a0h0k0|sm0fl0HE0fr0;M4A1-S|USP-S|a1h1k1|sm1fl1HE1fr1;M4A4|USP-S|a1h1k1|sm1fl1HE1fr1
ct,2400,M4A1-S,3500,INTERPOLATED,0,25.3,50,family,300,500,800,,5900,5400,,M4A1-S:37%;M4A4:37%;AK-47:12%,0.904,0.553,0.592,0.693,0.637,0.065,0.54,0.633,0.713,0.722,M4A1-S|USP-S|a1h1k1|sm1fl1HE1fr1;M4A4|USP-S|a1h1k1|sm1fl1HE1fr1;none|USP-S|a0h0k0|sm0fl0HE0fr0
ct,2400,M4A1-S,3550,OBSERVED,1,23.4,0,family,300,500,800,,5950,5450,,M4A1-S:39%;M4A4:37%;AK-47:11%,0.907,0.562,0.615,0.71,0.653,0.067,0.555,0.649,0.678,0.749,M4A1-S|USP-S|a1h1k1|sm1fl1HE1fr1;M4A4|USP-S|a1h1k1|sm1fl1HE1fr1;none|USP-S|a0h0k0|sm0fl0HE0fr0
ct,2400,M4A1-S,3600,INTERPOLATED,0,21.7,50,family,300,500,800,,6000,5500,,M4A1-S:40%;M4A4:37%;AK-47:10%,0.908,0.571,0.637,0.727,0.668,0.069,0.569,0.665,0.651,0.774,M4A1-S|USP-S|a1h1k1|sm1fl1HE1fr1;M4A4|USP-S|a1h1k1|sm1fl1HE1fr1;none|USP-S|a0h0k0|sm0fl0HE0fr0
ct,2400,M4A1-S,3650,OBSERVED,1,20.1,0,family,300,500,800,,6050,5550,,M4A1-S:42%;M4A4:37%;AK-47:9%,0.909,0.579,0.657,0.742,0.681,0.071,0.582,0.678,0.625,0.796,M4A1-S|USP-S|a1h1k1|sm1fl1HE1fr1;M4A4|USP-S|a1h1k1|sm1fl1HE1fr1;M4A4|USP-S|a1h0k1|sm1fl1HE1fr1
ct,2400,M4A4,1900,OBSERVED,2,58.2,0,family,0,300,600,,4300,4000,,M4A4:32%;M4A1-S:27%;AK-47:20%,0.866,0.401,0.24,0.575,0.326,0.013,0.317,0.353,1.166,0.545,none|USP-S|a0h0k0|sm0fl0HE0fr0;M4A1-S|USP-S|a1h0k0|sm0fl0HE0fr0;M4A1-S|USP-S|a1h0k1|sm1fl1HE1fr1
ct,2400,M4A4,1950,OBSERVED,8,59.4,0,family,0,300,600,,4350,4050,,M4A4:32%;M4A1-S:27%;AK-47:20%,0.861,0.403,0.242,0.573,0.325,0.014,0.317,0.35,1.174,0.543,none|USP-S|a0h0k0|sm0fl0HE0fr0;M4A1-S|USP-S|a1h0k0|sm0fl0HE0fr0;M4A1-S|USP-S|a1h0k1|sm1fl1HE1fr1
ct,2400,M4A4,2000,OBSERVED,12,60.5,0,family,0,300,600,,4400,4100,,M4A4:31%;M4A1-S:26%;AK-47:20%,0.857,0.405,0.244,0.57,0.325,0.015,0.318,0.347,1.18,0.54,none|USP-S|a0h0k0|sm0fl0HE0fr0;M4A1-S|USP-S|a1h0k0|sm0fl0HE0fr0;M4A1-S|USP-S|a1h0k1|sm1fl1HE1fr1
ct,2400,M4A4,2050,OBSERVED,8,61.7,0,family,0,300,600,,4450,4150,,M4A4:31%;M4A1-S:26%;AK-47:20%,0.853,0.406,0.247,0.567,0.324,0.015,0.319,0.344,1.186,0.538,none|USP-S|a0h0k0|sm0fl0HE0fr0;M4A1-S|USP-S|a1h0k0|sm0fl0HE0fr0;M4A1-S|USP-S|a1h0k1|sm1fl1HE1fr1
ct,2400,M4A4,2100,OBSERVED,6,62.8,0,family,0,300,600,,4500,4200,,M4A4:31%;M4A1-S:26%;AK-47:20%,0.849,0.408,0.249,0.564,0.324,0.016,0.32,0.342,1.19,0.535,none|USP-S|a0h0k0|sm0fl0HE0fr0;M4A1-S|USP-S|a1h0k0|sm0fl0HE0fr0;M4A1-S|USP-S|a1h0k1|sm1fl1HE1fr1
ct,2400,M4A4,2150,OBSERVED,1,63.8,0,family,0,300,600,,4550,4250,,M4A4:30%;M4A1-S:26%;AK-47:20%,0.845,0.409,0.252,0.56,0.324,0.017,0.321,0.34,1.194,0.532,none|USP-S|a0h0k0|sm0fl0HE0fr0;M4A1-S|USP-S|a1h0k0|sm0fl0HE0fr0;M4A1-S|USP-S|a1h0k1|sm1fl1HE1fr1
ct,2400,M4A4,2200,OBSERVED,1,64.7,0,family,0,300,600,,4600,4300,,M4A4:30%;M4A1-S:26%;AK-47:20%,0.842,0.411,0.255,0.557,0.325,0.017,0.323,0.338,1.199,0.529,none|USP-S|a0h0k0|sm0fl0HE0fr0;M4A1-S|USP-S|a1h0k0|sm0fl0HE0fr0;M4A1-S|USP-S|a1h0k1|sm1fl1HE1fr1
ct,2400,M4A4,2250,OBSERVED,1,65.5,0,family,0,300,600,,4650,4350,,M4A4:30%;M4A1-S:25%;AK-47:20%,0.838,0.412,0.259,0.554,0.326,0.018,0.324,0.336,1.203,0.525,none|USP-S|a0h0k0|sm0fl0HE0fr0;M4A1-S|USP-S|a1h0k0|sm0fl0HE0fr0;M4A1-S|USP-S|a1h0k1|sm1fl1HE1fr1
ct,2400,M4A4,2300,OBSERVED,4,66.1,0,family,0,300,600,,4700,4400,,M4A4:29%;M4A1-S:25%;AK-47:20%,0.835,0.414,0.263,0.551,0.327,0.018,0.326,0.335,1.204,0.522,none|USP-S|a0h0k0|sm0fl0HE0fr0;M4A1-S|USP-S|a1h0k0|sm0fl0HE0fr0;M4A1-S|USP-S|a1h0k1|sm1fl1HE1fr1
ct,2400,M4A4,2350,OBSERVED,5,66.5,0,family,0,300,600,,4750,4450,,M4A4:29%;M4A1-S:25%;AK-47:20%,0.832,0.416,0.267,0.549,0.329,0.019,0.328,0.335,1.206,0.518,none|USP-S|a0h0k0|sm0fl0HE0fr0;M4A1-S|USP-S|a1h0k0|sm0fl0HE0fr0;M4A1-S|USP-S|a1h0k1|sm1fl1HE1fr1
ct,2400,M4A4,2400,OBSERVED,2,66.7,0,family,0,300,500,,4800,4500,,M4A4:29%;M4A1-S:25%;AK-47:20%,0.829,0.417,0.271,0.546,0.331,0.02,0.331,0.336,1.208,0.515,none|USP-S|a0h0k0|sm0fl0HE0fr0;M4A1-S|USP-S|a1h0k0|sm0fl0HE0fr0;M4A1-S|USP-S|a1h0k1|sm1fl1HE1fr1
ct,2400,M4A4,2450,OBSERVED,1,66.6,0,family,0,300,500,,4850,4550,,M4A4:29%;M4A1-S:25%;AK-47:20%,0.827,0.419,0.276,0.543,0.334,0.02,0.333,0.337,1.207,0.511,none|USP-S|a0h0k0|sm0fl0HE0fr0;M4A1-S|USP-S|a1h0k0|sm0fl0HE0fr0;M4A1-S|USP-S|a1h0k1|sm1fl1HE1fr1
ct,2400,M4A4,2500,OBSERVED,3,66.3,0,family,0,300,500,,4900,4600,,M4A4:29%;M4A1-S:24%;AK-47:20%,0.825,0.42,0.282,0.541,0.338,0.021,0.336,0.339,1.206,0.506,none|USP-S|a0h0k0|sm0fl0HE0fr0;M4A1-S|USP-S|a1h0k0|sm0fl0HE0fr0;M4A1-S|USP-S|a1h0k1|sm1fl1HE1fr1
ct,2400,M4A4,2550,OBSERVED,1,65.6,0,family,0,300,500,,4950,4650,,M4A4:29%;M4A1-S:24%;AK-47:20%,0.824,0.422,0.288,0.539,0.343,0.022,0.34,0.342,1.204,0.502,none|USP-S|a0h0k0|sm0fl0HE0fr0;M4A1-S|USP-S|a1h0k0|sm0fl0HE0fr0;M4A4|USP-S|a1h0k0|sm1fl0HE0fr0
ct,2400,M4A4,2600,OBSERVED,1,64.7,0,family,0,300,500,,5000,4700,,M4A4:29%;M4A1-S:24%;AK-47:20%,0.823,0.424,0.294,0.538,0.349,0.022,0.344,0.347,1.2,0.496,none|USP-S|a0h0k0|sm0fl0HE0fr0;M4A1-S|USP-S|a1h0k0|sm0fl0HE0fr0;M4A4|USP-S|a1h0k0|sm1fl0HE0fr0
ct,2400,M4A4,2650,OBSERVED,3,63.5,0,family,0,300,500,,5050,4750,,M4A4:29%;M4A1-S:24%;AK-47:20%,0.824,0.427,0.302,0.537,0.355,0.023,0.348,0.352,1.193,0.493,none|USP-S|a0h0k0|sm0fl0HE0fr0;M4A4|USP-S|a1h0k0|sm1fl0HE0fr0;M4A1-S|USP-S|a1h0k0|sm0fl0HE0fr0
ct,2400,M4A4,2700,INTERPOLATED,0,62.1,50,family,0,300,500,,5100,4800,,M4A4:29%;M4A1-S:24%;AK-47:20%,0.824,0.429,0.31,0.536,0.363,0.024,0.353,0.359,1.186,0.492,none|USP-S|a0h0k0|sm0fl0HE0fr0;M4A4|USP-S|a1h0k0|sm1fl0HE0fr0;M4A1-S|USP-S|a1h0k0|sm0fl0HE0fr0
ct,2400,M4A4,2750,OBSERVED,1,60.4,0,family,0,300,500,,5150,4850,,M4A4:29%;M4A1-S:24%;AK-47:20%,0.826,0.432,0.319,0.537,0.372,0.025,0.359,0.367,1.176,0.491,none|USP-S|a0h0k0|sm0fl0HE0fr0;M4A4|USP-S|a1h0k0|sm1fl0HE0fr0;M4A1-S|USP-S|a1h0k1|sm1fl1HE1fr1
ct,2400,M4A4,2800,OBSERVED,3,58.5,0,family,0,300,500,,5200,4900,,M4A4:29%;M4A1-S:24%;AK-47:20%,0.828,0.436,0.329,0.538,0.382,0.026,0.365,0.377,1.163,0.494,none|USP-S|a0h0k0|sm0fl0HE0fr0;M4A4|USP-S|a1h0k0|sm1fl0HE0fr0;M4A1-S|USP-S|a1h0k1|sm1fl1HE1fr1
ct,2400,M4A4,2850,OBSERVED,1,56.4,0,family,0,300,500,,5250,4950,,M4A4:30%;M4A1-S:24%;AK-47:20%,0.832,0.44,0.34,0.54,0.394,0.028,0.372,0.388,1.147,0.498,none|USP-S|a0h0k0|sm0fl0HE0fr0;M4A4|USP-S|a1h0k0|sm1fl0HE0fr0;M4A1-S|USP-S|a1h0k1|sm1fl1HE1fr1
ct,2400,M4A4,2900,INTERPOLATED,0,54.3,50,family,0,300,500,,5300,5000,,M4A4:30%;M4A1-S:25%;AK-47:19%,0.835,0.444,0.352,0.543,0.407,0.029,0.381,0.401,1.129,0.5,none|USP-S|a0h0k0|sm0fl0HE0fr0;M4A4|USP-S|a1h0k0|sm1fl0HE0fr0;M4A1-S|USP-S|a1h0k1|sm1fl1HE1fr1
ct,2400,M4A4,2950,OBSERVED,1,52.0,0,family,0,300,600,,5350,5050,,M4A4:31%;M4A1-S:25%;AK-47:19%,0.84,0.45,0.365,0.548,0.422,0.031,0.389,0.416,1.107,0.504,none|USP-S|a0h0k0|sm0fl0HE0fr0;M4A4|USP-S|a1h0k0|sm1fl0HE0fr0;M4A1-S|USP-S|a1h0k1|sm1fl1HE1fr1
ct,2400,M4A4,3000,OBSERVED,1,49.7,0,family,0,300,600,,5400,5100,,M4A4:31%;M4A1-S:26%;AK-47:19%,0.846,0.456,0.38,0.554,0.438,0.033,0.399,0.432,1.081,0.507,none|USP-S|a0h0k0|sm0fl0HE0fr0;M4A4|USP-S|a1h0k0|sm1fl0HE0fr0;M4A4|USP-S|a1h0k1|sm1fl1HE1fr1
ct,2400,M4A4,3050,OBSERVED,1,47.3,0,family,0,300,600,,5450,5150,,M4A4:32%;M4A1-S:26%;AK-47:18%,0.852,0.463,0.397,0.562,0.456,0.036,0.41,0.45,1.053,0.511,none|USP-S|a0h0k0|sm0fl0HE0fr0;M4A4|USP-S|a1h0k1|sm1fl1HE1fr1;M4A4|USP-S|a1h0k0|sm1fl0HE0fr0
ct,2400,M4A4,3100,INTERPOLATED,0,44.8,50,family,0,500,650,,5500,5000,,M4A4:33%;M4A1-S:27%;AK-47:18%,0.858,0.471,0.414,0.572,0.474,0.039,0.422,0.469,1.022,0.52,none|USP-S|a0h0k0|sm0fl0HE0fr0;M4A4|USP-S|a1h0k1|sm1fl1HE1fr1;AK-47|USP-S|a1h1k1|sm0fl0HE0fr0
ct,2400,M4A4,3150,INTERPOLATED,0,42.3,100,family,0,500,650,,5550,5050,,M4A4:33%;M4A1-S:28%;AK-47:17%,0.865,0.48,0.434,0.583,0.494,0.042,0.435,0.489,0.988,0.541,none|USP-S|a0h0k0|sm0fl0HE0fr0;M4A4|USP-S|a1h0k1|sm1fl1HE1fr1;M4A1-S|USP-S|a1h1k1|sm1fl1HE1fr1
ct,2400,M4A4,3200,INTERPOLATED,0,39.8,100,family,0,500,800,,5600,5100,,M4A4:34%;M4A1-S:29%;AK-47:17%,0.872,0.489,0.454,0.595,0.515,0.045,0.449,0.51,0.951,0.561,none|USP-S|a0h0k0|sm0fl0HE0fr0;M4A4|USP-S|a1h0k1|sm1fl1HE1fr1;M4A1-S|USP-S|a1h1k1|sm1fl1HE1fr1
ct,2400,M4A4,3250,INTERPOLATED,0,37.2,50,family,200,500,800,,5650,5150,,M4A4:34%;M4A1-S:30%;AK-47:16%,0.879,0.5,0.476,0.61,0.536,0.049,0.463,0.531,0.909,0.583,none|USP-S|a0h0k0|sm0fl0HE0fr0;M4A4|USP-S|a1h0k1|sm1fl1HE1fr1;M4A1-S|USP-S|a1h1k1|sm1fl1HE1fr1
ct,2400,M4A4,3300,OBSERVED,1,34.7,0,family,200,500,800,,5700,5200,,M4A4:35%;M4A1-S:31%;AK-47:15%,0.885,0.51,0.498,0.625,0.558,0.052,0.478,0.553,0.87,0.611,none|USP-S|a0h0k0|sm0fl0HE0fr0;M4A1-S|USP-S|a1h1k1|sm1fl1HE1fr1;M4A4|USP-S|a1h0k1|sm1fl1HE1fr1
ct,2400,M4A4,3350,OBSERVED,1,32.2,0,family,300,500,800,,5750,5250,,M4A4:36%;M4A1-S:33%;AK-47:14%,0.891,0.521,0.522,0.642,0.579,0.056,0.494,0.574,0.829,0.638,none|USP-S|a0h0k0|sm0fl0HE0fr0;M4A1-S|USP-S|a1h1k1|sm1fl1HE1fr1;M4A4|USP-S|a1h1k1|sm1fl1HE1fr1
ct,2400,M4A4,3400,OBSERVED,1,29.8,0,family,300,500,800,,5800,5300,,M4A4:36%;M4A1-S:34%;AK-47:14%,0.897,0.532,0.545,0.659,0.599,0.059,0.51,0.595,0.786,0.664,none|USP-S|a0h0k0|sm0fl0HE0fr0;M4A1-S|USP-S|a1h1k1|sm1fl1HE1fr1;M4A4|USP-S|a1h1k1|sm1fl1HE1fr1
ct,2400,M4A4,3450,INTERPOLATED,0,27.5,50,family,300,500,800,,5850,5350,,M4A4:36%;M4A1-S:36%;AK-47:13%,0.901,0.543,0.569,0.676,0.618,0.062,0.525,0.614,0.749,0.692,none|USP-S|a0h0k0|sm0fl0HE0fr0;M4A1-S|USP-S|a1h1k1|sm1fl1HE1fr1;M4A4|USP-S|a1h1k1|sm1fl1HE1fr1
ct,2400,M4A4,3500,INTERPOLATED,0,25.3,50,family,300,500,800,,5900,5400,,M4A1-S:37%;M4A4:37%;AK-47:12%,0.904,0.553,0.592,0.693,0.637,0.065,0.54,0.633,0.713,0.722,M4A1-S|USP-S|a1h1k1|sm1fl1HE1fr1;M4A4|USP-S|a1h1k1|sm1fl1HE1fr1;none|USP-S|a0h0k0|sm0fl0HE0fr0
ct,2400,M4A4,3550,OBSERVED,1,23.4,0,family,300,500,800,,5950,5450,,M4A1-S:39%;M4A4:37%;AK-47:11%,0.907,0.562,0.615,0.71,0.653,0.067,0.555,0.649,0.678,0.749,M4A1-S|USP-S|a1h1k1|sm1fl1HE1fr1;M4A4|USP-S|a1h1k1|sm1fl1HE1fr1;none|USP-S|a0h0k0|sm0fl0HE0fr0
ct,2400,M4A4,3600,INTERPOLATED,0,21.7,50,family,300,500,800,,6000,5500,,M4A1-S:40%;M4A4:37%;AK-47:10%,0.908,0.571,0.637,0.727,0.668,0.069,0.569,0.665,0.651,0.774,M4A1-S|USP-S|a1h1k1|sm1fl1HE1fr1;M4A4|USP-S|a1h1k1|sm1fl1HE1fr1;none|USP-S|a0h0k0|sm0fl0HE0fr0
ct,2400,M4A4,3650,OBSERVED,1,20.1,0,family,300,500,800,,6050,5550,,M4A1-S:42%;M4A4:37%;AK-47:9%,0.909,0.579,0.657,0.742,0.681,0.071,0.582,0.678,0.625,0.796,M4A1-S|USP-S|a1h1k1|sm1fl1HE1fr1;M4A4|USP-S|a1h1k1|sm1fl1HE1fr1;M4A4|USP-S|a1h0k1|sm1fl1HE1fr1
ct,2400,SSG 08,1900,OBSERVED,1,34.3,0,family,0,0,300,,4300,4300,,AWP:68%;none:26%;SSG 08:6%,0.743,0.329,0.125,0.248,0.409,0.06,0.238,0.17,1.119,0.739,none|USP-S|a0h0k0|sm0fl0HE0fr0;AWP|USP-S|a1h0k0|sm0fl0HE0fr0;AWP|USP-S|a1h0k0|sm1fl1HE1fr1
ct,2400,SSG 08,1950,OBSERVED,2,35.0,0,family,0,0,300,,4350,4350,,AWP:68%;none:26%;SSG 08:6%,0.74,0.325,0.128,0.249,0.407,0.059,0.24,0.174,1.12,0.736,none|USP-S|a0h0k0|sm0fl0HE0fr0;AWP|USP-S|a1h0k0|sm0fl0HE0fr0;AWP|USP-S|a1h0k0|sm1fl1HE1fr1
ct,2400,SSG 08,2000,OBSERVED,2,35.8,0,family,0,0,300,,4400,4400,,AWP:68%;none:26%;SSG 08:6%,0.738,0.321,0.13,0.25,0.405,0.058,0.241,0.177,1.123,0.734,none|USP-S|a0h0k0|sm0fl0HE0fr0;AWP|USP-S|a1h0k0|sm0fl0HE0fr0;AWP|USP-S|a1h0k0|sm1fl1HE1fr1
ct,2400,SSG 08,2050,OBSERVED,4,36.4,0,family,0,0,300,,4450,4450,,AWP:68%;none:26%;SSG 08:6%,0.735,0.316,0.132,0.252,0.403,0.058,0.242,0.18,1.126,0.732,none|USP-S|a0h0k0|sm0fl0HE0fr0;AWP|USP-S|a1h0k0|sm0fl0HE0fr0;AWP|USP-S|a1h0k0|sm1fl1HE1fr1
ct,2400,SSG 08,2100,OBSERVED,4,37.1,0,family,0,0,300,,4500,4500,,AWP:68%;none:27%;SSG 08:6%,0.732,0.312,0.135,0.254,0.401,0.057,0.244,0.183,1.127,0.731,none|USP-S|a0h0k0|sm0fl0HE0fr0;AWP|USP-S|a1h0k0|sm0fl0HE0fr0;AWP|USP-S|a1h0k0|sm1fl1HE1fr1
ct,2400,SSG 08,2150,OBSERVED,3,37.7,0,family,0,0,300,,4550,4550,,AWP:67%;none:27%;SSG 08:6%,0.73,0.308,0.137,0.256,0.399,0.056,0.245,0.186,1.127,0.729,none|USP-S|a0h0k0|sm0fl0HE0fr0;AWP|USP-S|a1h0k0|sm0fl0HE0fr0;AWP|USP-S|a1h0k0|sm1fl1HE1fr1
ct,2400,SSG 08,2200,OBSERVED,4,38.3,0,family,0,0,300,,4600,4600,,AWP:67%;none:27%;SSG 08:6%,0.727,0.304,0.139,0.258,0.396,0.055,0.246,0.189,1.13,0.728,none|USP-S|a0h0k0|sm0fl0HE0fr0;AWP|USP-S|a1h0k0|sm0fl0HE0fr0;AWP|USP-S|a1h0k0|sm1fl1HE1fr1
ct,2400,SSG 08,2250,OBSERVED,1,38.8,0,family,0,0,300,,4650,4650,,AWP:67%;none:28%;SSG 08:5%,0.724,0.3,0.141,0.26,0.394,0.054,0.246,0.191,1.13,0.729,none|USP-S|a0h0k0|sm0fl0HE0fr0;AWP|USP-S|a1h0k0|sm0fl0HE0fr0;AWP|USP-S|a1h0k0|sm1fl1HE1fr1
ct,2400,SSG 08,2300,OBSERVED,1,39.3,0,family,0,0,300,,4700,4700,,AWP:67%;none:28%;SSG 08:5%,0.722,0.296,0.143,0.263,0.391,0.054,0.247,0.194,1.13,0.729,none|USP-S|a0h0k0|sm0fl0HE0fr0;AWP|USP-S|a1h0k0|sm0fl0HE0fr0;AWP|USP-S|a1h0k0|sm1fl1HE1fr1
ct,2400,SSG 08,2350,OBSERVED,4,39.6,0,family,0,0,300,,4750,4750,,AWP:67%;none:28%;SSG 08:5%,0.719,0.293,0.145,0.267,0.388,0.053,0.248,0.196,1.13,0.73,none|USP-S|a0h0k0|sm0fl0HE0fr0;AWP|USP-S|a1h0k0|sm0fl0HE0fr0;AWP|USP-S|a1h0k0|sm1fl1HE1fr1
ct,2400,SSG 08,2400,OBSERVED,1,39.9,0,family,0,0,300,,4800,4800,,AWP:66%;none:28%;SSG 08:5%,0.717,0.29,0.146,0.271,0.385,0.052,0.249,0.198,1.129,0.73,none|USP-S|a0h0k0|sm0fl0HE0fr0;AWP|USP-S|a1h0k0|sm0fl0HE0fr0;AWP|USP-S|a1h0k0|sm1fl1HE1fr1
ct,2400,SSG 08,2450,OBSERVED,3,40.1,0,family,0,0,300,,4850,4850,,AWP:66%;none:29%;SSG 08:5%,0.715,0.287,0.148,0.275,0.382,0.051,0.25,0.199,1.127,0.73,none|USP-S|a0h0k0|sm0fl0HE0fr0;AWP|USP-S|a1h0k0|sm0fl0HE0fr0;AWP|USP-S|a1h0k0|sm1fl1HE1fr1
ct,2400,SSG 08,2500,INTERPOLATED,0,40.2,50,family,0,0,300,,4900,4900,,AWP:66%;none:29%;SSG 08:5%,0.712,0.285,0.149,0.281,0.379,0.05,0.252,0.201,1.124,0.73,none|USP-S|a0h0k0|sm0fl0HE0fr0;AWP|USP-S|a1h0k0|sm0fl0HE0fr0;AWP|USP-S|a1h0k0|sm1fl1HE1fr1
ct,2400,SSG 08,2550,OBSERVED,2,40.2,0,family,0,0,300,,4950,4950,,AWP:66%;none:29%;SSG 08:5%,0.71,0.283,0.151,0.287,0.376,0.05,0.253,0.202,1.121,0.729,none|USP-S|a0h0k0|sm0fl0HE0fr0;AWP|USP-S|a1h0k0|sm0fl0HE0fr0;AWP|USP-S|a1h0k0|sm1fl1HE1fr1
ct,2400,SSG 08,2600,OBSERVED,3,40.0,0,family,0,0,300,,5000,5000,,AWP:66%;none:29%;SSG 08:5%,0.709,0.282,0.152,0.293,0.372,0.049,0.255,0.203,1.117,0.728,none|USP-S|a0h0k0|sm0fl0HE0fr0;AWP|USP-S|a1h0k0|sm0fl0HE0fr0;AWP|USP-S|a1h0k0|sm1fl1HE1fr1
ct,2400,SSG 08,2650,INTERPOLATED,0,39.6,50,family,0,0,300,,5050,5050,,AWP:66%;none:29%;SSG 08:4%,0.707,0.282,0.153,0.301,0.368,0.048,0.257,0.203,1.113,0.725,none|USP-S|a0h0k0|sm0fl0HE0fr0;AWP|USP-S|a1h0k0|sm0fl0HE0fr0;AWP|USP-S|a1h0k0|sm1fl1HE1fr1
ct,2400,SSG 08,2700,INTERPOLATED,0,39.1,50,family,0,0,300,,5100,5100,,AWP:66%;none:29%;SSG 08:4%,0.706,0.282,0.154,0.31,0.364,0.048,0.26,0.204,1.108,0.72,none|USP-S|a0h0k0|sm0fl0HE0fr0;AWP|USP-S|a1h0k0|sm0fl0HE0fr0;AWP|USP-S|a1h0k0|sm1fl1HE1fr1
ct,2400,SSG 08,2750,OBSERVED,1,38.4,0,family,0,0,300,,5150,5150,,AWP:66%;none:29%;SSG 08:4%,0.706,0.284,0.154,0.32,0.36,0.048,0.263,0.204,1.1,0.716,none|USP-S|a0h0k0|sm0fl0HE0fr0;AWP|USP-S|a1h0k0|sm0fl0HE0fr0;AWP|USP-S|a1h0k0|sm1fl1HE1fr1
ct,2400,SSG 08,2800,INTERPOLATED,0,37.6,50,family,0,0,300,,5200,5200,,AWP:67%;none:29%;SSG 08:4%,0.706,0.286,0.155,0.331,0.356,0.048,0.267,0.203,1.092,0.712,none|USP-S|a0h0k0|sm0fl0HE0fr0;AWP|USP-S|a1h0k0|sm0fl0HE0fr0;AWP|USP-S|a1h0k0|sm1fl1HE1fr1
ct,2400,SSG 08,2850,OBSERVED,1,36.5,0,family,0,0,300,,5250,5250,,AWP:67%;none:29%;SSG 08:4%,0.706,0.29,0.155,0.344,0.352,0.049,0.272,0.202,1.083,0.707,none|USP-S|a0h0k0|sm0fl0HE0fr0;AWP|USP-S|a1h0k0|sm0fl0HE0fr0;AWP|USP-S|a1h0k0|sm1fl1HE1fr1
ct,2400,SSG 08,2900,OBSERVED,1,35.2,0,family,0,0,300,,5300,5300,,AWP:67%;none:29%;SSG 08:3%,0.707,0.295,0.155,0.358,0.348,0.05,0.277,0.201,1.074,0.702,none|USP-S|a0h0k0|sm0fl0HE0fr0;AWP|USP-S|a1h0k0|sm0fl0HE0fr0;AWP|USP-S|a1h0k0|sm0fl0HE1fr0
ct,2400,SSG 08,2950,INTERPOLATED,0,33.7,50,family,0,0,300,,5350,5350,,AWP:68%;none:29%;SSG 08:3%,0.708,0.301,0.156,0.373,0.344,0.051,0.283,0.199,1.06,0.705,none|USP-S|a0h0k0|sm0fl0HE0fr0;AWP|USP-S|a1h0k0|sm0fl0HE0fr0;AWP|USP-S|a1h0k0|sm0fl0HE1fr0
ct,2400,SSG 08,3000,OBSERVED,1,32.1,0,family,0,0,300,,5400,5400,,AWP:68%;none:29%;SSG 08:3%,0.71,0.308,0.156,0.39,0.34,0.053,0.29,0.197,1.049,0.715,none|USP-S|a0h0k0|sm0fl0HE0fr0;AWP|USP-S|a1h0k0|sm0fl0HE0fr0;AWP|USP-S|a1h0k0|sm0fl0HE1fr0
ct,2400,SSG 08,3050,INTERPOLATED,0,30.4,50,family,0,0,300,,5450,5450,,AWP:68%;none:29%;SSG 08:3%,0.712,0.316,0.156,0.408,0.336,0.056,0.297,0.195,1.036,0.724,none|USP-S|a0h0k0|sm0fl0HE0fr0;AWP|USP-S|a1h0k0|sm0fl0HE0fr0;AWP|USP-S|a1h0k0|sm0fl0HE1fr0
ct,2400,SSG 08,3100,INTERPOLATED,0,28.5,100,family,0,200,300,,5500,5300,,AWP:69%;none:28%;SSG 08:3%,0.715,0.324,0.156,0.427,0.333,0.06,0.305,0.193,1.019,0.732,none|USP-S|a0h0k0|sm0fl0HE0fr0;AWP|USP-S|a1h0k0|sm0fl0HE0fr0;AWP|USP-S|a1h0k0|sm0fl0HE1fr0
ct,2400,SSG 08,3150,INTERPOLATED,0,26.7,50,family,0,200,300,,5550,5350,,AWP:70%;none:28%;SSG 08:2%,0.718,0.334,0.156,0.448,0.329,0.064,0.314,0.19,1.005,0.746,none|USP-S|a0h0k0|sm0fl0HE0fr0;AWP|USP-S|a1h0k0|sm0fl0HE1fr0;AWP|USP-S|a1h1k0|sm1fl0HE1fr0
ct,2400,SSG 08,3200,OBSERVED,2,24.8,0,family,0,200,300,,5600,5400,,AWP:70%;none:28%;SSG 08:2%,0.722,0.345,0.156,0.469,0.327,0.069,0.323,0.186,0.989,0.759,none|USP-S|a0h0k0|sm0fl0HE0fr0;AWP|USP-S|a1h1k0|sm1fl0HE1fr0;AWP|USP-S|a1h1k1|sm1fl0HE0fr0
ct,2400,SSG 08,3250,INTERPOLATED,0,23.0,50,family,0,300,600,,5650,5350,,AWP:71%;none:27%;SSG 08:2%,0.727,0.355,0.156,0.491,0.324,0.074,0.332,0.183,0.968,0.771,none|USP-S|a0h0k0|sm0fl0HE0fr0;AWP|USP-S|a1h1k0|sm1fl0HE1fr0;AWP|USP-S|a1h1k0|sm1fl1HE1fr1
ct,2400,SSG 08,3300,OBSERVED,1,21.2,0,family,0,300,700,,5700,5400,,AWP:72%;none:27%;SSG 08:2%,0.732,0.366,0.157,0.514,0.322,0.081,0.341,0.179,0.951,0.785,none|USP-S|a0h0k0|sm0fl0HE0fr0;AWP|USP-S|a1h1k0|sm1fl1HE1fr1;AWP|USP-S|a1h1k0|sm1fl0HE1fr0
ct,2900,none,2400,OBSERVED,19,115.2,0,none,300,400,600,,5300,4900,,none:95%;MP9:3%;MAG-7:1%,0.336,0.202,0.011,0.321,0.148,0.024,0.23,0.054,1.28,0.669,none|Five-SeveN|a0h0k0|sm0fl0HE0fr0;none|Desert Eagle|a0h0k0|sm0fl0HE0fr0;none|USP-S|a0h0k0|sm0fl0HE0fr0
ct,2900,none,2450,OBSERVED,30,108.3,0,none,300,500,700,,5350,4850,,none:92%;MP9:5%;MAG-7:1%,0.352,0.197,0.02,0.332,0.17,0.048,0.258,0.073,1.301,0.658,none|Five-SeveN|a0h0k0|sm0fl0HE0fr0;none|Desert Eagle|a0h0k0|sm0fl0HE0fr0;none|USP-S|a0h0k0|sm0fl0HE0fr0
ct,2900,none,2500,OBSERVED,68,110.1,0,none,300,500,700,,5400,4900,,none:92%;MP9:3%;MAG-7:1%,0.359,0.142,0.014,0.331,0.15,0.045,0.276,0.067,1.275,0.699,none|Desert Eagle|a0h0k0|sm0fl0HE0fr0;none|Five-SeveN|a0h0k0|sm0fl0HE0fr0;none|USP-S|a0h0k0|sm0fl0HE0fr0
ct,2900,none,2550,OBSERVED,57,108.5,0,none,300,500,700,,5450,4950,,none:94%;MP9:3%;MAG-7:2%,0.331,0.14,0.003,0.306,0.137,0.036,0.263,0.039,1.202,0.66,none|Desert Eagle|a0h0k0|sm0fl0HE0fr0;none|Five-SeveN|a0h0k0|sm0fl0HE0fr0;none|USP-S|a0h0k0|sm0fl0HE0fr0
ct,2900,none,2600,OBSERVED,35,119.3,0,none,300,600,800,,5500,4900,,none:86%;MP9:9%;MP7:2%,0.331,0.157,0.001,0.307,0.135,0.026,0.224,0.026,1.266,0.669,none|Desert Eagle|a0h0k0|sm0fl0HE0fr0;none|USP-S|a0h0k0|sm0fl0HE0fr0;none|Five-SeveN|a0h0k0|sm0fl0HE0fr0
ct,2900,none,2650,OBSERVED,33,113.6,0,none,300,700,1150,,5550,4850,,none:82%;MP9:14%;MP7:2%,0.397,0.173,0.0,0.335,0.129,0.015,0.163,0.033,1.396,0.68,none|Desert Eagle|a0h0k0|sm0fl0HE0fr0;none|USP-S|a0h0k0|sm0fl0HE0fr0;MP9|USP-S|a1h1k0|sm1fl0HE0fr0
ct,2900,none,2700,OBSERVED,24,112.3,0,none,300,700,1250,,5600,4900,,none:81%;MP9:15%;MP7:3%,0.443,0.176,0.0,0.378,0.145,0.023,0.159,0.049,1.457,0.647,none|Desert Eagle|a0h0k0|sm0fl0HE0fr0;none|USP-S|a0h0k0|sm0fl0HE0fr0;MP9|USP-S|a1h1k0|sm1fl0HE0fr0
ct,2900,none,2750,OBSERVED,17,116.0,0,none,300,700,1150,,5650,4950,,none:84%;MP9:12%;MP7:3%,0.441,0.146,0.0,0.385,0.169,0.028,0.186,0.06,1.466,0.606,none|Desert Eagle|a0h0k0|sm0fl0HE0fr0;none|USP-S|a0h0k0|sm0fl0HE0fr0;none|Five-SeveN|a1h0k0|sm0fl0HE0fr0
ct,2900,none,2800,OBSERVED,20,115.2,0,none,500,700,1150,,5700,5000,,none:88%;MP9:9%;MP7:2%,0.439,0.134,0.0,0.377,0.182,0.022,0.198,0.064,1.463,0.569,none|Desert Eagle|a0h0k0|sm0fl0HE0fr0;none|USP-S|a0h0k0|sm0fl0HE0fr0;none|Five-SeveN|a1h0k0|sm0fl0HE0fr0
ct,2900,none,2850,OBSERVED,21,101.4,0,none,500,800,1150,,5750,4950,,none:89%;MP9:8%;FAMAS:1%,0.465,0.152,0.0,0.385,0.18,0.014,0.212,0.062,1.459,0.539,none|Desert Eagle|a0h0k0|sm0fl0HE0fr0;none|USP-S|a0h0k0|sm0fl0HE0fr0;none|Five-SeveN|a1h0k0|sm1fl0HE0fr0
ct,2900,none,2900,OBSERVED,14,105.4,0,none,500,800,1350,,5800,5000,,none:88%;MP9:8%;FAMAS:2%,0.517,0.155,0.0,0.411,0.169,0.007,0.213,0.069,1.491,0.519,none|Desert Eagle|a0h0k0|sm0fl0HE0fr0;none|USP-S|a0h0k0|sm0fl0HE0fr0;none|Five-SeveN|a1h0k0|sm1fl0HE0fr0
ct,2900,none,2950,OBSERVED,16,109.2,0,none,300,800,1450,,5850,5050,,none:87%;MP9:8%;FAMAS:3%,0.559,0.147,0.0,0.421,0.154,0.004,0.22,0.06,1.52,0.528,none|Desert Eagle|a0h0k0|sm0fl0HE0fr0;none|Five-SeveN|a1h0k0|sm1fl0HE0fr0;none|USP-S|a0h0k0|sm0fl0HE0fr0
ct,2900,none,3000,OBSERVED,12,102.0,0,none,300,1000,1450,,5900,4900,,none:83%;MP9:12%;FAMAS:4%,0.603,0.119,0.0,0.451,0.139,0.002,0.263,0.088,1.536,0.533,none|Desert Eagle|a0h0k0|sm0fl0HE0fr0;none|Five-SeveN|a1h0k0|sm1fl0HE0fr0;none|Five-SeveN|a1h0k0|sm0fl0HE0fr0
ct,2900,none,3050,OBSERVED,12,107.0,0,none,300,1100,1650,,5950,4850,,none:81%;MP9:13%;FAMAS:5%,0.622,0.106,0.0,0.462,0.114,0.002,0.274,0.093,1.525,0.553,none|Five-SeveN|a1h0k0|sm1fl0HE0fr0;none|Desert Eagle|a0h0k0|sm0fl0HE0fr0;none|Five-SeveN|a1h0k0|sm0fl0HE0fr0
ct,2900,none,3100,OBSERVED,12,100.7,0,none,300,1150,1750,,6000,4850,,none:80%;MP9:13%;FAMAS:6%,0.623,0.084,0.0,0.476,0.125,0.016,0.267,0.089,1.508,0.545,none|Five-SeveN|a1h0k0|sm1fl0HE0fr0;none|Desert Eagle|a0h0k0|sm0fl0HE0fr0;none|Five-SeveN|a1h0k0|sm0fl0HE0fr0
ct,2900,none,3150,OBSERVED,13,103.3,0,none,300,1150,1650,,6050,4900,,none:82%;MP9:11%;FAMAS:5%,0.605,0.071,0.001,0.473,0.116,0.02,0.262,0.074,1.497,0.545,none|Five-SeveN|a1h0k0|sm1fl0HE0fr0;none|Desert Eagle|a0h0k0|sm0fl0HE0fr0;none|USP-S|a0h0k0|sm0fl0HE0fr0
ct,2900,none,3200,OBSERVED,12,104.4,0,none,300,1150,1750,,6100,4950,,none:81%;MP9:10%;FAMAS:7%,0.601,0.059,0.002,0.488,0.132,0.024,0.283,0.07,1.509,0.533,none|Five-SeveN|a1h0k0|sm1fl0HE0fr0;none|Desert Eagle|a0h0k0|sm0fl0HE0fr0;none|USP-S|a0h0k0|sm0fl0HE0fr0
ct,2900,none,3250,OBSERVED,14,105.3,0,none,300,1150,1750,,6150,5000,,none:82%;MP9:9%;FAMAS:6%,0.58,0.058,0.005,0.486,0.133,0.026,0.276,0.062,1.549,0.543,none|Five-SeveN|a1h0k0|sm1fl0HE0fr0;none|Desert Eagle|a0h0k0|sm0fl0HE0fr0;none|USP-S|a0h0k0|sm0fl0HE0fr0
ct,2900,none,3300,OBSERVED,10,106.2,0,none,300,1150,1650,,6200,5050,,none:82%;MP9:9%;FAMAS:6%,0.561,0.057,0.009,0.484,0.136,0.028,0.267,0.055,1.612,0.551,none|Five-SeveN|a1h0k0|sm1fl0HE0fr0;none|USP-S|a0h0k0|sm0fl0HE0fr0;none|Desert Eagle|a0h0k0|sm0fl0HE0fr0
ct,2900,none,3350,OBSERVED,8,100.2,0,none,300,1150,1750,,6250,5100,,none:82%;MP9:9%;FAMAS:6%,0.549,0.072,0.012,0.49,0.138,0.03,0.266,0.063,1.674,0.552,none|Five-SeveN|a1h0k0|sm1fl0HE0fr0;none|USP-S|a0h0k0|sm0fl0HE0fr0;none|Desert Eagle|a0h0k0|sm0fl0HE0fr0
ct,2900,none,3400,OBSERVED,8,100.8,0,none,300,1300,1800,,6300,5000,,none:77%;MP9:11%;FAMAS:8%,0.559,0.071,0.014,0.515,0.189,0.031,0.294,0.097,1.742,0.552,none|Five-SeveN|a1h0k0|sm1fl0HE0fr0;none|USP-S|a0h0k0|sm0fl0HE0fr0;none|Desert Eagle|a0h0k0|sm0fl0HE0fr0
ct,2900,none,3450,OBSERVED,8,101.4,0,none,300,1300,2100,,6350,5050,,none:75%;MP9:12%;FAMAS:7%,0.566,0.085,0.028,0.528,0.204,0.046,0.274,0.107,1.797,0.538,none|Five-SeveN|a1h0k0|sm1fl0HE0fr0;none|USP-S|a0h0k0|sm0fl0HE0fr0;none|Desert Eagle|a0h0k0|sm0fl0HE0fr0
ct,2900,none,3500,OBSERVED,5,101.7,0,none,300,1300,2100,,6400,5100,,none:75%;MP9:13%;FAMAS:7%,0.562,0.087,0.028,0.526,0.208,0.048,0.262,0.104,1.842,0.541,none|Five-SeveN|a1h0k0|sm1fl0HE0fr0;none|USP-S|a0h0k0|sm0fl0HE0fr0;none|Desert Eagle|a0h0k0|sm0fl0HE0fr0
ct,2900,none,3550,OBSERVED,8,101.1,0,none,300,1450,3050,,6450,5000,,none:66%;MP9:15%;FAMAS:7%,0.609,0.128,0.026,0.515,0.226,0.045,0.283,0.126,1.883,0.508,none|Five-SeveN|a1h0k0|sm1fl0HE0fr0;none|USP-S|a0h0k0|sm0fl0HE0fr0;none|Desert Eagle|a0h0k0|sm0fl0HE0fr0
ct,2900,none,3600,OBSERVED,5,100.0,0,none,500,1450,3200,,6500,5050,,none:62%;MP9:16%;FAMAS:11%,0.633,0.129,0.034,0.541,0.258,0.044,0.29,0.175,1.922,0.489,none|Five-SeveN|a1h0k0|sm1fl0HE0fr0;none|USP-S|a0h0k0|sm0fl0HE0fr0;none|Desert Eagle|a0h0k0|sm0fl0HE0fr0
ct,2900,none,3650,OBSERVED,5,106.4,0,none,500,1450,3350,,6550,5100,,none:62%;MP9:17%;FAMAS:10%,0.638,0.134,0.034,0.546,0.267,0.046,0.288,0.183,1.968,0.492,none|Five-SeveN|a1h0k0|sm1fl0HE0fr0;none|USP-S|a0h0k0|sm0fl0HE0fr0;none|Desert Eagle|a0h0k0|sm0fl0HE0fr0
ct,2900,none,3700,OBSERVED,7,102.3,0,none,500,1450,3400,,6600,5150,,none:61%;MP9:18%;FAMAS:10%,0.644,0.144,0.034,0.555,0.28,0.047,0.291,0.196,1.986,0.489,none|Five-SeveN|a1h0k0|sm1fl0HE0fr0;none|Desert Eagle|a0h0k0|sm0fl0HE0fr0;none|USP-S|a0h0k0|sm0fl0HE0fr0
ct,2900,none,3750,OBSERVED,5,101.4,0,none,700,1900,3550,,6650,4750,,none:52%;MP9:18%;M4A1-S:13%,0.692,0.146,0.03,0.534,0.365,0.057,0.283,0.195,1.984,0.484,none|Desert Eagle|a0h0k0|sm0fl0HE0fr0;none|Five-SeveN|a1h0k0|sm1fl0HE0fr0;none|USP-S|a0h0k0|sm0fl0HE0fr0
ct,2900,none,3800,OBSERVED,13,104.6,0,none,700,1900,3550,,6700,4800,,none:52%;MP9:19%;M4A1-S:13%,0.696,0.149,0.029,0.539,0.376,0.06,0.282,0.201,1.945,0.483,none|Desert Eagle|a0h0k0|sm0fl0HE0fr0;none|Five-SeveN|a1h0k0|sm1fl0HE0fr0;none|USP-S|a0h0k0|sm0fl0HE0fr0
ct,2900,none,3850,OBSERVED,2,102.8,0,none,700,2200,3550,,6750,4550,,none:48%;MP9:19%;M4A1-S:15%,0.716,0.146,0.027,0.566,0.373,0.061,0.269,0.199,1.865,0.469,MP9|USP-S|a1h1k0|sm1fl1HE1fr1;none|Desert Eagle|a0h0k0|sm0fl0HE0fr0;none|Five-SeveN|a1h0k0|sm1fl0HE0fr0
ct,2900,none,3900,OBSERVED,2,103.9,0,none,700,2300,3600,,6800,4500,,none:46%;MP9:18%;M4A1-S:14%,0.728,0.143,0.025,0.584,0.395,0.061,0.288,0.225,1.735,0.473,MP9|USP-S|a1h1k0|sm1fl1HE1fr1;none|Desert Eagle|a0h0k0|sm0fl0HE0fr0;none|Five-SeveN|a1h0k0|sm1fl0HE0fr0
ct,2900,none,3950,OBSERVED,1,106.4,0,none,800,2600,3600,,6850,4250,,none:45%;MP9:19%;M4A1-S:15%,0.736,0.148,0.028,0.595,0.408,0.063,0.291,0.236,1.542,0.471,MP9|USP-S|a1h1k0|sm1fl1HE1fr1;none|Desert Eagle|a0h0k0|sm0fl0HE0fr0;none|USP-S|a0h0k0|sm0fl0HE0fr0
ct,2900,none,4000,OBSERVED,4,108.5,0,none,1000,2600,3700,,6900,4300,,none:43%;MP9:19%;M4A1-S:16%,0.744,0.148,0.028,0.607,0.405,0.064,0.304,0.252,1.3,0.455,MP9|USP-S|a1h1k0|sm1fl1HE1fr1;none|Desert Eagle|a0h0k0|sm0fl0HE0fr0;none|USP-S|a0h0k0|sm0fl0HE0fr0
ct,2900,none,4050,OBSERVED,7,110.8,0,none,1400,3550,3850,,6950,3400,,none:34%;M4A1-S:22%;MP9:16%,0.798,0.125,0.024,0.688,0.509,0.055,0.267,0.246,1.048,0.488,M4A1-S|USP-S|a1h0k0|sm1fl1HE0fr0;M4A4|USP-S|a1h0k0|sm1fl1HE0fr0;MP9|USP-S|a1h1k0|sm1fl1HE1fr1
ct,2900,none,4100,OBSERVED,5,101.5,0,none,1450,3550,3850,,7000,3450,,none:32%;M4A1-S:23%;MP9:16%,0.809,0.124,0.024,0.701,0.525,0.056,0.272,0.257,0.825,0.493,M4A1-S|USP-S|a1h0k0|sm1fl1HE0fr0;M4A4|USP-S|a1h0k0|sm1fl1HE0fr0;MP9|USP-S|a1h1k0|sm1fl1HE1fr1
ct,2900,none,4150,OBSERVED,13,113.1,0,none,3550,4050,4150,,7050,3000,,M4A1-S:37%;M4A4:23%;none:16%,0.904,0.137,0.068,0.825,0.442,0.044,0.497,0.256,0.686,0.525,M4A1-S|USP-S|a1h0k0|sm1fl0HE1fr0;M4A4|USP-S|a1h0k0|sm1fl0HE1fr0;M4A1-S|USP-S|a1h0k0|sm1fl1HE0fr0
ct,2900,none,4200,OBSERVED,7,114.3,0,none,3750,4050,4150,,7100,3050,,M4A1-S:42%;M4A4:25%;MP9:13%,0.93,0.216,0.067,0.867,0.421,0.039,0.496,0.259,0.635,0.516,M4A1-S|USP-S|a1h0k0|sm1fl0HE1fr0;M4A4|USP-S|a1h0k0|sm1fl0HE1fr0;M4A1-S|USP-S|a1h0k0|sm1fl1HE0fr0
ct,2900,none,4250,OBSERVED,7,114.0,0,none,3950,4150,4150,,7150,3000,,M4A1-S:45%;M4A4:25%;MP9:11%,0.953,0.234,0.064,0.908,0.48,0.122,0.473,0.261,0.616,0.503,M4A1-S|USP-S|a1h0k0|sm1fl0HE1fr0;M4A4|USP-S|a1h0k0|sm1fl0HE1fr0;M4A1-S|USP-S|a1h0k0|sm1fl2HE0fr0
ct,2900,none,4300,OBSERVED,18,106.7,0,none,4050,4150,4200,,7200,3050,,M4A1-S:44%;M4A4:25%;FAMAS:11%,0.958,0.239,0.087,0.913,0.497,0.129,0.485,0.281,0.561,0.49,M4A1-S|USP-S|a1h0k0|sm1fl0HE1fr0;M4A4|USP-S|a1h0k0|sm1fl0HE1fr0;M4A1-S|USP-S|a1h0k0|sm1fl2HE0fr0
ct,2900,none,4350,OBSERVED,17,103.8,0,none,4200,4350,4350,,7250,2900,,M4A4:44%;M4A1-S:43%;FAMAS:6%,0.988,0.168,0.041,0.957,0.451,0.1,0.412,0.517,0.433,0.582,M4A4|USP-S|a1h0k0|sm1fl0HE0fr1;M4A1-S|USP-S|a1h0k0|sm1fl0HE0fr1;M4A4|USP-S|a1h0k0|sm1fl1HE1fr0
ct,2900,none,4400,OBSERVED,27,121.1,0,none,4350,4350,4350,,7300,2950,,M4A4:47%;M4A1-S:46%;FAMAS:3%,0.998,0.228,0.026,0.976,0.525,0.09,0.326,0.525,0.209,0.636,M4A4|USP-S|a1h0k0|sm1fl0HE0fr1;M4A1-S|USP-S|a1h0k0|sm1fl0HE0fr1;M4A1-S|USP-S|a1h1k0|sm1fl1HE0fr0
ct,2900,none,4450,OBSERVED,53,130.7,0,none,4350,4350,4350,,7350,3000,,M4A1-S:49%;M4A4:43%;FAMAS:6%,1.0,0.216,0.044,0.984,0.531,0.126,0.318,0.531,0.118,0.644,M4A1-S|USP-S|a1h0k0|sm1fl0HE0fr1;M4A4|USP-S|a1h0k0|sm1fl0HE0fr1;M4A1-S|USP-S|a1h1k0|sm1fl1HE0fr0
ct,2900,none,4500,OBSERVED,64,108.6,0,none,4350,4350,4400,,7400,3050,,M4A1-S:48%;M4A4:43%;FAMAS:8%,1.0,0.271,0.042,0.994,0.474,0.153,0.416,0.537,0.106,0.611,M4A1-S|USP-S|a1h0k0|sm1fl0HE0fr1;M4A4|USP-S|a1h0k0|sm1fl0HE0fr1;M4A1-S|USP-S|a1h0k0|sm1fl1HE1fr0
ct,2900,none,4550,OBSERVED,38,136.1,0,none,4350,4500,4550,,7450,2950,,M4A4:49%;M4A1-S:44%;FAMAS:4%,1.0,0.225,0.033,0.965,0.643,0.128,0.456,0.583,0.064,0.622,M4A4|USP-S|a1h0k0|sm1fl1HE0fr1;M4A1-S|USP-S|a1h0k0|sm1fl1HE0fr1;M4A1-S|USP-S|a1h0k0|sm1fl0HE0fr1
ct,2900,none,4600,OBSERVED,43,108.8,0,none,4500,4550,4550,,7500,2950,,M4A4:52%;M4A1-S:43%;FAMAS:2%,1.0,0.275,0.034,0.927,0.731,0.153,0.421,0.564,0.105,0.627,M4A4|USP-S|a1h0k0|sm1fl1HE0fr1;M4A1-S|USP-S|a1h0k0|sm1fl1HE0fr1;M4A1-S|USP-S|a1h0k0|sm1fl1HE1fr1
ct,2900,none,4650,OBSERVED,33,117.6,0,none,4550,4550,4650,,7550,3000,,M4A4:51%;M4A1-S:45%;MP9:1%,1.0,0.203,0.017,0.928,0.548,0.145,0.594,0.674,0.199,0.727,M4A4|USP-S|a1h0k0|sm1fl0HE1fr1;M4A1-S|USP-S|a1h0k0|sm1fl0HE1fr1;M4A4|USP-S|a1h0k0|sm1fl1HE0fr1
ct,2900,none,4700,OBSERVED,25,100.3,0,none,4550,4650,4650,,7600,2950,,M4A4:51%;M4A1-S:46%;MP9:1%,1.0,0.259,0.007,0.942,0.45,0.116,0.607,0.707,0.204,0.67,M4A4|USP-S|a1h0k0|sm1fl0HE1fr1;M4A1-S|USP-S|a1h0k0|sm1fl0HE1fr1;M4A1-S|USP-S|a1h0k0|sm1fl1HE1fr1
ct,2900,none,4750,OBSERVED,22,110.5,0,none,4650,4650,4700,,7650,3000,,M4A1-S:51%;M4A4:46%;AK-47:2%,0.994,0.291,0.007,0.959,0.461,0.146,0.556,0.737,0.118,0.606,M4A1-S|USP-S|a1h0k0|sm1fl0HE1fr1;M4A4|USP-S|a1h0k0|sm1fl0HE1fr1;M4A1-S|USP-S|a1h0k0|sm1fl1HE1fr1
ct,2900,none,4800,OBSERVED,25,101.2,0,none,4650,4650,4700,,7700,3050,,M4A1-S:52%;M4A4:43%;AK-47:2%,0.982,0.32,0.013,0.962,0.477,0.147,0.537,0.755,0.045,0.597,M4A1-S|USP-S|a1h0k0|sm1fl0HE1fr1;M4A4|USP-S|a1h0k0|sm1fl0HE1fr1;M4A1-S|USP-S|a1h0k0|sm1fl1HE1fr1
ct,2900,none,4850,OBSERVED,25,109.2,0,none,4650,4750,4850,,7750,3000,,M4A1-S:55%;M4A4:40%;AK-47:2%,0.976,0.227,0.013,0.979,0.65,0.104,0.637,0.852,0.021,0.701,M4A1-S|USP-S|a1h0k0|sm1fl1HE1fr1;M4A4|USP-S|a1h0k0|sm1fl1HE1fr1;M4A1-S|USP-S|a1h0k0|sm1fl0HE1fr1
ct,2900,none,4900,OBSERVED,21,112.0,0,none,4700,4850,4850,,7800,2950,,M4A1-S:51%;M4A4:45%;AWP:2%,0.976,0.338,0.024,0.984,0.781,0.083,0.578,0.864,0.011,0.726,M4A1-S|USP-S|a1h0k0|sm1fl1HE1fr1;M4A4|USP-S|a1h0k0|sm1fl1HE1fr1;M4A1-S|USP-S|a1h1k0|sm1fl1HE0fr1
ct,2900,none,4950,OBSERVED,18,110.1,0,none,4750,4850,4850,,7850,3000,,M4A4:48%;M4A1-S:46%;AWP:5%,0.955,0.299,0.024,0.96,0.82,0.066,0.582,0.863,-0.0,0.738,M4A1-S|USP-S|a1h0k0|sm1fl1HE1fr1;M4A4|USP-S|a1h0k0|sm1fl1HE1fr1;M4A4|USP-S|a1h1k0|sm1fl1HE0fr1
ct,2900,none,5000,OBSERVED,13,107.1,0,none,4850,4850,4900,,7900,3050,,M4A4:53%;M4A1-S:42%;AWP:4%,0.959,0.314,0.025,0.947,0.798,0.048,0.611,0.883,0.011,0.747,M4A4|USP-S|a1h0k0|sm1fl1HE1fr1;M4A1-S|USP-S|a1h0k0|sm1fl1HE1fr1;M4A4|USP-S|a1h1k0|sm1fl1HE0fr1
ct,2900,none,5050,OBSERVED,12,105.4,0,none,4850,4850,5000,,7950,3100,,M4A4:55%;M4A1-S:39%;AWP:4%,0.964,0.24,0.101,0.942,0.735,0.03,0.67,0.91,0.029,0.714,M4A4|USP-S|a1h0k0|sm1fl1HE1fr1;M4A1-S|USP-S|a1h0k0|sm1fl1HE1fr1;M4A4|USP-S|a1h0k0|sm1fl1HE0fr1
ct,2900,none,5100,OBSERVED,6,103.0,0,none,4850,4850,5000,,8000,3150,,M4A4:57%;M4A1-S:37%;AWP:4%,0.965,0.236,0.115,0.945,0.72,0.04,0.675,0.912,0.06,0.703,M4A4|USP-S|a1h0k0|sm1fl1HE1fr1;M4A1-S|USP-S|a1h0k0|sm1fl1HE1fr1;M4A4|USP-S|a1h1k0|sm1fl1HE0fr1
ct,2900,none,5150,OBSERVED,10,107.3,0,none,4850,4850,5050,,8050,3200,,M4A4:56%;M4A1-S:37%;AWP:4%,0.964,0.233,0.115,0.945,0.712,0.042,0.674,0.904,0.087,0.686,M4A4|USP-S|a1h0k0|sm1fl1HE1fr1;M4A1-S|USP-S|a1h0k0|sm1fl1HE1fr1;M4A4|USP-S|a1h1k0|sm1fl1HE0fr1
ct,2900,none,5200,OBSERVED,9,108.1,0,none,4850,5000,5050,,8100,3100,,M4A4:56%;M4A1-S:38%;AWP:3%,0.971,0.376,0.105,0.956,0.767,0.043,0.741,0.901,0.1,0.706,M4A4|USP-S|a1h0k0|sm1fl1HE1fr1;M4A1-S|USP-S|a1h0k0|sm1fl1HE1fr1;M4A4|USP-S|a1h1k0|sm1fl1HE1fr1
ct,2900,none,5250,OBSERVED,9,100.5,0,none,4850,5050,5200,,8150,3100,,M4A4:54%;M4A1-S:38%;AWP:5%,0.949,0.357,0.167,0.962,0.8,0.05,0.735,0.87,0.106,0.659,M4A4|USP-S|a1h0k0|sm1fl1HE1fr1;M4A1-S|USP-S|a1h0k0|sm1fl1HE1fr1;M4A4|USP-S|a1h1k0|sm1fl1HE1fr1
ct,2900,none,5300,OBSERVED,9,102.2,0,none,4850,5050,5200,,8200,3150,,M4A4:53%;M4A1-S:39%;AWP:5%,0.948,0.365,0.173,0.963,0.809,0.051,0.741,0.868,0.106,0.663,M4A4|USP-S|a1h0k0|sm1fl1HE1fr1;M4A1-S|USP-S|a1h0k0|sm1fl1HE1fr1;M4A4|USP-S|a1h1k0|sm1fl1HE1fr1
ct,2900,none,5350,OBSERVED,7,104.4,0,none,4850,5050,5200,,8250,3200,,M4A4:53%;M4A1-S:39%;AWP:5%,0.948,0.369,0.177,0.964,0.815,0.051,0.744,0.866,0.1,0.664,M4A4|USP-S|a1h0k0|sm1fl1HE1fr1;M4A1-S|USP-S|a1h0k0|sm1fl1HE1fr1;M4A4|USP-S|a1h1k0|sm1fl1HE1fr1
ct,2900,none,5400,OBSERVED,3,106.7,0,none,4850,5050,5200,,8300,3250,,M4A4:46%;M4A1-S:38%;AWP:14%,0.953,0.344,0.163,0.876,0.753,0.043,0.705,0.787,0.094,0.655,M4A4|USP-S|a1h0k0|sm1fl1HE1fr1;M4A4|USP-S|a1h1k0|sm1fl1HE1fr1;M4A1-S|USP-S|a1h1k0|sm1fl1HE1fr1
ct,2900,none,5450,OBSERVED,2,101.6,0,none,4850,5050,5250,,8350,3300,,M4A4:45%;M4A1-S:37%;AWP:15%,0.955,0.334,0.176,0.866,0.749,0.042,0.702,0.778,0.087,0.661,M4A4|USP-S|a1h0k0|sm1fl1HE1fr1;M4A4|USP-S|a1h1k0|sm1fl1HE1fr1;M4A1-S|USP-S|a1h1k0|sm1fl1HE1fr1
ct,2900,none,5500,OBSERVED,4,102.9,0,none,4850,5100,5250,,8400,3300,,M4A4:45%;M4A1-S:37%;AWP:16%,0.957,0.328,0.177,0.858,0.743,0.042,0.696,0.767,0.081,0.66,M4A4|USP-S|a1h0k0|sm1fl1HE1fr1;M4A4|USP-S|a1h1k0|sm1fl1HE1fr1;M4A1-S|USP-S|a1h0k0|sm1fl1HE1fr1
ct,2900,none,5550,OBSERVED,3,103.4,0,none,4850,5050,5250,,8450,3400,,M4A4:44%;M4A1-S:38%;AWP:16%,0.958,0.323,0.173,0.858,0.736,0.044,0.688,0.763,0.074,0.647,M4A4|USP-S|a1h0k0|sm1fl1HE1fr1;M4A1-S|USP-S|a1h0k0|sm1fl1HE1fr1;M4A4|USP-S|a1h1k0|sm1fl1HE1fr1
ct,2900,none,5600,OBSERVED,3,103.2,0,none,4850,5200,5250,,8500,3300,,M4A4:42%;M4A1-S:36%;AWP:20%,0.963,0.331,0.202,0.828,0.758,0.038,0.681,0.723,0.074,0.627,M4A4|USP-S|a1h0k0|sm1fl1HE1fr1;M4A4|USP-S|a1h1k0|sm1fl1HE1fr1;M4A1-S|USP-S|a1h0k0|sm1fl1HE1fr1
ct,2900,none,5650,OBSERVED,2,102.5,0,none,4850,5200,5400,,8550,3350,,M4A4:42%;M4A1-S:36%;AWP:20%,0.964,0.33,0.206,0.826,0.757,0.039,0.678,0.717,0.067,0.624,M4A4|USP-S|a1h0k0|sm1fl1HE1fr1;M4A4|USP-S|a1h1k0|sm1fl1HE1fr1;M4A1-S|USP-S|a1h0k0|sm1fl1HE1fr1
ct,2900,none,5700,OBSERVED,3,101.3,0,none,4850,5200,5400,,8600,3400,,M4A4:38%;M4A1-S:32%;AWP:28%,0.968,0.297,0.188,0.842,0.73,0.035,0.609,0.658,0.062,0.593,M4A4|USP-S|a1h0k0|sm1fl1HE1fr1;M4A1-S|USP-S|a1h0k0|sm1fl1HE1fr1;M4A4|USP-S|a1h1k0|sm1fl1HE1fr1
ct,2900,none,5750,OBSERVED,4,100.1,0,none,4850,5200,5400,,8650,3450,,M4A4:36%;AWP:31%;M4A1-S:31%,0.97,0.32,0.182,0.815,0.703,0.034,0.582,0.63,0.06,0.569,M4A4|USP-S|a1h0k0|sm1fl1HE1fr1;M4A1-S|USP-S|a1h0k0|sm1fl1HE1fr1;M4A4|USP-S|a1h1k0|sm1fl1HE1fr1
ct,2900,none,5800,INTERPOLATED,0,105.1,50,none,4850,5200,5450,,8700,3500,,M4A4:36%;AWP:32%;M4A1-S:31%,0.971,0.319,0.183,0.816,0.7,0.035,0.577,0.626,0.06,0.566,M4A4|USP-S|a1h0k0|sm1fl1HE1fr1;M4A1-S|USP-S|a1h0k0|sm1fl1HE1fr1;M4A4|USP-S|a1h1k0|sm1fl1HE1fr1
ct,2900,none,5850,OBSERVED,3,104.1,0,none,4850,5200,5450,,8750,3550,,M4A4:36%;AWP:32%;M4A1-S:31%,0.972,0.319,0.183,0.817,0.698,0.035,0.574,0.624,0.06,0.561,M4A4|USP-S|a1h0k0|sm1fl1HE1fr1;M4A1-S|USP-S|a1h0k0|sm1fl1HE1fr1;M4A4|USP-S|a1h1k0|sm1fl1HE1fr1
ct,2900,none,5900,OBSERVED,1,103.4,0,none,4900,5250,5600,,8800,3550,,AWP:40%;M4A4:31%;M4A1-S:27%,0.976,0.284,0.166,0.798,0.693,0.048,0.506,0.584,0.06,0.559,AWP|USP-S|a1h0k0|sm1fl1HE0fr0;M4A4|USP-S|a1h0k0|sm1fl1HE1fr1;M4A1-S|USP-S|a1h0k0|sm1fl1HE1fr1
ct,2900,none,5950,OBSERVED,3,103.1,0,none,4900,5250,5700,,8850,3600,,AWP:40%;M4A4:31%;M4A1-S:27%,0.976,0.282,0.165,0.799,0.692,0.05,0.502,0.583,0.054,0.555,AWP|USP-S|a1h0k0|sm1fl1HE0fr0;M4A4|USP-S|a1h0k0|sm1fl1HE1fr1;M4A1-S|USP-S|a1h0k0|sm1fl1HE1fr1
ct,2900,none,6000,OBSERVED,2,103.1,0,none,4900,5250,5700,,8900,3650,,AWP:41%;M4A4:31%;M4A1-S:27%,0.977,0.275,0.16,0.805,0.678,0.05,0.51,0.572,0.054,0.54,AWP|USP-S|a1h0k0|sm1fl1HE0fr0;M4A4|USP-S|a1h0k0|sm1fl1HE1fr1;M4A1-S|USP-S|a1h0k0|sm1fl1HE1fr1
ct,3400,none,2900,OBSERVED,1,103.9,0,none,1000,1450,1650,,6300,4850,,none:94%;MP9:4%;SSG 08:1%,0.71,0.024,0.0,0.705,0.194,0.014,0.171,0.011,1.008,0.707,none|Five-SeveN|a1h0k0|sm1fl0HE0fr0;none|Five-SeveN|a1h0k0|sm1fl0HE1fr0;none|Five-SeveN|a1h0k0|sm1fl1HE0fr0
ct,3400,none,2950,OBSERVED,12,101.3,0,none,1000,1450,1650,,6350,4900,,none:94%;MP9:4%;SSG 08:1%,0.707,0.024,0.0,0.706,0.194,0.014,0.17,0.011,1.013,0.707,none|Five-SeveN|a1h0k0|sm1fl0HE0fr0;none|Five-SeveN|a1h0k0|sm1fl0HE1fr0;none|Five-SeveN|a1h0k0|sm1fl1HE0fr0
ct,3400,none,3000,OBSERVED,24,100.5,0,none,1000,1450,1650,,6400,4950,,none:91%;MP9:5%;SSG 08:1%,0.711,0.033,0.0,0.719,0.196,0.013,0.192,0.03,1.026,0.693,none|Five-SeveN|a1h0k0|sm1fl0HE0fr0;none|Five-SeveN|a1h0k0|sm1fl0HE1fr0;none|Five-SeveN|a1h0k0|sm1fl1HE0fr0
ct,3400,none,3050,OBSERVED,22,102.9,0,none,1000,1450,1650,,6450,5000,,none:88%;MP9:8%;SSG 08:1%,0.71,0.062,0.0,0.739,0.225,0.013,0.202,0.053,1.054,0.677,none|Five-SeveN|a1h0k0|sm1fl0HE0fr0;none|Five-SeveN|a1h0k0|sm1fl1HE0fr0;none|Five-SeveN|a1h0k0|sm1fl0HE1fr0
ct,3400,none,3100,OBSERVED,20,102.6,0,none,1000,1450,1650,,6500,5050,,none:86%;MP9:12%;SSG 08:1%,0.714,0.063,0.012,0.756,0.242,0.024,0.196,0.077,1.092,0.654,none|Five-SeveN|a1h0k0|sm1fl0HE0fr0;none|Five-SeveN|a1h0k0|sm1fl1HE0fr0;none|Five-SeveN|a1h0k0|sm1fl0HE1fr0
ct,3400,none,3150,OBSERVED,17,101.5,0,none,1000,1450,1700,,6550,5100,,none:85%;MP9:12%;SSG 08:1%,0.719,0.061,0.012,0.742,0.247,0.028,0.2,0.071,1.114,0.633,none|Five-SeveN|a1h0k0|sm1fl0HE0fr0;none|Five-SeveN|a1h0k0|sm1fl1HE0fr0;none|Five-SeveN|a1h0k0|sm1fl0HE1fr0
ct,3400,none,3200,OBSERVED,7,100.7,0,none,1000,1450,1750,,6600,5150,,none:84%;MP9:13%;M4A1-S:1%,0.728,0.056,0.01,0.722,0.244,0.032,0.205,0.06,1.111,0.611,none|Five-SeveN|a1h0k0|sm1fl0HE0fr0;none|Five-SeveN|a1h0k0|sm1fl1HE0fr0;none|Five-SeveN|a1h0k0|sm1fl0HE1fr0
ct,3400,none,3250,OBSERVED,3,110.2,0,none,1000,1450,1750,,6650,5200,,none:83%;MP9:13%;SSG 08:2%,0.737,0.049,0.007,0.689,0.234,0.037,0.217,0.044,1.073,0.601,none|Five-SeveN|a1h0k0|sm1fl0HE0fr0;none|Five-SeveN|a1h0k0|sm1fl0HE1fr0;none|Five-SeveN|a1h0k0|sm1fl1HE0fr0
ct,3400,none,3300,OBSERVED,13,107.1,0,none,1150,1650,1750,,6700,5050,,none:80%;MP9:14%;SSG 08:3%,0.751,0.045,0.004,0.671,0.229,0.057,0.226,0.031,1.055,0.594,none|Five-SeveN|a1h0k0|sm1fl0HE0fr0;none|Five-SeveN|a1h0k0|sm1fl0HE1fr0;none|Five-SeveN|a1h0k0|sm1fl1HE0fr0
ct,3400,none,3350,OBSERVED,15,113.9,0,none,1150,1650,1900,,6750,5100,,none:78%;MP9:16%;SSG 08:3%,0.767,0.051,0.005,0.672,0.217,0.062,0.24,0.036,1.076,0.596,none|Five-SeveN|a1h0k0|sm1fl0HE0fr0;none|Five-SeveN|a1h0k0|sm1fl0HE1fr0;none|Desert Eagle|a1h0k0|sm1fl0HE0fr0
ct,3400,none,3400,OBSERVED,12,104.2,0,none,1350,1700,1950,,6800,5100,,none:73%;MP9:18%;FAMAS:4%,0.792,0.069,0.016,0.698,0.209,0.061,0.257,0.083,1.086,0.574,none|Five-SeveN|a1h0k0|sm1fl0HE1fr0;none|Five-SeveN|a1h0k0|sm1fl0HE0fr0;none|Desert Eagle|a1h0k0|sm1fl0HE0fr0
ct,3400,none,3450,OBSERVED,10,109.9,0,none,1400,1750,2100,,6850,5100,,none:70%;MP9:21%;FAMAS:5%,0.814,0.097,0.024,0.727,0.216,0.066,0.265,0.113,1.163,0.561,none|Five-SeveN|a1h0k0|sm1fl0HE1fr0;none|Five-SeveN|a1h0k0|sm1fl0HE0fr0;MP9|USP-S|a1h0k0|sm1fl0HE0fr0
ct,3400,none,3500,OBSERVED,28,105.6,0,none,1450,1750,2200,,6900,5150,,none:67%;MP9:23%;FAMAS:5%,0.838,0.147,0.036,0.746,0.236,0.073,0.289,0.162,1.225,0.521,none|Five-SeveN|a1h0k0|sm1fl0HE1fr0;MP9|USP-S|a1h0k0|sm1fl0HE0fr0;none|Five-SeveN|a1h0k0|sm1fl0HE0fr0
ct,3400,none,3550,OBSERVED,34,103.1,0,none,1450,1900,2550,,6950,5050,,none:60%;MP9:24%;FAMAS:7%,0.866,0.205,0.046,0.749,0.303,0.089,0.343,0.206,1.267,0.445,MP9|USP-S|a1h0k0|sm1fl0HE0fr0;none|Five-SeveN|a1h0k0|sm1fl0HE1fr0;none|Five-SeveN|a1h0k0|sm1fl0HE0fr0
ct,3400,none,3600,OBSERVED,24,106.6,0,none,1500,2000,3400,,7000,5000,,none:55%;MP9:24%;FAMAS:13%,0.882,0.183,0.075,0.762,0.357,0.103,0.352,0.242,1.273,0.403,MP9|USP-S|a1h0k0|sm1fl0HE0fr0;none|Five-SeveN|a1h0k0|sm1fl0HE1fr0;none|Five-SeveN|a1h0k0|sm0fl0HE0fr0
ct,3400,none,3650,OBSERVED,20,108.3,0,none,1650,2200,3100,,7050,4850,,none:53%;MP9:24%;FAMAS:11%,0.872,0.142,0.069,0.748,0.358,0.092,0.332,0.221,1.271,0.397,MP9|USP-S|a1h0k0|sm1fl0HE0fr0;none|Five-SeveN|a1h0k0|sm1fl0HE1fr0;none|Five-SeveN|a1h0k0|sm0fl0HE0fr0
ct,3400,none,3700,OBSERVED,24,107.2,0,none,1500,2200,2900,,7100,4900,,none:54%;MP9:24%;FAMAS:9%,0.853,0.136,0.051,0.73,0.321,0.082,0.327,0.196,1.353,0.411,MP9|USP-S|a1h0k0|sm1fl0HE0fr0;none|Five-SeveN|a1h0k0|sm1fl0HE1fr0;M4A1-S|USP-S|a1h0k0|sm0fl0HE0fr0
ct,3400,none,3750,OBSERVED,8,112.9,0,none,1650,2200,3400,,7150,4950,,none:50%;MP9:22%;M4A1-S:10%,0.854,0.14,0.047,0.707,0.332,0.072,0.337,0.183,1.5,0.406,MP9|USP-S|a1h0k0|sm1fl0HE0fr0;none|Five-SeveN|a1h0k0|sm1fl0HE1fr0;M4A1-S|USP-S|a1h0k0|sm0fl0HE0fr0
ct,3400,none,3800,OBSERVED,13,100.3,0,none,1750,2200,3550,,7200,5000,,none:48%;MP9:23%;M4A1-S:9%,0.86,0.144,0.053,0.715,0.333,0.087,0.366,0.196,1.572,0.404,MP9|USP-S|a1h0k0|sm1fl0HE0fr0;none|Five-SeveN|a1h0k0|sm1fl0HE1fr0;M4A1-S|USP-S|a1h0k0|sm0fl1HE0fr0
ct,3400,none,3850,OBSERVED,17,108.4,0,none,1950,2500,3850,,7250,4750,,none:35%;M4A1-S:23%;MP9:18%,0.905,0.109,0.034,0.764,0.263,0.085,0.305,0.17,1.549,0.47,M4A1-S|USP-S|a1h0k0|sm1fl0HE0fr0;MP9|USP-S|a1h0k0|sm1fl0HE0fr0;M4A4|USP-S|a1h0k0|sm1fl0HE0fr0
ct,3400,none,3900,OBSERVED,16,105.1,0,none,2050,2600,3850,,7300,4700,,none:32%;M4A1-S:24%;MP9:18%,0.921,0.1,0.026,0.768,0.266,0.089,0.308,0.174,1.496,0.477,M4A1-S|USP-S|a1h0k0|sm1fl0HE0fr0;M4A4|USP-S|a1h0k0|sm1fl0HE0fr0;MP9|USP-S|a1h0k0|sm1fl0HE0fr0
ct,3400,none,3950,OBSERVED,9,102.8,0,none,2100,2600,3850,,7350,4750,,none:32%;M4A1-S:23%;MP9:20%,0.928,0.1,0.023,0.755,0.272,0.092,0.312,0.172,1.444,0.479,M4A1-S|USP-S|a1h0k0|sm1fl0HE0fr0;M4A4|USP-S|a1h0k0|sm1fl0HE0fr0;MP9|USP-S|a1h0k0|sm1fl0HE0fr0
ct,3400,none,4000,OBSERVED,11,102.2,0,none,2100,2600,3850,,7400,4800,,none:31%;M4A1-S:22%;MP9:22%,0.936,0.105,0.018,0.74,0.277,0.095,0.315,0.168,1.405,0.485,M4A1-S|USP-S|a1h0k0|sm1fl0HE0fr0;M4A4|USP-S|a1h0k0|sm1fl0HE0fr0;MP9|USP-S|a1h0k0|sm1fl0HE0fr0
ct,3400,none,4050,OBSERVED,8,103.6,0,none,2150,2900,3850,,7450,4550,,none:28%;M4A1-S:24%;MP9:21%,0.947,0.105,0.013,0.748,0.353,0.088,0.288,0.145,1.381,0.498,M4A1-S|USP-S|a1h0k0|sm1fl0HE0fr0;M4A4|USP-S|a1h0k0|sm1fl1HE0fr0;M4A4|USP-S|a1h0k0|sm1fl0HE0fr0
ct,3400,none,4100,OBSERVED,6,105.7,0,none,2150,2900,3850,,7500,4600,,none:28%;M4A1-S:25%;MP9:21%,0.951,0.144,0.012,0.717,0.39,0.085,0.291,0.144,1.364,0.461,M4A1-S|USP-S|a1h0k0|sm1fl0HE0fr0;M4A4|USP-S|a1h0k0|sm1fl1HE0fr0;MP9|USP-S|a1h0k0|sm1fl0HE0fr0
ct,3400,none,4150,OBSERVED,3,107.3,0,none,2200,3550,3850,,7550,4000,,M4A1-S:29%;none:25%;MP9:20%,0.96,0.145,0.009,0.731,0.382,0.078,0.343,0.135,1.333,0.445,M4A1-S|USP-S|a1h0k0|sm1fl0HE0fr0;M4A4|USP-S|a1h0k0|sm1fl1HE0fr0;M4A1-S|USP-S|a1h0k0|sm1fl1HE0fr0
ct,3400,none,4200,OBSERVED,6,100.6,0,none,2200,3550,4050,,7600,4050,,M4A1-S:29%;none:24%;MP9:20%,0.963,0.174,0.008,0.74,0.381,0.085,0.356,0.14,1.286,0.421,M4A1-S|USP-S|a1h0k0|sm1fl0HE0fr0;M4A4|USP-S|a1h0k0|sm1fl1HE0fr0;M4A1-S|USP-S|a1h0k0|sm1fl1HE0fr0
ct,3400,none,4250,OBSERVED,10,104.0,0,none,2200,3550,4050,,7650,4100,,M4A1-S:30%;none:24%;MP9:19%,0.966,0.191,0.008,0.75,0.402,0.1,0.354,0.151,1.226,0.399,M4A1-S|USP-S|a1h0k0|sm1fl0HE0fr0;M4A1-S|USP-S|a1h0k0|sm1fl1HE0fr0;M4A4|USP-S|a1h0k0|sm1fl1HE0fr0
ct,3400,none,4300,OBSERVED,6,102.3,0,none,2200,3550,4050,,7700,4150,,M4A1-S:30%;none:23%;MP9:19%,0.967,0.195,0.021,0.759,0.401,0.103,0.355,0.165,1.136,0.382,M4A1-S|USP-S|a1h0k0|sm1fl0HE0fr0;M4A1-S|USP-S|a1h0k0|sm1fl1HE0fr0;M4A1-S|USP-S|a1h0k0|sm1fl0HE1fr0
ct,3400,none,4350,OBSERVED,7,104.7,0,none,2550,4050,4350,,7750,3700,,M4A1-S:43%;M4A4:20%;none:16%,0.982,0.156,0.017,0.827,0.401,0.08,0.417,0.316,1.021,0.435,M4A1-S|USP-S|a1h0k0|sm1fl0HE0fr1;M4A1-S|USP-S|a1h0k0|sm1fl1HE1fr0;M4A4|USP-S|a1h0k0|sm1fl0HE0fr1
ct,3400,none,4400,OBSERVED,10,102.2,0,none,2700,4100,4350,,7800,3700,,M4A1-S:43%;M4A4:22%;none:14%,0.985,0.18,0.028,0.846,0.43,0.077,0.424,0.338,0.9,0.423,M4A1-S|USP-S|a1h0k0|sm1fl0HE0fr1;M4A1-S|USP-S|a1h0k0|sm1fl1HE1fr0;M4A4|USP-S|a1h0k0|sm1fl0HE0fr1
ct,3400,none,4450,OBSERVED,5,103.0,0,none,2700,4150,4350,,7850,3700,,M4A1-S:43%;M4A4:23%;MP9:14%,0.985,0.18,0.029,0.854,0.434,0.077,0.428,0.349,0.758,0.419,M4A1-S|USP-S|a1h0k0|sm1fl0HE0fr1;M4A1-S|USP-S|a1h0k0|sm1fl1HE1fr0;M4A4|USP-S|a1h0k0|sm1fl0HE0fr1
ct,3400,none,4500,OBSERVED,8,105.8,0,none,2700,4150,4350,,7900,3750,,M4A1-S:42%;M4A4:24%;MP9:14%,0.986,0.191,0.03,0.86,0.433,0.076,0.438,0.352,0.614,0.412,M4A1-S|USP-S|a1h0k0|sm1fl0HE0fr1;M4A1-S|USP-S|a1h0k0|sm1fl1HE1fr0;M4A4|USP-S|a1h0k0|sm1fl0HE0fr1
ct,3400,none,4550,OBSERVED,10,109.4,0,none,3750,4350,4400,,7950,3600,,M4A1-S:44%;M4A4:32%;MP9:11%,0.993,0.164,0.026,0.906,0.551,0.073,0.411,0.516,0.479,0.5,M4A4|USP-S|a1h0k0|sm1fl1HE0fr1;M4A1-S|USP-S|a1h0k0|sm1fl0HE0fr1;M4A4|USP-S|a1h0k0|sm1fl0HE0fr1
ct,3400,none,4600,OBSERVED,4,101.6,0,none,3900,4350,4550,,8000,3650,,M4A1-S:45%;M4A4:34%;MP9:10%,0.995,0.184,0.071,0.922,0.583,0.085,0.433,0.557,0.381,0.5,M4A4|USP-S|a1h0k0|sm1fl1HE0fr1;M4A1-S|USP-S|a1h0k0|sm1fl0HE0fr1;M4A1-S|USP-S|a1h0k0|sm1fl1HE1fr1
ct,3400,none,4650,OBSERVED,10,104.1,0,none,4350,4550,4650,,8050,3500,,M4A1-S:48%;M4A4:43%;MP9:5%,1.0,0.105,0.061,0.973,0.449,0.052,0.633,0.77,0.323,0.699,M4A1-S|USP-S|a1h0k0|sm1fl0HE1fr1;M4A4|USP-S|a1h0k0|sm1fl0HE1fr1;M4A4|USP-S|a1h0k0|sm1fl1HE0fr1
ct,3400,none,4700,OBSERVED,18,107.2,0,none,4550,4650,4650,,8100,3450,,M4A4:47%;M4A1-S:47%;MP9:4%,1.0,0.223,0.056,0.983,0.438,0.046,0.629,0.785,0.274,0.653,M4A1-S|USP-S|a1h0k0|sm1fl0HE1fr1;M4A4|USP-S|a1h0k0|sm1fl0HE1fr1;M4A4|USP-S|a1h0k0|sm1fl1HE0fr1
ct,3400,none,4750,OBSERVED,19,101.9,0,none,4550,4650,4650,,8150,3500,,M4A4:48%;M4A1-S:47%;MP9:4%,1.0,0.237,0.067,0.982,0.452,0.078,0.616,0.799,0.214,0.625,M4A1-S|USP-S|a1h0k0|sm1fl0HE1fr1;M4A4|USP-S|a1h0k0|sm1fl0HE1fr1;M4A4|USP-S|a1h0k0|sm1fl1HE0fr1
ct,3400,none,4800,OBSERVED,17,107.3,0,none,4550,4650,4650,,8200,3550,,M4A4:47%;M4A1-S:46%;MP9:4%,0.989,0.252,0.073,0.968,0.446,0.081,0.615,0.792,0.124,0.609,M4A1-S|USP-S|a1h0k0|sm1fl0HE1fr1;M4A4|USP-S|a1h0k0|sm1fl0HE1fr1;M4A1-S|USP-S|a1h0k0|sm1fl1HE1fr1
ct,3400,none,4850,OBSERVED,27,102.1,0,none,4650,4850,4850,,8250,3400,,M4A4:52%;M4A1-S:46%;AWP:1%,0.987,0.161,0.039,0.982,0.695,0.057,0.805,0.875,0.038,0.785,M4A4|USP-S|a1h0k0|sm1fl1HE1fr1;M4A1-S|USP-S|a1h0k0|sm1fl1HE1fr1;M4A4|USP-S|a1h0k0|sm1fl0HE1fr1
ct,3400,none,4900,OBSERVED,29,113.3,0,none,4850,4850,4850,,8300,3450,,M4A4:53%;M4A1-S:46%;AWP:1%,0.991,0.336,0.022,0.99,0.865,0.056,0.715,0.905,0.011,0.813,M4A4|USP-S|a1h0k0|sm1fl1HE1fr1;M4A1-S|USP-S|a1h0k0|sm1fl1HE1fr1;M4A1-S|USP-S|a1h1k0|sm1fl1HE0fr1
ct,3400,none,4950,OBSERVED,28,102.1,0,none,4850,4850,4900,,8350,3500,,M4A4:53%;M4A1-S:47%;AWP:0%,0.997,0.351,0.036,0.986,0.884,0.045,0.705,0.929,-0.0,0.851,M4A1-S|USP-S|a1h0k0|sm1fl1HE1fr1;M4A4|USP-S|a1h0k0|sm1fl1HE1fr1;M4A4|USP-S|a1h1k0|sm1fl1HE0fr1
ct,3400,none,5000,OBSERVED,32,120.2,0,none,4850,4850,4900,,8400,3550,,M4A4:53%;M4A1-S:47%;MP9:0%,0.999,0.449,0.052,0.98,0.756,0.035,0.722,0.931,0.06,0.787,M4A1-S|USP-S|a1h0k0|sm1fl1HE1fr1;M4A4|USP-S|a1h0k0|sm1fl1HE1fr1;M4A4|USP-S|a1h1k0|sm1fl1HE0fr1
ct,3400,none,5050,OBSERVED,24,104.3,0,none,4850,4850,5000,,8450,3600,,M4A1-S:52%;M4A4:47%;MP9:0%,1.0,0.393,0.094,0.969,0.761,0.032,0.772,0.925,0.158,0.74,M4A1-S|USP-S|a1h0k0|sm1fl1HE1fr1;M4A4|USP-S|a1h0k0|sm1fl1HE1fr1;M4A1-S|USP-S|a1h1k0|sm1fl0HE1fr1
ct,3400,none,5100,OBSERVED,28,109.0,0,none,4850,4900,5000,,8500,3600,,M4A4:49%;M4A1-S:49%;MP9:2%,1.0,0.413,0.102,0.954,0.756,0.07,0.776,0.874,0.286,0.693,M4A1-S|USP-S|a1h0k0|sm1fl1HE1fr1;M4A4|USP-S|a1h0k0|sm1fl1HE1fr1;M4A1-S|USP-S|a1h1k0|sm1fl0HE1fr1
ct,3400,none,5150,OBSERVED,40,110.5,0,none,4850,5000,5000,,8550,3550,,M4A4:52%;M4A1-S:46%;MP9:2%,1.0,0.4,0.12,0.957,0.749,0.072,0.772,0.872,0.291,0.689,M4A1-S|USP-S|a1h0k0|sm1fl1HE1fr1;M4A4|USP-S|a1h0k0|sm1fl1HE1fr1;M4A1-S|USP-S|a1h1k0|sm1fl0HE1fr1
ct,3400,none,5200,OBSERVED,29,113.4,0,none,4850,5050,5200,,8600,3550,,M4A4:58%;M4A1-S:40%;MP9:2%,1.0,0.602,0.081,0.964,0.848,0.049,0.794,0.925,0.184,0.783,M4A4|USP-S|a1h1k0|sm1fl1HE1fr1;M4A4|USP-S|a1h0k0|sm1fl1HE1fr1;M4A1-S|USP-S|a1h0k0|sm1fl1HE1fr1
ct,3400,none,5250,OBSERVED,32,115.8,0,none,5050,5200,5200,,8650,3450,,M4A4:52%;M4A1-S:45%;MP9:1%,0.992,0.557,0.237,0.973,0.911,0.024,0.834,0.948,0.13,0.805,M4A4|USP-S|a1h1k0|sm1fl1HE1fr1;M4A1-S|USP-S|a1h1k0|sm1fl1HE1fr1;M4A1-S|USP-S|a1h0k1|sm1fl1HE1fr1
ct,3400,none,5300,OBSERVED,23,100.8,0,none,5100,5200,5200,,8700,3500,,M4A4:49%;M4A1-S:49%;MP9:2%,0.988,0.535,0.307,0.969,0.931,0.012,0.847,0.951,0.118,0.799,M4A4|USP-S|a1h1k0|sm1fl1HE1fr1;M4A1-S|USP-S|a1h1k0|sm1fl1HE1fr1;M4A1-S|USP-S|a1h0k1|sm1fl1HE1fr1
ct,3400,none,5350,OBSERVED,13,109.5,0,none,5100,5200,5250,,8750,3550,,M4A4:49%;M4A1-S:49%;MP9:1%,0.989,0.532,0.325,0.961,0.942,0.008,0.863,0.954,0.1,0.823,M4A4|USP-S|a1h1k0|sm1fl1HE1fr1;M4A1-S|USP-S|a1h1k0|sm1fl1HE1fr1;M4A1-S|USP-S|a1h0k1|sm1fl1HE1fr1
ct,3400,none,5400,OBSERVED,21,112.7,0,none,5200,5200,5250,,8800,3600,,M4A4:51%;M4A1-S:44%;AWP:4%,0.994,0.594,0.309,0.914,0.879,0.02,0.884,0.927,0.094,0.817,M4A4|USP-S|a1h1k0|sm1fl1HE1fr1;M4A1-S|USP-S|a1h1k0|sm1fl1HE1fr1;M4A1-S|USP-S|a1h0k1|sm1fl1HE1fr1
ct,3400,none,5450,OBSERVED,19,103.4,0,none,5200,5200,5400,,8850,3650,,M4A4:56%;M4A1-S:38%;AWP:5%,0.997,0.586,0.337,0.899,0.87,0.044,0.899,0.913,0.106,0.821,M4A4|USP-S|a1h1k0|sm1fl1HE1fr1;M4A1-S|USP-S|a1h1k0|sm1fl1HE1fr1;M4A4|USP-S|a1h0k1|sm1fl1HE1fr1
ct,3400,none,5500,OBSERVED,20,101.4,0,none,5200,5200,5400,,8900,3700,,M4A4:59%;M4A1-S:35%;AWP:5%,0.998,0.582,0.341,0.893,0.865,0.052,0.906,0.907,0.112,0.821,M4A4|USP-S|a1h1k0|sm1fl1HE1fr1;M4A1-S|USP-S|a1h1k0|sm1fl1HE1fr1;M4A4|USP-S|a1h0k1|sm1fl1HE1fr1
ct,3400,none,5550,OBSERVED,13,101.1,0,none,5200,5200,5400,,8950,3750,,M4A4:61%;M4A1-S:33%;AWP:4%,0.999,0.562,0.349,0.89,0.861,0.054,0.907,0.897,0.106,0.818,M4A4|USP-S|a1h1k0|sm1fl1HE1fr1;M4A4|USP-S|a1h0k1|sm1fl1HE1fr1;M4A1-S|USP-S|a1h1k0|sm1fl1HE1fr1
ct,3400,none,5600,OBSERVED,19,109.6,0,none,5200,5400,5600,,9000,3600,,M4A4:57%;M4A1-S:30%;AWP:10%,1.0,0.602,0.455,0.855,0.897,0.038,0.84,0.853,0.112,0.755,M4A4|USP-S|a1h1k0|sm1fl1HE1fr1;M4A4|USP-S|a1h0k1|sm1fl1HE1fr1;M4A1-S|USP-S|a1h1k0|sm1fl1HE1fr1
ct,3400,none,5650,OBSERVED,16,103.6,0,none,5200,5400,5600,,9050,3650,,M4A4:57%;M4A1-S:31%;AWP:9%,1.0,0.594,0.518,0.863,0.9,0.031,0.834,0.852,0.13,0.744,M4A4|USP-S|a1h0k1|sm1fl1HE1fr1;M4A4|USP-S|a1h1k0|sm1fl1HE1fr1;M4A4|USP-S|a1h1k1|sm1fl1HE1fr1
ct,3400,none,5700,OBSERVED,20,107.7,0,none,5250,5600,5600,,9100,3500,,M4A4:48%;M4A1-S:26%;AWP:23%,1.0,0.495,0.489,0.893,0.815,0.036,0.698,0.733,0.153,0.684,M4A4|USP-S|a1h1k1|sm1fl1HE1fr1;M4A4|USP-S|a1h0k1|sm1fl1HE1fr1;M4A4|USP-S|a1h1k0|sm1fl1HE1fr1
ct,3400,none,5750,OBSERVED,14,102.3,0,none,5250,5600,5600,,9150,3550,,M4A4:46%;M4A1-S:26%;AWP:26%,1.0,0.471,0.495,0.909,0.8,0.038,0.676,0.72,0.169,0.682,M4A4|USP-S|a1h1k1|sm1fl1HE1fr1;M4A4|USP-S|a1h0k1|sm1fl1HE1fr1;AWP|USP-S|a1h0k0|sm1fl0HE0fr0
ct,3400,none,5800,OBSERVED,12,105.5,0,none,5250,5600,5600,,9200,3600,,M4A4:48%;M4A1-S:25%;AWP:24%,1.0,0.489,0.532,0.924,0.813,0.037,0.699,0.744,0.158,0.705,M4A4|USP-S|a1h1k1|sm1fl1HE1fr1;M4A4|USP-S|a1h0k1|sm1fl1HE1fr1;M4A1-S|USP-S|a1h1k1|sm1fl1HE1fr1
ct,3400,none,5850,OBSERVED,11,105.4,0,none,5250,5600,5600,,9250,3650,,M4A4:50%;M4A1-S:25%;AWP:23%,1.0,0.499,0.556,0.933,0.824,0.036,0.721,0.766,0.136,0.719,M4A4|USP-S|a1h1k1|sm1fl1HE1fr1;M4A4|USP-S|a1h0k1|sm1fl1HE1fr1;M4A1-S|USP-S|a1h1k1|sm1fl1HE1fr1
ct,3400,none,5900,OBSERVED,11,103.6,0,none,5250,5600,5700,,9300,3700,,M4A4:43%;AWP:35%;M4A1-S:20%,1.0,0.416,0.487,0.956,0.861,0.095,0.642,0.682,0.112,0.714,M4A4|USP-S|a1h1k1|sm1fl1HE1fr1;M4A4|USP-S|a1h0k1|sm1fl1HE1fr1;M4A1-S|USP-S|a1h1k1|sm1fl1HE1fr1
ct,3400,none,5950,OBSERVED,11,103.3,0,none,5250,5600,5800,,9350,3750,,M4A4:44%;AWP:35%;M4A1-S:20%,1.0,0.413,0.491,0.961,0.869,0.104,0.649,0.684,0.087,0.718,M4A4|USP-S|a1h1k1|sm1fl1HE1fr1;M4A4|USP-S|a1h0k1|sm1fl1HE1fr1;AWP|USP-S|a1h0k0|sm1fl2HE0fr0
ct,3400,none,6000,OBSERVED,11,104.9,0,none,5400,5600,5900,,9400,3800,,AWP:44%;M4A4:39%;M4A1-S:16%,1.0,0.349,0.43,0.974,0.819,0.114,0.699,0.607,0.074,0.702,M4A4|USP-S|a1h1k1|sm1fl1HE1fr1;M4A4|USP-S|a1h0k1|sm1fl1HE1fr1;AWP|USP-S|a1h0k0|sm1fl2HE0fr0
ct,3400,AK-47,2950,OBSERVED,6,30.0,0,family,300,700,800,,6350,5650,,M4A4:63%;M4A1-S:27%;MP9:6%,1.0,0.456,0.199,0.917,0.476,0.06,0.492,0.382,0.347,0.515,M4A4|USP-S|a1h1k0|sm1fl0HE0fr0;M4A4|USP-S|a1h0k0|sm1fl0HE0fr0;M4A4|USP-S|a1h0k0|sm1fl0HE1fr1
ct,3400,AK-47,3000,OBSERVED,2,30.9,0,family,300,700,800,,6400,5700,,M4A4:62%;M4A1-S:27%;MP9:6%,1.0,0.463,0.2,0.917,0.48,0.06,0.498,0.389,0.347,0.503,M4A4|USP-S|a1h1k0|sm1fl0HE0fr0;M4A4|USP-S|a1h0k0|sm1fl0HE0fr0;M4A4|USP-S|a1h1k1|sm1fl1HE1fr1
ct,3400,AK-47,3050,OBSERVED,2,31.8,0,family,300,700,800,,6450,5750,,M4A4:62%;M4A1-S:28%;MP9:6%,1.0,0.471,0.202,0.917,0.484,0.06,0.503,0.395,0.347,0.498,M4A4|USP-S|a1h1k0|sm1fl0HE0fr0;M4A4|USP-S|a1h0k0|sm1fl0HE0fr0;M4A4|USP-S|a1h1k1|sm1fl1HE1fr1
ct,3400,AK-47,3100,OBSERVED,5,32.6,0,family,300,700,800,,6500,5800,,M4A4:61%;M4A1-S:28%;MP9:6%,1.0,0.479,0.203,0.917,0.488,0.061,0.509,0.402,0.347,0.497,M4A4|USP-S|a1h1k0|sm1fl0HE0fr0;M4A4|USP-S|a1h0k0|sm1fl0HE0fr0;M4A4|USP-S|a1h1k1|sm1fl1HE1fr1
ct,3400,AK-47,3150,INTERPOLATED,0,33.3,50,family,300,700,800,,6550,5850,,M4A4:60%;M4A1-S:28%;MP9:6%,1.0,0.488,0.205,0.917,0.493,0.061,0.515,0.409,0.347,0.495,M4A4|USP-S|a1h1k0|sm1fl0HE0fr0;M4A4|USP-S|a1h0k0|sm1fl0HE0fr0;M4A4|USP-S|a1h1k1|sm1fl1HE1fr1
ct,3400,AK-47,3200,INTERPOLATED,0,33.9,50,family,300,700,900,,6600,5900,,M4A4:60%;M4A1-S:29%;MP9:6%,1.0,0.497,0.207,0.917,0.497,0.061,0.522,0.416,0.347,0.494,M4A4|USP-S|a1h1k0|sm1fl0HE0fr0;M4A4|USP-S|a1h0k0|sm1fl0HE0fr0;M4A4|USP-S|a1h1k1|sm1fl1HE1fr1
ct,3400,AK-47,3250,OBSERVED,1,34.3,0,family,300,700,900,,6650,5950,,M4A4:59%;M4A1-S:29%;MP9:6%,1.0,0.506,0.21,0.916,0.502,0.061,0.528,0.424,0.343,0.494,M4A4|USP-S|a1h1k0|sm1fl0HE0fr0;M4A4|USP-S|a1h0k0|sm1fl0HE0fr0;M4A1-S|USP-S|a1h1k1|sm1fl1HE1fr1
ct,3400,AK-47,3300,OBSERVED,1,34.7,0,family,300,700,900,,6700,6000,,M4A4:58%;M4A1-S:29%;MP9:6%,1.0,0.515,0.213,0.916,0.507,0.061,0.535,0.431,0.343,0.496,M4A4|USP-S|a1h1k0|sm1fl0HE0fr0;M4A4|USP-S|a1h0k0|sm1fl0HE0fr0;M4A1-S|USP-S|a1h1k1|sm1fl1HE1fr1
ct,3400,AK-47,3350,INTERPOLATED,0,34.8,50,family,300,700,1000,,6750,6050,,M4A4:58%;M4A1-S:30%;MP9:6%,1.0,0.524,0.216,0.915,0.512,0.061,0.542,0.439,0.339,0.501,M4A4|USP-S|a1h1k0|sm1fl0HE0fr0;M4A1-S|USP-S|a1h1k1|sm1fl1HE1fr1;M4A4|USP-S|a1h0k0|sm1fl0HE0fr0
ct,3400,AK-47,3400,OBSERVED,1,34.9,0,family,300,700,1000,,6800,6100,,M4A4:57%;M4A1-S:30%;MP9:6%,1.0,0.533,0.219,0.913,0.517,0.061,0.55,0.446,0.335,0.507,M4A4|USP-S|a1h1k0|sm1fl0HE0fr0;M4A1-S|USP-S|a1h1k1|sm1fl1HE1fr1;M4A4|USP-S|a1h1k1|sm1fl1HE1fr1
ct,3400,AK-47,3450,OBSERVED,3,34.7,0,family,300,700,1100,,6850,6150,,M4A4:56%;M4A1-S:31%;MP9:6%,1.0,0.542,0.223,0.912,0.522,0.06,0.557,0.454,0.331,0.517,M4A4|USP-S|a1h1k0|sm1fl0HE0fr0;M4A1-S|USP-S|a1h1k1|sm1fl1HE1fr1;M4A4|USP-S|a1h1k1|sm1fl1HE1fr1
ct,3400,AK-47,3500,OBSERVED,1,34.5,0,family,300,800,1100,,6900,6100,,M4A4:55%;M4A1-S:31%;MP9:6%,1.0,0.551,0.228,0.91,0.527,0.06,0.565,0.462,0.327,0.528,M4A4|USP-S|a1h1k0|sm1fl0HE0fr0;M4A1-S|USP-S|a1h1k1|sm1fl1HE1fr1;M4A4|USP-S|a1h1k1|sm1fl1HE1fr1
ct,3400,AK-47,3550,OBSERVED,3,34.1,0,family,300,800,1100,,6950,6150,,M4A4:54%;M4A1-S:31%;MP9:6%,1.0,0.56,0.233,0.908,0.532,0.059,0.573,0.47,0.323,0.538,M4A4|USP-S|a1h1k0|sm1fl0HE0fr0;M4A1-S|USP-S|a1h1k1|sm1fl1HE1fr1;M4A4|USP-S|a1h1k1|sm1fl1HE1fr1
ct,3400,AK-47,3600,OBSERVED,4,33.6,0,family,300,800,1100,,7000,6200,,M4A4:54%;M4A1-S:32%;MP9:6%,1.0,0.568,0.238,0.905,0.537,0.059,0.582,0.479,0.315,0.549,M4A4|USP-S|a1h1k0|sm1fl0HE0fr0;M4A1-S|USP-S|a1h1k1|sm1fl1HE1fr1;M4A4|USP-S|a1h1k1|sm1fl1HE1fr1
ct,3400,AK-47,3650,OBSERVED,2,33.1,0,family,300,800,1100,,7050,6250,,M4A4:53%;M4A1-S:32%;MP9:6%,1.0,0.576,0.244,0.902,0.542,0.058,0.59,0.487,0.311,0.56,M4A4|USP-S|a1h1k0|sm1fl0HE0fr0;M4A1-S|USP-S|a1h1k1|sm1fl1HE1fr1;M4A4|USP-S|a1h1k1|sm1fl1HE1fr1
ct,3400,AK-47,3700,OBSERVED,1,32.5,0,family,300,800,1200,,7100,6300,,M4A4:52%;M4A1-S:33%;MP9:5%,1.0,0.583,0.251,0.899,0.547,0.057,0.599,0.496,0.303,0.571,M4A1-S|USP-S|a1h1k1|sm1fl1HE1fr1;M4A4|USP-S|a1h1k0|sm1fl0HE0fr0;M4A4|USP-S|a1h1k1|sm1fl1HE1fr1
ct,3400,AK-47,3750,OBSERVED,1,31.8,0,family,300,800,1200,,7150,6350,,M4A4:51%;M4A1-S:33%;MP9:5%,1.0,0.589,0.259,0.895,0.552,0.056,0.609,0.506,0.295,0.582,M4A1-S|USP-S|a1h1k1|sm1fl1HE1fr1;M4A4|USP-S|a1h1k0|sm1fl0HE0fr0;M4A4|USP-S|a1h1k1|sm1fl1HE1fr1
ct,3400,AK-47,3800,INTERPOLATED,0,31.1,50,family,300,800,1300,,7200,6400,,M4A4:50%;M4A1-S:33%;MP9:5%,1.0,0.595,0.267,0.891,0.558,0.055,0.619,0.515,0.286,0.593,M4A1-S|USP-S|a1h1k1|sm1fl1HE1fr1;M4A4|USP-S|a1h1k0|sm1fl0HE0fr0;M4A4|USP-S|a1h1k1|sm1fl1HE1fr1
ct,3400,AK-47,3850,OBSERVED,1,30.4,0,family,300,800,1300,,7250,6450,,M4A4:50%;M4A1-S:34%;MP9:5%,1.0,0.6,0.276,0.887,0.563,0.053,0.629,0.526,0.278,0.604,M4A1-S|USP-S|a1h1k1|sm1fl1HE1fr1;M4A4|USP-S|a1h1k0|sm1fl0HE0fr0;M4A4|USP-S|a1h1k1|sm1fl1HE1fr1
ct,3400,AK-47,3900,INTERPOLATED,0,29.7,50,family,300,800,1550,,7300,6500,,M4A4:49%;M4A1-S:34%;MP9:5%,1.0,0.603,0.286,0.882,0.569,0.052,0.64,0.538,0.269,0.615,M4A1-S|USP-S|a1h1k1|sm1fl1HE1fr1;M4A4|USP-S|a1h1k0|sm1fl0HE0fr0;M4A4|USP-S|a1h1k1|sm1fl1HE1fr1
ct,3400,AK-47,3950,INTERPOLATED,0,29.0,100,family,300,800,1550,,7350,6550,,M4A4:48%;M4A1-S:34%;MP9:4%,1.0,0.605,0.298,0.877,0.575,0.05,0.651,0.55,0.26,0.628,M4A1-S|USP-S|a1h1k1|sm1fl1HE1fr1;M4A4|USP-S|a1h1k0|sm1fl0HE0fr0;M4A4|USP-S|a1h1k1|sm1fl1HE1fr1
ct,3400,AK-47,4000,INTERPOLATED,0,28.2,150,family,300,800,1550,,7400,6600,,M4A4:47%;M4A1-S:35%;AWP:5%,1.0,0.606,0.311,0.871,0.581,0.048,0.663,0.563,0.247,0.643,M4A1-S|USP-S|a1h1k1|sm1fl1HE1fr1;M4A4|USP-S|a1h1k0|sm1fl0HE0fr0;M4A4|USP-S|a1h1k1|sm1fl1HE1fr1
ct,3400,AK-47,4050,INTERPOLATED,0,27.4,100,family,300,800,1550,,7450,6650,,M4A4:47%;M4A1-S:35%;AWP:5%,1.0,0.605,0.325,0.866,0.588,0.046,0.676,0.578,0.238,0.659,M4A1-S|USP-S|a1h1k1|sm1fl1HE1fr1;M4A4|USP-S|a1h1k0|sm1fl0HE0fr0;M4A4|USP-S|a1h1k1|sm1fl1HE1fr1
ct,3400,AK-47,4100,INTERPOLATED,0,26.5,50,family,300,900,1700,,7500,6600,,M4A4:46%;M4A1-S:35%;AWP:6%,1.0,0.603,0.341,0.86,0.595,0.043,0.689,0.595,0.224,0.674,M4A1-S|USP-S|a1h1k1|sm1fl1HE1fr1;M4A4|USP-S|a1h1k0|sm1fl0HE0fr0;M4A4|USP-S|a1h1k1|sm1fl1HE1fr1
ct,3400,AK-47,4150,OBSERVED,1,25.7,0,family,300,1000,1700,,7550,6550,,M4A4:45%;M4A1-S:36%;AWP:7%,1.0,0.598,0.358,0.855,0.604,0.041,0.702,0.613,0.209,0.689,M4A1-S|USP-S|a1h1k1|sm1fl1HE1fr1;M4A4|USP-S|a1h1k1|sm1fl1HE1fr1;M4A4|USP-S|a1h1k0|sm1fl0HE0fr0
ct,3400,AK-47,4200,INTERPOLATED,0,24.7,50,family,300,1000,1700,,7600,6600,,M4A4:44%;M4A1-S:36%;AWP:7%,1.0,0.592,0.377,0.851,0.614,0.038,0.716,0.632,0.199,0.701,M4A1-S|USP-S|a1h1k1|sm1fl1HE1fr1;M4A4|USP-S|a1h1k1|sm1fl1HE1fr1;M4A4|USP-S|a1h1k0|sm1fl0HE0fr0
ct,3400,AK-47,4250,OBSERVED,1,23.7,0,family,600,1100,1700,,7650,6550,,M4A4:43%;M4A1-S:37%;AWP:8%,1.0,0.584,0.399,0.847,0.625,0.036,0.73,0.653,0.184,0.718,M4A1-S|USP-S|a1h1k1|sm1fl1HE1fr1;M4A4|USP-S|a1h1k1|sm1fl1HE1fr1;M4A4|USP-S|a1h0k0|sm1fl0HE1fr1
ct,3400,AK-47,4300,INTERPOLATED,0,22.6,50,family,600,1100,1700,,7700,6600,,M4A4:42%;M4A1-S:37%;AWP:8%,1.0,0.575,0.422,0.844,0.638,0.033,0.745,0.676,0.169,0.738,M4A1-S|USP-S|a1h1k1|sm1fl1HE1fr1;M4A4|USP-S|a1h0k0|sm1fl0HE1fr1;M4A4|USP-S|a1h1k1|sm1fl1HE1fr1
ct,3400,AK-47,4350,OBSERVED,1,21.4,0,family,600,1100,1700,,7750,6650,,M4A4:41%;M4A1-S:38%;AWP:9%,1.0,0.563,0.446,0.843,0.653,0.03,0.759,0.701,0.153,0.756,M4A1-S|USP-S|a1h1k1|sm1fl1HE1fr1;M4A4|USP-S|a1h0k0|sm1fl0HE1fr1;M4A4|USP-S|a1h1k1|sm1fl1HE1fr1
ct,3400,AK-47,4400,INTERPOLATED,0,20.2,50,family,600,1200,1700,,7800,6600,,M4A4:40%;M4A1-S:39%;AWP:9%,1.0,0.551,0.472,0.843,0.669,0.026,0.772,0.727,0.136,0.783,M4A1-S|USP-S|a1h1k1|sm1fl1HE1fr1;M4A4|USP-S|a1h0k0|sm1fl0HE1fr1;M4A4|USP-S|a1h1k1|sm1fl1HE1fr1
ct,3400,AUG,2950,OBSERVED,6,30.0,0,family,300,700,800,,6350,5650,,M4A4:63%;M4A1-S:27%;MP9:6%,1.0,0.456,0.199,0.917,0.476,0.06,0.492,0.382,0.347,0.515,M4A4|USP-S|a1h1k0|sm1fl0HE0fr0;M4A4|USP-S|a1h0k0|sm1fl0HE0fr0;M4A4|USP-S|a1h0k0|sm1fl0HE1fr1
ct,3400,AUG,3000,OBSERVED,2,30.9,0,family,300,700,800,,6400,5700,,M4A4:62%;M4A1-S:27%;MP9:6%,1.0,0.463,0.2,0.917,0.48,0.06,0.498,0.389,0.347,0.503,M4A4|USP-S|a1h1k0|sm1fl0HE0fr0;M4A4|USP-S|a1h0k0|sm1fl0HE0fr0;M4A4|USP-S|a1h1k1|sm1fl1HE1fr1
ct,3400,AUG,3050,OBSERVED,2,31.8,0,family,300,700,800,,6450,5750,,M4A4:62%;M4A1-S:28%;MP9:6%,1.0,0.471,0.202,0.917,0.484,0.06,0.503,0.395,0.347,0.498,M4A4|USP-S|a1h1k0|sm1fl0HE0fr0;M4A4|USP-S|a1h0k0|sm1fl0HE0fr0;M4A4|USP-S|a1h1k1|sm1fl1HE1fr1
ct,3400,AUG,3100,OBSERVED,5,32.6,0,family,300,700,800,,6500,5800,,M4A4:61%;M4A1-S:28%;MP9:6%,1.0,0.479,0.203,0.917,0.488,0.061,0.509,0.402,0.347,0.497,M4A4|USP-S|a1h1k0|sm1fl0HE0fr0;M4A4|USP-S|a1h0k0|sm1fl0HE0fr0;M4A4|USP-S|a1h1k1|sm1fl1HE1fr1
ct,3400,AUG,3150,INTERPOLATED,0,33.3,50,family,300,700,800,,6550,5850,,M4A4:60%;M4A1-S:28%;MP9:6%,1.0,0.488,0.205,0.917,0.493,0.061,0.515,0.409,0.347,0.495,M4A4|USP-S|a1h1k0|sm1fl0HE0fr0;M4A4|USP-S|a1h0k0|sm1fl0HE0fr0;M4A4|USP-S|a1h1k1|sm1fl1HE1fr1
ct,3400,AUG,3200,INTERPOLATED,0,33.9,50,family,300,700,900,,6600,5900,,M4A4:60%;M4A1-S:29%;MP9:6%,1.0,0.497,0.207,0.917,0.497,0.061,0.522,0.416,0.347,0.494,M4A4|USP-S|a1h1k0|sm1fl0HE0fr0;M4A4|USP-S|a1h0k0|sm1fl0HE0fr0;M4A4|USP-S|a1h1k1|sm1fl1HE1fr1
ct,3400,AUG,3250,OBSERVED,1,34.3,0,family,300,700,900,,6650,5950,,M4A4:59%;M4A1-S:29%;MP9:6%,1.0,0.506,0.21,0.916,0.502,0.061,0.528,0.424,0.343,0.494,M4A4|USP-S|a1h1k0|sm1fl0HE0fr0;M4A4|USP-S|a1h0k0|sm1fl0HE0fr0;M4A1-S|USP-S|a1h1k1|sm1fl1HE1fr1
ct,3400,AUG,3300,OBSERVED,1,34.7,0,family,300,700,900,,6700,6000,,M4A4:58%;M4A1-S:29%;MP9:6%,1.0,0.515,0.213,0.916,0.507,0.061,0.535,0.431,0.343,0.496,M4A4|USP-S|a1h1k0|sm1fl0HE0fr0;M4A4|USP-S|a1h0k0|sm1fl0HE0fr0;M4A1-S|USP-S|a1h1k1|sm1fl1HE1fr1
ct,3400,AUG,3350,INTERPOLATED,0,34.8,50,family,300,700,1000,,6750,6050,,M4A4:58%;M4A1-S:30%;MP9:6%,1.0,0.524,0.216,0.915,0.512,0.061,0.542,0.439,0.339,0.501,M4A4|USP-S|a1h1k0|sm1fl0HE0fr0;M4A1-S|USP-S|a1h1k1|sm1fl1HE1fr1;M4A4|USP-S|a1h0k0|sm1fl0HE0fr0
ct,3400,AUG,3400,OBSERVED,1,34.9,0,family,300,700,1000,,6800,6100,,M4A4:57%;M4A1-S:30%;MP9:6%,1.0,0.533,0.219,0.913,0.517,0.061,0.55,0.446,0.335,0.507,M4A4|USP-S|a1h1k0|sm1fl0HE0fr0;M4A1-S|USP-S|a1h1k1|sm1fl1HE1fr1;M4A4|USP-S|a1h1k1|sm1fl1HE1fr1
ct,3400,AUG,3450,OBSERVED,3,34.7,0,family,300,700,1100,,6850,6150,,M4A4:56%;M4A1-S:31%;MP9:6%,1.0,0.542,0.223,0.912,0.522,0.06,0.557,0.454,0.331,0.517,M4A4|USP-S|a1h1k0|sm1fl0HE0fr0;M4A1-S|USP-S|a1h1k1|sm1fl1HE1fr1;M4A4|USP-S|a1h1k1|sm1fl1HE1fr1
ct,3400,AUG,3500,OBSERVED,1,34.5,0,family,300,800,1100,,6900,6100,,M4A4:55%;M4A1-S:31%;MP9:6%,1.0,0.551,0.228,0.91,0.527,0.06,0.565,0.462,0.327,0.528,M4A4|USP-S|a1h1k0|sm1fl0HE0fr0;M4A1-S|USP-S|a1h1k1|sm1fl1HE1fr1;M4A4|USP-S|a1h1k1|sm1fl1HE1fr1
ct,3400,AUG,3550,OBSERVED,3,34.1,0,family,300,800,1100,,6950,6150,,M4A4:54%;M4A1-S:31%;MP9:6%,1.0,0.56,0.233,0.908,0.532,0.059,0.573,0.47,0.323,0.538,M4A4|USP-S|a1h1k0|sm1fl0HE0fr0;M4A1-S|USP-S|a1h1k1|sm1fl1HE1fr1;M4A4|USP-S|a1h1k1|sm1fl1HE1fr1
ct,3400,AUG,3600,OBSERVED,4,33.6,0,family,300,800,1100,,7000,6200,,M4A4:54%;M4A1-S:32%;MP9:6%,1.0,0.568,0.238,0.905,0.537,0.059,0.582,0.479,0.315,0.549,M4A4|USP-S|a1h1k0|sm1fl0HE0fr0;M4A1-S|USP-S|a1h1k1|sm1fl1HE1fr1;M4A4|USP-S|a1h1k1|sm1fl1HE1fr1
ct,3400,AUG,3650,OBSERVED,2,33.1,0,family,300,800,1100,,7050,6250,,M4A4:53%;M4A1-S:32%;MP9:6%,1.0,0.576,0.244,0.902,0.542,0.058,0.59,0.487,0.311,0.56,M4A4|USP-S|a1h1k0|sm1fl0HE0fr0;M4A1-S|USP-S|a1h1k1|sm1fl1HE1fr1;M4A4|USP-S|a1h1k1|sm1fl1HE1fr1
ct,3400,AUG,3700,OBSERVED,1,32.5,0,family,300,800,1200,,7100,6300,,M4A4:52%;M4A1-S:33%;MP9:5%,1.0,0.583,0.251,0.899,0.547,0.057,0.599,0.496,0.303,0.571,M4A1-S|USP-S|a1h1k1|sm1fl1HE1fr1;M4A4|USP-S|a1h1k0|sm1fl0HE0fr0;M4A4|USP-S|a1h1k1|sm1fl1HE1fr1
ct,3400,AUG,3750,OBSERVED,1,31.8,0,family,300,800,1200,,7150,6350,,M4A4:51%;M4A1-S:33%;MP9:5%,1.0,0.589,0.259,0.895,0.552,0.056,0.609,0.506,0.295,0.582,M4A1-S|USP-S|a1h1k1|sm1fl1HE1fr1;M4A4|USP-S|a1h1k0|sm1fl0HE0fr0;M4A4|USP-S|a1h1k1|sm1fl1HE1fr1
ct,3400,AUG,3800,INTERPOLATED,0,31.1,50,family,300,800,1300,,7200,6400,,M4A4:50%;M4A1-S:33%;MP9:5%,1.0,0.595,0.267,0.891,0.558,0.055,0.619,0.515,0.286,0.593,M4A1-S|USP-S|a1h1k1|sm1fl1HE1fr1;M4A4|USP-S|a1h1k0|sm1fl0HE0fr0;M4A4|USP-S|a1h1k1|sm1fl1HE1fr1
ct,3400,AUG,3850,OBSERVED,1,30.4,0,family,300,800,1300,,7250,6450,,M4A4:50%;M4A1-S:34%;MP9:5%,1.0,0.6,0.276,0.887,0.563,0.053,0.629,0.526,0.278,0.604,M4A1-S|USP-S|a1h1k1|sm1fl1HE1fr1;M4A4|USP-S|a1h1k0|sm1fl0HE0fr0;M4A4|USP-S|a1h1k1|sm1fl1HE1fr1
ct,3400,AUG,3900,INTERPOLATED,0,29.7,50,family,300,800,1550,,7300,6500,,M4A4:49%;M4A1-S:34%;MP9:5%,1.0,0.603,0.286,0.882,0.569,0.052,0.64,0.538,0.269,0.615,M4A1-S|USP-S|a1h1k1|sm1fl1HE1fr1;M4A4|USP-S|a1h1k0|sm1fl0HE0fr0;M4A4|USP-S|a1h1k1|sm1fl1HE1fr1
ct,3400,AUG,3950,INTERPOLATED,0,29.0,100,family,300,800,1550,,7350,6550,,M4A4:48%;M4A1-S:34%;MP9:4%,1.0,0.605,0.298,0.877,0.575,0.05,0.651,0.55,0.26,0.628,M4A1-S|USP-S|a1h1k1|sm1fl1HE1fr1;M4A4|USP-S|a1h1k0|sm1fl0HE0fr0;M4A4|USP-S|a1h1k1|sm1fl1HE1fr1
ct,3400,AUG,4000,INTERPOLATED,0,28.2,150,family,300,800,1550,,7400,6600,,M4A4:47%;M4A1-S:35%;AWP:5%,1.0,0.606,0.311,0.871,0.581,0.048,0.663,0.563,0.247,0.643,M4A1-S|USP-S|a1h1k1|sm1fl1HE1fr1;M4A4|USP-S|a1h1k0|sm1fl0HE0fr0;M4A4|USP-S|a1h1k1|sm1fl1HE1fr1
ct,3400,AUG,4050,INTERPOLATED,0,27.4,100,family,300,800,1550,,7450,6650,,M4A4:47%;M4A1-S:35%;AWP:5%,1.0,0.605,0.325,0.866,0.588,0.046,0.676,0.578,0.238,0.659,M4A1-S|USP-S|a1h1k1|sm1fl1HE1fr1;M4A4|USP-S|a1h1k0|sm1fl0HE0fr0;M4A4|USP-S|a1h1k1|sm1fl1HE1fr1
ct,3400,AUG,4100,INTERPOLATED,0,26.5,50,family,300,900,1700,,7500,6600,,M4A4:46%;M4A1-S:35%;AWP:6%,1.0,0.603,0.341,0.86,0.595,0.043,0.689,0.595,0.224,0.674,M4A1-S|USP-S|a1h1k1|sm1fl1HE1fr1;M4A4|USP-S|a1h1k0|sm1fl0HE0fr0;M4A4|USP-S|a1h1k1|sm1fl1HE1fr1
ct,3400,AUG,4150,OBSERVED,1,25.7,0,family,300,1000,1700,,7550,6550,,M4A4:45%;M4A1-S:36%;AWP:7%,1.0,0.598,0.358,0.855,0.604,0.041,0.702,0.613,0.209,0.689,M4A1-S|USP-S|a1h1k1|sm1fl1HE1fr1;M4A4|USP-S|a1h1k1|sm1fl1HE1fr1;M4A4|USP-S|a1h1k0|sm1fl0HE0fr0
ct,3400,AUG,4200,INTERPOLATED,0,24.7,50,family,300,1000,1700,,7600,6600,,M4A4:44%;M4A1-S:36%;AWP:7%,1.0,0.592,0.377,0.851,0.614,0.038,0.716,0.632,0.199,0.701,M4A1-S|USP-S|a1h1k1|sm1fl1HE1fr1;M4A4|USP-S|a1h1k1|sm1fl1HE1fr1;M4A4|USP-S|a1h1k0|sm1fl0HE0fr0
ct,3400,AUG,4250,OBSERVED,1,23.7,0,family,600,1100,1700,,7650,6550,,M4A4:43%;M4A1-S:37%;AWP:8%,1.0,0.584,0.399,0.847,0.625,0.036,0.73,0.653,0.184,0.718,M4A1-S|USP-S|a1h1k1|sm1fl1HE1fr1;M4A4|USP-S|a1h1k1|sm1fl1HE1fr1;M4A4|USP-S|a1h0k0|sm1fl0HE1fr1
ct,3400,AUG,4300,INTERPOLATED,0,22.6,50,family,600,1100,1700,,7700,6600,,M4A4:42%;M4A1-S:37%;AWP:8%,1.0,0.575,0.422,0.844,0.638,0.033,0.745,0.676,0.169,0.738,M4A1-S|USP-S|a1h1k1|sm1fl1HE1fr1;M4A4|USP-S|a1h0k0|sm1fl0HE1fr1;M4A4|USP-S|a1h1k1|sm1fl1HE1fr1
ct,3400,AUG,4350,OBSERVED,1,21.4,0,family,600,1100,1700,,7750,6650,,M4A4:41%;M4A1-S:38%;AWP:9%,1.0,0.563,0.446,0.843,0.653,0.03,0.759,0.701,0.153,0.756,M4A1-S|USP-S|a1h1k1|sm1fl1HE1fr1;M4A4|USP-S|a1h0k0|sm1fl0HE1fr1;M4A4|USP-S|a1h1k1|sm1fl1HE1fr1
ct,3400,AUG,4400,INTERPOLATED,0,20.2,50,family,600,1200,1700,,7800,6600,,M4A4:40%;M4A1-S:39%;AWP:9%,1.0,0.551,0.472,0.843,0.669,0.026,0.772,0.727,0.136,0.783,M4A1-S|USP-S|a1h1k1|sm1fl1HE1fr1;M4A4|USP-S|a1h0k0|sm1fl0HE1fr1;M4A4|USP-S|a1h1k1|sm1fl1HE1fr1
ct,3400,FAMAS,2950,OBSERVED,6,30.0,0,family,300,700,800,,6350,5650,,M4A4:63%;M4A1-S:27%;MP9:6%,1.0,0.456,0.199,0.917,0.476,0.06,0.492,0.382,0.347,0.515,M4A4|USP-S|a1h1k0|sm1fl0HE0fr0;M4A4|USP-S|a1h0k0|sm1fl0HE0fr0;M4A4|USP-S|a1h0k0|sm1fl0HE1fr1
ct,3400,FAMAS,3000,OBSERVED,2,30.9,0,family,300,700,800,,6400,5700,,M4A4:62%;M4A1-S:27%;MP9:6%,1.0,0.463,0.2,0.917,0.48,0.06,0.498,0.389,0.347,0.503,M4A4|USP-S|a1h1k0|sm1fl0HE0fr0;M4A4|USP-S|a1h0k0|sm1fl0HE0fr0;M4A4|USP-S|a1h1k1|sm1fl1HE1fr1
ct,3400,FAMAS,3050,OBSERVED,2,31.8,0,family,300,700,800,,6450,5750,,M4A4:62%;M4A1-S:28%;MP9:6%,1.0,0.471,0.202,0.917,0.484,0.06,0.503,0.395,0.347,0.498,M4A4|USP-S|a1h1k0|sm1fl0HE0fr0;M4A4|USP-S|a1h0k0|sm1fl0HE0fr0;M4A4|USP-S|a1h1k1|sm1fl1HE1fr1
ct,3400,FAMAS,3100,OBSERVED,5,32.6,0,family,300,700,800,,6500,5800,,M4A4:61%;M4A1-S:28%;MP9:6%,1.0,0.479,0.203,0.917,0.488,0.061,0.509,0.402,0.347,0.497,M4A4|USP-S|a1h1k0|sm1fl0HE0fr0;M4A4|USP-S|a1h0k0|sm1fl0HE0fr0;M4A4|USP-S|a1h1k1|sm1fl1HE1fr1
ct,3400,FAMAS,3150,INTERPOLATED,0,33.3,50,family,300,700,800,,6550,5850,,M4A4:60%;M4A1-S:28%;MP9:6%,1.0,0.488,0.205,0.917,0.493,0.061,0.515,0.409,0.347,0.495,M4A4|USP-S|a1h1k0|sm1fl0HE0fr0;M4A4|USP-S|a1h0k0|sm1fl0HE0fr0;M4A4|USP-S|a1h1k1|sm1fl1HE1fr1
ct,3400,FAMAS,3200,INTERPOLATED,0,33.9,50,family,300,700,900,,6600,5900,,M4A4:60%;M4A1-S:29%;MP9:6%,1.0,0.497,0.207,0.917,0.497,0.061,0.522,0.416,0.347,0.494,M4A4|USP-S|a1h1k0|sm1fl0HE0fr0;M4A4|USP-S|a1h0k0|sm1fl0HE0fr0;M4A4|USP-S|a1h1k1|sm1fl1HE1fr1
ct,3400,FAMAS,3250,OBSERVED,1,34.3,0,family,300,700,900,,6650,5950,,M4A4:59%;M4A1-S:29%;MP9:6%,1.0,0.506,0.21,0.916,0.502,0.061,0.528,0.424,0.343,0.494,M4A4|USP-S|a1h1k0|sm1fl0HE0fr0;M4A4|USP-S|a1h0k0|sm1fl0HE0fr0;M4A1-S|USP-S|a1h1k1|sm1fl1HE1fr1
ct,3400,FAMAS,3300,OBSERVED,1,34.7,0,family,300,700,900,,6700,6000,,M4A4:58%;M4A1-S:29%;MP9:6%,1.0,0.515,0.213,0.916,0.507,0.061,0.535,0.431,0.343,0.496,M4A4|USP-S|a1h1k0|sm1fl0HE0fr0;M4A4|USP-S|a1h0k0|sm1fl0HE0fr0;M4A1-S|USP-S|a1h1k1|sm1fl1HE1fr1
ct,3400,FAMAS,3350,INTERPOLATED,0,34.8,50,family,300,700,1000,,6750,6050,,M4A4:58%;M4A1-S:30%;MP9:6%,1.0,0.524,0.216,0.915,0.512,0.061,0.542,0.439,0.339,0.501,M4A4|USP-S|a1h1k0|sm1fl0HE0fr0;M4A1-S|USP-S|a1h1k1|sm1fl1HE1fr1;M4A4|USP-S|a1h0k0|sm1fl0HE0fr0
ct,3400,FAMAS,3400,OBSERVED,1,34.9,0,family,300,700,1000,,6800,6100,,M4A4:57%;M4A1-S:30%;MP9:6%,1.0,0.533,0.219,0.913,0.517,0.061,0.55,0.446,0.335,0.507,M4A4|USP-S|a1h1k0|sm1fl0HE0fr0;M4A1-S|USP-S|a1h1k1|sm1fl1HE1fr1;M4A4|USP-S|a1h1k1|sm1fl1HE1fr1
ct,3400,FAMAS,3450,OBSERVED,3,34.7,0,family,300,700,1100,,6850,6150,,M4A4:56%;M4A1-S:31%;MP9:6%,1.0,0.542,0.223,0.912,0.522,0.06,0.557,0.454,0.331,0.517,M4A4|USP-S|a1h1k0|sm1fl0HE0fr0;M4A1-S|USP-S|a1h1k1|sm1fl1HE1fr1;M4A4|USP-S|a1h1k1|sm1fl1HE1fr1
ct,3400,FAMAS,3500,OBSERVED,1,34.5,0,family,300,800,1100,,6900,6100,,M4A4:55%;M4A1-S:31%;MP9:6%,1.0,0.551,0.228,0.91,0.527,0.06,0.565,0.462,0.327,0.528,M4A4|USP-S|a1h1k0|sm1fl0HE0fr0;M4A1-S|USP-S|a1h1k1|sm1fl1HE1fr1;M4A4|USP-S|a1h1k1|sm1fl1HE1fr1
ct,3400,FAMAS,3550,OBSERVED,3,34.1,0,family,300,800,1100,,6950,6150,,M4A4:54%;M4A1-S:31%;MP9:6%,1.0,0.56,0.233,0.908,0.532,0.059,0.573,0.47,0.323,0.538,M4A4|USP-S|a1h1k0|sm1fl0HE0fr0;M4A1-S|USP-S|a1h1k1|sm1fl1HE1fr1;M4A4|USP-S|a1h1k1|sm1fl1HE1fr1
ct,3400,FAMAS,3600,OBSERVED,4,33.6,0,family,300,800,1100,,7000,6200,,M4A4:54%;M4A1-S:32%;MP9:6%,1.0,0.568,0.238,0.905,0.537,0.059,0.582,0.479,0.315,0.549,M4A4|USP-S|a1h1k0|sm1fl0HE0fr0;M4A1-S|USP-S|a1h1k1|sm1fl1HE1fr1;M4A4|USP-S|a1h1k1|sm1fl1HE1fr1
ct,3400,FAMAS,3650,OBSERVED,2,33.1,0,family,300,800,1100,,7050,6250,,M4A4:53%;M4A1-S:32%;MP9:6%,1.0,0.576,0.244,0.902,0.542,0.058,0.59,0.487,0.311,0.56,M4A4|USP-S|a1h1k0|sm1fl0HE0fr0;M4A1-S|USP-S|a1h1k1|sm1fl1HE1fr1;M4A4|USP-S|a1h1k1|sm1fl1HE1fr1
ct,3400,FAMAS,3700,OBSERVED,1,32.5,0,family,300,800,1200,,7100,6300,,M4A4:52%;M4A1-S:33%;MP9:5%,1.0,0.583,0.251,0.899,0.547,0.057,0.599,0.496,0.303,0.571,M4A1-S|USP-S|a1h1k1|sm1fl1HE1fr1;M4A4|USP-S|a1h1k0|sm1fl0HE0fr0;M4A4|USP-S|a1h1k1|sm1fl1HE1fr1
ct,3400,FAMAS,3750,OBSERVED,1,31.8,0,family,300,800,1200,,7150,6350,,M4A4:51%;M4A1-S:33%;MP9:5%,1.0,0.589,0.259,0.895,0.552,0.056,0.609,0.506,0.295,0.582,M4A1-S|USP-S|a1h1k1|sm1fl1HE1fr1;M4A4|USP-S|a1h1k0|sm1fl0HE0fr0;M4A4|USP-S|a1h1k1|sm1fl1HE1fr1
ct,3400,FAMAS,3800,INTERPOLATED,0,31.1,50,family,300,800,1300,,7200,6400,,M4A4:50%;M4A1-S:33%;MP9:5%,1.0,0.595,0.267,0.891,0.558,0.055,0.619,0.515,0.286,0.593,M4A1-S|USP-S|a1h1k1|sm1fl1HE1fr1;M4A4|USP-S|a1h1k0|sm1fl0HE0fr0;M4A4|USP-S|a1h1k1|sm1fl1HE1fr1
ct,3400,FAMAS,3850,OBSERVED,1,30.4,0,family,300,800,1300,,7250,6450,,M4A4:50%;M4A1-S:34%;MP9:5%,1.0,0.6,0.276,0.887,0.563,0.053,0.629,0.526,0.278,0.604,M4A1-S|USP-S|a1h1k1|sm1fl1HE1fr1;M4A4|USP-S|a1h1k0|sm1fl0HE0fr0;M4A4|USP-S|a1h1k1|sm1fl1HE1fr1
ct,3400,FAMAS,3900,INTERPOLATED,0,29.7,50,family,300,800,1550,,7300,6500,,M4A4:49%;M4A1-S:34%;MP9:5%,1.0,0.603,0.286,0.882,0.569,0.052,0.64,0.538,0.269,0.615,M4A1-S|USP-S|a1h1k1|sm1fl1HE1fr1;M4A4|USP-S|a1h1k0|sm1fl0HE0fr0;M4A4|USP-S|a1h1k1|sm1fl1HE1fr1
ct,3400,FAMAS,3950,INTERPOLATED,0,29.0,100,family,300,800,1550,,7350,6550,,M4A4:48%;M4A1-S:34%;MP9:4%,1.0,0.605,0.298,0.877,0.575,0.05,0.651,0.55,0.26,0.628,M4A1-S|USP-S|a1h1k1|sm1fl1HE1fr1;M4A4|USP-S|a1h1k0|sm1fl0HE0fr0;M4A4|USP-S|a1h1k1|sm1fl1HE1fr1
ct,3400,FAMAS,4000,INTERPOLATED,0,28.2,150,family,300,800,1550,,7400,6600,,M4A4:47%;M4A1-S:35%;AWP:5%,1.0,0.606,0.311,0.871,0.581,0.048,0.663,0.563,0.247,0.643,M4A1-S|USP-S|a1h1k1|sm1fl1HE1fr1;M4A4|USP-S|a1h1k0|sm1fl0HE0fr0;M4A4|USP-S|a1h1k1|sm1fl1HE1fr1
ct,3400,FAMAS,4050,INTERPOLATED,0,27.4,100,family,300,800,1550,,7450,6650,,M4A4:47%;M4A1-S:35%;AWP:5%,1.0,0.605,0.325,0.866,0.588,0.046,0.676,0.578,0.238,0.659,M4A1-S|USP-S|a1h1k1|sm1fl1HE1fr1;M4A4|USP-S|a1h1k0|sm1fl0HE0fr0;M4A4|USP-S|a1h1k1|sm1fl1HE1fr1
ct,3400,FAMAS,4100,INTERPOLATED,0,26.5,50,family,300,900,1700,,7500,6600,,M4A4:46%;M4A1-S:35%;AWP:6%,1.0,0.603,0.341,0.86,0.595,0.043,0.689,0.595,0.224,0.674,M4A1-S|USP-S|a1h1k1|sm1fl1HE1fr1;M4A4|USP-S|a1h1k0|sm1fl0HE0fr0;M4A4|USP-S|a1h1k1|sm1fl1HE1fr1
ct,3400,FAMAS,4150,OBSERVED,1,25.7,0,family,300,1000,1700,,7550,6550,,M4A4:45%;M4A1-S:36%;AWP:7%,1.0,0.598,0.358,0.855,0.604,0.041,0.702,0.613,0.209,0.689,M4A1-S|USP-S|a1h1k1|sm1fl1HE1fr1;M4A4|USP-S|a1h1k1|sm1fl1HE1fr1;M4A4|USP-S|a1h1k0|sm1fl0HE0fr0
ct,3400,FAMAS,4200,INTERPOLATED,0,24.7,50,family,300,1000,1700,,7600,6600,,M4A4:44%;M4A1-S:36%;AWP:7%,1.0,0.592,0.377,0.851,0.614,0.038,0.716,0.632,0.199,0.701,M4A1-S|USP-S|a1h1k1|sm1fl1HE1fr1;M4A4|USP-S|a1h1k1|sm1fl1HE1fr1;M4A4|USP-S|a1h1k0|sm1fl0HE0fr0
ct,3400,FAMAS,4250,OBSERVED,1,23.7,0,family,600,1100,1700,,7650,6550,,M4A4:43%;M4A1-S:37%;AWP:8%,1.0,0.584,0.399,0.847,0.625,0.036,0.73,0.653,0.184,0.718,M4A1-S|USP-S|a1h1k1|sm1fl1HE1fr1;M4A4|USP-S|a1h1k1|sm1fl1HE1fr1;M4A4|USP-S|a1h0k0|sm1fl0HE1fr1
ct,3400,FAMAS,4300,INTERPOLATED,0,22.6,50,family,600,1100,1700,,7700,6600,,M4A4:42%;M4A1-S:37%;AWP:8%,1.0,0.575,0.422,0.844,0.638,0.033,0.745,0.676,0.169,0.738,M4A1-S|USP-S|a1h1k1|sm1fl1HE1fr1;M4A4|USP-S|a1h0k0|sm1fl0HE1fr1;M4A4|USP-S|a1h1k1|sm1fl1HE1fr1
ct,3400,FAMAS,4350,OBSERVED,1,21.4,0,family,600,1100,1700,,7750,6650,,M4A4:41%;M4A1-S:38%;AWP:9%,1.0,0.563,0.446,0.843,0.653,0.03,0.759,0.701,0.153,0.756,M4A1-S|USP-S|a1h1k1|sm1fl1HE1fr1;M4A4|USP-S|a1h0k0|sm1fl0HE1fr1;M4A4|USP-S|a1h1k1|sm1fl1HE1fr1
ct,3400,FAMAS,4400,INTERPOLATED,0,20.2,50,family,600,1200,1700,,7800,6600,,M4A4:40%;M4A1-S:39%;AWP:9%,1.0,0.551,0.472,0.843,0.669,0.026,0.772,0.727,0.136,0.783,M4A1-S|USP-S|a1h1k1|sm1fl1HE1fr1;M4A4|USP-S|a1h0k0|sm1fl0HE1fr1;M4A4|USP-S|a1h1k1|sm1fl1HE1fr1
ct,3400,Galil AR,2950,OBSERVED,6,30.0,0,family,300,700,800,,6350,5650,,M4A4:63%;M4A1-S:27%;MP9:6%,1.0,0.456,0.199,0.917,0.476,0.06,0.492,0.382,0.347,0.515,M4A4|USP-S|a1h1k0|sm1fl0HE0fr0;M4A4|USP-S|a1h0k0|sm1fl0HE0fr0;M4A4|USP-S|a1h0k0|sm1fl0HE1fr1
ct,3400,Galil AR,3000,OBSERVED,2,30.9,0,family,300,700,800,,6400,5700,,M4A4:62%;M4A1-S:27%;MP9:6%,1.0,0.463,0.2,0.917,0.48,0.06,0.498,0.389,0.347,0.503,M4A4|USP-S|a1h1k0|sm1fl0HE0fr0;M4A4|USP-S|a1h0k0|sm1fl0HE0fr0;M4A4|USP-S|a1h1k1|sm1fl1HE1fr1
ct,3400,Galil AR,3050,OBSERVED,2,31.8,0,family,300,700,800,,6450,5750,,M4A4:62%;M4A1-S:28%;MP9:6%,1.0,0.471,0.202,0.917,0.484,0.06,0.503,0.395,0.347,0.498,M4A4|USP-S|a1h1k0|sm1fl0HE0fr0;M4A4|USP-S|a1h0k0|sm1fl0HE0fr0;M4A4|USP-S|a1h1k1|sm1fl1HE1fr1
ct,3400,Galil AR,3100,OBSERVED,5,32.6,0,family,300,700,800,,6500,5800,,M4A4:61%;M4A1-S:28%;MP9:6%,1.0,0.479,0.203,0.917,0.488,0.061,0.509,0.402,0.347,0.497,M4A4|USP-S|a1h1k0|sm1fl0HE0fr0;M4A4|USP-S|a1h0k0|sm1fl0HE0fr0;M4A4|USP-S|a1h1k1|sm1fl1HE1fr1
ct,3400,Galil AR,3150,INTERPOLATED,0,33.3,50,family,300,700,800,,6550,5850,,M4A4:60%;M4A1-S:28%;MP9:6%,1.0,0.488,0.205,0.917,0.493,0.061,0.515,0.409,0.347,0.495,M4A4|USP-S|a1h1k0|sm1fl0HE0fr0;M4A4|USP-S|a1h0k0|sm1fl0HE0fr0;M4A4|USP-S|a1h1k1|sm1fl1HE1fr1
ct,3400,Galil AR,3200,INTERPOLATED,0,33.9,50,family,300,700,900,,6600,5900,,M4A4:60%;M4A1-S:29%;MP9:6%,1.0,0.497,0.207,0.917,0.497,0.061,0.522,0.416,0.347,0.494,M4A4|USP-S|a1h1k0|sm1fl0HE0fr0;M4A4|USP-S|a1h0k0|sm1fl0HE0fr0;M4A4|USP-S|a1h1k1|sm1fl1HE1fr1
ct,3400,Galil AR,3250,OBSERVED,1,34.3,0,family,300,700,900,,6650,5950,,M4A4:59%;M4A1-S:29%;MP9:6%,1.0,0.506,0.21,0.916,0.502,0.061,0.528,0.424,0.343,0.494,M4A4|USP-S|a1h1k0|sm1fl0HE0fr0;M4A4|USP-S|a1h0k0|sm1fl0HE0fr0;M4A1-S|USP-S|a1h1k1|sm1fl1HE1fr1
ct,3400,Galil AR,3300,OBSERVED,1,34.7,0,family,300,700,900,,6700,6000,,M4A4:58%;M4A1-S:29%;MP9:6%,1.0,0.515,0.213,0.916,0.507,0.061,0.535,0.431,0.343,0.496,M4A4|USP-S|a1h1k0|sm1fl0HE0fr0;M4A4|USP-S|a1h0k0|sm1fl0HE0fr0;M4A1-S|USP-S|a1h1k1|sm1fl1HE1fr1
ct,3400,Galil AR,3350,INTERPOLATED,0,34.8,50,family,300,700,1000,,6750,6050,,M4A4:58%;M4A1-S:30%;MP9:6%,1.0,0.524,0.216,0.915,0.512,0.061,0.542,0.439,0.339,0.501,M4A4|USP-S|a1h1k0|sm1fl0HE0fr0;M4A1-S|USP-S|a1h1k1|sm1fl1HE1fr1;M4A4|USP-S|a1h0k0|sm1fl0HE0fr0
ct,3400,Galil AR,3400,OBSERVED,1,34.9,0,family,300,700,1000,,6800,6100,,M4A4:57%;M4A1-S:30%;MP9:6%,1.0,0.533,0.219,0.913,0.517,0.061,0.55,0.446,0.335,0.507,M4A4|USP-S|a1h1k0|sm1fl0HE0fr0;M4A1-S|USP-S|a1h1k1|sm1fl1HE1fr1;M4A4|USP-S|a1h1k1|sm1fl1HE1fr1
ct,3400,Galil AR,3450,OBSERVED,3,34.7,0,family,300,700,1100,,6850,6150,,M4A4:56%;M4A1-S:31%;MP9:6%,1.0,0.542,0.223,0.912,0.522,0.06,0.557,0.454,0.331,0.517,M4A4|USP-S|a1h1k0|sm1fl0HE0fr0;M4A1-S|USP-S|a1h1k1|sm1fl1HE1fr1;M4A4|USP-S|a1h1k1|sm1fl1HE1fr1
ct,3400,Galil AR,3500,OBSERVED,1,34.5,0,family,300,800,1100,,6900,6100,,M4A4:55%;M4A1-S:31%;MP9:6%,1.0,0.551,0.228,0.91,0.527,0.06,0.565,0.462,0.327,0.528,M4A4|USP-S|a1h1k0|sm1fl0HE0fr0;M4A1-S|USP-S|a1h1k1|sm1fl1HE1fr1;M4A4|USP-S|a1h1k1|sm1fl1HE1fr1
ct,3400,Galil AR,3550,OBSERVED,3,34.1,0,family,300,800,1100,,6950,6150,,M4A4:54%;M4A1-S:31%;MP9:6%,1.0,0.56,0.233,0.908,0.532,0.059,0.573,0.47,0.323,0.538,M4A4|USP-S|a1h1k0|sm1fl0HE0fr0;M4A1-S|USP-S|a1h1k1|sm1fl1HE1fr1;M4A4|USP-S|a1h1k1|sm1fl1HE1fr1
ct,3400,Galil AR,3600,OBSERVED,4,33.6,0,family,300,800,1100,,7000,6200,,M4A4:54%;M4A1-S:32%;MP9:6%,1.0,0.568,0.238,0.905,0.537,0.059,0.582,0.479,0.315,0.549,M4A4|USP-S|a1h1k0|sm1fl0HE0fr0;M4A1-S|USP-S|a1h1k1|sm1fl1HE1fr1;M4A4|USP-S|a1h1k1|sm1fl1HE1fr1
ct,3400,Galil AR,3650,OBSERVED,2,33.1,0,family,300,800,1100,,7050,6250,,M4A4:53%;M4A1-S:32%;MP9:6%,1.0,0.576,0.244,0.902,0.542,0.058,0.59,0.487,0.311,0.56,M4A4|USP-S|a1h1k0|sm1fl0HE0fr0;M4A1-S|USP-S|a1h1k1|sm1fl1HE1fr1;M4A4|USP-S|a1h1k1|sm1fl1HE1fr1
ct,3400,Galil AR,3700,OBSERVED,1,32.5,0,family,300,800,1200,,7100,6300,,M4A4:52%;M4A1-S:33%;MP9:5%,1.0,0.583,0.251,0.899,0.547,0.057,0.599,0.496,0.303,0.571,M4A1-S|USP-S|a1h1k1|sm1fl1HE1fr1;M4A4|USP-S|a1h1k0|sm1fl0HE0fr0;M4A4|USP-S|a1h1k1|sm1fl1HE1fr1
ct,3400,Galil AR,3750,OBSERVED,1,31.8,0,family,300,800,1200,,7150,6350,,M4A4:51%;M4A1-S:33%;MP9:5%,1.0,0.589,0.259,0.895,0.552,0.056,0.609,0.506,0.295,0.582,M4A1-S|USP-S|a1h1k1|sm1fl1HE1fr1;M4A4|USP-S|a1h1k0|sm1fl0HE0fr0;M4A4|USP-S|a1h1k1|sm1fl1HE1fr1
ct,3400,Galil AR,3800,INTERPOLATED,0,31.1,50,family,300,800,1300,,7200,6400,,M4A4:50%;M4A1-S:33%;MP9:5%,1.0,0.595,0.267,0.891,0.558,0.055,0.619,0.515,0.286,0.593,M4A1-S|USP-S|a1h1k1|sm1fl1HE1fr1;M4A4|USP-S|a1h1k0|sm1fl0HE0fr0;M4A4|USP-S|a1h1k1|sm1fl1HE1fr1
ct,3400,Galil AR,3850,OBSERVED,1,30.4,0,family,300,800,1300,,7250,6450,,M4A4:50%;M4A1-S:34%;MP9:5%,1.0,0.6,0.276,0.887,0.563,0.053,0.629,0.526,0.278,0.604,M4A1-S|USP-S|a1h1k1|sm1fl1HE1fr1;M4A4|USP-S|a1h1k0|sm1fl0HE0fr0;M4A4|USP-S|a1h1k1|sm1fl1HE1fr1
ct,3400,Galil AR,3900,INTERPOLATED,0,29.7,50,family,300,800,1550,,7300,6500,,M4A4:49%;M4A1-S:34%;MP9:5%,1.0,0.603,0.286,0.882,0.569,0.052,0.64,0.538,0.269,0.615,M4A1-S|USP-S|a1h1k1|sm1fl1HE1fr1;M4A4|USP-S|a1h1k0|sm1fl0HE0fr0;M4A4|USP-S|a1h1k1|sm1fl1HE1fr1
ct,3400,Galil AR,3950,INTERPOLATED,0,29.0,100,family,300,800,1550,,7350,6550,,M4A4:48%;M4A1-S:34%;MP9:4%,1.0,0.605,0.298,0.877,0.575,0.05,0.651,0.55,0.26,0.628,M4A1-S|USP-S|a1h1k1|sm1fl1HE1fr1;M4A4|USP-S|a1h1k0|sm1fl0HE0fr0;M4A4|USP-S|a1h1k1|sm1fl1HE1fr1
ct,3400,Galil AR,4000,INTERPOLATED,0,28.2,150,family,300,800,1550,,7400,6600,,M4A4:47%;M4A1-S:35%;AWP:5%,1.0,0.606,0.311,0.871,0.581,0.048,0.663,0.563,0.247,0.643,M4A1-S|USP-S|a1h1k1|sm1fl1HE1fr1;M4A4|USP-S|a1h1k0|sm1fl0HE0fr0;M4A4|USP-S|a1h1k1|sm1fl1HE1fr1
ct,3400,Galil AR,4050,INTERPOLATED,0,27.4,100,family,300,800,1550,,7450,6650,,M4A4:47%;M4A1-S:35%;AWP:5%,1.0,0.605,0.325,0.866,0.588,0.046,0.676,0.578,0.238,0.659,M4A1-S|USP-S|a1h1k1|sm1fl1HE1fr1;M4A4|USP-S|a1h1k0|sm1fl0HE0fr0;M4A4|USP-S|a1h1k1|sm1fl1HE1fr1
ct,3400,Galil AR,4100,INTERPOLATED,0,26.5,50,family,300,900,1700,,7500,6600,,M4A4:46%;M4A1-S:35%;AWP:6%,1.0,0.603,0.341,0.86,0.595,0.043,0.689,0.595,0.224,0.674,M4A1-S|USP-S|a1h1k1|sm1fl1HE1fr1;M4A4|USP-S|a1h1k0|sm1fl0HE0fr0;M4A4|USP-S|a1h1k1|sm1fl1HE1fr1
ct,3400,Galil AR,4150,OBSERVED,1,25.7,0,family,300,1000,1700,,7550,6550,,M4A4:45%;M4A1-S:36%;AWP:7%,1.0,0.598,0.358,0.855,0.604,0.041,0.702,0.613,0.209,0.689,M4A1-S|USP-S|a1h1k1|sm1fl1HE1fr1;M4A4|USP-S|a1h1k1|sm1fl1HE1fr1;M4A4|USP-S|a1h1k0|sm1fl0HE0fr0
ct,3400,Galil AR,4200,INTERPOLATED,0,24.7,50,family,300,1000,1700,,7600,6600,,M4A4:44%;M4A1-S:36%;AWP:7%,1.0,0.592,0.377,0.851,0.614,0.038,0.716,0.632,0.199,0.701,M4A1-S|USP-S|a1h1k1|sm1fl1HE1fr1;M4A4|USP-S|a1h1k1|sm1fl1HE1fr1;M4A4|USP-S|a1h1k0|sm1fl0HE0fr0
ct,3400,Galil AR,4250,OBSERVED,1,23.7,0,family,600,1100,1700,,7650,6550,,M4A4:43%;M4A1-S:37%;AWP:8%,1.0,0.584,0.399,0.847,0.625,0.036,0.73,0.653,0.184,0.718,M4A1-S|USP-S|a1h1k1|sm1fl1HE1fr1;M4A4|USP-S|a1h1k1|sm1fl1HE1fr1;M4A4|USP-S|a1h0k0|sm1fl0HE1fr1
ct,3400,Galil AR,4300,INTERPOLATED,0,22.6,50,family,600,1100,1700,,7700,6600,,M4A4:42%;M4A1-S:37%;AWP:8%,1.0,0.575,0.422,0.844,0.638,0.033,0.745,0.676,0.169,0.738,M4A1-S|USP-S|a1h1k1|sm1fl1HE1fr1;M4A4|USP-S|a1h0k0|sm1fl0HE1fr1;M4A4|USP-S|a1h1k1|sm1fl1HE1fr1
ct,3400,Galil AR,4350,OBSERVED,1,21.4,0,family,600,1100,1700,,7750,6650,,M4A4:41%;M4A1-S:38%;AWP:9%,1.0,0.563,0.446,0.843,0.653,0.03,0.759,0.701,0.153,0.756,M4A1-S|USP-S|a1h1k1|sm1fl1HE1fr1;M4A4|USP-S|a1h0k0|sm1fl0HE1fr1;M4A4|USP-S|a1h1k1|sm1fl1HE1fr1
ct,3400,Galil AR,4400,INTERPOLATED,0,20.2,50,family,600,1200,1700,,7800,6600,,M4A4:40%;M4A1-S:39%;AWP:9%,1.0,0.551,0.472,0.843,0.669,0.026,0.772,0.727,0.136,0.783,M4A1-S|USP-S|a1h1k1|sm1fl1HE1fr1;M4A4|USP-S|a1h0k0|sm1fl0HE1fr1;M4A4|USP-S|a1h1k1|sm1fl1HE1fr1
ct,3400,M4A1-S,2950,OBSERVED,6,30.0,0,family,300,700,800,,6350,5650,,M4A4:63%;M4A1-S:27%;MP9:6%,1.0,0.456,0.199,0.917,0.476,0.06,0.492,0.382,0.347,0.515,M4A4|USP-S|a1h1k0|sm1fl0HE0fr0;M4A4|USP-S|a1h0k0|sm1fl0HE0fr0;M4A4|USP-S|a1h0k0|sm1fl0HE1fr1
ct,3400,M4A1-S,3000,OBSERVED,2,30.9,0,family,300,700,800,,6400,5700,,M4A4:62%;M4A1-S:27%;MP9:6%,1.0,0.463,0.2,0.917,0.48,0.06,0.498,0.389,0.347,0.503,M4A4|USP-S|a1h1k0|sm1fl0HE0fr0;M4A4|USP-S|a1h0k0|sm1fl0HE0fr0;M4A4|USP-S|a1h1k1|sm1fl1HE1fr1
ct,3400,M4A1-S,3050,OBSERVED,2,31.8,0,family,300,700,800,,6450,5750,,M4A4:62%;M4A1-S:28%;MP9:6%,1.0,0.471,0.202,0.917,0.484,0.06,0.503,0.395,0.347,0.498,M4A4|USP-S|a1h1k0|sm1fl0HE0fr0;M4A4|USP-S|a1h0k0|sm1fl0HE0fr0;M4A4|USP-S|a1h1k1|sm1fl1HE1fr1
ct,3400,M4A1-S,3100,OBSERVED,5,32.6,0,family,300,700,800,,6500,5800,,M4A4:61%;M4A1-S:28%;MP9:6%,1.0,0.479,0.203,0.917,0.488,0.061,0.509,0.402,0.347,0.497,M4A4|USP-S|a1h1k0|sm1fl0HE0fr0;M4A4|USP-S|a1h0k0|sm1fl0HE0fr0;M4A4|USP-S|a1h1k1|sm1fl1HE1fr1
ct,3400,M4A1-S,3150,INTERPOLATED,0,33.3,50,family,300,700,800,,6550,5850,,M4A4:60%;M4A1-S:28%;MP9:6%,1.0,0.488,0.205,0.917,0.493,0.061,0.515,0.409,0.347,0.495,M4A4|USP-S|a1h1k0|sm1fl0HE0fr0;M4A4|USP-S|a1h0k0|sm1fl0HE0fr0;M4A4|USP-S|a1h1k1|sm1fl1HE1fr1
ct,3400,M4A1-S,3200,INTERPOLATED,0,33.9,50,family,300,700,900,,6600,5900,,M4A4:60%;M4A1-S:29%;MP9:6%,1.0,0.497,0.207,0.917,0.497,0.061,0.522,0.416,0.347,0.494,M4A4|USP-S|a1h1k0|sm1fl0HE0fr0;M4A4|USP-S|a1h0k0|sm1fl0HE0fr0;M4A4|USP-S|a1h1k1|sm1fl1HE1fr1
ct,3400,M4A1-S,3250,OBSERVED,1,34.3,0,family,300,700,900,,6650,5950,,M4A4:59%;M4A1-S:29%;MP9:6%,1.0,0.506,0.21,0.916,0.502,0.061,0.528,0.424,0.343,0.494,M4A4|USP-S|a1h1k0|sm1fl0HE0fr0;M4A4|USP-S|a1h0k0|sm1fl0HE0fr0;M4A1-S|USP-S|a1h1k1|sm1fl1HE1fr1
ct,3400,M4A1-S,3300,OBSERVED,1,34.7,0,family,300,700,900,,6700,6000,,M4A4:58%;M4A1-S:29%;MP9:6%,1.0,0.515,0.213,0.916,0.507,0.061,0.535,0.431,0.343,0.496,M4A4|USP-S|a1h1k0|sm1fl0HE0fr0;M4A4|USP-S|a1h0k0|sm1fl0HE0fr0;M4A1-S|USP-S|a1h1k1|sm1fl1HE1fr1
ct,3400,M4A1-S,3350,INTERPOLATED,0,34.8,50,family,300,700,1000,,6750,6050,,M4A4:58%;M4A1-S:30%;MP9:6%,1.0,0.524,0.216,0.915,0.512,0.061,0.542,0.439,0.339,0.501,M4A4|USP-S|a1h1k0|sm1fl0HE0fr0;M4A1-S|USP-S|a1h1k1|sm1fl1HE1fr1;M4A4|USP-S|a1h0k0|sm1fl0HE0fr0
ct,3400,M4A1-S,3400,OBSERVED,1,34.9,0,family,300,700,1000,,6800,6100,,M4A4:57%;M4A1-S:30%;MP9:6%,1.0,0.533,0.219,0.913,0.517,0.061,0.55,0.446,0.335,0.507,M4A4|USP-S|a1h1k0|sm1fl0HE0fr0;M4A1-S|USP-S|a1h1k1|sm1fl1HE1fr1;M4A4|USP-S|a1h1k1|sm1fl1HE1fr1
ct,3400,M4A1-S,3450,OBSERVED,3,34.7,0,family,300,700,1100,,6850,6150,,M4A4:56%;M4A1-S:31%;MP9:6%,1.0,0.542,0.223,0.912,0.522,0.06,0.557,0.454,0.331,0.517,M4A4|USP-S|a1h1k0|sm1fl0HE0fr0;M4A1-S|USP-S|a1h1k1|sm1fl1HE1fr1;M4A4|USP-S|a1h1k1|sm1fl1HE1fr1
ct,3400,M4A1-S,3500,OBSERVED,1,34.5,0,family,300,800,1100,,6900,6100,,M4A4:55%;M4A1-S:31%;MP9:6%,1.0,0.551,0.228,0.91,0.527,0.06,0.565,0.462,0.327,0.528,M4A4|USP-S|a1h1k0|sm1fl0HE0fr0;M4A1-S|USP-S|a1h1k1|sm1fl1HE1fr1;M4A4|USP-S|a1h1k1|sm1fl1HE1fr1
ct,3400,M4A1-S,3550,OBSERVED,3,34.1,0,family,300,800,1100,,6950,6150,,M4A4:54%;M4A1-S:31%;MP9:6%,1.0,0.56,0.233,0.908,0.532,0.059,0.573,0.47,0.323,0.538,M4A4|USP-S|a1h1k0|sm1fl0HE0fr0;M4A1-S|USP-S|a1h1k1|sm1fl1HE1fr1;M4A4|USP-S|a1h1k1|sm1fl1HE1fr1
ct,3400,M4A1-S,3600,OBSERVED,4,33.6,0,family,300,800,1100,,7000,6200,,M4A4:54%;M4A1-S:32%;MP9:6%,1.0,0.568,0.238,0.905,0.537,0.059,0.582,0.479,0.315,0.549,M4A4|USP-S|a1h1k0|sm1fl0HE0fr0;M4A1-S|USP-S|a1h1k1|sm1fl1HE1fr1;M4A4|USP-S|a1h1k1|sm1fl1HE1fr1
ct,3400,M4A1-S,3650,OBSERVED,2,33.1,0,family,300,800,1100,,7050,6250,,M4A4:53%;M4A1-S:32%;MP9:6%,1.0,0.576,0.244,0.902,0.542,0.058,0.59,0.487,0.311,0.56,M4A4|USP-S|a1h1k0|sm1fl0HE0fr0;M4A1-S|USP-S|a1h1k1|sm1fl1HE1fr1;M4A4|USP-S|a1h1k1|sm1fl1HE1fr1
ct,3400,M4A1-S,3700,OBSERVED,1,32.5,0,family,300,800,1200,,7100,6300,,M4A4:52%;M4A1-S:33%;MP9:5%,1.0,0.583,0.251,0.899,0.547,0.057,0.599,0.496,0.303,0.571,M4A1-S|USP-S|a1h1k1|sm1fl1HE1fr1;M4A4|USP-S|a1h1k0|sm1fl0HE0fr0;M4A4|USP-S|a1h1k1|sm1fl1HE1fr1
ct,3400,M4A1-S,3750,OBSERVED,1,31.8,0,family,300,800,1200,,7150,6350,,M4A4:51%;M4A1-S:33%;MP9:5%,1.0,0.589,0.259,0.895,0.552,0.056,0.609,0.506,0.295,0.582,M4A1-S|USP-S|a1h1k1|sm1fl1HE1fr1;M4A4|USP-S|a1h1k0|sm1fl0HE0fr0;M4A4|USP-S|a1h1k1|sm1fl1HE1fr1
ct,3400,M4A1-S,3800,INTERPOLATED,0,31.1,50,family,300,800,1300,,7200,6400,,M4A4:50%;M4A1-S:33%;MP9:5%,1.0,0.595,0.267,0.891,0.558,0.055,0.619,0.515,0.286,0.593,M4A1-S|USP-S|a1h1k1|sm1fl1HE1fr1;M4A4|USP-S|a1h1k0|sm1fl0HE0fr0;M4A4|USP-S|a1h1k1|sm1fl1HE1fr1
ct,3400,M4A1-S,3850,OBSERVED,1,30.4,0,family,300,800,1300,,7250,6450,,M4A4:50%;M4A1-S:34%;MP9:5%,1.0,0.6,0.276,0.887,0.563,0.053,0.629,0.526,0.278,0.604,M4A1-S|USP-S|a1h1k1|sm1fl1HE1fr1;M4A4|USP-S|a1h1k0|sm1fl0HE0fr0;M4A4|USP-S|a1h1k1|sm1fl1HE1fr1
ct,3400,M4A1-S,3900,INTERPOLATED,0,29.7,50,family,300,800,1550,,7300,6500,,M4A4:49%;M4A1-S:34%;MP9:5%,1.0,0.603,0.286,0.882,0.569,0.052,0.64,0.538,0.269,0.615,M4A1-S|USP-S|a1h1k1|sm1fl1HE1fr1;M4A4|USP-S|a1h1k0|sm1fl0HE0fr0;M4A4|USP-S|a1h1k1|sm1fl1HE1fr1
ct,3400,M4A1-S,3950,INTERPOLATED,0,29.0,100,family,300,800,1550,,7350,6550,,M4A4:48%;M4A1-S:34%;MP9:4%,1.0,0.605,0.298,0.877,0.575,0.05,0.651,0.55,0.26,0.628,M4A1-S|USP-S|a1h1k1|sm1fl1HE1fr1;M4A4|USP-S|a1h1k0|sm1fl0HE0fr0;M4A4|USP-S|a1h1k1|sm1fl1HE1fr1
ct,3400,M4A1-S,4000,INTERPOLATED,0,28.2,150,family,300,800,1550,,7400,6600,,M4A4:47%;M4A1-S:35%;AWP:5%,1.0,0.606,0.311,0.871,0.581,0.048,0.663,0.563,0.247,0.643,M4A1-S|USP-S|a1h1k1|sm1fl1HE1fr1;M4A4|USP-S|a1h1k0|sm1fl0HE0fr0;M4A4|USP-S|a1h1k1|sm1fl1HE1fr1
ct,3400,M4A1-S,4050,INTERPOLATED,0,27.4,100,family,300,800,1550,,7450,6650,,M4A4:47%;M4A1-S:35%;AWP:5%,1.0,0.605,0.325,0.866,0.588,0.046,0.676,0.578,0.238,0.659,M4A1-S|USP-S|a1h1k1|sm1fl1HE1fr1;M4A4|USP-S|a1h1k0|sm1fl0HE0fr0;M4A4|USP-S|a1h1k1|sm1fl1HE1fr1
ct,3400,M4A1-S,4100,INTERPOLATED,0,26.5,50,family,300,900,1700,,7500,6600,,M4A4:46%;M4A1-S:35%;AWP:6%,1.0,0.603,0.341,0.86,0.595,0.043,0.689,0.595,0.224,0.674,M4A1-S|USP-S|a1h1k1|sm1fl1HE1fr1;M4A4|USP-S|a1h1k0|sm1fl0HE0fr0;M4A4|USP-S|a1h1k1|sm1fl1HE1fr1
ct,3400,M4A1-S,4150,OBSERVED,1,25.7,0,family,300,1000,1700,,7550,6550,,M4A4:45%;M4A1-S:36%;AWP:7%,1.0,0.598,0.358,0.855,0.604,0.041,0.702,0.613,0.209,0.689,M4A1-S|USP-S|a1h1k1|sm1fl1HE1fr1;M4A4|USP-S|a1h1k1|sm1fl1HE1fr1;M4A4|USP-S|a1h1k0|sm1fl0HE0fr0
ct,3400,M4A1-S,4200,INTERPOLATED,0,24.7,50,family,300,1000,1700,,7600,6600,,M4A4:44%;M4A1-S:36%;AWP:7%,1.0,0.592,0.377,0.851,0.614,0.038,0.716,0.632,0.199,0.701,M4A1-S|USP-S|a1h1k1|sm1fl1HE1fr1;M4A4|USP-S|a1h1k1|sm1fl1HE1fr1;M4A4|USP-S|a1h1k0|sm1fl0HE0fr0
ct,3400,M4A1-S,4250,OBSERVED,1,23.7,0,family,600,1100,1700,,7650,6550,,M4A4:43%;M4A1-S:37%;AWP:8%,1.0,0.584,0.399,0.847,0.625,0.036,0.73,0.653,0.184,0.718,M4A1-S|USP-S|a1h1k1|sm1fl1HE1fr1;M4A4|USP-S|a1h1k1|sm1fl1HE1fr1;M4A4|USP-S|a1h0k0|sm1fl0HE1fr1
ct,3400,M4A1-S,4300,INTERPOLATED,0,22.6,50,family,600,1100,1700,,7700,6600,,M4A4:42%;M4A1-S:37%;AWP:8%,1.0,0.575,0.422,0.844,0.638,0.033,0.745,0.676,0.169,0.738,M4A1-S|USP-S|a1h1k1|sm1fl1HE1fr1;M4A4|USP-S|a1h0k0|sm1fl0HE1fr1;M4A4|USP-S|a1h1k1|sm1fl1HE1fr1
ct,3400,M4A1-S,4350,OBSERVED,1,21.4,0,family,600,1100,1700,,7750,6650,,M4A4:41%;M4A1-S:38%;AWP:9%,1.0,0.563,0.446,0.843,0.653,0.03,0.759,0.701,0.153,0.756,M4A1-S|USP-S|a1h1k1|sm1fl1HE1fr1;M4A4|USP-S|a1h0k0|sm1fl0HE1fr1;M4A4|USP-S|a1h1k1|sm1fl1HE1fr1
ct,3400,M4A1-S,4400,INTERPOLATED,0,20.2,50,family,600,1200,1700,,7800,6600,,M4A4:40%;M4A1-S:39%;AWP:9%,1.0,0.551,0.472,0.843,0.669,0.026,0.772,0.727,0.136,0.783,M4A1-S|USP-S|a1h1k1|sm1fl1HE1fr1;M4A4|USP-S|a1h0k0|sm1fl0HE1fr1;M4A4|USP-S|a1h1k1|sm1fl1HE1fr1
ct,3400,M4A4,2950,OBSERVED,6,30.0,0,family,300,700,800,,6350,5650,,M4A4:63%;M4A1-S:27%;MP9:6%,1.0,0.456,0.199,0.917,0.476,0.06,0.492,0.382,0.347,0.515,M4A4|USP-S|a1h1k0|sm1fl0HE0fr0;M4A4|USP-S|a1h0k0|sm1fl0HE0fr0;M4A4|USP-S|a1h0k0|sm1fl0HE1fr1
ct,3400,M4A4,3000,OBSERVED,2,30.9,0,family,300,700,800,,6400,5700,,M4A4:62%;M4A1-S:27%;MP9:6%,1.0,0.463,0.2,0.917,0.48,0.06,0.498,0.389,0.347,0.503,M4A4|USP-S|a1h1k0|sm1fl0HE0fr0;M4A4|USP-S|a1h0k0|sm1fl0HE0fr0;M4A4|USP-S|a1h1k1|sm1fl1HE1fr1
ct,3400,M4A4,3050,OBSERVED,2,31.8,0,family,300,700,800,,6450,5750,,M4A4:62%;M4A1-S:28%;MP9:6%,1.0,0.471,0.202,0.917,0.484,0.06,0.503,0.395,0.347,0.498,M4A4|USP-S|a1h1k0|sm1fl0HE0fr0;M4A4|USP-S|a1h0k0|sm1fl0HE0fr0;M4A4|USP-S|a1h1k1|sm1fl1HE1fr1
ct,3400,M4A4,3100,OBSERVED,5,32.6,0,family,300,700,800,,6500,5800,,M4A4:61%;M4A1-S:28%;MP9:6%,1.0,0.479,0.203,0.917,0.488,0.061,0.509,0.402,0.347,0.497,M4A4|USP-S|a1h1k0|sm1fl0HE0fr0;M4A4|USP-S|a1h0k0|sm1fl0HE0fr0;M4A4|USP-S|a1h1k1|sm1fl1HE1fr1
ct,3400,M4A4,3150,INTERPOLATED,0,33.3,50,family,300,700,800,,6550,5850,,M4A4:60%;M4A1-S:28%;MP9:6%,1.0,0.488,0.205,0.917,0.493,0.061,0.515,0.409,0.347,0.495,M4A4|USP-S|a1h1k0|sm1fl0HE0fr0;M4A4|USP-S|a1h0k0|sm1fl0HE0fr0;M4A4|USP-S|a1h1k1|sm1fl1HE1fr1
ct,3400,M4A4,3200,INTERPOLATED,0,33.9,50,family,300,700,900,,6600,5900,,M4A4:60%;M4A1-S:29%;MP9:6%,1.0,0.497,0.207,0.917,0.497,0.061,0.522,0.416,0.347,0.494,M4A4|USP-S|a1h1k0|sm1fl0HE0fr0;M4A4|USP-S|a1h0k0|sm1fl0HE0fr0;M4A4|USP-S|a1h1k1|sm1fl1HE1fr1
ct,3400,M4A4,3250,OBSERVED,1,34.3,0,family,300,700,900,,6650,5950,,M4A4:59%;M4A1-S:29%;MP9:6%,1.0,0.506,0.21,0.916,0.502,0.061,0.528,0.424,0.343,0.494,M4A4|USP-S|a1h1k0|sm1fl0HE0fr0;M4A4|USP-S|a1h0k0|sm1fl0HE0fr0;M4A1-S|USP-S|a1h1k1|sm1fl1HE1fr1
ct,3400,M4A4,3300,OBSERVED,1,34.7,0,family,300,700,900,,6700,6000,,M4A4:58%;M4A1-S:29%;MP9:6%,1.0,0.515,0.213,0.916,0.507,0.061,0.535,0.431,0.343,0.496,M4A4|USP-S|a1h1k0|sm1fl0HE0fr0;M4A4|USP-S|a1h0k0|sm1fl0HE0fr0;M4A1-S|USP-S|a1h1k1|sm1fl1HE1fr1
ct,3400,M4A4,3350,INTERPOLATED,0,34.8,50,family,300,700,1000,,6750,6050,,M4A4:58%;M4A1-S:30%;MP9:6%,1.0,0.524,0.216,0.915,0.512,0.061,0.542,0.439,0.339,0.501,M4A4|USP-S|a1h1k0|sm1fl0HE0fr0;M4A1-S|USP-S|a1h1k1|sm1fl1HE1fr1;M4A4|USP-S|a1h0k0|sm1fl0HE0fr0
ct,3400,M4A4,3400,OBSERVED,1,34.9,0,family,300,700,1000,,6800,6100,,M4A4:57%;M4A1-S:30%;MP9:6%,1.0,0.533,0.219,0.913,0.517,0.061,0.55,0.446,0.335,0.507,M4A4|USP-S|a1h1k0|sm1fl0HE0fr0;M4A1-S|USP-S|a1h1k1|sm1fl1HE1fr1;M4A4|USP-S|a1h1k1|sm1fl1HE1fr1
ct,3400,M4A4,3450,OBSERVED,3,34.7,0,family,300,700,1100,,6850,6150,,M4A4:56%;M4A1-S:31%;MP9:6%,1.0,0.542,0.223,0.912,0.522,0.06,0.557,0.454,0.331,0.517,M4A4|USP-S|a1h1k0|sm1fl0HE0fr0;M4A1-S|USP-S|a1h1k1|sm1fl1HE1fr1;M4A4|USP-S|a1h1k1|sm1fl1HE1fr1
ct,3400,M4A4,3500,OBSERVED,1,34.5,0,family,300,800,1100,,6900,6100,,M4A4:55%;M4A1-S:31%;MP9:6%,1.0,0.551,0.228,0.91,0.527,0.06,0.565,0.462,0.327,0.528,M4A4|USP-S|a1h1k0|sm1fl0HE0fr0;M4A1-S|USP-S|a1h1k1|sm1fl1HE1fr1;M4A4|USP-S|a1h1k1|sm1fl1HE1fr1
ct,3400,M4A4,3550,OBSERVED,3,34.1,0,family,300,800,1100,,6950,6150,,M4A4:54%;M4A1-S:31%;MP9:6%,1.0,0.56,0.233,0.908,0.532,0.059,0.573,0.47,0.323,0.538,M4A4|USP-S|a1h1k0|sm1fl0HE0fr0;M4A1-S|USP-S|a1h1k1|sm1fl1HE1fr1;M4A4|USP-S|a1h1k1|sm1fl1HE1fr1
ct,3400,M4A4,3600,OBSERVED,4,33.6,0,family,300,800,1100,,7000,6200,,M4A4:54%;M4A1-S:32%;MP9:6%,1.0,0.568,0.238,0.905,0.537,0.059,0.582,0.479,0.315,0.549,M4A4|USP-S|a1h1k0|sm1fl0HE0fr0;M4A1-S|USP-S|a1h1k1|sm1fl1HE1fr1;M4A4|USP-S|a1h1k1|sm1fl1HE1fr1
ct,3400,M4A4,3650,OBSERVED,2,33.1,0,family,300,800,1100,,7050,6250,,M4A4:53%;M4A1-S:32%;MP9:6%,1.0,0.576,0.244,0.902,0.542,0.058,0.59,0.487,0.311,0.56,M4A4|USP-S|a1h1k0|sm1fl0HE0fr0;M4A1-S|USP-S|a1h1k1|sm1fl1HE1fr1;M4A4|USP-S|a1h1k1|sm1fl1HE1fr1
ct,3400,M4A4,3700,OBSERVED,1,32.5,0,family,300,800,1200,,7100,6300,,M4A4:52%;M4A1-S:33%;MP9:5%,1.0,0.583,0.251,0.899,0.547,0.057,0.599,0.496,0.303,0.571,M4A1-S|USP-S|a1h1k1|sm1fl1HE1fr1;M4A4|USP-S|a1h1k0|sm1fl0HE0fr0;M4A4|USP-S|a1h1k1|sm1fl1HE1fr1
ct,3400,M4A4,3750,OBSERVED,1,31.8,0,family,300,800,1200,,7150,6350,,M4A4:51%;M4A1-S:33%;MP9:5%,1.0,0.589,0.259,0.895,0.552,0.056,0.609,0.506,0.295,0.582,M4A1-S|USP-S|a1h1k1|sm1fl1HE1fr1;M4A4|USP-S|a1h1k0|sm1fl0HE0fr0;M4A4|USP-S|a1h1k1|sm1fl1HE1fr1
ct,3400,M4A4,3800,INTERPOLATED,0,31.1,50,family,300,800,1300,,7200,6400,,M4A4:50%;M4A1-S:33%;MP9:5%,1.0,0.595,0.267,0.891,0.558,0.055,0.619,0.515,0.286,0.593,M4A1-S|USP-S|a1h1k1|sm1fl1HE1fr1;M4A4|USP-S|a1h1k0|sm1fl0HE0fr0;M4A4|USP-S|a1h1k1|sm1fl1HE1fr1
ct,3400,M4A4,3850,OBSERVED,1,30.4,0,family,300,800,1300,,7250,6450,,M4A4:50%;M4A1-S:34%;MP9:5%,1.0,0.6,0.276,0.887,0.563,0.053,0.629,0.526,0.278,0.604,M4A1-S|USP-S|a1h1k1|sm1fl1HE1fr1;M4A4|USP-S|a1h1k0|sm1fl0HE0fr0;M4A4|USP-S|a1h1k1|sm1fl1HE1fr1
ct,3400,M4A4,3900,INTERPOLATED,0,29.7,50,family,300,800,1550,,7300,6500,,M4A4:49%;M4A1-S:34%;MP9:5%,1.0,0.603,0.286,0.882,0.569,0.052,0.64,0.538,0.269,0.615,M4A1-S|USP-S|a1h1k1|sm1fl1HE1fr1;M4A4|USP-S|a1h1k0|sm1fl0HE0fr0;M4A4|USP-S|a1h1k1|sm1fl1HE1fr1
ct,3400,M4A4,3950,INTERPOLATED,0,29.0,100,family,300,800,1550,,7350,6550,,M4A4:48%;M4A1-S:34%;MP9:4%,1.0,0.605,0.298,0.877,0.575,0.05,0.651,0.55,0.26,0.628,M4A1-S|USP-S|a1h1k1|sm1fl1HE1fr1;M4A4|USP-S|a1h1k0|sm1fl0HE0fr0;M4A4|USP-S|a1h1k1|sm1fl1HE1fr1
ct,3400,M4A4,4000,INTERPOLATED,0,28.2,150,family,300,800,1550,,7400,6600,,M4A4:47%;M4A1-S:35%;AWP:5%,1.0,0.606,0.311,0.871,0.581,0.048,0.663,0.563,0.247,0.643,M4A1-S|USP-S|a1h1k1|sm1fl1HE1fr1;M4A4|USP-S|a1h1k0|sm1fl0HE0fr0;M4A4|USP-S|a1h1k1|sm1fl1HE1fr1
ct,3400,M4A4,4050,INTERPOLATED,0,27.4,100,family,300,800,1550,,7450,6650,,M4A4:47%;M4A1-S:35%;AWP:5%,1.0,0.605,0.325,0.866,0.588,0.046,0.676,0.578,0.238,0.659,M4A1-S|USP-S|a1h1k1|sm1fl1HE1fr1;M4A4|USP-S|a1h1k0|sm1fl0HE0fr0;M4A4|USP-S|a1h1k1|sm1fl1HE1fr1
ct,3400,M4A4,4100,INTERPOLATED,0,26.5,50,family,300,900,1700,,7500,6600,,M4A4:46%;M4A1-S:35%;AWP:6%,1.0,0.603,0.341,0.86,0.595,0.043,0.689,0.595,0.224,0.674,M4A1-S|USP-S|a1h1k1|sm1fl1HE1fr1;M4A4|USP-S|a1h1k0|sm1fl0HE0fr0;M4A4|USP-S|a1h1k1|sm1fl1HE1fr1
ct,3400,M4A4,4150,OBSERVED,1,25.7,0,family,300,1000,1700,,7550,6550,,M4A4:45%;M4A1-S:36%;AWP:7%,1.0,0.598,0.358,0.855,0.604,0.041,0.702,0.613,0.209,0.689,M4A1-S|USP-S|a1h1k1|sm1fl1HE1fr1;M4A4|USP-S|a1h1k1|sm1fl1HE1fr1;M4A4|USP-S|a1h1k0|sm1fl0HE0fr0
ct,3400,M4A4,4200,INTERPOLATED,0,24.7,50,family,300,1000,1700,,7600,6600,,M4A4:44%;M4A1-S:36%;AWP:7%,1.0,0.592,0.377,0.851,0.614,0.038,0.716,0.632,0.199,0.701,M4A1-S|USP-S|a1h1k1|sm1fl1HE1fr1;M4A4|USP-S|a1h1k1|sm1fl1HE1fr1;M4A4|USP-S|a1h1k0|sm1fl0HE0fr0
ct,3400,M4A4,4250,OBSERVED,1,23.7,0,family,600,1100,1700,,7650,6550,,M4A4:43%;M4A1-S:37%;AWP:8%,1.0,0.584,0.399,0.847,0.625,0.036,0.73,0.653,0.184,0.718,M4A1-S|USP-S|a1h1k1|sm1fl1HE1fr1;M4A4|USP-S|a1h1k1|sm1fl1HE1fr1;M4A4|USP-S|a1h0k0|sm1fl0HE1fr1
ct,3400,M4A4,4300,INTERPOLATED,0,22.6,50,family,600,1100,1700,,7700,6600,,M4A4:42%;M4A1-S:37%;AWP:8%,1.0,0.575,0.422,0.844,0.638,0.033,0.745,0.676,0.169,0.738,M4A1-S|USP-S|a1h1k1|sm1fl1HE1fr1;M4A4|USP-S|a1h0k0|sm1fl0HE1fr1;M4A4|USP-S|a1h1k1|sm1fl1HE1fr1
ct,3400,M4A4,4350,OBSERVED,1,21.4,0,family,600,1100,1700,,7750,6650,,M4A4:41%;M4A1-S:38%;AWP:9%,1.0,0.563,0.446,0.843,0.653,0.03,0.759,0.701,0.153,0.756,M4A1-S|USP-S|a1h1k1|sm1fl1HE1fr1;M4A4|USP-S|a1h0k0|sm1fl0HE1fr1;M4A4|USP-S|a1h1k1|sm1fl1HE1fr1
ct,3400,M4A4,4400,INTERPOLATED,0,20.2,50,family,600,1200,1700,,7800,6600,,M4A4:40%;M4A1-S:39%;AWP:9%,1.0,0.551,0.472,0.843,0.669,0.026,0.772,0.727,0.136,0.783,M4A1-S|USP-S|a1h1k1|sm1fl1HE1fr1;M4A4|USP-S|a1h0k0|sm1fl0HE1fr1;M4A4|USP-S|a1h1k1|sm1fl1HE1fr1
