map,round,player,startMoney,moneySpent,retainedPrimary,resultingPrimary,implied_primary,implied_armor,implied_grenades,implied_kit,implied_total,diff
p-r1-qf1-m1-de_dust2,3,molodoy,2500,300,SSG 08,SSG 08,0,0,300,0,300,0
p-r1-qf1-m1-de_dust2,3,dgt,3550,900,AK-47,AK-47,0,0,900,0,900,0
p-r1-qf1-m1-de_dust2,3,meyern,4150,200,AK-47,AK-47,0,0,200,0,200,0
p-r1-qf1-m1-de_dust2,3,luchov,3500,600,Galil AR,Galil AR,0,0,0,0,0,600
p-r1-qf1-m1-de_dust2,4,dgt,6450,700,AK-47,AK-47,0,0,0,0,0,700
p-r1-qf1-m1-de_dust2,4,meyern,7750,200,AK-47,AK-47,0,0,0,0,0,200
p-r1-qf1-m1-de_dust2,4,max,6100,600,MAC-10,MAC-10,0,0,200,0,200,400
p-r1-qf1-m1-de_dust2,5,HUASOPEEK,8900,1100,Galil AR,M4A4,2900,0,0,0,2900,-1800
p-r1-qf1-m1-de_dust2,5,molodoy,3450,1300,AWP,AWP,0,0,700,0,700,600
p-r1-qf1-m1-de_dust2,5,luchov,9400,500,Galil AR,M4A1-S,2900,0,0,0,2900,-2400
p-r1-qf1-m1-de_dust2,6,max,8050,300,AK-47,AK-47,0,0,300,0,300,0
p-r1-qf1-m1-de_dust2,8,meyern,9500,0,AWP,AWP,0,0,0,0,0,0
p-r1-qf1-m1-de_dust2,8,luchov,9650,400,AK-47,AK-47,0,0,0,0,0,400
p-r1-qf1-m1-de_dust2,9,dgt,10650,800,AK-47,AK-47,0,0,300,0,300,500
p-r1-qf1-m1-de_dust2,9,meyern,13200,700,AWP,AWP,0,0,0,0,0,700
p-r1-qf1-m1-de_dust2,9,max,7800,400,AK-47,AK-47,0,0,0,0,0,400
p-r1-qf1-m1-de_dust2,11,yuurih,5600,1600,M4A1-S,M4A1-S,0,0,700,400,1100,500
p-r1-qf1-m1-de_dust2,15,yuurih,3850,1200,AK-47,AK-47,0,0,700,0,700,500
p-r1-qf1-m1-de_dust2,15,dgt,2550,300,MP7,MP7,0,0,300,0,300,0
p-r1-qf1-m1-de_dust2,16,YEKINDAR,4950,900,AK-47,AK-47,0,0,300,0,300,600
p-r1-qf1-m1-de_dust2,16,KSCERATO,5950,700,MP7,AK-47,2700,0,0,0,2700,-2000
p-r1-qf1-m1-de_dust2,17,max,4150,800,M4A1-S,M4A1-S,0,0,600,0,600,200
p-r1-qf1-m1-de_dust2,20,yuurih,900,800,AK-47,Galil AR,1800,0,0,0,1800,-1000
p-r1-qf1-m1-de_dust2,20,molodoy,1600,0,AWP,AWP,0,0,0,0,0,0
p-r1-qf1-m1-de_dust2,20,meyern,3550,1850,AWP,AWP,0,350,1000,0,1350,500
p-r1-qf1-m2-de_mirage,3,meyern,3550,1850,FAMAS,Galil AR,1800,350,1100,400,3650,-1800
p-r1-qf1-m2-de_mirage,4,luchov,3800,1100,M4A4,M4A4,0,0,300,0,300,800
p-r1-qf1-m2-de_mirage,5,luchov,6000,200,M4A4,M4A4,0,0,200,0,200,0
p-r1-qf1-m2-de_mirage,5,dgt,4500,0,M4A4,M4A4,0,0,0,400,400,-400
p-r1-qf1-m2-de_mirage,5,max,4400,700,M4A4,M4A4,0,0,200,0,200,500
p-r1-qf1-m2-de_mirage,7,luchov,7900,800,M4A4,M4A4,0,0,0,0,0,800
p-r1-qf1-m2-de_mirage,7,meyern,6950,0,AWP,AWP,0,0,0,0,0,0
p-r1-qf1-m2-de_mirage,7,dgt,6600,1000,M4A4,M4A4,0,0,0,400,400,600
p-r1-qf1-m2-de_mirage,9,max,6850,800,M4A4,M4A4,0,0,0,0,0,800
p-r1-qf1-m2-de_mirage,11,meyern,2100,0,AWP,AWP,0,0,0,0,0,0
p-r1-qf1-m2-de_mirage,16,luchov,2200,0,Galil AR,,0,0,0,0,0,0
p-r1-qf1-m2-de_mirage,17,KSCERATO,6050,600,M4A1-S,M4A1-S,0,0,0,0,0,600
p-r1-qf1-m2-de_mirage,20,KSCERATO,4200,200,M4A4,M4A4,0,0,0,0,0,200
p-r1-qf1-m2-de_mirage,20,meyern,4150,700,AWP,AWP,0,0,0,0,0,700
p-r1-qf1-m2-de_mirage,20,dgt,3850,1100,AK-47,AK-47,0,0,400,0,400,700
p-r1-qf1-m2-de_mirage,20,max,3500,600,AK-47,AK-47,0,0,200,0,200,400
p-r1-qf1-m2-de_mirage,21,molodoy,2600,200,AWP,AWP,0,0,0,0,0,200
p-r1-qf1-m2-de_mirage,21,YEKINDAR,2800,0,AK-47,AK-47,0,0,0,0,0,0
p-r1-qf1-m2-de_mirage,21,max,6400,700,AK-47,AK-47,0,0,0,0,0,700
p-r1-qf1-m2-de_mirage,22,YEKINDAR,6300,600,AK-47,AK-47,0,0,400,0,400,200
p-r1-qf1-m2-de_mirage,22,FalleN,4600,1500,MP9,M4A4,2900,0,0,0,2900,-1400
p-r1-qf1-m3-de_overpass,3,meyern,3600,900,Galil AR,Galil AR,0,0,400,0,400,500
p-r1-qf1-m3-de_overpass,4,max,400,300,Galil AR,AK-47,2700,0,0,0,2700,-2400
p-r1-qf1-m3-de_overpass,4,YEKINDAR,3500,1300,M4A4,M4A4,0,0,500,0,500,800
p-r1-qf1-m3-de_overpass,4,molodoy,3500,1500,AWP,AWP,0,0,1000,0,1000,500
p-r1-qf1-m3-de_overpass,4,KSCERATO,3850,1700,M4A4,M4A4,0,0,500,400,900,800
p-r1-qf1-m3-de_overpass,5,dgt,2200,0,AK-47,,0,0,0,0,0,0
p-r1-qf1-m3-de_overpass,7,max,700,0,AK-47,AK-47,0,0,0,0,0,0
p-r1-qf1-m3-de_overpass,8,YEKINDAR,7600,1400,M4A4,AK-47,2700,0,800,400,3900,-2500
p-r1-qf1-m3-de_overpass,8,FalleN,4400,700,M4A1-S,M4A1-S,0,0,0,0,0,700
p-r1-qf1-m3-de_overpass,8,KSCERATO,8550,700,AK-47,AK-47,0,0,0,0,0,700
p-r1-qf1-m3-de_overpass,9,max,3900,1000,Galil AR,AK-47,2700,0,200,0,2900,-1900
p-r1-qf1-m3-de_overpass,9,YEKINDAR,8000,700,AK-47,AK-47,0,0,0,0,0,700
p-r1-qf1-m3-de_overpass,9,meyern,3500,1250,AWP,AWP,0,350,400,0,750,500
p-r1-qf1-m3-de_overpass,15,max,3550,500,FAMAS,FAMAS,0,0,500,0,500,0
p-r1-qf1-m3-de_overpass,15,luchov,3600,200,M4A1-S,M4A1-S,0,0,200,0,200,0
p-r1-qf1-m3-de_overpass,15,dgt,3600,1300,M4A4,M4A4,0,0,700,0,700,600
p-r1-qf1-m3-de_overpass,16,meyern,5800,200,AWP,AWP,0,0,200,0,200,0
p-r1-qf1-m3-de_overpass,18,meyern,2100,0,AWP,,0,0,0,0,0,0
p-r1-qf1-m3-de_overpass,19,yuurih,7300,700,AK-47,AK-47,0,0,0,0,0,700
p-r1-qf2-m1-de_nuke,3,woxic,2950,0,SSG 08,,0,0,0,0,0,0
p-r1-qf2-m1-de_nuke,3,Magnojez,3550,800,Galil AR,Galil AR,0,0,0,0,0,800
p-r1-qf2-m1-de_nuke,6,MAJ3R,5150,0,M4A1-S,M4A1-S,0,0,200,0,200,-200
p-r1-qf2-m1-de_nuke,6,XANTARES,5250,300,M4A1-S,M4A1-S,0,0,0,0,0,300
p-r1-qf2-m1-de_nuke,6,woxic,3550,1100,AWP,AWP,0,0,1100,0,1100,0
p-r1-qf2-m1-de_nuke,6,Wicadia,4150,800,AK-47,AK-47,0,0,0,0,0,800
p-r1-qf2-m1-de_nuke,7,MAJ3R,9550,300,M4A1-S,M4A1-S,0,0,500,0,500,-200
p-r1-qf2-m1-de_nuke,7,woxic,5950,800,AWP,AWP,0,0,0,0,0,800
p-r1-qf2-m1-de_nuke,7,Wicadia,6850,0,AK-47,AK-47,0,0,0,0,0,0
p-r1-qf2-m1-de_nuke,10,Boombl4,3900,1000,AK-47,AK-47,0,0,400,0,400,600
p-r1-qf2-m1-de_nuke,15,MAJ3R,4200,1200,MAC-10,Galil AR,1800,0,300,0,2100,-900
p-r1-qf2-m1-de_nuke,15,XANTARES,3800,1200,AK-47,AK-47,0,0,900,0,900,300
p-r1-qf2-m1-de_nuke,15,zorte,2500,300,SSG 08,SSG 08,0,0,300,400,700,-400
p-r1-qf2-m1-de_nuke,15,Wicadia,3500,1200,AK-47,AK-47,0,0,900,0,900,300
p-r1-qf2-m1-de_nuke,16,soulfly,5600,900,MAC-10,AK-47,2700,0,0,0,2700,-1800
p-r1-qf2-m1-de_nuke,16,woxic,4000,700,AK-47,AK-47,0,0,0,0,0,700
p-r1-qf2-m1-de_nuke,16,Wicadia,5850,800,AK-47,AK-47,0,0,0,0,0,800
p-r1-qf2-m1-de_nuke,18,woxic,5000,800,AWP,AWP,0,0,0,0,0,800
p-r1-qf2-m1-de_nuke,18,Wicadia,6000,0,AK-47,AK-47,0,0,0,0,0,0
p-r1-qf2-m1-de_nuke,19,XANTARES,5050,600,AK-47,AK-47,0,0,0,0,0,600
p-r1-qf2-m2-de_anubis,5,soulfly,3850,1850,FAMAS,AK-47,2700,350,1000,400,4450,-2600
p-r1-qf2-m2-de_anubis,6,woxic,4600,1100,AWP,AWP,0,0,0,400,400,700
p-r1-qf2-m2-de_anubis,6,Wicadia,4950,500,AK-47,AK-47,0,0,0,0,0,500
p-r1-qf2-m2-de_anubis,6,zorte,2700,0,Galil AR,,0,0,0,0,0,0
p-r1-qf2-m2-de_anubis,7,soulfly,4100,0,M4A4,M4A4,0,0,0,400,400,-400
p-r1-qf2-m2-de_anubis,7,woxic,7100,800,AWP,AWP,0,0,200,0,200,600
p-r1-qf2-m2-de_anubis,7,MAJ3R,5600,500,M4A1-S,M4A1-S,0,0,0,0,0,500
p-r1-qf2-m2-de_anubis,7,XANTARES,4300,500,AK-47,AK-47,0,0,0,0,0,500
p-r1-qf2-m2-de_anubis,9,MAJ3R,3600,900,AWP,AWP,0,0,0,400,400,500
p-r1-qf2-m2-de_anubis,10,woxic,3500,0,AWP,,0,0,0,0,0,0
p-r1-qf2-m2-de_anubis,15,XANTARES,4000,500,AK-47,AK-47,0,0,200,0,200,300
p-r1-qf2-m2-de_anubis,16,woxic,6050,900,Galil AR,M4A4,2900,0,0,0,2900,-2000
p-r1-qf2-m2-de_anubis,17,XANTARES,5950,500,AK-47,AK-47,0,0,0,0,0,500
p-r1-qf3-m1-de_overpass,4,donk,2050,0,M4A4,,0,0,0,0,0,0
p-r1-qf3-m1-de_overpass,4,SunPayus,3750,1100,Galil AR,M4A4,2900,0,0,0,2900,-1800
p-r1-qf3-m1-de_overpass,5,MATYS,4250,2100,MAC-10,M4A4,2900,0,200,0,3100,-1000
p-r1-qf3-m1-de_overpass,6,sh1ro,3900,1600,AWP,AWP,0,350,300,400,1050,550
p-r1-qf3-m1-de_overpass,8,tN1R,3650,1750,MP7,M4A1-S,2900,350,300,400,3950,-2200
p-r1-qf3-m1-de_overpass,9,sh1ro,5600,800,AK-47,AK-47,0,0,0,400,400,400
p-r1-qf3-m1-de_overpass,9,magixx,5550,800,M4A1-S,M4A1-S,0,0,0,0,0,800
p-r1-qf3-m1-de_overpass,10,zont1x,5900,800,M4A1-S,M4A1-S,0,0,0,0,0,800
p-r1-qf3-m1-de_overpass,11,NertZ,4100,1000,AK-47,AK-47,0,0,700,0,700,300
p-r1-qf3-m1-de_overpass,11,SunPayus,3800,700,AK-47,AK-47,0,0,400,0,400,300
p-r1-qf3-m1-de_overpass,11,huNter-,3750,1200,AK-47,AK-47,0,0,1200,0,1200,0
p-r1-qf3-m1-de_overpass,11,MATYS,4250,900,AK-47,AK-47,0,0,800,0,800,100
p-r1-qf3-m1-de_overpass,16,SunPayus,4350,1200,SSG 08,MP9,1250,0,1200,0,2450,-1250
p-r1-qf3-m1-de_overpass,17,sh1ro,2350,0,M4A1-S,,0,0,0,0,0,0
p-r1-qf3-m1-de_overpass,17,SunPayus,6650,1200,MP9,M4A4,2900,0,0,0,2900,-1700
p-r1-qf3-m1-de_overpass,17,huNter-,5100,700,M4A4,MP9,1250,0,0,0,1250,-550
p-r1-qf3-m1-de_overpass,17,MATYS,5250,1000,AK-47,M4A1-S,2900,0,0,0,2900,-1900
p-r1-qf3-m1-de_overpass,22,huNter-,5700,800,M4A1-S,M4A1-S,0,0,0,0,0,800
p-r1-qf3-m2-de_dust2,3,huNter-,3550,500,MP9,MP9,0,0,300,0,300,200
p-r1-qf3-m2-de_dust2,3,MATYS,3600,1500,M4A4,M4A4,0,0,1000,400,1400,100
p-r1-qf3-m2-de_dust2,3,SunPayus,4650,1100,AWP,AWP,0,0,800,0,800,300
p-r1-qf3-m2-de_dust2,4,NertZ,5100,500,M4A4,AK-47,2700,0,700,0,3400,-2900
p-r1-qf3-m2-de_dust2,7,zont1x,4750,700,AK-47,M4A1-S,2900,0,0,0,2900,-2200
p-r1-qf3-m2-de_dust2,9,donk,5900,900,AK-47,AK-47,0,0,300,0,300,600
p-r1-qf3-m2-de_dust2,9,tN1R,6150,600,AK-47,AK-47,0,0,300,0,300,300
p-r1-qf3-m2-de_dust2,10,zont1x,8500,700,AK-47,AK-47,0,0,0,0,0,700
p-r1-qf3-m2-de_dust2,11,huNter-,3950,800,M4A1-S,AK-47,2700,0,0,0,2700,-1900
p-r1-qf3-m2-de_dust2,11,MATYS,3500,800,M4A1-S,M4A1-S,0,0,300,0,300,500
p-r1-qf3-m2-de_dust2,11,SunPayus,3700,1100,AWP,AWP,0,0,700,0,700,400
p-r1-qf3-m2-de_dust2,16,zont1x,3750,700,M4A1-S,M4A1-S,0,0,500,400,900,-200
p-r1-qf3-m2-de_dust2,16,SunPayus,1900,0,SSG 08,,0,0,0,0,0,0
p-r1-qf3-m2-de_dust2,16,donk,4050,800,AK-47,AK-47,0,0,0,0,0,800
p-r1-qf3-m2-de_dust2,17,zont1x,6550,800,M4A1-S,M4A1-S,0,0,0,0,0,800
p-r1-qf3-m2-de_dust2,17,donk,6750,300,AK-47,AK-47,0,0,0,0,0,300
p-r1-qf3-m2-de_dust2,17,tN1R,7000,1200,MP9,M4A1-S,2900,0,200,0,3100,-1900
p-r1-qf3-m2-de_dust2,19,huNter-,3600,900,AK-47,AK-47,0,0,500,0,500,400
p-r1-qf3-m2-de_dust2,19,sh1ro,2000,1000,AWP,AWP,0,0,200,0,200,800
p-r1-qf3-m2-de_dust2,19,MATYS,3550,900,Galil AR,M4A1-S,2900,0,400,0,3300,-2400
p-r1-qf3-m2-de_dust2,19,SunPayus,3550,1450,AK-47,AK-47,0,350,600,0,950,500
p-r1-qf3-m2-de_dust2,23,SunPayus,3500,1100,AWP,AWP,0,0,700,0,700,400
p-r1-qf3-m3-de_mirage,3,HeavyGod,4250,1100,Galil AR,Galil AR,0,0,600,0,600,500
p-r1-qf3-m3-de_mirage,3,magixx,2500,600,MP9,MP9,0,0,300,0,300,300
p-r1-qf3-m3-de_mirage,3,donk,2450,750,MP9,MP9,0,350,0,400,750,0
p-r1-qf3-m3-de_mirage,3,tN1R,2450,500,MP9,MP9,0,0,0,0,0,500
p-r1-qf3-m3-de_mirage,3,SunPayus,3850,900,Galil AR,Galil AR,0,0,400,0,400,500
p-r1-qf3-m3-de_mirage,10,NertZ,3950,900,AK-47,AK-47,0,0,500,0,500,400
p-r1-qf3-m3-de_mirage,10,tN1R,2000,0,M4A1-S,M4A1-S,0,0,0,0,0,0
p-r1-qf3-m3-de_mirage,12,SunPayus,9700,1100,AWP,AWP,0,0,300,0,300,800
p-r1-qf3-m3-de_mirage,15,huNter-,3150,300,MP7,MP7,0,0,300,0,300,0
p-r1-qf3-m3-de_mirage,15,sh1ro,3900,700,Galil AR,Galil AR,0,0,400,0,400,300
p-r1-qf3-m3-de_mirage,15,zont1x,3850,1200,AK-47,AK-47,0,0,1000,0,1000,200
p-r1-qf3-m3-de_mirage,15,donk,3500,1000,Galil AR,Galil AR,0,0,300,0,300,700
p-r1-qf3-m3-de_mirage,15,tN1R,4200,1200,MAC-10,MAC-10,0,0,900,0,900,300
p-r1-qf3-m3-de_mirage,15,HeavyGod,2550,500,MP9,Galil AR,1800,0,0,0,1800,-1300
p-r1-qf3-m3-de_mirage,16,sh1ro,7050,1100,Galil AR,Galil AR,0,0,400,0,400,700
p-r1-qf3-m3-de_mirage,16,magixx,4600,900,MAC-10,MP7,1400,0,200,0,1600,-700
p-r1-qf3-m3-de_mirage,17,sh1ro,9750,1100,Galil AR,M4A1-S,2900,0,0,0,2900,-1800
p-r1-qf3-m3-de_mirage,17,magixx,7200,1200,MP7,Galil AR,1800,0,300,0,2100,-900
p-r1-qf3-m3-de_mirage,17,HeavyGod,3550,800,M4A1-S,M4A1-S,0,0,0,0,0,800
p-r1-qf3-m3-de_mirage,18,NertZ,6600,1100,M4A1-S,AK-47,2700,0,700,0,3400,-2300
p-r1-qf3-m3-de_mirage,18,tN1R,4250,300,AK-47,AK-47,0,0,300,0,300,0
p-r1-qf3-m3-de_mirage,19,zont1x,5550,900,AK-47,AK-47,0,0,300,0,300,600
p-r1-qf3-m3-de_mirage,20,huNter-,5300,800,M4A1-S,AK-47,2700,0,0,0,2700,-1900
p-r1-qf3-m3-de_mirage,20,MATYS,3700,1150,M4A4,M4A4,0,350,0,0,350,800
p-r1-qf3-m3-de_mirage,21,SunPayus,7650,1000,AWP,AWP,0,0,500,0,500,500
p-r1-qf4-m1-de_anubis,3,karrigan,3600,1000,FAMAS,FAMAS,0,0,500,0,500,500
p-r1-qf4-m1-de_anubis,3,m0NESY,4050,1500,M4A1-S,M4A1-S,0,0,1000,400,1400,100
p-r1-qf4-m1-de_anubis,3,ropz,150,0,Galil AR,Galil AR,0,0,0,0,0,0
p-r1-qf4-m1-de_anubis,4,karrigan,6350,800,FAMAS,FAMAS,0,0,0,400,400,400
p-r1-qf4-m1-de_anubis,4,NiKo,6850,600,FAMAS,M4A1-S,2900,0,0,0,2900,-2300
p-r1-qf4-m1-de_anubis,6,m0NESY,9950,800,AWP,AWP,0,0,300,0,300,500
p-r1-qf4-m1-de_anubis,8,apEX,5900,700,AK-47,AK-47,0,0,0,0,0,700
p-r1-qf4-m1-de_anubis,8,ZywOo,5850,900,AK-47,AK-47,0,0,300,0,300,600
p-r1-qf4-m1-de_anubis,9,mezii,8300,0,AK-47,AK-47,0,0,0,0,0,0
p-r1-qf4-m1-de_anubis,11,m0NESY,3650,1200,AWP,AWP,0,0,300,400,700,500
p-r1-qf4-m1-de_anubis,15,apEX,5350,700,M4A4,M4A4,0,0,1000,0,1000,-300
p-r1-qf4-m1-de_anubis,15,flameZ,3500,1000,MP9,MP9,0,0,800,0,800,200
p-r1-qf4-m1-de_anubis,15,ropz,3600,1100,M4A1-S,M4A1-S,0,0,800,0,800,300
p-r1-qf4-m1-de_anubis,15,ZywOo,4000,1200,M4A4,M4A4,0,0,300,400,700,500
p-r1-qf4-m1-de_anubis,16,flameZ,6900,1900,MP9,AK-47,2700,0,200,400,3300,-1400
p-r1-qf4-m1-de_anubis,16,ropz,6000,1300,M4A1-S,M4A1-S,0,0,200,400,600,700
p-r1-qf4-m1-de_anubis,17,flameZ,8500,500,AK-47,AK-47,0,0,300,0,300,200
p-r1-qf4-m1-de_anubis,20,apEX,2800,0,M4A1-S,AK-47,2700,0,0,400,3100,-3100
p-r1-qf4-m1-de_anubis,20,m0NESY,6500,700,AWP,AWP,0,0,0,0,0,700
p-r1-qf4-m1-de_anubis,20,ZywOo,2500,0,AWP,AWP,0,0,500,0,500,-500
p-r1-qf4-m2-de_inferno,3,TeSeS,3750,1300,M4A4,M4A4,0,0,700,0,700,600
p-r1-qf4-m2-de_inferno,5,TeSeS,2400,0,M4A4,,0,0,0,0,0,0
p-r1-qf4-m2-de_inferno,5,ropz,3250,900,AK-47,AK-47,0,0,300,0,300,600
p-r1-qf4-m2-de_inferno,6,ZywOo,6850,400,AWP,AWP,0,0,0,0,0,400
p-r1-qf4-m2-de_inferno,6,apEX,5500,600,AK-47,AK-47,0,0,0,0,0,600
p-r1-qf4-m2-de_inferno,7,TeSeS,3450,1500,M4A4,M4A4,0,0,300,400,700,800
p-r1-qf4-m2-de_inferno,7,ropz,1650,800,AK-47,AK-47,0,0,0,0,0,800
p-r1-qf4-m2-de_inferno,12,ropz,650,600,AK-47,AK-47,0,0,0,0,0,600
p-r1-qf4-m2-de_inferno,15,m0NESY,1800,0,AK-47,,0,0,0,0,0,0
p-r1-qf4-m2-de_inferno,15,ZywOo,3500,1700,MP9,MP9,0,0,1100,400,1500,200
p-r1-qf4-m2-de_inferno,15,ropz,3550,1300,MP9,MP9,0,0,1300,0,1300,0
p-r1-qf4-m2-de_inferno,17,apEX,4600,800,M4A4,M4A4,0,0,0,0,0,800
p-r1-qf4-m2-de_inferno,18,m0NESY,100,0,AK-47,AK-47,0,0,0,0,0,0
p-r1-qf4-m2-de_inferno,18,TeSeS,200,0,AK-47,AK-47,0,0,0,0,0,0
p-r1-qf4-m2-de_inferno,18,apEX,7200,500,M4A4,M4A4,0,0,0,400,400,100
p-r1-qf4-m2-de_inferno,19,TeSeS,3700,1100,AK-47,M4A4,2900,0,700,0,3600,-2500
p-r1-qf4-m2-de_inferno,19,ZywOo,5550,600,AWP,AWP,0,0,200,0,200,400
p-r1-qf4-m2-de_inferno,21,kyousuke,3650,700,AK-47,AK-47,0,0,0,0,0,700
p-r1-qf4-m2-de_inferno,22,TeSeS,1150,800,AK-47,AK-47,0,0,200,0,200,600
p-r1-qf4-m2-de_inferno,23,TeSeS,3850,900,AK-47,AK-47,0,0,300,0,300,600
p-r1-qf4-m2-de_inferno,23,apEX,4050,1200,M4A4,M4A4,0,0,0,400,400,800
p-r1-qf4-m2-de_inferno,24,ZywOo,4100,2500,AWP,AWP,0,1000,1200,400,2600,-100
p-r1-qf4-m3-de_dust2,4,ZywOo,4200,1300,M4A4,M4A4,0,0,800,0,800,500
p-r1-qf4-m3-de_dust2,5,kyousuke,3800,700,AK-47,AK-47,0,0,300,0,300,400
p-r1-qf4-m3-de_dust2,7,ZywOo,4250,1000,AWP,AWP,0,0,300,400,700,300
p-r1-qf4-m3-de_dust2,8,apEX,2050,300,M4A1-S,M4A1-S,0,0,200,0,200,100
p-r1-qf4-m3-de_dust2,9,flameZ,2750,0,M4A4,,0,0,0,0,0,0
p-r1-qf4-m3-de_dust2,10,NiKo,3700,1000,AK-47,AK-47,0,0,900,0,900,100
p-r1-qf4-m3-de_dust2,11,m0NESY,50,0,AWP,AWP,0,0,0,0,0,0
p-r1-qf4-m3-de_dust2,11,ropz,3750,1700,M4A1-S,M4A1-S,0,0,700,400,1100,600
p-r1-qf4-m3-de_dust2,15,m0NESY,4400,1250,SSG 08,M4A1-S,2900,0,300,0,3200,-1950
p-r1-qf4-m3-de_dust2,16,ropz,100,0,AK-47,AK-47,0,0,700,0,700,-700
p-r1-qf4-m3-de_dust2,17,karrigan,6000,1300,Galil AR,M4A4,2900,0,0,0,2900,-1600
p-r1-qf4-m3-de_dust2,18,NiKo,6200,500,AK-47,AK-47,0,0,0,0,0,500
p-r1-qf4-m3-de_dust2,18,m0NESY,6200,0,AWP,AWP,0,0,0,0,0,0
p-r1-qf4-m3-de_dust2,18,karrigan,9100,0,M4A4,M4A4,0,0,0,0,0,0
p-r1-qf4-m3-de_dust2,20,ropz,4100,800,AK-47,AK-47,0,0,0,0,0,800
p-r2-sf1-m1-de_dust2,3,MAJ3R,3550,1300,M4A1-S,M4A1-S,0,0,1100,0,1100,200
p-r2-sf1-m1-de_dust2,3,Wicadia,3500,1500,M4A1-S,M4A1-S,0,0,500,400,900,600
p-r2-sf1-m1-de_dust2,3,soulfly,5700,1200,MP9,MP9,0,0,0,400,400,800
p-r2-sf1-m1-de_dust2,4,woxic,3750,1400,AWP,AWP,0,0,700,400,1100,300
p-r2-sf1-m1-de_dust2,4,soulfly,8000,1300,MP9,AK-47,2700,0,0,0,2700,-1400
p-r2-sf1-m1-de_dust2,7,yuurih,3650,800,AK-47,AK-47,0,0,200,0,200,600
p-r2-sf1-m1-de_dust2,9,XANTARES,2400,300,AK-47,AK-47,0,0,0,0,0,300
p-r2-sf1-m1-de_dust2,10,molodoy,3750,200,AWP,AWP,0,0,0,0,0,200
p-r2-sf1-m1-de_dust2,10,YEKINDAR,5550,700,AK-47,AK-47,0,0,700,0,700,0
p-r2-sf1-m1-de_dust2,10,yuurih,3950,700,AK-47,AK-47,0,0,200,0,200,500
p-r2-sf1-m1-de_dust2,11,XANTARES,3800,1700,AK-47,AK-47,0,0,700,400,1100,600
p-r2-sf1-m1-de_dust2,11,soulfly,3650,1450,M4A4,AK-47,2700,350,700,400,4150,-2700
p-r2-sf1-m1-de_dust2,16,YEKINDAR,3800,1000,M4A4,M4A4,0,0,1000,0,1000,0
p-r2-sf1-m1-de_dust2,17,molodoy,3150,300,AWP,AWP,0,0,0,0,0,300
p-r2-sf1-m1-de_dust2,17,Wicadia,4250,1200,Galil AR,AK-47,2700,0,900,0,3600,-2400
p-r2-sf1-m1-de_dust2,17,woxic,3550,1100,AWP,AWP,0,0,1100,0,1100,0
p-r2-sf1-m1-de_dust2,19,molodoy,1750,600,AWP,AWP,0,0,0,0,0,600
p-r2-sf1-m1-de_dust2,20,molodoy,3200,300,AWP,AWP,0,0,0,0,0,300
p-r2-sf1-m1-de_dust2,20,KSCERATO,1950,0,FAMAS,FAMAS,0,0,500,0,500,-500
p-r2-sf1-m1-de_dust2,21,molodoy,6600,1700,AWP,AWP,0,0,700,400,1100,600
p-r2-sf1-m1-de_dust2,22,MAJ3R,3800,1600,Galil AR,M4A1-S,2900,0,400,0,3300,-1700
p-r2-sf1-m1-de_dust2,22,Wicadia,4200,3600,MAC-10,AK-47,2700,0,1200,0,3900,-300
p-r2-sf1-m1-de_dust2,22,woxic,3800,1100,AWP,AWP,0,0,800,0,800,300
p-r2-sf1-m1-de_dust2,22,soulfly,3600,2100,Galil AR,AK-47,2700,350,800,0,3850,-1750
p-r2-sf1-m2-de_nuke,3,Wicadia,4400,1700,M4A1-S,M4A1-S,0,0,1000,400,1400,300
p-r2-sf1-m2-de_nuke,7,woxic,1850,800,AWP,AWP,0,0,0,0,0,800
p-r2-sf1-m2-de_nuke,8,Wicadia,2100,0,AK-47,AK-47,0,0,0,0,0,0
p-r2-sf1-m2-de_nuke,9,yuurih,3850,600,AK-47,AK-47,0,0,200,0,200,400
p-r2-sf1-m2-de_nuke,9,YEKINDAR,4100,700,AK-47,AK-47,0,0,0,0,0,700
p-r2-sf1-m2-de_nuke,10,YEKINDAR,7250,700,AK-47,AK-47,0,0,300,0,300,400
p-r2-sf1-m2-de_nuke,11,KSCERATO,5900,700,AK-47,AK-47,0,0,0,0,0,700
p-r2-sf1-m2-de_nuke,11,FalleN,4700,1600,AK-47,AWP,4750,0,0,0,4750,-3150
p-r2-sf1-m2-de_nuke,15,yuurih,3850,1400,M4A1-S,M4A1-S,0,0,1000,400,1400,0
p-r2-sf1-m2-de_nuke,15,KSCERATO,3600,1000,M4A4,M4A4,0,0,1000,0,1000,0
p-r2-sf1-m2-de_nuke,15,YEKINDAR,3550,1500,M4A4,M4A4,0,0,1100,0,1100,400
p-r2-sf1-m2-de_nuke,16,Wicadia,150,0,AK-47,AK-47,0,0,0,0,0,0
p-r2-sf1-m2-de_nuke,16,FalleN,3450,1300,MP9,AK-47,2700,0,600,0,3300,-2000
p-r2-sf1-m2-de_nuke,17,KSCERATO,6150,800,AK-47,AK-47,0,0,0,0,0,800
p-r2-sf2-m1-de_anubis,3,kyousuke,3600,1000,M4A1-S,M4A1-S,0,0,1000,0,1000,0
p-r2-sf2-m1-de_anubis,3,m0NESY,3850,1600,M4A1-S,M4A1-S,0,0,900,400,1300,300
p-r2-sf2-m1-de_anubis,3,karrigan,3550,700,FAMAS,FAMAS,0,0,700,0,700,0
p-r2-sf2-m1-de_anubis,3,NiKo,3600,1300,M4A4,M4A4,0,0,700,0,700,600
p-r2-sf2-m1-de_anubis,5,kyousuke,2050,0,M4A4,M4A4,0,0,0,0,0,0
p-r2-sf2-m1-de_anubis,5,karrigan,2000,300,M4A1-S,M4A1-S,0,0,0,0,0,300
p-r2-sf2-m1-de_anubis,10,kyousuke,3000,300,M4A4,M4A4,0,0,0,400,400,-100
p-r2-sf2-m1-de_anubis,10,m0NESY,2000,0,AWP,AWP,0,0,0,0,0,0
p-r2-sf2-m1-de_anubis,11,zont1x,6150,600,AK-47,AK-47,0,0,0,0,0,600
p-r2-sf2-m1-de_anubis,15,TeSeS,3250,1100,Galil AR,Galil AR,0,0,800,0,800,300
p-r2-sf2-m1-de_anubis,16,donk,3600,1400,M4A4,AK-47,2700,0,1000,400,4100,-2700
p-r2-sf2-m1-de_anubis,17,sh1ro,4800,800,M4A4,AK-47,2700,0,500,0,3200,-2400
p-r2-sf2-m1-de_anubis,18,donk,5200,500,AK-47,AK-47,0,0,0,0,0,500
p-r2-sf2-m1-de_anubis,18,zont1x,5750,300,M4A1-S,M4A1-S,0,0,0,0,0,300
p-r2-sf2-m1-de_anubis,21,sh1ro,2750,300,AWP,AWP,0,0,200,0,200,100
p-r2-sf2-m1-de_anubis,23,sh1ro,7050,1500,AWP,AWP,0,0,300,400,700,800
p-r2-sf2-m2-de_mirage,3,TeSeS,3500,1300,M4A4,M4A4,0,0,1000,0,1000,300
p-r2-sf2-m2-de_mirage,3,kyousuke,3900,1300,M4A4,M4A4,0,0,1300,0,1300,0
p-r2-sf2-m2-de_mirage,3,karrigan,3800,1300,M4A1-S,M4A1-S,0,0,800,0,800,500
p-r2-sf2-m2-de_mirage,3,NiKo,3800,1400,M4A4,M4A4,0,0,300,400,700,700
p-r2-sf2-m2-de_mirage,4,TeSeS,6250,600,M4A4,AK-47,2700,0,400,0,3100,-2500
p-r2-sf2-m2-de_mirage,4,kyousuke,6050,800,M4A4,AK-47,2700,0,0,0,2700,-1900
p-r2-sf2-m2-de_mirage,4,zont1x,0,0,AK-47,AK-47,0,0,0,0,0,0
p-r2-sf2-m2-de_mirage,8,zont1x,5150,500,AK-47,AK-47,0,0,500,0,500,0
p-r2-sf2-m2-de_mirage,9,sh1ro,7150,400,AK-47,AK-47,0,0,0,0,0,400
p-r2-sf2-m2-de_mirage,10,m0NESY,3650,500,AWP,AWP,0,0,200,0,200,300
p-r2-sf2-m2-de_mirage,15,karrigan,3900,1200,Galil AR,AK-47,2700,0,700,0,3400,-2200
p-r2-sf2-m2-de_mirage,17,m0NESY,2600,0,AK-47,,0,0,0,0,0,0
p-r2-sf2-m2-de_mirage,18,sh1ro,5450,800,M4A1-S,AWP,4750,0,0,0,4750,-3950
p-r2-sf2-m2-de_mirage,20,magixx,5950,800,M4A1-S,M4A1-S,0,0,0,0,0,800
p-r2-sf2-m2-de_mirage,20,zont1x,7600,300,M4A1-S,M4A1-S,0,0,0,0,0,300
p-r2-sf2-m3-de_dust2,6,donk,4650,1700,M4A1-S,AK-47,2700,0,1300,400,4400,-2700
p-r2-sf2-m3-de_dust2,9,zont1x,3950,900,M4A1-S,M4A1-S,0,0,400,400,800,100
p-r2-sf2-m3-de_dust2,11,zont1x,8750,300,M4A1-S,M4A1-S,0,0,0,0,0,300
p-r2-sf2-m3-de_dust2,15,NiKo,3600,1300,M4A4,M4A4,0,0,1000,0,1000,300
p-r2-sf2-m3-de_dust2,16,tN1R,3300,1200,AK-47,AK-47,0,0,700,0,700,500
p-r2-sf2-m3-de_dust2,16,donk,4000,900,AK-47,AK-47,0,0,300,0,300,600
p-r2-sf2-m3-de_dust2,19,sh1ro,2700,0,AWP,,0,0,0,0,0,0
p-r3-gf1-m1-de_mirage,3,NiKo,3500,1300,FAMAS,FAMAS,0,0,700,0,700,600
p-r3-gf1-m1-de_mirage,3,m0NESY,4100,1000,M4A1-S,M4A1-S,0,0,700,0,700,300
p-r3-gf1-m1-de_mirage,3,kyousuke,3850,1100,M4A1-S,M4A1-S,0,0,1100,0,1100,0
p-r3-gf1-m1-de_mirage,9,kyousuke,9750,800,AK-47,AK-47,0,0,0,0,0,800
p-r3-gf1-m1-de_mirage,9,karrigan,8850,700,M4A1-S,M4A1-S,0,0,0,0,0,700
p-r3-gf1-m1-de_mirage,11,NiKo,2850,500,M4A4,M4A4,0,0,0,0,0,500
p-r3-gf1-m1-de_mirage,11,yuurih,4200,900,AK-47,AK-47,0,0,300,0,300,600
p-r3-gf1-m1-de_mirage,17,KSCERATO,2300,0,M4A4,,0,0,0,0,0,0
p-r3-gf1-m1-de_mirage,17,NiKo,5000,1000,M4A1-S,M4A4,2900,0,0,0,2900,-1900
p-r3-gf1-m1-de_mirage,17,kyousuke,3850,300,AK-47,AK-47,0,0,300,0,300,0
p-r3-gf1-m1-de_mirage,18,m0NESY,4350,400,AWP,AWP,0,0,0,0,0,400
p-r3-gf1-m1-de_mirage,18,kyousuke,7400,400,AK-47,AK-47,0,0,0,0,0,400
p-r3-gf1-m1-de_mirage,18,TeSeS,6200,300,AK-47,AK-47,0,0,0,0,0,300
p-r3-gf1-m1-de_mirage,19,FalleN,3600,1750,M4A1-S,M4A1-S,0,350,500,400,1250,500
p-r3-gf1-m1-de_mirage,19,YEKINDAR,4150,600,M4A4,AK-47,2700,0,700,0,3400,-2800
p-r3-gf1-m1-de_mirage,20,molodoy,3650,850,AWP,AWP,0,350,0,0,350,500
p-r3-gf1-m1-de_mirage,20,yuurih,5200,600,AK-47,AK-47,0,0,0,0,0,600
p-r3-gf1-m1-de_mirage,20,m0NESY,2450,0,AWP,,0,0,0,0,0,0
p-r3-gf1-m1-de_mirage,21,KSCERATO,7600,500,AK-47,AK-47,0,0,0,0,0,500
p-r3-gf1-m1-de_mirage,21,YEKINDAR,9450,300,AK-47,AK-47,0,0,0,0,0,300
p-r3-gf1-m2-de_anubis,3,TeSeS,3500,1300,FAMAS,M4A4,2900,0,500,0,3400,-2100
p-r3-gf1-m2-de_anubis,4,m0NESY,4000,300,AK-47,AK-47,0,0,0,0,0,300
p-r3-gf1-m2-de_anubis,4,NiKo,3650,800,M4A4,M4A4,0,0,300,0,300,500
p-r3-gf1-m2-de_anubis,4,karrigan,5350,500,M4A4,M4A4,0,0,0,0,0,500
p-r3-gf1-m2-de_anubis,7,kyousuke,3950,0,M4A4,,0,0,0,0,0,0
p-r3-gf1-m2-de_anubis,8,YEKINDAR,4550,700,AK-47,AK-47,0,0,0,0,0,700
p-r3-gf1-m2-de_anubis,8,molodoy,3750,600,AWP,AWP,0,0,0,0,0,600
p-r3-gf1-m2-de_anubis,8,KSCERATO,9750,500,AK-47,AK-47,0,0,400,0,400,100
p-r3-gf1-m2-de_anubis,9,molodoy,6650,700,AWP,AWP,0,0,0,0,0,700
p-r3-gf1-m2-de_anubis,15,NiKo,3550,900,AK-47,AK-47,0,0,400,0,400,500
p-r3-gf1-m2-de_anubis,19,molodoy,3850,500,AWP,AWP,0,0,0,400,400,100
p-r3-gf1-m2-de_anubis,19,KSCERATO,3550,1250,M4A4,M4A4,0,350,0,400,750,500
p-r3-gf1-m2-de_anubis,20,yuurih,4150,800,M4A4,M4A4,0,0,0,0,0,800
p-r3-gf1-m2-de_anubis,21,TeSeS,5200,800,AK-47,AK-47,0,0,500,0,500,300
p-r3-gf1-m2-de_anubis,21,kyousuke,6650,700,AK-47,AK-47,0,0,0,0,0,700
p-r3-gf1-m3-de_inferno,4,TeSeS,3500,1300,M4A4,M4A4,0,0,1000,0,1000,300
p-r3-gf1-m3-de_inferno,4,karrigan,5500,800,M4A4,M4A4,0,0,0,0,0,800
p-r3-gf1-m3-de_inferno,5,TeSeS,5700,800,M4A4,M4A4,0,0,0,0,0,800
p-r3-gf1-m3-de_inferno,5,m0NESY,7050,300,AK-47,AK-47,0,0,0,0,0,300
p-r3-gf1-m3-de_inferno,7,NiKo,2650,300,FAMAS,FAMAS,0,350,0,0,350,-50
p-r3-gf1-m3-de_inferno,7,TeSeS,2000,0,M4A4,M4A4,0,0,0,0,0,0
p-r3-gf1-m3-de_inferno,7,m0NESY,2150,0,AWP,AWP,0,0,0,0,0,0
p-r3-gf1-m3-de_inferno,8,NiKo,6400,1500,FAMAS,AK-47,2700,0,900,0,3600,-2100
p-r3-gf1-m3-de_inferno,8,TeSeS,6050,1700,M4A4,M4A4,0,350,1300,0,1650,50
p-r3-gf1-m3-de_inferno,8,m0NESY,6000,1700,AWP,AWP,0,0,1300,400,1700,0
p-r3-gf1-m3-de_inferno,9,KSCERATO,2300,0,Galil AR,,0,0,0,0,0,0
p-r3-gf1-m3-de_inferno,10,NiKo,7050,300,AK-47,AK-47,0,0,300,0,300,0
p-r3-gf1-m3-de_inferno,10,kyousuke,5500,600,M4A4,M4A4,0,0,0,0,0,600
p-r3-gf1-m3-de_inferno,10,karrigan,3550,300,M4A4,M4A4,0,0,300,0,300,0
p-r3-gf1-m3-de_inferno,10,m0NESY,5800,0,AWP,AWP,0,0,0,0,0,0
p-r3-gf1-m3-de_inferno,11,yuurih,50,0,AK-47,AK-47,0,0,0,0,0,0
p-r3-gf1-m3-de_inferno,15,KSCERATO,4150,2700,MP9,M4A4,2900,0,1000,400,4300,-1600
p-r3-gf1-m3-de_inferno,15,molodoy,3800,2050,FAMAS,FAMAS,0,350,1000,400,1750,300
p-r3-gf1-m3-de_inferno,18,karrigan,3900,1400,Galil AR,M4A1-S,2900,0,0,0,2900,-1500
p-r3-gf1-m3-de_inferno,18,yuurih,7050,1200,AK-47,M4A4,2900,0,0,0,2900,-1700
p-r3-gf1-m3-de_inferno,18,m0NESY,3500,1100,AK-47,AK-47,0,0,400,0,400,700
p-r3-gf1-m3-de_inferno,21,molodoy,2300,750,AWP,AWP,0,350,0,400,750,0
s1-r1-m1-m1-de_inferno,3,C4LLM3SU3,3850,1000,AK-47,AK-47,0,0,700,0,700,300
s1-r1-m1-m1-de_inferno,3,slaxz-,3700,0,MP9,MP9,0,0,0,0,0,0
s1-r1-m1-m1-de_inferno,3,z4KR,4550,1100,AK-47,AK-47,0,0,400,0,400,700
s1-r1-m1-m1-de_inferno,4,C4LLM3SU3,6400,700,AK-47,AK-47,0,0,0,0,0,700
s1-r1-m1-m1-de_inferno,4,z4KR,7000,600,AK-47,AK-47,0,0,300,0,300,300
s1-r1-m1-m1-de_inferno,5,Starry,4250,900,MP9,AK-47,2700,0,200,0,2900,-2000
s1-r1-m1-m1-de_inferno,5,slaxz-,3550,1300,AWP,AWP,0,0,500,0,500,800
s1-r1-m1-m1-de_inferno,6,slaxz-,6050,800,AWP,AWP,0,0,0,0,0,800
s1-r1-m1-m1-de_inferno,7,Swisher,5050,2200,MP9,AK-47,2700,350,0,0,3050,-850
s1-r1-m1-m1-de_inferno,8,JBa,7650,600,M4A4,M4A4,0,0,0,0,0,600
s1-r1-m1-m1-de_inferno,8,slaxz-,10050,1200,AWP,AWP,0,0,0,400,400,800
s1-r1-m1-m1-de_inferno,8,Lake,3550,800,M4A1-S,M4A1-S,0,0,0,0,0,800
s1-r1-m1-m1-de_inferno,9,C4LLM3SU3,0,0,AK-47,AK-47,0,0,0,0,0,0
s1-r1-m1-m1-de_inferno,9,JBa,10400,600,M4A4,M4A4,0,0,0,0,0,600
s1-r1-m1-m1-de_inferno,9,Starry,150,0,AK-47,AK-47,0,0,0,0,0,0
s1-r1-m1-m1-de_inferno,9,s1n,9800,800,AK-47,AK-47,0,0,0,0,0,800
s1-r1-m1-m1-de_inferno,9,z4KR,0,0,AK-47,AK-47,0,0,0,0,0,0
s1-r1-m1-m1-de_inferno,10,Starry,3700,1200,AK-47,AK-47,0,0,900,0,900,300
s1-r1-m1-m1-de_inferno,12,JBa,11850,800,M4A4,AK-47,2700,0,0,0,2700,-1900
s1-r1-m1-m1-de_inferno,15,C4LLM3SU3,3650,1350,MP9,MP9,0,350,1000,0,1350,0
s1-r1-m1-m1-de_inferno,15,slaxz-,250,0,Galil AR,Galil AR,0,0,0,0,0,0
s1-r1-m1-m1-de_inferno,15,westmelon,3450,1900,MP9,Galil AR,1800,0,700,400,2900,-1000
s1-r1-m1-m1-de_inferno,17,C4LLM3SU3,4400,1300,M4A4,M4A4,0,0,300,400,700,600
s1-r1-m1-m1-de_inferno,17,z4KR,7250,700,AWP,AWP,0,0,200,0,200,500
s1-r1-m1-m1-de_inferno,18,C4LLM3SU3,4550,800,M4A4,M4A4,0,0,0,0,0,800
s1-r1-m1-m1-de_inferno,18,JBa,4100,700,AK-47,AK-47,0,0,0,0,0,700
s1-r1-m1-m1-de_inferno,18,EmiliaQAQ,3100,400,M4A1-S,M4A1-S,0,0,0,0,0,400
s1-r1-m1-m1-de_inferno,19,JBa,7200,700,AK-47,AK-47,0,0,0,0,0,700
s1-r1-m1-m1-de_inferno,19,slaxz-,7050,700,AWP,AWP,0,0,0,0,0,700
s1-r1-m1-m1-de_inferno,19,westmelon,3800,800,M4A4,M4A4,0,0,0,0,0,800
s1-r1-m1-m1-de_inferno,19,Lake,6650,700,AK-47,AK-47,0,0,0,0,0,700
s1-r1-m2-m1-de_ancient,3,INS,3850,800,Galil AR,Galil AR,0,0,0,0,0,800
s1-r1-m2-m1-de_ancient,4,jks,3350,800,AK-47,AK-47,0,0,400,0,400,400
s1-r1-m2-m1-de_ancient,4,story,5500,200,AK-47,AK-47,0,0,0,0,0,200
s1-r1-m2-m1-de_ancient,4,INS,6600,500,Galil AR,M4A1-S,2900,0,0,0,2900,-2400
s1-r1-m2-m1-de_ancient,9,MoDo,4500,1350,AWP,AWP,0,350,0,400,750,600
s1-r1-m2-m1-de_ancient,10,MoDo,6900,500,AWP,AWP,0,0,0,0,0,500
s1-r1-m2-m1-de_ancient,11,MoDo,10100,800,AWP,AWP,0,0,0,0,0,800
s1-r1-m2-m1-de_ancient,15,MoDo,4300,1100,Galil AR,AK-47,2700,0,800,0,3500,-2400
s1-r1-m2-m1-de_ancient,16,MoDo,6450,0,AK-47,AK-47,0,0,0,0,0,0
s1-r1-m2-m1-de_ancient,16,SHOCK,3850,700,AK-47,AK-47,0,0,0,0,0,700
s1-r1-m2-m1-de_ancient,16,beastik,4650,300,MAC-10,MAC-10,0,0,0,0,0,300
s1-r1-m2-m1-de_ancient,17,jks,4300,400,M4A4,AK-47,2700,0,600,0,3300,-2900
s1-r1-m2-m1-de_ancient,17,nettik,3650,700,M4A4,M4A4,0,0,200,0,200,500
s1-r1-m2-m1-de_ancient,17,story,3950,0,AWP,AWP,0,0,400,0,400,-400
s1-r1-m2-m1-de_ancient,17,INS,3600,400,M4A1-S,M4A1-S,0,0,0,0,0,400
s1-r1-m2-m1-de_ancient,17,Vexite,3600,500,M4A4,M4A4,0,0,0,0,0,500
s1-r1-m2-m1-de_ancient,18,nettik,6450,1000,M4A4,M4A4,0,0,400,400,800,200
s1-r1-m2-m1-de_ancient,18,SHOCK,2250,0,AK-47,,0,0,0,0,0,0
s1-r1-m2-m1-de_ancient,19,story,9100,1000,AWP,AWP,0,0,0,400,400,600
s1-r1-m2-m1-de_ancient,21,beastik,3950,1200,AK-47,AK-47,0,0,400,0,400,800
s1-r1-m2-m1-de_ancient,23,story,3600,1100,AWP,AWP,0,0,500,0,500,600
s1-r1-m2-m1-de_ancient,24,SHOCK,3500,1100,Galil AR,AK-47,2700,0,0,0,2700,-1600
s1-r1-m3-m1-de_inferno,3,insani,2600,400,MP9,MP9,0,0,0,0,0,400
s1-r1-m3-m1-de_inferno,4,Liazz,3550,600,AK-47,AK-47,0,0,200,0,200,400
s1-r1-m3-m1-de_inferno,7,aliStair,3850,1100,AWP,AWP,0,0,400,0,400,700
s1-r1-m3-m1-de_inferno,10,Liazz,3550,1200,AK-47,AK-47,0,0,500,0,500,700
s1-r1-m3-m1-de_inferno,12,kl1m,3650,1750,AWP,AWP,0,350,300,400,1050,700
s1-r1-m3-m1-de_inferno,18,TjP,7200,800,AK-47,AK-47,0,0,0,0,0,800
s1-r1-m3-m1-de_inferno,19,insani,3500,1200,Galil AR,AK-47,2700,0,0,0,2700,-1500
s1-r1-m4-m1-de_mirage,3,esenthial,4100,1500,MP9,Galil AR,1800,0,0,400,2200,-700
s1-r1-m4-m1-de_mirage,3,npl,5400,2450,MP9,Galil AR,1800,0,1200,400,3400,-950
s1-r1-m4-m1-de_mirage,3,kensizor,4800,1000,MP9,Galil AR,1800,0,700,0,2500,-1500
s1-r1-m4-m1-de_mirage,4,esenthial,6700,800,Galil AR,Galil AR,0,0,0,0,0,800
s1-r1-m4-m1-de_mirage,4,npl,6750,500,Galil AR,Galil AR,0,0,0,0,0,500
s1-r1-m4-m1-de_mirage,8,Moseyuh,3950,1400,Galil AR,AK-47,2700,0,1100,0,3800,-2400
s1-r1-m4-m1-de_mirage,10,JamYoung,4600,900,AK-47,AK-47,0,0,200,0,200,700
s1-r1-m4-m1-de_mirage,10,Jee,11200,300,AK-47,AK-47,0,0,0,0,0,300
s1-r1-m4-m1-de_mirage,10,esenthial,4550,2050,AK-47,AK-47,0,350,1300,400,2050,0
s1-r1-m4-m1-de_mirage,10,Zero ,7850,500,AK-47,AK-47,0,0,0,0,0,500
s1-r1-m4-m1-de_mirage,11,Mercury,8350,400,AK-47,AK-47,0,0,300,0,300,100
s1-r1-m4-m1-de_mirage,12,Mercury,11750,700,AK-47,AK-47,0,0,0,0,0,700
s1-r1-m4-m1-de_mirage,12,Moseyuh,9500,700,AK-47,AK-47,0,0,300,0,300,400
s1-r1-m5-m1-de_nuke,4,yxngstxr,4850,1100,M4A1-S,M4A1-S,0,0,1100,0,1100,0
s1-r1-m5-m1-de_nuke,5,maxxkor,4000,500,AK-47,AK-47,0,0,0,0,0,500
s1-r1-m5-m1-de_nuke,5,Chr1zN,3350,1050,M4A4,M4A4,0,350,0,0,350,700
s1-r1-m5-m1-de_nuke,5,susp,3450,800,M4A4,M4A4,0,0,0,0,0,800
s1-r1-m5-m1-de_nuke,5,nilo,1750,300,M4A4,M4A4,0,0,0,0,0,300
s1-r1-m5-m1-de_nuke,9,susp,2550,0,MP9,,0,0,0,0,0,0
s1-r1-m5-m1-de_nuke,10,doc,3900,1100,AK-47,AK-47,0,0,600,0,600,500
s1-r1-m5-m1-de_nuke,10,maxxkor,3450,1100,Galil AR,AK-47,2700,0,0,0,2700,-1600
s1-r1-m5-m1-de_nuke,10,koala,3800,1200,AK-47,AK-47,0,0,400,0,400,800
s1-r1-m5-m1-de_nuke,10,rdnzao,3600,1000,AK-47,AK-47,0,0,400,0,400,600
s1-r1-m5-m1-de_nuke,12,doc,3850,800,AK-47,AK-47,0,0,400,0,400,400
s1-r1-m5-m1-de_nuke,12,koala,3550,1000,Galil AR,M4A4,2900,0,0,0,2900,-1900
s1-r1-m5-m1-de_nuke,15,rdnzao,1500,1200,MP9,FAMAS,1950,0,300,0,2250,-1050
s1-r1-m5-m1-de_nuke,15,susp,3650,1200,Galil AR,Galil AR,0,0,600,0,600,600
s1-r1-m5-m1-de_nuke,17,susp,3400,1200,AK-47,AK-47,0,0,600,0,600,600
s1-r1-m5-m1-de_nuke,17,nilo,4000,1100,AK-47,AK-47,0,0,400,0,400,700
s1-r1-m5-m1-de_nuke,17,yxngstxr,3550,500,AK-47,AK-47,0,0,600,0,600,-100
s1-r1-m5-m1-de_nuke,19,maxxkor,3600,1450,M4A1-S,M4A1-S,0,350,500,0,850,600
s1-r1-m5-m1-de_nuke,19,koala,4400,1450,M4A1-S,M4A1-S,0,350,800,0,1150,300
s1-r1-m5-m1-de_nuke,19,gafolo,3750,800,FAMAS,AK-47,2700,0,200,400,3300,-2500
s1-r1-m5-m1-de_nuke,20,doc,4850,500,AK-47,AK-47,0,0,0,0,0,500
s1-r1-m5-m1-de_nuke,20,maxxkor,5650,500,M4A1-S,M4A1-S,0,0,0,0,0,500
s1-r1-m5-m1-de_nuke,20,koala,6450,600,M4A1-S,M4A1-S,0,0,0,0,0,600
s1-r1-m5-m1-de_nuke,20,rdnzao,5950,800,M4A4,M4A4,0,0,0,0,0,800
s1-r1-m5-m1-de_nuke,20,gafolo,6450,300,AK-47,AK-47,0,0,0,0,0,300
s1-r1-m5-m1-de_nuke,22,doc,5450,800,M4A1-S,M4A1-S,0,0,0,0,0,800
s1-r1-m5-m1-de_nuke,22,koala,5100,300,M4A1-S,AK-47,2700,0,0,0,2700,-2400
s1-r1-m5-m1-de_nuke,22,gafolo,6350,600,M4A4,M4A4,0,0,0,0,0,600
s1-r1-m5-m1-de_nuke,22,yxngstxr,1900,0,Galil AR,,0,0,0,0,0,0
s1-r1-m5-m1-de_nuke,23,doc,8150,200,M4A1-S,M4A1-S,0,0,0,0,0,200
s1-r1-m5-m1-de_nuke,23,maxxkor,10050,700,AWP,AWP,0,0,0,0,0,700
s1-r1-m5-m1-de_nuke,23,gafolo,8850,300,M4A4,M4A4,0,0,0,400,400,-100
s1-r1-m6-m1-de_inferno,3,hypex,4550,2300,SSG 08,Galil AR,1800,1000,1300,0,4100,-1800
s1-r1-m6-m1-de_inferno,4,REZ,5650,1000,Galil AR,M4A4,2900,0,0,0,2900,-1900
s1-r1-m6-m1-de_inferno,4,Tauson,3850,700,AK-47,AK-47,0,0,200,0,200,500
s1-r1-m6-m1-de_inferno,5,Snax,5700,800,M4A1-S,M4A1-S,0,0,0,0,0,800
s1-r1-m6-m1-de_inferno,5,PR,6850,800,Galil AR,Galil AR,0,0,0,0,0,800
s1-r1-m6-m1-de_inferno,6,Snax,9000,300,M4A1-S,AK-47,2700,0,0,0,2700,-2400
s1-r1-m6-m1-de_inferno,7,hypex,6300,400,AWP,AWP,0,0,200,0,200,200
s1-r1-m6-m1-de_inferno,7,Tauson,8950,0,M4A4,M4A4,0,0,0,0,0,0
s1-r1-m6-m1-de_inferno,8,Tauson,13350,500,M4A4,AK-47,2700,0,0,0,2700,-2200
s1-r1-m6-m1-de_inferno,9,PR,8250,300,M4A1-S,M4A1-S,0,0,0,0,0,300
s1-r1-m6-m1-de_inferno,12,PR,3800,500,M4A1-S,M4A1-S,0,0,0,0,0,500
s1-r1-m6-m1-de_inferno,15,Sonic,3850,1000,M4A1-S,M4A1-S,0,0,800,0,800,200
s1-r1-m6-m1-de_inferno,15,oSee,3600,1650,M4A4,M4A4,0,350,1000,0,1350,300
s1-r1-m6-m1-de_inferno,16,Grim,4500,1400,M4A1-S,M4A1-S,0,0,200,400,600,800
s1-r1-m6-m1-de_inferno,17,PR,400,300,AK-47,AK-47,0,0,0,0,0,300
s1-r1-m6-m1-de_inferno,19,Grim,2050,600,M4A1-S,M4A1-S,0,0,0,0,0,600
s1-r1-m7-m1-de_dust2,4,d1Ledez,3750,300,MP9,MP9,0,0,0,0,0,300
s1-r1-m7-m1-de_dust2,4,Magnojez,3550,300,Galil AR,MP9,1250,0,0,0,1250,-950
s1-r1-m7-m1-de_dust2,5,Boombl4,7900,600,Galil AR,Galil AR,0,0,0,0,0,600
s1-r1-m7-m1-de_dust2,5,d1Ledez,6950,300,MP9,MP9,0,0,300,0,300,0
s1-r1-m7-m1-de_dust2,5,Magnojez,7350,1000,MP9,MP9,0,0,1000,0,1000,0
s1-r1-m7-m1-de_dust2,5,zorte,7550,200,AWP,AWP,0,0,200,0,200,0
s1-r1-m7-m1-de_dust2,6,d1Ledez,10750,1500,MP9,AK-47,2700,0,0,400,3100,-1600
s1-r1-m7-m1-de_dust2,8,HEN1,0,0,AWP,AWP,0,0,0,0,0,0
s1-r1-m7-m1-de_dust2,8,Luken,1000,500,AK-47,AK-47,0,0,0,0,0,500
s1-r1-m7-m1-de_dust2,8,NEKiZ,200,0,AK-47,Galil AR,1800,0,0,0,1800,-1800
s1-r1-m7-m1-de_dust2,15,JOTA,3550,1300,M4A1-S,M4A1-S,0,0,1300,0,1300,0
s1-r1-m7-m1-de_dust2,15,fer,3800,800,FAMAS,M4A1-S,2900,0,0,0,2900,-2100
s1-r1-m8-m1-de_nuke,4,EliGE,4950,1200,Galil AR,AK-47,2700,0,0,0,2700,-1500
s1-r1-m8-m1-de_nuke,4,NAF,4850,800,MAC-10,MAC-10,0,0,0,0,0,800
s1-r1-m8-m1-de_nuke,5,blameF,3800,1250,M4A1-S,M4A1-S,0,350,200,400,950,300
s1-r1-m8-m1-de_nuke,5,gr1ks,4300,1000,AWP,AWP,0,0,200,0,200,800
s1-r1-m8-m1-de_nuke,6,blameF,6050,0,M4A1-S,M4A1-S,0,0,0,0,0,0
s1-r1-m8-m1-de_nuke,7,faveN,5650,500,M4A4,M4A4,0,0,0,0,0,500
s1-r1-m8-m1-de_nuke,7,JDC,7050,700,AK-47,AK-47,0,0,0,0,0,700
s1-r1-m8-m1-de_nuke,8,gr1ks,10050,1100,AWP,AWP,0,0,0,400,400,700
s1-r1-m8-m1-de_nuke,9,EliGE,5000,2200,Galil AR,M4A1-S,2900,350,900,0,4150,-1950
s1-r1-m8-m1-de_nuke,17,EliGE,3000,0,MP9,,0,0,0,0,0,0
s1-r1-m8-m1-de_nuke,18,faveN,4450,600,AK-47,AK-47,0,0,0,0,0,600
s1-r1-m8-m1-de_nuke,18,gr1ks,3700,700,AK-47,AK-47,0,0,0,0,0,700
s1-r1-m8-m1-de_nuke,19,ultimate,3650,2050,AWP,AWP,0,350,1300,400,2050,0
s1-r1-m8-m1-de_nuke,19,NAF,3600,1700,M4A1-S,M4A1-S,0,0,500,400,900,800
s1-r1-m8-m1-de_nuke,20,ultimate,5200,800,AWP,AWP,0,0,200,0,200,600
s1-r1-m8-m1-de_nuke,22,faveN,4250,1200,AK-47,AK-47,0,0,400,0,400,800
s1-r1-m8-m1-de_nuke,22,gr1ks,3550,900,AWP,AWP,0,0,600,0,600,300
s1-r1-m8-m1-de_nuke,23,ultimate,3600,1550,AWP,AWP,0,350,0,400,750,800
s1-r2-l1-m1-de_dust2,3,susp,3850,1300,FAMAS,FAMAS,0,0,800,0,800,500
s1-r2-l1-m1-de_dust2,3,yxngstxr,4450,1300,M4A4,M4A4,0,0,1300,0,1300,0
s1-r2-l1-m1-de_dust2,4,nilo,3600,1000,M4A4,M4A4,0,0,700,0,700,300
s1-r2-l1-m1-de_dust2,5,C4LLM3SU3,0,0,AK-47,Galil AR,1800,0,0,0,1800,-1800
s1-r2-l1-m1-de_dust2,5,EmiliaQAQ,1400,0,AK-47,AK-47,0,0,0,0,0,0
s1-r2-l1-m1-de_dust2,5,Starry,150,0,AK-47,AK-47,0,0,0,0,0,0
s1-r2-l1-m1-de_dust2,6,z4KR,150,0,AWP,AWP,0,0,0,0,0,0
s1-r2-l1-m1-de_dust2,6,nilo,3800,800,M4A4,M4A4,0,0,0,0,0,800
s1-r2-l1-m1-de_dust2,7,z4KR,3900,1100,AWP,AWP,0,0,1100,0,1100,0
s1-r2-l1-m1-de_dust2,8,susp,1950,0,M4A4,M4A4,0,0,0,0,0,0
s1-r2-l1-m1-de_dust2,8,yxngstxr,1950,0,AWP,AWP,0,0,200,0,200,-200
s1-r2-l1-m1-de_dust2,8,nilo,2050,0,M4A4,M4A4,0,0,0,0,0,0
s1-r2-l1-m1-de_dust2,9,EmiliaQAQ,7600,500,AK-47,AK-47,0,0,0,0,0,500
s1-r2-l1-m1-de_dust2,9,Starry,10000,600,M4A4,M4A4,0,0,0,0,0,600
s1-r2-l1-m1-de_dust2,10,z4KR,7150,750,AWP,AWP,0,0,0,0,0,750
s1-r2-l1-m1-de_dust2,10,yxngstxr,3550,800,AWP,AWP,0,0,0,0,0,800
s1-r2-l1-m1-de_dust2,10,nilo,5450,800,M4A4,AK-47,2700,0,0,0,2700,-1900
s1-r2-l1-m1-de_dust2,15,C4LLM3SU3,3500,1300,MP9,MP9,0,0,800,0,800,500
s1-r2-l1-m1-de_dust2,15,Starry,3500,800,M4A4,M4A4,0,0,800,0,800,0
s1-r2-l1-m1-de_dust2,16,xfl0ud,3250,700,AK-47,AK-47,0,0,400,0,400,300
s1-r2-l1-m1-de_dust2,16,nilo,3550,1100,AK-47,AK-47,0,0,900,0,900,200
s1-r2-l1-m1-de_dust2,17,susp,3950,600,AK-47,AK-47,0,0,0,0,0,600
s1-r2-l1-m1-de_dust2,17,yxngstxr,6500,700,AWP,AWP,0,0,0,0,0,700
s1-r2-l1-m1-de_dust2,17,nilo,6600,700,AK-47,AK-47,0,0,700,0,700,0
s1-r2-l1-m1-de_dust2,18,z4KR,3750,2150,AWP,AWP,0,650,800,0,1450,700
s1-r2-l1-m1-de_dust2,18,Starry,4100,600,M4A4,AK-47,2700,0,0,400,3100,-2500
s1-r2-l1-m1-de_dust2,19,yxngstxr,750,700,AWP,AK-47,2700,0,300,0,3000,-2300
s1-r2-l1-m1-de_dust2,21,westmelon,4500,1100,M4A4,M4A4,0,350,0,0,350,750
s1-r2-l1-m1-de_dust2,22,EmiliaQAQ,4550,500,M4A4,AK-47,2700,0,300,0,3000,-2500
s1-r2-l1-m1-de_dust2,23,z4KR,10800,700,AWP,AWP,0,0,200,0,200,500
s1-r2-l2-m1-de_nuke,3,insani,3550,1100,FAMAS,FAMAS,0,0,500,400,900,200
s1-r2-l2-m1-de_nuke,3,brnz4n,3500,1100,AUG,AUG,0,0,1100,0,1100,0
s1-r2-l2-m1-de_nuke,3,kl1m,3550,1000,M4A1-S,M4A1-S,0,0,1000,0,1000,0
s1-r2-l2-m1-de_nuke,5,JamYoung,450,300,AK-47,AK-47,0,0,0,0,0,300
s1-r2-l2-m1-de_nuke,5,LNZ,3750,2050,FAMAS,M4A1-S,2900,350,500,400,4150,-2100
s1-r2-l2-m1-de_nuke,6,LNZ,5200,600,M4A1-S,M4A1-S,0,0,0,0,0,600
s1-r2-l2-m1-de_nuke,7,venomzera,7350,500,M4A1-S,M4A1-S,0,0,0,0,0,500
s1-r2-l2-m1-de_nuke,7,brnz4n,6950,600,M4A1-S,M4A1-S,0,0,0,0,0,600
s1-r2-l2-m1-de_nuke,7,kl1m,7800,400,AK-47,AK-47,0,0,0,400,400,0
s1-r2-l2-m1-de_nuke,11,Mercury,400,300,AK-47,AK-47,0,0,0,0,0,300
s1-r2-l2-m1-de_nuke,15,JamYoung,5400,500,MP9,FAMAS,1950,0,300,0,2250,-1750
s1-r2-l2-m1-de_nuke,15,Jee,3800,1300,M4A4,M4A4,0,0,500,0,500,800
s1-r2-l2-m1-de_nuke,15,Mercury,3850,300,FAMAS,MP9,1250,0,0,0,1250,-950
s1-r2-l2-m1-de_nuke,15,Zero ,3500,1500,M4A4,M4A4,0,0,300,400,700,800
s1-r2-l2-m1-de_nuke,16,Zero ,5800,500,M4A4,M4A4,0,0,0,0,0,500
s1-r2-l2-m1-de_nuke,17,Jee,4450,300,AWP,AWP,0,0,0,0,0,300
s1-r2-l2-m1-de_nuke,17,Mercury,9750,800,FAMAS,AK-47,2700,0,400,0,3100,-2300
s1-r2-l2-m1-de_nuke,18,Jee,7150,500,AWP,AWP,0,0,500,0,500,0
s1-r2-l2-m1-de_nuke,19,Moseyuh,8550,800,M4A4,AK-47,2700,0,0,0,2700,-1900
s1-r2-l2-m1-de_nuke,19,JamYoung,12700,800,M4A1-S,AK-47,2700,0,0,0,2700,-1900
s1-r2-l2-m1-de_nuke,19,Jee,9750,600,AWP,AWP,0,0,400,400,800,-200
s1-r2-l2-m1-de_nuke,19,Mercury,15250,800,AK-47,AK-47,0,0,0,0,0,800
s1-r2-l2-m1-de_nuke,20,Moseyuh,11550,600,AK-47,AK-47,0,0,0,0,0,600
s1-r2-l2-m1-de_nuke,20,JamYoung,15400,800,AK-47,AK-47,0,0,0,0,0,800
s1-r2-l2-m1-de_nuke,20,Jee,12750,300,AWP,AWP,0,0,500,0,500,-200
s1-r2-l2-m1-de_nuke,20,Zero ,6000,800,M4A4,M4A4,0,0,0,0,0,800
s1-r2-l2-m1-de_nuke,23,JamYoung,9850,600,M4A1-S,AK-47,2700,0,400,0,3100,-2500
s1-r2-l3-m1-de_nuke,3,nitr0,3950,1200,MAC-10,MAC-10,0,0,900,0,900,300
s1-r2-l3-m1-de_nuke,3,MoDo,1450,1200,M4A1-S,M4A1-S,0,0,300,400,700,500
s1-r2-l3-m1-de_nuke,3,beastik,1450,1300,M4A1-S,M4A1-S,0,0,800,0,800,500
s1-r2-l3-m1-de_nuke,4,nitr0,6300,700,MAC-10,MAC-10,0,0,0,0,0,700
s1-r2-l3-m1-de_nuke,4,br0,4000,1200,AK-47,AK-47,0,0,500,0,500,700
s1-r2-l3-m1-de_nuke,4,MoDo,2250,0,M4A1-S,,0,0,0,0,0,0
s1-r2-l3-m1-de_nuke,5,Grim,7300,700,FAMAS,FAMAS,0,0,0,0,0,700
s1-r2-l3-m1-de_nuke,5,br0,6650,600,AK-47,AK-47,0,0,0,0,0,600
s1-r2-l3-m1-de_nuke,5,oSee,4700,0,AK-47,AK-47,0,0,0,0,0,0
s1-r2-l3-m1-de_nuke,5,Sonic,3550,800,AK-47,AK-47,0,0,300,0,300,500
s1-r2-l3-m1-de_nuke,6,Grim,10700,700,FAMAS,M4A1-S,2900,0,0,0,2900,-2200
s1-r2-l3-m1-de_nuke,6,nitr0,12050,1200,MAC-10,AK-47,2700,0,300,0,3000,-1800
s1-r2-l3-m1-de_nuke,6,oSee,8200,700,AK-47,AK-47,0,0,0,0,0,700
s1-r2-l3-m1-de_nuke,6,stressarN,3000,650,M4A4,M4A4,0,350,0,0,350,300
s1-r2-l3-m1-de_nuke,7,stressarN,6400,1500,M4A4,AK-47,2700,0,1000,400,4100,-2600
s1-r2-l3-m1-de_nuke,8,oSee,8800,700,AK-47,AK-47,0,0,0,0,0,700
s1-r2-l3-m1-de_nuke,8,Sonic,5450,700,AK-47,AK-47,0,0,300,0,300,400
s1-r2-l3-m1-de_nuke,9,MoDo,3300,1100,AWP,AWP,0,0,700,0,700,400
s1-r2-l3-m1-de_nuke,10,beastik,4750,700,AK-47,AK-47,0,0,400,0,400,300
s1-r2-l3-m1-de_nuke,11,stressarN,3850,900,M4A1-S,M4A1-S,0,0,0,400,400,500
s1-r2-l3-m1-de_nuke,11,MoDo,3600,1100,AWP,AWP,0,0,800,0,800,300
s1-r2-l3-m1-de_nuke,12,br0,3850,900,Galil AR,AK-47,2700,0,0,0,2700,-1800
s1-r2-l3-m1-de_nuke,15,Grim,3500,1200,M4A1-S,M4A1-S,0,0,300,400,700,500
s1-r2-l3-m1-de_nuke,15,nitr0,5350,800,MP9,MP9,0,0,0,0,0,800
s1-r2-l3-m1-de_nuke,15,oSee,3600,1000,M4A1-S,M4A1-S,0,0,1000,0,1000,0
s1-r2-l3-m1-de_nuke,15,Sonic,4100,1000,M4A1-S,M4A1-S,0,0,300,0,300,700
s1-r2-l3-m1-de_nuke,16,nitr0,9250,1300,MP9,AK-47,2700,0,0,0,2700,-1400
s1-r2-l3-m1-de_nuke,17,br0,5000,800,M4A4,M4A4,0,0,0,0,0,800
s1-r2-l3-m1-de_nuke,17,oSee,4900,800,M4A1-S,M4A1-S,0,0,0,0,0,800
s1-r2-l3-m1-de_nuke,18,MoDo,4150,900,AK-47,AK-47,0,0,400,0,400,500
s1-r2-l3-m1-de_nuke,19,SHOCK,300,300,AK-47,AK-47,0,0,400,0,400,-100
s1-r2-l4-m1-de_nuke,3,gr1ks,3600,1000,M4A4,M4A4,0,0,800,0,800,200
s1-r2-l4-m1-de_nuke,3,tabseN,3500,1300,M4A1-S,M4A1-S,0,0,1000,0,1000,300
s1-r2-l4-m1-de_nuke,3,blameF,4150,1300,M4A1-S,M4A1-S,0,0,700,0,700,600
s1-r2-l4-m1-de_nuke,3,faveN,4150,900,FAMAS,FAMAS,0,0,500,400,900,0
s1-r2-l4-m1-de_nuke,3,JDC,3900,1400,M4A1-S,M4A1-S,0,0,800,400,1200,200
s1-r2-l4-m1-de_nuke,4,Luken,150,0,AK-47,AK-47,0,0,0,0,0,0
s1-r2-l4-m1-de_nuke,5,JDC,8950,700,AK-47,AK-47,0,0,0,0,0,700
s1-r2-l4-m1-de_nuke,6,Luken,3300,1200,Galil AR,AK-47,2700,0,200,0,2900,-1700
s1-r2-l4-m1-de_nuke,8,gr1ks,3900,800,AWP,AWP,0,0,0,0,0,800
s1-r2-l4-m1-de_nuke,8,blameF,4300,1000,M4A1-S,M4A1-S,0,0,0,400,400,600
s1-r2-l4-m1-de_nuke,8,faveN,4700,800,M4A4,AK-47,2700,0,0,0,2700,-1900
s1-r2-l4-m1-de_nuke,8,HEN1,50,0,AK-47,AK-47,0,0,0,0,0,0
s1-r2-l4-m1-de_nuke,9,gr1ks,6550,300,AWP,AWP,0,0,0,0,0,300
s1-r2-l4-m1-de_nuke,9,HEN1,950,900,AK-47,AK-47,0,0,800,0,800,100
s1-r2-l4-m1-de_nuke,10,Luken,300,300,Galil AR,Galil AR,0,0,200,0,200,100
s1-r2-l4-m1-de_nuke,11,tabseN,5950,600,M4A1-S,M4A1-S,0,0,0,0,0,600
s1-r2-l4-m1-de_nuke,11,faveN,7900,0,M4A4,M4A4,0,0,0,0,0,0
s1-r2-l4-m1-de_nuke,11,fer,400,0,AK-47,,0,0,0,0,0,0
s1-r2-w1-m1-de_dust2,3,npl,3500,500,M4A1-S,M4A1-S,0,0,200,0,200,300
s1-r2-w1-m1-de_dust2,3,alex666,3600,1300,M4A1-S,M4A1-S,0,0,1000,0,1000,300
s1-r2-w1-m1-de_dust2,5,s1zzi,6150,200,AWP,AWP,0,0,0,0,0,200
s1-r2-w1-m1-de_dust2,7,Liazz,3700,400,AK-47,AK-47,0,0,0,0,0,400
s1-r2-w1-m1-de_dust2,7,dexter,3550,1200,AK-47,AK-47,0,0,900,0,900,300
s1-r2-w1-m1-de_dust2,7,s1zzi,3500,0,AWP,,0,0,0,0,0,0
s1-r2-w1-m1-de_dust2,8,Liazz,6850,200,AK-47,AK-47,0,0,0,0,0,200
s1-r2-w1-m1-de_dust2,8,TjP,5750,200,AK-47,AK-47,0,0,0,0,0,200
s1-r2-w1-m1-de_dust2,8,asap,3350,300,AK-47,AK-47,0,0,300,0,300,0
s1-r2-w1-m1-de_dust2,8,aliStair,5700,300,AWP,AWP,0,0,300,0,300,0
s1-r2-w1-m1-de_dust2,9,TjP,9350,700,AK-47,AK-47,0,0,0,0,0,700
s1-r2-w1-m1-de_dust2,9,s1zzi,3050,600,AWP,AWP,0,0,300,0,300,300
s1-r2-w1-m1-de_dust2,9,aliStair,9200,800,AWP,AWP,0,0,200,0,200,600
s1-r2-w1-m1-de_dust2,15,TjP,1600,800,FAMAS,FAMAS,0,0,500,0,500,300
s1-r2-w1-m1-de_dust2,15,dexter,1600,1500,FAMAS,FAMAS,0,0,1300,0,1300,200
s1-r2-w1-m1-de_dust2,15,s1zzi,3650,2100,SSG 08,M4A4,2900,350,1100,0,4350,-2250
s1-r2-w1-m1-de_dust2,15,alex666,3900,1100,Galil AR,Galil AR,0,0,1100,0,1100,0
s1-r2-w1-m1-de_dust2,16,TjP,2800,500,FAMAS,FAMAS,0,0,0,0,0,500
s1-r2-w1-m1-de_dust2,16,esenthial,3850,900,AK-47,AK-47,0,0,300,0,300,600
s1-r2-w1-m1-de_dust2,16,kensizor,5950,900,M4A4,M4A4,0,0,300,0,300,600
s1-r2-w1-m1-de_dust2,17,alex666,3900,800,M4A4,M4A4,0,0,400,0,400,400
s1-r2-w1-m1-de_dust2,18,TjP,3300,600,M4A1-S,M4A1-S,0,0,0,0,0,600
s1-r2-w1-m1-de_dust2,18,s1zzi,7500,600,AWP,AWP,0,0,300,0,300,300
s1-r2-w1-m1-de_dust2,19,npl,6950,400,AK-47,AK-47,0,0,0,0,0,400
s1-r2-w1-m1-de_dust2,22,TjP,4450,1750,M4A1-S,AK-47,2700,350,500,400,3950,-2200
s1-r2-w1-m1-de_dust2,23,dexter,5300,500,FAMAS,FAMAS,0,0,0,0,0,500
s1-r2-w1-m1-de_dust2,24,s1zzi,3550,1600,AWP,AWP,0,350,600,0,950,650
s1-r2-w1-m1-de_dust2,24,kensizor,3700,1100,AK-47,AK-47,0,0,800,0,800,300
s1-r2-w2-m1-de_mirage,3,slaxz-,4200,800,M4A1-S,M4A1-S,0,0,800,0,800,0
s1-r2-w2-m1-de_mirage,4,slaxz-,7500,1000,M4A1-S,M4A1-S,0,0,200,0,200,800
s1-r2-w2-m1-de_mirage,4,Swisher,5050,800,M4A1-S,M4A1-S,0,0,0,0,0,800
s1-r2-w2-m1-de_mirage,5,s1n,6950,1300,MP9,AK-47,2700,0,0,0,2700,-1400
s1-r2-w2-m1-de_mirage,5,Lake,7850,1000,M4A1-S,AK-47,2700,0,0,400,3100,-2100
s1-r2-w2-m1-de_mirage,6,s1n,9150,700,AK-47,AK-47,0,0,0,0,0,700
s1-r2-w2-m1-de_mirage,6,JBa,5850,600,M4A4,M4A4,0,0,400,0,400,200
s1-r2-w2-m1-de_mirage,6,Swisher,11700,800,AK-47,AK-47,0,0,0,0,0,800
s1-r2-w2-m1-de_mirage,7,doc,3650,800,AK-47,AK-47,0,0,500,0,500,300
s1-r2-w2-m1-de_mirage,7,JBa,6700,600,M4A4,M4A4,0,0,0,0,0,600
s1-r2-w2-m1-de_mirage,7,koala,3850,600,AK-47,AK-47,0,0,300,0,300,300
s1-r2-w2-m1-de_mirage,9,koala,1750,800,AK-47,AK-47,0,0,200,0,200,600
s1-r2-w2-m1-de_mirage,15,maxxkor,3850,1100,M4A1-S,M4A1-S,0,0,1000,0,1000,100
s1-r2-w2-m1-de_mirage,15,doc,3950,1400,M4A1-S,M4A1-S,0,0,800,400,1200,200
s1-r2-w2-m1-de_mirage,15,gafolo,3850,1100,FAMAS,FAMAS,0,0,800,0,800,300
s1-r2-w2-m1-de_mirage,16,Swisher,3550,700,AK-47,AK-47,0,0,400,0,400,300
s1-r2-w3-m1-de_inferno,4,REZ,6350,1900,Galil AR,AK-47,2700,0,1200,400,4300,-2400
s1-r2-w3-m1-de_inferno,5,story,4500,600,AK-47,AK-47,0,0,0,0,0,600
s1-r2-w3-m1-de_inferno,5,nettik,3900,900,AK-47,AK-47,0,0,500,0,500,400
s1-r2-w3-m1-de_inferno,7,jks,3650,1200,AK-47,AK-47,0,0,500,0,500,700
s1-r2-w3-m1-de_inferno,7,nettik,4100,1200,AK-47,AK-47,0,0,500,0,500,700
s1-r2-w3-m1-de_inferno,9,jks,1950,0,AK-47,,0,0,0,0,0,0
s1-r2-w3-m1-de_inferno,10,Tauson,5550,300,AK-47,AK-47,0,0,0,0,0,300
s1-r2-w3-m1-de_inferno,10,PR,5750,0,M4A1-S,M4A1-S,0,0,0,0,0,0
s1-r2-w3-m1-de_inferno,11,story,100,0,AK-47,AK-47,0,0,0,0,0,0
s1-r2-w3-m1-de_inferno,11,Vexite,100,0,Galil AR,AK-47,2700,0,0,0,2700,-2700
s1-r2-w3-m1-de_inferno,11,Tauson,8950,300,AK-47,AK-47,0,0,0,0,0,300
s1-r2-w3-m1-de_inferno,11,PR,9150,800,M4A1-S,M4A1-S,0,0,0,0,0,800
s1-r2-w3-m1-de_inferno,12,Tauson,12450,800,AK-47,AK-47,0,0,0,0,0,800
s1-r2-w3-m1-de_inferno,12,PR,11850,300,M4A1-S,AK-47,2700,0,0,0,2700,-2400
s1-r2-w3-m1-de_inferno,15,jks,2450,0,MP9,MP9,0,350,0,0,350,-350
s1-r2-w3-m1-de_inferno,15,hypex,4050,700,AK-47,AK-47,0,0,400,0,400,300
s1-r2-w3-m1-de_inferno,15,Tauson,4750,900,MP7,MP7,0,0,400,0,400,500
s1-r2-w3-m1-de_inferno,15,PR,3550,1200,Galil AR,Galil AR,0,0,400,0,400,800
s1-r2-w3-m1-de_inferno,17,story,3650,1300,AWP,AWP,0,0,500,0,500,800
s1-r2-w3-m1-de_inferno,18,story,5850,950,AWP,AWP,0,350,0,0,350,600
s1-r2-w3-m1-de_inferno,18,hypex,2200,0,AK-47,,0,0,0,0,0,0
s1-r2-w3-m1-de_inferno,18,nettik,5200,550,M4A1-S,AK-47,2700,350,0,0,3050,-2500
s1-r2-w3-m1-de_inferno,20,Vexite,5250,700,M4A4,M4A4,0,0,0,0,0,700
s1-r2-w4-m1-de_dust2,3,FL4MUS,4200,700,M4A4,M4A4,0,0,400,0,400,300
s1-r2-w4-m1-de_dust2,5,NAF,1500,700,AK-47,AK-47,0,0,200,0,200,500
s1-r2-w4-m1-de_dust2,6,zorte,5150,500,AWP,AWP,0,0,500,0,500,0
s1-r2-w4-m1-de_dust2,7,FL4MUS,6750,500,M4A1-S,M4A1-S,0,0,0,0,0,500
s1-r2-w4-m1-de_dust2,8,d1Ledez,7600,0,AK-47,AK-47,0,0,0,0,0,0
s1-r2-w4-m1-de_dust2,8,zorte,11250,700,AWP,AWP,0,0,300,400,700,0
s1-r2-w4-m1-de_dust2,9,Boombl4,9750,800,M4A4,AK-47,2700,0,0,0,2700,-1900
s1-r2-w4-m1-de_dust2,10,ultimate,250,0,AWP,AWP,0,0,0,0,0,0
s1-r2-w4-m1-de_dust2,10,d1Ledez,9450,500,M4A4,AK-47,2700,0,400,0,3100,-2600
s1-r2-w4-m1-de_dust2,10,malbsMd,1750,700,AK-47,AK-47,0,0,0,0,0,700
s1-r2-w4-m1-de_dust2,10,FL4MUS,8550,1850,M4A4,AK-47,2700,350,1300,0,4350,-2500
s1-r2-w4-m1-de_dust2,11,d1Ledez,12450,300,AK-47,AK-47,0,0,0,0,0,300
s1-r2-w4-m1-de_dust2,12,siuhy,3550,1100,Galil AR,M4A4,2900,0,0,0,2900,-1800
s1-r2-w4-m1-de_dust2,15,ultimate,3600,1600,M4A1-S,M4A1-S,0,0,900,400,1300,300
s1-r2-w4-m1-de_dust2,15,malbsMd,3600,1200,M4A1-S,M4A1-S,0,0,800,0,800,400
s1-r2-w4-m1-de_dust2,15,siuhy,3850,1500,FAMAS,FAMAS,0,0,500,400,900,600
s1-r2-w4-m1-de_dust2,15,EliGE,4450,1000,M4A1-S,M4A1-S,0,0,700,0,700,300
s1-r2-w4-m1-de_dust2,16,d1Ledez,3850,1100,AK-47,AK-47,0,0,400,0,400,700
s1-r2-w4-m1-de_dust2,18,zorte,7800,700,AWP,AWP,0,0,700,0,700,0
s1-r2-w4-m1-de_dust2,21,d1Ledez,2750,0,Galil AR,,0,0,0,0,0,0
s1-r2-w4-m1-de_dust2,22,NAF,6100,800,M4A4,M4A4,0,0,0,0,0,800
s1-r3-a1-m1-de_nuke,4,d1Ledez,6250,700,Galil AR,AK-47,2700,0,200,0,2900,-2200
s1-r3-a1-m1-de_nuke,6,d1Ledez,5100,400,AK-47,AK-47,0,0,0,0,0,400
s1-r3-a1-m1-de_nuke,6,Magnojez,9400,1100,MAC-10,AK-47,2700,0,0,0,2700,-1600
s1-r3-a1-m1-de_nuke,7,zorte,9750,600,AK-47,AK-47,0,0,200,0,200,400
s1-r3-a1-m1-de_nuke,9,zorte,12500,700,AWP,AWP,0,0,0,0,0,700
s1-r3-a1-m1-de_nuke,12,PR,3650,2050,M4A1-S,M4A1-S,0,350,800,400,1550,500
s1-r3-a1-m2-de_ancient,3,Tauson,4200,600,Galil AR,M4A4,2900,0,300,0,3200,-2600
s1-r3-a1-m2-de_ancient,3,hypex,3750,700,Galil AR,Galil AR,0,0,0,0,0,700
s1-r3-a1-m2-de_ancient,3,REZ,3650,900,Galil AR,Galil AR,0,0,700,0,700,200
s1-r3-a1-m2-de_ancient,4,REZ,6000,200,Galil AR,Galil AR,0,0,200,0,200,0
s1-r3-a1-m2-de_ancient,5,Tauson,8000,1000,Galil AR,M4A4,2900,0,0,0,2900,-1900
s1-r3-a1-m2-de_ancient,6,hypex,6000,700,AWP,AWP,0,0,0,0,0,700
s1-r3-a1-m2-de_ancient,6,FL4MUS,4350,1300,M4A4,M4A4,0,0,1100,0,1100,200
s1-r3-a1-m2-de_ancient,8,zorte,4650,500,AWP,AWP,0,0,300,0,300,200
s1-r3-a1-m2-de_ancient,8,Boombl4,6100,800,M4A4,AK-47,2700,0,300,0,3000,-2200
s1-r3-a1-m2-de_ancient,9,zorte,7150,700,AWP,AWP,0,0,0,0,0,700
s1-r3-a1-m2-de_ancient,10,Boombl4,7000,800,M4A4,M4A4,0,0,0,0,0,800
s1-r3-a1-m2-de_ancient,10,Magnojez,7100,800,AK-47,AK-47,0,0,500,0,500,300
s1-r3-a1-m2-de_ancient,11,Magnojez,10400,800,AK-47,AK-47,0,0,0,400,400,400
s1-r3-a1-m2-de_ancient,16,d1Ledez,3550,200,AK-47,AK-47,0,0,0,0,0,200
s1-r3-a1-m2-de_ancient,16,zorte,4900,700,Galil AR,Galil AR,0,0,0,0,0,700
s1-r3-a1-m2-de_ancient,16,FL4MUS,4500,700,AK-47,AK-47,0,0,0,0,0,700
s1-r3-a1-m2-de_ancient,16,Magnojez,5550,1200,MAC-10,MAC-10,0,0,500,0,500,700
s1-r3-a1-m2-de_ancient,17,Boombl4,8900,1200,MAC-10,AK-47,2700,0,0,0,2700,-1500
s1-r3-a1-m2-de_ancient,17,Magnojez,8150,1200,MAC-10,M4A1-S,2900,0,0,0,2900,-1700
s1-r3-a1-m2-de_ancient,20,Snax,3800,1750,FAMAS,FAMAS,0,350,600,400,1350,400
s1-r3-a1-m2-de_ancient,20,PR,3800,1150,M4A1-S,AK-47,2700,350,1200,0,4250,-3100
s1-r3-a1-m2-de_ancient,20,hypex,3850,550,AWP,AWP,0,350,200,0,550,0
s1-r3-a2-m1-de_ancient,3,alex666,3500,1000,Galil AR,Galil AR,0,0,300,0,300,700
s1-r3-a2-m1-de_ancient,3,Lake,3050,300,MP9,MP9,0,0,300,0,300,0
s1-r3-a2-m1-de_ancient,3,s1zzi,5600,1100,MAC-10,MAC-10,0,0,800,0,800,300
s1-r3-a2-m1-de_ancient,4,kensizor,5750,700,MAC-10,MAC-10,0,0,0,0,0,700
s1-r3-a2-m1-de_ancient,8,kensizor,850,600,AK-47,AK-47,0,0,0,0,0,600
s1-r3-a2-m1-de_ancient,8,esenthial,1200,700,AK-47,AK-47,0,0,0,0,0,700
s1-r3-a2-m1-de_ancient,8,JBa,3700,400,M4A4,M4A4,0,0,0,400,400,0
s1-r3-a2-m1-de_ancient,8,s1n,3450,1000,M4A1-S,M4A1-S,0,0,200,0,200,800
s1-r3-a2-m1-de_ancient,8,slaxz-,3550,1300,AWP,AWP,0,0,500,0,500,800
s1-r3-a2-m1-de_ancient,10,JBa,4950,600,M4A4,M4A4,0,0,0,0,0,600
s1-r3-a2-m1-de_ancient,10,slaxz-,6900,700,AWP,AWP,0,0,0,400,400,300
s1-r3-a2-m1-de_ancient,11,kensizor,150,0,AK-47,AK-47,0,0,0,0,0,0
s1-r3-a2-m1-de_ancient,11,JBa,7800,800,M4A4,AK-47,2700,0,0,0,2700,-1900
s1-r3-a2-m1-de_ancient,11,s1n,7850,800,M4A1-S,AK-47,2700,0,400,400,3500,-2700
s1-r3-a2-m1-de_ancient,15,kensizor,4150,1000,M4A4,M4A4,0,0,1000,0,1000,0
s1-r3-a2-m1-de_ancient,15,npl,4550,1000,MP9,MP9,0,0,700,0,700,300
s1-r3-a2-m1-de_ancient,15,esenthial,3600,1000,M4A4,M4A4,0,0,1000,0,1000,0
s1-r3-a2-m1-de_ancient,16,s1zzi,4500,1500,AWP,AWP,0,0,500,400,900,600
s1-r3-a2-m1-de_ancient,20,alex666,4100,2300,FAMAS,M4A4,2900,350,500,0,3750,-1450
s1-r3-a2-m1-de_ancient,21,alex666,5300,1000,M4A4,M4A4,0,0,0,400,400,600
s1-r3-a2-m1-de_ancient,22,s1n,3750,900,AK-47,AK-47,0,0,300,0,300,600
s1-r3-a2-m1-de_ancient,23,alex666,2000,0,M4A1-S,AK-47,2700,0,0,0,2700,-2700
s1-r3-a2-m1-de_ancient,24,JBa,6000,700,AK-47,AK-47,0,0,0,0,0,700
s1-r3-a2-m2-de_inferno,3,Lake,3500,800,M4A1-S,M4A1-S,0,0,800,0,800,0
s1-r3-a2-m2-de_inferno,3,slaxz-,4200,300,M4A1-S,M4A1-S,0,0,700,0,700,-400
s1-r3-a2-m2-de_inferno,3,JBa,4200,800,MP9,MP9,0,0,300,0,300,500
s1-r3-a2-m2-de_inferno,4,s1zzi,4150,600,AK-47,AK-47,0,0,400,0,400,200
s1-r3-a2-m2-de_inferno,5,Lake,3850,300,M4A1-S,M4A1-S,0,0,0,0,0,300
s1-r3-a2-m2-de_inferno,6,s1zzi,7550,400,AWP,AWP,0,0,200,0,200,200
s1-r3-a2-m2-de_inferno,7,JBa,3450,2050,M4A4,M4A4,0,350,500,400,1250,800
s1-r3-a2-m2-de_inferno,9,kensizor,50,0,AK-47,AK-47,0,0,0,0,0,0
s1-r3-a2-m2-de_inferno,9,slaxz-,5550,300,AWP,AWP,0,0,0,0,0,300
s1-r3-a2-m2-de_inferno,9,JBa,4100,800,M4A4,M4A4,0,0,0,0,0,800
s1-r3-a2-m2-de_inferno,9,s1n,3450,1450,M4A1-S,M4A1-S,0,350,500,0,850,600
s1-r3-a2-m2-de_inferno,10,Lake,4600,800,M4A1-S,M4A1-S,0,0,0,0,0,800
s1-r3-a2-m2-de_inferno,11,s1zzi,3850,700,AK-47,AK-47,0,0,200,0,200,500
s1-r3-a2-m2-de_inferno,17,s1zzi,5500,200,AWP,AWP,0,0,0,0,0,200
s1-r3-a2-m2-de_inferno,17,alex666,3650,900,FAMAS,AK-47,2700,0,0,400,3100,-2200
s1-r3-a2-m2-de_inferno,18,Lake,4550,2200,AK-47,AK-47,0,350,1200,0,1550,650
s1-r3-a2-m2-de_inferno,18,npl,2300,800,AK-47,AK-47,0,0,200,0,200,600
s1-r3-e1-m1-de_ancient,3,MoDo,3500,400,AK-47,AK-47,0,0,400,0,400,0
s1-r3-e1-m1-de_ancient,3,SHOCK,3700,1200,Galil AR,Galil AR,0,0,700,0,700,500
s1-r3-e1-m1-de_ancient,3,beastik,5850,0,MAC-10,Galil AR,1800,0,300,0,2100,-2100
s1-r3-e1-m1-de_ancient,3,stressarN,3300,1000,AK-47,AK-47,0,0,600,0,600,400
s1-r3-e1-m1-de_ancient,3,kisserek,3250,500,Galil AR,MAC-10,1050,0,300,0,1350,-850
s1-r3-e1-m1-de_ancient,5,Moseyuh,2000,0,M4A4,,0,0,0,0,0,0
s1-r3-e1-m1-de_ancient,5,SHOCK,3650,700,AK-47,AK-47,0,0,300,0,300,400
s1-r3-e1-m1-de_ancient,6,MoDo,4700,500,AK-47,AK-47,0,0,0,0,0,500
s1-r3-e1-m1-de_ancient,6,beastik,6450,500,AK-47,AK-47,0,0,0,0,0,500
s1-r3-e1-m1-de_ancient,7,Zero ,2950,800,M4A4,M4A4,0,0,0,0,0,800
s1-r3-e1-m1-de_ancient,7,Jee,3000,700,AWP,AWP,0,0,0,400,400,300
s1-r3-e1-m1-de_ancient,7,JamYoung,3250,600,M4A1-S,M4A1-S,0,0,300,0,300,300
s1-r3-e1-m1-de_ancient,7,beastik,9750,800,AK-47,AK-47,0,0,0,0,0,800
s1-r3-e1-m1-de_ancient,8,Zero ,5950,1400,M4A4,AK-47,2700,0,1300,400,4400,-3000
s1-r3-e1-m1-de_ancient,8,Jee,5800,1350,AWP,AWP,0,350,1000,0,1350,0
s1-r3-e1-m1-de_ancient,9,Moseyuh,3900,1150,M4A4,M4A4,0,350,300,0,650,500
s1-r3-e1-m1-de_ancient,12,beastik,3600,700,M4A4,M4A4,0,0,0,0,0,700
s1-r3-e1-m1-de_ancient,15,Moseyuh,4250,700,Galil AR,Galil AR,0,0,700,0,700,0
s1-r3-e1-m1-de_ancient,15,Jee,3350,300,Galil AR,Galil AR,0,0,0,0,0,300
s1-r3-e1-m1-de_ancient,15,JamYoung,3350,500,Galil AR,Galil AR,0,0,400,0,400,100
s1-r3-e1-m1-de_ancient,17,MoDo,3650,1300,AWP,AWP,0,0,500,0,500,800
s1-r3-e1-m1-de_ancient,17,JamYoung,3250,0,AK-47,,0,0,0,0,0,0
s1-r3-e1-m1-de_ancient,18,SHOCK,3550,1100,MP9,M4A4,2900,0,0,0,2900,-1800
s1-r3-e1-m1-de_ancient,18,beastik,4900,700,M4A4,M4A4,0,0,200,0,200,500
s1-r3-e1-m1-de_ancient,19,Jee,4250,3600,Galil AR,AWP,4750,0,0,0,4750,-1150
s1-r3-e1-m1-de_ancient,19,Mercury,3350,1100,AK-47,AK-47,0,0,600,0,600,500
s1-r3-e1-m1-de_ancient,20,MoDo,4500,1350,AWP,AWP,0,350,1100,0,1450,-100
s1-r3-e1-m1-de_ancient,20,SHOCK,4200,1650,MP9,AK-47,2700,350,300,0,3350,-1700
s1-r3-e1-m1-de_ancient,20,beastik,4400,1950,M4A4,M4A4,0,350,700,400,1450,500
s1-r3-e1-m1-de_ancient,20,stressarN,4100,1000,FAMAS,AK-47,2700,0,300,0,3000,-2000
s1-r3-e1-m1-de_ancient,22,Zero ,3850,1200,Galil AR,M4A1-S,2900,0,600,0,3500,-2300
s1-r3-e1-m1-de_ancient,22,kisserek,2350,300,M4A4,M4A4,0,0,0,0,0,300
s1-r3-e1-m2-de_inferno,4,Moseyuh,5400,0,AK-47,AK-47,0,0,0,0,0,0
s1-r3-e1-m2-de_inferno,4,Mercury,3900,500,AK-47,AK-47,0,0,200,0,200,300
s1-r3-e1-m2-de_inferno,6,Jee,4150,1600,AK-47,AWP,4750,0,0,0,4750,-3150
s1-r3-e1-m2-de_inferno,7,stressarN,3600,1300,MP9,MP9,0,0,1000,0,1000,300
s1-r3-e1-m2-de_inferno,7,MoDo,3800,1150,AWP,AWP,0,350,1000,0,1350,-200
s1-r3-e1-m2-de_inferno,7,SHOCK,3600,2050,M4A1-S,M4A1-S,0,350,500,400,1250,800
s1-r3-e1-m2-de_inferno,8,MoDo,4450,800,AWP,AWP,0,0,200,0,200,600
s1-r3-e1-m2-de_inferno,9,MoDo,7250,500,AWP,AWP,0,0,500,0,500,0
s1-r3-e1-m2-de_inferno,15,stressarN,4500,700,AK-47,AK-47,0,0,600,0,600,100
s1-r3-e1-m2-de_inferno,15,beastik,3450,0,MAC-10,MAC-10,0,0,0,0,0,0
s1-r3-e1-m2-de_inferno,15,MoDo,3750,600,Galil AR,Galil AR,0,0,400,0,400,200
s1-r3-e1-m2-de_inferno,15,SHOCK,3300,0,Galil AR,Galil AR,0,0,0,0,0,0
s1-r3-e1-m2-de_inferno,16,Moseyuh,3650,1750,M4A4,M4A4,0,350,500,400,1250,500
s1-r3-e1-m2-de_inferno,16,Mercury,4550,850,M4A1-S,AK-47,2700,350,900,0,3950,-3100
s1-r3-e1-m2-de_inferno,16,Zero ,3950,1100,M4A4,M4A4,0,0,200,400,600,500
s1-r3-e1-m2-de_inferno,16,JamYoung,3900,600,M4A1-S,M4A1-S,0,0,700,0,700,-100
s1-r3-e1-m2-de_inferno,16,Jee,3500,1150,M4A4,M4A4,0,350,500,0,850,300
s1-r3-e1-m2-de_inferno,17,MoDo,3650,1100,AK-47,AK-47,0,0,400,0,400,700
s1-r3-e1-m2-de_inferno,19,MoDo,2250,0,AK-47,,0,0,0,0,0,0
s1-r3-e1-m2-de_inferno,19,Jee,7700,900,AWP,AWP,0,0,0,400,400,500
s1-r3-e1-m2-de_inferno,20,Moseyuh,5100,800,AK-47,AK-47,0,0,0,0,0,800
s1-r3-e1-m2-de_inferno,20,Mercury,4400,600,M4A1-S,M4A1-S,0,0,0,0,0,600
s1-r3-e1-m2-de_inferno,20,Zero ,5750,0,M4A4,M4A4,0,0,0,0,0,0
s1-r3-e1-m2-de_inferno,20,JamYoung,7200,600,AK-47,AK-47,0,0,0,400,400,200
s1-r3-e1-m2-de_inferno,20,Jee,10500,300,AWP,AWP,0,0,0,0,0,300
s1-r3-e1-m2-de_inferno,22,Moseyuh,10500,800,AK-47,AK-47,0,0,500,0,500,300
s1-r3-e1-m2-de_inferno,23,Zero ,6150,700,M4A4,M4A4,0,0,0,400,400,300
s1-r3-e2-m1-de_dust2,3,fer,3500,800,M4A1-S,M4A1-S,0,0,500,0,500,300
s1-r3-e2-m1-de_dust2,3,JOTA,5500,1100,MP9,MP9,0,0,700,400,1100,0
s1-r3-e2-m1-de_dust2,3,Luken,4150,1400,M4A4,M4A4,0,0,1000,400,1400,0
s1-r3-e2-m1-de_dust2,6,yxngstxr,5000,700,AWP,AWP,0,0,0,0,0,700
s1-r3-e2-m1-de_dust2,6,Chr1zN,6150,400,MAC-10,MAC-10,0,0,0,0,0,400
s1-r3-e2-m1-de_dust2,6,xfl0ud,3950,800,Galil AR,Galil AR,0,0,800,0,800,0
s1-r3-e2-m1-de_dust2,6,nilo,5700,700,AK-47,AK-47,0,0,300,0,300,400
s1-r3-e2-m1-de_dust2,7,HEN1,4750,4150,M4A1-S,AWP,4750,350,800,400,6300,-2150
s1-r3-e2-m1-de_dust2,8,NEKiZ,2000,0,FAMAS,FAMAS,0,0,0,0,0,0
s1-r3-e2-m1-de_dust2,8,xfl0ud,4550,800,AK-47,AK-47,0,0,200,0,200,600
s1-r3-e2-m1-de_dust2,8,JOTA,1950,0,M4A1-S,M4A1-S,0,0,0,0,0,0
s1-r3-e2-m1-de_dust2,8,Luken,3150,300,M4A1-S,M4A1-S,0,0,0,0,0,300
s1-r3-e2-m1-de_dust2,9,yxngstxr,6350,700,AWP,AWP,0,0,0,0,0,700
s1-r3-e2-m1-de_dust2,15,susp,3650,800,M4A4,M4A4,0,0,200,0,200,600
s1-r3-e2-m1-de_dust2,17,HEN1,3600,1300,AWP,AWP,0,0,800,0,800,500
s1-r3-e2-m1-de_dust2,17,Luken,3850,200,AK-47,AK-47,0,0,200,0,200,0
s1-r3-e2-m1-de_dust2,18,susp,2200,300,AK-47,AK-47,0,0,0,0,0,300
s1-r3-e2-m2-de_inferno,3,Luken,450,400,Galil AR,AK-47,2700,0,400,0,3100,-2700
s1-r3-e2-m2-de_inferno,3,fer,350,300,Galil AR,Galil AR,0,0,0,0,0,300
s1-r3-e2-m2-de_inferno,4,susp,4200,1700,M4A4,M4A4,0,0,500,400,900,800
s1-r3-e2-m2-de_inferno,5,yxngstxr,7450,200,M4A1-S,M4A1-S,0,0,0,0,0,200
s1-r3-e2-m2-de_inferno,5,susp,6000,0,M4A4,M4A4,0,0,0,0,0,0
s1-r3-e2-m2-de_inferno,5,Chr1zN,4800,800,MAC-10,MAC-10,0,0,0,0,0,800
s1-r3-e2-m2-de_inferno,5,nilo,8300,300,Galil AR,Galil AR,0,0,0,0,0,300
s1-r3-e2-m2-de_inferno,7,yxngstxr,9450,600,AWP,AWP,0,0,0,0,0,600
s1-r3-e2-m2-de_inferno,7,nilo,13450,800,AK-47,AK-47,0,0,300,0,300,500
s1-r3-e2-m2-de_inferno,10,HEN1,5150,1300,AWP,AWP,0,0,800,0,800,500
s1-r3-e2-m2-de_inferno,12,xfl0ud,5950,800,M4A4,M4A4,0,0,0,0,0,800
s1-r3-e2-m2-de_inferno,15,xfl0ud,3650,1200,Galil AR,Galil AR,0,0,500,0,500,700
s1-r3-e2-m2-de_inferno,16,HEN1,3350,300,MP7,M4A1-S,2900,0,0,0,2900,-2600
s1-r3-e2-m2-de_inferno,17,yxngstxr,4950,700,AK-47,AK-47,0,0,0,0,0,700
s1-r3-e2-m2-de_inferno,19,susp,3850,1200,Galil AR,AK-47,2700,0,700,0,3400,-2200
s1-r3-e2-m2-de_inferno,19,HEN1,2150,1200,AWP,AWP,0,0,0,400,400,800
s1-r3-e2-m2-de_inferno,19,fer,2850,1100,M4A1-S,M4A1-S,0,0,700,0,700,400
s1-r3-m1-m1-de_mirage,3,Sonic,4150,1300,M4A1-S,M4A1-S,0,0,800,0,800,500
s1-r3-m1-m1-de_mirage,3,br0,4050,1300,M4A4,M4A4,0,0,1100,0,1100,200
s1-r3-m1-m1-de_mirage,3,oSee,4650,1700,M4A4,M4A4,0,0,1100,400,1500,200
s1-r3-m1-m1-de_mirage,3,nitr0,3850,700,MP9,MP9,0,0,200,0,200,500
s1-r3-m1-m1-de_mirage,4,Sonic,6650,1000,M4A1-S,M4A1-S,0,0,0,400,400,600
s1-r3-m1-m1-de_mirage,7,Grim,3500,1400,M4A1-S,M4A1-S,0,0,800,400,1200,200
s1-r3-m1-m1-de_mirage,8,Sonic,3600,0,M4A1-S,,0,0,0,0,0,0
s1-r3-m1-m1-de_mirage,11,nitr0,3300,0,M4A4,,0,0,0,0,0,0
s1-r3-m1-m1-de_mirage,15,jks,2650,0,MP9,MP9,0,0,0,0,0,0
s1-r3-m1-m1-de_mirage,15,br0,3550,1100,AK-47,AK-47,0,0,800,0,800,300
s1-r3-m1-m1-de_mirage,15,oSee,3950,1100,Galil AR,Galil AR,0,0,400,0,400,700
s1-r3-m1-m1-de_mirage,16,oSee,6950,1100,Galil AR,AK-47,2700,0,0,0,2700,-1600
s1-r3-m1-m1-de_mirage,17,story,4000,1450,AWP,AWP,0,350,300,0,650,800
s1-r3-m1-m1-de_mirage,18,br0,2550,0,AK-47,,0,0,0,0,0,0
s1-r3-m1-m1-de_mirage,19,Vexite,3500,800,M4A4,M4A4,0,0,300,0,300,500
s1-r3-m1-m1-de_mirage,19,story,4250,800,AWP,AWP,0,0,200,0,200,600
s1-r3-m1-m1-de_mirage,20,Vexite,6500,600,M4A4,AK-47,2700,0,0,0,2700,-2100
s1-r3-m1-m1-de_mirage,22,oSee,4250,700,AK-47,AK-47,0,0,0,0,0,700
s1-r3-m1-m1-de_mirage,23,jks,4300,500,M4A4,AK-47,2700,0,0,0,2700,-2200
s1-r3-m2-m1-de_overpass,3,z4KR,3900,800,Galil AR,Galil AR,0,0,400,0,400,400
s1-r3-m2-m1-de_overpass,3,Starry,3950,700,AK-47,AK-47,0,0,400,0,400,300
s1-r3-m2-m1-de_overpass,3,C4LLM3SU3,3300,1200,AK-47,AK-47,0,0,600,0,600,600
s1-r3-m2-m1-de_overpass,4,Starry,6200,800,AK-47,AK-47,0,0,300,0,300,500
s1-r3-m2-m1-de_overpass,4,EmiliaQAQ,3550,1100,AK-47,AK-47,0,0,800,0,800,300
s1-r3-m2-m1-de_overpass,7,doc,3500,200,M4A1-S,M4A1-S,0,0,0,0,0,200
s1-r3-m2-m1-de_overpass,7,maxxkor,3550,500,AWP,AWP,0,0,500,400,900,-400
s1-r3-m2-m1-de_overpass,8,z4KR,6750,800,AWP,AWP,0,0,0,0,0,800
s1-r3-m2-m1-de_overpass,11,z4KR,1450,0,AWP,AWP,0,0,0,0,0,0
s1-r3-m2-m1-de_overpass,11,gafolo,3750,1300,MP9,AK-47,2700,0,0,0,2700,-1400
s1-r3-m2-m1-de_overpass,11,koala,3500,1200,M4A4,M4A4,0,0,300,400,700,500
s1-r3-m2-m1-de_overpass,11,maxxkor,4000,1000,AWP,AWP,0,0,500,0,500,500
s1-r3-m2-m1-de_overpass,12,maxxkor,6400,1550,AWP,AWP,0,350,300,400,1050,500
s1-r3-m2-m1-de_overpass,12,rdnzao,3550,2250,M4A4,M4A4,0,350,800,400,1550,700
s1-r3-m2-m1-de_overpass,17,Starry,6950,700,AK-47,AK-47,0,0,700,0,700,0
s1-r3-m3-m1-de_inferno,4,blameF,400,300,AK-47,AK-47,0,0,0,0,0,300
s1-r3-m3-m1-de_inferno,5,blameF,3600,1400,AK-47,AK-47,0,0,900,0,900,500
s1-r3-m3-m1-de_inferno,7,aliStair,3650,800,AWP,AWP,0,0,300,0,300,500
s1-r3-m3-m1-de_inferno,7,TjP,3550,850,FAMAS,M4A4,2900,350,300,0,3550,-2700
s1-r3-m3-m1-de_inferno,9,aliStair,2650,0,M4A1-S,AK-47,2700,0,500,0,3200,-3200
s1-r3-m3-m1-de_inferno,9,gr1ks,5150,700,AWP,AWP,0,0,0,0,0,700
s1-r3-m3-m1-de_inferno,11,aliStair,3150,300,AWP,AWP,0,0,0,0,0,300
s1-r3-m3-m1-de_inferno,11,gr1ks,4850,900,AWP,AWP,0,0,400,0,400,500
s1-r3-m3-m1-de_inferno,15,gr1ks,4300,1650,SSG 08,SSG 08,0,350,1300,0,1650,0
s1-r3-m3-m1-de_inferno,16,faveN,3600,1200,M4A4,M4A4,0,0,800,400,1200,0
s1-r3-m3-m1-de_inferno,16,blameF,6550,300,AK-47,AK-47,0,0,0,0,0,300
s1-r3-m3-m1-de_inferno,16,gr1ks,6150,600,SSG 08,SSG 08,0,0,0,0,0,600
s1-r3-m3-m1-de_inferno,17,faveN,6200,300,M4A4,M4A4,0,0,0,0,0,300
s1-r3-m3-m1-de_inferno,17,tabseN,8650,800,MAC-10,MAC-10,0,0,0,0,0,800
s1-r3-m3-m1-de_inferno,19,dexter,400,300,AK-47,AK-47,0,0,0,0,0,300
s1-r3-m3-m1-de_inferno,19,faveN,5250,800,M4A4,M4A4,0,0,0,0,0,800
s1-r3-m3-m1-de_inferno,19,aliStair,150,0,AWP,AWP,0,0,0,0,0,0
s1-r3-m3-m1-de_inferno,19,gr1ks,5700,950,AWP,AWP,0,350,0,0,350,600
s1-r3-m3-m1-de_inferno,20,gr1ks,8250,1400,AWP,AWP,0,0,300,400,700,700
s1-r3-m3-m1-de_inferno,20,tabseN,6600,500,M4A4,M4A4,0,0,0,0,0,500
s1-r3-m4-m1-de_mirage,3,EliGE,3800,1400,M4A1-S,M4A1-S,0,0,700,400,1100,300
s1-r3-m4-m1-de_mirage,3,NAF,3900,500,MP7,MP7,0,0,200,0,200,300
s1-r3-m4-m1-de_mirage,5,ultimate,2100,300,AWP,AWP,0,0,0,0,0,300
s1-r3-m4-m1-de_mirage,5,kl1m,4500,700,AK-47,AK-47,0,0,400,0,400,300
s1-r3-m4-m1-de_mirage,6,ultimate,4400,2900,AWP,AWP,0,350,1300,400,2050,850
s1-r3-m4-m1-de_mirage,6,brnz4n,5550,700,AK-47,AK-47,0,0,0,0,0,700
s1-r3-m4-m1-de_mirage,7,NAF,3450,0,M4A1-S,MP9,1250,0,0,0,1250,-1250
s1-r3-m4-m1-de_mirage,10,malbsMd,7750,800,AK-47,AK-47,0,0,0,0,0,800
s1-r3-m4-m1-de_mirage,16,kl1m,5000,1200,AK-47,AK-47,0,0,0,400,400,800
s1-r3-m4-m1-de_mirage,16,LNZ,3650,1700,FAMAS,FAMAS,0,0,500,400,900,800
s1-r3-m4-m1-de_mirage,17,venomzera,6100,700,FAMAS,FAMAS,0,0,0,400,400,300
s1-r3-m4-m1-de_mirage,17,kl1m,7600,600,AK-47,AK-47,0,0,0,0,0,600
s1-r3-m4-m1-de_mirage,17,LNZ,5450,800,FAMAS,FAMAS,0,0,0,0,0,800
s1-r3-m4-m1-de_mirage,17,brnz4n,3500,1700,M4A4,M4A4,0,0,500,400,900,800
s1-r3-m4-m1-de_mirage,18,venomzera,9150,1100,FAMAS,AK-47,2700,0,0,0,2700,-1600
s1-r3-m4-m1-de_mirage,18,insani,6650,600,M4A4,AK-47,2700,0,0,400,3100,-2500
s1-r3-m4-m1-de_mirage,18,NAF,350,300,AK-47,AK-47,0,0,0,0,0,300
s1-r3-m4-m1-de_mirage,19,venomzera,12750,200,AK-47,AK-47,0,0,0,0,0,200
s1-r3-m4-m1-de_mirage,19,LNZ,6000,500,M4A1-S,M4A1-S,0,0,0,0,0,500
s1-r3-m4-m1-de_mirage,19,brnz4n,6150,800,M4A4,AK-47,2700,0,300,0,3000,-2200
s1-r3-m4-m1-de_mirage,20,siuhy,3850,800,AK-47,AK-47,0,0,500,0,500,300
s1-r3-m4-m1-de_mirage,20,NAF,3650,1200,Galil AR,AK-47,2700,0,700,0,3400,-2200
s1-r3-m4-m1-de_mirage,21,LNZ,2400,200,AWP,AWP,0,0,200,0,200,0
s1-r3-m4-m1-de_mirage,23,kl1m,4450,700,AWP,AWP,0,0,0,0,0,700
s1-r3-m4-m1-de_mirage,23,LNZ,3900,1250,M4A1-S,M4A1-S,0,350,0,400,750,500
s1-r4-a1-m1-de_overpass,3,REZ,3550,1300,M4A1-S,M4A1-S,0,0,1000,0,1000,300
s1-r4-a1-m1-de_overpass,3,Snax,4150,1300,M4A1-S,M4A1-S,0,0,1300,0,1300,0
s1-r4-a1-m1-de_overpass,3,PR,3650,1700,M4A1-S,M4A1-S,0,0,500,400,900,800
s1-r4-a1-m1-de_overpass,3,hypex,4200,1300,M4A1-S,M4A1-S,0,0,1000,0,1000,300
s1-r4-a1-m1-de_overpass,10,faveN,3350,700,AK-47,AK-47,0,0,300,0,300,400
s1-r4-a1-m1-de_overpass,10,tabseN,3600,900,AK-47,AK-47,0,0,500,0,500,400
s1-r4-a1-m1-de_overpass,10,gr1ks,3250,0,AWP,AWP,0,0,0,0,0,0
s1-r4-a1-m1-de_overpass,10,JDC,4550,400,AK-47,AK-47,0,0,0,0,0,400
s1-r4-a1-m1-de_overpass,10,blameF,6200,700,AK-47,AK-47,0,0,0,0,0,700
s1-r4-a1-m1-de_overpass,12,REZ,5300,700,M4A1-S,AK-47,2700,0,0,0,2700,-2000
s1-r4-a1-m1-de_overpass,15,Snax,3850,700,AK-47,AK-47,0,0,300,0,300,400
s1-r4-a1-m1-de_overpass,16,faveN,3600,1700,M4A4,M4A4,0,0,1000,400,1400,300
s1-r4-a1-m1-de_overpass,16,PR,2600,0,Galil AR,,0,0,0,0,0,0
s1-r4-a1-m1-de_overpass,17,faveN,5400,800,M4A4,M4A4,0,0,0,0,0,800
s1-r4-a1-m1-de_overpass,17,gr1ks,3700,1100,AWP,AWP,0,0,500,0,500,600
s1-r4-a1-m1-de_overpass,17,blameF,5300,1100,M4A1-S,M4A1-S,0,0,300,0,300,800
s1-r4-a1-m1-de_overpass,18,gr1ks,6650,600,AWP,AWP,0,0,0,0,0,600
s1-r4-a1-m1-de_overpass,19,tabseN,4450,500,M4A1-S,AK-47,2700,0,0,0,2700,-2200
s1-r4-a1-m1-de_overpass,20,gr1ks,11950,800,AWP,AWP,0,0,0,0,0,800
s1-r4-a1-m1-de_overpass,21,faveN,11050,500,AK-47,AK-47,0,0,0,0,0,500
s1-r4-a1-m1-de_overpass,21,gr1ks,14850,700,AWP,AWP,0,0,200,400,600,100
s1-r4-a1-m2-de_ancient,3,REZ,4850,900,Galil AR,Galil AR,0,0,700,0,700,200
s1-r4-a1-m2-de_ancient,3,Tauson,3250,800,AK-47,AK-47,0,0,300,0,300,500
s1-r4-a1-m2-de_ancient,3,Snax,3700,700,MAC-10,MAC-10,0,0,700,0,700,0
s1-r4-a1-m2-de_ancient,3,PR,3250,600,Galil AR,Galil AR,0,0,200,0,200,400
s1-r4-a1-m2-de_ancient,3,hypex,3400,900,Galil AR,Galil AR,0,0,400,0,400,500
s1-r4-a1-m2-de_ancient,4,gr1ks,3750,300,M4A4,M4A4,0,0,0,0,0,300
s1-r4-a1-m2-de_ancient,6,gr1ks,3600,300,AWP,AWP,0,0,0,0,0,300
s1-r4-a1-m2-de_ancient,6,Snax,1450,800,AK-47,AK-47,0,0,0,0,0,800
s1-r4-a1-m2-de_ancient,6,PR,100,0,AK-47,AK-47,0,0,0,0,0,0
s1-r4-a1-m2-de_ancient,6,hypex,50,0,AK-47,AK-47,0,0,0,0,0,0
s1-r4-a1-m2-de_ancient,7,gr1ks,6600,300,AWP,AWP,0,0,200,0,200,100
s1-r4-a1-m2-de_ancient,7,JDC,5500,800,M4A1-S,M4A1-S,0,0,0,0,0,800
s1-r4-a1-m2-de_ancient,7,PR,2000,0,AK-47,,0,0,0,0,0,0
s1-r4-a1-m2-de_ancient,8,gr1ks,9300,300,AWP,AWP,0,0,500,0,500,-200
s1-r4-a1-m2-de_ancient,8,blameF,6300,800,M4A1-S,AK-47,2700,0,0,0,2700,-1900
s1-r4-a1-m2-de_ancient,10,gr1ks,10850,300,AWP,AWP,0,0,0,0,0,300
s1-r4-a1-m2-de_ancient,10,JDC,13800,800,AK-47,AK-47,0,0,0,0,0,800
s1-r4-a1-m2-de_ancient,10,blameF,7200,800,M4A1-S,M4A1-S,0,0,0,0,0,800
s1-r4-a1-m2-de_ancient,15,Tauson,3600,800,M4A1-S,M4A1-S,0,0,200,0,200,600
s1-r4-a1-m2-de_ancient,15,PR,3800,700,M4A1-S,M4A1-S,0,0,800,0,800,-100
s1-r4-a1-m2-de_ancient,22,hypex,3750,500,AWP,AWP,0,0,0,0,0,500
s1-r4-a2-m1-de_anubis,4,EmiliaQAQ,4650,1000,MAC-10,AK-47,2700,0,300,0,3000,-2000
s1-r4-a2-m1-de_anubis,5,C4LLM3SU3,150,0,AK-47,AK-47,0,0,0,0,0,0
s1-r4-a2-m1-de_anubis,5,kl1m,4250,1200,AWP,AWP,0,0,500,400,900,300
s1-r4-a2-m1-de_anubis,8,Starry,4650,0,AK-47,,0,0,0,0,0,0
s1-r4-a2-m1-de_anubis,10,LNZ,7900,400,M4A1-S,M4A1-S,0,0,200,0,200,200
s1-r4-a2-m1-de_anubis,10,kl1m,8400,300,AWP,AWP,0,0,300,0,300,0
s1-r4-a2-m1-de_anubis,10,brnz4n,6000,200,M4A1-S,AK-47,2700,0,600,0,3300,-3100
s1-r4-a2-m1-de_anubis,15,insani,3900,300,AK-47,AK-47,0,0,300,0,300,0
s1-r4-a2-m1-de_anubis,15,venomzera,3600,0,Galil AR,Galil AR,0,0,0,0,0,0
s1-r4-a2-m1-de_anubis,15,kl1m,3600,0,AK-47,AK-47,0,0,200,0,200,-200
s1-r4-a2-m1-de_anubis,16,westmelon,3100,700,M4A4,M4A4,0,0,0,400,400,300
s1-r4-a2-m1-de_anubis,16,brnz4n,3650,300,AK-47,AK-47,0,0,0,0,0,300
s1-r4-a2-m1-de_anubis,17,LNZ,5550,800,MAC-10,AK-47,2700,0,200,0,2900,-2100
s1-r4-a2-m1-de_anubis,18,westmelon,4250,700,M4A4,M4A4,0,0,0,0,0,700
s1-r4-a2-m1-de_anubis,18,Starry,4100,950,M4A1-S,AK-47,2700,350,0,0,3050,-2100
s1-r4-a2-m2-de_inferno,3,insani,3850,600,MP9,MP9,0,0,0,0,0,600
s1-r4-a2-m2-de_inferno,6,LNZ,3800,1800,MP7,AK-47,2700,350,200,400,3650,-1850
s1-r4-a2-m2-de_inferno,8,kl1m,5400,0,AWP,AWP,0,0,0,400,400,-400
s1-r4-a2-m2-de_inferno,8,insani,7450,800,AK-47,AK-47,0,0,0,400,400,400
s1-r4-a2-m2-de_inferno,9,brnz4n,5000,300,M4A1-S,M4A1-S,0,0,0,0,0,300
s1-r4-a2-m2-de_inferno,10,LNZ,11050,800,AK-47,AK-47,0,0,200,0,200,600
s1-r4-a2-m2-de_inferno,10,kl1m,11600,800,AWP,AWP,0,0,0,0,0,800
s1-r4-a2-m2-de_inferno,10,venomzera,7850,0,M4A1-S,M4A1-S,0,0,0,0,0,0
s1-r4-a2-m2-de_inferno,10,insani,9250,600,M4A4,M4A4,0,0,0,0,0,600
s1-r4-a2-m2-de_inferno,11,westmelon,3500,800,AK-47,AK-47,0,0,500,0,500,300
s1-r4-a2-m2-de_inferno,11,Starry,4150,600,AK-47,AK-47,0,0,800,0,800,-200
s1-r4-a2-m2-de_inferno,11,z4KR,3700,900,AK-47,AK-47,0,0,400,0,400,500
s1-r4-a2-m2-de_inferno,15,kl1m,3500,800,AK-47,AK-47,0,0,900,0,900,-100
s1-r4-a2-m2-de_inferno,15,venomzera,3500,1200,Galil AR,Galil AR,0,0,600,0,600,600
s1-r4-a3-m1-de_ancient,3,slaxz-,4050,1300,M4A1-S,M4A1-S,0,0,1000,0,1000,300
s1-r4-a3-m1-de_ancient,3,JBa,5350,1400,MP9,MP9,0,0,500,400,900,500
s1-r4-a3-m1-de_ancient,4,s1n,4300,300,Galil AR,Galil AR,0,0,0,0,0,300
s1-r4-a3-m1-de_ancient,4,JBa,9250,800,MP9,MP9,0,0,0,0,0,800
s1-r4-a3-m1-de_ancient,5,slaxz-,4450,800,AWP,AWP,0,0,0,400,400,400
s1-r4-a3-m1-de_ancient,7,s1n,6300,1050,M4A1-S,M4A1-S,0,350,0,0,350,700
s1-r4-a3-m1-de_ancient,7,slaxz-,3750,900,AWP,AWP,0,0,0,400,400,500
s1-r4-a3-m1-de_ancient,7,JBa,5850,800,M4A4,M4A4,0,0,0,0,0,800
s1-r4-a3-m1-de_ancient,9,nitr0,1200,700,AK-47,AK-47,0,0,0,0,0,700
s1-r4-a3-m1-de_ancient,9,Lake,3700,2050,FAMAS,AK-47,2700,350,0,400,3450,-1400
s1-r4-a3-m1-de_ancient,9,br0,100,0,AK-47,AK-47,0,0,0,0,0,0
s1-r4-a3-m1-de_ancient,9,slaxz-,3450,1650,AWP,AWP,0,350,1000,0,1350,300
s1-r4-a3-m1-de_ancient,9,Swisher,3400,1700,MP9,M4A4,2900,0,0,400,3300,-1600
s1-r4-a3-m1-de_ancient,9,JBa,4800,800,M4A4,AK-47,2700,0,800,0,3500,-2700
s1-r4-a3-m1-de_ancient,11,nitr0,5650,700,Galil AR,Galil AR,0,0,0,0,0,700
s1-r4-a3-m1-de_ancient,11,oSee,6750,700,AWP,AWP,0,0,0,0,0,700
s1-r4-a3-m1-de_ancient,11,Sonic,4600,700,AK-47,AK-47,0,0,0,0,0,700
s1-r4-a3-m1-de_ancient,12,slaxz-,2700,1300,AWP,AWP,0,0,1000,0,1000,300
s1-r4-a3-m1-de_ancient,15,s1n,3900,0,AK-47,AK-47,0,0,0,0,0,0
s1-r4-a3-m1-de_ancient,15,slaxz-,3700,600,AK-47,AK-47,0,0,600,0,600,0
s1-r4-a3-m1-de_ancient,17,oSee,2350,0,AK-47,,0,0,0,0,0,0
s1-r4-a3-m1-de_ancient,18,s1n,4050,800,AK-47,AK-47,0,0,0,0,0,800
s1-r4-a3-m2-de_inferno,4,Lake,5300,2200,Galil AR,M4A4,2900,350,1200,0,4450,-2250
s1-r4-a3-m2-de_inferno,5,oSee,1950,0,AK-47,AK-47,0,0,0,0,0,0
s1-r4-a3-m2-de_inferno,5,br0,2050,300,MP9,MP9,0,0,0,0,0,300
s1-r4-a3-m2-de_inferno,5,nitr0,2250,400,MP9,MP9,0,0,200,0,200,200
s1-r4-a3-m2-de_inferno,9,nitr0,1800,1200,M4A4,M4A4,0,0,0,400,400,800
s1-r4-a3-m2-de_inferno,10,oSee,4450,300,AWP,AWP,0,0,0,0,0,300
s1-r4-a3-m2-de_inferno,10,JBa,2000,0,AK-47,,0,0,0,0,0,0
s1-r4-a3-m2-de_inferno,12,Sonic,9400,600,M4A1-S,AK-47,2700,0,0,0,2700,-2100
s1-r4-a3-m2-de_inferno,12,oSee,8950,800,AWP,AWP,0,0,0,0,0,800
s1-r4-a3-m2-de_inferno,12,Grim,8750,800,M4A4,AK-47,2700,0,400,0,3100,-2300
s1-r4-a3-m2-de_inferno,15,Lake,4700,2500,MP9,M4A1-S,2900,350,700,400,4350,-1850
s1-r4-a3-m2-de_inferno,15,oSee,1450,0,Galil AR,,0,0,0,0,0,0
s1-r4-a3-m2-de_inferno,16,Swisher,7450,1000,MP9,AK-47,2700,0,0,0,2700,-1700
s1-r4-a3-m2-de_inferno,17,Lake,8200,300,M4A1-S,M4A1-S,0,0,0,0,0,300
s1-r4-a3-m2-de_inferno,17,slaxz-,7200,1000,MP9,MP9,0,0,700,0,700,300
s1-r4-a3-m2-de_inferno,17,Swisher,9950,500,AK-47,AK-47,0,0,0,0,0,500
s1-r4-a3-m2-de_inferno,17,s1n,4500,600,M4A1-S,M4A1-S,0,0,300,0,300,300
s1-r4-a3-m2-de_inferno,17,JBa,5950,0,MP9,MP9,0,0,0,0,0,0
s1-r4-a3-m2-de_inferno,19,Grim,1950,0,AK-47,,0,0,0,0,0,0
s1-r4-a3-m2-de_inferno,20,Swisher,11700,1000,AK-47,AK-47,0,0,500,0,500,500
s1-r4-a3-m2-de_inferno,21,Sonic,400,0,AK-47,AK-47,0,0,0,0,0,0
s1-r4-e1-m1-de_anubis,4,nettik,4350,0,Galil AR,Galil AR,0,0,0,0,0,0
s1-r4-e1-m1-de_anubis,4,Vexite,4950,200,M4A4,M4A4,0,0,0,0,0,200
s1-r4-e1-m1-de_anubis,5,INS,7500,1200,AK-47,AK-47,0,0,500,0,500,700
s1-r4-e1-m1-de_anubis,5,nettik,7650,900,Galil AR,Galil AR,0,0,0,400,400,500
s1-r4-e1-m1-de_anubis,5,Vexite,8250,700,M4A4,M4A4,0,0,0,0,0,700
s1-r4-e1-m1-de_anubis,10,jks,13900,800,AK-47,AK-47,0,0,0,0,0,800
s1-r4-e1-m1-de_anubis,11,Vexite,8900,800,AK-47,AK-47,0,0,0,0,0,800
s1-r4-e1-m1-de_anubis,11,dexter,4000,1200,AK-47,AK-47,0,0,1200,0,1200,0
s1-r4-e1-m1-de_anubis,17,aliStair,4000,900,AWP,AWP,0,0,900,0,900,0
s1-r4-e1-m1-de_anubis,20,Liazz,4950,200,M4A4,M4A4,0,0,0,0,0,200
s1-r4-e1-m1-de_anubis,20,dexter,3500,300,M4A1-S,M4A1-S,0,0,800,0,800,-500
s1-r4-e1-m1-de_anubis,20,TjP,4300,600,AK-47,AK-47,0,0,0,400,400,200
s1-r4-e1-m1-de_anubis,20,asap,4650,800,M4A4,M4A4,0,0,0,0,0,800
s1-r4-e1-m1-de_anubis,20,aliStair,3800,750,AWP,AWP,0,0,550,0,550,200
s1-r4-e1-m1-de_anubis,21,INS,3500,700,Galil AR,M4A4,2900,0,0,0,2900,-2200
s1-r4-e1-m1-de_anubis,21,jks,4000,700,Galil AR,Galil AR,0,0,0,0,0,700
s1-r4-e1-m1-de_anubis,21,nettik,3850,1000,Galil AR,AK-47,2700,0,300,0,3000,-2000
s1-r4-e1-m1-de_anubis,21,Vexite,4550,1200,AK-47,AK-47,0,0,900,0,900,300
s1-r4-e1-m1-de_anubis,21,story,3500,900,AK-47,AK-47,0,0,200,0,200,700
s1-r4-e1-m1-de_anubis,22,jks,7400,700,Galil AR,M4A4,2900,0,0,0,2900,-2200
s1-r4-e1-m1-de_anubis,22,story,6400,1900,AK-47,AWP,4750,0,300,0,5050,-3150
s1-r4-e1-m2-de_inferno,3,Vexite,3500,500,MP7,MP7,0,0,0,0,0,500
s1-r4-e1-m2-de_inferno,3,jks,3500,1300,M4A4,M4A4,0,0,1000,0,1000,300
s1-r4-e1-m2-de_inferno,3,story,4450,800,M4A4,M4A4,0,0,500,0,500,300
s1-r4-e1-m2-de_inferno,4,jks,5700,600,M4A4,M4A4,0,0,0,0,0,600
s1-r4-e1-m2-de_inferno,4,story,7150,1600,M4A4,AWP,4750,0,500,0,5250,-3650
s1-r4-e1-m2-de_inferno,5,Vexite,6500,500,M4A1-S,AK-47,2700,0,0,0,2700,-2200
s1-r4-e1-m2-de_inferno,8,aliStair,3450,0,AWP,,0,0,0,0,0,0
s1-r4-e1-m2-de_inferno,9,INS,6900,500,M4A1-S,M4A1-S,0,0,0,0,0,500
s1-r4-e1-m2-de_inferno,15,Liazz,3850,1900,M4A4,M4A4,0,0,1000,400,1400,500
s1-r4-e1-m2-de_inferno,16,aliStair,4000,1200,M4A4,AWP,4750,0,200,0,4950,-3750
s1-r4-e2-m1-de_nuke,3,rdnzao,3800,1200,AK-47,AK-47,0,0,600,0,600,600
s1-r4-e2-m1-de_nuke,3,maxxkor,4100,1200,Galil AR,Galil AR,0,0,500,0,500,700
s1-r4-e2-m1-de_nuke,3,gafolo,3500,700,Galil AR,Galil AR,0,0,400,0,400,300
s1-r4-e2-m1-de_nuke,4,doc,3600,700,AK-47,AK-47,0,0,0,0,0,700
s1-r4-e2-m1-de_nuke,4,koala,5300,700,AK-47,AK-47,0,0,0,0,0,700
s1-r4-e2-m1-de_nuke,6,koala,1400,300,AK-47,AK-47,0,0,0,0,0,300
s1-r4-e2-m1-de_nuke,6,Mercury,6000,1650,AK-47,AK-47,0,350,800,0,1150,500
s1-r4-e2-m1-de_nuke,6,maxxkor,6450,300,AK-47,AK-47,0,0,0,0,0,300
s1-r4-e2-m1-de_nuke,6,Zero ,5350,1700,MP9,MP9,0,0,1000,400,1400,300
s1-r4-e2-m1-de_nuke,7,JamYoung,9150,700,AK-47,AK-47,0,0,0,400,400,300
s1-r4-e2-m1-de_nuke,7,Mercury,8450,700,AK-47,AK-47,0,0,0,400,400,300
s1-r4-e2-m1-de_nuke,9,Jee,5250,700,AWP,AWP,0,0,0,400,400,300
s1-r4-e2-m1-de_nuke,10,JamYoung,6050,0,M4A1-S,AK-47,2700,0,0,0,2700,-2700
s1-r4-e2-m1-de_nuke,10,koala,1950,700,AK-47,AK-47,0,0,0,0,0,700
s1-r4-e2-m1-de_nuke,10,Mercury,8200,800,M4A1-S,M4A1-S,0,0,400,400,800,0
s1-r4-e2-m1-de_nuke,15,doc,4100,1000,M4A1-S,M4A1-S,0,0,300,0,300,700
s1-r4-e2-m1-de_nuke,15,koala,3750,300,MP7,MP7,0,0,0,0,0,300
s1-r4-e2-m1-de_nuke,15,rdnzao,4200,1100,M4A4,M4A1-S,2900,0,700,0,3600,-2500
s1-r4-e2-m1-de_nuke,15,maxxkor,3600,800,M4A1-S,M4A4,2900,0,300,0,3200,-2400
s1-r4-e2-m1-de_nuke,15,gafolo,4250,1000,MP9,MP9,0,0,700,0,700,300
s1-r4-e2-m1-de_nuke,18,rdnzao,4300,600,AK-47,AK-47,0,0,0,0,0,600
s1-r4-e2-m1-de_nuke,18,maxxkor,4800,800,AK-47,AK-47,0,0,700,0,700,100
s1-r4-e2-m1-de_nuke,19,gafolo,4900,500,M4A4,M4A4,0,0,0,0,0,500
s1-r4-e2-m2-de_inferno,3,maxxkor,4200,800,M4A1-S,M4A1-S,0,0,800,0,800,0
s1-r4-e2-m2-de_inferno,3,gafolo,3650,800,MP9,MP9,0,0,0,0,0,800
s1-r4-e2-m2-de_inferno,3,koala,3500,300,M4A4,M4A4,0,0,0,0,0,300
s1-r4-e2-m2-de_inferno,3,rdnzao,4250,1300,MP9,MP9,0,0,1000,0,1000,300
s1-r4-e2-m2-de_inferno,4,Moseyuh,3850,1100,AK-47,AK-47,0,0,400,0,400,700
s1-r4-e2-m2-de_inferno,5,Jee,4000,700,AK-47,AK-47,0,0,0,0,0,700
s1-r4-e2-m2-de_inferno,5,doc,3850,600,M4A4,M4A4,0,0,0,0,0,600
s1-r4-e2-m2-de_inferno,5,gafolo,2650,500,M4A1-S,M4A1-S,0,0,0,400,400,100
s1-r4-e2-m2-de_inferno,5,Moseyuh,6250,300,AK-47,AK-47,0,0,0,0,0,300
s1-r4-e2-m2-de_inferno,6,Jee,7450,700,AK-47,AK-47,0,0,0,0,0,700
s1-r4-e2-m2-de_inferno,7,koala,3850,0,M4A1-S,,0,0,0,0,0,0
s1-r4-e2-m2-de_inferno,8,Mercury,4950,600,AK-47,AK-47,0,0,300,0,300,300
s1-r4-e2-m2-de_inferno,8,doc,2100,0,M4A1-S,MP9,1250,0,0,0,1250,-1250
s1-r4-e2-m2-de_inferno,8,Zero ,4100,1200,AK-47,AK-47,0,0,500,0,500,700
s1-r4-e2-m2-de_inferno,8,rdnzao,2150,200,MP9,M4A1-S,2900,0,0,0,2900,-2700
s1-r4-e2-m2-de_inferno,8,Moseyuh,4900,400,AK-47,AK-47,0,0,0,0,0,400
s1-r4-e2-m2-de_inferno,9,Mercury,7850,300,AK-47,AK-47,0,0,0,0,0,300
s1-r4-e2-m2-de_inferno,9,Jee,5850,500,AK-47,AK-47,0,0,0,0,0,500
s1-r4-e2-m2-de_inferno,9,Zero ,6700,300,AK-47,AK-47,0,0,0,0,0,300
s1-r4-e2-m2-de_inferno,9,Moseyuh,8000,0,AK-47,AK-47,0,0,0,0,0,0
s1-r4-e2-m2-de_inferno,10,doc,3700,2350,MP9,M4A1-S,2900,0,200,0,3100,-750
s1-r4-e2-m2-de_inferno,10,Moseyuh,11500,700,AK-47,AK-47,0,0,0,0,0,700
s1-r4-e2-m2-de_inferno,11,Jee,11000,300,AK-47,AK-47,0,0,0,0,0,300
s1-r4-e2-m2-de_inferno,11,Moseyuh,14600,0,AK-47,AK-47,0,0,0,0,0,0
s1-r4-e2-m2-de_inferno,15,Zero ,4100,1700,MP9,Galil AR,1800,0,1000,400,3200,-1500
s1-r4-e2-m2-de_inferno,16,JamYoung,5300,300,MP9,MP9,0,0,0,400,400,-100
s1-r4-e2-m2-de_inferno,16,Jee,6500,1000,AK-47,AK-47,0,0,200,0,200,800
s1-r4-e2-m2-de_inferno,17,Moseyuh,4600,1200,M4A4,M4A4,0,0,0,400,400,800
s1-r4-e2-m2-de_inferno,18,Moseyuh,7500,500,M4A4,AK-47,2700,0,0,0,2700,-2200
s1-r4-e2-m3-de_anubis,4,gafolo,3850,1000,MAC-10,MP9,1250,0,500,400,2150,-1150
s1-r4-e2-m3-de_anubis,4,maxxkor,3700,1300,M4A1-S,AWP,4750,0,200,0,4950,-3650
s1-r4-e2-m3-de_anubis,5,maxxkor,6000,1100,AWP,AWP,0,0,800,0,800,300
s1-r4-e2-m3-de_anubis,5,doc,3800,1100,M4A1-S,M4A1-S,0,0,0,400,400,700
s1-r4-e2-m3-de_anubis,6,maxxkor,8500,800,AWP,AWP,0,0,300,0,300,500
s1-r4-e2-m3-de_anubis,7,rdnzao,6100,500,M4A4,M4A4,0,0,0,0,0,500
s1-r4-e2-m3-de_anubis,7,doc,8300,0,M4A1-S,M4A1-S,0,0,0,0,0,0
s1-r4-e2-m3-de_anubis,8,gafolo,8550,700,M4A4,M4A4,0,0,0,0,0,700
s1-r4-e2-m3-de_anubis,8,Mercury,3550,400,AK-47,AK-47,0,0,0,0,0,400
s1-r4-e2-m3-de_anubis,8,koala,8450,0,AK-47,AK-47,0,0,0,0,0,0
s1-r4-e2-m3-de_anubis,8,JamYoung,4100,800,AK-47,AK-47,0,0,1000,0,1000,-200
s1-r4-e2-m3-de_anubis,8,Jee,3950,0,AK-47,AK-47,0,0,0,0,0,0
s1-r4-e2-m3-de_anubis,8,Moseyuh,4350,0,AK-47,AK-47,0,0,500,0,500,-500
s1-r4-e2-m3-de_anubis,8,Zero ,3650,600,AK-47,AK-47,0,0,0,0,0,600
s1-r4-e2-m3-de_anubis,9,Mercury,6800,0,AK-47,AK-47,0,0,0,0,0,0
s1-r4-e2-m3-de_anubis,9,Moseyuh,8500,500,AK-47,AK-47,0,0,0,0,0,500
s1-r4-e2-m3-de_anubis,10,JamYoung,6100,700,AK-47,AK-47,0,0,0,0,0,700
s1-r4-e2-m3-de_anubis,11,Zero ,3850,1000,AK-47,AK-47,0,0,300,0,300,700
s1-r4-e2-m3-de_anubis,12,JamYoung,9350,700,AK-47,AK-47,0,0,0,0,0,700
s1-r4-e2-m3-de_anubis,12,Moseyuh,9400,300,AK-47,AK-47,0,0,500,0,500,-200
s1-r4-e2-m3-de_anubis,15,koala,3550,1000,Galil AR,Galil AR,0,0,700,0,700,300
s1-r4-e2-m3-de_anubis,15,maxxkor,3650,800,AK-47,AK-47,0,0,800,0,800,0
s1-r4-e2-m3-de_anubis,16,Moseyuh,3050,800,M4A4,M4A4,0,0,0,0,0,800
s1-r4-e2-m3-de_anubis,18,maxxkor,800,0,AWP,AWP,0,0,0,0,0,0
s1-r4-e2-m3-de_anubis,20,Zero ,5750,500,M4A4,M4A4,0,0,300,0,300,200
s1-r4-e2-m3-de_anubis,22,JamYoung,6800,650,M4A1-S,AK-47,2700,0,400,0,3100,-2450
s1-r4-e2-m3-de_anubis,22,Jee,5950,500,AWP,AWP,0,0,600,0,600,-100
s1-r4-e2-m3-de_anubis,22,Zero ,5650,850,M4A4,M4A4,0,350,0,0,350,500
s1-r4-e2-m3-de_anubis,23,Mercury,6450,800,M4A1-S,AK-47,2700,0,0,400,3100,-2300
s1-r4-e3-m1-de_nuke,3,NAF,3650,1500,MP7,Galil AR,1800,0,700,400,2900,-1400
s1-r4-e3-m1-de_nuke,4,ultimate,5050,800,M4A1-S,M4A1-S,0,0,0,0,0,800
s1-r4-e3-m1-de_nuke,4,malbsMd,6200,700,Galil AR,Galil AR,0,0,0,400,400,300
s1-r4-e3-m1-de_nuke,5,malbsMd,9000,300,Galil AR,Galil AR,0,0,0,0,0,300
s1-r4-e3-m1-de_nuke,5,siuhy,6750,300,AK-47,AK-47,0,0,0,0,0,300
s1-r4-e3-m1-de_nuke,5,EliGE,9000,800,Galil AR,Galil AR,0,0,0,0,0,800
s1-r4-e3-m1-de_nuke,6,malbsMd,12450,1100,Galil AR,AK-47,2700,0,0,0,2700,-1600
s1-r4-e3-m1-de_nuke,7,NAF,11000,800,M4A4,AK-47,2700,0,0,0,2700,-1900
s1-r4-e3-m1-de_nuke,8,ultimate,9200,800,AWP,AWP,0,0,0,0,0,800
s1-r4-e3-m1-de_nuke,8,susp,400,300,AK-47,AK-47,0,0,200,0,200,100
s1-r4-e3-m1-de_nuke,10,nilo,4000,900,AK-47,AK-47,0,0,400,0,400,500
s1-r4-e3-m1-de_nuke,12,malbsMd,7450,1200,AK-47,AK-47,0,0,0,400,400,800
s1-r4-e3-m2-de_inferno,7,nilo,3050,1100,M4A4,M4A4,0,0,800,0,800,300
s1-r4-e3-m2-de_inferno,7,susp,2950,800,M4A1-S,M4A1-S,0,0,0,0,0,800
s1-r4-e3-m2-de_inferno,7,NAF,9950,1200,MP5-SD,M4A4,2900,0,0,0,2900,-1700
s1-r4-e3-m2-de_inferno,10,EliGE,4800,800,AK-47,AK-47,0,0,0,0,0,800
s1-r4-e3-m2-de_inferno,10,NAF,8600,500,AK-47,AK-47,0,0,500,0,500,0
s1-r4-e3-m2-de_inferno,11,yxngstxr,4500,4200,MP9,AWP,4750,0,1000,0,5750,-1550
s1-r4-e3-m2-de_inferno,15,EliGE,3500,300,MP9,Galil AR,1800,0,300,0,2100,-1800
s1-r4-e3-m2-de_inferno,16,yxngstxr,3850,1000,AK-47,AK-47,0,0,700,0,700,300
s1-r4-e3-m2-de_inferno,16,Chr1zN,4050,1200,MAC-10,Galil AR,1800,0,200,0,2000,-800
s1-r4-e3-m2-de_inferno,18,yxngstxr,2250,0,AK-47,,0,0,0,0,0,0
s1-r4-e3-m2-de_inferno,18,ultimate,5950,600,AWP,AWP,0,0,0,0,0,600
s1-r4-e3-m2-de_inferno,19,EliGE,6800,800,M4A1-S,M4A1-S,0,0,500,400,900,-100
s1-r4-e3-m2-de_inferno,19,malbsMd,5750,500,AK-47,AK-47,0,0,0,0,0,500
s1-r4-e3-m2-de_inferno,19,ultimate,8950,500,AWP,AWP,0,0,0,0,0,500
s1-r4-e3-m2-de_inferno,19,NAF,4500,300,MP7,MP7,0,0,0,0,0,300
s1-r4-e3-m2-de_inferno,20,siuhy,6100,300,M4A4,AK-47,2700,0,0,0,2700,-2400
s1-r4-e3-m2-de_inferno,21,Chr1zN,3850,1200,Galil AR,M4A1-S,2900,0,0,0,2900,-1700
s1-r4-e3-m2-de_inferno,21,xfl0ud,3250,1200,Galil AR,Galil AR,0,0,500,0,500,700
s1-r4-e3-m2-de_inferno,21,nilo,3650,1200,AK-47,AK-47,0,0,900,0,900,300
s1-r4-e3-m2-de_inferno,21,susp,4000,1700,Galil AR,AK-47,2700,0,500,0,3200,-1500
s1-r4-e3-m2-de_inferno,22,ultimate,2350,0,AWP,,0,0,200,0,200,-200
s1-r5-d1-m1-de_ancient,3,EmiliaQAQ,3400,800,MAC-10,MAC-10,0,0,200,0,200,600
s1-r5-d1-m1-de_ancient,3,westmelon,4050,1100,MAC-10,MAC-10,0,0,300,0,300,800
s1-r5-d1-m1-de_ancient,3,Starry,3250,1200,AK-47,AK-47,0,0,900,0,900,300
s1-r5-d1-m1-de_ancient,4,Zero ,3950,1700,M4A4,M4A4,0,0,700,400,1100,600
s1-r5-d1-m1-de_ancient,4,Moseyuh,3500,1300,M4A4,M4A4,0,0,500,0,500,800
s1-r5-d1-m1-de_ancient,4,z4KR,0,0,AWP,AWP,0,0,0,0,0,0
s1-r5-d1-m1-de_ancient,4,JamYoung,3450,800,M4A1-S,M4A1-S,0,0,500,0,500,300
s1-r5-d1-m1-de_ancient,4,Jee,3350,1100,M4A4,M4A4,0,0,500,0,500,600
s1-r5-d1-m1-de_ancient,4,Mercury,3450,1300,M4A1-S,M4A1-S,0,0,800,0,800,500
s1-r5-d1-m1-de_ancient,5,z4KR,100,0,AWP,AWP,0,0,0,0,0,0
s1-r5-d1-m1-de_ancient,5,Jee,5500,1700,M4A4,AWP,4750,0,0,400,5150,-3450
s1-r5-d1-m1-de_ancient,6,Moseyuh,6950,1450,M4A4,M4A4,0,350,0,400,750,700
s1-r5-d1-m1-de_ancient,7,Moseyuh,9250,800,M4A4,M4A4,0,0,400,0,400,400
s1-r5-d1-m1-de_ancient,7,westmelon,750,300,AK-47,AK-47,0,0,0,0,0,300
s1-r5-d1-m1-de_ancient,9,Jee,12600,900,AWP,AWP,0,0,0,400,400,500
s1-r5-d1-m1-de_ancient,10,Zero ,5050,1000,M4A4,M4A4,0,0,0,400,400,600
s1-r5-d1-m1-de_ancient,11,C4LLM3SU3,4300,700,AK-47,AK-47,0,0,0,0,0,700
s1-r5-d1-m1-de_ancient,12,Zero ,4200,2050,M4A4,M4A4,0,350,1300,400,2050,0
s1-r5-d1-m1-de_ancient,12,JamYoung,6550,600,M4A1-S,AK-47,2700,0,400,0,3100,-2500
s1-r5-d1-m1-de_ancient,12,Jee,9050,800,AWP,AWP,0,0,0,0,0,800
s1-r5-d1-m1-de_ancient,12,Mercury,5350,300,M4A1-S,AK-47,2700,0,400,0,3100,-2800
s1-r5-d1-m1-de_ancient,16,Zero ,4150,1200,Galil AR,Galil AR,0,0,800,0,800,400
s1-r5-d1-m1-de_ancient,16,Moseyuh,6150,700,Galil AR,Galil AR,0,0,0,0,0,700
s1-r5-d1-m1-de_ancient,16,JamYoung,6850,700,Galil AR,Galil AR,0,0,0,0,0,700
s1-r5-d1-m1-de_ancient,16,Jee,4450,900,AK-47,AK-47,0,0,300,0,300,600
s1-r5-d1-m1-de_ancient,17,z4KR,4200,1300,AWP,AWP,0,0,800,0,800,500
s1-r5-d1-m1-de_ancient,18,Jee,3800,1500,AK-47,AWP,4750,0,300,0,5050,-3550
s1-r5-d1-m2-de_inferno,4,Zero ,3850,1200,AK-47,M4A4,2900,0,200,0,3100,-1900
s1-r5-d1-m2-de_inferno,6,C4LLM3SU3,3450,300,M4A4,M4A4,0,0,0,0,0,300
s1-r5-d1-m2-de_inferno,6,Moseyuh,8350,300,AK-47,AK-47,0,0,500,0,500,-200
s1-r5-d1-m2-de_inferno,8,Moseyuh,13900,700,AK-47,AK-47,0,0,0,0,0,700
s1-r5-d1-m2-de_inferno,9,C4LLM3SU3,3650,200,M4A4,AK-47,2700,0,0,0,2700,-2500
s1-r5-d1-m2-de_inferno,15,Zero ,3600,1500,M4A4,M4A4,0,0,300,400,700,800
s1-r5-d1-m2-de_inferno,17,Moseyuh,1500,400,M4A4,M4A4,0,0,0,400,400,0
s1-r5-d1-m2-de_inferno,18,westmelon,5850,800,AK-47,AK-47,0,0,300,0,300,500
s1-r5-d1-m2-de_inferno,18,z4KR,3550,800,AWP,AWP,0,0,0,0,0,800
s1-r5-d1-m2-de_inferno,20,JamYoung,2950,600,M4A1-S,M4A1-S,0,0,0,0,0,600
s1-r5-d1-m2-de_inferno,20,Moseyuh,3100,0,M4A4,M4A4,0,0,0,0,0,0
s1-r5-d2-m1-de_anubis,3,Vexite,3550,1000,M4A4,M4A4,0,0,1000,0,1000,0
s1-r5-d2-m1-de_anubis,3,nettik,3500,1100,M4A4,M4A4,0,0,500,0,500,600
s1-r5-d2-m1-de_anubis,3,jks,4200,1300,M4A4,M4A4,0,0,700,0,700,600
s1-r5-d2-m1-de_anubis,3,story,4150,1300,M4A4,M4A4,0,0,1000,0,1000,300
s1-r5-d2-m1-de_anubis,5,INS,4200,700,M4A4,AK-47,2700,0,0,0,2700,-2000
s1-r5-d2-m1-de_anubis,5,Vexite,7100,800,M4A4,M4A4,0,0,0,0,0,800
s1-r5-d2-m1-de_anubis,5,nettik,4850,700,M4A4,M4A4,0,0,0,0,0,700
s1-r5-d2-m1-de_anubis,5,story,8000,1300,AK-47,AWP,4750,0,200,0,4950,-3650
s1-r5-d2-m1-de_anubis,6,jks,6500,1100,AK-47,AK-47,0,0,0,400,400,700
s1-r5-d2-m1-de_anubis,6,story,10200,800,AWP,AWP,0,0,300,0,300,500
s1-r5-d2-m1-de_anubis,7,nettik,4200,600,M4A4,M4A4,0,0,0,0,0,600
s1-r5-d2-m1-de_anubis,11,INS,5200,700,M4A4,M4A4,0,0,0,0,0,700
s1-r5-d2-m1-de_anubis,11,jks,13250,500,AK-47,AK-47,0,0,0,0,0,500
s1-r5-d2-m1-de_anubis,11,story,11900,500,AWP,AWP,0,0,0,0,0,500
s1-r5-d2-m1-de_anubis,15,nettik,4900,1200,MAC-10,FAMAS,1950,0,200,0,2150,-950
s1-r5-d2-m2-de_inferno,3,nettik,3750,800,MP7,MP7,0,0,500,400,900,-100
s1-r5-d2-m2-de_inferno,3,jks,3850,1000,M4A4,M4A4,0,0,1000,0,1000,0
s1-r5-d2-m2-de_inferno,8,INS,5850,300,M4A4,M4A4,0,0,0,0,0,300
s1-r5-d2-m2-de_inferno,8,nettik,3700,700,M4A1-S,M4A1-S,0,0,0,0,0,700
s1-r5-d2-m2-de_inferno,10,story,5100,800,AWP,AWP,0,0,0,0,0,800
s1-r5-d2-m2-de_inferno,10,NAF,50,0,Galil AR,Galil AR,0,0,0,0,0,0
s1-r5-d2-m2-de_inferno,10,ultimate,50,0,AK-47,AK-47,0,0,0,0,0,0
s1-r5-d2-m2-de_inferno,11,INS,7800,800,M4A4,M4A4,0,0,0,0,0,800
s1-r5-d2-m2-de_inferno,11,jks,7100,800,M4A4,M4A4,0,0,0,0,0,800
s1-r5-d2-m2-de_inferno,20,ultimate,4450,600,AWP,AWP,0,0,0,0,0,600
s1-r5-d3-m1-de_dust2,3,nitr0,3650,1000,M4A4,M4A4,0,0,1000,0,1000,0
s1-r5-d3-m1-de_dust2,3,oSee,4100,1400,M4A1-S,M4A1-S,0,0,700,400,1100,300
s1-r5-d3-m1-de_dust2,3,br0,3950,1200,FAMAS,FAMAS,0,0,700,0,700,500
s1-r5-d3-m1-de_dust2,4,gr1ks,3650,1600,AWP,AWP,0,1000,600,0,1600,0
s1-r5-d3-m1-de_dust2,4,blameF,3700,700,Galil AR,Galil AR,0,0,300,0,300,400
s1-r5-d3-m1-de_dust2,4,faveN,3650,1000,AK-47,AK-47,0,0,700,0,700,300
s1-r5-d3-m1-de_dust2,5,gr1ks,5300,0,AWP,AWP,0,0,0,0,0,0
s1-r5-d3-m1-de_dust2,5,oSee,2350,0,M4A4,,0,0,0,0,0,0
s1-r5-d3-m1-de_dust2,5,blameF,6850,700,Galil AR,AK-47,2700,0,0,0,2700,-2000
s1-r5-d3-m1-de_dust2,6,gr1ks,8550,400,AWP,AWP,0,0,0,0,0,400
s1-r5-d3-m1-de_dust2,8,oSee,6050,2050,AK-47,AWP,4750,350,0,400,5500,-3450
s1-r5-d3-m1-de_dust2,10,Sonic,2050,1300,M4A1-S,M4A1-S,0,0,1300,0,1300,0
s1-r5-d3-m1-de_dust2,10,oSee,1950,300,AWP,AWP,0,0,200,0,200,100
s1-r5-d3-m1-de_dust2,10,br0,1950,700,FAMAS,FAMAS,0,0,500,0,500,200
s1-r5-d3-m1-de_dust2,10,tabseN,3850,1100,Galil AR,AK-47,2700,0,400,0,3100,-2000
s1-r5-d3-m1-de_dust2,11,blameF,4700,700,AK-47,AK-47,0,0,0,0,0,700
s1-r5-d3-m1-de_dust2,11,tabseN,6000,700,AK-47,AK-47,0,0,0,0,0,700
s1-r5-d3-m1-de_dust2,12,JDC,7250,700,AK-47,AK-47,0,0,0,0,0,700
s1-r5-d3-m1-de_dust2,15,JDC,4200,1900,FAMAS,FAMAS,0,0,900,400,1300,600
s1-r5-d3-m1-de_dust2,16,br0,3250,1200,AK-47,AK-47,0,0,500,0,500,700
s1-r5-d3-m1-de_dust2,18,blameF,4100,1400,AK-47,AK-47,0,0,800,400,1200,200
s1-r5-d3-m1-de_dust2,18,gr1ks,4950,200,AWP,AWP,0,0,0,0,0,200
s1-r5-d3-m2-de_nuke,3,br0,3550,1200,Galil AR,Galil AR,0,0,700,0,700,500
s1-r5-d3-m2-de_nuke,3,oSee,3900,900,Galil AR,Galil AR,0,0,400,0,400,500
s1-r5-d3-m2-de_nuke,5,Sonic,1900,0,Galil AR,,0,0,0,0,0,0
s1-r5-d3-m2-de_nuke,5,faveN,6500,800,Galil AR,Galil AR,0,0,0,0,0,800
s1-r5-d3-m2-de_nuke,6,tabseN,8150,800,AK-47,M4A1-S,2900,0,0,0,2900,-2100
s1-r5-d3-m2-de_nuke,6,blameF,5400,500,M4A1-S,M4A1-S,0,0,0,0,0,500
s1-r5-d3-m2-de_nuke,6,JDC,7300,700,M4A1-S,AK-47,2700,0,0,0,2700,-2000
s1-r5-d3-m2-de_nuke,7,Grim,3650,1200,AK-47,AK-47,0,0,400,0,400,800
s1-r5-d3-m2-de_nuke,9,gr1ks,6300,500,AWP,AWP,0,0,0,0,0,500
s1-r5-d3-m2-de_nuke,9,faveN,7000,500,M4A4,M4A4,0,0,0,0,0,500
s1-r5-d3-m2-de_nuke,9,blameF,6600,800,M4A1-S,M4A1-S,0,0,0,0,0,800
s1-r5-d3-m2-de_nuke,10,nitr0,4100,900,Galil AR,AK-47,2700,0,0,0,2700,-1800
s1-r5-d3-m2-de_nuke,11,oSee,5100,700,AWP,AWP,0,0,300,0,300,400
s1-r5-d3-m2-de_nuke,17,br0,5000,500,M4A4,M4A4,0,0,0,0,0,500
s1-r5-d3-m2-de_nuke,17,oSee,5100,500,AWP,AWP,0,0,0,0,0,500
s1-r5-d3-m2-de_nuke,17,nitr0,7100,300,M4A4,M4A4,0,0,0,0,0,300
s1-r5-d3-m2-de_nuke,18,Sonic,7650,500,M4A1-S,AK-47,2700,0,0,0,2700,-2200
s1-r5-d3-m2-de_nuke,18,oSee,8650,1100,AWP,AWP,0,0,0,400,400,700
s1-r5-d3-m2-de_nuke,19,Grim,4650,800,AUG,M4A1-S,2900,0,0,0,2900,-2100
s1-r5-d3-m2-de_nuke,19,nitr0,8850,1200,M4A4,M4A4,0,0,0,400,400,800
s1-r5-d3-m2-de_nuke,21,gr1ks,4050,900,AK-47,AK-47,0,0,300,0,300,600
s1-r5-d3-m2-de_nuke,21,blameF,5100,800,AK-47,AK-47,0,0,800,0,800,0
s1-r5-d3-m2-de_nuke,21,JDC,4550,1200,AK-47,AK-47,0,0,900,0,900,300
s1-r5-d3-m2-de_nuke,21,oSee,2450,0,AWP,,0,0,0,0,0,0
s1-r5-d3-m2-de_nuke,22,gr1ks,6950,700,AK-47,AK-47,0,0,0,0,0,700
s1-r5-d3-m2-de_nuke,22,blameF,8100,700,AK-47,AK-47,0,0,400,0,400,300
s1-r5-d3-m2-de_nuke,22,JDC,7450,600,AK-47,AK-47,0,0,0,0,0,600
s1-r5-d3-m2-de_nuke,23,Grim,3600,1550,M4A4,AK-47,2700,350,500,400,3950,-2400
s1-r5-d3-m2-de_nuke,23,br0,3500,1300,M4A4,M4A4,0,0,700,0,700,600
s1-r5-d3-m2-de_nuke,23,oSee,3600,300,AWP,AWP,0,0,300,0,300,0
s1-r5-d3-m2-de_nuke,24,tabseN,4150,1000,AK-47,AK-47,0,0,700,0,700,300
s1-r5-d3-m2-de_nuke,24,gr1ks,7500,1800,AK-47,AWP,4750,0,0,0,4750,-2950
s1-r5-d3-m3-de_mirage,3,Sonic,3550,1000,M4A1-S,M4A1-S,0,0,1000,0,1000,0
s1-r5-d3-m3-de_mirage,4,Sonic,6350,800,M4A1-S,M4A1-S,0,0,0,0,0,800
s1-r5-d3-m3-de_mirage,4,nitr0,3650,800,M4A4,M4A4,0,0,500,0,500,300
s1-r5-d3-m3-de_mirage,4,oSee,3600,1100,AWP,AWP,0,0,1100,0,1100,0
s1-r5-d3-m3-de_mirage,5,br0,8650,1000,M4A1-S,AK-47,2700,0,0,400,3100,-2100
s1-r5-d3-m3-de_mirage,7,nitr0,10500,1200,AK-47,AK-47,0,0,0,400,400,800
s1-r5-d3-m3-de_mirage,8,oSee,14050,800,AWP,AWP,0,0,0,0,0,800
s1-r5-d3-m3-de_mirage,9,Sonic,10400,800,AK-47,AK-47,0,0,0,0,0,800
s1-r5-d3-m3-de_mirage,9,oSee,16000,0,AWP,AWP,0,0,0,0,0,0
s1-r5-d3-m3-de_mirage,9,br0,13250,800,M4A4,M4A4,0,0,0,0,0,800
s1-r5-d3-m3-de_mirage,10,oSee,16000,500,AWP,AWP,0,0,0,0,0,500
s1-r5-d3-m3-de_mirage,15,JDC,3600,1400,M4A1-S,M4A1-S,0,0,1000,400,1400,0
s1-r5-d3-m3-de_mirage,15,faveN,3500,1500,FAMAS,FAMAS,0,0,300,400,700,800
s1-r5-d3-m3-de_mirage,15,gr1ks,3550,1400,M4A4,M4A4,0,0,1000,400,1400,0
s1-r5-d3-m3-de_mirage,17,gr1ks,3750,500,AWP,AWP,0,0,0,0,0,500
s1-r5-d3-m3-de_mirage,18,JDC,6300,600,M4A1-S,AK-47,2700,0,400,0,3100,-2500
s1-r5-d3-m3-de_mirage,18,faveN,5150,600,AK-47,AK-47,0,0,0,0,0,600
s1-r5-d3-m3-de_mirage,18,gr1ks,6850,500,AWP,AWP,0,0,0,0,0,500
s1-r5-d3-m3-de_mirage,20,blameF,11400,800,AK-47,AK-47,0,0,0,0,0,800
s1-r5-d3-m3-de_mirage,23,br0,50,0,AK-47,AK-47,0,0,0,0,0,0
s1-r5-d3-m3-de_mirage,23,gr1ks,5750,500,AWP,AWP,0,0,0,0,0,500
s1-r5-d3-m3-de_mirage,24,gr1ks,8850,300,AWP,AWP,0,0,0,0,0,300
s2-r1-m1-m1-de_ancient,3,ryu,3500,1200,M4A1-S,M4A1-S,0,0,300,400,700,500
s2-r1-m1-m1-de_ancient,3,Staehr,3600,1000,FAMAS,FAMAS,0,0,800,0,800,200
s2-r1-m1-m1-de_ancient,4,jabbi,4650,1300,M4A1-S,AK-47,2700,0,800,0,3500,-2200
s2-r1-m1-m1-de_ancient,4,Staehr,7250,1300,FAMAS,AK-47,2700,0,0,400,3100,-1800
s2-r1-m1-m1-de_ancient,5,ryu,4250,600,M4A1-S,M4A1-S,0,0,0,0,0,600
s2-r1-m1-m1-de_ancient,7,phzy,10500,800,AWP,AWP,0,0,0,0,0,800
s2-r1-m1-m1-de_ancient,11,hypex,3700,1100,AWP,AWP,0,0,400,0,400,700
s2-r1-m1-m1-de_ancient,15,REZ,5350,800,MP9,MP9,0,0,0,0,0,800
s2-r1-m1-m1-de_ancient,15,PR,3950,800,M4A1-S,M4A1-S,0,0,0,0,0,800
s2-r1-m1-m1-de_ancient,15,Tauson,3600,1400,M4A4,M4A4,0,0,1000,400,1400,0
s2-r1-m1-m1-de_ancient,16,REZ,8050,1000,MP9,AK-47,2700,0,0,0,2700,-1700
s2-r1-m1-m1-de_ancient,16,hypex,4450,800,M4A1-S,AK-47,2700,0,500,0,3200,-2400
s2-r1-m2-m1-de_dust2,3,dgt,3800,1000,M4A1-S,M4A1-S,0,0,700,0,700,300
s2-r1-m2-m1-de_dust2,4,dgt,6300,700,M4A1-S,M4A1-S,0,0,0,0,0,700
s2-r1-m2-m1-de_dust2,4,max,4150,300,M4A4,M4A4,0,0,0,0,0,300
s2-r1-m2-m1-de_dust2,6,story,4150,3400,Galil AR,AWP,4750,0,300,0,5050,-1650
s2-r1-m2-m1-de_dust2,7,story,850,0,AWP,AWP,0,0,0,0,0,0
s2-r1-m2-m1-de_dust2,8,story,850,700,AWP,SSG 08,1700,0,700,0,2400,-1700
s2-r1-m2-m1-de_dust2,8,max,3800,1100,M4A4,M4A4,0,0,300,0,300,800
s2-r1-m2-m1-de_dust2,8,HUASOPEEK,3650,1550,M4A1-S,M4A1-S,0,350,200,400,950,600
s2-r1-m2-m1-de_dust2,8,meyern,4150,700,AWP,AWP,0,0,300,0,300,400
s2-r1-m2-m1-de_dust2,11,meyern,1900,300,AWP,AWP,0,0,300,0,300,0
s2-r1-m2-m1-de_dust2,15,nettik,3600,1300,M4A1-S,M4A1-S,0,0,1000,0,1000,300
s2-r1-m2-m1-de_dust2,15,jks,3850,1300,M4A4,M4A4,0,0,1000,0,1000,300
s2-r1-m2-m1-de_dust2,16,story,3950,1400,AWP,AWP,0,0,1000,0,1000,400
s2-r1-m2-m1-de_dust2,16,jks,6350,800,M4A4,AK-47,2700,0,400,0,3100,-2300
s2-r1-m2-m1-de_dust2,17,INS,7850,700,AK-47,AK-47,0,0,0,0,0,700
s2-r1-m2-m1-de_dust2,17,story,6050,500,AWP,AWP,0,0,0,0,0,500
s2-r1-m2-m1-de_dust2,17,jks,9050,700,AK-47,AK-47,0,0,500,0,500,200
s2-r1-m2-m1-de_dust2,22,Vexite,1400,1400,M4A1-S,M4A1-S,0,0,500,400,900,500
s2-r1-m2-m1-de_dust2,22,INS,1500,1300,M4A4,M4A4,0,0,500,0,500,800
s2-r1-m2-m1-de_dust2,22,dgt,3500,1100,Galil AR,M4A4,2900,0,400,0,3300,-2200
s2-r1-m2-m1-de_dust2,22,story,1500,1500,AWP,AWP,0,0,500,400,900,600
s2-r1-m2-m1-de_dust2,22,luchov,4250,1100,AK-47,AK-47,0,0,400,0,400,700
s2-r1-m2-m1-de_dust2,22,HUASOPEEK,3650,1400,AK-47,AK-47,0,0,900,0,900,500
s2-r1-m2-m1-de_dust2,22,meyern,3950,1100,AK-47,AK-47,0,0,600,0,600,500
s2-r1-m3-m1-de_ancient,3,kensizor,4450,1200,MAC-10,Galil AR,1800,0,200,0,2000,-800
s2-r1-m3-m1-de_ancient,3,alex666,4250,900,Galil AR,Galil AR,0,0,700,0,700,200
s2-r1-m3-m1-de_ancient,3,npl,4300,300,Galil AR,Galil AR,0,0,500,0,500,-200
s2-r1-m3-m1-de_ancient,3,s1zzi,3650,800,AK-47,AK-47,0,0,600,0,600,200
s2-r1-m3-m1-de_ancient,6,dem0n,7000,800,M4A4,M4A4,0,0,0,0,0,800
s2-r1-m3-m1-de_ancient,7,lauNX,4200,500,M4A4,AK-47,2700,0,0,400,3100,-2600
s2-r1-m3-m1-de_ancient,8,dziugss,6800,800,AK-47,AK-47,0,0,0,0,0,800
s2-r1-m3-m1-de_ancient,9,s1zzi,3450,1450,AWP,AWP,0,350,900,0,1250,200
s2-r1-m3-m1-de_ancient,10,cmtry,5650,800,AWP,AWP,0,0,0,0,0,800
s2-r1-m3-m1-de_ancient,10,esenthial,1150,0,AK-47,AK-47,0,0,0,0,0,0
s2-r1-m3-m1-de_ancient,10,Krabeni,7650,800,M4A4,AK-47,2700,0,0,0,2700,-1900
s2-r1-m3-m1-de_ancient,10,alex666,100,0,AK-47,AK-47,0,0,0,0,0,0
s2-r1-m3-m1-de_ancient,11,dem0n,9450,800,M4A4,M4A4,0,0,0,0,0,800
s2-r1-m3-m1-de_ancient,11,dziugss,9100,1200,AK-47,AK-47,0,0,0,400,400,800
s2-r1-m3-m1-de_ancient,15,kensizor,2450,300,MP9,MP9,0,0,300,0,300,0
s2-r1-m3-m1-de_ancient,15,cmtry,3550,900,Galil AR,Galil AR,0,0,700,0,700,200
s2-r1-m3-m1-de_ancient,15,dem0n,3600,1200,Galil AR,Galil AR,0,0,500,0,500,700
s2-r1-m3-m1-de_ancient,15,Krabeni,3500,1000,AK-47,AK-47,0,0,300,0,300,700
s2-r1-m3-m1-de_ancient,15,alex666,2400,600,MP9,MP9,0,0,600,0,600,0
s2-r1-m3-m1-de_ancient,15,dziugss,3600,600,Galil AR,Galil AR,0,0,200,0,200,400
s2-r1-m3-m1-de_ancient,15,s1zzi,2400,0,MP9,MP9,0,0,0,0,0,0
s2-r1-m3-m1-de_ancient,17,kensizor,3850,200,M4A4,AK-47,2700,0,400,0,3100,-2900
s2-r1-m3-m1-de_ancient,17,esenthial,3750,1700,M4A4,M4A4,0,0,500,400,900,800
s2-r1-m3-m1-de_ancient,17,s1zzi,3850,1500,AWP,AWP,0,0,500,400,900,600
s2-r1-m3-m1-de_ancient,20,esenthial,4100,1000,M4A4,M4A4,0,0,0,400,400,600
s2-r1-m3-m1-de_ancient,23,dem0n,6200,700,AK-47,AK-47,0,0,0,0,0,700
s2-r1-m3-m1-de_ancient,23,dziugss,4100,600,AK-47,AK-47,0,0,0,0,0,600
s2-r1-m4-m1-de_mirage,6,Jee,3700,800,AWP,AWP,0,0,0,0,0,800
s2-r1-m4-m1-de_mirage,8,Jee,2000,0,AK-47,,0,0,0,0,0,0
s2-r1-m4-m1-de_mirage,9,piriajr,8050,300,M4A1-S,M4A1-S,0,0,0,0,0,300
s2-r1-m4-m1-de_mirage,9,biguzera,4100,500,AK-47,AK-47,0,0,0,0,0,500
s2-r1-m4-m1-de_mirage,9,v$m,4950,1200,M4A4,M4A4,0,0,0,400,400,800
s2-r1-m4-m1-de_mirage,9,saffee,5650,800,M4A1-S,M4A1-S,0,0,0,0,0,800
s2-r1-m4-m1-de_mirage,11,Moseyuh,5000,500,AK-47,AK-47,0,0,500,0,500,0
s2-r1-m4-m1-de_mirage,11,Jee,4150,700,Galil AR,Galil AR,0,0,200,0,200,500
s2-r1-m4-m1-de_mirage,11,JamYoung,3550,1200,AK-47,AK-47,0,0,700,0,700,500
s2-r1-m4-m1-de_mirage,15,Mercury,3550,800,M4A1-S,M4A1-S,0,0,800,0,800,0
s2-r1-m4-m1-de_mirage,15,Moseyuh,3900,1700,M4A4,M4A4,0,0,1300,400,1700,0
s2-r1-m4-m1-de_mirage,15,Jee,3650,700,M4A4,M4A4,0,0,700,0,700,0
s2-r1-m4-m1-de_mirage,15,Zero ,4800,1700,M4A4,M4A4,0,0,500,400,900,800
s2-r1-m4-m1-de_mirage,15,JamYoung,3550,500,MP9,MP9,0,0,500,0,500,0
s2-r1-m4-m1-de_mirage,16,Mercury,6800,500,M4A1-S,AK-47,2700,0,700,0,3400,-2900
s2-r1-m4-m1-de_mirage,16,saffee,0,0,AK-47,AK-47,0,0,0,0,0,0
s2-r1-m4-m1-de_mirage,16,Moseyuh,5650,1150,M4A4,M4A4,0,350,0,0,350,800
s2-r1-m4-m1-de_mirage,16,Zero ,7150,600,M4A4,AK-47,2700,0,0,0,2700,-2100
s2-r1-m4-m1-de_mirage,17,Jee,8250,800,AWP,AWP,0,0,0,0,0,800
s2-r1-m4-m1-de_mirage,18,Jee,11150,400,AWP,AWP,0,0,0,400,400,0
s2-r1-m4-m1-de_mirage,20,saffee,3750,900,AWP,AWP,0,0,600,0,600,300
s2-r1-m4-m1-de_mirage,20,Zero ,7950,700,M4A4,M4A4,0,0,0,0,0,700
s2-r1-m4-m1-de_mirage,21,biguzera,4050,700,AK-47,AK-47,0,0,300,0,300,400
s2-r1-m4-m1-de_mirage,21,saffee,6300,500,AWP,AWP,0,0,0,0,0,500
s2-r1-m4-m1-de_mirage,22,v$m,5250,1100,AK-47,AK-47,0,0,300,0,300,800
s2-r1-m4-m1-de_mirage,22,snow,4250,600,AK-47,AK-47,0,0,0,0,0,600
s2-r1-m5-m1-de_mirage,3,MATYS,3600,1700,MP9,MP9,0,0,700,400,1100,600
s2-r1-m5-m1-de_mirage,4,SunPayus,5550,800,M4A1-S,M4A1-S,0,0,0,0,0,800
s2-r1-m5-m1-de_mirage,4,MATYS,8400,1100,MP9,M4A4,2900,0,0,0,2900,-1800
s2-r1-m5-m1-de_mirage,5,slaxz-,0,0,AK-47,AK-47,0,0,0,0,0,0
s2-r1-m5-m1-de_mirage,7,MATYS,9350,1000,M4A1-S,M4A4,2900,0,0,0,2900,-1900
s2-r1-m5-m1-de_mirage,9,huNter-,7200,500,M4A4,AK-47,2700,0,400,0,3100,-2600
s2-r1-m5-m1-de_mirage,9,SunPayus,5000,500,AWP,AWP,0,0,0,0,0,500
s2-r1-m5-m1-de_mirage,18,s1n,6500,1300,MP9,AK-47,2700,0,0,400,3100,-1800
s2-r1-m5-m1-de_mirage,18,huNter-,300,0,Galil AR,Galil AR,0,0,0,0,0,0
s2-r1-m5-m1-de_mirage,19,Lake,6500,800,M4A1-S,M4A1-S,0,0,0,0,0,800
s2-r1-m5-m1-de_mirage,20,HeavyGod,100,0,AK-47,AK-47,0,0,0,0,0,0
s2-r1-m5-m1-de_mirage,21,slaxz-,8900,1100,AWP,AWP,0,0,0,400,400,700
s2-r1-m6-m1-de_mirage,3,faveN,3650,1700,M4A4,M4A4,0,0,500,400,900,800
s2-r1-m6-m1-de_mirage,3,JDC,3600,1400,M4A1-S,M4A1-S,0,0,1000,400,1400,0
s2-r1-m6-m1-de_mirage,3,tabseN,3850,1100,FAMAS,FAMAS,0,0,800,0,800,300
s2-r1-m6-m1-de_mirage,3,gr1ks,4200,1300,M4A4,M4A4,0,0,1000,0,1000,300
s2-r1-m6-m1-de_mirage,3,blameF,4150,1300,M4A1-S,M4A1-S,0,0,1300,0,1300,0
s2-r1-m6-m1-de_mirage,5,gr1ks,2050,0,AWP,,0,0,0,0,0,0
s2-r1-m6-m1-de_mirage,6,Bymas,4100,300,AK-47,AK-47,0,0,0,0,0,300
s2-r1-m6-m1-de_mirage,6,afro,3550,400,AWP,AWP,0,0,0,0,0,400
s2-r1-m6-m1-de_mirage,6,AZUWU,4200,400,AK-47,AK-47,0,0,0,0,0,400
s2-r1-m6-m1-de_mirage,6,Gizmy,5550,0,AK-47,AK-47,0,0,0,0,0,0
s2-r1-m6-m1-de_mirage,7,afro,6800,0,AWP,AWP,0,0,0,0,0,0
s2-r1-m6-m1-de_mirage,9,Bymas,6900,500,AK-47,AK-47,0,0,0,0,0,500
s2-r1-m6-m1-de_mirage,15,afro,4350,1700,SSG 08,SSG 08,0,0,1000,400,1400,300
s2-r1-m6-m1-de_mirage,15,AZUWU,4100,2300,MP9,M4A4,2900,350,700,0,3950,-1650
s2-r1-m6-m1-de_mirage,17,Bymas,5300,300,M4A1-S,M4A1-S,0,0,0,0,0,300
s2-r1-m6-m1-de_mirage,17,afro,4200,300,AWP,AWP,0,0,0,0,0,300
s2-r1-m6-m1-de_mirage,19,tabseN,2550,0,Galil AR,,0,0,0,0,0,0
s2-r1-m6-m1-de_mirage,20,Bymas,3600,800,M4A1-S,M4A1-S,0,0,300,0,300,500
s2-r1-m6-m1-de_mirage,20,Gizmy,4250,1300,MP9,M4A4,2900,0,0,0,2900,-1600
s2-r1-m6-m1-de_mirage,21,faveN,3500,1200,AK-47,AK-47,0,0,900,0,900,300
s2-r1-m6-m1-de_mirage,21,blameF,4150,1000,AK-47,AK-47,0,0,200,0,200,800
s2-r1-m7-m1-de_mirage,3,magixx,4100,1300,MP9,MP9,0,0,1000,0,1000,300
s2-r1-m7-m1-de_mirage,3,zont1x,3650,1400,M4A1-S,M4A1-S,0,0,200,400,600,800
s2-r1-m7-m1-de_mirage,3,donk,4150,1700,M4A4,M4A4,0,0,1000,400,1400,300
s2-r1-m7-m1-de_mirage,4,Boombl4,3500,1100,AK-47,M4A4,2900,0,200,0,3100,-2000
s2-r1-m7-m1-de_mirage,4,d1Ledez,4150,1100,AK-47,AK-47,0,0,400,0,400,700
s2-r1-m7-m1-de_mirage,4,Magnojez,3850,1100,Galil AR,AK-47,2700,0,200,0,2900,-1800
s2-r1-m7-m1-de_mirage,5,FL4MUS,4950,900,AK-47,AK-47,0,0,800,0,800,100
s2-r1-m7-m1-de_mirage,5,d1Ledez,6850,800,AK-47,AK-47,0,0,300,0,300,500
s2-r1-m7-m1-de_mirage,5,donk,2000,1750,AK-47,AK-47,0,350,1000,400,1750,0
s2-r1-m7-m1-de_mirage,6,sh1ro,3900,800,AWP,AWP,0,0,0,0,0,800
s2-r1-m7-m1-de_mirage,6,donk,2700,800,AK-47,AK-47,0,0,0,0,0,800
s2-r1-m7-m1-de_mirage,7,FL4MUS,10650,900,AK-47,AK-47,0,0,300,0,300,600
s2-r1-m7-m1-de_mirage,7,zorte,10500,1100,AWP,AWP,0,0,300,0,300,800
s2-r1-m7-m1-de_mirage,8,sh1ro,3450,1350,AWP,AWP,0,350,700,0,1050,300
s2-r1-m7-m1-de_mirage,8,Magnojez,5550,300,AK-47,AK-47,0,0,0,0,0,300
s2-r1-m7-m1-de_mirage,9,zont1x,5200,600,M4A1-S,M4A1-S,0,0,0,0,0,600
s2-r1-m7-m1-de_mirage,10,sh1ro,6900,1500,AWP,AWP,0,0,300,400,700,800
s2-r1-m7-m1-de_mirage,15,sh1ro,3600,700,Galil AR,Galil AR,0,0,400,0,400,300
s2-r1-m7-m1-de_mirage,15,zont1x,4900,400,MAC-10,MAC-10,0,0,0,0,0,400
s2-r1-m7-m1-de_mirage,15,donk,3550,1000,Galil AR,Galil AR,0,0,300,0,300,700
s2-r1-m7-m1-de_mirage,17,sh1ro,3950,1100,AK-47,AK-47,0,0,600,0,600,500
s2-r1-m8-m1-de_nuke,3,insani,3600,1200,AK-47,AK-47,0,0,700,0,700,500
s2-r1-m8-m1-de_nuke,4,venomzera,5550,2100,MAC-10,AK-47,2700,0,200,0,2900,-800
s2-r1-m8-m1-de_nuke,5,insani,5200,400,AK-47,AK-47,0,0,0,0,0,400
s2-r1-m8-m1-de_nuke,9,n1ssim,5000,1450,M4A1-S,M4A1-S,0,350,800,0,1150,300
s2-r1-m8-m1-de_nuke,9,kl1m,2150,0,Galil AR,,0,0,0,0,0,0
s2-r1-m8-m1-de_nuke,9,arT,3800,300,M4A1-S,M4A4,2900,0,0,0,2900,-2600
s2-r1-m8-m1-de_nuke,10,dumau,6200,800,AK-47,AK-47,0,0,0,0,0,800
s2-r1-m8-m1-de_nuke,10,saadzin,5350,500,AWP,AWP,0,0,0,0,0,500
s2-r1-m8-m1-de_nuke,10,latto,7450,800,AK-47,AK-47,0,0,0,0,0,800
s2-r1-m8-m1-de_nuke,12,saadzin,4200,700,AWP,AWP,0,0,0,0,0,700
s2-r1-m8-m1-de_nuke,16,brnz4n,4200,1300,AK-47,AK-47,0,0,800,0,800,500
s2-r1-m8-m1-de_nuke,16,LNZ,3700,1500,MP9,Galil AR,1800,0,0,400,2200,-700
s2-r1-m8-m1-de_nuke,16,kl1m,5950,500,M4A1-S,M4A1-S,0,0,500,0,500,0
s2-r1-m8-m1-de_nuke,17,n1ssim,3850,900,AK-47,AK-47,0,0,600,0,600,300
s2-r1-m8-m1-de_nuke,17,dumau,3800,1200,AK-47,AK-47,0,0,900,0,900,300
s2-r1-m8-m1-de_nuke,17,saadzin,5550,800,AK-47,AK-47,0,0,800,0,800,0
s2-r1-m8-m1-de_nuke,17,arT,3750,700,Galil AR,Galil AR,0,0,0,0,0,700
s2-r1-m8-m1-de_nuke,18,brnz4n,2350,0,AK-47,AK-47,0,0,0,0,0,0
s2-r1-m8-m1-de_nuke,18,kl1m,3950,300,AWP,AWP,0,0,0,0,0,300
s2-r1-m8-m1-de_nuke,19,kl1m,7150,1700,AWP,AWP,0,0,1000,400,1400,300
s2-r1-m8-m1-de_nuke,20,kl1m,9050,500,AWP,AWP,0,0,0,0,0,500
s2-r2-l1-m1-de_overpass,7,faveN,3500,1500,FAMAS,M4A1-S,2900,0,300,400,3600,-2100
s2-r2-l1-m1-de_overpass,7,JDC,4150,1500,AK-47,AK-47,0,0,800,400,1200,300
s2-r2-l1-m1-de_overpass,8,faveN,5500,200,M4A1-S,M4A1-S,0,0,0,0,0,200
s2-r2-l1-m1-de_overpass,8,tabseN,7050,500,M4A1-S,M4A1-S,0,0,0,0,0,500
s2-r2-l1-m1-de_overpass,8,gr1ks,7500,300,AWP,AWP,0,0,0,0,0,300
s2-r2-l1-m1-de_overpass,9,JDC,7000,1100,AK-47,AK-47,0,0,800,0,800,300
s2-r2-l1-m1-de_overpass,15,snow,4200,900,MP9,MP9,0,0,0,400,400,500
s2-r2-l1-m1-de_overpass,15,piriajr,4500,1000,M4A1-S,M4A1-S,0,0,700,0,700,300
s2-r2-l1-m1-de_overpass,15,v$m,3550,1300,M4A4,M4A4,0,0,1000,0,1000,300
s2-r2-l1-m1-de_overpass,17,gr1ks,3950,900,Galil AR,Galil AR,0,0,200,0,200,700
s2-r2-l1-m1-de_overpass,20,biguzera,3450,600,M4A4,M4A4,0,0,300,0,300,300
s2-r2-l1-m1-de_overpass,22,snow,3650,1750,MP9,MP9,0,350,1000,400,1750,0
s2-r2-l2-m1-de_dust2,5,nettik,3900,1400,AK-47,AK-47,0,0,700,0,700,700
s2-r2-l2-m1-de_dust2,5,jks,3600,900,AK-47,AK-47,0,0,200,0,200,700
s2-r2-l2-m1-de_dust2,7,story,7950,700,AWP,AWP,0,0,0,0,0,700
s2-r2-l2-m1-de_dust2,9,jks,300,0,Galil AR,,0,0,0,0,0,0
s2-r2-l2-m1-de_dust2,10,saadzin,7250,0,AWP,AWP,0,0,0,0,0,0
s2-r2-l2-m1-de_dust2,15,saadzin,3850,1100,Galil AR,Galil AR,0,0,400,0,400,700
s2-r2-l2-m1-de_dust2,15,n1ssim,3650,1100,Galil AR,AK-47,2700,0,400,0,3100,-2000
s2-r2-l2-m1-de_dust2,15,Vexite,2900,700,MP9,MP9,0,0,0,0,0,700
s2-r2-l2-m1-de_dust2,19,story,4200,500,AWP,AWP,0,0,700,0,700,-200
s2-r2-l2-m1-de_dust2,19,INS,4050,500,M4A4,M4A4,0,0,0,0,0,500
s2-r2-l2-m1-de_dust2,20,saadzin,3450,1100,AWP,AWP,0,0,400,0,400,700
s2-r2-l3-m1-de_nuke,3,Boombl4,3650,700,MP9,MP9,0,0,0,0,0,700
s2-r2-l3-m1-de_nuke,3,d1Ledez,3500,300,MP9,MP9,0,0,0,400,400,-100
s2-r2-l3-m1-de_nuke,3,Magnojez,3550,700,M4A1-S,M4A4,2900,0,700,0,3600,-2900
s2-r2-l3-m1-de_nuke,5,zorte,2350,0,AWP,AWP,0,0,0,0,0,0
s2-r2-l3-m1-de_nuke,7,FL4MUS,4850,700,AK-47,AK-47,0,0,0,400,400,300
s2-r2-l3-m1-de_nuke,7,Boombl4,3850,1200,M4A4,M4A4,0,0,700,400,1100,100
s2-r2-l3-m1-de_nuke,8,Boombl4,6750,800,M4A4,M4A4,0,0,0,0,0,800
s2-r2-l3-m1-de_nuke,8,d1Ledez,6800,300,M4A4,M4A4,0,0,0,0,0,300
s2-r2-l3-m1-de_nuke,8,zorte,9350,500,AWP,AWP,0,0,500,0,500,0
s2-r2-l3-m1-de_nuke,9,FL4MUS,10400,800,AK-47,AK-47,0,0,0,0,0,800
s2-r2-l3-m1-de_nuke,9,PR,400,0,AK-47,,0,0,0,0,0,0
s2-r2-l3-m1-de_nuke,16,hypex,3650,800,M4A1-S,M4A1-S,0,0,300,0,300,500
s2-r2-l3-m1-de_nuke,16,Tauson,3650,1400,M4A1-S,M4A1-S,0,0,700,400,1100,300
s2-r2-l3-m1-de_nuke,16,REZ,4350,800,M4A4,M4A4,0,0,500,0,500,300
s2-r2-l3-m1-de_nuke,18,zorte,4450,800,AWP,AWP,0,0,400,0,400,400
s2-r2-l3-m1-de_nuke,20,zorte,9950,200,AWP,AWP,0,0,200,0,200,0
s2-r2-l3-m1-de_nuke,20,Magnojez,4950,900,MAC-10,AK-47,2700,0,0,0,2700,-1800
s2-r2-l3-m1-de_nuke,21,hypex,3450,1000,M4A1-S,M4A1-S,0,0,200,0,200,800
s2-r2-l3-m1-de_nuke,21,Snax,3550,1700,M4A1-S,M4A1-S,0,0,500,400,900,800
s2-r2-l4-m1-de_mirage,3,JBa,3700,700,MAC-10,MAC-10,0,0,300,0,300,400
s2-r2-l4-m1-de_mirage,3,npl,2450,1100,MP9,MP9,0,0,800,0,800,300
s2-r2-l4-m1-de_mirage,3,s1zzi,2550,0,SSG 08,SSG 08,0,0,0,0,0,0
s2-r2-l4-m1-de_mirage,3,Swisher,3900,1100,Galil AR,Galil AR,0,0,400,0,400,700
s2-r2-l4-m1-de_mirage,4,slaxz-,7050,800,AK-47,AK-47,0,0,0,0,0,800
s2-r2-l4-m1-de_mirage,5,s1zzi,3700,2200,AWP,AWP,0,350,700,400,1450,750
s2-r2-l4-m1-de_mirage,8,alex666,4450,300,M4A1-S,M4A1-S,0,0,0,400,400,-100
s2-r2-l4-m1-de_mirage,9,s1zzi,9350,700,AWP,AWP,0,0,200,0,200,500
s2-r2-l4-m1-de_mirage,11,esenthial,11550,800,AK-47,AK-47,0,0,0,0,0,800
s2-r2-l4-m1-de_mirage,12,s1n,4000,900,AK-47,AK-47,0,0,300,0,300,600
s2-r2-l4-m1-de_mirage,12,Swisher,3700,200,AK-47,AK-47,0,0,300,0,300,-100
s2-r2-l4-m1-de_mirage,15,slaxz-,3850,1300,M4A1-S,M4A1-S,0,0,1300,0,1300,0
s2-r2-l4-m1-de_mirage,15,Lake,3850,1300,M4A1-S,M4A1-S,0,0,700,0,700,600
s2-r2-l4-m1-de_mirage,18,s1n,3850,1100,M4A1-S,M4A1-S,0,0,300,0,300,800
s2-r2-l4-m1-de_mirage,19,slaxz-,5600,1300,M4A1-S,AWP,4750,0,0,0,4750,-3450
s2-r2-l4-m1-de_mirage,19,esenthial,350,300,AK-47,AK-47,0,0,500,0,500,-200
s2-r2-l4-m1-de_mirage,20,esenthial,3600,1200,AK-47,AK-47,0,0,700,0,700,500
s2-r2-l4-m1-de_mirage,21,slaxz-,3750,500,AWP,AWP,0,0,200,0,200,300
s2-r2-l4-m1-de_mirage,21,Lake,4250,1700,FAMAS,FAMAS,0,0,700,400,1100,600
s2-r2-l4-m1-de_mirage,22,slaxz-,7300,1300,AWP,AWP,0,0,800,400,1200,100
s2-r2-l4-m1-de_mirage,22,Lake,6900,950,FAMAS,M4A1-S,2900,350,400,0,3650,-2700
s2-r2-w1-m1-de_overpass,5,Moseyuh,5300,700,AK-47,AK-47,0,0,0,0,0,700
s2-r2-w1-m1-de_overpass,5,Mercury,3500,400,AK-47,AK-47,0,0,0,0,0,400
s2-r2-w1-m1-de_overpass,5,JamYoung,4500,300,AK-47,AK-47,0,0,0,0,0,300
s2-r2-w1-m1-de_overpass,7,Mercury,5700,400,AK-47,AK-47,0,0,0,0,0,400
s2-r2-w1-m1-de_overpass,7,Jee,6550,1100,AK-47,AK-47,0,0,400,0,400,700
s2-r2-w1-m1-de_overpass,8,Zero ,1600,700,AK-47,AK-47,0,0,800,0,800,-100
s2-r2-w1-m1-de_overpass,9,JamYoung,1250,400,AK-47,AK-47,0,0,0,0,0,400
s2-r2-w1-m1-de_overpass,9,Jee,100,0,AWP,AWP,0,0,0,0,0,0
s2-r2-w1-m1-de_overpass,10,JamYoung,850,800,AK-47,M4A1-S,2900,0,400,0,3300,-2500
s2-r2-w1-m1-de_overpass,10,Jee,400,300,AWP,AWP,0,0,0,0,0,300
s2-r2-w1-m1-de_overpass,18,dem0n,3850,1000,AK-47,AK-47,0,0,300,0,300,700
s2-r2-w1-m1-de_overpass,18,Krabeni,3800,1100,Galil AR,AK-47,2700,0,400,0,3100,-2000
s2-r2-w1-m1-de_overpass,20,Zero ,3650,1950,MP9,AK-47,2700,350,0,400,3450,-1500
s2-r2-w1-m1-de_overpass,20,Jee,3600,2050,AWP,AWP,0,350,800,400,1550,500
s2-r2-w1-m1-de_overpass,21,dem0n,1950,0,AK-47,,0,0,0,0,0,0
s2-r2-w1-m1-de_overpass,21,Jee,5050,500,AWP,AWP,0,0,0,0,0,500
s2-r2-w1-m1-de_overpass,22,Zero ,3500,500,M4A4,M4A4,0,0,200,0,200,300
s2-r2-w1-m1-de_overpass,22,Mercury,6200,500,M4A4,AK-47,2700,0,0,0,2700,-2200
s2-r2-w1-m1-de_overpass,22,JamYoung,7100,500,AK-47,AK-47,0,0,500,0,500,0
s2-r2-w1-m1-de_overpass,22,Jee,8150,500,AWP,AWP,0,0,500,0,500,0
s2-r2-w2-m1-de_nuke,5,max,1000,0,MAC-10,,0,0,200,0,200,-200
s2-r2-w2-m1-de_nuke,6,phzy,5000,800,AWP,AWP,0,0,0,0,0,800
s2-r2-w2-m1-de_nuke,8,dgt,4400,2000,AK-47,AK-47,0,350,1000,0,1350,650
s2-r2-w2-m1-de_nuke,9,Staehr,2000,1650,M4A4,M4A4,0,350,500,0,850,800
s2-r2-w2-m1-de_nuke,9,phzy,2100,1100,AWP,AWP,0,0,1100,0,1100,0
s2-r2-w2-m1-de_nuke,10,Staehr,2800,300,M4A4,M4A4,0,0,0,0,0,300
s2-r2-w2-m1-de_nuke,10,ryu,2700,200,AK-47,AK-47,0,0,0,0,0,200
s2-r2-w2-m1-de_nuke,10,max,8550,700,AK-47,AK-47,0,0,0,0,0,700
s2-r2-w2-m1-de_nuke,11,HUASOPEEK,7750,400,AK-47,AK-47,0,0,0,0,0,400
s2-r2-w2-m1-de_nuke,11,meyern,8050,800,AWP,AWP,0,0,0,0,0,800
s2-r2-w2-m1-de_nuke,15,dgt,3800,1300,M4A1-S,M4A1-S,0,0,1300,0,1300,0
s2-r2-w2-m1-de_nuke,16,luchov,4950,300,M4A4,M4A4,0,0,0,0,0,300
s2-r2-w2-m1-de_nuke,16,HUASOPEEK,4450,800,M4A4,M4A4,0,0,0,0,0,800
s2-r2-w2-m1-de_nuke,16,max,5500,500,MP7,MP7,0,0,500,0,500,0
s2-r2-w2-m1-de_nuke,16,meyern,4750,500,AWP,AWP,0,0,0,0,0,500
s2-r2-w2-m1-de_nuke,16,dgt,6300,0,M4A1-S,M4A1-S,0,0,0,0,0,0
s2-r2-w2-m1-de_nuke,18,luchov,7050,800,M4A4,M4A4,0,0,0,0,0,800
s2-r2-w2-m1-de_nuke,18,HUASOPEEK,10550,800,AK-47,AK-47,0,0,0,0,0,800
s2-r2-w3-m1-de_mirage,4,Rainwaker,3850,1200,AK-47,AK-47,0,0,700,0,700,500
s2-r2-w3-m1-de_mirage,5,huNter-,3550,1300,FAMAS,FAMAS,0,0,1000,0,1000,300
s2-r2-w3-m1-de_mirage,6,Rainwaker,3950,1200,AK-47,AK-47,0,0,500,0,500,700
s2-r2-w3-m1-de_mirage,6,AZUWU,3550,1250,Galil AR,Galil AR,0,350,900,0,1250,0
s2-r2-w3-m1-de_mirage,6,afro,3500,1100,AWP,AWP,0,0,1100,0,1100,0
s2-r2-w3-m1-de_mirage,6,Gizmy,4100,800,Galil AR,M4A1-S,2900,0,200,0,3100,-2300
s2-r2-w3-m1-de_mirage,7,NertZ,4400,500,AK-47,AK-47,0,0,300,0,300,200
s2-r2-w3-m1-de_mirage,7,huNter-,4100,1300,FAMAS,AK-47,2700,0,0,0,2700,-1400
s2-r2-w3-m1-de_mirage,9,MATYS,3600,1750,FAMAS,FAMAS,0,350,1000,400,1750,0
s2-r2-w3-m1-de_mirage,10,MATYS,5650,800,FAMAS,AK-47,2700,0,0,0,2700,-1900
s2-r2-w3-m1-de_mirage,10,SunPayus,3650,1300,AWP,AWP,0,0,1000,0,1000,300
s2-r2-w3-m1-de_mirage,11,NertZ,4750,500,M4A4,M4A4,0,0,0,0,0,500
s2-r2-w3-m1-de_mirage,11,HeavyGod,5550,1600,MP9,MP9,0,0,700,400,1100,500
s2-r2-w3-m1-de_mirage,11,huNter-,5200,300,M4A1-S,M4A1-S,0,0,0,0,0,300
s2-r2-w3-m1-de_mirage,11,MATYS,9250,800,AK-47,AK-47,0,0,0,0,0,800
s2-r2-w3-m1-de_mirage,11,SunPayus,5850,300,AWP,AWP,0,0,0,0,0,300
s2-r2-w3-m1-de_mirage,15,AZUWU,3550,1000,M4A4,M4A4,0,0,1000,0,1000,0
s2-r2-w3-m1-de_mirage,15,Bymas,3500,800,M4A1-S,M4A1-S,0,0,800,0,800,0
s2-r2-w3-m1-de_mirage,17,afro,2550,0,AWP,,0,0,0,0,0,0
s2-r2-w3-m1-de_mirage,18,NertZ,4150,600,AK-47,AK-47,0,0,0,0,0,600
s2-r2-w3-m1-de_mirage,18,HeavyGod,3700,1100,AK-47,AK-47,0,0,400,0,400,700
s2-r2-w3-m1-de_mirage,19,AZUWU,3500,1850,M4A4,M4A4,0,350,500,400,1250,600
s2-r2-w3-m1-de_mirage,20,HeavyGod,2000,0,AK-47,,0,0,0,0,0,0
s2-r2-w3-m1-de_mirage,23,NertZ,3500,1200,Galil AR,Galil AR,0,0,700,0,700,500
s2-r2-w3-m1-de_mirage,23,HeavyGod,3850,1100,AK-47,AK-47,0,0,800,0,800,300
s2-r2-w3-m1-de_mirage,23,huNter-,3900,1100,Galil AR,Galil AR,0,0,600,0,600,500
s2-r2-w3-m1-de_mirage,23,Rainwaker,1950,1750,M4A4,M4A4,0,350,1000,400,1750,0
s2-r2-w3-m1-de_mirage,23,afro,1900,1700,M4A1-S,M4A1-S,0,0,1000,400,1400,300
s2-r2-w3-m1-de_mirage,23,SunPayus,3500,800,AWP,AWP,0,0,400,0,400,400
s2-r2-w3-m1-de_mirage,23,Bymas,2050,1900,M4A1-S,M4A1-S,0,0,1300,400,1700,200
s2-r2-w4-m1-de_mirage,3,donk,4200,1700,M4A4,M4A4,0,0,700,400,1100,600
s2-r2-w4-m1-de_mirage,3,sh1ro,4150,1300,M4A1-S,M4A1-S,0,0,1000,0,1000,300
s2-r2-w4-m1-de_mirage,3,zont1x,3650,900,MP9,Galil AR,1800,0,200,400,2400,-1500
s2-r2-w4-m1-de_mirage,3,tN1R,3950,1300,M4A4,M4A4,0,0,800,0,800,500
s2-r2-w4-m1-de_mirage,3,magixx,3550,700,MP9,MP9,0,0,200,0,200,500
s2-r2-w4-m1-de_mirage,6,sh1ro,9850,1200,AWP,AWP,0,0,0,400,400,800
s2-r2-w4-m1-de_mirage,8,donk,13100,800,AK-47,AK-47,0,0,0,0,0,800
s2-r2-w4-m1-de_mirage,8,zont1x,12750,500,M4A1-S,AK-47,2700,0,0,0,2700,-2200
s2-r2-w4-m1-de_mirage,8,magixx,9000,800,AK-47,AK-47,0,0,0,0,0,800
s2-r2-w4-m1-de_mirage,9,sh1ro,10000,800,AWP,M4A4,2900,0,0,0,2900,-2100
s2-r2-w4-m1-de_mirage,11,zont1x,8950,600,M4A1-S,M4A1-S,0,0,0,0,0,600
s2-r2-w4-m1-de_mirage,12,zont1x,12150,0,M4A1-S,M4A1-S,0,0,0,0,0,0
s2-r2-w4-m1-de_mirage,12,tN1R,6050,800,M4A1-S,AK-47,2700,0,0,0,2700,-1900
s2-r3-a1-m1-de_mirage,4,sh1ro,3600,900,AK-47,AK-47,0,0,500,0,500,400
s2-r3-a1-m1-de_mirage,4,tN1R,3950,1200,AK-47,AK-47,0,0,1200,0,1200,0
s2-r3-a1-m1-de_mirage,5,max,2600,0,MP9,,0,0,0,0,0,0
s2-r3-a1-m1-de_mirage,6,zont1x,7250,600,M4A1-S,M4A1-S,0,0,0,0,0,600
s2-r3-a1-m1-de_mirage,6,donk,9250,0,AK-47,AK-47,0,0,0,0,0,0
s2-r3-a1-m1-de_mirage,8,meyern,2100,0,AWP,AWP,0,0,200,400,600,-600
s2-r3-a1-m1-de_mirage,9,dgt,2550,650,M4A1-S,M4A1-S,0,0,0,0,0,650
s2-r3-a1-m1-de_mirage,10,luchov,3250,1700,M4A1-S,AK-47,2700,0,1300,400,4400,-2700
s2-r3-a1-m1-de_mirage,15,zont1x,3600,1700,M4A1-S,M4A1-S,0,0,1000,400,1400,300
s2-r3-a1-m1-de_mirage,15,magixx,3750,1100,MP9,MP9,0,0,300,0,300,800
s2-r3-a1-m2-de_nuke,3,zont1x,4250,800,M4A1-S,M4A1-S,0,0,1200,0,1200,-400
s2-r3-a1-m2-de_nuke,3,sh1ro,3800,1300,M4A4,M4A4,0,0,800,0,800,500
s2-r3-a1-m2-de_nuke,3,magixx,3850,1300,MP9,MP9,0,0,500,0,500,800
s2-r3-a1-m2-de_nuke,4,sh1ro,6850,1300,M4A4,AWP,4750,0,0,0,4750,-3450
s2-r3-a1-m2-de_nuke,5,magixx,6050,600,M4A1-S,AK-47,2700,0,0,0,2700,-2100
s2-r3-a1-m2-de_nuke,9,sh1ro,9800,500,AWP,AWP,0,0,0,0,0,500
s2-r3-a1-m2-de_nuke,10,magixx,6250,800,M4A4,M4A4,0,0,0,400,400,400
s2-r3-a1-m2-de_nuke,11,zont1x,8000,500,M4A1-S,AK-47,2700,0,0,0,2700,-2200
s2-r3-a1-m2-de_nuke,11,sh1ro,8750,0,AWP,AWP,0,0,0,0,0,0
s2-r3-a2-m1-de_anubis,3,lauNX,3850,1700,M4A4,M4A4,0,0,1000,400,1400,300
s2-r3-a2-m1-de_anubis,3,dem0n,3800,1100,FAMAS,FAMAS,0,0,500,0,500,600
s2-r3-a2-m1-de_anubis,4,cmtry,1500,500,FAMAS,M4A4,2900,0,0,0,2900,-2400
s2-r3-a2-m1-de_anubis,4,NertZ,3850,900,AK-47,AK-47,0,0,500,0,500,400
s2-r3-a2-m1-de_anubis,6,Krabeni,1650,1300,M4A1-S,AK-47,2700,0,800,400,3900,-2600
s2-r3-a2-m1-de_anubis,6,dem0n,1550,1150,AK-47,AK-47,0,350,0,0,350,800
s2-r3-a2-m1-de_anubis,6,huNter-,3500,1200,Galil AR,Galil AR,0,0,700,0,700,500
s2-r3-a2-m1-de_anubis,7,lauNX,4450,2050,MP9,AK-47,2700,350,0,400,3450,-1400
s2-r3-a2-m1-de_anubis,9,lauNX,4750,1150,M4A4,M4A4,0,350,0,0,350,800
s2-r3-a2-m1-de_anubis,11,MATYS,4350,1000,AK-47,AK-47,0,0,600,0,600,400
s2-r3-a2-m1-de_anubis,12,cmtry,3500,1750,AWP,AWP,0,350,600,400,1350,400
s2-r3-a2-m1-de_anubis,16,huNter-,4600,1000,AK-47,AK-47,0,0,500,0,500,500
s2-r3-a2-m1-de_anubis,17,MATYS,4800,700,M4A4,M4A4,0,0,0,400,400,300
s2-r3-a2-m1-de_anubis,17,NertZ,5350,300,M4A4,M4A4,0,0,0,0,0,300
s2-r3-a2-m1-de_anubis,18,HeavyGod,6850,700,AK-47,AK-47,0,0,0,0,0,700
s2-r3-a2-m1-de_anubis,18,NertZ,8550,200,M4A4,AK-47,2700,0,500,0,3200,-3000
s2-r3-a2-m1-de_anubis,20,NertZ,8550,600,M4A4,M4A4,0,0,0,0,0,600
s2-r3-a2-m1-de_anubis,21,huNter-,6050,800,M4A1-S,M4A1-S,0,0,0,0,0,800
s2-r3-a2-m1-de_anubis,21,HeavyGod,3850,200,M4A1-S,M4A1-S,0,0,0,0,0,200
s2-r3-a2-m1-de_anubis,22,SunPayus,4400,1100,AWP,AWP,0,0,300,0,300,800
s2-r3-a2-m1-de_anubis,22,MATYS,6650,500,M4A1-S,M4A1-S,0,0,0,0,0,500
s2-r3-a2-m1-de_anubis,22,dziugss,6150,500,AK-47,AK-47,0,0,0,0,0,500
s2-r3-a2-m1-de_anubis,23,MATYS,9650,500,M4A1-S,M4A1-S,0,0,0,0,0,500
s2-r3-a2-m2-de_overpass,4,SunPayus,3050,0,Galil AR,,0,0,0,0,0,0
s2-r3-a2-m2-de_overpass,4,lauNX,4450,1700,M4A4,M4A4,0,0,1000,400,1400,300
s2-r3-a2-m2-de_overpass,5,dem0n,7400,1300,Galil AR,M4A4,2900,0,0,0,2900,-1600
s2-r3-a2-m2-de_overpass,6,SunPayus,100,0,AWP,AWP,0,0,0,0,0,0
s2-r3-a2-m2-de_overpass,6,cmtry,8250,1300,AWP,AWP,0,0,800,400,1200,100
s2-r3-a2-m2-de_overpass,7,SunPayus,3700,1200,AWP,AWP,0,0,1200,0,1200,0
s2-r3-a2-m2-de_overpass,7,dziugss,5750,500,M4A4,M4A4,0,0,0,0,0,500
s2-r3-a2-m2-de_overpass,10,NertZ,5250,300,AK-47,AK-47,0,0,0,0,0,300
s2-r3-a2-m2-de_overpass,10,dziugss,3100,800,M4A4,M4A4,0,0,200,0,200,600
s2-r3-a2-m2-de_overpass,10,Krabeni,3850,600,M4A4,M4A4,0,0,0,0,0,600
s2-r3-a2-m2-de_overpass,11,cmtry,5250,5250,SSG 08,AWP,4750,650,1000,400,6800,-1550
s2-r3-a2-m2-de_overpass,15,HeavyGod,3550,1000,M4A4,M4A4,0,0,1000,0,1000,0
s2-r3-a2-m2-de_overpass,15,NertZ,4600,1000,M4A4,M4A4,0,0,500,0,500,500
s2-r3-a2-m2-de_overpass,15,huNter-,4100,1300,MP9,MP9,0,0,1300,0,1300,0
s2-r3-a2-m2-de_overpass,15,SunPayus,3900,1200,M4A4,M4A4,0,0,900,0,900,300
s2-r3-a2-m2-de_overpass,16,huNter-,6500,1300,MP9,AK-47,2700,0,0,400,3100,-1800
s2-r3-a2-m2-de_overpass,17,HeavyGod,5550,700,M4A4,M4A4,0,0,0,0,0,700
s2-r3-a2-m2-de_overpass,17,huNter-,8800,300,AK-47,AK-47,0,0,0,0,0,300
s2-r3-a2-m2-de_overpass,17,SunPayus,8500,200,M4A4,M4A4,0,0,200,0,200,0
s2-r3-a2-m2-de_overpass,18,MATYS,6450,800,M4A4,M4A4,0,0,0,0,0,800
s2-r3-a2-m2-de_overpass,18,cmtry,5600,1100,AK-47,AK-47,0,350,0,0,350,750
s2-r3-a2-m2-de_overpass,19,SunPayus,6900,1150,AWP,AWP,0,350,300,400,1050,100
s2-r3-a2-m3-de_ancient,6,Krabeni,6400,1300,M4A4,M4A4,0,0,300,400,700,600
s2-r3-a2-m3-de_ancient,7,NertZ,0,0,AK-47,AK-47,0,0,0,0,0,0
s2-r3-a2-m3-de_ancient,8,lauNX,6550,800,M4A4,M4A4,0,0,0,0,0,800
s2-r3-a2-m3-de_ancient,8,Krabeni,8750,800,AK-47,AK-47,0,0,0,0,0,800
s2-r3-a2-m3-de_ancient,10,NertZ,3500,1200,AK-47,AK-47,0,0,500,0,500,700
s2-r3-a2-m3-de_ancient,11,dziugss,5650,1000,M4A4,M4A4,0,0,0,400,400,600
s2-r3-a2-m3-de_ancient,12,dziugss,8250,800,M4A4,AK-47,2700,0,0,0,2700,-1900
s2-r3-a2-m3-de_ancient,17,dziugss,3650,0,AK-47,AK-47,0,0,0,0,0,0
s2-r3-e1-m1-de_nuke,3,story,2850,0,SSG 08,SSG 08,0,0,0,0,0,0
s2-r3-e1-m1-de_nuke,3,piriajr,3600,1000,Galil AR,Galil AR,0,0,400,0,400,600
s2-r3-e1-m1-de_nuke,5,story,2150,800,AWP,AWP,0,0,0,0,0,800
s2-r3-e1-m1-de_nuke,5,INS,2750,600,M4A1-S,M4A1-S,0,0,0,0,0,600
s2-r3-e1-m1-de_nuke,5,piriajr,3500,1200,AK-47,AK-47,0,0,600,0,600,600
s2-r3-e1-m1-de_nuke,6,nettik,4250,800,AK-47,AK-47,0,0,0,0,0,800
s2-r3-e1-m1-de_nuke,7,story,3950,0,AWP,AWP,0,0,0,0,0,0
s2-r3-e1-m1-de_nuke,7,saffee,4200,1100,AK-47,AK-47,0,0,800,0,800,300
s2-r3-e1-m1-de_nuke,7,INS,1750,500,M4A4,M4A4,0,0,0,0,0,500
s2-r3-e1-m1-de_nuke,7,piriajr,3500,1000,AK-47,AK-47,0,0,1000,0,1000,0
s2-r3-e1-m2-de_anubis,3,snow,3650,700,MAC-10,MAC-10,0,0,0,0,0,700
s2-r3-e1-m2-de_anubis,3,biguzera,3550,1200,AK-47,AK-47,0,0,700,0,700,500
s2-r3-e1-m2-de_anubis,3,saffee,3550,1100,AK-47,AK-47,0,0,600,0,600,500
s2-r3-e1-m2-de_anubis,3,v$m,3700,1100,Galil AR,Galil AR,0,0,400,0,400,700
s2-r3-e1-m2-de_anubis,4,v$m,6100,700,Galil AR,Galil AR,0,0,0,0,0,700
s2-r3-e1-m2-de_anubis,5,piriajr,5250,0,AK-47,AK-47,0,0,0,0,0,0
s2-r3-e1-m2-de_anubis,6,piriajr,9100,600,AK-47,AK-47,0,0,200,0,200,400
s2-r3-e1-m2-de_anubis,7,snow,7700,700,AK-47,AK-47,0,0,0,0,0,700
s2-r3-e1-m2-de_anubis,7,story,3700,300,AWP,AWP,0,0,0,0,0,300
s2-r3-e1-m2-de_anubis,8,saffee,12350,500,AWP,AWP,0,0,0,0,0,500
s2-r3-e1-m2-de_anubis,9,INS,4800,800,M4A4,AK-47,2700,0,0,0,2700,-1900
s2-r3-e1-m2-de_anubis,9,jks,4850,500,M4A4,AK-47,2700,0,0,0,2700,-2200
s2-r3-e1-m2-de_anubis,16,INS,5250,800,MAC-10,MAC-10,0,0,0,0,0,800
s2-r3-e1-m2-de_anubis,16,story,3800,800,AK-47,AK-47,0,0,200,0,200,600
s2-r3-e1-m2-de_anubis,16,nettik,4700,400,Galil AR,Galil AR,0,0,0,0,0,400
s2-r3-e1-m2-de_anubis,17,saffee,3450,300,AWP,AWP,0,0,0,0,0,300
s2-r3-e1-m2-de_anubis,17,nettik,8400,900,Galil AR,M4A4,2900,0,0,0,2900,-2000
s2-r3-e1-m2-de_anubis,18,snow,5200,4200,MP9,AK-47,2700,350,1300,400,4750,-550
s2-r3-e1-m2-de_anubis,18,saffee,6750,1700,AWP,AWP,0,0,700,400,1100,600
s2-r3-e1-m2-de_anubis,19,snow,5400,600,AK-47,AK-47,0,0,400,0,400,200
s2-r3-e1-m2-de_anubis,20,saffee,7600,800,AWP,AWP,0,0,0,0,0,800
s2-r3-e1-m2-de_anubis,20,story,3950,1400,AWP,AWP,0,0,800,0,800,600
s2-r3-e1-m2-de_anubis,21,snow,4000,1200,AWP,AWP,0,0,0,400,400,800
s2-r3-e1-m2-de_anubis,22,biguzera,3000,800,AK-47,AK-47,0,0,0,0,0,800
s2-r3-e1-m2-de_anubis,22,INS,3900,1200,AK-47,AK-47,0,0,900,0,900,300
s2-r3-e1-m2-de_anubis,22,story,3850,1100,AK-47,AK-47,0,0,900,0,900,200
s2-r3-e1-m2-de_anubis,22,piriajr,4900,700,AK-47,AK-47,0,0,0,400,400,300
s2-r3-e1-m2-de_anubis,23,story,7150,1400,AK-47,AWP,4750,0,0,0,4750,-3350
s2-r3-e2-m1-de_inferno,4,hypex,4100,3700,MP9,M4A1-S,2900,0,800,400,4100,-400
s2-r3-e2-m1-de_inferno,8,hypex,4200,200,AWP,AWP,0,0,200,0,200,0
s2-r3-e2-m1-de_inferno,8,PR,5300,800,M4A1-S,M4A1-S,0,0,0,0,0,800
s2-r3-e2-m1-de_inferno,8,Tauson,3600,800,M4A1-S,M4A1-S,0,0,200,0,200,600
s2-r3-e2-m1-de_inferno,9,esenthial,3600,1200,AK-47,AK-47,0,0,500,0,500,700
s2-r3-e2-m1-de_inferno,9,kensizor,3900,1200,AK-47,AK-47,0,0,500,0,500,700
s2-r3-e2-m1-de_inferno,9,alex666,4100,1000,AK-47,M4A1-S,2900,0,500,0,3400,-2400
s2-r3-e2-m1-de_inferno,10,hypex,2450,0,AWP,AWP,0,0,0,0,0,0
s2-r3-e2-m1-de_inferno,11,esenthial,4550,0,AK-47,AK-47,0,0,0,0,0,0
s2-r3-e2-m1-de_inferno,12,hypex,3550,2750,M4A1-S,AWP,4750,350,200,400,5700,-2950
s2-r3-e2-m1-de_inferno,12,PR,3550,950,M4A1-S,M4A1-S,0,350,0,400,750,200
s2-r3-e2-m1-de_inferno,12,Tauson,3850,300,M4A4,AK-47,2700,0,300,0,3000,-2700
s2-r3-e2-m1-de_inferno,15,hypex,2200,0,MAC-10,,0,0,0,0,0,0
s2-r3-e2-m1-de_inferno,16,esenthial,3550,1300,MP9,M4A4,2900,0,0,0,2900,-1600
s2-r3-e2-m1-de_inferno,16,alex666,3650,1300,FAMAS,FAMAS,0,0,500,0,500,800
s2-r3-e2-m1-de_inferno,17,kensizor,5550,0,M4A4,M4A4,0,0,0,0,0,0
s2-r3-e2-m1-de_inferno,17,alex666,6450,1000,FAMAS,M4A4,2900,0,0,0,2900,-1900
s2-r3-e2-m1-de_inferno,17,npl,7500,300,M4A1-S,M4A1-S,0,0,0,0,0,300
s2-r3-e2-m1-de_inferno,17,s1zzi,4700,0,MP9,MP9,0,0,0,0,0,0
s2-r3-e2-m1-de_inferno,20,PR,4100,1200,AK-47,AK-47,0,0,900,0,900,300
s2-r3-e2-m1-de_inferno,20,Tauson,3900,900,Galil AR,M4A4,2900,0,400,0,3300,-2400
s2-r3-e2-m1-de_inferno,21,alex666,2050,0,MP9,,0,0,0,0,0,0
s2-r3-e2-m1-de_inferno,24,kensizor,4550,0,AK-47,AK-47,0,0,0,0,0,0
s2-r3-e2-m1-de_inferno,24,npl,5250,800,M4A1-S,M4A4,2900,0,0,0,2900,-2100
s2-r3-e2-m1-de_inferno,24,s1zzi,4600,1500,M4A4,AWP,4750,0,0,0,4750,-3250
s2-r3-e2-m2-de_mirage,3,Tauson,3600,1700,M4A1-S,M4A1-S,0,0,700,400,1100,600
s2-r3-e2-m2-de_mirage,3,hypex,3550,1300,M4A1-S,M4A1-S,0,0,1000,0,1000,300
s2-r3-e2-m2-de_mirage,3,PR,5050,1300,M4A1-S,M4A1-S,0,0,1000,0,1000,300
s2-r3-e2-m2-de_mirage,3,REZ,3550,1300,FAMAS,FAMAS,0,0,1000,0,1000,300
s2-r3-e2-m2-de_mirage,3,Snax,3600,2000,M4A1-S,M4A1-S,0,350,1000,0,1350,650
s2-r3-e2-m2-de_mirage,4,esenthial,3300,900,AK-47,AK-47,0,0,900,0,900,0
s2-r3-e2-m2-de_mirage,4,s1zzi,3650,700,AK-47,AK-47,0,0,600,0,600,100
s2-r3-e2-m2-de_mirage,4,npl,4300,600,Galil AR,AK-47,2700,0,300,0,3000,-2400
s2-r3-e2-m2-de_mirage,5,PR,5700,2100,M4A1-S,AK-47,2700,350,1300,0,4350,-2250
s2-r3-e2-m2-de_mirage,8,Snax,3500,500,M4A1-S,AK-47,2700,0,0,400,3100,-2600
s2-r3-e2-m2-de_mirage,9,hypex,5950,400,AWP,AWP,0,0,0,400,400,0
s2-r3-e2-m2-de_mirage,9,REZ,5300,300,M4A1-S,M4A1-S,0,0,0,0,0,300
s2-r3-e2-m2-de_mirage,9,Snax,6800,300,AK-47,AK-47,0,0,0,0,0,300
s2-r3-e2-m2-de_mirage,15,alex666,3750,1300,FAMAS,M4A4,2900,0,0,0,2900,-1600
s2-r3-e2-m2-de_mirage,16,s1zzi,4550,800,AWP,AWP,0,0,0,0,0,800
s2-r3-e2-m2-de_mirage,16,Snax,900,300,AK-47,AK-47,0,0,500,0,500,-200
s2-r3-e2-m2-de_mirage,19,Tauson,4400,700,AK-47,AK-47,0,0,0,0,0,700
s2-r3-e2-m2-de_mirage,19,hypex,3800,700,AWP,AWP,0,0,400,0,400,300
s2-r3-e2-m2-de_mirage,19,PR,5450,500,AK-47,AK-47,0,0,0,0,0,500
s2-r3-e2-m2-de_mirage,20,alex666,3500,2050,M4A1-S,M4A1-S,0,350,1000,400,1750,300
s2-r3-e2-m3-de_nuke,3,s1zzi,3600,2050,SSG 08,Galil AR,1800,350,1300,400,3850,-1800
s2-r3-e2-m3-de_nuke,5,esenthial,2100,0,FAMAS,,0,0,0,0,0,0
s2-r3-e2-m3-de_nuke,8,hypex,7550,900,AK-47,AK-47,0,0,600,0,600,300
s2-r3-e2-m3-de_nuke,9,npl,3700,300,M4A1-S,M4A1-S,0,0,0,0,0,300
s2-r3-e2-m3-de_nuke,12,Tauson,6750,700,AK-47,AK-47,0,0,0,0,0,700
s2-r3-e2-m3-de_nuke,15,hypex,3400,0,SSG 08,,0,0,0,0,0,0
s2-r3-e2-m3-de_nuke,17,kensizor,650,600,AK-47,AK-47,0,0,0,0,0,600
s2-r3-e2-m3-de_nuke,18,PR,3600,600,M4A1-S,M4A1-S,0,0,0,0,0,600
s2-r3-e2-m3-de_nuke,19,s1zzi,3800,1100,AK-47,AK-47,0,0,800,0,800,300
s2-r3-e2-m3-de_nuke,19,Snax,5400,2500,M4A1-S,AK-47,2700,1000,1300,400,5400,-2900
s2-r3-e2-m3-de_nuke,21,alex666,5350,300,AK-47,AK-47,0,0,0,0,0,300
s2-r3-e2-m3-de_nuke,23,Snax,3800,2200,M4A1-S,AK-47,2700,1000,900,400,5000,-2800
s2-r3-e2-m3-de_nuke,24,esenthial,4700,700,AK-47,AK-47,0,0,0,0,0,700
s2-r3-m1-m1-de_ancient,4,arT,4800,1200,MAC-10,MAC-10,0,0,400,0,400,800
s2-r3-m1-m1-de_ancient,7,saadzin,6750,800,AWP,AWP,0,0,200,0,200,600
s2-r3-m1-m1-de_ancient,7,afro,3100,0,M4A4,,0,0,0,0,0,0
s2-r3-m1-m1-de_ancient,8,n1ssim,7150,900,AK-47,AK-47,0,0,300,0,300,600
s2-r3-m1-m1-de_ancient,9,Rainwaker,3900,1000,M4A4,M4A4,0,0,800,0,800,200
s2-r3-m1-m1-de_ancient,15,n1ssim,3550,1500,M4A1-S,M4A1-S,0,0,1200,0,1200,300
s2-r3-m1-m1-de_ancient,17,latto,2100,0,M4A4,M4A4,0,0,0,0,0,0
s2-r3-m1-m1-de_ancient,18,afro,4000,1100,AK-47,AK-47,0,0,400,0,400,700
s2-r3-m1-m1-de_ancient,19,Bymas,4900,700,AK-47,AK-47,0,0,0,0,0,700
s2-r3-m1-m1-de_ancient,23,Bymas,5450,300,AK-47,AK-47,0,0,0,0,0,300
s2-r3-m1-m1-de_ancient,23,afro,3700,700,AWP,AWP,0,0,0,0,0,700
s2-r3-m1-m1-de_ancient,23,Rainwaker,6750,800,AK-47,AK-47,0,0,300,0,300,500
s2-r3-m2-m1-de_nuke,3,Zero ,3850,600,Galil AR,Galil AR,0,0,300,0,300,300
s2-r3-m2-m1-de_nuke,3,JamYoung,4250,700,AK-47,AK-47,0,0,300,0,300,400
s2-r3-m2-m1-de_nuke,4,Zero ,7350,700,Galil AR,M4A1-S,2900,0,0,0,2900,-2200
s2-r3-m2-m1-de_nuke,4,Staehr,3650,300,M4A4,AK-47,2700,0,500,0,3200,-2900
s2-r3-m2-m1-de_nuke,6,Mercury,2550,0,AK-47,,0,0,0,0,0,0
s2-r3-m2-m1-de_nuke,6,Staehr,5200,1100,AK-47,AK-47,0,0,0,400,400,700
s2-r3-m2-m1-de_nuke,7,phzy,9200,800,AWP,AWP,0,0,0,0,0,800
s2-r3-m2-m1-de_nuke,7,ryu,6100,800,AK-47,AK-47,0,0,0,0,0,800
s2-r3-m2-m1-de_nuke,7,HooXi,6050,800,M4A4,M4A4,0,0,0,0,0,800
s2-r3-m2-m1-de_nuke,7,jabbi,4750,800,M4A4,M4A4,0,0,0,0,0,800
s2-r3-m2-m1-de_nuke,7,Staehr,8500,500,AK-47,AK-47,0,0,0,0,0,500
s2-r3-m2-m1-de_nuke,8,Zero ,4550,700,AK-47,AK-47,0,0,0,0,0,700
s2-r3-m2-m1-de_nuke,8,JamYoung,3550,1200,AK-47,AK-47,0,0,700,0,700,500
s2-r3-m2-m1-de_nuke,9,Jee,7200,200,AK-47,AK-47,0,0,0,0,0,200
s2-r3-m2-m1-de_nuke,15,Jee,3850,2000,SSG 08,AK-47,2700,1000,700,0,4400,-2400
s2-r3-m2-m1-de_nuke,16,Jee,5950,800,AK-47,AK-47,0,0,0,0,0,800
s2-r3-m2-m1-de_nuke,17,Zero ,3650,900,M4A4,M4A4,0,0,0,400,400,500
s2-r3-m2-m1-de_nuke,18,Mercury,9450,600,AK-47,AK-47,0,0,0,0,0,600
s2-r3-m2-m1-de_nuke,18,Jee,8000,1000,AWP,AWP,0,0,0,400,400,600
s2-r3-m2-m1-de_nuke,19,Moseyuh,8500,800,AK-47,AK-47,0,0,0,0,0,800
s2-r3-m2-m1-de_nuke,19,Jee,10900,800,AWP,AWP,0,0,0,0,0,800
s2-r3-m3-m1-de_inferno,3,JDC,3250,900,Galil AR,Galil AR,0,0,500,0,500,400
s2-r3-m3-m1-de_inferno,4,JDC,5600,700,Galil AR,AK-47,2700,0,0,0,2700,-2000
s2-r3-m3-m1-de_inferno,4,tabseN,4000,700,AK-47,AK-47,0,0,0,0,0,700
s2-r3-m3-m1-de_inferno,4,gr1ks,3900,500,AK-47,Galil AR,1800,0,0,0,1800,-1300
s2-r3-m3-m1-de_inferno,7,gr1ks,7500,800,AWP,AWP,0,0,0,0,0,800
s2-r3-m3-m1-de_inferno,9,kl1m,3550,1150,M4A1-S,M4A1-S,0,350,200,0,550,600
s2-r3-m3-m1-de_inferno,10,brnz4n,4450,1100,AK-47,M4A1-S,2900,0,800,400,4100,-3000
s2-r3-m3-m1-de_inferno,10,kl1m,5850,1300,M4A1-S,AWP,4750,0,300,0,5050,-3750
s2-r3-m3-m1-de_inferno,10,blameF,200,0,AK-47,AK-47,0,0,0,0,0,0
s2-r3-m3-m1-de_inferno,11,venomzera,5050,1100,AK-47,AK-47,0,0,300,0,300,800
s2-r3-m3-m1-de_inferno,11,insani,6000,800,M4A4,AK-47,2700,0,0,0,2700,-1900
s2-r3-m3-m1-de_inferno,15,JDC,3600,1400,M4A1-S,M4A1-S,0,0,1000,400,1400,0
s2-r3-m3-m1-de_inferno,15,tabseN,3650,1000,MP9,MP9,0,0,200,0,200,800
s2-r3-m3-m1-de_inferno,15,gr1ks,3550,1300,FAMAS,M4A1-S,2900,0,1000,0,3900,-2600
s2-r3-m3-m1-de_inferno,16,gr1ks,6300,500,M4A1-S,AK-47,2700,0,200,0,2900,-2400
s2-r3-m3-m1-de_inferno,16,insani,50,0,AK-47,AK-47,0,0,0,0,0,0
s2-r3-m3-m1-de_inferno,17,faveN,7350,800,AK-47,AK-47,0,0,200,0,200,600
s2-r3-m3-m1-de_inferno,17,gr1ks,9600,300,AK-47,AK-47,0,0,300,0,300,0
s2-r3-m3-m1-de_inferno,21,gr1ks,4050,700,AWP,AWP,0,0,1000,0,1000,-300
s2-r3-m4-m1-de_dust2,3,zorte,3650,600,AWP,AWP,0,0,300,0,300,300
s2-r3-m4-m1-de_dust2,3,FL4MUS,4700,1300,M4A4,M4A4,0,0,1000,0,1000,300
s2-r3-m4-m1-de_dust2,3,d1Ledez,3550,1850,M4A4,M4A4,0,350,1000,400,1750,100
s2-r3-m4-m1-de_dust2,4,zorte,6650,300,AWP,AWP,0,0,500,0,500,-200
s2-r3-m4-m1-de_dust2,4,Boombl4,4700,800,FAMAS,M4A4,2900,0,0,0,2900,-2100
s2-r3-m4-m1-de_dust2,5,zorte,9750,300,AWP,AWP,0,0,0,0,0,300
s2-r3-m4-m1-de_dust2,5,FL4MUS,9550,1650,MP9,AK-47,2700,350,300,0,3350,-1700
s2-r3-m4-m1-de_dust2,5,JBa,50,0,AK-47,AK-47,0,0,200,0,200,-200
s2-r3-m4-m1-de_dust2,5,slaxz-,500,400,AK-47,AK-47,0,0,0,0,0,400
s2-r3-m4-m1-de_dust2,5,d1Ledez,7500,500,M4A4,M4A4,0,0,0,0,0,500
s2-r3-m4-m1-de_dust2,6,slaxz-,700,300,AK-47,AK-47,0,0,0,0,0,300
s2-r3-m4-m1-de_dust2,8,zorte,14800,300,AWP,AWP,0,0,300,0,300,0
s2-r3-m4-m1-de_dust2,8,d1Ledez,11050,800,M4A4,M4A4,0,0,0,0,0,800
s2-r3-m4-m1-de_dust2,15,zorte,3550,800,SSG 08,SSG 08,0,0,600,0,600,200
s2-r3-m4-m1-de_dust2,15,Boombl4,3950,700,Galil AR,Galil AR,0,0,300,0,300,400
s2-r3-m4-m1-de_dust2,15,FL4MUS,4450,900,AK-47,AK-47,0,0,300,0,300,600
s2-r4-a1-m1-de_nuke,4,Gizmy,4450,800,MP9,MP9,0,0,0,0,0,800
s2-r4-a1-m1-de_nuke,4,afro,3900,1000,M4A1-S,M4A1-S,0,0,0,400,400,600
s2-r4-a1-m1-de_nuke,4,Bymas,4350,800,Galil AR,Galil AR,0,0,0,0,0,800
s2-r4-a1-m1-de_nuke,4,Rainwaker,5550,800,MP9,MP9,0,0,0,0,0,800
s2-r4-a1-m1-de_nuke,4,AZUWU,3600,1300,M4A4,M4A4,0,0,500,0,500,800
s2-r4-a1-m1-de_nuke,5,afro,6400,500,M4A1-S,M4A1-S,0,0,0,0,0,500
s2-r4-a1-m1-de_nuke,5,Bymas,7050,500,Galil AR,Galil AR,0,0,0,0,0,500
s2-r4-a1-m1-de_nuke,5,Rainwaker,8550,1200,MP9,MP9,0,0,0,400,400,800
s2-r4-a1-m1-de_nuke,5,AZUWU,6700,800,M4A4,M4A4,0,0,0,0,0,800
s2-r4-a1-m1-de_nuke,6,Gizmy,6050,500,M4A4,M4A4,0,0,0,0,0,500
s2-r4-a1-m1-de_nuke,6,Bymas,10050,800,Galil AR,AK-47,2700,0,0,0,2700,-1900
s2-r4-a1-m1-de_nuke,6,Rainwaker,12050,800,MP9,AK-47,2700,0,0,0,2700,-1900
s2-r4-a1-m1-de_nuke,10,d1Ledez,3650,500,AK-47,AK-47,0,0,0,0,0,500
s2-r4-a1-m1-de_nuke,10,Boombl4,3700,900,AK-47,AK-47,0,0,300,0,300,600
s2-r4-a1-m1-de_nuke,10,zorte,5200,300,AWP,AWP,0,0,0,0,0,300
s2-r4-a1-m1-de_nuke,10,FL4MUS,4150,700,AK-47,AK-47,0,0,0,0,0,700
s2-r4-a1-m1-de_nuke,10,Magnojez,4200,600,AK-47,AK-47,0,0,600,0,600,0
s2-r4-a1-m1-de_nuke,12,d1Ledez,9700,400,AK-47,AK-47,0,0,0,0,0,400
s2-r4-a1-m1-de_nuke,15,d1Ledez,3600,1400,M4A4,M4A4,0,0,700,400,1100,300
s2-r4-a1-m1-de_nuke,15,zorte,3900,800,M4A4,M4A4,0,0,500,0,500,300
s2-r4-a1-m1-de_nuke,15,FL4MUS,3550,1300,M4A4,M4A4,0,0,700,0,700,600
s2-r4-a1-m1-de_nuke,15,Magnojez,4800,1300,M4A1-S,M4A1-S,0,0,1000,0,1000,300
s2-r4-a1-m1-de_nuke,16,d1Ledez,6000,300,M4A4,M4A4,0,0,0,0,0,300
s2-r4-a1-m1-de_nuke,16,zorte,6900,1000,M4A4,M4A4,0,0,500,0,500,500
s2-r4-a1-m1-de_nuke,16,Magnojez,7000,500,M4A1-S,MP9,1250,0,0,0,1250,-750
s2-r4-a1-m1-de_nuke,17,zorte,9700,500,M4A4,M4A4,0,0,300,0,300,200
s2-r4-a1-m1-de_nuke,17,FL4MUS,9950,700,M4A4,AK-47,2700,0,0,400,3100,-2400
s2-r4-a1-m1-de_nuke,18,d1Ledez,11600,800,AK-47,AK-47,0,0,0,0,0,800
s2-r4-a1-m1-de_nuke,18,Boombl4,6750,800,M4A4,M4A4,0,0,0,0,0,800
s2-r4-a1-m1-de_nuke,18,Magnojez,8900,700,M4A4,M4A4,0,0,500,0,500,200
s2-r4-a1-m1-de_nuke,19,afro,0,0,AWP,AWP,0,0,400,0,400,-400
s2-r4-a1-m1-de_nuke,19,AZUWU,100,0,AK-47,AK-47,0,0,0,0,0,0
s2-r4-a1-m1-de_nuke,20,afro,3350,1450,AWP,AWP,0,350,700,0,1050,400
s2-r4-a1-m2-de_mirage,4,Rainwaker,3750,500,AK-47,AK-47,0,0,500,0,500,0
s2-r4-a1-m2-de_mirage,4,Bymas,5450,300,AK-47,AK-47,0,0,300,0,300,0
s2-r4-a1-m2-de_mirage,4,afro,4750,600,AK-47,AK-47,0,0,0,0,0,600
s2-r4-a1-m2-de_mirage,5,Bymas,8650,700,AK-47,AK-47,0,0,300,0,300,400
s2-r4-a1-m2-de_mirage,5,afro,7950,1600,AK-47,AWP,4750,0,0,0,4750,-3150
s2-r4-a1-m2-de_mirage,6,Rainwaker,9700,600,AK-47,AK-47,0,0,300,0,300,300
s2-r4-a1-m2-de_mirage,6,Gizmy,7850,700,AK-47,AK-47,0,0,0,0,0,700
s2-r4-a1-m2-de_mirage,6,afro,9600,400,AWP,AWP,0,0,0,0,0,400
s2-r4-a1-m2-de_mirage,9,zorte,3600,1300,AWP,AWP,0,0,500,0,500,800
s2-r4-a1-m2-de_mirage,10,FL4MUS,2900,1000,M4A4,M4A4,0,0,500,0,500,500
s2-r4-a1-m2-de_mirage,10,Magnojez,3150,850,AWP,AWP,0,350,0,0,350,500
s2-r4-a1-m2-de_mirage,10,Bymas,6650,500,AK-47,AK-47,0,0,300,0,300,200
s2-r4-a1-m2-de_mirage,11,FL4MUS,5700,1550,M4A4,M4A4,0,350,0,400,750,800
s2-r4-a1-m2-de_mirage,15,FL4MUS,3550,500,Galil AR,Galil AR,0,0,500,0,500,0
s2-r4-a1-m2-de_mirage,15,Magnojez,3850,600,Galil AR,Galil AR,0,0,300,0,300,300
s2-r4-a1-m2-de_mirage,15,zorte,3300,700,AK-47,AK-47,0,0,400,0,400,300
s2-r4-a1-m2-de_mirage,16,FL4MUS,6300,300,Galil AR,Galil AR,0,0,0,0,0,300
s2-r4-a1-m2-de_mirage,16,Boombl4,4600,600,AK-47,AK-47,0,0,0,0,0,600
s2-r4-a1-m2-de_mirage,16,d1Ledez,4600,0,AK-47,AK-47,0,0,0,0,0,0
s2-r4-a1-m2-de_mirage,17,Bymas,3550,1300,M4A1-S,M4A1-S,0,0,500,0,500,800
s2-r4-a1-m2-de_mirage,18,Rainwaker,5000,300,M4A4,AK-47,2700,0,400,0,3100,-2800
s2-r4-a1-m2-de_mirage,18,Magnojez,1300,600,AK-47,AK-47,0,0,0,0,0,600
s2-r4-a1-m2-de_mirage,18,afro,5350,650,AWP,AWP,0,350,0,0,350,300
s2-r4-a1-m2-de_mirage,19,Rainwaker,8800,1000,AK-47,AK-47,0,0,500,0,500,500
s2-r4-a1-m2-de_mirage,19,afro,8200,800,AWP,AWP,0,0,0,0,0,800
s2-r4-a1-m3-de_dust2,4,FL4MUS,3650,600,AK-47,AK-47,0,0,0,0,0,600
s2-r4-a1-m3-de_dust2,5,Rainwaker,4800,800,M4A4,AK-47,2700,0,300,0,3000,-2200
s2-r4-a1-m3-de_dust2,5,afro,3800,2250,AWP,AWP,0,350,900,400,1650,600
s2-r4-a1-m3-de_dust2,7,FL4MUS,5350,700,AK-47,AK-47,0,0,0,0,0,700
s2-r4-a1-m3-de_dust2,7,afro,2900,0,AWP,,0,0,0,0,0,0
s2-r4-a1-m3-de_dust2,7,zorte,5800,50,AWP,AWP,0,0,50,0,50,0
s2-r4-a1-m3-de_dust2,7,Boombl4,3950,700,AK-47,AK-47,0,0,0,0,0,700
s2-r4-a1-m3-de_dust2,9,Rainwaker,6150,800,AK-47,AK-47,0,0,500,0,500,300
s2-r4-a1-m3-de_dust2,11,afro,4250,600,AWP,AWP,0,0,0,0,0,600
s2-r4-a1-m3-de_dust2,15,Rainwaker,3500,1200,Galil AR,Galil AR,0,0,900,0,900,300
s2-r4-a1-m3-de_dust2,15,zorte,2500,0,SSG 08,SSG 08,0,0,0,0,0,0
s2-r4-a1-m3-de_dust2,15,Boombl4,2450,500,MP9,MP9,0,0,500,0,500,0
s2-r4-a1-m3-de_dust2,17,Gizmy,1450,1350,Galil AR,AK-47,2700,0,0,0,2700,-1350
s2-r4-a1-m3-de_dust2,18,zorte,5900,1100,AWP,AWP,0,0,500,400,900,200
s2-r4-a1-m3-de_dust2,19,Magnojez,5950,300,AK-47,AK-47,0,0,0,400,400,-100
s2-r4-a1-m3-de_dust2,19,FL4MUS,6400,700,M4A4,M4A4,0,0,0,0,0,700
s2-r4-a1-m3-de_dust2,19,Boombl4,3500,0,M4A4,,0,0,0,0,0,0
s2-r4-a1-m3-de_dust2,21,d1Ledez,5500,600,M4A4,AK-47,2700,0,400,0,3100,-2500
s2-r4-a1-m3-de_dust2,21,zorte,8200,500,AWP,AWP,0,0,0,0,0,500
s2-r4-a2-m1-de_overpass,3,dgt,3950,1200,AK-47,AK-47,0,0,800,0,800,400
s2-r4-a2-m1-de_overpass,3,HUASOPEEK,3650,1000,AK-47,AK-47,0,0,400,0,400,600
s2-r4-a2-m1-de_overpass,3,Jee,2550,0,SSG 08,SSG 08,0,0,0,0,0,0
s2-r4-a2-m1-de_overpass,3,max,3550,900,MAC-10,MAC-10,0,0,300,0,300,600
s2-r4-a2-m1-de_overpass,3,luchov,3650,1000,MAC-10,MAC-10,0,0,400,0,400,600
s2-r4-a2-m1-de_overpass,3,meyern,4200,400,Galil AR,Galil AR,0,0,600,0,600,-200
s2-r4-a2-m1-de_overpass,3,Moseyuh,2450,300,MP9,MP9,0,0,300,0,300,0
s2-r4-a2-m1-de_overpass,3,Mercury,2550,200,FAMAS,FAMAS,0,0,0,0,0,200
s2-r4-a2-m1-de_overpass,4,HUASOPEEK,6150,700,AK-47,AK-47,0,0,0,0,0,700
s2-r4-a2-m1-de_overpass,4,max,6450,600,MAC-10,MAC-10,0,0,0,0,0,600
s2-r4-a2-m1-de_overpass,4,luchov,7950,1200,MAC-10,AK-47,2700,0,0,0,2700,-1500
s2-r4-a2-m1-de_overpass,4,meyern,7300,300,Galil AR,Galil AR,0,0,0,0,0,300
s2-r4-a2-m1-de_overpass,6,max,7750,600,AK-47,AK-47,0,0,200,0,200,400
s2-r4-a2-m1-de_overpass,7,HUASOPEEK,11400,800,AK-47,AK-47,0,0,0,0,0,800
s2-r4-a2-m1-de_overpass,7,luchov,11900,500,AK-47,AK-47,0,0,0,0,0,500
s2-r4-a2-m1-de_overpass,8,dgt,8050,700,AK-47,AK-47,0,0,0,0,0,700
s2-r4-a2-m1-de_overpass,8,meyern,8950,200,AWP,AWP,0,0,0,0,0,200
s2-r4-a2-m1-de_overpass,9,Jee,3500,500,AWP,AWP,0,0,500,0,500,0
s2-r4-a2-m1-de_overpass,10,Jee,6450,1350,AWP,AWP,0,350,0,400,750,600
s2-r4-a2-m1-de_overpass,10,meyern,3400,500,AWP,AWP,0,0,0,0,0,500
s2-r4-a2-m1-de_overpass,12,HUASOPEEK,550,500,AK-47,AK-47,0,0,0,0,0,500
s2-r4-a2-m1-de_overpass,15,dgt,3850,1000,M4A1-S,M4A1-S,0,0,200,0,200,800
s2-r4-a2-m1-de_overpass,15,HUASOPEEK,3600,1700,MP9,MP9,0,0,700,400,1100,600
s2-r4-a2-m1-de_overpass,15,max,3650,1000,M4A1-S,M4A1-S,0,0,800,0,800,200
s2-r4-a2-m1-de_overpass,15,meyern,4450,1400,M4A1-S,M4A1-S,0,0,500,400,900,500
s2-r4-a2-m1-de_overpass,18,meyern,4100,850,AWP,AWP,0,350,0,0,350,500
s2-r4-a2-m1-de_overpass,19,HUASOPEEK,2600,0,AK-47,,0,0,0,0,0,0
s2-r4-a2-m1-de_overpass,19,Zero ,3300,700,AK-47,AK-47,0,0,0,0,0,700
s2-r4-a2-m1-de_overpass,20,Zero ,6100,500,AK-47,AK-47,0,0,500,0,500,0
s2-r4-a2-m1-de_overpass,20,Mercury,5600,600,AK-47,AK-47,0,0,600,0,600,0
s2-r4-a2-m1-de_overpass,20,JamYoung,4750,900,AK-47,AK-47,0,0,600,0,600,300
s2-r4-a2-m1-de_overpass,21,meyern,2850,0,AWP,,0,0,0,0,0,0
s2-r4-a2-m1-de_overpass,23,max,3900,300,M4A4,AK-47,2700,0,0,0,2700,-2400
s2-r4-a2-m2-de_inferno,3,HUASOPEEK,4050,2400,MP9,Galil AR,1800,350,700,400,3250,-850
s2-r4-a2-m2-de_inferno,3,Mercury,100,0,Galil AR,,0,0,0,0,0,0
s2-r4-a2-m2-de_inferno,4,dgt,5400,800,Galil AR,Galil AR,0,0,300,0,300,500
s2-r4-a2-m2-de_inferno,5,dgt,8400,300,Galil AR,Galil AR,0,0,0,0,0,300
s2-r4-a2-m2-de_inferno,5,meyern,3700,500,AWP,AWP,0,0,0,0,0,500
s2-r4-a2-m2-de_inferno,5,luchov,4950,300,M4A4,M4A4,0,0,0,0,0,300
s2-r4-a2-m2-de_inferno,5,max,5600,300,Galil AR,Galil AR,0,0,0,0,0,300
s2-r4-a2-m2-de_inferno,7,dgt,9850,600,M4A1-S,M4A1-S,0,0,0,0,0,600
s2-r4-a2-m2-de_inferno,7,meyern,9350,600,AWP,AWP,0,0,300,0,300,300
s2-r4-a2-m2-de_inferno,7,HUASOPEEK,5100,800,M4A4,AK-47,2700,0,0,0,2700,-1900
s2-r4-a2-m2-de_inferno,7,max,7550,500,M4A4,M4A4,0,0,0,0,0,500
s2-r4-a2-m2-de_inferno,9,Moseyuh,4900,500,AK-47,AK-47,0,0,0,0,0,500
s2-r4-a2-m2-de_inferno,10,meyern,6850,1150,AWP,AWP,0,350,800,0,1150,0
s2-r4-a2-m2-de_inferno,11,dgt,5850,850,M4A1-S,AK-47,2700,350,0,0,3050,-2200
s2-r4-a2-m2-de_inferno,11,max,5150,800,M4A4,M4A4,0,0,0,0,0,800
s2-r4-a2-m2-de_inferno,11,Mercury,0,0,AK-47,AK-47,0,0,0,0,0,0
s2-r4-a2-m2-de_inferno,15,dgt,3500,800,AK-47,AK-47,0,0,400,0,400,400
s2-r4-a2-m2-de_inferno,15,meyern,3800,600,Galil AR,Galil AR,0,0,0,0,0,600
s2-r4-a2-m2-de_inferno,15,luchov,4700,1200,MAC-10,Galil AR,1800,0,200,0,2000,-800
s2-r4-a2-m2-de_inferno,17,Zero ,3700,1300,M4A4,AK-47,2700,350,500,0,3550,-2250
s2-r4-a2-m2-de_inferno,17,luchov,3100,0,AK-47,,0,0,0,0,0,0
s2-r4-a2-m2-de_inferno,18,Zero ,5900,300,AK-47,AK-47,0,0,0,0,0,300
s2-r4-a2-m2-de_inferno,18,Mercury,4700,500,M4A4,M4A4,0,0,0,0,0,500
s2-r4-a3-m1-de_inferno,3,HeavyGod,3850,600,FAMAS,FAMAS,0,0,0,0,0,600
s2-r4-a3-m1-de_inferno,3,SunPayus,4500,1300,M4A4,M4A4,0,0,1000,0,1000,300
s2-r4-a3-m1-de_inferno,3,huNter-,3950,1500,M4A1-S,M4A1-S,0,0,1100,400,1500,0
s2-r4-a3-m1-de_inferno,4,NertZ,5700,800,M4A4,AK-47,2700,0,0,0,2700,-1900
s2-r4-a3-m1-de_inferno,4,MATYS,5250,1100,MP9,M4A4,2900,0,0,0,2900,-1800
s2-r4-a3-m1-de_inferno,5,NertZ,8700,800,AK-47,AK-47,0,0,0,0,0,800
s2-r4-a3-m1-de_inferno,5,huNter-,6550,1500,M4A1-S,M4A1-S,0,0,800,0,800,700
s2-r4-a3-m1-de_inferno,5,MATYS,7650,700,M4A4,M4A4,0,0,0,0,0,700
s2-r4-a3-m1-de_inferno,6,NertZ,12900,700,AK-47,AK-47,0,0,400,400,800,-100
s2-r4-a3-m1-de_inferno,9,tabseN,4500,1200,Galil AR,AK-47,2700,0,0,0,2700,-1500
s2-r4-a3-m1-de_inferno,11,HeavyGod,7700,500,M4A1-S,M4A4,2900,0,0,0,2900,-2400
s2-r4-a3-m1-de_inferno,12,NertZ,9500,500,AK-47,AK-47,0,0,500,0,500,0
s2-r4-a3-m2-de_mirage,3,tabseN,3500,1300,M4A1-S,M4A1-S,0,0,800,0,800,500
s2-r4-a3-m2-de_mirage,3,faveN,5000,600,M4A4,M4A4,0,0,300,0,300,300
s2-r4-a3-m2-de_mirage,3,blameF,3550,1000,M4A1-S,M4A1-S,0,0,1000,0,1000,0
s2-r4-a3-m2-de_mirage,3,JDC,3600,1400,M4A1-S,M4A1-S,0,0,700,400,1100,300
s2-r4-a3-m2-de_mirage,3,gr1ks,3600,1100,M4A1-S,M4A1-S,0,0,800,0,800,300
s2-r4-a3-m2-de_mirage,4,gr1ks,4050,1300,M4A1-S,AWP,4750,0,0,0,4750,-3450
s2-r4-a3-m2-de_mirage,5,blameF,2150,600,AK-47,AK-47,0,0,0,0,0,600
s2-r4-a3-m2-de_mirage,5,NertZ,3950,1200,AK-47,AK-47,0,0,900,0,900,300
s2-r4-a3-m2-de_mirage,6,SunPayus,6400,700,AK-47,AK-47,0,0,0,0,0,700
s2-r4-a3-m2-de_mirage,6,blameF,4050,500,AK-47,AK-47,0,0,0,0,0,500
s2-r4-a3-m2-de_mirage,11,SunPayus,7200,1400,AK-47,AWP,4750,0,200,0,4950,-3550
s2-r4-a3-m2-de_mirage,15,SunPayus,3950,1000,M4A4,M4A4,0,0,200,0,200,800
s2-r4-a3-m2-de_mirage,16,SunPayus,6450,800,M4A4,M4A4,0,0,0,0,0,800
s2-r4-a3-m2-de_mirage,16,MATYS,3900,800,M4A1-S,M4A1-S,0,0,0,0,0,800
s2-r4-a3-m2-de_mirage,18,NertZ,6100,300,M4A4,M4A4,0,0,0,0,0,300
s2-r4-a3-m2-de_mirage,20,SunPayus,2200,300,AWP,AWP,0,0,0,0,0,300
s2-r4-e1-m1-de_nuke,4,ryu,5600,1100,Galil AR,M4A4,2900,0,0,0,2900,-1800
s2-r4-e1-m1-de_nuke,5,Staehr,6150,800,M4A4,M4A4,0,0,0,0,0,800
s2-r4-e1-m1-de_nuke,5,jabbi,4150,300,M4A4,M4A4,0,0,0,0,0,300
s2-r4-e1-m1-de_nuke,5,HooXi,5050,700,Galil AR,Galil AR,0,0,0,0,0,700
s2-r4-e1-m1-de_nuke,5,ryu,8000,500,M4A4,M4A4,0,0,0,0,0,500
s2-r4-e1-m1-de_nuke,7,saffee,3800,0,AK-47,,0,0,0,0,0,0
s2-r4-e1-m1-de_nuke,7,Staehr,6700,800,M4A4,AK-47,2700,0,400,0,3100,-2300
s2-r4-e1-m1-de_nuke,8,jabbi,6100,600,AK-47,AK-47,0,0,0,0,0,600
s2-r4-e1-m1-de_nuke,8,HooXi,7300,800,M4A4,M4A4,0,0,0,0,0,800
s2-r4-e1-m1-de_nuke,8,phzy,6000,700,AWP,AWP,0,0,0,0,0,700
s2-r4-e1-m1-de_nuke,9,snow,3500,650,AK-47,AK-47,0,0,0,0,0,650
s2-r4-e1-m1-de_nuke,10,jabbi,3650,800,M4A4,M4A4,0,0,0,0,0,800
s2-r4-e1-m1-de_nuke,12,phzy,3600,2050,AWP,AWP,0,350,1200,400,1950,100
s2-r4-e1-m1-de_nuke,16,phzy,5700,700,M4A1-S,M4A1-S,0,0,0,0,0,700
s2-r4-e1-m1-de_nuke,16,ryu,4900,700,AK-47,AK-47,0,0,0,0,0,700
s2-r4-e1-m1-de_nuke,16,snow,3250,0,MP9,,0,0,0,0,0,0
s2-r4-e1-m1-de_nuke,17,HooXi,4900,0,AK-47,AK-47,0,0,0,0,0,0
s2-r4-e1-m1-de_nuke,17,ryu,7450,400,AK-47,AK-47,0,0,0,0,0,400
s2-r4-e1-m1-de_nuke,19,biguzera,4250,1150,M4A4,AK-47,2700,350,800,0,3850,-2700
s2-r4-e1-m1-de_nuke,20,biguzera,7200,1100,AK-47,AK-47,0,0,0,400,400,700
s2-r4-e1-m1-de_nuke,20,HooXi,2400,0,MAC-10,,0,0,0,0,0,0
s2-r4-e1-m1-de_nuke,21,piriajr,8300,300,AK-47,AK-47,0,0,0,0,0,300
s2-r4-e1-m1-de_nuke,21,snow,5450,800,M4A1-S,AK-47,2700,0,0,0,2700,-1900
s2-r4-e1-m2-de_overpass,3,piriajr,3850,1000,M4A1-S,M4A1-S,0,0,1000,0,1000,0
s2-r4-e1-m2-de_overpass,3,snow,4000,1200,M4A4,M4A4,0,0,500,400,900,300
s2-r4-e1-m2-de_overpass,3,biguzera,4700,1100,MP7,FAMAS,1950,0,0,0,1950,-850
s2-r4-e1-m2-de_overpass,3,saffee,3500,1700,FAMAS,M4A4,2900,0,300,400,3600,-1900
s2-r4-e1-m2-de_overpass,4,saffee,5600,1000,M4A4,AWP,4750,0,0,0,4750,-3750
s2-r4-e1-m2-de_overpass,6,phzy,3550,0,AWP,,0,0,0,0,0,0
s2-r4-e1-m2-de_overpass,8,saffee,10700,0,AWP,AWP,0,0,0,0,0,0
s2-r4-e1-m2-de_overpass,9,biguzera,9000,800,AK-47,M4A4,2900,0,0,0,2900,-2100
s2-r4-e1-m2-de_overpass,9,saffee,14200,700,AWP,AWP,0,0,0,0,0,700
s2-r4-e1-m2-de_overpass,11,saffee,12050,300,AWP,AWP,0,0,0,0,0,300
s2-r4-e1-m2-de_overpass,15,ryu,3650,1700,M4A4,M4A4,0,0,800,400,1200,500
s2-r4-e1-m2-de_overpass,15,Staehr,4000,1300,FAMAS,FAMAS,0,0,800,0,800,500
s2-r4-e1-m2-de_overpass,15,HooXi,3950,1700,M4A4,M4A4,0,0,800,400,1200,500
s2-r4-e2-m1-de_mirage,3,venomzera,3800,600,FAMAS,FAMAS,0,0,300,0,300,300
s2-r4-e2-m1-de_mirage,3,brnz4n,4150,1300,FAMAS,FAMAS,0,0,500,0,500,800
s2-r4-e2-m1-de_mirage,3,LNZ,3500,1200,M4A4,M4A4,0,0,800,400,1200,0
s2-r4-e2-m1-de_mirage,3,insani,3500,500,M4A1-S,M4A1-S,0,0,500,0,500,0
s2-r4-e2-m1-de_mirage,3,kl1m,4200,1000,M4A1-S,M4A1-S,0,0,1000,0,1000,0
s2-r4-e2-m1-de_mirage,6,kl1m,3750,800,AWP,AWP,0,0,800,0,800,0
s2-r4-e2-m1-de_mirage,7,LNZ,3900,500,M4A4,AK-47,2700,0,0,0,2700,-2200
s2-r4-e2-m1-de_mirage,7,insani,5300,500,M4A1-S,M4A1-S,0,0,0,0,0,500
s2-r4-e2-m1-de_mirage,7,kl1m,6500,900,AWP,AWP,0,0,0,400,400,500
s2-r4-e2-m1-de_mirage,7,esenthial,150,0,AK-47,AK-47,0,0,0,0,0,0
s2-r4-e2-m1-de_mirage,9,esenthial,350,0,AK-47,AK-47,0,0,0,0,0,0
s2-r4-e2-m1-de_mirage,10,venomzera,4100,0,AK-47,AK-47,0,0,0,0,0,0
s2-r4-e2-m1-de_mirage,10,LNZ,5050,900,M4A4,M4A4,0,0,0,400,400,500
s2-r4-e2-m1-de_mirage,10,kl1m,3700,500,AWP,AWP,0,0,200,400,600,-100
s2-r4-e2-m1-de_mirage,12,insani,4150,800,M4A4,M4A4,0,0,0,0,0,800
s2-r4-e2-m1-de_mirage,16,alex666,3900,2050,FAMAS,M4A1-S,2900,350,700,400,4350,-2300
s2-r4-e2-m1-de_mirage,16,s1zzi,4100,2400,M4A4,M4A4,0,350,1300,400,2050,350
s2-r4-e2-m1-de_mirage,16,npl,3650,1700,MP9,MP9,0,0,1000,400,1400,300
s2-r4-e2-m1-de_mirage,16,esenthial,3900,1700,MP9,Galil AR,1800,0,1000,400,3200,-1500
s2-r4-e2-m1-de_mirage,18,npl,4750,500,M4A1-S,AK-47,2700,0,200,0,2900,-2400
s2-r4-e2-m1-de_mirage,18,esenthial,3900,800,M4A4,M4A4,0,0,0,0,0,800
s2-r4-e2-m1-de_mirage,18,kensizor,3500,900,M4A4,M4A4,0,0,500,400,900,0
s2-r4-e2-m1-de_mirage,19,s1zzi,6300,800,AWP,AWP,0,0,0,0,0,800
s2-r4-e2-m1-de_mirage,20,npl,9800,800,AK-47,AK-47,0,0,500,0,500,300
s2-r4-e2-m1-de_mirage,20,kensizor,4550,800,M4A4,M4A4,0,0,0,0,0,800
s2-r4-e2-m2-de_nuke,3,kensizor,4650,200,MP9,MP9,0,0,200,0,200,0
s2-r4-e2-m2-de_nuke,3,esenthial,4250,1300,M4A4,M4A4,0,0,500,0,500,800
s2-r4-e2-m2-de_nuke,4,alex666,7750,1000,MP9,AK-47,2700,0,400,400,3500,-2500
s2-r4-e2-m2-de_nuke,5,kl1m,3700,1100,AK-47,AK-47,0,0,800,0,800,300
s2-r4-e2-m2-de_nuke,6,s1zzi,3850,2200,AWP,AWP,0,1000,800,400,2200,0
s2-r4-e2-m2-de_nuke,7,alex666,4900,800,AK-47,AK-47,0,0,500,0,500,300
s2-r4-e2-m2-de_nuke,7,s1zzi,5250,500,AWP,AWP,0,0,0,0,0,500
s2-r4-e2-m2-de_nuke,10,alex666,5300,800,M4A1-S,AK-47,2700,0,400,0,3100,-2300
s2-r4-e2-m2-de_nuke,10,npl,5250,700,M4A1-S,AK-47,2700,0,400,400,3500,-2800
s2-r4-e2-m2-de_nuke,10,kensizor,6450,800,M4A4,M4A4,0,0,0,0,0,800
s2-r4-e2-m2-de_nuke,10,esenthial,8550,600,AK-47,AK-47,0,0,0,0,0,600
s2-r4-e2-m2-de_nuke,10,s1zzi,7900,1100,AWP,AWP,0,0,0,400,400,700
s2-r4-e2-m2-de_nuke,12,esenthial,14750,500,AK-47,AK-47,0,0,0,0,0,500
s2-r4-e2-m2-de_nuke,15,brnz4n,3550,1100,M4A4,M4A4,0,0,800,0,800,300
s2-r4-e2-m2-de_nuke,15,insani,4100,1100,M4A1-S,M4A1-S,0,0,800,0,800,300
s2-r4-e2-m2-de_nuke,15,LNZ,4200,1400,M4A1-S,M4A1-S,0,0,1000,400,1400,0
s2-r4-e2-m2-de_nuke,15,kl1m,3900,1000,M4A1-S,M4A1-S,0,0,1000,0,1000,0
s2-r4-e2-m2-de_nuke,15,venomzera,3550,1200,FAMAS,FAMAS,0,0,0,400,400,800
s2-r4-e2-m2-de_nuke,16,venomzera,5850,1000,FAMAS,M4A4,2900,0,0,0,2900,-1900
s2-r4-e2-m2-de_nuke,17,insani,9800,600,AK-47,AK-47,0,0,0,0,0,600
s2-r4-e2-m2-de_nuke,18,kl1m,7050,1200,AWP,AWP,0,0,0,400,400,800
s2-r4-e2-m2-de_nuke,19,esenthial,3250,1200,AK-47,AK-47,0,0,500,0,500,700
s2-r4-e2-m2-de_nuke,19,s1zzi,3850,700,AWP,AWP,0,0,0,0,0,700
s2-r4-e2-m2-de_nuke,20,alex666,5300,800,AK-47,AK-47,0,0,200,0,200,600
s2-r4-e2-m2-de_nuke,20,s1zzi,6600,300,AWP,AWP,0,0,0,0,0,300
s2-r4-e2-m2-de_nuke,22,kl1m,4200,800,AWP,AWP,0,0,800,0,800,0
s2-r4-e2-m2-de_nuke,22,venomzera,3800,1400,FAMAS,M4A4,2900,0,300,400,3600,-2200
s2-r4-e2-m2-de_nuke,23,LNZ,4450,800,M4A4,M4A4,0,0,0,0,0,800
s2-r4-e2-m2-de_nuke,23,venomzera,5900,800,M4A4,M4A4,0,0,0,0,0,800
s2-r4-e2-m3-de_ancient,3,brnz4n,3600,1100,FAMAS,FAMAS,0,0,700,400,1100,0
s2-r4-e2-m3-de_ancient,3,insani,3550,1400,M4A4,M4A4,0,0,700,400,1100,300
s2-r4-e2-m3-de_ancient,3,kl1m,3600,1300,FAMAS,FAMAS,0,0,700,0,700,600
s2-r4-e2-m3-de_ancient,3,venomzera,4450,1400,M4A1-S,M4A1-S,0,0,1000,400,1400,0
s2-r4-e2-m3-de_ancient,5,brnz4n,1950,0,M4A1-S,M4A1-S,0,0,0,0,0,0
s2-r4-e2-m3-de_ancient,5,kensizor,3800,900,AK-47,AK-47,0,0,700,0,700,200
s2-r4-e2-m3-de_ancient,5,LNZ,2300,300,M4A1-S,M4A1-S,0,0,0,0,0,300
s2-r4-e2-m3-de_ancient,5,venomzera,2000,0,M4A1-S,M4A1-S,0,0,0,0,0,0
s2-r4-e2-m3-de_ancient,5,npl,3800,1200,AK-47,AK-47,0,0,900,0,900,300
s2-r4-e2-m3-de_ancient,7,esenthial,5350,700,AK-47,AK-47,0,0,0,0,0,700
s2-r4-e2-m3-de_ancient,7,alex666,6400,800,AK-47,AK-47,0,0,0,0,0,800
s2-r4-e2-m3-de_ancient,9,LNZ,4000,1450,M4A4,AWP,4750,350,0,0,5100,-3650
s2-r4-e2-m3-de_ancient,12,s1zzi,3550,1250,AWP,AWP,0,350,600,0,950,300
s2-r4-e2-m3-de_ancient,17,kensizor,3950,800,AK-47,AK-47,0,0,500,0,500,300
s2-r4-e2-m3-de_ancient,17,insani,1900,0,Galil AR,,0,0,0,0,0,0
s2-r4-e2-m3-de_ancient,17,alex666,5250,800,M4A4,M4A4,0,0,0,0,0,800
s2-r4-e2-m3-de_ancient,18,alex666,8050,300,M4A4,M4A4,0,0,0,0,0,300
s2-r4-e2-m3-de_ancient,18,npl,4900,800,Galil AR,Galil AR,0,0,0,0,0,800
s2-r4-e2-m3-de_ancient,20,esenthial,7550,800,AK-47,AK-47,0,0,0,0,0,800
s2-r4-e2-m3-de_ancient,20,s1zzi,6200,800,AWP,AWP,0,0,0,0,0,800
s2-r4-e3-m1-de_dust2,3,saadzin,3600,800,Galil AR,AK-47,2700,0,600,0,3300,-2500
s2-r4-e3-m1-de_dust2,6,s1n,4800,800,M4A1-S,AK-47,2700,0,0,0,2700,-1900
s2-r4-e3-m1-de_dust2,6,n1ssim,0,0,AK-47,AK-47,0,0,0,0,0,0
s2-r4-e3-m1-de_dust2,6,Lake,5000,800,AWP,AWP,0,0,0,0,0,800
s2-r4-e3-m1-de_dust2,6,slaxz-,3750,500,AWP,AWP,0,0,600,0,600,-100
s2-r4-e3-m1-de_dust2,8,s1n,3400,1300,M4A1-S,M4A1-S,0,0,500,0,500,800
s2-r4-e3-m1-de_dust2,8,n1ssim,3500,900,Galil AR,M4A1-S,2900,0,700,0,3600,-2700
s2-r4-e3-m1-de_dust2,8,arT,3600,1100,Galil AR,Galil AR,0,0,400,0,400,700
s2-r4-e3-m1-de_dust2,8,latto,3850,1100,Galil AR,Galil AR,0,0,400,0,400,700
s2-r4-e3-m1-de_dust2,8,slaxz-,3600,700,AWP,AWP,0,0,0,0,0,700
s2-r4-e3-m1-de_dust2,9,arT,6000,1400,Galil AR,M4A4,2900,0,0,0,2900,-1500
s2-r4-e3-m1-de_dust2,9,slaxz-,6350,1450,AWP,AWP,0,350,500,0,850,600
s2-r4-e3-m1-de_dust2,11,n1ssim,4100,1200,AK-47,AK-47,0,0,600,0,600,600
s2-r4-e3-m1-de_dust2,11,JBa,5350,800,M4A4,M4A4,0,0,0,0,0,800
s2-r4-e3-m1-de_dust2,11,Lake,5150,1150,M4A1-S,M4A1-S,0,350,0,0,350,800
s2-r4-e3-m1-de_dust2,15,Swisher,3500,700,Galil AR,Galil AR,0,0,700,0,700,0
s2-r4-e3-m1-de_dust2,15,s1n,3550,500,Galil AR,Galil AR,0,0,600,0,600,-100
s2-r4-e3-m1-de_dust2,15,latto,2500,700,MP9,MP9,0,0,500,0,500,200
s2-r4-e3-m1-de_dust2,15,slaxz-,4350,800,AK-47,AK-47,0,0,0,0,0,800
s2-r4-e3-m1-de_dust2,16,Swisher,6300,800,Galil AR,Galil AR,0,0,0,0,0,800
s2-r4-e3-m1-de_dust2,16,s1n,6850,800,Galil AR,Galil AR,0,0,0,0,0,800
s2-r4-e3-m1-de_dust2,18,s1n,3950,500,AK-47,AK-47,0,0,200,0,200,300
s2-r4-e3-m1-de_dust2,19,dumau,3550,1850,M4A4,M4A1-S,2900,350,700,400,4350,-2500
s2-r4-e3-m1-de_dust2,19,JBa,7050,600,AK-47,AK-47,0,0,0,0,0,600
s2-r4-e3-m1-de_dust2,19,Lake,6600,800,AK-47,AK-47,0,0,0,0,0,800
s2-r4-e3-m1-de_dust2,19,slaxz-,7300,500,AWP,AWP,0,0,0,0,0,500
s2-r4-e3-m1-de_dust2,20,n1ssim,5600,1200,M4A1-S,M4A1-S,0,0,0,400,400,800
s2-r4-e3-m1-de_dust2,20,arT,5600,1300,M4A1-S,M4A1-S,0,0,300,400,700,600
s2-r4-e3-m2-de_inferno,4,saadzin,4250,1300,M4A4,M4A4,0,0,1000,0,1000,300
s2-r4-e3-m2-de_inferno,6,s1n,4500,900,AK-47,AK-47,0,0,300,0,300,600
s2-r4-e3-m2-de_inferno,6,n1ssim,2000,1300,M4A4,M4A4,0,0,500,0,500,800
s2-r4-e3-m2-de_inferno,6,latto,2000,1650,AK-47,AK-47,0,350,700,0,1050,600
s2-r4-e3-m2-de_inferno,7,s1n,7400,500,AK-47,AK-47,0,0,0,0,0,500
s2-r4-e3-m2-de_inferno,7,dumau,3600,300,M4A4,M4A4,0,0,0,0,0,300
s2-r4-e3-m2-de_inferno,7,latto,2800,500,AK-47,AK-47,0,0,0,0,0,500
s2-r4-e3-m2-de_inferno,9,latto,5000,900,AK-47,M4A4,2900,0,0,0,2900,-2000
s2-r4-e3-m2-de_inferno,10,n1ssim,5150,1100,M4A1-S,M4A1-S,0,0,0,400,400,700
s2-r4-e3-m2-de_inferno,11,arT,4850,1100,M4A1-S,AK-47,2700,0,200,400,3300,-2200
s2-r4-e3-m2-de_inferno,15,saadzin,3600,1100,Galil AR,Galil AR,0,0,600,0,600,500
s2-r4-e3-m2-de_inferno,17,s1n,4200,800,M4A1-S,M4A1-S,0,0,300,0,300,500
s2-r4-e3-m2-de_inferno,20,saadzin,250,0,AK-47,,0,0,200,0,200,-200
s2-r4-e3-m2-de_inferno,20,slaxz-,3600,800,AWP,AWP,0,0,800,0,800,0
s2-r4-e3-m2-de_inferno,20,s1n,3800,600,FAMAS,AK-47,2700,0,0,0,2700,-2100
s2-r4-e3-m2-de_inferno,20,n1ssim,0,0,AK-47,AK-47,0,0,0,0,0,0
s2-r4-e3-m2-de_inferno,20,JBa,3500,800,MP9,FAMAS,1950,0,0,0,1950,-1150
s2-r4-e3-m2-de_inferno,21,JBa,6750,1300,FAMAS,AK-47,2700,0,0,0,2700,-1400
s2-r4-e3-m2-de_inferno,22,slaxz-,4800,900,AWP,AWP,0,0,0,400,400,500
s2-r4-e3-m2-de_inferno,22,s1n,6600,800,M4A1-S,AK-47,2700,0,500,400,3600,-2800
s2-r4-e3-m2-de_inferno,22,Lake,9250,300,AK-47,AK-47,0,0,0,0,0,300
s2-r4-e3-m2-de_inferno,22,Swisher,5700,200,M4A1-S,M4A1-S,0,0,0,0,0,200
s2-r4-e3-m2-de_inferno,24,saadzin,3850,1900,AK-47,AWP,4750,0,300,0,5050,-3150
s2-r5-d1-m1-de_nuke,3,v$m,3550,600,Galil AR,Galil AR,0,0,300,0,300,300
s2-r5-d1-m1-de_nuke,3,piriajr,3550,1000,AK-47,AK-47,0,0,400,0,400,600
s2-r5-d1-m1-de_nuke,3,saffee,3800,700,Galil AR,Galil AR,0,0,400,0,400,300
s2-r5-d1-m1-de_nuke,3,biguzera,3550,900,MP7,MP7,0,0,300,0,300,600
s2-r5-d1-m1-de_nuke,4,snow,7450,1100,Galil AR,AK-47,2700,0,0,0,2700,-1600
s2-r5-d1-m1-de_nuke,4,saffee,6650,800,Galil AR,Galil AR,0,0,0,0,0,800
s2-r5-d1-m1-de_nuke,5,Bymas,3500,600,M4A1-S,M4A1-S,0,0,0,0,0,600
s2-r5-d1-m1-de_nuke,5,afro,3600,1400,AWP,AWP,0,0,600,400,1000,400
s2-r5-d1-m1-de_nuke,5,Gizmy,4400,800,M4A4,AK-47,2700,0,0,0,2700,-1900
s2-r5-d1-m1-de_nuke,6,afro,5550,1100,AWP,AWP,0,350,500,0,850,250
s2-r5-d1-m1-de_nuke,6,biguzera,3600,0,Galil AR,,0,0,0,0,0,0
s2-r5-d1-m1-de_nuke,7,Bymas,8800,500,M4A1-S,M4A1-S,0,0,0,0,0,500
s2-r5-d1-m1-de_nuke,7,afro,8050,500,AWP,AWP,0,0,0,0,0,500
s2-r5-d1-m1-de_nuke,7,AZUWU,7950,800,AK-47,AK-47,0,0,0,0,0,800
s2-r5-d1-m1-de_nuke,7,Gizmy,6200,200,AK-47,AK-47,0,0,0,0,0,200
s2-r5-d1-m1-de_nuke,7,Rainwaker,8550,600,M4A4,M4A4,0,0,0,0,0,600
s2-r5-d1-m1-de_nuke,8,v$m,100,0,AK-47,AK-47,0,0,0,0,0,0
s2-r5-d1-m1-de_nuke,8,Rainwaker,11400,0,M4A4,AK-47,2700,0,0,0,2700,-2700
s2-r5-d1-m1-de_nuke,9,Bymas,15600,800,AK-47,AK-47,0,0,0,0,0,800
s2-r5-d1-m1-de_nuke,11,piriajr,5350,2200,Galil AR,M4A4,2900,350,900,0,4150,-1950
s2-r5-d1-m1-de_nuke,15,afro,3750,300,AK-47,AK-47,0,0,500,0,500,-200
s2-r5-d1-m1-de_nuke,15,Rainwaker,3350,300,MP7,MP7,0,0,0,0,0,300
s2-r5-d1-m1-de_nuke,16,AZUWU,5150,0,AK-47,AK-47,0,0,0,0,0,0
s2-r5-d1-m1-de_nuke,18,Gizmy,5300,700,AK-47,AK-47,0,0,300,0,300,400
s2-r5-d1-m2-de_dust2,3,piriajr,3500,800,FAMAS,FAMAS,0,0,300,0,300,500
s2-r5-d1-m2-de_dust2,3,snow,4150,1500,M4A1-S,M4A1-S,0,0,1300,400,1700,-200
s2-r5-d1-m2-de_dust2,3,biguzera,3900,1300,M4A4,M4A4,0,0,800,0,800,500
s2-r5-d1-m2-de_dust2,3,saffee,4100,800,M4A1-S,M4A1-S,0,0,400,400,800,0
s2-r5-d1-m2-de_dust2,4,v$m,6700,1900,MP9,AK-47,2700,0,0,400,3100,-1200
s2-r5-d1-m2-de_dust2,5,biguzera,2650,800,M4A4,M4A4,0,0,0,400,400,400
s2-r5-d1-m2-de_dust2,6,afro,7700,2100,M4A1-S,AWP,4750,0,0,0,4750,-2650
s2-r5-d1-m2-de_dust2,8,afro,1350,300,AWP,AWP,0,0,0,0,0,300
s2-r5-d1-m2-de_dust2,9,saffee,3950,2350,AWP,AWP,0,650,700,400,1750,600
s2-r5-d1-m2-de_dust2,11,piriajr,2050,1650,M4A1-S,M4A1-S,0,350,500,0,850,800
s2-r5-d1-m2-de_dust2,11,Bymas,4400,400,AK-47,AK-47,0,0,0,0,0,400
s2-r5-d1-m2-de_dust2,11,Rainwaker,5700,500,AK-47,AK-47,0,0,200,0,200,300
s2-r5-d1-m2-de_dust2,11,saffee,2050,700,MP9,M4A4,2900,0,0,0,2900,-2200
s2-r5-d1-m2-de_dust2,12,afro,3250,1900,AK-47,AWP,4750,0,300,0,5050,-3150
s2-r5-d1-m2-de_dust2,16,Rainwaker,4100,1100,FAMAS,AK-47,2700,0,1000,0,3700,-2600
s2-r5-d1-m2-de_dust2,16,afro,3750,1100,AWP,AWP,0,0,1000,0,1000,100
s2-r5-d1-m2-de_dust2,17,Rainwaker,6500,800,AK-47,AK-47,0,0,0,0,0,800
s2-r5-d1-m2-de_dust2,17,afro,5750,800,AWP,AWP,0,0,0,400,400,400
s2-r5-d1-m2-de_dust2,17,AZUWU,6550,3800,MP9,M4A4,2900,0,700,400,4000,-200
s2-r5-d1-m2-de_dust2,18,saffee,0,0,AK-47,,0,0,0,0,0,0
s2-r5-d1-m2-de_dust2,18,v$m,50,0,AK-47,AK-47,0,0,0,0,0,0
s2-r5-d1-m2-de_dust2,19,v$m,3850,1100,AK-47,AK-47,0,0,1100,0,1100,0
s2-r5-d1-m2-de_dust2,20,afro,4850,300,AWP,AWP,0,0,300,0,300,0
s2-r5-d1-m2-de_dust2,22,saffee,2050,0,AWP,,0,0,0,0,0,0
s2-r5-d1-m2-de_dust2,22,afro,3600,1850,AWP,AWP,0,350,800,400,1550,300
s2-r5-d1-m2-de_dust2,23,afro,5350,800,AWP,AWP,0,0,0,0,0,800
s2-r5-d1-m2-de_dust2,23,AZUWU,4750,600,M4A4,M4A4,0,0,0,0,0,600
s2-r5-d2-m1-de_mirage,3,Jee,4550,800,M4A4,AK-47,2700,0,700,0,3400,-2600
s2-r5-d2-m1-de_mirage,4,Mercury,5000,1100,M4A1-S,M4A4,2900,0,0,400,3300,-2200
s2-r5-d2-m1-de_mirage,6,Mercury,1900,0,M4A4,M4A4,0,0,0,0,0,0
s2-r5-d2-m1-de_mirage,6,arT,3800,800,AK-47,AK-47,0,0,1100,0,1100,-300
s2-r5-d2-m1-de_mirage,6,Zero ,2000,300,M4A4,M4A4,0,0,0,0,0,300
s2-r5-d2-m1-de_mirage,6,Moseyuh,1950,300,M4A4,M4A4,0,0,300,0,300,0
s2-r5-d2-m1-de_mirage,7,saadzin,10300,700,AWP,AWP,0,0,0,0,0,700
s2-r5-d2-m1-de_mirage,7,arT,6500,700,AK-47,AK-47,0,0,0,0,0,700
s2-r5-d2-m1-de_mirage,7,dumau,9350,800,AK-47,AK-47,0,0,0,0,0,800
s2-r5-d2-m1-de_mirage,10,Jee,4250,300,AWP,AWP,0,0,0,0,0,300
s2-r5-d2-m1-de_mirage,11,arT,12850,700,AK-47,AK-47,0,0,0,0,0,700
s2-r5-d2-m1-de_mirage,15,saadzin,2950,0,SSG 08,SSG 08,0,0,0,0,0,0
s2-r5-d2-m1-de_mirage,15,Mercury,3900,900,MAC-10,Galil AR,1800,0,0,0,1800,-900
s2-r5-d2-m1-de_mirage,15,Moseyuh,3500,900,Galil AR,Galil AR,0,0,400,0,400,500
s2-r5-d2-m1-de_mirage,15,Jee,3950,900,Galil AR,Galil AR,0,0,800,0,800,100
s2-r5-d2-m1-de_mirage,19,saadzin,8500,1000,AWP,AWP,0,0,0,400,400,600
s2-r5-d2-m1-de_mirage,20,n1ssim,7750,700,M4A1-S,M4A4,2900,0,0,0,2900,-2200
s2-r5-d2-m2-de_inferno,3,saadzin,4100,1100,M4A1-S,M4A1-S,0,0,300,0,300,800
s2-r5-d2-m2-de_inferno,4,arT,5250,600,Galil AR,M4A4,2900,0,300,0,3200,-2600
s2-r5-d2-m2-de_inferno,8,latto,3800,800,M4A1-S,M4A1-S,0,0,0,0,0,800
s2-r5-d2-m2-de_inferno,9,n1ssim,5450,1300,AK-47,AK-47,0,0,300,400,700,600
s2-r5-d2-m2-de_inferno,9,latto,7100,600,M4A1-S,AK-47,2700,0,400,0,3100,-2500
s2-r5-d2-m2-de_inferno,10,arT,4650,200,M4A4,AK-47,2700,0,0,0,2700,-2500
s2-r5-d2-m2-de_inferno,15,Zero ,3850,1100,M4A4,M4A4,0,0,700,400,1100,0
s2-r5-d2-m2-de_inferno,15,Moseyuh,3650,750,M4A4,M4A4,0,350,0,400,750,0
s2-r5-d2-m2-de_inferno,15,Jee,4100,1100,M4A4,M4A4,0,0,1100,0,1100,0
s2-r5-d2-m2-de_inferno,15,Mercury,4900,1300,MP9,MP9,0,0,1000,0,1000,300
s2-r5-d2-m2-de_inferno,15,JamYoung,3650,600,MP9,MP9,0,0,0,0,0,600
s2-r5-d2-m2-de_inferno,17,arT,4450,700,MAC-10,MAC-10,0,0,0,0,0,700
s2-r5-d3-m1-de_ancient,3,JDC,3850,1700,M4A1-S,M4A1-S,0,0,1300,400,1700,0
s2-r5-d3-m1-de_ancient,3,gr1ks,3600,1000,M4A4,M4A4,0,0,700,0,700,300
s2-r5-d3-m1-de_ancient,3,blameF,3900,1300,M4A1-S,M4A1-S,0,0,700,0,700,600
s2-r5-d3-m1-de_ancient,3,faveN,3850,1700,M4A4,M4A4,0,0,1000,400,1400,300
s2-r5-d3-m1-de_ancient,4,esenthial,0,0,AK-47,AK-47,0,0,0,0,0,0
s2-r5-d3-m1-de_ancient,7,tabseN,4050,3950,MP9,AK-47,2700,350,1200,400,4650,-700
s2-r5-d3-m1-de_ancient,7,blameF,3500,1350,M4A1-S,M4A1-S,0,350,1000,0,1350,0
s2-r5-d3-m1-de_ancient,9,gr1ks,3500,0,MP9,,0,0,0,0,0,0
s2-r5-d3-m1-de_ancient,10,kensizor,3700,200,MAC-10,MAC-10,0,0,0,0,0,200
s2-r5-d3-m1-de_ancient,10,s1zzi,3500,500,AWP,AWP,0,0,200,0,200,300
s2-r5-d3-m1-de_ancient,10,npl,4250,900,AK-47,AK-47,0,0,700,0,700,200
s2-r5-d3-m1-de_ancient,10,esenthial,5050,600,AK-47,AK-47,0,0,200,0,200,400
s2-r5-d3-m1-de_ancient,10,alex666,3350,700,Galil AR,Galil AR,0,0,400,0,400,300
s2-r5-d3-m1-de_ancient,11,tabseN,3450,1150,FAMAS,M4A1-S,2900,350,600,0,3850,-2700
s2-r5-d3-m1-de_ancient,11,gr1ks,3450,1300,AWP,AWP,0,0,500,0,500,800
s2-r5-d3-m1-de_ancient,11,faveN,3550,2050,M4A4,M4A4,0,350,800,400,1550,500
s2-r5-d3-m1-de_ancient,15,kensizor,4400,300,M4A4,M4A4,0,0,300,0,300,0
s2-r5-d3-m1-de_ancient,15,npl,3850,1700,M4A1-S,M4A1-S,0,0,1300,400,1700,0
s2-r5-d3-m1-de_ancient,15,esenthial,3600,1200,M4A4,M4A4,0,0,800,400,1200,0
s2-r5-d3-m1-de_ancient,15,alex666,3650,1000,MP9,MP9,0,0,200,0,200,800
s2-r5-d3-m1-de_ancient,17,kensizor,2600,0,M4A4,M4A4,0,0,0,0,0,0
s2-r5-d3-m1-de_ancient,17,gr1ks,4900,400,AWP,AWP,0,0,0,0,0,400
s2-r5-d3-m1-de_ancient,17,blameF,4000,1200,AK-47,AK-47,0,0,500,0,500,700
s2-r5-d3-m1-de_ancient,18,blameF,6300,700,AK-47,AK-47,0,0,0,0,0,700
s2-r5-d3-m1-de_ancient,18,faveN,8800,900,MAC-10,MAC-10,0,0,900,0,900,0
s2-r5-d3-m1-de_ancient,19,npl,3550,1500,M4A1-S,AK-47,2700,0,800,400,3900,-2400
s2-r5-d3-m2-de_overpass,3,alex666,3900,1200,MP9,MP9,0,0,0,400,400,800
s2-r5-d3-m2-de_overpass,3,s1zzi,4900,4300,MP9,AWP,4750,0,1000,400,6150,-1850
s2-r5-d3-m2-de_overpass,3,kensizor,4500,1200,M4A4,M4A4,0,0,900,0,900,300
s2-r5-d3-m2-de_overpass,4,esenthial,5700,800,MP9,AK-47,2700,0,0,0,2700,-1900
s2-r5-d3-m2-de_overpass,4,alex666,6200,800,MP9,MP9,0,0,0,0,0,800
s2-r5-d3-m2-de_overpass,4,s1zzi,4100,800,AWP,AWP,0,0,0,0,0,800
s2-r5-d3-m2-de_overpass,5,alex666,8900,500,MP9,MP9,0,0,0,0,0,500
s2-r5-d3-m2-de_overpass,8,s1zzi,11750,600,AWP,AWP,0,0,400,0,400,200
s2-r5-d3-m2-de_overpass,10,tabseN,700,700,AK-47,AK-47,0,0,0,0,0,700
s2-r5-d3-m2-de_overpass,10,blameF,350,300,M4A1-S,M4A1-S,0,0,0,0,0,300
s2-r5-d3-m2-de_overpass,10,kensizor,4800,400,M4A4,M4A4,0,0,200,0,200,200
s2-r5-d3-m2-de_overpass,11,alex666,8050,700,M4A1-S,M4A1-S,0,0,400,0,400,300
s2-r5-d3-m2-de_overpass,11,s1zzi,8400,500,AWP,AWP,0,0,0,0,0,500
s2-r5-d3-m2-de_overpass,11,kensizor,7900,600,M4A4,M4A4,0,0,300,0,300,300
s2-r5-d3-m2-de_overpass,16,tabseN,3850,1400,M4A1-S,M4A1-S,0,0,500,400,900,500
s2-r5-d3-m2-de_overpass,17,npl,350,0,AK-47,AK-47,0,0,0,0,0,0
s2-r5-d3-m2-de_overpass,17,s1zzi,200,200,AWP,AWP,0,0,200,0,200,0
s2-r5-d3-m2-de_overpass,17,blameF,5400,1200,M4A1-S,M4A1-S,0,0,800,400,1200,0
s2-r5-d3-m3-de_dust2,3,JDC,4150,1400,M4A1-S,M4A1-S,0,0,1000,400,1400,0
s2-r5-d3-m3-de_dust2,3,faveN,3800,900,FAMAS,FAMAS,0,0,0,400,400,500
s2-r5-d3-m3-de_dust2,3,gr1ks,3850,1300,M4A4,M4A4,0,0,1000,0,1000,300
s2-r5-d3-m3-de_dust2,5,faveN,5200,800,AK-47,AK-47,0,0,700,0,700,100
s2-r5-d3-m3-de_dust2,5,blameF,6800,1100,AK-47,M4A1-S,2900,0,500,0,3400,-2300
s2-r5-d3-m3-de_dust2,5,gr1ks,7900,300,AWP,AWP,0,0,0,0,0,300
s2-r5-d3-m3-de_dust2,6,esenthial,850,0,AK-47,AK-47,0,0,0,0,0,0
s2-r5-d3-m3-de_dust2,6,s1zzi,200,200,AWP,AWP,0,0,800,0,800,-600
s2-r5-d3-m3-de_dust2,7,JDC,6400,800,M4A1-S,AK-47,2700,0,0,0,2700,-1900
s2-r5-d3-m3-de_dust2,12,npl,4150,600,AK-47,AK-47,0,0,600,0,600,0
s2-r5-d3-m3-de_dust2,12,alex666,5950,400,AK-47,AK-47,0,0,200,0,200,200
s2-r5-d3-m3-de_dust2,15,esenthial,3600,1400,M4A4,M4A4,0,0,1000,400,1400,0
s2-r5-d3-m3-de_dust2,15,npl,3600,1000,M4A1-S,M4A1-S,0,0,1000,400,1400,-400
s2-r5-d3-m3-de_dust2,15,alex666,3600,1300,M4A1-S,M4A1-S,0,0,1000,0,1000,300
s2-r5-d3-m3-de_dust2,16,alex666,6400,800,M4A1-S,AK-47,2700,0,0,400,3100,-2300
s2-r5-d3-m3-de_dust2,17,kensizor,6550,700,M4A4,M4A4,0,0,200,0,200,500
s2-r5-d3-m3-de_dust2,17,s1zzi,8100,800,AWP,AWP,0,0,0,0,0,800
s2-r5-d3-m3-de_dust2,17,alex666,9100,500,AK-47,AK-47,0,0,0,0,0,500
s2-r5-d3-m3-de_dust2,20,s1zzi,5950,700,AWP,AWP,0,0,0,0,0,700
s2-r5-d3-m3-de_dust2,21,kensizor,6450,500,AK-47,AK-47,0,0,0,0,0,500
s2-r5-d3-m3-de_dust2,21,esenthial,5700,300,M4A1-S,M4A1-S,0,0,0,0,0,300
s2-r5-d3-m3-de_dust2,21,s1zzi,8850,300,AWP,AWP,0,0,300,0,300,0
s2-r5-d3-m3-de_dust2,21,npl,6250,800,M4A1-S,M4A1-S,0,0,0,0,0,800
s3-r1-m1-m1-de_overpass,3,HUASOPEEK,3600,1200,AK-47,AK-47,0,0,700,0,700,500
s3-r1-m1-m1-de_overpass,3,dgt,3800,700,Galil AR,Galil AR,0,0,0,0,0,700
s3-r1-m1-m1-de_overpass,3,luchov,4750,900,MAC-10,MAC-10,0,0,500,0,500,400
s3-r1-m1-m1-de_overpass,3,meyern,4150,900,Galil AR,Galil AR,0,0,400,0,400,500
s3-r1-m1-m1-de_overpass,4,HUASOPEEK,6250,800,AK-47,AK-47,0,0,200,0,200,600
s3-r1-m1-m1-de_overpass,4,dgt,6350,700,Galil AR,Galil AR,0,0,0,0,0,700
s3-r1-m1-m1-de_overpass,6,max,6000,700,AK-47,AK-47,0,0,0,0,0,700
s3-r1-m1-m1-de_overpass,6,HUASOPEEK,9550,600,AK-47,AK-47,0,0,0,0,0,600
s3-r1-m1-m1-de_overpass,6,meyern,7650,600,AWP,AWP,0,0,0,0,0,600
s3-r1-m1-m1-de_overpass,8,dgt,5100,700,AK-47,AK-47,0,0,0,0,0,700
s3-r1-m1-m1-de_overpass,9,HUASOPEEK,5400,700,AK-47,AK-47,0,0,0,0,0,700
s3-r1-m1-m1-de_overpass,9,dgt,7900,700,AK-47,AK-47,0,0,0,0,0,700
s3-r1-m1-m1-de_overpass,10,meyern,9300,700,AWP,AWP,0,0,200,0,200,500
s3-r1-m1-m2-de_dust2,3,dgt,3900,1300,FAMAS,FAMAS,0,0,700,0,700,600
s3-r1-m1-m2-de_dust2,3,HUASOPEEK,3650,1700,M4A1-S,M4A1-S,0,0,800,400,1200,500
s3-r1-m1-m2-de_dust2,4,BELCHONOKK,3550,600,AK-47,AK-47,0,0,400,0,400,200
s3-r1-m1-m2-de_dust2,4,max,2300,800,M4A1-S,M4A1-S,0,0,500,0,500,300
s3-r1-m1-m2-de_dust2,6,meyern,1550,1300,SSG 08,AK-47,2700,0,0,0,2700,-1400
s3-r1-m1-m2-de_dust2,7,luchov,2500,0,FAMAS,,0,0,0,0,0,0
s3-r1-m1-m2-de_dust2,8,Jame,4650,0,AWP,AWP,0,0,0,0,0,0
s3-r1-m1-m2-de_dust2,15,dgt,3450,700,AK-47,AK-47,0,0,400,0,400,300
s3-r1-m1-m2-de_dust2,15,meyern,3400,1100,AK-47,AK-47,0,0,600,0,600,500
s3-r1-m1-m2-de_dust2,15,max,5500,700,MAC-10,MAC-10,0,0,0,0,0,700
s3-r1-m1-m2-de_dust2,15,luchov,4150,800,MAC-10,MAC-10,0,0,200,0,200,600
s3-r1-m1-m2-de_dust2,16,Jame,4050,500,M4A1-S,M4A1-S,0,0,0,0,0,500
s3-r1-m1-m2-de_dust2,18,nota,3750,1550,M4A1-S,AK-47,2700,350,500,400,3950,-2400
s3-r1-m1-m2-de_dust2,19,Jame,3550,500,AWP,AWP,0,0,200,0,200,300
s3-r1-m1-m2-de_dust2,19,nota,6000,1100,AK-47,AK-47,0,0,800,0,800,300
s3-r1-m1-m2-de_dust2,19,xiELO,4600,600,M4A4,M4A4,0,0,0,0,0,600
s3-r1-m1-m2-de_dust2,21,max,4250,1100,AK-47,AK-47,0,0,600,0,600,500
s3-r1-m1-m2-de_dust2,21,luchov,3500,800,AK-47,AK-47,0,0,400,0,400,400
s3-r1-m1-m3-de_inferno,4,Jame,4300,0,AWP,,0,0,0,0,0,0
s3-r1-m1-m3-de_inferno,5,dgt,450,400,AK-47,AK-47,0,0,0,0,0,400
s3-r1-m1-m3-de_inferno,6,dgt,3550,900,AK-47,AK-47,0,0,200,0,200,700
s3-r1-m1-m3-de_inferno,7,xiELO,2400,0,AK-47,,0,0,0,0,0,0
s3-r1-m1-m3-de_inferno,8,meyern,5300,400,AK-47,AK-47,0,0,0,0,0,400
s3-r1-m1-m3-de_inferno,8,max,3900,600,AK-47,AK-47,0,0,200,0,200,400
s3-r1-m1-m3-de_inferno,8,HUASOPEEK,5000,500,AK-47,AK-47,0,0,0,0,0,500
s3-r1-m1-m3-de_inferno,8,dgt,5400,700,AK-47,AK-47,0,0,0,0,0,700
s3-r1-m1-m3-de_inferno,10,luchov,9650,500,AK-47,AK-47,0,0,500,0,500,0
s3-r1-m1-m3-de_inferno,15,xiELO,3550,700,Galil AR,Galil AR,0,0,300,0,300,400
s3-r1-m1-m3-de_inferno,15,dgt,2500,300,FAMAS,FAMAS,0,0,300,0,300,0
s3-r1-m1-m3-de_inferno,16,dgt,5100,1000,FAMAS,FAMAS,0,0,700,0,700,300
s3-r1-m1-m3-de_inferno,18,max,3650,1150,M4A1-S,AK-47,2700,350,0,400,3450,-2300
s3-r1-m1-m3-de_inferno,20,HUASOPEEK,3500,700,FAMAS,FAMAS,0,0,300,400,700,0
s3-r1-m1-m3-de_inferno,20,dgt,3550,1350,M4A4,M4A4,0,350,1300,0,1650,-300
s3-r1-m1-m3-de_inferno,21,HUASOPEEK,6300,1300,FAMAS,AK-47,2700,0,0,0,2700,-1400
s3-r1-m1-m3-de_inferno,22,meyern,5500,800,M4A4,M4A4,0,0,0,0,0,800
s3-r1-m1-m3-de_inferno,22,HUASOPEEK,8500,800,AK-47,AK-47,0,0,0,0,0,800
s3-r1-m2-m1-de_dust2,3,bLitz,3850,1300,M4A1-S,M4A1-S,0,0,1300,0,1300,0
s3-r1-m2-m1-de_dust2,3,cobrazera,3650,800,MP9,MP9,0,0,0,0,0,800
s3-r1-m2-m1-de_dust2,3,Techno4K,3600,1000,FAMAS,FAMAS,0,0,700,0,700,300
s3-r1-m2-m1-de_dust2,3,Mzinho,4000,800,FAMAS,FAMAS,0,0,0,0,0,800
s3-r1-m2-m1-de_dust2,3,910,4450,1500,M4A4,M4A4,0,0,1200,0,1200,300
s3-r1-m2-m1-de_dust2,4,bLitz,6650,800,M4A1-S,AK-47,2700,0,400,0,3100,-2300
s3-r1-m2-m1-de_dust2,5,Techno4K,7150,800,AK-47,AK-47,0,0,0,0,0,800
s3-r1-m2-m1-de_dust2,7,Mzinho,3650,800,M4A1-S,M4A1-S,0,0,500,0,500,300
s3-r1-m2-m1-de_dust2,8,910,6350,800,AWP,AWP,0,0,0,0,0,800
s3-r1-m2-m1-de_dust2,9,910,9150,700,AWP,AWP,0,0,300,400,700,0
s3-r1-m2-m1-de_dust2,15,bLitz,4200,400,Galil AR,Galil AR,0,0,400,0,400,0
s3-r1-m2-m1-de_dust2,15,cobrazera,3550,900,Galil AR,Galil AR,0,0,600,0,600,300
s3-r1-m2-m1-de_dust2,15,Mzinho,3550,500,Galil AR,Galil AR,0,0,200,0,200,300
s3-r1-m2-m1-de_dust2,16,d1Ledez,3650,2050,M4A4,M4A4,0,350,500,400,1250,800
s3-r1-m2-m1-de_dust2,16,Boombl4,3850,1700,FAMAS,M4A4,2900,0,800,400,4100,-2400
s3-r1-m2-m1-de_dust2,16,zorte,3850,1200,M4A4,M4A4,0,0,900,0,900,300
s3-r1-m2-m1-de_dust2,17,bLitz,4250,600,AK-47,AK-47,0,0,0,0,0,600
s3-r1-m2-m1-de_dust2,17,Mzinho,3600,1100,AK-47,AK-47,0,0,800,0,800,300
s3-r1-m2-m1-de_dust2,19,Mzinho,1900,0,Galil AR,,0,0,0,0,0,0
s3-r1-m2-m1-de_dust2,20,Magnojez,7900,700,AK-47,AK-47,0,0,0,400,400,300
s3-r1-m2-m1-de_dust2,23,cobrazera,1900,700,AK-47,AK-47,0,0,200,0,200,500
s3-r1-m2-m1-de_dust2,24,d1Ledez,8000,600,M4A4,AK-47,2700,0,0,0,2700,-2100
s3-r1-m2-m2-de_mirage,3,910,3800,600,AK-47,AK-47,0,0,800,0,800,-200
s3-r1-m2-m2-de_mirage,3,cobrazera,3800,900,Galil AR,Galil AR,0,0,200,0,200,700
s3-r1-m2-m2-de_mirage,3,Techno4K,5200,900,MAC-10,MAC-10,0,0,400,0,400,500
s3-r1-m2-m2-de_mirage,3,Mzinho,4100,900,Galil AR,Galil AR,0,0,900,0,900,0
s3-r1-m2-m2-de_mirage,4,Techno4K,8750,500,MAC-10,MAC-10,0,0,200,0,200,300
s3-r1-m2-m2-de_mirage,5,zorte,3700,800,AWP,AWP,0,0,300,0,300,500
s3-r1-m2-m2-de_mirage,5,FL4MUS,3550,800,M4A1-S,M4A1-S,0,0,300,0,300,500
s3-r1-m2-m2-de_mirage,7,zorte,7950,600,AWP,AWP,0,0,0,0,0,600
s3-r1-m2-m2-de_mirage,7,FL4MUS,5100,800,M4A1-S,M4A1-S,0,0,0,0,0,800
s3-r1-m2-m2-de_mirage,8,zorte,10850,1200,AWP,AWP,0,0,0,400,400,800
s3-r1-m2-m2-de_mirage,8,FL4MUS,8400,800,M4A1-S,AK-47,2700,0,0,0,2700,-1900
s3-r1-m2-m2-de_mirage,9,d1Ledez,8500,800,M4A4,AK-47,2700,0,400,0,3100,-2300
s3-r1-m2-m2-de_mirage,10,FL4MUS,10600,500,M4A1-S,AK-47,2700,0,0,0,2700,-2200
s3-r1-m2-m2-de_mirage,12,zorte,8550,600,AWP,AWP,0,0,0,0,0,600
s3-r1-m2-m2-de_mirage,12,d1Ledez,10400,800,M4A4,AK-47,2700,0,400,0,3100,-2300
s3-r1-m2-m2-de_mirage,17,zorte,3750,300,AK-47,AK-47,0,0,300,0,300,0
s3-r1-m2-m2-de_mirage,17,d1Ledez,4500,300,AK-47,AK-47,0,0,0,0,0,300
s3-r1-m2-m3-de_ancient,5,910,1850,0,AWP,,0,0,0,0,0,0
s3-r1-m2-m3-de_ancient,5,Boombl4,4050,1200,Galil AR,M4A4,2900,0,0,0,2900,-1700
s3-r1-m2-m3-de_ancient,15,d1Ledez,3950,1300,M4A4,M4A4,0,0,800,0,800,500
s3-r1-m2-m3-de_ancient,15,Boombl4,4000,2050,M4A4,M4A4,0,0,1000,400,1400,650
s3-r1-m2-m3-de_ancient,15,Magnojez,4200,1300,MP9,M4A4,2900,0,0,0,2900,-1600
s3-r1-m2-m3-de_ancient,16,zorte,4950,300,M4A4,M4A4,0,0,0,0,0,300
s3-r1-m2-m3-de_ancient,16,Boombl4,5750,800,M4A4,M4A4,0,0,0,0,0,800
s3-r1-m2-m3-de_ancient,16,Magnojez,6700,800,M4A4,M4A4,0,0,0,0,0,800
s3-r1-m2-m3-de_ancient,16,FL4MUS,4700,1200,M4A4,M4A4,0,0,0,400,400,800
s3-r1-m2-m3-de_ancient,18,910,4200,1400,AK-47,AWP,4750,0,300,0,5050,-3650
s3-r1-m2-m3-de_ancient,18,FL4MUS,2800,500,M4A4,M4A4,0,0,300,0,300,200
s3-r1-m2-m3-de_ancient,20,910,3700,1150,AWP,AWP,0,350,400,0,750,400
s3-r1-m2-m3-de_ancient,21,Magnojez,2050,300,M4A4,FAMAS,1950,0,0,400,2350,-2050
s3-r1-m2-m3-de_ancient,21,FL4MUS,2500,500,AK-47,AK-47,0,0,300,0,300,200
s3-r1-m2-m3-de_ancient,23,cobrazera,4150,600,AK-47,AK-47,0,0,500,0,500,100
s3-r1-m3-m1-de_anubis,3,cmtry,3650,1550,MP9,MAC-10,1050,350,1300,400,3100,-1550
s3-r1-m3-m1-de_anubis,4,dem0n,7150,1100,MP9,AK-47,2700,0,0,0,2700,-1600
s3-r1-m3-m1-de_anubis,4,Krabeni,5550,500,Galil AR,MP9,1250,0,500,0,1750,-1250
s3-r1-m3-m1-de_anubis,5,dziugss,5450,800,Galil AR,Galil AR,0,0,0,0,0,800
s3-r1-m3-m1-de_anubis,6,ropz,3950,1000,AK-47,AK-47,0,0,700,0,700,300
s3-r1-m3-m1-de_anubis,6,flameZ,4300,1200,AK-47,AK-47,0,0,700,0,700,500
s3-r1-m3-m1-de_anubis,6,mezii,3850,1200,Galil AR,AK-47,2700,0,0,0,2700,-1500
s3-r1-m3-m1-de_anubis,9,mezii,1900,0,AK-47,,0,0,0,0,0,0
s3-r1-m3-m1-de_anubis,15,ropz,2500,300,MP9,MP9,0,0,300,0,300,0
s3-r1-m3-m1-de_anubis,15,dziugss,3900,1000,Galil AR,Galil AR,0,0,700,0,700,300
s3-r1-m3-m1-de_anubis,15,Krabeni,3900,900,MAC-10,MP9,1250,0,0,0,1250,-350
s3-r1-m3-m1-de_anubis,16,dziugss,6450,400,Galil AR,Galil AR,0,0,0,0,0,400
s3-r1-m3-m1-de_anubis,17,dem0n,5750,700,AK-47,AK-47,0,0,0,0,0,700
s3-r1-m3-m1-de_anubis,17,lauNX,7100,1550,Galil AR,AK-47,2700,0,0,0,2700,-1150
s3-r1-m3-m2-de_overpass,3,apEX,3300,300,Galil AR,Galil AR,0,0,0,0,0,300
s3-r1-m3-m2-de_overpass,3,ropz,3350,900,Galil AR,Galil AR,0,0,300,0,300,600
s3-r1-m3-m2-de_overpass,3,ZywOo,3900,500,AK-47,AK-47,0,0,300,0,300,200
s3-r1-m3-m2-de_overpass,5,apEX,9150,1200,Galil AR,AK-47,2700,0,300,0,3000,-1800
s3-r1-m3-m2-de_overpass,5,ropz,6200,700,AK-47,AK-47,0,0,0,0,0,700
s3-r1-m3-m2-de_overpass,5,flameZ,6200,1100,Galil AR,M4A1-S,2900,0,0,0,2900,-1800
s3-r1-m3-m2-de_overpass,5,mezii,8650,1200,MAC-10,M4A1-S,2900,0,0,0,2900,-1700
s3-r1-m3-m2-de_overpass,8,dziugss,4150,800,M4A4,AK-47,2700,0,0,0,2700,-1900
s3-r1-m3-m2-de_overpass,8,mezii,6100,700,AK-47,AK-47,0,0,0,0,0,700
s3-r1-m3-m2-de_overpass,9,flameZ,6300,900,AK-47,AK-47,0,0,400,0,400,500
s3-r1-m3-m2-de_overpass,10,apEX,9700,800,AK-47,AK-47,0,0,0,0,0,800
s3-r1-m3-m2-de_overpass,15,apEX,3500,1300,M4A4,M4A4,0,0,800,0,800,500
s3-r1-m3-m2-de_overpass,15,mezii,3600,1400,FAMAS,FAMAS,0,0,700,400,1100,300
s3-r1-m3-m3-de_nuke,3,ropz,3900,1300,M4A4,M4A4,0,0,1000,0,1000,300
s3-r1-m3-m3-de_nuke,3,apEX,3850,1100,FAMAS,FAMAS,0,0,800,0,800,300
s3-r1-m3-m3-de_nuke,3,mezii,3900,1700,FAMAS,FAMAS,0,0,700,400,1100,600
s3-r1-m3-m3-de_nuke,4,ropz,6100,600,M4A4,M4A4,0,0,0,0,0,600
s3-r1-m3-m3-de_nuke,4,flameZ,4400,300,MP9,FAMAS,1950,0,0,0,1950,-1650
s3-r1-m3-m3-de_nuke,4,apEX,7150,300,FAMAS,FAMAS,0,0,0,0,0,300
s3-r1-m3-m3-de_nuke,4,ZywOo,7500,900,M4A1-S,M4A1-S,0,0,0,400,400,500
s3-r1-m3-m3-de_nuke,4,mezii,5700,500,FAMAS,MP9,1250,0,0,0,1250,-750
s3-r1-m3-m3-de_nuke,5,ropz,8950,800,M4A4,M4A4,0,0,0,0,0,800
s3-r1-m3-m3-de_nuke,5,dziugss,650,0,AK-47,AK-47,0,0,0,0,0,0
s3-r1-m3-m3-de_nuke,5,mezii,9250,800,MP9,AK-47,2700,0,0,0,2700,-1900
s3-r1-m3-m3-de_nuke,6,apEX,8900,300,M4A4,M4A4,0,0,0,0,0,300
s3-r1-m3-m3-de_nuke,7,flameZ,9150,800,M4A4,AK-47,2700,0,0,0,2700,-1900
s3-r1-m3-m3-de_nuke,12,apEX,3650,2050,M4A1-S,M4A1-S,0,350,800,400,1550,500
s3-r1-m3-m3-de_nuke,12,mezii,3800,1450,M4A4,AK-47,2700,350,700,400,4150,-2700
s3-r1-m3-m3-de_nuke,19,dem0n,5000,300,M4A4,M4A4,0,0,0,0,0,300
s3-r1-m3-m3-de_nuke,20,ropz,4000,700,AK-47,AK-47,0,0,0,0,0,700
s3-r1-m3-m3-de_nuke,20,flameZ,3300,800,AK-47,AK-47,0,0,200,0,200,600
s3-r1-m3-m3-de_nuke,20,ZywOo,4550,500,AK-47,AK-47,0,0,0,0,0,500
s3-r1-m3-m3-de_nuke,20,mezii,3800,700,AK-47,AK-47,0,0,0,0,0,700
s3-r1-m4-m1-de_dust2,3,Spinx,4100,1300,M4A1-S,M4A1-S,0,0,800,0,800,500
s3-r1-m4-m1-de_dust2,3,xertioN,3600,1700,MP9,MP9,0,0,1300,400,1700,0
s3-r1-m4-m1-de_dust2,4,latto,3850,1200,AK-47,AK-47,0,0,900,0,900,300
s3-r1-m4-m1-de_dust2,4,dumau,3850,1100,AK-47,AK-47,0,0,400,0,400,700
s3-r1-m4-m1-de_dust2,4,n1ssim,3800,1100,AK-47,AK-47,0,0,800,0,800,300
s3-r1-m4-m1-de_dust2,4,saadzin,3650,1400,SSG 08,M4A1-S,2900,0,700,0,3600,-2200
s3-r1-m4-m1-de_dust2,6,xertioN,3500,1000,M4A1-S,M4A1-S,0,0,500,400,900,100
s3-r1-m4-m1-de_dust2,7,torzsi,5350,700,AWP,AWP,0,0,200,0,200,500
s3-r1-m4-m1-de_dust2,7,Spinx,3950,800,M4A1-S,AK-47,2700,0,0,0,2700,-1900
s3-r1-m4-m1-de_dust2,7,xelex,4000,300,AK-47,AK-47,0,0,0,0,0,300
s3-r1-m4-m1-de_dust2,8,xertioN,8600,200,M4A1-S,AK-47,2700,0,400,0,3100,-2900
s3-r1-m4-m1-de_dust2,10,arT,4650,500,AK-47,AK-47,0,0,0,0,0,500
s3-r1-m4-m1-de_dust2,10,saadzin,4050,700,AWP,AWP,0,0,0,0,0,700
s3-r1-m4-m1-de_dust2,15,torzsi,3800,2100,SSG 08,AK-47,2700,350,800,0,3850,-1750
s3-r1-m4-m1-de_dust2,15,Spinx,3600,1550,Galil AR,Galil AR,0,350,1200,0,1550,0
s3-r1-m4-m1-de_dust2,16,dumau,2100,300,M4A4,M4A4,0,0,0,0,0,300
s3-r1-m4-m1-de_dust2,18,xertioN,3550,700,Galil AR,M4A1-S,2900,0,0,0,2900,-2200
s3-r1-m4-m2-de_nuke,4,arT,3550,1300,M4A1-S,M4A1-S,0,0,800,0,800,500
s3-r1-m4-m2-de_nuke,5,latto,5250,800,M4A1-S,M4A1-S,0,0,0,0,0,800
s3-r1-m4-m2-de_nuke,5,n1ssim,5650,800,M4A1-S,M4A1-S,0,0,0,0,0,800
s3-r1-m4-m2-de_nuke,6,torzsi,3500,900,AK-47,AK-47,0,0,200,0,200,700
s3-r1-m4-m2-de_nuke,7,n1ssim,4950,300,M4A1-S,AK-47,2700,0,0,0,2700,-2400
s3-r1-m4-m2-de_nuke,7,arT,6650,800,M4A1-S,M4A1-S,0,0,0,0,0,800
s3-r1-m4-m2-de_nuke,7,xelex,50,0,Galil AR,Galil AR,0,0,0,0,0,0
s3-r1-m4-m2-de_nuke,7,saadzin,4000,500,AWP,AWP,0,0,0,0,0,500
s3-r1-m4-m2-de_nuke,10,n1ssim,2100,0,M4A1-S,,0,0,0,0,0,0
s3-r1-m4-m2-de_nuke,11,Brollan,5400,700,AK-47,AK-47,0,0,0,0,0,700
s3-r1-m4-m2-de_nuke,16,torzsi,6050,500,AWP,AWP,0,0,0,0,0,500
s3-r1-m4-m2-de_nuke,16,Brollan,5050,900,M4A1-S,M4A1-S,0,0,0,400,400,500
s3-r1-m4-m2-de_nuke,16,Spinx,6000,700,M4A1-S,M4A1-S,0,0,0,0,0,700
s3-r1-m4-m2-de_nuke,16,xertioN,3850,200,M4A1-S,M4A1-S,0,0,0,0,0,200
s3-r1-m4-m2-de_nuke,16,xelex,4750,1050,MP9,MP9,0,0,0,400,400,650
s3-r1-m4-m2-de_nuke,17,Brollan,7650,800,M4A1-S,AK-47,2700,0,0,0,2700,-1900
s3-r1-m4-m2-de_nuke,17,xelex,8100,1000,MP9,M4A1-S,2900,0,0,0,2900,-1900
s3-r1-m5-m1-de_mirage,4,molodoy,3550,0,M4A1-S,MP9,1250,0,200,0,1450,-1450
s3-r1-m5-m1-de_mirage,4,KSCERATO,3800,1300,M4A4,M4A4,0,0,1000,0,1000,300
s3-r1-m5-m1-de_mirage,4,YEKINDAR,5050,1300,Galil AR,Galil AR,0,0,800,0,800,500
s3-r1-m5-m1-de_mirage,5,KSCERATO,6000,200,M4A4,M4A4,0,0,0,0,0,200
s3-r1-m5-m1-de_mirage,5,YEKINDAR,7550,200,Galil AR,Galil AR,0,0,0,0,0,200
s3-r1-m5-m1-de_mirage,6,kensizor,300,0,AK-47,AK-47,0,0,0,0,0,0
s3-r1-m5-m1-de_mirage,6,KSCERATO,9250,800,M4A4,AK-47,2700,0,0,0,2700,-1900
s3-r1-m5-m1-de_mirage,7,KSCERATO,12800,1200,AK-47,AK-47,0,0,0,400,400,800
s3-r1-m5-m1-de_mirage,9,KSCERATO,13900,500,M4A4,M4A4,0,0,0,0,0,500
s3-r1-m5-m1-de_mirage,9,YEKINDAR,11350,300,AK-47,M4A1-S,2900,0,0,0,2900,-2600
s3-r1-m5-m1-de_mirage,11,YEKINDAR,10750,800,M4A4,AK-47,2700,0,400,0,3100,-2300
s3-r1-m5-m1-de_mirage,15,alex666,3850,800,FAMAS,FAMAS,0,0,0,0,0,800
s3-r1-m5-m1-de_mirage,15,npl,3500,900,M4A1-S,M4A1-S,0,0,300,400,700,200
s3-r1-m5-m1-de_mirage,15,esenthial,4200,1700,M4A4,M4A4,0,0,1000,400,1400,300
s3-r1-m5-m1-de_mirage,15,kensizor,4250,1000,M4A4,M4A4,0,0,700,0,700,300
s3-r1-m5-m1-de_mirage,16,FalleN,100,0,AK-47,,0,0,500,0,500,-500
s3-r1-m5-m1-de_mirage,16,yuurih,150,0,Galil AR,AK-47,2700,0,0,0,2700,-2700
s3-r1-m5-m1-de_mirage,17,yuurih,4250,1200,AK-47,AK-47,0,0,1200,0,1200,0
s3-r1-m5-m1-de_mirage,18,alex666,4700,800,M4A1-S,M4A1-S,0,0,0,0,0,800
s3-r1-m5-m1-de_mirage,18,molodoy,0,0,AK-47,AK-47,0,0,200,0,200,-200
s3-r1-m5-m1-de_mirage,18,kensizor,4200,800,M4A4,M4A4,0,0,0,0,0,800
s3-r1-m5-m1-de_mirage,21,KSCERATO,3900,1200,AK-47,AK-47,0,0,700,0,700,500
s3-r1-m5-m1-de_mirage,22,s1zzi,8300,500,AWP,AWP,0,0,0,0,0,500
s3-r1-m5-m2-de_inferno,3,molodoy,3850,1300,AWP,AWP,0,0,800,0,800,500
s3-r1-m5-m2-de_inferno,3,FalleN,3500,800,MP9,MP9,0,0,0,0,0,800
s3-r1-m5-m2-de_inferno,3,KSCERATO,4450,1700,MP7,AK-47,2700,0,0,400,3100,-1400
s3-r1-m5-m2-de_inferno,5,FalleN,4900,1000,MP9,AK-47,2700,0,400,0,3100,-2100
s3-r1-m5-m2-de_inferno,7,alex666,850,700,AK-47,AK-47,0,0,0,0,0,700
s3-r1-m5-m2-de_inferno,7,yuurih,4100,700,M4A4,AK-47,2700,0,0,0,2700,-2000
s3-r1-m5-m2-de_inferno,7,esenthial,150,0,AK-47,AK-47,0,0,0,0,0,0
s3-r1-m5-m2-de_inferno,7,s1zzi,1300,600,AWP,AWP,0,0,0,0,0,600
s3-r1-m5-m2-de_inferno,8,molodoy,10650,800,AWP,AWP,0,0,0,0,0,800
s3-r1-m5-m2-de_inferno,10,molodoy,3200,300,AWP,AWP,0,0,0,0,0,300
s3-r1-m5-m2-de_inferno,10,npl,4200,1200,AK-47,AK-47,0,0,1200,0,1200,0
s3-r1-m5-m2-de_inferno,11,yuurih,6250,2900,MP9,AK-47,2700,350,700,400,4150,-1250
s3-r1-m5-m2-de_inferno,12,molodoy,8100,500,AWP,AWP,0,0,200,0,200,300
s3-r1-m5-m2-de_inferno,12,KSCERATO,3950,800,M4A4,AK-47,2700,0,0,0,2700,-1900
s3-r1-m5-m2-de_inferno,12,YEKINDAR,7500,800,AK-47,AK-47,0,0,0,0,0,800
s3-r1-m5-m2-de_inferno,16,s1zzi,3000,1900,MP9,FAMAS,1950,0,1000,400,3350,-1450
s3-r1-m6-m1-de_inferno,4,SunPayus,3600,900,Galil AR,Galil AR,0,0,600,0,600,300
s3-r1-m6-m1-de_inferno,7,karrigan,3600,1850,FAMAS,FAMAS,0,350,500,400,1250,600
s3-r1-m6-m1-de_inferno,7,kyousuke,3600,1300,M4A4,M4A4,0,0,700,0,700,600
s3-r1-m6-m1-de_inferno,8,MATYS,3800,1100,Galil AR,Galil AR,0,0,600,0,600,500
s3-r1-m6-m1-de_inferno,12,karrigan,3950,1800,MP9,M4A4,2900,0,0,0,2900,-1100
s3-r1-m6-m1-de_inferno,12,m0NESY,4650,2000,AWP,AWP,0,0,1100,0,1100,900
s3-r1-m6-m1-de_inferno,17,NertZ,5950,400,AK-47,AK-47,0,0,0,0,0,400
s3-r1-m6-m1-de_inferno,17,HeavyGod,5700,900,M4A1-S,M4A1-S,0,0,0,400,400,500
s3-r1-m6-m1-de_inferno,17,SunPayus,5100,300,M4A4,M4A4,0,0,0,0,0,300
s3-r1-m6-m1-de_inferno,19,MATYS,3950,800,M4A1-S,M4A1-S,0,0,0,0,0,800
s3-r1-m6-m1-de_inferno,19,m0NESY,350,300,AK-47,AK-47,0,0,0,0,0,300
s3-r1-m6-m1-de_inferno,20,huNter-,7050,200,M4A1-S,M4A1-S,0,0,0,0,0,200
s3-r1-m6-m1-de_inferno,22,NertZ,11400,800,AK-47,AK-47,0,0,0,0,0,800
s3-r1-m6-m1-de_inferno,23,kyousuke,4650,600,AK-47,AK-47,0,0,300,0,300,300
s3-r1-m6-m2-de_dust2,3,SunPayus,4200,2300,SSG 08,SSG 08,0,350,1300,0,1650,650
s3-r1-m6-m2-de_dust2,5,NiKo,3500,700,FAMAS,AK-47,2700,0,700,0,3400,-2700
s3-r1-m6-m2-de_dust2,6,karrigan,3950,900,AK-47,AK-47,0,0,400,0,400,500
s3-r1-m6-m2-de_dust2,6,kyousuke,5750,800,AK-47,AK-47,0,0,0,0,0,800
s3-r1-m6-m2-de_dust2,6,m0NESY,4850,600,AWP,AWP,0,0,0,0,0,600
s3-r1-m6-m2-de_dust2,6,TeSeS,3350,600,FAMAS,AK-47,2700,0,200,0,2900,-2300
s3-r1-m6-m2-de_dust2,9,kyousuke,3600,700,AK-47,AK-47,0,0,300,0,300,400
s3-r1-m6-m2-de_dust2,11,m0NESY,3800,0,AWP,AWP,0,0,200,0,200,-200
s3-r1-m6-m2-de_dust2,11,TeSeS,3350,1100,AK-47,AK-47,0,0,400,0,400,700
s3-r1-m6-m2-de_dust2,15,MATYS,3700,1100,Galil AR,Galil AR,0,0,400,0,400,700
s3-r1-m6-m2-de_dust2,19,kyousuke,4550,600,M4A4,AK-47,2700,0,400,0,3100,-2500
s3-r1-m6-m2-de_dust2,20,karrigan,4550,600,M4A4,M4A4,0,0,0,0,0,600
s3-r1-m6-m2-de_dust2,20,m0NESY,4650,800,AWP,AWP,0,0,0,0,0,800
s3-r1-m6-m2-de_dust2,20,NiKo,4300,800,AK-47,AK-47,0,0,0,0,0,800
s3-r1-m6-m3-de_ancient,3,NertZ,3300,600,MP7,Galil AR,1800,0,0,0,1800,-1200
s3-r1-m6-m3-de_ancient,3,HeavyGod,4900,1400,MAC-10,MAC-10,0,0,1100,0,1100,300
s3-r1-m6-m3-de_ancient,3,huNter-,3900,700,Galil AR,MP7,1400,0,400,0,1800,-1100
s3-r1-m6-m3-de_ancient,3,SunPayus,3550,900,AK-47,AK-47,0,0,200,0,200,700
s3-r1-m6-m3-de_ancient,4,NertZ,6500,900,Galil AR,M4A4,2900,0,0,0,2900,-2000
s3-r1-m6-m3-de_ancient,4,huNter-,6500,700,MP7,M4A4,2900,0,200,0,3100,-2400
s3-r1-m6-m3-de_ancient,4,SunPayus,6450,700,AK-47,AK-47,0,0,0,0,0,700
s3-r1-m6-m3-de_ancient,4,TeSeS,3250,300,M4A4,M4A4,0,0,300,0,300,0
s3-r1-m6-m3-de_ancient,5,SunPayus,9250,700,AK-47,AK-47,0,0,0,0,0,700
s3-r1-m6-m3-de_ancient,6,m0NESY,3650,700,AWP,AWP,0,0,200,400,600,100
s3-r1-m6-m3-de_ancient,9,m0NESY,4050,1100,AWP,AWP,0,0,300,400,700,400
s3-r1-m6-m3-de_ancient,10,m0NESY,6350,800,AWP,AWP,0,0,0,0,0,800
s3-r1-m6-m3-de_ancient,10,huNter-,150,0,Galil AR,AK-47,2700,0,300,0,3000,-3000
s3-r1-m6-m3-de_ancient,10,SunPayus,300,300,AK-47,AK-47,0,0,0,0,0,300
s3-r1-m6-m3-de_ancient,10,karrigan,5400,800,M4A1-S,M4A1-S,0,0,0,0,0,800
s3-r1-m6-m3-de_ancient,10,TeSeS,3600,500,M4A4,M4A4,0,0,300,0,300,200
s3-r1-m6-m3-de_ancient,17,huNter-,3500,500,AK-47,AK-47,0,0,0,0,0,500
s3-r1-m6-m3-de_ancient,17,MATYS,6600,800,Galil AR,Galil AR,0,0,0,0,0,800
s3-r1-m6-m3-de_ancient,18,HeavyGod,8000,800,M4A1-S,Galil AR,1800,0,400,0,2200,-1400
s3-r1-m6-m3-de_ancient,18,m0NESY,2600,0,AK-47,,0,0,0,0,0,0
s3-r1-m6-m3-de_ancient,18,SunPayus,5450,650,AWP,AWP,0,350,0,0,350,300
s3-r1-m6-m3-de_ancient,18,MATYS,9300,1100,Galil AR,AK-47,2700,0,0,0,2700,-1600
s3-r1-m6-m3-de_ancient,19,SunPayus,8100,800,AWP,AWP,0,0,0,0,0,800
s3-r1-m6-m3-de_ancient,20,m0NESY,3550,1550,AWP,AWP,0,350,700,0,1050,500
s3-r1-m6-m3-de_ancient,21,m0NESY,5450,800,AWP,AWP,0,0,200,0,200,600
s3-r1-m6-m3-de_ancient,22,karrigan,4550,700,AK-47,AK-47,0,0,200,0,200,500
s3-r1-m7-m1-de_nuke,3,MAJ3R,3550,1500,M4A1-S,M4A1-S,0,0,1300,400,1700,-200
s3-r1-m7-m1-de_nuke,3,XANTARES,4150,1700,M4A1-S,M4A1-S,0,0,1300,400,1700,0
s3-r1-m7-m1-de_nuke,5,XANTARES,4200,1700,M4A1-S,AK-47,2700,0,1000,400,4100,-2400
s3-r1-m7-m1-de_nuke,6,MAJ3R,3500,800,M4A1-S,M4A1-S,0,0,0,0,0,800
s3-r1-m7-m1-de_nuke,6,XANTARES,6900,700,AK-47,AK-47,0,0,0,0,0,700
s3-r1-m7-m1-de_nuke,6,soulfly,3550,1100,M4A4,M4A4,0,0,300,0,300,800
s3-r1-m7-m1-de_nuke,6,Wicadia,4750,300,M4A1-S,M4A1-S,0,0,0,0,0,300
s3-r1-m7-m1-de_nuke,7,XANTARES,10000,200,AK-47,AK-47,0,0,0,0,0,200
s3-r1-m7-m1-de_nuke,7,soulfly,6250,300,M4A4,M4A4,0,0,0,0,0,300
s3-r1-m7-m1-de_nuke,8,MAJ3R,5700,1200,M4A1-S,M4A1-S,0,0,0,400,400,800
s3-r1-m7-m1-de_nuke,8,woxic,5400,0,AWP,AWP,0,0,0,0,0,0
s3-r1-m7-m1-de_nuke,8,XANTARES,13300,800,AK-47,AK-47,0,0,0,0,0,800
s3-r1-m7-m1-de_nuke,8,soulfly,9450,1200,M4A4,M4A4,0,0,0,400,400,800
s3-r1-m7-m1-de_nuke,8,Wicadia,11250,500,AK-47,AK-47,0,0,0,0,0,500
s3-r1-m7-m1-de_nuke,10,XANTARES,14800,0,M4A1-S,M4A1-S,0,0,0,0,0,0
s3-r1-m7-m1-de_nuke,10,soulfly,10250,800,M4A4,M4A4,0,0,0,0,0,800
s3-r1-m7-m1-de_nuke,12,Rainwaker,3850,1400,Galil AR,M4A1-S,2900,0,400,0,3300,-1900
s3-r1-m7-m1-de_nuke,15,afro,4200,1350,M4A1-S,M4A1-S,0,350,600,400,1350,0
s3-r1-m7-m1-de_nuke,16,Bymas,4500,300,FAMAS,AK-47,2700,0,0,0,2700,-2400
s3-r1-m7-m1-de_nuke,17,Rainwaker,4350,1100,AK-47,AK-47,0,0,0,400,400,700
s3-r1-m7-m1-de_nuke,19,MAJ3R,150,0,Galil AR,AK-47,2700,0,0,0,2700,-2700
s3-r1-m7-m1-de_nuke,19,AZUWU,3950,800,M4A4,M4A4,0,0,0,0,0,800
s3-r1-m7-m1-de_nuke,19,Bymas,4250,600,M4A1-S,M4A1-S,0,0,0,0,0,600
s3-r1-m7-m1-de_nuke,19,afro,4500,1100,AWP,AWP,0,0,500,0,500,600
s3-r1-m7-m1-de_nuke,19,Wicadia,50,0,AK-47,AK-47,0,0,300,0,300,-300
s3-r1-m7-m1-de_nuke,20,soulfly,4150,1200,Galil AR,AK-47,2700,0,700,0,3400,-2200
s3-r1-m7-m1-de_nuke,20,Wicadia,4150,900,AK-47,AK-47,0,0,700,0,700,200
s3-r1-m7-m1-de_nuke,22,XANTARES,4000,400,AK-47,AK-47,0,0,200,0,200,200
s3-r1-m7-m2-de_anubis,3,soulfly,3600,1100,M4A4,M4A4,0,0,1000,0,1000,100
s3-r1-m7-m2-de_anubis,4,XANTARES,5750,600,M4A1-S,M4A1-S,0,0,0,0,0,600
s3-r1-m7-m2-de_anubis,4,soulfly,6000,200,M4A4,M4A4,0,0,0,0,0,200
s3-r1-m7-m2-de_anubis,6,soulfly,4600,800,M4A4,M4A4,0,0,0,0,0,800
s3-r1-m7-m2-de_anubis,7,afro,3750,1100,AWP,AWP,0,0,400,0,400,700
s3-r1-m7-m2-de_anubis,7,soulfly,5250,300,M4A4,M4A4,0,0,0,0,0,300
s3-r1-m7-m2-de_anubis,7,Wicadia,5900,300,AK-47,AK-47,0,0,0,0,0,300
s3-r1-m7-m2-de_anubis,8,afro,6350,900,AWP,AWP,0,0,300,0,300,600
s3-r1-m7-m2-de_anubis,8,MAJ3R,4300,800,M4A1-S,M4A1-S,0,0,0,0,0,800
s3-r1-m7-m2-de_anubis,9,AZUWU,4550,700,AK-47,AK-47,0,0,0,0,0,700
s3-r1-m7-m2-de_anubis,9,Wicadia,4850,700,M4A1-S,AK-47,2700,0,0,0,2700,-2000
s3-r1-m7-m2-de_anubis,11,Rainwaker,5550,300,AK-47,AK-47,0,0,0,0,0,300
s3-r1-m7-m2-de_anubis,11,afro,3800,700,AWP,AWP,0,0,300,0,300,400
s3-r1-m7-m2-de_anubis,11,Wicadia,1950,0,M4A1-S,,0,0,0,0,0,0
s3-r1-m7-m2-de_anubis,12,afro,6600,700,AWP,AWP,0,0,0,0,0,700
s3-r1-m7-m2-de_anubis,15,XANTARES,3550,1200,AK-47,AK-47,0,0,700,0,700,500
s3-r1-m7-m2-de_anubis,15,soulfly,3950,1000,Galil AR,Galil AR,0,0,500,0,500,500
s3-r1-m7-m2-de_anubis,15,MAJ3R,3650,1200,MAC-10,MAC-10,0,0,1000,0,1000,200
s3-r1-m7-m2-de_anubis,16,XANTARES,5600,700,AK-47,AK-47,0,0,0,0,0,700
s3-r1-m7-m2-de_anubis,16,soulfly,7100,400,Galil AR,Galil AR,0,0,200,0,200,200
s3-r1-m7-m2-de_anubis,17,Rainwaker,3550,700,M4A4,AK-47,2700,0,400,400,3500,-2800
s3-r1-m7-m2-de_anubis,17,afro,4250,1850,M4A4,M4A4,0,350,700,0,1050,800
s3-r1-m7-m2-de_anubis,18,Wicadia,4950,400,AK-47,AK-47,0,0,0,0,0,400
s3-r1-m7-m2-de_anubis,19,woxic,6350,900,AWP,AWP,0,0,400,0,400,500
s3-r1-m7-m2-de_anubis,19,XANTARES,3550,1000,AK-47,AK-47,0,0,400,0,400,600
s3-r1-m7-m2-de_anubis,19,AZUWU,2950,1700,M4A4,M4A4,0,0,500,400,900,800
s3-r1-m7-m2-de_anubis,19,soulfly,7500,800,AK-47,AK-47,0,0,0,0,0,800
s3-r1-m7-m2-de_anubis,19,Wicadia,8350,700,AK-47,AK-47,0,0,0,0,0,700
s3-r1-m8-m1-de_dust2,3,magixx,4800,1100,MAC-10,Galil AR,1800,0,0,0,1800,-700
s3-r1-m8-m1-de_dust2,3,tN1R,4200,1200,Galil AR,Galil AR,0,0,1000,0,1000,200
s3-r1-m8-m1-de_dust2,3,sh1ro,3950,600,Galil AR,MAC-10,1050,0,300,0,1350,-750
s3-r1-m8-m1-de_dust2,3,zont1x,3600,1200,AK-47,AK-47,0,0,400,0,400,800
s3-r1-m8-m1-de_dust2,5,zont1x,8500,1000,AK-47,M4A4,2900,0,0,0,2900,-1900
s3-r1-m8-m1-de_dust2,6,magixx,8150,1100,AK-47,AK-47,0,0,400,0,400,700
s3-r1-m8-m1-de_dust2,6,sh1ro,11300,200,AWP,AWP,0,0,0,0,0,200
s3-r1-m8-m1-de_dust2,7,tN1R,6100,900,AK-47,AK-47,0,0,300,0,300,600
s3-r1-m8-m1-de_dust2,7,donk,11600,0,AK-47,AK-47,0,0,0,0,0,0
s3-r1-m8-m1-de_dust2,7,sh1ro,14450,700,AWP,AWP,0,0,0,0,0,700
s3-r1-m8-m1-de_dust2,7,zont1x,9100,600,AK-47,AK-47,0,0,0,0,0,600
s3-r1-m8-m1-de_dust2,9,magixx,10450,800,AWP,AK-47,2700,0,0,0,2700,-1900
s3-r1-m8-m1-de_dust2,9,donk,13750,800,AK-47,AK-47,0,0,0,0,0,800
s3-r1-m8-m1-de_dust2,10,tN1R,11600,900,AK-47,AK-47,0,0,300,0,300,600
s3-r1-m8-m1-de_dust2,11,b1t,5050,2250,MP9,AK-47,2700,350,400,400,3850,-1600
s3-r1-m8-m2-de_anubis,3,iM,3800,1400,M4A4,M4A4,0,0,500,400,900,500
s3-r1-m8-m2-de_anubis,3,w0nderful,3850,400,M4A4,M4A4,0,0,0,0,0,400
s3-r1-m8-m2-de_anubis,3,Aleksib,3500,1300,M4A1-S,M4A1-S,0,0,800,0,800,500
s3-r1-m8-m2-de_anubis,7,Aleksib,3100,200,M4A1-S,MP9,1250,0,300,0,1550,-1350
s3-r1-m8-m2-de_anubis,9,tN1R,6100,400,AK-47,AK-47,0,0,0,0,0,400
s3-r1-m8-m2-de_anubis,10,w0nderful,5250,1300,AWP,AWP,0,0,1000,0,1000,300
s3-r1-m8-m2-de_anubis,15,w0nderful,3300,400,Galil AR,Galil AR,0,0,0,0,0,400
s3-r1-m8-m2-de_anubis,15,b1t,4300,500,Galil AR,Galil AR,0,0,500,0,500,0
s3-r1-m8-m2-de_anubis,16,makazze,4950,500,AK-47,M4A1-S,2900,0,200,0,3100,-2600
s3-r1-m8-m2-de_anubis,18,sh1ro,2700,0,AWP,,0,0,0,0,0,0
s3-r1-m8-m2-de_anubis,18,b1t,3650,1000,AK-47,AK-47,0,0,400,0,400,600
s3-r1-m8-m2-de_anubis,20,sh1ro,3600,1150,AWP,AWP,0,350,500,0,850,300
s3-r2-l1-m1-de_mirage,4,esenthial,350,0,AK-47,AK-47,0,0,0,0,0,0
s3-r2-l1-m1-de_mirage,5,cobrazera,5750,600,AK-47,AK-47,0,0,0,0,0,600
s3-r2-l1-m1-de_mirage,6,esenthial,350,300,AK-47,AK-47,0,0,300,0,300,0
s3-r2-l1-m1-de_mirage,6,s1zzi,50,0,AWP,AWP,0,0,0,0,0,0
s3-r2-l1-m1-de_mirage,8,cobrazera,10200,300,AK-47,AK-47,0,0,0,0,0,300
s3-r2-l1-m1-de_mirage,8,esenthial,50,0,Galil AR,Galil AR,0,0,0,0,0,0
s3-r2-l1-m1-de_mirage,9,910,10800,800,AWP,AWP,0,0,0,0,0,800
s3-r2-l1-m1-de_mirage,9,esenthial,4150,1200,Galil AR,AK-47,2700,0,600,0,3300,-2100
s3-r2-l1-m1-de_mirage,10,cobrazera,9300,800,M4A4,M4A4,0,0,0,0,0,800
s3-r2-l1-m1-de_mirage,10,bLitz,5350,800,M4A4,M4A4,0,0,0,400,400,400
s3-r2-l1-m1-de_mirage,11,esenthial,750,700,AK-47,AK-47,0,0,0,0,0,700
s3-r2-l1-m1-de_mirage,11,s1zzi,600,600,AWP,AWP,0,0,300,0,300,300
s3-r2-l1-m1-de_mirage,15,esenthial,3900,1400,M4A4,M4A4,0,0,500,400,900,500
s3-r2-l1-m1-de_mirage,15,npl,3600,800,M4A1-S,M4A1-S,0,0,500,0,500,300
s3-r2-l1-m1-de_mirage,18,esenthial,3850,1300,M4A1-S,M4A1-S,0,0,500,0,500,800
s3-r2-l1-m1-de_mirage,18,npl,4800,1200,AK-47,AK-47,0,0,300,400,700,500
s3-r2-l1-m1-de_mirage,20,s1zzi,4450,0,AWP,AWP,0,0,0,0,0,0
s3-r2-l1-m1-de_mirage,20,npl,5300,500,M4A1-S,M4A1-S,0,0,0,0,0,500
s3-r2-l1-m1-de_mirage,20,kensizor,5150,800,M4A1-S,M4A1-S,0,0,0,0,0,800
s3-r2-l1-m1-de_mirage,21,910,3600,750,AWP,AWP,0,350,400,0,750,0
s3-r2-l1-m1-de_mirage,22,s1zzi,3850,600,AWP,AWP,0,0,0,0,0,600
s3-r2-l1-m1-de_mirage,22,npl,5100,800,M4A1-S,M4A1-S,0,0,0,0,0,800
s3-r2-l1-m1-de_mirage,23,esenthial,8600,800,M4A4,AK-47,2700,0,400,0,3100,-2300
s3-r2-l1-m1-de_mirage,23,kensizor,7750,1200,AK-47,AK-47,0,0,0,400,400,800
s3-r2-l1-m2-de_overpass,3,910,3400,0,AK-47,AK-47,0,0,0,0,0,0
s3-r2-l1-m2-de_overpass,3,Techno4K,3800,200,MAC-10,MAC-10,0,0,0,0,0,200
s3-r2-l1-m2-de_overpass,3,Mzinho,4900,300,MAC-10,MAC-10,0,0,0,0,0,300
s3-r2-l1-m2-de_overpass,4,910,6650,500,AK-47,AK-47,0,0,0,0,0,500
s3-r2-l1-m2-de_overpass,4,bLitz,5700,800,AK-47,AK-47,0,0,0,0,0,800
s3-r2-l1-m2-de_overpass,5,910,10250,600,AK-47,AK-47,0,0,0,0,0,600
s3-r2-l1-m2-de_overpass,5,cobrazera,8550,200,M4A1-S,M4A1-S,0,0,0,0,0,200
s3-r2-l1-m2-de_overpass,5,Techno4K,10450,700,M4A4,M4A4,0,0,0,0,0,700
s3-r2-l1-m2-de_overpass,5,Mzinho,7050,400,AK-47,AK-47,0,0,0,0,0,400
s3-r2-l1-m2-de_overpass,5,bLitz,8700,200,AK-47,AK-47,0,0,0,0,0,200
s3-r2-l1-m2-de_overpass,9,s1zzi,3900,1850,AWP,AWP,0,350,500,400,1250,600
s3-r2-l1-m2-de_overpass,11,910,5750,0,AWP,AWP,0,0,0,0,0,0
s3-r2-l1-m2-de_overpass,11,Mzinho,5550,700,AK-47,AK-47,0,0,0,0,0,700
s3-r2-l1-m2-de_overpass,12,cobrazera,6250,600,AK-47,AK-47,0,0,0,0,0,600
s3-r2-l1-m2-de_overpass,15,910,3600,800,M4A4,M4A1-S,2900,0,1300,0,4200,-3400
s3-r2-l1-m2-de_overpass,15,cobrazera,3850,800,M4A1-S,M4A1-S,0,0,700,0,700,100
s3-r2-l1-m2-de_overpass,16,kensizor,550,500,AK-47,AK-47,0,0,0,0,0,500
s3-r2-l1-m2-de_overpass,16,alex666,600,600,AK-47,AK-47,0,0,400,0,400,200
s3-r2-l1-m2-de_overpass,16,s1zzi,650,500,AK-47,AK-47,0,0,0,0,0,500
s3-r2-l2-m1-de_mirage,6,nota,3450,2050,M4A1-S,M4A1-S,0,350,1000,400,1750,300
s3-r2-l2-m1-de_mirage,6,Bymas,650,600,AK-47,AK-47,0,0,300,0,300,300
s3-r2-l2-m1-de_mirage,6,Jame,3550,1600,AWP,AWP,0,1000,300,0,1300,300
s3-r2-l2-m1-de_mirage,7,Jame,5650,600,AWP,AWP,0,0,0,0,0,600
s3-r2-l2-m1-de_mirage,7,xiELO,6450,1000,AK-47,AK-47,0,0,500,0,500,500
s3-r2-l2-m1-de_mirage,7,BELCHONOKK,3850,500,AK-47,AK-47,0,0,0,0,0,500
s3-r2-l2-m1-de_mirage,7,zweih,5000,300,M4A4,M4A1-S,2900,0,0,0,2900,-2600
s3-r2-l2-m1-de_mirage,8,Jame,8450,500,AWP,AWP,0,0,700,0,700,-200
s3-r2-l2-m1-de_mirage,8,BELCHONOKK,6850,0,AK-47,AK-47,0,0,0,0,0,0
s3-r2-l2-m1-de_mirage,9,Gizmy,3650,0,Galil AR,,0,0,0,0,0,0
s3-r2-l2-m1-de_mirage,9,zweih,11200,1000,M4A1-S,M4A4,2900,0,0,0,2900,-1900
s3-r2-l2-m1-de_mirage,10,Jame,13800,300,AWP,AWP,0,0,0,0,0,300
s3-r2-l2-m1-de_mirage,10,BELCHONOKK,9400,300,M4A4,AK-47,2700,0,0,0,2700,-2400
s3-r2-l2-m1-de_mirage,11,nota,11300,800,AK-47,AK-47,0,0,400,0,400,400
s3-r2-l2-m1-de_mirage,11,afro,800,0,AWP,AWP,0,0,0,0,0,0
s3-r2-l2-m1-de_mirage,15,Gizmy,3550,1100,FAMAS,FAMAS,0,0,800,0,800,300
s3-r2-l2-m1-de_mirage,15,Bymas,3600,2050,M4A1-S,M4A1-S,0,350,1300,400,2050,0
s3-r2-l2-m1-de_mirage,15,AZUWU,4100,1100,M4A4,M4A4,0,0,500,0,500,600
s3-r2-l2-m1-de_mirage,15,afro,7000,1700,MP9,MP9,0,0,1300,400,1700,0
s3-r2-l2-m1-de_mirage,16,Gizmy,5850,800,FAMAS,AK-47,2700,0,0,0,2700,-1900
s3-r2-l2-m1-de_mirage,16,Bymas,4950,800,M4A1-S,M4A1-S,0,0,400,0,400,400
s3-r2-l2-m1-de_mirage,16,Jame,300,300,AK-47,AK-47,0,0,0,0,0,300
s3-r2-l2-m1-de_mirage,16,Rainwaker,5600,1200,M4A4,M4A4,0,0,0,400,400,800
s3-r2-l2-m1-de_mirage,16,BELCHONOKK,0,0,AK-47,AK-47,0,0,0,0,0,0
s3-r2-l2-m1-de_mirage,17,Jame,300,300,AK-47,AK-47,0,0,0,0,0,300
s3-r2-l2-m2-de_ancient,3,Rainwaker,4200,1650,FAMAS,FAMAS,0,350,800,0,1150,500
s3-r2-l2-m2-de_ancient,4,Bymas,6250,300,AK-47,AK-47,0,0,0,0,0,300
s3-r2-l2-m2-de_ancient,4,afro,4300,1200,AK-47,AK-47,0,0,0,400,400,800
s3-r2-l2-m2-de_ancient,4,Gizmy,6150,700,M4A4,M4A4,0,0,0,0,0,700
s3-r2-l2-m2-de_ancient,4,Rainwaker,6050,400,FAMAS,FAMAS,0,0,0,400,400,0
s3-r2-l2-m2-de_ancient,5,Rainwaker,9700,200,FAMAS,AK-47,2700,0,0,0,2700,-2500
s3-r2-l2-m2-de_ancient,8,Rainwaker,14000,800,M4A4,AK-47,2700,0,0,0,2700,-1900
s3-r2-l2-m2-de_ancient,9,xiELO,4750,1200,AK-47,AK-47,0,0,900,0,900,300
s3-r2-l2-m2-de_ancient,11,afro,5400,4050,M4A4,AWP,4750,350,1300,400,6800,-2750
s3-r2-l2-m2-de_ancient,16,xiELO,6150,600,Galil AR,Galil AR,0,0,0,400,400,200
s3-r2-l2-m2-de_ancient,16,nota,3900,800,M4A1-S,M4A1-S,0,0,0,0,0,800
s3-r2-l2-m2-de_ancient,16,BELCHONOKK,4750,1100,FAMAS,FAMAS,0,0,800,0,800,300
s3-r2-l2-m2-de_ancient,16,zweih,3550,1400,MP7,MP7,0,0,200,400,600,800
s3-r2-l2-m2-de_ancient,16,Jame,4150,600,M4A1-S,M4A1-S,0,0,0,0,0,600
s3-r2-l2-m2-de_ancient,17,BELCHONOKK,7450,1100,FAMAS,M4A1-S,2900,0,0,0,2900,-1800
s3-r2-l2-m2-de_ancient,19,Gizmy,700,0,AK-47,AK-47,0,0,0,0,0,0
s3-r2-l2-m2-de_ancient,20,BELCHONOKK,3800,1300,M4A1-S,M4A1-S,0,0,800,0,800,500
s3-r2-l2-m2-de_ancient,20,Jame,4100,800,AWP,AWP,0,0,200,0,200,600
s3-r2-l2-m2-de_ancient,22,nota,2000,1700,FAMAS,M4A1-S,2900,0,1000,400,4300,-2600
s3-r2-l2-m3-de_inferno,3,Rainwaker,3550,700,MP7,MP7,0,0,300,0,300,400
s3-r2-l2-m3-de_inferno,3,afro,3950,1000,Galil AR,Galil AR,0,0,300,0,300,700
s3-r2-l2-m3-de_inferno,3,Bymas,3800,200,Galil AR,Galil AR,0,0,200,0,200,0
s3-r2-l2-m3-de_inferno,3,Gizmy,4100,1000,Galil AR,Galil AR,0,0,300,0,300,700
s3-r2-l2-m3-de_inferno,3,AZUWU,3650,500,Galil AR,Galil AR,0,0,500,0,500,0
s3-r2-l2-m3-de_inferno,4,afro,6800,500,Galil AR,Galil AR,0,0,200,0,200,300
s3-r2-l2-m3-de_inferno,4,Gizmy,6950,700,Galil AR,Galil AR,0,0,0,0,0,700
s3-r2-l2-m3-de_inferno,5,Bymas,6750,400,AK-47,AK-47,0,0,0,0,0,400
s3-r2-l2-m3-de_inferno,5,Gizmy,9750,700,Galil AR,AK-47,2700,0,0,0,2700,-2000
s3-r2-l2-m3-de_inferno,5,AZUWU,5000,400,AK-47,AK-47,0,0,0,0,0,400
s3-r2-l2-m3-de_inferno,7,BELCHONOKK,3600,2050,M4A4,M4A4,0,350,500,400,1250,800
s3-r2-l2-m3-de_inferno,7,Jame,4150,0,AWP,AWP,0,0,0,0,0,0
s3-r2-l2-m3-de_inferno,8,AZUWU,2500,800,AK-47,AK-47,0,0,0,0,0,800
s3-r2-l2-m3-de_inferno,9,afro,8350,1100,AWP,AWP,0,0,400,0,400,700
s3-r2-l2-m3-de_inferno,9,Gizmy,5550,600,AK-47,AK-47,0,0,300,0,300,300
s3-r2-l2-m3-de_inferno,9,xiELO,2950,700,M4A4,M4A4,0,0,300,400,700,0
s3-r2-l2-m3-de_inferno,11,afro,7400,700,AWP,AWP,0,0,200,0,200,500
s3-r2-l2-m3-de_inferno,16,Gizmy,2650,0,MP9,,0,0,0,0,0,0
s3-r2-l2-m3-de_inferno,17,Jame,4800,1200,AK-47,AWP,4750,0,200,0,4950,-3750
s3-r2-l2-m3-de_inferno,18,Jame,7300,900,AWP,AWP,0,0,300,0,300,600
s3-r2-l3-m1-de_overpass,3,cmtry,4400,1100,MP9,MP9,0,0,300,0,300,800
s3-r2-l3-m1-de_overpass,4,lauNX,3750,800,M4A4,M4A4,0,0,0,0,0,800
s3-r2-l3-m1-de_overpass,5,huNter-,3500,300,AK-47,AK-47,0,0,0,0,0,300
s3-r2-l3-m1-de_overpass,6,cmtry,2600,0,AWP,,0,0,0,0,0,0
s3-r2-l3-m1-de_overpass,7,MATYS,4750,600,AK-47,AK-47,0,0,0,0,0,600
s3-r2-l3-m1-de_overpass,7,SunPayus,4700,400,AWP,AWP,0,0,0,0,0,400
s3-r2-l3-m1-de_overpass,8,cmtry,2950,0,M4A4,M4A4,0,0,0,0,0,0
s3-r2-l3-m1-de_overpass,8,lauNX,3100,800,M4A4,M4A4,0,0,200,0,200,600
s3-r2-l3-m1-de_overpass,8,Krabeni,2950,800,M4A1-S,M4A1-S,0,0,0,0,0,800
s3-r2-l3-m1-de_overpass,8,SunPayus,7800,0,AWP,AWP,0,0,0,0,0,0
s3-r2-l3-m1-de_overpass,9,huNter-,9750,900,AK-47,AK-47,0,0,300,0,300,600
s3-r2-l3-m1-de_overpass,9,HeavyGod,9500,800,AK-47,AK-47,0,0,200,0,200,600
s3-r2-l3-m1-de_overpass,11,MATYS,4650,700,AK-47,AK-47,0,0,0,0,0,700
s3-r2-l3-m1-de_overpass,12,NertZ,6550,800,AK-47,AK-47,0,0,200,0,200,600
s3-r2-l3-m1-de_overpass,16,HeavyGod,4600,1300,MP9,Galil AR,1800,0,0,0,1800,-500
s3-r2-l3-m1-de_overpass,17,HeavyGod,6800,1100,Galil AR,Galil AR,0,0,0,400,400,700
s3-r2-l3-m1-de_overpass,17,MATYS,7450,800,FAMAS,M4A1-S,2900,0,0,0,2900,-2100
s3-r2-l3-m1-de_overpass,17,NertZ,6000,300,AK-47,AK-47,0,0,0,0,0,300
s3-r2-l3-m1-de_overpass,18,HeavyGod,9500,1300,Galil AR,AK-47,2700,0,0,0,2700,-1400
s3-r2-l3-m2-de_ancient,3,dem0n,3950,1200,Galil AR,Galil AR,0,0,1200,0,1200,0
s3-r2-l3-m2-de_ancient,6,dem0n,4450,600,AK-47,AK-47,0,0,0,0,0,600
s3-r2-l3-m2-de_ancient,6,lauNX,6600,1850,Galil AR,M4A1-S,2900,0,0,0,2900,-1050
s3-r2-l3-m2-de_ancient,6,Krabeni,5550,400,AK-47,AK-47,0,0,0,0,0,400
s3-r2-l3-m2-de_ancient,8,MATYS,3650,1750,M4A1-S,M4A4,2900,350,200,400,3850,-2100
s3-r2-l3-m2-de_ancient,8,huNter-,4350,800,M4A1-S,AK-47,2700,0,300,0,3000,-2200
s3-r2-l3-m2-de_ancient,9,huNter-,6850,300,AK-47,AK-47,0,0,0,0,0,300
s3-r2-l3-m2-de_ancient,15,cmtry,4100,3350,MP9,AK-47,2700,350,700,0,3750,-400
s3-r2-l3-m2-de_ancient,16,dziugss,6550,300,Galil AR,Galil AR,0,0,0,0,0,300
s3-r2-l3-m2-de_ancient,16,cmtry,4300,800,AK-47,AK-47,0,0,0,400,400,400
s3-r2-l3-m2-de_ancient,17,dem0n,4050,700,M4A4,M4A4,0,0,0,400,400,300
s3-r2-l3-m2-de_ancient,18,lauNX,8800,800,M4A4,AK-47,2700,0,0,0,2700,-1900
s3-r2-l3-m2-de_ancient,19,dem0n,5150,500,M4A4,AK-47,2700,0,300,0,3000,-2500
s3-r2-l3-m3-de_mirage,3,HeavyGod,450,400,Galil AR,Galil AR,0,0,0,0,0,400
s3-r2-l3-m3-de_mirage,4,HeavyGod,3850,1100,Galil AR,Galil AR,0,0,1100,0,1100,0
s3-r2-l3-m3-de_mirage,6,huNter-,4850,300,Galil AR,AK-47,2700,0,0,0,2700,-2400
s3-r2-l3-m3-de_mirage,6,MATYS,5600,700,AK-47,AK-47,0,0,0,0,0,700
s3-r2-l3-m3-de_mirage,6,SunPayus,4200,600,AK-47,AK-47,0,0,200,0,200,400
s3-r2-l3-m3-de_mirage,11,dem0n,4100,1800,MP9,AK-47,2700,350,0,0,3050,-1250
s3-r2-l3-m3-de_mirage,16,huNter-,1900,0,MP9,MP9,0,0,0,0,0,0
s3-r2-l3-m3-de_mirage,16,cmtry,3550,900,AK-47,M4A4,2900,0,400,0,3300,-2400
s3-r2-l3-m3-de_mirage,16,SunPayus,2050,0,SSG 08,SSG 08,0,0,0,0,0,0
s3-r2-l3-m3-de_mirage,16,dem0n,5200,300,FAMAS,FAMAS,0,0,0,0,0,300
s3-r2-l3-m3-de_mirage,18,huNter-,4150,1500,M4A1-S,M4A1-S,0,0,800,400,1200,300
s3-r2-l3-m3-de_mirage,18,HeavyGod,3850,1100,M4A1-S,M4A1-S,0,0,1000,0,1000,100
s3-r2-l3-m3-de_mirage,18,SunPayus,3700,1300,M4A1-S,M4A1-S,0,0,1000,0,1000,300
s3-r2-l3-m3-de_mirage,22,SunPayus,5550,900,AWP,AWP,0,0,500,400,900,0
s3-r2-l4-m1-de_inferno,5,arT,1950,0,MAC-10,,0,0,0,0,0,0
s3-r2-l4-m1-de_inferno,5,iM,5150,800,M4A1-S,M4A1-S,0,0,0,0,0,800
s3-r2-l4-m1-de_inferno,6,b1t,6950,1100,FAMAS,M4A1-S,2900,0,0,400,3300,-2200
s3-r2-l4-m1-de_inferno,8,w0nderful,5950,500,AWP,AWP,0,0,0,0,0,500
s3-r2-l4-m1-de_inferno,9,w0nderful,7350,800,AWP,AWP,0,0,0,0,0,800
s3-r2-l4-m1-de_inferno,12,Aleksib,5250,300,M4A1-S,AK-47,2700,0,400,0,3100,-2800
s3-r2-l4-m1-de_inferno,15,w0nderful,4300,500,Galil AR,Galil AR,0,0,0,0,0,500
s3-r2-l4-m1-de_inferno,15,b1t,3650,900,AK-47,AK-47,0,0,500,0,500,400
s3-r2-l4-m1-de_inferno,15,Aleksib,4450,0,MAC-10,MAC-10,0,0,0,0,0,0
s3-r2-l4-m1-de_inferno,15,iM,3850,1100,AK-47,AK-47,0,0,400,0,400,700
s3-r2-l4-m1-de_inferno,16,iM,6850,300,AK-47,AK-47,0,0,300,0,300,0
s3-r2-l4-m1-de_inferno,17,arT,4200,1300,M4A4,M4A4,0,0,1000,0,1000,300
s3-r2-l4-m2-de_ancient,4,w0nderful,6900,800,Galil AR,AK-47,2700,0,0,0,2700,-1900
s3-r2-l4-m2-de_ancient,10,dumau,8400,1000,AK-47,M4A1-S,2900,0,0,0,2900,-1900
s3-r2-l4-m2-de_ancient,10,saadzin,6750,300,AWP,AWP,0,0,0,0,0,300
s3-r2-l4-m2-de_ancient,10,latto,7650,500,AK-47,AK-47,0,0,0,0,0,500
s3-r2-l4-m2-de_ancient,11,iM,4200,1200,AK-47,AK-47,0,0,800,0,800,400
s3-r2-l4-m2-de_ancient,12,w0nderful,1000,700,AWP,AWP,0,0,0,0,0,700
s3-r2-l4-m2-de_ancient,12,saadzin,4000,850,AWP,AWP,0,350,0,0,350,500
s3-r2-l4-m2-de_ancient,15,makazze,4050,1000,M4A1-S,M4A1-S,0,0,500,0,500,500
s3-r2-l4-m2-de_ancient,15,Aleksib,4950,1400,MP9,Galil AR,1800,0,0,400,2200,-800
s3-r2-l4-m2-de_ancient,15,b1t,3750,1000,FAMAS,FAMAS,0,0,200,0,200,800
s3-r2-l4-m2-de_ancient,16,makazze,6550,800,M4A1-S,M4A1-S,0,0,0,0,0,800
s3-r2-l4-m2-de_ancient,16,b1t,6250,800,FAMAS,FAMAS,0,0,0,0,0,800
s3-r2-l4-m2-de_ancient,18,w0nderful,3600,2050,AWP,AWP,0,350,800,400,1550,500
s3-r2-l4-m2-de_ancient,21,w0nderful,4000,1550,AWP,AWP,0,350,800,400,1550,0
s3-r2-l4-m2-de_ancient,23,arT,3900,1100,AK-47,AK-47,0,0,600,0,600,500
s3-r2-l4-m2-de_ancient,23,latto,3250,700,AK-47,AK-47,0,0,0,0,0,700
s3-r2-w1-m1-de_nuke,3,molodoy,3700,500,M4A1-S,M4A1-S,0,0,0,0,0,500
s3-r2-w1-m1-de_nuke,3,YEKINDAR,3650,1000,MP7,MP7,0,0,700,0,700,300
s3-r2-w1-m1-de_nuke,3,KSCERATO,5500,300,MP7,MP7,0,0,0,0,0,300
s3-r2-w1-m1-de_nuke,6,xertioN,3900,300,AK-47,AK-47,0,0,0,0,0,300
s3-r2-w1-m1-de_nuke,7,molodoy,2350,300,AWP,AWP,0,0,0,0,0,300
s3-r2-w1-m1-de_nuke,8,molodoy,5750,1700,AWP,AWP,0,0,1300,400,1700,0
s3-r2-w1-m1-de_nuke,9,yuurih,7100,500,AK-47,AK-47,0,0,0,0,0,500
s3-r2-w1-m1-de_nuke,9,KSCERATO,7400,300,AK-47,AK-47,0,0,400,400,800,-500
s3-r2-w1-m1-de_nuke,11,xelex,3600,500,AK-47,AK-47,0,0,0,0,0,500
s3-r2-w1-m1-de_nuke,11,xertioN,6650,900,M4A1-S,M4A1-S,0,0,200,0,200,700
s3-r2-w1-m1-de_nuke,11,molodoy,2250,600,AWP,AWP,0,0,0,0,0,600
s3-r2-w1-m1-de_nuke,16,YEKINDAR,4400,700,AK-47,AK-47,0,0,200,0,200,500
s3-r2-w1-m1-de_nuke,16,molodoy,3350,900,Galil AR,Galil AR,0,0,600,0,600,300
s3-r2-w1-m2-de_inferno,3,molodoy,1000,900,Galil AR,AK-47,2700,0,400,0,3100,-2200
s3-r2-w1-m2-de_inferno,4,torzsi,3900,1300,M4A1-S,M4A1-S,0,0,800,0,800,500
s3-r2-w1-m2-de_inferno,4,Spinx,4200,1300,M4A1-S,M4A1-S,0,0,800,0,800,500
s3-r2-w1-m2-de_inferno,4,xelex,3550,800,MP9,MP9,0,0,500,0,500,300
s3-r2-w1-m2-de_inferno,7,YEKINDAR,800,700,AK-47,AK-47,0,0,0,0,0,700
s3-r2-w1-m2-de_inferno,9,Brollan,7850,1300,M4A4,M4A4,0,350,0,400,750,550
s3-r2-w1-m2-de_inferno,9,KSCERATO,1100,700,AK-47,AK-47,0,0,0,0,0,700
s3-r2-w1-m2-de_inferno,10,xertioN,9700,1000,AK-47,AK-47,0,0,500,0,500,500
s3-r2-w1-m2-de_inferno,15,Spinx,3500,1000,Galil AR,Galil AR,0,0,300,0,300,700
s3-r2-w1-m3-de_overpass,3,yuurih,4400,1100,FAMAS,FAMAS,0,0,1100,0,1100,0
s3-r2-w1-m3-de_overpass,3,KSCERATO,3550,800,FAMAS,FAMAS,0,0,500,0,500,300
s3-r2-w1-m3-de_overpass,3,molodoy,4450,800,M4A1-S,M4A1-S,0,0,500,0,500,300
s3-r2-w1-m3-de_overpass,4,KSCERATO,7100,1300,FAMAS,AK-47,2700,0,0,0,2700,-1400
s3-r2-w1-m3-de_overpass,6,KSCERATO,9650,800,AK-47,AK-47,0,0,0,0,0,800
s3-r2-w1-m3-de_overpass,6,molodoy,7000,1400,AWP,AWP,0,0,1000,0,1000,400
s3-r2-w1-m3-de_overpass,7,molodoy,9100,700,AWP,AWP,0,0,300,0,300,400
s3-r2-w1-m3-de_overpass,7,YEKINDAR,10800,1000,AK-47,AK-47,0,0,800,0,800,200
s3-r2-w1-m3-de_overpass,15,molodoy,4250,3800,Galil AR,AWP,4750,0,800,0,5550,-1750
s3-r2-w1-m3-de_overpass,16,molodoy,550,500,AWP,AWP,0,0,0,0,0,500
s3-r2-w1-m3-de_overpass,17,KSCERATO,2200,0,Galil AR,,0,0,0,0,0,0
s3-r2-w1-m3-de_overpass,19,xertioN,2650,300,M4A1-S,M4A1-S,0,0,0,0,0,300
s3-r2-w1-m3-de_overpass,19,molodoy,3850,1100,Galil AR,M4A1-S,2900,0,0,0,2900,-1800
s3-r2-w1-m3-de_overpass,19,YEKINDAR,4250,1100,AK-47,AK-47,0,0,800,0,800,300
s3-r2-w1-m3-de_overpass,19,FalleN,3900,1100,AK-47,AK-47,0,0,400,0,400,700
s3-r2-w1-m3-de_overpass,20,torzsi,3750,1000,AWP,AWP,0,0,500,0,500,500
s3-r2-w2-m1-de_nuke,4,kyousuke,4700,1100,AK-47,AK-47,0,0,500,0,500,600
s3-r2-w2-m1-de_nuke,4,TeSeS,3800,1000,Galil AR,Galil AR,0,0,200,0,200,800
s3-r2-w2-m1-de_nuke,5,TeSeS,6900,1100,Galil AR,AK-47,2700,0,0,0,2700,-1600
s3-r2-w2-m1-de_nuke,6,m0NESY,9000,800,AK-47,AK-47,0,0,0,0,0,800
s3-r2-w2-m1-de_nuke,7,FL4MUS,3850,900,AK-47,AK-47,0,0,400,0,400,500
s3-r2-w2-m1-de_nuke,7,TeSeS,9650,800,AK-47,AK-47,0,0,0,0,0,800
s3-r2-w2-m1-de_nuke,8,kyousuke,4600,600,M4A4,AK-47,2700,0,0,400,3100,-2500
s3-r2-w2-m1-de_nuke,15,kyousuke,3600,1100,Galil AR,Galil AR,0,0,600,0,600,500
s3-r2-w2-m1-de_nuke,15,karrigan,4250,1200,MP7,MP7,0,0,500,0,500,700
s3-r2-w2-m1-de_nuke,15,zorte,2550,0,SSG 08,SSG 08,0,0,200,0,200,-200
s3-r2-w2-m1-de_nuke,16,kyousuke,5750,1000,Galil AR,AK-47,2700,0,300,0,3000,-2000
s3-r2-w2-m1-de_nuke,16,karrigan,6900,700,MP7,MP7,0,0,200,0,200,500
s3-r2-w2-m1-de_nuke,16,TeSeS,5200,700,MP5-SD,MP5-SD,0,0,0,0,0,700
s3-r2-w2-m1-de_nuke,16,m0NESY,5150,400,AK-47,AK-47,0,0,0,0,0,400
s3-r2-w2-m1-de_nuke,18,d1Ledez,4200,600,FAMAS,AK-47,2700,0,200,0,2900,-2300
s3-r2-w2-m1-de_nuke,18,zorte,4550,1100,AWP,AWP,0,0,500,0,500,600
s3-r2-w2-m1-de_nuke,22,zorte,6850,300,AWP,AK-47,2700,0,0,0,2700,-2400
s3-r2-w2-m1-de_nuke,23,d1Ledez,9750,800,M4A4,AK-47,2700,0,0,0,2700,-1900
s3-r2-w2-m2-de_ancient,3,zorte,3650,1000,M4A4,M4A4,0,0,500,0,500,500
s3-r2-w2-m2-de_ancient,3,FL4MUS,3950,1200,M4A4,M4A4,0,0,1000,0,1000,200
s3-r2-w2-m2-de_ancient,3,Boombl4,5400,1000,MP9,MP9,0,0,200,0,200,800
s3-r2-w2-m2-de_ancient,5,zorte,4200,1200,AWP,AWP,0,0,900,0,900,300
s3-r2-w2-m2-de_ancient,6,d1Ledez,3800,1400,M4A4,M4A4,0,0,700,400,1100,300
s3-r2-w2-m2-de_ancient,6,zorte,6400,300,AWP,AWP,0,0,0,0,0,300
s3-r2-w2-m2-de_ancient,6,FL4MUS,5000,500,M4A4,M4A4,0,0,0,0,0,500
s3-r2-w2-m2-de_ancient,6,Magnojez,4100,800,AK-47,MP9,1250,0,0,0,1250,-450
s3-r2-w2-m2-de_ancient,6,Boombl4,3650,1000,MP9,AK-47,2700,0,0,0,2700,-1700
s3-r2-w2-m2-de_ancient,7,Magnojez,7100,1300,MP9,Galil AR,1800,0,0,0,1800,-500
s3-r2-w2-m2-de_ancient,8,zorte,11200,800,AWP,AWP,0,0,0,0,0,800
s3-r2-w2-m2-de_ancient,10,NiKo,3550,1200,AK-47,AK-47,0,0,400,0,400,800
s3-r2-w2-m2-de_ancient,10,zorte,7650,600,AWP,AWP,0,0,0,0,0,600
s3-r2-w2-m2-de_ancient,10,m0NESY,3850,1100,AK-47,AK-47,0,0,800,0,800,300
s3-r2-w2-m2-de_ancient,10,kyousuke,4250,1100,AK-47,AK-47,0,0,400,0,400,700
s3-r2-w2-m2-de_ancient,11,FL4MUS,5850,1050,M4A4,M4A4,0,350,200,0,550,500
s3-r2-w2-m2-de_ancient,11,Magnojez,6150,650,M4A4,AK-47,2700,350,400,0,3450,-2800
s3-r2-w2-m2-de_ancient,15,NiKo,4800,1500,M4A4,M4A4,0,0,1000,0,1000,500
s3-r2-w2-m2-de_ancient,15,m0NESY,3850,1700,M4A4,M4A4,0,0,1000,400,1400,300
s3-r2-w2-m2-de_ancient,15,karrigan,3500,1000,MP7,MP7,0,0,200,0,200,800
s3-r2-w2-m2-de_ancient,15,kyousuke,3500,1000,FAMAS,FAMAS,0,0,300,0,300,700
s3-r2-w2-m2-de_ancient,15,TeSeS,3600,800,MP9,MP9,0,0,0,0,0,800
s3-r2-w2-m2-de_ancient,16,zorte,3300,0,AK-47,,0,0,0,0,0,0
s3-r2-w2-m2-de_ancient,16,TeSeS,6900,1300,MP9,M4A4,2900,0,0,0,2900,-1600
s3-r2-w2-m2-de_ancient,17,m0NESY,8250,300,AK-47,AK-47,0,0,200,0,200,100
s3-r2-w2-m2-de_ancient,17,kyousuke,4600,600,M4A4,M4A4,0,0,0,0,0,600
s3-r2-w2-m2-de_ancient,19,Magnojez,3800,900,Galil AR,M4A1-S,2900,0,0,0,2900,-2000
s3-r2-w2-m2-de_ancient,20,FL4MUS,4500,800,AK-47,AK-47,0,0,200,0,200,600
s3-r2-w3-m1-de_inferno,3,apEX,3800,0,M4A4,MP9,1250,0,0,0,1250,-1250
s3-r2-w3-m1-de_inferno,3,flameZ,3650,1300,MP9,M4A4,2900,0,0,0,2900,-1600
s3-r2-w3-m1-de_inferno,3,ropz,3850,1300,M4A4,M4A4,0,0,1000,0,1000,300
s3-r2-w3-m1-de_inferno,4,meyern,100,0,AK-47,,0,0,0,0,0,0
s3-r2-w3-m1-de_inferno,4,mezii,3600,1100,FAMAS,AK-47,2700,0,0,0,2700,-1600
s3-r2-w3-m1-de_inferno,5,apEX,8150,800,AK-47,AK-47,0,0,0,0,0,800
s3-r2-w3-m1-de_inferno,5,flameZ,7800,500,M4A4,M4A4,0,0,0,0,0,500
s3-r2-w3-m1-de_inferno,5,ZywOo,7150,800,AK-47,AK-47,0,0,0,0,0,800
s3-r2-w3-m1-de_inferno,6,apEX,11700,800,AK-47,AK-47,0,0,0,0,0,800
s3-r2-w3-m1-de_inferno,7,dgt,0,0,AK-47,AK-47,0,0,0,0,0,0
s3-r2-w3-m1-de_inferno,7,apEX,14350,500,AK-47,AK-47,0,0,0,0,0,500
s3-r2-w3-m1-de_inferno,8,apEX,15500,500,AK-47,AK-47,0,0,0,0,0,500
s3-r2-w3-m1-de_inferno,9,dgt,0,0,Galil AR,AK-47,2700,0,0,0,2700,-2700
s3-r2-w3-m1-de_inferno,9,meyern,600,500,AK-47,AK-47,0,0,0,0,0,500
s3-r2-w3-m1-de_inferno,9,ropz,5650,1200,M4A4,M4A4,0,0,0,400,400,800
s3-r2-w3-m1-de_inferno,9,mezii,9350,800,M4A1-S,AK-47,2700,0,0,0,2700,-1900
s3-r2-w3-m1-de_inferno,12,mezii,4400,800,M4A4,AK-47,2700,0,0,0,2700,-1900
s3-r2-w3-m1-de_inferno,16,max,2050,0,MP9,,0,0,0,0,0,0
s3-r2-w3-m1-de_inferno,17,mezii,4250,400,M4A1-S,AK-47,2700,0,0,0,2700,-2300
s3-r2-w3-m2-de_mirage,3,meyern,3650,1300,M4A4,M4A4,0,0,800,0,800,500
s3-r2-w3-m2-de_mirage,3,HUASOPEEK,3550,1700,FAMAS,M4A1-S,2900,0,300,400,3600,-1900
s3-r2-w3-m2-de_mirage,4,max,4650,800,M4A4,M4A4,0,0,0,0,0,800
s3-r2-w3-m2-de_mirage,4,luchov,4200,500,M4A1-S,M4A1-S,0,0,500,0,500,0
s3-r2-w3-m2-de_mirage,5,max,7350,300,M4A4,M4A4,0,0,0,0,0,300
s3-r2-w3-m2-de_mirage,6,apEX,3650,1100,AK-47,AK-47,0,0,1100,0,1100,0
s3-r2-w3-m2-de_mirage,8,dgt,3450,0,M4A1-S,,0,0,0,400,400,-400
s3-r2-w3-m2-de_mirage,9,meyern,5300,2250,AWP,AWP,0,350,1300,400,2050,200
s3-r2-w3-m2-de_mirage,10,luchov,5150,800,M4A1-S,AK-47,2700,0,0,0,2700,-1900
s3-r2-w3-m2-de_mirage,10,HUASOPEEK,7900,1000,AK-47,AK-47,0,0,500,0,500,500
s3-r2-w3-m2-de_mirage,15,mezii,3500,2400,MP7,Galil AR,1800,350,900,400,3450,-1050
s3-r2-w3-m2-de_mirage,15,ropz,3850,1300,FAMAS,FAMAS,0,0,800,0,800,500
s3-r2-w3-m2-de_mirage,16,mezii,4600,1000,Galil AR,Galil AR,0,0,500,0,500,500
s3-r2-w3-m2-de_mirage,16,ropz,6350,900,FAMAS,Galil AR,1800,0,0,400,2200,-1300
s3-r2-w3-m2-de_mirage,17,ZywOo,5250,400,AWP,AWP,0,0,0,400,400,0
s3-r2-w3-m2-de_mirage,17,flameZ,4950,200,AK-47,AK-47,0,0,200,0,200,0
s3-r2-w3-m2-de_mirage,17,mezii,7400,300,Galil AR,Galil AR,0,0,0,0,0,300
s3-r2-w3-m2-de_mirage,18,meyern,750,300,AK-47,AK-47,0,0,0,0,0,300
s3-r2-w3-m2-de_mirage,18,flameZ,8500,700,AK-47,AK-47,0,0,0,0,0,700
s3-r2-w3-m2-de_mirage,20,mezii,4600,500,M4A4,M4A4,0,0,400,0,400,100
s3-r2-w3-m2-de_mirage,20,HUASOPEEK,450,0,AK-47,AK-47,0,0,300,0,300,-300
s3-r2-w3-m2-de_mirage,21,ropz,5950,300,M4A4,AK-47,2700,0,0,0,2700,-2400
s3-r2-w3-m2-de_mirage,22,ropz,9750,700,AK-47,AK-47,0,0,0,0,0,700
s3-r2-w3-m3-de_dust2,3,ropz,3600,1200,M4A4,M4A4,0,0,500,400,900,300
s3-r2-w3-m3-de_dust2,3,apEX,4200,700,M4A4,M4A4,0,0,700,0,700,0
s3-r2-w3-m3-de_dust2,3,mezii,4400,1200,M4A1-S,M4A1-S,0,0,800,400,1200,0
s3-r2-w3-m3-de_dust2,3,ZywOo,3600,900,M4A4,M4A4,0,0,700,0,700,200
s3-r2-w3-m3-de_dust2,6,dgt,4350,900,AK-47,AK-47,0,0,500,0,500,400
s3-r2-w3-m3-de_dust2,9,dgt,9500,200,AK-47,AK-47,0,0,200,0,200,0
s3-r2-w3-m3-de_dust2,9,meyern,4200,300,AWP,AWP,0,0,0,0,0,300
s3-r2-w3-m3-de_dust2,9,max,6750,800,AK-47,AK-47,0,0,200,0,200,600
s3-r2-w3-m3-de_dust2,9,luchov,8400,400,AK-47,AK-47,0,0,0,0,0,400
s3-r2-w3-m3-de_dust2,10,flameZ,3600,1200,M4A4,M4A4,0,0,500,0,500,700
s3-r2-w3-m3-de_dust2,12,HUASOPEEK,5700,700,AK-47,AK-47,0,0,0,0,0,700
s3-r2-w3-m3-de_dust2,17,max,3550,300,M4A1-S,M4A1-S,0,0,0,0,0,300
s3-r2-w3-m3-de_dust2,17,HUASOPEEK,6300,800,M4A1-S,M4A1-S,0,0,0,0,0,800
s3-r2-w3-m3-de_dust2,21,ropz,3500,600,AK-47,AK-47,0,0,600,0,600,0
s3-r2-w3-m3-de_dust2,21,apEX,4050,400,Galil AR,M4A1-S,2900,0,0,0,2900,-2500
s3-r2-w3-m3-de_dust2,21,flameZ,4300,1100,AK-47,AK-47,0,0,400,0,400,700
s3-r2-w3-m3-de_dust2,21,mezii,3550,1100,AK-47,AK-47,0,0,600,0,600,500
s3-r2-w3-m3-de_dust2,23,dgt,1950,0,M4A1-S,,0,0,0,0,0,0
s3-r2-w3-m3-de_dust2,23,ZywOo,4100,3800,SSG 08,AWP,4750,0,400,0,5150,-1350
s3-r2-w3-m3-de_dust2,24,apEX,3350,600,Galil AR,AK-47,2700,0,0,0,2700,-2100
s3-r2-w3-m3-de_dust2,24,mezii,4850,400,AK-47,AK-47,0,0,0,0,0,400
s3-r2-w4-m1-de_dust2,3,MAJ3R,3550,1550,M4A1-S,M4A1-S,0,350,300,400,1050,500
s3-r2-w4-m1-de_dust2,3,Wicadia,4750,1700,M4A1-S,M4A1-S,0,0,1000,400,1400,300
s3-r2-w4-m1-de_dust2,3,soulfly,3850,1100,MP9,MP9,0,0,300,0,300,800
s3-r2-w4-m1-de_dust2,3,XANTARES,3600,1700,M4A1-S,M4A1-S,0,0,700,400,1100,600
s3-r2-w4-m1-de_dust2,3,woxic,5750,1200,MP9,MP9,0,0,1000,400,1400,-200
s3-r2-w4-m1-de_dust2,5,woxic,7500,800,AWP,AWP,0,0,700,0,700,100
s3-r2-w4-m1-de_dust2,8,XANTARES,5650,0,AK-47,AK-47,0,0,0,0,0,0
s3-r2-w4-m1-de_dust2,12,woxic,1700,800,AWP,AWP,0,0,0,0,0,800
s3-r2-w4-m1-de_dust2,15,donk,3600,1700,FAMAS,FAMAS,0,0,700,400,1100,600
s3-r2-w4-m1-de_dust2,15,magixx,3850,1300,FAMAS,FAMAS,0,0,700,0,700,600
s3-r2-w4-m1-de_dust2,15,tN1R,3900,1850,M4A1-S,M4A1-S,0,350,1200,0,1550,300
s3-r2-w4-m1-de_dust2,16,donk,5700,1300,FAMAS,AK-47,2700,0,0,0,2700,-1400
s3-r2-w4-m1-de_dust2,16,zont1x,5350,800,M4A1-S,AK-47,2700,0,0,0,2700,-1900
s3-r2-w4-m1-de_dust2,17,zont1x,8050,0,AK-47,AK-47,0,0,0,0,0,0
s3-r2-w4-m1-de_dust2,18,zont1x,11450,800,AK-47,AK-47,0,0,0,0,0,800
s3-r2-w4-m1-de_dust2,18,Wicadia,50,0,AK-47,AK-47,0,0,0,0,0,0
s3-r2-w4-m1-de_dust2,18,soulfly,0,0,AK-47,AK-47,0,0,0,0,0,0
s3-r2-w4-m1-de_dust2,19,magixx,9450,500,AK-47,AK-47,0,0,400,0,400,100
s3-r2-w4-m1-de_dust2,20,MAJ3R,3850,900,AK-47,AK-47,0,0,400,0,400,500
s3-r2-w4-m1-de_dust2,20,woxic,3650,800,AWP,AWP,0,0,600,0,600,200
s3-r2-w4-m2-de_anubis,3,zont1x,3350,900,MAC-10,MAC-10,0,0,900,0,900,0
s3-r2-w4-m2-de_anubis,3,magixx,4000,500,Galil AR,Galil AR,0,0,300,0,300,200
s3-r2-w4-m2-de_anubis,3,donk,3250,600,AK-47,AK-47,0,0,300,0,300,300
s3-r2-w4-m2-de_anubis,3,tN1R,4250,900,Galil AR,Galil AR,0,0,200,0,200,700
s3-r2-w4-m2-de_anubis,3,sh1ro,3550,400,Galil AR,Galil AR,0,0,400,0,400,0
s3-r2-w4-m2-de_anubis,4,zont1x,6550,1200,MAC-10,M4A1-S,2900,0,0,0,2900,-1700
s3-r2-w4-m2-de_anubis,4,magixx,7000,1000,Galil AR,M4A4,2900,0,0,0,2900,-1900
s3-r2-w4-m2-de_anubis,4,woxic,3050,1450,AWP,AWP,0,650,500,0,1150,300
s3-r2-w4-m2-de_anubis,4,sh1ro,6950,1100,Galil AR,Galil AR,0,0,400,0,400,700
s3-r2-w4-m2-de_anubis,6,XANTARES,4150,2050,M4A1-S,M4A1-S,0,350,1300,400,2050,0
s3-r2-w4-m2-de_anubis,6,sh1ro,12100,400,AWP,AWP,0,0,0,0,0,400
s3-r2-w4-m2-de_anubis,8,Wicadia,3550,1100,M4A1-S,M4A1-S,0,0,800,0,800,300
s3-r2-w4-m2-de_anubis,8,tN1R,10950,600,AK-47,AK-47,0,0,0,0,0,600
s3-r2-w4-m2-de_anubis,8,sh1ro,13650,800,AWP,AWP,0,0,0,0,0,800
s3-r2-w4-m2-de_anubis,9,woxic,4250,1700,M4A1-S,AWP,4750,0,300,400,5450,-3750
s3-r2-w4-m2-de_anubis,11,MAJ3R,3150,500,M4A1-S,M4A1-S,0,0,0,0,0,500
s3-r2-w4-m2-de_anubis,12,soulfly,3650,2050,M4A4,M4A4,0,350,1000,400,1750,300
s3-r2-w4-m2-de_anubis,15,zont1x,3500,1400,M4A1-S,M4A1-S,0,0,200,400,600,800
s3-r2-w4-m2-de_anubis,15,XANTARES,2400,1700,MAC-10,AK-47,2700,0,0,0,2700,-1000
s3-r2-w4-m2-de_anubis,15,tN1R,3800,1400,MP9,MP9,0,0,200,400,600,800
s3-r2-w4-m2-de_anubis,17,zont1x,2050,0,MP9,MP9,0,0,0,0,0,0
s3-r2-w4-m2-de_anubis,17,donk,2000,300,M4A1-S,M4A1-S,0,0,300,0,300,0
s3-r2-w4-m2-de_anubis,17,tN1R,1950,0,MP9,MP9,0,0,0,0,0,0
s3-r2-w4-m2-de_anubis,17,sh1ro,2600,0,MP9,MP9,0,0,0,0,0,0
s3-r2-w4-m3-de_nuke,4,tN1R,4950,700,M4A1-S,AK-47,2700,0,400,0,3100,-2400
s3-r2-w4-m3-de_nuke,4,zont1x,3900,1200,MAC-10,M4A1-S,2900,0,0,0,2900,-1700
s3-r2-w4-m3-de_nuke,4,donk,3800,1200,AK-47,AK-47,0,0,500,0,500,700
s3-r2-w4-m3-de_nuke,5,tN1R,7500,900,AK-47,AK-47,0,0,300,0,300,600
s3-r2-w4-m3-de_nuke,5,donk,5850,700,AK-47,AK-47,0,0,0,0,0,700
s3-r2-w4-m3-de_nuke,8,sh1ro,6000,300,AK-47,AK-47,0,0,0,0,0,300
s3-r2-w4-m3-de_nuke,8,zont1x,4050,600,AK-47,AK-47,0,0,0,0,0,600
s3-r2-w4-m3-de_nuke,8,magixx,5050,300,AK-47,AK-47,0,0,0,0,0,300
s3-r2-w4-m3-de_nuke,9,donk,9600,800,AK-47,AK-47,0,0,0,0,0,800
s3-r2-w4-m3-de_nuke,15,tN1R,3900,1300,M4A4,M4A4,0,0,700,0,700,600
s3-r2-w4-m3-de_nuke,16,Wicadia,3950,1200,AK-47,AK-47,0,0,600,0,600,600
s3-r2-w4-m3-de_nuke,16,sh1ro,1700,800,AWP,AWP,0,0,300,0,300,500
s3-r2-w4-m3-de_nuke,17,woxic,300,0,AK-47,AK-47,0,0,300,0,300,-300
s3-r2-w4-m3-de_nuke,17,magixx,4250,1300,MP9,M4A1-S,2900,0,0,0,2900,-1600
s3-r3-a1-m1-de_overpass,3,YEKINDAR,3250,1100,AK-47,AK-47,0,0,1100,0,1100,0
s3-r3-a1-m1-de_overpass,3,molodoy,3350,600,AK-47,AK-47,0,0,600,0,600,0
s3-r3-a1-m1-de_overpass,3,FalleN,4250,700,MAC-10,MAC-10,0,0,300,0,300,400
s3-r3-a1-m1-de_overpass,4,YEKINDAR,6250,700,AK-47,AK-47,0,0,0,0,0,700
s3-r3-a1-m1-de_overpass,4,KSCERATO,7050,1400,MP7,M4A4,2900,0,0,0,2900,-1500
s3-r3-a1-m1-de_overpass,4,zorte,3000,0,M4A4,M4A4,0,0,0,0,0,0
s3-r3-a1-m1-de_overpass,4,FalleN,7950,1100,MAC-10,Galil AR,1800,0,200,0,2000,-900
s3-r3-a1-m1-de_overpass,4,yuurih,6500,1200,Galil AR,M4A4,2900,0,0,0,2900,-1700
s3-r3-a1-m1-de_overpass,5,yuurih,9700,700,M4A4,M4A4,0,0,0,0,0,700
s3-r3-a1-m1-de_overpass,7,FalleN,400,400,AK-47,Galil AR,1800,0,0,0,1800,-1400
s3-r3-a1-m1-de_overpass,7,d1Ledez,4500,1100,MP9,AK-47,2700,0,0,0,2700,-1600
s3-r3-a1-m1-de_overpass,8,KSCERATO,100,0,AK-47,,0,0,0,0,0,0
s3-r3-a1-m1-de_overpass,9,FL4MUS,4100,900,M4A4,M4A4,0,0,0,400,400,500
s3-r3-a1-m1-de_overpass,9,Magnojez,7500,500,AK-47,AK-47,0,0,0,0,0,500
s3-r3-a1-m1-de_overpass,9,zorte,5650,300,AWP,AWP,0,0,0,0,0,300
s3-r3-a1-m1-de_overpass,9,d1Ledez,9400,300,AK-47,AK-47,0,0,0,0,0,300
s3-r3-a1-m1-de_overpass,10,zorte,8950,500,AWP,AWP,0,0,0,0,0,500
s3-r3-a1-m1-de_overpass,10,Boombl4,7450,800,M4A4,AK-47,2700,0,0,0,2700,-1900
s3-r3-a1-m1-de_overpass,11,zorte,11950,300,AWP,AWP,0,0,0,0,0,300
s3-r3-a1-m1-de_overpass,12,FalleN,3400,700,AK-47,AK-47,0,0,0,0,0,700
s3-r3-a1-m1-de_overpass,15,KSCERATO,4200,1000,M4A4,M4A4,0,0,700,0,700,300
s3-r3-a1-m1-de_overpass,15,FalleN,3650,1300,MP9,MP9,0,0,500,0,500,800
s3-r3-a1-m1-de_overpass,15,yuurih,3600,1500,M4A4,M4A4,0,0,800,400,1200,300
s3-r3-a1-m1-de_overpass,16,molodoy,3550,2900,AWP,AWP,0,1000,800,400,2200,700
s3-r3-a1-m1-de_overpass,16,zorte,3300,0,AK-47,,0,0,0,0,0,0
s3-r3-a1-m1-de_overpass,17,KSCERATO,5500,300,M4A4,M4A4,0,0,400,0,400,-100
s3-r3-a1-m1-de_overpass,17,molodoy,4350,800,AWP,AWP,0,0,0,0,0,800
s3-r3-a1-m1-de_overpass,17,FalleN,4450,700,M4A1-S,M4A1-S,0,0,0,0,0,700
s3-r3-a1-m1-de_overpass,18,FL4MUS,600,500,AK-47,AK-47,0,0,0,0,0,500
s3-r3-a1-m1-de_overpass,18,zorte,150,0,AWP,AWP,0,0,0,0,0,0
s3-r3-a1-m2-de_dust2,3,FalleN,3750,1300,MP9,MP9,0,0,800,0,800,500
s3-r3-a1-m2-de_dust2,3,KSCERATO,4150,1000,M4A4,M4A4,0,0,700,0,700,300
s3-r3-a1-m2-de_dust2,7,zorte,3600,1100,AWP,AWP,0,0,400,0,400,700
s3-r3-a1-m2-de_dust2,8,FalleN,6450,800,M4A1-S,M4A1-S,0,0,0,0,0,800
s3-r3-a1-m2-de_dust2,8,molodoy,7750,300,AWP,AWP,0,0,300,0,300,0
s3-r3-a1-m2-de_dust2,8,yuurih,6600,700,M4A4,AK-47,2700,0,400,0,3100,-2400
s3-r3-a1-m2-de_dust2,11,d1Ledez,5350,700,AK-47,AK-47,0,0,300,0,300,400
s3-r3-a1-m2-de_dust2,11,zorte,5900,800,AWP,AWP,0,0,0,0,0,800
s3-r3-a1-m2-de_dust2,11,Magnojez,3650,1100,AK-47,AK-47,0,0,900,0,900,200
s3-r3-a1-m2-de_dust2,15,KSCERATO,4600,900,AK-47,AK-47,0,0,400,0,400,500
s3-r3-a1-m2-de_dust2,16,FalleN,4650,1100,MP7,AK-47,2700,0,300,0,3000,-1900
s3-r3-a1-m2-de_dust2,19,FalleN,3400,200,Galil AR,Galil AR,0,0,300,0,300,-100
s3-r3-a1-m2-de_dust2,19,molodoy,3800,700,AWP,AWP,0,0,0,0,0,700
s3-r3-a1-m2-de_dust2,19,yuurih,3650,900,AK-47,AK-47,0,0,300,0,300,600
s3-r3-a2-m1-de_overpass,5,sh1ro,5900,200,M4A1-S,M4A1-S,0,0,200,0,200,0
s3-r3-a2-m1-de_overpass,5,magixx,7050,600,AK-47,AK-47,0,0,0,0,0,600
s3-r3-a2-m1-de_overpass,5,tN1R,6400,800,M4A4,M4A4,0,0,0,0,0,800
s3-r3-a2-m1-de_overpass,5,zont1x,5450,300,M4A1-S,M4A1-S,0,0,0,0,0,300
s3-r3-a2-m1-de_overpass,10,HUASOPEEK,3400,0,AK-47,,0,0,0,0,0,0
s3-r3-a2-m1-de_overpass,11,sh1ro,4300,800,M4A1-S,M4A1-S,0,0,0,0,0,800
s3-r3-a2-m1-de_overpass,11,magixx,3600,650,M4A1-S,M4A1-S,0,350,200,0,550,100
s3-r3-a2-m1-de_overpass,11,zont1x,4350,500,M4A1-S,M4A1-S,0,0,0,0,0,500
s3-r3-a2-m1-de_overpass,11,donk,4400,1400,AK-47,AK-47,0,0,500,400,900,500
s3-r3-a2-m1-de_overpass,12,tN1R,5900,1200,MP7,AK-47,2700,0,0,400,3100,-1900
s3-r3-a2-m1-de_overpass,12,zont1x,7950,800,M4A1-S,AK-47,2700,0,0,0,2700,-1900
s3-r3-a2-m1-de_overpass,18,sh1ro,1900,0,AWP,,0,0,0,0,0,0
s3-r3-a2-m1-de_overpass,19,dgt,5800,800,M4A4,M4A4,0,0,0,0,0,800
s3-r3-a2-m1-de_overpass,19,max,4700,300,M4A4,M4A4,0,0,0,0,0,300
s3-r3-a2-m1-de_overpass,22,sh1ro,5450,700,AK-47,AK-47,0,0,700,0,700,0
s3-r3-a2-m1-de_overpass,22,magixx,4400,1100,Galil AR,M4A4,2900,0,300,0,3200,-2100
s3-r3-a2-m1-de_overpass,22,tN1R,3850,800,AK-47,AK-47,0,0,500,0,500,300
s3-r3-a2-m1-de_overpass,22,zont1x,7600,700,AK-47,AK-47,0,0,0,0,0,700
s3-r3-a2-m1-de_overpass,22,donk,7950,900,AK-47,AK-47,0,0,300,0,300,600
s3-r3-a2-m1-de_overpass,22,meyern,2200,300,AWP,AWP,0,0,300,0,300,0
s3-r3-a2-m1-de_overpass,24,sh1ro,900,700,AWP,AWP,0,0,0,0,0,700
s3-r3-a2-m2-de_mirage,3,dgt,3800,2000,FAMAS,FAMAS,0,350,800,0,1150,850
s3-r3-a2-m2-de_mirage,4,max,3600,1100,Galil AR,FAMAS,1950,0,0,400,2350,-1250
s3-r3-a2-m2-de_mirage,4,dgt,5300,1000,FAMAS,M4A1-S,2900,0,0,0,2900,-1900
s3-r3-a2-m2-de_mirage,5,dgt,8650,500,M4A1-S,M4A4,2900,0,0,0,2900,-2400
s3-r3-a2-m2-de_mirage,6,meyern,4400,800,AWP,AWP,0,0,0,0,0,800
s3-r3-a2-m2-de_mirage,9,meyern,11700,800,AWP,AWP,0,0,0,0,0,800
s3-r3-a2-m2-de_mirage,9,max,11050,1000,AK-47,AK-47,0,0,0,400,400,600
s3-r3-a2-m2-de_mirage,10,sh1ro,3350,500,AWP,AWP,0,0,800,0,800,-300
s3-r3-a2-m2-de_mirage,15,donk,3850,1700,MP7,Galil AR,1800,0,1300,400,3500,-1800
s3-r3-a2-m2-de_mirage,15,tN1R,5550,2700,MP9,Galil AR,1800,350,1000,400,3550,-850
s3-r3-a2-m2-de_mirage,16,donk,5650,800,Galil AR,Galil AR,0,0,0,0,0,800
s3-r3-a2-m2-de_mirage,17,magixx,7800,1300,Galil AR,M4A1-S,2900,0,0,400,3300,-2000
s3-r3-a2-m2-de_mirage,17,sh1ro,5400,800,AWP,AWP,0,0,0,0,0,800
s3-r3-a2-m2-de_mirage,18,zont1x,4700,500,M4A1-S,M4A1-S,0,0,0,0,0,500
s3-r3-a2-m2-de_mirage,18,sh1ro,8100,500,AWP,AWP,0,0,0,0,0,500
s3-r3-a2-m2-de_mirage,19,max,4200,700,Galil AR,M4A4,2900,0,0,0,2900,-2200
s3-r3-a2-m2-de_mirage,19,dgt,3800,300,AK-47,AK-47,0,0,300,0,300,0
s3-r3-a2-m2-de_mirage,22,meyern,2650,0,AWP,,0,0,0,0,0,0
s3-r3-a2-m2-de_mirage,22,donk,4150,1700,AK-47,AK-47,0,0,700,400,1100,600
s3-r3-a2-m2-de_mirage,23,donk,5950,0,AK-47,AK-47,0,0,0,0,0,0
s3-r3-a2-m2-de_mirage,23,zont1x,4450,500,M4A1-S,M4A1-S,0,0,0,0,0,500
s3-r3-a2-m2-de_mirage,23,tN1R,5850,700,M4A1-S,M4A1-S,0,0,0,0,0,700
s3-r3-a2-m3-de_dust2,4,dgt,2100,0,AK-47,,0,0,0,0,0,0
s3-r3-a2-m3-de_dust2,5,zont1x,4250,500,M4A1-S,M4A1-S,0,0,0,0,0,500
s3-r3-a2-m3-de_dust2,6,dgt,3500,900,AK-47,AK-47,0,0,600,0,600,300
s3-r3-a2-m3-de_dust2,6,max,4300,800,Galil AR,M4A4,2900,0,0,0,2900,-2100
s3-r3-a2-m3-de_dust2,7,luchov,1050,400,AK-47,AK-47,0,0,0,0,0,400
s3-r3-a2-m3-de_dust2,8,meyern,100,0,AWP,AWP,0,0,0,0,0,0
s3-r3-a2-m3-de_dust2,10,magixx,1900,0,MP9,MP9,0,0,0,0,0,0
s3-r3-a2-m3-de_dust2,10,sh1ro,2350,0,SSG 08,SSG 08,0,0,300,0,300,-300
s3-r3-a2-m3-de_dust2,16,zont1x,450,400,AK-47,Galil AR,1800,0,0,0,1800,-1400
s3-r3-a2-m3-de_dust2,16,sh1ro,400,300,AWP,AWP,0,0,0,0,0,300
s3-r3-a2-m3-de_dust2,17,luchov,4300,1000,M4A1-S,M4A4,2900,0,300,400,3600,-2600
s3-r3-a2-m3-de_dust2,18,meyern,3500,800,AWP,AWP,0,0,300,400,700,100
s3-r3-a2-m3-de_dust2,19,HUASOPEEK,2150,0,AK-47,,0,0,0,0,0,0
s3-r3-e1-m1-de_dust2,3,dziugss,3650,1200,Galil AR,Galil AR,0,0,700,0,700,500
s3-r3-e1-m1-de_dust2,6,kensizor,5000,800,M4A1-S,AK-47,2700,0,500,0,3200,-2400
s3-r3-e1-m1-de_dust2,6,alex666,3550,700,M4A1-S,M4A1-S,0,0,0,400,400,300
s3-r3-e1-m1-de_dust2,6,s1zzi,3700,1550,AWP,AWP,0,350,500,400,1250,300
s3-r3-e1-m1-de_dust2,8,kensizor,6250,300,M4A4,M4A4,0,0,300,0,300,0
s3-r3-e1-m1-de_dust2,8,esenthial,6650,700,M4A4,M4A4,0,0,0,0,0,700
s3-r3-e1-m1-de_dust2,9,dem0n,550,0,AK-47,AK-47,0,0,0,0,0,0
s3-r3-e1-m1-de_dust2,9,s1zzi,9250,300,AWP,AWP,0,0,0,0,0,300
s3-r3-e1-m1-de_dust2,10,kensizor,7300,800,M4A4,M4A4,0,0,0,0,0,800
s3-r3-e1-m1-de_dust2,12,dziugss,4650,1400,AK-47,AK-47,0,0,600,0,600,800
s3-r3-e1-m1-de_dust2,15,dem0n,4150,1300,FAMAS,FAMAS,0,0,800,0,800,500
s3-r3-e1-m1-de_dust2,15,cmtry,3800,1300,M4A4,M4A4,0,0,500,0,500,800
s3-r3-e1-m1-de_dust2,15,lauNX,3850,1900,M4A4,M4A4,0,0,1200,400,1600,300
s3-r3-e1-m1-de_dust2,15,Krabeni,3900,1300,M4A1-S,M4A1-S,0,0,1000,0,1000,300
s3-r3-e1-m1-de_dust2,16,s1zzi,4150,400,AK-47,AK-47,0,0,400,0,400,0
s3-r3-e1-m1-de_dust2,18,esenthial,3650,700,AK-47,AK-47,0,0,700,0,700,0
s3-r3-e1-m1-de_dust2,19,esenthial,6800,800,AK-47,AK-47,0,0,0,0,0,800
s3-r3-e1-m1-de_dust2,19,s1zzi,4700,0,AWP,AWP,0,0,0,0,0,0
s3-r3-e1-m1-de_dust2,19,Krabeni,2050,0,SSG 08,,0,0,0,0,0,0
s3-r3-e1-m1-de_dust2,20,npl,7100,500,AK-47,AK-47,0,0,0,0,0,500
s3-r3-e1-m1-de_dust2,20,esenthial,9550,700,AK-47,AK-47,0,0,0,0,0,700
s3-r3-e1-m1-de_dust2,20,s1zzi,7950,0,AWP,AWP,0,0,0,0,0,0
s3-r3-e1-m1-de_dust2,23,s1zzi,4900,600,AWP,AWP,0,0,0,0,0,600
s3-r3-e1-m2-de_mirage,3,cmtry,2850,0,SSG 08,,0,0,0,0,0,0
s3-r3-e1-m2-de_mirage,3,s1zzi,3900,600,AK-47,AK-47,0,0,600,0,600,0
s3-r3-e1-m2-de_mirage,3,npl,3250,700,AK-47,AK-47,0,0,700,0,700,0
s3-r3-e1-m2-de_mirage,5,Krabeni,3850,1150,M4A1-S,AK-47,2700,350,400,400,3850,-2700
s3-r3-e1-m2-de_mirage,5,dem0n,3500,800,M4A4,AK-47,2700,0,900,0,3600,-2800
s3-r3-e1-m2-de_mirage,8,cmtry,4200,1350,AWP,AWP,0,350,700,400,1450,-100
s3-r3-e1-m2-de_mirage,11,lauNX,3650,500,AK-47,AK-47,0,0,0,0,0,500
s3-r3-e1-m2-de_mirage,11,cmtry,5400,800,AWP,AWP,0,0,0,0,0,800
s3-r3-e1-m2-de_mirage,11,Krabeni,4100,800,M4A1-S,M4A1-S,0,0,0,0,0,800
s3-r3-e1-m2-de_mirage,11,dziugss,5500,1300,M4A4,M4A4,0,0,500,0,500,800
s3-r3-e1-m2-de_mirage,12,dem0n,7450,800,M4A4,AK-47,2700,0,0,0,2700,-1900
s3-r3-e1-m2-de_mirage,15,lauNX,3600,1550,Galil AR,Galil AR,0,0,1200,0,1200,350
s3-r3-e1-m2-de_mirage,15,esenthial,3050,300,MP9,MP9,0,0,600,0,600,-300
s3-r3-e1-m2-de_mirage,15,cmtry,3650,900,Galil AR,Galil AR,0,0,400,0,400,500
s3-r3-e1-m2-de_mirage,15,kensizor,2450,300,MP9,MP9,0,0,300,0,300,0
s3-r3-e1-m2-de_mirage,15,dziugss,3800,800,Galil AR,Galil AR,0,0,300,0,300,500
s3-r3-e1-m2-de_mirage,15,s1zzi,2650,350,SSG 08,SSG 08,0,350,0,0,350,0
s3-r3-e1-m2-de_mirage,15,npl,2450,500,MP9,MP9,0,0,500,0,500,0
s3-r3-e1-m2-de_mirage,16,esenthial,6250,1600,MP9,MP9,0,0,900,400,1300,300
s3-r3-e1-m2-de_mirage,16,kensizor,5450,1500,MP9,Galil AR,1800,0,700,0,2500,-1000
s3-r3-e1-m2-de_mirage,17,npl,4500,800,AK-47,AK-47,0,0,0,0,0,800
s3-r3-e1-m2-de_mirage,18,kensizor,6650,400,M4A4,M4A4,0,0,0,400,400,0
s3-r3-e1-m2-de_mirage,18,s1zzi,7600,0,AWP,AWP,0,0,0,0,0,0
s3-r3-e1-m2-de_mirage,18,npl,7800,0,AK-47,AK-47,0,0,0,0,0,0
s3-r3-e1-m2-de_mirage,20,alex666,2500,900,M4A1-S,M4A1-S,0,0,0,400,400,500
s3-r3-e1-m2-de_mirage,22,alex666,3450,2050,M4A1-S,AK-47,2700,350,800,400,4250,-2200
s3-r3-e1-m3-de_ancient,3,Krabeni,3550,1200,AK-47,AK-47,0,0,1000,0,1000,200
s3-r3-e1-m3-de_ancient,3,cmtry,3550,1100,Galil AR,Galil AR,0,0,600,0,600,500
s3-r3-e1-m3-de_ancient,3,lauNX,3500,1200,AK-47,AK-47,0,0,900,0,900,300
s3-r3-e1-m3-de_ancient,3,dziugss,4100,700,Galil AR,Galil AR,0,0,0,0,0,700
s3-r3-e1-m3-de_ancient,4,cmtry,6250,700,Galil AR,Galil AR,0,0,0,0,0,700
s3-r3-e1-m3-de_ancient,5,cmtry,9650,1100,Galil AR,M4A1-S,2900,0,0,0,2900,-1800
s3-r3-e1-m3-de_ancient,6,dem0n,8150,700,AK-47,AK-47,0,0,0,0,0,700
s3-r3-e1-m3-de_ancient,9,s1zzi,3550,1100,AWP,AWP,0,0,300,400,700,400
s3-r3-e1-m3-de_ancient,10,npl,4100,1300,M4A1-S,M4A1-S,0,0,500,400,900,400
s3-r3-e1-m3-de_ancient,11,npl,7200,500,M4A1-S,AK-47,2700,0,400,0,3100,-2600
s3-r3-e1-m3-de_ancient,15,dem0n,4150,1300,M4A4,M4A4,0,0,1300,0,1300,0
s3-r3-e1-m3-de_ancient,15,dziugss,3550,1300,FAMAS,M4A4,2900,0,300,0,3200,-1900
s3-r3-e1-m3-de_ancient,16,Krabeni,5000,1300,MP9,AK-47,2700,0,0,400,3100,-1800
s3-r3-e1-m3-de_ancient,17,cmtry,5650,500,AWP,AWP,0,0,0,0,0,500
s3-r3-e1-m3-de_ancient,17,dem0n,5100,800,M4A4,M4A4,0,0,300,0,300,500
s3-r3-e1-m3-de_ancient,18,cmtry,6450,1000,AWP,AWP,0,0,0,400,400,600
s3-r3-e1-m3-de_ancient,21,cmtry,2200,0,AWP,,0,0,0,0,0,0
s3-r3-e1-m3-de_ancient,22,alex666,5850,900,AK-47,AK-47,0,0,400,0,400,500
s3-r3-e1-m3-de_ancient,22,s1zzi,3500,700,AWP,AWP,0,0,0,0,0,700
s3-r3-e1-m3-de_ancient,24,kensizor,6050,500,AK-47,AK-47,0,0,0,0,0,500
s3-r3-e2-m1-de_inferno,5,n1ssim,3900,700,AK-47,AK-47,0,0,0,0,0,700
s3-r3-e2-m1-de_inferno,5,arT,3950,700,AK-47,AK-47,0,0,0,0,0,700
s3-r3-e2-m1-de_inferno,6,Jame,3400,800,AWP,AWP,0,0,0,0,0,800
s3-r3-e2-m1-de_inferno,7,zweih,3500,650,M4A4,AK-47,2700,350,300,0,3350,-2700
s3-r3-e2-m1-de_inferno,7,Jame,6300,300,AWP,AWP,0,0,0,0,0,300
s3-r3-e2-m1-de_inferno,9,nota,7750,0,AK-47,AK-47,0,0,0,0,0,0
s3-r3-e2-m1-de_inferno,9,n1ssim,0,0,AK-47,AK-47,0,0,0,0,0,0
s3-r3-e2-m1-de_inferno,10,BELCHONOKK,8900,300,AK-47,M4A4,2900,0,0,0,2900,-2600
s3-r3-e2-m1-de_inferno,10,n1ssim,3500,900,AK-47,AK-47,0,0,900,0,900,0
s3-r3-e2-m1-de_inferno,10,zweih,6500,0,M4A4,M4A4,0,0,0,0,0,0
s3-r3-e2-m1-de_inferno,15,BELCHONOKK,4150,1000,AK-47,AK-47,0,0,1000,0,1000,0
s3-r3-e2-m1-de_inferno,15,Jame,3600,700,AK-47,AK-47,0,0,700,0,700,0
s3-r3-e2-m1-de_inferno,18,saadzin,4450,800,AWP,AWP,0,0,0,0,0,800
s3-r3-e2-m1-de_inferno,20,xiELO,1050,200,AK-47,MAC-10,1050,0,0,0,1050,-850
s3-r3-e2-m1-de_inferno,20,n1ssim,3850,1100,MP9,M4A1-S,2900,0,300,0,3200,-2100
s3-r3-e2-m1-de_inferno,20,arT,3650,1700,AWP,AWP,0,0,700,400,1100,600
s3-r3-e2-m1-de_inferno,20,dumau,3600,1650,MP9,AK-47,2700,350,0,0,3050,-1400
s3-r3-e2-m1-de_inferno,20,saadzin,4100,300,AWP,AWP,0,0,0,0,0,300
s3-r3-e2-m1-de_inferno,20,zweih,50,0,AK-47,AK-47,0,0,0,0,0,0
s3-r3-e2-m1-de_inferno,23,xiELO,3600,1200,AK-47,AK-47,0,0,500,0,500,700
s3-r3-e2-m1-de_inferno,23,n1ssim,1950,0,MP9,MP9,0,0,0,0,0,0
s3-r3-e2-m1-de_inferno,23,arT,1950,0,MP9,M4A4,2900,0,0,0,2900,-2900
s3-r3-e2-m1-de_inferno,23,dumau,2450,500,M4A4,MP9,1250,0,0,0,1250,-750
s3-r3-e2-m1-de_inferno,23,saadzin,2450,0,AWP,AWP,0,0,0,0,0,0
s3-r3-e2-m1-de_inferno,23,zweih,3650,1400,Galil AR,AK-47,2700,0,500,0,3200,-1800
s3-r3-e2-m1-de_inferno,23,Jame,3500,3500,AK-47,AWP,4750,0,700,0,5450,-1950
s3-r3-e2-m2-de_dust2,3,latto,3550,1700,M4A1-S,M4A1-S,0,0,1000,400,1400,300
s3-r3-e2-m2-de_dust2,3,n1ssim,3600,1500,M4A4,M4A4,0,0,700,0,700,800
s3-r3-e2-m2-de_dust2,3,arT,3850,1300,M4A1-S,M4A1-S,0,0,1100,0,1100,200
s3-r3-e2-m2-de_dust2,3,dumau,4500,1700,M4A4,M4A4,0,0,1000,400,1400,300
s3-r3-e2-m2-de_dust2,5,Jame,6250,600,AK-47,AK-47,0,0,300,0,300,300
s3-r3-e2-m2-de_dust2,5,xiELO,4950,700,AK-47,AK-47,0,0,0,0,0,700
s3-r3-e2-m2-de_dust2,10,Jame,3450,750,AWP,AWP,0,350,700,0,1050,-300
s3-r3-e2-m2-de_dust2,10,zweih,3250,800,AK-47,AK-47,0,0,0,0,0,800
s3-r3-e2-m2-de_dust2,11,BELCHONOKK,3850,900,AK-47,AK-47,0,0,700,0,700,200
s3-r3-e2-m2-de_dust2,15,Jame,3500,600,M4A1-S,M4A1-S,0,0,0,0,0,600
s3-r3-e2-m2-de_dust2,17,latto,4350,600,AK-47,AK-47,0,0,400,0,400,200
s3-r3-e2-m2-de_dust2,17,saadzin,3400,850,AWP,AWP,0,350,0,0,350,500
s3-r3-e2-m2-de_dust2,17,n1ssim,3600,700,AK-47,AK-47,0,0,0,0,0,700
s3-r3-e2-m2-de_dust2,17,arT,3650,300,AK-47,AK-47,0,0,0,0,0,300
s3-r3-e2-m2-de_dust2,18,latto,7900,400,AK-47,AK-47,0,0,0,0,0,400
s3-r3-e2-m2-de_dust2,18,saadzin,5900,800,AWP,AWP,0,0,0,0,0,800
s3-r3-e2-m2-de_dust2,18,n1ssim,6450,300,AK-47,AK-47,0,0,300,0,300,0
s3-r3-e2-m2-de_dust2,19,dumau,7050,500,AK-47,AK-47,0,0,0,0,0,500
s3-r3-e2-m2-de_dust2,20,Jame,3050,600,AWP,AWP,0,0,800,0,800,-200
s3-r3-e2-m2-de_dust2,20,saadzin,5650,800,AWP,AWP,0,0,300,0,300,500
s3-r3-e2-m2-de_dust2,20,n1ssim,8250,300,AK-47,AK-47,0,0,0,0,0,300
s3-r3-e2-m2-de_dust2,20,arT,7600,800,AK-47,AK-47,0,0,0,0,0,800
s3-r3-e2-m2-de_dust2,21,nota,3450,800,M4A1-S,M4A1-S,0,0,0,0,0,800
s3-r3-e2-m2-de_dust2,21,n1ssim,11550,1100,AK-47,AK-47,0,0,600,0,600,500
s3-r3-e2-m2-de_dust2,23,saadzin,9950,800,AWP,AWP,0,0,0,0,0,800
s3-r3-m1-m1-de_nuke,5,b1t,6600,1100,AK-47,AK-47,0,0,700,0,700,400
s3-r3-m1-m1-de_nuke,5,Aleksib,3600,1400,MP9,MP9,0,0,200,400,600,800
s3-r3-m1-m1-de_nuke,5,iM,3500,1700,M4A4,M4A4,0,0,500,400,900,800
s3-r3-m1-m1-de_nuke,6,Mzinho,3550,1000,AK-47,AK-47,0,0,300,0,300,700
s3-r3-m1-m1-de_nuke,6,Techno4K,3500,400,MAC-10,MAC-10,0,0,400,0,400,0
s3-r3-m1-m1-de_nuke,6,Aleksib,3650,1300,MP9,M4A1-S,2900,0,0,0,2900,-1600
s3-r3-m1-m1-de_nuke,7,w0nderful,2550,800,AWP,AWP,0,0,0,0,0,800
s3-r3-m1-m1-de_nuke,7,bLitz,6350,700,AK-47,AK-47,0,0,0,0,0,700
s3-r3-m1-m1-de_nuke,9,910,2250,0,AK-47,,0,0,0,0,0,0
s3-r3-m1-m1-de_nuke,9,Aleksib,5000,600,M4A1-S,AK-47,2700,0,400,0,3100,-2500
s3-r3-m1-m1-de_nuke,10,w0nderful,8200,800,AWP,AWP,0,0,0,0,0,800
s3-r3-m1-m1-de_nuke,10,iM,7550,800,AK-47,AK-47,0,0,0,0,0,800
s3-r3-m1-m1-de_nuke,11,910,3650,700,AWP,AK-47,2700,0,200,0,2900,-2200
s3-r3-m1-m1-de_nuke,11,b1t,4700,800,AK-47,AK-47,0,0,0,0,0,800
s3-r3-m1-m1-de_nuke,11,cobrazera,3900,900,Galil AR,M4A1-S,2900,0,0,0,2900,-2000
s3-r3-m1-m1-de_nuke,11,Techno4K,3600,1100,Galil AR,AK-47,2700,0,400,0,3100,-2000
s3-r3-m1-m1-de_nuke,15,bLitz,4550,1100,M4A1-S,M4A1-S,0,0,1300,0,1300,-200
s3-r3-m1-m1-de_nuke,16,cobrazera,4600,1000,M4A1-S,M4A1-S,0,0,200,0,200,800
s3-r3-m1-m1-de_nuke,17,b1t,3950,900,AK-47,AK-47,0,0,300,0,300,600
s3-r3-m1-m1-de_nuke,18,Aleksib,950,700,AK-47,Galil AR,1800,0,0,0,1800,-1100
s3-r3-m1-m1-de_nuke,21,Mzinho,1550,300,M4A4,AK-47,2700,0,0,0,2700,-2400
s3-r3-m1-m1-de_nuke,21,b1t,3850,1000,AK-47,AK-47,0,0,300,0,300,700
s3-r3-m1-m2-de_ancient,3,Mzinho,3800,1000,FAMAS,FAMAS,0,0,300,0,300,700
s3-r3-m1-m2-de_ancient,3,910,3600,800,M4A4,M4A4,0,0,500,0,500,300
s3-r3-m1-m2-de_ancient,3,cobrazera,3600,1300,M4A1-S,M4A1-S,0,0,1000,0,1000,300
s3-r3-m1-m2-de_ancient,3,Techno4K,4750,1400,MP9,MP9,0,0,1000,400,1400,0
s3-r3-m1-m2-de_ancient,3,bLitz,4850,700,M4A4,M4A4,0,0,200,0,200,500
s3-r3-m1-m2-de_ancient,4,910,6300,300,M4A4,M4A4,0,0,0,0,0,300
s3-r3-m1-m2-de_ancient,4,Techno4K,8350,800,MP9,AK-47,2700,0,0,0,2700,-1900
s3-r3-m1-m2-de_ancient,7,Aleksib,3850,1200,Galil AR,M4A4,2900,0,0,0,2900,-1700
s3-r3-m1-m2-de_ancient,7,bLitz,3600,300,M4A1-S,M4A1-S,0,0,0,0,0,300
s3-r3-m1-m2-de_ancient,8,910,5950,300,AWP,AWP,0,0,500,0,500,-200
s3-r3-m1-m2-de_ancient,9,b1t,1150,400,AK-47,Galil AR,1800,0,0,0,1800,-1400
s3-r3-m1-m2-de_ancient,9,w0nderful,150,0,AWP,AWP,0,0,0,0,0,0
s3-r3-m1-m2-de_ancient,10,Aleksib,3950,1200,Galil AR,M4A1-S,2900,0,300,0,3200,-2000
s3-r3-m1-m2-de_ancient,10,b1t,3950,1100,Galil AR,M4A4,2900,0,500,0,3400,-2300
s3-r3-m1-m2-de_ancient,10,w0nderful,3850,900,AWP,AWP,0,0,600,0,600,300
s3-r3-m1-m2-de_ancient,11,910,2150,0,AWP,,0,0,0,0,0,0
s3-r3-m1-m2-de_ancient,12,b1t,6650,400,AK-47,AK-47,0,0,0,0,0,400
s3-r3-m1-m2-de_ancient,15,iM,1500,1300,M4A4,M4A4,0,0,700,0,700,600
s3-r3-m1-m2-de_ancient,16,w0nderful,2150,0,MP9,MP9,0,0,0,0,0,0
s3-r3-m1-m2-de_ancient,17,bLitz,6500,400,AK-47,AK-47,0,0,300,0,300,100
s3-r3-m1-m2-de_ancient,18,w0nderful,3600,1650,AWP,AWP,0,650,300,0,950,700
s3-r3-m1-m2-de_ancient,20,w0nderful,3500,600,AWP,AWP,0,0,0,0,0,600
s3-r3-m1-m2-de_ancient,21,b1t,6200,500,AK-47,M4A1-S,2900,0,0,400,3300,-2800
s3-r3-m1-m2-de_ancient,23,w0nderful,7350,300,AWP,AWP,0,0,0,0,0,300
s3-r3-m1-m3-de_mirage,3,makazze,4300,4050,MP9,M4A1-S,2900,350,1300,0,4550,-500
s3-r3-m1-m3-de_mirage,4,w0nderful,5600,600,Galil AR,Galil AR,0,0,0,0,0,600
s3-r3-m1-m3-de_mirage,4,b1t,5500,700,Galil AR,Galil AR,0,0,500,0,500,200
s3-r3-m1-m3-de_mirage,5,iM,4600,800,M4A4,M4A4,0,0,0,0,0,800
s3-r3-m1-m3-de_mirage,5,makazze,5250,800,M4A1-S,M4A1-S,0,0,0,0,0,800
s3-r3-m1-m3-de_mirage,5,b1t,8900,1300,Galil AR,M4A1-S,2900,0,0,0,2900,-1600
s3-r3-m1-m3-de_mirage,6,w0nderful,3550,600,AWP,AWP,0,0,0,0,0,600
s3-r3-m1-m3-de_mirage,7,Techno4K,500,500,M4A1-S,M4A1-S,0,0,0,0,0,500
s3-r3-m1-m3-de_mirage,9,Aleksib,3600,1550,MP9,M4A1-S,2900,350,400,400,4050,-2500
s3-r3-m1-m3-de_mirage,9,w0nderful,3500,1750,AWP,AWP,0,650,800,0,1450,300
s3-r3-m1-m3-de_mirage,11,iM,4850,500,M4A4,M4A4,0,0,0,0,0,500
s3-r3-m1-m3-de_mirage,11,Aleksib,3650,1300,M4A1-S,M4A1-S,0,0,200,400,600,700
s3-r3-m1-m3-de_mirage,15,Techno4K,3850,1400,M4A1-S,M4A1-S,0,0,1000,400,1400,0
s3-r3-m1-m3-de_mirage,16,iM,3600,1200,Galil AR,AK-47,2700,0,500,0,3200,-2000
s3-r3-m1-m3-de_mirage,16,makazze,3600,1200,AK-47,AK-47,0,0,900,0,900,300
s3-r3-m1-m3-de_mirage,16,b1t,3900,1000,AK-47,AK-47,0,0,700,0,700,300
s3-r3-m1-m3-de_mirage,17,b1t,6400,700,AK-47,AK-47,0,0,0,0,0,700
s3-r3-m1-m3-de_mirage,17,Mzinho,2350,650,M4A1-S,M4A1-S,0,350,300,0,650,0
s3-r3-m1-m3-de_mirage,18,Mzinho,5200,1400,M4A1-S,M4A1-S,0,0,700,400,1100,300
s3-r3-m1-m3-de_mirage,19,cobrazera,1900,1400,M4A4,M4A4,0,0,500,400,900,500
s3-r3-m1-m3-de_mirage,19,iM,4300,1000,AK-47,AK-47,0,0,300,0,300,700
s3-r3-m1-m3-de_mirage,19,Aleksib,3500,600,Galil AR,AK-47,2700,0,400,0,3100,-2500
s3-r3-m1-m3-de_mirage,19,w0nderful,4200,1100,AWP,AWP,0,0,700,0,700,400
s3-r3-m1-m3-de_mirage,19,b1t,3800,300,AK-47,AK-47,0,0,0,0,0,300
s3-r3-m1-m3-de_mirage,19,910,2650,400,AWP,AWP,0,0,0,400,400,0
s3-r3-m2-m1-de_inferno,3,Gizmy,3850,1100,MAC-10,Galil AR,1800,0,0,0,1800,-700
s3-r3-m2-m1-de_inferno,6,m0NESY,5050,1300,AWP,AWP,0,0,200,400,600,700
s3-r3-m2-m1-de_inferno,7,m0NESY,7300,300,AWP,AWP,0,0,0,0,0,300
s3-r3-m2-m1-de_inferno,7,afro,500,500,AWP,AWP,0,0,500,0,500,0
s3-r3-m2-m1-de_inferno,7,kyousuke,5300,600,M4A4,M4A4,0,0,0,0,0,600
s3-r3-m2-m1-de_inferno,7,TeSeS,8000,1100,AK-47,AK-47,0,0,500,0,500,600
s3-r3-m2-m1-de_inferno,8,Gizmy,2700,0,Galil AR,,0,0,0,0,0,0
s3-r3-m2-m1-de_inferno,9,karrigan,5900,300,M4A1-S,M4A1-S,0,0,0,0,0,300
s3-r3-m2-m1-de_inferno,10,karrigan,9100,500,M4A1-S,AK-47,2700,0,0,0,2700,-2200
s3-r3-m2-m1-de_inferno,12,afro,3650,1600,AK-47,AWP,4750,0,200,0,4950,-3350
s3-r3-m2-m1-de_inferno,17,AZUWU,2750,600,MP9,AK-47,2700,0,0,0,2700,-2100
s3-r3-m2-m1-de_inferno,20,Bymas,2000,0,M4A1-S,M4A1-S,0,0,0,0,0,0
s3-r3-m2-m1-de_inferno,20,Rainwaker,2850,0,MP9,MP9,0,0,300,0,300,-300
s3-r3-m2-m2-de_dust2,4,Rainwaker,4750,800,M4A4,M4A4,0,0,0,0,0,800
s3-r3-m2-m2-de_dust2,4,AZUWU,6100,800,Galil AR,Galil AR,0,0,0,0,0,800
s3-r3-m2-m2-de_dust2,5,Rainwaker,7750,700,M4A4,M4A4,0,0,0,400,400,300
s3-r3-m2-m2-de_dust2,5,Gizmy,4200,700,M4A4,M4A4,0,0,0,0,0,700
s3-r3-m2-m2-de_dust2,5,AZUWU,9100,0,Galil AR,Galil AR,0,0,0,0,0,0
s3-r3-m2-m2-de_dust2,5,afro,6900,700,M4A1-S,M4A1-S,0,0,200,0,200,500
s3-r3-m2-m2-de_dust2,9,Bymas,3700,800,M4A1-S,AK-47,2700,0,300,0,3000,-2200
s3-r3-m2-m2-de_dust2,9,NiKo,1900,0,AK-47,,0,0,0,0,0,0
s3-r3-m2-m2-de_dust2,10,Rainwaker,5850,600,AK-47,AK-47,0,0,0,0,0,600
s3-r3-m2-m2-de_dust2,11,TeSeS,3850,500,AK-47,AK-47,0,0,200,0,200,300
s3-r3-m2-m2-de_dust2,11,Bymas,4150,300,AK-47,AK-47,0,0,300,0,300,0
s3-r3-m2-m2-de_dust2,11,kyousuke,3650,1100,AK-47,AK-47,0,0,600,0,600,500
s3-r3-m2-m2-de_dust2,11,NiKo,3500,1200,AK-47,AK-47,0,0,600,0,600,600
s3-r3-m2-m2-de_dust2,15,Rainwaker,3500,900,Galil AR,Galil AR,0,0,500,0,500,400
s3-r3-m2-m2-de_dust2,15,afro,4250,600,SSG 08,SSG 08,0,0,600,0,600,0
s3-r3-m2-m2-de_dust2,16,Bymas,6250,700,Galil AR,Galil AR,0,0,200,0,200,500
s3-r3-m2-m2-de_dust2,17,afro,3250,650,AWP,AWP,0,0,0,0,0,650
s3-r3-m2-m2-de_dust2,17,kyousuke,3800,700,M4A4,M4A4,0,0,200,0,200,500
s3-r3-m2-m2-de_dust2,18,m0NESY,4700,300,AWP,AWP,0,0,0,0,0,300
s3-r3-m2-m2-de_dust2,19,TeSeS,5250,800,M4A4,AK-47,2700,0,0,0,2700,-1900
s3-r3-m2-m2-de_dust2,19,kyousuke,5200,600,M4A4,AK-47,2700,0,0,0,2700,-2100
s3-r3-m2-m2-de_dust2,20,TeSeS,7950,600,AK-47,AK-47,0,0,0,0,0,600
s3-r3-m2-m2-de_dust2,21,Rainwaker,3700,300,AK-47,AK-47,0,0,300,0,300,0
s3-r3-m2-m2-de_dust2,21,Bymas,3250,900,AK-47,AK-47,0,0,600,0,600,300
s3-r3-m2-m2-de_dust2,21,AZUWU,4000,400,AK-47,AK-47,0,0,0,0,0,400
s3-r3-m2-m2-de_dust2,21,afro,3650,400,AWP,AWP,0,0,0,0,0,400
s3-r3-m2-m2-de_dust2,22,AZUWU,7150,300,AK-47,AK-47,0,0,0,0,0,300
s3-r3-m2-m2-de_dust2,23,Rainwaker,5300,300,AK-47,AK-47,0,0,200,0,200,100
s3-r3-m2-m3-de_mirage,3,Gizmy,4750,700,MAC-10,Galil AR,1800,0,400,0,2200,-1500
s3-r3-m2-m3-de_mirage,3,Rainwaker,4450,900,MP7,MP7,0,0,200,0,200,700
s3-r3-m2-m3-de_mirage,4,karrigan,3550,1700,M4A1-S,M4A1-S,0,0,700,400,1100,600
s3-r3-m2-m3-de_mirage,6,TeSeS,3550,1300,M4A4,M4A4,0,0,1100,0,1100,200
s3-r3-m2-m3-de_mirage,6,kyousuke,6300,1000,AK-47,AK-47,0,0,0,400,400,600
s3-r3-m2-m3-de_mirage,6,m0NESY,4800,600,AWP,AWP,0,0,300,0,300,300
s3-r3-m2-m3-de_mirage,10,m0NESY,6250,800,AWP,AWP,0,0,0,0,0,800
s3-r3-m2-m3-de_mirage,10,Bymas,6850,500,AK-47,AK-47,0,0,300,0,300,200
s3-r3-m2-m3-de_mirage,10,Rainwaker,5700,800,AK-47,AK-47,0,0,0,0,0,800
s3-r3-m2-m3-de_mirage,15,AZUWU,3150,800,MP9,Galil AR,1800,350,500,0,2650,-1850
s3-r3-m2-m3-de_mirage,15,m0NESY,3700,1100,Galil AR,Galil AR,0,0,400,0,400,700
s3-r3-m2-m3-de_mirage,15,Bymas,2450,350,MP9,MP9,0,350,0,0,350,0
s3-r3-m2-m3-de_mirage,16,TeSeS,6300,700,MAC-10,Galil AR,1800,0,0,0,1800,-1100
s3-r3-m2-m3-de_mirage,16,kyousuke,6950,600,Galil AR,Galil AR,0,0,600,0,600,0
s3-r3-m2-m3-de_mirage,16,m0NESY,6400,700,Galil AR,Galil AR,0,0,0,0,0,700
s3-r3-m2-m3-de_mirage,17,afro,3450,800,AWP,AWP,0,0,200,0,200,600
s3-r3-m2-m3-de_mirage,17,TeSeS,9400,900,Galil AR,M4A4,2900,0,600,0,3500,-2600
s3-r3-m2-m3-de_mirage,17,kyousuke,9850,300,Galil AR,Galil AR,0,0,0,0,0,300
s3-r3-m2-m3-de_mirage,17,Bymas,3600,1550,M4A1-S,M4A1-S,0,350,500,400,1250,300
s3-r3-m2-m3-de_mirage,19,Gizmy,3500,1150,FAMAS,M4A4,2900,350,300,0,3550,-2400
s3-r3-m2-m3-de_mirage,19,Bymas,4150,800,M4A1-S,M4A1-S,0,0,400,0,400,400
s3-r3-m2-m3-de_mirage,19,Rainwaker,4150,700,M4A4,M4A4,0,0,700,400,1100,-400
s3-r3-m2-m3-de_mirage,21,Rainwaker,5150,500,M4A4,M4A4,0,0,0,0,0,500
s3-r3-m3-m1-de_overpass,3,huNter-,4150,700,AK-47,AK-47,0,0,0,0,0,700
s3-r3-m3-m1-de_overpass,3,NertZ,4000,1200,Galil AR,Galil AR,0,0,600,0,600,600
s3-r3-m3-m1-de_overpass,3,SunPayus,3750,700,Galil AR,Galil AR,0,0,700,0,700,0
s3-r3-m3-m1-de_overpass,4,soulfly,3850,1200,M4A4,M4A4,0,0,700,400,1100,100
s3-r3-m3-m1-de_overpass,4,woxic,4250,1500,M4A1-S,M4A1-S,0,0,800,400,1200,300
s3-r3-m3-m1-de_overpass,5,huNter-,1950,0,AK-47,,0,0,0,0,0,0
s3-r3-m3-m1-de_overpass,6,MAJ3R,4900,800,M4A1-S,M4A1-S,0,0,0,0,0,800
s3-r3-m3-m1-de_overpass,15,soulfly,3250,1200,Galil AR,Galil AR,0,0,600,0,600,600
s3-r3-m3-m1-de_overpass,15,woxic,3650,700,Galil AR,MAC-10,1050,0,700,0,1750,-1050
s3-r3-m3-m1-de_overpass,15,XANTARES,3850,300,AK-47,AK-47,0,0,0,0,0,300
s3-r3-m3-m1-de_overpass,16,MAJ3R,3700,800,AK-47,Galil AR,1800,0,300,0,2100,-1300
s3-r3-m3-m1-de_overpass,16,Wicadia,5650,400,Galil AR,AK-47,2700,0,0,0,2700,-2300
s3-r3-m3-m1-de_overpass,17,NertZ,4050,800,M4A1-S,AK-47,2700,0,900,0,3600,-2800
s3-r3-m3-m1-de_overpass,17,SunPayus,3500,1000,AWP,AWP,0,0,800,0,800,200
s3-r3-m3-m1-de_overpass,18,huNter-,4950,950,M4A1-S,M4A1-S,0,350,0,0,350,600
s3-r3-m3-m1-de_overpass,18,SunPayus,6200,850,AWP,AWP,0,350,300,0,650,200
s3-r3-m3-m1-de_overpass,18,HeavyGod,4150,900,M4A1-S,AK-47,2700,0,0,400,3100,-2200
s3-r3-m3-m1-de_overpass,19,SunPayus,8950,900,AWP,AWP,0,0,0,400,400,500
s3-r3-m3-m1-de_overpass,20,MAJ3R,300,0,AK-47,AK-47,0,0,0,0,0,0
s3-r3-m3-m1-de_overpass,20,XANTARES,300,300,AK-47,AK-47,0,0,0,0,0,300
s3-r3-m3-m2-de_anubis,3,MAJ3R,4550,2750,MP9,M4A1-S,2900,0,0,400,3300,-550
s3-r3-m3-m2-de_anubis,5,huNter-,3600,800,MP7,M4A1-S,2900,0,200,0,3100,-2300
s3-r3-m3-m2-de_anubis,5,woxic,1900,0,AWP,AWP,0,0,0,0,0,0
s3-r3-m3-m2-de_anubis,5,XANTARES,2100,0,AK-47,AK-47,0,0,0,0,0,0
s3-r3-m3-m2-de_anubis,6,MATYS,7000,700,AK-47,AK-47,0,0,0,0,0,700
s3-r3-m3-m2-de_anubis,6,XANTARES,4500,1300,AK-47,AK-47,0,0,1000,0,1000,300
s3-r3-m3-m2-de_anubis,7,SunPayus,10450,1600,AK-47,AWP,4750,0,0,0,4750,-3150
s3-r3-m3-m2-de_anubis,7,huNter-,9000,300,M4A1-S,MAC-10,1050,0,0,0,1050,-750
s3-r3-m3-m2-de_anubis,8,NertZ,11350,500,AK-47,AK-47,0,0,300,0,300,200
s3-r3-m3-m2-de_anubis,8,Wicadia,4950,1750,M4A1-S,M4A1-S,0,350,1000,400,1750,0
s3-r3-m3-m2-de_anubis,9,MATYS,12650,900,AK-47,AK-47,0,0,300,0,300,600
s3-r3-m3-m2-de_anubis,11,SunPayus,7850,400,AWP,AWP,0,0,0,0,0,400
s3-r3-m3-m2-de_anubis,17,XANTARES,4600,900,AK-47,AK-47,0,0,500,0,500,400
s3-r3-m3-m2-de_anubis,18,soulfly,5650,700,Galil AR,Galil AR,0,0,200,0,200,500
s3-r3-m3-m2-de_anubis,18,Wicadia,7900,700,AK-47,AK-47,0,0,0,0,0,700
s3-r3-m3-m2-de_anubis,19,SunPayus,3000,1650,AWP,AWP,0,650,300,0,950,700
s3-r3-m3-m2-de_anubis,19,XANTARES,5100,800,AK-47,AK-47,0,0,300,0,300,500
s3-r3-m4-m1-de_mirage,3,ZywOo,4500,700,M4A1-S,M4A1-S,0,0,0,400,400,300
s3-r3-m4-m1-de_mirage,3,apEX,4050,1300,FAMAS,M4A4,2900,0,800,0,3700,-2400
s3-r3-m4-m1-de_mirage,3,flameZ,4100,1100,M4A4,AK-47,2700,0,1200,400,4300,-3200
s3-r3-m4-m1-de_mirage,4,ZywOo,7600,500,M4A1-S,M4A1-S,0,0,0,0,0,500
s3-r3-m4-m1-de_mirage,4,ropz,3500,800,M4A4,M4A4,0,0,500,0,500,300
s3-r3-m4-m1-de_mirage,4,flameZ,6500,700,AK-47,AK-47,0,0,0,0,0,700
s3-r3-m4-m1-de_mirage,4,mezii,4650,800,M4A1-S,M4A1-S,0,0,0,0,0,800
s3-r3-m4-m1-de_mirage,5,apEX,10150,600,M4A4,AK-47,2700,0,400,400,3500,-2900
s3-r3-m4-m1-de_mirage,6,ropz,5100,800,M4A1-S,AK-47,2700,0,0,400,3100,-2300
s3-r3-m4-m1-de_mirage,8,xelex,4600,700,AK-47,AK-47,0,0,0,0,0,700
s3-r3-m4-m1-de_mirage,9,ropz,3200,1000,M4A4,M4A4,0,0,1000,0,1000,0
s3-r3-m4-m1-de_mirage,9,mezii,2750,800,M4A4,M4A4,0,0,0,0,0,800
s3-r3-m4-m1-de_mirage,10,ZywOo,4950,800,AWP,AWP,0,0,0,400,400,400
s3-r3-m4-m1-de_mirage,10,flameZ,3550,1000,M4A4,M4A4,0,350,200,0,550,450
s3-r3-m4-m1-de_mirage,10,xelex,9350,700,AK-47,AK-47,0,0,300,0,300,400
s3-r3-m4-m1-de_mirage,12,ropz,3800,1750,M4A1-S,AK-47,2700,350,1100,400,4550,-2800
s3-r3-m4-m1-de_mirage,12,mezii,3650,1850,M4A1-S,M4A1-S,0,350,500,400,1250,600
s3-r3-m4-m1-de_mirage,15,Spinx,3700,1550,MP9,Galil AR,1800,0,400,0,2200,-650
s3-r3-m4-m1-de_mirage,15,ropz,3800,1200,Galil AR,Galil AR,0,0,900,0,900,300
s3-r3-m4-m1-de_mirage,17,ZywOo,6900,700,AK-47,AK-47,0,0,0,0,0,700
s3-r3-m4-m1-de_mirage,17,apEX,6100,1350,Galil AR,AK-47,2700,0,200,0,2900,-1550
s3-r3-m4-m1-de_mirage,17,flameZ,7200,900,AK-47,AK-47,0,0,300,0,300,600
s3-r3-m4-m1-de_mirage,17,mezii,3850,700,AK-47,AK-47,0,0,300,0,300,400
s3-r3-m4-m1-de_mirage,20,xelex,4150,500,AK-47,AK-47,0,0,0,0,0,500
s3-r3-m4-m2-de_dust2,3,xertioN,4250,1400,M4A1-S,M4A1-S,0,0,800,400,1200,200
s3-r3-m4-m2-de_dust2,3,xelex,3500,600,FAMAS,FAMAS,0,0,0,0,0,600
s3-r3-m4-m2-de_dust2,3,Spinx,3600,1300,M4A1-S,M4A1-S,0,0,800,0,800,500
s3-r3-m4-m2-de_dust2,4,torzsi,4700,800,AWP,AWP,0,0,800,0,800,0
s3-r3-m4-m2-de_dust2,4,xertioN,6650,800,M4A1-S,M4A1-S,0,0,0,0,0,800
s3-r3-m4-m2-de_dust2,4,xelex,6400,600,FAMAS,FAMAS,0,0,0,0,0,600
s3-r3-m4-m2-de_dust2,4,Spinx,6100,800,M4A1-S,M4A1-S,0,0,0,0,0,800
s3-r3-m4-m2-de_dust2,7,apEX,5050,400,AK-47,AK-47,0,0,0,0,0,400
s3-r3-m4-m2-de_dust2,7,ZywOo,4150,500,AWP,AWP,0,0,300,0,300,200
s3-r3-m4-m2-de_dust2,8,flameZ,6750,900,AK-47,AK-47,0,0,300,0,300,600
s3-r3-m4-m2-de_dust2,8,ropz,6100,0,AK-47,AK-47,0,0,0,0,0,0
s3-r3-m4-m2-de_dust2,8,mezii,5200,0,AK-47,AK-47,0,0,0,0,0,0
s3-r3-m4-m2-de_dust2,9,torzsi,3750,2250,AWP,AWP,0,350,700,400,1450,800
s3-r3-m4-m2-de_dust2,9,Spinx,3650,950,M4A1-S,AK-47,2700,350,700,0,3750,-2800
s3-r3-m4-m2-de_dust2,10,xertioN,4350,800,M4A1-S,M4A1-S,0,0,400,0,400,400
s3-r3-m4-m2-de_dust2,10,xelex,6200,500,AK-47,AK-47,0,0,0,0,0,500
s3-r3-m4-m2-de_dust2,10,ZywOo,1050,400,AWP,AWP,0,0,0,0,0,400
s3-r3-m4-m2-de_dust2,11,apEX,3550,1100,Galil AR,Galil AR,0,0,400,0,400,700
s3-r3-m4-m2-de_dust2,11,ropz,3950,500,AK-47,AK-47,0,0,500,0,500,0
s3-r3-m4-m2-de_dust2,12,mezii,6050,400,AK-47,AK-47,0,0,0,0,0,400
s3-r3-m4-m2-de_dust2,17,Brollan,6300,0,AK-47,AK-47,0,0,0,0,0,0
s3-r3-m4-m2-de_dust2,17,torzsi,7250,300,AWP,AWP,0,0,0,0,0,300
s3-r3-m4-m2-de_dust2,17,xertioN,6050,600,Galil AR,Galil AR,0,0,200,0,200,400
s3-r3-m4-m2-de_dust2,17,xelex,7400,800,AK-47,AK-47,0,0,0,0,0,800
s3-r3-m4-m2-de_dust2,17,Spinx,7250,300,AK-47,AK-47,0,0,0,0,0,300
s3-r3-m4-m2-de_dust2,19,torzsi,11850,800,AWP,AWP,0,0,0,0,0,800
s3-r3-m4-m3-de_inferno,3,apEX,3600,600,FAMAS,M4A1-S,2900,0,300,0,3200,-2600
s3-r3-m4-m3-de_inferno,3,ropz,3900,1300,M4A4,M4A4,0,0,500,0,500,800
s3-r3-m4-m3-de_inferno,4,ZywOo,5950,800,M4A4,M4A4,0,0,0,0,0,800
s3-r3-m4-m3-de_inferno,4,apEX,6800,500,M4A1-S,M4A1-S,0,0,0,0,0,500
s3-r3-m4-m3-de_inferno,4,mezii,3600,300,Galil AR,Galil AR,0,0,0,0,0,300
s3-r3-m4-m3-de_inferno,4,ropz,6100,800,M4A4,M4A4,0,0,0,0,0,800
s3-r3-m4-m3-de_inferno,6,torzsi,5750,1600,AK-47,AWP,4750,0,0,0,4750,-3150
s3-r3-m4-m3-de_inferno,7,apEX,2600,600,M4A4,M4A4,0,0,200,0,200,400
s3-r3-m4-m3-de_inferno,7,mezii,2600,600,M4A1-S,M4A1-S,0,0,0,0,0,600
s3-r3-m4-m3-de_inferno,8,mezii,5500,1300,M4A1-S,AK-47,2700,0,700,0,3400,-2100
s3-r3-m4-m3-de_inferno,9,Brollan,2300,0,AK-47,,0,0,0,0,0,0
s3-r3-m4-m3-de_inferno,10,apEX,5250,800,M4A4,M4A4,0,0,0,0,0,800
s3-r3-m4-m3-de_inferno,11,ZywOo,7700,600,AWP,AWP,0,0,300,0,300,300
s3-r3-m4-m3-de_inferno,15,ZywOo,3700,1000,MAC-10,FAMAS,1950,0,0,0,1950,-950
s3-r3-m4-m3-de_inferno,15,ropz,3850,700,Galil AR,Galil AR,0,0,300,0,300,400
s3-r3-m4-m3-de_inferno,16,ZywOo,5950,600,FAMAS,FAMAS,0,0,0,0,0,600
s3-r3-m4-m3-de_inferno,16,ropz,7000,900,Galil AR,Galil AR,0,0,300,0,300,600
s3-r3-m4-m3-de_inferno,17,xelex,3500,1700,M4A4,M4A4,0,0,500,400,900,800
s3-r3-m4-m3-de_inferno,17,ZywOo,9150,1700,FAMAS,M4A4,2900,0,0,0,2900,-1200
s3-r3-m4-m3-de_inferno,17,apEX,8550,1400,Galil AR,M4A1-S,2900,0,0,0,2900,-1500
s3-r4-a1-m1-de_overpass,3,ZywOo,3350,600,Galil AR,Galil AR,0,0,400,0,400,200
s3-r4-a1-m1-de_overpass,3,mezii,3400,200,MAC-10,MAC-10,0,0,0,0,0,200
s3-r4-a1-m1-de_overpass,4,apEX,4250,600,Galil AR,M4A4,2900,0,0,0,2900,-2300
s3-r4-a1-m1-de_overpass,4,mezii,6450,1200,MAC-10,Galil AR,1800,0,0,0,1800,-600
s3-r4-a1-m1-de_overpass,5,ZywOo,9450,500,AWP,AWP,0,0,200,0,200,300
s3-r4-a1-m1-de_overpass,5,ropz,3250,700,AK-47,AK-47,0,0,0,0,0,700
s3-r4-a1-m1-de_overpass,6,FL4MUS,3600,700,M4A1-S,AK-47,2700,0,200,0,2900,-2200
s3-r4-a1-m1-de_overpass,9,zorte,4150,1100,AWP,AWP,0,0,0,400,400,700
s3-r4-a1-m1-de_overpass,10,Boombl4,5450,600,M4A1-S,AK-47,2700,0,0,0,2700,-2100
s3-r4-a1-m1-de_overpass,11,Magnojez,6850,800,AK-47,AK-47,0,0,0,0,0,800
s3-r4-a1-m1-de_overpass,11,zorte,9200,950,AWP,AWP,0,0,200,0,200,750
s3-r4-a1-m1-de_overpass,15,zorte,2150,0,Galil AR,,0,0,0,0,0,0
s3-r4-a1-m1-de_overpass,16,ropz,3900,800,M4A4,M4A4,0,0,500,0,500,300
s3-r4-a1-m1-de_overpass,16,mezii,3550,1700,M4A1-S,M4A1-S,0,0,500,400,900,800
s3-r4-a1-m1-de_overpass,17,zorte,2750,0,AK-47,,0,0,0,0,0,0
s3-r4-a1-m1-de_overpass,17,flameZ,6350,1100,Galil AR,AK-47,2700,0,0,0,2700,-1600
s3-r4-a1-m1-de_overpass,18,ZywOo,5400,800,AWP,AWP,0,0,0,0,0,800
s3-r4-a1-m1-de_overpass,18,ropz,5200,300,M4A1-S,M4A1-S,0,0,300,0,300,0
s3-r4-a1-m1-de_overpass,18,apEX,8100,500,AK-47,AK-47,0,0,0,0,0,500
s3-r4-a1-m1-de_overpass,18,flameZ,9050,800,AK-47,AK-47,0,0,0,0,0,800
s3-r4-a1-m1-de_overpass,21,ZywOo,5200,800,AWP,AWP,0,0,400,0,400,400
s3-r4-a1-m1-de_overpass,21,ropz,6750,300,M4A4,AK-47,2700,0,0,0,2700,-2400
s3-r4-a1-m2-de_nuke,4,ZywOo,6650,900,M4A1-S,M4A1-S,0,0,500,400,900,0
s3-r4-a1-m2-de_nuke,4,flameZ,3650,500,AK-47,AK-47,0,0,0,0,0,500
s3-r4-a1-m2-de_nuke,4,ropz,3650,800,M4A1-S,M4A1-S,0,0,1100,0,1100,-300
s3-r4-a1-m2-de_nuke,4,apEX,5400,0,M4A4,M4A4,0,0,0,0,0,0
s3-r4-a1-m2-de_nuke,4,mezii,3500,500,AK-47,AK-47,0,0,0,0,0,500
s3-r4-a1-m2-de_nuke,5,flameZ,7250,700,AK-47,AK-47,0,0,0,400,400,300
s3-r4-a1-m2-de_nuke,5,ropz,6350,1000,M4A1-S,M4A1-S,0,0,200,0,200,800
s3-r4-a1-m2-de_nuke,5,apEX,9200,300,M4A4,AK-47,2700,0,0,0,2700,-2400
s3-r4-a1-m2-de_nuke,5,mezii,6500,500,AK-47,AK-47,0,0,0,0,0,500
s3-r4-a1-m2-de_nuke,7,ZywOo,10100,800,AWP,AWP,0,0,0,0,0,800
s3-r4-a1-m2-de_nuke,7,ropz,11550,800,M4A1-S,AK-47,2700,0,0,400,3100,-2300
s3-r4-a1-m2-de_nuke,7,mezii,12800,800,AK-47,AK-47,0,0,0,0,0,800
s3-r4-a1-m2-de_nuke,8,apEX,14600,300,AK-47,AK-47,0,0,0,0,0,300
s3-r4-a1-m2-de_nuke,12,ZywOo,6650,700,AWP,AWP,0,0,200,0,200,500
s3-r4-a1-m2-de_nuke,15,ropz,3550,1000,AK-47,AK-47,0,0,700,0,700,300
s3-r4-a1-m2-de_nuke,16,apEX,5250,400,Galil AR,Galil AR,0,0,0,0,0,400
s3-r4-a1-m2-de_nuke,16,mezii,5750,700,Galil AR,Galil AR,0,0,0,0,0,700
s3-r4-a1-m2-de_nuke,20,mezii,800,300,AK-47,Galil AR,1800,0,0,0,1800,-1500
s3-r4-a1-m2-de_nuke,20,Magnojez,3850,2050,M4A1-S,AK-47,2700,350,800,400,4250,-2200
s3-r4-a1-m2-de_nuke,21,FL4MUS,3800,2050,M4A4,AK-47,2700,350,800,400,4250,-2200
s3-r4-a1-m2-de_nuke,22,zorte,5750,500,AWP,AWP,0,0,0,0,0,500
s3-r4-a1-m2-de_nuke,22,d1Ledez,5000,300,AK-47,AK-47,0,0,0,0,0,300
s3-r4-a1-m2-de_nuke,22,Boombl4,4250,800,M4A1-S,M4A1-S,0,0,0,0,0,800
s3-r4-a1-m2-de_nuke,22,Magnojez,3850,600,AK-47,AK-47,0,0,0,0,0,600
s3-r4-a1-m2-de_nuke,24,FL4MUS,8750,800,AK-47,AK-47,0,0,0,0,0,800
s3-r4-a2-m1-de_nuke,4,dgt,450,300,AK-47,AK-47,0,0,200,0,200,100
s3-r4-a2-m1-de_nuke,4,luchov,850,700,AK-47,AK-47,0,0,300,0,300,400
s3-r4-a2-m1-de_nuke,7,Wicadia,4200,0,AK-47,AK-47,0,0,0,0,0,0
s3-r4-a2-m1-de_nuke,7,soulfly,4350,800,MP9,MP9,0,0,0,0,0,800
s3-r4-a2-m1-de_nuke,8,XANTARES,6600,800,M4A1-S,M4A1-S,0,0,0,0,0,800
s3-r4-a2-m1-de_nuke,8,MAJ3R,3500,500,M4A1-S,M4A1-S,0,0,500,0,500,0
s3-r4-a2-m1-de_nuke,9,Wicadia,6150,300,AK-47,AK-47,0,0,0,0,0,300
s3-r4-a2-m1-de_nuke,9,woxic,7200,800,AWP,AWP,0,0,0,0,0,800
s3-r4-a2-m1-de_nuke,10,soulfly,9850,600,M4A4,AK-47,2700,0,400,400,3500,-2900
s3-r4-a2-m1-de_nuke,10,woxic,10000,300,AWP,AWP,0,0,0,0,0,300
s3-r4-a2-m1-de_nuke,11,soulfly,13650,800,AK-47,AK-47,0,0,500,0,500,300
s3-r4-a2-m1-de_nuke,11,XANTARES,14400,700,AK-47,AK-47,0,0,0,0,0,700
s3-r4-a2-m1-de_nuke,11,MAJ3R,11800,800,AK-47,AK-47,0,0,0,0,0,800
s3-r4-a2-m2-de_dust2,3,luchov,3850,800,M4A1-S,M4A1-S,0,0,800,0,800,0
s3-r4-a2-m2-de_dust2,3,dgt,4100,1300,M4A4,M4A4,0,0,700,0,700,600
s3-r4-a2-m2-de_dust2,3,meyern,3900,1900,M4A1-S,M4A1-S,0,0,700,400,1100,800
s3-r4-a2-m2-de_dust2,3,max,3600,1300,M4A4,M4A4,0,0,500,0,500,800
s3-r4-a2-m2-de_dust2,3,HUASOPEEK,3900,1900,M4A4,M4A4,0,0,900,400,1300,600
s3-r4-a2-m2-de_dust2,4,meyern,3400,0,M4A1-S,,0,0,0,0,0,0
s3-r4-a2-m2-de_dust2,4,XANTARES,3300,1200,AK-47,AK-47,0,0,500,0,500,700
s3-r4-a2-m2-de_dust2,4,soulfly,3900,900,AK-47,AK-47,0,0,800,0,800,100
s3-r4-a2-m2-de_dust2,4,MAJ3R,3250,1200,AK-47,AK-47,0,0,700,0,700,500
s3-r4-a2-m2-de_dust2,4,Wicadia,4200,1200,AK-47,AK-47,0,0,1200,0,1200,0
s3-r4-a2-m2-de_dust2,4,woxic,3350,2100,SSG 08,M4A4,2900,350,0,0,3250,-1150
s3-r4-a2-m2-de_dust2,5,Wicadia,6250,800,AK-47,AK-47,0,0,0,0,0,800
s3-r4-a2-m2-de_dust2,5,woxic,4800,1100,M4A4,AWP,4750,0,0,0,4750,-3650
s3-r4-a2-m2-de_dust2,7,max,3200,0,M4A4,M4A4,0,0,0,0,0,0
s3-r4-a2-m2-de_dust2,7,woxic,4400,600,AWP,AWP,0,0,300,0,300,300
s3-r4-a2-m2-de_dust2,8,XANTARES,3900,0,AK-47,AK-47,0,0,0,0,0,0
s3-r4-a2-m2-de_dust2,9,meyern,2600,0,AWP,,0,0,0,0,0,0
s3-r4-a2-m2-de_dust2,10,soulfly,3650,800,AK-47,AK-47,0,0,200,0,200,600
s3-r4-a2-m2-de_dust2,11,XANTARES,5350,700,AK-47,AK-47,0,0,0,0,0,700
s3-r4-a2-m2-de_dust2,11,MAJ3R,4700,800,AK-47,AK-47,0,0,0,0,0,800
s3-r4-a2-m2-de_dust2,15,MAJ3R,3650,1950,MP9,MP9,0,350,700,400,1450,500
s3-r4-a2-m2-de_dust2,15,Wicadia,3600,2700,SSG 08,SSG 08,0,1000,1000,400,2400,300
s3-r4-a2-m2-de_dust2,16,max,2250,0,SSG 08,,0,0,0,0,0,0
s3-r4-a2-m2-de_dust2,16,woxic,5200,1100,AWP,AWP,0,0,300,0,300,800
s3-r4-a2-m2-de_dust2,17,XANTARES,4600,500,M4A1-S,M4A1-S,0,0,0,0,0,500
s3-r4-a2-m2-de_dust2,17,soulfly,6200,1200,MP9,MP9,0,0,0,400,400,800
s3-r4-a2-m2-de_dust2,18,soulfly,9050,800,MP9,AK-47,2700,0,0,0,2700,-1900
s3-r4-a2-m2-de_dust2,18,HUASOPEEK,0,0,AK-47,AK-47,0,0,0,0,0,0
s3-r4-a3-m1-de_dust2,3,m0NESY,3400,1100,SSG 08,SSG 08,0,0,600,0,600,500
s3-r4-a3-m1-de_dust2,5,b1t,3400,650,M4A4,M4A4,0,350,0,0,350,300
s3-r4-a3-m1-de_dust2,6,TeSeS,11350,700,AK-47,AK-47,0,0,0,0,0,700
s3-r4-a3-m1-de_dust2,6,b1t,5850,1300,M4A4,M4A4,0,0,1000,0,1000,300
s3-r4-a3-m1-de_dust2,6,kyousuke,8000,800,AK-47,AK-47,0,0,0,0,0,800
s3-r4-a3-m1-de_dust2,7,w0nderful,3750,800,AWP,AWP,0,0,0,0,0,800
s3-r4-a3-m1-de_dust2,7,makazze,7400,800,M4A4,AK-47,2700,0,400,0,3100,-2300
s3-r4-a3-m1-de_dust2,8,b1t,11850,1000,AK-47,AK-47,0,0,500,0,500,500
s3-r4-a3-m1-de_dust2,10,NiKo,3950,700,AK-47,AK-47,0,0,300,0,300,400
s3-r4-a3-m1-de_dust2,10,m0NESY,6500,600,AWP,AWP,0,0,0,0,0,600
s3-r4-a3-m1-de_dust2,10,kyousuke,6150,500,AK-47,AK-47,0,0,300,0,300,200
s3-r4-a3-m2-de_mirage,3,kyousuke,4500,1000,M4A1-S,M4A1-S,0,0,200,0,200,800
s3-r4-a3-m2-de_mirage,3,m0NESY,4050,1700,M4A4,M4A4,0,0,1300,400,1700,0
s3-r4-a3-m2-de_mirage,3,NiKo,3750,1300,M4A4,M4A4,0,0,700,0,700,600
s3-r4-a3-m2-de_mirage,3,karrigan,4500,1300,M4A4,M4A4,0,0,1000,0,1000,300
s3-r4-a3-m2-de_mirage,4,m0NESY,6150,200,M4A4,M4A4,0,0,0,0,0,200
s3-r4-a3-m2-de_mirage,6,b1t,5250,700,AK-47,AK-47,0,0,0,0,0,700
s3-r4-a3-m2-de_mirage,7,m0NESY,5300,300,AWP,AWP,0,0,0,0,0,300
s3-r4-a3-m2-de_mirage,8,Aleksib,3900,900,Galil AR,AK-47,2700,0,0,0,2700,-1800
s3-r4-a3-m2-de_mirage,9,w0nderful,4150,0,AWP,,0,0,0,0,0,0
s3-r4-a3-m2-de_mirage,10,m0NESY,4000,500,AWP,AWP,0,0,0,0,0,500
s3-r4-a3-m2-de_mirage,11,Aleksib,3500,1200,AK-47,AK-47,0,0,700,0,700,500
s3-r4-a3-m2-de_mirage,11,m0NESY,5000,800,AWP,AWP,0,0,0,0,0,800
s3-r4-a3-m2-de_mirage,11,NiKo,5450,800,M4A4,M4A4,0,0,0,0,0,800
s3-r4-a3-m2-de_mirage,12,b1t,5200,800,AK-47,AK-47,0,0,500,0,500,300
s3-r4-a3-m2-de_mirage,12,iM,3850,900,AK-47,AK-47,0,0,300,0,300,600
s3-r4-a3-m2-de_mirage,15,b1t,3950,1300,M4A4,M4A4,0,0,800,0,800,500
s3-r4-a3-m2-de_mirage,17,Aleksib,3800,2900,MP9,AK-47,2700,350,200,400,3650,-750
s3-r4-a3-m2-de_mirage,20,iM,6350,800,M4A1-S,M4A1-S,0,0,0,0,0,800
s3-r4-a3-m3-de_anubis,3,kyousuke,4500,1000,M4A1-S,M4A1-S,0,0,800,0,800,200
s3-r4-a3-m3-de_anubis,3,m0NESY,3650,1100,FAMAS,FAMAS,0,0,400,400,800,300
s3-r4-a3-m3-de_anubis,3,NiKo,3500,1300,M4A1-S,M4A1-S,0,0,500,0,500,800
s3-r4-a3-m3-de_anubis,3,karrigan,4200,1000,M4A1-S,M4A1-S,0,0,1000,0,1000,0
s3-r4-a3-m3-de_anubis,3,TeSeS,3650,1300,FAMAS,FAMAS,0,0,500,0,500,800
s3-r4-a3-m3-de_anubis,6,kyousuke,4600,1100,AK-47,AK-47,0,0,0,400,400,700
s3-r4-a3-m3-de_anubis,10,kyousuke,1950,0,M4A4,M4A4,0,0,0,0,0,0
s3-r4-a3-m3-de_anubis,10,w0nderful,7600,200,AWP,AWP,0,0,0,0,0,200
s3-r4-a3-m3-de_anubis,10,b1t,3950,500,AK-47,AK-47,0,0,0,0,0,500
s3-r4-a3-m3-de_anubis,15,makazze,3550,1300,M4A1-S,M4A1-S,0,0,1300,0,1300,0
s3-r4-a3-m3-de_anubis,15,b1t,3550,1000,M4A4,M4A4,0,0,1000,0,1000,0
s3-r4-a3-m3-de_anubis,16,w0nderful,2650,800,M4A1-S,M4A1-S,0,0,300,0,300,500
s3-r4-a3-m3-de_anubis,17,NiKo,2450,0,AK-47,,0,0,0,0,0,0
s3-r4-a3-m3-de_anubis,17,b1t,3800,1300,M4A4,AK-47,2700,0,1100,0,3800,-2500
s3-r4-a3-m3-de_anubis,19,m0NESY,3600,1450,AWP,AWP,0,350,800,0,1150,300
s3-r4-a3-m3-de_anubis,19,karrigan,3650,1200,Galil AR,AK-47,2700,0,300,0,3000,-1800
s3-r4-a3-m3-de_anubis,20,w0nderful,2150,0,AWP,AWP,0,0,0,0,0,0
s3-r4-a3-m3-de_anubis,20,b1t,2100,0,M4A4,M4A4,0,0,0,0,0,0
s3-r4-a3-m3-de_anubis,23,iM,5000,1900,M4A1-S,M4A1-S,0,0,1300,400,1700,200
s3-r4-e1-m1-de_ancient,3,Spinx,2500,650,MP9,MP9,0,350,300,0,650,0
s3-r4-e1-m1-de_ancient,3,Krabeni,4200,1100,MAC-10,MAC-10,0,0,800,0,800,300
s3-r4-e1-m1-de_ancient,8,torzsi,8350,300,AWP,AWP,0,0,300,0,300,0
s3-r4-e1-m1-de_ancient,8,xertioN,7400,800,AK-47,AK-47,0,0,0,0,0,800
s3-r4-e1-m1-de_ancient,9,Krabeni,3850,1100,Galil AR,AK-47,2700,0,300,0,3000,-1900
s3-r4-e1-m1-de_ancient,10,dziugss,4200,900,AK-47,AK-47,0,0,300,0,300,600
s3-r4-e1-m1-de_ancient,16,dziugss,2950,900,M4A4,M4A4,0,0,200,400,600,300
s3-r4-e1-m1-de_ancient,16,torzsi,5750,900,Galil AR,Galil AR,0,0,400,0,400,500
s3-r4-e1-m1-de_ancient,16,dem0n,3050,800,MP9,MP9,0,0,0,0,0,800
s3-r4-e1-m1-de_ancient,16,cmtry,3000,0,MP9,MP9,0,0,300,0,300,-300
s3-r4-e1-m1-de_ancient,17,dem0n,5750,1300,MP9,Galil AR,1800,0,700,0,2500,-1200
s3-r4-e1-m1-de_ancient,19,Spinx,1400,400,AK-47,AK-47,0,0,0,0,0,400
s3-r4-e1-m1-de_ancient,19,Krabeni,5000,800,M4A4,AK-47,2700,0,0,0,2700,-1900
s3-r4-e1-m1-de_ancient,20,Spinx,4300,1200,AK-47,AK-47,0,0,500,0,500,700
s3-r4-e1-m1-de_ancient,20,dziugss,5100,800,AK-47,AK-47,0,0,500,0,500,300
s3-r4-e1-m1-de_ancient,20,xelex,4100,1200,Galil AR,AK-47,2700,0,300,0,3000,-1800
s3-r4-e1-m1-de_ancient,21,dem0n,6500,850,M4A4,AK-47,2700,350,0,400,3450,-2600
s3-r4-e1-m2-de_nuke,4,dziugss,5150,800,M4A4,M4A4,0,0,0,0,0,800
s3-r4-e1-m2-de_nuke,4,Krabeni,8150,1100,Galil AR,AK-47,2700,0,0,0,2700,-1600
s3-r4-e1-m2-de_nuke,4,cmtry,4550,600,M4A1-S,M4A1-S,0,0,0,0,0,600
s3-r4-e1-m2-de_nuke,5,dziugss,9000,0,M4A4,M4A4,0,0,0,0,0,0
s3-r4-e1-m2-de_nuke,6,cmtry,10600,800,AWP,AWP,0,0,0,0,0,800
s3-r4-e1-m2-de_nuke,6,dem0n,9200,1300,Galil AR,AK-47,2700,0,0,0,2700,-1400
s3-r4-e1-m2-de_nuke,7,Krabeni,8150,0,M4A4,M4A4,0,0,0,400,400,-400
s3-r4-e1-m2-de_nuke,11,cmtry,3050,0,AWP,AWP,0,0,0,0,0,0
s3-r4-e1-m2-de_nuke,11,dem0n,2950,300,M4A4,M4A4,0,0,0,0,0,300
s3-r4-e1-m2-de_nuke,15,Spinx,4100,1300,MP9,M4A1-S,2900,0,200,0,3100,-1800
s3-r4-e1-m2-de_nuke,16,xelex,4550,800,M4A4,M4A4,0,0,0,0,0,800
s3-r4-e1-m2-de_nuke,16,torzsi,5300,800,M4A1-S,M4A1-S,0,0,0,0,0,800
s3-r4-e1-m2-de_nuke,17,xelex,7250,1200,M4A4,M4A4,0,0,0,400,400,800
s3-r4-e1-m2-de_nuke,17,xertioN,5200,700,M4A1-S,M4A1-S,0,0,0,0,0,700
s3-r4-e1-m2-de_nuke,18,dem0n,5600,1200,AK-47,AK-47,0,0,900,0,900,300
s3-r4-e1-m2-de_nuke,20,dziugss,5450,600,AK-47,AK-47,0,0,0,0,0,600
s3-r4-e1-m2-de_nuke,20,dem0n,6800,700,AK-47,AK-47,0,0,0,0,0,700
s3-r4-e1-m2-de_nuke,22,dziugss,8550,700,AK-47,AK-47,0,0,0,0,0,700
s3-r4-e1-m2-de_nuke,22,Krabeni,6850,700,AK-47,AK-47,0,0,0,0,0,700
s3-r4-e1-m2-de_nuke,23,xelex,3500,1100,M4A4,M4A1-S,2900,0,800,0,3700,-2600
s3-r4-e1-m3-de_mirage,6,torzsi,8100,800,M4A1-S,M4A1-S,0,0,0,0,0,800
s3-r4-e1-m3-de_mirage,6,xertioN,7400,300,M4A1-S,M4A1-S,0,0,0,0,0,300
s3-r4-e1-m3-de_mirage,10,cmtry,6200,700,AWP,AWP,0,0,0,0,0,700
s3-r4-e1-m3-de_mirage,10,dziugss,3900,400,AK-47,AK-47,0,0,0,0,0,400
s3-r4-e1-m3-de_mirage,10,Brollan,2600,700,M4A4,M4A4,0,0,0,0,0,700
s3-r4-e1-m3-de_mirage,12,cmtry,11450,600,AWP,AWP,0,0,0,0,0,600
s3-r4-e1-m3-de_mirage,15,torzsi,3550,1100,Galil AR,Galil AR,0,0,400,0,400,700
s3-r4-e1-m3-de_mirage,15,cmtry,3200,0,SSG 08,SSG 08,0,0,0,0,0,0
s3-r4-e1-m3-de_mirage,15,xelex,4200,600,Galil AR,Galil AR,0,0,200,0,200,400
s3-r4-e1-m3-de_mirage,15,Spinx,3950,1100,Galil AR,Galil AR,0,0,700,0,700,400
s3-r4-e1-m3-de_mirage,15,dziugss,2450,300,MP9,MP9,0,0,0,0,0,300
s3-r4-e1-m3-de_mirage,19,Krabeni,4100,800,M4A1-S,M4A1-S,0,0,0,0,0,800
s3-r4-e1-m3-de_mirage,19,dem0n,4600,1000,M4A1-S,M4A1-S,0,0,1000,0,1000,0
s3-r4-e1-m3-de_mirage,20,cmtry,4550,800,AWP,AWP,0,0,0,0,0,800
s3-r4-e2-m1-de_nuke,3,Bymas,3600,900,Galil AR,Galil AR,0,0,600,0,600,300
s3-r4-e2-m1-de_nuke,3,afro,4250,1100,Galil AR,Galil AR,0,0,400,0,400,700
s3-r4-e2-m1-de_nuke,3,Gizmy,4100,900,MAC-10,MAC-10,0,0,500,0,500,400
s3-r4-e2-m1-de_nuke,3,910,2450,0,SSG 08,SSG 08,0,0,0,0,0,0
s3-r4-e2-m1-de_nuke,4,Bymas,6250,700,Galil AR,AK-47,2700,0,300,0,3000,-2300
s3-r4-e2-m1-de_nuke,5,afro,9100,500,Galil AR,Galil AR,0,0,0,0,0,500
s3-r4-e2-m1-de_nuke,5,AZUWU,5250,500,Galil AR,AK-47,2700,0,0,0,2700,-2200
s3-r4-e2-m1-de_nuke,5,Gizmy,7650,700,AK-47,AK-47,0,0,0,0,0,700
s3-r4-e2-m1-de_nuke,6,910,3850,1300,AWP,AWP,0,0,700,0,700,600
s3-r4-e2-m1-de_nuke,7,Techno4K,5400,800,M4A1-S,M4A1-S,0,0,0,0,0,800
s3-r4-e2-m1-de_nuke,8,afro,3850,1100,AWP,AWP,0,0,400,0,400,700
s3-r4-e2-m1-de_nuke,9,Rainwaker,4950,300,AK-47,AK-47,0,0,0,0,0,300
s3-r4-e2-m1-de_nuke,9,Bymas,5600,300,AK-47,AK-47,0,0,0,0,0,300
s3-r4-e2-m1-de_nuke,9,AZUWU,3850,500,AK-47,AK-47,0,0,200,0,200,300
s3-r4-e2-m1-de_nuke,9,bLitz,3050,500,M4A1-S,M4A1-S,0,0,200,0,200,300
s3-r4-e2-m1-de_nuke,12,Rainwaker,3500,900,AK-47,AK-47,0,0,200,0,200,700
s3-r4-e2-m1-de_nuke,16,Techno4K,5850,0,Galil AR,Galil AR,0,0,0,0,0,0
s3-r4-e2-m1-de_nuke,16,Bymas,4800,1300,MP9,MP9,0,0,1300,0,1300,0
s3-r4-e2-m1-de_nuke,16,910,4350,500,AK-47,AK-47,0,0,0,0,0,500
s3-r4-e2-m1-de_nuke,16,cobrazera,4400,700,AK-47,AK-47,0,0,0,0,0,700
s3-r4-e2-m1-de_nuke,16,bLitz,6250,700,M4A4,M4A4,0,0,0,0,0,700
s3-r4-e2-m1-de_nuke,16,Mzinho,4900,600,AK-47,AK-47,0,0,300,0,300,300
s3-r4-e2-m1-de_nuke,17,afro,3750,1700,AWP,AWP,0,0,700,400,1100,600
s3-r4-e2-m1-de_nuke,18,910,4150,700,AWP,AWP,0,0,0,0,0,700
s3-r4-e2-m1-de_nuke,22,Bymas,3900,500,M4A1-S,M4A1-S,0,0,200,0,200,300
s3-r4-e2-m1-de_nuke,22,AZUWU,3650,1100,M4A4,M4A4,0,0,300,400,700,400
s3-r4-e2-m2-de_inferno,3,Gizmy,3500,1500,M4A4,M4A4,0,0,1100,0,1100,400
s3-r4-e2-m2-de_inferno,3,AZUWU,5400,1700,MP9,MP9,0,0,700,400,1100,600
s3-r4-e2-m2-de_inferno,3,Rainwaker,3700,800,FAMAS,FAMAS,0,0,800,0,800,0
s3-r4-e2-m2-de_inferno,3,afro,4100,1100,M4A4,M4A4,0,0,1100,0,1100,0
s3-r4-e2-m2-de_inferno,3,Bymas,3600,600,M4A4,M4A4,0,0,0,0,0,600
s3-r4-e2-m2-de_inferno,5,Gizmy,4450,1850,MP9,AK-47,2700,350,0,0,3050,-1200
s3-r4-e2-m2-de_inferno,6,Rainwaker,4850,1100,M4A4,M4A4,0,0,0,400,400,700
s3-r4-e2-m2-de_inferno,7,AZUWU,7550,800,M4A4,M4A4,0,0,0,0,0,800
s3-r4-e2-m2-de_inferno,7,Rainwaker,7250,500,M4A4,M4A4,0,0,0,0,0,500
s3-r4-e2-m2-de_inferno,7,afro,7800,1400,MP9,Galil AR,1800,0,1000,400,3200,-1800
s3-r4-e2-m2-de_inferno,10,910,3700,700,AWP,AWP,0,0,400,0,400,300
s3-r4-e2-m2-de_inferno,15,cobrazera,4150,1000,M4A1-S,M4A1-S,0,0,700,0,700,300
s3-r4-e2-m2-de_inferno,15,910,4200,1000,M4A4,M4A4,0,0,1000,0,1000,0
s3-r4-e2-m2-de_inferno,15,Techno4K,3550,1700,M4A4,M4A4,0,0,1300,400,1700,0
s3-r4-e2-m2-de_inferno,15,bLitz,3750,500,MP9,MP9,0,0,0,0,0,500
s3-r4-e2-m2-de_inferno,15,Mzinho,3900,1000,M4A4,M4A4,0,0,1000,0,1000,0
s3-r4-e2-m2-de_inferno,17,cobrazera,9550,800,M4A1-S,AK-47,2700,0,400,400,3500,-2700
s3-r4-e2-m2-de_inferno,17,Mzinho,9100,300,AK-47,AK-47,0,0,500,0,500,-200
s3-r4-e2-m2-de_inferno,18,910,6350,800,AWP,AWP,0,0,200,0,200,600
s3-r4-e2-m2-de_inferno,18,bLitz,9450,300,M4A4,AK-47,2700,0,0,0,2700,-2400
s3-r4-e2-m2-de_inferno,20,910,9850,800,AWP,AWP,0,0,0,0,0,800
s3-r4-e2-m2-de_inferno,20,Mzinho,12600,500,M4A4,AK-47,2700,0,0,0,2700,-2200
s3-r4-e2-m3-de_dust2,3,Mzinho,3850,1300,M4A1-S,M4A1-S,0,0,1000,0,1000,300
s3-r4-e2-m3-de_dust2,3,bLitz,4650,500,MP9,MP9,0,0,500,0,500,0
s3-r4-e2-m3-de_dust2,3,910,3850,1500,M4A1-S,M4A1-S,0,0,1200,0,1200,300
s3-r4-e2-m3-de_dust2,3,Techno4K,3900,1000,M4A1-S,M4A1-S,0,0,1000,0,1000,0
s3-r4-e2-m3-de_dust2,4,Rainwaker,3300,1200,AK-47,AK-47,0,0,500,0,500,700
s3-r4-e2-m3-de_dust2,4,Bymas,4000,400,AK-47,AK-47,0,0,200,0,200,200
s3-r4-e2-m3-de_dust2,4,Gizmy,3550,700,AK-47,AK-47,0,0,400,0,400,300
s3-r4-e2-m3-de_dust2,4,AZUWU,3900,800,AK-47,AK-47,0,0,400,0,400,400
s3-r4-e2-m3-de_dust2,4,afro,3650,400,AK-47,AK-47,0,0,200,0,200,200
s3-r4-e2-m3-de_dust2,7,Mzinho,5450,800,AK-47,AK-47,0,0,0,0,0,800
s3-r4-e2-m3-de_dust2,7,Techno4K,3700,500,M4A4,M4A4,0,0,0,0,0,500
s3-r4-e2-m3-de_dust2,9,AZUWU,4400,400,AK-47,AK-47,0,0,0,0,0,400
s3-r4-e2-m3-de_dust2,9,Techno4K,2300,0,M4A4,,0,0,0,0,0,0
s3-r4-e2-m3-de_dust2,10,Rainwaker,5750,0,AK-47,AK-47,0,0,0,0,0,0
s3-r4-e2-m3-de_dust2,10,Bymas,5700,0,AK-47,AK-47,0,0,0,0,0,0
s3-r4-e2-m3-de_dust2,15,910,3500,1100,AK-47,AK-47,0,0,800,0,800,300
s3-r4-e2-m3-de_dust2,15,cobrazera,3800,900,AK-47,AK-47,0,0,900,0,900,0
s3-r4-e2-m3-de_dust2,16,Mzinho,6900,400,Galil AR,AK-47,2700,0,200,0,2900,-2500
s3-r4-e2-m3-de_dust2,16,bLitz,4600,900,AK-47,AK-47,0,0,300,0,300,600
s3-r4-e2-m3-de_dust2,18,AZUWU,4100,1300,AK-47,AK-47,0,0,700,400,1100,200
s3-r4-e2-m3-de_dust2,19,Gizmy,5450,500,M4A4,AK-47,2700,0,0,0,2700,-2200
s3-r4-e2-m3-de_dust2,19,afro,6950,500,AWP,AWP,0,0,0,0,0,500
s3-r4-e2-m3-de_dust2,21,Rainwaker,9250,800,AK-47,AK-47,0,0,0,0,0,800
s3-r4-e2-m3-de_dust2,23,bLitz,4000,700,AK-47,AK-47,0,0,0,0,0,700
s3-r4-e3-m1-de_dust2,3,saadzin,350,0,SSG 08,SSG 08,0,0,0,0,0,0
s3-r4-e3-m1-de_dust2,4,huNter-,1750,1500,MP9,M4A1-S,2900,0,0,0,2900,-1400
s3-r4-e3-m1-de_dust2,4,n1ssim,3600,1450,Galil AR,AK-47,2700,350,800,0,3850,-2400
s3-r4-e3-m1-de_dust2,5,SunPayus,3550,1350,AWP,AWP,0,350,700,0,1050,300
s3-r4-e3-m1-de_dust2,5,n1ssim,2150,700,AK-47,AK-47,0,0,300,0,300,400
s3-r4-e3-m1-de_dust2,5,saadzin,50,0,Galil AR,AK-47,2700,0,0,0,2700,-2700
s3-r4-e3-m1-de_dust2,6,dumau,3950,1200,AK-47,AK-47,0,0,700,0,700,500
s3-r4-e3-m1-de_dust2,6,latto,4300,1750,Galil AR,M4A1-S,2900,0,400,0,3300,-1550
s3-r4-e3-m1-de_dust2,6,n1ssim,4650,900,AK-47,AK-47,0,0,700,0,700,200
s3-r4-e3-m1-de_dust2,6,HeavyGod,1400,0,M4A1-S,,0,0,400,0,400,-400
s3-r4-e3-m1-de_dust2,6,saadzin,3550,1100,AK-47,AK-47,0,0,700,0,700,400
s3-r4-e3-m1-de_dust2,7,SunPayus,6050,800,AWP,AWP,0,0,1300,0,1300,-500
s3-r4-e3-m1-de_dust2,8,saadzin,3750,700,Galil AR,M4A1-S,2900,0,0,0,2900,-2200
s3-r4-e3-m1-de_dust2,10,dumau,1950,0,Galil AR,,0,0,0,0,0,0
s3-r4-e3-m1-de_dust2,10,SunPayus,3700,1450,AWP,AWP,0,350,300,0,650,800
s3-r4-e3-m1-de_dust2,11,huNter-,7600,600,AK-47,AK-47,0,0,0,0,0,600
s3-r4-e3-m1-de_dust2,11,SunPayus,5750,200,AWP,AWP,0,0,0,0,0,200
s3-r4-e3-m1-de_dust2,11,NertZ,4900,300,M4A1-S,M4A1-S,0,0,0,0,0,300
s3-r4-e3-m1-de_dust2,12,huNter-,11100,700,AK-47,AK-47,0,0,0,0,0,700
s3-r4-e3-m1-de_dust2,16,NertZ,3800,1100,AK-47,AK-47,0,0,800,0,800,300
s3-r4-e3-m1-de_dust2,17,huNter-,5050,1100,Galil AR,M4A1-S,2900,0,300,0,3200,-2100
s3-r4-e3-m1-de_dust2,17,HeavyGod,4250,1100,AK-47,AK-47,0,0,400,0,400,700
s3-r4-e3-m2-de_overpass,3,huNter-,3600,700,MAC-10,MAC-10,0,0,200,0,200,500
s3-r4-e3-m2-de_overpass,5,latto,4450,1500,M4A1-S,AK-47,2700,0,1100,400,4200,-2700
s3-r4-e3-m2-de_overpass,6,SunPayus,4000,900,Galil AR,AK-47,2700,0,0,0,2700,-1800
s3-r4-e3-m2-de_overpass,7,MATYS,3500,900,AK-47,AK-47,0,0,300,0,300,600
s3-r4-e3-m2-de_overpass,8,n1ssim,2650,300,M4A1-S,M4A1-S,0,0,0,0,0,300
s3-r4-e3-m2-de_overpass,8,huNter-,6650,300,AK-47,AK-47,0,0,0,0,0,300
s3-r4-e3-m2-de_overpass,11,saadzin,2600,0,AWP,,0,0,0,0,0,0
s3-r4-e3-m2-de_overpass,12,SunPayus,6700,1500,AK-47,AWP,4750,0,0,0,4750,-3250
s3-r4-e3-m2-de_overpass,12,MATYS,6150,800,AK-47,AK-47,0,0,0,0,0,800
s3-r4-e3-m2-de_overpass,15,NertZ,5100,1300,MP7,FAMAS,1950,0,1000,0,2950,-1650
s3-r4-e3-m2-de_overpass,15,HeavyGod,4350,600,MP9,MP9,0,0,300,0,300,300
s3-r4-e3-m2-de_overpass,15,SunPayus,3750,700,M4A1-S,M4A1-S,0,0,200,0,200,500
s3-r4-e3-m2-de_overpass,15,huNter-,3550,1300,M4A1-S,M4A1-S,0,0,1000,0,1000,300
s3-r4-e3-m2-de_overpass,17,NertZ,4950,600,AK-47,AK-47,0,0,400,400,800,-200
s3-r5-d1-m1-de_inferno,4,cobrazera,3850,900,Galil AR,AK-47,2700,0,500,0,3200,-2300
s3-r5-d1-m1-de_inferno,5,meyern,3800,2050,AWP,AWP,0,350,1200,400,1950,100
s3-r5-d1-m1-de_inferno,8,Mzinho,3800,1100,AK-47,AK-47,0,0,900,0,900,200
s3-r5-d1-m1-de_inferno,8,bLitz,4150,800,AK-47,AK-47,0,0,0,0,0,800
s3-r5-d1-m1-de_inferno,9,dgt,2350,500,AK-47,AK-47,0,0,200,0,200,300
s3-r5-d1-m1-de_inferno,15,max,4000,900,Galil AR,Galil AR,0,0,900,0,900,0
s3-r5-d1-m1-de_inferno,16,luchov,5000,1200,MAC-10,AK-47,2700,0,0,0,2700,-1500
s3-r5-d1-m1-de_inferno,16,meyern,4000,700,AK-47,AK-47,0,0,0,0,0,700
s3-r5-d1-m1-de_inferno,16,max,6600,300,Galil AR,Galil AR,0,0,0,0,0,300
s3-r5-d1-m1-de_inferno,17,910,5600,500,AWP,AWP,0,0,700,0,700,-200
s3-r5-d1-m1-de_inferno,18,dgt,3950,1200,AK-47,AK-47,0,0,900,0,900,300
s3-r5-d1-m1-de_inferno,18,meyern,4100,1400,AK-47,AWP,4750,0,0,0,4750,-3350
s3-r5-d1-m1-de_inferno,18,HUASOPEEK,3550,1200,Galil AR,AK-47,2700,0,400,0,3100,-1900
s3-r5-d1-m2-de_overpass,3,meyern,3600,1100,Galil AR,Galil AR,0,0,400,0,400,700
s3-r5-d1-m2-de_overpass,4,max,3950,0,MAC-10,MAC-10,0,0,0,0,0,0
s3-r5-d1-m2-de_overpass,4,dgt,5050,700,AK-47,AK-47,0,0,300,0,300,400
s3-r5-d1-m2-de_overpass,7,luchov,3850,900,AK-47,AK-47,0,0,200,0,200,700
s3-r5-d1-m2-de_overpass,7,910,3000,950,AWP,AWP,0,650,300,0,950,0
s3-r5-d1-m2-de_overpass,8,dgt,2050,0,AK-47,,0,0,0,0,0,0
s3-r5-d1-m2-de_overpass,8,910,5650,1300,AWP,AWP,0,0,1000,0,1000,300
s3-r5-d1-m2-de_overpass,9,910,7850,500,AWP,AWP,0,0,0,0,0,500
s3-r5-d1-m2-de_overpass,10,meyern,0,0,AWP,AWP,0,0,0,0,0,0
s3-r5-d1-m2-de_overpass,10,luchov,0,0,AK-47,AK-47,0,0,0,0,0,0
s3-r5-d1-m2-de_overpass,15,luchov,4500,800,M4A4,M4A4,0,0,0,0,0,800
s3-r5-d1-m2-de_overpass,16,HUASOPEEK,4450,800,M4A4,M4A4,0,0,0,0,0,800
s3-r5-d1-m2-de_overpass,16,max,4900,300,Galil AR,Galil AR,0,0,0,0,0,300
s3-r5-d1-m2-de_overpass,16,dgt,6150,500,M4A4,M4A4,0,0,0,0,0,500
s3-r5-d2-m1-de_mirage,5,d1Ledez,4100,500,M4A4,AK-47,2700,0,600,0,3300,-2800
s3-r5-d2-m1-de_mirage,5,Magnojez,4250,1000,AK-47,M4A1-S,2900,0,200,0,3100,-2100
s3-r5-d2-m1-de_mirage,5,FL4MUS,5850,700,M4A1-S,M4A1-S,0,0,0,0,0,700
s3-r5-d2-m1-de_mirage,6,zorte,8050,0,AWP,AWP,0,0,0,400,400,-400
s3-r5-d2-m1-de_mirage,6,Magnojez,6750,0,M4A1-S,AK-47,2700,0,0,0,2700,-2700
s3-r5-d2-m1-de_mirage,6,FL4MUS,8650,1200,M4A1-S,M4A1-S,0,0,0,400,400,800
s3-r5-d2-m1-de_mirage,8,zorte,11950,500,AWP,AWP,0,0,0,0,0,500
s3-r5-d2-m1-de_mirage,11,zorte,10550,500,AWP,AWP,0,0,0,0,0,500
s3-r5-d2-m1-de_mirage,12,zorte,13750,800,AWP,AWP,0,0,0,0,0,800
s3-r5-d2-m1-de_mirage,15,Krabeni,3850,1300,M4A1-S,M4A1-S,0,0,1300,0,1300,0
s3-r5-d2-m1-de_mirage,15,dem0n,3600,1300,M4A4,M4A4,0,0,700,0,700,600
s3-r5-d2-m1-de_mirage,15,cmtry,3850,800,M4A4,M4A4,0,0,800,0,800,0
s3-r5-d2-m1-de_mirage,17,cmtry,3500,500,AWP,AWP,0,0,0,0,0,500
s3-r5-d2-m1-de_mirage,18,cmtry,6800,500,AWP,AWP,0,0,0,0,0,500
s3-r5-d2-m2-de_dust2,3,zorte,3350,1100,SSG 08,AK-47,2700,0,800,0,3500,-2400
s3-r5-d2-m2-de_dust2,3,Magnojez,3400,2100,Galil AR,Galil AR,0,350,1100,0,1450,650
s3-r5-d2-m2-de_dust2,3,FL4MUS,4150,1900,Galil AR,M4A4,2900,350,1000,0,4250,-2350
s3-r5-d2-m2-de_dust2,4,zorte,6400,700,AK-47,AK-47,0,0,0,0,0,700
s3-r5-d2-m2-de_dust2,5,FL4MUS,7850,400,M4A4,M4A4,0,0,0,0,0,400
s3-r5-d2-m2-de_dust2,7,zorte,8000,700,AWP,AWP,0,0,300,0,300,400
s3-r5-d2-m2-de_dust2,7,dziugss,1950,0,M4A4,M4A4,0,0,0,0,0,0
s3-r5-d2-m2-de_dust2,7,FL4MUS,5550,400,AK-47,AK-47,0,0,1000,0,1000,-600
s3-r5-d2-m2-de_dust2,8,dziugss,5450,1100,M4A4,M4A4,0,0,1100,0,1100,0
s3-r5-d2-m2-de_dust2,12,Boombl4,3850,700,AK-47,AK-47,0,0,0,0,0,700
s3-r5-d2-m2-de_dust2,16,d1Ledez,3550,1700,FAMAS,AK-47,2700,0,200,400,3300,-1600
s3-r5-d2-m2-de_dust2,16,Boombl4,4450,1200,FAMAS,AK-47,2700,0,0,400,3100,-1900
s3-r5-d2-m2-de_dust2,16,Magnojez,4750,600,AK-47,MP9,1250,0,0,0,1250,-650
s3-r5-d2-m2-de_dust2,16,FL4MUS,3800,1300,MP9,FAMAS,1950,0,300,0,2250,-950
s3-r5-d3-m1-de_dust2,3,makazze,3800,1100,FAMAS,FAMAS,0,0,800,0,800,300
s3-r5-d3-m1-de_dust2,4,w0nderful,4150,1300,M4A1-S,M4A1-S,0,0,800,0,800,500
s3-r5-d3-m1-de_dust2,6,Aleksib,3300,300,M4A1-S,AK-47,2700,0,0,0,2700,-2400
s3-r5-d3-m1-de_dust2,6,w0nderful,2200,0,AWP,AWP,0,0,0,0,0,0
s3-r5-d3-m1-de_dust2,6,SunPayus,5300,700,AWP,AWP,0,0,400,0,400,300
s3-r5-d3-m1-de_dust2,9,HeavyGod,6500,900,AK-47,AK-47,0,0,700,0,700,200
s3-r5-d3-m1-de_dust2,9,NertZ,3700,700,AK-47,AK-47,0,0,300,0,300,400
s3-r5-d3-m1-de_dust2,9,Aleksib,3600,0,M4A1-S,,0,0,0,0,0,0
s3-r5-d3-m1-de_dust2,11,b1t,3600,1100,AWP,AWP,0,0,300,0,300,800
s3-r5-d3-m1-de_dust2,11,SunPayus,250,200,AWP,AWP,0,0,0,0,0,200
s3-r5-d3-m1-de_dust2,15,MATYS,3550,1400,MP9,MP9,0,0,800,400,1200,200
s3-r5-d3-m1-de_dust2,15,SunPayus,3600,1100,M4A1-S,M4A1-S,0,0,500,0,500,600
s3-r5-d3-m1-de_dust2,17,SunPayus,8000,1650,AWP,AWP,0,350,300,400,1050,600
s3-r5-d3-m1-de_dust2,18,SunPayus,10150,800,AWP,AWP,0,0,0,0,0,800
s3-r5-d3-m1-de_dust2,19,w0nderful,200,0,AWP,,0,0,0,0,0,0
s3-r5-d3-m1-de_dust2,23,b1t,4650,800,AK-47,AK-47,0,0,0,0,0,800
s3-r5-d3-m2-de_inferno,4,b1t,4250,1200,Galil AR,Galil AR,0,0,900,0,900,300
s3-r5-d3-m2-de_inferno,4,NertZ,2650,600,M4A1-S,M4A1-S,0,0,0,400,400,200
s3-r5-d3-m2-de_inferno,7,MATYS,6100,800,M4A4,M4A4,0,0,0,0,0,800
s3-r5-d3-m2-de_inferno,8,SunPayus,4900,800,AWP,AWP,0,0,0,0,0,800
s3-r5-d3-m2-de_inferno,9,huNter-,12500,800,AK-47,AK-47,0,0,0,0,0,800
s3-r5-d3-m2-de_inferno,9,SunPayus,7800,0,AWP,AWP,0,0,0,0,0,0
s3-r5-d3-m2-de_inferno,10,NertZ,10950,800,AK-47,AK-47,0,0,0,0,0,800
s3-r5-d3-m2-de_inferno,15,b1t,3800,800,M4A4,M4A4,0,0,500,0,500,300
s3-r5-d3-m2-de_inferno,15,w0nderful,3550,1300,FAMAS,FAMAS,0,0,800,0,800,500
s3-r5-d3-m2-de_inferno,16,w0nderful,3650,300,FAMAS,FAMAS,0,0,0,0,0,300
s3-r5-d3-m2-de_inferno,16,NertZ,3800,900,AK-47,AK-47,0,0,500,0,500,400
s3-r5-d3-m2-de_inferno,16,MATYS,3550,1200,AK-47,AK-47,0,0,500,0,500,700
s3-r5-d3-m2-de_inferno,16,HeavyGod,3950,1100,AK-47,AK-47,0,0,800,0,800,300
s3-r5-d3-m2-de_inferno,16,SunPayus,3800,700,AK-47,AK-47,0,0,400,0,400,300
s3-r5-d3-m2-de_inferno,17,b1t,2300,0,M4A4,M4A4,0,0,0,0,0,0
s3-r5-d3-m2-de_inferno,17,iM,3350,1100,M4A4,M4A4,0,0,800,0,800,300
s3-r5-d3-m2-de_inferno,17,MATYS,5850,700,AK-47,AK-47,0,0,200,0,200,500
s3-r5-d3-m3-de_mirage,3,b1t,3600,1200,M4A4,M4A4,0,0,700,0,700,500
s3-r5-d3-m3-de_mirage,5,w0nderful,2050,0,AWP,AWP,0,0,0,0,0,0
s3-r5-d3-m3-de_mirage,7,HeavyGod,10050,800,AK-47,AK-47,0,0,0,0,0,800
s3-r5-d3-m3-de_mirage,9,w0nderful,3800,800,AWP,AWP,0,0,500,0,500,300
s3-r5-d3-m3-de_mirage,10,iM,6400,300,AK-47,AK-47,0,0,400,0,400,-100
s3-r5-d3-m3-de_mirage,12,SunPayus,3800,2250,AK-47,AWP,4750,0,0,0,4750,-2500
s3-r5-d3-m3-de_mirage,15,b1t,3900,600,AK-47,AK-47,0,0,700,0,700,-100
s3-r5-d3-m3-de_mirage,15,HeavyGod,2450,300,MP9,MP9,0,0,300,0,300,0
s3-r5-d3-m3-de_mirage,15,iM,4100,700,Galil AR,Galil AR,0,0,200,0,200,500
s3-r5-d3-m3-de_mirage,15,w0nderful,3650,1100,AK-47,AK-47,0,0,400,0,400,700
s3-r5-d3-m3-de_mirage,15,SunPayus,3100,0,SSG 08,SSG 08,0,0,0,0,0,0
s3-r5-d3-m3-de_mirage,16,iM,6900,400,Galil AR,Galil AR,0,0,0,0,0,400
s3-r5-d3-m3-de_mirage,17,NertZ,3800,300,M4A1-S,M4A1-S,0,0,0,0,0,300
s3-r5-d3-m3-de_mirage,17,SunPayus,3750,1300,AWP,AWP,0,0,500,0,500,800
s3-r5-d3-m3-de_mirage,18,HeavyGod,6000,800,M4A1-S,AK-47,2700,0,400,0,3100,-2300
s3-r5-d3-m3-de_mirage,18,NertZ,6950,500,M4A1-S,AK-47,2700,0,0,0,2700,-2200
s3-r5-d3-m3-de_mirage,20,b1t,4100,800,AK-47,AK-47,0,0,300,0,300,500
s3-r5-d3-m3-de_mirage,20,Aleksib,3750,900,Galil AR,M4A1-S,2900,0,0,0,2900,-2000
s3-r5-d3-m3-de_mirage,20,w0nderful,5400,700,AWP,AWP,0,0,0,0,0,700
s3-r5-d3-m3-de_mirage,20,SunPayus,2850,0,AWP,AWP,0,0,0,0,0,0
s3-r5-d3-m3-de_mirage,22,iM,450,300,AK-47,AK-47,0,0,0,0,0,300
