side,lossReward,retained_value,roundStartMoney,weapon,weighted_probability,effective_n
t,1400,none,2550,Desert Eagle,0.0027,24.1
t,1400,none,2550,Glock-18,0.8479,24.1
t,1400,none,2550,P250,0.0566,24.1
t,1400,none,2550,Tec-9,0.0748,24.1
t,1400,none,2550,USP-S,0.0154,24.1
t,1400,none,2550,Five-SeveN,0.0027,24.1
t,1400,none,2550,none,0.0,24.1
t,1400,none,2600,Desert Eagle,0.0027,27.4
t,1400,none,2600,Glock-18,0.7794,27.4
t,1400,none,2600,P250,0.0531,27.4
t,1400,none,2600,Tec-9,0.1028,27.4
t,1400,none,2600,USP-S,0.0592,27.4
t,1400,none,2600,Five-SeveN,0.0027,27.4
t,1400,none,2600,none,0.0,27.4
t,1400,none,2650,Desert Eagle,0.0027,32.4
t,1400,none,2650,Glock-18,0.8003,32.4
t,1400,none,2650,P250,0.0485,32.4
t,1400,none,2650,Tec-9,0.0934,32.4
t,1400,none,2650,USP-S,0.0525,32.4
t,1400,none,2650,Five-SeveN,0.0027,32.4
t,1400,none,2650,none,0.0,32.4
t,1400,none,2700,Desert Eagle,0.0029,34.8
t,1400,none,2700,Glock-18,0.7659,34.8
t,1400,none,2700,P250,0.0473,34.8
t,1400,none,2700,Tec-9,0.1313,34.8
t,1400,none,2700,USP-S,0.0498,34.8
t,1400,none,2700,Five-SeveN,0.0028,34.8
t,1400,none,2700,none,0.0,34.8
t,1400,none,2750,Desert Eagle,0.0027,43.0
t,1400,none,2750,Glock-18,0.793,43.0
t,1400,none,2750,P250,0.0414,43.0
t,1400,none,2750,Tec-9,0.1124,43.0
t,1400,none,2750,USP-S,0.0478,43.0
t,1400,none,2750,Five-SeveN,0.0027,43.0
t,1400,none,2750,none,0.0,43.0
t,1400,none,2800,Desert Eagle,0.0291,47.9
t,1400,none,2800,Glock-18,0.7826,47.9
t,1400,none,2800,P250,0.0387,47.9
t,1400,none,2800,Tec-9,0.1029,47.9
t,1400,none,2800,USP-S,0.044,47.9
t,1400,none,2800,Five-SeveN,0.0027,47.9
t,1400,none,2800,none,0.0,47.9
t,1400,none,2850,Desert Eagle,0.0286,49.9
t,1400,none,2850,Glock-18,0.7815,49.9
t,1400,none,2850,P250,0.0395,49.9
t,1400,none,2850,Tec-9,0.1031,49.9
t,1400,none,2850,USP-S,0.0442,49.9
t,1400,none,2850,Five-SeveN,0.003,49.9
t,1400,none,2850,none,0.0,49.9
t,1400,none,2900,Desert Eagle,0.0283,51.5
t,1400,none,2900,Glock-18,0.7793,51.5
t,1400,none,2900,P250,0.0404,51.5
t,1400,none,2900,Tec-9,0.1039,51.5
t,1400,none,2900,USP-S,0.0448,51.5
t,1400,none,2900,Five-SeveN,0.0033,51.5
t,1400,none,2900,none,0.0,51.5
t,1400,none,2950,Desert Eagle,0.0246,59.6
t,1400,none,2950,Glock-18,0.8039,59.6
t,1400,none,2950,P250,0.0364,59.6
t,1400,none,2950,Tec-9,0.092,59.6
t,1400,none,2950,USP-S,0.0399,59.6
t,1400,none,2950,Five-SeveN,0.0032,59.6
t,1400,none,2950,none,0.0,59.6
t,1400,none,3000,Desert Eagle,0.0239,62.3
t,1400,none,3000,Glock-18,0.7854,62.3
t,1400,none,3000,P250,0.0365,62.3
t,1400,none,3000,Tec-9,0.1111,62.3
t,1400,none,3000,USP-S,0.0396,62.3
t,1400,none,3000,Five-SeveN,0.0035,62.3
t,1400,none,3000,none,0.0,62.3
t,1400,none,3050,Dual Berettas,0.0314,77.7
t,1400,none,3050,Desert Eagle,0.0192,77.7
t,1400,none,3050,Glock-18,0.7732,77.7
t,1400,none,3050,P250,0.0303,77.7
t,1400,none,3050,Tec-9,0.0904,77.7
t,1400,none,3050,USP-S,0.0524,77.7
t,1400,none,3050,Five-SeveN,0.0031,77.7
t,1400,none,3050,none,0.0,77.7
t,1400,none,3100,Glock-18,0.8098,100.6
t,1400,none,3100,Dual Berettas,0.0236,100.6
t,1400,none,3100,Desert Eagle,0.0141,100.6
t,1400,none,3100,P250,0.0353,100.6
t,1400,none,3100,Tec-9,0.0669,100.6
t,1400,none,3100,USP-S,0.0479,100.6
t,1400,none,3100,Five-SeveN,0.0024,100.6
t,1400,none,3100,none,0.0,100.6
t,1400,none,3150,Glock-18,0.8865,102.2
t,1400,none,3150,Dual Berettas,0.0082,102.2
t,1400,none,3150,USP-S,0.0381,102.2
t,1400,none,3150,Desert Eagle,0.0099,102.2
t,1400,none,3150,P250,0.0208,102.2
t,1400,none,3150,Tec-9,0.0365,102.2
t,1400,none,3150,Five-SeveN,0.0,102.2
t,1400,none,3150,none,0.0,102.2
t,1400,none,3200,Glock-18,0.8794,103.2
t,1400,none,3200,Dual Berettas,0.0073,103.2
t,1400,none,3200,USP-S,0.0457,103.2
t,1400,none,3200,Desert Eagle,0.0131,103.2
t,1400,none,3200,P250,0.0192,103.2
t,1400,none,3200,Tec-9,0.0352,103.2
t,1400,none,3200,Five-SeveN,0.0,103.2
t,1400,none,3200,none,0.0,103.2
t,1400,none,3250,USP-S,0.0496,107.7
t,1400,none,3250,Glock-18,0.9198,107.7
t,1400,none,3250,Dual Berettas,0.0,107.7
t,1400,none,3250,Desert Eagle,0.0044,107.7
t,1400,none,3250,P250,0.0122,107.7
t,1400,none,3250,Tec-9,0.014,107.7
t,1400,none,3250,Five-SeveN,0.0,107.7
t,1400,none,3250,none,0.0,107.7
t,1400,none,3300,USP-S,0.0876,102.1
t,1400,none,3300,Glock-18,0.858,102.1
t,1400,none,3300,Dual Berettas,0.0042,102.1
t,1400,none,3300,Desert Eagle,0.0042,102.1
t,1400,none,3300,P250,0.0042,102.1
t,1400,none,3300,Tec-9,0.0418,102.1
t,1400,none,3300,Five-SeveN,0.0,102.1
t,1400,none,3300,none,0.0,102.1
t,1400,none,3350,Glock-18,0.8638,152.3
t,1400,none,3350,USP-S,0.0915,152.3
t,1400,none,3350,Dual Berettas,0.0106,152.3
t,1400,none,3350,Desert Eagle,0.0085,152.3
t,1400,none,3350,P250,0.0043,152.3
t,1400,none,3350,P2000,0.0,152.3
t,1400,none,3350,Tec-9,0.0213,152.3
t,1400,none,3350,Five-SeveN,0.0,152.3
t,1400,none,3350,none,0.0,152.3
t,1400,none,3400,Glock-18,0.9681,150.0
t,1400,none,3400,USP-S,0.0099,150.0
t,1400,none,3400,Dual Berettas,0.0071,150.0
t,1400,none,3400,Desert Eagle,0.0003,150.0
t,1400,none,3400,P250,0.0137,150.0
t,1400,none,3400,P2000,0.0,150.0
t,1400,none,3400,Tec-9,0.0009,150.0
t,1400,none,3400,Five-SeveN,0.0,150.0
t,1400,none,3400,none,0.0,150.0
t,1400,none,3450,Glock-18,0.9428,124.4
t,1400,none,3450,USP-S,0.0163,124.4
t,1400,none,3450,Dual Berettas,0.0053,124.4
t,1400,none,3450,Desert Eagle,0.0002,124.4
t,1400,none,3450,P250,0.0101,124.4
t,1400,none,3450,P2000,0.0,124.4
t,1400,none,3450,Tec-9,0.0254,124.4
t,1400,none,3450,Five-SeveN,0.0,124.4
t,1400,none,3450,none,0.0,124.4
t,1400,none,3500,Glock-18,0.848,117.8
t,1400,none,3500,USP-S,0.0688,117.8
t,1400,none,3500,Dual Berettas,0.013,117.8
t,1400,none,3500,Desert Eagle,0.0189,117.8
t,1400,none,3500,Tec-9,0.0319,117.8
t,1400,none,3500,P250,0.0195,117.8
t,1400,none,3500,P2000,0.0,117.8
t,1400,none,3500,Five-SeveN,0.0,117.8
t,1400,none,3500,none,0.0,117.8
t,1400,none,3550,Glock-18,0.7989,108.1
t,1400,none,3550,USP-S,0.0907,108.1
t,1400,none,3550,P250,0.0378,108.1
t,1400,none,3550,Dual Berettas,0.0262,108.1
t,1400,none,3550,Desert Eagle,0.0145,108.1
t,1400,none,3550,Tec-9,0.0319,108.1
t,1400,none,3550,P2000,0.0,108.1
t,1400,none,3550,Five-SeveN,0.0,108.1
t,1400,none,3550,none,0.0,108.1
t,1400,none,3600,Glock-18,0.8403,161.9
t,1400,none,3600,USP-S,0.0694,161.9
t,1400,none,3600,P250,0.0186,161.9
t,1400,none,3600,Dual Berettas,0.0255,161.9
t,1400,none,3600,Tec-9,0.0323,161.9
t,1400,none,3600,Desert Eagle,0.0138,161.9
t,1400,none,3600,P2000,0.0,161.9
t,1400,none,3600,Five-SeveN,0.0,161.9
t,1400,none,3600,none,0.0,161.9
t,1400,none,3650,Glock-18,0.7883,141.5
t,1400,none,3650,USP-S,0.1537,141.5
t,1400,none,3650,P250,0.0097,141.5
t,1400,none,3650,Dual Berettas,0.0392,141.5
t,1400,none,3650,Tec-9,0.001,141.5
t,1400,none,3650,Desert Eagle,0.0077,141.5
t,1400,none,3650,P2000,0.0003,141.5
t,1400,none,3650,Five-SeveN,0.0,141.5
t,1400,none,3650,none,0.0,141.5
t,1400,none,3700,P250,0.0647,161.6
t,1400,none,3700,Glock-18,0.7024,161.6
t,1400,none,3700,USP-S,0.154,161.6
t,1400,none,3700,Dual Berettas,0.0722,161.6
t,1400,none,3700,Tec-9,0.0,161.6
t,1400,none,3700,Desert Eagle,0.0003,161.6
t,1400,none,3700,P2000,0.0064,161.6
t,1400,none,3700,Five-SeveN,0.0,161.6
t,1400,none,3700,none,0.0,161.6
t,1400,none,3750,P250,0.0524,129.2
t,1400,none,3750,Glock-18,0.7492,129.2
t,1400,none,3750,USP-S,0.1234,129.2
t,1400,none,3750,Dual Berettas,0.0528,129.2
t,1400,none,3750,Tec-9,0.0133,129.2
t,1400,none,3750,Desert Eagle,0.0046,129.2
t,1400,none,3750,P2000,0.0044,129.2
t,1400,none,3750,Five-SeveN,0.0,129.2
t,1400,none,3750,none,0.0,129.2
t,1400,none,3800,P250,0.0655,103.1
t,1400,none,3800,Glock-18,0.6522,103.1
t,1400,none,3800,USP-S,0.0909,103.1
t,1400,none,3800,Dual Berettas,0.058,103.1
t,1400,none,3800,Tec-9,0.0891,103.1
t,1400,none,3800,Desert Eagle,0.0436,103.1
t,1400,none,3800,P2000,0.0007,103.1
t,1400,none,3800,Five-SeveN,0.0,103.1
t,1400,none,3800,none,0.0,103.1
t,1400,none,3850,P250,0.0652,121.3
t,1400,none,3850,Glock-18,0.6486,121.3
t,1400,none,3850,USP-S,0.0806,121.3
t,1400,none,3850,Dual Berettas,0.071,121.3
t,1400,none,3850,Tec-9,0.0784,121.3
t,1400,none,3850,Desert Eagle,0.0561,121.3
t,1400,none,3850,P2000,0.0001,121.3
t,1400,none,3850,Five-SeveN,0.0001,121.3
t,1400,none,3850,none,0.0,121.3
t,1400,none,3900,P250,0.0286,126.9
t,1400,none,3900,Glock-18,0.7717,126.9
t,1400,none,3900,USP-S,0.0885,126.9
t,1400,none,3900,Dual Berettas,0.037,126.9
t,1400,none,3900,Tec-9,0.0399,126.9
t,1400,none,3900,Desert Eagle,0.0342,126.9
t,1400,none,3900,P2000,0.0,126.9
t,1400,none,3900,Five-SeveN,0.0,126.9
t,1400,none,3900,none,0.0,126.9
t,1400,none,3950,P250,0.0408,107.9
t,1400,none,3950,Glock-18,0.8023,107.9
t,1400,none,3950,USP-S,0.0942,107.9
t,1400,none,3950,Dual Berettas,0.0404,107.9
t,1400,none,3950,Tec-9,0.0202,107.9
t,1400,none,3950,Desert Eagle,0.0017,107.9
t,1400,none,3950,P2000,0.0,107.9
t,1400,none,3950,Five-SeveN,0.0004,107.9
t,1400,none,3950,none,0.0,107.9
t,1400,none,4000,P250,0.0504,107.3
t,1400,none,4000,Glock-18,0.6607,107.3
t,1400,none,4000,USP-S,0.1987,107.3
t,1400,none,4000,Dual Berettas,0.0504,107.3
t,1400,none,4000,Tec-9,0.0106,107.3
t,1400,none,4000,Desert Eagle,0.0195,107.3
t,1400,none,4000,P2000,0.0,107.3
t,1400,none,4000,Five-SeveN,0.0097,107.3
t,1400,none,4000,none,0.0,107.3
t,1400,none,4050,P250,0.0389,103.0
t,1400,none,4050,Glock-18,0.7489,103.0
t,1400,none,4050,USP-S,0.1346,103.0
t,1400,none,4050,Dual Berettas,0.0325,103.0
t,1400,none,4050,Tec-9,0.0195,103.0
t,1400,none,4050,Desert Eagle,0.0192,103.0
t,1400,none,4050,P2000,0.0,103.0
t,1400,none,4050,Five-SeveN,0.0064,103.0
t,1400,none,4050,none,0.0,103.0
t,1400,none,4100,P250,0.0516,104.4
t,1400,none,4100,Glock-18,0.7656,104.4
t,1400,none,4100,USP-S,0.0577,104.4
t,1400,none,4100,Dual Berettas,0.0372,104.4
t,1400,none,4100,Tec-9,0.0583,104.4
t,1400,none,4100,Desert Eagle,0.0276,104.4
t,1400,none,4100,P2000,0.0,104.4
t,1400,none,4100,Five-SeveN,0.002,104.4
t,1400,none,4100,none,0.0,104.4
t,1400,none,4150,P250,0.0529,101.7
t,1400,none,4150,Glock-18,0.7654,101.7
t,1400,none,4150,USP-S,0.0391,101.7
t,1400,none,4150,Dual Berettas,0.0473,101.7
t,1400,none,4150,Tec-9,0.0666,101.7
t,1400,none,4150,Desert Eagle,0.028,101.7
t,1400,none,4150,P2000,0.0,101.7
t,1400,none,4150,Five-SeveN,0.0006,101.7
t,1400,none,4150,none,0.0,101.7
t,1400,none,4200,P250,0.0235,103.4
t,1400,none,4200,Glock-18,0.7755,103.4
t,1400,none,4200,USP-S,0.1056,103.4
t,1400,none,4200,Dual Berettas,0.0443,103.4
t,1400,none,4200,Tec-9,0.036,103.4
t,1400,none,4200,Desert Eagle,0.0152,103.4
t,1400,none,4200,P2000,0.0,103.4
t,1400,none,4200,Five-SeveN,0.0,103.4
t,1400,none,4200,none,0.0,103.4
t,1400,none,4250,P250,0.0179,103.7
t,1400,none,4250,Glock-18,0.713,103.7
t,1400,none,4250,USP-S,0.1669,103.7
t,1400,none,4250,Dual Berettas,0.059,103.7
t,1400,none,4250,Tec-9,0.0254,103.7
t,1400,none,4250,Desert Eagle,0.0179,103.7
t,1400,none,4250,P2000,0.0,103.7
t,1400,none,4250,Five-SeveN,0.0,103.7
t,1400,none,4250,none,0.0,103.7
t,1400,none,4300,P250,0.0343,110.8
t,1400,none,4300,Glock-18,0.6281,110.8
t,1400,none,4300,USP-S,0.202,110.8
t,1400,none,4300,Dual Berettas,0.1001,110.8
t,1400,none,4300,Tec-9,0.0172,110.8
t,1400,none,4300,Desert Eagle,0.0183,110.8
t,1400,none,4300,P2000,0.0,110.8
t,1400,none,4300,Five-SeveN,0.0,110.8
t,1400,none,4300,none,0.0,110.8
t,1400,none,4350,P250,0.0348,109.7
t,1400,none,4350,Glock-18,0.6259,109.7
t,1400,none,4350,USP-S,0.1882,109.7
t,1400,none,4350,Dual Berettas,0.0959,109.7
t,1400,none,4350,Tec-9,0.0384,109.7
t,1400,none,4350,Desert Eagle,0.0169,109.7
t,1400,none,4350,P2000,0.0,109.7
t,1400,none,4350,Five-SeveN,0.0,109.7
t,1400,none,4350,none,0.0,109.7
t,1400,none,4400,P250,0.0194,103.0
t,1400,none,4400,Glock-18,0.7589,103.0
t,1400,none,4400,USP-S,0.0959,103.0
t,1400,none,4400,Dual Berettas,0.0525,103.0
t,1400,none,4400,Tec-9,0.0586,103.0
t,1400,none,4400,Desert Eagle,0.0147,103.0
t,1400,none,4400,P2000,0.0,103.0
t,1400,none,4400,Five-SeveN,0.0,103.0
t,1400,none,4400,none,0.0,103.0
t,1400,none,4450,P250,0.0111,103.7
t,1400,none,4450,Glock-18,0.7975,103.7
t,1400,none,4450,USP-S,0.0637,103.7
t,1400,none,4450,Dual Berettas,0.0446,103.7
t,1400,none,4450,Tec-9,0.0654,103.7
t,1400,none,4450,Desert Eagle,0.0178,103.7
t,1400,none,4450,P2000,0.0,103.7
t,1400,none,4450,Five-SeveN,0.0,103.7
t,1400,none,4450,none,0.0,103.7
t,1400,none,4500,P250,0.0078,104.2
t,1400,none,4500,Glock-18,0.7925,104.2
t,1400,none,4500,USP-S,0.0692,104.2
t,1400,none,4500,Dual Berettas,0.05,104.2
t,1400,none,4500,Tec-9,0.0613,104.2
t,1400,none,4500,Desert Eagle,0.0192,104.2
t,1400,none,4500,P2000,0.0,104.2
t,1400,none,4500,Five-SeveN,0.0,104.2
t,1400,none,4500,none,0.0,104.2
t,1400,none,4550,P250,0.0067,103.9
t,1400,none,4550,Glock-18,0.776,103.9
t,1400,none,4550,USP-S,0.073,103.9
t,1400,none,4550,Dual Berettas,0.057,103.9
t,1400,none,4550,Tec-9,0.0648,103.9
t,1400,none,4550,Desert Eagle,0.0225,103.9
t,1400,none,4550,P2000,0.0,103.9
t,1400,none,4550,Five-SeveN,0.0,103.9
t,1400,none,4550,none,0.0,103.9
t,1400,none,4600,P250,0.0002,100.0
t,1400,none,4600,Glock-18,0.8239,100.0
t,1400,none,4600,USP-S,0.065,100.0
t,1400,none,4600,Dual Berettas,0.0649,100.0
t,1400,none,4600,Tec-9,0.0317,100.0
t,1400,none,4600,Desert Eagle,0.0143,100.0
t,1400,none,4600,P2000,0.0,100.0
t,1400,none,4600,Five-SeveN,0.0,100.0
t,1400,none,4600,none,0.0,100.0
t,1400,none,4650,P250,0.0001,100.7
t,1400,none,4650,Glock-18,0.8327,100.7
t,1400,none,4650,USP-S,0.0561,100.7
t,1400,none,4650,Dual Berettas,0.0577,100.7
t,1400,none,4650,Tec-9,0.0371,100.7
t,1400,none,4650,Desert Eagle,0.0163,100.7
t,1400,none,4650,P2000,0.0,100.7
t,1400,none,4650,Five-SeveN,0.0,100.7
t,1400,none,4650,none,0.0,100.7
t,1400,none,4700,P250,0.0,104.3
t,1400,none,4700,Glock-18,0.8527,104.3
t,1400,none,4700,USP-S,0.0484,104.3
t,1400,none,4700,Dual Berettas,0.041,104.3
t,1400,none,4700,Tec-9,0.0427,104.3
t,1400,none,4700,Desert Eagle,0.0151,104.3
t,1400,none,4700,P2000,0.0,104.3
t,1400,none,4700,Five-SeveN,0.0,104.3
t,1400,none,4700,none,0.0,104.3
t,1400,none,4750,P250,0.0,108.1
t,1400,none,4750,Glock-18,0.8546,108.1
t,1400,none,4750,USP-S,0.0392,108.1
t,1400,none,4750,Dual Berettas,0.0354,108.1
t,1400,none,4750,Tec-9,0.0571,108.1
t,1400,none,4750,Desert Eagle,0.0131,108.1
t,1400,none,4750,P2000,0.0,108.1
t,1400,none,4750,Five-SeveN,0.0,108.1
t,1400,none,4750,none,0.0006,108.1
t,1400,none,4800,P250,0.0,102.2
t,1400,none,4800,Glock-18,0.8966,102.2
t,1400,none,4800,USP-S,0.027,102.2
t,1400,none,4800,Dual Berettas,0.0158,102.2
t,1400,none,4800,Tec-9,0.0532,102.2
t,1400,none,4800,Desert Eagle,0.0071,102.2
t,1400,none,4800,P2000,0.0,102.2
t,1400,none,4800,Five-SeveN,0.0,102.2
t,1400,none,4800,none,0.0003,102.2
t,1400,none,4850,P250,0.0,108.5
t,1400,none,4850,Glock-18,0.9024,108.5
t,1400,none,4850,USP-S,0.0225,108.5
t,1400,none,4850,Dual Berettas,0.0149,108.5
t,1400,none,4850,Tec-9,0.0544,108.5
t,1400,none,4850,Desert Eagle,0.0041,108.5
t,1400,none,4850,P2000,0.0,108.5
t,1400,none,4850,Five-SeveN,0.0,108.5
t,1400,none,4850,none,0.0017,108.5
t,1400,none,4900,P250,0.0,106.7
t,1400,none,4900,Glock-18,0.9147,106.7
t,1400,none,4900,USP-S,0.0116,106.7
t,1400,none,4900,Dual Berettas,0.0235,106.7
t,1400,none,4900,Tec-9,0.0486,106.7
t,1400,none,4900,Desert Eagle,0.0002,106.7
t,1400,none,4900,P2000,0.0,106.7
t,1400,none,4900,none,0.0013,106.7
t,1400,none,4900,Five-SeveN,0.0,106.7
t,1400,none,4950,P250,0.0,110.2
t,1400,none,4950,Glock-18,0.9315,110.2
t,1400,none,4950,USP-S,0.0048,110.2
t,1400,none,4950,Dual Berettas,0.0144,110.2
t,1400,none,4950,Tec-9,0.0446,110.2
t,1400,none,4950,Desert Eagle,0.0,110.2
t,1400,none,4950,P2000,0.0,110.2
t,1400,none,4950,none,0.0046,110.2
t,1400,none,4950,Five-SeveN,0.0,110.2
t,1400,none,5000,P250,0.0,106.3
t,1400,none,5000,Glock-18,0.9508,106.3
t,1400,none,5000,USP-S,0.0013,106.3
t,1400,none,5000,Dual Berettas,0.0058,106.3
t,1400,none,5000,Tec-9,0.0323,106.3
t,1400,none,5000,Desert Eagle,0.0,106.3
t,1400,none,5000,P2000,0.0,106.3
t,1400,none,5000,none,0.0098,106.3
t,1400,none,5000,Five-SeveN,0.0,106.3
t,1400,none,5050,P250,0.0,112.8
t,1400,none,5050,Glock-18,0.9613,112.8
t,1400,none,5050,USP-S,0.0005,112.8
t,1400,none,5050,Dual Berettas,0.0026,112.8
t,1400,none,5050,Tec-9,0.0234,112.8
t,1400,none,5050,Desert Eagle,0.0002,112.8
t,1400,none,5050,P2000,0.0,112.8
t,1400,none,5050,none,0.0121,112.8
t,1400,none,5050,Five-SeveN,0.0,112.8
t,1400,none,5100,P250,0.0001,112.5
t,1400,none,5100,Glock-18,0.9669,112.5
t,1400,none,5100,USP-S,0.0001,112.5
t,1400,none,5100,Dual Berettas,0.0007,112.5
t,1400,none,5100,Tec-9,0.0204,112.5
t,1400,none,5100,Desert Eagle,0.0012,112.5
t,1400,none,5100,P2000,0.0,112.5
t,1400,none,5100,none,0.0107,112.5
t,1400,none,5100,Five-SeveN,0.0,112.5
t,1400,none,5150,P250,0.0006,106.9
t,1400,none,5150,Glock-18,0.9359,106.9
t,1400,none,5150,USP-S,0.0137,106.9
t,1400,none,5150,Dual Berettas,0.0001,106.9
t,1400,none,5150,Tec-9,0.0385,106.9
t,1400,none,5150,Desert Eagle,0.0048,106.9
t,1400,none,5150,P2000,0.0,106.9
t,1400,none,5150,none,0.0063,106.9
t,1400,none,5150,Five-SeveN,0.0,106.9
t,1400,none,5200,P250,0.0063,112.1
t,1400,none,5200,Glock-18,0.9198,112.1
t,1400,none,5200,USP-S,0.0109,112.1
t,1400,none,5200,Dual Berettas,0.0001,112.1
t,1400,none,5200,Tec-9,0.0446,112.1
t,1400,none,5200,Desert Eagle,0.0151,112.1
t,1400,none,5200,P2000,0.0,112.1
t,1400,none,5200,none,0.0032,112.1
t,1400,none,5200,Five-SeveN,0.0,112.1
t,1400,none,5250,P250,0.0144,104.4
t,1400,none,5250,Glock-18,0.8996,104.4
t,1400,none,5250,USP-S,0.0072,104.4
t,1400,none,5250,Dual Berettas,0.0,104.4
t,1400,none,5250,Tec-9,0.0498,104.4
t,1400,none,5250,Desert Eagle,0.0276,104.4
t,1400,none,5250,P2000,0.0,104.4
t,1400,none,5250,none,0.0014,104.4
t,1400,none,5250,Five-SeveN,0.0,104.4
t,1400,none,5300,P250,0.0228,112.3
t,1400,none,5300,Glock-18,0.8797,112.3
t,1400,none,5300,USP-S,0.0041,112.3
t,1400,none,5300,Tec-9,0.0518,112.3
t,1400,none,5300,Dual Berettas,0.0,112.3
t,1400,none,5300,Desert Eagle,0.0394,112.3
t,1400,none,5300,P2000,0.0,112.3
t,1400,none,5300,none,0.0023,112.3
t,1400,none,5300,Five-SeveN,0.0,112.3
t,1400,none,5350,P250,0.0307,100.4
t,1400,none,5350,Glock-18,0.8602,100.4
t,1400,none,5350,USP-S,0.0012,100.4
t,1400,none,5350,Tec-9,0.0529,100.4
t,1400,none,5350,Dual Berettas,0.0,100.4
t,1400,none,5350,Desert Eagle,0.0513,100.4
t,1400,none,5350,P2000,0.0,100.4
t,1400,none,5350,none,0.0037,100.4
t,1400,none,5350,Five-SeveN,0.0,100.4
t,1400,none,5400,P250,0.0291,104.9
t,1400,none,5400,Glock-18,0.8565,104.9
t,1400,none,5400,USP-S,0.0003,104.9
t,1400,none,5400,Tec-9,0.0487,104.9
t,1400,none,5400,Dual Berettas,0.0,104.9
t,1400,none,5400,Desert Eagle,0.0575,104.9
t,1400,none,5400,P2000,0.0,104.9
t,1400,none,5400,none,0.008,104.9
t,1400,none,5400,Five-SeveN,0.0,104.9
t,1400,none,5450,P250,0.0229,104.7
t,1400,none,5450,Glock-18,0.8611,104.7
t,1400,none,5450,USP-S,0.0001,104.7
t,1400,none,5450,Tec-9,0.0444,104.7
t,1400,none,5450,Dual Berettas,0.0,104.7
t,1400,none,5450,Desert Eagle,0.0595,104.7
t,1400,none,5450,P2000,0.0,104.7
t,1400,none,5450,none,0.012,104.7
t,1400,none,5450,Five-SeveN,0.0,104.7
t,1400,none,5500,P250,0.0188,102.5
t,1400,none,5500,Glock-18,0.8638,102.5
t,1400,none,5500,USP-S,0.0,102.5
t,1400,none,5500,Tec-9,0.0455,102.5
t,1400,none,5500,Dual Berettas,0.0,102.5
t,1400,none,5500,Desert Eagle,0.0588,102.5
t,1400,none,5500,P2000,0.0,102.5
t,1400,none,5500,none,0.0131,102.5
t,1400,none,5500,Five-SeveN,0.0,102.5
t,1400,none,5550,P250,0.018,103.8
t,1400,none,5550,Glock-18,0.8641,103.8
t,1400,none,5550,USP-S,0.0,103.8
t,1400,none,5550,Tec-9,0.051,103.8
t,1400,none,5550,Dual Berettas,0.0,103.8
t,1400,none,5550,Desert Eagle,0.0561,103.8
t,1400,none,5550,P2000,0.0,103.8
t,1400,none,5550,none,0.0109,103.8
t,1400,none,5550,Five-SeveN,0.0,103.8
t,1400,none,5600,P250,0.0186,105.7
t,1400,none,5600,Glock-18,0.8573,105.7
t,1400,none,5600,USP-S,0.0,105.7
t,1400,none,5600,Tec-9,0.0678,105.7
t,1400,none,5600,Dual Berettas,0.0,105.7
t,1400,none,5600,Desert Eagle,0.0494,105.7
t,1400,none,5600,P2000,0.0,105.7
t,1400,none,5600,none,0.007,105.7
t,1400,none,5600,Five-SeveN,0.0,105.7
t,1400,none,5650,P250,0.0195,101.6
t,1400,none,5650,Glock-18,0.8634,101.6
t,1400,none,5650,USP-S,0.0,101.6
t,1400,none,5650,Tec-9,0.0739,101.6
t,1400,none,5650,Dual Berettas,0.0,101.6
t,1400,none,5650,Desert Eagle,0.0397,101.6
t,1400,none,5650,P2000,0.0,101.6
t,1400,none,5650,none,0.0035,101.6
t,1400,none,5650,Five-SeveN,0.0,101.6
t,1400,none,5700,P250,0.0183,109.2
t,1400,none,5700,Glock-18,0.8779,109.2
t,1400,none,5700,USP-S,0.0,109.2
t,1400,none,5700,Tec-9,0.0706,109.2
t,1400,none,5700,Dual Berettas,0.0,109.2
t,1400,none,5700,Desert Eagle,0.0314,109.2
t,1400,none,5700,P2000,0.0,109.2
t,1400,none,5700,none,0.0018,109.2
t,1400,none,5700,Five-SeveN,0.0,109.2
t,1400,none,5750,P250,0.0162,105.7
t,1400,none,5750,Glock-18,0.8925,105.7
t,1400,none,5750,USP-S,0.0,105.7
t,1400,none,5750,Tec-9,0.0652,105.7
t,1400,none,5750,Dual Berettas,0.0,105.7
t,1400,none,5750,Desert Eagle,0.0255,105.7
t,1400,none,5750,P2000,0.0,105.7
t,1400,none,5750,none,0.0006,105.7
t,1400,none,5750,Five-SeveN,0.0,105.7
t,1400,none,5800,P250,0.014,102.6
t,1400,none,5800,Glock-18,0.9062,102.6
t,1400,none,5800,USP-S,0.0,102.6
t,1400,none,5800,Tec-9,0.0567,102.6
t,1400,none,5800,Dual Berettas,0.0,102.6
t,1400,none,5800,Desert Eagle,0.023,102.6
t,1400,none,5800,P2000,0.0,102.6
t,1400,none,5800,none,0.0002,102.6
t,1400,none,5800,Five-SeveN,0.0,102.6
t,1400,none,5850,P250,0.0134,100.2
t,1400,none,5850,Glock-18,0.915,100.2
t,1400,none,5850,USP-S,0.0,100.2
t,1400,none,5850,Tec-9,0.0482,100.2
t,1400,none,5850,Dual Berettas,0.0,100.2
t,1400,none,5850,Desert Eagle,0.0233,100.2
t,1400,none,5850,P2000,0.0,100.2
t,1400,none,5850,none,0.0,100.2
t,1400,none,5850,Five-SeveN,0.0,100.2
t,1400,none,5900,P250,0.014,110.4
t,1400,none,5900,Glock-18,0.9164,110.4
t,1400,none,5900,USP-S,0.0,110.4
t,1400,none,5900,Tec-9,0.0437,110.4
t,1400,none,5900,Dual Berettas,0.0,110.4
t,1400,none,5900,Desert Eagle,0.0259,110.4
t,1400,none,5900,P2000,0.0,110.4
t,1400,none,5900,none,0.0,110.4
t,1400,none,5900,Five-SeveN,0.0,110.4
t,1400,none,5950,P250,0.0143,102.4
t,1400,none,5950,Glock-18,0.917,102.4
t,1400,none,5950,USP-S,0.0,102.4
t,1400,none,5950,Tec-9,0.04,102.4
t,1400,none,5950,Dual Berettas,0.0,102.4
t,1400,none,5950,Desert Eagle,0.0287,102.4
t,1400,none,5950,P2000,0.0,102.4
t,1400,none,5950,none,0.0,102.4
t,1400,none,5950,Five-SeveN,0.0,102.4
t,1400,none,6000,P250,0.012,107.8
t,1400,none,6000,Glock-18,0.9194,107.8
t,1400,none,6000,USP-S,0.0,107.8
t,1400,none,6000,Tec-9,0.0399,107.8
t,1400,none,6000,Dual Berettas,0.0,107.8
t,1400,none,6000,Desert Eagle,0.0287,107.8
t,1400,none,6000,P2000,0.0,107.8
t,1400,none,6000,none,0.0,107.8
t,1400,none,6000,Five-SeveN,0.0,107.8
t,1400,none,6050,P250,0.0077,102.0
t,1400,none,6050,Glock-18,0.9275,102.0
t,1400,none,6050,USP-S,0.0,102.0
t,1400,none,6050,Tec-9,0.04,102.0
t,1400,none,6050,Dual Berettas,0.0,102.0
t,1400,none,6050,Desert Eagle,0.0248,102.0
t,1400,none,6050,P2000,0.0,102.0
t,1400,none,6050,none,0.0,102.0
t,1400,none,6050,Five-SeveN,0.0,102.0
t,1400,none,6100,P250,0.004,109.7
t,1400,none,6100,Glock-18,0.9359,109.7
t,1400,none,6100,USP-S,0.0,109.7
t,1400,none,6100,Tec-9,0.0449,109.7
t,1400,none,6100,Dual Berettas,0.0,109.7
t,1400,none,6100,Desert Eagle,0.0152,109.7
t,1400,none,6100,P2000,0.0,109.7
t,1400,none,6100,none,0.0,109.7
t,1400,none,6100,Five-SeveN,0.0,109.7
t,1400,none,6150,P250,0.0017,108.2
t,1400,none,6150,Glock-18,0.9393,108.2
t,1400,none,6150,USP-S,0.0,108.2
t,1400,none,6150,Tec-9,0.051,108.2
t,1400,none,6150,Dual Berettas,0.0,108.2
t,1400,none,6150,Desert Eagle,0.008,108.2
t,1400,none,6150,P2000,0.0,108.2
t,1400,none,6150,none,0.0,108.2
t,1400,none,6150,Five-SeveN,0.0,108.2
t,1400,none,6200,P250,0.0006,108.9
t,1400,none,6200,Glock-18,0.9364,108.9
t,1400,none,6200,USP-S,0.0,108.9
t,1400,none,6200,Tec-9,0.0596,108.9
t,1400,none,6200,Dual Berettas,0.0,108.9
t,1400,none,6200,Desert Eagle,0.0034,108.9
t,1400,none,6200,P2000,0.0,108.9
t,1400,none,6200,none,0.0,108.9
t,1400,none,6200,Five-SeveN,0.0,108.9
t,1400,none,6250,P250,0.0002,111.1
t,1400,none,6250,Glock-18,0.9284,111.1
t,1400,none,6250,USP-S,0.0,111.1
t,1400,none,6250,Tec-9,0.0703,111.1
t,1400,none,6250,Dual Berettas,0.0,111.1
t,1400,none,6250,Desert Eagle,0.0012,111.1
t,1400,none,6250,P2000,0.0,111.1
t,1400,none,6250,none,0.0,111.1
t,1400,none,6250,Five-SeveN,0.0,111.1
t,1400,none,6300,P250,0.0001,112.9
t,1400,none,6300,Glock-18,0.9194,112.9
t,1400,none,6300,USP-S,0.0,112.9
t,1400,none,6300,Tec-9,0.0802,112.9
t,1400,none,6300,Dual Berettas,0.0,112.9
t,1400,none,6300,Desert Eagle,0.0003,112.9
t,1400,none,6300,P2000,0.0,112.9
t,1400,none,6300,none,0.0,112.9
t,1400,none,6300,Five-SeveN,0.0,112.9
t,1400,none,6350,P250,0.0001,100.3
t,1400,none,6350,Glock-18,0.9119,100.3
t,1400,none,6350,USP-S,0.0,100.3
t,1400,none,6350,Tec-9,0.088,100.3
t,1400,none,6350,Dual Berettas,0.0,100.3
t,1400,none,6350,Desert Eagle,0.0,100.3
t,1400,none,6350,P2000,0.0,100.3
t,1400,none,6350,none,0.0,100.3
t,1400,none,6350,Five-SeveN,0.0,100.3
t,1400,none,6400,P250,0.0003,100.7
t,1400,none,6400,Glock-18,0.9206,100.7
t,1400,none,6400,USP-S,0.0,100.7
t,1400,none,6400,Tec-9,0.0791,100.7
t,1400,none,6400,Dual Berettas,0.0,100.7
t,1400,none,6400,Desert Eagle,0.0,100.7
t,1400,none,6400,P2000,0.0,100.7
t,1400,none,6400,none,0.0,100.7
t,1400,none,6400,Five-SeveN,0.0,100.7
t,1400,none,6450,P250,0.0011,101.7
t,1400,none,6450,Glock-18,0.9373,101.7
t,1400,none,6450,USP-S,0.0,101.7
t,1400,none,6450,Tec-9,0.0616,101.7
t,1400,none,6450,Dual Berettas,0.0,101.7
t,1400,none,6450,Desert Eagle,0.0,101.7
t,1400,none,6450,P2000,0.0,101.7
t,1400,none,6450,none,0.0,101.7
t,1400,none,6450,Five-SeveN,0.0,101.7
t,1400,none,6500,P250,0.0041,105.0
t,1400,none,6500,Glock-18,0.9475,105.0
t,1400,none,6500,USP-S,0.0,105.0
t,1400,none,6500,Tec-9,0.0484,105.0
t,1400,none,6500,Dual Berettas,0.0,105.0
t,1400,none,6500,Desert Eagle,0.0,105.0
t,1400,none,6500,P2000,0.0,105.0
t,1400,none,6500,none,0.0,105.0
t,1400,none,6500,Five-SeveN,0.0,105.0
t,1400,none,6550,P250,0.0092,104.2
t,1400,none,6550,Glock-18,0.9497,104.2
t,1400,none,6550,USP-S,0.0,104.2
t,1400,none,6550,Tec-9,0.041,104.2
t,1400,none,6550,Dual Berettas,0.0,104.2
t,1400,none,6550,Desert Eagle,0.0,104.2
t,1400,none,6550,P2000,0.0,104.2
t,1400,none,6550,none,0.0,104.2
t,1400,none,6550,Five-SeveN,0.0,104.2
t,1400,none,6600,P250,0.0156,103.3
t,1400,none,6600,Glock-18,0.9479,103.3
t,1400,none,6600,USP-S,0.0,103.3
t,1400,none,6600,Tec-9,0.0365,103.3
t,1400,none,6600,Dual Berettas,0.0,103.3
t,1400,none,6600,Desert Eagle,0.0,103.3
t,1400,none,6600,P2000,0.0,103.3
t,1400,none,6600,none,0.0,103.3
t,1400,none,6600,Five-SeveN,0.0,103.3
t,1400,none,6650,P250,0.0216,105.9
t,1400,none,6650,Glock-18,0.9326,105.9
t,1400,none,6650,USP-S,0.0,105.9
t,1400,none,6650,Tec-9,0.0316,105.9
t,1400,none,6650,Dual Berettas,0.0,105.9
t,1400,none,6650,Desert Eagle,0.0142,105.9
t,1400,none,6650,P2000,0.0,105.9
t,1400,none,6650,none,0.0,105.9
t,1400,none,6650,Five-SeveN,0.0,105.9
t,1400,none,6700,P250,0.0256,108.2
t,1400,none,6700,Glock-18,0.9338,108.2
t,1400,none,6700,USP-S,0.0,108.2
t,1400,none,6700,Tec-9,0.0265,108.2
t,1400,none,6700,Dual Berettas,0.0,108.2
t,1400,none,6700,Desert Eagle,0.0141,108.2
t,1400,none,6700,P2000,0.0,108.2
t,1400,none,6700,none,0.0,108.2
t,1400,none,6700,Five-SeveN,0.0,108.2
t,1400,none,6750,P250,0.0266,107.4
t,1400,none,6750,Glock-18,0.9395,107.4
t,1400,none,6750,USP-S,0.0,107.4
t,1400,none,6750,Tec-9,0.0216,107.4
t,1400,none,6750,Dual Berettas,0.0,107.4
t,1400,none,6750,Desert Eagle,0.0123,107.4
t,1400,none,6750,P2000,0.0,107.4
t,1400,none,6750,none,0.0,107.4
t,1400,none,6750,Five-SeveN,0.0,107.4
t,1400,none,6800,P250,0.0249,104.5
t,1400,none,6800,Glock-18,0.947,104.5
t,1400,none,6800,USP-S,0.0,104.5
t,1400,none,6800,Tec-9,0.018,104.5
t,1400,none,6800,Dual Berettas,0.0,104.5
t,1400,none,6800,Desert Eagle,0.0101,104.5
t,1400,none,6800,P2000,0.0,104.5
t,1400,none,6800,none,0.0,104.5
t,1400,none,6800,Five-SeveN,0.0,104.5
t,1400,none,6850,P250,0.0209,107.0
t,1400,none,6850,Glock-18,0.9557,107.0
t,1400,none,6850,USP-S,0.0,107.0
t,1400,none,6850,Tec-9,0.0154,107.0
t,1400,none,6850,Dual Berettas,0.0,107.0
t,1400,none,6850,Desert Eagle,0.0081,107.0
t,1400,none,6850,P2000,0.0,107.0
t,1400,none,6850,none,0.0,107.0
t,1400,none,6850,Five-SeveN,0.0,107.0
t,1400,none,6900,P250,0.0178,100.4
t,1400,none,6900,Glock-18,0.9614,100.4
t,1400,none,6900,USP-S,0.0,100.4
t,1400,none,6900,Tec-9,0.0138,100.4
t,1400,none,6900,Dual Berettas,0.0,100.4
t,1400,none,6900,Desert Eagle,0.007,100.4
t,1400,none,6900,P2000,0.0,100.4
t,1400,none,6900,none,0.0,100.4
t,1400,none,6900,Five-SeveN,0.0,100.4
t,1400,none,6950,P250,0.0149,105.2
t,1400,none,6950,Glock-18,0.9632,105.2
t,1400,none,6950,USP-S,0.0,105.2
t,1400,none,6950,Tec-9,0.0141,105.2
t,1400,none,6950,Dual Berettas,0.0,105.2
t,1400,none,6950,Desert Eagle,0.0079,105.2
t,1400,none,6950,P2000,0.0,105.2
t,1400,none,6950,none,0.0,105.2
t,1400,none,6950,Five-SeveN,0.0,105.2
t,1400,none,7000,P250,0.0128,103.0
t,1400,none,7000,Glock-18,0.9638,103.0
t,1400,none,7000,USP-S,0.0,103.0
t,1400,none,7000,Tec-9,0.0142,103.0
t,1400,none,7000,Dual Berettas,0.0,103.0
t,1400,none,7000,Desert Eagle,0.0093,103.0
t,1400,none,7000,P2000,0.0,103.0
t,1400,none,7000,none,0.0,103.0
t,1400,none,7000,Five-SeveN,0.0,103.0
t,1400,none,7050,P250,0.0116,101.3
t,1400,none,7050,Glock-18,0.9619,101.3
t,1400,none,7050,USP-S,0.0,101.3
t,1400,none,7050,Tec-9,0.0146,101.3
t,1400,none,7050,Dual Berettas,0.0,101.3
t,1400,none,7050,Desert Eagle,0.0119,101.3
t,1400,none,7050,P2000,0.0,101.3
t,1400,none,7050,none,0.0,101.3
t,1400,none,7050,Five-SeveN,0.0,101.3
t,1400,none,7100,P250,0.0122,104.0
t,1400,none,7100,Glock-18,0.9576,104.0
t,1400,none,7100,USP-S,0.0,104.0
t,1400,none,7100,Tec-9,0.0142,104.0
t,1400,none,7100,Dual Berettas,0.0,104.0
t,1400,none,7100,Desert Eagle,0.016,104.0
t,1400,none,7100,P2000,0.0,104.0
t,1400,none,7100,none,0.0,104.0
t,1400,none,7100,Five-SeveN,0.0,104.0
t,1400,none,7150,P250,0.0128,101.1
t,1400,none,7150,Glock-18,0.9537,101.1
t,1400,none,7150,USP-S,0.0,101.1
t,1400,none,7150,Tec-9,0.0136,101.1
t,1400,none,7150,Dual Berettas,0.0,101.1
t,1400,none,7150,Desert Eagle,0.0199,101.1
t,1400,none,7150,P2000,0.0,101.1
t,1400,none,7150,none,0.0,101.1
t,1400,none,7150,Five-SeveN,0.0,101.1
t,1400,none,7200,P250,0.0138,103.4
t,1400,none,7200,Glock-18,0.9508,103.4
t,1400,none,7200,USP-S,0.0,103.4
t,1400,none,7200,Tec-9,0.0123,103.4
t,1400,none,7200,Dual Berettas,0.0,103.4
t,1400,none,7200,Desert Eagle,0.0231,103.4
t,1400,none,7200,P2000,0.0,103.4
t,1400,none,7200,none,0.0,103.4
t,1400,none,7200,Five-SeveN,0.0,103.4
t,1400,none,7250,P250,0.0145,101.3
t,1400,none,7250,Glock-18,0.9485,101.3
t,1400,none,7250,USP-S,0.0,101.3
t,1400,none,7250,Tec-9,0.0111,101.3
t,1400,none,7250,Dual Berettas,0.0,101.3
t,1400,none,7250,Desert Eagle,0.0259,101.3
t,1400,none,7250,P2000,0.0,101.3
t,1400,none,7250,none,0.0,101.3
t,1400,none,7250,Five-SeveN,0.0,101.3
t,1400,none,7300,P250,0.0144,104.8
t,1400,none,7300,Glock-18,0.9491,104.8
t,1400,none,7300,USP-S,0.0,104.8
t,1400,none,7300,Tec-9,0.0101,104.8
t,1400,none,7300,Dual Berettas,0.0,104.8
t,1400,none,7300,Desert Eagle,0.0264,104.8
t,1400,none,7300,P2000,0.0,104.8
t,1400,none,7300,none,0.0,104.8
t,1400,none,7300,Five-SeveN,0.0,104.8
t,1400,none,7350,P250,0.0141,103.2
t,1400,none,7350,Glock-18,0.95,103.2
t,1400,none,7350,USP-S,0.0,103.2
t,1400,none,7350,Tec-9,0.0092,103.2
t,1400,none,7350,Dual Berettas,0.0,103.2
t,1400,none,7350,Desert Eagle,0.0266,103.2
t,1400,none,7350,P2000,0.0,103.2
t,1400,none,7350,none,0.0,103.2
t,1400,none,7350,Five-SeveN,0.0,103.2
t,1400,none,7400,P250,0.0133,100.8
t,1400,none,7400,Glock-18,0.9524,100.8
t,1400,none,7400,USP-S,0.0,100.8
t,1400,none,7400,Tec-9,0.0089,100.8
t,1400,none,7400,Dual Berettas,0.0,100.8
t,1400,none,7400,Desert Eagle,0.0254,100.8
t,1400,none,7400,P2000,0.0,100.8
t,1400,none,7400,none,0.0,100.8
t,1400,none,7400,Five-SeveN,0.0,100.8
t,1400,none,7450,P250,0.0116,101.7
t,1400,none,7450,Glock-18,0.9563,101.7
t,1400,none,7450,USP-S,0.0,101.7
t,1400,none,7450,Tec-9,0.0097,101.7
t,1400,none,7450,Dual Berettas,0.0,101.7
t,1400,none,7450,Desert Eagle,0.0224,101.7
t,1400,none,7450,P2000,0.0,101.7
t,1400,none,7450,none,0.0,101.7
t,1400,none,7450,Five-SeveN,0.0,101.7
t,1400,none,7500,P250,0.0099,101.7
t,1400,none,7500,Glock-18,0.9599,101.7
t,1400,none,7500,USP-S,0.0,101.7
t,1400,none,7500,Tec-9,0.011,101.7
t,1400,none,7500,Dual Berettas,0.0,101.7
t,1400,none,7500,Desert Eagle,0.0193,101.7
t,1400,none,7500,P2000,0.0,101.7
t,1400,none,7500,none,0.0,101.7
t,1400,none,7500,Five-SeveN,0.0,101.7
t,1400,none,7550,P250,0.0083,101.6
t,1400,none,7550,Glock-18,0.9631,101.6
t,1400,none,7550,USP-S,0.0,101.6
t,1400,none,7550,Tec-9,0.0123,101.6
t,1400,none,7550,Dual Berettas,0.0,101.6
t,1400,none,7550,Desert Eagle,0.0163,101.6
t,1400,none,7550,P2000,0.0,101.6
t,1400,none,7550,none,0.0,101.6
t,1400,none,7550,Five-SeveN,0.0,101.6
t,1400,none,7600,P250,0.0068,101.9
t,1400,none,7600,Glock-18,0.966,101.9
t,1400,none,7600,USP-S,0.0,101.9
t,1400,none,7600,Tec-9,0.0135,101.9
t,1400,none,7600,Dual Berettas,0.0,101.9
t,1400,none,7600,Desert Eagle,0.0136,101.9
t,1400,none,7600,P2000,0.0,101.9
t,1400,none,7600,none,0.0,101.9
t,1400,none,7600,Five-SeveN,0.0,101.9
t,1900,none,800,P250,0.0745,1450.1
t,1900,none,800,Glock-18,0.9241,1450.1
t,1900,none,800,none,0.0014,1450.1
t,1900,none,800,Desert Eagle,0.0,1450.1
t,1900,none,800,R8 Revolver,0.0,1450.1
t,1900,none,800,Tec-9,0.0,1450.1
t,1900,none,850,P250,0.0733,1102.1
t,1900,none,850,Glock-18,0.9099,1102.1
t,1900,none,850,none,0.0014,1102.1
t,1900,none,850,Desert Eagle,0.0,1102.1
t,1900,none,850,R8 Revolver,0.0,1102.1
t,1900,none,850,Tec-9,0.0155,1102.1
t,1900,none,900,P250,0.0713,408.8
t,1900,none,900,Glock-18,0.8848,408.8
t,1900,none,900,none,0.0013,408.8
t,1900,none,900,Desert Eagle,0.0,408.8
t,1900,none,900,R8 Revolver,0.0,408.8
t,1900,none,900,Tec-9,0.0426,408.8
t,1900,none,950,P250,0.072,573.6
t,1900,none,950,Glock-18,0.8935,573.6
t,1900,none,950,none,0.0013,573.6
t,1900,none,950,Desert Eagle,0.0,573.6
t,1900,none,950,R8 Revolver,0.0,573.6
t,1900,none,950,Tec-9,0.0331,573.6
t,1900,none,1000,P250,0.0728,863.7
t,1900,none,1000,Glock-18,0.9035,863.7
t,1900,none,1000,none,0.0013,863.7
t,1900,none,1000,Desert Eagle,0.0,863.7
t,1900,none,1000,R8 Revolver,0.0,863.7
t,1900,none,1000,Tec-9,0.0223,863.7
t,1900,none,1050,P250,0.0701,248.3
t,1900,none,1050,Glock-18,0.8701,248.3
t,1900,none,1050,none,0.0013,248.3
t,1900,none,1050,Desert Eagle,0.0,248.3
t,1900,none,1050,R8 Revolver,0.0,248.3
t,1900,none,1050,Tec-9,0.0585,248.3
t,1900,none,1100,P250,0.0723,641.5
t,1900,none,1100,Glock-18,0.8954,641.5
t,1900,none,1100,none,0.0013,641.5
t,1900,none,1100,Desert Eagle,0.0007,641.5
t,1900,none,1100,R8 Revolver,0.0,641.5
t,1900,none,1100,Tec-9,0.0303,641.5
t,1900,none,1150,P250,0.075,184.2
t,1900,none,1150,Glock-18,0.8715,184.2
t,1900,none,1150,none,0.001,184.2
t,1900,none,1150,Tec-9,0.0317,184.2
t,1900,none,1150,Desert Eagle,0.0208,184.2
t,1900,none,1150,R8 Revolver,0.0,184.2
t,1900,none,1200,P250,0.0736,108.5
t,1900,none,1200,Glock-18,0.8397,108.5
t,1900,none,1200,none,0.0008,108.5
t,1900,none,1200,Tec-9,0.0554,108.5
t,1900,none,1200,Desert Eagle,0.0305,108.5
t,1900,none,1200,R8 Revolver,0.0,108.5
t,1900,none,1250,P250,0.149,126.4
t,1900,none,1250,Glock-18,0.7608,126.4
t,1900,none,1250,none,0.0007,126.4
t,1900,none,1250,Tec-9,0.0609,126.4
t,1900,none,1250,Desert Eagle,0.0285,126.4
t,1900,none,1250,R8 Revolver,0.0,126.4
t,1900,none,1300,P250,0.1518,111.8
t,1900,none,1300,Glock-18,0.691,111.8
t,1900,none,1300,Five-SeveN,0.0183,111.8
t,1900,none,1300,none,0.0007,111.8
t,1900,none,1300,Tec-9,0.1064,111.8
t,1900,none,1300,Desert Eagle,0.0318,111.8
t,1900,none,1300,R8 Revolver,0.0,111.8
t,1900,none,1350,P250,0.1179,110.7
t,1900,none,1350,Glock-18,0.4158,110.7
t,1900,none,1350,Five-SeveN,0.0124,110.7
t,1900,none,1350,Desert Eagle,0.3213,110.7
t,1900,none,1350,none,0.0005,110.7
t,1900,none,1350,Tec-9,0.1322,110.7
t,1900,none,1350,R8 Revolver,0.0,110.7
t,1900,none,1400,P250,0.1328,110.6
t,1900,none,1400,Glock-18,0.365,110.6
t,1900,none,1400,Five-SeveN,0.0111,110.6
t,1900,none,1400,Desert Eagle,0.3598,110.6
t,1900,none,1400,none,0.0008,110.6
t,1900,none,1400,Tec-9,0.1304,110.6
t,1900,none,1400,R8 Revolver,0.0,110.6
t,1900,none,1450,P250,0.1498,103.4
t,1900,none,1450,Glock-18,0.2023,103.4
t,1900,none,1450,Five-SeveN,0.0091,103.4
t,1900,none,1450,Desert Eagle,0.3061,103.4
t,1900,none,1450,Tec-9,0.3327,103.4
t,1900,none,1450,none,0.0,103.4
t,1900,none,1450,R8 Revolver,0.0,103.4
t,1900,none,1500,P250,0.147,100.6
t,1900,none,1500,Glock-18,0.1888,100.6
t,1900,none,1500,Five-SeveN,0.0035,100.6
t,1900,none,1500,Tec-9,0.4369,100.6
t,1900,none,1500,Desert Eagle,0.2237,100.6
t,1900,none,1500,none,0.0,100.6
t,1900,none,1500,R8 Revolver,0.0,100.6
t,1900,none,1550,P250,0.1377,102.1
t,1900,none,1550,Glock-18,0.1756,102.1
t,1900,none,1550,Five-SeveN,0.0023,102.1
t,1900,none,1550,Tec-9,0.464,102.1
t,1900,none,1550,Desert Eagle,0.2204,102.1
t,1900,none,1550,none,0.0,102.1
t,1900,none,1550,R8 Revolver,0.0,102.1
t,1900,none,1600,P250,0.1354,103.7
t,1900,none,1600,Glock-18,0.1931,103.7
t,1900,none,1600,Five-SeveN,0.0019,103.7
t,1900,none,1600,Tec-9,0.4688,103.7
t,1900,none,1600,Desert Eagle,0.2003,103.7
t,1900,none,1600,none,0.0006,103.7
t,1900,none,1600,R8 Revolver,0.0,103.7
t,1900,none,1650,P250,0.1255,110.2
t,1900,none,1650,Glock-18,0.1852,110.2
t,1900,none,1650,Five-SeveN,0.001,110.2
t,1900,none,1650,Tec-9,0.433,110.2
t,1900,none,1650,Desert Eagle,0.2527,110.2
t,1900,none,1650,none,0.0026,110.2
t,1900,none,1650,R8 Revolver,0.0,110.2
t,1900,none,1700,P250,0.102,103.0
t,1900,none,1700,Glock-18,0.2317,103.0
t,1900,none,1700,Five-SeveN,0.0003,103.0
t,1900,none,1700,Tec-9,0.3449,103.0
t,1900,none,1700,Desert Eagle,0.3155,103.0
t,1900,none,1700,none,0.0055,103.0
t,1900,none,1700,R8 Revolver,0.0,103.0
t,1900,none,1750,P250,0.0805,104.8
t,1900,none,1750,Glock-18,0.2727,104.8
t,1900,none,1750,Five-SeveN,0.0002,104.8
t,1900,none,1750,Tec-9,0.3169,104.8
t,1900,none,1750,Desert Eagle,0.32,104.8
t,1900,none,1750,none,0.0097,104.8
t,1900,none,1750,R8 Revolver,0.0,104.8
t,1900,none,1800,P250,0.0701,101.1
t,1900,none,1800,Glock-18,0.2572,101.1
t,1900,none,1800,Five-SeveN,0.0,101.1
t,1900,none,1800,Tec-9,0.4176,101.1
t,1900,none,1800,Desert Eagle,0.2423,101.1
t,1900,none,1800,none,0.0128,101.1
t,1900,none,1800,R8 Revolver,0.0,101.1
t,1900,none,1850,P250,0.0605,104.2
t,1900,none,1850,Glock-18,0.2762,104.2
t,1900,none,1850,Five-SeveN,0.0,104.2
t,1900,none,1850,Tec-9,0.4526,104.2
t,1900,none,1850,Desert Eagle,0.1958,104.2
t,1900,none,1850,none,0.0149,104.2
t,1900,none,1850,R8 Revolver,0.0,104.2
t,1900,none,1900,P250,0.0591,102.3
t,1900,none,1900,Glock-18,0.3341,102.3
t,1900,none,1900,Five-SeveN,0.0,102.3
t,1900,none,1900,Tec-9,0.4401,102.3
t,1900,none,1900,Desert Eagle,0.1504,102.3
t,1900,none,1900,none,0.0163,102.3
t,1900,none,1900,R8 Revolver,0.0,102.3
t,1900,none,1950,P250,0.0551,107.0
t,1900,none,1950,Glock-18,0.4049,107.0
t,1900,none,1950,Five-SeveN,0.0,107.0
t,1900,none,1950,Tec-9,0.4123,107.0
t,1900,none,1950,Desert Eagle,0.1106,107.0
t,1900,none,1950,none,0.0171,107.0
t,1900,none,1950,R8 Revolver,0.0,107.0
t,1900,none,2000,P250,0.0516,107.1
t,1900,none,2000,Glock-18,0.3353,107.1
t,1900,none,2000,Five-SeveN,0.0,107.1
t,1900,none,2000,Tec-9,0.5352,107.1
t,1900,none,2000,Desert Eagle,0.0655,107.1
t,1900,none,2000,none,0.0124,107.1
t,1900,none,2000,R8 Revolver,0.0,107.1
t,1900,none,2050,P250,0.0426,108.0
t,1900,none,2050,Glock-18,0.3429,108.0
t,1900,none,2050,Five-SeveN,0.0,108.0
t,1900,none,2050,Tec-9,0.5041,108.0
t,1900,none,2050,Desert Eagle,0.0981,108.0
t,1900,none,2050,none,0.0123,108.0
t,1900,none,2050,R8 Revolver,0.0,108.0
t,1900,none,2100,P250,0.034,103.3
t,1900,none,2100,Glock-18,0.3607,103.3
t,1900,none,2100,Five-SeveN,0.0,103.3
t,1900,none,2100,Tec-9,0.4704,103.3
t,1900,none,2100,Desert Eagle,0.1244,103.3
t,1900,none,2100,none,0.0105,103.3
t,1900,none,2100,R8 Revolver,0.0,103.3
t,1900,none,2150,P250,0.0289,103.5
t,1900,none,2150,Glock-18,0.4023,103.5
t,1900,none,2150,Five-SeveN,0.0,103.5
t,1900,none,2150,Tec-9,0.4273,103.5
t,1900,none,2150,Desert Eagle,0.134,103.5
t,1900,none,2150,none,0.0075,103.5
t,1900,none,2150,R8 Revolver,0.0,103.5
t,1900,none,2200,P250,0.0293,110.0
t,1900,none,2200,Glock-18,0.3878,110.0
t,1900,none,2200,Five-SeveN,0.0,110.0
t,1900,none,2200,Tec-9,0.4336,110.0
t,1900,none,2200,Desert Eagle,0.1458,110.0
t,1900,none,2200,none,0.0035,110.0
t,1900,none,2200,R8 Revolver,0.0,110.0
t,1900,none,2250,P250,0.0355,111.8
t,1900,none,2250,Glock-18,0.4001,111.8
t,1900,none,2250,Five-SeveN,0.0,111.8
t,1900,none,2250,Tec-9,0.4183,111.8
t,1900,none,2250,Desert Eagle,0.1443,111.8
t,1900,none,2250,none,0.0018,111.8
t,1900,none,2250,R8 Revolver,0.0,111.8
t,1900,none,2300,P250,0.0388,106.9
t,1900,none,2300,Glock-18,0.3848,106.9
t,1900,none,2300,Five-SeveN,0.0,106.9
t,1900,none,2300,Tec-9,0.3843,106.9
t,1900,none,2300,Desert Eagle,0.1916,106.9
t,1900,none,2300,none,0.0005,106.9
t,1900,none,2300,R8 Revolver,0.0,106.9
t,1900,none,2350,P250,0.0425,102.2
t,1900,none,2350,Glock-18,0.4408,102.2
t,1900,none,2350,Five-SeveN,0.0,102.2
t,1900,none,2350,Tec-9,0.3357,102.2
t,1900,none,2350,Desert Eagle,0.1808,102.2
t,1900,none,2350,none,0.0001,102.2
t,1900,none,2350,R8 Revolver,0.0,102.2
t,1900,none,2400,P250,0.0388,101.6
t,1900,none,2400,Glock-18,0.4211,101.6
t,1900,none,2400,Five-SeveN,0.0,101.6
t,1900,none,2400,Tec-9,0.3578,101.6
t,1900,none,2400,Desert Eagle,0.1823,101.6
t,1900,none,2400,none,0.0,101.6
t,1900,none,2400,R8 Revolver,0.0,101.6
t,1900,none,2450,P250,0.0348,105.6
t,1900,none,2450,Glock-18,0.4685,105.6
t,1900,none,2450,Five-SeveN,0.0,105.6
t,1900,none,2450,Tec-9,0.317,105.6
t,1900,none,2450,Desert Eagle,0.1798,105.6
t,1900,none,2450,none,0.0,105.6
t,1900,none,2450,R8 Revolver,0.0,105.6
t,1900,none,2500,P250,0.0303,101.4
t,1900,none,2500,Glock-18,0.4751,101.4
t,1900,none,2500,Five-SeveN,0.0,101.4
t,1900,none,2500,Tec-9,0.3094,101.4
t,1900,none,2500,Desert Eagle,0.1852,101.4
t,1900,none,2500,none,0.0,101.4
t,1900,none,2500,R8 Revolver,0.0,101.4
t,1900,none,2550,P250,0.0278,104.2
t,1900,none,2550,Glock-18,0.5014,104.2
t,1900,none,2550,Five-SeveN,0.0,104.2
t,1900,none,2550,Tec-9,0.29,104.2
t,1900,none,2550,Desert Eagle,0.1808,104.2
t,1900,none,2550,none,0.0,104.2
t,1900,none,2550,R8 Revolver,0.0,104.2
t,1900,none,2600,P250,0.0243,104.5
t,1900,none,2600,Glock-18,0.4266,104.5
t,1900,none,2600,Five-SeveN,0.0,104.5
t,1900,none,2600,Tec-9,0.3147,104.5
t,1900,none,2600,Desert Eagle,0.2344,104.5
t,1900,none,2600,none,0.0,104.5
t,1900,none,2600,R8 Revolver,0.0,104.5
t,1900,none,2650,P250,0.0296,109.5
t,1900,none,2650,Glock-18,0.4394,109.5
t,1900,none,2650,Five-SeveN,0.0,109.5
t,1900,none,2650,Tec-9,0.3106,109.5
t,1900,none,2650,Desert Eagle,0.2204,109.5
t,1900,none,2650,none,0.0,109.5
t,1900,none,2650,R8 Revolver,0.0,109.5
t,1900,none,2700,P250,0.0351,103.4
t,1900,none,2700,Glock-18,0.4108,103.4
t,1900,none,2700,Five-SeveN,0.0,103.4
t,1900,none,2700,Tec-9,0.3538,103.4
t,1900,none,2700,Desert Eagle,0.2002,103.4
t,1900,none,2700,none,0.0,103.4
t,1900,none,2700,R8 Revolver,0.0001,103.4
t,1900,none,2750,P250,0.0409,103.6
t,1900,none,2750,Glock-18,0.48,103.6
t,1900,none,2750,Five-SeveN,0.0,103.6
t,1900,none,2750,Tec-9,0.3254,103.6
t,1900,none,2750,Desert Eagle,0.1535,103.6
t,1900,none,2750,none,0.0,103.6
t,1900,none,2750,R8 Revolver,0.0002,103.6
t,1900,none,2800,P250,0.0489,102.4
t,1900,none,2800,Glock-18,0.502,102.4
t,1900,none,2800,Five-SeveN,0.0,102.4
t,1900,none,2800,Tec-9,0.2906,102.4
t,1900,none,2800,Desert Eagle,0.1582,102.4
t,1900,none,2800,none,0.0,102.4
t,1900,none,2800,R8 Revolver,0.0003,102.4
t,1900,none,2850,P250,0.0571,109.3
t,1900,none,2850,Glock-18,0.4887,109.3
t,1900,none,2850,Five-SeveN,0.0,109.3
t,1900,none,2850,Tec-9,0.2789,109.3
t,1900,none,2850,Desert Eagle,0.1742,109.3
t,1900,none,2850,none,0.0,109.3
t,1900,none,2850,R8 Revolver,0.0011,109.3
t,1900,none,2900,P250,0.0619,101.5
t,1900,none,2900,Glock-18,0.4404,101.5
t,1900,none,2900,Five-SeveN,0.0,101.5
t,1900,none,2900,Tec-9,0.2813,101.5
t,1900,none,2900,Desert Eagle,0.214,101.5
t,1900,none,2900,none,0.0,101.5
t,1900,none,2900,R8 Revolver,0.0023,101.5
t,1900,none,2950,P250,0.0526,106.3
t,1900,none,2950,Glock-18,0.3969,106.3
t,1900,none,2950,Five-SeveN,0.0,106.3
t,1900,none,2950,Tec-9,0.3104,106.3
t,1900,none,2950,Desert Eagle,0.2342,106.3
t,1900,none,2950,none,0.0,106.3
t,1900,none,2950,R8 Revolver,0.0059,106.3
t,1900,none,3000,P250,0.037,104.7
t,1900,none,3000,Glock-18,0.3939,104.7
t,1900,none,3000,Five-SeveN,0.0,104.7
t,1900,none,3000,Tec-9,0.3283,104.7
t,1900,none,3000,Desert Eagle,0.2306,104.7
t,1900,none,3000,none,0.0,104.7
t,1900,none,3000,R8 Revolver,0.0103,104.7
t,1900,none,3050,P250,0.0246,105.5
t,1900,none,3050,Glock-18,0.4153,105.5
t,1900,none,3050,Five-SeveN,0.0,105.5
t,1900,none,3050,Tec-9,0.3202,105.5
t,1900,none,3050,Desert Eagle,0.2276,105.5
t,1900,none,3050,none,0.0,105.5
t,1900,none,3050,R8 Revolver,0.0123,105.5
t,1900,none,3100,P250,0.0102,100.3
t,1900,none,3100,Glock-18,0.5175,100.3
t,1900,none,3100,Five-SeveN,0.0,100.3
t,1900,none,3100,Tec-9,0.2627,100.3
t,1900,none,3100,Desert Eagle,0.1983,100.3
t,1900,none,3100,none,0.0,100.3
t,1900,none,3100,R8 Revolver,0.0114,100.3
t,1900,none,3150,P250,0.0063,106.8
t,1900,none,3150,Glock-18,0.5647,106.8
t,1900,none,3150,Five-SeveN,0.0,106.8
t,1900,none,3150,Tec-9,0.2342,106.8
t,1900,none,3150,Desert Eagle,0.1874,106.8
t,1900,none,3150,none,0.0,106.8
t,1900,none,3150,R8 Revolver,0.0073,106.8
t,1900,none,3200,P250,0.0073,106.3
t,1900,none,3200,Glock-18,0.5521,106.3
t,1900,none,3200,Five-SeveN,0.0,106.3
t,1900,none,3200,Tec-9,0.2442,106.3
t,1900,none,3200,Desert Eagle,0.1872,106.3
t,1900,none,3200,none,0.0046,106.3
t,1900,none,3200,R8 Revolver,0.0045,106.3
t,1900,none,3250,P250,0.0103,106.4
t,1900,none,3250,Glock-18,0.5372,106.4
t,1900,none,3250,Five-SeveN,0.0,106.4
t,1900,none,3250,Tec-9,0.2552,106.4
t,1900,none,3250,Desert Eagle,0.1849,106.4
t,1900,none,3250,none,0.0098,106.4
t,1900,none,3250,R8 Revolver,0.0026,106.4
t,1900,none,3300,P250,0.0115,103.1
t,1900,none,3300,Glock-18,0.6037,103.1
t,1900,none,3300,Five-SeveN,0.0,103.1
t,1900,none,3300,Tec-9,0.2203,103.1
t,1900,none,3300,Desert Eagle,0.1509,103.1
t,1900,none,3300,none,0.0131,103.1
t,1900,none,3300,R8 Revolver,0.0006,103.1
t,1900,none,3350,P250,0.0127,106.8
t,1900,none,3350,Glock-18,0.5981,106.8
t,1900,none,3350,Five-SeveN,0.0,106.8
t,1900,none,3350,Tec-9,0.2215,106.8
t,1900,none,3350,Desert Eagle,0.1504,106.8
t,1900,none,3350,none,0.0171,106.8
t,1900,none,3350,R8 Revolver,0.0003,106.8
t,1900,none,3400,P250,0.0123,105.5
t,1900,none,3400,Glock-18,0.6101,105.5
t,1900,none,3400,Five-SeveN,0.0,105.5
t,1900,none,3400,Tec-9,0.214,105.5
t,1900,none,3400,Desert Eagle,0.1438,105.5
t,1900,none,3400,none,0.0197,105.5
t,1900,none,3400,R8 Revolver,0.0001,105.5
t,1900,none,3450,P250,0.0127,103.9
t,1900,none,3450,Glock-18,0.5881,103.9
t,1900,none,3450,Five-SeveN,0.0,103.9
t,1900,none,3450,Tec-9,0.2275,103.9
t,1900,none,3450,Desert Eagle,0.15,103.9
t,1900,none,3450,none,0.0215,103.9
t,1900,none,3450,R8 Revolver,0.0001,103.9
t,1900,none,3500,P250,0.0103,104.8
t,1900,none,3500,Glock-18,0.6609,104.8
t,1900,none,3500,Five-SeveN,0.0,104.8
t,1900,none,3500,Tec-9,0.1889,104.8
t,1900,none,3500,Desert Eagle,0.1216,104.8
t,1900,none,3500,none,0.0182,104.8
t,1900,none,3500,R8 Revolver,0.0,104.8
t,1900,none,3550,P250,0.013,100.2
t,1900,none,3550,Glock-18,0.6572,100.2
t,1900,none,3550,Five-SeveN,0.0,100.2
t,1900,none,3550,Tec-9,0.1948,100.2
t,1900,none,3550,Desert Eagle,0.119,100.2
t,1900,none,3550,none,0.0159,100.2
t,1900,none,3550,R8 Revolver,0.0,100.2
t,1900,none,3600,P250,0.0153,104.3
t,1900,none,3600,Glock-18,0.6625,104.3
t,1900,none,3600,Five-SeveN,0.0,104.3
t,1900,none,3600,Tec-9,0.1975,104.3
t,1900,none,3600,Desert Eagle,0.1117,104.3
t,1900,none,3600,none,0.013,104.3
t,1900,none,3600,R8 Revolver,0.0,104.3
t,1900,none,3650,P250,0.0164,100.6
t,1900,none,3650,Glock-18,0.6681,100.6
t,1900,none,3650,Five-SeveN,0.0,100.6
t,1900,none,3650,Tec-9,0.2013,100.6
t,1900,none,3650,Desert Eagle,0.1037,100.6
t,1900,none,3650,none,0.0106,100.6
t,1900,none,3650,R8 Revolver,0.0,100.6
t,1900,none,3700,P250,0.0132,101.4
t,1900,none,3700,Glock-18,0.7755,101.4
t,1900,none,3700,Five-SeveN,0.0,101.4
t,1900,none,3700,Tec-9,0.1433,101.4
t,1900,none,3700,Desert Eagle,0.0635,101.4
t,1900,none,3700,none,0.0045,101.4
t,1900,none,3700,R8 Revolver,0.0,101.4
t,1900,none,3750,P250,0.0118,104.0
t,1900,none,3750,Glock-18,0.7823,104.0
t,1900,none,3750,Five-SeveN,0.0,104.0
t,1900,none,3750,Tec-9,0.1457,104.0
t,1900,none,3750,Desert Eagle,0.0565,104.0
t,1900,none,3750,none,0.0036,104.0
t,1900,none,3750,R8 Revolver,0.0,104.0
t,1900,none,3800,P250,0.0107,105.7
t,1900,none,3800,Glock-18,0.8017,105.7
t,1900,none,3800,Five-SeveN,0.0,105.7
t,1900,none,3800,Tec-9,0.1387,105.7
t,1900,none,3800,Desert Eagle,0.0465,105.7
t,1900,none,3800,none,0.0024,105.7
t,1900,none,3800,R8 Revolver,0.0,105.7
t,1900,none,3850,P250,0.0117,102.3
t,1900,none,3850,Glock-18,0.7988,102.3
t,1900,none,3850,Five-SeveN,0.0,102.3
t,1900,none,3850,Tec-9,0.1442,102.3
t,1900,none,3850,Desert Eagle,0.0435,102.3
t,1900,none,3850,none,0.0018,102.3
t,1900,none,3850,R8 Revolver,0.0,102.3
t,1900,none,3900,P250,0.0074,102.6
t,1900,none,3900,Glock-18,0.8636,102.6
t,1900,none,3900,Five-SeveN,0.0,102.6
t,1900,none,3900,Tec-9,0.106,102.6
t,1900,none,3900,Desert Eagle,0.0228,102.6
t,1900,none,3900,none,0.0002,102.6
t,1900,none,3900,R8 Revolver,0.0,102.6
t,1900,none,3950,P250,0.0096,100.5
t,1900,none,3950,Glock-18,0.861,100.5
t,1900,none,3950,Five-SeveN,0.0,100.5
t,1900,none,3950,Tec-9,0.107,100.5
t,1900,none,3950,Desert Eagle,0.0223,100.5
t,1900,none,3950,none,0.0001,100.5
t,1900,none,3950,R8 Revolver,0.0,100.5
t,1900,none,4000,P250,0.0082,108.4
t,1900,none,4000,Glock-18,0.9037,108.4
t,1900,none,4000,Five-SeveN,0.0,108.4
t,1900,none,4000,Tec-9,0.0775,108.4
t,1900,none,4000,Desert Eagle,0.0106,108.4
t,1900,none,4000,none,0.0,108.4
t,1900,none,4000,R8 Revolver,0.0,108.4
t,1900,none,4050,P250,0.0118,105.9
t,1900,none,4050,Glock-18,0.9084,105.9
t,1900,none,4050,Five-SeveN,0.0,105.9
t,1900,none,4050,Tec-9,0.0652,105.9
t,1900,none,4050,Desert Eagle,0.0145,105.9
t,1900,none,4050,none,0.0,105.9
t,1900,none,4050,R8 Revolver,0.0,105.9
t,1900,none,4100,P250,0.0146,103.5
t,1900,none,4100,Glock-18,0.9062,103.5
t,1900,none,4100,Five-SeveN,0.0,103.5
t,1900,none,4100,Tec-9,0.0545,103.5
t,1900,none,4100,Desert Eagle,0.0247,103.5
t,1900,none,4100,none,0.0,103.5
t,1900,none,4100,R8 Revolver,0.0,103.5
t,1900,none,4150,P250,0.0175,104.8
t,1900,none,4150,Glock-18,0.8926,104.8
t,1900,none,4150,Five-SeveN,0.0,104.8
t,1900,none,4150,Tec-9,0.05,104.8
t,1900,none,4150,Desert Eagle,0.0399,104.8
t,1900,none,4150,none,0.0,104.8
t,1900,none,4150,R8 Revolver,0.0,104.8
t,1900,none,4200,P250,0.014,103.5
t,1900,none,4200,Glock-18,0.9236,103.5
t,1900,none,4200,Five-SeveN,0.0,103.5
t,1900,none,4200,Tec-9,0.0239,103.5
t,1900,none,4200,Desert Eagle,0.0386,103.5
t,1900,none,4200,none,0.0,103.5
t,1900,none,4200,R8 Revolver,0.0,103.5
t,1900,none,4250,P250,0.0161,101.2
t,1900,none,4250,Glock-18,0.9112,101.2
t,1900,none,4250,Five-SeveN,0.0,101.2
t,1900,none,4250,Tec-9,0.0208,101.2
t,1900,none,4250,Desert Eagle,0.052,101.2
t,1900,none,4250,none,0.0,101.2
t,1900,none,4250,R8 Revolver,0.0,101.2
t,1900,none,4300,P250,0.0152,102.4
t,1900,none,4300,Glock-18,0.9113,102.4
t,1900,none,4300,Five-SeveN,0.0,102.4
t,1900,none,4300,Tec-9,0.0157,102.4
t,1900,none,4300,Desert Eagle,0.0577,102.4
t,1900,none,4300,none,0.0,102.4
t,1900,none,4300,R8 Revolver,0.0,102.4
t,1900,none,4350,P250,0.0147,105.0
t,1900,none,4350,Glock-18,0.9069,105.0
t,1900,none,4350,Five-SeveN,0.0,105.0
t,1900,none,4350,Tec-9,0.0167,105.0
t,1900,none,4350,Desert Eagle,0.0618,105.0
t,1900,none,4350,none,0.0,105.0
t,1900,none,4350,R8 Revolver,0.0,105.0
t,1900,none,4400,P250,0.008,107.5
t,1900,none,4400,Glock-18,0.9408,107.5
t,1900,none,4400,Five-SeveN,0.0,107.5
t,1900,none,4400,Tec-9,0.005,107.5
t,1900,none,4400,Desert Eagle,0.0462,107.5
t,1900,none,4400,none,0.0,107.5
t,1900,none,4400,R8 Revolver,0.0,107.5
t,1900,none,4450,P250,0.0053,103.0
t,1900,none,4450,Glock-18,0.954,103.0
t,1900,none,4450,Five-SeveN,0.0,103.0
t,1900,none,4450,Tec-9,0.0051,103.0
t,1900,none,4450,Desert Eagle,0.0357,103.0
t,1900,none,4450,none,0.0,103.0
t,1900,none,4450,R8 Revolver,0.0,103.0
t,1900,none,4500,P250,0.004,102.9
t,1900,none,4500,Glock-18,0.9589,102.9
t,1900,none,4500,Five-SeveN,0.0,102.9
t,1900,none,4500,Tec-9,0.0088,102.9
t,1900,none,4500,Desert Eagle,0.0283,102.9
t,1900,none,4500,none,0.0,102.9
t,1900,none,4500,R8 Revolver,0.0,102.9
t,1900,none,4550,P250,0.0035,101.1
t,1900,none,4550,Glock-18,0.9578,101.1
t,1900,none,4550,Five-SeveN,0.0,101.1
t,1900,none,4550,Tec-9,0.0129,101.1
t,1900,none,4550,Desert Eagle,0.0258,101.1
t,1900,none,4550,none,0.0,101.1
t,1900,none,4550,R8 Revolver,0.0,101.1
t,1900,none,4600,P250,0.0001,102.8
t,1900,none,4600,Glock-18,0.9845,102.8
t,1900,none,4600,Five-SeveN,0.0,102.8
t,1900,none,4600,Tec-9,0.0117,102.8
t,1900,none,4600,Desert Eagle,0.0037,102.8
t,1900,none,4600,none,0.0,102.8
t,1900,none,4600,R8 Revolver,0.0,102.8
t,1900,none,4650,P250,0.0002,106.3
t,1900,none,4650,Glock-18,0.9819,106.3
t,1900,none,4650,Five-SeveN,0.0,106.3
t,1900,none,4650,Tec-9,0.0122,106.3
t,1900,none,4650,Desert Eagle,0.0057,106.3
t,1900,none,4650,none,0.0,106.3
t,1900,none,4650,R8 Revolver,0.0,106.3
t,1900,none,4700,P250,0.0,101.0
t,1900,none,4700,Glock-18,0.983,101.0
t,1900,none,4700,Five-SeveN,0.0,101.0
t,1900,none,4700,Tec-9,0.0115,101.0
t,1900,none,4700,Desert Eagle,0.0055,101.0
t,1900,none,4700,none,0.0,101.0
t,1900,none,4700,R8 Revolver,0.0,101.0
t,1900,none,4750,P250,0.0,103.9
t,1900,none,4750,Glock-18,0.9805,103.9
t,1900,none,4750,Five-SeveN,0.0,103.9
t,1900,none,4750,Tec-9,0.0094,103.9
t,1900,none,4750,Desert Eagle,0.01,103.9
t,1900,none,4750,none,0.0,103.9
t,1900,none,4750,R8 Revolver,0.0,103.9
t,1900,none,4800,P250,0.0,108.3
t,1900,none,4800,Glock-18,0.9849,108.3
t,1900,none,4800,Five-SeveN,0.0,108.3
t,1900,none,4800,Tec-9,0.0041,108.3
t,1900,none,4800,Desert Eagle,0.0111,108.3
t,1900,none,4800,none,0.0,108.3
t,1900,none,4800,R8 Revolver,0.0,108.3
t,1900,none,4850,P250,0.0,108.7
t,1900,none,4850,Glock-18,0.9851,108.7
t,1900,none,4850,Five-SeveN,0.0,108.7
t,1900,none,4850,Tec-9,0.0024,108.7
t,1900,none,4850,Desert Eagle,0.0125,108.7
t,1900,none,4850,none,0.0,108.7
t,1900,none,4850,R8 Revolver,0.0,108.7
t,1900,none,4900,P250,0.0,103.5
t,1900,none,4900,Glock-18,0.9891,103.5
t,1900,none,4900,Five-SeveN,0.0,103.5
t,1900,none,4900,Tec-9,0.0001,103.5
t,1900,none,4900,Desert Eagle,0.0108,103.5
t,1900,none,4900,none,0.0,103.5
t,1900,none,4900,R8 Revolver,0.0,103.5
t,1900,none,4950,P250,0.0,103.6
t,1900,none,4950,Glock-18,0.9938,103.6
t,1900,none,4950,Five-SeveN,0.0,103.6
t,1900,none,4950,Tec-9,0.0,103.6
t,1900,none,4950,Desert Eagle,0.0062,103.6
t,1900,none,4950,none,0.0,103.6
t,1900,none,4950,R8 Revolver,0.0,103.6
t,1900,none,5000,P250,0.0,109.6
t,1900,none,5000,Glock-18,0.9968,109.6
t,1900,none,5000,Five-SeveN,0.0,109.6
t,1900,none,5000,Tec-9,0.0,109.6
t,1900,none,5000,Desert Eagle,0.0032,109.6
t,1900,none,5000,none,0.0,109.6
t,1900,none,5000,R8 Revolver,0.0,109.6
t,1900,none,5050,P250,0.0,100.9
t,1900,none,5050,Glock-18,0.9988,100.9
t,1900,none,5050,Five-SeveN,0.0,100.9
t,1900,none,5050,Tec-9,0.0,100.9
t,1900,none,5050,Desert Eagle,0.0012,100.9
t,1900,none,5050,none,0.0,100.9
t,1900,none,5050,R8 Revolver,0.0,100.9
t,1900,none,5100,P250,0.0,103.1
t,1900,none,5100,Glock-18,0.9983,103.1
t,1900,none,5100,Five-SeveN,0.0,103.1
t,1900,none,5100,Tec-9,0.0,103.1
t,1900,none,5100,Desert Eagle,0.0006,103.1
t,1900,none,5100,none,0.0,103.1
t,1900,none,5100,R8 Revolver,0.0,103.1
t,1900,none,5100,Dual Berettas,0.0012,103.1
t,1900,none,5150,P250,0.0,100.7
t,1900,none,5150,Glock-18,0.9951,100.7
t,1900,none,5150,Five-SeveN,0.0,100.7
t,1900,none,5150,Tec-9,0.0,100.7
t,1900,none,5150,Desert Eagle,0.0013,100.7
t,1900,none,5150,none,0.0,100.7
t,1900,none,5150,R8 Revolver,0.0,100.7
t,1900,none,5150,Dual Berettas,0.0036,100.7
t,1900,none,5200,P250,0.0239,105.9
t,1900,none,5200,Glock-18,0.9638,105.9
t,1900,none,5200,Five-SeveN,0.0,105.9
t,1900,none,5200,Tec-9,0.0,105.9
t,1900,none,5200,Desert Eagle,0.0043,105.9
t,1900,none,5200,none,0.0,105.9
t,1900,none,5200,R8 Revolver,0.0,105.9
t,1900,none,5200,Dual Berettas,0.008,105.9
t,1900,none,5250,P250,0.0278,107.8
t,1900,none,5250,Glock-18,0.9523,107.8
t,1900,none,5250,Five-SeveN,0.0,107.8
t,1900,none,5250,Tec-9,0.0,107.8
t,1900,none,5250,Desert Eagle,0.0084,107.8
t,1900,none,5250,none,0.0,107.8
t,1900,none,5250,R8 Revolver,0.0,107.8
t,1900,none,5250,Dual Berettas,0.0115,107.8
t,1900,none,5300,P250,0.0299,102.4
t,1900,none,5300,Glock-18,0.9442,102.4
t,1900,none,5300,Five-SeveN,0.0,102.4
t,1900,none,5300,Tec-9,0.0,102.4
t,1900,none,5300,Desert Eagle,0.0123,102.4
t,1900,none,5300,none,0.0,102.4
t,1900,none,5300,R8 Revolver,0.0,102.4
t,1900,none,5300,Dual Berettas,0.0136,102.4
t,1900,none,5350,P250,0.0285,107.0
t,1900,none,5350,Glock-18,0.9457,107.0
t,1900,none,5350,Five-SeveN,0.0,107.0
t,1900,none,5350,Tec-9,0.0,107.0
t,1900,none,5350,Desert Eagle,0.0135,107.0
t,1900,none,5350,none,0.0,107.0
t,1900,none,5350,R8 Revolver,0.0,107.0
t,1900,none,5350,Dual Berettas,0.0123,107.0
t,1900,none,5400,P250,0.0252,104.9
t,1900,none,5400,Glock-18,0.9398,104.9
t,1900,none,5400,Five-SeveN,0.0,104.9
t,1900,none,5400,Tec-9,0.0127,104.9
t,1900,none,5400,Desert Eagle,0.0126,104.9
t,1900,none,5400,none,0.0,104.9
t,1900,none,5400,R8 Revolver,0.0,104.9
t,1900,none,5400,Dual Berettas,0.0097,104.9
t,1900,none,5450,P250,0.0216,107.0
t,1900,none,5450,Glock-18,0.9479,107.0
t,1900,none,5450,Five-SeveN,0.0,107.0
t,1900,none,5450,Tec-9,0.0137,107.0
t,1900,none,5450,Desert Eagle,0.01,107.0
t,1900,none,5450,none,0.0,107.0
t,1900,none,5450,R8 Revolver,0.0,107.0
t,1900,none,5450,Dual Berettas,0.0069,107.0
t,1900,none,5500,P250,0.0173,101.9
t,1900,none,5500,Glock-18,0.9436,101.9
t,1900,none,5500,Five-SeveN,0.0,101.9
t,1900,none,5500,Tec-9,0.0139,101.9
t,1900,none,5500,Desert Eagle,0.021,101.9
t,1900,none,5500,none,0.0,101.9
t,1900,none,5500,R8 Revolver,0.0,101.9
t,1900,none,5500,Dual Berettas,0.0043,101.9
t,1900,none,5550,P250,0.0131,106.1
t,1900,none,5550,Glock-18,0.9534,106.1
t,1900,none,5550,Five-SeveN,0.0,106.1
t,1900,none,5550,Tec-9,0.0132,106.1
t,1900,none,5550,Desert Eagle,0.0175,106.1
t,1900,none,5550,none,0.0,106.1
t,1900,none,5550,R8 Revolver,0.0,106.1
t,1900,none,5550,Dual Berettas,0.0027,106.1
t,1900,none,5600,P250,0.0089,105.1
t,1900,none,5600,Glock-18,0.9473,105.1
t,1900,none,5600,Five-SeveN,0.0,105.1
t,1900,none,5600,Tec-9,0.0291,105.1
t,1900,none,5600,Desert Eagle,0.0133,105.1
t,1900,none,5600,none,0.0,105.1
t,1900,none,5600,R8 Revolver,0.0,105.1
t,1900,none,5600,Dual Berettas,0.0014,105.1
t,1900,none,5650,P250,0.0055,102.8
t,1900,none,5650,Glock-18,0.9527,102.8
t,1900,none,5650,Five-SeveN,0.0,102.8
t,1900,none,5650,Tec-9,0.0318,102.8
t,1900,none,5650,Desert Eagle,0.0093,102.8
t,1900,none,5650,none,0.0,102.8
t,1900,none,5650,R8 Revolver,0.0,102.8
t,1900,none,5650,Dual Berettas,0.0006,102.8
t,1900,none,5700,P250,0.003,102.1
t,1900,none,5700,Glock-18,0.9572,102.1
t,1900,none,5700,Five-SeveN,0.0,102.1
t,1900,none,5700,Tec-9,0.0339,102.1
t,1900,none,5700,Desert Eagle,0.0057,102.1
t,1900,none,5700,none,0.0,102.1
t,1900,none,5700,R8 Revolver,0.0,102.1
t,1900,none,5700,Dual Berettas,0.0002,102.1
t,1900,none,5750,P250,0.0019,106.1
t,1900,none,5750,Glock-18,0.9577,106.1
t,1900,none,5750,Five-SeveN,0.0,106.1
t,1900,none,5750,Tec-9,0.0365,106.1
t,1900,none,5750,Desert Eagle,0.0037,106.1
t,1900,none,5750,none,0.0,106.1
t,1900,none,5750,R8 Revolver,0.0,106.1
t,1900,none,5750,Dual Berettas,0.0001,106.1
t,1900,none,5800,P250,0.0009,102.5
t,1900,none,5800,Glock-18,0.9584,102.5
t,1900,none,5800,Five-SeveN,0.0,102.5
t,1900,none,5800,Tec-9,0.0386,102.5
t,1900,none,5800,Desert Eagle,0.002,102.5
t,1900,none,5800,none,0.0,102.5
t,1900,none,5800,R8 Revolver,0.0,102.5
t,1900,none,5800,Dual Berettas,0.0001,102.5
t,1900,none,5850,P250,0.0006,105.2
t,1900,none,5850,Glock-18,0.9594,105.2
t,1900,none,5850,Five-SeveN,0.0,105.2
t,1900,none,5850,Tec-9,0.0386,105.2
t,1900,none,5850,Desert Eagle,0.0013,105.2
t,1900,none,5850,none,0.0,105.2
t,1900,none,5850,R8 Revolver,0.0,105.2
t,1900,none,5850,Dual Berettas,0.0,105.2
t,1900,none,5900,P250,0.0003,102.5
t,1900,none,5900,Glock-18,0.9616,102.5
t,1900,none,5900,Five-SeveN,0.0,102.5
t,1900,none,5900,Tec-9,0.0375,102.5
t,1900,none,5900,Desert Eagle,0.0007,102.5
t,1900,none,5900,none,0.0,102.5
t,1900,none,5900,R8 Revolver,0.0,102.5
t,1900,none,5900,Dual Berettas,0.0,102.5
t,1900,none,5950,P250,0.0001,100.1
t,1900,none,5950,Glock-18,0.9646,100.1
t,1900,none,5950,Five-SeveN,0.0,100.1
t,1900,none,5950,Tec-9,0.0349,100.1
t,1900,none,5950,Desert Eagle,0.0004,100.1
t,1900,none,5950,none,0.0,100.1
t,1900,none,5950,R8 Revolver,0.0,100.1
t,1900,none,5950,Dual Berettas,0.0,100.1
t,1900,none,6000,P250,0.0001,103.2
t,1900,none,6000,Glock-18,0.968,103.2
t,1900,none,6000,Five-SeveN,0.0,103.2
t,1900,none,6000,Tec-9,0.0313,103.2
t,1900,none,6000,Desert Eagle,0.0006,103.2
t,1900,none,6000,none,0.0,103.2
t,1900,none,6000,R8 Revolver,0.0,103.2
t,1900,none,6000,Dual Berettas,0.0,103.2
t,1900,none,6050,P250,0.0001,102.4
t,1900,none,6050,Glock-18,0.9719,102.4
t,1900,none,6050,Five-SeveN,0.0,102.4
t,1900,none,6050,Tec-9,0.0271,102.4
t,1900,none,6050,Desert Eagle,0.0009,102.4
t,1900,none,6050,none,0.0,102.4
t,1900,none,6050,R8 Revolver,0.0,102.4
t,1900,none,6050,Dual Berettas,0.0,102.4
t,1900,none,6100,P250,0.0003,106.4
t,1900,none,6100,Glock-18,0.9735,106.4
t,1900,none,6100,Five-SeveN,0.0,106.4
t,1900,none,6100,Tec-9,0.024,106.4
t,1900,none,6100,Desert Eagle,0.0021,106.4
t,1900,none,6100,none,0.0,106.4
t,1900,none,6100,R8 Revolver,0.0,106.4
t,1900,none,6100,Dual Berettas,0.0,106.4
t,1900,none,6150,P250,0.0006,104.5
t,1900,none,6150,Glock-18,0.9745,104.5
t,1900,none,6150,Five-SeveN,0.0,104.5
t,1900,none,6150,Tec-9,0.0214,104.5
t,1900,none,6150,Desert Eagle,0.0035,104.5
t,1900,none,6150,none,0.0,104.5
t,1900,none,6150,R8 Revolver,0.0,104.5
t,1900,none,6150,Dual Berettas,0.0,104.5
t,1900,none,6200,P250,0.0012,103.0
t,1900,none,6200,Glock-18,0.9736,103.0
t,1900,none,6200,Five-SeveN,0.0,103.0
t,1900,none,6200,Tec-9,0.0197,103.0
t,1900,none,6200,Desert Eagle,0.0055,103.0
t,1900,none,6200,none,0.0,103.0
t,1900,none,6200,R8 Revolver,0.0,103.0
t,1900,none,6200,Dual Berettas,0.0,103.0
t,1900,none,6250,P250,0.0022,102.9
t,1900,none,6250,Glock-18,0.9716,102.9
t,1900,none,6250,Five-SeveN,0.0,102.9
t,1900,none,6250,Tec-9,0.0186,102.9
t,1900,none,6250,Desert Eagle,0.0077,102.9
t,1900,none,6250,none,0.0,102.9
t,1900,none,6250,R8 Revolver,0.0,102.9
t,1900,none,6250,Dual Berettas,0.0,102.9
t,1900,none,6300,P250,0.0036,101.0
t,1900,none,6300,Glock-18,0.9672,101.0
t,1900,none,6300,Five-SeveN,0.0,101.0
t,1900,none,6300,Tec-9,0.019,101.0
t,1900,none,6300,Desert Eagle,0.0102,101.0
t,1900,none,6300,none,0.0,101.0
t,1900,none,6300,R8 Revolver,0.0,101.0
t,1900,none,6300,Dual Berettas,0.0,101.0
t,1900,none,6350,P250,0.0058,103.8
t,1900,none,6350,Glock-18,0.962,103.8
t,1900,none,6350,Five-SeveN,0.0,103.8
t,1900,none,6350,Tec-9,0.0203,103.8
t,1900,none,6350,Desert Eagle,0.0119,103.8
t,1900,none,6350,none,0.0,103.8
t,1900,none,6350,R8 Revolver,0.0,103.8
t,1900,none,6350,Dual Berettas,0.0,103.8
t,1900,none,6400,P250,0.0079,100.4
t,1900,none,6400,Glock-18,0.9573,100.4
t,1900,none,6400,Five-SeveN,0.0,100.4
t,1900,none,6400,Tec-9,0.0214,100.4
t,1900,none,6400,Desert Eagle,0.0133,100.4
t,1900,none,6400,none,0.0,100.4
t,1900,none,6400,R8 Revolver,0.0,100.4
t,1900,none,6400,Dual Berettas,0.0,100.4
t,1900,none,6450,P250,0.0095,102.5
t,1900,none,6450,Glock-18,0.9566,102.5
t,1900,none,6450,Five-SeveN,0.0,102.5
t,1900,none,6450,Tec-9,0.0209,102.5
t,1900,none,6450,Desert Eagle,0.013,102.5
t,1900,none,6450,none,0.0,102.5
t,1900,none,6450,R8 Revolver,0.0,102.5
t,1900,none,6450,Dual Berettas,0.0,102.5
t,1900,none,6500,P250,0.0111,103.8
t,1900,none,6500,Glock-18,0.955,103.8
t,1900,none,6500,Five-SeveN,0.0,103.8
t,1900,none,6500,Tec-9,0.0216,103.8
t,1900,none,6500,Desert Eagle,0.0122,103.8
t,1900,none,6500,none,0.0,103.8
t,1900,none,6500,R8 Revolver,0.0,103.8
t,1900,none,6500,Dual Berettas,0.0,103.8
t,1900,none,6550,P250,0.0126,101.2
t,1900,none,6550,Glock-18,0.9537,101.2
t,1900,none,6550,Five-SeveN,0.0,101.2
t,1900,none,6550,Tec-9,0.0222,101.2
t,1900,none,6550,Desert Eagle,0.0115,101.2
t,1900,none,6550,none,0.0,101.2
t,1900,none,6550,R8 Revolver,0.0,101.2
t,1900,none,6550,Dual Berettas,0.0,101.2
t,1900,none,6600,P250,0.013,103.6
t,1900,none,6600,Glock-18,0.9544,103.6
t,1900,none,6600,Five-SeveN,0.0,103.6
t,1900,none,6600,Tec-9,0.0225,103.6
t,1900,none,6600,Desert Eagle,0.0101,103.6
t,1900,none,6600,none,0.0,103.6
t,1900,none,6600,R8 Revolver,0.0,103.6
t,1900,none,6600,Dual Berettas,0.0,103.6
t,1900,none,6650,P250,0.013,103.8
t,1900,none,6650,Glock-18,0.9561,103.8
t,1900,none,6650,Five-SeveN,0.0,103.8
t,1900,none,6650,Tec-9,0.0223,103.8
t,1900,none,6650,Desert Eagle,0.0086,103.8
t,1900,none,6650,none,0.0,103.8
t,1900,none,6650,R8 Revolver,0.0,103.8
t,1900,none,6650,Dual Berettas,0.0,103.8
t,1900,none,6700,P250,0.0126,101.7
t,1900,none,6700,Glock-18,0.9578,101.7
t,1900,none,6700,Five-SeveN,0.0,101.7
t,1900,none,6700,Tec-9,0.0224,101.7
t,1900,none,6700,Desert Eagle,0.0072,101.7
t,1900,none,6700,none,0.0,101.7
t,1900,none,6700,R8 Revolver,0.0,101.7
t,1900,none,6700,Dual Berettas,0.0,101.7
t,1900,none,6750,P250,0.0112,103.3
t,1900,none,6750,Glock-18,0.9599,103.3
t,1900,none,6750,Five-SeveN,0.0,103.3
t,1900,none,6750,Tec-9,0.0227,103.3
t,1900,none,6750,Desert Eagle,0.0062,103.3
t,1900,none,6750,none,0.0,103.3
t,1900,none,6750,R8 Revolver,0.0,103.3
t,1900,none,6750,Dual Berettas,0.0,103.3
t,1900,none,6800,P250,0.0097,104.1
t,1900,none,6800,Glock-18,0.9612,104.1
t,1900,none,6800,Five-SeveN,0.0,104.1
t,1900,none,6800,Tec-9,0.0232,104.1
t,1900,none,6800,Desert Eagle,0.0058,104.1
t,1900,none,6800,none,0.0,104.1
t,1900,none,6800,R8 Revolver,0.0,104.1
t,1900,none,6800,Dual Berettas,0.0,104.1
t,1900,none,6850,P250,0.0074,102.4
t,1900,none,6850,Glock-18,0.9529,102.4
t,1900,none,6850,Five-SeveN,0.0,102.4
t,1900,none,6850,Tec-9,0.0352,102.4
t,1900,none,6850,Desert Eagle,0.0045,102.4
t,1900,none,6850,none,0.0,102.4
t,1900,none,6850,R8 Revolver,0.0,102.4
t,1900,none,6850,Dual Berettas,0.0,102.4
t,1900,none,6900,P250,0.0059,103.3
t,1900,none,6900,Glock-18,0.9526,103.3
t,1900,none,6900,Five-SeveN,0.0,103.3
t,1900,none,6900,Tec-9,0.0363,103.3
t,1900,none,6900,Desert Eagle,0.0051,103.3
t,1900,none,6900,none,0.0,103.3
t,1900,none,6900,R8 Revolver,0.0,103.3
t,1900,none,6900,Dual Berettas,0.0,103.3
t,1900,none,6950,P250,0.0047,104.8
t,1900,none,6950,Glock-18,0.9518,104.8
t,1900,none,6950,Five-SeveN,0.0,104.8
t,1900,none,6950,Tec-9,0.0371,104.8
t,1900,none,6950,Desert Eagle,0.0063,104.8
t,1900,none,6950,none,0.0,104.8
t,1900,none,6950,R8 Revolver,0.0,104.8
t,1900,none,6950,Dual Berettas,0.0,104.8
t,1900,none,7000,P250,0.0133,102.9
t,1900,none,7000,Glock-18,0.9416,102.9
t,1900,none,7000,Five-SeveN,0.0,102.9
t,1900,none,7000,Tec-9,0.0377,102.9
t,1900,none,7000,Desert Eagle,0.0074,102.9
t,1900,none,7000,none,0.0,102.9
t,1900,none,7000,R8 Revolver,0.0,102.9
t,1900,none,7000,Dual Berettas,0.0,102.9
t,1900,none,7050,P250,0.0141,100.7
t,1900,none,7050,Glock-18,0.9386,100.7
t,1900,none,7050,Five-SeveN,0.0,100.7
t,1900,none,7050,Tec-9,0.0383,100.7
t,1900,none,7050,Desert Eagle,0.0089,100.7
t,1900,none,7050,none,0.0,100.7
t,1900,none,7050,R8 Revolver,0.0,100.7
t,1900,none,7050,Dual Berettas,0.0,100.7
t,1900,none,7100,P250,0.0147,103.3
t,1900,none,7100,Glock-18,0.9359,103.3
t,1900,none,7100,Five-SeveN,0.0,103.3
t,1900,none,7100,Tec-9,0.0388,103.3
t,1900,none,7100,Desert Eagle,0.0106,103.3
t,1900,none,7100,none,0.0,103.3
t,1900,none,7100,R8 Revolver,0.0,103.3
t,1900,none,7100,Dual Berettas,0.0,103.3
t,1900,none,7150,P250,0.0151,101.4
t,1900,none,7150,Glock-18,0.9333,101.4
t,1900,none,7150,Five-SeveN,0.0,101.4
t,1900,none,7150,Tec-9,0.0394,101.4
t,1900,none,7150,Desert Eagle,0.0122,101.4
t,1900,none,7150,none,0.0,101.4
t,1900,none,7150,R8 Revolver,0.0,101.4
t,1900,none,7150,Dual Berettas,0.0,101.4
t,1900,none,7200,P250,0.015,100.4
t,1900,none,7200,Glock-18,0.932,100.4
t,1900,none,7200,Five-SeveN,0.0,100.4
t,1900,none,7200,Tec-9,0.0395,100.4
t,1900,none,7200,Desert Eagle,0.0134,100.4
t,1900,none,7200,none,0.0,100.4
t,1900,none,7200,R8 Revolver,0.0,100.4
t,1900,none,7200,Dual Berettas,0.0,100.4
t,1900,none,7250,P250,0.0142,102.3
t,1900,none,7250,Glock-18,0.9317,102.3
t,1900,none,7250,Five-SeveN,0.0,102.3
t,1900,none,7250,Tec-9,0.04,102.3
t,1900,none,7250,Desert Eagle,0.0141,102.3
t,1900,none,7250,none,0.0,102.3
t,1900,none,7250,R8 Revolver,0.0,102.3
t,1900,none,7250,Dual Berettas,0.0,102.3
t,1900,none,7300,P250,0.0134,100.1
t,1900,none,7300,Glock-18,0.9313,100.1
t,1900,none,7300,Five-SeveN,0.0,100.1
t,1900,none,7300,Tec-9,0.0405,100.1
t,1900,none,7300,Desert Eagle,0.0147,100.1
t,1900,none,7300,none,0.0,100.1
t,1900,none,7300,R8 Revolver,0.0,100.1
t,1900,none,7300,Dual Berettas,0.0,100.1
t,1900,none,7350,P250,0.0119,103.8
t,1900,none,7350,Glock-18,0.9199,103.8
t,1900,none,7350,Tec-9,0.0537,103.8
t,1900,none,7350,Five-SeveN,0.0,103.8
t,1900,none,7350,Desert Eagle,0.0145,103.8
t,1900,none,7350,none,0.0,103.8
t,1900,none,7350,R8 Revolver,0.0,103.8
t,1900,none,7350,Dual Berettas,0.0,103.8
t,1900,none,7400,P250,0.0106,102.4
t,1900,none,7400,Glock-18,0.9179,102.4
t,1900,none,7400,Tec-9,0.0569,102.4
t,1900,none,7400,Five-SeveN,0.0,102.4
t,1900,none,7400,Desert Eagle,0.0146,102.4
t,1900,none,7400,none,0.0,102.4
t,1900,none,7400,R8 Revolver,0.0,102.4
t,1900,none,7400,Dual Berettas,0.0,102.4
t,1900,none,7450,P250,0.0091,101.3
t,1900,none,7450,Glock-18,0.9162,101.3
t,1900,none,7450,Tec-9,0.0602,101.3
t,1900,none,7450,Five-SeveN,0.0,101.3
t,1900,none,7450,Desert Eagle,0.0144,101.3
t,1900,none,7450,none,0.0,101.3
t,1900,none,7450,R8 Revolver,0.0,101.3
t,1900,none,7450,Dual Berettas,0.0,101.3
t,1900,none,7500,P250,0.0076,100.8
t,1900,none,7500,Glock-18,0.9148,100.8
t,1900,none,7500,Tec-9,0.0634,100.8
t,1900,none,7500,Five-SeveN,0.0,100.8
t,1900,none,7500,Desert Eagle,0.0142,100.8
t,1900,none,7500,none,0.0,100.8
t,1900,none,7500,R8 Revolver,0.0,100.8
t,1900,none,7500,Dual Berettas,0.0,100.8
t,1900,none,7550,P250,0.0061,100.5
t,1900,none,7550,Glock-18,0.9135,100.5
t,1900,none,7550,Tec-9,0.0664,100.5
t,1900,none,7550,Five-SeveN,0.0,100.5
t,1900,none,7550,Desert Eagle,0.014,100.5
t,1900,none,7550,none,0.0,100.5
t,1900,none,7550,R8 Revolver,0.0,100.5
t,1900,none,7550,Dual Berettas,0.0,100.5
t,1900,none,7600,P250,0.0048,100.3
t,1900,none,7600,Glock-18,0.9123,100.3
t,1900,none,7600,Tec-9,0.069,100.3
t,1900,none,7600,Five-SeveN,0.0,100.3
t,1900,none,7600,Desert Eagle,0.0139,100.3
t,1900,none,7600,none,0.0,100.3
t,1900,none,7600,R8 Revolver,0.0,100.3
t,1900,none,7600,Dual Berettas,0.0,100.3
t,2400,none,800,Glock-18,0.9022,118.7
t,2400,none,800,Desert Eagle,0.0918,118.7
t,2400,none,800,Tec-9,0.0006,118.7
t,2400,none,800,P250,0.0052,118.7
t,2400,none,800,none,0.0001,118.7
t,2400,none,850,Glock-18,0.9023,109.3
t,2400,none,850,Desert Eagle,0.0929,109.3
t,2400,none,850,Tec-9,0.0005,109.3
t,2400,none,850,P250,0.0042,109.3
t,2400,none,850,none,0.0,109.3
t,2400,none,900,Glock-18,0.9177,129.8
t,2400,none,900,Desert Eagle,0.0788,129.8
t,2400,none,900,Tec-9,0.0003,129.8
t,2400,none,900,P250,0.0032,129.8
t,2400,none,900,none,0.0,129.8
t,2400,none,950,Glock-18,0.9296,126.1
t,2400,none,950,Desert Eagle,0.0687,126.1
t,2400,none,950,Tec-9,0.0001,126.1
t,2400,none,950,P250,0.0017,126.1
t,2400,none,950,none,0.0,126.1
t,2400,none,1000,Glock-18,0.9864,147.0
t,2400,none,1000,Desert Eagle,0.0136,147.0
t,2400,none,1000,Tec-9,0.0,147.0
t,2400,none,1000,P250,0.0,147.0
t,2400,none,1000,none,0.0,147.0
t,2400,none,1050,Glock-18,0.9932,146.0
t,2400,none,1050,Desert Eagle,0.0068,146.0
t,2400,none,1050,Tec-9,0.0,146.0
t,2400,none,1050,P250,0.0,146.0
t,2400,none,1050,none,0.0,146.0
t,2400,none,1100,Glock-18,0.9932,146.0
t,2400,none,1100,Desert Eagle,0.0068,146.0
t,2400,none,1100,Tec-9,0.0,146.0
t,2400,none,1100,P250,0.0,146.0
t,2400,none,1100,none,0.0,146.0
t,2400,none,1150,Glock-18,0.9864,147.0
t,2400,none,1150,Desert Eagle,0.0068,147.0
t,2400,none,1150,Tec-9,0.0068,147.0
t,2400,none,1150,P250,0.0,147.0
t,2400,none,1150,none,0.0,147.0
t,2400,none,1200,Glock-18,0.9797,148.0
t,2400,none,1200,Desert Eagle,0.0135,148.0
t,2400,none,1200,Tec-9,0.0068,148.0
t,2400,none,1200,P250,0.0,148.0
t,2400,none,1200,none,0.0,148.0
t,2400,none,1250,Glock-18,0.9797,148.0
t,2400,none,1250,Desert Eagle,0.0135,148.0
t,2400,none,1250,Tec-9,0.0068,148.0
t,2400,none,1250,P250,0.0,148.0
t,2400,none,1250,none,0.0,148.0
t,2400,none,1300,Glock-18,0.9797,148.0
t,2400,none,1300,Desert Eagle,0.0135,148.0
t,2400,none,1300,Tec-9,0.0068,148.0
t,2400,none,1300,P250,0.0,148.0
t,2400,none,1300,none,0.0,148.0
t,2400,none,1350,Glock-18,0.9797,148.0
t,2400,none,1350,Desert Eagle,0.0135,148.0
t,2400,none,1350,Tec-9,0.0068,148.0
t,2400,none,1350,P250,0.0,148.0
t,2400,none,1350,none,0.0,148.0
t,2400,none,1400,Glock-18,0.9797,148.0
t,2400,none,1400,Desert Eagle,0.0135,148.0
t,2400,none,1400,Tec-9,0.0068,148.0
t,2400,none,1400,P250,0.0,148.0
t,2400,none,1400,none,0.0,148.0
t,2400,none,1450,Glock-18,0.9797,148.0
t,2400,none,1450,Desert Eagle,0.0135,148.0
t,2400,none,1450,Tec-9,0.0068,148.0
t,2400,none,1450,P250,0.0,148.0
t,2400,none,1450,none,0.0,148.0
t,2400,none,1500,Glock-18,0.9797,148.0
t,2400,none,1500,Desert Eagle,0.0135,148.0
t,2400,none,1500,Tec-9,0.0068,148.0
t,2400,none,1500,P250,0.0,148.0
t,2400,none,1500,none,0.0,148.0
t,2400,none,1550,Glock-18,0.9797,148.0
t,2400,none,1550,Desert Eagle,0.0135,148.0
t,2400,none,1550,Tec-9,0.0068,148.0
t,2400,none,1550,P250,0.0,148.0
t,2400,none,1550,none,0.0,148.0
t,2400,none,1600,Glock-18,0.9797,148.0
t,2400,none,1600,Desert Eagle,0.0135,148.0
t,2400,none,1600,Tec-9,0.0068,148.0
t,2400,none,1600,P250,0.0,148.0
t,2400,none,1600,none,0.0,148.0
t,2400,none,1650,Glock-18,0.9797,148.0
t,2400,none,1650,Desert Eagle,0.0135,148.0
t,2400,none,1650,Tec-9,0.0068,148.0
t,2400,none,1650,P250,0.0,148.0
t,2400,none,1650,none,0.0,148.0
t,2400,none,1700,Glock-18,0.9801,151.0
t,2400,none,1700,Desert Eagle,0.0132,151.0
t,2400,none,1700,Tec-9,0.0066,151.0
t,2400,none,1700,P250,0.0,151.0
t,2400,none,1700,none,0.0,151.0
t,2400,none,1750,Glock-18,0.9737,152.0
t,2400,none,1750,P250,0.0,152.0
t,2400,none,1750,Desert Eagle,0.0132,152.0
t,2400,none,1750,Tec-9,0.0132,152.0
t,2400,none,1750,none,0.0,152.0
t,2400,none,1800,Glock-18,0.9367,158.0
t,2400,none,1800,P250,0.0,158.0
t,2400,none,1800,Desert Eagle,0.019,158.0
t,2400,none,1800,Tec-9,0.0443,158.0
t,2400,none,1800,none,0.0,158.0
t,2400,none,1850,Tec-9,0.0671,164.0
t,2400,none,1850,Glock-18,0.9085,164.0
t,2400,none,1850,P250,0.0,164.0
t,2400,none,1850,Desert Eagle,0.0244,164.0
t,2400,none,1850,none,0.0,164.0
t,2400,none,1900,Tec-9,0.0779,174.5
t,2400,none,1900,Glock-18,0.8981,174.5
t,2400,none,1900,P250,0.0003,174.5
t,2400,none,1900,Desert Eagle,0.0237,174.5
t,2400,none,1900,none,0.0,174.5
t,2400,none,1950,Tec-9,0.0701,128.3
t,2400,none,1950,Glock-18,0.9083,128.3
t,2400,none,1950,P250,0.0092,128.3
t,2400,none,1950,Desert Eagle,0.0123,128.3
t,2400,none,1950,none,0.0,128.3
t,2400,none,2000,Tec-9,0.1305,211.0
t,2400,none,2000,Glock-18,0.8322,211.0
t,2400,none,2000,P250,0.0064,211.0
t,2400,none,2000,Desert Eagle,0.031,211.0
t,2400,none,2000,none,0.0,211.0
t,2400,none,2050,Tec-9,0.1553,375.2
t,2400,none,2050,Glock-18,0.7646,375.2
t,2400,none,2050,P250,0.0114,375.2
t,2400,none,2050,Desert Eagle,0.0688,375.2
t,2400,none,2050,none,0.0,375.2
t,2400,none,2100,Tec-9,0.1391,308.6
t,2400,none,2100,Glock-18,0.7585,308.6
t,2400,none,2100,P250,0.0364,308.6
t,2400,none,2100,Desert Eagle,0.066,308.6
t,2400,none,2100,none,0.0,308.6
t,2400,none,2150,Tec-9,0.087,118.0
t,2400,none,2150,Glock-18,0.813,118.0
t,2400,none,2150,P250,0.0447,118.0
t,2400,none,2150,Desert Eagle,0.0472,118.0
t,2400,none,2150,none,0.0081,118.0
t,2400,none,2200,Tec-9,0.1409,114.4
t,2400,none,2200,Glock-18,0.7304,114.4
t,2400,none,2200,P250,0.0444,114.4
t,2400,none,2200,Desert Eagle,0.0721,114.4
t,2400,none,2200,none,0.0122,114.4
t,2400,none,2250,Tec-9,0.1301,121.6
t,2400,none,2250,Glock-18,0.6974,121.6
t,2400,none,2250,P250,0.0519,121.6
t,2400,none,2250,Desert Eagle,0.1146,121.6
t,2400,none,2250,none,0.006,121.6
t,2400,none,2300,Tec-9,0.1027,122.3
t,2400,none,2300,Glock-18,0.681,122.3
t,2400,none,2300,P250,0.0599,122.3
t,2400,none,2300,Desert Eagle,0.1564,122.3
t,2400,none,2300,none,0.0,122.3
t,2400,none,2350,Tec-9,0.0756,112.7
t,2400,none,2350,Glock-18,0.673,112.7
t,2400,none,2350,P250,0.0388,112.7
t,2400,none,2350,Desert Eagle,0.2126,112.7
t,2400,none,2350,none,0.0,112.7
t,2400,none,2400,Tec-9,0.0921,142.7
t,2400,none,2400,Glock-18,0.6399,142.7
t,2400,none,2400,P250,0.0732,142.7
t,2400,none,2400,Desert Eagle,0.1949,142.7
t,2400,none,2400,none,0.0,142.7
t,2400,none,2450,Tec-9,0.1366,134.8
t,2400,none,2450,Glock-18,0.5634,134.8
t,2400,none,2450,P250,0.0794,134.8
t,2400,none,2450,Desert Eagle,0.2206,134.8
t,2400,none,2450,none,0.0,134.8
t,2400,none,2500,Tec-9,0.22,107.7
t,2400,none,2500,Glock-18,0.4815,107.7
t,2400,none,2500,P250,0.0581,107.7
t,2400,none,2500,Desert Eagle,0.2403,107.7
t,2400,none,2500,none,0.0,107.7
t,2400,none,2550,Tec-9,0.2092,106.5
t,2400,none,2550,Glock-18,0.5486,106.5
t,2400,none,2550,P250,0.0742,106.5
t,2400,none,2550,Desert Eagle,0.168,106.5
t,2400,none,2550,none,0.0,106.5
t,2400,none,2600,Tec-9,0.3111,153.5
t,2400,none,2600,Glock-18,0.4041,153.5
t,2400,none,2600,P250,0.0353,153.5
t,2400,none,2600,Desert Eagle,0.2496,153.5
t,2400,none,2600,none,0.0,153.5
t,2400,none,2650,Tec-9,0.2213,135.3
t,2400,none,2650,Glock-18,0.5053,135.3
t,2400,none,2650,P250,0.0234,135.3
t,2400,none,2650,Desert Eagle,0.25,135.3
t,2400,none,2650,none,0.0,135.3
t,2400,none,2700,Tec-9,0.1871,103.8
t,2400,none,2700,Glock-18,0.5545,103.8
t,2400,none,2700,P250,0.017,103.8
t,2400,none,2700,Desert Eagle,0.2415,103.8
t,2400,none,2700,none,0.0,103.8
t,2400,none,2750,Tec-9,0.2801,109.8
t,2400,none,2750,Glock-18,0.437,109.8
t,2400,none,2750,P250,0.0243,109.8
t,2400,none,2750,Desert Eagle,0.2586,109.8
t,2400,none,2750,none,0.0,109.8
t,2400,none,2800,Tec-9,0.3006,105.6
t,2400,none,2800,Glock-18,0.4079,105.6
t,2400,none,2800,P250,0.0309,105.6
t,2400,none,2800,Desert Eagle,0.2605,105.6
t,2400,none,2800,none,0.0,105.6
t,2400,none,2850,Tec-9,0.2806,113.1
t,2400,none,2850,Glock-18,0.4403,113.1
t,2400,none,2850,P250,0.0318,113.1
t,2400,none,2850,Desert Eagle,0.2473,113.1
t,2400,none,2850,none,0.0,113.1
t,2400,none,2900,Tec-9,0.2377,123.2
t,2400,none,2900,Glock-18,0.5629,123.2
t,2400,none,2900,P250,0.0228,123.2
t,2400,none,2900,Desert Eagle,0.1766,123.2
t,2400,none,2900,none,0.0,123.2
t,2400,none,2950,Tec-9,0.1898,117.3
t,2400,none,2950,Glock-18,0.6397,117.3
t,2400,none,2950,P250,0.0203,117.3
t,2400,none,2950,Desert Eagle,0.1503,117.3
t,2400,none,2950,none,0.0,117.3
t,2400,none,3000,Tec-9,0.1832,114.7
t,2400,none,3000,Glock-18,0.5796,114.7
t,2400,none,3000,P250,0.0432,114.7
t,2400,none,3000,Desert Eagle,0.194,114.7
t,2400,none,3000,none,0.0,114.7
t,2400,none,3050,Tec-9,0.2031,109.2
t,2400,none,3050,Glock-18,0.5045,109.2
t,2400,none,3050,P250,0.061,109.2
t,2400,none,3050,Desert Eagle,0.2313,109.2
t,2400,none,3050,none,0.0,109.2
t,2400,none,3100,Tec-9,0.1896,124.3
t,2400,none,3100,Glock-18,0.5509,124.3
t,2400,none,3100,P250,0.0575,124.3
t,2400,none,3100,Desert Eagle,0.202,124.3
t,2400,none,3100,none,0.0,124.3
t,2400,none,3150,Tec-9,0.1704,116.5
t,2400,none,3150,Glock-18,0.5989,116.5
t,2400,none,3150,P250,0.0518,116.5
t,2400,none,3150,Desert Eagle,0.1789,116.5
t,2400,none,3150,none,0.0,116.5
t,2400,none,3200,Tec-9,0.1601,110.3
t,2400,none,3200,Glock-18,0.6306,110.3
t,2400,none,3200,P250,0.0431,110.3
t,2400,none,3200,Desert Eagle,0.1662,110.3
t,2400,none,3200,none,0.0,110.3
t,2400,none,3250,Tec-9,0.1629,100.5
t,2400,none,3250,Glock-18,0.6353,100.5
t,2400,none,3250,P250,0.0365,100.5
t,2400,none,3250,Desert Eagle,0.1653,100.5
t,2400,none,3250,none,0.0,100.5
t,2400,none,3300,Tec-9,0.1624,100.4
t,2400,none,3300,Glock-18,0.6492,100.4
t,2400,none,3300,P250,0.0286,100.4
t,2400,none,3300,Desert Eagle,0.1598,100.4
t,2400,none,3300,none,0.0,100.4
t,2400,none,3350,Tec-9,0.1992,102.7
t,2400,none,3350,Glock-18,0.5839,102.7
t,2400,none,3350,P250,0.0314,102.7
t,2400,none,3350,Desert Eagle,0.1855,102.7
t,2400,none,3350,none,0.0,102.7
t,2400,none,3400,Tec-9,0.2362,106.4
t,2400,none,3400,Glock-18,0.5218,106.4
t,2400,none,3400,P250,0.0363,106.4
t,2400,none,3400,Desert Eagle,0.2057,106.4
t,2400,none,3400,none,0.0,106.4
t,2400,none,3450,Tec-9,0.2743,105.4
t,2400,none,3450,Glock-18,0.4719,105.4
t,2400,none,3450,P250,0.0381,105.4
t,2400,none,3450,Desert Eagle,0.2157,105.4
t,2400,none,3450,none,0.0,105.4
t,2400,none,3500,Tec-9,0.2482,102.7
t,2400,none,3500,Glock-18,0.5408,102.7
t,2400,none,3500,P250,0.032,102.7
t,2400,none,3500,Desert Eagle,0.179,102.7
t,2400,none,3500,none,0.0,102.7
t,2400,none,3550,Tec-9,0.255,106.7
t,2400,none,3550,Glock-18,0.5716,106.7
t,2400,none,3550,P250,0.0238,106.7
t,2400,none,3550,Desert Eagle,0.1496,106.7
t,2400,none,3550,none,0.0,106.7
t,2400,none,3600,Tec-9,0.279,105.9
t,2400,none,3600,Glock-18,0.5689,105.9
t,2400,none,3600,P250,0.018,105.9
t,2400,none,3600,Desert Eagle,0.134,105.9
t,2400,none,3600,none,0.0,105.9
t,2400,none,3650,Tec-9,0.305,102.2
t,2400,none,3650,Glock-18,0.5571,102.2
t,2400,none,3650,P250,0.0136,102.2
t,2400,none,3650,Desert Eagle,0.1243,102.2
t,2400,none,3650,none,0.0,102.2
t,2400,none,3700,Tec-9,0.2629,107.5
t,2400,none,3700,Glock-18,0.6399,107.5
t,2400,none,3700,P250,0.0071,107.5
t,2400,none,3700,Desert Eagle,0.0901,107.5
t,2400,none,3700,none,0.0,107.5
t,2400,none,3750,Tec-9,0.2563,100.5
t,2400,none,3750,Glock-18,0.6586,100.5
t,2400,none,3750,P250,0.0049,100.5
t,2400,none,3750,Desert Eagle,0.0802,100.5
t,2400,none,3750,none,0.0,100.5
t,2400,none,3800,Tec-9,0.2331,104.8
t,2400,none,3800,Glock-18,0.6903,104.8
t,2400,none,3800,P250,0.0046,104.8
t,2400,none,3800,Desert Eagle,0.0719,104.8
t,2400,none,3800,none,0.0,104.8
t,2400,none,3850,Tec-9,0.228,106.5
t,2400,none,3850,Glock-18,0.6953,106.5
t,2400,none,3850,P250,0.0057,106.5
t,2400,none,3850,Desert Eagle,0.071,106.5
t,2400,none,3850,none,0.0,106.5
t,2400,none,3900,Tec-9,0.1643,103.5
t,2400,none,3900,Glock-18,0.787,103.5
t,2400,none,3900,P250,0.0032,103.5
t,2400,none,3900,Desert Eagle,0.0454,103.5
t,2400,none,3900,none,0.0,103.5
t,2400,none,3950,Tec-9,0.1553,101.6
t,2400,none,3950,Glock-18,0.7945,101.6
t,2400,none,3950,P250,0.0054,101.6
t,2400,none,3950,Desert Eagle,0.0449,101.6
t,2400,none,3950,none,0.0,101.6
t,2400,none,4000,Tec-9,0.0891,104.2
t,2400,none,4000,Glock-18,0.8798,104.2
t,2400,none,4000,P250,0.0046,104.2
t,2400,none,4000,Desert Eagle,0.0265,104.2
t,2400,none,4000,none,0.0,104.2
t,2400,none,4050,Tec-9,0.0857,102.2
t,2400,none,4050,Glock-18,0.8774,102.2
t,2400,none,4050,P250,0.0078,102.2
t,2400,none,4050,Desert Eagle,0.0291,102.2
t,2400,none,4050,none,0.0,102.2
t,2400,none,4100,Tec-9,0.0885,104.3
t,2400,none,4100,Glock-18,0.8684,104.3
t,2400,none,4100,P250,0.0107,104.3
t,2400,none,4100,Desert Eagle,0.0324,104.3
t,2400,none,4100,none,0.0,104.3
t,2400,none,4150,Tec-9,0.0891,100.6
t,2400,none,4150,Glock-18,0.8637,100.6
t,2400,none,4150,P250,0.0131,100.6
t,2400,none,4150,Desert Eagle,0.0342,100.6
t,2400,none,4150,none,0.0,100.6
t,2400,none,4200,Tec-9,0.057,104.7
t,2400,none,4200,Glock-18,0.9041,104.7
t,2400,none,4200,P250,0.0128,104.7
t,2400,none,4200,Desert Eagle,0.0261,104.7
t,2400,none,4200,none,0.0,104.7
t,2400,none,4250,Tec-9,0.0551,104.6
t,2400,none,4250,Glock-18,0.9097,104.6
t,2400,none,4250,P250,0.0118,104.6
t,2400,none,4250,Desert Eagle,0.0234,104.6
t,2400,none,4250,none,0.0,104.6
t,2400,none,4300,Tec-9,0.0464,103.8
t,2400,none,4300,Glock-18,0.925,103.8
t,2400,none,4300,P250,0.0101,103.8
t,2400,none,4300,Desert Eagle,0.0186,103.8
t,2400,none,4300,none,0.0,103.8
t,2400,none,4350,Tec-9,0.0455,103.0
t,2400,none,4350,Glock-18,0.929,103.0
t,2400,none,4350,P250,0.0089,103.0
t,2400,none,4350,Desert Eagle,0.0166,103.0
t,2400,none,4350,none,0.0,103.0
t,2400,none,4400,Tec-9,0.0228,101.9
t,2400,none,4400,Glock-18,0.9693,101.9
t,2400,none,4400,P250,0.0032,101.9
t,2400,none,4400,Desert Eagle,0.0047,101.9
t,2400,none,4400,none,0.0,101.9
t,2400,none,4450,Tec-9,0.0217,101.9
t,2400,none,4450,Glock-18,0.9716,101.9
t,2400,none,4450,P250,0.0026,101.9
t,2400,none,4450,Desert Eagle,0.0041,101.9
t,2400,none,4450,none,0.0,101.9
t,2400,none,4500,Tec-9,0.0202,101.9
t,2400,none,4500,Glock-18,0.9729,101.9
t,2400,none,4500,P250,0.0022,101.9
t,2400,none,4500,Desert Eagle,0.0046,101.9
t,2400,none,4500,none,0.0,101.9
t,2400,none,4550,Tec-9,0.0203,104.4
t,2400,none,4550,Glock-18,0.9696,104.4
t,2400,none,4550,P250,0.0024,104.4
t,2400,none,4550,Desert Eagle,0.0077,104.4
t,2400,none,4550,none,0.0,104.4
t,2400,none,4600,Tec-9,0.0108,103.5
t,2400,none,4600,Glock-18,0.9838,103.5
t,2400,none,4600,P250,0.0006,103.5
t,2400,none,4600,Desert Eagle,0.0048,103.5
t,2400,none,4600,none,0.0,103.5
t,2400,none,4650,Tec-9,0.0097,100.2
t,2400,none,4650,Glock-18,0.9813,100.2
t,2400,none,4650,P250,0.0006,100.2
t,2400,none,4650,Desert Eagle,0.0084,100.2
t,2400,none,4650,none,0.0,100.2
t,2400,none,4700,Tec-9,0.007,104.7
t,2400,none,4700,Glock-18,0.9825,104.7
t,2400,none,4700,P250,0.0004,104.7
t,2400,none,4700,Desert Eagle,0.0101,104.7
t,2400,none,4700,none,0.0,104.7
t,2400,none,4750,Tec-9,0.0064,103.7
t,2400,none,4750,Glock-18,0.9807,103.7
t,2400,none,4750,P250,0.0004,103.7
t,2400,none,4750,Desert Eagle,0.0125,103.7
t,2400,none,4750,none,0.0,103.7
t,2400,none,4800,Tec-9,0.0017,103.2
t,2400,none,4800,Glock-18,0.9859,103.2
t,2400,none,4800,P250,0.0,103.2
t,2400,none,4800,Desert Eagle,0.0124,103.2
t,2400,none,4800,none,0.0,103.2
t,2400,none,4850,Tec-9,0.0012,101.1
t,2400,none,4850,Glock-18,0.9855,101.1
t,2400,none,4850,P250,0.0,101.1
t,2400,none,4850,Desert Eagle,0.0133,101.1
t,2400,none,4850,none,0.0,101.1
t,2400,none,4900,Tec-9,0.0087,102.7
t,2400,none,4900,Glock-18,0.9789,102.7
t,2400,none,4900,P250,0.0,102.7
t,2400,none,4900,Desert Eagle,0.0124,102.7
t,2400,none,4900,none,0.0,102.7
t,2400,none,4950,Tec-9,0.0113,102.5
t,2400,none,4950,Glock-18,0.9776,102.5
t,2400,none,4950,P250,0.0,102.5
t,2400,none,4950,Desert Eagle,0.0111,102.5
t,2400,none,4950,none,0.0,102.5
t,2400,none,5000,Tec-9,0.0131,102.4
t,2400,none,5000,Glock-18,0.9773,102.4
t,2400,none,5000,P250,0.0,102.4
t,2400,none,5000,Desert Eagle,0.0095,102.4
t,2400,none,5000,none,0.0,102.4
t,2400,none,5050,Tec-9,0.014,102.5
t,2400,none,5050,Glock-18,0.978,102.5
t,2400,none,5050,P250,0.0,102.5
t,2400,none,5050,Desert Eagle,0.008,102.5
t,2400,none,5050,none,0.0,102.5
t,2400,none,5100,Tec-9,0.0136,105.1
t,2400,none,5100,Glock-18,0.9805,105.1
t,2400,none,5100,P250,0.0,105.1
t,2400,none,5100,Desert Eagle,0.0059,105.1
t,2400,none,5100,none,0.0,105.1
t,2400,none,5150,Tec-9,0.0125,104.0
t,2400,none,5150,Glock-18,0.9829,104.0
t,2400,none,5150,P250,0.0,104.0
t,2400,none,5150,Desert Eagle,0.0046,104.0
t,2400,none,5150,none,0.0,104.0
t,2400,none,5200,Tec-9,0.0112,100.7
t,2400,none,5200,Glock-18,0.9852,100.7
t,2400,none,5200,P250,0.0,100.7
t,2400,none,5200,Desert Eagle,0.0036,100.7
t,2400,none,5200,none,0.0,100.7
t,2400,none,5250,Tec-9,0.0097,100.4
t,2400,none,5250,Glock-18,0.9872,100.4
t,2400,none,5250,P250,0.0,100.4
t,2400,none,5250,Desert Eagle,0.0031,100.4
t,2400,none,5250,none,0.0,100.4
t,2400,none,5300,Tec-9,0.0086,103.9
t,2400,none,5300,Glock-18,0.9884,103.9
t,2400,none,5300,P250,0.0,103.9
t,2400,none,5300,Desert Eagle,0.003,103.9
t,2400,none,5300,none,0.0,103.9
t,2400,none,5350,Tec-9,0.0077,103.4
t,2400,none,5350,Glock-18,0.9895,103.4
t,2400,none,5350,P250,0.0,103.4
t,2400,none,5350,Desert Eagle,0.0028,103.4
t,2400,none,5350,none,0.0,103.4
t,2400,none,5400,Tec-9,0.0205,101.0
t,2400,none,5400,Glock-18,0.9772,101.0
t,2400,none,5400,P250,0.0,101.0
t,2400,none,5400,Desert Eagle,0.0023,101.0
t,2400,none,5400,none,0.0,101.0
t,2400,none,5450,Tec-9,0.0205,101.4
t,2400,none,5450,Glock-18,0.9773,101.4
t,2400,none,5450,P250,0.0,101.4
t,2400,none,5450,Desert Eagle,0.0022,101.4
t,2400,none,5450,none,0.0,101.4
t,2400,none,5500,Tec-9,0.0203,102.1
t,2400,none,5500,Glock-18,0.9775,102.1
t,2400,none,5500,P250,0.0001,102.1
t,2400,none,5500,Desert Eagle,0.0021,102.1
t,2400,none,5500,none,0.0,102.1
t,2400,none,5550,Tec-9,0.0201,103.2
t,2400,none,5550,Glock-18,0.9777,103.2
t,2400,none,5550,P250,0.0002,103.2
t,2400,none,5550,Desert Eagle,0.002,103.2
t,2400,none,5550,none,0.0,103.2
t,2400,none,5600,Tec-9,0.022,100.7
t,2400,none,5600,Glock-18,0.9759,100.7
t,2400,none,5600,P250,0.0003,100.7
t,2400,none,5600,Desert Eagle,0.0018,100.7
t,2400,none,5600,none,0.0,100.7
t,2400,none,5650,Tec-9,0.0231,102.1
t,2400,none,5650,Glock-18,0.9745,102.1
t,2400,none,5650,P250,0.0007,102.1
t,2400,none,5650,Desert Eagle,0.0017,102.1
t,2400,none,5650,none,0.0,102.1
t,2400,none,5700,Tec-9,0.0228,103.0
t,2400,none,5700,Glock-18,0.9746,103.0
t,2400,none,5700,P250,0.0011,103.0
t,2400,none,5700,Desert Eagle,0.0015,103.0
t,2400,none,5700,none,0.0,103.0
t,2400,none,5750,Tec-9,0.0247,103.7
t,2400,none,5750,Glock-18,0.9721,103.7
t,2400,none,5750,P250,0.0018,103.7
t,2400,none,5750,Desert Eagle,0.0014,103.7
t,2400,none,5750,none,0.0,103.7
t,2400,none,5800,Tec-9,0.0268,100.5
t,2400,none,5800,Glock-18,0.9693,100.5
t,2400,none,5800,P250,0.0027,100.5
t,2400,none,5800,Desert Eagle,0.0013,100.5
t,2400,none,5800,none,0.0,100.5
t,2400,none,5850,Tec-9,0.0293,100.9
t,2400,none,5850,Glock-18,0.9656,100.9
t,2400,none,5850,P250,0.0039,100.9
t,2400,none,5850,Desert Eagle,0.0013,100.9
t,2400,none,5850,none,0.0,100.9
t,2400,none,5900,Tec-9,0.0313,101.5
t,2400,none,5900,Glock-18,0.9623,101.5
t,2400,none,5900,P250,0.0051,101.5
t,2400,none,5900,Desert Eagle,0.0012,101.5
t,2400,none,5900,none,0.0,101.5
t,2400,none,5950,Tec-9,0.0338,101.3
t,2400,none,5950,Glock-18,0.9584,101.3
t,2400,none,5950,P250,0.0066,101.3
t,2400,none,5950,Desert Eagle,0.0012,101.3
t,2400,none,5950,none,0.0,101.3
t,2400,none,6000,Tec-9,0.036,100.9
t,2400,none,6000,Glock-18,0.9546,100.9
t,2400,none,6000,P250,0.0081,100.9
t,2400,none,6000,Desert Eagle,0.0012,100.9
t,2400,none,6000,none,0.0,100.9
t,2400,none,6050,Tec-9,0.0384,94.5
t,2400,none,6050,Glock-18,0.9511,94.5
t,2400,none,6050,P250,0.0096,94.5
t,2400,none,6050,Desert Eagle,0.001,94.5
t,2400,none,6050,none,0.0,94.5
t,2400,none,6100,Tec-9,0.0399,88.9
t,2400,none,6100,Glock-18,0.9483,88.9
t,2400,none,6100,P250,0.011,88.9
t,2400,none,6100,Desert Eagle,0.0008,88.9
t,2400,none,6100,none,0.0,88.9
t,2400,none,6150,Tec-9,0.0429,82.4
t,2400,none,6150,Glock-18,0.9436,82.4
t,2400,none,6150,P250,0.0129,82.4
t,2400,none,6150,Desert Eagle,0.0007,82.4
t,2400,none,6150,none,0.0,82.4
t,2400,none,6200,Tec-9,0.046,76.4
t,2400,none,6200,Glock-18,0.9385,76.4
t,2400,none,6200,P250,0.0149,76.4
t,2400,none,6200,Desert Eagle,0.0005,76.4
t,2400,none,6200,none,0.0,76.4
t,2400,none,6250,Tec-9,0.0471,72.3
t,2400,none,6250,Glock-18,0.9361,72.3
t,2400,none,6250,P250,0.0165,72.3
t,2400,none,6250,Desert Eagle,0.0004,72.3
t,2400,none,6250,none,0.0,72.3
t,2400,none,6300,Tec-9,0.0488,67.9
t,2400,none,6300,Glock-18,0.9327,67.9
t,2400,none,6300,P250,0.0182,67.9
t,2400,none,6300,Desert Eagle,0.0003,67.9
t,2400,none,6300,none,0.0,67.9
t,2400,none,6350,Tec-9,0.0513,63.3
t,2400,none,6350,Glock-18,0.928,63.3
t,2400,none,6350,P250,0.0205,63.3
t,2400,none,6350,Desert Eagle,0.0003,63.3
t,2400,none,6350,none,0.0,63.3
t,2400,none,6400,Tec-9,0.0537,59.2
t,2400,none,6400,Glock-18,0.9234,59.2
t,2400,none,6400,P250,0.0227,59.2
t,2400,none,6400,Desert Eagle,0.0002,59.2
t,2400,none,6400,none,0.0,59.2
t,2400,none,6450,Tec-9,0.0559,55.4
t,2400,none,6450,Glock-18,0.9189,55.4
t,2400,none,6450,P250,0.025,55.4
t,2400,none,6450,Desert Eagle,0.0002,55.4
t,2400,none,6450,none,0.0,55.4
t,2400,none,6500,Tec-9,0.0563,52.8
t,2400,none,6500,Glock-18,0.917,52.8
t,2400,none,6500,P250,0.0266,52.8
t,2400,none,6500,Desert Eagle,0.0001,52.8
t,2400,none,6500,none,0.0,52.8
t,2400,none,6550,Tec-9,0.0578,49.7
t,2400,none,6550,Glock-18,0.9134,49.7
t,2400,none,6550,P250,0.0287,49.7
t,2400,none,6550,Desert Eagle,0.0001,49.7
t,2400,none,6550,none,0.0,49.7
t,2400,none,6600,Tec-9,0.059,46.9
t,2400,none,6600,Glock-18,0.9101,46.9
t,2400,none,6600,P250,0.0308,46.9
t,2400,none,6600,Desert Eagle,0.0001,46.9
t,2400,none,6600,none,0.0,46.9
t,2400,none,6650,Tec-9,0.058,45.1
t,2400,none,6650,Glock-18,0.9103,45.1
t,2400,none,6650,P250,0.0317,45.1
t,2400,none,6650,Desert Eagle,0.0,45.1
t,2400,none,6650,none,0.0,45.1
t,2400,none,6700,Tec-9,0.0583,42.7
t,2400,none,6700,Glock-18,0.9083,42.7
t,2400,none,6700,P250,0.0334,42.7
t,2400,none,6700,Desert Eagle,0.0,42.7
t,2400,none,6700,none,0.0,42.7
t,2400,none,6750,Tec-9,0.0583,40.5
t,2400,none,6750,Glock-18,0.9068,40.5
t,2400,none,6750,P250,0.0349,40.5
t,2400,none,6750,Desert Eagle,0.0,40.5
t,2400,none,6750,none,0.0,40.5
t,2400,none,6800,Tec-9,0.058,38.4
t,2400,none,6800,Glock-18,0.9058,38.4
t,2400,none,6800,P250,0.0362,38.4
t,2400,none,6800,Desert Eagle,0.0,38.4
t,2400,none,6800,none,0.0,38.4
t,2400,none,6850,Tec-9,0.0885,38.9
t,2400,none,6850,Glock-18,0.8783,38.9
t,2400,none,6850,P250,0.0332,38.9
t,2400,none,6850,Desert Eagle,0.0,38.9
t,2400,none,6850,none,0.0,38.9
t,2400,none,6900,Tec-9,0.0894,36.9
t,2400,none,6900,Glock-18,0.877,36.9
t,2400,none,6900,P250,0.0336,36.9
t,2400,none,6900,Desert Eagle,0.0,36.9
t,2400,none,6900,none,0.0,36.9
t,2400,none,6950,Tec-9,0.0896,35.3
t,2400,none,6950,Glock-18,0.8768,35.3
t,2400,none,6950,P250,0.0336,35.3
t,2400,none,6950,Desert Eagle,0.0,35.3
t,2400,none,6950,none,0.0,35.3
t,2400,none,7000,Tec-9,0.0895,33.6
t,2400,none,7000,Glock-18,0.877,33.6
t,2400,none,7000,P250,0.0335,33.6
t,2400,none,7000,Desert Eagle,0.0,33.6
t,2400,none,7000,none,0.0,33.6
t,2400,none,7050,Tec-9,0.0889,32.0
t,2400,none,7050,Glock-18,0.8781,32.0
t,2400,none,7050,P250,0.0331,32.0
t,2400,none,7050,Desert Eagle,0.0,32.0
t,2400,none,7050,none,0.0,32.0
t,2400,none,7100,Tec-9,0.0877,30.5
t,2400,none,7100,Glock-18,0.8799,30.5
t,2400,none,7100,P250,0.0324,30.5
t,2400,none,7100,Desert Eagle,0.0,30.5
t,2400,none,7100,none,0.0,30.5
t,2400,none,7150,Tec-9,0.0859,29.2
t,2400,none,7150,Glock-18,0.8827,29.2
t,2400,none,7150,P250,0.0314,29.2
t,2400,none,7150,Desert Eagle,0.0,29.2
t,2400,none,7150,none,0.0,29.2
t,2400,none,7200,Tec-9,0.0836,28.0
t,2400,none,7200,Glock-18,0.8862,28.0
t,2400,none,7200,P250,0.0302,28.0
t,2400,none,7200,Desert Eagle,0.0,28.0
t,2400,none,7200,none,0.0,28.0
t,2400,none,7250,Tec-9,0.0807,26.7
t,2400,none,7250,Glock-18,0.8906,26.7
t,2400,none,7250,P250,0.0288,26.7
t,2400,none,7250,Desert Eagle,0.0,26.7
t,2400,none,7250,none,0.0,26.7
t,2400,none,7300,Tec-9,0.0772,25.5
t,2400,none,7300,Glock-18,0.8957,25.5
t,2400,none,7300,P250,0.0271,25.5
t,2400,none,7300,Desert Eagle,0.0,25.5
t,2400,none,7300,none,0.0,25.5
t,2400,none,7350,Tec-9,0.0731,24.3
t,2400,none,7350,Glock-18,0.9017,24.3
t,2400,none,7350,P250,0.0252,24.3
t,2400,none,7350,Desert Eagle,0.0,24.3
t,2400,none,7350,none,0.0,24.3
t,2400,none,7400,Tec-9,0.0685,23.1
t,2400,none,7400,Glock-18,0.9083,23.1
t,2400,none,7400,P250,0.0232,23.1
t,2400,none,7400,Desert Eagle,0.0,23.1
t,2400,none,7400,none,0.0,23.1
t,2400,none,7450,Tec-9,0.0635,21.7
t,2400,none,7450,Glock-18,0.9155,21.7
t,2400,none,7450,P250,0.021,21.7
t,2400,none,7450,Desert Eagle,0.0,21.7
t,2400,none,7450,none,0.0,21.7
t,2400,none,7500,Tec-9,0.058,20.4
t,2400,none,7500,Glock-18,0.9232,20.4
t,2400,none,7500,P250,0.0188,20.4
t,2400,none,7500,Desert Eagle,0.0,20.4
t,2400,none,7500,none,0.0,20.4
t,2900,none,800,P250,0.1056,102.8
t,2900,none,800,Desert Eagle,0.599,102.8
t,2900,none,800,Glock-18,0.2594,102.8
t,2900,none,800,Tec-9,0.036,102.8
t,2900,none,850,P250,0.1057,100.4
t,2900,none,850,Desert Eagle,0.5992,100.4
t,2900,none,850,Glock-18,0.2595,100.4
t,2900,none,850,Tec-9,0.0356,100.4
t,2900,none,900,P250,0.1072,102.7
t,2900,none,900,Desert Eagle,0.5979,102.7
t,2900,none,900,Glock-18,0.259,102.7
t,2900,none,900,Tec-9,0.0358,102.7
t,2900,none,950,P250,0.1102,101.8
t,2900,none,950,Desert Eagle,0.5874,101.8
t,2900,none,950,Glock-18,0.2676,101.8
t,2900,none,950,Tec-9,0.0349,101.8
t,2900,none,1000,P250,0.1087,100.3
t,2900,none,1000,Desert Eagle,0.5931,100.3
t,2900,none,1000,Glock-18,0.2641,100.3
t,2900,none,1000,Tec-9,0.0341,100.3
t,2900,none,1050,P250,0.1088,102.5
t,2900,none,1050,Desert Eagle,0.5929,102.5
t,2900,none,1050,Glock-18,0.2639,102.5
t,2900,none,1050,Tec-9,0.0344,102.5
t,2900,none,1100,P250,0.1089,104.8
t,2900,none,1100,Desert Eagle,0.5927,104.8
t,2900,none,1100,Glock-18,0.2637,104.8
t,2900,none,1100,Tec-9,0.0347,104.8
t,2900,none,1150,P250,0.1082,103.2
t,2900,none,1150,Desert Eagle,0.5895,103.2
t,2900,none,1150,Glock-18,0.2624,103.2
t,2900,none,1150,Tec-9,0.04,103.2
t,2900,none,1200,P250,0.108,100.5
t,2900,none,1200,Desert Eagle,0.5899,100.5
t,2900,none,1200,Glock-18,0.2627,100.5
t,2900,none,1200,Tec-9,0.0394,100.5
t,2900,none,1250,P250,0.1082,103.1
t,2900,none,1250,Desert Eagle,0.5895,103.1
t,2900,none,1250,Glock-18,0.2624,103.1
t,2900,none,1250,Tec-9,0.04,103.1
t,2900,none,1300,P250,0.108,100.5
t,2900,none,1300,Desert Eagle,0.5896,100.5
t,2900,none,1300,Glock-18,0.263,100.5
t,2900,none,1300,Tec-9,0.0393,100.5
t,2900,none,1350,P250,0.1081,103.5
t,2900,none,1350,Desert Eagle,0.5893,103.5
t,2900,none,1350,Glock-18,0.2626,103.5
t,2900,none,1350,Tec-9,0.04,103.5
t,2900,none,1400,P250,0.108,100.8
t,2900,none,1400,Desert Eagle,0.5898,100.8
t,2900,none,1400,Glock-18,0.2629,100.8
t,2900,none,1400,Tec-9,0.0394,100.8
t,2900,none,1450,P250,0.1081,104.0
t,2900,none,1450,Desert Eagle,0.5892,104.0
t,2900,none,1450,Glock-18,0.2625,104.0
t,2900,none,1450,Tec-9,0.0402,104.0
t,2900,none,1500,P250,0.108,101.3
t,2900,none,1500,Desert Eagle,0.5896,101.3
t,2900,none,1500,Glock-18,0.2628,101.3
t,2900,none,1500,Tec-9,0.0396,101.3
t,2900,none,1550,P250,0.1081,104.8
t,2900,none,1550,Desert Eagle,0.589,104.8
t,2900,none,1550,Glock-18,0.2624,104.8
t,2900,none,1550,Tec-9,0.0404,104.8
t,2900,none,1600,P250,0.108,102.3
t,2900,none,1600,Desert Eagle,0.5894,102.3
t,2900,none,1600,Glock-18,0.2627,102.3
t,2900,none,1600,Tec-9,0.0399,102.3
t,2900,none,1650,P250,0.1082,106.2
t,2900,none,1650,Desert Eagle,0.5888,106.2
t,2900,none,1650,Glock-18,0.2623,106.2
t,2900,none,1650,Tec-9,0.0407,106.2
t,2900,none,1700,P250,0.1081,103.8
t,2900,none,1700,Desert Eagle,0.5891,103.8
t,2900,none,1700,Glock-18,0.2625,103.8
t,2900,none,1700,Tec-9,0.0402,103.8
t,2900,none,1750,P250,0.108,101.3
t,2900,none,1750,Desert Eagle,0.5895,101.3
t,2900,none,1750,Glock-18,0.2628,101.3
t,2900,none,1750,Tec-9,0.0397,101.3
t,2900,none,1800,P250,0.1083,106.1
t,2900,none,1800,Desert Eagle,0.5887,106.1
t,2900,none,1800,Glock-18,0.2623,106.1
t,2900,none,1800,Tec-9,0.0407,106.1
t,2900,none,1850,Tec-9,0.1108,107.9
t,2900,none,1850,P250,0.0999,107.9
t,2900,none,1850,Desert Eagle,0.5455,107.9
t,2900,none,1850,Glock-18,0.2438,107.9
t,2900,none,1900,Tec-9,0.1085,108.2
t,2900,none,1900,P250,0.1006,108.2
t,2900,none,1900,Desert Eagle,0.547,108.2
t,2900,none,1900,Glock-18,0.244,108.2
t,2900,none,1950,Tec-9,0.1035,111.5
t,2900,none,1950,P250,0.1015,111.5
t,2900,none,1950,Desert Eagle,0.55,111.5
t,2900,none,1950,Glock-18,0.2449,111.5
t,2900,none,2000,Tec-9,0.1048,102.5
t,2900,none,2000,P250,0.1019,102.5
t,2900,none,2000,Desert Eagle,0.5492,102.5
t,2900,none,2000,Glock-18,0.2441,102.5
t,2900,none,2050,Tec-9,0.0901,114.7
t,2900,none,2050,P250,0.1038,114.7
t,2900,none,2050,Desert Eagle,0.5582,114.7
t,2900,none,2050,Glock-18,0.248,114.7
t,2900,none,2100,Tec-9,0.0819,102.4
t,2900,none,2100,P250,0.1043,102.4
t,2900,none,2100,Desert Eagle,0.5632,102.4
t,2900,none,2100,Glock-18,0.2507,102.4
t,2900,none,2150,Tec-9,0.0527,105.5
t,2900,none,2150,P250,0.107,105.5
t,2900,none,2150,Desert Eagle,0.5813,105.5
t,2900,none,2150,Glock-18,0.259,105.5
t,2900,none,2200,Tec-9,0.0424,105.8
t,2900,none,2200,P250,0.1083,105.8
t,2900,none,2200,Desert Eagle,0.5875,105.8
t,2900,none,2200,Glock-18,0.2618,105.8
t,2900,none,2250,Tec-9,0.0415,108.0
t,2900,none,2250,P250,0.1087,108.0
t,2900,none,2250,Desert Eagle,0.5879,108.0
t,2900,none,2250,Glock-18,0.2619,108.0
t,2900,none,2300,Tec-9,0.0646,102.1
t,2900,none,2300,P250,0.1055,102.1
t,2900,none,2300,Desert Eagle,0.5739,102.1
t,2900,none,2300,Glock-18,0.256,102.1
t,2900,none,2350,Tec-9,0.0708,113.8
t,2900,none,2350,P250,0.1046,113.8
t,2900,none,2350,Desert Eagle,0.5625,113.8
t,2900,none,2350,Glock-18,0.2622,113.8
t,2900,none,2400,Tec-9,0.1653,116.8
t,2900,none,2400,P250,0.0912,116.8
t,2900,none,2400,Desert Eagle,0.5099,116.8
t,2900,none,2400,Glock-18,0.2336,116.8
t,2900,none,2450,Tec-9,0.1343,119.9
t,2900,none,2450,P250,0.1006,119.9
t,2900,none,2450,Desert Eagle,0.5221,119.9
t,2900,none,2450,Glock-18,0.243,119.9
t,2900,none,2500,Tec-9,0.1451,134.3
t,2900,none,2500,P250,0.1016,134.3
t,2900,none,2500,Desert Eagle,0.5275,134.3
t,2900,none,2500,Glock-18,0.2259,134.3
t,2900,none,2550,Tec-9,0.1452,110.1
t,2900,none,2550,P250,0.0688,110.1
t,2900,none,2550,Desert Eagle,0.5359,110.1
t,2900,none,2550,Glock-18,0.2501,110.1
t,2900,none,2600,Tec-9,0.1923,101.6
t,2900,none,2600,P250,0.0501,101.6
t,2900,none,2600,Desert Eagle,0.4923,101.6
t,2900,none,2600,Glock-18,0.2654,101.6
t,2900,none,2650,Tec-9,0.1879,103.0
t,2900,none,2650,P250,0.0432,103.0
t,2900,none,2650,Desert Eagle,0.4569,103.0
t,2900,none,2650,Glock-18,0.312,103.0
t,2900,none,2700,Tec-9,0.1691,109.9
t,2900,none,2700,P250,0.04,109.9
t,2900,none,2700,Desert Eagle,0.454,109.9
t,2900,none,2700,Glock-18,0.3369,109.9
t,2900,none,2750,Tec-9,0.1617,106.6
t,2900,none,2750,P250,0.0337,106.6
t,2900,none,2750,Desert Eagle,0.4507,106.6
t,2900,none,2750,Glock-18,0.3538,106.6
t,2900,none,2800,Tec-9,0.1718,101.8
t,2900,none,2800,P250,0.0269,101.8
t,2900,none,2800,Desert Eagle,0.4384,101.8
t,2900,none,2800,Glock-18,0.363,101.8
t,2900,none,2850,Tec-9,0.2217,102.5
t,2900,none,2850,P250,0.0239,102.5
t,2900,none,2850,Desert Eagle,0.4136,102.5
t,2900,none,2850,Glock-18,0.3409,102.5
t,2900,none,2900,Tec-9,0.3069,106.0
t,2900,none,2900,P250,0.0279,106.0
t,2900,none,2900,Desert Eagle,0.3658,106.0
t,2900,none,2900,Glock-18,0.2994,106.0
t,2900,none,2950,Tec-9,0.3762,108.9
t,2900,none,2950,P250,0.0371,108.9
t,2900,none,2950,Desert Eagle,0.2948,108.9
t,2900,none,2950,Glock-18,0.2919,108.9
t,2900,none,3000,Tec-9,0.4101,100.5
t,2900,none,3000,P250,0.0463,100.5
t,2900,none,3000,Desert Eagle,0.2273,100.5
t,2900,none,3000,Glock-18,0.3162,100.5
t,2900,none,3050,Tec-9,0.4214,106.7
t,2900,none,3050,P250,0.0558,106.7
t,2900,none,3050,Desert Eagle,0.2095,106.7
t,2900,none,3050,Glock-18,0.3132,106.7
t,2900,none,3100,Tec-9,0.3914,100.8
t,2900,none,3100,P250,0.0617,100.8
t,2900,none,3100,Desert Eagle,0.1739,100.8
t,2900,none,3100,Glock-18,0.3731,100.8
t,2900,none,3150,Tec-9,0.3722,109.1
t,2900,none,3150,P250,0.0556,109.1
t,2900,none,3150,Desert Eagle,0.1904,109.1
t,2900,none,3150,Glock-18,0.3819,109.1
t,2900,none,3200,Tec-9,0.3749,101.3
t,2900,none,3200,P250,0.0448,101.3
t,2900,none,3200,Desert Eagle,0.2153,101.3
t,2900,none,3200,Glock-18,0.3651,101.3
t,2900,none,3250,Tec-9,0.3914,103.7
t,2900,none,3250,P250,0.03,103.7
t,2900,none,3250,Desert Eagle,0.2289,103.7
t,2900,none,3250,Glock-18,0.3497,103.7
t,2900,none,3300,Tec-9,0.3565,102.3
t,2900,none,3300,P250,0.0153,102.3
t,2900,none,3300,Desert Eagle,0.2132,102.3
t,2900,none,3300,Glock-18,0.415,102.3
t,2900,none,3350,Tec-9,0.3401,104.3
t,2900,none,3350,P250,0.0109,104.3
t,2900,none,3350,Desert Eagle,0.2214,104.3
t,2900,none,3350,Glock-18,0.4276,104.3
t,2900,none,3400,Tec-9,0.3249,105.8
t,2900,none,3400,P250,0.0107,105.8
t,2900,none,3400,Desert Eagle,0.2368,105.8
t,2900,none,3400,Glock-18,0.4276,105.8
t,2900,none,3450,Tec-9,0.3249,104.8
t,2900,none,3450,P250,0.0127,104.8
t,2900,none,3450,Desert Eagle,0.2565,104.8
t,2900,none,3450,Glock-18,0.406,104.8
t,2900,none,3500,Tec-9,0.3119,101.6
t,2900,none,3500,P250,0.014,101.6
t,2900,none,3500,Desert Eagle,0.2597,101.6
t,2900,none,3500,Glock-18,0.4144,101.6
t,2900,none,3550,Tec-9,0.3383,104.0
t,2900,none,3550,P250,0.0148,104.0
t,2900,none,3550,Desert Eagle,0.2548,104.0
t,2900,none,3550,Glock-18,0.3921,104.0
t,2900,none,3600,Tec-9,0.344,105.7
t,2900,none,3600,P250,0.0142,105.7
t,2900,none,3600,Desert Eagle,0.2402,105.7
t,2900,none,3600,Glock-18,0.4015,105.7
t,2900,none,3650,Tec-9,0.3562,100.2
t,2900,none,3650,P250,0.0136,100.2
t,2900,none,3650,Desert Eagle,0.2318,100.2
t,2900,none,3650,Glock-18,0.3984,100.2
t,2900,none,3700,Tec-9,0.3006,100.7
t,2900,none,3700,P250,0.0104,100.7
t,2900,none,3700,Desert Eagle,0.1795,100.7
t,2900,none,3700,Glock-18,0.5096,100.7
t,2900,none,3750,Tec-9,0.3035,100.6
t,2900,none,3750,P250,0.0093,100.6
t,2900,none,3750,Desert Eagle,0.1684,100.6
t,2900,none,3750,Glock-18,0.5188,100.6
t,2900,none,3800,Tec-9,0.2852,100.2
t,2900,none,3800,P250,0.0076,100.2
t,2900,none,3800,Desert Eagle,0.1464,100.2
t,2900,none,3800,Glock-18,0.5608,100.2
t,2900,none,3850,Tec-9,0.2845,101.1
t,2900,none,3850,P250,0.0068,101.1
t,2900,none,3850,Desert Eagle,0.1387,101.1
t,2900,none,3850,Glock-18,0.5701,101.1
t,2900,none,3900,Glock-18,0.7118,104.4
t,2900,none,3900,Tec-9,0.2034,104.4
t,2900,none,3900,P250,0.0032,104.4
t,2900,none,3900,Desert Eagle,0.0816,104.4
t,2900,none,3950,Glock-18,0.7523,101.4
t,2900,none,3950,Tec-9,0.1806,101.4
t,2900,none,3950,P250,0.002,101.4
t,2900,none,3950,Desert Eagle,0.065,101.4
t,2900,none,4000,Glock-18,0.8864,105.6
t,2900,none,4000,Tec-9,0.0872,105.6
t,2900,none,4000,P250,0.0001,105.6
t,2900,none,4000,Desert Eagle,0.0264,105.6
t,2900,none,4050,Glock-18,0.9111,106.2
t,2900,none,4050,Tec-9,0.0675,106.2
t,2900,none,4050,P250,0.0,106.2
t,2900,none,4050,Desert Eagle,0.0214,106.2
t,2900,none,4100,Glock-18,0.9302,108.1
t,2900,none,4100,Tec-9,0.0531,108.1
t,2900,none,4100,P250,0.0,108.1
t,2900,none,4100,Desert Eagle,0.0166,108.1
t,2900,none,4150,Glock-18,0.9506,103.6
t,2900,none,4150,Tec-9,0.039,103.6
t,2900,none,4150,P250,0.0,103.6
t,2900,none,4150,Desert Eagle,0.0105,103.6
t,2900,none,4200,Glock-18,0.9914,130.7
t,2900,none,4200,Tec-9,0.008,130.7
t,2900,none,4200,P250,0.0,130.7
t,2900,none,4200,Desert Eagle,0.0006,130.7
t,2900,none,4250,Glock-18,0.9941,103.0
t,2900,none,4250,Tec-9,0.0059,103.0
t,2900,none,4250,P250,0.0,103.0
t,2900,none,4250,Desert Eagle,0.0,103.0
t,2900,none,4300,Glock-18,0.9925,137.1
t,2900,none,4300,Tec-9,0.0075,137.1
t,2900,none,4300,P250,0.0,137.1
t,2900,none,4300,Desert Eagle,0.0,137.1
t,2900,none,4350,Glock-18,0.9992,110.3
t,2900,none,4350,Tec-9,0.0008,110.3
t,2900,none,4350,P250,0.0,110.3
t,2900,none,4350,Desert Eagle,0.0,110.3
t,2900,none,4400,Glock-18,0.9925,165.0
t,2900,none,4400,Tec-9,0.0075,165.0
t,2900,none,4400,P250,0.0,165.0
t,2900,none,4400,Desert Eagle,0.0,165.0
t,2900,none,4450,Glock-18,0.9869,240.0
t,2900,none,4450,Tec-9,0.0131,240.0
t,2900,none,4450,P250,0.0,240.0
t,2900,none,4450,Desert Eagle,0.0,240.0
t,2900,none,4500,Glock-18,0.9918,204.1
t,2900,none,4500,Tec-9,0.0082,204.1
t,2900,none,4500,P250,0.0,204.1
t,2900,none,4500,Desert Eagle,0.0,204.1
t,2900,none,4550,Glock-18,0.9957,158.8
t,2900,none,4550,Tec-9,0.0043,158.8
t,2900,none,4550,P250,0.0,158.8
t,2900,none,4550,Desert Eagle,0.0,158.8
t,2900,none,4600,Glock-18,1.0,125.1
t,2900,none,4600,Tec-9,0.0,125.1
t,2900,none,4600,P250,0.0,125.1
t,2900,none,4600,Desert Eagle,0.0,125.1
t,2900,none,4650,Glock-18,0.9995,119.0
t,2900,none,4650,Tec-9,0.0,119.0
t,2900,none,4650,P250,0.0,119.0
t,2900,none,4650,Desert Eagle,0.0005,119.0
t,2900,none,4700,Glock-18,0.9968,114.7
t,2900,none,4700,Tec-9,0.0,114.7
t,2900,none,4700,P250,0.0,114.7
t,2900,none,4700,Desert Eagle,0.0032,114.7
t,2900,none,4750,Glock-18,0.9892,103.8
t,2900,none,4750,Tec-9,0.0,103.8
t,2900,none,4750,P250,0.0,103.8
t,2900,none,4750,Desert Eagle,0.0108,103.8
t,2900,none,4800,Glock-18,0.9933,109.1
t,2900,none,4800,Tec-9,0.0,109.1
t,2900,none,4800,P250,0.0,109.1
t,2900,none,4800,Desert Eagle,0.0067,109.1
t,2900,none,4850,Glock-18,0.9962,115.7
t,2900,none,4850,Tec-9,0.0,115.7
t,2900,none,4850,P250,0.0,115.7
t,2900,none,4850,Desert Eagle,0.0038,115.7
t,2900,none,4900,Glock-18,0.9994,104.1
t,2900,none,4900,Tec-9,0.0,104.1
t,2900,none,4900,P250,0.0,104.1
t,2900,none,4900,Desert Eagle,0.0006,104.1
t,2900,none,4950,Glock-18,0.9999,104.9
t,2900,none,4950,Tec-9,0.0,104.9
t,2900,none,4950,P250,0.0,104.9
t,2900,none,4950,Desert Eagle,0.0001,104.9
t,2900,none,5000,Glock-18,1.0,105.8
t,2900,none,5000,Tec-9,0.0,105.8
t,2900,none,5000,P250,0.0,105.8
t,2900,none,5000,Desert Eagle,0.0,105.8
t,2900,none,5050,Glock-18,1.0,101.2
t,2900,none,5050,Tec-9,0.0,101.2
t,2900,none,5050,P250,0.0,101.2
t,2900,none,5050,Desert Eagle,0.0,101.2
t,2900,none,5100,Glock-18,1.0,107.9
t,2900,none,5100,Tec-9,0.0,107.9
t,2900,none,5100,P250,0.0,107.9
t,2900,none,5100,Desert Eagle,0.0,107.9
t,2900,none,5150,Glock-18,1.0,103.3
t,2900,none,5150,Tec-9,0.0,103.3
t,2900,none,5150,P250,0.0,103.3
t,2900,none,5150,Desert Eagle,0.0,103.3
t,2900,none,5200,Glock-18,0.9945,108.9
t,2900,none,5200,Tec-9,0.0,108.9
t,2900,none,5200,P250,0.0055,108.9
t,2900,none,5200,Desert Eagle,0.0,108.9
t,2900,none,5250,Glock-18,0.9896,101.5
t,2900,none,5250,Tec-9,0.0,101.5
t,2900,none,5250,P250,0.0104,101.5
t,2900,none,5250,Desert Eagle,0.0,101.5
t,2900,none,5300,Glock-18,0.9867,106.1
t,2900,none,5300,Tec-9,0.0,106.1
t,2900,none,5300,P250,0.0133,106.1
t,2900,none,5300,Desert Eagle,0.0,106.1
t,2900,none,5350,Glock-18,0.9851,102.1
t,2900,none,5350,Tec-9,0.0,102.1
t,2900,none,5350,P250,0.0149,102.1
t,2900,none,5350,Desert Eagle,0.0,102.1
t,2900,none,5400,Glock-18,0.9862,107.0
t,2900,none,5400,Tec-9,0.0,107.0
t,2900,none,5400,P250,0.0138,107.0
t,2900,none,5400,Desert Eagle,0.0,107.0
t,2900,none,5450,Glock-18,0.9871,100.6
t,2900,none,5450,Tec-9,0.0,100.6
t,2900,none,5450,P250,0.0129,100.6
t,2900,none,5450,Desert Eagle,0.0,100.6
t,2900,none,5500,Glock-18,0.9888,100.3
t,2900,none,5500,Tec-9,0.0,100.3
t,2900,none,5500,P250,0.0112,100.3
t,2900,none,5500,Desert Eagle,0.0,100.3
t,2900,none,5550,Glock-18,0.9903,106.9
t,2900,none,5550,Tec-9,0.0,106.9
t,2900,none,5550,P250,0.0096,106.9
t,2900,none,5550,Desert Eagle,0.0,106.9
t,2900,none,5600,Glock-18,0.9916,101.9
t,2900,none,5600,Tec-9,0.0,101.9
t,2900,none,5600,P250,0.0084,101.9
t,2900,none,5600,Desert Eagle,0.0,101.9
t,2900,none,5650,Glock-18,0.9924,102.0
t,2900,none,5650,Tec-9,0.0,102.0
t,2900,none,5650,P250,0.0076,102.0
t,2900,none,5650,Desert Eagle,0.0,102.0
t,2900,none,5700,Glock-18,0.9932,104.0
t,2900,none,5700,Tec-9,0.0,104.0
t,2900,none,5700,P250,0.0067,104.0
t,2900,none,5700,Desert Eagle,0.0,104.0
t,2900,none,5750,Glock-18,0.9938,104.3
t,2900,none,5750,Tec-9,0.0,104.3
t,2900,none,5750,P250,0.0062,104.3
t,2900,none,5750,Desert Eagle,0.0001,104.3
t,2900,none,5800,Glock-18,0.9942,104.6
t,2900,none,5800,Tec-9,0.0,104.6
t,2900,none,5800,P250,0.0058,104.6
t,2900,none,5800,Desert Eagle,0.0001,104.6
t,2900,none,5850,Glock-18,0.9945,104.8
t,2900,none,5850,Tec-9,0.0,104.8
t,2900,none,5850,P250,0.0054,104.8
t,2900,none,5850,Desert Eagle,0.0001,104.8
t,2900,none,5900,Glock-18,0.995,100.0
t,2900,none,5900,Tec-9,0.0,100.0
t,2900,none,5900,P250,0.0049,100.0
t,2900,none,5900,Desert Eagle,0.0001,100.0
t,2900,none,5950,Glock-18,0.9951,106.0
t,2900,none,5950,Tec-9,0.0,106.0
t,2900,none,5950,P250,0.0047,106.0
t,2900,none,5950,Desert Eagle,0.0001,106.0
t,2900,none,6000,Glock-18,0.9953,106.0
t,2900,none,6000,Tec-9,0.0,106.0
t,2900,none,6000,P250,0.0045,106.0
t,2900,none,6000,Desert Eagle,0.0001,106.0
t,2900,none,6050,Glock-18,0.9958,101.0
t,2900,none,6050,Tec-9,0.0,101.0
t,2900,none,6050,P250,0.0041,101.0
t,2900,none,6050,Desert Eagle,0.0001,101.0
t,2900,none,6100,Glock-18,0.996,101.2
t,2900,none,6100,Tec-9,0.0,101.2
t,2900,none,6100,P250,0.0038,101.2
t,2900,none,6100,Desert Eagle,0.0001,101.2
t,2900,none,6150,Glock-18,0.9961,101.4
t,2900,none,6150,Tec-9,0.0001,101.4
t,2900,none,6150,P250,0.0037,101.4
t,2900,none,6150,Desert Eagle,0.0001,101.4
t,2900,none,6200,Glock-18,0.9961,101.9
t,2900,none,6200,Tec-9,0.0001,101.9
t,2900,none,6200,P250,0.0036,101.9
t,2900,none,6200,Desert Eagle,0.0002,101.9
t,2900,none,6250,Glock-18,0.9962,102.7
t,2900,none,6250,Tec-9,0.0001,102.7
t,2900,none,6250,P250,0.0036,102.7
t,2900,none,6250,Desert Eagle,0.0002,102.7
t,2900,none,6300,Glock-18,0.9963,97.5
t,2900,none,6300,Tec-9,0.0001,97.5
t,2900,none,6300,P250,0.0034,97.5
t,2900,none,6300,Desert Eagle,0.0002,97.5
t,2900,none,6350,Glock-18,0.9966,87.1
t,2900,none,6350,Tec-9,0.0001,87.1
t,2900,none,6350,P250,0.0032,87.1
t,2900,none,6350,Desert Eagle,0.0001,87.1
t,2900,none,6400,Glock-18,0.9969,77.9
t,2900,none,6400,Tec-9,0.0001,77.9
t,2900,none,6400,P250,0.0029,77.9
t,2900,none,6400,Desert Eagle,0.0001,77.9
t,2900,none,6450,Glock-18,0.9973,69.9
t,2900,none,6450,Tec-9,0.0,69.9
t,2900,none,6450,P250,0.0026,69.9
t,2900,none,6450,Desert Eagle,0.0001,69.9
t,2900,none,6500,Glock-18,0.9976,62.4
t,2900,none,6500,Tec-9,0.0,62.4
t,2900,none,6500,P250,0.0023,62.4
t,2900,none,6500,Desert Eagle,0.0001,62.4
t,2900,none,6550,Glock-18,0.9979,55.8
t,2900,none,6550,Tec-9,0.0,55.8
t,2900,none,6550,P250,0.0021,55.8
t,2900,none,6550,Desert Eagle,0.0001,55.8
t,2900,none,6600,Glock-18,0.9981,50.0
t,2900,none,6600,Tec-9,0.0,50.0
t,2900,none,6600,P250,0.0018,50.0
t,2900,none,6600,Desert Eagle,0.0,50.0
t,2900,none,6650,Glock-18,0.9984,44.7
t,2900,none,6650,Tec-9,0.0,44.7
t,2900,none,6650,P250,0.0015,44.7
t,2900,none,6650,Desert Eagle,0.0,44.7
t,2900,none,6700,Glock-18,0.9986,40.0
t,2900,none,6700,Tec-9,0.0,40.0
t,2900,none,6700,P250,0.0013,40.0
t,2900,none,6700,Desert Eagle,0.0,40.0
t,2900,none,6750,Glock-18,0.9988,35.8
t,2900,none,6750,Tec-9,0.0,35.8
t,2900,none,6750,P250,0.0011,35.8
t,2900,none,6750,Desert Eagle,0.0,35.8
t,2900,none,6800,Glock-18,0.999,32.1
t,2900,none,6800,Tec-9,0.0,32.1
t,2900,none,6800,P250,0.001,32.1
t,2900,none,6800,Desert Eagle,0.0,32.1
t,2900,none,6850,Glock-18,0.9992,28.8
t,2900,none,6850,Tec-9,0.0,28.8
t,2900,none,6850,P250,0.0008,28.8
t,2900,none,6850,Desert Eagle,0.0,28.8
t,2900,none,6900,Glock-18,0.9993,25.9
t,2900,none,6900,Tec-9,0.0,25.9
t,2900,none,6900,P250,0.0007,25.9
t,2900,none,6900,Desert Eagle,0.0,25.9
t,2900,none,6950,Glock-18,0.9995,23.4
t,2900,none,6950,Tec-9,0.0,23.4
t,2900,none,6950,P250,0.0005,23.4
t,2900,none,6950,Desert Eagle,0.0,23.4
t,2900,none,7000,Glock-18,0.9996,21.1
t,2900,none,7000,Tec-9,0.0,21.1
t,2900,none,7000,P250,0.0004,21.1
t,2900,none,7000,Desert Eagle,0.0,21.1
t,3400,none,800,P250,0.1089,30.5
t,3400,none,800,Glock-18,0.6596,30.5
t,3400,none,800,Tec-9,0.1383,30.5
t,3400,none,800,Desert Eagle,0.0932,30.5
t,3400,none,800,none,0.0001,30.5
t,3400,none,850,P250,0.1092,30.8
t,3400,none,850,Glock-18,0.6592,30.8
t,3400,none,850,Tec-9,0.1377,30.8
t,3400,none,850,Desert Eagle,0.0939,30.8
t,3400,none,850,none,0.0001,30.8
t,3400,none,1650,Tec-9,0.6136,36.3
t,3400,none,1650,Glock-18,0.1333,36.3
t,3400,none,1650,P250,0.0712,36.3
t,3400,none,1650,Desert Eagle,0.1819,36.3
t,3400,none,1650,none,0.0001,36.3
t,3400,none,1700,Tec-9,0.5939,52.3
t,3400,none,1700,Glock-18,0.1414,52.3
t,3400,none,1700,P250,0.0719,52.3
t,3400,none,1700,Desert Eagle,0.1927,52.3
t,3400,none,1700,none,0.0001,52.3
t,3400,none,1750,Tec-9,0.5878,76.5
t,3400,none,1750,Glock-18,0.1397,76.5
t,3400,none,1750,P250,0.0718,76.5
t,3400,none,1750,Desert Eagle,0.2006,76.5
t,3400,none,1750,none,0.0001,76.5
t,3400,none,1800,Tec-9,0.6178,102.3
t,3400,none,1800,Glock-18,0.1286,102.3
t,3400,none,1800,P250,0.0683,102.3
t,3400,none,1800,Desert Eagle,0.1851,102.3
t,3400,none,1800,none,0.0001,102.3
t,3400,none,1850,Tec-9,0.6391,101.5
t,3400,none,1850,Glock-18,0.1178,101.5
t,3400,none,1850,P250,0.0671,101.5
t,3400,none,1850,Desert Eagle,0.176,101.5
t,3400,none,1850,none,0.0001,101.5
t,3400,none,1900,Tec-9,0.6388,104.6
t,3400,none,1900,Glock-18,0.1176,104.6
t,3400,none,1900,P250,0.0676,104.6
t,3400,none,1900,Desert Eagle,0.1759,104.6
t,3400,none,1900,none,0.0,104.6
t,3400,none,1950,Tec-9,0.6364,111.7
t,3400,none,1950,Glock-18,0.1165,111.7
t,3400,none,1950,P250,0.0676,111.7
t,3400,none,1950,Desert Eagle,0.1794,111.7
t,3400,none,1950,none,0.0,111.7
t,3400,none,2000,Tec-9,0.6379,106.8
t,3400,none,2000,Desert Eagle,0.1773,106.8
t,3400,none,2000,Glock-18,0.1132,106.8
t,3400,none,2000,P250,0.0715,106.8
t,3400,none,2000,none,0.0,106.8
t,3400,none,2050,Tec-9,0.6384,104.5
t,3400,none,2050,Desert Eagle,0.1794,104.5
t,3400,none,2050,Glock-18,0.1114,104.5
t,3400,none,2050,P250,0.0708,104.5
t,3400,none,2050,none,0.0,104.5
t,3400,none,2100,Tec-9,0.6396,102.9
t,3400,none,2100,Desert Eagle,0.178,102.9
t,3400,none,2100,Glock-18,0.1106,102.9
t,3400,none,2100,P250,0.0718,102.9
t,3400,none,2100,none,0.0,102.9
t,3400,none,2150,Tec-9,0.6416,108.2
t,3400,none,2150,Desert Eagle,0.1762,108.2
t,3400,none,2150,Glock-18,0.1095,108.2
t,3400,none,2150,P250,0.0728,108.2
t,3400,none,2150,none,0.0,108.2
t,3400,none,2200,Tec-9,0.6464,104.1
t,3400,none,2200,Desert Eagle,0.1726,104.1
t,3400,none,2200,Glock-18,0.1071,104.1
t,3400,none,2200,P250,0.0738,104.1
t,3400,none,2200,none,0.0,104.1
t,3400,none,2250,Tec-9,0.6437,110.4
t,3400,none,2250,Desert Eagle,0.1724,110.4
t,3400,none,2250,Glock-18,0.1074,110.4
t,3400,none,2250,P250,0.0766,110.4
t,3400,none,2250,none,0.0,110.4
t,3400,none,2300,Tec-9,0.6356,106.4
t,3400,none,2300,Desert Eagle,0.1722,106.4
t,3400,none,2300,Glock-18,0.1115,106.4
t,3400,none,2300,P250,0.0807,106.4
t,3400,none,2300,none,0.0,106.4
t,3400,none,2350,Tec-9,0.6248,109.8
t,3400,none,2350,Desert Eagle,0.1768,109.8
t,3400,none,2350,Glock-18,0.1151,109.8
t,3400,none,2350,P250,0.0832,109.8
t,3400,none,2350,none,0.0,109.8
t,3400,none,2400,Tec-9,0.6295,107.6
t,3400,none,2400,Desert Eagle,0.1741,107.6
t,3400,none,2400,Glock-18,0.114,107.6
t,3400,none,2400,P250,0.0823,107.6
t,3400,none,2400,none,0.0,107.6
t,3400,none,2450,Tec-9,0.6293,104.5
t,3400,none,2450,Desert Eagle,0.1737,104.5
t,3400,none,2450,Glock-18,0.1145,104.5
t,3400,none,2450,P250,0.0825,104.5
t,3400,none,2450,none,0.0,104.5
t,3400,none,2500,Tec-9,0.6292,101.5
t,3400,none,2500,Desert Eagle,0.1733,101.5
t,3400,none,2500,Glock-18,0.115,101.5
t,3400,none,2500,P250,0.0826,101.5
t,3400,none,2500,none,0.0,101.5
t,3400,none,2550,Tec-9,0.6299,110.6
t,3400,none,2550,Desert Eagle,0.1746,110.6
t,3400,none,2550,Glock-18,0.1131,110.6
t,3400,none,2550,P250,0.0823,110.6
t,3400,none,2550,none,0.0,110.6
t,3400,none,2600,Tec-9,0.6498,103.0
t,3400,none,2600,Desert Eagle,0.1569,103.0
t,3400,none,2600,Glock-18,0.118,103.0
t,3400,none,2600,P250,0.0753,103.0
t,3400,none,2600,none,0.0,103.0
t,3400,none,2650,Tec-9,0.6499,101.1
t,3400,none,2650,Desert Eagle,0.1565,101.1
t,3400,none,2650,Glock-18,0.1183,101.1
t,3400,none,2650,P250,0.0753,101.1
t,3400,none,2650,none,0.0,101.1
t,3400,none,2700,Tec-9,0.6512,100.5
t,3400,none,2700,Desert Eagle,0.1558,100.5
t,3400,none,2700,Glock-18,0.1179,100.5
t,3400,none,2700,P250,0.0751,100.5
t,3400,none,2700,none,0.0,100.5
t,3400,none,2750,Tec-9,0.6334,103.3
t,3400,none,2750,Desert Eagle,0.1515,103.3
t,3400,none,2750,Glock-18,0.142,103.3
t,3400,none,2750,P250,0.0731,103.3
t,3400,none,2750,none,0.0,103.3
t,3400,none,2800,Tec-9,0.6096,110.5
t,3400,none,2800,Desert Eagle,0.1707,110.5
t,3400,none,2800,Glock-18,0.1492,110.5
t,3400,none,2800,P250,0.0706,110.5
t,3400,none,2800,none,0.0,110.5
t,3400,none,2850,Tec-9,0.5985,100.3
t,3400,none,2850,Desert Eagle,0.1664,100.3
t,3400,none,2850,Glock-18,0.1661,100.3
t,3400,none,2850,P250,0.069,100.3
t,3400,none,2850,none,0.0,100.3
t,3400,none,2900,Tec-9,0.595,103.8
t,3400,none,2900,Desert Eagle,0.1757,103.8
t,3400,none,2900,Glock-18,0.1609,103.8
t,3400,none,2900,P250,0.0684,103.8
t,3400,none,2900,none,0.0,103.8
t,3400,none,2950,Tec-9,0.6077,143.4
t,3400,none,2950,Desert Eagle,0.1748,143.4
t,3400,none,2950,Glock-18,0.1429,143.4
t,3400,none,2950,P250,0.0745,143.4
t,3400,none,2950,none,0.0,143.4
t,3400,none,3000,Tec-9,0.5464,119.5
t,3400,none,3000,Desert Eagle,0.2012,119.5
t,3400,none,3000,Glock-18,0.1954,119.5
t,3400,none,3000,P250,0.0571,119.5
t,3400,none,3000,none,0.0,119.5
t,3400,none,3050,Tec-9,0.5405,100.9
t,3400,none,3050,Desert Eagle,0.1941,100.9
t,3400,none,3050,Glock-18,0.2364,100.9
t,3400,none,3050,P250,0.0289,100.9
t,3400,none,3050,none,0.0,100.9
t,3400,none,3100,Tec-9,0.5275,123.2
t,3400,none,3100,Desert Eagle,0.1838,123.2
t,3400,none,3100,Glock-18,0.247,123.2
t,3400,none,3100,P250,0.0417,123.2
t,3400,none,3100,none,0.0,123.2
t,3400,none,3150,Tec-9,0.5349,119.9
t,3400,none,3150,Desert Eagle,0.1968,119.9
t,3400,none,3150,Glock-18,0.2241,119.9
t,3400,none,3150,P250,0.0441,119.9
t,3400,none,3150,none,0.0,119.9
t,3400,none,3200,Tec-9,0.5386,121.4
t,3400,none,3200,Desert Eagle,0.2217,121.4
t,3400,none,3200,Glock-18,0.2014,121.4
t,3400,none,3200,P250,0.0383,121.4
t,3400,none,3200,none,0.0,121.4
t,3400,none,3250,Tec-9,0.5458,102.5
t,3400,none,3250,Desert Eagle,0.245,102.5
t,3400,none,3250,Glock-18,0.1767,102.5
t,3400,none,3250,P250,0.0325,102.5
t,3400,none,3250,none,0.0,102.5
t,3400,none,3300,Tec-9,0.5055,117.2
t,3400,none,3300,Glock-18,0.2385,117.2
t,3400,none,3300,Desert Eagle,0.2284,117.2
t,3400,none,3300,P250,0.0277,117.2
t,3400,none,3300,none,0.0,117.2
t,3400,none,3350,Tec-9,0.4598,101.0
t,3400,none,3350,Glock-18,0.3213,101.0
t,3400,none,3350,Desert Eagle,0.1934,101.0
t,3400,none,3350,P250,0.0256,101.0
t,3400,none,3350,none,0.0,101.0
t,3400,none,3400,Tec-9,0.4023,112.3
t,3400,none,3400,Glock-18,0.4371,112.3
t,3400,none,3400,Desert Eagle,0.1547,112.3
t,3400,none,3400,P250,0.0058,112.3
t,3400,none,3400,none,0.0,112.3
t,3400,none,3450,Tec-9,0.4564,143.9
t,3400,none,3450,Glock-18,0.3395,143.9
t,3400,none,3450,Desert Eagle,0.186,143.9
t,3400,none,3450,P250,0.018,143.9
t,3400,none,3450,none,0.0,143.9
t,3400,none,3500,Tec-9,0.446,101.7
t,3400,none,3500,Glock-18,0.3439,101.7
t,3400,none,3500,Desert Eagle,0.1653,101.7
t,3400,none,3500,P250,0.0448,101.7
t,3400,none,3500,none,0.0,101.7
t,3400,none,3550,Tec-9,0.4136,145.2
t,3400,none,3550,Glock-18,0.3222,145.2
t,3400,none,3550,Desert Eagle,0.2132,145.2
t,3400,none,3550,P250,0.0489,145.2
t,3400,none,3550,none,0.0021,145.2
t,3400,none,3600,Tec-9,0.4522,149.1
t,3400,none,3600,Glock-18,0.3197,149.1
t,3400,none,3600,Desert Eagle,0.1625,149.1
t,3400,none,3600,P250,0.0549,149.1
t,3400,none,3600,none,0.0108,149.1
t,3400,none,3650,Tec-9,0.4344,131.1
t,3400,none,3650,Glock-18,0.3808,131.1
t,3400,none,3650,Desert Eagle,0.1367,131.1
t,3400,none,3650,P250,0.0412,131.1
t,3400,none,3650,none,0.0069,131.1
t,3400,none,3700,Tec-9,0.3385,108.0
t,3400,none,3700,Glock-18,0.5489,108.0
t,3400,none,3700,Desert Eagle,0.0853,108.0
t,3400,none,3700,P250,0.0267,108.0
t,3400,none,3700,none,0.0005,108.0
t,3400,none,3750,Tec-9,0.386,109.1
t,3400,none,3750,Glock-18,0.5104,109.1
t,3400,none,3750,Desert Eagle,0.0916,109.1
t,3400,none,3750,P250,0.012,109.1
t,3400,none,3750,none,0.0,109.1
t,3400,none,3800,Tec-9,0.3869,119.4
t,3400,none,3800,Glock-18,0.499,119.4
t,3400,none,3800,Desert Eagle,0.113,119.4
t,3400,none,3800,P250,0.0011,119.4
t,3400,none,3800,none,0.0,119.4
t,3400,none,3850,Tec-9,0.3814,103.7
t,3400,none,3850,Glock-18,0.4701,103.7
t,3400,none,3850,Desert Eagle,0.1479,103.7
t,3400,none,3850,P250,0.0006,103.7
t,3400,none,3850,none,0.0,103.7
t,3400,none,3900,Tec-9,0.3975,121.9
t,3400,none,3900,Glock-18,0.4832,121.9
t,3400,none,3900,Desert Eagle,0.1119,121.9
t,3400,none,3900,P250,0.0074,121.9
t,3400,none,3900,none,0.0,121.9
t,3400,none,3950,Tec-9,0.4367,113.7
t,3400,none,3950,Glock-18,0.4438,113.7
t,3400,none,3950,Desert Eagle,0.1069,113.7
t,3400,none,3950,P250,0.0126,113.7
t,3400,none,3950,none,0.0,113.7
t,3400,none,4000,Tec-9,0.2686,118.4
t,3400,none,4000,Glock-18,0.6416,118.4
t,3400,none,4000,Desert Eagle,0.0825,118.4
t,3400,none,4000,P250,0.0072,118.4
t,3400,none,4000,none,0.0,118.4
t,3400,none,4050,Tec-9,0.1818,121.3
t,3400,none,4050,Glock-18,0.7372,121.3
t,3400,none,4050,Desert Eagle,0.0779,121.3
t,3400,none,4050,P250,0.0031,121.3
t,3400,none,4050,none,0.0,121.3
t,3400,none,4100,Tec-9,0.1603,116.7
t,3400,none,4100,Glock-18,0.777,116.7
t,3400,none,4100,Desert Eagle,0.0553,116.7
t,3400,none,4100,P250,0.0074,116.7
t,3400,none,4100,none,0.0,116.7
t,3400,none,4150,Tec-9,0.1739,110.7
t,3400,none,4150,Glock-18,0.7638,110.7
t,3400,none,4150,Desert Eagle,0.0501,110.7
t,3400,none,4150,P250,0.0122,110.7
t,3400,none,4150,none,0.0,110.7
t,3400,none,4200,Tec-9,0.1572,113.2
t,3400,none,4200,Glock-18,0.7792,113.2
t,3400,none,4200,Desert Eagle,0.0542,113.2
t,3400,none,4200,P250,0.0093,113.2
t,3400,none,4200,none,0.0,113.2
t,3400,none,4250,Tec-9,0.1329,116.9
t,3400,none,4250,Glock-18,0.7963,116.9
t,3400,none,4250,Desert Eagle,0.0663,116.9
t,3400,none,4250,P250,0.0045,116.9
t,3400,none,4250,none,0.0,116.9
t,3400,none,4300,Tec-9,0.0955,108.1
t,3400,none,4300,Glock-18,0.8397,108.1
t,3400,none,4300,Desert Eagle,0.0636,108.1
t,3400,none,4300,P250,0.0012,108.1
t,3400,none,4300,none,0.0,108.1
t,3400,none,4350,Tec-9,0.0885,102.0
t,3400,none,4350,Glock-18,0.8462,102.0
t,3400,none,4350,Desert Eagle,0.0647,102.0
t,3400,none,4350,P250,0.0006,102.0
t,3400,none,4350,none,0.0,102.0
t,3400,none,4400,Tec-9,0.0469,112.4
t,3400,none,4400,Glock-18,0.9161,112.4
t,3400,none,4400,Desert Eagle,0.037,112.4
t,3400,none,4400,P250,0.0,112.4
t,3400,none,4400,none,0.0,112.4
t,3400,none,4450,Tec-9,0.038,105.3
t,3400,none,4450,Glock-18,0.9359,105.3
t,3400,none,4450,Desert Eagle,0.0261,105.3
t,3400,none,4450,P250,0.0,105.3
t,3400,none,4450,none,0.0,105.3
t,3400,none,4500,Tec-9,0.0321,111.6
t,3400,none,4500,Glock-18,0.9516,111.6
t,3400,none,4500,Desert Eagle,0.0163,111.6
t,3400,none,4500,P250,0.0,111.6
t,3400,none,4500,none,0.0,111.6
t,3400,none,4550,Tec-9,0.0355,106.4
t,3400,none,4550,Glock-18,0.9506,106.4
t,3400,none,4550,Desert Eagle,0.0138,106.4
t,3400,none,4550,P250,0.0,106.4
t,3400,none,4550,none,0.0,106.4
t,3400,none,4600,Tec-9,0.0111,125.3
t,3400,none,4600,Glock-18,0.9879,125.3
t,3400,none,4600,Desert Eagle,0.001,125.3
t,3400,none,4600,P250,0.0,125.3
t,3400,none,4600,none,0.0,125.3
t,3400,none,4650,Tec-9,0.0263,104.8
t,3400,none,4650,Glock-18,0.9679,104.8
t,3400,none,4650,Desert Eagle,0.0058,104.8
t,3400,none,4650,P250,0.0,104.8
t,3400,none,4650,none,0.0,104.8
t,3400,none,4700,Tec-9,0.0215,112.7
t,3400,none,4700,Glock-18,0.9538,112.7
t,3400,none,4700,Desert Eagle,0.0247,112.7
t,3400,none,4700,P250,0.0,112.7
t,3400,none,4700,none,0.0,112.7
t,3400,none,4750,Tec-9,0.0172,116.3
t,3400,none,4750,Glock-18,0.967,116.3
t,3400,none,4750,Desert Eagle,0.0158,116.3
t,3400,none,4750,P250,0.0,116.3
t,3400,none,4750,none,0.0,116.3
t,3400,none,4800,Tec-9,0.0035,100.4
t,3400,none,4800,Glock-18,0.979,100.4
t,3400,none,4800,Desert Eagle,0.0175,100.4
t,3400,none,4800,P250,0.0,100.4
t,3400,none,4800,none,0.0,100.4
t,3400,none,4850,Tec-9,0.0005,120.8
t,3400,none,4850,Glock-18,0.9834,120.8
t,3400,none,4850,Desert Eagle,0.0161,120.8
t,3400,none,4850,P250,0.0,120.8
t,3400,none,4850,none,0.0,120.8
t,3400,none,4900,Tec-9,0.0,111.3
t,3400,none,4900,Glock-18,0.9969,111.3
t,3400,none,4900,Desert Eagle,0.0031,111.3
t,3400,none,4900,P250,0.0,111.3
t,3400,none,4900,none,0.0,111.3
t,3400,none,4950,Tec-9,0.0028,112.3
t,3400,none,4950,Glock-18,0.9971,112.3
t,3400,none,4950,Desert Eagle,0.0,112.3
t,3400,none,4950,P250,0.0,112.3
t,3400,none,4950,none,0.0,112.3
t,3400,none,5000,Tec-9,0.0134,103.0
t,3400,none,5000,Glock-18,0.9866,103.0
t,3400,none,5000,Desert Eagle,0.0,103.0
t,3400,none,5000,P250,0.0,103.0
t,3400,none,5000,none,0.0,103.0
t,3400,none,5050,Tec-9,0.0106,119.0
t,3400,none,5050,Glock-18,0.9894,119.0
t,3400,none,5050,Desert Eagle,0.0,119.0
t,3400,none,5050,P250,0.0,119.0
t,3400,none,5050,none,0.0,119.0
t,3400,none,5100,Tec-9,0.0139,103.9
t,3400,none,5100,Glock-18,0.9861,103.9
t,3400,none,5100,Desert Eagle,0.0,103.9
t,3400,none,5100,P250,0.0,103.9
t,3400,none,5100,none,0.0,103.9
t,3400,none,5150,Tec-9,0.0077,122.5
t,3400,none,5150,Glock-18,0.9923,122.5
t,3400,none,5150,Desert Eagle,0.0,122.5
t,3400,none,5150,P250,0.0,122.5
t,3400,none,5150,none,0.0,122.5
t,3400,none,5200,Tec-9,0.0017,109.9
t,3400,none,5200,Glock-18,0.9904,109.9
t,3400,none,5200,Desert Eagle,0.0001,109.9
t,3400,none,5200,P250,0.0077,109.9
t,3400,none,5200,none,0.0,109.9
t,3400,none,5250,Tec-9,0.0001,111.5
t,3400,none,5250,Glock-18,0.9855,111.5
t,3400,none,5250,Desert Eagle,0.0017,111.5
t,3400,none,5250,P250,0.0126,111.5
t,3400,none,5250,none,0.0,111.5
t,3400,none,5300,Tec-9,0.0078,109.4
t,3400,none,5300,Glock-18,0.9766,109.4
t,3400,none,5300,Desert Eagle,0.0078,109.4
t,3400,none,5300,P250,0.0078,109.4
t,3400,none,5300,none,0.0,109.4
t,3400,none,5350,Tec-9,0.0122,115.9
t,3400,none,5350,Glock-18,0.9731,115.9
t,3400,none,5350,Desert Eagle,0.0117,115.9
t,3400,none,5350,P250,0.0029,115.9
t,3400,none,5350,none,0.0,115.9
t,3400,none,5400,Tec-9,0.0125,110.4
t,3400,none,5400,Glock-18,0.9777,110.4
t,3400,none,5400,Desert Eagle,0.0092,110.4
t,3400,none,5400,P250,0.0006,110.4
t,3400,none,5400,none,0.0,110.4
t,3400,none,5450,Tec-9,0.0136,108.9
t,3400,none,5450,Glock-18,0.9828,108.9
t,3400,none,5450,Desert Eagle,0.0035,108.9
t,3400,none,5450,P250,0.0001,108.9
t,3400,none,5450,none,0.0,108.9
t,3400,none,5500,Tec-9,0.0143,100.8
t,3400,none,5500,Glock-18,0.9851,100.8
t,3400,none,5500,Desert Eagle,0.0006,100.8
t,3400,none,5500,P250,0.0,100.8
t,3400,none,5500,none,0.0,100.8
t,3400,none,5550,Tec-9,0.0094,102.9
t,3400,none,5550,Glock-18,0.9905,102.9
t,3400,none,5550,Desert Eagle,0.0001,102.9
t,3400,none,5550,P250,0.0,102.9
t,3400,none,5550,none,0.0,102.9
t,3400,none,5600,Tec-9,0.0046,108.8
t,3400,none,5600,Glock-18,0.9953,108.8
t,3400,none,5600,Desert Eagle,0.0,108.8
t,3400,none,5600,P250,0.0,108.8
t,3400,none,5600,none,0.0,108.8
t,3400,none,5650,Tec-9,0.0045,104.6
t,3400,none,5650,Glock-18,0.9955,104.6
t,3400,none,5650,Desert Eagle,0.0,104.6
t,3400,none,5650,P250,0.0,104.6
t,3400,none,5650,none,0.0,104.6
t,3400,none,5700,Tec-9,0.0074,100.5
t,3400,none,5700,Glock-18,0.9926,100.5
t,3400,none,5700,Desert Eagle,0.0,100.5
t,3400,none,5700,P250,0.0,100.5
t,3400,none,5700,none,0.0,100.5
t,3400,none,5750,Tec-9,0.0132,103.6
t,3400,none,5750,Glock-18,0.9868,103.6
t,3400,none,5750,Desert Eagle,0.0,103.6
t,3400,none,5750,P250,0.0,103.6
t,3400,none,5750,none,0.0,103.6
t,3400,none,5800,Tec-9,0.0151,100.4
t,3400,none,5800,Glock-18,0.9849,100.4
t,3400,none,5800,Desert Eagle,0.0,100.4
t,3400,none,5800,P250,0.0,100.4
t,3400,none,5800,none,0.0,100.4
t,3400,none,5850,Tec-9,0.0125,106.9
t,3400,none,5850,Glock-18,0.9875,106.9
t,3400,none,5850,Desert Eagle,0.0,106.9
t,3400,none,5850,P250,0.0,106.9
t,3400,none,5850,none,0.0,106.9
t,3400,none,5900,Tec-9,0.0096,102.1
t,3400,none,5900,Glock-18,0.9904,102.1
t,3400,none,5900,Desert Eagle,0.0,102.1
t,3400,none,5900,P250,0.0,102.1
t,3400,none,5900,none,0.0,102.1
t,3400,none,5950,Tec-9,0.0069,101.8
t,3400,none,5950,Glock-18,0.9931,101.8
t,3400,none,5950,Desert Eagle,0.0,101.8
t,3400,none,5950,P250,0.0,101.8
t,3400,none,5950,none,0.0,101.8
t,3400,none,6000,Tec-9,0.0062,105.0
t,3400,none,6000,Glock-18,0.9938,105.0
t,3400,none,6000,Desert Eagle,0.0,105.0
t,3400,none,6000,P250,0.0,105.0
t,3400,none,6000,none,0.0,105.0
t,3400,none,6050,Tec-9,0.0049,106.4
t,3400,none,6050,Glock-18,0.9951,106.4
t,3400,none,6050,Desert Eagle,0.0,106.4
t,3400,none,6050,P250,0.0,106.4
t,3400,none,6050,none,0.0,106.4
t,3400,none,6100,Tec-9,0.0049,106.1
t,3400,none,6100,Glock-18,0.9951,106.1
t,3400,none,6100,Desert Eagle,0.0,106.1
t,3400,none,6100,P250,0.0,106.1
t,3400,none,6100,none,0.0,106.1
t,3400,none,6150,Tec-9,0.0074,103.3
t,3400,none,6150,Glock-18,0.9926,103.3
t,3400,none,6150,Desert Eagle,0.0,103.3
t,3400,none,6150,P250,0.0,103.3
t,3400,none,6150,none,0.0,103.3
t,3400,none,6200,Tec-9,0.0105,100.4
t,3400,none,6200,Glock-18,0.9895,100.4
t,3400,none,6200,Desert Eagle,0.0,100.4
t,3400,none,6200,P250,0.0,100.4
t,3400,none,6200,none,0.0,100.4
t,3400,none,6250,Tec-9,0.012,105.1
t,3400,none,6250,Glock-18,0.988,105.1
t,3400,none,6250,Desert Eagle,0.0,105.1
t,3400,none,6250,P250,0.0,105.1
t,3400,none,6250,none,0.0,105.1
t,3400,none,6300,Tec-9,0.0137,100.8
t,3400,none,6300,Glock-18,0.9863,100.8
t,3400,none,6300,Desert Eagle,0.0,100.8
t,3400,none,6300,P250,0.0,100.8
t,3400,none,6300,none,0.0,100.8
t,3400,none,6350,Tec-9,0.0141,104.0
t,3400,none,6350,Glock-18,0.9859,104.0
t,3400,none,6350,Desert Eagle,0.0,104.0
t,3400,none,6350,P250,0.0,104.0
t,3400,none,6350,none,0.0,104.0
t,3400,none,6400,Tec-9,0.0144,102.5
t,3400,none,6400,Glock-18,0.9856,102.5
t,3400,none,6400,Desert Eagle,0.0,102.5
t,3400,none,6400,P250,0.0,102.5
t,3400,none,6400,none,0.0,102.5
t,3400,none,6450,Tec-9,0.0132,102.0
t,3400,none,6450,Glock-18,0.9868,102.0
t,3400,none,6450,Desert Eagle,0.0,102.0
t,3400,none,6450,P250,0.0,102.0
t,3400,none,6450,none,0.0,102.0
t,3400,none,6500,Tec-9,0.0126,101.9
t,3400,none,6500,Glock-18,0.9874,101.9
t,3400,none,6500,Desert Eagle,0.0,101.9
t,3400,none,6500,P250,0.0,101.9
t,3400,none,6500,none,0.0,101.9
t,3400,none,6550,Tec-9,0.0121,100.8
t,3400,none,6550,Glock-18,0.9879,100.8
t,3400,none,6550,Desert Eagle,0.0,100.8
t,3400,none,6550,P250,0.0,100.8
t,3400,none,6550,none,0.0,100.8
t,3400,none,6600,Tec-9,0.0116,100.0
t,3400,none,6600,Glock-18,0.9884,100.0
t,3400,none,6600,Desert Eagle,0.0,100.0
t,3400,none,6600,P250,0.0,100.0
t,3400,none,6600,none,0.0,100.0
t,3400,none,6650,Tec-9,0.0099,100.5
t,3400,none,6650,Glock-18,0.9901,100.5
t,3400,none,6650,Desert Eagle,0.0,100.5
t,3400,none,6650,P250,0.0,100.5
t,3400,none,6650,none,0.0,100.5
t,3400,none,6700,Tec-9,0.0095,103.9
t,3400,none,6700,Glock-18,0.9905,103.9
t,3400,none,6700,Desert Eagle,0.0,103.9
t,3400,none,6700,P250,0.0,103.9
t,3400,none,6700,none,0.0,103.9
t,3400,none,6750,Tec-9,0.009,103.7
t,3400,none,6750,Glock-18,0.991,103.7
t,3400,none,6750,Desert Eagle,0.0,103.7
t,3400,none,6750,P250,0.0,103.7
t,3400,none,6750,none,0.0,103.7
t,3400,none,6800,Tec-9,0.0087,102.9
t,3400,none,6800,Glock-18,0.9913,102.9
t,3400,none,6800,Desert Eagle,0.0,102.9
t,3400,none,6800,P250,0.0,102.9
t,3400,none,6800,none,0.0,102.9
t,3400,none,6850,Tec-9,0.0061,100.0
t,3400,none,6850,Glock-18,0.9785,100.0
t,3400,none,6850,Desert Eagle,0.0,100.0
t,3400,none,6850,P250,0.0153,100.0
t,3400,none,6850,none,0.0,100.0
t,3400,none,6900,Tec-9,0.0059,103.1
t,3400,none,6900,Glock-18,0.979,103.1
t,3400,none,6900,Desert Eagle,0.0,103.1
t,3400,none,6900,P250,0.0151,103.1
t,3400,none,6900,none,0.0,103.1
t,3400,none,6950,Tec-9,0.0056,103.1
t,3400,none,6950,Glock-18,0.9793,103.1
t,3400,none,6950,Desert Eagle,0.0,103.1
t,3400,none,6950,P250,0.0151,103.1
t,3400,none,6950,none,0.0,103.1
t,3400,none,7000,Tec-9,0.0053,102.1
t,3400,none,7000,Glock-18,0.9796,102.1
t,3400,none,7000,Desert Eagle,0.0,102.1
t,3400,none,7000,P250,0.0151,102.1
t,3400,none,7000,none,0.0,102.1
t,3400,none,7050,Tec-9,0.0051,101.1
t,3400,none,7050,Glock-18,0.9799,101.1
t,3400,none,7050,Desert Eagle,0.0,101.1
t,3400,none,7050,P250,0.015,101.1
t,3400,none,7050,none,0.0,101.1
t,3400,none,7100,Tec-9,0.005,100.3
t,3400,none,7100,Glock-18,0.9802,100.3
t,3400,none,7100,Desert Eagle,0.0,100.3
t,3400,none,7100,P250,0.0148,100.3
t,3400,none,7100,none,0.0,100.3
t,3400,none,7150,Tec-9,0.005,103.7
t,3400,none,7150,Glock-18,0.9808,103.7
t,3400,none,7150,Desert Eagle,0.0,103.7
t,3400,none,7150,P250,0.0142,103.7
t,3400,none,7150,none,0.0,103.7
t,3400,none,7200,Tec-9,0.0046,95.0
t,3400,none,7200,Glock-18,0.9807,95.0
t,3400,none,7200,Desert Eagle,0.0,95.0
t,3400,none,7200,P250,0.0147,95.0
t,3400,none,7200,none,0.0,95.0
t,3400,none,7250,Tec-9,0.0042,87.0
t,3400,none,7250,Glock-18,0.9807,87.0
t,3400,none,7250,Desert Eagle,0.0,87.0
t,3400,none,7250,P250,0.0151,87.0
t,3400,none,7250,none,0.0,87.0
t,3400,none,7300,Tec-9,0.0038,79.7
t,3400,none,7300,Glock-18,0.9808,79.7
t,3400,none,7300,Desert Eagle,0.0,79.7
t,3400,none,7300,P250,0.0154,79.7
t,3400,none,7300,none,0.0,79.7
t,3400,none,7350,Tec-9,0.0034,72.9
t,3400,none,7350,Glock-18,0.981,72.9
t,3400,none,7350,Desert Eagle,0.0,72.9
t,3400,none,7350,P250,0.0156,72.9
t,3400,none,7350,none,0.0,72.9
t,3400,none,7400,Tec-9,0.003,66.8
t,3400,none,7400,Glock-18,0.9812,66.8
t,3400,none,7400,Desert Eagle,0.0,66.8
t,3400,none,7400,P250,0.0157,66.8
t,3400,none,7400,none,0.0,66.8
t,3400,none,7450,Tec-9,0.0027,61.1
t,3400,none,7450,Glock-18,0.9816,61.1
t,3400,none,7450,Desert Eagle,0.0,61.1
t,3400,none,7450,P250,0.0157,61.1
t,3400,none,7450,none,0.0,61.1
t,3400,none,7500,Tec-9,0.0024,55.9
t,3400,none,7500,Glock-18,0.9821,55.9
t,3400,none,7500,Desert Eagle,0.0,55.9
t,3400,none,7500,P250,0.0155,55.9
t,3400,none,7500,none,0.0,55.9
t,3400,none,7550,Tec-9,0.0021,51.1
t,3400,none,7550,Glock-18,0.9827,51.1
t,3400,none,7550,Desert Eagle,0.0,51.1
t,3400,none,7550,P250,0.0153,51.1
t,3400,none,7550,none,0.0,51.1
t,3400,none,7600,Tec-9,0.0018,46.6
t,3400,none,7600,Glock-18,0.9833,46.6
t,3400,none,7600,Desert Eagle,0.0,46.6
t,3400,none,7600,P250,0.0149,46.6
t,3400,none,7600,none,0.0,46.6
ct,1400,none,2250,USP-S,0.6297,20.1
ct,1400,none,2250,P2000,0.0056,20.1
ct,1400,none,2250,Five-SeveN,0.0822,20.1
ct,1400,none,2250,Dual Berettas,0.1898,20.1
ct,1400,none,2250,Desert Eagle,0.0203,20.1
ct,1400,none,2250,none,0.0,20.1
ct,1400,none,2250,Tec-9,0.0723,20.1
ct,1400,none,2300,USP-S,0.6469,24.5
ct,1400,none,2300,Desert Eagle,0.0553,24.5
ct,1400,none,2300,P2000,0.0052,24.5
ct,1400,none,2300,Five-SeveN,0.0694,24.5
ct,1400,none,2300,Dual Berettas,0.1626,24.5
ct,1400,none,2300,none,0.0,24.5
ct,1400,none,2300,Tec-9,0.0606,24.5
ct,1400,none,2350,USP-S,0.6476,25.0
ct,1400,none,2350,Desert Eagle,0.0562,25.0
ct,1400,none,2350,P2000,0.0056,25.0
ct,1400,none,2350,Five-SeveN,0.0685,25.0
ct,1400,none,2350,Dual Berettas,0.1628,25.0
ct,1400,none,2350,none,0.0,25.0
ct,1400,none,2350,Tec-9,0.0593,25.0
ct,1400,none,2400,USP-S,0.6552,26.5
ct,1400,none,2400,Desert Eagle,0.056,26.5
ct,1400,none,2400,P2000,0.0059,26.5
ct,1400,none,2400,Five-SeveN,0.0663,26.5
ct,1400,none,2400,Dual Berettas,0.1598,26.5
ct,1400,none,2400,none,0.0,26.5
ct,1400,none,2400,Tec-9,0.0568,26.5
ct,1400,none,2450,USP-S,0.6562,27.2
ct,1400,none,2450,Desert Eagle,0.0569,27.2
ct,1400,none,2450,P2000,0.0064,27.2
ct,1400,none,2450,Five-SeveN,0.0654,27.2
ct,1400,none,2450,Dual Berettas,0.1598,27.2
ct,1400,none,2450,none,0.0,27.2
ct,1400,none,2450,Tec-9,0.0554,27.2
ct,1400,none,2500,USP-S,0.6495,29.1
ct,1400,none,2500,Desert Eagle,0.0563,29.1
ct,1400,none,2500,P2000,0.0066,29.1
ct,1400,none,2500,Dual Berettas,0.1554,29.1
ct,1400,none,2500,Five-SeveN,0.0797,29.1
ct,1400,none,2500,none,0.0,29.1
ct,1400,none,2500,Tec-9,0.0525,29.1
ct,1400,none,2550,USP-S,0.6299,34.4
ct,1400,none,2550,Desert Eagle,0.0489,34.4
ct,1400,none,2550,P2000,0.0061,34.4
ct,1400,none,2550,Dual Berettas,0.1338,34.4
ct,1400,none,2550,Five-SeveN,0.0915,34.4
ct,1400,none,2550,Glock-18,0.046,34.4
ct,1400,none,2550,none,0.0,34.4
ct,1400,none,2550,Tec-9,0.0438,34.4
ct,1400,none,2600,USP-S,0.6168,36.4
ct,1400,none,2600,Desert Eagle,0.0485,36.4
ct,1400,none,2600,P2000,0.0064,36.4
ct,1400,none,2600,Dual Berettas,0.1306,36.4
ct,1400,none,2600,Five-SeveN,0.089,36.4
ct,1400,none,2600,Glock-18,0.0671,36.4
ct,1400,none,2600,none,0.0,36.4
ct,1400,none,2600,Tec-9,0.0416,36.4
ct,1400,none,2650,USP-S,0.6183,37.4
ct,1400,none,2650,Desert Eagle,0.0493,37.4
ct,1400,none,2650,P2000,0.0069,37.4
ct,1400,none,2650,Dual Berettas,0.1304,37.4
ct,1400,none,2650,Five-SeveN,0.0885,37.4
ct,1400,none,2650,Glock-18,0.0662,37.4
ct,1400,none,2650,none,0.0,37.4
ct,1400,none,2650,Tec-9,0.0404,37.4
ct,1400,none,2700,USP-S,0.6276,42.8
ct,1400,none,2700,Desert Eagle,0.046,42.8
ct,1400,none,2700,P2000,0.021,42.8
ct,1400,none,2700,Dual Berettas,0.1196,42.8
ct,1400,none,2700,Five-SeveN,0.09,42.8
ct,1400,none,2700,Glock-18,0.0599,42.8
ct,1400,none,2700,none,0.0,42.8
ct,1400,none,2700,Tec-9,0.036,42.8
ct,1400,none,2750,USP-S,0.6479,46.8
ct,1400,none,2750,Desert Eagle,0.0442,46.8
ct,1400,none,2750,P2000,0.0206,46.8
ct,1400,none,2750,Dual Berettas,0.1131,46.8
ct,1400,none,2750,Five-SeveN,0.0852,46.8
ct,1400,none,2750,Glock-18,0.0559,46.8
ct,1400,none,2750,none,0.0,46.8
ct,1400,none,2750,Tec-9,0.0331,46.8
ct,1400,none,2800,USP-S,0.6549,49.3
ct,1400,none,2800,Desert Eagle,0.0439,49.3
ct,1400,none,2800,P2000,0.0209,49.3
ct,1400,none,2800,Dual Berettas,0.1121,49.3
ct,1400,none,2800,Five-SeveN,0.0831,49.3
ct,1400,none,2800,Glock-18,0.0538,49.3
ct,1400,none,2800,none,0.0,49.3
ct,1400,none,2800,Tec-9,0.0313,49.3
ct,1400,none,2850,USP-S,0.6644,54.8
ct,1400,none,2850,Desert Eagle,0.0421,54.8
ct,1400,none,2850,P2000,0.0204,54.8
ct,1400,none,2850,Dual Berettas,0.1165,54.8
ct,1400,none,2850,Five-SeveN,0.0782,54.8
ct,1400,none,2850,Glock-18,0.0499,54.8
ct,1400,none,2850,none,0.0,54.8
ct,1400,none,2850,Tec-9,0.0285,54.8
ct,1400,none,2900,USP-S,0.6735,57.9
ct,1400,none,2900,Desert Eagle,0.0416,57.9
ct,1400,none,2900,P2000,0.0205,57.9
ct,1400,none,2900,Dual Berettas,0.1137,57.9
ct,1400,none,2900,Five-SeveN,0.076,57.9
ct,1400,none,2900,Glock-18,0.0478,57.9
ct,1400,none,2900,none,0.0,57.9
ct,1400,none,2900,Tec-9,0.0268,57.9
ct,1400,none,2950,USP-S,0.6816,61.6
ct,1400,none,2950,Desert Eagle,0.0413,61.6
ct,1400,none,2950,P2000,0.0207,61.6
ct,1400,none,2950,Dual Berettas,0.1112,61.6
ct,1400,none,2950,Five-SeveN,0.0739,61.6
ct,1400,none,2950,Glock-18,0.046,61.6
ct,1400,none,2950,none,0.0,61.6
ct,1400,none,2950,Tec-9,0.0253,61.6
ct,1400,none,3000,USP-S,0.6807,66.6
ct,1400,none,3000,Desert Eagle,0.04,66.6
ct,1400,none,3000,P2000,0.0368,66.6
ct,1400,none,3000,Dual Berettas,0.1061,66.6
ct,1400,none,3000,Five-SeveN,0.0702,66.6
ct,1400,none,3000,Glock-18,0.043,66.6
ct,1400,none,3000,none,0.0,66.6
ct,1400,none,3000,Tec-9,0.0232,66.6
ct,1400,none,3050,USP-S,0.7149,74.9
ct,1400,none,3050,Desert Eagle,0.0361,74.9
ct,1400,none,3050,P2000,0.0353,74.9
ct,1400,none,3050,Dual Berettas,0.0943,74.9
ct,1400,none,3050,Five-SeveN,0.0621,74.9
ct,1400,none,3050,Glock-18,0.0376,74.9
ct,1400,none,3050,none,0.0,74.9
ct,1400,none,3050,Tec-9,0.0198,74.9
ct,1400,none,3100,USP-S,0.7163,79.5
ct,1400,none,3100,Desert Eagle,0.0357,79.5
ct,1400,none,3100,P2000,0.0351,79.5
ct,1400,none,3100,Dual Berettas,0.0981,79.5
ct,1400,none,3100,Five-SeveN,0.0602,79.5
ct,1400,none,3100,Glock-18,0.036,79.5
ct,1400,none,3100,none,0.0,79.5
ct,1400,none,3100,Tec-9,0.0186,79.5
ct,1400,none,3150,USP-S,0.7166,81.6
ct,1400,none,3150,Desert Eagle,0.0363,81.6
ct,1400,none,3150,P2000,0.0357,81.6
ct,1400,none,3150,Dual Berettas,0.0984,81.6
ct,1400,none,3150,Five-SeveN,0.0599,81.6
ct,1400,none,3150,Glock-18,0.0353,81.6
ct,1400,none,3150,none,0.0,81.6
ct,1400,none,3150,Tec-9,0.0178,81.6
ct,1400,none,3200,USP-S,0.7274,86.1
ct,1400,none,3200,Desert Eagle,0.0355,86.1
ct,1400,none,3200,P2000,0.035,86.1
ct,1400,none,3200,Dual Berettas,0.0951,86.1
ct,1400,none,3200,Five-SeveN,0.0573,86.1
ct,1400,none,3200,Glock-18,0.0334,86.1
ct,1400,none,3200,none,0.0,86.1
ct,1400,none,3200,Tec-9,0.0164,86.1
ct,1400,none,3250,USP-S,0.7594,99.1
ct,1400,none,3250,Desert Eagle,0.0318,99.1
ct,1400,none,3250,P2000,0.0315,99.1
ct,1400,none,3250,Dual Berettas,0.0842,99.1
ct,1400,none,3250,Five-SeveN,0.0502,99.1
ct,1400,none,3250,Glock-18,0.0289,99.1
ct,1400,none,3250,none,0.0,99.1
ct,1400,none,3250,Tec-9,0.0138,99.1
ct,1400,none,3300,USP-S,0.7623,101.0
ct,1400,none,3300,Desert Eagle,0.0294,101.0
ct,1400,none,3300,P2000,0.029,101.0
ct,1400,none,3300,Dual Berettas,0.0901,101.0
ct,1400,none,3300,Five-SeveN,0.0479,101.0
ct,1400,none,3300,Glock-18,0.0277,101.0
ct,1400,none,3300,none,0.0,101.0
ct,1400,none,3300,Tec-9,0.0136,101.0
ct,1400,none,3350,USP-S,0.794,101.6
ct,1400,none,3350,Desert Eagle,0.013,101.6
ct,1400,none,3350,P2000,0.0385,101.6
ct,1400,none,3350,Dual Berettas,0.0571,101.6
ct,1400,none,3350,Five-SeveN,0.0278,101.6
ct,1400,none,3350,Glock-18,0.0447,101.6
ct,1400,none,3350,P250,0.0124,101.6
ct,1400,none,3350,none,0.0,101.6
ct,1400,none,3350,Tec-9,0.0124,101.6
ct,1400,none,3400,USP-S,0.7821,100.5
ct,1400,none,3400,Desert Eagle,0.0116,100.5
ct,1400,none,3400,P2000,0.0363,100.5
ct,1400,none,3400,Dual Berettas,0.0524,100.5
ct,1400,none,3400,Five-SeveN,0.0486,100.5
ct,1400,none,3400,Glock-18,0.0441,100.5
ct,1400,none,3400,CZ75-Auto,0.0,100.5
ct,1400,none,3400,P250,0.0124,100.5
ct,1400,none,3400,none,0.0,100.5
ct,1400,none,3400,Tec-9,0.0124,100.5
ct,1400,none,3450,USP-S,0.8137,102.7
ct,1400,none,3450,Desert Eagle,0.0058,102.7
ct,1400,none,3450,P2000,0.0373,102.7
ct,1400,none,3450,Dual Berettas,0.0493,102.7
ct,1400,none,3450,Five-SeveN,0.0348,102.7
ct,1400,none,3450,Glock-18,0.0367,102.7
ct,1400,none,3450,CZ75-Auto,0.0,102.7
ct,1400,none,3450,P250,0.0112,102.7
ct,1400,none,3450,none,0.0,102.7
ct,1400,none,3450,Tec-9,0.0112,102.7
ct,1400,none,3500,USP-S,0.7998,105.4
ct,1400,none,3500,Desert Eagle,0.0051,105.4
ct,1400,none,3500,P2000,0.0351,105.4
ct,1400,none,3500,Five-SeveN,0.0471,105.4
ct,1400,none,3500,Dual Berettas,0.0446,105.4
ct,1400,none,3500,Glock-18,0.0461,105.4
ct,1400,none,3500,CZ75-Auto,0.0,105.4
ct,1400,none,3500,P250,0.0111,105.4
ct,1400,none,3500,none,0.0,105.4
ct,1400,none,3500,Tec-9,0.0111,105.4
ct,1400,none,3550,USP-S,0.8082,127.4
ct,1400,none,3550,P2000,0.0224,127.4
ct,1400,none,3550,Desert Eagle,0.0071,127.4
ct,1400,none,3550,Dual Berettas,0.0431,127.4
ct,1400,none,3550,Five-SeveN,0.0686,127.4
ct,1400,none,3550,Glock-18,0.0359,127.4
ct,1400,none,3550,CZ75-Auto,0.0,127.4
ct,1400,none,3550,P250,0.0083,127.4
ct,1400,none,3550,none,0.0,127.4
ct,1400,none,3550,Tec-9,0.0064,127.4
ct,1400,none,3600,USP-S,0.7572,149.4
ct,1400,none,3600,P2000,0.0157,149.4
ct,1400,none,3600,Desert Eagle,0.0155,149.4
ct,1400,none,3600,Dual Berettas,0.1025,149.4
ct,1400,none,3600,Five-SeveN,0.0685,149.4
ct,1400,none,3600,Glock-18,0.0312,149.4
ct,1400,none,3600,CZ75-Auto,0.0,149.4
ct,1400,none,3600,P250,0.0094,149.4
ct,1400,none,3600,none,0.0,149.4
ct,1400,none,3600,Tec-9,0.0,149.4
ct,1400,none,3650,USP-S,0.7275,186.2
ct,1400,none,3650,P2000,0.0271,186.2
ct,1400,none,3650,Desert Eagle,0.0111,186.2
ct,1400,none,3650,Dual Berettas,0.1627,186.2
ct,1400,none,3650,Five-SeveN,0.0226,186.2
ct,1400,none,3650,Glock-18,0.0327,186.2
ct,1400,none,3650,CZ75-Auto,0.0,186.2
ct,1400,none,3650,P250,0.0162,186.2
ct,1400,none,3650,none,0.0,186.2
ct,1400,none,3650,Tec-9,0.0,186.2
ct,1400,none,3700,USP-S,0.7625,169.9
ct,1400,none,3700,P2000,0.0268,169.9
ct,1400,none,3700,Desert Eagle,0.0091,169.9
ct,1400,none,3700,Dual Berettas,0.1385,169.9
ct,1400,none,3700,Five-SeveN,0.0226,169.9
ct,1400,none,3700,Glock-18,0.0269,169.9
ct,1400,none,3700,CZ75-Auto,0.0,169.9
ct,1400,none,3700,P250,0.0135,169.9
ct,1400,none,3700,none,0.0,169.9
ct,1400,none,3700,Tec-9,0.0,169.9
ct,1400,none,3750,USP-S,0.8345,119.5
ct,1400,none,3750,P2000,0.0272,119.5
ct,1400,none,3750,Desert Eagle,0.0128,119.5
ct,1400,none,3750,Dual Berettas,0.0539,119.5
ct,1400,none,3750,Five-SeveN,0.0236,119.5
ct,1400,none,3750,P250,0.0261,119.5
ct,1400,none,3750,Glock-18,0.0219,119.5
ct,1400,none,3750,CZ75-Auto,0.0,119.5
ct,1400,none,3750,none,0.0,119.5
ct,1400,none,3750,Tec-9,0.0,119.5
ct,1400,none,3800,USP-S,0.8451,121.1
ct,1400,none,3800,P2000,0.0259,121.1
ct,1400,none,3800,Desert Eagle,0.0203,121.1
ct,1400,none,3800,Dual Berettas,0.0299,121.1
ct,1400,none,3800,Five-SeveN,0.0385,121.1
ct,1400,none,3800,P250,0.0254,121.1
ct,1400,none,3800,Glock-18,0.0149,121.1
ct,1400,none,3800,CZ75-Auto,0.0,121.1
ct,1400,none,3800,none,0.0,121.1
ct,1400,none,3800,Tec-9,0.0,121.1
ct,1400,none,3850,USP-S,0.8606,111.9
ct,1400,none,3850,Dual Berettas,0.0078,111.9
ct,1400,none,3850,P2000,0.032,111.9
ct,1400,none,3850,Desert Eagle,0.0071,111.9
ct,1400,none,3850,Five-SeveN,0.078,111.9
ct,1400,none,3850,P250,0.0108,111.9
ct,1400,none,3850,Glock-18,0.0036,111.9
ct,1400,none,3850,CZ75-Auto,0.0,111.9
ct,1400,none,3850,none,0.0,111.9
ct,1400,none,3850,Tec-9,0.0,111.9
ct,1400,none,3900,USP-S,0.9102,114.6
ct,1400,none,3900,Five-SeveN,0.0304,114.6
ct,1400,none,3900,Dual Berettas,0.0082,114.6
ct,1400,none,3900,P2000,0.0394,114.6
ct,1400,none,3900,Desert Eagle,0.0008,114.6
ct,1400,none,3900,P250,0.0106,114.6
ct,1400,none,3900,Glock-18,0.0004,114.6
ct,1400,none,3900,CZ75-Auto,0.0,114.6
ct,1400,none,3900,none,0.0,114.6
ct,1400,none,3900,Tec-9,0.0,114.6
ct,1400,none,3950,USP-S,0.7736,178.6
ct,1400,none,3950,Five-SeveN,0.0065,178.6
ct,1400,none,3950,Dual Berettas,0.1553,178.6
ct,1400,none,3950,P2000,0.024,178.6
ct,1400,none,3950,Desert Eagle,0.0115,178.6
ct,1400,none,3950,P250,0.0175,178.6
ct,1400,none,3950,Glock-18,0.0115,178.6
ct,1400,none,3950,CZ75-Auto,0.0,178.6
ct,1400,none,3950,none,0.0,178.6
ct,1400,none,3950,Tec-9,0.0,178.6
ct,1400,none,4000,USP-S,0.8178,157.8
ct,1400,none,4000,Five-SeveN,0.0044,157.8
ct,1400,none,4000,Dual Berettas,0.1224,157.8
ct,1400,none,4000,P2000,0.0171,157.8
ct,1400,none,4000,Desert Eagle,0.0086,157.8
ct,1400,none,4000,P250,0.0212,157.8
ct,1400,none,4000,Glock-18,0.0085,157.8
ct,1400,none,4000,CZ75-Auto,0.0,157.8
ct,1400,none,4000,none,0.0,157.8
ct,1400,none,4000,Tec-9,0.0,157.8
ct,1400,none,4050,USP-S,0.8582,150.6
ct,1400,none,4050,Five-SeveN,0.0062,150.6
ct,1400,none,4050,Dual Berettas,0.0598,150.6
ct,1400,none,4050,P2000,0.0166,150.6
ct,1400,none,4050,Desert Eagle,0.0247,150.6
ct,1400,none,4050,P250,0.0251,150.6
ct,1400,none,4050,Glock-18,0.0091,150.6
ct,1400,none,4050,CZ75-Auto,0.0002,150.6
ct,1400,none,4050,none,0.0,150.6
ct,1400,none,4050,Tec-9,0.0,150.6
ct,1400,none,4100,USP-S,0.87,108.5
ct,1400,none,4100,Five-SeveN,0.0276,108.5
ct,1400,none,4100,Dual Berettas,0.0155,108.5
ct,1400,none,4100,P2000,0.0059,108.5
ct,1400,none,4100,Desert Eagle,0.046,108.5
ct,1400,none,4100,P250,0.0107,108.5
ct,1400,none,4100,Glock-18,0.0233,108.5
ct,1400,none,4100,CZ75-Auto,0.001,108.5
ct,1400,none,4100,none,0.0,108.5
ct,1400,none,4100,Tec-9,0.0,108.5
ct,1400,none,4150,USP-S,0.7829,119.0
ct,1400,none,4150,Five-SeveN,0.078,119.0
ct,1400,none,4150,Dual Berettas,0.0562,119.0
ct,1400,none,4150,P2000,0.0071,119.0
ct,1400,none,4150,Desert Eagle,0.0507,119.0
ct,1400,none,4150,P250,0.0011,119.0
ct,1400,none,4150,Glock-18,0.012,119.0
ct,1400,none,4150,CZ75-Auto,0.012,119.0
ct,1400,none,4150,none,0.0,119.0
ct,1400,none,4150,Tec-9,0.0,119.0
ct,1400,none,4200,USP-S,0.7677,103.9
ct,1400,none,4200,Five-SeveN,0.0328,103.9
ct,1400,none,4200,Dual Berettas,0.1352,103.9
ct,1400,none,4200,P2000,0.0324,103.9
ct,1400,none,4200,Desert Eagle,0.0114,103.9
ct,1400,none,4200,P250,0.0,103.9
ct,1400,none,4200,Glock-18,0.0004,103.9
ct,1400,none,4200,CZ75-Auto,0.0201,103.9
ct,1400,none,4200,none,0.0,103.9
ct,1400,none,4200,Tec-9,0.0,103.9
ct,1400,none,4250,USP-S,0.7327,112.7
ct,1400,none,4250,Five-SeveN,0.0104,112.7
ct,1400,none,4250,Dual Berettas,0.1529,112.7
ct,1400,none,4250,P2000,0.0474,112.7
ct,1400,none,4250,Desert Eagle,0.0096,112.7
ct,1400,none,4250,P250,0.0185,112.7
ct,1400,none,4250,Glock-18,0.0277,112.7
ct,1400,none,4250,CZ75-Auto,0.0008,112.7
ct,1400,none,4250,none,0.0,112.7
ct,1400,none,4250,Tec-9,0.0,112.7
ct,1400,none,4300,USP-S,0.7754,113.2
ct,1400,none,4300,Five-SeveN,0.0074,113.2
ct,1400,none,4300,Dual Berettas,0.1291,113.2
ct,1400,none,4300,P2000,0.0339,113.2
ct,1400,none,4300,Desert Eagle,0.0136,113.2
ct,1400,none,4300,P250,0.0202,113.2
ct,1400,none,4300,Glock-18,0.0202,113.2
ct,1400,none,4300,CZ75-Auto,0.0002,113.2
ct,1400,none,4300,none,0.0,113.2
ct,1400,none,4300,Tec-9,0.0,113.2
ct,1400,none,4350,USP-S,0.7822,125.8
ct,1400,none,4350,Five-SeveN,0.032,125.8
ct,1400,none,4350,Dual Berettas,0.1012,125.8
ct,1400,none,4350,P2000,0.0175,125.8
ct,1400,none,4350,Desert Eagle,0.0362,125.8
ct,1400,none,4350,P250,0.0196,125.8
ct,1400,none,4350,Glock-18,0.0101,125.8
ct,1400,none,4350,CZ75-Auto,0.0011,125.8
ct,1400,none,4350,none,0.0,125.8
ct,1400,none,4350,Tec-9,0.0,125.8
ct,1400,none,4400,USP-S,0.8119,100.6
ct,1400,none,4400,Five-SeveN,0.0439,100.6
ct,1400,none,4400,Dual Berettas,0.0747,100.6
ct,1400,none,4400,P2000,0.004,100.6
ct,1400,none,4400,Desert Eagle,0.0449,100.6
ct,1400,none,4400,P250,0.015,100.6
ct,1400,none,4400,Glock-18,0.0055,100.6
ct,1400,none,4400,CZ75-Auto,0.0001,100.6
ct,1400,none,4400,none,0.0,100.6
ct,1400,none,4400,Tec-9,0.0,100.6
ct,1400,none,4450,USP-S,0.7663,108.7
ct,1400,none,4450,Five-SeveN,0.0327,108.7
ct,1400,none,4450,Dual Berettas,0.1212,108.7
ct,1400,none,4450,P2000,0.006,108.7
ct,1400,none,4450,Desert Eagle,0.047,108.7
ct,1400,none,4450,P250,0.0156,108.7
ct,1400,none,4450,Glock-18,0.011,108.7
ct,1400,none,4450,CZ75-Auto,0.0,108.7
ct,1400,none,4450,none,0.0,108.7
ct,1400,none,4450,Tec-9,0.0,108.7
ct,1400,none,4500,USP-S,0.7405,111.0
ct,1400,none,4500,Five-SeveN,0.0059,111.0
ct,1400,none,4500,Dual Berettas,0.1651,111.0
ct,1400,none,4500,P2000,0.0309,111.0
ct,1400,none,4500,Desert Eagle,0.0245,111.0
ct,1400,none,4500,P250,0.022,111.0
ct,1400,none,4500,Glock-18,0.011,111.0
ct,1400,none,4500,CZ75-Auto,0.0,111.0
ct,1400,none,4500,none,0.0,111.0
ct,1400,none,4500,Tec-9,0.0,111.0
ct,1400,none,4550,USP-S,0.7501,106.6
ct,1400,none,4550,Five-SeveN,0.0075,106.6
ct,1400,none,4550,Dual Berettas,0.168,106.6
ct,1400,none,4550,P2000,0.0424,106.6
ct,1400,none,4550,Desert Eagle,0.0106,106.6
ct,1400,none,4550,P250,0.0143,106.6
ct,1400,none,4550,Glock-18,0.0071,106.6
ct,1400,none,4550,CZ75-Auto,0.0,106.6
ct,1400,none,4550,none,0.0,106.6
ct,1400,none,4550,Tec-9,0.0,106.6
ct,1400,none,4600,USP-S,0.7643,109.7
ct,1400,none,4600,Five-SeveN,0.0177,109.7
ct,1400,none,4600,Dual Berettas,0.1365,109.7
ct,1400,none,4600,P2000,0.0375,109.7
ct,1400,none,4600,Desert Eagle,0.018,109.7
ct,1400,none,4600,P250,0.0209,109.7
ct,1400,none,4600,Glock-18,0.005,109.7
ct,1400,none,4600,CZ75-Auto,0.0,109.7
ct,1400,none,4600,none,0.0,109.7
ct,1400,none,4600,Tec-9,0.0,109.7
ct,1400,none,4650,USP-S,0.7561,103.1
ct,1400,none,4650,Five-SeveN,0.0493,103.1
ct,1400,none,4650,Dual Berettas,0.0943,103.1
ct,1400,none,4650,P2000,0.0268,103.1
ct,1400,none,4650,Desert Eagle,0.033,103.1
ct,1400,none,4650,P250,0.0233,103.1
ct,1400,none,4650,Glock-18,0.003,103.1
ct,1400,none,4650,CZ75-Auto,0.0142,103.1
ct,1400,none,4650,none,0.0,103.1
ct,1400,none,4650,Tec-9,0.0,103.1
ct,1400,none,4700,USP-S,0.7925,113.2
ct,1400,none,4700,Five-SeveN,0.06,113.2
ct,1400,none,4700,Dual Berettas,0.0687,113.2
ct,1400,none,4700,P2000,0.0225,113.2
ct,1400,none,4700,Desert Eagle,0.0283,113.2
ct,1400,none,4700,P250,0.0136,113.2
ct,1400,none,4700,Glock-18,0.0011,113.2
ct,1400,none,4700,CZ75-Auto,0.0133,113.2
ct,1400,none,4700,none,0.0,113.2
ct,1400,none,4700,Tec-9,0.0,113.2
ct,1400,none,4750,USP-S,0.7467,106.1
ct,1400,none,4750,Five-SeveN,0.0749,106.1
ct,1400,none,4750,Dual Berettas,0.1056,106.1
ct,1400,none,4750,P2000,0.0178,106.1
ct,1400,none,4750,Desert Eagle,0.0348,106.1
ct,1400,none,4750,P250,0.0085,106.1
ct,1400,none,4750,Glock-18,0.0005,106.1
ct,1400,none,4750,CZ75-Auto,0.0108,106.1
ct,1400,none,4750,none,0.0001,106.1
ct,1400,none,4750,Tec-9,0.0,106.1
ct,1400,none,4800,USP-S,0.7381,102.7
ct,1400,none,4800,Five-SeveN,0.0733,102.7
ct,1400,none,4800,Dual Berettas,0.1248,102.7
ct,1400,none,4800,P2000,0.0161,102.7
ct,1400,none,4800,Desert Eagle,0.0303,102.7
ct,1400,none,4800,P250,0.0068,102.7
ct,1400,none,4800,Glock-18,0.0005,102.7
ct,1400,none,4800,CZ75-Auto,0.0087,102.7
ct,1400,none,4800,none,0.0014,102.7
ct,1400,none,4800,Tec-9,0.0,102.7
ct,1400,none,4850,USP-S,0.7684,106.6
ct,1400,none,4850,Five-SeveN,0.0622,106.6
ct,1400,none,4850,Dual Berettas,0.1176,106.6
ct,1400,none,4850,P2000,0.0122,106.6
ct,1400,none,4850,Desert Eagle,0.0246,106.6
ct,1400,none,4850,P250,0.0045,106.6
ct,1400,none,4850,Glock-18,0.0003,106.6
ct,1400,none,4850,CZ75-Auto,0.0064,106.6
ct,1400,none,4850,none,0.0038,106.6
ct,1400,none,4850,Tec-9,0.0,106.6
ct,1400,none,4900,USP-S,0.8335,107.1
ct,1400,none,4900,Five-SeveN,0.0418,107.1
ct,1400,none,4900,Dual Berettas,0.0922,107.1
ct,1400,none,4900,P2000,0.0064,107.1
ct,1400,none,4900,Desert Eagle,0.0155,107.1
ct,1400,none,4900,P250,0.0016,107.1
ct,1400,none,4900,Glock-18,0.0,107.1
ct,1400,none,4900,CZ75-Auto,0.0032,107.1
ct,1400,none,4900,none,0.0058,107.1
ct,1400,none,4900,Tec-9,0.0,107.1
ct,1400,none,4950,USP-S,0.8293,105.2
ct,1400,none,4950,Five-SeveN,0.0441,105.2
ct,1400,none,4950,Dual Berettas,0.0926,105.2
ct,1400,none,4950,P2000,0.0046,105.2
ct,1400,none,4950,Desert Eagle,0.016,105.2
ct,1400,none,4950,P250,0.001,105.2
ct,1400,none,4950,Glock-18,0.0,105.2
ct,1400,none,4950,CZ75-Auto,0.0022,105.2
ct,1400,none,4950,none,0.0102,105.2
ct,1400,none,4950,Tec-9,0.0,105.2
ct,1400,none,5000,USP-S,0.887,107.7
ct,1400,none,5000,Five-SeveN,0.0225,107.7
ct,1400,none,5000,Dual Berettas,0.0542,107.7
ct,1400,none,5000,P2000,0.0131,107.7
ct,1400,none,5000,Desert Eagle,0.0108,107.7
ct,1400,none,5000,P250,0.0001,107.7
ct,1400,none,5000,Glock-18,0.0,107.7
ct,1400,none,5000,CZ75-Auto,0.0003,107.7
ct,1400,none,5000,none,0.012,107.7
ct,1400,none,5000,Tec-9,0.0,107.7
ct,1400,none,5050,USP-S,0.8672,106.8
ct,1400,none,5050,Five-SeveN,0.0168,106.8
ct,1400,none,5050,Dual Berettas,0.0648,106.8
ct,1400,none,5050,P2000,0.0131,106.8
ct,1400,none,5050,Desert Eagle,0.0139,106.8
ct,1400,none,5050,P250,0.0116,106.8
ct,1400,none,5050,Glock-18,0.0,106.8
ct,1400,none,5050,CZ75-Auto,0.0002,106.8
ct,1400,none,5050,none,0.0126,106.8
ct,1400,none,5050,Tec-9,0.0,106.8
ct,1400,none,5100,USP-S,0.8558,101.1
ct,1400,none,5100,Five-SeveN,0.0203,101.1
ct,1400,none,5100,Dual Berettas,0.0694,101.1
ct,1400,none,5100,P2000,0.0123,101.1
ct,1400,none,5100,Desert Eagle,0.0173,101.1
ct,1400,none,5100,P250,0.0129,101.1
ct,1400,none,5100,Glock-18,0.0,101.1
ct,1400,none,5100,CZ75-Auto,0.0001,101.1
ct,1400,none,5100,none,0.0119,101.1
ct,1400,none,5100,Tec-9,0.0,101.1
ct,1400,none,5150,USP-S,0.8236,104.0
ct,1400,none,5150,Five-SeveN,0.0381,104.0
ct,1400,none,5150,Dual Berettas,0.0849,104.0
ct,1400,none,5150,P2000,0.0105,104.0
ct,1400,none,5150,Desert Eagle,0.0205,104.0
ct,1400,none,5150,P250,0.0121,104.0
ct,1400,none,5150,Glock-18,0.0,104.0
ct,1400,none,5150,CZ75-Auto,0.0001,104.0
ct,1400,none,5150,none,0.0102,104.0
ct,1400,none,5150,Tec-9,0.0,104.0
ct,1400,none,5200,USP-S,0.8802,100.6
ct,1400,none,5200,Five-SeveN,0.0283,100.6
ct,1400,none,5200,Dual Berettas,0.0604,100.6
ct,1400,none,5200,P2000,0.0035,100.6
ct,1400,none,5200,Desert Eagle,0.0164,100.6
ct,1400,none,5200,P250,0.0076,100.6
ct,1400,none,5200,Glock-18,0.0,100.6
ct,1400,none,5200,CZ75-Auto,0.0,100.6
ct,1400,none,5200,none,0.0035,100.6
ct,1400,none,5200,Tec-9,0.0,100.6
ct,1400,none,5250,USP-S,0.9085,104.4
ct,1400,none,5250,Five-SeveN,0.0279,104.4
ct,1400,none,5250,Dual Berettas,0.0403,104.4
ct,1400,none,5250,P2000,0.0011,104.4
ct,1400,none,5250,Desert Eagle,0.0178,104.4
ct,1400,none,5250,P250,0.0033,104.4
ct,1400,none,5250,Glock-18,0.0,104.4
ct,1400,none,5250,CZ75-Auto,0.0,104.4
ct,1400,none,5250,none,0.0011,104.4
ct,1400,none,5250,Tec-9,0.0,104.4
ct,1400,none,5300,USP-S,0.9207,101.8
ct,1400,none,5300,Five-SeveN,0.0282,101.8
ct,1400,none,5300,Dual Berettas,0.0282,101.8
ct,1400,none,5300,P2000,0.0003,101.8
ct,1400,none,5300,Desert Eagle,0.0213,101.8
ct,1400,none,5300,P250,0.0011,101.8
ct,1400,none,5300,Glock-18,0.0,101.8
ct,1400,none,5300,CZ75-Auto,0.0,101.8
ct,1400,none,5300,none,0.0003,101.8
ct,1400,none,5300,Tec-9,0.0,101.8
ct,1400,none,5350,USP-S,0.9165,107.5
ct,1400,none,5350,Five-SeveN,0.0349,107.5
ct,1400,none,5350,Dual Berettas,0.024,107.5
ct,1400,none,5350,P2000,0.0003,107.5
ct,1400,none,5350,Desert Eagle,0.0235,107.5
ct,1400,none,5350,P250,0.0006,107.5
ct,1400,none,5350,Glock-18,0.0,107.5
ct,1400,none,5350,CZ75-Auto,0.0,107.5
ct,1400,none,5350,none,0.0001,107.5
ct,1400,none,5350,Tec-9,0.0,107.5
ct,1400,none,5400,USP-S,0.9204,104.6
ct,1400,none,5400,Five-SeveN,0.0394,104.6
ct,1400,none,5400,Dual Berettas,0.0177,104.6
ct,1400,none,5400,P2000,0.0003,104.6
ct,1400,none,5400,Desert Eagle,0.0221,104.6
ct,1400,none,5400,P250,0.0001,104.6
ct,1400,none,5400,Glock-18,0.0,104.6
ct,1400,none,5400,CZ75-Auto,0.0,104.6
ct,1400,none,5400,none,0.0,104.6
ct,1400,none,5400,Tec-9,0.0,104.6
ct,1400,none,5450,USP-S,0.9238,107.3
ct,1400,none,5450,Five-SeveN,0.0411,107.3
ct,1400,none,5450,Dual Berettas,0.0135,107.3
ct,1400,none,5450,P2000,0.0018,107.3
ct,1400,none,5450,Desert Eagle,0.0198,107.3
ct,1400,none,5450,P250,0.0,107.3
ct,1400,none,5450,Glock-18,0.0,107.3
ct,1400,none,5450,CZ75-Auto,0.0,107.3
ct,1400,none,5450,none,0.0,107.3
ct,1400,none,5450,Tec-9,0.0,107.3
ct,1400,none,5500,USP-S,0.9302,109.2
ct,1400,none,5500,Five-SeveN,0.036,109.2
ct,1400,none,5500,Dual Berettas,0.0096,109.2
ct,1400,none,5500,P2000,0.005,109.2
ct,1400,none,5500,Desert Eagle,0.0192,109.2
ct,1400,none,5500,P250,0.0,109.2
ct,1400,none,5500,Glock-18,0.0,109.2
ct,1400,none,5500,CZ75-Auto,0.0,109.2
ct,1400,none,5500,none,0.0,109.2
ct,1400,none,5500,Tec-9,0.0,109.2
ct,1400,none,5550,USP-S,0.9368,102.3
ct,1400,none,5550,Five-SeveN,0.0291,102.3
ct,1400,none,5550,Dual Berettas,0.0058,102.3
ct,1400,none,5550,P2000,0.0093,102.3
ct,1400,none,5550,Desert Eagle,0.019,102.3
ct,1400,none,5550,P250,0.0,102.3
ct,1400,none,5550,Glock-18,0.0,102.3
ct,1400,none,5550,CZ75-Auto,0.0,102.3
ct,1400,none,5550,none,0.0,102.3
ct,1400,none,5550,Tec-9,0.0,102.3
ct,1400,none,5600,USP-S,0.9442,101.4
ct,1400,none,5600,Five-SeveN,0.0152,101.4
ct,1400,none,5600,Dual Berettas,0.0012,101.4
ct,1400,none,5600,Desert Eagle,0.0273,101.4
ct,1400,none,5600,P2000,0.0121,101.4
ct,1400,none,5600,P250,0.0,101.4
ct,1400,none,5600,Glock-18,0.0,101.4
ct,1400,none,5600,CZ75-Auto,0.0,101.4
ct,1400,none,5600,none,0.0,101.4
ct,1400,none,5600,Tec-9,0.0,101.4
ct,1400,none,5650,USP-S,0.9445,100.2
ct,1400,none,5650,Five-SeveN,0.0148,100.2
ct,1400,none,5650,Dual Berettas,0.0003,100.2
ct,1400,none,5650,Desert Eagle,0.0262,100.2
ct,1400,none,5650,P2000,0.0142,100.2
ct,1400,none,5650,P250,0.0001,100.2
ct,1400,none,5650,Glock-18,0.0,100.2
ct,1400,none,5650,CZ75-Auto,0.0,100.2
ct,1400,none,5650,none,0.0,100.2
ct,1400,none,5650,Tec-9,0.0,100.2
ct,1400,none,5700,USP-S,0.9462,100.2
ct,1400,none,5700,Five-SeveN,0.0213,100.2
ct,1400,none,5700,Dual Berettas,0.0001,100.2
ct,1400,none,5700,Desert Eagle,0.0194,100.2
ct,1400,none,5700,P2000,0.0128,100.2
ct,1400,none,5700,P250,0.0003,100.2
ct,1400,none,5700,Glock-18,0.0,100.2
ct,1400,none,5700,CZ75-Auto,0.0,100.2
ct,1400,none,5700,none,0.0,100.2
ct,1400,none,5700,Tec-9,0.0,100.2
ct,1400,none,5750,USP-S,0.9412,107.6
ct,1400,none,5750,Five-SeveN,0.0308,107.6
ct,1400,none,5750,Dual Berettas,0.0,107.6
ct,1400,none,5750,Desert Eagle,0.0142,107.6
ct,1400,none,5750,P2000,0.012,107.6
ct,1400,none,5750,P250,0.0018,107.6
ct,1400,none,5750,Glock-18,0.0,107.6
ct,1400,none,5750,CZ75-Auto,0.0,107.6
ct,1400,none,5750,none,0.0,107.6
ct,1400,none,5750,Tec-9,0.0,107.6
ct,1400,none,5800,USP-S,0.9379,102.1
ct,1400,none,5800,Five-SeveN,0.038,102.1
ct,1400,none,5800,Dual Berettas,0.0,102.1
ct,1400,none,5800,Desert Eagle,0.0093,102.1
ct,1400,none,5800,P2000,0.0113,102.1
ct,1400,none,5800,P250,0.0035,102.1
ct,1400,none,5800,Glock-18,0.0,102.1
ct,1400,none,5800,CZ75-Auto,0.0,102.1
ct,1400,none,5800,none,0.0,102.1
ct,1400,none,5800,Tec-9,0.0,102.1
ct,1400,none,5850,USP-S,0.9218,109.8
ct,1400,none,5850,Five-SeveN,0.0429,109.8
ct,1400,none,5850,Dual Berettas,0.0,109.8
ct,1400,none,5850,Desert Eagle,0.0129,109.8
ct,1400,none,5850,P2000,0.0145,109.8
ct,1400,none,5850,P250,0.0079,109.8
ct,1400,none,5850,Glock-18,0.0,109.8
ct,1400,none,5850,CZ75-Auto,0.0,109.8
ct,1400,none,5850,none,0.0,109.8
ct,1400,none,5850,Tec-9,0.0,109.8
ct,1400,none,5900,USP-S,0.8936,113.2
ct,1400,none,5900,Five-SeveN,0.0424,113.2
ct,1400,none,5900,Dual Berettas,0.0113,113.2
ct,1400,none,5900,Desert Eagle,0.02,113.2
ct,1400,none,5900,P2000,0.0168,113.2
ct,1400,none,5900,P250,0.0158,113.2
ct,1400,none,5900,Glock-18,0.0,113.2
ct,1400,none,5900,CZ75-Auto,0.0,113.2
ct,1400,none,5900,none,0.0,113.2
ct,1400,none,5900,Tec-9,0.0,113.2
ct,1400,none,5950,USP-S,0.884,111.9
ct,1400,none,5950,Five-SeveN,0.0385,111.9
ct,1400,none,5950,Dual Berettas,0.0122,111.9
ct,1400,none,5950,Desert Eagle,0.0261,111.9
ct,1400,none,5950,P2000,0.0171,111.9
ct,1400,none,5950,P250,0.0221,111.9
ct,1400,none,5950,Glock-18,0.0,111.9
ct,1400,none,5950,CZ75-Auto,0.0,111.9
ct,1400,none,5950,none,0.0,111.9
ct,1400,none,5950,Tec-9,0.0,111.9
ct,1400,none,6000,USP-S,0.8851,106.5
ct,1400,none,6000,Five-SeveN,0.0321,106.5
ct,1400,none,6000,Dual Berettas,0.0104,106.5
ct,1400,none,6000,Desert Eagle,0.0293,106.5
ct,1400,none,6000,P2000,0.0161,106.5
ct,1400,none,6000,P250,0.027,106.5
ct,1400,none,6000,Glock-18,0.0,106.5
ct,1400,none,6000,CZ75-Auto,0.0,106.5
ct,1400,none,6000,none,0.0,106.5
ct,1400,none,6000,Tec-9,0.0,106.5
ct,1400,none,6050,USP-S,0.8971,101.5
ct,1400,none,6050,Five-SeveN,0.0237,101.5
ct,1400,none,6050,Dual Berettas,0.005,101.5
ct,1400,none,6050,Desert Eagle,0.028,101.5
ct,1400,none,6050,P2000,0.0152,101.5
ct,1400,none,6050,P250,0.0309,101.5
ct,1400,none,6050,Glock-18,0.0,101.5
ct,1400,none,6050,CZ75-Auto,0.0,101.5
ct,1400,none,6050,none,0.0,101.5
ct,1400,none,6050,Tec-9,0.0,101.5
ct,1400,none,6100,USP-S,0.8697,106.0
ct,1400,none,6100,Five-SeveN,0.0485,106.0
ct,1400,none,6100,Dual Berettas,0.0014,106.0
ct,1400,none,6100,Desert Eagle,0.026,106.0
ct,1400,none,6100,P2000,0.0107,106.0
ct,1400,none,6100,P250,0.0437,106.0
ct,1400,none,6100,Glock-18,0.0,106.0
ct,1400,none,6100,CZ75-Auto,0.0,106.0
ct,1400,none,6100,none,0.0,106.0
ct,1400,none,6100,Tec-9,0.0,106.0
ct,1400,none,6150,USP-S,0.8706,102.3
ct,1400,none,6150,Five-SeveN,0.06,102.3
ct,1400,none,6150,Dual Berettas,0.0002,102.3
ct,1400,none,6150,Desert Eagle,0.0276,102.3
ct,1400,none,6150,P2000,0.0049,102.3
ct,1400,none,6150,P250,0.0368,102.3
ct,1400,none,6150,Glock-18,0.0,102.3
ct,1400,none,6150,CZ75-Auto,0.0,102.3
ct,1400,none,6150,none,0.0,102.3
ct,1400,none,6150,Tec-9,0.0,102.3
ct,1400,none,6200,USP-S,0.8815,111.5
ct,1400,none,6200,Five-SeveN,0.0616,111.5
ct,1400,none,6200,Dual Berettas,0.0001,111.5
ct,1400,none,6200,Desert Eagle,0.0289,111.5
ct,1400,none,6200,P2000,0.0021,111.5
ct,1400,none,6200,P250,0.0259,111.5
ct,1400,none,6200,Glock-18,0.0,111.5
ct,1400,none,6200,CZ75-Auto,0.0,111.5
ct,1400,none,6200,none,0.0,111.5
ct,1400,none,6200,Tec-9,0.0,111.5
ct,1400,none,6250,USP-S,0.899,107.7
ct,1400,none,6250,Five-SeveN,0.058,107.7
ct,1400,none,6250,Dual Berettas,0.0,107.7
ct,1400,none,6250,Desert Eagle,0.0267,107.7
ct,1400,none,6250,P2000,0.0006,107.7
ct,1400,none,6250,P250,0.0157,107.7
ct,1400,none,6250,Glock-18,0.0,107.7
ct,1400,none,6250,CZ75-Auto,0.0,107.7
ct,1400,none,6250,none,0.0,107.7
ct,1400,none,6250,Tec-9,0.0,107.7
ct,1400,none,6300,USP-S,0.8855,102.7
ct,1400,none,6300,Five-SeveN,0.0849,102.7
ct,1400,none,6300,Dual Berettas,0.0,102.7
ct,1400,none,6300,Desert Eagle,0.0217,102.7
ct,1400,none,6300,P2000,0.0003,102.7
ct,1400,none,6300,P250,0.0075,102.7
ct,1400,none,6300,Glock-18,0.0,102.7
ct,1400,none,6300,CZ75-Auto,0.0,102.7
ct,1400,none,6300,none,0.0,102.7
ct,1400,none,6300,Tec-9,0.0,102.7
ct,1400,none,6350,USP-S,0.859,105.7
ct,1400,none,6350,Five-SeveN,0.0961,105.7
ct,1400,none,6350,Dual Berettas,0.0,105.7
ct,1400,none,6350,Desert Eagle,0.0387,105.7
ct,1400,none,6350,P2000,0.0023,105.7
ct,1400,none,6350,P250,0.0039,105.7
ct,1400,none,6350,Glock-18,0.0,105.7
ct,1400,none,6350,CZ75-Auto,0.0,105.7
ct,1400,none,6350,none,0.0,105.7
ct,1400,none,6350,Tec-9,0.0,105.7
ct,1400,none,6400,USP-S,0.8443,111.7
ct,1400,none,6400,Five-SeveN,0.0952,111.7
ct,1400,none,6400,Dual Berettas,0.0,111.7
ct,1400,none,6400,Desert Eagle,0.05,111.7
ct,1400,none,6400,P2000,0.0085,111.7
ct,1400,none,6400,P250,0.002,111.7
ct,1400,none,6400,Glock-18,0.0,111.7
ct,1400,none,6400,CZ75-Auto,0.0,111.7
ct,1400,none,6400,none,0.0,111.7
ct,1400,none,6400,Tec-9,0.0,111.7
ct,1400,none,6450,USP-S,0.8342,107.2
ct,1400,none,6450,Five-SeveN,0.0861,107.2
ct,1400,none,6450,Dual Berettas,0.0,107.2
ct,1400,none,6450,Desert Eagle,0.0617,107.2
ct,1400,none,6450,P2000,0.0173,107.2
ct,1400,none,6450,P250,0.0007,107.2
ct,1400,none,6450,Glock-18,0.0,107.2
ct,1400,none,6450,CZ75-Auto,0.0,107.2
ct,1400,none,6450,none,0.0,107.2
ct,1400,none,6450,Tec-9,0.0,107.2
ct,1400,none,6500,USP-S,0.8377,110.4
ct,1400,none,6500,Five-SeveN,0.0694,110.4
ct,1400,none,6500,Dual Berettas,0.0,110.4
ct,1400,none,6500,Desert Eagle,0.0658,110.4
ct,1400,none,6500,P2000,0.0268,110.4
ct,1400,none,6500,P250,0.0004,110.4
ct,1400,none,6500,Glock-18,0.0,110.4
ct,1400,none,6500,CZ75-Auto,0.0,110.4
ct,1400,none,6500,none,0.0,110.4
ct,1400,none,6500,Tec-9,0.0,110.4
ct,1400,none,6550,USP-S,0.8424,105.6
ct,1400,none,6550,Five-SeveN,0.0515,105.6
ct,1400,none,6550,Dual Berettas,0.0,105.6
ct,1400,none,6550,P2000,0.0356,105.6
ct,1400,none,6550,Desert Eagle,0.0703,105.6
ct,1400,none,6550,P250,0.0001,105.6
ct,1400,none,6550,Glock-18,0.0,105.6
ct,1400,none,6550,CZ75-Auto,0.0,105.6
ct,1400,none,6550,none,0.0,105.6
ct,1400,none,6550,Tec-9,0.0,105.6
ct,1400,none,6600,USP-S,0.8549,108.9
ct,1400,none,6600,Five-SeveN,0.042,108.9
ct,1400,none,6600,Dual Berettas,0.0,108.9
ct,1400,none,6600,P2000,0.0414,108.9
ct,1400,none,6600,Desert Eagle,0.0616,108.9
ct,1400,none,6600,P250,0.0001,108.9
ct,1400,none,6600,Glock-18,0.0,108.9
ct,1400,none,6600,CZ75-Auto,0.0,108.9
ct,1400,none,6600,none,0.0,108.9
ct,1400,none,6600,Tec-9,0.0,108.9
ct,1400,none,6650,USP-S,0.8676,105.0
ct,1400,none,6650,Five-SeveN,0.035,105.0
ct,1400,none,6650,Dual Berettas,0.0,105.0
ct,1400,none,6650,P2000,0.0464,105.0
ct,1400,none,6650,Desert Eagle,0.051,105.0
ct,1400,none,6650,P250,0.0,105.0
ct,1400,none,6650,Glock-18,0.0,105.0
ct,1400,none,6650,CZ75-Auto,0.0,105.0
ct,1400,none,6650,none,0.0,105.0
ct,1400,none,6650,Tec-9,0.0,105.0
ct,1400,none,6700,USP-S,0.8835,105.4
ct,1400,none,6700,Five-SeveN,0.0315,105.4
ct,1400,none,6700,Dual Berettas,0.0,105.4
ct,1400,none,6700,P2000,0.048,105.4
ct,1400,none,6700,Desert Eagle,0.0369,105.4
ct,1400,none,6700,P250,0.0,105.4
ct,1400,none,6700,Glock-18,0.0,105.4
ct,1400,none,6700,CZ75-Auto,0.0,105.4
ct,1400,none,6700,none,0.0,105.4
ct,1400,none,6700,Tec-9,0.0,105.4
ct,1400,none,6750,USP-S,0.8999,106.2
ct,1400,none,6750,Five-SeveN,0.0311,106.2
ct,1400,none,6750,Dual Berettas,0.0,106.2
ct,1400,none,6750,P2000,0.0455,106.2
ct,1400,none,6750,Desert Eagle,0.0236,106.2
ct,1400,none,6750,P250,0.0,106.2
ct,1400,none,6750,Glock-18,0.0,106.2
ct,1400,none,6750,CZ75-Auto,0.0,106.2
ct,1400,none,6750,none,0.0,106.2
ct,1400,none,6750,Tec-9,0.0,106.2
ct,1400,none,6800,USP-S,0.9113,104.1
ct,1400,none,6800,Five-SeveN,0.0341,104.1
ct,1400,none,6800,Dual Berettas,0.0,104.1
ct,1400,none,6800,P2000,0.0402,104.1
ct,1400,none,6800,Desert Eagle,0.0144,104.1
ct,1400,none,6800,P250,0.0,104.1
ct,1400,none,6800,Glock-18,0.0,104.1
ct,1400,none,6800,CZ75-Auto,0.0,104.1
ct,1400,none,6800,none,0.0,104.1
ct,1400,none,6800,Tec-9,0.0,104.1
ct,1400,none,6850,USP-S,0.9072,101.6
ct,1400,none,6850,Five-SeveN,0.0382,101.6
ct,1400,none,6850,Dual Berettas,0.0,101.6
ct,1400,none,6850,P2000,0.0451,101.6
ct,1400,none,6850,Desert Eagle,0.0095,101.6
ct,1400,none,6850,P250,0.0,101.6
ct,1400,none,6850,Glock-18,0.0,101.6
ct,1400,none,6850,CZ75-Auto,0.0,101.6
ct,1400,none,6850,none,0.0,101.6
ct,1400,none,6850,Tec-9,0.0,101.6
ct,1400,none,6900,USP-S,0.9075,103.5
ct,1400,none,6900,Five-SeveN,0.0448,103.5
ct,1400,none,6900,Dual Berettas,0.0,103.5
ct,1400,none,6900,P2000,0.0374,103.5
ct,1400,none,6900,Desert Eagle,0.0103,103.5
ct,1400,none,6900,P250,0.0,103.5
ct,1400,none,6900,Glock-18,0.0,103.5
ct,1400,none,6900,CZ75-Auto,0.0,103.5
ct,1400,none,6900,none,0.0,103.5
ct,1400,none,6900,Tec-9,0.0,103.5
ct,1400,none,6950,USP-S,0.9068,106.1
ct,1400,none,6950,Five-SeveN,0.0494,106.1
ct,1400,none,6950,Dual Berettas,0.0,106.1
ct,1400,none,6950,P2000,0.0318,106.1
ct,1400,none,6950,Desert Eagle,0.0121,106.1
ct,1400,none,6950,P250,0.0,106.1
ct,1400,none,6950,Glock-18,0.0,106.1
ct,1400,none,6950,CZ75-Auto,0.0,106.1
ct,1400,none,6950,none,0.0,106.1
ct,1400,none,6950,Tec-9,0.0,106.1
ct,1400,none,7000,USP-S,0.9052,101.4
ct,1400,none,7000,Five-SeveN,0.0537,101.4
ct,1400,none,7000,Dual Berettas,0.0,101.4
ct,1400,none,7000,P2000,0.0274,101.4
ct,1400,none,7000,Desert Eagle,0.0136,101.4
ct,1400,none,7000,P250,0.0,101.4
ct,1400,none,7000,Glock-18,0.0,101.4
ct,1400,none,7000,CZ75-Auto,0.0,101.4
ct,1400,none,7000,none,0.0,101.4
ct,1400,none,7000,Tec-9,0.0,101.4
ct,1400,none,7050,USP-S,0.9063,105.4
ct,1400,none,7050,Five-SeveN,0.0541,105.4
ct,1400,none,7050,Dual Berettas,0.0,105.4
ct,1400,none,7050,P2000,0.0254,105.4
ct,1400,none,7050,Desert Eagle,0.0142,105.4
ct,1400,none,7050,P250,0.0,105.4
ct,1400,none,7050,Glock-18,0.0,105.4
ct,1400,none,7050,CZ75-Auto,0.0,105.4
ct,1400,none,7050,none,0.0,105.4
ct,1400,none,7050,Tec-9,0.0,105.4
ct,1400,none,7100,USP-S,0.909,102.1
ct,1400,none,7100,Five-SeveN,0.0534,102.1
ct,1400,none,7100,Dual Berettas,0.0,102.1
ct,1400,none,7100,P2000,0.0234,102.1
ct,1400,none,7100,Desert Eagle,0.0141,102.1
ct,1400,none,7100,P250,0.0,102.1
ct,1400,none,7100,Glock-18,0.0,102.1
ct,1400,none,7100,CZ75-Auto,0.0,102.1
ct,1400,none,7100,none,0.0,102.1
ct,1400,none,7100,Tec-9,0.0,102.1
ct,1400,none,7150,USP-S,0.9174,107.0
ct,1400,none,7150,Five-SeveN,0.048,107.0
ct,1400,none,7150,Dual Berettas,0.0,107.0
ct,1400,none,7150,P2000,0.0222,107.0
ct,1400,none,7150,Desert Eagle,0.0124,107.0
ct,1400,none,7150,P250,0.0,107.0
ct,1400,none,7150,Glock-18,0.0,107.0
ct,1400,none,7150,CZ75-Auto,0.0,107.0
ct,1400,none,7150,none,0.0,107.0
ct,1400,none,7150,Tec-9,0.0,107.0
ct,1400,none,7200,USP-S,0.9254,103.1
ct,1400,none,7200,Five-SeveN,0.0425,103.1
ct,1400,none,7200,Dual Berettas,0.0,103.1
ct,1400,none,7200,P2000,0.0212,103.1
ct,1400,none,7200,Desert Eagle,0.0108,103.1
ct,1400,none,7200,P250,0.0,103.1
ct,1400,none,7200,Glock-18,0.0,103.1
ct,1400,none,7200,CZ75-Auto,0.0,103.1
ct,1400,none,7200,none,0.0,103.1
ct,1400,none,7200,Tec-9,0.0,103.1
ct,1400,none,7250,USP-S,0.9337,107.3
ct,1400,none,7250,Five-SeveN,0.0357,107.3
ct,1400,none,7250,Dual Berettas,0.0,107.3
ct,1400,none,7250,P2000,0.0207,107.3
ct,1400,none,7250,Desert Eagle,0.01,107.3
ct,1400,none,7250,P250,0.0,107.3
ct,1400,none,7250,Glock-18,0.0,107.3
ct,1400,none,7250,CZ75-Auto,0.0,107.3
ct,1400,none,7250,none,0.0,107.3
ct,1400,none,7250,Tec-9,0.0,107.3
ct,1400,none,7300,USP-S,0.941,104.5
ct,1400,none,7300,Five-SeveN,0.0294,104.5
ct,1400,none,7300,Dual Berettas,0.0,104.5
ct,1400,none,7300,P2000,0.02,104.5
ct,1400,none,7300,Desert Eagle,0.0096,104.5
ct,1400,none,7300,P250,0.0,104.5
ct,1400,none,7300,Glock-18,0.0,104.5
ct,1400,none,7300,CZ75-Auto,0.0,104.5
ct,1400,none,7300,none,0.0,104.5
ct,1400,none,7300,Tec-9,0.0,104.5
ct,1400,none,7350,USP-S,0.9465,102.9
ct,1400,none,7350,Five-SeveN,0.0242,102.9
ct,1400,none,7350,Dual Berettas,0.0,102.9
ct,1400,none,7350,P2000,0.0194,102.9
ct,1400,none,7350,Desert Eagle,0.01,102.9
ct,1400,none,7350,P250,0.0,102.9
ct,1400,none,7350,Glock-18,0.0,102.9
ct,1400,none,7350,CZ75-Auto,0.0,102.9
ct,1400,none,7350,none,0.0,102.9
ct,1400,none,7350,Tec-9,0.0,102.9
ct,1400,none,7400,USP-S,0.9494,102.5
ct,1400,none,7400,Five-SeveN,0.021,102.5
ct,1400,none,7400,Dual Berettas,0.0,102.5
ct,1400,none,7400,P2000,0.0186,102.5
ct,1400,none,7400,Desert Eagle,0.0111,102.5
ct,1400,none,7400,P250,0.0,102.5
ct,1400,none,7400,Glock-18,0.0,102.5
ct,1400,none,7400,CZ75-Auto,0.0,102.5
ct,1400,none,7400,none,0.0,102.5
ct,1400,none,7400,Tec-9,0.0,102.5
ct,1400,none,7450,USP-S,0.9498,103.3
ct,1400,none,7450,Five-SeveN,0.0202,103.3
ct,1400,none,7450,Dual Berettas,0.0,103.3
ct,1400,none,7450,P2000,0.0177,103.3
ct,1400,none,7450,Desert Eagle,0.0123,103.3
ct,1400,none,7450,P250,0.0,103.3
ct,1400,none,7450,Tec-9,0.0,103.3
ct,1400,none,7450,Glock-18,0.0,103.3
ct,1400,none,7450,CZ75-Auto,0.0,103.3
ct,1400,none,7450,none,0.0,103.3
ct,1400,none,7500,USP-S,0.9479,104.3
ct,1400,none,7500,Five-SeveN,0.022,104.3
ct,1400,none,7500,Dual Berettas,0.0,104.3
ct,1400,none,7500,P2000,0.0169,104.3
ct,1400,none,7500,Desert Eagle,0.0132,104.3
ct,1400,none,7500,P250,0.0,104.3
ct,1400,none,7500,Tec-9,0.0,104.3
ct,1400,none,7500,Glock-18,0.0,104.3
ct,1400,none,7500,CZ75-Auto,0.0,104.3
ct,1400,none,7500,none,0.0,104.3
ct,1400,none,7550,USP-S,0.9443,105.5
ct,1400,none,7550,Five-SeveN,0.0257,105.5
ct,1400,none,7550,Dual Berettas,0.0,105.5
ct,1400,none,7550,P2000,0.0165,105.5
ct,1400,none,7550,Desert Eagle,0.0134,105.5
ct,1400,none,7550,P250,0.0,105.5
ct,1400,none,7550,Tec-9,0.0,105.5
ct,1400,none,7550,Glock-18,0.0,105.5
ct,1400,none,7550,CZ75-Auto,0.0,105.5
ct,1400,none,7550,none,0.0,105.5
ct,1400,none,7600,USP-S,0.9399,100.7
ct,1400,none,7600,Five-SeveN,0.0306,100.7
ct,1400,none,7600,Dual Berettas,0.0,100.7
ct,1400,none,7600,P2000,0.0162,100.7
ct,1400,none,7600,Desert Eagle,0.0132,100.7
ct,1400,none,7600,P250,0.0,100.7
ct,1400,none,7600,Tec-9,0.0,100.7
ct,1400,none,7600,Glock-18,0.0,100.7
ct,1400,none,7600,CZ75-Auto,0.0,100.7
ct,1400,none,7600,none,0.0,100.7
ct,1900,none,800,USP-S,0.7592,1578.0
ct,1900,none,800,Dual Berettas,0.2104,1578.0
ct,1900,none,800,P2000,0.0272,1578.0
ct,1900,none,800,Desert Eagle,0.0,1578.0
ct,1900,none,800,Five-SeveN,0.0,1578.0
ct,1900,none,800,P250,0.0,1578.0
ct,1900,none,800,none,0.0032,1578.0
ct,1900,none,850,USP-S,0.7592,1578.0
ct,1900,none,850,Dual Berettas,0.2104,1578.0
ct,1900,none,850,P2000,0.0272,1578.0
ct,1900,none,850,Desert Eagle,0.0,1578.0
ct,1900,none,850,Five-SeveN,0.0,1578.0
ct,1900,none,850,P250,0.0,1578.0
ct,1900,none,850,none,0.0032,1578.0
ct,1900,none,900,USP-S,0.7592,1578.0
ct,1900,none,900,Dual Berettas,0.2104,1578.0
ct,1900,none,900,P2000,0.0272,1578.0
ct,1900,none,900,Desert Eagle,0.0,1578.0
ct,1900,none,900,Five-SeveN,0.0,1578.0
ct,1900,none,900,P250,0.0,1578.0
ct,1900,none,900,none,0.0032,1578.0
ct,1900,none,950,USP-S,0.7592,1578.0
ct,1900,none,950,Dual Berettas,0.2104,1578.0
ct,1900,none,950,P2000,0.0272,1578.0
ct,1900,none,950,Desert Eagle,0.0,1578.0
ct,1900,none,950,Five-SeveN,0.0,1578.0
ct,1900,none,950,P250,0.0,1578.0
ct,1900,none,950,none,0.0032,1578.0
ct,1900,none,1000,USP-S,0.7592,1578.0
ct,1900,none,1000,Dual Berettas,0.2104,1578.0
ct,1900,none,1000,P2000,0.0272,1578.0
ct,1900,none,1000,Desert Eagle,0.0,1578.0
ct,1900,none,1000,Five-SeveN,0.0,1578.0
ct,1900,none,1000,P250,0.0,1578.0
ct,1900,none,1000,none,0.0032,1578.0
ct,1900,none,1050,USP-S,0.7592,1578.0
ct,1900,none,1050,Dual Berettas,0.2104,1578.0
ct,1900,none,1050,P2000,0.0272,1578.0
ct,1900,none,1050,Desert Eagle,0.0,1578.0
ct,1900,none,1050,Five-SeveN,0.0,1578.0
ct,1900,none,1050,P250,0.0,1578.0
ct,1900,none,1050,none,0.0032,1578.0
ct,1900,none,1100,USP-S,0.7593,1579.0
ct,1900,none,1100,Dual Berettas,0.2103,1579.0
ct,1900,none,1100,P2000,0.0272,1579.0
ct,1900,none,1100,Desert Eagle,0.0,1579.0
ct,1900,none,1100,Five-SeveN,0.0,1579.0
ct,1900,none,1100,P250,0.0,1579.0
ct,1900,none,1100,none,0.0032,1579.0
ct,1900,none,1150,USP-S,0.7747,212.8
ct,1900,none,1150,Dual Berettas,0.1968,212.8
ct,1900,none,1150,P2000,0.0255,212.8
ct,1900,none,1150,Desert Eagle,0.0,212.8
ct,1900,none,1150,Five-SeveN,0.0,212.8
ct,1900,none,1150,P250,0.0,212.8
ct,1900,none,1150,CZ75-Auto,0.0,212.8
ct,1900,none,1150,none,0.003,212.8
ct,1900,none,1200,USP-S,0.7775,137.7
ct,1900,none,1200,Dual Berettas,0.191,137.7
ct,1900,none,1200,P2000,0.0247,137.7
ct,1900,none,1200,Desert Eagle,0.0027,137.7
ct,1900,none,1200,Five-SeveN,0.0012,137.7
ct,1900,none,1200,P250,0.0,137.7
ct,1900,none,1200,CZ75-Auto,0.0,137.7
ct,1900,none,1200,none,0.0029,137.7
ct,1900,none,1250,USP-S,0.7652,249.0
ct,1900,none,1250,Dual Berettas,0.1886,249.0
ct,1900,none,1250,P2000,0.0244,249.0
ct,1900,none,1250,Desert Eagle,0.01,249.0
ct,1900,none,1250,Five-SeveN,0.0089,249.0
ct,1900,none,1250,P250,0.0,249.0
ct,1900,none,1250,CZ75-Auto,0.0,249.0
ct,1900,none,1250,none,0.0028,249.0
ct,1900,none,1300,USP-S,0.7379,178.6
ct,1900,none,1300,Dual Berettas,0.17,178.6
ct,1900,none,1300,P2000,0.022,178.6
ct,1900,none,1300,Desert Eagle,0.0401,178.6
ct,1900,none,1300,Five-SeveN,0.0276,178.6
ct,1900,none,1300,P250,0.0,178.6
ct,1900,none,1300,CZ75-Auto,0.0,178.6
ct,1900,none,1300,none,0.0026,178.6
ct,1900,none,1350,USP-S,0.6347,167.8
ct,1900,none,1350,Dual Berettas,0.1471,167.8
ct,1900,none,1350,P2000,0.0191,167.8
ct,1900,none,1350,Desert Eagle,0.1336,167.8
ct,1900,none,1350,Five-SeveN,0.0349,167.8
ct,1900,none,1350,P250,0.0,167.8
ct,1900,none,1350,CZ75-Auto,0.0283,167.8
ct,1900,none,1350,none,0.0022,167.8
ct,1900,none,1400,USP-S,0.6134,151.9
ct,1900,none,1400,Dual Berettas,0.1345,151.9
ct,1900,none,1400,P2000,0.0177,151.9
ct,1900,none,1400,Desert Eagle,0.1592,151.9
ct,1900,none,1400,Five-SeveN,0.0491,151.9
ct,1900,none,1400,P250,0.0001,151.9
ct,1900,none,1400,CZ75-Auto,0.024,151.9
ct,1900,none,1400,none,0.002,151.9
ct,1900,none,1450,USP-S,0.3298,116.0
ct,1900,none,1450,Dual Berettas,0.0744,116.0
ct,1900,none,1450,P2000,0.0083,116.0
ct,1900,none,1450,Five-SeveN,0.4545,116.0
ct,1900,none,1450,Desert Eagle,0.1066,116.0
ct,1900,none,1450,P250,0.0115,116.0
ct,1900,none,1450,CZ75-Auto,0.014,116.0
ct,1900,none,1450,none,0.0009,116.0
ct,1900,none,1500,USP-S,0.2797,108.1
ct,1900,none,1500,Dual Berettas,0.0552,108.1
ct,1900,none,1500,P2000,0.0065,108.1
ct,1900,none,1500,Five-SeveN,0.5176,108.1
ct,1900,none,1500,Desert Eagle,0.1032,108.1
ct,1900,none,1500,P250,0.0123,108.1
ct,1900,none,1500,CZ75-Auto,0.0119,108.1
ct,1900,none,1500,none,0.0006,108.1
ct,1900,none,1500,Tec-9,0.013,108.1
ct,1900,none,1550,USP-S,0.2579,106.5
ct,1900,none,1550,Dual Berettas,0.0429,106.5
ct,1900,none,1550,P2000,0.0059,106.5
ct,1900,none,1550,Five-SeveN,0.5112,106.5
ct,1900,none,1550,Desert Eagle,0.123,106.5
ct,1900,none,1550,P250,0.0365,106.5
ct,1900,none,1550,CZ75-Auto,0.0101,106.5
ct,1900,none,1550,none,0.0005,106.5
ct,1900,none,1550,Tec-9,0.012,106.5
ct,1900,none,1600,USP-S,0.2246,100.2
ct,1900,none,1600,Dual Berettas,0.027,100.2
ct,1900,none,1600,P2000,0.005,100.2
ct,1900,none,1600,Five-SeveN,0.5242,100.2
ct,1900,none,1600,Desert Eagle,0.1211,100.2
ct,1900,none,1600,P250,0.078,100.2
ct,1900,none,1600,CZ75-Auto,0.0087,100.2
ct,1900,none,1600,none,0.0002,100.2
ct,1900,none,1600,Tec-9,0.0112,100.2
ct,1900,none,1650,USP-S,0.1324,101.4
ct,1900,none,1650,Dual Berettas,0.0083,101.4
ct,1900,none,1650,P2000,0.0012,101.4
ct,1900,none,1650,Five-SeveN,0.591,101.4
ct,1900,none,1650,Desert Eagle,0.1845,101.4
ct,1900,none,1650,P250,0.0699,101.4
ct,1900,none,1650,CZ75-Auto,0.0044,101.4
ct,1900,none,1650,none,0.0,101.4
ct,1900,none,1650,Tec-9,0.0082,101.4
ct,1900,none,1700,USP-S,0.1508,101.4
ct,1900,none,1700,Dual Berettas,0.0057,101.4
ct,1900,none,1700,P2000,0.0139,101.4
ct,1900,none,1700,Five-SeveN,0.5525,101.4
ct,1900,none,1700,Desert Eagle,0.2002,101.4
ct,1900,none,1700,P250,0.069,101.4
ct,1900,none,1700,CZ75-Auto,0.0022,101.4
ct,1900,none,1700,none,0.0,101.4
ct,1900,none,1700,Tec-9,0.0057,101.4
ct,1900,none,1750,USP-S,0.1493,102.4
ct,1900,none,1750,Five-SeveN,0.5787,102.4
ct,1900,none,1750,Dual Berettas,0.0027,102.4
ct,1900,none,1750,P2000,0.0142,102.4
ct,1900,none,1750,Desert Eagle,0.1794,102.4
ct,1900,none,1750,P250,0.0723,102.4
ct,1900,none,1750,CZ75-Auto,0.0006,102.4
ct,1900,none,1750,none,0.0,102.4
ct,1900,none,1750,Tec-9,0.0027,102.4
ct,1900,none,1800,USP-S,0.1527,100.5
ct,1900,none,1800,Five-SeveN,0.6152,100.5
ct,1900,none,1800,Dual Berettas,0.001,100.5
ct,1900,none,1800,P2000,0.0133,100.5
ct,1900,none,1800,CZ75-Auto,0.0075,100.5
ct,1900,none,1800,Desert Eagle,0.1474,100.5
ct,1900,none,1800,P250,0.0619,100.5
ct,1900,none,1800,none,0.0,100.5
ct,1900,none,1800,Tec-9,0.001,100.5
ct,1900,none,1850,USP-S,0.1804,101.3
ct,1900,none,1850,Five-SeveN,0.5851,101.3
ct,1900,none,1850,Dual Berettas,0.0006,101.3
ct,1900,none,1850,P2000,0.0142,101.3
ct,1900,none,1850,CZ75-Auto,0.0108,101.3
ct,1900,none,1850,Desert Eagle,0.1541,101.3
ct,1900,none,1850,P250,0.0542,101.3
ct,1900,none,1850,none,0.0,101.3
ct,1900,none,1850,Tec-9,0.0006,101.3
ct,1900,none,1900,USP-S,0.253,105.7
ct,1900,none,1900,Five-SeveN,0.5064,105.7
ct,1900,none,1900,Dual Berettas,0.0004,105.7
ct,1900,none,1900,P2000,0.03,105.7
ct,1900,none,1900,CZ75-Auto,0.0125,105.7
ct,1900,none,1900,Desert Eagle,0.1256,105.7
ct,1900,none,1900,P250,0.0717,105.7
ct,1900,none,1900,none,0.0,105.7
ct,1900,none,1900,Tec-9,0.0004,105.7
ct,1900,none,1950,USP-S,0.2838,100.2
ct,1900,none,1950,Five-SeveN,0.4788,100.2
ct,1900,none,1950,Dual Berettas,0.0001,100.2
ct,1900,none,1950,P2000,0.0309,100.2
ct,1900,none,1950,CZ75-Auto,0.0269,100.2
ct,1900,none,1950,Desert Eagle,0.1163,100.2
ct,1900,none,1950,P250,0.0633,100.2
ct,1900,none,1950,none,0.0,100.2
ct,1900,none,1950,Tec-9,0.0001,100.2
ct,1900,none,2000,USP-S,0.3416,100.5
ct,1900,none,2000,Five-SeveN,0.422,100.5
ct,1900,none,2000,Dual Berettas,0.0,100.5
ct,1900,none,2000,P2000,0.0407,100.5
ct,1900,none,2000,CZ75-Auto,0.0256,100.5
ct,1900,none,2000,Desert Eagle,0.1132,100.5
ct,1900,none,2000,P250,0.0567,100.5
ct,1900,none,2000,none,0.0,100.5
ct,1900,none,2000,Tec-9,0.0,100.5
ct,1900,none,2050,USP-S,0.3979,105.5
ct,1900,none,2050,Five-SeveN,0.3737,105.5
ct,1900,none,2050,Dual Berettas,0.0,105.5
ct,1900,none,2050,P2000,0.0463,105.5
ct,1900,none,2050,CZ75-Auto,0.0217,105.5
ct,1900,none,2050,Desert Eagle,0.1066,105.5
ct,1900,none,2050,P250,0.0538,105.5
ct,1900,none,2050,none,0.0,105.5
ct,1900,none,2050,Tec-9,0.0,105.5
ct,1900,none,2100,USP-S,0.4501,100.7
ct,1900,none,2100,Five-SeveN,0.3603,100.7
ct,1900,none,2100,Dual Berettas,0.0,100.7
ct,1900,none,2100,P2000,0.0468,100.7
ct,1900,none,2100,CZ75-Auto,0.0165,100.7
ct,1900,none,2100,Desert Eagle,0.0825,100.7
ct,1900,none,2100,P250,0.0438,100.7
ct,1900,none,2100,none,0.0,100.7
ct,1900,none,2100,Tec-9,0.0,100.7
ct,1900,none,2150,USP-S,0.4402,105.4
ct,1900,none,2150,Five-SeveN,0.3585,105.4
ct,1900,none,2150,Dual Berettas,0.0,105.4
ct,1900,none,2150,P2000,0.0451,105.4
ct,1900,none,2150,CZ75-Auto,0.0184,105.4
ct,1900,none,2150,Desert Eagle,0.0972,105.4
ct,1900,none,2150,P250,0.0407,105.4
ct,1900,none,2150,none,0.0,105.4
ct,1900,none,2150,Tec-9,0.0,105.4
ct,1900,none,2200,USP-S,0.512,103.9
ct,1900,none,2200,Five-SeveN,0.2979,103.9
ct,1900,none,2200,Dual Berettas,0.0,103.9
ct,1900,none,2200,P2000,0.0465,103.9
ct,1900,none,2200,CZ75-Auto,0.0136,103.9
ct,1900,none,2200,Desert Eagle,0.0991,103.9
ct,1900,none,2200,P250,0.0308,103.9
ct,1900,none,2200,none,0.0,103.9
ct,1900,none,2200,Tec-9,0.0,103.9
ct,1900,none,2250,USP-S,0.5407,102.8
ct,1900,none,2250,Five-SeveN,0.2645,102.8
ct,1900,none,2250,Dual Berettas,0.0,102.8
ct,1900,none,2250,P2000,0.0451,102.8
ct,1900,none,2250,CZ75-Auto,0.0152,102.8
ct,1900,none,2250,Desert Eagle,0.1021,102.8
ct,1900,none,2250,P250,0.0324,102.8
ct,1900,none,2250,none,0.0,102.8
ct,1900,none,2250,Tec-9,0.0,102.8
ct,1900,none,2300,USP-S,0.53,103.7
ct,1900,none,2300,Five-SeveN,0.2635,103.7
ct,1900,none,2300,Dual Berettas,0.0,103.7
ct,1900,none,2300,P2000,0.0438,103.7
ct,1900,none,2300,CZ75-Auto,0.0194,103.7
ct,1900,none,2300,Desert Eagle,0.1053,103.7
ct,1900,none,2300,P250,0.0379,103.7
ct,1900,none,2300,none,0.0,103.7
ct,1900,none,2300,Tec-9,0.0,103.7
ct,1900,none,2350,USP-S,0.5347,105.3
ct,1900,none,2350,Five-SeveN,0.2426,105.3
ct,1900,none,2350,Dual Berettas,0.0,105.3
ct,1900,none,2350,P2000,0.0406,105.3
ct,1900,none,2350,CZ75-Auto,0.0231,105.3
ct,1900,none,2350,Desert Eagle,0.1175,105.3
ct,1900,none,2350,P250,0.0415,105.3
ct,1900,none,2350,none,0.0,105.3
ct,1900,none,2350,Tec-9,0.0,105.3
ct,1900,none,2400,USP-S,0.5657,101.4
ct,1900,none,2400,Five-SeveN,0.2149,101.4
ct,1900,none,2400,Dual Berettas,0.0,101.4
ct,1900,none,2400,P2000,0.0355,101.4
ct,1900,none,2400,CZ75-Auto,0.0259,101.4
ct,1900,none,2400,Desert Eagle,0.1152,101.4
ct,1900,none,2400,P250,0.0428,101.4
ct,1900,none,2400,none,0.0,101.4
ct,1900,none,2400,Tec-9,0.0,101.4
ct,1900,none,2450,USP-S,0.5727,100.0
ct,1900,none,2450,Five-SeveN,0.2093,100.0
ct,1900,none,2450,Dual Berettas,0.0,100.0
ct,1900,none,2450,P2000,0.0313,100.0
ct,1900,none,2450,CZ75-Auto,0.0286,100.0
ct,1900,none,2450,Desert Eagle,0.1158,100.0
ct,1900,none,2450,P250,0.0424,100.0
ct,1900,none,2450,none,0.0,100.0
ct,1900,none,2450,Tec-9,0.0,100.0
ct,1900,none,2500,USP-S,0.573,104.5
ct,1900,none,2500,Five-SeveN,0.2155,104.5
ct,1900,none,2500,Dual Berettas,0.0,104.5
ct,1900,none,2500,P2000,0.0258,104.5
ct,1900,none,2500,CZ75-Auto,0.0399,104.5
ct,1900,none,2500,Desert Eagle,0.108,104.5
ct,1900,none,2500,P250,0.0378,104.5
ct,1900,none,2500,none,0.0,104.5
ct,1900,none,2500,Tec-9,0.0,104.5
ct,1900,none,2550,USP-S,0.61,100.6
ct,1900,none,2550,Five-SeveN,0.1962,100.6
ct,1900,none,2550,Dual Berettas,0.0,100.6
ct,1900,none,2550,P2000,0.0185,100.6
ct,1900,none,2550,CZ75-Auto,0.0392,100.6
ct,1900,none,2550,Desert Eagle,0.1053,100.6
ct,1900,none,2550,P250,0.0307,100.6
ct,1900,none,2550,none,0.0,100.6
ct,1900,none,2550,Tec-9,0.0,100.6
ct,1900,none,2600,USP-S,0.6124,104.5
ct,1900,none,2600,Five-SeveN,0.1949,104.5
ct,1900,none,2600,Dual Berettas,0.0,104.5
ct,1900,none,2600,P2000,0.0195,104.5
ct,1900,none,2600,CZ75-Auto,0.0393,104.5
ct,1900,none,2600,Desert Eagle,0.1043,104.5
ct,1900,none,2600,P250,0.0297,104.5
ct,1900,none,2600,none,0.0,104.5
ct,1900,none,2600,Tec-9,0.0,104.5
ct,1900,none,2650,USP-S,0.6072,103.2
ct,1900,none,2650,Five-SeveN,0.1967,103.2
ct,1900,none,2650,Dual Berettas,0.0,103.2
ct,1900,none,2650,P2000,0.0211,103.2
ct,1900,none,2650,CZ75-Auto,0.04,103.2
ct,1900,none,2650,Desert Eagle,0.1047,103.2
ct,1900,none,2650,P250,0.0303,103.2
ct,1900,none,2650,none,0.0,103.2
ct,1900,none,2650,Tec-9,0.0,103.2
ct,1900,none,2700,USP-S,0.6488,102.2
ct,1900,none,2700,Five-SeveN,0.1795,102.2
ct,1900,none,2700,Dual Berettas,0.0,102.2
ct,1900,none,2700,P2000,0.0191,102.2
ct,1900,none,2700,CZ75-Auto,0.0358,102.2
ct,1900,none,2700,Desert Eagle,0.0906,102.2
ct,1900,none,2700,P250,0.0261,102.2
ct,1900,none,2700,none,0.0,102.2
ct,1900,none,2700,Tec-9,0.0,102.2
ct,1900,none,2750,USP-S,0.6577,104.7
ct,1900,none,2750,Five-SeveN,0.172,104.7
ct,1900,none,2750,Dual Berettas,0.0,104.7
ct,1900,none,2750,P2000,0.022,104.7
ct,1900,none,2750,CZ75-Auto,0.0334,104.7
ct,1900,none,2750,Desert Eagle,0.087,104.7
ct,1900,none,2750,P250,0.0279,104.7
ct,1900,none,2750,none,0.0,104.7
ct,1900,none,2750,Tec-9,0.0,104.7
ct,1900,none,2800,USP-S,0.6529,100.0
ct,1900,none,2800,Five-SeveN,0.1708,100.0
ct,1900,none,2800,Dual Berettas,0.0,100.0
ct,1900,none,2800,P2000,0.0256,100.0
ct,1900,none,2800,CZ75-Auto,0.0323,100.0
ct,1900,none,2800,Desert Eagle,0.0873,100.0
ct,1900,none,2800,P250,0.031,100.0
ct,1900,none,2800,none,0.0,100.0
ct,1900,none,2800,Tec-9,0.0,100.0
ct,1900,none,2850,USP-S,0.6563,100.6
ct,1900,none,2850,Five-SeveN,0.1588,100.6
ct,1900,none,2850,Dual Berettas,0.0,100.6
ct,1900,none,2850,P2000,0.0391,100.6
ct,1900,none,2850,CZ75-Auto,0.0289,100.6
ct,1900,none,2850,Desert Eagle,0.084,100.6
ct,1900,none,2850,P250,0.0329,100.6
ct,1900,none,2850,none,0.0,100.6
ct,1900,none,2850,Tec-9,0.0,100.6
ct,1900,none,2900,USP-S,0.7211,101.7
ct,1900,none,2900,Five-SeveN,0.1172,101.7
ct,1900,none,2900,Dual Berettas,0.0,101.7
ct,1900,none,2900,P2000,0.0495,101.7
ct,1900,none,2900,CZ75-Auto,0.0199,101.7
ct,1900,none,2900,Desert Eagle,0.0632,101.7
ct,1900,none,2900,P250,0.0291,101.7
ct,1900,none,2900,none,0.0,101.7
ct,1900,none,2900,Tec-9,0.0,101.7
ct,1900,none,2950,USP-S,0.707,103.8
ct,1900,none,2950,Five-SeveN,0.1117,103.8
ct,1900,none,2950,Dual Berettas,0.0,103.8
ct,1900,none,2950,P2000,0.0505,103.8
ct,1900,none,2950,CZ75-Auto,0.0187,103.8
ct,1900,none,2950,Desert Eagle,0.0816,103.8
ct,1900,none,2950,P250,0.0305,103.8
ct,1900,none,2950,none,0.0,103.8
ct,1900,none,2950,Tec-9,0.0,103.8
ct,1900,none,3000,USP-S,0.7195,100.6
ct,1900,none,3000,Five-SeveN,0.0987,100.6
ct,1900,none,3000,Dual Berettas,0.0,100.6
ct,1900,none,3000,P2000,0.0498,100.6
ct,1900,none,3000,CZ75-Auto,0.0212,100.6
ct,1900,none,3000,Desert Eagle,0.0806,100.6
ct,1900,none,3000,P250,0.0302,100.6
ct,1900,none,3000,none,0.0,100.6
ct,1900,none,3000,Tec-9,0.0,100.6
ct,1900,none,3050,USP-S,0.7298,101.5
ct,1900,none,3050,Five-SeveN,0.0859,101.5
ct,1900,none,3050,Dual Berettas,0.0,101.5
ct,1900,none,3050,P2000,0.0567,101.5
ct,1900,none,3050,CZ75-Auto,0.0206,101.5
ct,1900,none,3050,Desert Eagle,0.0788,101.5
ct,1900,none,3050,P250,0.0282,101.5
ct,1900,none,3050,none,0.0,101.5
ct,1900,none,3050,Tec-9,0.0,101.5
ct,1900,none,3100,USP-S,0.7466,100.9
ct,1900,none,3100,Five-SeveN,0.078,100.9
ct,1900,none,3100,Dual Berettas,0.0,100.9
ct,1900,none,3100,P2000,0.0477,100.9
ct,1900,none,3100,CZ75-Auto,0.0218,100.9
ct,1900,none,3100,Desert Eagle,0.0796,100.9
ct,1900,none,3100,P250,0.0264,100.9
ct,1900,none,3100,none,0.0,100.9
ct,1900,none,3100,Tec-9,0.0,100.9
ct,1900,none,3150,USP-S,0.7458,100.2
ct,1900,none,3150,Five-SeveN,0.0786,100.2
ct,1900,none,3150,Dual Berettas,0.0,100.2
ct,1900,none,3150,P2000,0.0381,100.2
ct,1900,none,3150,CZ75-Auto,0.0243,100.2
ct,1900,none,3150,Desert Eagle,0.0859,100.2
ct,1900,none,3150,P250,0.0273,100.2
ct,1900,none,3150,none,0.0,100.2
ct,1900,none,3150,Tec-9,0.0,100.2
ct,1900,none,3200,USP-S,0.7743,104.1
ct,1900,none,3200,Five-SeveN,0.0658,104.1
ct,1900,none,3200,Dual Berettas,0.0,104.1
ct,1900,none,3200,P2000,0.0341,104.1
ct,1900,none,3200,CZ75-Auto,0.0238,104.1
ct,1900,none,3200,Desert Eagle,0.0778,104.1
ct,1900,none,3200,P250,0.0241,104.1
ct,1900,none,3200,none,0.0,104.1
ct,1900,none,3200,Tec-9,0.0,104.1
ct,1900,none,3250,USP-S,0.7756,103.0
ct,1900,none,3250,Five-SeveN,0.0687,103.0
ct,1900,none,3250,Dual Berettas,0.0,103.0
ct,1900,none,3250,P2000,0.0251,103.0
ct,1900,none,3250,CZ75-Auto,0.0231,103.0
ct,1900,none,3250,Desert Eagle,0.0815,103.0
ct,1900,none,3250,P250,0.026,103.0
ct,1900,none,3250,none,0.0,103.0
ct,1900,none,3250,Tec-9,0.0,103.0
ct,1900,none,3300,USP-S,0.7663,103.0
ct,1900,none,3300,Five-SeveN,0.0775,103.0
ct,1900,none,3300,Dual Berettas,0.0,103.0
ct,1900,none,3300,P2000,0.0198,103.0
ct,1900,none,3300,CZ75-Auto,0.0206,103.0
ct,1900,none,3300,Desert Eagle,0.0889,103.0
ct,1900,none,3300,P250,0.027,103.0
ct,1900,none,3300,none,0.0,103.0
ct,1900,none,3300,Tec-9,0.0,103.0
ct,1900,none,3350,USP-S,0.7591,103.2
ct,1900,none,3350,Five-SeveN,0.0868,103.2
ct,1900,none,3350,Dual Berettas,0.0,103.2
ct,1900,none,3350,P2000,0.016,103.2
ct,1900,none,3350,CZ75-Auto,0.0172,103.2
ct,1900,none,3350,Desert Eagle,0.0951,103.2
ct,1900,none,3350,P250,0.0258,103.2
ct,1900,none,3350,none,0.0,103.2
ct,1900,none,3350,Tec-9,0.0,103.2
ct,1900,none,3400,USP-S,0.7788,105.1
ct,1900,none,3400,Five-SeveN,0.0865,105.1
ct,1900,none,3400,Dual Berettas,0.0,105.1
ct,1900,none,3400,P2000,0.0111,105.1
ct,1900,none,3400,CZ75-Auto,0.0122,105.1
ct,1900,none,3400,Desert Eagle,0.09,105.1
ct,1900,none,3400,P250,0.0214,105.1
ct,1900,none,3400,none,0.0,105.1
ct,1900,none,3400,Tec-9,0.0,105.1
ct,1900,none,3450,USP-S,0.7674,100.9
ct,1900,none,3450,Five-SeveN,0.0979,100.9
ct,1900,none,3450,Dual Berettas,0.0,100.9
ct,1900,none,3450,P2000,0.0113,100.9
ct,1900,none,3450,CZ75-Auto,0.0097,100.9
ct,1900,none,3450,Desert Eagle,0.095,100.9
ct,1900,none,3450,P250,0.0187,100.9
ct,1900,none,3450,none,0.0,100.9
ct,1900,none,3450,Tec-9,0.0,100.9
ct,1900,none,3500,USP-S,0.7528,102.4
ct,1900,none,3500,Five-SeveN,0.1101,102.4
ct,1900,none,3500,Dual Berettas,0.0,102.4
ct,1900,none,3500,P2000,0.014,102.4
ct,1900,none,3500,CZ75-Auto,0.0083,102.4
ct,1900,none,3500,Desert Eagle,0.0986,102.4
ct,1900,none,3500,P250,0.0163,102.4
ct,1900,none,3500,none,0.0,102.4
ct,1900,none,3500,Tec-9,0.0,102.4
ct,1900,none,3550,USP-S,0.7913,104.5
ct,1900,none,3550,Five-SeveN,0.0995,104.5
ct,1900,none,3550,Dual Berettas,0.0,104.5
ct,1900,none,3550,P2000,0.0118,104.5
ct,1900,none,3550,CZ75-Auto,0.0043,104.5
ct,1900,none,3550,Desert Eagle,0.0828,104.5
ct,1900,none,3550,P250,0.0104,104.5
ct,1900,none,3550,none,0.0,104.5
ct,1900,none,3550,Tec-9,0.0,104.5
ct,1900,none,3600,USP-S,0.7894,102.2
ct,1900,none,3600,Five-SeveN,0.1053,102.2
ct,1900,none,3600,Dual Berettas,0.0,102.2
ct,1900,none,3600,P2000,0.0135,102.2
ct,1900,none,3600,CZ75-Auto,0.0032,102.2
ct,1900,none,3600,Desert Eagle,0.0805,102.2
ct,1900,none,3600,P250,0.0081,102.2
ct,1900,none,3600,none,0.0,102.2
ct,1900,none,3600,Tec-9,0.0,102.2
ct,1900,none,3650,USP-S,0.7853,104.1
ct,1900,none,3650,Five-SeveN,0.1114,104.1
ct,1900,none,3650,Dual Berettas,0.0,104.1
ct,1900,none,3650,P2000,0.0148,104.1
ct,1900,none,3650,CZ75-Auto,0.0029,104.1
ct,1900,none,3650,Desert Eagle,0.0786,104.1
ct,1900,none,3650,P250,0.0071,104.1
ct,1900,none,3650,none,0.0,104.1
ct,1900,none,3650,Tec-9,0.0,104.1
ct,1900,none,3700,USP-S,0.7843,102.3
ct,1900,none,3700,Five-SeveN,0.1165,102.3
ct,1900,none,3700,Dual Berettas,0.0,102.3
ct,1900,none,3700,P2000,0.0152,102.3
ct,1900,none,3700,CZ75-Auto,0.0023,102.3
ct,1900,none,3700,Desert Eagle,0.076,102.3
ct,1900,none,3700,P250,0.0057,102.3
ct,1900,none,3700,none,0.0,102.3
ct,1900,none,3700,Tec-9,0.0,102.3
ct,1900,none,3750,USP-S,0.793,102.8
ct,1900,none,3750,Five-SeveN,0.1092,102.8
ct,1900,none,3750,Dual Berettas,0.0,102.8
ct,1900,none,3750,P2000,0.0274,102.8
ct,1900,none,3750,CZ75-Auto,0.0013,102.8
ct,1900,none,3750,Desert Eagle,0.0655,102.8
ct,1900,none,3750,P250,0.0036,102.8
ct,1900,none,3750,none,0.0,102.8
ct,1900,none,3750,Tec-9,0.0,102.8
ct,1900,none,3800,USP-S,0.7965,102.0
ct,1900,none,3800,Five-SeveN,0.1103,102.0
ct,1900,none,3800,Dual Berettas,0.0,102.0
ct,1900,none,3800,P2000,0.0265,102.0
ct,1900,none,3800,CZ75-Auto,0.001,102.0
ct,1900,none,3800,Desert Eagle,0.0629,102.0
ct,1900,none,3800,P250,0.0028,102.0
ct,1900,none,3800,none,0.0,102.0
ct,1900,none,3800,Tec-9,0.0,102.0
ct,1900,none,3850,USP-S,0.8733,100.7
ct,1900,none,3850,Five-SeveN,0.0746,100.7
ct,1900,none,3850,Dual Berettas,0.0,100.7
ct,1900,none,3850,P2000,0.02,100.7
ct,1900,none,3850,CZ75-Auto,0.0,100.7
ct,1900,none,3850,Desert Eagle,0.0319,100.7
ct,1900,none,3850,P250,0.0002,100.7
ct,1900,none,3850,none,0.0,100.7
ct,1900,none,3850,Tec-9,0.0,100.7
ct,1900,none,3900,USP-S,0.8757,103.1
ct,1900,none,3900,Five-SeveN,0.0746,103.1
ct,1900,none,3900,Dual Berettas,0.0,103.1
ct,1900,none,3900,P2000,0.0164,103.1
ct,1900,none,3900,CZ75-Auto,0.0,103.1
ct,1900,none,3900,Desert Eagle,0.0331,103.1
ct,1900,none,3900,P250,0.0002,103.1
ct,1900,none,3900,none,0.0,103.1
ct,1900,none,3900,Tec-9,0.0,103.1
ct,1900,none,3950,USP-S,0.8797,102.0
ct,1900,none,3950,Five-SeveN,0.0724,102.0
ct,1900,none,3950,Dual Berettas,0.0,102.0
ct,1900,none,3950,P2000,0.0133,102.0
ct,1900,none,3950,CZ75-Auto,0.0,102.0
ct,1900,none,3950,Desert Eagle,0.0344,102.0
ct,1900,none,3950,P250,0.0002,102.0
ct,1900,none,3950,none,0.0,102.0
ct,1900,none,3950,Tec-9,0.0,102.0
ct,1900,none,4000,USP-S,0.8734,102.2
ct,1900,none,4000,Five-SeveN,0.0735,102.2
ct,1900,none,4000,Dual Berettas,0.0,102.2
ct,1900,none,4000,P2000,0.0117,102.2
ct,1900,none,4000,CZ75-Auto,0.0,102.2
ct,1900,none,4000,Desert Eagle,0.0411,102.2
ct,1900,none,4000,P250,0.0002,102.2
ct,1900,none,4000,none,0.0,102.2
ct,1900,none,4000,Tec-9,0.0,102.2
ct,1900,none,4050,USP-S,0.9058,102.9
ct,1900,none,4050,Five-SeveN,0.0507,102.9
ct,1900,none,4050,Dual Berettas,0.0,102.9
ct,1900,none,4050,P2000,0.0161,102.9
ct,1900,none,4050,CZ75-Auto,0.0,102.9
ct,1900,none,4050,Desert Eagle,0.0275,102.9
ct,1900,none,4050,P250,0.0,102.9
ct,1900,none,4050,none,0.0,102.9
ct,1900,none,4050,Tec-9,0.0,102.9
ct,1900,none,4100,USP-S,0.9005,100.1
ct,1900,none,4100,Five-SeveN,0.0493,100.1
ct,1900,none,4100,Dual Berettas,0.0,100.1
ct,1900,none,4100,P2000,0.0152,100.1
ct,1900,none,4100,CZ75-Auto,0.0,100.1
ct,1900,none,4100,Desert Eagle,0.035,100.1
ct,1900,none,4100,P250,0.0,100.1
ct,1900,none,4100,none,0.0,100.1
ct,1900,none,4100,Tec-9,0.0,100.1
ct,1900,none,4150,USP-S,0.9164,100.7
ct,1900,none,4150,Five-SeveN,0.0373,100.7
ct,1900,none,4150,Dual Berettas,0.0,100.7
ct,1900,none,4150,P2000,0.0109,100.7
ct,1900,none,4150,CZ75-Auto,0.0,100.7
ct,1900,none,4150,Desert Eagle,0.0354,100.7
ct,1900,none,4150,P250,0.0,100.7
ct,1900,none,4150,none,0.0,100.7
ct,1900,none,4150,Tec-9,0.0,100.7
ct,1900,none,4200,USP-S,0.9181,100.3
ct,1900,none,4200,Five-SeveN,0.0321,100.3
ct,1900,none,4200,Dual Berettas,0.0,100.3
ct,1900,none,4200,P2000,0.0089,100.3
ct,1900,none,4200,CZ75-Auto,0.0,100.3
ct,1900,none,4200,Desert Eagle,0.0409,100.3
ct,1900,none,4200,P250,0.0,100.3
ct,1900,none,4200,none,0.0,100.3
ct,1900,none,4200,Tec-9,0.0,100.3
ct,1900,none,4250,USP-S,0.9229,100.1
ct,1900,none,4250,Five-SeveN,0.0265,100.1
ct,1900,none,4250,Dual Berettas,0.0,100.1
ct,1900,none,4250,P2000,0.0069,100.1
ct,1900,none,4250,CZ75-Auto,0.0,100.1
ct,1900,none,4250,Desert Eagle,0.0437,100.1
ct,1900,none,4250,P250,0.0,100.1
ct,1900,none,4250,none,0.0,100.1
ct,1900,none,4250,Tec-9,0.0,100.1
ct,1900,none,4300,USP-S,0.9218,103.0
ct,1900,none,4300,Five-SeveN,0.0253,103.0
ct,1900,none,4300,Dual Berettas,0.0,103.0
ct,1900,none,4300,P2000,0.0066,103.0
ct,1900,none,4300,CZ75-Auto,0.0,103.0
ct,1900,none,4300,Desert Eagle,0.0462,103.0
ct,1900,none,4300,P250,0.0,103.0
ct,1900,none,4300,none,0.0,103.0
ct,1900,none,4300,Tec-9,0.0,103.0
ct,1900,none,4350,USP-S,0.9483,102.7
ct,1900,none,4350,Five-SeveN,0.0112,102.7
ct,1900,none,4350,Dual Berettas,0.0,102.7
ct,1900,none,4350,P2000,0.0023,102.7
ct,1900,none,4350,CZ75-Auto,0.0,102.7
ct,1900,none,4350,Desert Eagle,0.0382,102.7
ct,1900,none,4350,P250,0.0,102.7
ct,1900,none,4350,none,0.0,102.7
ct,1900,none,4350,Tec-9,0.0,102.7
ct,1900,none,4400,USP-S,0.9528,102.6
ct,1900,none,4400,Five-SeveN,0.0095,102.6
ct,1900,none,4400,Dual Berettas,0.0,102.6
ct,1900,none,4400,P2000,0.002,102.6
ct,1900,none,4400,CZ75-Auto,0.0,102.6
ct,1900,none,4400,Desert Eagle,0.0357,102.6
ct,1900,none,4400,P250,0.0,102.6
ct,1900,none,4400,none,0.0,102.6
ct,1900,none,4400,Tec-9,0.0,102.6
ct,1900,none,4450,USP-S,0.9547,100.4
ct,1900,none,4450,Five-SeveN,0.0092,100.4
ct,1900,none,4450,Dual Berettas,0.0,100.4
ct,1900,none,4450,P2000,0.0019,100.4
ct,1900,none,4450,CZ75-Auto,0.0,100.4
ct,1900,none,4450,Desert Eagle,0.0343,100.4
ct,1900,none,4450,P250,0.0,100.4
ct,1900,none,4450,none,0.0,100.4
ct,1900,none,4450,Tec-9,0.0,100.4
ct,1900,none,4500,USP-S,0.9579,103.7
ct,1900,none,4500,Five-SeveN,0.0093,103.7
ct,1900,none,4500,Dual Berettas,0.0,103.7
ct,1900,none,4500,P2000,0.0017,103.7
ct,1900,none,4500,CZ75-Auto,0.0,103.7
ct,1900,none,4500,Desert Eagle,0.0311,103.7
ct,1900,none,4500,P250,0.0,103.7
ct,1900,none,4500,none,0.0,103.7
ct,1900,none,4500,Tec-9,0.0,103.7
ct,1900,none,4550,USP-S,0.9631,102.4
ct,1900,none,4550,Five-SeveN,0.0037,102.4
ct,1900,none,4550,Dual Berettas,0.0,102.4
ct,1900,none,4550,P2000,0.0131,102.4
ct,1900,none,4550,CZ75-Auto,0.0,102.4
ct,1900,none,4550,Desert Eagle,0.0201,102.4
ct,1900,none,4550,P250,0.0,102.4
ct,1900,none,4550,none,0.0,102.4
ct,1900,none,4550,Tec-9,0.0,102.4
ct,1900,none,4600,USP-S,0.963,101.1
ct,1900,none,4600,Five-SeveN,0.0056,101.1
ct,1900,none,4600,Dual Berettas,0.0,101.1
ct,1900,none,4600,P2000,0.0131,101.1
ct,1900,none,4600,CZ75-Auto,0.0,101.1
ct,1900,none,4600,Desert Eagle,0.0183,101.1
ct,1900,none,4600,P250,0.0,101.1
ct,1900,none,4600,none,0.0,101.1
ct,1900,none,4600,Tec-9,0.0,101.1
ct,1900,none,4650,USP-S,0.9504,101.8
ct,1900,none,4650,Five-SeveN,0.0042,101.8
ct,1900,none,4650,Dual Berettas,0.0,101.8
ct,1900,none,4650,P2000,0.0346,101.8
ct,1900,none,4650,CZ75-Auto,0.0,101.8
ct,1900,none,4650,Desert Eagle,0.0107,101.8
ct,1900,none,4650,P250,0.0,101.8
ct,1900,none,4650,none,0.0,101.8
ct,1900,none,4650,Tec-9,0.0,101.8
ct,1900,none,4700,USP-S,0.9517,103.2
ct,1900,none,4700,Five-SeveN,0.0062,103.2
ct,1900,none,4700,Dual Berettas,0.0,103.2
ct,1900,none,4700,P2000,0.0338,103.2
ct,1900,none,4700,CZ75-Auto,0.0,103.2
ct,1900,none,4700,Desert Eagle,0.0083,103.2
ct,1900,none,4700,P250,0.0,103.2
ct,1900,none,4700,none,0.0,103.2
ct,1900,none,4700,Tec-9,0.0,103.2
ct,1900,none,4750,USP-S,0.9441,101.7
ct,1900,none,4750,Five-SeveN,0.0179,101.7
ct,1900,none,4750,Dual Berettas,0.0,101.7
ct,1900,none,4750,P2000,0.0323,101.7
ct,1900,none,4750,CZ75-Auto,0.0,101.7
ct,1900,none,4750,Desert Eagle,0.0057,101.7
ct,1900,none,4750,P250,0.0,101.7
ct,1900,none,4750,none,0.0,101.7
ct,1900,none,4750,Tec-9,0.0,101.7
ct,1900,none,4800,USP-S,0.9401,100.9
ct,1900,none,4800,Five-SeveN,0.0233,100.9
ct,1900,none,4800,Dual Berettas,0.0,100.9
ct,1900,none,4800,P2000,0.0312,100.9
ct,1900,none,4800,CZ75-Auto,0.0,100.9
ct,1900,none,4800,Desert Eagle,0.0054,100.9
ct,1900,none,4800,P250,0.0,100.9
ct,1900,none,4800,none,0.0,100.9
ct,1900,none,4800,Tec-9,0.0,100.9
ct,1900,none,4850,USP-S,0.9304,103.0
ct,1900,none,4850,Five-SeveN,0.0236,103.0
ct,1900,none,4850,Dual Berettas,0.0,103.0
ct,1900,none,4850,P2000,0.0453,103.0
ct,1900,none,4850,CZ75-Auto,0.0,103.0
ct,1900,none,4850,Desert Eagle,0.0006,103.0
ct,1900,none,4850,P250,0.0,103.0
ct,1900,none,4850,none,0.0,103.0
ct,1900,none,4850,Tec-9,0.0,103.0
ct,1900,none,4900,USP-S,0.9324,102.1
ct,1900,none,4900,Five-SeveN,0.026,102.1
ct,1900,none,4900,Dual Berettas,0.0,102.1
ct,1900,none,4900,P2000,0.0411,102.1
ct,1900,none,4900,CZ75-Auto,0.0,102.1
ct,1900,none,4900,Desert Eagle,0.0004,102.1
ct,1900,none,4900,P250,0.0,102.1
ct,1900,none,4900,none,0.0,102.1
ct,1900,none,4900,Tec-9,0.0,102.1
ct,1900,none,4950,USP-S,0.9365,102.7
ct,1900,none,4950,Five-SeveN,0.0259,102.7
ct,1900,none,4950,Dual Berettas,0.0,102.7
ct,1900,none,4950,P2000,0.0371,102.7
ct,1900,none,4950,CZ75-Auto,0.0,102.7
ct,1900,none,4950,Desert Eagle,0.0005,102.7
ct,1900,none,4950,P250,0.0,102.7
ct,1900,none,4950,none,0.0,102.7
ct,1900,none,4950,Tec-9,0.0,102.7
ct,1900,none,5000,USP-S,0.9453,100.9
ct,1900,none,5000,Five-SeveN,0.0244,100.9
ct,1900,none,5000,Dual Berettas,0.0,100.9
ct,1900,none,5000,P2000,0.0301,100.9
ct,1900,none,5000,CZ75-Auto,0.0,100.9
ct,1900,none,5000,Desert Eagle,0.0002,100.9
ct,1900,none,5000,P250,0.0,100.9
ct,1900,none,5000,none,0.0,100.9
ct,1900,none,5000,Tec-9,0.0,100.9
ct,1900,none,5050,USP-S,0.9562,101.6
ct,1900,none,5050,Five-SeveN,0.021,101.6
ct,1900,none,5050,Dual Berettas,0.0,101.6
ct,1900,none,5050,P2000,0.0227,101.6
ct,1900,none,5050,CZ75-Auto,0.0,101.6
ct,1900,none,5050,Desert Eagle,0.0001,101.6
ct,1900,none,5050,P250,0.0,101.6
ct,1900,none,5050,none,0.0,101.6
ct,1900,none,5050,Tec-9,0.0,101.6
ct,1900,none,5100,USP-S,0.961,100.5
ct,1900,none,5100,Five-SeveN,0.0188,100.5
ct,1900,none,5100,Dual Berettas,0.0,100.5
ct,1900,none,5100,P2000,0.0201,100.5
ct,1900,none,5100,CZ75-Auto,0.0,100.5
ct,1900,none,5100,Desert Eagle,0.0001,100.5
ct,1900,none,5100,P250,0.0,100.5
ct,1900,none,5100,none,0.0,100.5
ct,1900,none,5100,Tec-9,0.0,100.5
ct,1900,none,5150,USP-S,0.9635,104.3
ct,1900,none,5150,Five-SeveN,0.0173,104.3
ct,1900,none,5150,Dual Berettas,0.0,104.3
ct,1900,none,5150,P2000,0.019,104.3
ct,1900,none,5150,CZ75-Auto,0.0,104.3
ct,1900,none,5150,Desert Eagle,0.0002,104.3
ct,1900,none,5150,P250,0.0,104.3
ct,1900,none,5150,none,0.0,104.3
ct,1900,none,5150,Tec-9,0.0,104.3
ct,1900,none,5200,USP-S,0.9829,102.4
ct,1900,none,5200,Five-SeveN,0.0096,102.4
ct,1900,none,5200,Dual Berettas,0.0,102.4
ct,1900,none,5200,P2000,0.0075,102.4
ct,1900,none,5200,CZ75-Auto,0.0,102.4
ct,1900,none,5200,Desert Eagle,0.0,102.4
ct,1900,none,5200,P250,0.0,102.4
ct,1900,none,5200,none,0.0,102.4
ct,1900,none,5200,Tec-9,0.0,102.4
ct,1900,none,5250,USP-S,0.9893,104.2
ct,1900,none,5250,Five-SeveN,0.0052,104.2
ct,1900,none,5250,Dual Berettas,0.0,104.2
ct,1900,none,5250,P2000,0.0055,104.2
ct,1900,none,5250,CZ75-Auto,0.0,104.2
ct,1900,none,5250,Desert Eagle,0.0,104.2
ct,1900,none,5250,P250,0.0,104.2
ct,1900,none,5250,none,0.0,104.2
ct,1900,none,5250,Tec-9,0.0,104.2
ct,1900,none,5300,USP-S,0.989,102.8
ct,1900,none,5300,Five-SeveN,0.0042,102.8
ct,1900,none,5300,Dual Berettas,0.0,102.8
ct,1900,none,5300,P2000,0.0069,102.8
ct,1900,none,5300,CZ75-Auto,0.0,102.8
ct,1900,none,5300,Desert Eagle,0.0,102.8
ct,1900,none,5300,P250,0.0,102.8
ct,1900,none,5300,none,0.0,102.8
ct,1900,none,5300,Tec-9,0.0,102.8
ct,1900,none,5350,USP-S,0.9865,101.9
ct,1900,none,5350,Five-SeveN,0.0039,101.9
ct,1900,none,5350,Dual Berettas,0.0,101.9
ct,1900,none,5350,P2000,0.0096,101.9
ct,1900,none,5350,CZ75-Auto,0.0,101.9
ct,1900,none,5350,Desert Eagle,0.0,101.9
ct,1900,none,5350,P250,0.0,101.9
ct,1900,none,5350,none,0.0,101.9
ct,1900,none,5350,Tec-9,0.0,101.9
ct,1900,none,5400,USP-S,0.987,103.3
ct,1900,none,5400,Five-SeveN,0.0026,103.3
ct,1900,none,5400,Dual Berettas,0.0,103.3
ct,1900,none,5400,P2000,0.0104,103.3
ct,1900,none,5400,CZ75-Auto,0.0,103.3
ct,1900,none,5400,Desert Eagle,0.0,103.3
ct,1900,none,5400,P250,0.0,103.3
ct,1900,none,5400,none,0.0,103.3
ct,1900,none,5400,Tec-9,0.0,103.3
ct,1900,none,5450,USP-S,0.9815,102.6
ct,1900,none,5450,Five-SeveN,0.0037,102.6
ct,1900,none,5450,Dual Berettas,0.0,102.6
ct,1900,none,5450,P2000,0.0148,102.6
ct,1900,none,5450,CZ75-Auto,0.0,102.6
ct,1900,none,5450,Desert Eagle,0.0,102.6
ct,1900,none,5450,P250,0.0,102.6
ct,1900,none,5450,none,0.0,102.6
ct,1900,none,5450,Tec-9,0.0,102.6
ct,1900,none,5500,USP-S,0.9749,101.5
ct,1900,none,5500,Five-SeveN,0.0056,101.5
ct,1900,none,5500,Dual Berettas,0.0,101.5
ct,1900,none,5500,P2000,0.0195,101.5
ct,1900,none,5500,CZ75-Auto,0.0,101.5
ct,1900,none,5500,Desert Eagle,0.0,101.5
ct,1900,none,5500,P250,0.0,101.5
ct,1900,none,5500,none,0.0,101.5
ct,1900,none,5500,Tec-9,0.0,101.5
ct,1900,none,5550,USP-S,0.9678,100.4
ct,1900,none,5550,Five-SeveN,0.0081,100.4
ct,1900,none,5550,Dual Berettas,0.0,100.4
ct,1900,none,5550,P2000,0.0241,100.4
ct,1900,none,5550,CZ75-Auto,0.0,100.4
ct,1900,none,5550,Desert Eagle,0.0,100.4
ct,1900,none,5550,P250,0.0,100.4
ct,1900,none,5550,none,0.0,100.4
ct,1900,none,5550,Tec-9,0.0,100.4
ct,1900,none,5600,USP-S,0.9534,103.4
ct,1900,none,5600,Five-SeveN,0.0084,103.4
ct,1900,none,5600,Dual Berettas,0.0,103.4
ct,1900,none,5600,P2000,0.0382,103.4
ct,1900,none,5600,CZ75-Auto,0.0,103.4
ct,1900,none,5600,Desert Eagle,0.0,103.4
ct,1900,none,5600,P250,0.0,103.4
ct,1900,none,5600,none,0.0,103.4
ct,1900,none,5600,Tec-9,0.0,103.4
ct,1900,none,5650,USP-S,0.9498,105.7
ct,1900,none,5650,Five-SeveN,0.0106,105.7
ct,1900,none,5650,Dual Berettas,0.0,105.7
ct,1900,none,5650,P2000,0.0395,105.7
ct,1900,none,5650,CZ75-Auto,0.0,105.7
ct,1900,none,5650,Desert Eagle,0.0,105.7
ct,1900,none,5650,P250,0.0,105.7
ct,1900,none,5650,none,0.0,105.7
ct,1900,none,5650,Tec-9,0.0,105.7
ct,1900,none,5700,USP-S,0.934,103.8
ct,1900,none,5700,Five-SeveN,0.0261,103.8
ct,1900,none,5700,Dual Berettas,0.0,103.8
ct,1900,none,5700,P2000,0.0399,103.8
ct,1900,none,5700,CZ75-Auto,0.0,103.8
ct,1900,none,5700,Desert Eagle,0.0,103.8
ct,1900,none,5700,P250,0.0,103.8
ct,1900,none,5700,none,0.0,103.8
ct,1900,none,5700,Tec-9,0.0,103.8
ct,1900,none,5750,USP-S,0.9315,100.9
ct,1900,none,5750,Five-SeveN,0.0288,100.9
ct,1900,none,5750,Dual Berettas,0.0,100.9
ct,1900,none,5750,P2000,0.0396,100.9
ct,1900,none,5750,CZ75-Auto,0.0,100.9
ct,1900,none,5750,Desert Eagle,0.0,100.9
ct,1900,none,5750,P250,0.0,100.9
ct,1900,none,5750,none,0.0,100.9
ct,1900,none,5750,Tec-9,0.0,100.9
ct,1900,none,5800,USP-S,0.9357,102.6
ct,1900,none,5800,Five-SeveN,0.0284,102.6
ct,1900,none,5800,Dual Berettas,0.0,102.6
ct,1900,none,5800,P2000,0.0359,102.6
ct,1900,none,5800,CZ75-Auto,0.0,102.6
ct,1900,none,5800,Desert Eagle,0.0,102.6
ct,1900,none,5800,P250,0.0,102.6
ct,1900,none,5800,none,0.0,102.6
ct,1900,none,5800,Tec-9,0.0,102.6
ct,1900,none,5850,USP-S,0.9394,100.3
ct,1900,none,5850,Five-SeveN,0.0276,100.3
ct,1900,none,5850,Dual Berettas,0.0,100.3
ct,1900,none,5850,P2000,0.0331,100.3
ct,1900,none,5850,CZ75-Auto,0.0,100.3
ct,1900,none,5850,Desert Eagle,0.0,100.3
ct,1900,none,5850,P250,0.0,100.3
ct,1900,none,5850,none,0.0,100.3
ct,1900,none,5850,Tec-9,0.0,100.3
ct,1900,none,5900,USP-S,0.9464,103.9
ct,1900,none,5900,Five-SeveN,0.0239,103.9
ct,1900,none,5900,Dual Berettas,0.0,103.9
ct,1900,none,5900,P2000,0.0297,103.9
ct,1900,none,5900,CZ75-Auto,0.0,103.9
ct,1900,none,5900,Desert Eagle,0.0,103.9
ct,1900,none,5900,P250,0.0,103.9
ct,1900,none,5900,none,0.0,103.9
ct,1900,none,5900,Tec-9,0.0,103.9
ct,1900,none,5950,USP-S,0.9506,101.7
ct,1900,none,5950,Five-SeveN,0.0207,101.7
ct,1900,none,5950,Dual Berettas,0.0,101.7
ct,1900,none,5950,P2000,0.0269,101.7
ct,1900,none,5950,CZ75-Auto,0.0,101.7
ct,1900,none,5950,Desert Eagle,0.0,101.7
ct,1900,none,5950,P250,0.0018,101.7
ct,1900,none,5950,none,0.0,101.7
ct,1900,none,5950,Tec-9,0.0,101.7
ct,1900,none,6000,USP-S,0.9558,100.1
ct,1900,none,6000,Five-SeveN,0.017,100.1
ct,1900,none,6000,Dual Berettas,0.0,100.1
ct,1900,none,6000,P2000,0.0244,100.1
ct,1900,none,6000,CZ75-Auto,0.0,100.1
ct,1900,none,6000,Desert Eagle,0.0,100.1
ct,1900,none,6000,P250,0.0027,100.1
ct,1900,none,6000,none,0.0,100.1
ct,1900,none,6000,Tec-9,0.0,100.1
ct,1900,none,6050,USP-S,0.9609,100.4
ct,1900,none,6050,Five-SeveN,0.013,100.4
ct,1900,none,6050,Dual Berettas,0.0,100.4
ct,1900,none,6050,P2000,0.0221,100.4
ct,1900,none,6050,CZ75-Auto,0.0,100.4
ct,1900,none,6050,Desert Eagle,0.0,100.4
ct,1900,none,6050,P250,0.004,100.4
ct,1900,none,6050,none,0.0,100.4
ct,1900,none,6050,Tec-9,0.0,100.4
ct,1900,none,6100,USP-S,0.9469,104.0
ct,1900,none,6100,Five-SeveN,0.0091,104.0
ct,1900,none,6100,Dual Berettas,0.0071,104.0
ct,1900,none,6100,P2000,0.0193,104.0
ct,1900,none,6100,CZ75-Auto,0.0,104.0
ct,1900,none,6100,Desert Eagle,0.0,104.0
ct,1900,none,6100,P250,0.0175,104.0
ct,1900,none,6100,none,0.0,104.0
ct,1900,none,6100,Tec-9,0.0,104.0
ct,1900,none,6150,USP-S,0.947,100.1
ct,1900,none,6150,Five-SeveN,0.0058,100.1
ct,1900,none,6150,Dual Berettas,0.0089,100.1
ct,1900,none,6150,P2000,0.0177,100.1
ct,1900,none,6150,CZ75-Auto,0.0,100.1
ct,1900,none,6150,Desert Eagle,0.0,100.1
ct,1900,none,6150,P250,0.0206,100.1
ct,1900,none,6150,none,0.0,100.1
ct,1900,none,6150,Tec-9,0.0,100.1
ct,1900,none,6200,USP-S,0.9497,101.9
ct,1900,none,6200,Five-SeveN,0.0029,101.9
ct,1900,none,6200,Dual Berettas,0.0103,101.9
ct,1900,none,6200,P2000,0.0152,101.9
ct,1900,none,6200,CZ75-Auto,0.0,101.9
ct,1900,none,6200,Desert Eagle,0.0,101.9
ct,1900,none,6200,P250,0.0219,101.9
ct,1900,none,6200,none,0.0,101.9
ct,1900,none,6200,Tec-9,0.0,101.9
ct,1900,none,6250,USP-S,0.9493,101.1
ct,1900,none,6250,Five-SeveN,0.0017,101.1
ct,1900,none,6250,Dual Berettas,0.0119,101.1
ct,1900,none,6250,P2000,0.0138,101.1
ct,1900,none,6250,CZ75-Auto,0.0,101.1
ct,1900,none,6250,Desert Eagle,0.0,101.1
ct,1900,none,6250,P250,0.0233,101.1
ct,1900,none,6250,none,0.0,101.1
ct,1900,none,6250,Tec-9,0.0,101.1
ct,1900,none,6300,USP-S,0.8846,101.6
ct,1900,none,6300,Five-SeveN,0.0684,101.6
ct,1900,none,6300,Dual Berettas,0.0127,101.6
ct,1900,none,6300,P2000,0.0113,101.6
ct,1900,none,6300,CZ75-Auto,0.0,101.6
ct,1900,none,6300,Desert Eagle,0.0,101.6
ct,1900,none,6300,P250,0.023,101.6
ct,1900,none,6300,none,0.0,101.6
ct,1900,none,6300,Tec-9,0.0,101.6
ct,1900,none,6350,USP-S,0.8657,100.1
ct,1900,none,6350,Five-SeveN,0.0765,100.1
ct,1900,none,6350,Dual Berettas,0.013,100.1
ct,1900,none,6350,P2000,0.0226,100.1
ct,1900,none,6350,CZ75-Auto,0.0,100.1
ct,1900,none,6350,Desert Eagle,0.0,100.1
ct,1900,none,6350,P250,0.0221,100.1
ct,1900,none,6350,none,0.0,100.1
ct,1900,none,6350,Tec-9,0.0,100.1
ct,1900,none,6400,USP-S,0.8644,100.5
ct,1900,none,6400,Five-SeveN,0.0809,100.5
ct,1900,none,6400,Dual Berettas,0.0124,100.5
ct,1900,none,6400,P2000,0.0221,100.5
ct,1900,none,6400,CZ75-Auto,0.0,100.5
ct,1900,none,6400,Desert Eagle,0.0,100.5
ct,1900,none,6400,P250,0.0203,100.5
ct,1900,none,6400,none,0.0,100.5
ct,1900,none,6400,Tec-9,0.0,100.5
ct,1900,none,6450,USP-S,0.8665,103.9
ct,1900,none,6450,Five-SeveN,0.0816,103.9
ct,1900,none,6450,Dual Berettas,0.0112,103.9
ct,1900,none,6450,P2000,0.0225,103.9
ct,1900,none,6450,CZ75-Auto,0.0,103.9
ct,1900,none,6450,Desert Eagle,0.0,103.9
ct,1900,none,6450,P250,0.0181,103.9
ct,1900,none,6450,none,0.0,103.9
ct,1900,none,6450,Tec-9,0.0,103.9
ct,1900,none,6500,USP-S,0.8676,104.0
ct,1900,none,6500,Five-SeveN,0.0802,104.0
ct,1900,none,6500,Dual Berettas,0.0096,104.0
ct,1900,none,6500,P2000,0.0218,104.0
ct,1900,none,6500,CZ75-Auto,0.0,104.0
ct,1900,none,6500,Desert Eagle,0.0056,104.0
ct,1900,none,6500,P250,0.0152,104.0
ct,1900,none,6500,none,0.0,104.0
ct,1900,none,6500,Tec-9,0.0,104.0
ct,1900,none,6550,USP-S,0.8753,100.7
ct,1900,none,6550,Five-SeveN,0.0759,100.7
ct,1900,none,6550,Dual Berettas,0.0076,100.7
ct,1900,none,6550,P2000,0.0216,100.7
ct,1900,none,6550,CZ75-Auto,0.0,100.7
ct,1900,none,6550,Desert Eagle,0.0077,100.7
ct,1900,none,6550,P250,0.012,100.7
ct,1900,none,6550,none,0.0,100.7
ct,1900,none,6550,Tec-9,0.0,100.7
ct,1900,none,6600,USP-S,0.8638,100.7
ct,1900,none,6600,Five-SeveN,0.0795,100.7
ct,1900,none,6600,Dual Berettas,0.0054,100.7
ct,1900,none,6600,P2000,0.0218,100.7
ct,1900,none,6600,CZ75-Auto,0.0,100.7
ct,1900,none,6600,Desert Eagle,0.0104,100.7
ct,1900,none,6600,P250,0.019,100.7
ct,1900,none,6600,none,0.0,100.7
ct,1900,none,6600,Tec-9,0.0,100.7
ct,1900,none,6650,USP-S,0.8724,101.4
ct,1900,none,6650,Five-SeveN,0.0684,101.4
ct,1900,none,6650,Dual Berettas,0.0041,101.4
ct,1900,none,6650,P2000,0.0229,101.4
ct,1900,none,6650,CZ75-Auto,0.0,101.4
ct,1900,none,6650,Desert Eagle,0.0132,101.4
ct,1900,none,6650,P250,0.0191,101.4
ct,1900,none,6650,none,0.0,101.4
ct,1900,none,6650,Tec-9,0.0,101.4
ct,1900,none,6700,USP-S,0.8771,101.5
ct,1900,none,6700,Five-SeveN,0.0542,101.5
ct,1900,none,6700,Dual Berettas,0.0026,101.5
ct,1900,none,6700,P2000,0.033,101.5
ct,1900,none,6700,CZ75-Auto,0.0,101.5
ct,1900,none,6700,Desert Eagle,0.0151,101.5
ct,1900,none,6700,P250,0.018,101.5
ct,1900,none,6700,none,0.0,101.5
ct,1900,none,6700,Tec-9,0.0,101.5
ct,1900,none,6750,USP-S,0.8883,100.3
ct,1900,none,6750,Five-SeveN,0.0417,100.3
ct,1900,none,6750,Dual Berettas,0.0015,100.3
ct,1900,none,6750,P2000,0.0352,100.3
ct,1900,none,6750,CZ75-Auto,0.0,100.3
ct,1900,none,6750,Desert Eagle,0.0166,100.3
ct,1900,none,6750,P250,0.0168,100.3
ct,1900,none,6750,none,0.0,100.3
ct,1900,none,6750,Tec-9,0.0,100.3
ct,1900,none,6800,USP-S,0.8938,103.2
ct,1900,none,6800,Five-SeveN,0.0345,103.2
ct,1900,none,6800,Dual Berettas,0.0011,103.2
ct,1900,none,6800,P2000,0.0375,103.2
ct,1900,none,6800,CZ75-Auto,0.0,103.2
ct,1900,none,6800,Desert Eagle,0.0178,103.2
ct,1900,none,6800,P250,0.0153,103.2
ct,1900,none,6800,none,0.0,103.2
ct,1900,none,6800,Tec-9,0.0,103.2
ct,1900,none,6850,USP-S,0.8994,100.9
ct,1900,none,6850,Five-SeveN,0.0276,100.9
ct,1900,none,6850,Dual Berettas,0.0006,100.9
ct,1900,none,6850,P2000,0.0397,100.9
ct,1900,none,6850,CZ75-Auto,0.0,100.9
ct,1900,none,6850,Desert Eagle,0.019,100.9
ct,1900,none,6850,P250,0.0137,100.9
ct,1900,none,6850,none,0.0,100.9
ct,1900,none,6850,Tec-9,0.0,100.9
ct,1900,none,6900,USP-S,0.9034,104.1
ct,1900,none,6900,Five-SeveN,0.0246,104.1
ct,1900,none,6900,Dual Berettas,0.0004,104.1
ct,1900,none,6900,P2000,0.0404,104.1
ct,1900,none,6900,CZ75-Auto,0.0,104.1
ct,1900,none,6900,Desert Eagle,0.0195,104.1
ct,1900,none,6900,P250,0.0116,104.1
ct,1900,none,6900,none,0.0,104.1
ct,1900,none,6900,Tec-9,0.0,104.1
ct,1900,none,6950,USP-S,0.8956,103.3
ct,1900,none,6950,Five-SeveN,0.021,103.3
ct,1900,none,6950,Dual Berettas,0.0002,103.3
ct,1900,none,6950,P2000,0.0403,103.3
ct,1900,none,6950,CZ75-Auto,0.0,103.3
ct,1900,none,6950,Desert Eagle,0.0336,103.3
ct,1900,none,6950,P250,0.0093,103.3
ct,1900,none,6950,none,0.0,103.3
ct,1900,none,6950,Tec-9,0.0,103.3
ct,1900,none,7000,USP-S,0.9001,101.1
ct,1900,none,7000,Five-SeveN,0.0191,101.1
ct,1900,none,7000,Dual Berettas,0.0001,101.1
ct,1900,none,7000,P2000,0.0399,101.1
ct,1900,none,7000,CZ75-Auto,0.0,101.1
ct,1900,none,7000,Desert Eagle,0.0336,101.1
ct,1900,none,7000,P250,0.0073,101.1
ct,1900,none,7000,none,0.0,101.1
ct,1900,none,7000,Tec-9,0.0,101.1
ct,1900,none,7050,USP-S,0.9092,103.2
ct,1900,none,7050,Five-SeveN,0.0173,103.2
ct,1900,none,7050,Dual Berettas,0.0001,103.2
ct,1900,none,7050,P2000,0.0373,103.2
ct,1900,none,7050,CZ75-Auto,0.0,103.2
ct,1900,none,7050,Desert Eagle,0.031,103.2
ct,1900,none,7050,P250,0.0051,103.2
ct,1900,none,7050,none,0.0,103.2
ct,1900,none,7050,Tec-9,0.0,103.2
ct,1900,none,7100,USP-S,0.9176,102.9
ct,1900,none,7100,Five-SeveN,0.0161,102.9
ct,1900,none,7100,Dual Berettas,0.0,102.9
ct,1900,none,7100,P2000,0.0347,102.9
ct,1900,none,7100,CZ75-Auto,0.0,102.9
ct,1900,none,7100,Desert Eagle,0.0281,102.9
ct,1900,none,7100,P250,0.0035,102.9
ct,1900,none,7100,none,0.0,102.9
ct,1900,none,7100,Tec-9,0.0,102.9
ct,1900,none,7150,USP-S,0.9257,102.2
ct,1900,none,7150,Five-SeveN,0.0151,102.2
ct,1900,none,7150,Dual Berettas,0.0,102.2
ct,1900,none,7150,P2000,0.0322,102.2
ct,1900,none,7150,CZ75-Auto,0.0,102.2
ct,1900,none,7150,Desert Eagle,0.0247,102.2
ct,1900,none,7150,P250,0.0023,102.2
ct,1900,none,7150,none,0.0,102.2
ct,1900,none,7150,Tec-9,0.0,102.2
ct,1900,none,7200,USP-S,0.9342,101.5
ct,1900,none,7200,Five-SeveN,0.014,101.5
ct,1900,none,7200,Dual Berettas,0.0,101.5
ct,1900,none,7200,P2000,0.0295,101.5
ct,1900,none,7200,CZ75-Auto,0.0,101.5
ct,1900,none,7200,Desert Eagle,0.0208,101.5
ct,1900,none,7200,P250,0.0014,101.5
ct,1900,none,7200,none,0.0,101.5
ct,1900,none,7200,Tec-9,0.0,101.5
ct,1900,none,7250,USP-S,0.9425,100.6
ct,1900,none,7250,Five-SeveN,0.013,100.6
ct,1900,none,7250,Dual Berettas,0.0,100.6
ct,1900,none,7250,P2000,0.0268,100.6
ct,1900,none,7250,CZ75-Auto,0.0,100.6
ct,1900,none,7250,Desert Eagle,0.0168,100.6
ct,1900,none,7250,P250,0.0008,100.6
ct,1900,none,7250,none,0.0,100.6
ct,1900,none,7250,Tec-9,0.0,100.6
ct,1900,none,7300,USP-S,0.9483,103.7
ct,1900,none,7300,Five-SeveN,0.0127,103.7
ct,1900,none,7300,Dual Berettas,0.0,103.7
ct,1900,none,7300,P2000,0.0248,103.7
ct,1900,none,7300,CZ75-Auto,0.0,103.7
ct,1900,none,7300,Desert Eagle,0.0135,103.7
ct,1900,none,7300,P250,0.0006,103.7
ct,1900,none,7300,none,0.0,103.7
ct,1900,none,7300,Tec-9,0.0,103.7
ct,1900,none,7350,USP-S,0.9537,102.8
ct,1900,none,7350,Five-SeveN,0.0127,102.8
ct,1900,none,7350,Dual Berettas,0.0,102.8
ct,1900,none,7350,P2000,0.0229,102.8
ct,1900,none,7350,CZ75-Auto,0.0,102.8
ct,1900,none,7350,Desert Eagle,0.0104,102.8
ct,1900,none,7350,P250,0.0003,102.8
ct,1900,none,7350,none,0.0,102.8
ct,1900,none,7350,Tec-9,0.0,102.8
ct,1900,none,7400,USP-S,0.9569,101.0
ct,1900,none,7400,Five-SeveN,0.0135,101.0
ct,1900,none,7400,Dual Berettas,0.0,101.0
ct,1900,none,7400,P2000,0.0214,101.0
ct,1900,none,7400,CZ75-Auto,0.0,101.0
ct,1900,none,7400,Desert Eagle,0.008,101.0
ct,1900,none,7400,P250,0.0002,101.0
ct,1900,none,7400,none,0.0,101.0
ct,1900,none,7400,Tec-9,0.0,101.0
ct,1900,none,7450,USP-S,0.9561,103.8
ct,1900,none,7450,Five-SeveN,0.0158,103.8
ct,1900,none,7450,Dual Berettas,0.0,103.8
ct,1900,none,7450,P2000,0.0207,103.8
ct,1900,none,7450,CZ75-Auto,0.0,103.8
ct,1900,none,7450,Desert Eagle,0.0072,103.8
ct,1900,none,7450,P250,0.0001,103.8
ct,1900,none,7450,none,0.0,103.8
ct,1900,none,7450,Tec-9,0.0,103.8
ct,1900,none,7500,USP-S,0.9553,102.2
ct,1900,none,7500,Five-SeveN,0.0182,102.2
ct,1900,none,7500,Dual Berettas,0.0,102.2
ct,1900,none,7500,P2000,0.0198,102.2
ct,1900,none,7500,CZ75-Auto,0.0,102.2
ct,1900,none,7500,Desert Eagle,0.0066,102.2
ct,1900,none,7500,P250,0.0001,102.2
ct,1900,none,7500,none,0.0,102.2
ct,1900,none,7500,Tec-9,0.0,102.2
ct,1900,none,7550,USP-S,0.9527,100.6
ct,1900,none,7550,Five-SeveN,0.0212,100.6
ct,1900,none,7550,Dual Berettas,0.0,100.6
ct,1900,none,7550,P2000,0.0192,100.6
ct,1900,none,7550,CZ75-Auto,0.0,100.6
ct,1900,none,7550,Desert Eagle,0.0068,100.6
ct,1900,none,7550,P250,0.0,100.6
ct,1900,none,7550,none,0.0,100.6
ct,1900,none,7550,Tec-9,0.0,100.6
ct,1900,none,7600,USP-S,0.948,103.1
ct,1900,none,7600,Five-SeveN,0.0245,103.1
ct,1900,none,7600,Dual Berettas,0.0,103.1
ct,1900,none,7600,P2000,0.0186,103.1
ct,1900,none,7600,CZ75-Auto,0.0,103.1
ct,1900,none,7600,Desert Eagle,0.0089,103.1
ct,1900,none,7600,P250,0.0,103.1
ct,1900,none,7600,none,0.0,103.1
ct,1900,none,7600,Tec-9,0.0,103.1
ct,2400,none,800,USP-S,0.7969,104.0
ct,2400,none,800,P250,0.0256,104.0
ct,2400,none,800,Five-SeveN,0.1242,104.0
ct,2400,none,800,Dual Berettas,0.0043,104.0
ct,2400,none,800,Desert Eagle,0.0312,104.0
ct,2400,none,800,P2000,0.0177,104.0
ct,2400,none,800,CZ75-Auto,0.0,104.0
ct,2400,none,800,none,0.0001,104.0
ct,2400,none,850,USP-S,0.7986,110.5
ct,2400,none,850,P250,0.0253,110.5
ct,2400,none,850,Five-SeveN,0.1221,110.5
ct,2400,none,850,Dual Berettas,0.0045,110.5
ct,2400,none,850,Desert Eagle,0.0317,110.5
ct,2400,none,850,P2000,0.0177,110.5
ct,2400,none,850,CZ75-Auto,0.0,110.5
ct,2400,none,850,none,0.0001,110.5
ct,2400,none,900,USP-S,0.7966,106.0
ct,2400,none,900,P250,0.0255,106.0
ct,2400,none,900,Five-SeveN,0.1244,106.0
ct,2400,none,900,Dual Berettas,0.0044,106.0
ct,2400,none,900,Desert Eagle,0.0314,106.0
ct,2400,none,900,P2000,0.0177,106.0
ct,2400,none,900,CZ75-Auto,0.0,106.0
ct,2400,none,900,none,0.0001,106.0
ct,2400,none,950,USP-S,0.7946,101.6
ct,2400,none,950,P250,0.0257,101.6
ct,2400,none,950,Five-SeveN,0.1259,101.6
ct,2400,none,950,Dual Berettas,0.0051,101.6
ct,2400,none,950,Desert Eagle,0.031,101.6
ct,2400,none,950,P2000,0.0177,101.6
ct,2400,none,950,CZ75-Auto,0.0,101.6
ct,2400,none,950,none,0.0,101.6
ct,2400,none,1000,USP-S,0.7964,108.9
ct,2400,none,1000,P250,0.0254,108.9
ct,2400,none,1000,Five-SeveN,0.1235,108.9
ct,2400,none,1000,Dual Berettas,0.0054,108.9
ct,2400,none,1000,Desert Eagle,0.0315,108.9
ct,2400,none,1000,P2000,0.0177,108.9
ct,2400,none,1000,CZ75-Auto,0.0,108.9
ct,2400,none,1000,none,0.0001,108.9
ct,2400,none,1050,USP-S,0.7952,104.5
ct,2400,none,1050,P250,0.0256,104.5
ct,2400,none,1050,Five-SeveN,0.125,104.5
ct,2400,none,1050,Dual Berettas,0.0052,104.5
ct,2400,none,1050,Desert Eagle,0.0312,104.5
ct,2400,none,1050,P2000,0.0177,104.5
ct,2400,none,1050,CZ75-Auto,0.0,104.5
ct,2400,none,1050,none,0.0,104.5
ct,2400,none,1100,USP-S,0.794,100.1
ct,2400,none,1100,P250,0.0257,100.1
ct,2400,none,1100,Five-SeveN,0.1266,100.1
ct,2400,none,1100,Dual Berettas,0.005,100.1
ct,2400,none,1100,Desert Eagle,0.0309,100.1
ct,2400,none,1100,P2000,0.0178,100.1
ct,2400,none,1100,CZ75-Auto,0.0,100.1
ct,2400,none,1100,none,0.0,100.1
ct,2400,none,1150,USP-S,0.7944,109.2
ct,2400,none,1150,P250,0.0253,109.2
ct,2400,none,1150,Five-SeveN,0.1258,109.2
ct,2400,none,1150,Dual Berettas,0.0054,109.2
ct,2400,none,1150,Desert Eagle,0.0314,109.2
ct,2400,none,1150,P2000,0.0176,109.2
ct,2400,none,1150,CZ75-Auto,0.0,109.2
ct,2400,none,1150,none,0.0001,109.2
ct,2400,none,1200,USP-S,0.7933,105.2
ct,2400,none,1200,P250,0.0255,105.2
ct,2400,none,1200,Five-SeveN,0.1271,105.2
ct,2400,none,1200,Dual Berettas,0.0052,105.2
ct,2400,none,1200,Desert Eagle,0.0311,105.2
ct,2400,none,1200,P2000,0.0177,105.2
ct,2400,none,1200,CZ75-Auto,0.0,105.2
ct,2400,none,1200,none,0.0,105.2
ct,2400,none,1250,USP-S,0.7922,101.2
ct,2400,none,1250,P250,0.0257,101.2
ct,2400,none,1250,Five-SeveN,0.1284,101.2
ct,2400,none,1250,Dual Berettas,0.005,101.2
ct,2400,none,1250,Desert Eagle,0.0309,101.2
ct,2400,none,1250,P2000,0.0178,101.2
ct,2400,none,1250,CZ75-Auto,0.0,101.2
ct,2400,none,1250,none,0.0,101.2
ct,2400,none,1300,USP-S,0.7929,112.0
ct,2400,none,1300,P250,0.0252,112.0
ct,2400,none,1300,Five-SeveN,0.1272,112.0
ct,2400,none,1300,Dual Berettas,0.0054,112.0
ct,2400,none,1300,Desert Eagle,0.0315,112.0
ct,2400,none,1300,P2000,0.0176,112.0
ct,2400,none,1300,CZ75-Auto,0.0,112.0
ct,2400,none,1300,none,0.0,112.0
ct,2400,none,1350,USP-S,0.7908,109.0
ct,2400,none,1350,P250,0.0253,109.0
ct,2400,none,1350,Five-SeveN,0.1281,109.0
ct,2400,none,1350,Dual Berettas,0.0053,109.0
ct,2400,none,1350,Desert Eagle,0.0328,109.0
ct,2400,none,1350,P2000,0.0176,109.0
ct,2400,none,1350,CZ75-Auto,0.0,109.0
ct,2400,none,1350,none,0.0,109.0
ct,2400,none,1400,USP-S,0.79,105.9
ct,2400,none,1400,P250,0.0255,105.9
ct,2400,none,1400,Five-SeveN,0.1292,105.9
ct,2400,none,1400,Dual Berettas,0.0051,105.9
ct,2400,none,1400,Desert Eagle,0.0325,105.9
ct,2400,none,1400,P2000,0.0177,105.9
ct,2400,none,1400,CZ75-Auto,0.0,105.9
ct,2400,none,1400,none,0.0,105.9
ct,2400,none,1450,USP-S,0.7816,105.1
ct,2400,none,1450,P250,0.0254,105.1
ct,2400,none,1450,Five-SeveN,0.1364,105.1
ct,2400,none,1450,Dual Berettas,0.007,105.1
ct,2400,none,1450,Desert Eagle,0.0319,105.1
ct,2400,none,1450,P2000,0.0176,105.1
ct,2400,none,1450,CZ75-Auto,0.0,105.1
ct,2400,none,1450,none,0.0,105.1
ct,2400,none,1500,USP-S,0.7775,103.7
ct,2400,none,1500,P250,0.0254,103.7
ct,2400,none,1500,CZ75-Auto,0.002,103.7
ct,2400,none,1500,Five-SeveN,0.1391,103.7
ct,2400,none,1500,Dual Berettas,0.0068,103.7
ct,2400,none,1500,Desert Eagle,0.0315,103.7
ct,2400,none,1500,P2000,0.0176,103.7
ct,2400,none,1500,none,0.0,103.7
ct,2400,none,1550,USP-S,0.7772,101.9
ct,2400,none,1550,P250,0.0256,101.9
ct,2400,none,1550,CZ75-Auto,0.002,101.9
ct,2400,none,1550,Five-SeveN,0.1395,101.9
ct,2400,none,1550,Dual Berettas,0.0067,101.9
ct,2400,none,1550,Desert Eagle,0.0313,101.9
ct,2400,none,1550,P2000,0.0177,101.9
ct,2400,none,1550,none,0.0,101.9
ct,2400,none,1600,USP-S,0.7769,101.0
ct,2400,none,1600,P250,0.0257,101.0
ct,2400,none,1600,CZ75-Auto,0.002,101.0
ct,2400,none,1600,Five-SeveN,0.1398,101.0
ct,2400,none,1600,Dual Berettas,0.0066,101.0
ct,2400,none,1600,Desert Eagle,0.0313,101.0
ct,2400,none,1600,P2000,0.0178,101.0
ct,2400,none,1600,none,0.0,101.0
ct,2400,none,1650,USP-S,0.7499,102.8
ct,2400,none,1650,Desert Eagle,0.0625,102.8
ct,2400,none,1650,P250,0.0248,102.8
ct,2400,none,1650,CZ75-Auto,0.0019,102.8
ct,2400,none,1650,Five-SeveN,0.1373,102.8
ct,2400,none,1650,Dual Berettas,0.0064,102.8
ct,2400,none,1650,P2000,0.0172,102.8
ct,2400,none,1650,none,0.0,102.8
ct,2400,none,1700,USP-S,0.754,106.6
ct,2400,none,1700,Desert Eagle,0.0611,106.6
ct,2400,none,1700,P250,0.0245,106.6
ct,2400,none,1700,CZ75-Auto,0.0019,106.6
ct,2400,none,1700,Five-SeveN,0.1351,106.6
ct,2400,none,1700,Dual Berettas,0.0063,106.6
ct,2400,none,1700,P2000,0.017,106.6
ct,2400,none,1700,none,0.0,106.6
ct,2400,none,1750,USP-S,0.7254,113.8
ct,2400,none,1750,Desert Eagle,0.058,113.8
ct,2400,none,1750,P250,0.0234,113.8
ct,2400,none,1750,CZ75-Auto,0.0019,113.8
ct,2400,none,1750,Five-SeveN,0.1687,113.8
ct,2400,none,1750,Dual Berettas,0.0063,113.8
ct,2400,none,1750,P2000,0.0164,113.8
ct,2400,none,1750,none,0.0,113.8
ct,2400,none,1800,Five-SeveN,0.2271,108.2
ct,2400,none,1800,USP-S,0.6646,108.2
ct,2400,none,1800,Desert Eagle,0.0524,108.2
ct,2400,none,1800,P250,0.0223,108.2
ct,2400,none,1800,CZ75-Auto,0.0135,108.2
ct,2400,none,1800,Dual Berettas,0.0047,108.2
ct,2400,none,1800,P2000,0.0154,108.2
ct,2400,none,1800,none,0.0,108.2
ct,2400,none,1850,Five-SeveN,0.229,124.2
ct,2400,none,1850,USP-S,0.6384,124.2
ct,2400,none,1850,Desert Eagle,0.0631,124.2
ct,2400,none,1850,P250,0.021,124.2
ct,2400,none,1850,CZ75-Auto,0.0286,124.2
ct,2400,none,1850,Dual Berettas,0.005,124.2
ct,2400,none,1850,P2000,0.0149,124.2
ct,2400,none,1850,none,0.0,124.2
ct,2400,none,1900,Five-SeveN,0.2265,103.9
ct,2400,none,1900,USP-S,0.6471,103.9
ct,2400,none,1900,Desert Eagle,0.0576,103.9
ct,2400,none,1900,P250,0.0227,103.9
ct,2400,none,1900,CZ75-Auto,0.0286,103.9
ct,2400,none,1900,Dual Berettas,0.0022,103.9
ct,2400,none,1900,P2000,0.0153,103.9
ct,2400,none,1900,none,0.0,103.9
ct,2400,none,1950,Five-SeveN,0.299,131.5
ct,2400,none,1950,USP-S,0.5607,131.5
ct,2400,none,1950,Desert Eagle,0.0818,131.5
ct,2400,none,1950,P250,0.0207,131.5
ct,2400,none,1950,CZ75-Auto,0.0208,131.5
ct,2400,none,1950,Dual Berettas,0.0018,131.5
ct,2400,none,1950,P2000,0.0151,131.5
ct,2400,none,1950,none,0.0,131.5
ct,2400,none,2000,Five-SeveN,0.2964,102.2
ct,2400,none,2000,USP-S,0.5522,102.2
ct,2400,none,2000,Desert Eagle,0.1248,102.2
ct,2400,none,2000,P250,0.0014,102.2
ct,2400,none,2000,CZ75-Auto,0.0121,102.2
ct,2400,none,2000,Dual Berettas,0.0019,102.2
ct,2400,none,2000,P2000,0.0112,102.2
ct,2400,none,2000,none,0.0,102.2
ct,2400,none,2050,Five-SeveN,0.2963,159.4
ct,2400,none,2050,USP-S,0.5693,159.4
ct,2400,none,2050,Desert Eagle,0.0844,159.4
ct,2400,none,2050,P250,0.0076,159.4
ct,2400,none,2050,CZ75-Auto,0.0137,159.4
ct,2400,none,2050,Dual Berettas,0.0279,159.4
ct,2400,none,2050,P2000,0.0009,159.4
ct,2400,none,2050,none,0.0,159.4
ct,2400,none,2100,Five-SeveN,0.2804,192.2
ct,2400,none,2100,USP-S,0.4941,192.2
ct,2400,none,2100,P250,0.023,192.2
ct,2400,none,2100,Desert Eagle,0.1503,192.2
ct,2400,none,2100,CZ75-Auto,0.0063,192.2
ct,2400,none,2100,Dual Berettas,0.0346,192.2
ct,2400,none,2100,P2000,0.0114,192.2
ct,2400,none,2100,none,0.0,192.2
ct,2400,none,2150,Five-SeveN,0.2778,163.2
ct,2400,none,2150,USP-S,0.5486,163.2
ct,2400,none,2150,P250,0.0143,163.2
ct,2400,none,2150,Desert Eagle,0.13,163.2
ct,2400,none,2150,CZ75-Auto,0.0135,163.2
ct,2400,none,2150,Dual Berettas,0.0083,163.2
ct,2400,none,2150,P2000,0.0074,163.2
ct,2400,none,2150,none,0.0,163.2
ct,2400,none,2200,Five-SeveN,0.2588,133.0
ct,2400,none,2200,USP-S,0.5516,133.0
ct,2400,none,2200,P250,0.0011,133.0
ct,2400,none,2200,Desert Eagle,0.17,133.0
ct,2400,none,2200,CZ75-Auto,0.0007,133.0
ct,2400,none,2200,Dual Berettas,0.0004,133.0
ct,2400,none,2200,P2000,0.0171,133.0
ct,2400,none,2200,none,0.0004,133.0
ct,2400,none,2250,Five-SeveN,0.2042,145.8
ct,2400,none,2250,USP-S,0.6042,145.8
ct,2400,none,2250,P250,0.0174,145.8
ct,2400,none,2250,Desert Eagle,0.1369,145.8
ct,2400,none,2250,CZ75-Auto,0.0001,145.8
ct,2400,none,2250,Dual Berettas,0.0,145.8
ct,2400,none,2250,P2000,0.0273,145.8
ct,2400,none,2250,none,0.0099,145.8
ct,2400,none,2300,Five-SeveN,0.1634,102.2
ct,2400,none,2300,USP-S,0.667,102.2
ct,2400,none,2300,P250,0.0495,102.2
ct,2400,none,2300,Desert Eagle,0.0935,102.2
ct,2400,none,2300,CZ75-Auto,0.0,102.2
ct,2400,none,2300,Dual Berettas,0.0001,102.2
ct,2400,none,2300,P2000,0.0232,102.2
ct,2400,none,2300,Glock-18,0.0001,102.2
ct,2400,none,2300,none,0.0033,102.2
ct,2400,none,2350,Five-SeveN,0.1455,143.0
ct,2400,none,2350,USP-S,0.635,143.0
ct,2400,none,2350,P250,0.0405,143.0
ct,2400,none,2350,Desert Eagle,0.1474,143.0
ct,2400,none,2350,CZ75-Auto,0.0,143.0
ct,2400,none,2350,Dual Berettas,0.0099,143.0
ct,2400,none,2350,P2000,0.0165,143.0
ct,2400,none,2350,Glock-18,0.0047,143.0
ct,2400,none,2350,none,0.0005,143.0
ct,2400,none,2400,Five-SeveN,0.1499,113.1
ct,2400,none,2400,USP-S,0.6566,113.1
ct,2400,none,2400,P250,0.0207,113.1
ct,2400,none,2400,Desert Eagle,0.1289,113.1
ct,2400,none,2400,CZ75-Auto,0.0,113.1
ct,2400,none,2400,Dual Berettas,0.0263,113.1
ct,2400,none,2400,P2000,0.006,113.1
ct,2400,none,2400,Glock-18,0.0117,113.1
ct,2400,none,2400,none,0.0,113.1
ct,2400,none,2450,Five-SeveN,0.1414,137.5
ct,2400,none,2450,USP-S,0.7075,137.5
ct,2400,none,2450,P250,0.0163,137.5
ct,2400,none,2450,Desert Eagle,0.1,137.5
ct,2400,none,2450,CZ75-Auto,0.0,137.5
ct,2400,none,2450,Dual Berettas,0.0162,137.5
ct,2400,none,2450,P2000,0.0162,137.5
ct,2400,none,2450,Glock-18,0.0023,137.5
ct,2400,none,2450,none,0.0,137.5
ct,2400,none,2500,Five-SeveN,0.1796,128.5
ct,2400,none,2500,USP-S,0.6313,128.5
ct,2400,none,2500,P250,0.0215,128.5
ct,2400,none,2500,Desert Eagle,0.1245,128.5
ct,2400,none,2500,CZ75-Auto,0.0,128.5
ct,2400,none,2500,Dual Berettas,0.012,128.5
ct,2400,none,2500,P2000,0.031,128.5
ct,2400,none,2500,Glock-18,0.0,128.5
ct,2400,none,2500,none,0.0,128.5
ct,2400,none,2550,Five-SeveN,0.1481,134.1
ct,2400,none,2550,USP-S,0.6754,134.1
ct,2400,none,2550,P250,0.0119,134.1
ct,2400,none,2550,Desert Eagle,0.1325,134.1
ct,2400,none,2550,CZ75-Auto,0.0,134.1
ct,2400,none,2550,Dual Berettas,0.0109,134.1
ct,2400,none,2550,P2000,0.016,134.1
ct,2400,none,2550,Glock-18,0.0052,134.1
ct,2400,none,2550,none,0.0,134.1
ct,2400,none,2600,Five-SeveN,0.1952,105.0
ct,2400,none,2600,USP-S,0.619,105.0
ct,2400,none,2600,P250,0.025,105.0
ct,2400,none,2600,Desert Eagle,0.1247,105.0
ct,2400,none,2600,CZ75-Auto,0.0,105.0
ct,2400,none,2600,Dual Berettas,0.0162,105.0
ct,2400,none,2600,P2000,0.0058,105.0
ct,2400,none,2600,Glock-18,0.014,105.0
ct,2400,none,2600,none,0.0,105.0
ct,2400,none,2650,Five-SeveN,0.1937,120.5
ct,2400,none,2650,USP-S,0.5701,120.5
ct,2400,none,2650,P250,0.0634,120.5
ct,2400,none,2650,Desert Eagle,0.1387,120.5
ct,2400,none,2650,P2000,0.006,120.5
ct,2400,none,2650,CZ75-Auto,0.0,120.5
ct,2400,none,2650,Dual Berettas,0.0174,120.5
ct,2400,none,2650,Glock-18,0.0107,120.5
ct,2400,none,2650,none,0.0,120.5
ct,2400,none,2700,Five-SeveN,0.1705,118.2
ct,2400,none,2700,USP-S,0.5236,118.2
ct,2400,none,2700,P250,0.0837,118.2
ct,2400,none,2700,Desert Eagle,0.1855,118.2
ct,2400,none,2700,P2000,0.011,118.2
ct,2400,none,2700,CZ75-Auto,0.0,118.2
ct,2400,none,2700,Dual Berettas,0.0191,118.2
ct,2400,none,2700,Glock-18,0.0066,118.2
ct,2400,none,2700,none,0.0,118.2
ct,2400,none,2750,Five-SeveN,0.1377,115.6
ct,2400,none,2750,USP-S,0.5249,115.6
ct,2400,none,2750,P250,0.071,115.6
ct,2400,none,2750,Desert Eagle,0.2064,115.6
ct,2400,none,2750,P2000,0.0411,115.6
ct,2400,none,2750,CZ75-Auto,0.0,115.6
ct,2400,none,2750,Dual Berettas,0.0158,115.6
ct,2400,none,2750,Glock-18,0.0031,115.6
ct,2400,none,2750,none,0.0,115.6
ct,2400,none,2800,Five-SeveN,0.1166,104.4
ct,2400,none,2800,USP-S,0.5441,104.4
ct,2400,none,2800,P250,0.0544,104.4
ct,2400,none,2800,Desert Eagle,0.227,104.4
ct,2400,none,2800,P2000,0.0453,104.4
ct,2400,none,2800,CZ75-Auto,0.0,104.4
ct,2400,none,2800,Dual Berettas,0.0115,104.4
ct,2400,none,2800,Glock-18,0.001,104.4
ct,2400,none,2800,none,0.0,104.4
ct,2400,none,2850,Five-SeveN,0.1196,103.2
ct,2400,none,2850,USP-S,0.5528,103.2
ct,2400,none,2850,P250,0.0449,103.2
ct,2400,none,2850,Desert Eagle,0.2327,103.2
ct,2400,none,2850,P2000,0.0414,103.2
ct,2400,none,2850,CZ75-Auto,0.0,103.2
ct,2400,none,2850,Dual Berettas,0.008,103.2
ct,2400,none,2850,Glock-18,0.0005,103.2
ct,2400,none,2850,none,0.0,103.2
ct,2400,none,2900,Five-SeveN,0.1268,105.8
ct,2400,none,2900,USP-S,0.5658,105.8
ct,2400,none,2900,P250,0.0418,105.8
ct,2400,none,2900,Desert Eagle,0.2266,105.8
ct,2400,none,2900,P2000,0.0331,105.8
ct,2400,none,2900,CZ75-Auto,0.0003,105.8
ct,2400,none,2900,Dual Berettas,0.0053,105.8
ct,2400,none,2900,Glock-18,0.0003,105.8
ct,2400,none,2900,none,0.0,105.8
ct,2400,none,2950,Five-SeveN,0.1514,107.3
ct,2400,none,2950,USP-S,0.5556,107.3
ct,2400,none,2950,P250,0.0439,107.3
ct,2400,none,2950,Desert Eagle,0.2167,107.3
ct,2400,none,2950,P2000,0.0269,107.3
ct,2400,none,2950,CZ75-Auto,0.0016,107.3
ct,2400,none,2950,Dual Berettas,0.0037,107.3
ct,2400,none,2950,Glock-18,0.0002,107.3
ct,2400,none,2950,none,0.0,107.3
ct,2400,none,3000,Five-SeveN,0.1834,107.4
ct,2400,none,3000,USP-S,0.5406,107.4
ct,2400,none,3000,P250,0.0446,107.4
ct,2400,none,3000,Desert Eagle,0.2015,107.4
ct,2400,none,3000,P2000,0.0227,107.4
ct,2400,none,3000,CZ75-Auto,0.0046,107.4
ct,2400,none,3000,Dual Berettas,0.0025,107.4
ct,2400,none,3000,Glock-18,0.0001,107.4
ct,2400,none,3000,none,0.0,107.4
ct,2400,none,3050,Five-SeveN,0.2215,102.2
ct,2400,none,3050,USP-S,0.5092,102.2
ct,2400,none,3050,P250,0.0442,102.2
ct,2400,none,3050,Desert Eagle,0.1913,102.2
ct,2400,none,3050,P2000,0.0229,102.2
ct,2400,none,3050,CZ75-Auto,0.009,102.2
ct,2400,none,3050,Dual Berettas,0.0017,102.2
ct,2400,none,3050,Glock-18,0.0001,102.2
ct,2400,none,3050,none,0.0,102.2
ct,2400,none,3100,Five-SeveN,0.2501,102.3
ct,2400,none,3100,USP-S,0.4639,102.3
ct,2400,none,3100,P250,0.0424,102.3
ct,2400,none,3100,Desert Eagle,0.186,102.3
ct,2400,none,3100,P2000,0.0281,102.3
ct,2400,none,3100,CZ75-Auto,0.0126,102.3
ct,2400,none,3100,Dual Berettas,0.0015,102.3
ct,2400,none,3100,Glock-18,0.0154,102.3
ct,2400,none,3100,none,0.0,102.3
ct,2400,none,3150,Five-SeveN,0.2754,100.6
ct,2400,none,3150,USP-S,0.4343,100.6
ct,2400,none,3150,P250,0.0411,100.6
ct,2400,none,3150,Desert Eagle,0.185,100.6
ct,2400,none,3150,P2000,0.0334,100.6
ct,2400,none,3150,CZ75-Auto,0.0145,100.6
ct,2400,none,3150,Dual Berettas,0.0015,100.6
ct,2400,none,3150,Glock-18,0.0147,100.6
ct,2400,none,3150,none,0.0,100.6
ct,2400,none,3200,Five-SeveN,0.2682,105.4
ct,2400,none,3200,USP-S,0.4537,105.4
ct,2400,none,3200,P250,0.0361,105.4
ct,2400,none,3200,Desert Eagle,0.1668,105.4
ct,2400,none,3200,P2000,0.034,105.4
ct,2400,none,3200,CZ75-Auto,0.0138,105.4
ct,2400,none,3200,Dual Berettas,0.0151,105.4
ct,2400,none,3200,Glock-18,0.0123,105.4
ct,2400,none,3200,none,0.0,105.4
ct,2400,none,3250,Five-SeveN,0.2759,106.0
ct,2400,none,3250,USP-S,0.4544,106.0
ct,2400,none,3250,P250,0.0338,106.0
ct,2400,none,3250,Desert Eagle,0.1608,106.0
ct,2400,none,3250,P2000,0.036,106.0
ct,2400,none,3250,CZ75-Auto,0.0134,106.0
ct,2400,none,3250,Dual Berettas,0.0146,106.0
ct,2400,none,3250,Glock-18,0.011,106.0
ct,2400,none,3250,none,0.0,106.0
ct,2400,none,3300,Five-SeveN,0.2867,100.7
ct,2400,none,3300,USP-S,0.4537,100.7
ct,2400,none,3300,P250,0.0312,100.7
ct,2400,none,3300,Desert Eagle,0.153,100.7
ct,2400,none,3300,P2000,0.0378,100.7
ct,2400,none,3300,CZ75-Auto,0.0132,100.7
ct,2400,none,3300,Dual Berettas,0.0143,100.7
ct,2400,none,3300,Glock-18,0.0101,100.7
ct,2400,none,3300,none,0.0,100.7
ct,2400,none,3350,Five-SeveN,0.2858,104.5
ct,2400,none,3350,USP-S,0.4702,104.5
ct,2400,none,3350,P250,0.0286,104.5
ct,2400,none,3350,Desert Eagle,0.1433,104.5
ct,2400,none,3350,P2000,0.0382,104.5
ct,2400,none,3350,CZ75-Auto,0.012,104.5
ct,2400,none,3350,Dual Berettas,0.0131,104.5
ct,2400,none,3350,Glock-18,0.0089,104.5
ct,2400,none,3350,none,0.0,104.5
ct,2400,none,3400,Five-SeveN,0.2916,101.7
ct,2400,none,3400,USP-S,0.4785,101.7
ct,2400,none,3400,P250,0.0259,101.7
ct,2400,none,3400,Desert Eagle,0.1334,101.7
ct,2400,none,3400,P2000,0.0392,101.7
ct,2400,none,3400,CZ75-Auto,0.0113,101.7
ct,2400,none,3400,Dual Berettas,0.0122,101.7
ct,2400,none,3400,Glock-18,0.0079,101.7
ct,2400,none,3400,none,0.0,101.7
ct,2400,none,3450,Five-SeveN,0.2963,104.0
ct,2400,none,3450,USP-S,0.4844,104.0
ct,2400,none,3450,P250,0.0242,104.0
ct,2400,none,3450,Desert Eagle,0.1264,104.0
ct,2400,none,3450,P2000,0.04,104.0
ct,2400,none,3450,CZ75-Auto,0.0103,104.0
ct,2400,none,3450,Dual Berettas,0.0113,104.0
ct,2400,none,3450,Glock-18,0.0072,104.0
ct,2400,none,3450,none,0.0,104.0
ct,2400,none,3500,Five-SeveN,0.3007,105.5
ct,2400,none,3500,USP-S,0.4899,105.5
ct,2400,none,3500,P250,0.0228,105.5
ct,2400,none,3500,Desert Eagle,0.1197,105.5
ct,2400,none,3500,P2000,0.0403,105.5
ct,2400,none,3500,CZ75-Auto,0.0094,105.5
ct,2400,none,3500,Dual Berettas,0.0106,105.5
ct,2400,none,3500,Glock-18,0.0066,105.5
ct,2400,none,3500,none,0.0,105.5
ct,2400,none,3550,Five-SeveN,0.2831,104.7
ct,2400,none,3550,USP-S,0.5357,104.7
ct,2400,none,3550,P250,0.019,104.7
ct,2400,none,3550,Desert Eagle,0.102,104.7
ct,2400,none,3550,P2000,0.0375,104.7
ct,2400,none,3550,CZ75-Auto,0.008,104.7
ct,2400,none,3550,Dual Berettas,0.0092,104.7
ct,2400,none,3550,Glock-18,0.0054,104.7
ct,2400,none,3550,none,0.0,104.7
ct,2400,none,3600,Five-SeveN,0.2786,100.2
ct,2400,none,3600,USP-S,0.5575,100.2
ct,2400,none,3600,P250,0.0166,100.2
ct,2400,none,3600,Desert Eagle,0.0908,100.2
ct,2400,none,3600,P2000,0.0363,100.2
ct,2400,none,3600,CZ75-Auto,0.0071,100.2
ct,2400,none,3600,Dual Berettas,0.0085,100.2
ct,2400,none,3600,Glock-18,0.0047,100.2
ct,2400,none,3600,none,0.0,100.2
ct,2400,none,3650,Five-SeveN,0.2753,100.2
ct,2400,none,3650,USP-S,0.57,100.2
ct,2400,none,3650,P250,0.0155,100.2
ct,2400,none,3650,Desert Eagle,0.0849,100.2
ct,2400,none,3650,P2000,0.035,100.2
ct,2400,none,3650,CZ75-Auto,0.0064,100.2
ct,2400,none,3650,Dual Berettas,0.0085,100.2
ct,2400,none,3650,Glock-18,0.0043,100.2
ct,2400,none,3650,none,0.0,100.2
ct,2400,none,3700,Five-SeveN,0.2643,102.0
ct,2400,none,3700,USP-S,0.5924,102.0
ct,2400,none,3700,P250,0.0142,102.0
ct,2400,none,3700,Desert Eagle,0.078,102.0
ct,2400,none,3700,P2000,0.0328,102.0
ct,2400,none,3700,CZ75-Auto,0.0057,102.0
ct,2400,none,3700,Dual Berettas,0.0087,102.0
ct,2400,none,3700,Glock-18,0.0039,102.0
ct,2400,none,3700,none,0.0,102.0
ct,2400,none,3750,Five-SeveN,0.2529,104.0
ct,2400,none,3750,USP-S,0.6132,104.0
ct,2400,none,3750,P250,0.0131,104.0
ct,2400,none,3750,Desert Eagle,0.0724,104.0
ct,2400,none,3750,P2000,0.0305,104.0
ct,2400,none,3750,CZ75-Auto,0.0051,104.0
ct,2400,none,3750,Dual Berettas,0.0092,104.0
ct,2400,none,3750,Glock-18,0.0035,104.0
ct,2400,none,3750,none,0.0,104.0
ct,2400,none,3800,Five-SeveN,0.2522,104.5
ct,2400,none,3800,USP-S,0.6161,104.5
ct,2400,none,3800,P250,0.0127,104.5
ct,2400,none,3800,Desert Eagle,0.0708,104.5
ct,2400,none,3800,P2000,0.0296,104.5
ct,2400,none,3800,CZ75-Auto,0.0048,104.5
ct,2400,none,3800,Dual Berettas,0.0104,104.5
ct,2400,none,3800,Glock-18,0.0034,104.5
ct,2400,none,3800,none,0.0,104.5
ct,2400,none,3850,Five-SeveN,0.2179,104.0
ct,2400,none,3850,USP-S,0.6777,104.0
ct,2400,none,3850,P250,0.0094,104.0
ct,2400,none,3850,Desert Eagle,0.0545,104.0
ct,2400,none,3850,P2000,0.0247,104.0
ct,2400,none,3850,CZ75-Auto,0.0037,104.0
ct,2400,none,3850,Dual Berettas,0.0096,104.0
ct,2400,none,3850,Glock-18,0.0025,104.0
ct,2400,none,3850,none,0.0,104.0
ct,2400,none,3900,Five-SeveN,0.2074,102.6
ct,2400,none,3900,USP-S,0.6968,102.6
ct,2400,none,3900,P250,0.0082,102.6
ct,2400,none,3900,Desert Eagle,0.0492,102.6
ct,2400,none,3900,P2000,0.0227,102.6
ct,2400,none,3900,CZ75-Auto,0.0032,102.6
ct,2400,none,3900,Dual Berettas,0.0103,102.6
ct,2400,none,3900,Glock-18,0.0022,102.6
ct,2400,none,3900,none,0.0,102.6
ct,2400,none,3950,Five-SeveN,0.2062,103.3
ct,2400,none,3950,USP-S,0.6974,103.3
ct,2400,none,3950,P250,0.0081,103.3
ct,2400,none,3950,Desert Eagle,0.0495,103.3
ct,2400,none,3950,P2000,0.0219,103.3
ct,2400,none,3950,CZ75-Auto,0.0031,103.3
ct,2400,none,3950,Dual Berettas,0.0117,103.3
ct,2400,none,3950,Glock-18,0.0021,103.3
ct,2400,none,3950,none,0.0,103.3
ct,2400,none,4000,Five-SeveN,0.2048,100.1
ct,2400,none,4000,USP-S,0.7016,100.1
ct,2400,none,4000,P250,0.0074,100.1
ct,2400,none,4000,Desert Eagle,0.0475,100.1
ct,2400,none,4000,P2000,0.0209,100.1
ct,2400,none,4000,CZ75-Auto,0.0028,100.1
ct,2400,none,4000,Dual Berettas,0.013,100.1
ct,2400,none,4000,Glock-18,0.0019,100.1
ct,2400,none,4000,none,0.0,100.1
ct,2400,none,4050,Five-SeveN,0.1733,102.6
ct,2400,none,4050,USP-S,0.7515,102.6
ct,2400,none,4050,P250,0.0053,102.6
ct,2400,none,4050,Desert Eagle,0.0372,102.6
ct,2400,none,4050,P2000,0.0168,102.6
ct,2400,none,4050,CZ75-Auto,0.0021,102.6
ct,2400,none,4050,Dual Berettas,0.0123,102.6
ct,2400,none,4050,Glock-18,0.0014,102.6
ct,2400,none,4050,none,0.0,102.6
ct,2400,none,4100,Five-SeveN,0.1722,102.9
ct,2400,none,4100,USP-S,0.7509,102.9
ct,2400,none,4100,P250,0.0053,102.9
ct,2400,none,4100,Desert Eagle,0.0383,102.9
ct,2400,none,4100,P2000,0.0162,102.9
ct,2400,none,4100,CZ75-Auto,0.002,102.9
ct,2400,none,4100,Dual Berettas,0.0136,102.9
ct,2400,none,4100,Glock-18,0.0014,102.9
ct,2400,none,4100,none,0.0,102.9
ct,2400,none,4150,Five-SeveN,0.1419,100.5
ct,2400,none,4150,USP-S,0.7874,100.5
ct,2400,none,4150,P250,0.0031,100.5
ct,2400,none,4150,Desert Eagle,0.027,100.5
ct,2400,none,4150,P2000,0.0256,100.5
ct,2400,none,4150,CZ75-Auto,0.0013,100.5
ct,2400,none,4150,Dual Berettas,0.0129,100.5
ct,2400,none,4150,Glock-18,0.0008,100.5
ct,2400,none,4150,none,0.0,100.5
ct,2400,none,4200,Five-SeveN,0.1353,100.1
ct,2400,none,4200,USP-S,0.7843,100.1
ct,2400,none,4200,P250,0.0027,100.1
ct,2400,none,4200,Desert Eagle,0.0261,100.1
ct,2400,none,4200,P2000,0.0245,100.1
ct,2400,none,4200,CZ75-Auto,0.0128,100.1
ct,2400,none,4200,Dual Berettas,0.0135,100.1
ct,2400,none,4200,Glock-18,0.0007,100.1
ct,2400,none,4200,none,0.0,100.1
ct,2400,none,4250,Five-SeveN,0.1259,101.0
ct,2400,none,4250,USP-S,0.7835,101.0
ct,2400,none,4250,P250,0.0023,101.0
ct,2400,none,4250,Desert Eagle,0.0247,101.0
ct,2400,none,4250,P2000,0.0361,101.0
ct,2400,none,4250,CZ75-Auto,0.0131,101.0
ct,2400,none,4250,Dual Berettas,0.0138,101.0
ct,2400,none,4250,Glock-18,0.0006,101.0
ct,2400,none,4250,none,0.0,101.0
ct,2400,none,4300,Five-SeveN,0.124,101.6
ct,2400,none,4300,USP-S,0.7838,101.6
ct,2400,none,4300,P250,0.0024,101.6
ct,2400,none,4300,Desert Eagle,0.0257,101.6
ct,2400,none,4300,P2000,0.0356,101.6
ct,2400,none,4300,CZ75-Auto,0.0138,101.6
ct,2400,none,4300,Dual Berettas,0.0142,101.6
ct,2400,none,4300,Glock-18,0.0006,101.6
ct,2400,none,4300,none,0.0,101.6
ct,2400,none,4350,Five-SeveN,0.0876,101.5
ct,2400,none,4350,USP-S,0.8163,101.5
ct,2400,none,4350,P250,0.0126,101.5
ct,2400,none,4350,Desert Eagle,0.0163,101.5
ct,2400,none,4350,P2000,0.0416,101.5
ct,2400,none,4350,CZ75-Auto,0.0126,101.5
ct,2400,none,4350,Dual Berettas,0.0129,101.5
ct,2400,none,4350,Glock-18,0.0002,101.5
ct,2400,none,4350,none,0.0,101.5
ct,2400,none,4400,Five-SeveN,0.0837,100.7
ct,2400,none,4400,USP-S,0.82,100.7
ct,2400,none,4400,P250,0.0131,100.7
ct,2400,none,4400,Desert Eagle,0.0164,100.7
ct,2400,none,4400,P2000,0.0407,100.7
ct,2400,none,4400,CZ75-Auto,0.013,100.7
ct,2400,none,4400,Dual Berettas,0.0131,100.7
ct,2400,none,4400,Glock-18,0.0002,100.7
ct,2400,none,4400,none,0.0,100.7
ct,2400,none,4450,Five-SeveN,0.0859,101.9
ct,2400,none,4450,USP-S,0.8161,101.9
ct,2400,none,4450,P250,0.0136,101.9
ct,2400,none,4450,Desert Eagle,0.0178,101.9
ct,2400,none,4450,P2000,0.0402,101.9
ct,2400,none,4450,CZ75-Auto,0.0132,101.9
ct,2400,none,4450,Dual Berettas,0.0131,101.9
ct,2400,none,4450,Glock-18,0.0002,101.9
ct,2400,none,4450,none,0.0,101.9
ct,2400,none,4500,Five-SeveN,0.0763,100.2
ct,2400,none,4500,USP-S,0.8168,100.2
ct,2400,none,4500,P250,0.0264,100.2
ct,2400,none,4500,Desert Eagle,0.0163,100.2
ct,2400,none,4500,P2000,0.0379,100.2
ct,2400,none,4500,CZ75-Auto,0.0132,100.2
ct,2400,none,4500,Dual Berettas,0.0129,100.2
ct,2400,none,4500,Glock-18,0.0001,100.2
ct,2400,none,4500,none,0.0,100.2
ct,2400,none,4550,Five-SeveN,0.0592,101.6
ct,2400,none,4550,USP-S,0.8331,101.6
ct,2400,none,4550,P250,0.025,101.6
ct,2400,none,4550,Desert Eagle,0.0138,101.6
ct,2400,none,4550,P2000,0.0448,101.6
ct,2400,none,4550,CZ75-Auto,0.0122,101.6
ct,2400,none,4550,Dual Berettas,0.0118,101.6
ct,2400,none,4550,Glock-18,0.0,101.6
ct,2400,none,4550,none,0.0,101.6
ct,2400,none,4600,Five-SeveN,0.0701,100.6
ct,2400,none,4600,USP-S,0.8228,100.6
ct,2400,none,4600,P250,0.0254,100.6
ct,2400,none,4600,Desert Eagle,0.0139,100.6
ct,2400,none,4600,P2000,0.044,100.6
ct,2400,none,4600,CZ75-Auto,0.0122,100.6
ct,2400,none,4600,Dual Berettas,0.0116,100.6
ct,2400,none,4600,Glock-18,0.0,100.6
ct,2400,none,4600,none,0.0,100.6
ct,2400,none,4650,Five-SeveN,0.0526,101.1
ct,2400,none,4650,USP-S,0.8543,101.1
ct,2400,none,4650,P250,0.0236,101.1
ct,2400,none,4650,Desert Eagle,0.0122,101.1
ct,2400,none,4650,P2000,0.0364,101.1
ct,2400,none,4650,CZ75-Auto,0.0109,101.1
ct,2400,none,4650,Dual Berettas,0.01,101.1
ct,2400,none,4650,Glock-18,0.0,101.1
ct,2400,none,4650,none,0.0,101.1
ct,2400,none,4700,Five-SeveN,0.0611,101.5
ct,2400,none,4700,USP-S,0.8408,101.5
ct,2400,none,4700,P250,0.0224,101.5
ct,2400,none,4700,Desert Eagle,0.0117,101.5
ct,2400,none,4700,P2000,0.0447,101.5
ct,2400,none,4700,CZ75-Auto,0.0101,101.5
ct,2400,none,4700,Dual Berettas,0.0092,101.5
ct,2400,none,4700,Glock-18,0.0,101.5
ct,2400,none,4700,none,0.0,101.5
ct,2400,none,4750,Five-SeveN,0.0606,101.5
ct,2400,none,4750,USP-S,0.8459,101.5
ct,2400,none,4750,P250,0.0214,101.5
ct,2400,none,4750,Desert Eagle,0.0112,101.5
ct,2400,none,4750,P2000,0.0431,101.5
ct,2400,none,4750,CZ75-Auto,0.0094,101.5
ct,2400,none,4750,Dual Berettas,0.0084,101.5
ct,2400,none,4750,Glock-18,0.0,101.5
ct,2400,none,4750,none,0.0,101.5
ct,2400,none,4800,Five-SeveN,0.0623,100.4
ct,2400,none,4800,USP-S,0.8459,100.4
ct,2400,none,4800,P250,0.0208,100.4
ct,2400,none,4800,Desert Eagle,0.0109,100.4
ct,2400,none,4800,P2000,0.0429,100.4
ct,2400,none,4800,CZ75-Auto,0.0091,100.4
ct,2400,none,4800,Dual Berettas,0.0081,100.4
ct,2400,none,4800,Glock-18,0.0,100.4
ct,2400,none,4800,none,0.0,100.4
ct,2400,none,4850,Five-SeveN,0.0507,102.0
ct,2400,none,4850,USP-S,0.8787,102.0
ct,2400,none,4850,P250,0.0163,102.0
ct,2400,none,4850,Desert Eagle,0.0087,102.0
ct,2400,none,4850,P2000,0.0339,102.0
ct,2400,none,4850,CZ75-Auto,0.0064,102.0
ct,2400,none,4850,Dual Berettas,0.0054,102.0
ct,2400,none,4850,Glock-18,0.0,102.0
ct,2400,none,4850,none,0.0,102.0
ct,2400,none,4900,Five-SeveN,0.0496,100.6
ct,2400,none,4900,USP-S,0.885,100.6
ct,2400,none,4900,P250,0.0147,100.6
ct,2400,none,4900,Desert Eagle,0.0079,100.6
ct,2400,none,4900,P2000,0.0324,100.6
ct,2400,none,4900,CZ75-Auto,0.0057,100.6
ct,2400,none,4900,Dual Berettas,0.0047,100.6
ct,2400,none,4900,Glock-18,0.0,100.6
ct,2400,none,4900,none,0.0,100.6
ct,2400,none,4950,Five-SeveN,0.0488,100.3
ct,2400,none,4950,USP-S,0.8882,100.3
ct,2400,none,4950,P250,0.0137,100.3
ct,2400,none,4950,Desert Eagle,0.0074,100.3
ct,2400,none,4950,P2000,0.0321,100.3
ct,2400,none,4950,CZ75-Auto,0.0053,100.3
ct,2400,none,4950,Dual Berettas,0.0044,100.3
ct,2400,none,4950,Glock-18,0.0,100.3
ct,2400,none,4950,none,0.0,100.3
ct,2400,none,5000,Five-SeveN,0.0461,100.7
ct,2400,none,5000,USP-S,0.8964,100.7
ct,2400,none,5000,P250,0.0122,100.7
ct,2400,none,5000,Desert Eagle,0.0066,100.7
ct,2400,none,5000,P2000,0.0303,100.7
ct,2400,none,5000,CZ75-Auto,0.0047,100.7
ct,2400,none,5000,Dual Berettas,0.0038,100.7
ct,2400,none,5000,Glock-18,0.0,100.7
ct,2400,none,5000,none,0.0,100.7
ct,2400,none,5050,Five-SeveN,0.0421,100.7
ct,2400,none,5050,USP-S,0.9076,100.7
ct,2400,none,5050,P250,0.0102,100.7
ct,2400,none,5050,Desert Eagle,0.0056,100.7
ct,2400,none,5050,P2000,0.0277,100.7
ct,2400,none,5050,CZ75-Auto,0.0038,100.7
ct,2400,none,5050,Dual Berettas,0.0031,100.7
ct,2400,none,5050,Glock-18,0.0,100.7
ct,2400,none,5050,none,0.0,100.7
ct,2400,none,5100,Five-SeveN,0.0408,100.5
ct,2400,none,5100,USP-S,0.9098,100.5
ct,2400,none,5100,P250,0.0096,100.5
ct,2400,none,5100,Desert Eagle,0.0052,100.5
ct,2400,none,5100,P2000,0.0281,100.5
ct,2400,none,5100,CZ75-Auto,0.0036,100.5
ct,2400,none,5100,Dual Berettas,0.0029,100.5
ct,2400,none,5100,Glock-18,0.0,100.5
ct,2400,none,5100,none,0.0,100.5
ct,2400,none,5150,Five-SeveN,0.0402,101.7
ct,2400,none,5150,USP-S,0.9089,101.7
ct,2400,none,5150,P250,0.0095,101.7
ct,2400,none,5150,Desert Eagle,0.0052,101.7
ct,2400,none,5150,P2000,0.0296,101.7
ct,2400,none,5150,CZ75-Auto,0.0036,101.7
ct,2400,none,5150,Dual Berettas,0.003,101.7
ct,2400,none,5150,Glock-18,0.0,101.7
ct,2400,none,5150,none,0.0,101.7
ct,2400,none,5200,Five-SeveN,0.0332,101.7
ct,2400,none,5200,USP-S,0.9279,101.7
ct,2400,none,5200,P250,0.0066,101.7
ct,2400,none,5200,Desert Eagle,0.0037,101.7
ct,2400,none,5200,P2000,0.0244,101.7
ct,2400,none,5200,CZ75-Auto,0.0024,101.7
ct,2400,none,5200,Dual Berettas,0.0019,101.7
ct,2400,none,5200,Glock-18,0.0,101.7
ct,2400,none,5200,none,0.0,101.7
ct,2400,none,5250,Five-SeveN,0.0288,102.0
ct,2400,none,5250,USP-S,0.9238,102.0
ct,2400,none,5250,P250,0.0052,102.0
ct,2400,none,5250,Desert Eagle,0.0029,102.0
ct,2400,none,5250,P2000,0.036,102.0
ct,2400,none,5250,CZ75-Auto,0.0018,102.0
ct,2400,none,5250,Dual Berettas,0.0014,102.0
ct,2400,none,5250,Glock-18,0.0,102.0
ct,2400,none,5250,none,0.0,102.0
ct,2400,none,5300,Five-SeveN,0.0277,101.3
ct,2400,none,5300,USP-S,0.9239,101.3
ct,2400,none,5300,P250,0.0051,101.3
ct,2400,none,5300,Desert Eagle,0.0028,101.3
ct,2400,none,5300,P2000,0.0373,101.3
ct,2400,none,5300,CZ75-Auto,0.0018,101.3
ct,2400,none,5300,Dual Berettas,0.0014,101.3
ct,2400,none,5300,Glock-18,0.0,101.3
ct,2400,none,5300,none,0.0,101.3
ct,2400,none,5350,Five-SeveN,0.0264,101.5
ct,2400,none,5350,USP-S,0.911,101.5
ct,2400,none,5350,P250,0.0189,101.5
ct,2400,none,5350,Desert Eagle,0.0027,101.5
ct,2400,none,5350,P2000,0.038,101.5
ct,2400,none,5350,CZ75-Auto,0.0017,101.5
ct,2400,none,5350,Dual Berettas,0.0014,101.5
ct,2400,none,5350,Glock-18,0.0,101.5
ct,2400,none,5350,none,0.0,101.5
ct,2400,none,5400,Five-SeveN,0.0243,101.2
ct,2400,none,5400,USP-S,0.9145,101.2
ct,2400,none,5400,P250,0.0185,101.2
ct,2400,none,5400,Desert Eagle,0.0024,101.2
ct,2400,none,5400,P2000,0.0376,101.2
ct,2400,none,5400,CZ75-Auto,0.0015,101.2
ct,2400,none,5400,Dual Berettas,0.0012,101.2
ct,2400,none,5400,Glock-18,0.0,101.2
ct,2400,none,5400,none,0.0,101.2
ct,2400,none,5450,Five-SeveN,0.0232,101.5
ct,2400,none,5450,USP-S,0.9156,101.5
ct,2400,none,5450,P250,0.0183,101.5
ct,2400,none,5450,Desert Eagle,0.0023,101.5
ct,2400,none,5450,P2000,0.0379,101.5
ct,2400,none,5450,CZ75-Auto,0.0015,101.5
ct,2400,none,5450,Dual Berettas,0.0012,101.5
ct,2400,none,5450,Glock-18,0.0,101.5
ct,2400,none,5450,none,0.0,101.5
ct,2400,none,5500,Five-SeveN,0.0225,101.1
ct,2400,none,5500,USP-S,0.9157,101.1
ct,2400,none,5500,P250,0.0183,101.1
ct,2400,none,5500,Desert Eagle,0.0023,101.1
ct,2400,none,5500,P2000,0.0384,101.1
ct,2400,none,5500,CZ75-Auto,0.0015,101.1
ct,2400,none,5500,Dual Berettas,0.0012,101.1
ct,2400,none,5500,Glock-18,0.0,101.1
ct,2400,none,5500,none,0.0,101.1
ct,2400,none,5550,Five-SeveN,0.0215,98.4
ct,2400,none,5550,USP-S,0.9165,98.4
ct,2400,none,5550,P250,0.0183,98.4
ct,2400,none,5550,Desert Eagle,0.0021,98.4
ct,2400,none,5550,P2000,0.0391,98.4
ct,2400,none,5550,CZ75-Auto,0.0014,98.4
ct,2400,none,5550,Dual Berettas,0.0011,98.4
ct,2400,none,5550,Glock-18,0.0,98.4
ct,2400,none,5550,none,0.0,98.4
ct,2400,none,5600,Five-SeveN,0.017,101.9
ct,2400,none,5600,USP-S,0.9286,101.9
ct,2400,none,5600,P250,0.0161,101.9
ct,2400,none,5600,Desert Eagle,0.0015,101.9
ct,2400,none,5600,P2000,0.035,101.9
ct,2400,none,5600,CZ75-Auto,0.001,101.9
ct,2400,none,5600,Dual Berettas,0.0008,101.9
ct,2400,none,5600,Glock-18,0.0,101.9
ct,2400,none,5600,none,0.0,101.9
ct,2400,none,5650,Five-SeveN,0.0159,99.6
ct,2400,none,5650,USP-S,0.9305,99.6
ct,2400,none,5650,P250,0.0157,99.6
ct,2400,none,5650,Desert Eagle,0.0014,99.6
ct,2400,none,5650,P2000,0.0348,99.6
ct,2400,none,5650,CZ75-Auto,0.0009,99.6
ct,2400,none,5650,Dual Berettas,0.0007,99.6
ct,2400,none,5650,Glock-18,0.0,99.6
ct,2400,none,5650,none,0.0,99.6
ct,2400,none,5700,Five-SeveN,0.0286,97.7
ct,2400,none,5700,USP-S,0.9221,97.7
ct,2400,none,5700,P250,0.0144,97.7
ct,2400,none,5700,Desert Eagle,0.0011,97.7
ct,2400,none,5700,P2000,0.0326,97.7
ct,2400,none,5700,CZ75-Auto,0.0007,97.7
ct,2400,none,5700,Dual Berettas,0.0005,97.7
ct,2400,none,5700,Glock-18,0.0,97.7
ct,2400,none,5700,none,0.0,97.7
ct,2400,none,5750,Five-SeveN,0.0285,92.7
ct,2400,none,5750,USP-S,0.9234,92.7
ct,2400,none,5750,P250,0.0139,92.7
ct,2400,none,5750,Desert Eagle,0.0009,92.7
ct,2400,none,5750,P2000,0.0322,92.7
ct,2400,none,5750,CZ75-Auto,0.0006,92.7
ct,2400,none,5750,Dual Berettas,0.0004,92.7
ct,2400,none,5750,Glock-18,0.0,92.7
ct,2400,none,5750,none,0.0,92.7
ct,2400,none,5800,Five-SeveN,0.0275,89.8
ct,2400,none,5800,USP-S,0.9273,89.8
ct,2400,none,5800,P250,0.0129,89.8
ct,2400,none,5800,Desert Eagle,0.0008,89.8
ct,2400,none,5800,P2000,0.0307,89.8
ct,2400,none,5800,CZ75-Auto,0.0005,89.8
ct,2400,none,5800,Dual Berettas,0.0003,89.8
ct,2400,none,5800,Glock-18,0.0,89.8
ct,2400,none,5800,none,0.0,89.8
ct,2400,none,5850,Five-SeveN,0.0274,85.0
ct,2400,none,5850,USP-S,0.9291,85.0
ct,2400,none,5850,P250,0.0123,85.0
ct,2400,none,5850,Desert Eagle,0.0006,85.0
ct,2400,none,5850,P2000,0.03,85.0
ct,2400,none,5850,CZ75-Auto,0.0004,85.0
ct,2400,none,5850,Dual Berettas,0.0003,85.0
ct,2400,none,5850,Glock-18,0.0,85.0
ct,2400,none,5850,none,0.0,85.0
ct,2400,none,5900,Five-SeveN,0.0262,81.7
ct,2400,none,5900,USP-S,0.9335,81.7
ct,2400,none,5900,P250,0.0111,81.7
ct,2400,none,5900,Desert Eagle,0.0005,81.7
ct,2400,none,5900,P2000,0.0282,81.7
ct,2400,none,5900,CZ75-Auto,0.0003,81.7
ct,2400,none,5900,Dual Berettas,0.0002,81.7
ct,2400,none,5900,Glock-18,0.0,81.7
ct,2400,none,5900,none,0.0,81.7
ct,2400,none,5950,Five-SeveN,0.0259,77.1
ct,2400,none,5950,USP-S,0.9356,77.1
ct,2400,none,5950,P250,0.0104,77.1
ct,2400,none,5950,Desert Eagle,0.0004,77.1
ct,2400,none,5950,P2000,0.0273,77.1
ct,2400,none,5950,CZ75-Auto,0.0002,77.1
ct,2400,none,5950,Dual Berettas,0.0002,77.1
ct,2400,none,5950,Glock-18,0.0,77.1
ct,2400,none,5950,none,0.0,77.1
ct,2400,none,6000,Five-SeveN,0.0256,72.9
ct,2400,none,6000,USP-S,0.9379,72.9
ct,2400,none,6000,P250,0.0096,72.9
ct,2400,none,6000,Desert Eagle,0.0003,72.9
ct,2400,none,6000,P2000,0.0263,72.9
ct,2400,none,6000,CZ75-Auto,0.0002,72.9
ct,2400,none,6000,Dual Berettas,0.0001,72.9
ct,2400,none,6000,Glock-18,0.0,72.9
ct,2400,none,6000,none,0.0,72.9
ct,2400,none,6050,Five-SeveN,0.0251,68.9
ct,2400,none,6050,USP-S,0.9403,68.9
ct,2400,none,6050,P250,0.0088,68.9
ct,2400,none,6050,Desert Eagle,0.0002,68.9
ct,2400,none,6050,P2000,0.0253,68.9
ct,2400,none,6050,CZ75-Auto,0.0001,68.9
ct,2400,none,6050,Dual Berettas,0.0001,68.9
ct,2400,none,6050,Glock-18,0.0,68.9
ct,2400,none,6050,none,0.0,68.9
ct,2400,none,6100,Five-SeveN,0.024,66.0
ct,2400,none,6100,USP-S,0.9212,66.0
ct,2400,none,6100,P250,0.0078,66.0
ct,2400,none,6100,Desert Eagle,0.023,66.0
ct,2400,none,6100,P2000,0.0237,66.0
ct,2400,none,6100,CZ75-Auto,0.0001,66.0
ct,2400,none,6100,Dual Berettas,0.0001,66.0
ct,2400,none,6100,Glock-18,0.0,66.0
ct,2400,none,6100,none,0.0,66.0
ct,2400,none,6150,Five-SeveN,0.0233,62.7
ct,2400,none,6150,USP-S,0.9224,62.7
ct,2400,none,6150,P250,0.007,62.7
ct,2400,none,6150,Desert Eagle,0.0244,62.7
ct,2400,none,6150,P2000,0.0228,62.7
ct,2400,none,6150,CZ75-Auto,0.0001,62.7
ct,2400,none,6150,Dual Berettas,0.0001,62.7
ct,2400,none,6150,Glock-18,0.0,62.7
ct,2400,none,6150,none,0.0,62.7
ct,2400,none,6200,Five-SeveN,0.0215,61.2
ct,2400,none,6200,USP-S,0.9031,61.2
ct,2400,none,6200,P250,0.0059,61.2
ct,2400,none,6200,Desert Eagle,0.0486,61.2
ct,2400,none,6200,P2000,0.0208,61.2
ct,2400,none,6200,CZ75-Auto,0.0001,61.2
ct,2400,none,6200,Dual Berettas,0.0,61.2
ct,2400,none,6200,Glock-18,0.0,61.2
ct,2400,none,6200,none,0.0,61.2
ct,2400,none,6250,Five-SeveN,0.0205,58.5
ct,2400,none,6250,USP-S,0.9035,58.5
ct,2400,none,6250,P250,0.0052,58.5
ct,2400,none,6250,Desert Eagle,0.0506,58.5
ct,2400,none,6250,P2000,0.02,58.5
ct,2400,none,6250,CZ75-Auto,0.0,58.5
ct,2400,none,6250,Dual Berettas,0.0,58.5
ct,2400,none,6250,Glock-18,0.0,58.5
ct,2400,none,6250,none,0.0,58.5
ct,2400,none,6300,Five-SeveN,0.0213,57.1
ct,2400,none,6300,USP-S,0.9047,57.1
ct,2400,none,6300,P250,0.0044,57.1
ct,2400,none,6300,Desert Eagle,0.0507,57.1
ct,2400,none,6300,P2000,0.0189,57.1
ct,2400,none,6300,CZ75-Auto,0.0,57.1
ct,2400,none,6300,Dual Berettas,0.0,57.1
ct,2400,none,6300,Glock-18,0.0,57.1
ct,2400,none,6300,none,0.0,57.1
ct,2400,none,6350,Five-SeveN,0.0209,55.0
ct,2400,none,6350,USP-S,0.9052,55.0
ct,2400,none,6350,P250,0.0038,55.0
ct,2400,none,6350,Desert Eagle,0.0515,55.0
ct,2400,none,6350,P2000,0.0185,55.0
ct,2400,none,6350,CZ75-Auto,0.0,55.0
ct,2400,none,6350,Dual Berettas,0.0,55.0
ct,2400,none,6350,Glock-18,0.0,55.0
ct,2400,none,6350,none,0.0,55.0
ct,2400,none,6400,Five-SeveN,0.0195,54.6
ct,2400,none,6400,USP-S,0.9108,54.6
ct,2400,none,6400,P250,0.0031,54.6
ct,2400,none,6400,Desert Eagle,0.0492,54.6
ct,2400,none,6400,P2000,0.0175,54.6
ct,2400,none,6400,CZ75-Auto,0.0,54.6
ct,2400,none,6400,Dual Berettas,0.0,54.6
ct,2400,none,6400,Glock-18,0.0,54.6
ct,2400,none,6400,none,0.0,54.6
ct,2400,none,6450,Five-SeveN,0.0187,53.5
ct,2400,none,6450,USP-S,0.9142,53.5
ct,2400,none,6450,P250,0.0025,53.5
ct,2400,none,6450,Desert Eagle,0.0475,53.5
ct,2400,none,6450,P2000,0.0171,53.5
ct,2400,none,6450,CZ75-Auto,0.0,53.5
ct,2400,none,6450,Dual Berettas,0.0,53.5
ct,2400,none,6450,Glock-18,0.0,53.5
ct,2400,none,6450,none,0.0,53.5
ct,2400,none,6500,Five-SeveN,0.0176,53.3
ct,2400,none,6500,USP-S,0.8926,53.3
ct,2400,none,6500,P250,0.002,53.3
ct,2400,none,6500,Desert Eagle,0.0712,53.3
ct,2400,none,6500,P2000,0.0166,53.3
ct,2400,none,6500,CZ75-Auto,0.0,53.3
ct,2400,none,6500,Dual Berettas,0.0,53.3
ct,2400,none,6500,Glock-18,0.0,53.3
ct,2400,none,6500,none,0.0,53.3
ct,2400,none,6550,Five-SeveN,0.0177,51.5
ct,2400,none,6550,USP-S,0.8923,51.5
ct,2400,none,6550,P250,0.0017,51.5
ct,2400,none,6550,Desert Eagle,0.071,51.5
ct,2400,none,6550,P2000,0.0173,51.5
ct,2400,none,6550,CZ75-Auto,0.0,51.5
ct,2400,none,6550,Dual Berettas,0.0,51.5
ct,2400,none,6550,Glock-18,0.0,51.5
ct,2400,none,6550,none,0.0,51.5
ct,2400,none,6600,Five-SeveN,0.0181,49.8
ct,2400,none,6600,USP-S,0.892,49.8
ct,2400,none,6600,P250,0.0014,49.8
ct,2400,none,6600,Desert Eagle,0.0702,49.8
ct,2400,none,6600,P2000,0.0183,49.8
ct,2400,none,6600,CZ75-Auto,0.0,49.8
ct,2400,none,6600,Dual Berettas,0.0,49.8
ct,2400,none,6600,Glock-18,0.0,49.8
ct,2400,none,6600,none,0.0,49.8
ct,2400,none,6650,Five-SeveN,0.0188,48.1
ct,2400,none,6650,USP-S,0.8915,48.1
ct,2400,none,6650,P250,0.0012,48.1
ct,2400,none,6650,Desert Eagle,0.0688,48.1
ct,2400,none,6650,P2000,0.0196,48.1
ct,2400,none,6650,CZ75-Auto,0.0,48.1
ct,2400,none,6650,Dual Berettas,0.0,48.1
ct,2400,none,6650,Glock-18,0.0,48.1
ct,2400,none,6650,none,0.0,48.1
ct,2400,none,6700,Five-SeveN,0.0188,48.2
ct,2400,none,6700,USP-S,0.8964,48.2
ct,2400,none,6700,P250,0.001,48.2
ct,2400,none,6700,Desert Eagle,0.0635,48.2
ct,2400,none,6700,P2000,0.0203,48.2
ct,2400,none,6700,CZ75-Auto,0.0,48.2
ct,2400,none,6700,Dual Berettas,0.0,48.2
ct,2400,none,6700,Glock-18,0.0,48.2
ct,2400,none,6700,none,0.0,48.2
ct,2400,none,6750,Five-SeveN,0.02,46.5
ct,2400,none,6750,USP-S,0.8959,46.5
ct,2400,none,6750,P250,0.001,46.5
ct,2400,none,6750,Desert Eagle,0.061,46.5
ct,2400,none,6750,P2000,0.0221,46.5
ct,2400,none,6750,CZ75-Auto,0.0,46.5
ct,2400,none,6750,Dual Berettas,0.0,46.5
ct,2400,none,6750,Glock-18,0.0,46.5
ct,2400,none,6750,none,0.0,46.5
ct,2400,none,6800,Five-SeveN,0.0216,44.7
ct,2400,none,6800,USP-S,0.8951,44.7
ct,2400,none,6800,P250,0.001,44.7
ct,2400,none,6800,Desert Eagle,0.0582,44.7
ct,2400,none,6800,P2000,0.0241,44.7
ct,2400,none,6800,CZ75-Auto,0.0,44.7
ct,2400,none,6800,Dual Berettas,0.0,44.7
ct,2400,none,6800,Glock-18,0.0,44.7
ct,2400,none,6800,none,0.0,44.7
ct,2400,none,6850,Five-SeveN,0.0236,43.0
ct,2400,none,6850,USP-S,0.894,43.0
ct,2400,none,6850,P250,0.001,43.0
ct,2400,none,6850,Desert Eagle,0.055,43.0
ct,2400,none,6850,P2000,0.0264,43.0
ct,2400,none,6850,CZ75-Auto,0.0,43.0
ct,2400,none,6850,Dual Berettas,0.0,43.0
ct,2400,none,6850,Glock-18,0.0,43.0
ct,2400,none,6850,none,0.0,43.0
ct,2400,none,6900,Five-SeveN,0.0259,41.3
ct,2400,none,6900,USP-S,0.8924,41.3
ct,2400,none,6900,P250,0.0012,41.3
ct,2400,none,6900,Desert Eagle,0.0516,41.3
ct,2400,none,6900,P2000,0.0289,41.3
ct,2400,none,6900,CZ75-Auto,0.0,41.3
ct,2400,none,6900,Dual Berettas,0.0,41.3
ct,2400,none,6900,Glock-18,0.0,41.3
ct,2400,none,6900,none,0.0,41.3
ct,2400,none,6950,Five-SeveN,0.0271,41.3
ct,2400,none,6950,USP-S,0.8961,41.3
ct,2400,none,6950,P250,0.0014,41.3
ct,2400,none,6950,Desert Eagle,0.0455,41.3
ct,2400,none,6950,P2000,0.0299,41.3
ct,2400,none,6950,CZ75-Auto,0.0,41.3
ct,2400,none,6950,Dual Berettas,0.0,41.3
ct,2400,none,6950,Glock-18,0.0,41.3
ct,2400,none,6950,none,0.0,41.3
ct,2400,none,7000,Five-SeveN,0.0299,39.7
ct,2400,none,7000,USP-S,0.8942,39.7
ct,2400,none,7000,P250,0.0017,39.7
ct,2400,none,7000,Desert Eagle,0.0419,39.7
ct,2400,none,7000,P2000,0.0323,39.7
ct,2400,none,7000,CZ75-Auto,0.0,39.7
ct,2400,none,7000,Dual Berettas,0.0,39.7
ct,2400,none,7000,Glock-18,0.0,39.7
ct,2400,none,7000,none,0.0,39.7
ct,2400,none,7050,Five-SeveN,0.0647,39.9
ct,2400,none,7050,USP-S,0.8653,39.9
ct,2400,none,7050,P250,0.002,39.9
ct,2400,none,7050,Desert Eagle,0.0356,39.9
ct,2400,none,7050,P2000,0.0323,39.9
ct,2400,none,7050,CZ75-Auto,0.0,39.9
ct,2400,none,7050,Dual Berettas,0.0,39.9
ct,2400,none,7050,Glock-18,0.0,39.9
ct,2400,none,7050,none,0.0,39.9
ct,2400,none,7100,Five-SeveN,0.0691,38.4
ct,2400,none,7100,USP-S,0.8618,38.4
ct,2400,none,7100,P250,0.0026,38.4
ct,2400,none,7100,Desert Eagle,0.0322,38.4
ct,2400,none,7100,P2000,0.0344,38.4
ct,2400,none,7100,CZ75-Auto,0.0,38.4
ct,2400,none,7100,Dual Berettas,0.0,38.4
ct,2400,none,7100,Glock-18,0.0,38.4
ct,2400,none,7100,none,0.0,38.4
ct,2400,none,7150,Five-SeveN,0.0734,37.0
ct,2400,none,7150,USP-S,0.8581,37.0
ct,2400,none,7150,P250,0.0033,37.0
ct,2400,none,7150,Desert Eagle,0.0288,37.0
ct,2400,none,7150,P2000,0.0364,37.0
ct,2400,none,7150,CZ75-Auto,0.0,37.0
ct,2400,none,7150,Dual Berettas,0.0,37.0
ct,2400,none,7150,Glock-18,0.0,37.0
ct,2400,none,7150,none,0.0,37.0
ct,2400,none,7200,Five-SeveN,0.0776,35.8
ct,2400,none,7200,USP-S,0.8542,35.8
ct,2400,none,7200,P250,0.0042,35.8
ct,2400,none,7200,Desert Eagle,0.0257,35.8
ct,2400,none,7200,P2000,0.0382,35.8
ct,2400,none,7200,CZ75-Auto,0.0,35.8
ct,2400,none,7200,Dual Berettas,0.0,35.8
ct,2400,none,7200,Glock-18,0.0,35.8
ct,2400,none,7200,none,0.0,35.8
ct,2400,none,7250,Five-SeveN,0.0818,34.6
ct,2400,none,7250,USP-S,0.8503,34.6
ct,2400,none,7250,P250,0.0054,34.6
ct,2400,none,7250,Desert Eagle,0.0227,34.6
ct,2400,none,7250,P2000,0.0398,34.6
ct,2400,none,7250,CZ75-Auto,0.0,34.6
ct,2400,none,7250,Dual Berettas,0.0,34.6
ct,2400,none,7250,Glock-18,0.0,34.6
ct,2400,none,7250,none,0.0,34.6
ct,2400,none,7300,Five-SeveN,0.0858,33.5
ct,2400,none,7300,USP-S,0.8462,33.5
ct,2400,none,7300,P250,0.0068,33.5
ct,2400,none,7300,Desert Eagle,0.02,33.5
ct,2400,none,7300,P2000,0.0412,33.5
ct,2400,none,7300,CZ75-Auto,0.0,33.5
ct,2400,none,7300,Dual Berettas,0.0,33.5
ct,2400,none,7300,Glock-18,0.0,33.5
ct,2400,none,7300,none,0.0,33.5
ct,2400,none,7350,Five-SeveN,0.0892,32.8
ct,2400,none,7350,USP-S,0.843,32.8
ct,2400,none,7350,P250,0.0085,32.8
ct,2400,none,7350,Desert Eagle,0.0173,32.8
ct,2400,none,7350,P2000,0.042,32.8
ct,2400,none,7350,CZ75-Auto,0.0,32.8
ct,2400,none,7350,Dual Berettas,0.0,32.8
ct,2400,none,7350,Glock-18,0.0,32.8
ct,2400,none,7350,none,0.0,32.8
ct,2400,none,7400,Five-SeveN,0.0889,32.8
ct,2400,none,7400,USP-S,0.8039,32.8
ct,2400,none,7400,P250,0.0101,32.8
ct,2400,none,7400,Desert Eagle,0.0144,32.8
ct,2400,none,7400,P2000,0.041,32.8
ct,2400,none,7400,CZ75-Auto,0.0,32.8
ct,2400,none,7400,Dual Berettas,0.0419,32.8
ct,2400,none,7400,Glock-18,0.0,32.8
ct,2400,none,7400,none,0.0,32.8
ct,2400,none,7450,Five-SeveN,0.0919,32.0
ct,2400,none,7450,USP-S,0.7979,32.0
ct,2400,none,7450,P250,0.0124,32.0
ct,2400,none,7450,Desert Eagle,0.0123,32.0
ct,2400,none,7450,P2000,0.0412,32.0
ct,2400,none,7450,CZ75-Auto,0.0,32.0
ct,2400,none,7450,Dual Berettas,0.0443,32.0
ct,2400,none,7450,Glock-18,0.0,32.0
ct,2400,none,7450,none,0.0,32.0
ct,2400,none,7500,Five-SeveN,0.0947,31.1
ct,2400,none,7500,USP-S,0.7922,31.1
ct,2400,none,7500,P250,0.0151,31.1
ct,2400,none,7500,Desert Eagle,0.0104,31.1
ct,2400,none,7500,P2000,0.0411,31.1
ct,2400,none,7500,CZ75-Auto,0.0,31.1
ct,2400,none,7500,Dual Berettas,0.0465,31.1
ct,2400,none,7500,Glock-18,0.0,31.1
ct,2400,none,7500,none,0.0,31.1
ct,2400,none,7550,Five-SeveN,0.0973,30.3
ct,2400,none,7550,USP-S,0.7866,30.3
ct,2400,none,7550,P250,0.0183,30.3
ct,2400,none,7550,Desert Eagle,0.0088,30.3
ct,2400,none,7550,P2000,0.0406,30.3
ct,2400,none,7550,CZ75-Auto,0.0,30.3
ct,2400,none,7550,Dual Berettas,0.0484,30.3
ct,2400,none,7550,Glock-18,0.0,30.3
ct,2400,none,7550,none,0.0,30.3
ct,2400,none,7600,Five-SeveN,0.0998,29.5
ct,2400,none,7600,USP-S,0.7813,29.5
ct,2400,none,7600,P250,0.0219,29.5
ct,2400,none,7600,Desert Eagle,0.0074,29.5
ct,2400,none,7600,P2000,0.0399,29.5
ct,2400,none,7600,CZ75-Auto,0.0,29.5
ct,2400,none,7600,Dual Berettas,0.0499,29.5
ct,2400,none,7600,Glock-18,0.0,29.5
ct,2400,none,7600,none,0.0,29.5
ct,2900,none,800,Five-SeveN,0.3297,103.8
ct,2900,none,800,P250,0.1144,103.8
ct,2900,none,800,USP-S,0.3041,103.8
ct,2900,none,800,Desert Eagle,0.2287,103.8
ct,2900,none,800,none,0.0023,103.8
ct,2900,none,800,P2000,0.0023,103.8
ct,2900,none,800,CZ75-Auto,0.0185,103.8
ct,2900,none,850,Five-SeveN,0.3296,100.8
ct,2900,none,850,P250,0.1154,100.8
ct,2900,none,850,USP-S,0.3036,100.8
ct,2900,none,850,Desert Eagle,0.2281,100.8
ct,2900,none,850,none,0.0022,100.8
ct,2900,none,850,P2000,0.0022,100.8
ct,2900,none,850,CZ75-Auto,0.0189,100.8
ct,2900,none,900,Five-SeveN,0.3297,104.2
ct,2900,none,900,P250,0.1143,104.2
ct,2900,none,900,USP-S,0.3041,104.2
ct,2900,none,900,Desert Eagle,0.2288,104.2
ct,2900,none,900,none,0.0023,104.2
ct,2900,none,900,P2000,0.0023,104.2
ct,2900,none,900,CZ75-Auto,0.0184,104.2
ct,2900,none,950,Five-SeveN,0.331,104.0
ct,2900,none,950,P250,0.1143,104.0
ct,2900,none,950,USP-S,0.2984,104.0
ct,2900,none,950,Desert Eagle,0.2333,104.0
ct,2900,none,950,none,0.0022,104.0
ct,2900,none,950,P2000,0.0022,104.0
ct,2900,none,950,CZ75-Auto,0.0185,104.0
ct,2900,none,1000,Five-SeveN,0.3308,101.0
ct,2900,none,1000,P250,0.1153,101.0
ct,2900,none,1000,USP-S,0.298,101.0
ct,2900,none,1000,Desert Eagle,0.2327,101.0
ct,2900,none,1000,none,0.0021,101.0
ct,2900,none,1000,P2000,0.0021,101.0
ct,2900,none,1000,CZ75-Auto,0.0189,101.0
ct,2900,none,1050,Five-SeveN,0.331,104.7
ct,2900,none,1050,P250,0.1141,104.7
ct,2900,none,1050,USP-S,0.2985,104.7
ct,2900,none,1050,Desert Eagle,0.2335,104.7
ct,2900,none,1050,none,0.0022,104.7
ct,2900,none,1050,P2000,0.0022,104.7
ct,2900,none,1050,CZ75-Auto,0.0184,104.7
ct,2900,none,1100,Five-SeveN,0.3309,101.7
ct,2900,none,1100,P250,0.115,101.7
ct,2900,none,1100,USP-S,0.2981,101.7
ct,2900,none,1100,Desert Eagle,0.2329,101.7
ct,2900,none,1100,none,0.0021,101.7
ct,2900,none,1100,P2000,0.0021,101.7
ct,2900,none,1100,CZ75-Auto,0.0188,101.7
ct,2900,none,1150,Five-SeveN,0.3375,100.3
ct,2900,none,1150,P250,0.1149,100.3
ct,2900,none,1150,USP-S,0.2946,100.3
ct,2900,none,1150,Desert Eagle,0.2298,100.3
ct,2900,none,1150,none,0.002,100.3
ct,2900,none,1150,P2000,0.002,100.3
ct,2900,none,1150,CZ75-Auto,0.0191,100.3
ct,2900,none,1200,Five-SeveN,0.338,104.6
ct,2900,none,1200,P250,0.1135,104.6
ct,2900,none,1200,USP-S,0.2951,104.6
ct,2900,none,1200,Desert Eagle,0.2307,104.6
ct,2900,none,1200,none,0.0021,104.6
ct,2900,none,1200,P2000,0.0021,104.6
ct,2900,none,1200,CZ75-Auto,0.0184,104.6
ct,2900,none,1250,Five-SeveN,0.3373,101.7
ct,2900,none,1250,P250,0.1144,101.7
ct,2900,none,1250,USP-S,0.2945,101.7
ct,2900,none,1250,Desert Eagle,0.2308,101.7
ct,2900,none,1250,none,0.0021,101.7
ct,2900,none,1250,P2000,0.0021,101.7
ct,2900,none,1250,CZ75-Auto,0.0189,101.7
ct,2900,none,1300,Five-SeveN,0.3363,107.0
ct,2900,none,1300,P250,0.1124,107.0
ct,2900,none,1300,USP-S,0.2981,107.0
ct,2900,none,1300,Desert Eagle,0.2307,107.0
ct,2900,none,1300,none,0.0022,107.0
ct,2900,none,1300,P2000,0.0022,107.0
ct,2900,none,1300,CZ75-Auto,0.0181,107.0
ct,2900,none,1350,Five-SeveN,0.336,104.0
ct,2900,none,1350,P250,0.1134,104.0
ct,2900,none,1350,USP-S,0.2978,104.0
ct,2900,none,1350,Desert Eagle,0.2301,104.0
ct,2900,none,1350,none,0.0021,104.0
ct,2900,none,1350,P2000,0.0021,104.0
ct,2900,none,1350,CZ75-Auto,0.0185,104.0
ct,2900,none,1400,Five-SeveN,0.3355,101.2
ct,2900,none,1400,P250,0.1143,101.2
ct,2900,none,1400,Desert Eagle,0.2292,101.2
ct,2900,none,1400,USP-S,0.2981,101.2
ct,2900,none,1400,none,0.002,101.2
ct,2900,none,1400,P2000,0.002,101.2
ct,2900,none,1400,CZ75-Auto,0.0189,101.2
ct,2900,none,1450,Five-SeveN,0.3377,107.0
ct,2900,none,1450,P250,0.1123,107.0
ct,2900,none,1450,Desert Eagle,0.2297,107.0
ct,2900,none,1450,USP-S,0.298,107.0
ct,2900,none,1450,none,0.0021,107.0
ct,2900,none,1450,P2000,0.0021,107.0
ct,2900,none,1450,CZ75-Auto,0.0181,107.0
ct,2900,none,1500,Five-SeveN,0.3374,104.1
ct,2900,none,1500,P250,0.1132,104.1
ct,2900,none,1500,Desert Eagle,0.2291,104.1
ct,2900,none,1500,USP-S,0.2976,104.1
ct,2900,none,1500,none,0.0021,104.1
ct,2900,none,1500,P2000,0.0021,104.1
ct,2900,none,1500,CZ75-Auto,0.0185,104.1
ct,2900,none,1550,Five-SeveN,0.3357,101.9
ct,2900,none,1550,P250,0.1136,101.9
ct,2900,none,1550,Desert Eagle,0.2275,101.9
ct,2900,none,1550,USP-S,0.3004,101.9
ct,2900,none,1550,none,0.002,101.9
ct,2900,none,1550,P2000,0.002,101.9
ct,2900,none,1550,CZ75-Auto,0.0188,101.9
ct,2900,none,1600,Five-SeveN,0.3363,108.2
ct,2900,none,1600,P250,0.1116,108.2
ct,2900,none,1600,Desert Eagle,0.2287,108.2
ct,2900,none,1600,USP-S,0.3012,108.2
ct,2900,none,1600,none,0.0021,108.2
ct,2900,none,1600,P2000,0.0021,108.2
ct,2900,none,1600,CZ75-Auto,0.0179,108.2
ct,2900,none,1650,Five-SeveN,0.3359,105.8
ct,2900,none,1650,P250,0.1124,105.8
ct,2900,none,1650,Desert Eagle,0.2283,105.8
ct,2900,none,1650,USP-S,0.3011,105.8
ct,2900,none,1650,none,0.0021,105.8
ct,2900,none,1650,P2000,0.0021,105.8
ct,2900,none,1650,CZ75-Auto,0.0182,105.8
ct,2900,none,1700,Five-SeveN,0.3356,103.3
ct,2900,none,1700,P250,0.1132,103.3
ct,2900,none,1700,Desert Eagle,0.2277,103.3
ct,2900,none,1700,USP-S,0.3006,103.3
ct,2900,none,1700,P2000,0.0024,103.3
ct,2900,none,1700,none,0.002,103.3
ct,2900,none,1700,CZ75-Auto,0.0185,103.3
ct,2900,none,1750,Five-SeveN,0.3354,100.9
ct,2900,none,1750,P250,0.114,100.9
ct,2900,none,1750,Desert Eagle,0.2272,100.9
ct,2900,none,1750,USP-S,0.3003,100.9
ct,2900,none,1750,P2000,0.0023,100.9
ct,2900,none,1750,none,0.002,100.9
ct,2900,none,1750,CZ75-Auto,0.0189,100.9
ct,2900,none,1800,Five-SeveN,0.3361,108.9
ct,2900,none,1800,P250,0.1114,108.9
ct,2900,none,1800,Desert Eagle,0.2286,108.9
ct,2900,none,1800,USP-S,0.3014,108.9
ct,2900,none,1800,P2000,0.0025,108.9
ct,2900,none,1800,none,0.0021,108.9
ct,2900,none,1800,CZ75-Auto,0.0177,108.9
ct,2900,none,1850,Five-SeveN,0.3361,107.1
ct,2900,none,1850,P250,0.112,107.1
ct,2900,none,1850,Desert Eagle,0.2283,107.1
ct,2900,none,1850,USP-S,0.3012,107.1
ct,2900,none,1850,P2000,0.0025,107.1
ct,2900,none,1850,none,0.0021,107.1
ct,2900,none,1850,CZ75-Auto,0.0179,107.1
ct,2900,none,1900,Five-SeveN,0.336,105.5
ct,2900,none,1900,P250,0.1125,105.5
ct,2900,none,1900,Desert Eagle,0.2279,105.5
ct,2900,none,1900,USP-S,0.301,105.5
ct,2900,none,1900,P2000,0.0024,105.5
ct,2900,none,1900,none,0.0021,105.5
ct,2900,none,1900,CZ75-Auto,0.0181,105.5
ct,2900,none,1950,Five-SeveN,0.336,104.3
ct,2900,none,1950,P250,0.1129,104.3
ct,2900,none,1950,Desert Eagle,0.2276,104.3
ct,2900,none,1950,USP-S,0.3008,104.3
ct,2900,none,1950,P2000,0.0024,104.3
ct,2900,none,1950,none,0.002,104.3
ct,2900,none,1950,CZ75-Auto,0.0182,104.3
ct,2900,none,2000,Five-SeveN,0.3361,103.4
ct,2900,none,2000,P250,0.1132,103.4
ct,2900,none,2000,Desert Eagle,0.2274,103.4
ct,2900,none,2000,USP-S,0.3007,103.4
ct,2900,none,2000,P2000,0.0023,103.4
ct,2900,none,2000,none,0.002,103.4
ct,2900,none,2000,CZ75-Auto,0.0183,103.4
ct,2900,none,2050,Five-SeveN,0.3362,103.2
ct,2900,none,2050,P250,0.1133,103.2
ct,2900,none,2050,Desert Eagle,0.2273,103.2
ct,2900,none,2050,USP-S,0.3007,103.2
ct,2900,none,2050,P2000,0.0023,103.2
ct,2900,none,2050,none,0.002,103.2
ct,2900,none,2050,CZ75-Auto,0.0183,103.2
ct,2900,none,2100,Five-SeveN,0.348,104.0
ct,2900,none,2100,P250,0.1112,104.0
ct,2900,none,2100,Desert Eagle,0.2233,104.0
ct,2900,none,2100,USP-S,0.2955,104.0
ct,2900,none,2100,P2000,0.0022,104.0
ct,2900,none,2100,none,0.0019,104.0
ct,2900,none,2100,CZ75-Auto,0.0178,104.0
ct,2900,none,2150,Five-SeveN,0.3542,106.7
ct,2900,none,2150,P250,0.1097,106.7
ct,2900,none,2150,Desert Eagle,0.2215,106.7
ct,2900,none,2150,USP-S,0.2931,106.7
ct,2900,none,2150,P2000,0.0022,106.7
ct,2900,none,2150,none,0.0019,106.7
ct,2900,none,2150,CZ75-Auto,0.0173,106.7
ct,2900,none,2200,Five-SeveN,0.3544,109.8
ct,2900,none,2200,P250,0.1088,109.8
ct,2900,none,2200,Desert Eagle,0.2221,109.8
ct,2900,none,2200,USP-S,0.2937,109.8
ct,2900,none,2200,P2000,0.0023,109.8
ct,2900,none,2200,none,0.002,109.8
ct,2900,none,2200,CZ75-Auto,0.0167,109.8
ct,2900,none,2250,Five-SeveN,0.3546,100.1
ct,2900,none,2250,P250,0.1119,100.1
ct,2900,none,2250,Desert Eagle,0.2191,100.1
ct,2900,none,2250,USP-S,0.2929,100.1
ct,2900,none,2250,P2000,0.0019,100.1
ct,2900,none,2250,none,0.0017,100.1
ct,2900,none,2250,CZ75-Auto,0.0179,100.1
ct,2900,none,2300,Five-SeveN,0.3549,108.2
ct,2900,none,2300,P250,0.1094,108.2
ct,2900,none,2300,Desert Eagle,0.2207,108.2
ct,2900,none,2300,USP-S,0.2947,108.2
ct,2900,none,2300,P2000,0.002,108.2
ct,2900,none,2300,none,0.0019,108.2
ct,2900,none,2300,CZ75-Auto,0.0164,108.2
ct,2900,none,2350,Five-SeveN,0.3562,106.3
ct,2900,none,2350,P250,0.1094,106.3
ct,2900,none,2350,Desert Eagle,0.2161,106.3
ct,2900,none,2350,USP-S,0.2988,106.3
ct,2900,none,2350,P2000,0.0017,106.3
ct,2900,none,2350,none,0.0016,106.3
ct,2900,none,2350,CZ75-Auto,0.0162,106.3
ct,2900,none,2400,Five-SeveN,0.3546,111.5
ct,2900,none,2400,P250,0.107,111.5
ct,2900,none,2400,Desert Eagle,0.2138,111.5
ct,2900,none,2400,USP-S,0.3077,111.5
ct,2900,none,2400,P2000,0.0014,111.5
ct,2900,none,2400,none,0.0014,111.5
ct,2900,none,2400,CZ75-Auto,0.0141,111.5
ct,2900,none,2450,Five-SeveN,0.3659,108.2
ct,2900,none,2450,P250,0.0991,108.2
ct,2900,none,2450,Desert Eagle,0.2147,108.2
ct,2900,none,2450,USP-S,0.3128,108.2
ct,2900,none,2450,P2000,0.0006,108.2
ct,2900,none,2450,none,0.0006,108.2
ct,2900,none,2450,CZ75-Auto,0.0063,108.2
ct,2900,none,2500,Five-SeveN,0.3146,110.1
ct,2900,none,2500,P250,0.0781,110.1
ct,2900,none,2500,Desert Eagle,0.2675,110.1
ct,2900,none,2500,USP-S,0.3343,110.1
ct,2900,none,2500,P2000,0.0028,110.1
ct,2900,none,2500,none,0.0028,110.1
ct,2900,none,2500,CZ75-Auto,0.0,110.1
ct,2900,none,2550,Five-SeveN,0.3577,107.9
ct,2900,none,2550,P250,0.0365,107.9
ct,2900,none,2550,Desert Eagle,0.2361,107.9
ct,2900,none,2550,USP-S,0.3455,107.9
ct,2900,none,2550,P2000,0.0121,107.9
ct,2900,none,2550,none,0.0121,107.9
ct,2900,none,2550,CZ75-Auto,0.0,107.9
ct,2900,none,2600,Five-SeveN,0.2848,119.1
ct,2900,none,2600,P250,0.0459,119.1
ct,2900,none,2600,USP-S,0.4043,119.1
ct,2900,none,2600,Desert Eagle,0.2422,119.1
ct,2900,none,2600,P2000,0.0114,119.1
ct,2900,none,2600,none,0.0057,119.1
ct,2900,none,2600,CZ75-Auto,0.0057,119.1
ct,2900,none,2650,Five-SeveN,0.2798,111.5
ct,2900,none,2650,P250,0.0514,111.5
ct,2900,none,2650,USP-S,0.3984,111.5
ct,2900,none,2650,Desert Eagle,0.2417,111.5
ct,2900,none,2650,P2000,0.0144,111.5
ct,2900,none,2650,none,0.0017,111.5
ct,2900,none,2650,CZ75-Auto,0.0127,111.5
ct,2900,none,2700,Five-SeveN,0.2847,112.1
ct,2900,none,2700,P250,0.0459,112.1
ct,2900,none,2700,USP-S,0.3846,112.1
ct,2900,none,2700,Desert Eagle,0.2646,112.1
ct,2900,none,2700,P2000,0.0104,112.1
ct,2900,none,2700,none,0.0006,112.1
ct,2900,none,2700,CZ75-Auto,0.0092,112.1
ct,2900,none,2750,Five-SeveN,0.2956,114.8
ct,2900,none,2750,P250,0.0493,114.8
ct,2900,none,2750,USP-S,0.3559,114.8
ct,2900,none,2750,Desert Eagle,0.2844,114.8
ct,2900,none,2750,P2000,0.0097,114.8
ct,2900,none,2750,none,0.0002,114.8
ct,2900,none,2750,CZ75-Auto,0.0049,114.8
ct,2900,none,2800,Five-SeveN,0.3262,112.5
ct,2900,none,2800,P250,0.058,112.5
ct,2900,none,2800,USP-S,0.3157,112.5
ct,2900,none,2800,Desert Eagle,0.2828,112.5
ct,2900,none,2800,P2000,0.0128,112.5
ct,2900,none,2800,none,0.0001,112.5
ct,2900,none,2800,CZ75-Auto,0.0044,112.5
ct,2900,none,2850,Five-SeveN,0.3645,111.6
ct,2900,none,2850,P250,0.0642,111.6
ct,2900,none,2850,USP-S,0.2845,111.6
ct,2900,none,2850,Desert Eagle,0.2652,111.6
ct,2900,none,2850,P2000,0.0137,111.6
ct,2900,none,2850,none,0.0001,111.6
ct,2900,none,2850,CZ75-Auto,0.0078,111.6
ct,2900,none,2900,Five-SeveN,0.3955,102.1
ct,2900,none,2900,P250,0.066,102.1
ct,2900,none,2900,USP-S,0.2615,102.1
ct,2900,none,2900,Desert Eagle,0.2528,102.1
ct,2900,none,2900,P2000,0.0121,102.1
ct,2900,none,2900,none,0.0001,102.1
ct,2900,none,2900,CZ75-Auto,0.0121,102.1
ct,2900,none,2950,Five-SeveN,0.4178,103.2
ct,2900,none,2950,P250,0.0606,103.2
ct,2900,none,2950,USP-S,0.2507,103.2
ct,2900,none,2950,Desert Eagle,0.2475,103.2
ct,2900,none,2950,P2000,0.0086,103.2
ct,2900,none,2950,none,0.0006,103.2
ct,2900,none,2950,CZ75-Auto,0.0142,103.2
ct,2900,none,3000,Five-SeveN,0.4062,109.6
ct,2900,none,3000,P250,0.0499,109.6
ct,2900,none,3000,USP-S,0.2887,109.6
ct,2900,none,3000,Desert Eagle,0.2339,109.6
ct,2900,none,3000,P2000,0.0053,109.6
ct,2900,none,3000,none,0.0025,109.6
ct,2900,none,3000,CZ75-Auto,0.0134,109.6
ct,2900,none,3050,Five-SeveN,0.4045,102.6
ct,2900,none,3050,P250,0.0416,102.6
ct,2900,none,3050,USP-S,0.3048,102.6
ct,2900,none,3050,Desert Eagle,0.2275,102.6
ct,2900,none,3050,P2000,0.0027,102.6
ct,2900,none,3050,none,0.0056,102.6
ct,2900,none,3050,CZ75-Auto,0.0132,102.6
ct,2900,none,3100,Five-SeveN,0.3915,107.2
ct,2900,none,3100,P250,0.0368,107.2
ct,2900,none,3100,USP-S,0.327,107.2
ct,2900,none,3100,Desert Eagle,0.2179,107.2
ct,2900,none,3100,P2000,0.0015,107.2
ct,2900,none,3100,none,0.0096,107.2
ct,2900,none,3100,CZ75-Auto,0.0155,107.2
ct,2900,none,3150,Five-SeveN,0.3913,106.8
ct,2900,none,3150,P250,0.0354,106.8
ct,2900,none,3150,USP-S,0.3224,106.8
ct,2900,none,3150,Desert Eagle,0.2165,106.8
ct,2900,none,3150,P2000,0.0009,106.8
ct,2900,none,3150,none,0.013,106.8
ct,2900,none,3150,CZ75-Auto,0.0204,106.8
ct,2900,none,3200,Five-SeveN,0.3762,100.6
ct,2900,none,3200,P250,0.0332,100.6
ct,2900,none,3200,USP-S,0.3429,100.6
ct,2900,none,3200,Desert Eagle,0.2072,100.6
ct,2900,none,3200,P2000,0.0004,100.6
ct,2900,none,3200,none,0.0156,100.6
ct,2900,none,3200,CZ75-Auto,0.0246,100.6
ct,2900,none,3250,Five-SeveN,0.3684,105.2
ct,2900,none,3250,P250,0.0351,105.2
ct,2900,none,3250,USP-S,0.3471,105.2
ct,2900,none,3250,Desert Eagle,0.2044,105.2
ct,2900,none,3250,P2000,0.0007,105.2
ct,2900,none,3250,none,0.0175,105.2
ct,2900,none,3250,CZ75-Auto,0.0268,105.2
ct,2900,none,3300,Five-SeveN,0.3574,102.5
ct,2900,none,3300,P250,0.0382,102.5
ct,2900,none,3300,USP-S,0.3555,102.5
ct,2900,none,3300,Desert Eagle,0.2003,102.5
ct,2900,none,3300,P2000,0.0015,102.5
ct,2900,none,3300,none,0.0197,102.5
ct,2900,none,3300,CZ75-Auto,0.0274,102.5
ct,2900,none,3350,Five-SeveN,0.3386,100.4
ct,2900,none,3350,P250,0.0426,100.4
ct,2900,none,3350,USP-S,0.3746,100.4
ct,2900,none,3350,Desert Eagle,0.1936,100.4
ct,2900,none,3350,P2000,0.0031,100.4
ct,2900,none,3350,none,0.0213,100.4
ct,2900,none,3350,CZ75-Auto,0.0261,100.4
ct,2900,none,3400,Five-SeveN,0.3055,100.4
ct,2900,none,3400,P250,0.0462,100.4
ct,2900,none,3400,USP-S,0.4176,100.4
ct,2900,none,3400,Desert Eagle,0.1811,100.4
ct,2900,none,3400,P2000,0.0055,100.4
ct,2900,none,3400,none,0.0213,100.4
ct,2900,none,3400,CZ75-Auto,0.0228,100.4
ct,2900,none,3450,Five-SeveN,0.2845,103.2
ct,2900,none,3450,P250,0.0499,103.2
ct,2900,none,3450,USP-S,0.4385,103.2
ct,2900,none,3450,Desert Eagle,0.1786,103.2
ct,2900,none,3450,P2000,0.0086,103.2
ct,2900,none,3450,none,0.0203,103.2
ct,2900,none,3450,CZ75-Auto,0.0196,103.2
ct,2900,none,3500,Five-SeveN,0.275,103.4
ct,2900,none,3500,P250,0.053,103.4
ct,2900,none,3500,USP-S,0.4388,103.4
ct,2900,none,3500,Desert Eagle,0.1847,103.4
ct,2900,none,3500,P2000,0.0115,103.4
ct,2900,none,3500,none,0.0195,103.4
ct,2900,none,3500,CZ75-Auto,0.0175,103.4
ct,2900,none,3550,Five-SeveN,0.2287,101.2
ct,2900,none,3550,P250,0.0503,101.2
ct,2900,none,3550,USP-S,0.5113,101.2
ct,2900,none,3550,Desert Eagle,0.1663,101.2
ct,2900,none,3550,P2000,0.013,101.2
ct,2900,none,3550,none,0.017,101.2
ct,2900,none,3550,CZ75-Auto,0.0135,101.2
ct,2900,none,3600,Five-SeveN,0.2096,103.4
ct,2900,none,3600,P250,0.0474,103.4
ct,2900,none,3600,USP-S,0.5398,103.4
ct,2900,none,3600,Desert Eagle,0.1633,103.4
ct,2900,none,3600,P2000,0.0136,103.4
ct,2900,none,3600,none,0.0148,103.4
ct,2900,none,3600,CZ75-Auto,0.0115,103.4
ct,2900,none,3650,Five-SeveN,0.2035,101.7
ct,2900,none,3650,P250,0.0462,101.7
ct,2900,none,3650,USP-S,0.5441,101.7
ct,2900,none,3650,Desert Eagle,0.1678,101.7
ct,2900,none,3650,P2000,0.0143,101.7
ct,2900,none,3650,none,0.0137,101.7
ct,2900,none,3650,CZ75-Auto,0.0104,101.7
ct,2900,none,3700,Five-SeveN,0.1977,101.5
ct,2900,none,3700,P250,0.0444,101.5
ct,2900,none,3700,USP-S,0.5506,101.5
ct,2900,none,3700,Desert Eagle,0.1706,101.5
ct,2900,none,3700,P2000,0.0144,101.5
ct,2900,none,3700,none,0.0127,101.5
ct,2900,none,3700,CZ75-Auto,0.0096,101.5
ct,2900,none,3750,Five-SeveN,0.1663,103.4
ct,2900,none,3750,P250,0.0379,103.4
ct,2900,none,3750,USP-S,0.6128,103.4
ct,2900,none,3750,Desert Eagle,0.1522,103.4
ct,2900,none,3750,P2000,0.0131,103.4
ct,2900,none,3750,none,0.0103,103.4
ct,2900,none,3750,CZ75-Auto,0.0075,103.4
ct,2900,none,3800,Five-SeveN,0.1635,103.1
ct,2900,none,3800,P250,0.0362,103.1
ct,2900,none,3800,USP-S,0.6168,103.1
ct,2900,none,3800,Desert Eagle,0.1541,103.1
ct,2900,none,3800,P2000,0.0127,103.1
ct,2900,none,3800,none,0.0096,103.1
ct,2900,none,3800,CZ75-Auto,0.0071,103.1
ct,2900,none,3850,Five-SeveN,0.1497,101.7
ct,2900,none,3850,P250,0.0354,101.7
ct,2900,none,3850,USP-S,0.6401,101.7
ct,2900,none,3850,Desert Eagle,0.1482,101.7
ct,2900,none,3850,P2000,0.0121,101.7
ct,2900,none,3850,none,0.0085,101.7
ct,2900,none,3850,CZ75-Auto,0.0061,101.7
ct,2900,none,3900,Five-SeveN,0.1444,103.9
ct,2900,none,3900,P250,0.0344,103.9
ct,2900,none,3900,USP-S,0.6509,103.9
ct,2900,none,3900,Desert Eagle,0.1455,103.9
ct,2900,none,3900,P2000,0.0112,103.9
ct,2900,none,3900,none,0.0078,103.9
ct,2900,none,3900,CZ75-Auto,0.0057,103.9
ct,2900,none,3950,Five-SeveN,0.1385,100.6
ct,2900,none,3950,P250,0.0342,100.6
ct,2900,none,3950,USP-S,0.6592,100.6
ct,2900,none,3950,Desert Eagle,0.145,100.6
ct,2900,none,3950,P2000,0.0109,100.6
ct,2900,none,3950,none,0.0071,100.6
ct,2900,none,3950,CZ75-Auto,0.0051,100.6
ct,2900,none,4000,Five-SeveN,0.1362,101.9
ct,2900,none,4000,P250,0.0345,101.9
ct,2900,none,4000,USP-S,0.664,101.9
ct,2900,none,4000,Desert Eagle,0.1435,101.9
ct,2900,none,4000,P2000,0.0102,101.9
ct,2900,none,4000,none,0.0067,101.9
ct,2900,none,4000,CZ75-Auto,0.0049,101.9
ct,2900,none,4050,Five-SeveN,0.105,103.7
ct,2900,none,4050,P250,0.0284,103.7
ct,2900,none,4050,USP-S,0.7333,103.7
ct,2900,none,4050,Desert Eagle,0.117,103.7
ct,2900,none,4050,P2000,0.0081,103.7
ct,2900,none,4050,none,0.0049,103.7
ct,2900,none,4050,CZ75-Auto,0.0034,103.7
ct,2900,none,4100,Five-SeveN,0.1,100.5
ct,2900,none,4100,P250,0.0284,100.5
ct,2900,none,4100,USP-S,0.7427,100.5
ct,2900,none,4100,Desert Eagle,0.1139,100.5
ct,2900,none,4100,P2000,0.0075,100.5
ct,2900,none,4100,none,0.0044,100.5
ct,2900,none,4100,CZ75-Auto,0.003,100.5
ct,2900,none,4150,Five-SeveN,0.0455,102.6
ct,2900,none,4150,P250,0.0155,102.6
ct,2900,none,4150,USP-S,0.8683,102.6
ct,2900,none,4150,Desert Eagle,0.0651,102.6
ct,2900,none,4150,P2000,0.0037,102.6
ct,2900,none,4150,none,0.0013,102.6
ct,2900,none,4150,CZ75-Auto,0.0006,102.6
ct,2900,none,4200,Five-SeveN,0.0482,101.0
ct,2900,none,4200,P250,0.0128,101.0
ct,2900,none,4200,USP-S,0.8841,101.0
ct,2900,none,4200,Desert Eagle,0.0517,101.0
ct,2900,none,4200,P2000,0.0023,101.0
ct,2900,none,4200,none,0.0006,101.0
ct,2900,none,4200,CZ75-Auto,0.0002,101.0
ct,2900,none,4250,Five-SeveN,0.0384,101.5
ct,2900,none,4250,P250,0.0107,101.5
ct,2900,none,4250,USP-S,0.8992,101.5
ct,2900,none,4250,Desert Eagle,0.0386,101.5
ct,2900,none,4250,P2000,0.0129,101.5
ct,2900,none,4250,none,0.0002,101.5
ct,2900,none,4250,CZ75-Auto,0.0,101.5
ct,2900,none,4300,Five-SeveN,0.0408,101.6
ct,2900,none,4300,P250,0.0116,101.6
ct,2900,none,4300,USP-S,0.8988,101.6
ct,2900,none,4300,Desert Eagle,0.0359,101.6
ct,2900,none,4300,P2000,0.0128,101.6
ct,2900,none,4300,none,0.0001,101.6
ct,2900,none,4300,CZ75-Auto,0.0,101.6
ct,2900,none,4350,Five-SeveN,0.0263,105.6
ct,2900,none,4350,P250,0.0065,105.6
ct,2900,none,4350,USP-S,0.9195,105.6
ct,2900,none,4350,Desert Eagle,0.0217,105.6
ct,2900,none,4350,P2000,0.026,105.6
ct,2900,none,4350,none,0.0,105.6
ct,2900,none,4350,CZ75-Auto,0.0,105.6
ct,2900,none,4400,Five-SeveN,0.0208,112.6
ct,2900,none,4400,P250,0.0096,112.6
ct,2900,none,4400,USP-S,0.9329,112.6
ct,2900,none,4400,Desert Eagle,0.0114,112.6
ct,2900,none,4400,P2000,0.0253,112.6
ct,2900,none,4400,none,0.0,112.6
ct,2900,none,4400,CZ75-Auto,0.0,112.6
ct,2900,none,4450,Five-SeveN,0.0055,117.4
ct,2900,none,4450,P250,0.0161,117.4
ct,2900,none,4450,USP-S,0.9341,117.4
ct,2900,none,4450,Desert Eagle,0.0111,117.4
ct,2900,none,4450,P2000,0.0331,117.4
ct,2900,none,4450,none,0.0,117.4
ct,2900,none,4450,CZ75-Auto,0.0,117.4
ct,2900,none,4500,Five-SeveN,0.0005,114.9
ct,2900,none,4500,P250,0.016,114.9
ct,2900,none,4500,USP-S,0.9428,114.9
ct,2900,none,4500,Desert Eagle,0.0049,114.9
ct,2900,none,4500,P2000,0.0359,114.9
ct,2900,none,4500,none,0.0,114.9
ct,2900,none,4500,CZ75-Auto,0.0,114.9
ct,2900,none,4550,Five-SeveN,0.0062,130.7
ct,2900,none,4550,P250,0.0108,130.7
ct,2900,none,4550,USP-S,0.9589,130.7
ct,2900,none,4550,Desert Eagle,0.0005,130.7
ct,2900,none,4550,P2000,0.0236,130.7
ct,2900,none,4550,none,0.0,130.7
ct,2900,none,4550,CZ75-Auto,0.0,130.7
ct,2900,none,4600,Five-SeveN,0.026,113.6
ct,2900,none,4600,P250,0.0135,113.6
ct,2900,none,4600,USP-S,0.9426,113.6
ct,2900,none,4600,Desert Eagle,0.0001,113.6
ct,2900,none,4600,P2000,0.0178,113.6
ct,2900,none,4600,none,0.0,113.6
ct,2900,none,4600,CZ75-Auto,0.0,113.6
ct,2900,none,4650,Five-SeveN,0.0328,110.1
ct,2900,none,4650,P250,0.0154,110.1
ct,2900,none,4650,USP-S,0.9297,110.1
ct,2900,none,4650,Desert Eagle,0.0,110.1
ct,2900,none,4650,P2000,0.0222,110.1
ct,2900,none,4650,none,0.0,110.1
ct,2900,none,4650,CZ75-Auto,0.0,110.1
ct,2900,none,4700,Five-SeveN,0.0208,115.8
ct,2900,none,4700,P250,0.0188,115.8
ct,2900,none,4700,USP-S,0.9172,115.8
ct,2900,none,4700,Desert Eagle,0.0,115.8
ct,2900,none,4700,P2000,0.0433,115.8
ct,2900,none,4700,none,0.0,115.8
ct,2900,none,4700,CZ75-Auto,0.0,115.8
ct,2900,none,4750,Five-SeveN,0.0114,113.7
ct,2900,none,4750,P250,0.0204,113.7
ct,2900,none,4750,USP-S,0.9214,113.7
ct,2900,none,4750,Desert Eagle,0.0,113.7
ct,2900,none,4750,P2000,0.0469,113.7
ct,2900,none,4750,none,0.0,113.7
ct,2900,none,4750,CZ75-Auto,0.0,113.7
ct,2900,none,4800,Five-SeveN,0.0142,107.8
ct,2900,none,4800,P250,0.0206,107.8
ct,2900,none,4800,USP-S,0.9177,107.8
ct,2900,none,4800,Desert Eagle,0.0,107.8
ct,2900,none,4800,P2000,0.0475,107.8
ct,2900,none,4800,none,0.0,107.8
ct,2900,none,4800,CZ75-Auto,0.0,107.8
ct,2900,none,4850,Five-SeveN,0.0121,103.9
ct,2900,none,4850,P250,0.0131,103.9
ct,2900,none,4850,USP-S,0.9291,103.9
ct,2900,none,4850,Desert Eagle,0.0,103.9
ct,2900,none,4850,P2000,0.0457,103.9
ct,2900,none,4850,none,0.0,103.9
ct,2900,none,4850,CZ75-Auto,0.0,103.9
ct,2900,none,4900,Five-SeveN,0.0138,103.6
ct,2900,none,4900,P250,0.0065,103.6
ct,2900,none,4900,USP-S,0.9465,103.6
ct,2900,none,4900,Desert Eagle,0.0,103.6
ct,2900,none,4900,P2000,0.0332,103.6
ct,2900,none,4900,none,0.0,103.6
ct,2900,none,4900,CZ75-Auto,0.0,103.6
ct,2900,none,4950,Five-SeveN,0.016,105.6
ct,2900,none,4950,P250,0.0048,105.6
ct,2900,none,4950,USP-S,0.9527,105.6
ct,2900,none,4950,Desert Eagle,0.0,105.6
ct,2900,none,4950,P2000,0.0266,105.6
ct,2900,none,4950,none,0.0,105.6
ct,2900,none,4950,CZ75-Auto,0.0,105.6
ct,2900,none,5000,Five-SeveN,0.0194,100.2
ct,2900,none,5000,P250,0.0031,100.2
ct,2900,none,5000,USP-S,0.9576,100.2
ct,2900,none,5000,Desert Eagle,0.0,100.2
ct,2900,none,5000,P2000,0.0199,100.2
ct,2900,none,5000,none,0.0,100.2
ct,2900,none,5000,CZ75-Auto,0.0,100.2
ct,2900,none,5050,Five-SeveN,0.0194,104.9
ct,2900,none,5050,P250,0.0018,104.9
ct,2900,none,5050,USP-S,0.9662,104.9
ct,2900,none,5050,Desert Eagle,0.0,104.9
ct,2900,none,5050,P2000,0.0126,104.9
ct,2900,none,5050,none,0.0,104.9
ct,2900,none,5050,CZ75-Auto,0.0,104.9
ct,2900,none,5100,Five-SeveN,0.0197,103.5
ct,2900,none,5100,P250,0.0017,103.5
ct,2900,none,5100,USP-S,0.9676,103.5
ct,2900,none,5100,Desert Eagle,0.0002,103.5
ct,2900,none,5100,P2000,0.0107,103.5
ct,2900,none,5100,none,0.0,103.5
ct,2900,none,5100,CZ75-Auto,0.0,103.5
ct,2900,none,5150,Five-SeveN,0.0188,109.0
ct,2900,none,5150,P250,0.0022,109.0
ct,2900,none,5150,USP-S,0.9658,109.0
ct,2900,none,5150,Desert Eagle,0.0017,109.0
ct,2900,none,5150,P2000,0.0115,109.0
ct,2900,none,5150,none,0.0,109.0
ct,2900,none,5150,CZ75-Auto,0.0,109.0
ct,2900,none,5200,Five-SeveN,0.0153,102.7
ct,2900,none,5200,P250,0.0011,102.7
ct,2900,none,5200,USP-S,0.974,102.7
ct,2900,none,5200,Desert Eagle,0.003,102.7
ct,2900,none,5200,P2000,0.0066,102.7
ct,2900,none,5200,none,0.0,102.7
ct,2900,none,5200,CZ75-Auto,0.0,102.7
ct,2900,none,5250,Five-SeveN,0.0126,106.5
ct,2900,none,5250,P250,0.0011,106.5
ct,2900,none,5250,USP-S,0.9749,106.5
ct,2900,none,5250,Desert Eagle,0.0057,106.5
ct,2900,none,5250,P2000,0.0057,106.5
ct,2900,none,5250,none,0.0,106.5
ct,2900,none,5250,CZ75-Auto,0.0,106.5
ct,2900,none,5300,Five-SeveN,0.0117,103.7
ct,2900,none,5300,P250,0.0011,103.7
ct,2900,none,5300,USP-S,0.9724,103.7
ct,2900,none,5300,Desert Eagle,0.0091,103.7
ct,2900,none,5300,P2000,0.0057,103.7
ct,2900,none,5300,none,0.0,103.7
ct,2900,none,5300,CZ75-Auto,0.0,103.7
ct,2900,none,5350,Five-SeveN,0.011,102.2
ct,2900,none,5350,P250,0.0012,102.2
ct,2900,none,5350,USP-S,0.9696,102.2
ct,2900,none,5350,Desert Eagle,0.0123,102.2
ct,2900,none,5350,P2000,0.0058,102.2
ct,2900,none,5350,none,0.0,102.2
ct,2900,none,5350,CZ75-Auto,0.0,102.2
ct,2900,none,5400,Five-SeveN,0.009,101.2
ct,2900,none,5400,P250,0.001,101.2
ct,2900,none,5400,USP-S,0.9564,101.2
ct,2900,none,5400,Desert Eagle,0.0139,101.2
ct,2900,none,5400,P2000,0.0197,101.2
ct,2900,none,5400,none,0.0,101.2
ct,2900,none,5400,CZ75-Auto,0.0,101.2
ct,2900,none,5450,Five-SeveN,0.0085,100.7
ct,2900,none,5450,P250,0.001,100.7
ct,2900,none,5450,USP-S,0.9547,100.7
ct,2900,none,5450,Desert Eagle,0.0156,100.7
ct,2900,none,5450,P2000,0.0202,100.7
ct,2900,none,5450,none,0.0,100.7
ct,2900,none,5450,CZ75-Auto,0.0,100.7
ct,2900,none,5500,Five-SeveN,0.0082,100.0
ct,2900,none,5500,P250,0.0012,100.0
ct,2900,none,5500,USP-S,0.953,100.0
ct,2900,none,5500,Desert Eagle,0.0169,100.0
ct,2900,none,5500,P2000,0.0207,100.0
ct,2900,none,5500,none,0.0,100.0
ct,2900,none,5500,CZ75-Auto,0.0,100.0
ct,2900,none,5550,Five-SeveN,0.0084,107.2
ct,2900,none,5550,P250,0.0015,107.2
ct,2900,none,5550,USP-S,0.9523,107.2
ct,2900,none,5550,Desert Eagle,0.0167,107.2
ct,2900,none,5550,P2000,0.021,107.2
ct,2900,none,5550,none,0.0,107.2
ct,2900,none,5550,CZ75-Auto,0.0,107.2
ct,2900,none,5600,Five-SeveN,0.0073,103.0
ct,2900,none,5600,P250,0.0013,103.0
ct,2900,none,5600,USP-S,0.9556,103.0
ct,2900,none,5600,Desert Eagle,0.0165,103.0
ct,2900,none,5600,P2000,0.0193,103.0
ct,2900,none,5600,none,0.0,103.0
ct,2900,none,5600,CZ75-Auto,0.0,103.0
ct,2900,none,5650,Five-SeveN,0.0072,102.9
ct,2900,none,5650,P250,0.0014,102.9
ct,2900,none,5650,USP-S,0.9555,102.9
ct,2900,none,5650,Desert Eagle,0.0166,102.9
ct,2900,none,5650,P2000,0.0193,102.9
ct,2900,none,5650,none,0.0,102.9
ct,2900,none,5650,CZ75-Auto,0.0,102.9
ct,2900,none,5700,Five-SeveN,0.0065,105.2
ct,2900,none,5700,P250,0.0014,105.2
ct,2900,none,5700,USP-S,0.96,105.2
ct,2900,none,5700,Desert Eagle,0.0148,105.2
ct,2900,none,5700,P2000,0.0173,105.2
ct,2900,none,5700,none,0.0,105.2
ct,2900,none,5700,CZ75-Auto,0.0,105.2
ct,2900,none,5750,Five-SeveN,0.0062,105.3
ct,2900,none,5750,P250,0.0014,105.3
ct,2900,none,5750,USP-S,0.9443,105.3
ct,2900,none,5750,Desert Eagle,0.0141,105.3
ct,2900,none,5750,P2000,0.034,105.3
ct,2900,none,5750,none,0.0,105.3
ct,2900,none,5750,CZ75-Auto,0.0,105.3
ct,2900,none,5800,Five-SeveN,0.0062,105.1
ct,2900,none,5800,P250,0.0016,105.1
ct,2900,none,5800,USP-S,0.9441,105.1
ct,2900,none,5800,Desert Eagle,0.0137,105.1
ct,2900,none,5800,P2000,0.0344,105.1
ct,2900,none,5800,none,0.0,105.1
ct,2900,none,5800,CZ75-Auto,0.0,105.1
ct,2900,none,5850,Five-SeveN,0.0062,105.5
ct,2900,none,5850,P250,0.0017,105.5
ct,2900,none,5850,USP-S,0.9439,105.5
ct,2900,none,5850,Desert Eagle,0.0134,105.5
ct,2900,none,5850,P2000,0.0348,105.5
ct,2900,none,5850,none,0.0,105.5
ct,2900,none,5850,CZ75-Auto,0.0,105.5
ct,2900,none,5900,Five-SeveN,0.0053,100.4
ct,2900,none,5900,P250,0.0014,100.4
ct,2900,none,5900,USP-S,0.9495,100.4
ct,2900,none,5900,Desert Eagle,0.0121,100.4
ct,2900,none,5900,P2000,0.0317,100.4
ct,2900,none,5900,none,0.0,100.4
ct,2900,none,5900,CZ75-Auto,0.0,100.4
ct,2900,none,5950,Five-SeveN,0.0054,100.5
ct,2900,none,5950,P250,0.0015,100.5
ct,2900,none,5950,USP-S,0.9499,100.5
ct,2900,none,5950,Desert Eagle,0.0117,100.5
ct,2900,none,5950,P2000,0.0315,100.5
ct,2900,none,5950,none,0.0,100.5
ct,2900,none,5950,CZ75-Auto,0.0,100.5
ct,2900,none,6000,Five-SeveN,0.0053,101.2
ct,2900,none,6000,P250,0.0016,101.2
ct,2900,none,6000,USP-S,0.9322,101.2
ct,2900,none,6000,Desert Eagle,0.0111,101.2
ct,2900,none,6000,P2000,0.0497,101.2
ct,2900,none,6000,none,0.0,101.2
ct,2900,none,6000,CZ75-Auto,0.0,101.2
ct,2900,none,6050,Five-SeveN,0.0054,102.0
ct,2900,none,6050,P250,0.0017,102.0
ct,2900,none,6050,USP-S,0.9316,102.0
ct,2900,none,6050,Desert Eagle,0.0108,102.0
ct,2900,none,6050,P2000,0.0505,102.0
ct,2900,none,6050,none,0.0,102.0
ct,2900,none,6050,CZ75-Auto,0.0,102.0
ct,2900,none,6100,Five-SeveN,0.0249,96.7
ct,2900,none,6100,P250,0.0016,96.7
ct,2900,none,6100,USP-S,0.913,96.7
ct,2900,none,6100,Desert Eagle,0.0103,96.7
ct,2900,none,6100,P2000,0.0502,96.7
ct,2900,none,6100,none,0.0,96.7
ct,2900,none,6100,CZ75-Auto,0.0,96.7
ct,2900,none,6150,Five-SeveN,0.0277,86.1
ct,2900,none,6150,P250,0.0013,86.1
ct,2900,none,6150,USP-S,0.9078,86.1
ct,2900,none,6150,Desert Eagle,0.0103,86.1
ct,2900,none,6150,P2000,0.0529,86.1
ct,2900,none,6150,none,0.0,86.1
ct,2900,none,6150,CZ75-Auto,0.0,86.1
ct,2900,none,6200,Five-SeveN,0.0308,76.7
ct,2900,none,6200,P250,0.0011,76.7
ct,2900,none,6200,USP-S,0.9022,76.7
ct,2900,none,6200,Desert Eagle,0.0102,76.7
ct,2900,none,6200,P2000,0.0557,76.7
ct,2900,none,6200,none,0.0,76.7
ct,2900,none,6200,CZ75-Auto,0.0,76.7
ct,2900,none,6250,Five-SeveN,0.0342,68.5
ct,2900,none,6250,P250,0.001,68.5
ct,2900,none,6250,USP-S,0.8964,68.5
ct,2900,none,6250,Desert Eagle,0.01,68.5
ct,2900,none,6250,P2000,0.0584,68.5
ct,2900,none,6250,none,0.0,68.5
ct,2900,none,6250,CZ75-Auto,0.0,68.5
ct,2900,none,6300,Five-SeveN,0.0381,61.3
ct,2900,none,6300,P250,0.0008,61.3
ct,2900,none,6300,USP-S,0.8902,61.3
ct,2900,none,6300,Desert Eagle,0.0098,61.3
ct,2900,none,6300,P2000,0.0612,61.3
ct,2900,none,6300,none,0.0,61.3
ct,2900,none,6300,CZ75-Auto,0.0,61.3
ct,2900,none,6350,Five-SeveN,0.0422,54.9
ct,2900,none,6350,P250,0.0007,54.9
ct,2900,none,6350,USP-S,0.8838,54.9
ct,2900,none,6350,Desert Eagle,0.0095,54.9
ct,2900,none,6350,P2000,0.0638,54.9
ct,2900,none,6350,none,0.0,54.9
ct,2900,none,6350,CZ75-Auto,0.0,54.9
ct,2900,none,6400,Five-SeveN,0.0466,49.3
ct,2900,none,6400,P250,0.0005,49.3
ct,2900,none,6400,USP-S,0.8773,49.3
ct,2900,none,6400,Desert Eagle,0.0091,49.3
ct,2900,none,6400,P2000,0.0664,49.3
ct,2900,none,6400,none,0.0,49.3
ct,2900,none,6400,CZ75-Auto,0.0,49.3
ct,2900,none,6450,Five-SeveN,0.0514,44.2
ct,2900,none,6450,P250,0.0004,44.2
ct,2900,none,6450,USP-S,0.8707,44.2
ct,2900,none,6450,Desert Eagle,0.0087,44.2
ct,2900,none,6450,P2000,0.0687,44.2
ct,2900,none,6450,none,0.0,44.2
ct,2900,none,6450,CZ75-Auto,0.0,44.2
ct,2900,none,6500,Five-SeveN,0.0531,39.0
ct,2900,none,6500,P250,0.0003,39.0
ct,2900,none,6500,USP-S,0.8719,39.0
ct,2900,none,6500,Desert Eagle,0.0078,39.0
ct,2900,none,6500,P2000,0.0668,39.0
ct,2900,none,6500,none,0.0,39.0
ct,2900,none,6500,CZ75-Auto,0.0,39.0
ct,2900,none,6550,Five-SeveN,0.0575,34.6
ct,2900,none,6550,P250,0.0003,34.6
ct,2900,none,6550,USP-S,0.8669,34.6
ct,2900,none,6550,Desert Eagle,0.0073,34.6
ct,2900,none,6550,P2000,0.068,34.6
ct,2900,none,6550,none,0.0,34.6
ct,2900,none,6550,CZ75-Auto,0.0,34.6
ct,2900,none,6600,Five-SeveN,0.062,30.7
ct,2900,none,6600,P250,0.0002,30.7
ct,2900,none,6600,USP-S,0.8622,30.7
ct,2900,none,6600,Desert Eagle,0.0067,30.7
ct,2900,none,6600,P2000,0.0688,30.7
ct,2900,none,6600,none,0.0,30.7
ct,2900,none,6600,CZ75-Auto,0.0,30.7
ct,2900,none,6650,Five-SeveN,0.0665,27.1
ct,2900,none,6650,P250,0.0002,27.1
ct,2900,none,6650,USP-S,0.8579,27.1
ct,2900,none,6650,Desert Eagle,0.0062,27.1
ct,2900,none,6650,P2000,0.0692,27.1
ct,2900,none,6650,none,0.0,27.1
ct,2900,none,6650,CZ75-Auto,0.0,27.1
ct,2900,none,6700,Five-SeveN,0.0682,24.8
ct,2900,none,6700,P250,0.0001,24.8
ct,2900,none,6700,USP-S,0.8599,24.8
ct,2900,none,6700,Desert Eagle,0.0054,24.8
ct,2900,none,6700,P2000,0.0664,24.8
ct,2900,none,6700,none,0.0,24.8
ct,2900,none,6700,CZ75-Auto,0.0,24.8
ct,2900,none,6750,Five-SeveN,0.072,21.9
ct,2900,none,6750,P250,0.0001,21.9
ct,2900,none,6750,USP-S,0.858,21.9
ct,2900,none,6750,Desert Eagle,0.0048,21.9
ct,2900,none,6750,P2000,0.0651,21.9
ct,2900,none,6750,none,0.0,21.9
ct,2900,none,6750,CZ75-Auto,0.0,21.9
ct,3400,none,1000,Five-SeveN,0.3328,24.2
ct,3400,none,1000,Desert Eagle,0.4697,24.2
ct,3400,none,1000,P250,0.0178,24.2
ct,3400,none,1000,USP-S,0.1797,24.2
ct,3400,none,1050,Five-SeveN,0.3335,24.6
ct,3400,none,1050,Desert Eagle,0.4679,24.6
ct,3400,none,1050,P250,0.0186,24.6
ct,3400,none,1050,USP-S,0.18,24.6
ct,3400,none,1100,Five-SeveN,0.3622,26.0
ct,3400,none,1100,Desert Eagle,0.4465,26.0
ct,3400,none,1100,P250,0.0186,26.0
ct,3400,none,1100,USP-S,0.1728,26.0
ct,3400,none,1150,CZ75-Auto,0.0,30.3
ct,3400,none,1150,Five-SeveN,0.4391,30.3
ct,3400,none,1150,Desert Eagle,0.3915,30.3
ct,3400,none,1150,P250,0.0171,30.3
ct,3400,none,1150,USP-S,0.1523,30.3
ct,3400,none,1200,CZ75-Auto,0.0001,30.9
ct,3400,none,1200,Five-SeveN,0.4372,30.9
ct,3400,none,1200,Desert Eagle,0.3928,30.9
ct,3400,none,1200,USP-S,0.1522,30.9
ct,3400,none,1200,P250,0.0178,30.9
ct,3400,none,1250,CZ75-Auto,0.0001,33.3
ct,3400,none,1250,Five-SeveN,0.4759,33.3
ct,3400,none,1250,Desert Eagle,0.3648,33.3
ct,3400,none,1250,USP-S,0.142,33.3
ct,3400,none,1250,P250,0.0173,33.3
ct,3400,none,1300,CZ75-Auto,0.0001,35.1
ct,3400,none,1300,Five-SeveN,0.4614,35.1
ct,3400,none,1300,P250,0.0411,35.1
ct,3400,none,1300,Desert Eagle,0.3591,35.1
ct,3400,none,1300,USP-S,0.1383,35.1
ct,3400,none,1350,CZ75-Auto,0.0001,37.7
ct,3400,none,1350,Desert Eagle,0.3568,37.7
ct,3400,none,1350,Five-SeveN,0.471,37.7
ct,3400,none,1350,P250,0.04,37.7
ct,3400,none,1350,USP-S,0.1322,37.7
ct,3400,none,1400,CZ75-Auto,0.0001,39.3
ct,3400,none,1400,Desert Eagle,0.372,39.3
ct,3400,none,1400,Five-SeveN,0.4588,39.3
ct,3400,none,1400,P250,0.0398,39.3
ct,3400,none,1400,USP-S,0.1294,39.3
ct,3400,none,1450,CZ75-Auto,0.0155,61.4
ct,3400,none,1450,Five-SeveN,0.6187,61.4
ct,3400,none,1450,Desert Eagle,0.2334,61.4
ct,3400,none,1450,P250,0.051,61.4
ct,3400,none,1450,USP-S,0.0813,61.4
ct,3400,none,1500,CZ75-Auto,0.0153,63.1
ct,3400,none,1500,Five-SeveN,0.627,63.1
ct,3400,none,1500,Desert Eagle,0.2283,63.1
ct,3400,none,1500,P250,0.0498,63.1
ct,3400,none,1500,USP-S,0.0796,63.1
ct,3400,none,1550,CZ75-Auto,0.0153,64.9
ct,3400,none,1550,Five-SeveN,0.6196,64.9
ct,3400,none,1550,Desert Eagle,0.2268,64.9
ct,3400,none,1550,P250,0.0593,64.9
ct,3400,none,1550,USP-S,0.0791,64.9
ct,3400,none,1600,CZ75-Auto,0.0154,66.0
ct,3400,none,1600,Five-SeveN,0.6183,66.0
ct,3400,none,1600,Desert Eagle,0.2275,66.0
ct,3400,none,1600,P250,0.0594,66.0
ct,3400,none,1600,USP-S,0.0794,66.0
ct,3400,none,1650,CZ75-Auto,0.0135,78.7
ct,3400,none,1650,Five-SeveN,0.619,78.7
ct,3400,none,1650,Desert Eagle,0.2463,78.7
ct,3400,none,1650,P250,0.0519,78.7
ct,3400,none,1650,USP-S,0.0693,78.7
ct,3400,none,1700,CZ75-Auto,0.0134,81.8
ct,3400,none,1700,Five-SeveN,0.6089,81.8
ct,3400,none,1700,Desert Eagle,0.2434,81.8
ct,3400,none,1700,P250,0.0512,81.8
ct,3400,none,1700,USP-S,0.0831,81.8
ct,3400,none,1750,CZ75-Auto,0.0283,92.6
ct,3400,none,1750,Five-SeveN,0.6389,92.6
ct,3400,none,1750,Desert Eagle,0.2145,92.6
ct,3400,none,1750,P250,0.045,92.6
ct,3400,none,1750,USP-S,0.0733,92.6
ct,3400,none,1800,CZ75-Auto,0.0277,96.3
ct,3400,none,1800,Five-SeveN,0.6415,96.3
ct,3400,none,1800,Desert Eagle,0.2134,96.3
ct,3400,none,1800,P250,0.0446,96.3
ct,3400,none,1800,USP-S,0.0727,96.3
ct,3400,none,1850,CZ75-Auto,0.0274,98.7
ct,3400,none,1850,Five-SeveN,0.6406,98.7
ct,3400,none,1850,Desert Eagle,0.2144,98.7
ct,3400,none,1850,P250,0.0447,98.7
ct,3400,none,1850,USP-S,0.0729,98.7
ct,3400,none,1900,CZ75-Auto,0.027,101.0
ct,3400,none,1900,Five-SeveN,0.6306,101.0
ct,3400,none,1900,Desert Eagle,0.211,101.0
ct,3400,none,1900,USP-S,0.0875,101.0
ct,3400,none,1900,P250,0.044,101.0
ct,3400,none,1950,CZ75-Auto,0.0268,100.6
ct,3400,none,1950,Five-SeveN,0.6234,100.6
ct,3400,none,1950,Desert Eagle,0.2095,100.6
ct,3400,none,1950,USP-S,0.0972,100.6
ct,3400,none,1950,P250,0.0431,100.6
ct,3400,none,2000,CZ75-Auto,0.0267,100.8
ct,3400,none,2000,Five-SeveN,0.6238,100.8
ct,3400,none,2000,Desert Eagle,0.2092,100.8
ct,3400,none,2000,USP-S,0.0972,100.8
ct,3400,none,2000,P250,0.0431,100.8
ct,3400,none,2050,CZ75-Auto,0.0267,100.8
ct,3400,none,2050,Five-SeveN,0.6237,100.8
ct,3400,none,2050,Desert Eagle,0.2092,100.8
ct,3400,none,2050,USP-S,0.0972,100.8
ct,3400,none,2050,P250,0.0431,100.8
ct,3400,none,2100,CZ75-Auto,0.0267,101.0
ct,3400,none,2100,Five-SeveN,0.624,101.0
ct,3400,none,2100,Desert Eagle,0.2091,101.0
ct,3400,none,2100,USP-S,0.0972,101.0
ct,3400,none,2100,P250,0.0431,101.0
ct,3400,none,2150,CZ75-Auto,0.0266,101.2
ct,3400,none,2150,Five-SeveN,0.6239,101.2
ct,3400,none,2150,Desert Eagle,0.2091,101.2
ct,3400,none,2150,USP-S,0.0972,101.2
ct,3400,none,2150,P250,0.0431,101.2
ct,3400,none,2200,CZ75-Auto,0.0266,100.9
ct,3400,none,2200,Five-SeveN,0.6169,100.9
ct,3400,none,2200,Desert Eagle,0.2051,100.9
ct,3400,none,2200,USP-S,0.109,100.9
ct,3400,none,2200,P250,0.0425,100.9
ct,3400,none,2200,P2000,0.0,100.9
ct,3400,none,2250,CZ75-Auto,0.0265,101.4
ct,3400,none,2250,Five-SeveN,0.6169,101.4
ct,3400,none,2250,Desert Eagle,0.205,101.4
ct,3400,none,2250,USP-S,0.1092,101.4
ct,3400,none,2250,P250,0.0424,101.4
ct,3400,none,2250,P2000,0.0,101.4
ct,3400,none,2300,CZ75-Auto,0.0264,101.8
ct,3400,none,2300,Five-SeveN,0.6166,101.8
ct,3400,none,2300,Desert Eagle,0.2052,101.8
ct,3400,none,2300,USP-S,0.1093,101.8
ct,3400,none,2300,P250,0.0425,101.8
ct,3400,none,2300,P2000,0.0,101.8
ct,3400,none,2350,CZ75-Auto,0.0266,102.4
ct,3400,none,2350,Five-SeveN,0.6159,102.4
ct,3400,none,2350,Desert Eagle,0.2053,102.4
ct,3400,none,2350,USP-S,0.1098,102.4
ct,3400,none,2350,P250,0.0425,102.4
ct,3400,none,2350,P2000,0.0,102.4
ct,3400,none,2400,CZ75-Auto,0.0265,103.1
ct,3400,none,2400,Five-SeveN,0.6152,103.1
ct,3400,none,2400,Desert Eagle,0.2054,103.1
ct,3400,none,2400,USP-S,0.1104,103.1
ct,3400,none,2400,P250,0.0425,103.1
ct,3400,none,2400,P2000,0.0,103.1
ct,3400,none,2450,CZ75-Auto,0.0267,100.5
ct,3400,none,2450,Five-SeveN,0.6173,100.5
ct,3400,none,2450,Desert Eagle,0.2046,100.5
ct,3400,none,2450,USP-S,0.1089,100.5
ct,3400,none,2450,P250,0.0425,100.5
ct,3400,none,2450,P2000,0.0,100.5
ct,3400,none,2500,CZ75-Auto,0.0265,101.7
ct,3400,none,2500,Five-SeveN,0.6159,101.7
ct,3400,none,2500,Desert Eagle,0.2047,101.7
ct,3400,none,2500,USP-S,0.1104,101.7
ct,3400,none,2500,P250,0.0425,101.7
ct,3400,none,2500,P2000,0.0,101.7
ct,3400,none,2550,CZ75-Auto,0.0263,103.0
ct,3400,none,2550,Five-SeveN,0.6149,103.0
ct,3400,none,2550,Desert Eagle,0.205,103.0
ct,3400,none,2550,USP-S,0.1113,103.0
ct,3400,none,2550,P250,0.0425,103.0
ct,3400,none,2550,P2000,0.0,103.0
ct,3400,none,2600,CZ75-Auto,0.0265,100.7
ct,3400,none,2600,Five-SeveN,0.6167,100.7
ct,3400,none,2600,Desert Eagle,0.2044,100.7
ct,3400,none,2600,USP-S,0.1099,100.7
ct,3400,none,2600,P250,0.0425,100.7
ct,3400,none,2600,P2000,0.0,100.7
ct,3400,none,2650,CZ75-Auto,0.0262,102.4
ct,3400,none,2650,Five-SeveN,0.6154,102.4
ct,3400,none,2650,Desert Eagle,0.205,102.4
ct,3400,none,2650,USP-S,0.1108,102.4
ct,3400,none,2650,P250,0.0426,102.4
ct,3400,none,2650,P2000,0.0,102.4
ct,3400,none,2700,CZ75-Auto,0.0262,100.6
ct,3400,none,2700,Five-SeveN,0.6169,100.6
ct,3400,none,2700,Desert Eagle,0.2045,100.6
ct,3400,none,2700,USP-S,0.1098,100.6
ct,3400,none,2700,P250,0.0426,100.6
ct,3400,none,2700,P2000,0.0,100.6
ct,3400,none,2750,CZ75-Auto,0.0258,103.0
ct,3400,none,2750,Five-SeveN,0.615,103.0
ct,3400,none,2750,Desert Eagle,0.2053,103.0
ct,3400,none,2750,USP-S,0.1111,103.0
ct,3400,none,2750,P250,0.0428,103.0
ct,3400,none,2750,P2000,0.0,103.0
ct,3400,none,2800,CZ75-Auto,0.0257,101.9
ct,3400,none,2800,Five-SeveN,0.6158,101.9
ct,3400,none,2800,Desert Eagle,0.2052,101.9
ct,3400,none,2800,USP-S,0.1105,101.9
ct,3400,none,2800,P250,0.0428,101.9
ct,3400,none,2800,P2000,0.0,101.9
ct,3400,none,2850,CZ75-Auto,0.0255,101.4
ct,3400,none,2850,Five-SeveN,0.6162,101.4
ct,3400,none,2850,Desert Eagle,0.2052,101.4
ct,3400,none,2850,USP-S,0.1103,101.4
ct,3400,none,2850,P250,0.0428,101.4
ct,3400,none,2850,P2000,0.0,101.4
ct,3400,none,2900,CZ75-Auto,0.0248,102.6
ct,3400,none,2900,Five-SeveN,0.6095,102.6
ct,3400,none,2900,Desert Eagle,0.2033,102.6
ct,3400,none,2900,USP-S,0.1199,102.6
ct,3400,none,2900,P250,0.0424,102.6
ct,3400,none,2900,P2000,0.0,102.6
ct,3400,none,2950,CZ75-Auto,0.0241,103.6
ct,3400,none,2950,Five-SeveN,0.6083,103.6
ct,3400,none,2950,Desert Eagle,0.204,103.6
ct,3400,none,2950,USP-S,0.1211,103.6
ct,3400,none,2950,P250,0.0425,103.6
ct,3400,none,2950,P2000,0.0,103.6
ct,3400,none,3000,CZ75-Auto,0.0229,101.4
ct,3400,none,3000,Five-SeveN,0.5924,101.4
ct,3400,none,3000,Desert Eagle,0.1967,101.4
ct,3400,none,3000,USP-S,0.1479,101.4
ct,3400,none,3000,P250,0.0401,101.4
ct,3400,none,3000,P2000,0.0,101.4
ct,3400,none,3050,CZ75-Auto,0.0201,100.1
ct,3400,none,3050,Five-SeveN,0.5705,100.1
ct,3400,none,3050,Desert Eagle,0.1906,100.1
ct,3400,none,3050,USP-S,0.1816,100.1
ct,3400,none,3050,P250,0.0373,100.1
ct,3400,none,3050,P2000,0.0,100.1
ct,3400,none,3100,CZ75-Auto,0.0156,101.3
ct,3400,none,3100,Five-SeveN,0.5479,101.3
ct,3400,none,3100,Desert Eagle,0.1909,101.3
ct,3400,none,3100,USP-S,0.2066,101.3
ct,3400,none,3100,P250,0.0391,101.3
ct,3400,none,3100,P2000,0.0,101.3
ct,3400,none,3150,CZ75-Auto,0.0135,108.2
ct,3400,none,3150,Five-SeveN,0.5354,108.2
ct,3400,none,3150,Desert Eagle,0.2017,108.2
ct,3400,none,3150,USP-S,0.2026,108.2
ct,3400,none,3150,P250,0.0468,108.2
ct,3400,none,3150,P2000,0.0,108.2
ct,3400,none,3200,CZ75-Auto,0.0125,110.0
ct,3400,none,3200,Five-SeveN,0.5097,110.0
ct,3400,none,3200,Desert Eagle,0.2134,110.0
ct,3400,none,3200,USP-S,0.2094,110.0
ct,3400,none,3200,P250,0.055,110.0
ct,3400,none,3200,P2000,0.0,110.0
ct,3400,none,3250,CZ75-Auto,0.014,106.5
ct,3400,none,3250,Five-SeveN,0.4853,106.5
ct,3400,none,3250,Desert Eagle,0.2308,106.5
ct,3400,none,3250,USP-S,0.208,106.5
ct,3400,none,3250,P250,0.0619,106.5
ct,3400,none,3250,P2000,0.0,106.5
ct,3400,none,3300,CZ75-Auto,0.0164,100.9
ct,3400,none,3300,Five-SeveN,0.4553,100.9
ct,3400,none,3300,Desert Eagle,0.241,100.9
ct,3400,none,3300,USP-S,0.2281,100.9
ct,3400,none,3300,P250,0.0592,100.9
ct,3400,none,3300,P2000,0.0,100.9
ct,3400,none,3350,CZ75-Auto,0.0175,103.2
ct,3400,none,3350,Five-SeveN,0.44,103.2
ct,3400,none,3350,Desert Eagle,0.2458,103.2
ct,3400,none,3350,USP-S,0.2491,103.2
ct,3400,none,3350,P250,0.0475,103.2
ct,3400,none,3350,P2000,0.0,103.2
ct,3400,none,3400,CZ75-Auto,0.0165,107.5
ct,3400,none,3400,Five-SeveN,0.4217,107.5
ct,3400,none,3400,Desert Eagle,0.2349,107.5
ct,3400,none,3400,USP-S,0.2826,107.5
ct,3400,none,3400,P250,0.0307,107.5
ct,3400,none,3400,P2000,0.0137,107.5
ct,3400,none,3450,CZ75-Auto,0.0143,109.1
ct,3400,none,3450,Five-SeveN,0.4195,109.1
ct,3400,none,3450,Desert Eagle,0.2274,109.1
ct,3400,none,3450,USP-S,0.3136,109.1
ct,3400,none,3450,P250,0.0139,109.1
ct,3400,none,3450,P2000,0.0113,109.1
ct,3400,none,3500,CZ75-Auto,0.0126,104.1
ct,3400,none,3500,Five-SeveN,0.4095,104.1
ct,3400,none,3500,Desert Eagle,0.2156,104.1
ct,3400,none,3500,USP-S,0.343,104.1
ct,3400,none,3500,P250,0.0033,104.1
ct,3400,none,3500,P2000,0.0161,104.1
ct,3400,none,3550,CZ75-Auto,0.0122,107.9
ct,3400,none,3550,Five-SeveN,0.3693,107.9
ct,3400,none,3550,Desert Eagle,0.1885,107.9
ct,3400,none,3550,USP-S,0.4168,107.9
ct,3400,none,3550,P250,0.0002,107.9
ct,3400,none,3550,P2000,0.013,107.9
ct,3400,none,3600,USP-S,0.4663,106.2
ct,3400,none,3600,CZ75-Auto,0.0099,106.2
ct,3400,none,3600,Five-SeveN,0.3399,106.2
ct,3400,none,3600,Desert Eagle,0.1652,106.2
ct,3400,none,3600,P250,0.0,106.2
ct,3400,none,3600,P2000,0.0187,106.2
ct,3400,none,3650,USP-S,0.4922,104.8
ct,3400,none,3650,CZ75-Auto,0.0098,104.8
ct,3400,none,3650,Five-SeveN,0.3292,104.8
ct,3400,none,3650,Desert Eagle,0.1508,104.8
ct,3400,none,3650,P250,0.0,104.8
ct,3400,none,3650,P2000,0.018,104.8
ct,3400,none,3700,USP-S,0.4947,107.4
ct,3400,none,3700,CZ75-Auto,0.0176,107.4
ct,3400,none,3700,Five-SeveN,0.3278,107.4
ct,3400,none,3700,Desert Eagle,0.1453,107.4
ct,3400,none,3700,P250,0.0,107.4
ct,3400,none,3700,P2000,0.0144,107.4
ct,3400,none,3750,USP-S,0.5341,107.1
ct,3400,none,3750,CZ75-Auto,0.0237,107.1
ct,3400,none,3750,Five-SeveN,0.3004,107.1
ct,3400,none,3750,Desert Eagle,0.1317,107.1
ct,3400,none,3750,P250,0.0,107.1
ct,3400,none,3750,P2000,0.0101,107.1
ct,3400,none,3800,USP-S,0.5501,100.1
ct,3400,none,3800,CZ75-Auto,0.0279,100.1
ct,3400,none,3800,Five-SeveN,0.2873,100.1
ct,3400,none,3800,Desert Eagle,0.1276,100.1
ct,3400,none,3800,P250,0.0,100.1
ct,3400,none,3800,P2000,0.007,100.1
ct,3400,none,3850,USP-S,0.6656,103.7
ct,3400,none,3850,CZ75-Auto,0.0227,103.7
ct,3400,none,3850,Five-SeveN,0.2041,103.7
ct,3400,none,3850,Desert Eagle,0.0925,103.7
ct,3400,none,3850,P250,0.0,103.7
ct,3400,none,3850,P2000,0.015,103.7
ct,3400,none,3900,USP-S,0.6834,107.3
ct,3400,none,3900,CZ75-Auto,0.0186,107.3
ct,3400,none,3900,Five-SeveN,0.1932,107.3
ct,3400,none,3900,Desert Eagle,0.0897,107.3
ct,3400,none,3900,P250,0.0,107.3
ct,3400,none,3900,P2000,0.0151,107.3
ct,3400,none,3950,USP-S,0.6841,107.9
ct,3400,none,3950,CZ75-Auto,0.0159,107.9
ct,3400,none,3950,Five-SeveN,0.1925,107.9
ct,3400,none,3950,Desert Eagle,0.0923,107.9
ct,3400,none,3950,P250,0.0,107.9
ct,3400,none,3950,P2000,0.0151,107.9
ct,3400,none,4000,USP-S,0.6865,101.7
ct,3400,none,4000,CZ75-Auto,0.0137,101.7
ct,3400,none,4000,Five-SeveN,0.1898,101.7
ct,3400,none,4000,Desert Eagle,0.0944,101.7
ct,3400,none,4000,P250,0.0,101.7
ct,3400,none,4000,P2000,0.0158,101.7
ct,3400,none,4050,USP-S,0.7133,102.0
ct,3400,none,4050,CZ75-Auto,0.0104,102.0
ct,3400,none,4050,Five-SeveN,0.1718,102.0
ct,3400,none,4050,Desert Eagle,0.0887,102.0
ct,3400,none,4050,P250,0.0,102.0
ct,3400,none,4050,P2000,0.0158,102.0
ct,3400,none,4100,USP-S,0.7152,104.6
ct,3400,none,4100,CZ75-Auto,0.0089,104.6
ct,3400,none,4100,Five-SeveN,0.1692,104.6
ct,3400,none,4100,Desert Eagle,0.0891,104.6
ct,3400,none,4100,P250,0.0,104.6
ct,3400,none,4100,P2000,0.0176,104.6
ct,3400,none,4150,USP-S,0.7367,102.7
ct,3400,none,4150,CZ75-Auto,0.0069,102.7
ct,3400,none,4150,Five-SeveN,0.1548,102.7
ct,3400,none,4150,Desert Eagle,0.0832,102.7
ct,3400,none,4150,P250,0.0,102.7
ct,3400,none,4150,P2000,0.0184,102.7
ct,3400,none,4200,USP-S,0.733,103.9
ct,3400,none,4200,CZ75-Auto,0.006,103.9
ct,3400,none,4200,Five-SeveN,0.1602,103.9
ct,3400,none,4200,Desert Eagle,0.0812,103.9
ct,3400,none,4200,P250,0.0,103.9
ct,3400,none,4200,P2000,0.0196,103.9
ct,3400,none,4250,USP-S,0.723,103.9
ct,3400,none,4250,CZ75-Auto,0.0055,103.9
ct,3400,none,4250,Five-SeveN,0.1726,103.9
ct,3400,none,4250,Desert Eagle,0.0789,103.9
ct,3400,none,4250,P250,0.0,103.9
ct,3400,none,4250,P2000,0.0201,103.9
ct,3400,none,4300,USP-S,0.7108,103.8
ct,3400,none,4300,CZ75-Auto,0.0051,103.8
ct,3400,none,4300,Five-SeveN,0.1865,103.8
ct,3400,none,4300,Desert Eagle,0.0771,103.8
ct,3400,none,4300,P250,0.0,103.8
ct,3400,none,4300,P2000,0.0204,103.8
ct,3400,none,4350,USP-S,0.7779,104.9
ct,3400,none,4350,CZ75-Auto,0.0026,104.9
ct,3400,none,4350,Five-SeveN,0.1383,104.9
ct,3400,none,4350,Desert Eagle,0.0651,104.9
ct,3400,none,4350,P250,0.0,104.9
ct,3400,none,4350,P2000,0.0161,104.9
ct,3400,none,4400,USP-S,0.7826,102.2
ct,3400,none,4400,CZ75-Auto,0.0021,102.2
ct,3400,none,4400,Five-SeveN,0.1397,102.2
ct,3400,none,4400,Desert Eagle,0.0605,102.2
ct,3400,none,4400,P250,0.0,102.2
ct,3400,none,4400,P2000,0.0151,102.2
ct,3400,none,4450,USP-S,0.7849,101.8
ct,3400,none,4450,CZ75-Auto,0.0021,101.8
ct,3400,none,4450,Five-SeveN,0.1391,101.8
ct,3400,none,4450,Desert Eagle,0.0592,101.8
ct,3400,none,4450,P250,0.0,101.8
ct,3400,none,4450,P2000,0.0147,101.8
ct,3400,none,4500,USP-S,0.7881,103.1
ct,3400,none,4500,CZ75-Auto,0.002,103.1
ct,3400,none,4500,Five-SeveN,0.1381,103.1
ct,3400,none,4500,Desert Eagle,0.0572,103.1
ct,3400,none,4500,P250,0.0,103.1
ct,3400,none,4500,P2000,0.0146,103.1
ct,3400,none,4550,USP-S,0.8225,102.2
ct,3400,none,4550,CZ75-Auto,0.0008,102.2
ct,3400,none,4550,Five-SeveN,0.1037,102.2
ct,3400,none,4550,Desert Eagle,0.0487,102.2
ct,3400,none,4550,P250,0.0,102.2
ct,3400,none,4550,P2000,0.0243,102.2
ct,3400,none,4600,Five-SeveN,0.1339,100.9
ct,3400,none,4600,USP-S,0.7925,100.9
ct,3400,none,4600,CZ75-Auto,0.0005,100.9
ct,3400,none,4600,Desert Eagle,0.0497,100.9
ct,3400,none,4600,P250,0.0,100.9
ct,3400,none,4600,P2000,0.0234,100.9
ct,3400,none,4650,Five-SeveN,0.0794,102.2
ct,3400,none,4650,USP-S,0.8743,102.2
ct,3400,none,4650,CZ75-Auto,0.0,102.2
ct,3400,none,4650,Desert Eagle,0.0328,102.2
ct,3400,none,4650,P250,0.0,102.2
ct,3400,none,4650,P2000,0.0135,102.2
ct,3400,none,4700,Five-SeveN,0.0617,100.4
ct,3400,none,4700,USP-S,0.9027,100.4
ct,3400,none,4700,CZ75-Auto,0.0,100.4
ct,3400,none,4700,Desert Eagle,0.027,100.4
ct,3400,none,4700,P250,0.0,100.4
ct,3400,none,4700,P2000,0.0086,100.4
ct,3400,none,4750,Five-SeveN,0.0621,102.8
ct,3400,none,4750,USP-S,0.9012,102.8
ct,3400,none,4750,CZ75-Auto,0.0,102.8
ct,3400,none,4750,Desert Eagle,0.0298,102.8
ct,3400,none,4750,P250,0.0,102.8
ct,3400,none,4750,P2000,0.0069,102.8
ct,3400,none,4800,Five-SeveN,0.0684,103.1
ct,3400,none,4800,USP-S,0.8914,103.1
ct,3400,none,4800,CZ75-Auto,0.0,103.1
ct,3400,none,4800,Desert Eagle,0.0336,103.1
ct,3400,none,4800,P250,0.0,103.1
ct,3400,none,4800,P2000,0.0066,103.1
ct,3400,none,4850,USP-S,0.9489,106.7
ct,3400,none,4850,Five-SeveN,0.0255,106.7
ct,3400,none,4850,CZ75-Auto,0.0,106.7
ct,3400,none,4850,Desert Eagle,0.025,106.7
ct,3400,none,4850,P250,0.0,106.7
ct,3400,none,4850,P2000,0.0006,106.7
ct,3400,none,4900,USP-S,0.9425,104.8
ct,3400,none,4900,Five-SeveN,0.0326,104.8
ct,3400,none,4900,CZ75-Auto,0.0,104.8
ct,3400,none,4900,Desert Eagle,0.0154,104.8
ct,3400,none,4900,P250,0.0,104.8
ct,3400,none,4900,P2000,0.0096,104.8
ct,3400,none,4950,USP-S,0.9295,102.0
ct,3400,none,4950,Five-SeveN,0.0406,102.0
ct,3400,none,4950,CZ75-Auto,0.0,102.0
ct,3400,none,4950,Desert Eagle,0.0133,102.0
ct,3400,none,4950,P250,0.0,102.0
ct,3400,none,4950,P2000,0.0166,102.0
ct,3400,none,5000,USP-S,0.8964,110.0
ct,3400,none,5000,Five-SeveN,0.0598,110.0
ct,3400,none,5000,CZ75-Auto,0.0,110.0
ct,3400,none,5000,Desert Eagle,0.0131,110.0
ct,3400,none,5000,P250,0.0,110.0
ct,3400,none,5000,P2000,0.0307,110.0
ct,3400,none,5050,USP-S,0.8879,100.7
ct,3400,none,5050,Five-SeveN,0.0758,100.7
ct,3400,none,5050,CZ75-Auto,0.0,100.7
ct,3400,none,5050,Desert Eagle,0.0089,100.7
ct,3400,none,5050,P250,0.0,100.7
ct,3400,none,5050,P2000,0.0274,100.7
ct,3400,none,5100,USP-S,0.8873,101.9
ct,3400,none,5100,Five-SeveN,0.0922,101.9
ct,3400,none,5100,CZ75-Auto,0.0,101.9
ct,3400,none,5100,Desert Eagle,0.0019,101.9
ct,3400,none,5100,P250,0.0,101.9
ct,3400,none,5100,P2000,0.0187,101.9
ct,3400,none,5150,USP-S,0.9013,109.1
ct,3400,none,5150,Five-SeveN,0.0782,109.1
ct,3400,none,5150,CZ75-Auto,0.0,109.1
ct,3400,none,5150,Desert Eagle,0.0035,109.1
ct,3400,none,5150,P250,0.0,109.1
ct,3400,none,5150,P2000,0.017,109.1
ct,3400,none,5200,USP-S,0.9455,102.3
ct,3400,none,5200,Five-SeveN,0.0342,102.3
ct,3400,none,5200,CZ75-Auto,0.0,102.3
ct,3400,none,5200,Desert Eagle,0.0037,102.3
ct,3400,none,5200,P250,0.0,102.3
ct,3400,none,5200,P2000,0.0166,102.3
ct,3400,none,5250,USP-S,0.9372,114.7
ct,3400,none,5250,Five-SeveN,0.0225,114.7
ct,3400,none,5250,CZ75-Auto,0.0,114.7
ct,3400,none,5250,Desert Eagle,0.0169,114.7
ct,3400,none,5250,P250,0.0084,114.7
ct,3400,none,5250,P2000,0.015,114.7
ct,3400,none,5300,USP-S,0.9237,114.2
ct,3400,none,5300,Five-SeveN,0.0267,114.2
ct,3400,none,5300,CZ75-Auto,0.0,114.2
ct,3400,none,5300,Desert Eagle,0.0261,114.2
ct,3400,none,5300,P250,0.0124,114.2
ct,3400,none,5300,P2000,0.0109,114.2
ct,3400,none,5350,USP-S,0.927,110.7
ct,3400,none,5350,Five-SeveN,0.0272,110.7
ct,3400,none,5350,CZ75-Auto,0.0,110.7
ct,3400,none,5350,Desert Eagle,0.0282,110.7
ct,3400,none,5350,P250,0.011,110.7
ct,3400,none,5350,P2000,0.0067,110.7
ct,3400,none,5400,USP-S,0.9338,105.5
ct,3400,none,5400,Five-SeveN,0.0202,105.5
ct,3400,none,5400,CZ75-Auto,0.0,105.5
ct,3400,none,5400,Desert Eagle,0.0374,105.5
ct,3400,none,5400,P250,0.0062,105.5
ct,3400,none,5400,P2000,0.0025,105.5
ct,3400,none,5450,USP-S,0.9403,109.8
ct,3400,none,5450,Five-SeveN,0.0167,109.8
ct,3400,none,5450,CZ75-Auto,0.0,109.8
ct,3400,none,5450,Desert Eagle,0.0388,109.8
ct,3400,none,5450,P250,0.0031,109.8
ct,3400,none,5450,P2000,0.0011,109.8
ct,3400,none,5500,USP-S,0.9398,107.2
ct,3400,none,5500,Five-SeveN,0.017,107.2
ct,3400,none,5500,CZ75-Auto,0.0,107.2
ct,3400,none,5500,Desert Eagle,0.0409,107.2
ct,3400,none,5500,P250,0.0017,107.2
ct,3400,none,5500,P2000,0.0006,107.2
ct,3400,none,5550,USP-S,0.9396,104.3
ct,3400,none,5550,Five-SeveN,0.0171,104.3
ct,3400,none,5550,CZ75-Auto,0.0,104.3
ct,3400,none,5550,Desert Eagle,0.042,104.3
ct,3400,none,5550,P250,0.001,104.3
ct,3400,none,5550,P2000,0.0003,104.3
ct,3400,none,5600,USP-S,0.9331,109.2
ct,3400,none,5600,Five-SeveN,0.0246,109.2
ct,3400,none,5600,CZ75-Auto,0.0,109.2
ct,3400,none,5600,Desert Eagle,0.0308,109.2
ct,3400,none,5600,P250,0.0001,109.2
ct,3400,none,5600,P2000,0.0113,109.2
ct,3400,none,5650,USP-S,0.9399,107.5
ct,3400,none,5650,Five-SeveN,0.0205,107.5
ct,3400,none,5650,CZ75-Auto,0.0,107.5
ct,3400,none,5650,Desert Eagle,0.026,107.5
ct,3400,none,5650,P250,0.0001,107.5
ct,3400,none,5650,P2000,0.0136,107.5
ct,3400,none,5700,USP-S,0.9205,102.2
ct,3400,none,5700,Five-SeveN,0.0245,102.2
ct,3400,none,5700,CZ75-Auto,0.0,102.2
ct,3400,none,5700,Desert Eagle,0.017,102.2
ct,3400,none,5700,P250,0.0116,102.2
ct,3400,none,5700,P2000,0.0265,102.2
ct,3400,none,5750,USP-S,0.9112,100.7
ct,3400,none,5750,Five-SeveN,0.037,100.7
ct,3400,none,5750,CZ75-Auto,0.0,100.7
ct,3400,none,5750,Desert Eagle,0.0121,100.7
ct,3400,none,5750,P250,0.0134,100.7
ct,3400,none,5750,P2000,0.0263,100.7
ct,3400,none,5800,USP-S,0.9112,106.7
ct,3400,none,5800,Five-SeveN,0.0415,106.7
ct,3400,none,5800,CZ75-Auto,0.0,106.7
ct,3400,none,5800,Desert Eagle,0.0094,106.7
ct,3400,none,5800,P250,0.012,106.7
ct,3400,none,5800,P2000,0.0259,106.7
ct,3400,none,5850,USP-S,0.9084,106.9
ct,3400,none,5850,Five-SeveN,0.0469,106.9
ct,3400,none,5850,CZ75-Auto,0.0,106.9
ct,3400,none,5850,Desert Eagle,0.008,106.9
ct,3400,none,5850,P250,0.0106,106.9
ct,3400,none,5850,P2000,0.026,106.9
ct,3400,none,5900,USP-S,0.89,106.1
ct,3400,none,5900,Five-SeveN,0.0547,106.1
ct,3400,none,5900,CZ75-Auto,0.0,106.1
ct,3400,none,5900,Desert Eagle,0.0124,106.1
ct,3400,none,5900,P250,0.008,106.1
ct,3400,none,5900,P2000,0.035,106.1
ct,3400,none,5950,USP-S,0.8871,106.5
ct,3400,none,5950,Five-SeveN,0.0576,106.5
ct,3400,none,5950,CZ75-Auto,0.0,106.5
ct,3400,none,5950,Desert Eagle,0.0154,106.5
ct,3400,none,5950,P250,0.0067,106.5
ct,3400,none,5950,P2000,0.0332,106.5
ct,3400,none,6000,USP-S,0.8988,105.0
ct,3400,none,6000,Five-SeveN,0.0533,105.0
ct,3400,none,6000,CZ75-Auto,0.0,105.0
ct,3400,none,6000,Desert Eagle,0.0153,105.0
ct,3400,none,6000,P250,0.0046,105.0
ct,3400,none,6000,P2000,0.028,105.0
ct,3400,none,6050,USP-S,0.9063,102.4
ct,3400,none,6050,Five-SeveN,0.0496,102.4
ct,3400,none,6050,CZ75-Auto,0.0,102.4
ct,3400,none,6050,Desert Eagle,0.0159,102.4
ct,3400,none,6050,P250,0.0036,102.4
ct,3400,none,6050,P2000,0.0247,102.4
ct,3400,none,6100,USP-S,0.9033,100.2
ct,3400,none,6100,Five-SeveN,0.043,100.2
ct,3400,none,6100,CZ75-Auto,0.0,100.2
ct,3400,none,6100,Desert Eagle,0.0151,100.2
ct,3400,none,6100,P250,0.017,100.2
ct,3400,none,6100,P2000,0.0216,100.2
ct,3400,none,6150,USP-S,0.908,104.5
ct,3400,none,6150,Five-SeveN,0.0388,104.5
ct,3400,none,6150,CZ75-Auto,0.0,104.5
ct,3400,none,6150,Desert Eagle,0.0141,104.5
ct,3400,none,6150,P250,0.0162,104.5
ct,3400,none,6150,P2000,0.0228,104.5
ct,3400,none,6200,USP-S,0.8859,104.5
ct,3400,none,6200,Five-SeveN,0.043,104.5
ct,3400,none,6200,CZ75-Auto,0.0,104.5
ct,3400,none,6200,Desert Eagle,0.0115,104.5
ct,3400,none,6200,P250,0.0138,104.5
ct,3400,none,6200,P2000,0.0458,104.5
ct,3400,none,6250,USP-S,0.8927,104.8
ct,3400,none,6250,Five-SeveN,0.0386,104.8
ct,3400,none,6250,CZ75-Auto,0.0,104.8
ct,3400,none,6250,Desert Eagle,0.0102,104.8
ct,3400,none,6250,P250,0.0124,104.8
ct,3400,none,6250,P2000,0.0461,104.8
ct,3400,none,6300,USP-S,0.895,102.5
ct,3400,none,6300,Five-SeveN,0.0364,102.5
ct,3400,none,6300,CZ75-Auto,0.0,102.5
ct,3400,none,6300,Desert Eagle,0.0095,102.5
ct,3400,none,6300,P250,0.0116,102.5
ct,3400,none,6300,P2000,0.0475,102.5
ct,3400,none,6350,USP-S,0.8866,102.5
ct,3400,none,6350,Five-SeveN,0.0467,102.5
ct,3400,none,6350,CZ75-Auto,0.0,102.5
ct,3400,none,6350,Desert Eagle,0.0088,102.5
ct,3400,none,6350,P250,0.0107,102.5
ct,3400,none,6350,P2000,0.0471,102.5
ct,3400,none,6400,USP-S,0.8624,100.5
ct,3400,none,6400,Five-SeveN,0.0404,100.5
ct,3400,none,6400,CZ75-Auto,0.0,100.5
ct,3400,none,6400,Desert Eagle,0.0187,100.5
ct,3400,none,6400,P250,0.0086,100.5
ct,3400,none,6400,P2000,0.0698,100.5
ct,3400,none,6450,USP-S,0.8631,100.4
ct,3400,none,6450,Five-SeveN,0.0395,100.4
ct,3400,none,6450,CZ75-Auto,0.0,100.4
ct,3400,none,6450,Desert Eagle,0.0198,100.4
ct,3400,none,6450,P250,0.0081,100.4
ct,3400,none,6450,P2000,0.0695,100.4
ct,3400,none,6500,USP-S,0.8587,104.2
ct,3400,none,6500,Five-SeveN,0.0365,104.2
ct,3400,none,6500,CZ75-Auto,0.0,104.2
ct,3400,none,6500,Desert Eagle,0.0195,104.2
ct,3400,none,6500,P250,0.0072,104.2
ct,3400,none,6500,P2000,0.0781,104.2
ct,3400,none,6550,USP-S,0.8629,102.0
ct,3400,none,6550,Five-SeveN,0.0342,102.0
ct,3400,none,6550,CZ75-Auto,0.0,102.0
ct,3400,none,6550,Desert Eagle,0.0196,102.0
ct,3400,none,6550,P250,0.0065,102.0
ct,3400,none,6550,P2000,0.0768,102.0
ct,3400,none,6600,USP-S,0.8655,102.7
ct,3400,none,6600,Five-SeveN,0.0332,102.7
ct,3400,none,6600,CZ75-Auto,0.0,102.7
ct,3400,none,6600,Desert Eagle,0.0198,102.7
ct,3400,none,6600,P250,0.0062,102.7
ct,3400,none,6600,P2000,0.0755,102.7
ct,3400,none,6650,USP-S,0.8665,102.8
ct,3400,none,6650,Five-SeveN,0.0327,102.8
ct,3400,none,6650,CZ75-Auto,0.0,102.8
ct,3400,none,6650,Desert Eagle,0.02,102.8
ct,3400,none,6650,P250,0.006,102.8
ct,3400,none,6650,P2000,0.0749,102.8
ct,3400,none,6700,USP-S,0.8643,103.7
ct,3400,none,6700,Five-SeveN,0.0289,103.7
ct,3400,none,6700,CZ75-Auto,0.0,103.7
ct,3400,none,6700,Desert Eagle,0.0185,103.7
ct,3400,none,6700,P250,0.0051,103.7
ct,3400,none,6700,P2000,0.0832,103.7
ct,3400,none,6750,USP-S,0.8656,103.7
ct,3400,none,6750,Five-SeveN,0.0282,103.7
ct,3400,none,6750,CZ75-Auto,0.0,103.7
ct,3400,none,6750,Desert Eagle,0.0184,103.7
ct,3400,none,6750,P250,0.005,103.7
ct,3400,none,6750,P2000,0.0827,103.7
ct,3400,none,6800,USP-S,0.8672,103.7
ct,3400,none,6800,Five-SeveN,0.0277,103.7
ct,3400,none,6800,CZ75-Auto,0.0,103.7
ct,3400,none,6800,Desert Eagle,0.0182,103.7
ct,3400,none,6800,P250,0.0049,103.7
ct,3400,none,6800,P2000,0.082,103.7
ct,3400,none,6850,USP-S,0.8688,103.7
ct,3400,none,6850,Five-SeveN,0.0272,103.7
ct,3400,none,6850,CZ75-Auto,0.0,103.7
ct,3400,none,6850,Desert Eagle,0.018,103.7
ct,3400,none,6850,P250,0.0049,103.7
ct,3400,none,6850,P2000,0.0811,103.7
ct,3400,none,6900,USP-S,0.8706,103.7
ct,3400,none,6900,Five-SeveN,0.0268,103.7
ct,3400,none,6900,CZ75-Auto,0.0,103.7
ct,3400,none,6900,Desert Eagle,0.0178,103.7
ct,3400,none,6900,P250,0.0048,103.7
ct,3400,none,6900,P2000,0.08,103.7
ct,3400,none,6950,USP-S,0.8747,103.9
ct,3400,none,6950,Five-SeveN,0.026,103.9
ct,3400,none,6950,CZ75-Auto,0.0,103.9
ct,3400,none,6950,Desert Eagle,0.0172,103.9
ct,3400,none,6950,P250,0.0047,103.9
ct,3400,none,6950,P2000,0.0774,103.9
ct,3400,none,7000,USP-S,0.8766,103.9
ct,3400,none,7000,Five-SeveN,0.0257,103.9
ct,3400,none,7000,CZ75-Auto,0.0,103.9
ct,3400,none,7000,Desert Eagle,0.017,103.9
ct,3400,none,7000,P250,0.0046,103.9
ct,3400,none,7000,P2000,0.0761,103.9
ct,3400,none,7050,USP-S,0.88,95.9
ct,3400,none,7050,Five-SeveN,0.024,95.9
ct,3400,none,7050,CZ75-Auto,0.0,95.9
ct,3400,none,7050,Desert Eagle,0.0165,95.9
ct,3400,none,7050,P250,0.0042,95.9
ct,3400,none,7050,P2000,0.0753,95.9
ct,3400,none,7100,USP-S,0.8822,87.6
ct,3400,none,7100,Five-SeveN,0.0226,87.6
ct,3400,none,7100,CZ75-Auto,0.0,87.6
ct,3400,none,7100,Desert Eagle,0.0162,87.6
ct,3400,none,7100,P250,0.0038,87.6
ct,3400,none,7100,P2000,0.0752,87.6
ct,3400,none,7150,USP-S,0.8848,79.5
ct,3400,none,7150,Five-SeveN,0.0212,79.5
ct,3400,none,7150,CZ75-Auto,0.0,79.5
ct,3400,none,7150,Desert Eagle,0.0159,79.5
ct,3400,none,7150,P250,0.0035,79.5
ct,3400,none,7150,P2000,0.0747,79.5
ct,3400,none,7200,USP-S,0.888,71.7
ct,3400,none,7200,Five-SeveN,0.0197,71.7
ct,3400,none,7200,CZ75-Auto,0.0,71.7
ct,3400,none,7200,Desert Eagle,0.0154,71.7
ct,3400,none,7200,P250,0.0031,71.7
ct,3400,none,7200,P2000,0.0737,71.7
ct,3400,none,7250,USP-S,0.8916,64.2
ct,3400,none,7250,Five-SeveN,0.0183,64.2
ct,3400,none,7250,CZ75-Auto,0.0,64.2
ct,3400,none,7250,Desert Eagle,0.0149,64.2
ct,3400,none,7250,P250,0.0028,64.2
ct,3400,none,7250,P2000,0.0724,64.2
ct,3400,none,7300,USP-S,0.8958,57.1
ct,3400,none,7300,Five-SeveN,0.0169,57.1
ct,3400,none,7300,CZ75-Auto,0.0,57.1
ct,3400,none,7300,Desert Eagle,0.0143,57.1
ct,3400,none,7300,P250,0.0025,57.1
ct,3400,none,7300,P2000,0.0706,57.1
ct,3400,none,7350,USP-S,0.9034,51.2
ct,3400,none,7350,Five-SeveN,0.015,51.2
ct,3400,none,7350,CZ75-Auto,0.0,51.2
ct,3400,none,7350,Desert Eagle,0.0132,51.2
ct,3400,none,7350,P250,0.0021,51.2
ct,3400,none,7350,P2000,0.0663,51.2
ct,3400,none,7400,USP-S,0.9089,45.0
ct,3400,none,7400,Five-SeveN,0.0135,45.0
ct,3400,none,7400,CZ75-Auto,0.0,45.0
ct,3400,none,7400,Desert Eagle,0.0125,45.0
ct,3400,none,7400,P250,0.0018,45.0
ct,3400,none,7400,P2000,0.0634,45.0
ct,3400,none,7450,USP-S,0.9147,39.3
ct,3400,none,7450,Five-SeveN,0.0121,39.3
ct,3400,none,7450,CZ75-Auto,0.0,39.3
ct,3400,none,7450,Desert Eagle,0.0116,39.3
ct,3400,none,7450,P250,0.0015,39.3
ct,3400,none,7450,P2000,0.06,39.3
ct,3400,none,7500,USP-S,0.9209,34.3
ct,3400,none,7500,Five-SeveN,0.0107,34.3
ct,3400,none,7500,CZ75-Auto,0.0,34.3
ct,3400,none,7500,Desert Eagle,0.0107,34.3
ct,3400,none,7500,P250,0.0013,34.3
ct,3400,none,7500,P2000,0.0564,34.3
ct,3400,none,7550,USP-S,0.9272,29.8
ct,3400,none,7550,Five-SeveN,0.0094,29.8
ct,3400,none,7550,CZ75-Auto,0.0,29.8
ct,3400,none,7550,Desert Eagle,0.0098,29.8
ct,3400,none,7550,P250,0.0011,29.8
ct,3400,none,7550,P2000,0.0525,29.8
ct,3400,none,7600,USP-S,0.9335,25.9
ct,3400,none,7600,Five-SeveN,0.0082,25.9
ct,3400,none,7600,CZ75-Auto,0.0,25.9
ct,3400,none,7600,Desert Eagle,0.0089,25.9
ct,3400,none,7600,P250,0.0009,25.9
ct,3400,none,7600,P2000,0.0484,25.9
