map,round,team,total_start,total_spend,rifles,awps,smgs
p-r1-qf1-m1-de_dust2,1,teamA,4000,3400,0,0,0
p-r1-qf1-m1-de_dust2,1,teamB,4000,3050,0,0,0
p-r1-qf1-m1-de_dust2,2,teamA,18650,18250,4,0,1
p-r1-qf1-m1-de_dust2,2,teamB,10650,10250,0,0,0
p-r1-qf1-m1-de_dust2,3,teamA,18500,4000,4,0,1
p-r1-qf1-m1-de_dust2,3,teamB,12400,1900,0,0,0
p-r1-qf1-m1-de_dust2,4,teamA,33500,3700,4,0,1
p-r1-qf1-m1-de_dust2,4,teamB,25300,24650,4,1,0
p-r1-qf1-m1-de_dust2,5,teamA,48200,8400,5,0,0
p-r1-qf1-m1-de_dust2,5,teamB,18200,13700,4,1,0
p-r1-qf1-m1-de_dust2,6,teamA,57850,13450,4,1,0
p-r1-qf1-m1-de_dust2,6,teamB,22600,22250,3,1,1
p-r1-qf1-m1-de_dust2,7,teamA,55600,26650,4,1,0
p-r1-qf1-m1-de_dust2,7,teamB,20700,17400,3,1,1
p-r1-qf1-m1-de_dust2,8,teamA,46300,14800,4,1,0
p-r1-qf1-m1-de_dust2,8,teamB,19750,9350,0,0,1
p-r1-qf1-m1-de_dust2,9,teamA,49800,4100,4,1,0
p-r1-qf1-m1-de_dust2,9,teamB,27550,26800,4,1,0
p-r1-qf1-m1-de_dust2,10,teamA,64400,22850,4,1,0
p-r1-qf1-m1-de_dust2,10,teamB,19250,10400,1,0,2
p-r1-qf1-m1-de_dust2,11,teamA,48650,26750,4,1,0
p-r1-qf1-m1-de_dust2,11,teamB,28750,18500,4,1,0
p-r1-qf1-m1-de_dust2,12,teamA,40100,11550,4,1,0
p-r1-qf1-m1-de_dust2,12,teamB,25100,20550,3,2,0
p-r1-qf1-m1-de_dust2,13,teamA,4000,3400,0,0,0
p-r1-qf1-m1-de_dust2,13,teamB,4000,3450,0,0,0
p-r1-qf1-m1-de_dust2,14,teamA,11200,10850,0,0,1
p-r1-qf1-m1-de_dust2,14,teamB,18600,18250,3,0,2
p-r1-qf1-m1-de_dust2,15,teamA,12900,900,0,0,1
p-r1-qf1-m1-de_dust2,15,teamB,19050,10050,4,0,1
p-r1-qf1-m1-de_dust2,16,teamA,27150,26400,4,1,0
p-r1-qf1-m1-de_dust2,16,teamB,26750,9550,4,1,0
p-r1-qf1-m1-de_dust2,17,teamA,19200,7150,4,1,0
p-r1-qf1-m1-de_dust2,17,teamB,22800,21550,4,1,0
p-r1-qf1-m1-de_dust2,18,teamA,25150,16900,4,1,0
p-r1-qf1-m1-de_dust2,18,teamB,19550,12800,4,1,0
p-r1-qf1-m1-de_dust2,19,teamA,24550,24050,4,1,0
p-r1-qf1-m1-de_dust2,19,teamB,24600,20100,4,1,0
p-r1-qf1-m1-de_dust2,20,teamA,18200,10700,4,1,0
p-r1-qf1-m1-de_dust2,20,teamB,9000,7000,2,1,0
p-r1-qf1-m1-de_dust2,21,teamA,25750,15300,4,1,0
p-r1-qf1-m1-de_dust2,21,teamB,10000,9150,0,1,0
p-r1-qf1-m2-de_mirage,1,teamA,4000,3450,0,0,0
p-r1-qf1-m2-de_mirage,1,teamB,4000,3400,0,0,0
p-r1-qf1-m2-de_mirage,2,teamA,18600,17950,3,0,2
p-r1-qf1-m2-de_mirage,2,teamB,12300,11800,1,0,2
p-r1-qf1-m2-de_mirage,3,teamA,8350,8100,0,0,0
p-r1-qf1-m2-de_mirage,3,teamB,20400,15150,4,0,1
p-r1-qf1-m2-de_mirage,4,teamA,10350,200,0,0,0
p-r1-qf1-m2-de_mirage,4,teamB,24250,14000,4,0,1
p-r1-qf1-m2-de_mirage,5,teamA,22150,21700,5,0,0
p-r1-qf1-m2-de_mirage,5,teamB,29850,9950,4,1,0
p-r1-qf1-m2-de_mirage,6,teamA,16150,10300,1,0,0
p-r1-qf1-m2-de_mirage,6,teamB,38900,22400,4,1,0
p-r1-qf1-m2-de_mirage,7,teamA,22450,21800,5,0,0
p-r1-qf1-m2-de_mirage,7,teamB,35300,4600,4,1,0
p-r1-qf1-m2-de_mirage,8,teamA,19350,18100,5,0,0
p-r1-qf1-m2-de_mirage,8,teamB,40250,29250,4,1,0
p-r1-qf1-m2-de_mirage,9,teamA,16350,11050,1,0,0
p-r1-qf1-m2-de_mirage,9,teamB,29800,13800,4,1,0
p-r1-qf1-m2-de_mirage,10,teamA,24300,23200,5,0,0
p-r1-qf1-m2-de_mirage,10,teamB,25750,24350,3,1,1
p-r1-qf1-m2-de_mirage,11,teamA,20100,16400,5,0,0
p-r1-qf1-m2-de_mirage,11,teamB,12550,4450,1,1,0
p-r1-qf1-m2-de_mirage,12,teamA,21750,15600,4,1,0
p-r1-qf1-m2-de_mirage,12,teamB,20900,20600,4,0,1
p-r1-qf1-m2-de_mirage,13,teamA,4000,3400,0,0,0
p-r1-qf1-m2-de_mirage,13,teamB,4000,3450,0,0,0
p-r1-qf1-m2-de_mirage,14,teamA,11200,9750,0,0,0
p-r1-qf1-m2-de_mirage,14,teamB,18600,17850,4,0,1
p-r1-qf1-m2-de_mirage,15,teamA,20750,14800,4,0,1
p-r1-qf1-m2-de_mirage,15,teamB,8350,8050,1,0,0
p-r1-qf1-m2-de_mirage,16,teamA,24950,12200,4,0,1
p-r1-qf1-m2-de_mirage,16,teamB,10350,0,0,0,0
p-r1-qf1-m2-de_mirage,17,teamA,32050,15200,3,2,0
p-r1-qf1-m2-de_mirage,17,teamB,22650,22600,5,0,0
p-r1-qf1-m2-de_mirage,18,teamA,36450,24750,3,2,0
p-r1-qf1-m2-de_mirage,18,teamB,19050,8400,2,0,0
p-r1-qf1-m2-de_mirage,19,teamA,30500,18500,3,2,0
p-r1-qf1-m2-de_mirage,19,teamB,26400,24850,4,1,0
p-r1-qf1-m2-de_mirage,20,teamA,19550,12250,4,1,0
p-r1-qf1-m2-de_mirage,20,teamB,19650,8600,4,1,0
p-r1-qf1-m2-de_mirage,21,teamA,17350,9900,3,1,1
p-r1-qf1-m2-de_mirage,21,teamB,28950,9400,4,1,0
p-r1-qf1-m2-de_mirage,22,teamA,26150,8200,4,1,0
p-r1-qf1-m2-de_mirage,22,teamB,30950,25950,4,1,0
p-r1-qf1-m3-de_overpass,1,teamA,4000,3350,0,0,0
p-r1-qf1-m3-de_overpass,1,teamB,4000,3550,0,0,0
p-r1-qf1-m3-de_overpass,2,teamA,19650,18650,4,0,1
p-r1-qf1-m3-de_overpass,2,teamB,12700,800,0,0,0
p-r1-qf1-m3-de_overpass,3,teamA,20000,12200,5,0,0
p-r1-qf1-m3-de_overpass,3,teamB,24400,23650,3,1,1
p-r1-qf1-m3-de_overpass,4,teamA,12000,11700,5,0,0
p-r1-qf1-m3-de_overpass,4,teamB,18650,11400,4,1,0
p-r1-qf1-m3-de_overpass,5,teamA,10400,0,0,0,0
p-r1-qf1-m3-de_overpass,5,teamB,26050,14000,4,1,0
p-r1-qf1-m3-de_overpass,6,teamA,26600,25250,4,1,0
p-r1-qf1-m3-de_overpass,6,teamB,32600,19000,4,1,0
p-r1-qf1-m3-de_overpass,7,teamA,13550,5300,2,0,0
p-r1-qf1-m3-de_overpass,7,teamB,32050,15100,4,1,0
p-r1-qf1-m3-de_overpass,8,teamA,25250,24500,4,1,0
p-r1-qf1-m3-de_overpass,8,teamB,35950,5100,4,1,0
p-r1-qf1-m3-de_overpass,9,teamA,19750,12350,4,1,0
p-r1-qf1-m3-de_overpass,9,teamB,38950,24350,4,1,0
p-r1-qf1-m3-de_overpass,10,teamA,19400,17050,3,1,1
p-r1-qf1-m3-de_overpass,10,teamB,32850,14900,4,1,0
p-r1-qf1-m3-de_overpass,11,teamA,19450,12150,2,0,0
p-r1-qf1-m3-de_overpass,11,teamB,36750,11400,4,1,0
p-r1-qf1-m3-de_overpass,12,teamA,24700,23800,4,1,0
p-r1-qf1-m3-de_overpass,12,teamB,44150,13050,4,1,0
p-r1-qf1-m3-de_overpass,13,teamA,4000,3400,0,0,0
p-r1-qf1-m3-de_overpass,13,teamB,4000,3550,0,0,0
p-r1-qf1-m3-de_overpass,14,teamA,19600,18950,3,0,2
p-r1-qf1-m3-de_overpass,14,teamB,10250,400,0,0,0
p-r1-qf1-m3-de_overpass,15,teamA,21350,10150,3,1,1
p-r1-qf1-m3-de_overpass,15,teamB,21650,10750,0,0,0
p-r1-qf1-m3-de_overpass,16,teamA,29800,13400,4,1,0
p-r1-qf1-m3-de_overpass,16,teamB,26000,23900,5,0,0
p-r1-qf1-m3-de_overpass,17,teamA,25050,24400,3,1,1
p-r1-qf1-m3-de_overpass,17,teamB,20150,15200,5,0,0
p-r1-qf1-m3-de_overpass,18,teamA,11050,600,0,0,0
p-r1-qf1-m3-de_overpass,18,teamB,23000,12700,5,0,0
p-r1-qf1-m3-de_overpass,19,teamA,23550,21100,5,0,0
p-r1-qf1-m3-de_overpass,19,teamB,28100,14050,4,1,0
p-r1-qf2-m1-de_nuke,1,teamA,4000,3450,0,0,0
p-r1-qf2-m1-de_nuke,1,teamB,4000,3400,0,0,0
p-r1-qf2-m1-de_nuke,2,teamA,18600,16650,2,0,3
p-r1-qf2-m1-de_nuke,2,teamB,11750,11500,0,0,4
p-r1-qf2-m1-de_nuke,3,teamA,21200,12600,3,0,2
p-r1-qf2-m1-de_nuke,3,teamB,13650,2800,0,0,0
p-r1-qf2-m1-de_nuke,4,teamA,17400,15950,3,0,0
p-r1-qf2-m1-de_nuke,4,teamB,29850,28150,4,1,0
p-r1-qf2-m1-de_nuke,5,teamA,14250,12750,1,0,3
p-r1-qf2-m1-de_nuke,5,teamB,21850,17500,4,1,0
p-r1-qf2-m1-de_nuke,6,teamA,13500,3700,0,0,0
p-r1-qf2-m1-de_nuke,6,teamB,23350,3300,4,1,0
p-r1-qf2-m1-de_nuke,7,teamA,24600,23700,5,0,0
p-r1-qf2-m1-de_nuke,7,teamB,39050,7800,4,1,0
p-r1-qf2-m1-de_nuke,8,teamA,22100,15400,4,0,0
p-r1-qf2-m1-de_nuke,8,teamB,51050,19100,4,1,0
p-r1-qf2-m1-de_nuke,9,teamA,22150,18400,3,1,1
p-r1-qf2-m1-de_nuke,9,teamB,40950,29450,4,1,0
p-r1-qf2-m1-de_nuke,10,teamA,21400,12600,4,1,0
p-r1-qf2-m1-de_nuke,10,teamB,22100,22050,3,1,1
p-r1-qf2-m1-de_nuke,11,teamA,26650,19900,5,0,0
p-r1-qf2-m1-de_nuke,11,teamB,14650,5250,0,0,0
p-r1-qf2-m1-de_nuke,12,teamA,16850,16100,4,0,1
p-r1-qf2-m1-de_nuke,12,teamB,28400,19000,4,1,0
p-r1-qf2-m1-de_nuke,13,teamA,4000,3300,0,0,0
p-r1-qf2-m1-de_nuke,13,teamB,4000,3550,0,0,0
p-r1-qf2-m1-de_nuke,14,teamA,10750,8950,0,0,0
p-r1-qf2-m1-de_nuke,14,teamB,18500,17900,3,0,2
p-r1-qf2-m1-de_nuke,15,teamA,12950,2450,0,0,1
p-r1-qf2-m1-de_nuke,15,teamB,19300,9200,4,0,1
p-r1-qf2-m1-de_nuke,16,teamA,24650,24350,5,0,0
p-r1-qf2-m1-de_nuke,16,teamB,28150,8400,5,0,0
p-r1-qf2-m1-de_nuke,17,teamA,20300,20000,3,0,2
p-r1-qf2-m1-de_nuke,17,teamB,32750,20800,3,1,1
p-r1-qf2-m1-de_nuke,18,teamA,12850,11600,0,0,2
p-r1-qf2-m1-de_nuke,18,teamB,30000,10500,4,1,0
p-r1-qf2-m1-de_nuke,19,teamA,15850,15450,1,0,3
p-r1-qf2-m1-de_nuke,19,teamB,37350,12600,4,1,0
p-r1-qf2-m2-de_anubis,1,teamA,4000,3450,0,0,0
p-r1-qf2-m2-de_anubis,1,teamB,4000,3400,0,0,0
p-r1-qf2-m2-de_anubis,2,teamA,14550,4700,1,0,0
p-r1-qf2-m2-de_anubis,2,teamB,21150,20000,4,0,1
p-r1-qf2-m2-de_anubis,3,teamA,21450,20900,4,0,0
p-r1-qf2-m2-de_anubis,3,teamB,19700,13700,4,0,1
p-r1-qf2-m2-de_anubis,4,teamA,19900,13200,5,0,0
p-r1-qf2-m2-de_anubis,4,teamB,13800,11950,3,0,1
p-r1-qf2-m2-de_anubis,5,teamA,20100,19200,4,0,0
p-r1-qf2-m2-de_anubis,5,teamB,23000,17050,4,1,0
p-r1-qf2-m2-de_anubis,6,teamA,13500,2800,0,0,0
p-r1-qf2-m2-de_anubis,6,teamB,24950,14100,4,1,0
p-r1-qf2-m2-de_anubis,7,teamA,24350,23200,5,0,0
p-r1-qf2-m2-de_anubis,7,teamB,29050,6400,4,1,0
p-r1-qf2-m2-de_anubis,8,teamA,19200,15500,4,1,0
p-r1-qf2-m2-de_anubis,8,teamB,31100,29650,3,2,0
p-r1-qf2-m2-de_anubis,9,teamA,16100,4850,0,0,0
p-r1-qf2-m2-de_anubis,9,teamB,19850,14100,3,2,0
p-r1-qf2-m2-de_anubis,10,teamA,26800,21600,4,1,0
p-r1-qf2-m2-de_anubis,10,teamB,14450,1400,0,0,0
p-r1-qf2-m2-de_anubis,11,teamA,23050,17000,4,1,0
p-r1-qf2-m2-de_anubis,11,teamB,24200,23650,3,1,1
p-r1-qf2-m2-de_anubis,12,teamA,24200,20700,4,1,0
p-r1-qf2-m2-de_anubis,12,teamB,14850,14400,2,0,3
p-r1-qf2-m2-de_anubis,13,teamA,4000,3450,0,0,0
p-r1-qf2-m2-de_anubis,13,teamB,4000,3550,0,0,0
p-r1-qf2-m2-de_anubis,14,teamA,11700,700,0,0,0
p-r1-qf2-m2-de_anubis,14,teamB,18500,17550,2,0,3
p-r1-qf2-m2-de_anubis,15,teamA,23550,22650,5,0,0
p-r1-qf2-m2-de_anubis,15,teamB,19600,7800,3,0,2
p-r1-qf2-m2-de_anubis,16,teamA,17050,9250,1,0,0
p-r1-qf2-m2-de_anubis,16,teamB,30150,17000,5,0,0
p-r1-qf2-m2-de_anubis,17,teamA,25300,22900,4,1,0
p-r1-qf2-m2-de_anubis,17,teamB,32150,14650,4,1,0
p-r1-qf2-m2-de_anubis,18,teamA,20850,20600,4,0,1
p-r1-qf2-m2-de_anubis,18,teamB,35150,16200,4,1,0
p-r1-qf2-m2-de_anubis,19,teamA,21100,19600,3,2,0
p-r1-qf2-m2-de_anubis,19,teamB,29850,26150,4,1,0
p-r1-qf2-m2-de_anubis,20,teamA,21650,19100,3,1,1
p-r1-qf2-m2-de_anubis,20,teamB,17500,9600,0,0,0
p-r1-qf2-m2-de_anubis,21,teamA,23500,18350,3,2,0
p-r1-qf2-m2-de_anubis,21,teamB,24100,23100,5,0,0
p-r1-qf2-m2-de_anubis,22,teamA,15750,14950,1,1,0
p-r1-qf2-m2-de_anubis,22,teamB,19050,10550,3,1,1
p-r1-qf3-m1-de_overpass,1,teamA,4000,3450,0,0,0
p-r1-qf3-m1-de_overpass,1,teamB,4000,3550,0,0,0
p-r1-qf3-m1-de_overpass,2,teamA,11250,10600,0,0,0
p-r1-qf3-m1-de_overpass,2,teamB,19450,17350,2,0,2
p-r1-qf3-m1-de_overpass,3,teamA,19650,17200,4,0,1
p-r1-qf3-m1-de_overpass,3,teamB,9650,8550,1,0,1
p-r1-qf3-m1-de_overpass,4,teamA,20800,15350,4,0,1
p-r1-qf3-m1-de_overpass,4,teamB,12550,900,0,0,0
p-r1-qf3-m1-de_overpass,5,teamA,24750,10650,4,1,0
p-r1-qf3-m1-de_overpass,5,teamB,23900,22750,3,1,1
p-r1-qf3-m1-de_overpass,6,teamA,24800,21550,4,1,0
p-r1-qf3-m1-de_overpass,6,teamB,20350,11750,2,1,1
p-r1-qf3-m1-de_overpass,7,teamA,21000,17850,4,0,1
p-r1-qf3-m1-de_overpass,7,teamB,17000,16050,2,0,3
p-r1-qf3-m1-de_overpass,8,teamA,10250,9900,0,0,1
p-r1-qf3-m1-de_overpass,8,teamB,19950,11350,5,0,0
p-r1-qf3-m1-de_overpass,9,teamA,10450,700,0,0,0
p-r1-qf3-m1-de_overpass,9,teamB,27400,8400,5,0,0
p-r1-qf3-m1-de_overpass,10,teamA,21750,20700,5,0,0
p-r1-qf3-m1-de_overpass,10,teamB,38000,5600,5,0,0
p-r1-qf3-m1-de_overpass,11,teamA,19750,5200,5,0,0
p-r1-qf3-m1-de_overpass,11,teamB,38800,20100,4,1,0
p-r1-qf3-m1-de_overpass,12,teamA,24650,24100,5,0,0
p-r1-qf3-m1-de_overpass,12,teamB,37300,17450,4,1,0
p-r1-qf3-m1-de_overpass,13,teamA,4000,3300,0,0,0
p-r1-qf3-m1-de_overpass,13,teamB,4000,3350,0,0,0
p-r1-qf3-m1-de_overpass,14,teamA,19700,19050,3,0,2
p-r1-qf3-m1-de_overpass,14,teamB,10750,7300,0,0,0
p-r1-qf3-m1-de_overpass,15,teamA,8500,7500,1,0,1
p-r1-qf3-m1-de_overpass,15,teamB,19450,12200,4,0,1
p-r1-qf3-m1-de_overpass,16,teamA,19200,11950,4,0,1
p-r1-qf3-m1-de_overpass,16,teamB,12050,10550,4,0,0
p-r1-qf3-m1-de_overpass,17,teamA,26050,10400,4,0,1
p-r1-qf3-m1-de_overpass,17,teamB,11300,800,0,0,0
p-r1-qf3-m1-de_overpass,18,teamA,35250,11150,4,1,0
p-r1-qf3-m1-de_overpass,18,teamB,22500,22000,5,0,0
p-r1-qf3-m1-de_overpass,19,teamA,32350,26650,4,1,0
p-r1-qf3-m1-de_overpass,19,teamB,18550,15850,3,1,1
p-r1-qf3-m1-de_overpass,20,teamA,25500,18850,4,1,0
p-r1-qf3-m1-de_overpass,20,teamB,16500,14700,3,0,1
p-r1-qf3-m1-de_overpass,21,teamA,24950,15650,4,1,0
p-r1-qf3-m1-de_overpass,21,teamB,14100,12500,0,0,1
p-r1-qf3-m1-de_overpass,22,teamA,27700,6200,4,1,0
p-r1-qf3-m1-de_overpass,22,teamB,15050,14550,3,0,1
p-r1-qf3-m2-de_dust2,1,teamA,4000,3450,0,0,0
p-r1-qf3-m2-de_dust2,1,teamB,4000,3450,0,0,0
p-r1-qf3-m2-de_dust2,2,teamA,10050,50,0,0,0
p-r1-qf3-m2-de_dust2,2,teamB,19550,18650,2,1,2
p-r1-qf3-m2-de_dust2,3,teamA,22300,21600,5,0,0
p-r1-qf3-m2-de_dust2,3,teamB,20500,8600,3,1,1
p-r1-qf3-m2-de_dust2,4,teamA,15300,6650,0,0,0
p-r1-qf3-m2-de_dust2,4,teamB,30700,5500,4,1,0
p-r1-qf3-m2-de_dust2,5,teamA,26550,25750,4,1,0
p-r1-qf3-m2-de_dust2,5,teamB,44000,18500,4,1,0
p-r1-qf3-m2-de_dust2,6,teamA,19800,12700,4,1,0
p-r1-qf3-m2-de_dust2,6,teamB,33400,23350,4,1,0
p-r1-qf3-m2-de_dust2,7,teamA,25600,12950,4,1,0
p-r1-qf3-m2-de_dust2,7,teamB,20250,17400,4,1,0
p-r1-qf3-m2-de_dust2,8,teamA,30650,9400,4,1,0
p-r1-qf3-m2-de_dust2,8,teamB,15400,11100,5,0,0
p-r1-qf3-m2-de_dust2,9,teamA,39100,12100,4,1,0
p-r1-qf3-m2-de_dust2,9,teamB,19700,10400,0,0,0
p-r1-qf3-m2-de_dust2,10,teamA,44600,5000,4,1,0
p-r1-qf3-m2-de_dust2,10,teamB,26300,24300,4,1,0
p-r1-qf3-m2-de_dust2,11,teamA,46900,27050,4,1,0
p-r1-qf3-m2-de_dust2,11,teamB,20800,8700,4,1,0
p-r1-qf3-m2-de_dust2,12,teamA,29950,27450,4,1,0
p-r1-qf3-m2-de_dust2,12,teamB,30300,21350,4,1,0
p-r1-qf3-m2-de_dust2,13,teamA,4000,3450,0,0,0
p-r1-qf3-m2-de_dust2,13,teamB,4000,3350,0,0,0
p-r1-qf3-m2-de_dust2,14,teamA,10600,9850,0,0,2
p-r1-qf3-m2-de_dust2,14,teamB,18400,18100,4,0,1
p-r1-qf3-m2-de_dust2,15,teamA,21150,16550,4,0,1
p-r1-qf3-m2-de_dust2,15,teamB,7900,7650,0,0,0
p-r1-qf3-m2-de_dust2,16,teamA,24200,8950,4,0,1
p-r1-qf3-m2-de_dust2,16,teamB,10050,700,0,0,0
p-r1-qf3-m2-de_dust2,17,teamA,34850,9350,4,1,0
p-r1-qf3-m2-de_dust2,17,teamB,21350,20300,5,0,0
p-r1-qf3-m2-de_dust2,18,teamA,35050,28200,4,1,0
p-r1-qf3-m2-de_dust2,18,teamB,20050,19850,5,0,0
p-r1-qf3-m2-de_dust2,19,teamA,16700,13700,4,1,0
p-r1-qf3-m2-de_dust2,19,teamB,18600,9150,5,0,0
p-r1-qf3-m2-de_dust2,20,teamA,15550,13950,4,1,0
p-r1-qf3-m2-de_dust2,20,teamB,27850,9000,5,0,0
p-r1-qf3-m2-de_dust2,21,teamA,21750,19850,4,1,0
p-r1-qf3-m2-de_dust2,21,teamB,30350,25250,4,1,0
p-r1-qf3-m2-de_dust2,22,teamA,20150,14050,4,1,0
p-r1-qf3-m2-de_dust2,22,teamB,13300,11750,3,1,0
p-r1-qf3-m2-de_dust2,23,teamA,14000,12450,2,1,2
p-r1-qf3-m2-de_dust2,23,teamB,19200,12900,4,1,0
p-r1-qf3-m2-de_dust2,24,teamA,21450,20550,5,0,0
p-r1-qf3-m2-de_dust2,24,teamB,14300,14100,2,0,0
p-r1-qf3-m3-de_mirage,1,teamA,4000,3600,0,0,0
p-r1-qf3-m3-de_mirage,1,teamB,4000,3450,0,0,0
p-r1-qf3-m3-de_mirage,2,teamA,18450,17800,4,0,1
p-r1-qf3-m3-de_mirage,2,teamB,11700,10700,0,0,4
p-r1-qf3-m3-de_mirage,3,teamA,19350,7050,4,0,1
p-r1-qf3-m3-de_mirage,3,teamB,13550,3150,0,0,3
p-r1-qf3-m3-de_mirage,4,teamA,30350,16400,5,0,0
p-r1-qf3-m3-de_mirage,4,teamB,26550,25900,4,1,0
p-r1-qf3-m3-de_mirage,5,teamA,21850,19850,3,0,2
p-r1-qf3-m3-de_mirage,5,teamB,19650,17250,4,1,0
p-r1-qf3-m3-de_mirage,6,teamA,13000,1700,0,0,0
p-r1-qf3-m3-de_mirage,6,teamB,21000,16850,3,1,1
p-r1-qf3-m3-de_mirage,7,teamA,22900,22200,5,0,0
p-r1-qf3-m3-de_mirage,7,teamB,22750,9500,3,1,1
p-r1-qf3-m3-de_mirage,8,teamA,16100,7650,0,0,0
p-r1-qf3-m3-de_mirage,8,teamB,32050,19100,4,1,0
p-r1-qf3-m3-de_mirage,9,teamA,26500,20500,4,1,0
p-r1-qf3-m3-de_mirage,9,teamB,22150,21700,3,1,0
p-r1-qf3-m3-de_mirage,10,teamA,24800,8800,4,1,0
p-r1-qf3-m3-de_mirage,10,teamB,10500,1250,1,0,0
p-r1-qf3-m3-de_mirage,11,teamA,35000,16950,4,1,0
p-r1-qf3-m3-de_mirage,11,teamB,22900,21500,5,0,0
p-r1-qf3-m3-de_mirage,12,teamA,37050,12700,4,1,0
p-r1-qf3-m3-de_mirage,12,teamB,17000,16200,2,0,3
p-r1-qf3-m3-de_mirage,13,teamA,4000,3400,0,0,0
p-r1-qf3-m3-de_mirage,13,teamB,4000,3350,0,0,0
p-r1-qf3-m3-de_mirage,14,teamA,11750,10900,0,0,3
p-r1-qf3-m3-de_mirage,14,teamB,18700,17950,4,0,1
p-r1-qf3-m3-de_mirage,15,teamA,13700,1100,1,0,2
p-r1-qf3-m3-de_mirage,15,teamB,19450,7350,3,0,2
p-r1-qf3-m3-de_mirage,16,teamA,28500,27350,4,1,0
p-r1-qf3-m3-de_mirage,16,teamB,30150,12400,4,0,1
p-r1-qf3-m3-de_mirage,17,teamA,18150,6900,2,0,1
p-r1-qf3-m3-de_mirage,17,teamB,36450,5400,5,0,0
p-r1-qf3-m3-de_mirage,18,teamA,29700,10800,5,0,0
p-r1-qf3-m3-de_mirage,18,teamB,36650,21350,4,1,0
p-r1-qf3-m3-de_mirage,19,teamA,34100,27250,4,1,0
p-r1-qf3-m3-de_mirage,19,teamB,32950,12800,4,1,0
p-r1-qf3-m3-de_mirage,20,teamA,24550,9500,4,1,0
p-r1-qf3-m3-de_mirage,20,teamB,24650,16200,4,1,0
p-r1-qf3-m3-de_mirage,21,teamA,33300,10650,4,1,0
p-r1-qf3-m3-de_mirage,21,teamB,16350,14400,3,1,0
p-r1-qf3-m3-de_mirage,22,teamA,42400,21100,4,1,0
p-r1-qf3-m3-de_mirage,22,teamB,17950,17350,3,0,1
p-r1-qf3-m3-de_mirage,23,teamA,29550,26900,4,1,0
p-r1-qf3-m3-de_mirage,23,teamB,18350,14750,4,0,1
p-r1-qf3-m3-de_mirage,24,teamA,13800,13450,4,1,0
p-r1-qf3-m3-de_mirage,24,teamB,22200,17700,5,0,0
p-r1-qf4-m1-de_anubis,1,teamA,4000,3450,0,0,0
p-r1-qf4-m1-de_anubis,1,teamB,4000,3400,0,0,0
p-r1-qf4-m1-de_anubis,2,teamA,14250,11200,1,0,0
p-r1-qf4-m1-de_anubis,2,teamB,21150,20750,5,0,0
p-r1-qf4-m1-de_anubis,3,teamA,10350,1700,1,0,0
p-r1-qf4-m1-de_anubis,3,teamB,18850,6800,5,0,0
p-r1-qf4-m1-de_anubis,4,teamA,26050,23600,5,0,0
p-r1-qf4-m1-de_anubis,4,teamB,32600,14400,4,1,0
p-r1-qf4-m1-de_anubis,5,teamA,20050,14150,2,0,0
p-r1-qf4-m1-de_anubis,5,teamB,37000,14400,4,1,0
p-r1-qf4-m1-de_anubis,6,teamA,19400,16200,3,0,0
p-r1-qf4-m1-de_anubis,6,teamB,40850,14400,4,1,0
p-r1-qf4-m1-de_anubis,7,teamA,22700,9000,5,0,0
p-r1-qf4-m1-de_anubis,7,teamB,34000,24550,4,1,0
p-r1-qf4-m1-de_anubis,8,teamA,32400,8700,5,0,0
p-r1-qf4-m1-de_anubis,8,teamB,19500,15550,4,1,0
p-r1-qf4-m1-de_anubis,9,teamA,41450,3900,4,1,0
p-r1-qf4-m1-de_anubis,9,teamB,15950,4700,0,0,0
p-r1-qf4-m1-de_anubis,10,teamA,55300,20950,4,1,0
p-r1-qf4-m1-de_anubis,10,teamB,27250,26550,4,1,0
p-r1-qf4-m1-de_anubis,11,teamA,52550,19350,4,1,0
p-r1-qf4-m1-de_anubis,11,teamB,19150,13950,4,1,0
p-r1-qf4-m1-de_anubis,12,teamA,50850,18650,4,1,0
p-r1-qf4-m1-de_anubis,12,teamB,23850,23450,4,1,0
p-r1-qf4-m1-de_anubis,13,teamA,4000,3250,0,0,0
p-r1-qf4-m1-de_anubis,13,teamB,4000,3400,0,0,0
p-r1-qf4-m1-de_anubis,14,teamA,19750,18650,3,0,2
p-r1-qf4-m1-de_anubis,14,teamB,10700,700,0,0,0
p-r1-qf4-m1-de_anubis,15,teamA,20700,5700,3,0,2
p-r1-qf4-m1-de_anubis,15,teamB,22000,21700,5,0,0
p-r1-qf4-m1-de_anubis,16,teamA,34600,15900,5,0,0
p-r1-qf4-m1-de_anubis,16,teamB,15400,7300,0,0,0
p-r1-qf4-m1-de_anubis,17,teamA,37700,4800,5,0,0
p-r1-qf4-m1-de_anubis,17,teamB,23400,23000,5,0,0
p-r1-qf4-m1-de_anubis,18,teamA,41550,28350,4,1,0
p-r1-qf4-m1-de_anubis,18,teamB,18450,15500,5,0,0
p-r1-qf4-m1-de_anubis,19,teamA,23950,22700,4,1,0
p-r1-qf4-m1-de_anubis,19,teamB,21950,16600,4,1,0
p-r1-qf4-m1-de_anubis,20,teamA,14350,1450,1,1,0
p-r1-qf4-m1-de_anubis,20,teamB,24050,12900,4,1,0
p-r1-qf4-m1-de_anubis,21,teamA,26850,25700,4,1,0
p-r1-qf4-m1-de_anubis,21,teamB,29000,15600,4,1,0
p-r1-qf4-m1-de_anubis,22,teamA,18700,14500,4,1,0
p-r1-qf4-m1-de_anubis,22,teamB,31400,9800,4,1,0
p-r1-qf4-m1-de_anubis,23,teamA,22300,22100,4,1,0
p-r1-qf4-m1-de_anubis,23,teamB,39650,14800,4,1,0
p-r1-qf4-m1-de_anubis,24,teamA,20550,17800,4,1,0
p-r1-qf4-m1-de_anubis,24,teamB,36050,28000,4,1,0
p-r1-qf4-m2-de_inferno,1,teamA,4000,3350,0,0,0
p-r1-qf4-m2-de_inferno,1,teamB,4000,3300,0,0,0
p-r1-qf4-m2-de_inferno,2,teamA,14350,13200,1,0,0
p-r1-qf4-m2-de_inferno,2,teamB,21250,20900,4,0,1
p-r1-qf4-m2-de_inferno,3,teamA,16450,15500,2,0,1
p-r1-qf4-m2-de_inferno,3,teamB,21200,12550,4,0,1
p-r1-qf4-m2-de_inferno,4,teamA,18800,16400,5,0,0
p-r1-qf4-m2-de_inferno,4,teamB,17300,16950,1,1,3
p-r1-qf4-m2-de_inferno,5,teamA,20250,6950,3,1,1
p-r1-qf4-m2-de_inferno,5,teamB,10400,0,0,0,0
p-r1-qf4-m2-de_inferno,6,teamA,32100,8100,3,1,1
p-r1-qf4-m2-de_inferno,6,teamB,22950,21200,5,0,0
p-r1-qf4-m2-de_inferno,7,teamA,29600,22150,4,1,0
p-r1-qf4-m2-de_inferno,7,teamB,20200,8000,3,1,0
p-r1-qf4-m2-de_inferno,8,teamA,26050,17250,4,1,0
p-r1-qf4-m2-de_inferno,8,teamB,23500,20000,4,1,0
p-r1-qf4-m2-de_inferno,9,teamA,26450,11250,3,1,1
p-r1-qf4-m2-de_inferno,9,teamB,16600,6200,0,0,0
p-r1-qf4-m2-de_inferno,10,teamA,33850,16900,4,1,0
p-r1-qf4-m2-de_inferno,10,teamB,26550,26150,4,1,0
p-r1-qf4-m2-de_inferno,11,teamA,28150,26150,4,1,0
p-r1-qf4-m2-de_inferno,11,teamB,20750,18150,4,1,0
p-r1-qf4-m2-de_inferno,12,teamA,10300,9200,1,0,0
p-r1-qf4-m2-de_inferno,12,teamB,21050,17700,4,1,0
p-r1-qf4-m2-de_inferno,13,teamA,4000,2800,0,0,0
p-r1-qf4-m2-de_inferno,13,teamB,4000,3450,0,0,0
p-r1-qf4-m2-de_inferno,14,teamA,11150,10850,0,0,2
p-r1-qf4-m2-de_inferno,14,teamB,18600,18300,2,0,3
p-r1-qf4-m2-de_inferno,15,teamA,19300,10650,2,0,3
p-r1-qf4-m2-de_inferno,15,teamB,7600,5550,0,0,0
p-r1-qf4-m2-de_inferno,16,teamA,30200,23550,4,1,0
p-r1-qf4-m2-de_inferno,16,teamB,14550,5050,1,0,0
p-r1-qf4-m2-de_inferno,17,teamA,25050,5900,4,1,0
p-r1-qf4-m2-de_inferno,17,teamB,21000,20100,4,0,0
p-r1-qf4-m2-de_inferno,18,teamA,36850,9300,4,1,0
p-r1-qf4-m2-de_inferno,18,teamB,9900,5550,2,0,0
p-r1-qf4-m2-de_inferno,19,teamA,34900,12200,4,1,0
p-r1-qf4-m2-de_inferno,19,teamB,22200,11400,5,0,0
p-r1-qf4-m2-de_inferno,20,teamA,33450,28500,4,1,0
p-r1-qf4-m2-de_inferno,20,teamB,29800,16900,5,0,0
p-r1-qf4-m2-de_inferno,21,teamA,17850,10450,1,0,1
p-r1-qf4-m2-de_inferno,21,teamB,30950,13000,5,0,0
p-r1-qf4-m2-de_inferno,22,teamA,26300,15050,3,1,1
p-r1-qf4-m2-de_inferno,22,teamB,21950,15800,5,0,0
p-r1-qf4-m2-de_inferno,23,teamA,20750,16500,4,1,0
p-r1-qf4-m2-de_inferno,23,teamB,24650,6000,5,0,0
p-r1-qf4-m2-de_inferno,24,teamA,24400,21350,4,1,0
p-r1-qf4-m2-de_inferno,24,teamB,29850,25900,5,0,0
p-r1-qf4-m3-de_dust2,1,teamA,4000,3450,0,0,0
p-r1-qf4-m3-de_dust2,1,teamB,4000,3450,0,0,0
p-r1-qf4-m3-de_dust2,2,teamA,18300,17950,4,0,1
p-r1-qf4-m3-de_dust2,2,teamB,11700,11450,1,0,1
p-r1-qf4-m3-de_dust2,3,teamA,12450,0,0,0,0
p-r1-qf4-m3-de_dust2,3,teamB,20900,19050,4,0,1
p-r1-qf4-m3-de_dust2,4,teamA,25850,25100,4,1,0
p-r1-qf4-m3-de_dust2,4,teamB,22400,13050,5,0,0
p-r1-qf4-m3-de_dust2,5,teamA,19250,12400,5,0,0
p-r1-qf4-m3-de_dust2,5,teamB,17050,15000,4,1,0
p-r1-qf4-m3-de_dust2,6,teamA,24950,14850,4,1,0
p-r1-qf4-m3-de_dust2,6,teamB,12450,8950,4,1,0
p-r1-qf4-m3-de_dust2,7,teamA,21400,19850,4,0,1
p-r1-qf4-m3-de_dust2,7,teamB,23850,20200,4,1,0
p-r1-qf4-m3-de_dust2,8,teamA,19950,19450,4,0,1
p-r1-qf4-m3-de_dust2,8,teamB,12900,10300,3,1,1
p-r1-qf4-m3-de_dust2,9,teamA,18550,15950,4,0,1
p-r1-qf4-m3-de_dust2,9,teamB,14300,2400,0,0,0
p-r1-qf4-m3-de_dust2,10,teamA,20950,10750,3,1,1
p-r1-qf4-m3-de_dust2,10,teamB,23550,23300,5,0,0
p-r1-qf4-m3-de_dust2,11,teamA,14700,14300,3,1,0
p-r1-qf4-m3-de_dust2,11,teamB,18700,12450,5,0,0
p-r1-qf4-m3-de_dust2,12,teamA,19000,14900,4,1,0
p-r1-qf4-m3-de_dust2,12,teamB,16650,15800,4,0,0
p-r1-qf4-m3-de_dust2,13,teamA,4000,3550,0,0,0
p-r1-qf4-m3-de_dust2,13,teamB,4000,3300,0,0,0
p-r1-qf4-m3-de_dust2,14,teamA,11600,10900,0,0,0
p-r1-qf4-m3-de_dust2,14,teamB,18750,18100,3,0,2
p-r1-qf4-m3-de_dust2,15,teamA,16250,7350,1,0,0
p-r1-qf4-m3-de_dust2,15,teamB,19950,18750,3,0,1
p-r1-qf4-m3-de_dust2,16,teamA,27050,18450,4,1,0
p-r1-qf4-m3-de_dust2,16,teamB,7700,6750,1,0,0
p-r1-qf4-m3-de_dust2,17,teamA,27200,6100,4,1,0
p-r1-qf4-m3-de_dust2,17,teamB,9800,300,0,0,0
p-r1-qf4-m3-de_dust2,18,teamA,40100,3100,4,1,0
p-r1-qf4-m3-de_dust2,18,teamB,21500,20700,5,0,0
p-r1-qf4-m3-de_dust2,19,teamA,45650,22550,4,1,0
p-r1-qf4-m3-de_dust2,19,teamB,19500,15800,5,0,0
p-r1-qf4-m3-de_dust2,20,teamA,33500,23800,4,1,0
p-r1-qf4-m3-de_dust2,20,teamB,22700,13350,4,1,0
p-r1-qf4-m3-de_dust2,21,teamA,22600,21600,2,1,2
p-r1-qf4-m3-de_dust2,21,teamB,27000,13000,4,1,0
p-r1-qf4-m3-de_dust2,22,teamA,16600,6100,0,0,1
p-r1-qf4-m3-de_dust2,22,teamB,31650,12100,4,1,0
p-r1-qf4-m3-de_dust2,23,teamA,29150,23500,4,1,0
p-r1-qf4-m3-de_dust2,23,teamB,27550,24750,4,1,0
p-r1-qf4-m3-de_dust2,24,teamA,19300,18800,1,1,1
p-r1-qf4-m3-de_dust2,24,teamB,20550,16650,4,1,0
p-r2-sf1-m1-de_dust2,1,teamA,4000,3350,0,0,0
p-r2-sf1-m1-de_dust2,1,teamB,4000,3400,0,0,0
p-r2-sf1-m1-de_dust2,2,teamA,10750,2000,0,0,0
p-r2-sf1-m1-de_dust2,2,teamB,19600,17350,2,0,3
p-r2-sf1-m1-de_dust2,3,teamA,20250,20000,4,0,0
p-r2-sf1-m1-de_dust2,3,teamB,22450,13550,3,1,1
p-r2-sf1-m1-de_dust2,4,teamA,14750,8500,1,0,0
p-r2-sf1-m1-de_dust2,4,teamB,27700,8400,4,1,0
p-r2-sf1-m1-de_dust2,5,teamA,24300,22100,4,1,0
p-r2-sf1-m1-de_dust2,5,teamB,28500,24700,4,1,0
p-r2-sf1-m1-de_dust2,6,teamA,19850,12600,4,1,0
p-r2-sf1-m1-de_dust2,6,teamB,13200,3100,0,0,0
p-r2-sf1-m1-de_dust2,7,teamA,25100,8600,4,1,0
p-r2-sf1-m1-de_dust2,7,teamB,22650,21850,5,0,0
p-r2-sf1-m1-de_dust2,8,teamA,23800,23150,4,1,0
p-r2-sf1-m1-de_dust2,8,teamB,19800,16100,4,1,0
p-r2-sf1-m1-de_dust2,9,teamA,19650,15900,4,1,0
p-r2-sf1-m1-de_dust2,9,teamB,14650,2450,1,0,0
p-r2-sf1-m1-de_dust2,10,teamA,21950,3900,4,1,0
p-r2-sf1-m1-de_dust2,10,teamB,24200,21950,4,1,0
p-r2-sf1-m1-de_dust2,11,teamA,25150,24750,4,1,0
p-r2-sf1-m1-de_dust2,11,teamB,21050,10550,4,1,0
p-r2-sf1-m1-de_dust2,12,teamA,19700,10600,4,1,0
p-r2-sf1-m1-de_dust2,12,teamB,20350,20100,3,1,1
p-r2-sf1-m1-de_dust2,13,teamA,4000,3550,0,0,0
p-r2-sf1-m1-de_dust2,13,teamB,4000,3350,0,0,0
p-r2-sf1-m1-de_dust2,14,teamA,21000,20600,3,1,1
p-r2-sf1-m1-de_dust2,14,teamB,14050,13750,2,0,0
p-r2-sf1-m1-de_dust2,15,teamA,20550,18200,3,1,1
p-r2-sf1-m1-de_dust2,15,teamB,16800,9700,1,0,1
p-r2-sf1-m1-de_dust2,16,teamA,21150,10850,3,1,1
p-r2-sf1-m1-de_dust2,16,teamB,21900,21200,4,1,0
p-r2-sf1-m1-de_dust2,17,teamA,17850,13700,3,1,1
p-r2-sf1-m1-de_dust2,17,teamB,19400,9400,4,1,0
p-r2-sf1-m1-de_dust2,18,teamA,22550,20550,3,1,1
p-r2-sf1-m1-de_dust2,18,teamB,23200,22550,3,1,1
p-r2-sf1-m1-de_dust2,19,teamA,10750,8850,1,1,0
p-r2-sf1-m1-de_dust2,19,teamB,19450,15050,3,1,1
p-r2-sf1-m1-de_dust2,20,teamA,11600,1700,2,1,0
p-r2-sf1-m1-de_dust2,20,teamB,23400,12750,4,1,0
p-r2-sf1-m1-de_dust2,21,teamA,28500,17700,4,1,0
p-r2-sf1-m1-de_dust2,21,teamB,18250,17900,3,1,1
p-r2-sf1-m1-de_dust2,22,teamA,18150,17300,4,1,0
p-r2-sf1-m1-de_dust2,22,teamB,18950,10600,4,1,0
p-r2-sf1-m2-de_nuke,1,teamA,4000,3450,0,0,0
p-r2-sf1-m2-de_nuke,1,teamB,4000,3400,0,0,0
p-r2-sf1-m2-de_nuke,2,teamA,10350,9100,0,0,0
p-r2-sf1-m2-de_nuke,2,teamB,19600,19250,3,0,2
p-r2-sf1-m2-de_nuke,3,teamA,16450,10600,0,0,0
p-r2-sf1-m2-de_nuke,3,teamB,21200,15550,4,1,0
p-r2-sf1-m2-de_nuke,4,teamA,21550,21400,5,0,0
p-r2-sf1-m2-de_nuke,4,teamB,24650,22500,4,1,0
p-r2-sf1-m2-de_nuke,5,teamA,18850,15500,5,0,0
p-r2-sf1-m2-de_nuke,5,teamB,10800,9850,2,1,1
p-r2-sf1-m2-de_nuke,6,teamA,19550,19100,5,0,0
p-r2-sf1-m2-de_nuke,6,teamB,21300,18600,4,1,0
p-r2-sf1-m2-de_nuke,7,teamA,19150,12900,5,0,0
p-r2-sf1-m2-de_nuke,7,teamB,10800,9400,1,1,3
p-r2-sf1-m2-de_nuke,8,teamA,25250,17100,4,1,0
p-r2-sf1-m2-de_nuke,8,teamB,11650,0,1,0,0
p-r2-sf1-m2-de_nuke,9,teamA,25700,8850,4,1,0
p-r2-sf1-m2-de_nuke,9,teamB,24200,23800,4,1,0
p-r2-sf1-m2-de_nuke,10,teamA,34000,16700,4,1,0
p-r2-sf1-m2-de_nuke,10,teamB,16350,7700,0,0,2
p-r2-sf1-m2-de_nuke,11,teamA,34950,9650,4,1,0
p-r2-sf1-m2-de_nuke,11,teamB,26200,25900,4,1,0
p-r2-sf1-m2-de_nuke,12,teamA,44300,19100,4,1,0
p-r2-sf1-m2-de_nuke,12,teamB,18650,17200,4,0,0
p-r2-sf1-m2-de_nuke,13,teamA,4000,3400,0,0,0
p-r2-sf1-m2-de_nuke,13,teamB,4000,3550,0,0,0
p-r2-sf1-m2-de_nuke,14,teamA,19600,19300,4,0,1
p-r2-sf1-m2-de_nuke,14,teamB,10250,200,0,0,0
p-r2-sf1-m2-de_nuke,15,teamA,19900,11150,3,1,1
p-r2-sf1-m2-de_nuke,15,teamB,22550,22200,5,0,0
p-r2-sf1-m2-de_nuke,16,teamA,27000,11000,4,1,0
p-r2-sf1-m2-de_nuke,16,teamB,12250,11950,3,0,0
p-r2-sf1-m2-de_nuke,17,teamA,34300,6700,4,1,0
p-r2-sf1-m2-de_nuke,17,teamB,17300,16700,5,0,0
p-r2-sf2-m1-de_anubis,1,teamA,4000,3500,0,0,0
p-r2-sf2-m1-de_anubis,1,teamB,4000,3450,0,0,0
p-r2-sf2-m1-de_anubis,2,teamA,10000,0,0,0,0
p-r2-sf2-m1-de_anubis,2,teamB,19550,19200,5,0,0
p-r2-sf2-m1-de_anubis,3,teamA,22000,21800,5,0,0
p-r2-sf2-m1-de_anubis,3,teamB,19350,5900,5,0,0
p-r2-sf2-m1-de_anubis,4,teamA,17950,15050,4,0,1
p-r2-sf2-m1-de_anubis,4,teamB,22100,21650,5,0,0
p-r2-sf2-m1-de_anubis,5,teamA,21600,9100,5,0,0
p-r2-sf2-m1-de_anubis,5,teamB,10500,600,2,0,0
p-r2-sf2-m1-de_anubis,6,teamA,23400,22800,5,0,0
p-r2-sf2-m1-de_anubis,6,teamB,30450,19650,4,1,0
p-r2-sf2-m1-de_anubis,7,teamA,14300,3200,0,0,0
p-r2-sf2-m1-de_anubis,7,teamB,31150,18500,4,1,0
p-r2-sf2-m1-de_anubis,8,teamA,22250,21900,5,0,0
p-r2-sf2-m1-de_anubis,8,teamB,31650,10700,4,1,0
p-r2-sf2-m1-de_anubis,9,teamA,18200,13200,4,1,0
p-r2-sf2-m1-de_anubis,9,teamB,29050,26800,4,1,0
p-r2-sf2-m1-de_anubis,10,teamA,23200,13300,4,1,0
p-r2-sf2-m1-de_anubis,10,teamB,12850,1100,1,1,0
p-r2-sf2-m1-de_anubis,11,teamA,28100,8800,5,0,0
p-r2-sf2-m1-de_anubis,11,teamB,24300,15900,3,2,0
p-r2-sf2-m1-de_anubis,12,teamA,27000,24700,5,0,0
p-r2-sf2-m1-de_anubis,12,teamB,27000,22050,4,1,0
p-r2-sf2-m1-de_anubis,13,teamA,4000,3400,0,0,0
p-r2-sf2-m1-de_anubis,13,teamB,4000,3500,0,0,0
p-r2-sf2-m1-de_anubis,14,teamA,11750,1200,0,0,0
p-r2-sf2-m1-de_anubis,14,teamB,18550,18450,4,0,1
p-r2-sf2-m1-de_anubis,15,teamA,23650,23350,5,0,0
p-r2-sf2-m1-de_anubis,15,teamB,18750,11600,5,0,0
p-r2-sf2-m1-de_anubis,16,teamA,19300,13500,5,0,0
p-r2-sf2-m1-de_anubis,16,teamB,14750,14400,3,0,0
p-r2-sf2-m1-de_anubis,17,teamA,24800,12050,4,0,1
p-r2-sf2-m1-de_anubis,17,teamB,10450,300,0,0,0
p-r2-sf2-m1-de_anubis,18,teamA,31550,11100,5,0,0
p-r2-sf2-m1-de_anubis,18,teamB,22250,22000,5,0,0
p-r2-sf2-m1-de_anubis,19,teamA,41000,18100,5,0,0
p-r2-sf2-m1-de_anubis,19,teamB,18950,9750,0,0,0
p-r2-sf2-m1-de_anubis,20,teamA,29900,26200,4,1,0
p-r2-sf2-m1-de_anubis,20,teamB,27250,8700,3,0,0
p-r2-sf2-m1-de_anubis,21,teamA,14450,6050,0,1,2
p-r2-sf2-m1-de_anubis,21,teamB,37350,19050,4,1,0
p-r2-sf2-m1-de_anubis,22,teamA,20400,13150,2,1,2
p-r2-sf2-m1-de_anubis,22,teamB,36100,6300,4,1,0
p-r2-sf2-m1-de_anubis,23,teamA,26650,15800,4,1,0
p-r2-sf2-m1-de_anubis,23,teamB,37400,26450,4,1,0
p-r2-sf2-m1-de_anubis,24,teamA,31400,24500,5,0,0
p-r2-sf2-m1-de_anubis,24,teamB,24750,24650,4,1,0
p-r2-sf2-m2-de_mirage,1,teamA,4000,3450,0,0,0
p-r2-sf2-m2-de_mirage,1,teamB,4000,3450,0,0,0
p-r2-sf2-m2-de_mirage,2,teamA,10350,0,0,0,0
p-r2-sf2-m2-de_mirage,2,teamB,19550,17100,4,0,0
p-r2-sf2-m2-de_mirage,3,teamA,22050,21850,5,0,0
p-r2-sf2-m2-de_mirage,3,teamB,21450,11050,4,1,0
p-r2-sf2-m2-de_mirage,4,teamA,12100,5200,1,0,0
p-r2-sf2-m2-de_mirage,4,teamB,28850,9400,4,1,0
p-r2-sf2-m2-de_mirage,5,teamA,27800,25250,4,1,0
p-r2-sf2-m2-de_mirage,5,teamB,40000,13000,4,1,0
p-r2-sf2-m2-de_mirage,6,teamA,20100,15300,4,1,0
p-r2-sf2-m2-de_mirage,6,teamB,35450,28100,4,1,0
p-r2-sf2-m2-de_mirage,7,teamA,22350,14850,3,1,1
p-r2-sf2-m2-de_mirage,7,teamB,18500,17650,1,1,2
p-r2-sf2-m2-de_mirage,8,teamA,26150,8100,4,0,1
p-r2-sf2-m2-de_mirage,8,teamB,12800,2800,0,0,0
p-r2-sf2-m2-de_mirage,9,teamA,36700,16200,5,0,0
p-r2-sf2-m2-de_mirage,9,teamB,26150,25750,4,1,0
p-r2-sf2-m2-de_mirage,10,teamA,39500,11450,4,0,1
p-r2-sf2-m2-de_mirage,10,teamB,18500,8400,1,1,1
p-r2-sf2-m2-de_mirage,11,teamA,39450,26450,4,1,0
p-r2-sf2-m2-de_mirage,11,teamB,29750,22200,4,1,0
p-r2-sf2-m2-de_mirage,12,teamA,22600,22300,3,1,0
p-r2-sf2-m2-de_mirage,12,teamB,26150,15950,4,1,0
p-r2-sf2-m2-de_mirage,13,teamA,4000,3400,0,0,0
p-r2-sf2-m2-de_mirage,13,teamB,4000,3450,0,0,0
p-r2-sf2-m2-de_mirage,14,teamA,12300,11150,0,0,2
p-r2-sf2-m2-de_mirage,14,teamB,18600,18150,4,0,1
p-r2-sf2-m2-de_mirage,15,teamA,14750,4050,0,0,0
p-r2-sf2-m2-de_mirage,15,teamB,18800,13000,5,0,0
p-r2-sf2-m2-de_mirage,16,teamA,29300,23700,5,0,0
p-r2-sf2-m2-de_mirage,16,teamB,14000,13600,2,0,0
p-r2-sf2-m2-de_mirage,17,teamA,24600,19000,5,0,0
p-r2-sf2-m2-de_mirage,17,teamB,10800,0,0,0,0
p-r2-sf2-m2-de_mirage,18,teamA,24600,10900,4,1,0
p-r2-sf2-m2-de_mirage,18,teamB,23100,22300,5,0,0
p-r2-sf2-m2-de_mirage,19,teamA,32300,14350,4,1,0
p-r2-sf2-m2-de_mirage,19,teamB,15900,9050,0,0,0
p-r2-sf2-m2-de_mirage,20,teamA,36550,15250,4,1,0
p-r2-sf2-m2-de_mirage,20,teamB,24450,23600,5,0,0
p-r2-sf2-m2-de_mirage,21,teamA,40300,15600,5,0,0
p-r2-sf2-m2-de_mirage,21,teamB,18450,15200,3,0,1
p-r2-sf2-m3-de_dust2,1,teamA,4000,3350,0,0,0
p-r2-sf2-m3-de_dust2,1,teamB,4000,3550,0,0,0
p-r2-sf2-m3-de_dust2,2,teamA,10750,2950,0,0,0
p-r2-sf2-m3-de_dust2,2,teamB,19450,19050,4,0,1
p-r2-sf2-m3-de_dust2,3,teamA,21000,20600,4,0,0
p-r2-sf2-m3-de_dust2,3,teamB,20000,16850,4,0,1
p-r2-sf2-m3-de_dust2,4,teamA,18450,16100,5,0,0
p-r2-sf2-m3-de_dust2,4,teamB,12100,11250,1,0,0
p-r2-sf2-m3-de_dust2,5,teamA,21350,14500,1,1,1
p-r2-sf2-m3-de_dust2,5,teamB,11450,2000,1,0,0
p-r2-sf2-m3-de_dust2,6,teamA,28250,24650,4,1,0
p-r2-sf2-m3-de_dust2,6,teamB,24200,15750,4,1,0
p-r2-sf2-m3-de_dust2,7,teamA,10500,10300,1,0,0
p-r2-sf2-m3-de_dust2,7,teamB,27250,11750,4,1,0
p-r2-sf2-m3-de_dust2,8,teamA,18250,12750,4,0,1
p-r2-sf2-m3-de_dust2,8,teamB,25700,24150,4,1,0
p-r2-sf2-m3-de_dust2,9,teamA,12900,10050,1,0,0
p-r2-sf2-m3-de_dust2,9,teamB,20350,14800,4,1,0
p-r2-sf2-m3-de_dust2,10,teamA,10150,0,0,0,0
p-r2-sf2-m3-de_dust2,10,teamB,24150,6500,4,1,0
p-r2-sf2-m3-de_dust2,11,teamA,22150,21500,5,0,0
p-r2-sf2-m3-de_dust2,11,teamB,36050,5100,4,1,0
p-r2-sf2-m3-de_dust2,12,teamA,18700,16400,5,0,0
p-r2-sf2-m3-de_dust2,12,teamB,39600,34750,4,1,0
p-r2-sf2-m3-de_dust2,13,teamA,4000,3550,0,0,0
p-r2-sf2-m3-de_dust2,13,teamB,4000,3450,0,0,0
p-r2-sf2-m3-de_dust2,14,teamA,19450,15500,3,0,0
p-r2-sf2-m3-de_dust2,14,teamB,10350,0,0,0,0
p-r2-sf2-m3-de_dust2,15,teamA,20850,11450,4,1,0
p-r2-sf2-m3-de_dust2,15,teamB,22650,21900,5,0,0
p-r2-sf2-m3-de_dust2,16,teamA,16550,2300,0,0,0
p-r2-sf2-m3-de_dust2,16,teamB,18800,8600,4,1,0
p-r2-sf2-m3-de_dust2,17,teamA,24850,21000,4,1,0
p-r2-sf2-m3-de_dust2,17,teamB,28700,13200,4,1,0
p-r2-sf2-m3-de_dust2,18,teamA,23850,18150,4,1,0
p-r2-sf2-m3-de_dust2,18,teamB,26000,19800,4,1,0
p-r2-sf2-m3-de_dust2,19,teamA,24700,7500,4,1,0
p-r2-sf2-m3-de_dust2,19,teamB,15700,6800,1,0,0
p-r2-sf2-m3-de_dust2,20,teamA,35800,22100,4,1,0
p-r2-sf2-m3-de_dust2,20,teamB,21700,21000,5,0,0
p-r2-sf2-m3-de_dust2,21,teamA,32300,18200,4,1,0
p-r2-sf2-m3-de_dust2,21,teamB,16100,7800,0,0,0
p-r2-sf2-m3-de_dust2,22,teamA,21500,6400,0,1,0
p-r2-sf2-m3-de_dust2,22,teamB,27500,14900,4,1,0
p-r2-sf2-m3-de_dust2,23,teamA,25000,24400,4,1,0
p-r2-sf2-m3-de_dust2,23,teamB,30450,13500,4,1,0
p-r2-sf2-m3-de_dust2,24,teamA,19200,16600,4,1,0
p-r2-sf2-m3-de_dust2,24,teamB,26850,26350,4,1,0
p-r3-gf1-m1-de_mirage,1,teamA,4000,3350,0,0,0
p-r3-gf1-m1-de_mirage,1,teamB,4000,3550,0,0,0
p-r3-gf1-m1-de_mirage,2,teamA,10750,0,0,0,0
p-r3-gf1-m1-de_mirage,2,teamB,19450,18950,4,0,1
p-r3-gf1-m1-de_mirage,3,teamA,22350,22000,5,0,0
p-r3-gf1-m1-de_mirage,3,teamB,20400,9900,5,0,0
p-r3-gf1-m1-de_mirage,4,teamA,16050,8550,1,0,0
p-r3-gf1-m1-de_mirage,4,teamB,29500,24250,4,1,0
p-r3-gf1-m1-de_mirage,5,teamA,23500,23100,4,1,0
p-r3-gf1-m1-de_mirage,5,teamB,24050,6000,4,1,0
p-r3-gf1-m1-de_mirage,6,teamA,18300,10000,0,0,0
p-r3-gf1-m1-de_mirage,6,teamB,36450,19000,4,1,0
p-r3-gf1-m1-de_mirage,7,teamA,28600,25400,4,1,0
p-r3-gf1-m1-de_mirage,7,teamB,37600,13850,4,1,0
p-r3-gf1-m1-de_mirage,8,teamA,20400,19600,5,0,0
p-r3-gf1-m1-de_mirage,8,teamB,42350,15000,4,1,0
p-r3-gf1-m1-de_mirage,9,teamA,18400,13950,2,0,0
p-r3-gf1-m1-de_mirage,9,teamB,46150,13700,4,1,0
p-r3-gf1-m1-de_mirage,10,teamA,22500,9700,4,1,0
p-r3-gf1-m1-de_mirage,10,teamB,39450,27950,4,1,0
p-r3-gf1-m1-de_mirage,11,teamA,31300,16800,4,1,0
p-r3-gf1-m1-de_mirage,11,teamB,22450,17250,4,1,0
p-r3-gf1-m1-de_mirage,12,teamA,33200,10100,4,1,0
p-r3-gf1-m1-de_mirage,12,teamB,16950,15750,2,0,2
p-r3-gf1-m1-de_mirage,13,teamA,4000,3450,0,0,0
p-r3-gf1-m1-de_mirage,13,teamB,4000,3350,0,0,0
p-r3-gf1-m1-de_mirage,14,teamA,11150,9550,0,0,0
p-r3-gf1-m1-de_mirage,14,teamB,18700,18600,4,0,1
p-r3-gf1-m1-de_mirage,15,teamA,20200,14900,5,0,0
p-r3-gf1-m1-de_mirage,15,teamB,7400,7200,0,0,0
p-r3-gf1-m1-de_mirage,16,teamA,12850,12550,3,0,0
p-r3-gf1-m1-de_mirage,16,teamB,19200,11350,5,0,0
p-r3-gf1-m1-de_mirage,17,teamA,10350,200,0,0,0
p-r3-gf1-m1-de_mirage,17,teamB,25200,10050,4,1,0
p-r3-gf1-m1-de_mirage,18,teamA,22700,22100,5,0,0
p-r3-gf1-m1-de_mirage,18,teamB,32900,6200,4,1,0
p-r3-gf1-m1-de_mirage,19,teamA,19600,11650,4,1,0
p-r3-gf1-m1-de_mirage,19,teamB,34000,26150,4,1,0
p-r3-gf1-m1-de_mirage,20,teamA,26950,5750,4,1,0
p-r3-gf1-m1-de_mirage,20,teamB,17050,4050,1,0,0
p-r3-gf1-m1-de_mirage,21,teamA,40200,10850,3,2,0
p-r3-gf1-m1-de_mirage,21,teamB,24350,24100,4,1,0
p-r3-gf1-m2-de_anubis,1,teamA,4000,3400,0,0,0
p-r3-gf1-m2-de_anubis,1,teamB,4000,3450,0,0,0
p-r3-gf1-m2-de_anubis,2,teamA,14300,13750,2,0,0
p-r3-gf1-m2-de_anubis,2,teamB,21100,17750,3,0,1
p-r3-gf1-m2-de_anubis,3,teamA,13050,5150,1,0,0
p-r3-gf1-m2-de_anubis,3,teamB,19450,14300,5,0,0
p-r3-gf1-m2-de_anubis,4,teamA,21700,21100,4,0,0
p-r3-gf1-m2-de_anubis,4,teamB,24150,7300,5,0,0
p-r3-gf1-m2-de_anubis,5,teamA,17900,12050,0,0,0
p-r3-gf1-m2-de_anubis,5,teamB,35850,16450,4,1,0
p-r3-gf1-m2-de_anubis,6,teamA,23700,11950,4,1,0
p-r3-gf1-m2-de_anubis,6,teamB,27500,25150,4,1,0
p-r3-gf1-m2-de_anubis,7,teamA,29200,14250,4,1,0
p-r3-gf1-m2-de_anubis,7,teamB,12950,200,0,0,0
p-r3-gf1-m2-de_anubis,8,teamA,32500,8000,4,1,0
p-r3-gf1-m2-de_anubis,8,teamB,25300,24800,4,1,0
p-r3-gf1-m2-de_anubis,9,teamA,43100,17000,4,1,0
p-r3-gf1-m2-de_anubis,9,teamB,16450,6450,0,0,0
p-r3-gf1-m2-de_anubis,10,teamA,44300,19050,4,1,0
p-r3-gf1-m2-de_anubis,10,teamB,28650,20800,4,1,0
p-r3-gf1-m2-de_anubis,11,teamA,43100,14000,4,1,0
p-r3-gf1-m2-de_anubis,11,teamB,25950,23950,3,1,1
p-r3-gf1-m2-de_anubis,12,teamA,36400,27950,4,1,0
p-r3-gf1-m2-de_anubis,12,teamB,20800,15250,4,1,0
p-r3-gf1-m2-de_anubis,13,teamA,4000,3400,0,0,0
p-r3-gf1-m2-de_anubis,13,teamB,4000,3450,0,0,0
p-r3-gf1-m2-de_anubis,14,teamA,10650,9050,0,0,0
p-r3-gf1-m2-de_anubis,14,teamB,19550,19150,4,0,1
p-r3-gf1-m2-de_anubis,15,teamA,14400,4350,1,0,0
p-r3-gf1-m2-de_anubis,15,teamB,19400,10950,4,0,1
p-r3-gf1-m2-de_anubis,16,teamA,27000,25900,3,1,1
p-r3-gf1-m2-de_anubis,16,teamB,27550,25000,4,1,0
p-r3-gf1-m2-de_anubis,17,teamA,20100,12450,1,0,1
p-r3-gf1-m2-de_anubis,17,teamB,20000,17950,3,1,1
p-r3-gf1-m2-de_anubis,18,teamA,26300,23800,4,1,0
p-r3-gf1-m2-de_anubis,18,teamB,20050,16100,4,1,0
p-r3-gf1-m2-de_anubis,19,teamA,20900,13150,4,1,0
p-r3-gf1-m2-de_anubis,19,teamB,11150,8600,2,0,0
p-r3-gf1-m2-de_anubis,20,teamA,22800,15000,3,2,0
p-r3-gf1-m2-de_anubis,20,teamB,18750,12000,5,0,0
p-r3-gf1-m2-de_anubis,21,teamA,25700,24250,3,2,0
p-r3-gf1-m2-de_anubis,21,teamB,25750,12600,4,1,0
p-r3-gf1-m3-de_inferno,1,teamA,4000,3550,0,0,0
p-r3-gf1-m3-de_inferno,1,teamB,4000,3550,0,0,0
p-r3-gf1-m3-de_inferno,2,teamA,18500,18300,2,0,3
p-r3-gf1-m3-de_inferno,2,teamB,10500,9350,0,0,1
p-r3-gf1-m3-de_inferno,3,teamA,11400,10950,0,0,0
p-r3-gf1-m3-de_inferno,3,teamB,21650,18450,5,0,0
p-r3-gf1-m3-de_inferno,4,teamA,10250,700,0,0,0
p-r3-gf1-m3-de_inferno,4,teamB,22200,9700,5,0,0
p-r3-gf1-m3-de_inferno,5,teamA,21850,21100,4,0,0
p-r3-gf1-m3-de_inferno,5,teamB,31300,12400,5,0,0
p-r3-gf1-m3-de_inferno,6,teamA,18500,15400,5,0,0
p-r3-gf1-m3-de_inferno,6,teamB,27250,25800,4,1,0
p-r3-gf1-m3-de_inferno,7,teamA,21500,9600,5,0,0
p-r3-gf1-m3-de_inferno,7,teamB,11150,600,2,1,0
p-r3-gf1-m3-de_inferno,8,teamA,22800,20600,4,0,0
p-r3-gf1-m3-de_inferno,8,teamB,30900,15700,4,1,0
p-r3-gf1-m3-de_inferno,9,teamA,12900,1800,0,0,0
p-r3-gf1-m3-de_inferno,9,teamB,34200,24450,4,1,0
p-r3-gf1-m3-de_inferno,10,teamA,21650,21000,5,0,0
p-r3-gf1-m3-de_inferno,10,teamB,28550,2300,4,1,0
p-r3-gf1-m3-de_inferno,11,teamA,12850,10950,1,0,1
p-r3-gf1-m3-de_inferno,11,teamB,44300,14500,4,1,0
p-r3-gf1-m3-de_inferno,12,teamA,23200,22200,4,1,0
p-r3-gf1-m3-de_inferno,12,teamB,49950,26600,4,1,0
p-r3-gf1-m3-de_inferno,13,teamA,4000,3550,0,0,0
p-r3-gf1-m3-de_inferno,13,teamB,4000,3450,0,0,0
p-r3-gf1-m3-de_inferno,14,teamA,12700,12450,1,0,2
p-r3-gf1-m3-de_inferno,14,teamB,19250,18800,3,0,2
p-r3-gf1-m3-de_inferno,15,teamA,20150,14350,3,0,2
p-r3-gf1-m3-de_inferno,15,teamB,8350,7950,0,0,0
p-r3-gf1-m3-de_inferno,16,teamA,25500,10600,4,0,1
p-r3-gf1-m3-de_inferno,16,teamB,10200,0,0,0,0
p-r3-gf1-m3-de_inferno,17,teamA,34200,11650,3,1,1
p-r3-gf1-m3-de_inferno,17,teamB,22500,22300,5,0,0
p-r3-gf1-m3-de_inferno,18,teamA,30100,18950,4,1,0
p-r3-gf1-m3-de_inferno,18,teamB,18900,9800,5,0,0
p-r3-gf1-m3-de_inferno,19,teamA,29550,7500,4,1,0
p-r3-gf1-m3-de_inferno,19,teamB,18600,17900,3,0,0
p-r3-gf1-m3-de_inferno,20,teamA,29550,24250,4,1,0
p-r3-gf1-m3-de_inferno,20,teamB,19700,13000,4,1,0
p-r3-gf1-m3-de_inferno,21,teamA,14950,12800,2,1,2
p-r3-gf1-m3-de_inferno,21,teamB,25400,10250,4,1,0
s1-r1-m1-m1-de_inferno,1,teamA,4000,3350,0,0,0
s1-r1-m1-m1-de_inferno,1,teamB,4000,3550,0,0,0
s1-r1-m1-m1-de_inferno,2,teamA,19650,18050,2,0,3
s1-r1-m1-m1-de_inferno,2,teamB,12700,11700,0,0,3
s1-r1-m1-m1-de_inferno,3,teamA,21500,9100,3,0,2
s1-r1-m1-m1-de_inferno,3,teamB,13850,600,0,0,1
s1-r1-m1-m1-de_inferno,4,teamA,31050,6400,4,0,1
s1-r1-m1-m1-de_inferno,4,teamB,27550,26700,4,1,0
s1-r1-m1-m1-de_inferno,5,teamA,29250,16800,5,0,0
s1-r1-m1-m1-de_inferno,5,teamB,18550,9800,3,1,1
s1-r1-m1-m1-de_inferno,6,teamA,22550,22150,4,0,1
s1-r1-m1-m1-de_inferno,6,teamB,26850,13400,3,1,1
s1-r1-m1-m1-de_inferno,7,teamA,12800,2800,0,0,0
s1-r1-m1-m1-de_inferno,7,teamB,32350,15600,4,1,0
s1-r1-m1-m1-de_inferno,8,teamA,24500,18900,4,0,0
s1-r1-m1-m1-de_inferno,8,teamB,35350,5100,4,1,0
s1-r1-m1-m1-de_inferno,9,teamA,7500,6400,4,0,0
s1-r1-m1-m1-de_inferno,9,teamB,47400,5100,4,1,0
s1-r1-m1-m1-de_inferno,10,teamA,19150,12600,4,1,0
s1-r1-m1-m1-de_inferno,10,teamB,50400,28950,4,1,0
s1-r1-m1-m1-de_inferno,11,teamA,21350,19500,4,0,0
s1-r1-m1-m1-de_inferno,11,teamB,40100,11500,4,1,0
s1-r1-m1-m1-de_inferno,12,teamA,22750,22200,5,0,0
s1-r1-m1-m1-de_inferno,12,teamB,48750,14900,4,1,0
s1-r1-m1-m1-de_inferno,13,teamA,4000,3550,0,0,0
s1-r1-m1-m1-de_inferno,13,teamB,4000,3350,0,0,0
s1-r1-m1-m1-de_inferno,14,teamA,12150,10850,0,0,2
s1-r1-m1-m1-de_inferno,14,teamB,18700,17500,3,0,2
s1-r1-m1-m1-de_inferno,15,teamA,19350,13000,3,0,2
s1-r1-m1-m1-de_inferno,15,teamB,7700,7000,2,0,0
s1-r1-m1-m1-de_inferno,16,teamA,27200,15500,4,1,0
s1-r1-m1-m1-de_inferno,16,teamB,13800,1800,0,0,0
s1-r1-m1-m1-de_inferno,17,teamA,32250,13850,4,1,0
s1-r1-m1-m1-de_inferno,17,teamB,27900,24500,5,0,0
s1-r1-m1-m1-de_inferno,18,teamA,25950,14650,4,1,0
s1-r1-m1-m1-de_inferno,18,teamB,21800,8800,4,1,0
s1-r1-m1-m1-de_inferno,19,teamA,20800,13950,4,1,0
s1-r1-m1-m1-de_inferno,19,teamB,31400,4200,4,1,0
s1-r1-m1-m1-de_inferno,20,teamA,20500,19800,2,1,2
s1-r1-m1-m1-de_inferno,20,teamB,46200,17500,4,1,0
s1-r1-m1-m1-de_inferno,21,teamA,19600,17650,4,1,0
s1-r1-m1-m1-de_inferno,21,teamB,36600,26450,4,1,0
s1-r1-m2-m1-de_ancient,1,teamA,4000,3350,0,0,0
s1-r1-m2-m1-de_ancient,1,teamB,4000,3400,0,0,0
s1-r1-m2-m1-de_ancient,2,teamA,19650,17700,2,0,3
s1-r1-m2-m1-de_ancient,2,teamB,11750,11200,1,0,0
s1-r1-m2-m1-de_ancient,3,teamA,21500,10350,4,0,1
s1-r1-m2-m1-de_ancient,3,teamB,13650,2300,0,0,0
s1-r1-m2-m1-de_ancient,4,teamA,29300,11300,5,0,0
s1-r1-m2-m1-de_ancient,4,teamB,26950,26650,4,1,0
s1-r1-m2-m1-de_ancient,5,teamA,35850,20800,4,1,0
s1-r1-m2-m1-de_ancient,5,teamB,19100,9450,0,0,0
s1-r1-m2-m1-de_ancient,6,teamA,25650,24450,4,1,0
s1-r1-m2-m1-de_ancient,6,teamB,30200,16850,4,1,0
s1-r1-m2-m1-de_ancient,7,teamA,19900,15800,4,1,0
s1-r1-m2-m1-de_ancient,7,teamB,29200,18450,4,1,0
s1-r1-m2-m1-de_ancient,8,teamA,22600,18050,3,1,1
s1-r1-m2-m1-de_ancient,8,teamB,29450,23850,4,1,0
s1-r1-m2-m1-de_ancient,9,teamA,15850,15350,3,0,1
s1-r1-m2-m1-de_ancient,9,teamB,26150,18050,4,1,0
s1-r1-m2-m1-de_ancient,10,teamA,14800,3400,0,0,0
s1-r1-m2-m1-de_ancient,10,teamB,28650,17400,4,1,0
s1-r1-m2-m1-de_ancient,11,teamA,23400,22500,5,0,0
s1-r1-m2-m1-de_ancient,11,teamB,29850,6000,4,1,0
s1-r1-m2-m1-de_ancient,12,teamA,19900,19400,5,0,0
s1-r1-m2-m1-de_ancient,12,teamB,44200,29750,4,1,0
s1-r1-m2-m1-de_ancient,13,teamA,4000,3450,0,0,0
s1-r1-m2-m1-de_ancient,13,teamB,4000,3400,0,0,0
s1-r1-m2-m1-de_ancient,14,teamA,11150,10000,0,0,2
s1-r1-m2-m1-de_ancient,14,teamB,18650,18350,5,0,0
s1-r1-m2-m1-de_ancient,15,teamA,14550,1600,0,0,0
s1-r1-m2-m1-de_ancient,15,teamB,18350,11550,4,0,1
s1-r1-m2-m1-de_ancient,16,teamA,27450,26750,4,1,0
s1-r1-m2-m1-de_ancient,16,teamB,25150,3200,4,0,1
s1-r1-m2-m1-de_ancient,17,teamA,19100,2000,4,1,0
s1-r1-m2-m1-de_ancient,17,teamB,29050,26250,4,1,0
s1-r1-m2-m1-de_ancient,18,teamA,35900,15950,4,1,0
s1-r1-m2-m1-de_ancient,18,teamB,12700,2550,0,0,0
s1-r1-m2-m1-de_ancient,19,teamA,38950,14200,4,1,0
s1-r1-m2-m1-de_ancient,19,teamB,22750,22400,5,0,0
s1-r1-m2-m1-de_ancient,20,teamA,33650,28200,4,1,0
s1-r1-m2-m1-de_ancient,20,teamB,18100,16400,5,0,0
s1-r1-m2-m1-de_ancient,21,teamA,15650,4050,0,0,1
s1-r1-m2-m1-de_ancient,21,teamB,19750,12300,4,1,0
s1-r1-m2-m1-de_ancient,22,teamA,24700,24400,4,1,0
s1-r1-m2-m1-de_ancient,22,teamB,25500,13200,4,1,0
s1-r1-m2-m1-de_ancient,23,teamA,18550,13950,4,1,0
s1-r1-m2-m1-de_ancient,23,teamB,18300,16600,3,1,0
s1-r1-m2-m1-de_ancient,24,teamA,15200,14750,4,1,0
s1-r1-m2-m1-de_ancient,24,teamB,20200,15600,4,1,0
s1-r1-m3-m1-de_inferno,1,teamA,4000,3400,0,0,0
s1-r1-m3-m1-de_inferno,1,teamB,4000,3550,0,0,0
s1-r1-m3-m1-de_inferno,2,teamA,18650,17900,3,0,2
s1-r1-m3-m1-de_inferno,2,teamB,11850,11300,0,0,3
s1-r1-m3-m1-de_inferno,3,teamA,21350,14850,4,0,1
s1-r1-m3-m1-de_inferno,3,teamB,14150,2900,0,0,1
s1-r1-m3-m1-de_inferno,4,teamA,25150,5100,4,0,1
s1-r1-m3-m1-de_inferno,4,teamB,25750,25450,4,1,0
s1-r1-m3-m1-de_inferno,5,teamA,37800,20300,5,0,0
s1-r1-m3-m1-de_inferno,5,teamB,19500,9550,0,0,2
s1-r1-m3-m1-de_inferno,6,teamA,28700,26050,4,1,0
s1-r1-m3-m1-de_inferno,6,teamB,31400,19850,5,0,0
s1-r1-m3-m1-de_inferno,7,teamA,21350,12900,4,1,0
s1-r1-m3-m1-de_inferno,7,teamB,26750,19900,4,1,0
s1-r1-m3-m1-de_inferno,8,teamA,19950,18800,3,0,2
s1-r1-m3-m1-de_inferno,8,teamB,27400,22600,4,1,0
s1-r1-m3-m1-de_inferno,9,teamA,19200,16900,3,1,0
s1-r1-m3-m1-de_inferno,9,teamB,18800,18600,2,1,1
s1-r1-m3-m1-de_inferno,10,teamA,20800,13300,4,1,0
s1-r1-m3-m1-de_inferno,10,teamB,15400,5250,0,1,0
s1-r1-m3-m1-de_inferno,11,teamA,25600,10250,4,1,0
s1-r1-m3-m1-de_inferno,11,teamB,27500,24650,4,1,0
s1-r1-m3-m1-de_inferno,12,teamA,22950,21250,4,0,1
s1-r1-m3-m1-de_inferno,12,teamB,21850,15800,4,1,0
s1-r1-m3-m1-de_inferno,13,teamA,4000,3550,0,0,0
s1-r1-m3-m1-de_inferno,13,teamB,4000,2100,0,0,0
s1-r1-m3-m1-de_inferno,14,teamA,9950,9050,0,0,0
s1-r1-m3-m1-de_inferno,14,teamB,19900,19400,4,0,1
s1-r1-m3-m1-de_inferno,15,teamA,19900,13450,5,0,0
s1-r1-m3-m1-de_inferno,15,teamB,7800,7550,0,0,0
s1-r1-m3-m1-de_inferno,16,teamA,25150,16050,4,1,0
s1-r1-m3-m1-de_inferno,16,teamB,10350,700,0,0,0
s1-r1-m3-m1-de_inferno,17,teamA,29250,19200,4,1,0
s1-r1-m3-m1-de_inferno,17,teamB,25850,24200,5,0,0
s1-r1-m3-m1-de_inferno,18,teamA,28250,10500,4,1,0
s1-r1-m3-m1-de_inferno,18,teamB,16450,16100,2,0,1
s1-r1-m3-m1-de_inferno,19,teamA,25100,16600,4,1,0
s1-r1-m3-m1-de_inferno,19,teamB,18750,9000,4,1,0
s1-r1-m4-m1-de_mirage,1,teamA,4000,3350,0,0,0
s1-r1-m4-m1-de_mirage,1,teamB,4000,3300,0,0,0
s1-r1-m4-m1-de_mirage,2,teamA,14950,13450,3,0,0
s1-r1-m4-m1-de_mirage,2,teamB,20700,16200,1,0,4
s1-r1-m4-m1-de_mirage,3,teamA,13600,2100,0,0,0
s1-r1-m4-m1-de_mirage,3,teamB,24100,9350,4,0,1
s1-r1-m4-m1-de_mirage,4,teamA,26300,23500,5,0,0
s1-r1-m4-m1-de_mirage,4,teamB,34350,9750,4,1,0
s1-r1-m4-m1-de_mirage,5,teamA,24300,23100,5,0,0
s1-r1-m4-m1-de_mirage,5,teamB,45150,23000,4,1,0
s1-r1-m4-m1-de_mirage,6,teamA,20200,16800,5,0,0
s1-r1-m4-m1-de_mirage,6,teamB,31350,28150,4,1,0
s1-r1-m4-m1-de_mirage,7,teamA,18600,16000,3,0,0
s1-r1-m4-m1-de_mirage,7,teamB,22200,19300,3,1,1
s1-r1-m4-m1-de_mirage,8,teamA,20300,8900,5,0,0
s1-r1-m4-m1-de_mirage,8,teamB,10450,7300,2,0,0
s1-r1-m4-m1-de_mirage,9,teamA,30400,12200,5,0,0
s1-r1-m4-m1-de_mirage,9,teamB,12650,700,1,0,0
s1-r1-m4-m1-de_mirage,10,teamA,37200,3500,5,0,0
s1-r1-m4-m1-de_mirage,10,teamB,23950,21000,4,1,0
s1-r1-m4-m1-de_mirage,11,teamA,51450,22650,4,1,0
s1-r1-m4-m1-de_mirage,11,teamB,19650,10600,1,0,1
s1-r1-m4-m1-de_mirage,12,teamA,47600,18650,4,1,0
s1-r1-m4-m1-de_mirage,12,teamB,28300,24850,4,1,0
s1-r1-m4-m1-de_mirage,13,teamA,4000,3550,0,0,0
s1-r1-m4-m1-de_mirage,13,teamB,4000,3450,0,0,0
s1-r1-m4-m1-de_mirage,14,teamA,11050,0,0,0,0
s1-r1-m4-m1-de_mirage,14,teamB,19550,17150,3,0,2
s1-r1-m4-m1-de_mirage,15,teamA,24400,22550,4,1,0
s1-r1-m4-m1-de_mirage,15,teamB,22000,17100,5,0,0
s1-r1-m4-m1-de_mirage,16,teamA,18000,9200,1,0,1
s1-r1-m4-m1-de_mirage,16,teamB,22950,16400,4,1,0
s1-r1-m4-m1-de_mirage,17,teamA,26900,19050,4,1,0
s1-r1-m4-m1-de_mirage,17,teamB,25050,14750,4,1,0
s1-r1-m4-m1-de_mirage,18,teamA,26300,23700,3,1,1
s1-r1-m4-m1-de_mirage,18,teamB,28150,17100,4,1,0
s1-r1-m4-m1-de_mirage,19,teamA,21300,20100,2,1,2
s1-r1-m4-m1-de_mirage,19,teamB,29100,12100,4,1,0
s1-r1-m5-m1-de_nuke,1,teamA,4000,3550,0,0,0
s1-r1-m5-m1-de_nuke,1,teamB,4000,3400,0,0,0
s1-r1-m5-m1-de_nuke,2,teamA,10250,9900,0,0,1
s1-r1-m5-m1-de_nuke,2,teamB,19600,19200,4,0,1
s1-r1-m5-m1-de_nuke,3,teamA,13250,3000,0,0,0
s1-r1-m5-m1-de_nuke,3,teamB,19400,16500,5,0,0
s1-r1-m5-m1-de_nuke,4,teamA,24850,24200,5,0,0
s1-r1-m5-m1-de_nuke,4,teamB,21900,13050,5,0,0
s1-r1-m5-m1-de_nuke,5,teamA,18750,8200,5,0,0
s1-r1-m5-m1-de_nuke,5,teamB,16400,9500,4,1,0
s1-r1-m5-m1-de_nuke,6,teamA,23450,22500,5,0,0
s1-r1-m5-m1-de_nuke,6,teamB,25700,18600,5,0,0
s1-r1-m5-m1-de_nuke,7,teamA,18700,15100,5,0,0
s1-r1-m5-m1-de_nuke,7,teamB,15750,14950,2,0,0
s1-r1-m5-m1-de_nuke,8,teamA,17400,16600,4,0,0
s1-r1-m5-m1-de_nuke,8,teamB,20800,18500,3,0,2
s1-r1-m5-m1-de_nuke,9,teamA,18850,17100,5,0,0
s1-r1-m5-m1-de_nuke,9,teamB,11800,500,0,0,0
s1-r1-m5-m1-de_nuke,10,teamA,19800,9200,5,0,0
s1-r1-m5-m1-de_nuke,10,teamB,21350,20950,5,0,0
s1-r1-m5-m1-de_nuke,11,teamA,18200,18100,4,0,0
s1-r1-m5-m1-de_nuke,11,teamB,19400,14750,5,0,0
s1-r1-m5-m1-de_nuke,12,teamA,18150,9800,5,0,0
s1-r1-m5-m1-de_nuke,12,teamB,11650,11100,1,0,2
s1-r1-m5-m1-de_nuke,13,teamA,4000,2750,0,0,0
s1-r1-m5-m1-de_nuke,13,teamB,4000,3450,0,0,0
s1-r1-m5-m1-de_nuke,14,teamA,21150,20950,4,0,1
s1-r1-m5-m1-de_nuke,14,teamB,14550,12550,1,0,1
s1-r1-m5-m1-de_nuke,15,teamA,7750,6000,2,0,1
s1-r1-m5-m1-de_nuke,15,teamB,20700,9200,4,0,1
s1-r1-m5-m1-de_nuke,16,teamA,21150,14650,5,0,0
s1-r1-m5-m1-de_nuke,16,teamB,22200,21200,5,0,0
s1-r1-m5-m1-de_nuke,17,teamA,14050,13650,1,0,2
s1-r1-m5-m1-de_nuke,17,teamB,19050,7050,4,0,1
s1-r1-m5-m1-de_nuke,18,teamA,21450,19900,5,0,0
s1-r1-m5-m1-de_nuke,18,teamB,23500,21500,4,0,0
s1-r1-m5-m1-de_nuke,19,teamA,20550,10200,5,0,0
s1-r1-m5-m1-de_nuke,19,teamB,11800,1200,0,0,0
s1-r1-m5-m1-de_nuke,20,teamA,29350,2700,5,0,0
s1-r1-m5-m1-de_nuke,20,teamB,22600,21100,4,0,1
s1-r1-m5-m1-de_nuke,21,teamA,35850,24400,4,1,0
s1-r1-m5-m1-de_nuke,21,teamB,21100,17000,5,0,0
s1-r1-m5-m1-de_nuke,22,teamA,30150,4500,4,1,0
s1-r1-m5-m1-de_nuke,22,teamB,13300,5150,1,0,0
s1-r1-m5-m1-de_nuke,23,teamA,44050,3300,4,1,0
s1-r1-m5-m1-de_nuke,23,teamB,20150,19750,5,0,0
s1-r1-m6-m1-de_inferno,1,teamA,4000,3350,0,0,0
s1-r1-m6-m1-de_inferno,1,teamB,4000,3400,0,0,0
s1-r1-m6-m1-de_inferno,2,teamA,18700,18200,4,0,1
s1-r1-m6-m1-de_inferno,2,teamB,11200,10150,0,0,0
s1-r1-m6-m1-de_inferno,3,teamA,7500,5250,0,0,0
s1-r1-m6-m1-de_inferno,3,teamB,19850,10850,5,0,0
s1-r1-m6-m1-de_inferno,4,teamA,10000,300,0,0,0
s1-r1-m6-m1-de_inferno,4,teamB,27600,9200,5,0,0
s1-r1-m6-m1-de_inferno,5,teamA,22300,21700,5,0,0
s1-r1-m6-m1-de_inferno,5,teamB,37400,14750,4,1,0
s1-r1-m6-m1-de_inferno,6,teamA,15700,8900,0,0,0
s1-r1-m6-m1-de_inferno,6,teamB,41450,12400,4,1,0
s1-r1-m6-m1-de_inferno,7,teamA,24100,23700,5,0,0
s1-r1-m6-m1-de_inferno,7,teamB,48050,8300,4,1,0
s1-r1-m6-m1-de_inferno,8,teamA,17700,10300,0,0,0
s1-r1-m6-m1-de_inferno,8,teamB,58550,10550,4,1,0
s1-r1-m6-m1-de_inferno,9,teamA,26400,14000,4,1,0
s1-r1-m6-m1-de_inferno,9,teamB,55350,23900,4,1,0
s1-r1-m6-m1-de_inferno,10,teamA,24100,19500,3,1,0
s1-r1-m6-m1-de_inferno,10,teamB,49400,15100,4,1,0
s1-r1-m6-m1-de_inferno,11,teamA,23100,20300,4,1,0
s1-r1-m6-m1-de_inferno,11,teamB,43100,21100,4,1,0
s1-r1-m6-m1-de_inferno,12,teamA,21500,13100,4,1,0
s1-r1-m6-m1-de_inferno,12,teamB,32100,23200,4,1,0
s1-r1-m6-m1-de_inferno,13,teamA,4000,3400,0,0,0
s1-r1-m6-m1-de_inferno,13,teamB,4000,3400,0,0,0
s1-r1-m6-m1-de_inferno,14,teamA,19600,19350,4,0,1
s1-r1-m6-m1-de_inferno,14,teamB,11000,10550,0,0,1
s1-r1-m6-m1-de_inferno,15,teamA,19850,9950,5,0,0
s1-r1-m6-m1-de_inferno,15,teamB,13050,3500,0,0,0
s1-r1-m6-m1-de_inferno,16,teamA,28300,12750,4,1,0
s1-r1-m6-m1-de_inferno,16,teamB,24350,23600,5,0,0
s1-r1-m6-m1-de_inferno,17,teamA,33800,14650,4,1,0
s1-r1-m6-m1-de_inferno,17,teamB,14950,8200,1,0,0
s1-r1-m6-m1-de_inferno,18,teamA,27600,26200,4,1,0
s1-r1-m6-m1-de_inferno,18,teamB,24800,17400,4,1,0
s1-r1-m6-m1-de_inferno,19,teamA,11250,3200,3,0,0
s1-r1-m6-m1-de_inferno,19,teamB,25800,9100,4,1,0
s1-r1-m6-m1-de_inferno,20,teamA,20050,18700,5,0,0
s1-r1-m6-m1-de_inferno,20,teamB,35700,5950,4,1,0
s1-r1-m6-m1-de_inferno,21,teamA,17500,7250,0,0,1
s1-r1-m6-m1-de_inferno,21,teamB,47600,17000,4,1,0
s1-r1-m6-m1-de_inferno,22,teamA,27700,20400,4,1,0
s1-r1-m6-m1-de_inferno,22,teamB,49300,16700,5,0,0
s1-r1-m6-m1-de_inferno,23,teamA,26300,16150,4,1,0
s1-r1-m6-m1-de_inferno,23,teamB,40200,24200,5,0,0
s1-r1-m7-m1-de_dust2,1,teamA,4000,3250,0,0,0
s1-r1-m7-m1-de_dust2,1,teamB,4000,3250,0,0,0
s1-r1-m7-m1-de_dust2,2,teamA,18600,17150,4,0,1
s1-r1-m7-m1-de_dust2,2,teamB,11350,10300,0,0,1
s1-r1-m7-m1-de_dust2,3,teamA,12450,12200,1,0,0
s1-r1-m7-m1-de_dust2,3,teamB,21600,17850,2,1,2
s1-r1-m7-m1-de_dust2,4,teamA,9750,0,0,0,0
s1-r1-m7-m1-de_dust2,4,teamB,21450,4000,2,1,2
s1-r1-m7-m1-de_dust2,5,teamA,21750,20700,5,0,0
s1-r1-m7-m1-de_dust2,5,teamB,36750,3600,2,1,2
s1-r1-m7-m1-de_dust2,6,teamA,16750,8500,1,0,0
s1-r1-m7-m1-de_dust2,6,teamB,53050,24950,4,1,0
s1-r1-m7-m1-de_dust2,7,teamA,25750,24450,4,1,0
s1-r1-m7-m1-de_dust2,7,teamB,46700,18300,4,1,0
s1-r1-m7-m1-de_dust2,8,teamA,8100,7300,4,1,0
s1-r1-m7-m1-de_dust2,8,teamB,45550,5700,4,1,0
s1-r1-m7-m1-de_dust2,9,teamA,18400,3700,1,0,0
s1-r1-m7-m1-de_dust2,9,teamB,58450,15800,4,1,0
s1-r1-m7-m1-de_dust2,10,teamA,29700,26050,4,1,0
s1-r1-m7-m1-de_dust2,10,teamB,63000,25400,3,2,0
s1-r1-m7-m1-de_dust2,11,teamA,21050,20700,5,0,0
s1-r1-m7-m1-de_dust2,11,teamB,56200,20750,4,1,0
s1-r1-m7-m1-de_dust2,12,teamA,17950,17400,5,0,0
s1-r1-m7-m1-de_dust2,12,teamB,54450,20350,4,1,0
s1-r1-m7-m1-de_dust2,13,teamA,4000,3400,0,0,0
s1-r1-m7-m1-de_dust2,13,teamB,4000,3350,0,0,0
s1-r1-m7-m1-de_dust2,14,teamA,19600,18500,3,0,2
s1-r1-m7-m1-de_dust2,14,teamB,11050,700,0,0,0
s1-r1-m7-m1-de_dust2,15,teamA,20500,12750,4,0,1
s1-r1-m7-m1-de_dust2,15,teamB,22950,22300,5,0,0
s1-r1-m7-m1-de_dust2,16,teamA,28100,24750,4,1,0
s1-r1-m7-m1-de_dust2,16,teamB,19650,9750,1,0,0
s1-r1-m7-m1-de_dust2,17,teamA,12550,12050,1,0,1
s1-r1-m7-m1-de_dust2,17,teamB,26450,20300,4,1,0
s1-r1-m8-m1-de_nuke,1,teamA,4000,3400,0,0,0
s1-r1-m8-m1-de_nuke,1,teamB,4000,2750,0,0,0
s1-r1-m8-m1-de_nuke,2,teamA,19000,18600,5,0,0
s1-r1-m8-m1-de_nuke,2,teamB,12850,12500,2,0,1
s1-r1-m8-m1-de_nuke,3,teamA,18450,13750,4,0,1
s1-r1-m8-m1-de_nuke,3,teamB,14000,3900,0,0,0
s1-r1-m8-m1-de_nuke,4,teamA,22450,11800,4,0,1
s1-r1-m8-m1-de_nuke,4,teamB,25700,25400,4,1,0
s1-r1-m8-m1-de_nuke,5,teamA,21250,18250,3,0,1
s1-r1-m8-m1-de_nuke,5,teamB,20650,9950,4,1,0
s1-r1-m8-m1-de_nuke,6,teamA,13100,1400,0,0,0
s1-r1-m8-m1-de_nuke,6,teamB,29500,13100,4,1,0
s1-r1-m8-m1-de_nuke,7,teamA,23350,22150,5,0,0
s1-r1-m8-m1-de_nuke,7,teamB,35400,8000,4,1,0
s1-r1-m8-m1-de_nuke,8,teamA,19850,11100,1,0,0
s1-r1-m8-m1-de_nuke,8,teamB,47550,23600,4,1,0
s1-r1-m8-m1-de_nuke,9,teamA,26800,17500,5,0,0
s1-r1-m8-m1-de_nuke,9,teamB,32600,27400,4,1,0
s1-r1-m8-m1-de_nuke,10,teamA,25800,23700,4,1,0
s1-r1-m8-m1-de_nuke,10,teamB,25550,22850,4,1,0
s1-r1-m8-m1-de_nuke,11,teamA,19600,16600,4,1,0
s1-r1-m8-m1-de_nuke,11,teamB,11150,11100,1,0,1
s1-r1-m8-m1-de_nuke,12,teamA,20450,17000,4,1,0
s1-r1-m8-m1-de_nuke,12,teamB,11500,11050,0,0,4
s1-r1-m8-m1-de_nuke,13,teamA,4000,3400,0,0,0
s1-r1-m8-m1-de_nuke,13,teamB,4000,3300,0,0,0
s1-r1-m8-m1-de_nuke,14,teamA,12300,11400,2,0,1
s1-r1-m8-m1-de_nuke,14,teamB,19700,17850,4,0,1
s1-r1-m8-m1-de_nuke,15,teamA,21750,18600,5,0,0
s1-r1-m8-m1-de_nuke,15,teamB,13350,12800,1,0,0
s1-r1-m8-m1-de_nuke,16,teamA,11250,10950,1,0,4
s1-r1-m8-m1-de_nuke,16,teamB,19550,12500,5,0,0
s1-r1-m8-m1-de_nuke,17,teamA,11750,500,0,0,0
s1-r1-m8-m1-de_nuke,17,teamB,25100,16000,5,0,0
s1-r1-m8-m1-de_nuke,18,teamA,23250,22900,4,1,0
s1-r1-m8-m1-de_nuke,18,teamB,26850,4400,5,0,0
s1-r1-m8-m1-de_nuke,19,teamA,18600,12000,4,1,0
s1-r1-m8-m1-de_nuke,19,teamB,28350,19900,5,0,0
s1-r1-m8-m1-de_nuke,20,teamA,25050,13700,4,1,0
s1-r1-m8-m1-de_nuke,20,teamB,18550,9150,1,0,0
s1-r1-m8-m1-de_nuke,21,teamA,31700,19100,4,1,0
s1-r1-m8-m1-de_nuke,21,teamB,25600,24200,4,1,0
s1-r1-m8-m1-de_nuke,22,teamA,20150,18750,4,1,0
s1-r1-m8-m1-de_nuke,22,teamB,20100,9550,4,1,0
s1-r1-m8-m1-de_nuke,23,teamA,20200,14350,4,1,0
s1-r1-m8-m1-de_nuke,23,teamB,20650,19750,4,0,1
s1-r2-l1-m1-de_dust2,1,teamA,4000,3450,0,0,0
s1-r2-l1-m1-de_dust2,1,teamB,4000,3400,0,0,0
s1-r2-l1-m1-de_dust2,2,teamA,10650,10400,0,0,0
s1-r2-l1-m1-de_dust2,2,teamB,19600,19000,5,0,0
s1-r2-l1-m1-de_dust2,3,teamA,12850,2100,0,0,0
s1-r2-l1-m1-de_dust2,3,teamB,19400,10650,4,0,1
s1-r2-l1-m1-de_dust2,4,teamA,25550,24750,4,1,0
s1-r2-l1-m1-de_dust2,4,teamB,28050,12350,4,1,0
s1-r2-l1-m1-de_dust2,5,teamA,8500,6800,4,1,0
s1-r2-l1-m1-de_dust2,5,teamB,32850,20350,4,1,0
s1-r2-l1-m1-de_dust2,6,teamA,14800,6750,0,1,0
s1-r2-l1-m1-de_dust2,6,teamB,30550,14500,4,1,0
s1-r2-l1-m1-de_dust2,7,teamA,25800,12750,4,1,0
s1-r2-l1-m1-de_dust2,7,teamB,24150,23500,4,1,0
s1-r2-l1-m1-de_dust2,8,teamA,31250,6250,4,1,0
s1-r2-l1-m1-de_dust2,8,teamB,10150,0,2,1,0
s1-r2-l1-m1-de_dust2,9,teamA,43500,5150,4,1,0
s1-r2-l1-m1-de_dust2,9,teamB,22150,18550,4,1,0
s1-r2-l1-m1-de_dust2,10,teamA,44350,16450,4,1,0
s1-r2-l1-m1-de_dust2,10,teamB,21500,9550,4,1,0
s1-r2-l1-m1-de_dust2,11,teamA,40100,26850,4,1,0
s1-r2-l1-m1-de_dust2,11,teamB,30950,14100,4,1,0
s1-r2-l1-m1-de_dust2,12,teamA,31100,19600,2,3,0
s1-r2-l1-m1-de_dust2,12,teamB,24400,24200,3,1,1
s1-r2-l1-m1-de_dust2,13,teamA,4000,3550,0,0,0
s1-r2-l1-m1-de_dust2,13,teamB,4000,3400,0,0,0
s1-r2-l1-m1-de_dust2,14,teamA,19450,17800,3,0,2
s1-r2-l1-m1-de_dust2,14,teamB,10700,0,0,0,0
s1-r2-l1-m1-de_dust2,15,teamA,20950,10600,3,1,1
s1-r2-l1-m1-de_dust2,15,teamB,22700,21700,5,0,0
s1-r2-l1-m1-de_dust2,16,teamA,17500,2950,0,0,0
s1-r2-l1-m1-de_dust2,16,teamB,19050,8500,4,1,0
s1-r2-l1-m1-de_dust2,17,teamA,25400,24950,4,1,0
s1-r2-l1-m1-de_dust2,17,teamB,28100,11400,4,1,0
s1-r2-l1-m1-de_dust2,18,teamA,19250,11300,4,1,0
s1-r2-l1-m1-de_dust2,18,teamB,24000,22600,3,1,0
s1-r2-l1-m1-de_dust2,19,teamA,25850,10700,4,1,0
s1-r2-l1-m1-de_dust2,19,teamB,7400,6250,1,1,0
s1-r2-l1-m1-de_dust2,20,teamA,35700,21600,4,1,0
s1-r2-l1-m1-de_dust2,20,teamB,17450,8650,1,0,0
s1-r2-l1-m1-de_dust2,21,teamA,33900,14650,4,1,0
s1-r2-l1-m1-de_dust2,21,teamB,27200,24100,5,0,0
s1-r2-l1-m1-de_dust2,22,teamA,26250,8950,4,1,0
s1-r2-l1-m1-de_dust2,22,teamB,21200,5400,5,0,0
s1-r2-l1-m1-de_dust2,23,teamA,36300,13400,4,1,0
s1-r2-l1-m1-de_dust2,23,teamB,28400,24100,5,0,0
s1-r2-l1-m1-de_dust2,24,teamA,41900,22700,4,1,0
s1-r2-l1-m1-de_dust2,24,teamB,19400,18450,4,0,1
s1-r2-l2-m1-de_nuke,1,teamA,4000,3400,0,0,0
s1-r2-l2-m1-de_nuke,1,teamB,4000,3400,0,0,0
s1-r2-l2-m1-de_nuke,2,teamA,10700,0,0,0,0
s1-r2-l2-m1-de_nuke,2,teamB,19600,19300,4,0,1
s1-r2-l2-m1-de_nuke,3,teamA,23000,22500,5,0,0
s1-r2-l2-m1-de_nuke,3,teamB,20200,9700,5,0,0
s1-r2-l2-m1-de_nuke,4,teamA,19500,19000,5,0,0
s1-r2-l2-m1-de_nuke,4,teamB,20250,19950,4,0,1
s1-r2-l2-m1-de_nuke,5,teamA,8700,8050,1,0,0
s1-r2-l2-m1-de_nuke,5,teamB,18750,14050,5,0,0
s1-r2-l2-m1-de_nuke,6,teamA,12650,0,0,0,0
s1-r2-l2-m1-de_nuke,6,teamB,23700,6450,5,0,0
s1-r2-l2-m1-de_nuke,7,teamA,27150,23700,5,0,0
s1-r2-l2-m1-de_nuke,7,teamB,36250,3700,5,0,0
s1-r2-l2-m1-de_nuke,8,teamA,24950,24550,4,1,0
s1-r2-l2-m1-de_nuke,8,teamB,53100,25250,4,1,0
s1-r2-l2-m1-de_nuke,9,teamA,18250,13800,4,1,0
s1-r2-l2-m1-de_nuke,9,teamB,36500,27650,4,1,0
s1-r2-l2-m1-de_nuke,10,teamA,22850,21300,5,0,0
s1-r2-l2-m1-de_nuke,10,teamB,29200,15750,4,1,0
s1-r2-l2-m1-de_nuke,11,teamA,15750,10100,3,0,0
s1-r2-l2-m1-de_nuke,11,teamB,31700,14500,4,1,0
s1-r2-l2-m1-de_nuke,12,teamA,22950,22700,5,0,0
s1-r2-l2-m1-de_nuke,12,teamB,36200,20500,4,1,0
s1-r2-l2-m1-de_nuke,13,teamA,4000,3400,0,0,0
s1-r2-l2-m1-de_nuke,13,teamB,4000,3400,0,0,0
s1-r2-l2-m1-de_nuke,14,teamA,19600,19350,3,0,2
s1-r2-l2-m1-de_nuke,14,teamB,10700,10500,0,0,1
s1-r2-l2-m1-de_nuke,15,teamA,20150,4700,3,0,2
s1-r2-l2-m1-de_nuke,15,teamB,12200,3100,0,0,0
s1-r2-l2-m1-de_nuke,16,teamA,35050,14600,4,1,0
s1-r2-l2-m1-de_nuke,16,teamB,24200,23700,5,0,0
s1-r2-l2-m1-de_nuke,17,teamA,39250,17700,4,1,0
s1-r2-l2-m1-de_nuke,17,teamB,18400,10400,0,0,0
s1-r2-l2-m1-de_nuke,18,teamA,40050,5300,4,1,0
s1-r2-l2-m1-de_nuke,18,teamB,24650,23100,5,0,0
s1-r2-l2-m1-de_nuke,19,teamA,53350,8200,4,1,0
s1-r2-l2-m1-de_nuke,19,teamB,18450,10200,1,0,0
s1-r2-l2-m1-de_nuke,20,teamA,61700,3800,4,1,0
s1-r2-l2-m1-de_nuke,20,teamB,25050,24200,5,0,0
s1-r2-l2-m1-de_nuke,21,teamA,72550,24850,4,1,0
s1-r2-l2-m1-de_nuke,21,teamB,22350,21800,5,0,0
s1-r2-l2-m1-de_nuke,22,teamA,56150,29600,4,1,0
s1-r2-l2-m1-de_nuke,22,teamB,18300,14600,5,0,0
s1-r2-l2-m1-de_nuke,23,teamA,45550,14650,4,1,0
s1-r2-l2-m1-de_nuke,23,teamB,18500,18100,3,0,2
s1-r2-l2-m1-de_nuke,24,teamA,51550,21750,4,1,0
s1-r2-l2-m1-de_nuke,24,teamB,21600,20950,5,0,0
s1-r2-l3-m1-de_nuke,1,teamA,4000,3550,0,0,0
s1-r2-l3-m1-de_nuke,1,teamB,4000,3400,0,0,0
s1-r2-l3-m1-de_nuke,2,teamA,14450,14100,1,0,2
s1-r2-l3-m1-de_nuke,2,teamB,21150,20700,5,0,0
s1-r2-l3-m1-de_nuke,3,teamA,19350,11400,4,0,1
s1-r2-l3-m1-de_nuke,3,teamB,8000,7550,3,0,0
s1-r2-l3-m1-de_nuke,4,teamA,26000,12100,4,0,1
s1-r2-l3-m1-de_nuke,4,teamB,11050,0,0,0,0
s1-r2-l3-m1-de_nuke,5,teamA,31350,3000,4,0,1
s1-r2-l3-m1-de_nuke,5,teamB,22750,22600,5,0,0
s1-r2-l3-m1-de_nuke,6,teamA,47050,8600,5,0,0
s1-r2-l3-m1-de_nuke,6,teamB,15200,5750,2,0,0
s1-r2-l3-m1-de_nuke,7,teamA,49650,24200,5,0,0
s1-r2-l3-m1-de_nuke,7,teamB,30000,20700,4,1,0
s1-r2-l3-m1-de_nuke,8,teamA,44450,16000,5,0,0
s1-r2-l3-m1-de_nuke,8,teamB,22750,19900,2,1,1
s1-r2-l3-m1-de_nuke,9,teamA,46850,13000,5,0,0
s1-r2-l3-m1-de_nuke,9,teamB,18750,13400,3,1,1
s1-r2-l3-m1-de_nuke,10,teamA,41750,24300,5,0,0
s1-r2-l3-m1-de_nuke,10,teamB,24950,18000,4,1,0
s1-r2-l3-m1-de_nuke,11,teamA,27550,24000,5,0,0
s1-r2-l3-m1-de_nuke,11,teamB,25750,14200,4,1,0
s1-r2-l3-m1-de_nuke,12,teamA,22250,9900,5,0,0
s1-r2-l3-m1-de_nuke,12,teamB,21600,18900,4,1,0
s1-r2-l3-m1-de_nuke,13,teamA,4000,3400,0,0,0
s1-r2-l3-m1-de_nuke,13,teamB,4000,3600,0,0,0
s1-r2-l3-m1-de_nuke,14,teamA,19600,18850,3,0,2
s1-r2-l3-m1-de_nuke,14,teamB,9900,0,0,0,0
s1-r2-l3-m1-de_nuke,15,teamA,20450,5300,3,0,2
s1-r2-l3-m1-de_nuke,15,teamB,21900,21700,5,0,0
s1-r2-l3-m1-de_nuke,16,teamA,35050,18700,5,0,0
s1-r2-l3-m1-de_nuke,16,teamB,15600,8900,0,0,0
s1-r2-l3-m1-de_nuke,17,teamA,35350,4700,5,0,0
s1-r2-l3-m1-de_nuke,17,teamB,23700,23350,5,0,0
s1-r2-l3-m1-de_nuke,18,teamA,38750,28400,4,1,0
s1-r2-l3-m1-de_nuke,18,teamB,18400,12900,5,0,0
s1-r2-l3-m1-de_nuke,19,teamA,28800,17800,4,1,0
s1-r2-l3-m1-de_nuke,19,teamB,18000,17750,4,1,0
s1-r2-l4-m1-de_nuke,1,teamA,4000,3500,0,0,0
s1-r2-l4-m1-de_nuke,1,teamB,4000,3400,0,0,0
s1-r2-l4-m1-de_nuke,2,teamA,10000,0,0,0,0
s1-r2-l4-m1-de_nuke,2,teamB,19600,19300,5,0,0
s1-r2-l4-m1-de_nuke,3,teamA,22000,21200,5,0,0
s1-r2-l4-m1-de_nuke,3,teamB,19300,5900,5,0,0
s1-r2-l4-m1-de_nuke,4,teamA,12700,5150,1,0,0
s1-r2-l4-m1-de_nuke,4,teamB,31850,9350,4,0,0
s1-r2-l4-m1-de_nuke,5,teamA,25050,24350,4,1,0
s1-r2-l4-m1-de_nuke,5,teamB,40550,15750,4,1,0
s1-r2-l4-m1-de_nuke,6,teamA,18550,12400,4,1,0
s1-r2-l4-m1-de_nuke,6,teamB,32700,28300,4,1,0
s1-r2-l4-m1-de_nuke,7,teamA,24950,23200,5,0,0
s1-r2-l4-m1-de_nuke,7,teamB,24550,22500,4,1,0
s1-r2-l4-m1-de_nuke,8,teamA,15350,14400,5,0,0
s1-r2-l4-m1-de_nuke,8,teamB,20500,4600,4,1,0
s1-r2-l4-m1-de_nuke,9,teamA,15650,14100,3,0,2
s1-r2-l4-m1-de_nuke,9,teamB,34350,22300,4,1,0
s1-r2-l4-m1-de_nuke,10,teamA,15150,14600,4,0,1
s1-r2-l4-m1-de_nuke,10,teamB,30100,6400,4,1,0
s1-r2-l4-m1-de_nuke,11,teamA,14450,8000,0,0,0
s1-r2-l4-m1-de_nuke,11,teamB,42500,10050,4,1,0
s1-r2-l4-m1-de_nuke,12,teamA,24050,22700,5,0,0
s1-r2-l4-m1-de_nuke,12,teamB,51050,19400,4,1,0
s1-r2-l4-m1-de_nuke,13,teamA,4000,3400,0,0,0
s1-r2-l4-m1-de_nuke,13,teamB,4000,3300,0,0,0
s1-r2-l4-m1-de_nuke,14,teamA,11200,10650,0,0,1
s1-r2-l4-m1-de_nuke,14,teamB,18750,18150,4,0,1
s1-r2-w1-m1-de_dust2,1,teamA,4000,3450,0,0,0
s1-r2-w1-m1-de_dust2,1,teamB,4000,3400,0,0,0
s1-r2-w1-m1-de_dust2,2,teamA,14550,1100,0,0,0
s1-r2-w1-m1-de_dust2,2,teamB,21150,19950,3,0,1
s1-r2-w1-m1-de_dust2,3,teamA,24550,23800,5,0,0
s1-r2-w1-m1-de_dust2,3,teamB,20900,13650,4,1,0
s1-r2-w1-m1-de_dust2,4,teamA,15850,6200,0,0,0
s1-r2-w1-m1-de_dust2,4,teamB,26050,16450,4,1,0
s1-r2-w1-m1-de_dust2,5,teamA,27550,25350,4,1,0
s1-r2-w1-m1-de_dust2,5,teamB,28400,17200,4,1,0
s1-r2-w1-m1-de_dust2,6,teamA,20250,19000,5,0,0
s1-r2-w1-m1-de_dust2,6,teamB,20200,18450,2,1,1
s1-r2-w1-m1-de_dust2,7,teamA,19300,8400,4,1,0
s1-r2-w1-m1-de_dust2,7,teamB,11600,300,0,0,0
s1-r2-w1-m1-de_dust2,8,teamA,28150,5800,4,1,0
s1-r2-w1-m1-de_dust2,8,teamB,23850,23700,4,1,0
s1-r2-w1-m1-de_dust2,9,teamA,41050,11900,4,1,0
s1-r2-w1-m1-de_dust2,9,teamB,15750,6500,1,1,1
s1-r2-w1-m1-de_dust2,10,teamA,47350,19700,4,1,0
s1-r2-w1-m1-de_dust2,10,teamB,28150,23350,4,1,0
s1-r2-w1-m1-de_dust2,11,teamA,45200,14800,4,1,0
s1-r2-w1-m1-de_dust2,11,teamB,22700,13750,0,1,2
s1-r2-w1-m1-de_dust2,12,teamA,37800,28300,2,2,0
s1-r2-w1-m1-de_dust2,12,teamB,28750,20350,4,1,0
s1-r2-w1-m1-de_dust2,13,teamA,4000,3400,0,0,0
s1-r2-w1-m1-de_dust2,13,teamB,4000,3450,0,0,0
s1-r2-w1-m1-de_dust2,14,teamA,21150,16650,4,0,0
s1-r2-w1-m1-de_dust2,14,teamB,14250,13600,3,0,1
s1-r2-w1-m1-de_dust2,15,teamA,8050,6550,2,0,0
s1-r2-w1-m1-de_dust2,15,teamB,19650,10200,5,0,0
s1-r2-w1-m1-de_dust2,16,teamA,12550,500,1,0,0
s1-r2-w1-m1-de_dust2,16,teamB,28350,14450,4,1,0
s1-r2-w1-m1-de_dust2,17,teamA,25700,25150,4,1,0
s1-r2-w1-m1-de_dust2,17,teamB,31250,18050,4,1,0
s1-r2-w1-m1-de_dust2,18,teamA,15950,2800,1,0,0
s1-r2-w1-m1-de_dust2,18,teamB,31800,12700,4,1,0
s1-r2-w1-m1-de_dust2,19,teamA,29250,23550,4,1,0
s1-r2-w1-m1-de_dust2,19,teamB,37700,11900,4,1,0
s1-r2-w1-m1-de_dust2,20,teamA,24300,19000,4,1,0
s1-r2-w1-m1-de_dust2,20,teamB,33700,26050,4,1,0
s1-r2-w1-m1-de_dust2,21,teamA,21050,20950,2,1,2
s1-r2-w1-m1-de_dust2,21,teamB,25500,16800,4,1,0
s1-r2-w1-m1-de_dust2,22,teamA,19400,11000,3,1,1
s1-r2-w1-m1-de_dust2,22,teamB,16000,4000,0,0,0
s1-r2-w1-m1-de_dust2,23,teamA,27600,9250,4,1,0
s1-r2-w1-m1-de_dust2,23,teamB,22900,22500,4,1,0
s1-r2-w1-m1-de_dust2,24,teamA,28400,27850,4,1,0
s1-r2-w1-m1-de_dust2,24,teamB,17750,11600,4,1,0
s1-r2-w2-m1-de_mirage,1,teamA,4000,3350,0,0,0
s1-r2-w2-m1-de_mirage,1,teamB,4000,3300,0,0,0
s1-r2-w2-m1-de_mirage,2,teamA,10150,9900,0,0,0
s1-r2-w2-m1-de_mirage,2,teamB,19700,19250,4,0,1
s1-r2-w2-m1-de_mirage,3,teamA,13150,2900,0,0,0
s1-r2-w2-m1-de_mirage,3,teamB,19450,13100,3,0,2
s1-r2-w2-m1-de_mirage,4,teamA,24050,23500,5,0,0
s1-r2-w2-m1-de_mirage,4,teamB,25650,5500,3,0,2
s1-r2-w2-m1-de_mirage,5,teamA,21450,9900,1,0,0
s1-r2-w2-m1-de_mirage,5,teamB,41000,16350,4,1,0
s1-r2-w2-m1-de_mirage,6,teamA,25550,25150,4,1,0
s1-r2-w2-m1-de_mirage,6,teamB,43650,9000,4,1,0
s1-r2-w2-m1-de_mirage,7,teamA,19200,7800,4,1,0
s1-r2-w2-m1-de_mirage,7,teamB,42200,23600,4,1,0
s1-r2-w2-m1-de_mirage,8,teamA,23500,21900,4,0,0
s1-r2-w2-m1-de_mirage,8,teamB,37600,19450,4,1,0
s1-r2-w2-m1-de_mirage,9,teamA,16100,10900,2,0,1
s1-r2-w2-m1-de_mirage,9,teamB,36000,18200,4,1,0
s1-r2-w2-m1-de_mirage,10,teamA,25450,16300,4,1,0
s1-r2-w2-m1-de_mirage,10,teamB,26050,24100,4,1,0
s1-r2-w2-m1-de_mirage,11,teamA,27350,12400,4,1,0
s1-r2-w2-m1-de_mirage,11,teamB,12550,10200,4,1,0
s1-r2-w2-m1-de_mirage,12,teamA,26650,25000,3,1,1
s1-r2-w2-m1-de_mirage,12,teamB,20650,19100,4,1,0
s1-r2-w2-m1-de_mirage,13,teamA,4000,3550,0,0,0
s1-r2-w2-m1-de_mirage,13,teamB,4000,3300,0,0,0
s1-r2-w2-m1-de_mirage,14,teamA,19450,19000,4,0,1
s1-r2-w2-m1-de_mirage,14,teamB,10500,50,0,0,0
s1-r2-w2-m1-de_mirage,15,teamA,19450,9800,5,0,0
s1-r2-w2-m1-de_mirage,15,teamB,22750,22250,5,0,0
s1-r2-w2-m1-de_mirage,16,teamA,17200,16850,4,0,1
s1-r2-w2-m1-de_mirage,16,teamB,19500,9600,5,0,0
s1-r2-w2-m1-de_mirage,17,teamA,10400,7050,1,0,0
s1-r2-w2-m1-de_mirage,17,teamB,28600,6300,4,0,0
s1-r2-w2-m1-de_mirage,18,teamA,21050,19450,4,1,0
s1-r2-w2-m1-de_mirage,18,teamB,32550,26050,4,1,0
s1-r2-w2-m1-de_mirage,19,teamA,10250,9850,1,0,0
s1-r2-w2-m1-de_mirage,19,teamB,23350,15800,4,1,0
s1-r2-w3-m1-de_inferno,1,teamA,4000,3450,0,0,0
s1-r2-w3-m1-de_inferno,1,teamB,4000,3300,0,0,0
s1-r2-w3-m1-de_inferno,2,teamA,19250,17900,3,0,2
s1-r2-w3-m1-de_inferno,2,teamB,10200,8400,0,0,0
s1-r2-w3-m1-de_inferno,3,teamA,20050,15050,4,0,1
s1-r2-w3-m1-de_inferno,3,teamB,15200,1950,1,0,0
s1-r2-w3-m1-de_inferno,4,teamA,23700,20050,5,0,0
s1-r2-w3-m1-de_inferno,4,teamB,29350,23700,4,1,0
s1-r2-w3-m1-de_inferno,5,teamA,22350,8300,5,0,0
s1-r2-w3-m1-de_inferno,5,teamB,23000,19150,4,1,0
s1-r2-w3-m1-de_inferno,6,teamA,22250,21300,4,0,0
s1-r2-w3-m1-de_inferno,6,teamB,22850,20200,4,1,0
s1-r2-w3-m1-de_inferno,7,teamA,19350,5900,5,0,0
s1-r2-w3-m1-de_inferno,7,teamB,17150,12700,4,1,0
s1-r2-w3-m1-de_inferno,8,teamA,24650,24100,5,0,0
s1-r2-w3-m1-de_inferno,8,teamB,25000,17900,4,1,0
s1-r2-w3-m1-de_inferno,9,teamA,10650,700,0,0,0
s1-r2-w3-m1-de_inferno,9,teamB,25700,14750,4,1,0
s1-r2-w3-m1-de_inferno,10,teamA,22250,21400,5,0,0
s1-r2-w3-m1-de_inferno,10,teamB,29550,7200,4,1,0
s1-r2-w3-m1-de_inferno,11,teamA,9550,4750,2,0,0
s1-r2-w3-m1-de_inferno,11,teamB,40250,5600,4,1,0
s1-r2-w3-m1-de_inferno,12,teamA,21900,21250,4,0,1
s1-r2-w3-m1-de_inferno,12,teamB,53650,11650,4,1,0
s1-r2-w3-m1-de_inferno,13,teamA,4000,3550,0,0,0
s1-r2-w3-m1-de_inferno,13,teamB,4000,3400,0,0,0
s1-r2-w3-m1-de_inferno,14,teamA,12700,11450,0,0,2
s1-r2-w3-m1-de_inferno,14,teamB,19600,18050,2,0,3
s1-r2-w3-m1-de_inferno,15,teamA,12900,1100,0,0,1
s1-r2-w3-m1-de_inferno,15,teamB,20550,4900,2,0,3
s1-r2-w3-m1-de_inferno,16,teamA,27200,26700,4,1,0
s1-r2-w3-m1-de_inferno,16,teamB,34600,12500,4,0,1
s1-r2-w3-m1-de_inferno,17,teamA,18750,7900,4,1,0
s1-r2-w3-m1-de_inferno,17,teamB,27700,20700,5,0,0
s1-r2-w3-m1-de_inferno,18,teamA,29850,13900,4,1,0
s1-r2-w3-m1-de_inferno,18,teamB,17100,5850,1,0,0
s1-r2-w3-m1-de_inferno,19,teamA,36300,23500,4,1,0
s1-r2-w3-m1-de_inferno,19,teamB,27550,24300,5,0,0
s1-r2-w3-m1-de_inferno,20,teamA,31600,5300,4,1,0
s1-r2-w3-m1-de_inferno,20,teamB,17750,9200,0,0,0
s1-r2-w3-m1-de_inferno,21,teamA,46650,19800,4,1,0
s1-r2-w3-m1-de_inferno,21,teamB,29450,24300,5,0,0
s1-r2-w3-m1-de_inferno,22,teamA,35500,22600,4,1,0
s1-r2-w3-m1-de_inferno,22,teamB,24150,16400,5,0,0
s1-r2-w3-m1-de_inferno,23,teamA,22400,14500,4,1,0
s1-r2-w3-m1-de_inferno,23,teamB,26150,10650,4,1,0
s1-r2-w3-m1-de_inferno,24,teamA,20800,17650,3,1,1
s1-r2-w3-m1-de_inferno,24,teamB,34000,13750,4,1,0
s1-r2-w4-m1-de_dust2,1,teamA,4000,3350,0,0,0
s1-r2-w4-m1-de_dust2,1,teamB,4000,3400,0,0,0
s1-r2-w4-m1-de_dust2,2,teamA,10350,2400,0,0,0
s1-r2-w4-m1-de_dust2,2,teamB,19300,19050,4,0,1
s1-r2-w4-m1-de_dust2,3,teamA,20250,19500,4,0,0
s1-r2-w4-m1-de_dust2,3,teamB,19250,9300,5,0,0
s1-r2-w4-m1-de_dust2,4,teamA,18500,16000,5,0,0
s1-r2-w4-m1-de_dust2,4,teamB,18600,17500,2,1,0
s1-r2-w4-m1-de_dust2,5,teamA,11000,9800,2,0,0
s1-r2-w4-m1-de_dust2,5,teamB,18750,15950,3,1,1
s1-r2-w4-m1-de_dust2,6,teamA,13500,2300,0,0,0
s1-r2-w4-m1-de_dust2,6,teamB,21600,9300,4,1,0
s1-r2-w4-m1-de_dust2,7,teamA,25400,23600,5,0,0
s1-r2-w4-m1-de_dust2,7,teamB,30700,4900,4,1,0
s1-r2-w4-m1-de_dust2,8,teamA,19400,7600,1,0,0
s1-r2-w4-m1-de_dust2,8,teamB,44800,11300,4,1,0
s1-r2-w4-m1-de_dust2,9,teamA,30300,26250,4,1,0
s1-r2-w4-m1-de_dust2,9,teamB,53850,13650,4,1,0
s1-r2-w4-m1-de_dust2,10,teamA,14550,13000,4,1,0
s1-r2-w4-m1-de_dust2,10,teamB,57600,8950,4,1,0
s1-r2-w4-m1-de_dust2,11,teamA,19250,18900,5,0,0
s1-r2-w4-m1-de_dust2,11,teamB,67150,20450,4,1,0
s1-r2-w4-m1-de_dust2,12,teamA,19050,14300,5,0,0
s1-r2-w4-m1-de_dust2,12,teamB,55350,31100,3,2,0
s1-r2-w4-m1-de_dust2,13,teamA,4000,3400,0,0,0
s1-r2-w4-m1-de_dust2,13,teamB,4000,3350,0,0,0
s1-r2-w4-m1-de_dust2,14,teamA,19600,19150,5,0,0
s1-r2-w4-m1-de_dust2,14,teamB,10150,0,0,0,0
s1-r2-w4-m1-de_dust2,15,teamA,19450,6600,5,0,0
s1-r2-w4-m1-de_dust2,15,teamB,22150,21400,5,0,0
s1-r2-w4-m1-de_dust2,16,teamA,20550,16900,4,1,0
s1-r2-w4-m1-de_dust2,16,teamB,19450,12600,5,0,0
s1-r2-w4-m1-de_dust2,17,teamA,13700,11250,4,1,0
s1-r2-w4-m1-de_dust2,17,teamB,25250,10800,4,1,0
s1-r2-w4-m1-de_dust2,18,teamA,15350,12300,2,0,3
s1-r2-w4-m1-de_dust2,18,teamB,31500,12400,4,1,0
s1-r2-w4-m1-de_dust2,19,teamA,19700,18500,3,1,1
s1-r2-w4-m1-de_dust2,19,teamB,27100,20850,2,1,0
s1-r2-w4-m1-de_dust2,20,teamA,21750,20050,4,1,0
s1-r2-w4-m1-de_dust2,20,teamB,19250,18750,4,0,1
s1-r2-w4-m1-de_dust2,21,teamA,20500,11100,4,1,0
s1-r2-w4-m1-de_dust2,21,teamB,12800,1300,0,0,0
s1-r2-w4-m1-de_dust2,22,teamA,28000,6500,4,1,0
s1-r2-w4-m1-de_dust2,22,teamB,26000,24200,4,1,0
s1-r3-a1-m1-de_nuke,1,teamA,4000,2900,0,0,0
s1-r3-a1-m1-de_nuke,1,teamB,4000,3400,0,0,0
s1-r3-a1-m1-de_nuke,2,teamA,18500,17650,4,0,1
s1-r3-a1-m1-de_nuke,2,teamB,11750,10200,0,0,2
s1-r3-a1-m1-de_nuke,3,teamA,18650,5800,4,0,1
s1-r3-a1-m1-de_nuke,3,teamB,13550,1300,0,0,2
s1-r3-a1-m1-de_nuke,4,teamA,31200,12500,5,0,0
s1-r3-a1-m1-de_nuke,4,teamB,28150,27300,4,1,0
s1-r3-a1-m1-de_nuke,5,teamA,37700,22550,4,0,1
s1-r3-a1-m1-de_nuke,5,teamB,19900,9100,0,0,1
s1-r3-a1-m1-de_nuke,6,teamA,33500,8400,5,0,0
s1-r3-a1-m1-de_nuke,6,teamB,28350,27250,4,1,0
s1-r3-a1-m1-de_nuke,7,teamA,43800,12500,5,0,0
s1-r3-a1-m1-de_nuke,7,teamB,19000,16150,3,1,1
s1-r3-a1-m1-de_nuke,8,teamA,49350,16500,4,1,0
s1-r3-a1-m1-de_nuke,8,teamB,21300,9800,1,0,2
s1-r3-a1-m1-de_nuke,9,teamA,51250,8900,4,1,0
s1-r3-a1-m1-de_nuke,9,teamB,29050,19700,4,1,0
s1-r3-a1-m1-de_nuke,10,teamA,60100,14050,4,1,0
s1-r3-a1-m1-de_nuke,10,teamB,27450,26000,4,1,0
s1-r3-a1-m1-de_nuke,11,teamA,64150,21250,4,1,0
s1-r3-a1-m1-de_nuke,11,teamB,19900,17350,4,1,0
s1-r3-a1-m1-de_nuke,12,teamA,61300,25600,4,1,0
s1-r3-a1-m1-de_nuke,12,teamB,21050,16350,4,1,0
s1-r3-a1-m1-de_nuke,13,teamA,4000,3400,0,0,0
s1-r3-a1-m1-de_nuke,13,teamB,4000,3450,0,0,0
s1-r3-a1-m1-de_nuke,14,teamA,10100,9700,0,0,0
s1-r3-a1-m1-de_nuke,14,teamB,18600,18000,4,0,1
s1-r3-a1-m1-de_nuke,15,teamA,19400,16250,5,0,0
s1-r3-a1-m1-de_nuke,15,teamB,7100,6700,0,0,0
s1-r3-a1-m2-de_ancient,1,teamA,4000,3450,0,0,0
s1-r3-a1-m2-de_ancient,1,teamB,4000,3400,0,0,0
s1-r3-a1-m2-de_ancient,2,teamA,19550,19000,5,0,0
s1-r3-a1-m2-de_ancient,2,teamB,12850,12300,1,0,0
s1-r3-a1-m2-de_ancient,3,teamA,18600,4600,5,0,0
s1-r3-a1-m2-de_ancient,3,teamB,12550,500,0,0,0
s1-r3-a1-m2-de_ancient,4,teamA,31450,13250,4,1,0
s1-r3-a1-m2-de_ancient,4,teamB,27350,26300,4,1,0
s1-r3-a1-m2-de_ancient,5,teamA,35150,16500,4,1,0
s1-r3-a1-m2-de_ancient,5,teamB,19400,10650,1,0,0
s1-r3-a1-m2-de_ancient,6,teamA,37350,4900,4,1,0
s1-r3-a1-m2-de_ancient,6,teamB,25250,21700,4,1,0
s1-r3-a1-m2-de_ancient,7,teamA,37950,20700,4,1,0
s1-r3-a1-m2-de_ancient,7,teamB,21800,16300,4,1,0
s1-r3-a1-m2-de_ancient,8,teamA,26650,22550,4,0,1
s1-r3-a1-m2-de_ancient,8,teamB,24000,9150,4,1,0
s1-r3-a1-m2-de_ancient,9,teamA,16500,6400,0,0,0
s1-r3-a1-m2-de_ancient,9,teamB,33350,14200,4,1,0
s1-r3-a1-m2-de_ancient,10,teamA,24600,23300,5,0,0
s1-r3-a1-m2-de_ancient,10,teamB,37650,5100,4,1,0
s1-r3-a1-m2-de_ancient,11,teamA,19200,11300,1,0,0
s1-r3-a1-m2-de_ancient,11,teamB,51250,18900,4,1,0
s1-r3-a1-m2-de_ancient,12,teamA,28500,26050,4,1,0
s1-r3-a1-m2-de_ancient,12,teamB,52600,21350,4,1,0
s1-r3-a1-m2-de_ancient,13,teamA,4000,3400,0,0,0
s1-r3-a1-m2-de_ancient,13,teamB,4000,3400,0,0,0
s1-r3-a1-m2-de_ancient,14,teamA,11200,9550,0,0,1
s1-r3-a1-m2-de_ancient,14,teamB,18650,16400,3,0,2
s1-r3-a1-m2-de_ancient,15,teamA,16150,4700,0,0,0
s1-r3-a1-m2-de_ancient,15,teamB,21550,16900,3,0,2
s1-r3-a1-m2-de_ancient,16,teamA,25650,25450,4,1,0
s1-r3-a1-m2-de_ancient,16,teamB,23300,4000,3,0,2
s1-r3-a1-m2-de_ancient,17,teamA,17200,6800,0,0,0
s1-r3-a1-m2-de_ancient,17,teamB,39200,5700,4,0,1
s1-r3-a1-m2-de_ancient,18,teamA,27950,23850,4,1,0
s1-r3-a1-m2-de_ancient,18,teamB,52800,13950,4,1,0
s1-r3-a1-m2-de_ancient,19,teamA,24050,22750,4,1,0
s1-r3-a1-m2-de_ancient,19,teamB,50350,21100,4,1,0
s1-r3-a1-m2-de_ancient,20,teamA,19000,9550,4,1,0
s1-r3-a1-m2-de_ancient,20,teamB,39050,26050,4,1,0
s1-r3-a1-m2-de_ancient,21,teamA,22150,21400,2,1,1
s1-r3-a1-m2-de_ancient,21,teamB,30650,13400,4,1,0
s1-r3-a2-m1-de_ancient,1,teamA,4000,3300,0,0,0
s1-r3-a2-m1-de_ancient,1,teamB,4000,3400,0,0,0
s1-r3-a2-m1-de_ancient,2,teamA,18650,15900,2,0,3
s1-r3-a2-m1-de_ancient,2,teamB,11750,10050,0,0,2
s1-r3-a2-m1-de_ancient,3,teamA,22350,7550,2,0,3
s1-r3-a2-m1-de_ancient,3,teamB,13900,1200,0,0,1
s1-r3-a2-m1-de_ancient,4,teamA,33750,11050,2,1,2
s1-r3-a2-m1-de_ancient,4,teamB,27850,26900,4,1,0
s1-r3-a2-m1-de_ancient,5,teamA,30100,26150,4,1,0
s1-r3-a2-m1-de_ancient,5,teamB,19150,13950,4,1,0
s1-r3-a2-m1-de_ancient,6,teamA,21600,17000,4,1,0
s1-r3-a2-m1-de_ancient,6,teamB,18650,7300,0,0,1
s1-r3-a2-m1-de_ancient,7,teamA,22250,16400,4,1,0
s1-r3-a2-m1-de_ancient,7,teamB,27300,26500,4,1,0
s1-r3-a2-m1-de_ancient,8,teamA,8650,7300,3,1,0
s1-r3-a2-m1-de_ancient,8,teamB,17950,5800,4,1,0
s1-r3-a2-m1-de_ancient,9,teamA,14650,2800,0,0,0
s1-r3-a2-m1-de_ancient,9,teamB,32300,23900,4,1,0
s1-r3-a2-m1-de_ancient,10,teamA,23850,22700,5,0,0
s1-r3-a2-m1-de_ancient,10,teamB,27000,4700,4,1,0
s1-r3-a2-m1-de_ancient,11,teamA,13050,5850,1,0,0
s1-r3-a2-m1-de_ancient,11,teamB,40550,9800,4,1,0
s1-r3-a2-m1-de_ancient,12,teamA,28700,25650,4,1,0
s1-r3-a2-m1-de_ancient,12,teamB,51100,27500,4,1,0
s1-r3-a2-m1-de_ancient,13,teamA,4000,3400,0,0,0
s1-r3-a2-m1-de_ancient,13,teamB,4000,3350,0,0,0
s1-r3-a2-m1-de_ancient,14,teamA,19600,16150,2,0,3
s1-r3-a2-m1-de_ancient,14,teamB,10750,0,0,0,0
s1-r3-a2-m1-de_ancient,15,teamA,23350,10750,2,1,2
s1-r3-a2-m1-de_ancient,15,teamB,23000,22100,5,0,0
s1-r3-a2-m1-de_ancient,16,teamA,31650,22900,4,1,0
s1-r3-a2-m1-de_ancient,16,teamB,19700,12200,2,0,0
s1-r3-a2-m1-de_ancient,17,teamA,29300,22600,4,1,0
s1-r3-a2-m1-de_ancient,17,teamB,28400,25550,4,1,0
s1-r3-a2-m1-de_ancient,18,teamA,27050,14000,4,1,0
s1-r3-a2-m1-de_ancient,18,teamB,23450,19200,4,0,0
s1-r3-a2-m1-de_ancient,19,teamA,21650,21300,4,1,0
s1-r3-a2-m1-de_ancient,19,teamB,18700,16700,3,1,1
s1-r3-a2-m1-de_ancient,20,teamA,19350,15650,4,1,0
s1-r3-a2-m1-de_ancient,20,teamB,16700,6500,0,0,0
s1-r3-a2-m1-de_ancient,21,teamA,22300,9700,4,1,0
s1-r3-a2-m1-de_ancient,21,teamB,27100,25500,4,1,0
s1-r3-a2-m1-de_ancient,22,teamA,19950,18900,4,1,0
s1-r3-a2-m1-de_ancient,22,teamB,19900,9800,4,1,0
s1-r3-a2-m1-de_ancient,23,teamA,10900,700,1,0,0
s1-r3-a2-m1-de_ancient,23,teamB,28600,8400,4,1,0
s1-r3-a2-m1-de_ancient,24,teamA,22750,22250,5,0,0
s1-r3-a2-m1-de_ancient,24,teamB,37550,9100,4,1,0
s1-r3-a2-m2-de_inferno,1,teamA,4000,2750,0,0,0
s1-r3-a2-m2-de_inferno,1,teamB,4000,3400,0,0,0
s1-r3-a2-m2-de_inferno,2,teamA,10100,0,0,0,0
s1-r3-a2-m2-de_inferno,2,teamB,19450,19000,2,0,3
s1-r3-a2-m2-de_inferno,3,teamA,22100,21500,5,0,0
s1-r3-a2-m2-de_inferno,3,teamB,20350,4500,2,0,3
s1-r3-a2-m2-de_inferno,4,teamA,19600,11500,5,0,0
s1-r3-a2-m2-de_inferno,4,teamB,24050,20800,4,1,0
s1-r3-a2-m2-de_inferno,5,teamA,27100,12900,4,1,0
s1-r3-a2-m2-de_inferno,5,teamB,13150,1800,1,0,0
s1-r3-a2-m2-de_inferno,6,teamA,32200,4600,4,1,0
s1-r3-a2-m2-de_inferno,6,teamB,23350,22250,4,1,0
s1-r3-a2-m2-de_inferno,7,teamA,33600,20600,4,1,0
s1-r3-a2-m2-de_inferno,7,teamB,19550,13300,4,1,0
s1-r3-a2-m2-de_inferno,8,teamA,21100,18400,4,1,0
s1-r3-a2-m2-de_inferno,8,teamB,24100,20000,4,1,0
s1-r3-a2-m2-de_inferno,9,teamA,12600,5900,1,0,1
s1-r3-a2-m2-de_inferno,9,teamB,22550,8650,4,1,0
s1-r3-a2-m2-de_inferno,10,teamA,21500,21250,4,0,1
s1-r3-a2-m2-de_inferno,10,teamB,32700,9800,4,1,0
s1-r3-a2-m2-de_inferno,11,teamA,19250,12400,5,0,0
s1-r3-a2-m2-de_inferno,11,teamB,31000,22600,4,1,0
s1-r3-a2-m2-de_inferno,12,teamA,25250,22750,4,1,0
s1-r3-a2-m2-de_inferno,12,teamB,19600,14250,4,1,0
s1-r3-a2-m2-de_inferno,13,teamA,4000,3400,0,0,0
s1-r3-a2-m2-de_inferno,13,teamB,4000,3450,0,0,0
s1-r3-a2-m2-de_inferno,14,teamA,21150,20050,3,0,2
s1-r3-a2-m2-de_inferno,14,teamB,14250,13800,2,0,1
s1-r3-a2-m2-de_inferno,15,teamA,21650,19800,3,1,1
s1-r3-a2-m2-de_inferno,15,teamB,16950,6650,0,0,0
s1-r3-a2-m2-de_inferno,16,teamA,22700,20100,3,1,1
s1-r3-a2-m2-de_inferno,16,teamB,29100,26150,4,1,0
s1-r3-a2-m2-de_inferno,17,teamA,21700,10600,4,1,0
s1-r3-a2-m2-de_inferno,17,teamB,20250,11000,1,0,0
s1-r3-a2-m2-de_inferno,18,teamA,18100,14500,4,1,0
s1-r3-a2-m2-de_inferno,18,teamB,27650,12150,4,1,0
s1-r3-a2-m2-de_inferno,19,teamA,15300,3500,0,0,0
s1-r3-a2-m2-de_inferno,19,teamB,33050,20100,4,1,0
s1-r3-a2-m2-de_inferno,20,teamA,25150,21900,4,1,0
s1-r3-a2-m2-de_inferno,20,teamB,31250,17100,4,1,0
s1-r3-a2-m2-de_inferno,21,teamA,19200,13200,0,1,2
s1-r3-a2-m2-de_inferno,21,teamB,32200,13700,2,1,2
s1-r3-a2-m2-de_inferno,22,teamA,24700,24100,5,0,0
s1-r3-a2-m2-de_inferno,22,teamB,38200,14050,4,1,0
s1-r3-a2-m2-de_inferno,23,teamA,19600,18750,4,1,0
s1-r3-a2-m2-de_inferno,23,teamB,32350,26650,4,1,0
s1-r3-a2-m2-de_inferno,24,teamA,21200,18700,4,1,0
s1-r3-a2-m2-de_inferno,24,teamB,19200,19050,3,0,0
s1-r3-e1-m1-de_ancient,1,teamA,4000,3350,0,0,0
s1-r3-e1-m1-de_ancient,1,teamB,4000,3400,0,0,0
s1-r3-e1-m1-de_ancient,2,teamA,18700,17750,4,0,1
s1-r3-e1-m1-de_ancient,2,teamB,11200,700,0,0,0
s1-r3-e1-m1-de_ancient,3,teamA,19600,3100,4,0,1
s1-r3-e1-m1-de_ancient,3,teamB,22500,22300,5,0,0
s1-r3-e1-m1-de_ancient,4,teamA,27300,20100,5,0,0
s1-r3-e1-m1-de_ancient,4,teamB,20200,18450,5,0,0
s1-r3-e1-m1-de_ancient,5,teamA,24650,11800,5,0,0
s1-r3-e1-m1-de_ancient,5,teamB,12000,0,0,0,0
s1-r3-e1-m1-de_ancient,6,teamA,30600,3700,5,0,0
s1-r3-e1-m1-de_ancient,6,teamB,24000,23900,4,1,0
s1-r3-e1-m1-de_ancient,7,teamA,45100,9000,5,0,0
s1-r3-e1-m1-de_ancient,7,teamB,15150,4800,2,1,0
s1-r3-e1-m1-de_ancient,8,teamA,44000,26450,4,1,0
s1-r3-e1-m1-de_ancient,8,teamB,29350,19200,4,1,0
s1-r3-e1-m1-de_ancient,9,teamA,26850,23600,5,0,0
s1-r3-e1-m1-de_ancient,9,teamB,29150,9650,4,1,0
s1-r3-e1-m1-de_ancient,10,teamA,20650,18100,4,1,0
s1-r3-e1-m1-de_ancient,10,teamB,30700,26600,4,1,0
s1-r3-e1-m1-de_ancient,11,teamA,20400,15500,4,1,0
s1-r3-e1-m1-de_ancient,11,teamB,17550,7300,1,0,0
s1-r3-e1-m1-de_ancient,12,teamA,22050,12900,4,1,0
s1-r3-e1-m1-de_ancient,12,teamB,22300,21850,3,0,2
s1-r3-e1-m1-de_ancient,13,teamA,4000,3400,0,0,0
s1-r3-e1-m1-de_ancient,13,teamB,4000,3400,0,0,0
s1-r3-e1-m1-de_ancient,14,teamA,10650,0,0,0,0
s1-r3-e1-m1-de_ancient,14,teamB,18650,17750,5,0,0
s1-r3-e1-m1-de_ancient,15,teamA,23200,22800,4,1,0
s1-r3-e1-m1-de_ancient,15,teamB,18650,6800,5,0,0
s1-r3-e1-m1-de_ancient,16,teamA,20700,19400,4,1,0
s1-r3-e1-m1-de_ancient,16,teamB,23350,20050,3,1,0
s1-r3-e1-m1-de_ancient,17,teamA,20400,16350,2,1,2
s1-r3-e1-m1-de_ancient,17,teamB,11500,0,0,0,0
s1-r3-e1-m1-de_ancient,18,teamA,22650,10000,3,1,1
s1-r3-e1-m1-de_ancient,18,teamB,22900,21900,5,0,0
s1-r3-e1-m1-de_ancient,19,teamA,20350,18850,2,1,1
s1-r3-e1-m1-de_ancient,19,teamB,18850,12900,4,1,0
s1-r3-e1-m1-de_ancient,20,teamA,21000,8650,4,1,0
s1-r3-e1-m1-de_ancient,20,teamB,18550,18050,3,0,1
s1-r3-e1-m1-de_ancient,21,teamA,21400,20050,4,1,0
s1-r3-e1-m1-de_ancient,21,teamB,19500,19050,5,0,0
s1-r3-e1-m1-de_ancient,22,teamA,11750,300,1,0,0
s1-r3-e1-m1-de_ancient,22,teamB,19450,12600,4,1,0
s1-r3-e1-m1-de_ancient,23,teamA,25100,24850,4,1,0
s1-r3-e1-m1-de_ancient,23,teamB,24900,13800,4,0,0
s1-r3-e1-m1-de_ancient,24,teamA,16100,14100,4,0,1
s1-r3-e1-m1-de_ancient,24,teamB,26800,18250,5,0,0
s1-r3-e1-m2-de_inferno,1,teamA,4000,3350,0,0,0
s1-r3-e1-m2-de_inferno,1,teamB,4000,3400,0,0,0
s1-r3-e1-m2-de_inferno,2,teamA,18700,17700,4,0,1
s1-r3-e1-m2-de_inferno,2,teamB,10650,10150,0,0,0
s1-r3-e1-m2-de_inferno,3,teamA,19550,13000,5,0,0
s1-r3-e1-m2-de_inferno,3,teamB,13750,700,0,0,0
s1-r3-e1-m2-de_inferno,4,teamA,24600,11200,5,0,0
s1-r3-e1-m2-de_inferno,4,teamB,27950,27750,4,1,0
s1-r3-e1-m2-de_inferno,5,teamA,24000,22050,4,0,1
s1-r3-e1-m2-de_inferno,5,teamB,20750,11250,4,1,0
s1-r3-e1-m2-de_inferno,6,teamA,19800,13300,4,1,0
s1-r3-e1-m2-de_inferno,6,teamB,22400,21900,3,1,1
s1-r3-e1-m2-de_inferno,7,teamA,13500,11000,2,0,0
s1-r3-e1-m2-de_inferno,7,teamB,19100,8300,3,1,1
s1-r3-e1-m2-de_inferno,8,teamA,18750,12800,5,0,0
s1-r3-e1-m2-de_inferno,8,teamB,20700,12750,3,1,1
s1-r3-e1-m2-de_inferno,9,teamA,13550,9750,1,0,0
s1-r3-e1-m2-de_inferno,9,teamB,27350,15000,4,1,0
s1-r3-e1-m2-de_inferno,10,teamA,11300,300,0,0,0
s1-r3-e1-m2-de_inferno,10,teamB,30250,9800,3,1,0
s1-r3-e1-m2-de_inferno,11,teamA,23000,21500,5,0,0
s1-r3-e1-m2-de_inferno,11,teamB,39250,6200,4,1,0
s1-r3-e1-m2-de_inferno,12,teamA,20000,19300,5,0,0
s1-r3-e1-m2-de_inferno,12,teamB,53400,20450,4,1,0
s1-r3-e1-m2-de_inferno,13,teamA,4000,3400,0,0,0
s1-r3-e1-m2-de_inferno,13,teamB,4000,3400,0,0,0
s1-r3-e1-m2-de_inferno,14,teamA,10650,0,0,0,0
s1-r3-e1-m2-de_inferno,14,teamB,18650,17800,3,0,2
s1-r3-e1-m2-de_inferno,15,teamA,22650,22100,5,0,0
s1-r3-e1-m2-de_inferno,15,teamB,18400,2400,3,0,2
s1-r3-e1-m2-de_inferno,16,teamA,19550,5450,5,0,0
s1-r3-e1-m2-de_inferno,16,teamB,23000,22400,5,0,0
s1-r3-e1-m2-de_inferno,17,teamA,24700,21700,4,1,0
s1-r3-e1-m2-de_inferno,17,teamB,19600,12900,5,0,0
s1-r3-e1-m2-de_inferno,18,teamA,21250,11700,4,1,0
s1-r3-e1-m2-de_inferno,18,teamB,12600,12450,3,0,1
s1-r3-e1-m2-de_inferno,19,teamA,28350,13800,4,1,0
s1-r3-e1-m2-de_inferno,19,teamB,10250,50,0,0,0
s1-r3-e1-m2-de_inferno,20,teamA,32950,2300,4,1,0
s1-r3-e1-m2-de_inferno,20,teamB,22200,21400,5,0,0
s1-r3-e1-m2-de_inferno,21,teamA,49050,9550,4,1,0
s1-r3-e1-m2-de_inferno,21,teamB,15600,8600,0,0,0
s1-r3-e1-m2-de_inferno,22,teamA,57350,9400,4,1,0
s1-r3-e1-m2-de_inferno,22,teamB,24300,22900,5,0,0
s1-r3-e1-m2-de_inferno,23,teamA,63950,16100,4,1,0
s1-r3-e1-m2-de_inferno,23,teamB,18800,18400,5,0,0
s1-r3-e2-m1-de_dust2,1,teamA,4000,3300,0,0,0
s1-r3-e2-m1-de_dust2,1,teamB,4000,3400,0,0,0
s1-r3-e2-m1-de_dust2,2,teamA,10800,0,0,0,0
s1-r3-e2-m1-de_dust2,2,teamB,19600,12100,2,0,1
s1-r3-e2-m1-de_dust2,3,teamA,22500,21700,5,0,0
s1-r3-e2-m1-de_dust2,3,teamB,23850,10950,2,1,2
s1-r3-e2-m1-de_dust2,4,teamA,19800,16350,4,0,1
s1-r3-e2-m1-de_dust2,4,teamB,22100,21600,3,1,0
s1-r3-e2-m1-de_dust2,5,teamA,21200,13150,3,1,1
s1-r3-e2-m1-de_dust2,5,teamB,11450,1800,0,0,0
s1-r3-e2-m1-de_dust2,6,teamA,26750,7400,3,1,1
s1-r3-e2-m1-de_dust2,6,teamB,21900,19050,5,0,0
s1-r3-e2-m1-de_dust2,7,teamA,31050,26250,4,1,0
s1-r3-e2-m1-de_dust2,7,teamB,22900,20650,4,1,0
s1-r3-e2-m1-de_dust2,8,teamA,23000,8300,4,1,0
s1-r3-e2-m1-de_dust2,8,teamB,12300,1200,3,0,0
s1-r3-e2-m1-de_dust2,9,teamA,33400,8800,4,1,0
s1-r3-e2-m1-de_dust2,9,teamB,23650,19900,4,1,0
s1-r3-e2-m1-de_dust2,10,teamA,42250,20300,4,1,0
s1-r3-e2-m1-de_dust2,10,teamB,20450,10600,2,0,0
s1-r3-e2-m1-de_dust2,11,teamA,40950,16700,4,1,0
s1-r3-e2-m1-de_dust2,11,teamB,28200,23900,4,1,0
s1-r3-e2-m1-de_dust2,12,teamA,42300,28950,3,2,0
s1-r3-e2-m1-de_dust2,12,teamB,22750,22200,3,1,1
s1-r3-e2-m1-de_dust2,13,teamA,4000,3300,0,0,0
s1-r3-e2-m1-de_dust2,13,teamB,4000,3500,0,0,0
s1-r3-e2-m1-de_dust2,14,teamA,21250,20300,4,0,1
s1-r3-e2-m1-de_dust2,14,teamB,14500,13200,1,0,1
s1-r3-e2-m1-de_dust2,15,teamA,20550,10200,4,0,1
s1-r3-e2-m1-de_dust2,15,teamB,13600,2700,0,0,0
s1-r3-e2-m1-de_dust2,16,teamA,29650,19950,4,1,0
s1-r3-e2-m1-de_dust2,16,teamB,24900,24450,4,1,0
s1-r3-e2-m1-de_dust2,17,teamA,17050,16550,4,0,1
s1-r3-e2-m1-de_dust2,17,teamB,19250,8500,4,1,0
s1-r3-e2-m1-de_dust2,18,teamA,12200,800,2,0,0
s1-r3-e2-m1-de_dust2,18,teamB,29450,20600,4,1,0
s1-r3-e2-m2-de_inferno,1,teamA,4000,3300,0,0,0
s1-r3-e2-m2-de_inferno,1,teamB,4000,3450,0,0,0
s1-r3-e2-m2-de_inferno,2,teamA,19400,18400,4,0,1
s1-r3-e2-m2-de_inferno,2,teamB,10600,8500,0,0,0
s1-r3-e2-m2-de_inferno,3,teamA,5500,5050,2,0,0
s1-r3-e2-m2-de_inferno,3,teamB,20000,15700,4,0,1
s1-r3-e2-m2-de_inferno,4,teamA,9950,0,0,0,0
s1-r3-e2-m2-de_inferno,4,teamB,23300,7900,4,0,1
s1-r3-e2-m2-de_inferno,5,teamA,21650,21000,5,0,0
s1-r3-e2-m2-de_inferno,5,teamB,34400,2300,4,0,1
s1-r3-e2-m2-de_inferno,6,teamA,19650,18650,5,0,0
s1-r3-e2-m2-de_inferno,6,teamB,52950,25550,4,1,0
s1-r3-e2-m2-de_inferno,7,teamA,17650,7600,0,0,0
s1-r3-e2-m2-de_inferno,7,teamB,46200,4600,4,1,0
s1-r3-e2-m2-de_inferno,8,teamA,28850,23850,4,1,0
s1-r3-e2-m2-de_inferno,8,teamB,50400,23900,4,1,0
s1-r3-e2-m2-de_inferno,9,teamA,17100,10400,1,1,0
s1-r3-e2-m2-de_inferno,9,teamB,44950,18900,4,1,0
s1-r3-e2-m2-de_inferno,10,teamA,25050,17100,4,1,0
s1-r3-e2-m2-de_inferno,10,teamB,34500,27200,3,1,1
s1-r3-e2-m2-de_inferno,11,teamA,24150,15900,3,0,1
s1-r3-e2-m2-de_inferno,11,teamB,27850,20450,4,1,0
s1-r3-e2-m2-de_inferno,12,teamA,23350,22600,5,0,0
s1-r3-e2-m2-de_inferno,12,teamB,26200,19100,4,1,0
s1-r3-e2-m2-de_inferno,13,teamA,4000,3550,0,0,0
s1-r3-e2-m2-de_inferno,13,teamB,4000,3550,0,0,0
s1-r3-e2-m2-de_inferno,14,teamA,21000,20400,4,0,1
s1-r3-e2-m2-de_inferno,14,teamB,14150,13600,2,0,0
s1-r3-e2-m2-de_inferno,15,teamA,8700,8250,2,0,2
s1-r3-e2-m2-de_inferno,15,teamB,19250,13100,5,0,0
s1-r3-e2-m2-de_inferno,16,teamA,13300,1300,1,0,0
s1-r3-e2-m2-de_inferno,16,teamB,25150,22250,4,0,1
s1-r3-e2-m2-de_inferno,17,teamA,24800,22300,4,1,0
s1-r3-e2-m2-de_inferno,17,teamB,21900,11250,4,0,1
s1-r3-e2-m2-de_inferno,18,teamA,21300,12650,4,1,0
s1-r3-e2-m2-de_inferno,18,teamB,17950,16200,3,0,0
s1-r3-e2-m2-de_inferno,19,teamA,18300,13800,4,1,0
s1-r3-e2-m2-de_inferno,19,teamB,19100,9600,5,0,0
s1-r3-m1-m1-de_mirage,1,teamA,4000,3350,0,0,0
s1-r3-m1-m1-de_mirage,1,teamB,4000,3400,0,0,0
s1-r3-m1-m1-de_mirage,2,teamA,14350,13800,1,0,0
s1-r3-m1-m1-de_mirage,2,teamB,21150,20900,4,0,1
s1-r3-m1-m1-de_mirage,3,teamA,15850,4300,0,0,0
s1-r3-m1-m1-de_mirage,3,teamB,20800,6500,4,0,1
s1-r3-m1-m1-de_mirage,4,teamA,25000,23700,5,0,0
s1-r3-m1-m1-de_mirage,4,teamB,33300,15750,3,1,1
s1-r3-m1-m1-de_mirage,5,teamA,20300,15600,5,0,0
s1-r3-m1-m1-de_mirage,5,teamB,26200,21900,4,1,0
s1-r3-m1-m1-de_mirage,6,teamA,20900,11750,2,0,0
s1-r3-m1-m1-de_mirage,6,teamB,24850,21000,4,1,0
s1-r3-m1-m1-de_mirage,7,teamA,24550,23600,4,1,0
s1-r3-m1-m1-de_mirage,7,teamB,22250,17550,4,1,0
s1-r3-m1-m1-de_mirage,8,teamA,18500,18150,5,0,0
s1-r3-m1-m1-de_mirage,8,teamB,13900,7400,0,0,1
s1-r3-m1-m1-de_mirage,9,teamA,18350,9500,1,0,0
s1-r3-m1-m1-de_mirage,9,teamB,21050,17050,5,0,0
s1-r3-m1-m1-de_mirage,10,teamA,27650,26050,4,1,0
s1-r3-m1-m1-de_mirage,10,teamB,24150,20850,5,0,0
s1-r3-m1-m1-de_mirage,11,teamA,19650,15500,5,0,0
s1-r3-m1-m1-de_mirage,11,teamB,11950,650,0,0,0
s1-r3-m1-m1-de_mirage,12,teamA,19750,18800,3,0,1
s1-r3-m1-m1-de_mirage,12,teamB,31500,21050,4,1,0
s1-r3-m1-m1-de_mirage,13,teamA,4000,3450,0,0,0
s1-r3-m1-m1-de_mirage,13,teamB,4000,3350,0,0,0
s1-r3-m1-m1-de_mirage,14,teamA,10600,9900,0,0,1
s1-r3-m1-m1-de_mirage,14,teamB,18700,18200,4,0,1
s1-r3-m1-m1-de_mirage,15,teamA,13300,2000,0,0,1
s1-r3-m1-m1-de_mirage,15,teamB,19200,9300,5,0,0
s1-r3-m1-m1-de_mirage,16,teamA,26600,25450,4,1,0
s1-r3-m1-m1-de_mirage,16,teamB,28900,12800,5,0,0
s1-r3-m1-m1-de_mirage,17,teamA,21500,11150,4,1,0
s1-r3-m1-m1-de_mirage,17,teamB,26500,24050,3,1,0
s1-r3-m1-m1-de_mirage,18,teamA,29350,23700,4,1,0
s1-r3-m1-m1-de_mirage,18,teamB,13150,700,0,0,0
s1-r3-m1-m1-de_mirage,19,teamA,24250,5200,4,1,0
s1-r3-m1-m1-de_mirage,19,teamB,23750,23400,5,0,0
s1-r3-m1-m1-de_mirage,20,teamA,38050,14400,4,1,0
s1-r3-m1-m1-de_mirage,20,teamB,15450,7250,0,0,0
s1-r3-m1-m1-de_mirage,21,teamA,42250,14600,4,1,0
s1-r3-m1-m1-de_mirage,21,teamB,25600,23700,5,0,0
s1-r3-m1-m1-de_mirage,22,teamA,35750,23000,4,1,0
s1-r3-m1-m1-de_mirage,22,teamB,20600,12100,5,0,0
s1-r3-m1-m1-de_mirage,23,teamA,31750,15000,4,1,0
s1-r3-m1-m1-de_mirage,23,teamB,23600,22200,5,0,0
s1-r3-m2-m1-de_overpass,1,teamA,4000,3400,0,0,0
s1-r3-m2-m1-de_overpass,1,teamB,4000,3400,0,0,0
s1-r3-m2-m1-de_overpass,2,teamA,18650,17550,3,0,2
s1-r3-m2-m1-de_overpass,2,teamB,11200,10150,0,0,3
s1-r3-m2-m1-de_overpass,3,teamA,19450,9650,4,0,1
s1-r3-m2-m1-de_overpass,3,teamB,14150,3350,0,0,0
s1-r3-m2-m1-de_overpass,4,teamA,27850,9650,4,1,0
s1-r3-m2-m1-de_overpass,4,teamB,25000,24650,4,1,0
s1-r3-m2-m1-de_overpass,5,teamA,36250,16700,4,1,0
s1-r3-m2-m1-de_overpass,5,teamB,18600,9900,1,0,2
s1-r3-m2-m1-de_overpass,6,teamA,37400,15300,4,1,0
s1-r3-m2-m1-de_overpass,6,teamB,27350,26950,4,1,0
s1-r3-m2-m1-de_overpass,7,teamA,27800,19800,4,1,0
s1-r3-m2-m1-de_overpass,7,teamB,18650,7150,3,1,0
s1-r3-m2-m1-de_overpass,8,teamA,27000,12100,4,1,0
s1-r3-m2-m1-de_overpass,8,teamB,26900,22850,4,1,0
s1-r3-m2-m1-de_overpass,9,teamA,22500,21450,4,1,0
s1-r3-m2-m1-de_overpass,9,teamB,23050,15100,4,1,0
s1-r3-m2-m1-de_overpass,10,teamA,19350,14600,4,1,0
s1-r3-m2-m1-de_overpass,10,teamB,20750,19400,3,1,1
s1-r3-m2-m1-de_overpass,11,teamA,10650,0,0,1,0
s1-r3-m2-m1-de_overpass,11,teamB,19700,9900,4,1,0
s1-r3-m2-m1-de_overpass,12,teamA,20350,19350,4,0,1
s1-r3-m2-m1-de_overpass,12,teamB,28100,17000,4,1,0
s1-r3-m2-m1-de_overpass,13,teamA,4000,3400,0,0,0
s1-r3-m2-m1-de_overpass,13,teamB,4000,3350,0,0,0
s1-r3-m2-m1-de_overpass,14,teamA,11750,9600,0,0,2
s1-r3-m2-m1-de_overpass,14,teamB,18700,17750,3,0,2
s1-r3-m2-m1-de_overpass,15,teamA,22800,19200,3,1,1
s1-r3-m2-m1-de_overpass,15,teamB,12150,11650,1,0,0
s1-r3-m2-m1-de_overpass,16,teamA,22000,12500,4,1,0
s1-r3-m2-m1-de_overpass,16,teamB,10600,500,0,0,0
s1-r3-m2-m1-de_overpass,17,teamA,28500,9350,4,1,0
s1-r3-m2-m1-de_overpass,17,teamB,22400,22100,5,0,0
s1-r3-m2-m1-de_overpass,18,teamA,38800,13300,4,1,0
s1-r3-m2-m1-de_overpass,18,teamB,18700,14700,4,0,0
s1-r3-m3-m1-de_inferno,1,teamA,4000,3350,0,0,0
s1-r3-m3-m1-de_inferno,1,teamB,4000,3550,0,0,0
s1-r3-m3-m1-de_inferno,2,teamA,13750,13400,2,0,0
s1-r3-m3-m1-de_inferno,2,teamB,21000,19800,3,0,2
s1-r3-m3-m1-de_inferno,3,teamA,18400,17150,4,0,1
s1-r3-m3-m1-de_inferno,3,teamB,10200,8700,0,0,0
s1-r3-m3-m1-de_inferno,4,teamA,7150,5650,1,0,0
s1-r3-m3-m1-de_inferno,4,teamB,19950,11850,3,1,1
s1-r3-m3-m1-de_inferno,5,teamA,18950,13000,5,0,0
s1-r3-m3-m1-de_inferno,5,teamB,16500,14750,3,1,1
s1-r3-m3-m1-de_inferno,6,teamA,17450,6850,1,0,0
s1-r3-m3-m1-de_inferno,6,teamB,22200,20700,4,1,0
s1-r3-m3-m1-de_inferno,7,teamA,20100,19400,4,0,0
s1-r3-m3-m1-de_inferno,7,teamB,20200,9450,4,1,0
s1-r3-m3-m1-de_inferno,8,teamA,18750,11900,4,1,0
s1-r3-m3-m1-de_inferno,8,teamB,18650,18150,3,0,1
s1-r3-m3-m1-de_inferno,9,teamA,25350,15800,4,1,0
s1-r3-m3-m1-de_inferno,9,teamB,11650,600,2,0,0
s1-r3-m3-m1-de_inferno,10,teamA,27600,19500,3,1,1
s1-r3-m3-m1-de_inferno,10,teamB,24650,23900,4,1,0
s1-r3-m3-m1-de_inferno,11,teamA,26500,12400,4,1,0
s1-r3-m3-m1-de_inferno,11,teamB,16350,6650,0,1,0
s1-r3-m3-m1-de_inferno,12,teamA,31750,17400,4,1,0
s1-r3-m3-m1-de_inferno,12,teamB,28350,27450,4,1,0
s1-r3-m3-m1-de_inferno,13,teamA,4000,3550,0,0,0
s1-r3-m3-m1-de_inferno,13,teamB,4000,3550,0,0,0
s1-r3-m3-m1-de_inferno,14,teamA,12400,11100,0,0,1
s1-r3-m3-m1-de_inferno,14,teamB,20650,18950,2,0,3
s1-r3-m3-m1-de_inferno,15,teamA,22450,11600,3,0,1
s1-r3-m3-m1-de_inferno,15,teamB,12600,10900,0,0,0
s1-r3-m3-m1-de_inferno,16,teamA,29650,4950,3,0,1
s1-r3-m3-m1-de_inferno,16,teamB,11200,600,0,0,0
s1-r3-m3-m1-de_inferno,17,teamA,43800,9750,3,1,1
s1-r3-m3-m1-de_inferno,17,teamB,22900,22200,5,0,0
s1-r3-m3-m1-de_inferno,18,teamA,43000,29300,4,1,0
s1-r3-m3-m1-de_inferno,18,teamB,18750,15900,4,1,0
s1-r3-m3-m1-de_inferno,19,teamA,31400,13850,4,1,0
s1-r3-m3-m1-de_inferno,19,teamB,8950,7000,2,1,0
s1-r3-m3-m1-de_inferno,20,teamA,36550,14100,4,1,0
s1-r3-m3-m1-de_inferno,20,teamB,13450,12300,0,0,0
s1-r3-m4-m1-de_mirage,1,teamA,4000,3350,0,0,0
s1-r3-m4-m1-de_mirage,1,teamB,4000,3300,0,0,0
s1-r3-m4-m1-de_mirage,2,teamA,10750,0,0,0,0
s1-r3-m4-m1-de_mirage,2,teamB,19700,19250,4,0,1
s1-r3-m4-m1-de_mirage,3,teamA,26350,24400,5,0,0
s1-r3-m4-m1-de_mirage,3,teamB,21000,9100,4,0,1
s1-r3-m4-m1-de_mirage,4,teamA,20000,18300,5,0,0
s1-r3-m4-m1-de_mirage,4,teamB,21100,20900,3,1,1
s1-r3-m4-m1-de_mirage,5,teamA,20700,10350,3,0,1
s1-r3-m4-m1-de_mirage,5,teamB,10900,800,0,1,0
s1-r3-m4-m1-de_mirage,6,teamA,28750,12100,5,0,0
s1-r3-m4-m1-de_mirage,6,teamB,23000,21100,4,1,0
s1-r3-m4-m1-de_mirage,7,teamA,35050,14050,5,0,0
s1-r3-m4-m1-de_mirage,7,teamB,17500,6350,0,1,2
s1-r3-m4-m1-de_mirage,8,teamA,29200,25850,4,1,0
s1-r3-m4-m1-de_mirage,8,teamB,29750,23600,4,1,0
s1-r3-m4-m1-de_mirage,9,teamA,12650,1400,0,0,0
s1-r3-m4-m1-de_mirage,9,teamB,24950,11400,4,1,0
s1-r3-m4-m1-de_mirage,10,teamA,23250,22600,5,0,0
s1-r3-m4-m1-de_mirage,10,teamB,32550,5000,4,1,0
s1-r3-m4-m1-de_mirage,11,teamA,18700,18400,4,0,1
s1-r3-m4-m1-de_mirage,11,teamB,36600,30900,3,2,0
s1-r3-m4-m1-de_mirage,12,teamA,9800,9300,0,0,0
s1-r3-m4-m1-de_mirage,12,teamB,23900,7950,3,2,0
s1-r3-m4-m1-de_mirage,13,teamA,4000,3400,0,0,0
s1-r3-m4-m1-de_mirage,13,teamB,4000,3400,0,0,0
s1-r3-m4-m1-de_mirage,14,teamA,12300,11900,0,0,3
s1-r3-m4-m1-de_mirage,14,teamB,18650,18350,3,0,2
s1-r3-m4-m1-de_mirage,15,teamA,20600,18250,4,0,1
s1-r3-m4-m1-de_mirage,15,teamB,8500,7700,0,0,0
s1-r3-m4-m1-de_mirage,16,teamA,21950,13900,5,0,0
s1-r3-m4-m1-de_mirage,16,teamB,10500,0,0,0,0
s1-r3-m4-m1-de_mirage,17,teamA,27050,4900,5,0,0
s1-r3-m4-m1-de_mirage,17,teamB,22500,21750,5,0,0
s1-r3-m4-m1-de_mirage,18,teamA,40200,13900,5,0,0
s1-r3-m4-m1-de_mirage,18,teamB,12950,5600,1,0,0
s1-r3-m4-m1-de_mirage,19,teamA,45300,9150,4,1,0
s1-r3-m4-m1-de_mirage,19,teamB,23950,23500,4,1,0
s1-r3-m4-m1-de_mirage,20,teamA,43700,25800,3,2,0
s1-r3-m4-m1-de_mirage,20,teamB,19250,10200,4,1,0
s1-r3-m4-m1-de_mirage,21,teamA,27950,17300,3,2,0
s1-r3-m4-m1-de_mirage,21,teamB,27550,9000,4,1,0
s1-r3-m4-m1-de_mirage,22,teamA,23900,20400,4,1,0
s1-r3-m4-m1-de_mirage,22,teamB,36750,18850,4,1,0
s1-r3-m4-m1-de_mirage,23,teamA,22500,9850,4,1,0
s1-r3-m4-m1-de_mirage,23,teamB,27200,25350,4,1,0
s1-r4-a1-m1-de_overpass,1,teamA,4000,3400,0,0,0
s1-r4-a1-m1-de_overpass,1,teamB,4000,3300,0,0,0
s1-r4-a1-m1-de_overpass,2,teamA,10400,1400,0,0,0
s1-r4-a1-m1-de_overpass,2,teamB,19700,19300,4,0,1
s1-r4-a1-m1-de_overpass,3,teamA,21000,20600,5,0,0
s1-r4-a1-m1-de_overpass,3,teamB,19700,6900,4,0,1
s1-r4-a1-m1-de_overpass,4,teamA,15200,8150,0,0,0
s1-r4-a1-m1-de_overpass,4,teamB,31400,12850,3,1,1
s1-r4-a1-m1-de_overpass,5,teamA,28550,25950,4,1,0
s1-r4-a1-m1-de_overpass,5,teamB,39700,24050,3,1,1
s1-r4-a1-m1-de_overpass,6,teamA,20100,11050,0,0,0
s1-r4-a1-m1-de_overpass,6,teamB,34050,18000,4,1,0
s1-r4-a1-m1-de_overpass,7,teamA,30250,26350,4,1,0
s1-r4-a1-m1-de_overpass,7,teamB,36600,15650,3,1,0
s1-r4-a1-m1-de_overpass,8,teamA,21750,16600,4,1,0
s1-r4-a1-m1-de_overpass,8,teamB,26700,23850,3,1,1
s1-r4-a1-m1-de_overpass,9,teamA,23000,19800,4,1,0
s1-r4-a1-m1-de_overpass,9,teamB,13850,800,0,0,0
s1-r4-a1-m1-de_overpass,10,teamA,20950,2700,4,1,0
s1-r4-a1-m1-de_overpass,10,teamB,25050,24700,4,1,0
s1-r4-a1-m1-de_overpass,11,teamA,36650,9600,4,1,0
s1-r4-a1-m1-de_overpass,11,teamB,15200,12600,4,1,0
s1-r4-a1-m1-de_overpass,12,teamA,34050,28150,4,1,0
s1-r4-a1-m1-de_overpass,12,teamB,21600,10400,4,1,0
s1-r4-a1-m1-de_overpass,13,teamA,4000,3450,0,0,0
s1-r4-a1-m1-de_overpass,13,teamB,4000,3300,0,0,0
s1-r4-a1-m1-de_overpass,14,teamA,11150,700,0,0,0
s1-r4-a1-m1-de_overpass,14,teamB,19700,19050,5,0,0
s1-r4-a1-m1-de_overpass,15,teamA,23550,23050,4,1,0
s1-r4-a1-m1-de_overpass,15,teamB,18700,11600,5,0,0
s1-r4-a1-m1-de_overpass,16,teamA,19100,15200,4,1,0
s1-r4-a1-m1-de_overpass,16,teamB,14700,1400,0,0,0
s1-r4-a1-m1-de_overpass,17,teamA,22500,5300,4,1,0
s1-r4-a1-m1-de_overpass,17,teamB,22800,21000,5,0,0
s1-r4-a1-m1-de_overpass,18,teamA,37750,18700,4,1,0
s1-r4-a1-m1-de_overpass,18,teamB,18000,6750,1,0,0
s1-r4-a1-m1-de_overpass,19,teamA,38050,9800,4,1,0
s1-r4-a1-m1-de_overpass,19,teamB,25750,24000,5,0,0
s1-r4-a1-m1-de_overpass,20,teamA,47050,10800,4,1,0
s1-r4-a1-m1-de_overpass,20,teamB,19050,9750,0,0,0
s1-r4-a1-m1-de_overpass,21,teamA,54850,8900,4,1,0
s1-r4-a1-m1-de_overpass,21,teamB,26600,25900,4,1,0
s1-r4-a1-m1-de_overpass,22,teamA,63100,26450,4,1,0
s1-r4-a1-m1-de_overpass,22,teamB,22200,12700,5,0,0
s1-r4-a1-m1-de_overpass,23,teamA,56800,26250,4,1,0
s1-r4-a1-m1-de_overpass,23,teamB,31000,26550,4,1,0
s1-r4-a1-m1-de_overpass,24,teamA,38450,33050,4,1,0
s1-r4-a1-m1-de_overpass,24,teamB,22500,14150,4,1,0
s1-r4-a1-m2-de_ancient,1,teamA,4000,3300,0,0,0
s1-r4-a1-m2-de_ancient,1,teamB,4000,3400,0,0,0
s1-r4-a1-m2-de_ancient,2,teamA,18750,18050,4,0,1
s1-r4-a1-m2-de_ancient,2,teamB,11750,500,0,0,0
s1-r4-a1-m2-de_ancient,3,teamA,18450,3900,4,0,1
s1-r4-a1-m2-de_ancient,3,teamB,23250,23150,5,0,0
s1-r4-a1-m2-de_ancient,4,teamA,33350,24400,5,0,0
s1-r4-a1-m2-de_ancient,4,teamB,17350,7600,1,0,0
s1-r4-a1-m2-de_ancient,5,teamA,26800,20200,5,0,0
s1-r4-a1-m2-de_ancient,5,teamB,28950,28300,4,1,0
s1-r4-a1-m2-de_ancient,6,teamA,7600,5900,5,0,0
s1-r4-a1-m2-de_ancient,6,teamB,17450,6200,4,1,0
s1-r4-a1-m2-de_ancient,7,teamA,11500,0,0,0,0
s1-r4-a1-m2-de_ancient,7,teamB,30050,9350,4,1,0
s1-r4-a1-m2-de_ancient,8,teamA,23800,23600,5,0,0
s1-r4-a1-m2-de_ancient,8,teamB,39000,12950,4,1,0
s1-r4-a1-m2-de_ancient,9,teamA,15600,7750,0,0,0
s1-r4-a1-m2-de_ancient,9,teamB,44650,20250,4,1,0
s1-r4-a1-m2-de_ancient,10,teamA,24850,23600,5,0,0
s1-r4-a1-m2-de_ancient,10,teamB,42800,3900,4,1,0
s1-r4-a1-m2-de_ancient,11,teamA,19950,19100,5,0,0
s1-r4-a1-m2-de_ancient,11,teamB,47550,29450,4,1,0
s1-r4-a1-m2-de_ancient,12,teamA,15500,14550,1,0,1
s1-r4-a1-m2-de_ancient,12,teamB,36200,19600,4,1,0
s1-r4-a1-m2-de_ancient,13,teamA,4000,3400,0,0,0
s1-r4-a1-m2-de_ancient,13,teamB,4000,3350,0,0,0
s1-r4-a1-m2-de_ancient,14,teamA,19600,19100,3,0,2
s1-r4-a1-m2-de_ancient,14,teamB,10450,700,0,0,0
s1-r4-a1-m2-de_ancient,15,teamA,19800,9700,4,0,1
s1-r4-a1-m2-de_ancient,15,teamB,22050,21700,5,0,0
s1-r4-a1-m2-de_ancient,16,teamA,19300,18350,3,0,1
s1-r4-a1-m2-de_ancient,16,teamB,18400,17400,5,0,0
s1-r4-a1-m2-de_ancient,17,teamA,12100,10700,2,0,1
s1-r4-a1-m2-de_ancient,17,teamB,20000,16400,5,0,0
s1-r4-a1-m2-de_ancient,18,teamA,21000,18350,4,0,1
s1-r4-a1-m2-de_ancient,18,teamB,11800,11550,1,0,2
s1-r4-a1-m2-de_ancient,19,teamA,12100,10450,1,0,1
s1-r4-a1-m2-de_ancient,19,teamB,20150,19450,4,0,1
s1-r4-a1-m2-de_ancient,20,teamA,22500,14400,5,0,0
s1-r4-a1-m2-de_ancient,20,teamB,11600,11400,2,0,0
s1-r4-a1-m2-de_ancient,21,teamA,28650,20550,4,1,0
s1-r4-a1-m2-de_ancient,21,teamB,13900,3050,0,0,0
s1-r4-a1-m2-de_ancient,22,teamA,26900,13100,4,1,0
s1-r4-a1-m2-de_ancient,22,teamB,23450,22700,5,0,0
s1-r4-a1-m2-de_ancient,23,teamA,21700,20800,5,0,0
s1-r4-a1-m2-de_ancient,23,teamB,19750,12100,4,1,0
s1-r4-a1-m2-de_ancient,24,teamA,19900,17100,4,1,0
s1-r4-a1-m2-de_ancient,24,teamB,17250,16850,3,0,1
s1-r4-a2-m1-de_anubis,1,teamA,4000,3450,0,0,0
s1-r4-a2-m1-de_anubis,1,teamB,4000,3450,0,0,0
s1-r4-a2-m1-de_anubis,2,teamA,18300,16700,3,0,2
s1-r4-a2-m1-de_anubis,2,teamB,10850,10250,0,0,1
s1-r4-a2-m1-de_anubis,3,teamA,20900,14450,3,0,1
s1-r4-a2-m1-de_anubis,3,teamB,14850,2100,0,0,0
s1-r4-a2-m1-de_anubis,4,teamA,24800,9100,5,0,0
s1-r4-a2-m1-de_anubis,4,teamB,27100,26000,4,1,0
s1-r4-a2-m1-de_anubis,5,teamA,21900,21050,4,1,0
s1-r4-a2-m1-de_anubis,5,teamB,19550,13900,4,1,0
s1-r4-a2-m1-de_anubis,6,teamA,14150,1400,0,0,0
s1-r4-a2-m1-de_anubis,6,teamB,26200,18800,4,1,0
s1-r4-a2-m1-de_anubis,7,teamA,20850,18900,3,0,0
s1-r4-a2-m1-de_anubis,7,teamB,26150,18500,4,1,0
s1-r4-a2-m1-de_anubis,8,teamA,17450,5250,0,0,1
s1-r4-a2-m1-de_anubis,8,teamB,26650,19200,4,1,0
s1-r4-a2-m1-de_anubis,9,teamA,30300,24000,3,1,1
s1-r4-a2-m1-de_anubis,9,teamB,27800,13900,4,1,0
s1-r4-a2-m1-de_anubis,10,teamA,23400,21650,5,0,0
s1-r4-a2-m1-de_anubis,10,teamB,32700,6700,4,1,0
s1-r4-a2-m1-de_anubis,11,teamA,19050,8750,0,0,1
s1-r4-a2-m1-de_anubis,11,teamB,45000,10900,4,1,0
s1-r4-a2-m1-de_anubis,12,teamA,29900,28150,4,1,0
s1-r4-a2-m1-de_anubis,12,teamB,43650,32150,4,1,0
s1-r4-a2-m1-de_anubis,13,teamA,4000,3400,0,0,0
s1-r4-a2-m1-de_anubis,13,teamB,4000,3400,0,0,0
s1-r4-a2-m1-de_anubis,14,teamA,10100,900,0,0,0
s1-r4-a2-m1-de_anubis,14,teamB,18650,18200,4,0,1
s1-r4-a2-m1-de_anubis,15,teamA,21750,21300,4,0,1
s1-r4-a2-m1-de_anubis,15,teamB,19100,5900,5,0,0
s1-r4-a2-m1-de_anubis,16,teamA,15500,3900,1,0,0
s1-r4-a2-m1-de_anubis,16,teamB,32000,6450,4,0,1
s1-r4-a2-m1-de_anubis,17,teamA,29700,27100,4,1,0
s1-r4-a2-m1-de_anubis,17,teamB,43600,14450,4,1,0
s1-r4-a2-m1-de_anubis,18,teamA,21400,8850,4,1,0
s1-r4-a2-m1-de_anubis,18,teamB,36450,26550,4,1,0
s1-r4-a2-m2-de_inferno,1,teamA,4000,3450,0,0,0
s1-r4-a2-m2-de_inferno,1,teamB,4000,3550,0,0,0
s1-r4-a2-m2-de_inferno,2,teamA,13950,11350,0,0,1
s1-r4-a2-m2-de_inferno,2,teamB,21000,20450,4,0,1
s1-r4-a2-m2-de_inferno,3,teamA,15200,3350,0,0,0
s1-r4-a2-m2-de_inferno,3,teamB,19550,13400,4,0,1
s1-r4-a2-m2-de_inferno,4,teamA,26950,24400,5,0,0
s1-r4-a2-m2-de_inferno,4,teamB,25750,14850,4,1,0
s1-r4-a2-m2-de_inferno,5,teamA,20600,15050,3,0,1
s1-r4-a2-m2-de_inferno,5,teamB,19900,19150,1,1,2
s1-r4-a2-m2-de_inferno,6,teamA,18150,7750,1,0,0
s1-r4-a2-m2-de_inferno,6,teamB,18750,15150,4,1,0
s1-r4-a2-m2-de_inferno,7,teamA,25200,18800,2,0,2
s1-r4-a2-m2-de_inferno,7,teamB,22400,9400,4,1,0
s1-r4-a2-m2-de_inferno,8,teamA,25250,22800,5,0,0
s1-r4-a2-m2-de_inferno,8,teamB,32950,13000,4,1,0
s1-r4-a2-m2-de_inferno,9,teamA,19750,10950,0,0,0
s1-r4-a2-m2-de_inferno,9,teamB,38350,9400,4,1,0
s1-r4-a2-m2-de_inferno,10,teamA,25300,24200,5,0,0
s1-r4-a2-m2-de_inferno,10,teamB,47950,3300,4,1,0
s1-r4-a2-m2-de_inferno,11,teamA,19150,7800,5,0,0
s1-r4-a2-m2-de_inferno,11,teamB,52200,30050,4,1,0
s1-r4-a2-m2-de_inferno,12,teamA,25850,24700,3,1,1
s1-r4-a2-m2-de_inferno,12,teamB,41150,11750,4,1,0
s1-r4-a2-m2-de_inferno,13,teamA,4000,2750,0,0,0
s1-r4-a2-m2-de_inferno,13,teamB,4000,3450,0,0,0
s1-r4-a2-m2-de_inferno,14,teamA,12400,11700,0,0,2
s1-r4-a2-m2-de_inferno,14,teamB,18600,17700,4,0,1
s1-r4-a2-m2-de_inferno,15,teamA,13550,12800,2,0,2
s1-r4-a2-m2-de_inferno,15,teamB,19900,9000,5,0,0
s1-r4-a3-m1-de_ancient,1,teamA,4000,3450,0,0,0
s1-r4-a3-m1-de_ancient,1,teamB,4000,3450,0,0,0
s1-r4-a3-m1-de_ancient,2,teamA,13650,12800,1,0,1
s1-r4-a3-m1-de_ancient,2,teamB,21100,19350,2,0,3
s1-r4-a3-m1-de_ancient,3,teamA,16750,8200,0,0,0
s1-r4-a3-m1-de_ancient,3,teamB,22900,13150,4,0,1
s1-r4-a3-m1-de_ancient,4,teamA,23150,22600,5,0,0
s1-r4-a3-m1-de_ancient,4,teamB,29450,10950,3,1,1
s1-r4-a3-m1-de_ancient,5,teamA,21450,20700,5,0,0
s1-r4-a3-m1-de_ancient,5,teamB,39250,13200,4,1,0
s1-r4-a3-m1-de_ancient,6,teamA,18800,14000,4,1,0
s1-r4-a3-m1-de_ancient,6,teamB,35050,27600,4,1,0
s1-r4-a3-m1-de_ancient,7,teamA,17400,7750,1,0,0
s1-r4-a3-m1-de_ancient,7,teamB,26250,9700,4,1,0
s1-r4-a3-m1-de_ancient,8,teamA,25500,17900,4,1,0
s1-r4-a3-m1-de_ancient,8,teamB,24200,23150,3,1,1
s1-r4-a3-m1-de_ancient,9,teamA,14600,12200,4,0,0
s1-r4-a3-m1-de_ancient,9,teamB,18950,7850,4,1,0
s1-r4-a3-m1-de_ancient,10,teamA,20250,12800,4,1,0
s1-r4-a3-m1-de_ancient,10,teamB,19000,3550,0,0,0
s1-r4-a3-m1-de_ancient,11,teamA,26250,4400,4,1,0
s1-r4-a3-m1-de_ancient,11,teamB,24450,24000,4,1,0
s1-r4-a3-m1-de_ancient,12,teamA,40350,17600,4,1,0
s1-r4-a3-m1-de_ancient,12,teamB,13800,11200,1,1,2
s1-r4-a3-m1-de_ancient,13,teamA,4000,3400,0,0,0
s1-r4-a3-m1-de_ancient,13,teamB,4000,3350,0,0,0
s1-r4-a3-m1-de_ancient,14,teamA,10100,0,0,0,0
s1-r4-a3-m1-de_ancient,14,teamB,18700,18100,3,0,2
s1-r4-a3-m1-de_ancient,15,teamA,23200,22950,5,0,0
s1-r4-a3-m1-de_ancient,15,teamB,18950,7100,3,0,2
s1-r4-a3-m1-de_ancient,16,teamA,20800,18000,4,0,1
s1-r4-a3-m1-de_ancient,16,teamB,23350,21300,4,0,0
s1-r4-a3-m1-de_ancient,17,teamA,13650,2450,0,0,0
s1-r4-a3-m1-de_ancient,17,teamB,19800,15150,4,0,1
s1-r4-a3-m1-de_ancient,18,teamA,22950,22350,5,0,0
s1-r4-a3-m1-de_ancient,18,teamB,22750,9700,5,0,0
s1-r4-a3-m1-de_ancient,19,teamA,16750,16550,4,0,1
s1-r4-a3-m1-de_ancient,19,teamB,31850,13400,3,0,2
s1-r4-a3-m2-de_inferno,1,teamA,4000,3450,0,0,0
s1-r4-a3-m2-de_inferno,1,teamB,4000,3400,0,0,0
s1-r4-a3-m2-de_inferno,2,teamA,14250,13350,2,0,0
s1-r4-a3-m2-de_inferno,2,teamB,21150,21000,4,0,1
s1-r4-a3-m2-de_inferno,3,teamA,17100,8050,1,0,0
s1-r4-a3-m2-de_inferno,3,teamB,20700,16650,4,0,1
s1-r4-a3-m2-de_inferno,4,teamA,27750,16300,5,0,0
s1-r4-a3-m2-de_inferno,4,teamB,11600,10550,1,0,3
s1-r4-a3-m2-de_inferno,5,teamA,29550,5600,5,0,0
s1-r4-a3-m2-de_inferno,5,teamB,10250,1000,2,0,2
s1-r4-a3-m2-de_inferno,6,teamA,41700,22850,4,1,0
s1-r4-a3-m2-de_inferno,6,teamB,23250,22950,5,0,0
s1-r4-a3-m2-de_inferno,7,teamA,26750,23900,5,0,0
s1-r4-a3-m2-de_inferno,7,teamB,19300,16350,3,1,1
s1-r4-a3-m2-de_inferno,8,teamA,16250,5200,0,0,0
s1-r4-a3-m2-de_inferno,8,teamB,24100,15050,4,1,0
s1-r4-a3-m2-de_inferno,9,teamA,29150,18150,5,0,0
s1-r4-a3-m2-de_inferno,9,teamB,16050,13100,4,1,0
s1-r4-a3-m2-de_inferno,10,teamA,18300,7400,2,0,0
s1-r4-a3-m2-de_inferno,10,teamB,21150,9400,4,1,0
s1-r4-a3-m2-de_inferno,11,teamA,16600,16200,5,0,0
s1-r4-a3-m2-de_inferno,11,teamB,29650,8000,4,1,0
s1-r4-a3-m2-de_inferno,12,teamA,12400,10900,0,0,0
s1-r4-a3-m2-de_inferno,12,teamB,40450,5900,4,1,0
s1-r4-a3-m2-de_inferno,13,teamA,4000,3400,0,0,0
s1-r4-a3-m2-de_inferno,13,teamB,4000,3350,0,0,0
s1-r4-a3-m2-de_inferno,14,teamA,11750,10950,0,0,3
s1-r4-a3-m2-de_inferno,14,teamB,18400,16400,3,0,1
s1-r4-a3-m2-de_inferno,15,teamA,21000,13350,2,0,3
s1-r4-a3-m2-de_inferno,15,teamB,7800,6000,0,0,0
s1-r4-a3-m2-de_inferno,16,teamA,27850,11950,3,0,2
s1-r4-a3-m2-de_inferno,16,teamB,10550,200,0,0,0
s1-r4-a3-m2-de_inferno,17,teamA,35800,2400,3,0,2
s1-r4-a3-m2-de_inferno,17,teamB,22350,21900,5,0,0
s1-r4-a3-m2-de_inferno,18,teamA,42150,28000,4,1,0
s1-r4-a3-m2-de_inferno,18,teamB,18500,14650,4,0,1
s1-r4-a3-m2-de_inferno,19,teamA,33150,14150,4,1,0
s1-r4-a3-m2-de_inferno,19,teamB,13950,2400,0,0,0
s1-r4-a3-m2-de_inferno,20,teamA,37600,5600,4,1,0
s1-r4-a3-m2-de_inferno,20,teamB,24350,23200,5,0,0
s1-r4-a3-m2-de_inferno,21,teamA,50450,14100,4,1,0
s1-r4-a3-m2-de_inferno,21,teamB,13350,5550,1,0,0
s1-r4-a3-m2-de_inferno,22,teamA,56500,24850,4,1,0
s1-r4-a3-m2-de_inferno,22,teamB,27550,23700,5,0,0
s1-r4-a3-m2-de_inferno,23,teamA,50450,16000,4,1,0
s1-r4-a3-m2-de_inferno,23,teamB,21450,20900,5,0,0
s1-r4-e1-m1-de_anubis,1,teamA,4000,3450,0,0,0
s1-r4-e1-m1-de_anubis,1,teamB,4000,3400,0,0,0
s1-r4-e1-m1-de_anubis,2,teamA,19550,19200,4,0,1
s1-r4-e1-m1-de_anubis,2,teamB,12850,12100,2,0,0
s1-r4-e1-m1-de_anubis,3,teamA,11250,8150,1,0,0
s1-r4-e1-m1-de_anubis,3,teamB,21350,15000,5,0,0
s1-r4-e1-m1-de_anubis,4,teamA,11600,700,0,0,0
s1-r4-e1-m1-de_anubis,4,teamB,25350,5050,4,0,1
s1-r4-e1-m1-de_anubis,5,teamA,23300,22000,5,0,0
s1-r4-e1-m1-de_anubis,5,teamB,39400,9350,4,1,0
s1-r4-e1-m1-de_anubis,6,teamA,20000,10050,1,0,0
s1-r4-e1-m1-de_anubis,6,teamB,50400,18700,4,1,0
s1-r4-e1-m1-de_anubis,7,teamA,30950,26550,4,1,0
s1-r4-e1-m1-de_anubis,7,teamB,52050,18900,4,1,0
s1-r4-e1-m1-de_anubis,8,teamA,21800,10900,1,0,0
s1-r4-e1-m1-de_anubis,8,teamB,51800,15300,4,1,0
s1-r4-e1-m1-de_anubis,9,teamA,28100,25950,4,1,0
s1-r4-e1-m1-de_anubis,9,teamB,54600,19000,4,1,0
s1-r4-e1-m1-de_anubis,10,teamA,19550,9900,1,0,0
s1-r4-e1-m1-de_anubis,10,teamB,53500,16850,4,1,0
s1-r4-e1-m1-de_anubis,11,teamA,27050,8500,4,1,0
s1-r4-e1-m1-de_anubis,11,teamB,44200,25350,4,1,0
s1-r4-e1-m1-de_anubis,12,teamA,35900,22650,4,1,0
s1-r4-e1-m1-de_anubis,12,teamB,30000,28600,4,1,0
s1-r4-e1-m1-de_anubis,13,teamA,4000,3400,0,0,0
s1-r4-e1-m1-de_anubis,13,teamB,4000,3350,0,0,0
s1-r4-e1-m1-de_anubis,14,teamA,19600,13700,3,0,1
s1-r4-e1-m1-de_anubis,14,teamB,11050,10600,0,0,1
s1-r4-e1-m1-de_anubis,15,teamA,23800,19750,4,1,0
s1-r4-e1-m1-de_anubis,15,teamB,16950,7850,0,0,0
s1-r4-e1-m1-de_anubis,16,teamA,11600,9400,2,1,2
s1-r4-e1-m1-de_anubis,16,teamB,27800,13750,5,0,0
s1-r4-e1-m1-de_anubis,17,teamA,21050,13800,4,1,0
s1-r4-e1-m1-de_anubis,17,teamB,27450,24150,4,1,0
s1-r4-e1-m1-de_anubis,18,teamA,16800,16200,3,1,1
s1-r4-e1-m1-de_anubis,18,teamB,22100,21600,3,1,1
s1-r4-e1-m1-de_anubis,19,teamA,20650,18250,4,1,0
s1-r4-e1-m1-de_anubis,19,teamB,11700,200,0,0,0
s1-r4-e1-m1-de_anubis,20,teamA,21200,2650,4,1,0
s1-r4-e1-m1-de_anubis,20,teamB,21000,20400,5,0,0
s1-r4-e1-m1-de_anubis,21,teamA,25550,17750,4,1,0
s1-r4-e1-m1-de_anubis,21,teamB,19400,4500,5,0,0
s1-r4-e1-m1-de_anubis,22,teamA,18400,18100,3,1,1
s1-r4-e1-m1-de_anubis,22,teamB,33700,13500,4,1,0
s1-r4-e1-m1-de_anubis,23,teamA,19100,18350,3,1,1
s1-r4-e1-m1-de_anubis,23,teamB,28200,24750,4,1,0
s1-r4-e1-m2-de_inferno,1,teamA,4000,3400,0,0,0
s1-r4-e1-m2-de_inferno,1,teamB,4000,3350,0,0,0
s1-r4-e1-m2-de_inferno,2,teamA,14300,13400,2,0,0
s1-r4-e1-m2-de_inferno,2,teamB,21200,20900,3,0,2
s1-r4-e1-m2-de_inferno,3,teamA,13200,2100,0,0,0
s1-r4-e1-m2-de_inferno,3,teamB,19300,9500,4,0,1
s1-r4-e1-m2-de_inferno,4,teamA,25900,24200,5,0,0
s1-r4-e1-m2-de_inferno,4,teamB,29400,12250,4,1,0
s1-r4-e1-m2-de_inferno,5,teamA,22900,22300,5,0,0
s1-r4-e1-m2-de_inferno,5,teamB,37500,17200,4,1,0
s1-r4-e1-m2-de_inferno,6,teamA,17900,4950,0,0,0
s1-r4-e1-m2-de_inferno,6,teamB,39300,10700,4,1,0
s1-r4-e1-m2-de_inferno,7,teamA,27900,26450,4,1,0
s1-r4-e1-m2-de_inferno,7,teamB,47400,15100,4,1,0
s1-r4-e1-m2-de_inferno,8,teamA,18750,5300,0,0,0
s1-r4-e1-m2-de_inferno,8,teamB,51100,11000,4,1,0
s1-r4-e1-m2-de_inferno,9,teamA,27050,26350,4,1,0
s1-r4-e1-m2-de_inferno,9,teamB,58500,9900,4,1,0
s1-r4-e1-m2-de_inferno,10,teamA,18100,9150,0,0,0
s1-r4-e1-m2-de_inferno,10,teamB,66700,14900,4,1,0
s1-r4-e1-m2-de_inferno,11,teamA,30150,26050,4,1,0
s1-r4-e1-m2-de_inferno,11,teamB,70100,23200,4,1,0
s1-r4-e1-m2-de_inferno,12,teamA,25200,25000,4,1,0
s1-r4-e1-m2-de_inferno,12,teamB,65250,29300,4,1,0
s1-r4-e1-m2-de_inferno,13,teamA,4000,3400,0,0,0
s1-r4-e1-m2-de_inferno,13,teamB,4000,3550,0,0,0
s1-r4-e1-m2-de_inferno,14,teamA,19600,19150,4,0,1
s1-r4-e1-m2-de_inferno,14,teamB,10550,9900,0,0,0
s1-r4-e1-m2-de_inferno,15,teamA,21000,15900,5,0,0
s1-r4-e1-m2-de_inferno,15,teamB,16550,7450,0,0,0
s1-r4-e1-m2-de_inferno,16,teamA,24100,10150,4,1,0
s1-r4-e1-m2-de_inferno,16,teamB,23600,23200,5,0,0
s1-r4-e2-m1-de_nuke,1,teamA,4000,3550,0,0,0
s1-r4-e2-m1-de_nuke,1,teamB,4000,3400,0,0,0
s1-r4-e2-m1-de_nuke,2,teamA,18850,18650,5,0,0
s1-r4-e2-m1-de_nuke,2,teamB,10100,8900,0,0,2
s1-r4-e2-m1-de_nuke,3,teamA,19200,9100,5,0,0
s1-r4-e2-m1-de_nuke,3,teamB,13850,2450,0,0,0
s1-r4-e2-m1-de_nuke,4,teamA,28150,12000,5,0,0
s1-r4-e2-m1-de_nuke,4,teamB,27000,25700,4,1,0
s1-r4-e2-m1-de_nuke,5,teamA,35150,16300,5,0,0
s1-r4-e2-m1-de_nuke,5,teamB,19750,8500,1,0,2
s1-r4-e2-m1-de_nuke,6,teamA,21650,10800,5,0,0
s1-r4-e2-m1-de_nuke,6,teamB,29200,8350,3,0,2
s1-r4-e2-m1-de_nuke,7,teamA,20950,20750,4,1,0
s1-r4-e2-m1-de_nuke,7,teamB,40450,14500,4,1,0
s1-r4-e2-m1-de_nuke,8,teamA,17850,13550,3,1,1
s1-r4-e2-m1-de_nuke,8,teamB,39600,27950,4,1,0
s1-r4-e2-m1-de_nuke,9,teamA,23000,9400,4,1,0
s1-r4-e2-m1-de_nuke,9,teamB,26700,12800,4,1,0
s1-r4-e2-m1-de_nuke,10,teamA,19500,16700,4,0,0
s1-r4-e2-m1-de_nuke,10,teamB,31950,9300,4,1,0
s1-r4-e2-m1-de_nuke,11,teamA,21800,16600,4,1,0
s1-r4-e2-m1-de_nuke,11,teamB,36300,24150,4,1,0
s1-r4-e2-m1-de_nuke,12,teamA,22950,20900,5,0,0
s1-r4-e2-m1-de_nuke,12,teamB,28850,25350,4,1,0
s1-r4-e2-m1-de_nuke,13,teamA,4000,3300,0,0,0
s1-r4-e2-m1-de_nuke,13,teamB,4000,3400,0,0,0
s1-r4-e2-m1-de_nuke,14,teamA,19700,19100,3,0,2
s1-r4-e2-m1-de_nuke,14,teamB,10100,0,0,0,0
s1-r4-e2-m1-de_nuke,15,teamA,19900,4200,3,0,2
s1-r4-e2-m1-de_nuke,15,teamB,22100,21700,5,0,0
s1-r4-e2-m1-de_nuke,16,teamA,24900,24700,5,0,0
s1-r4-e2-m1-de_nuke,16,teamB,18450,16500,5,0,0
s1-r4-e2-m1-de_nuke,17,teamA,20750,15700,5,0,0
s1-r4-e2-m1-de_nuke,17,teamB,15350,14350,1,0,2
s1-r4-e2-m1-de_nuke,18,teamA,24050,8800,5,0,0
s1-r4-e2-m1-de_nuke,18,teamB,13300,13100,1,0,2
s1-r4-e2-m1-de_nuke,19,teamA,22800,17600,4,1,0
s1-r4-e2-m1-de_nuke,19,teamB,19200,11500,5,0,0
s1-r4-e2-m2-de_inferno,1,teamA,4000,3350,0,0,0
s1-r4-e2-m2-de_inferno,1,teamB,4000,3400,0,0,0
s1-r4-e2-m2-de_inferno,2,teamA,10450,0,0,0,0
s1-r4-e2-m2-de_inferno,2,teamB,19600,19100,3,0,2
s1-r4-e2-m2-de_inferno,3,teamA,22450,22100,5,0,0
s1-r4-e2-m2-de_inferno,3,teamB,19800,4300,3,0,2
s1-r4-e2-m2-de_inferno,4,teamA,19050,12800,5,0,0
s1-r4-e2-m2-de_inferno,4,teamB,24200,18500,4,1,0
s1-r4-e2-m2-de_inferno,5,teamA,24350,8300,5,0,0
s1-r4-e2-m2-de_inferno,5,teamB,15750,7550,4,1,0
s1-r4-e2-m2-de_inferno,6,teamA,34100,16500,5,0,0
s1-r4-e2-m2-de_inferno,6,teamB,21650,21250,3,1,1
s1-r4-e2-m2-de_inferno,7,teamA,23300,16000,5,0,0
s1-r4-e2-m2-de_inferno,7,teamB,18900,14600,2,0,2
s1-r4-e2-m2-de_inferno,8,teamA,26000,7900,5,0,0
s1-r4-e2-m2-de_inferno,8,teamB,10650,700,1,0,1
s1-r4-e2-m2-de_inferno,9,teamA,36800,6000,5,0,0
s1-r4-e2-m2-de_inferno,9,teamB,22500,21500,4,0,1
s1-r4-e2-m2-de_inferno,10,teamA,49500,9600,5,0,0
s1-r4-e2-m2-de_inferno,10,teamB,16050,7800,1,0,2
s1-r4-e2-m2-de_inferno,11,teamA,58300,3700,5,0,0
s1-r4-e2-m2-de_inferno,11,teamB,25250,18450,3,1,1
s1-r4-e2-m2-de_inferno,12,teamA,65200,24400,5,0,0
s1-r4-e2-m2-de_inferno,12,teamB,27350,21150,4,1,0
s1-r4-e2-m2-de_inferno,13,teamA,4000,3400,0,0,0
s1-r4-e2-m2-de_inferno,13,teamB,4000,3500,0,0,0
s1-r4-e2-m2-de_inferno,14,teamA,11750,11650,0,0,2
s1-r4-e2-m2-de_inferno,14,teamB,18550,17950,2,0,3
s1-r4-e2-m2-de_inferno,15,teamA,20000,12750,3,0,2
s1-r4-e2-m2-de_inferno,15,teamB,8200,7000,0,0,0
s1-r4-e2-m2-de_inferno,16,teamA,27900,8900,4,0,1
s1-r4-e2-m2-de_inferno,16,teamB,10550,0,0,0,0
s1-r4-e2-m2-de_inferno,17,teamA,38900,5900,4,0,1
s1-r4-e2-m2-de_inferno,17,teamB,22550,21150,4,0,1
s1-r4-e2-m2-de_inferno,18,teamA,52000,23150,4,1,0
s1-r4-e2-m2-de_inferno,18,teamB,17100,16550,2,0,2
s1-r4-e2-m3-de_anubis,1,teamA,4000,3400,0,0,0
s1-r4-e2-m3-de_anubis,1,teamB,4000,3550,0,0,0
s1-r4-e2-m3-de_anubis,2,teamA,18650,17400,3,0,2
s1-r4-e2-m3-de_anubis,2,teamB,11600,10650,0,0,2
s1-r4-e2-m3-de_anubis,3,teamA,9150,3550,0,0,0
s1-r4-e2-m3-de_anubis,3,teamB,20550,17400,3,0,2
s1-r4-e2-m3-de_anubis,4,teamA,13700,5200,1,0,0
s1-r4-e2-m3-de_anubis,4,teamB,23350,14450,3,1,1
s1-r4-e2-m3-de_anubis,5,teamA,20500,19700,5,0,0
s1-r4-e2-m3-de_anubis,5,teamB,28600,9400,4,1,0
s1-r4-e2-m3-de_anubis,6,teamA,15900,7800,0,0,0
s1-r4-e2-m3-de_anubis,6,teamB,38000,12500,4,1,0
s1-r4-e2-m3-de_anubis,7,teamA,25000,24100,5,0,0
s1-r4-e2-m3-de_anubis,7,teamB,44100,7800,4,1,0
s1-r4-e2-m3-de_anubis,8,teamA,19600,1800,5,0,0
s1-r4-e2-m3-de_anubis,8,teamB,43300,17350,4,1,0
s1-r4-e2-m3-de_anubis,9,teamA,35650,11500,4,1,0
s1-r4-e2-m3-de_anubis,9,teamB,36550,27150,4,1,0
s1-r4-e2-m3-de_anubis,10,teamA,42200,20000,5,0,0
s1-r4-e2-m3-de_anubis,10,teamB,23300,22600,3,1,1
s1-r4-e2-m3-de_anubis,11,teamA,40900,12800,4,1,0
s1-r4-e2-m3-de_anubis,11,teamB,15850,13450,3,0,2
s1-r4-e2-m3-de_anubis,12,teamA,45650,16750,4,1,0
s1-r4-e2-m3-de_anubis,12,teamB,21100,20750,3,1,1
s1-r4-e2-m3-de_anubis,13,teamA,4000,3400,0,0,0
s1-r4-e2-m3-de_anubis,13,teamB,4000,3600,0,0,0
s1-r4-e2-m3-de_anubis,14,teamA,11200,0,0,0,0
s1-r4-e2-m3-de_anubis,14,teamB,18450,17850,4,0,1
s1-r4-e2-m3-de_anubis,15,teamA,23450,23300,5,0,0
s1-r4-e2-m3-de_anubis,15,teamB,19300,9100,5,0,0
s1-r4-e2-m3-de_anubis,16,teamA,15750,5400,1,0,0
s1-r4-e2-m3-de_anubis,16,teamB,29000,13400,5,0,0
s1-r4-e2-m3-de_anubis,17,teamA,29350,18350,5,0,0
s1-r4-e2-m3-de_anubis,17,teamB,23500,22300,2,1,1
s1-r4-e2-m3-de_anubis,18,teamA,29450,20050,4,1,0
s1-r4-e2-m3-de_anubis,18,teamB,9600,700,0,1,0
s1-r4-e2-m3-de_anubis,19,teamA,27250,6400,4,1,0
s1-r4-e2-m3-de_anubis,19,teamB,18500,17950,3,1,1
s1-r4-e2-m3-de_anubis,20,teamA,39650,8900,4,1,0
s1-r4-e2-m3-de_anubis,20,teamB,15150,7000,0,0,0
s1-r4-e2-m3-de_anubis,21,teamA,39400,29800,4,1,0
s1-r4-e2-m3-de_anubis,21,teamB,26150,17950,4,1,0
s1-r4-e2-m3-de_anubis,22,teamA,28950,8600,4,1,0
s1-r4-e2-m3-de_anubis,22,teamB,20500,19600,4,0,0
s1-r4-e2-m3-de_anubis,23,teamA,39150,19750,4,1,0
s1-r4-e2-m3-de_anubis,23,teamB,16000,8600,1,0,0
s1-r4-e3-m1-de_nuke,1,teamA,4000,3450,0,0,0
s1-r4-e3-m1-de_nuke,1,teamB,4000,3250,0,0,0
s1-r4-e3-m1-de_nuke,2,teamA,19550,18550,4,0,1
s1-r4-e3-m1-de_nuke,2,teamB,11600,11050,0,0,2
s1-r4-e3-m1-de_nuke,3,teamA,8300,8150,0,0,0
s1-r4-e3-m1-de_nuke,3,teamB,19950,11100,5,0,0
s1-r4-e3-m1-de_nuke,4,teamA,9650,0,0,0,0
s1-r4-e3-m1-de_nuke,4,teamB,27850,5100,5,0,0
s1-r4-e3-m1-de_nuke,5,teamA,21650,21100,5,0,0
s1-r4-e3-m1-de_nuke,5,teamB,41750,3800,5,0,0
s1-r4-e3-m1-de_nuke,6,teamA,18950,11650,1,0,0
s1-r4-e3-m1-de_nuke,6,teamB,58500,14300,5,0,0
s1-r4-e3-m1-de_nuke,7,teamA,25200,24000,5,0,0
s1-r4-e3-m1-de_nuke,7,teamB,63200,20050,4,1,0
s1-r4-e3-m1-de_nuke,8,teamA,16000,15450,5,0,0
s1-r4-e3-m1-de_nuke,8,teamB,61600,22800,4,1,0
s1-r4-e3-m1-de_nuke,9,teamA,18600,15800,3,0,2
s1-r4-e3-m1-de_nuke,9,teamB,47800,29100,4,1,0
s1-r4-e3-m1-de_nuke,10,teamA,21500,9150,5,0,0
s1-r4-e3-m1-de_nuke,10,teamB,28750,16900,4,1,0
s1-r4-e3-m1-de_nuke,11,teamA,24950,21650,4,0,1
s1-r4-e3-m1-de_nuke,11,teamB,30650,17250,4,1,0
s1-r4-e3-m1-de_nuke,12,teamA,17800,16600,3,0,0
s1-r4-e3-m1-de_nuke,12,teamB,31800,7400,4,1,0
s1-r4-e3-m1-de_nuke,13,teamA,4000,3400,0,0,0
s1-r4-e3-m1-de_nuke,13,teamB,4000,3450,0,0,0
s1-r4-e3-m1-de_nuke,14,teamA,11750,10400,0,0,1
s1-r4-e3-m1-de_nuke,14,teamB,18600,17550,3,0,2
s1-r4-e3-m1-de_nuke,15,teamA,22200,18000,5,0,0
s1-r4-e3-m1-de_nuke,15,teamB,11850,11650,1,0,0
s1-r4-e3-m1-de_nuke,16,teamA,12850,12500,3,0,0
s1-r4-e3-m1-de_nuke,16,teamB,17950,14900,5,0,0
s1-r4-e3-m1-de_nuke,17,teamA,12050,200,0,0,0
s1-r4-e3-m1-de_nuke,17,teamB,21100,19550,4,1,0
s1-r4-e3-m1-de_nuke,18,teamA,25500,25050,4,1,0
s1-r4-e3-m1-de_nuke,18,teamB,19400,15500,4,1,0
s1-r4-e3-m2-de_inferno,1,teamA,4000,3450,0,0,0
s1-r4-e3-m2-de_inferno,1,teamB,4000,3400,0,0,0
s1-r4-e3-m2-de_inferno,2,teamA,18600,18150,2,0,3
s1-r4-e3-m2-de_inferno,2,teamB,11750,11050,0,0,2
s1-r4-e3-m2-de_inferno,3,teamA,12250,11750,2,0,0
s1-r4-e3-m2-de_inferno,3,teamB,22150,18550,4,0,1
s1-r4-e3-m2-de_inferno,4,teamA,18550,11700,4,0,1
s1-r4-e3-m2-de_inferno,4,teamB,11700,11400,1,0,1
s1-r4-e3-m2-de_inferno,5,teamA,24650,5700,4,0,1
s1-r4-e3-m2-de_inferno,5,teamB,9800,300,1,0,1
s1-r4-e3-m2-de_inferno,6,teamA,37000,15150,3,1,1
s1-r4-e3-m2-de_inferno,6,teamB,22600,22250,4,0,1
s1-r4-e3-m2-de_inferno,7,teamA,40050,9500,4,1,0
s1-r4-e3-m2-de_inferno,7,teamB,15400,5400,3,0,0
s1-r4-e3-m2-de_inferno,8,teamA,49550,13100,4,1,0
s1-r4-e3-m2-de_inferno,8,teamB,28100,24000,4,1,0
s1-r4-e3-m2-de_inferno,9,teamA,44150,26550,4,1,0
s1-r4-e3-m2-de_inferno,9,teamB,23100,18150,4,1,0
s1-r4-e3-m2-de_inferno,10,teamA,35450,5400,4,1,0
s1-r4-e3-m2-de_inferno,10,teamB,19450,18850,4,0,1
s1-r4-e3-m2-de_inferno,11,teamA,41050,24500,5,0,0
s1-r4-e3-m2-de_inferno,11,teamB,21150,17200,3,1,1
s1-r4-e3-m2-de_inferno,12,teamA,35550,23750,4,1,0
s1-r4-e3-m2-de_inferno,12,teamB,18250,16200,4,0,1
s1-r4-e3-m2-de_inferno,13,teamA,4000,3400,0,0,0
s1-r4-e3-m2-de_inferno,13,teamB,4000,3550,0,0,0
s1-r4-e3-m2-de_inferno,14,teamA,11200,9600,0,0,3
s1-r4-e3-m2-de_inferno,14,teamB,18500,17750,3,0,2
s1-r4-e3-m2-de_inferno,15,teamA,15250,3900,1,0,0
s1-r4-e3-m2-de_inferno,15,teamB,19750,17050,4,0,1
s1-r4-e3-m2-de_inferno,16,teamA,26400,23200,4,1,0
s1-r4-e3-m2-de_inferno,16,teamB,20800,9200,5,0,0
s1-r4-e3-m2-de_inferno,17,teamA,22200,16650,3,1,1
s1-r4-e3-m2-de_inferno,17,teamB,19500,18500,3,0,2
s1-r4-e3-m2-de_inferno,18,teamA,24350,9900,3,1,1
s1-r4-e3-m2-de_inferno,18,teamB,11100,400,0,0,0
s1-r4-e3-m2-de_inferno,19,teamA,33550,7700,3,1,1
s1-r4-e3-m2-de_inferno,19,teamB,23000,22600,5,0,0
s1-r4-e3-m2-de_inferno,20,teamA,46300,18400,4,1,0
s1-r4-e3-m2-de_inferno,20,teamB,19100,18600,5,0,0
s1-r4-e3-m2-de_inferno,21,teamA,34900,28450,4,1,0
s1-r4-e3-m2-de_inferno,21,teamB,18550,6500,4,1,0
s1-r4-e3-m2-de_inferno,22,teamA,17750,5100,0,0,0
s1-r4-e3-m2-de_inferno,22,teamB,29500,21300,4,1,0
s1-r4-e3-m2-de_inferno,23,teamA,26850,26500,4,1,0
s1-r4-e3-m2-de_inferno,23,teamB,26250,20300,5,0,0
s1-r4-e3-m2-de_inferno,24,teamA,15750,14550,5,0,0
s1-r4-e3-m2-de_inferno,24,teamB,24350,16800,5,0,0
s1-r5-d1-m1-de_ancient,1,teamA,4000,3350,0,0,0
s1-r5-d1-m1-de_ancient,1,teamB,4000,3400,0,0,0
s1-r5-d1-m1-de_ancient,2,teamA,18700,16400,2,0,2
s1-r5-d1-m1-de_ancient,2,teamB,10650,0,0,0,0
s1-r5-d1-m1-de_ancient,3,teamA,20350,9150,2,1,2
s1-r5-d1-m1-de_ancient,3,teamB,22650,22300,5,0,0
s1-r5-d1-m1-de_ancient,4,teamA,14000,11600,3,1,1
s1-r5-d1-m1-de_ancient,4,teamB,17700,6200,5,0,0
s1-r5-d1-m1-de_ancient,5,teamA,10400,900,0,1,0
s1-r5-d1-m1-de_ancient,5,teamB,29000,18300,4,1,0
s1-r5-d1-m1-de_ancient,6,teamA,24700,23000,5,0,0
s1-r5-d1-m1-de_ancient,6,teamB,33200,10950,4,1,0
s1-r5-d1-m1-de_ancient,7,teamA,13900,6500,1,0,0
s1-r5-d1-m1-de_ancient,7,teamB,40500,13400,4,1,0
s1-r5-d1-m1-de_ancient,8,teamA,24800,24100,4,1,0
s1-r5-d1-m1-de_ancient,8,teamB,45700,13500,4,1,0
s1-r5-d1-m1-de_ancient,9,teamA,18500,9800,0,0,0
s1-r5-d1-m1-de_ancient,9,teamB,50300,18600,4,1,0
s1-r5-d1-m1-de_ancient,10,teamA,26300,25000,5,0,0
s1-r5-d1-m1-de_ancient,10,teamB,50700,13200,4,1,0
s1-r5-d1-m1-de_ancient,11,teamA,19050,12300,5,0,0
s1-r5-d1-m1-de_ancient,11,teamB,45400,29200,4,1,0
s1-r5-d1-m1-de_ancient,12,teamA,21550,20550,4,0,0
s1-r5-d1-m1-de_ancient,12,teamB,35000,9350,4,1,0
s1-r5-d1-m1-de_ancient,13,teamA,4000,3450,0,0,0
s1-r5-d1-m1-de_ancient,13,teamB,4000,3300,0,0,0
s1-r5-d1-m1-de_ancient,14,teamA,10600,8000,1,0,0
s1-r5-d1-m1-de_ancient,14,teamB,19400,18850,4,0,1
s1-r5-d1-m1-de_ancient,15,teamA,13250,1400,0,0,0
s1-r5-d1-m1-de_ancient,15,teamB,18600,8400,4,0,1
s1-r5-d1-m1-de_ancient,16,teamA,25650,25250,4,1,0
s1-r5-d1-m1-de_ancient,16,teamB,27950,4400,4,0,1
s1-r5-d1-m1-de_ancient,17,teamA,20750,14350,4,1,0
s1-r5-d1-m1-de_ancient,17,teamB,34250,24200,5,0,0
s1-r5-d1-m1-de_ancient,18,teamA,19650,19250,2,1,2
s1-r5-d1-m1-de_ancient,18,teamB,27800,17300,4,1,0
s1-r5-d1-m2-de_inferno,1,teamA,4000,3400,0,0,0
s1-r5-d1-m2-de_inferno,1,teamB,4000,3550,0,0,0
s1-r5-d1-m2-de_inferno,2,teamA,10700,10050,0,0,0
s1-r5-d1-m2-de_inferno,2,teamB,19450,18050,2,0,3
s1-r5-d1-m2-de_inferno,3,teamA,19650,17450,4,0,1
s1-r5-d1-m2-de_inferno,3,teamB,10300,7700,0,0,1
s1-r5-d1-m2-de_inferno,4,teamA,21200,12950,5,0,0
s1-r5-d1-m2-de_inferno,4,teamB,11950,700,0,0,1
s1-r5-d1-m2-de_inferno,5,teamA,26300,9400,5,0,0
s1-r5-d1-m2-de_inferno,5,teamB,23800,23350,5,0,0
s1-r5-d1-m2-de_inferno,6,teamA,35900,11400,5,0,0
s1-r5-d1-m2-de_inferno,6,teamB,16050,5550,1,0,0
s1-r5-d1-m2-de_inferno,7,teamA,42550,13300,5,0,0
s1-r5-d1-m2-de_inferno,7,teamB,28300,26250,4,1,0
s1-r5-d1-m2-de_inferno,8,teamA,47950,12700,5,0,0
s1-r5-d1-m2-de_inferno,8,teamB,19750,16250,4,1,0
s1-r5-d1-m2-de_inferno,9,teamA,42850,24400,5,0,0
s1-r5-d1-m2-de_inferno,9,teamB,22500,12700,4,1,0
s1-r5-d1-m2-de_inferno,10,teamA,36500,21200,4,0,0
s1-r5-d1-m2-de_inferno,10,teamB,26750,25600,4,1,0
s1-r5-d1-m2-de_inferno,11,teamA,23800,23500,5,0,0
s1-r5-d1-m2-de_inferno,11,teamB,21500,18200,4,1,0
s1-r5-d1-m2-de_inferno,12,teamA,19300,18100,4,0,0
s1-r5-d1-m2-de_inferno,12,teamB,17700,14150,3,0,1
s1-r5-d1-m2-de_inferno,13,teamA,4000,3400,0,0,0
s1-r5-d1-m2-de_inferno,13,teamB,4000,3450,0,0,0
s1-r5-d1-m2-de_inferno,14,teamA,19600,19200,3,0,2
s1-r5-d1-m2-de_inferno,14,teamB,10050,9600,0,0,0
s1-r5-d1-m2-de_inferno,15,teamA,20300,15600,5,0,0
s1-r5-d1-m2-de_inferno,15,teamB,13050,4400,1,0,0
s1-r5-d1-m2-de_inferno,16,teamA,25050,19950,4,1,0
s1-r5-d1-m2-de_inferno,16,teamB,26050,23400,5,0,0
s1-r5-d1-m2-de_inferno,17,teamA,13000,11150,3,0,0
s1-r5-d1-m2-de_inferno,17,teamB,21650,13800,4,1,0
s1-r5-d1-m2-de_inferno,18,teamA,12600,2550,1,0,0
s1-r5-d1-m2-de_inferno,18,teamB,26850,16300,4,1,0
s1-r5-d1-m2-de_inferno,19,teamA,22850,22250,5,0,0
s1-r5-d1-m2-de_inferno,19,teamB,28600,13250,4,1,0
s1-r5-d1-m2-de_inferno,20,teamA,15650,3700,2,0,0
s1-r5-d1-m2-de_inferno,20,teamB,34050,12900,4,1,0
s1-r5-d2-m1-de_anubis,1,teamA,4000,3400,0,0,0
s1-r5-d2-m1-de_anubis,1,teamB,4000,3400,0,0,0
s1-r5-d2-m1-de_anubis,2,teamA,10100,600,0,0,0
s1-r5-d2-m1-de_anubis,2,teamB,19600,19250,4,0,1
s1-r5-d2-m1-de_anubis,3,teamA,21500,20700,5,0,0
s1-r5-d2-m1-de_anubis,3,teamB,19650,6400,4,0,1
s1-r5-d2-m1-de_anubis,4,teamA,19500,11000,1,0,1
s1-r5-d2-m1-de_anubis,4,teamB,33800,19200,5,0,0
s1-r5-d2-m1-de_anubis,5,teamA,25100,24350,4,1,0
s1-r5-d2-m1-de_anubis,5,teamB,33600,10550,4,1,0
s1-r5-d2-m1-de_anubis,6,teamA,18350,10950,0,0,0
s1-r5-d2-m1-de_anubis,6,teamB,42050,14000,4,1,0
s1-r5-d2-m1-de_anubis,7,teamA,26400,14200,5,0,0
s1-r5-d2-m1-de_anubis,7,teamB,35600,23850,4,1,0
s1-r5-d2-m1-de_anubis,8,teamA,30400,26350,4,1,0
s1-r5-d2-m1-de_anubis,8,teamB,32100,15300,4,1,0
s1-r5-d2-m1-de_anubis,9,teamA,21650,21450,5,0,0
s1-r5-d2-m1-de_anubis,9,teamB,35800,15600,4,1,0
s1-r5-d2-m1-de_anubis,10,teamA,17500,9450,0,0,0
s1-r5-d2-m1-de_anubis,10,teamB,39000,13700,4,1,0
s1-r5-d2-m1-de_anubis,11,teamA,25050,24200,5,0,0
s1-r5-d2-m1-de_anubis,11,teamB,44100,3700,4,1,0
s1-r5-d2-m1-de_anubis,12,teamA,18250,17700,5,0,0
s1-r5-d2-m1-de_anubis,12,teamB,58950,15850,5,0,0
s1-r5-d2-m1-de_anubis,13,teamA,4000,3400,0,0,0
s1-r5-d2-m1-de_anubis,13,teamB,4000,3400,0,0,0
s1-r5-d2-m1-de_anubis,14,teamA,11750,11300,1,0,1
s1-r5-d2-m1-de_anubis,14,teamB,18650,17050,2,0,3
s1-r5-d2-m1-de_anubis,15,teamA,13000,12850,0,0,4
s1-r5-d2-m1-de_anubis,15,teamB,20250,9100,4,0,1
s1-r5-d2-m2-de_inferno,1,teamA,4000,3400,0,0,0
s1-r5-d2-m2-de_inferno,1,teamB,4000,3550,0,0,0
s1-r5-d2-m2-de_inferno,2,teamA,10700,700,0,0,0
s1-r5-d2-m2-de_inferno,2,teamB,19450,17850,2,0,3
s1-r5-d2-m2-de_inferno,3,teamA,22300,22100,5,0,0
s1-r5-d2-m2-de_inferno,3,teamB,21800,11450,2,1,2
s1-r5-d2-m2-de_inferno,4,teamA,18250,16350,3,1,1
s1-r5-d2-m2-de_inferno,4,teamB,20250,19500,3,0,2
s1-r5-d2-m2-de_inferno,5,teamA,12400,3600,0,0,0
s1-r5-d2-m2-de_inferno,5,teamB,20050,18150,2,1,2
s1-r5-d2-m2-de_inferno,6,teamA,25000,24100,5,0,0
s1-r5-d2-m2-de_inferno,6,teamB,22150,18400,4,1,0
s1-r5-d2-m2-de_inferno,7,teamA,16000,8500,0,0,0
s1-r5-d2-m2-de_inferno,7,teamB,22750,14700,4,1,0
s1-r5-d2-m2-de_inferno,8,teamA,24500,23800,5,0,0
s1-r5-d2-m2-de_inferno,8,teamB,26850,4600,4,1,0
s1-r5-d2-m2-de_inferno,9,teamA,19700,17900,5,0,0
s1-r5-d2-m2-de_inferno,9,teamB,31450,22450,4,1,0
s1-r5-d2-m2-de_inferno,10,teamA,7600,7350,4,0,1
s1-r5-d2-m2-de_inferno,10,teamB,26350,6050,4,1,0
s1-r5-d2-m2-de_inferno,11,teamA,17850,11300,1,0,0
s1-r5-d2-m2-de_inferno,11,teamB,38700,14400,4,1,0
s1-r5-d2-m2-de_inferno,12,teamA,24600,16850,4,1,0
s1-r5-d2-m2-de_inferno,12,teamB,32400,29000,4,1,0
s1-r5-d2-m2-de_inferno,13,teamA,4000,3400,0,0,0
s1-r5-d2-m2-de_inferno,13,teamB,4000,3450,0,0,0
s1-r5-d2-m2-de_inferno,14,teamA,11750,11050,0,0,3
s1-r5-d2-m2-de_inferno,14,teamB,18600,17900,3,0,2
s1-r5-d2-m2-de_inferno,15,teamA,14750,14450,2,0,3
s1-r5-d2-m2-de_inferno,15,teamB,19050,15450,4,0,1
s1-r5-d2-m2-de_inferno,16,teamA,21450,20200,3,1,0
s1-r5-d2-m2-de_inferno,16,teamB,15100,1300,0,0,0
s1-r5-d2-m2-de_inferno,17,teamA,12200,11900,1,0,1
s1-r5-d2-m2-de_inferno,17,teamB,31950,19000,4,1,0
s1-r5-d2-m2-de_inferno,18,teamA,20950,19900,4,1,0
s1-r5-d2-m2-de_inferno,18,teamB,24250,22700,5,0,0
s1-r5-d2-m2-de_inferno,19,teamA,21600,20000,3,1,1
s1-r5-d2-m2-de_inferno,19,teamB,15350,2300,0,0,0
s1-r5-d2-m2-de_inferno,20,teamA,20400,9200,4,1,0
s1-r5-d2-m2-de_inferno,20,teamB,24350,23900,5,0,0
s1-r5-d3-m1-de_dust2,1,teamA,4000,3350,0,0,0
s1-r5-d3-m1-de_dust2,1,teamB,4000,3400,0,0,0
s1-r5-d3-m1-de_dust2,2,teamA,13750,2400,0,0,0
s1-r5-d3-m1-de_dust2,2,teamB,21150,20700,5,0,0
s1-r5-d3-m1-de_dust2,3,teamA,23650,22750,4,1,0
s1-r5-d3-m1-de_dust2,3,teamB,19450,10500,5,0,0
s1-r5-d3-m1-de_dust2,4,teamA,18950,8400,4,1,0
s1-r5-d3-m1-de_dust2,4,teamB,16300,15550,2,0,2
s1-r5-d3-m1-de_dust2,5,teamA,28600,6700,4,1,0
s1-r5-d3-m1-de_dust2,5,teamB,10800,200,0,0,0
s1-r5-d3-m1-de_dust2,6,teamA,39950,8450,4,1,0
s1-r5-d3-m1-de_dust2,6,teamB,22550,22100,5,0,0
s1-r5-d3-m1-de_dust2,7,teamA,38900,26150,4,1,0
s1-r5-d3-m1-de_dust2,7,teamB,19450,14500,5,0,0
s1-r5-d3-m1-de_dust2,8,teamA,22350,21800,5,0,0
s1-r5-d3-m1-de_dust2,8,teamB,23750,12750,4,1,0
s1-r5-d3-m1-de_dust2,9,teamA,18600,16700,4,0,0
s1-r5-d3-m1-de_dust2,9,teamB,20000,19750,3,1,0
s1-r5-d3-m1-de_dust2,10,teamA,19700,9500,4,0,0
s1-r5-d3-m1-de_dust2,10,teamB,10300,5300,4,1,0
s1-r5-d3-m1-de_dust2,11,teamA,28250,7600,4,1,0
s1-r5-d3-m1-de_dust2,11,teamB,17350,7550,0,0,1
s1-r5-d3-m1-de_dust2,12,teamA,38400,19650,3,2,0
s1-r5-d3-m1-de_dust2,12,teamB,25400,25300,4,1,0
s1-r5-d3-m1-de_dust2,13,teamA,4000,3450,0,0,0
s1-r5-d3-m1-de_dust2,13,teamB,4000,3400,0,0,0
s1-r5-d3-m1-de_dust2,14,teamA,19550,17650,4,0,1
s1-r5-d3-m1-de_dust2,14,teamB,10400,0,0,0,0
s1-r5-d3-m1-de_dust2,15,teamA,21600,11150,4,1,0
s1-r5-d3-m1-de_dust2,15,teamB,22400,22250,5,0,0
s1-r5-d3-m1-de_dust2,16,teamA,18150,17800,4,0,1
s1-r5-d3-m1-de_dust2,16,teamB,18200,13000,4,1,0
s1-r5-d3-m1-de_dust2,17,teamA,19350,16200,4,1,0
s1-r5-d3-m1-de_dust2,17,teamB,15300,6450,1,0,0
s1-r5-d3-m1-de_dust2,18,teamA,21950,8800,4,1,0
s1-r5-d3-m1-de_dust2,18,teamB,20650,20250,3,1,0
s1-r5-d3-m2-de_nuke,1,teamA,4000,3450,0,0,0
s1-r5-d3-m2-de_nuke,1,teamB,4000,3400,0,0,0
s1-r5-d3-m2-de_nuke,2,teamA,19250,18750,5,0,0
s1-r5-d3-m2-de_nuke,2,teamB,10650,9650,1,0,0
s1-r5-d3-m2-de_nuke,3,teamA,18600,5700,5,0,0
s1-r5-d3-m2-de_nuke,3,teamB,13000,1950,0,0,0
s1-r5-d3-m2-de_nuke,4,teamA,20500,20100,5,0,0
s1-r5-d3-m2-de_nuke,4,teamB,29450,20250,4,1,0
s1-r5-d3-m2-de_nuke,5,teamA,10200,0,0,0,0
s1-r5-d3-m2-de_nuke,5,teamB,28000,9600,4,1,0
s1-r5-d3-m2-de_nuke,6,teamA,22500,22000,5,0,0
s1-r5-d3-m2-de_nuke,6,teamB,37400,7700,4,1,0
s1-r5-d3-m2-de_nuke,7,teamA,19800,12600,5,0,0
s1-r5-d3-m2-de_nuke,7,teamB,37400,27850,4,1,0
s1-r5-d3-m2-de_nuke,8,teamA,17600,9000,1,0,0
s1-r5-d3-m2-de_nuke,8,teamB,28350,17200,4,1,0
s1-r5-d3-m2-de_nuke,9,teamA,20600,19850,5,0,0
s1-r5-d3-m2-de_nuke,9,teamB,30150,4100,4,1,0
s1-r5-d3-m2-de_nuke,10,teamA,19750,13000,4,1,0
s1-r5-d3-m2-de_nuke,10,teamB,34150,23250,4,1,0
s1-r5-d3-m2-de_nuke,11,teamA,25150,13350,4,1,0
s1-r5-d3-m2-de_nuke,11,teamB,21500,14600,4,1,0
s1-r5-d3-m2-de_nuke,12,teamA,19100,18450,2,1,0
s1-r5-d3-m2-de_nuke,12,teamB,25300,14150,4,1,0
s1-r5-d3-m2-de_nuke,13,teamA,4000,3400,0,0,0
s1-r5-d3-m2-de_nuke,13,teamB,4000,3300,0,0,0
s1-r5-d3-m2-de_nuke,14,teamA,11200,200,0,0,0
s1-r5-d3-m2-de_nuke,14,teamB,18750,17300,3,0,2
s1-r5-d3-m2-de_nuke,15,teamA,31850,26150,3,1,1
s1-r5-d3-m2-de_nuke,15,teamB,13550,12900,2,0,0
s1-r5-d3-m2-de_nuke,16,teamA,24500,14200,4,1,0
s1-r5-d3-m2-de_nuke,16,teamB,10750,300,0,0,0
s1-r5-d3-m2-de_nuke,17,teamA,29100,7400,4,1,0
s1-r5-d3-m2-de_nuke,17,teamB,22250,21700,5,0,0
s1-r5-d3-m2-de_nuke,18,teamA,41650,18000,4,1,0
s1-r5-d3-m2-de_nuke,18,teamB,19250,11650,1,0,0
s1-r5-d3-m2-de_nuke,19,teamA,42650,13700,4,1,0
s1-r5-d3-m2-de_nuke,19,teamB,25200,23300,5,0,0
s1-r5-d3-m2-de_nuke,20,teamA,38150,29100,4,1,0
s1-r5-d3-m2-de_nuke,20,teamB,19950,16600,5,0,0
s1-r5-d3-m2-de_nuke,21,teamA,18900,5500,0,0,0
s1-r5-d3-m2-de_nuke,21,teamB,22350,8700,5,0,0
s1-r5-d3-m2-de_nuke,22,teamA,24750,24400,4,1,0
s1-r5-d3-m2-de_nuke,22,teamB,32650,4400,5,0,0
s1-r5-d3-m2-de_nuke,23,teamA,19150,6350,4,1,0
s1-r5-d3-m2-de_nuke,23,teamB,37750,23600,5,0,0
s1-r5-d3-m2-de_nuke,24,teamA,23950,23400,5,0,0
s1-r5-d3-m2-de_nuke,24,teamB,32200,17500,4,1,0
s1-r5-d3-m3-de_mirage,1,teamA,4000,3450,0,0,0
s1-r5-d3-m3-de_mirage,1,teamB,4000,3300,0,0,0
s1-r5-d3-m3-de_mirage,2,teamA,10950,10400,0,0,1
s1-r5-d3-m3-de_mirage,2,teamB,19700,19450,4,0,1
s1-r5-d3-m3-de_mirage,3,teamA,13150,2800,0,0,0
s1-r5-d3-m3-de_mirage,3,teamB,20150,15350,4,1,0
s1-r5-d3-m3-de_mirage,4,teamA,24850,23900,4,1,0
s1-r5-d3-m3-de_mirage,4,teamB,23600,4900,4,1,0
s1-r5-d3-m3-de_mirage,5,teamA,21350,20800,5,0,0
s1-r5-d3-m3-de_mirage,5,teamB,38850,13650,4,1,0
s1-r5-d3-m3-de_mirage,6,teamA,21450,20800,5,0,0
s1-r5-d3-m3-de_mirage,6,teamB,45550,15550,4,1,0
s1-r5-d3-m3-de_mirage,7,teamA,21550,20800,5,0,0
s1-r5-d3-m3-de_mirage,7,teamB,50550,14300,4,1,0
s1-r5-d3-m3-de_mirage,8,teamA,17750,9250,0,0,0
s1-r5-d3-m3-de_mirage,8,teamB,55050,5200,4,1,0
s1-r5-d3-m3-de_mirage,9,teamA,25500,24750,4,1,0
s1-r5-d3-m3-de_mirage,9,teamB,67800,4200,4,1,0
s1-r5-d3-m3-de_mirage,10,teamA,18050,10550,0,0,0
s1-r5-d3-m3-de_mirage,10,teamB,77100,9900,4,1,0
s1-r5-d3-m3-de_mirage,11,teamA,25400,24500,4,1,0
s1-r5-d3-m3-de_mirage,11,teamB,75600,22900,4,1,0
s1-r5-d3-m3-de_mirage,12,teamA,18200,17500,5,0,0
s1-r5-d3-m3-de_mirage,12,teamB,69200,13650,4,1,0
s1-r5-d3-m3-de_mirage,13,teamA,4000,3400,0,0,0
s1-r5-d3-m3-de_mirage,13,teamB,4000,3350,0,0,0
s1-r5-d3-m3-de_mirage,14,teamA,19600,19350,5,0,0
s1-r5-d3-m3-de_mirage,14,teamB,11050,500,0,0,0
s1-r5-d3-m3-de_mirage,15,teamA,18950,11200,5,0,0
s1-r5-d3-m3-de_mirage,15,teamB,22550,22200,5,0,0
s1-r5-d3-m3-de_mirage,16,teamA,28300,25150,4,1,0
s1-r5-d3-m3-de_mirage,16,teamB,19350,9950,0,0,0
s1-r5-d3-m3-de_mirage,17,teamA,23700,13350,4,1,0
s1-r5-d3-m3-de_mirage,17,teamB,30300,24300,5,0,0
s1-r5-d3-m3-de_mirage,18,teamA,29150,4450,4,1,0
s1-r5-d3-m3-de_mirage,18,teamB,23000,12950,2,0,0
s1-r5-d3-m3-de_mirage,19,teamA,45250,17250,4,1,0
s1-r5-d3-m3-de_mirage,19,teamB,30950,24300,5,0,0
s1-r5-d3-m3-de_mirage,20,teamA,47000,14700,4,1,0
s1-r5-d3-m3-de_mirage,20,teamB,24250,10150,0,0,0
s1-r5-d3-m3-de_mirage,21,teamA,51300,26850,4,1,0
s1-r5-d3-m3-de_mirage,21,teamB,30800,24300,5,0,0
s1-r5-d3-m3-de_mirage,22,teamA,43450,12450,4,1,0
s1-r5-d3-m3-de_mirage,22,teamB,23600,22350,5,0,0
s1-r5-d3-m3-de_mirage,23,teamA,49450,12050,4,1,0
s1-r5-d3-m3-de_mirage,23,teamB,15150,6600,1,0,0
s1-r5-d3-m3-de_mirage,24,teamA,56000,11350,4,1,0
s1-r5-d3-m3-de_mirage,24,teamB,25850,24850,4,1,0
s2-r1-m1-m1-de_ancient,1,teamA,4000,3300,0,0,0
s2-r1-m1-m1-de_ancient,1,teamB,4000,3550,0,0,0
s2-r1-m1-m1-de_ancient,2,teamA,11100,900,0,0,0
s2-r1-m1-m1-de_ancient,2,teamB,19450,19050,3,0,2
s2-r1-m1-m1-de_ancient,3,teamA,22500,22000,5,0,0
s2-r1-m1-m1-de_ancient,3,teamB,20300,11550,3,1,1
s2-r1-m1-m1-de_ancient,4,teamA,18900,9200,0,0,0
s2-r1-m1-m1-de_ancient,4,teamB,29300,14700,4,1,0
s2-r1-m1-m1-de_ancient,5,teamA,27000,25950,4,1,0
s2-r1-m1-m1-de_ancient,5,teamB,33400,9900,4,1,0
s2-r1-m1-m1-de_ancient,6,teamA,18950,11300,1,0,0
s2-r1-m1-m1-de_ancient,6,teamB,42300,19100,4,1,0
s2-r1-m1-m1-de_ancient,7,teamA,20650,19400,5,0,0
s2-r1-m1-m1-de_ancient,7,teamB,41250,5700,4,1,0
s2-r1-m1-m1-de_ancient,8,teamA,22450,21800,5,0,0
s2-r1-m1-m1-de_ancient,8,teamB,56100,21250,4,1,0
s2-r1-m1-m1-de_ancient,9,teamA,17950,8850,0,0,0
s2-r1-m1-m1-de_ancient,9,teamB,53450,18300,4,1,0
s2-r1-m1-m1-de_ancient,10,teamA,29800,26050,4,1,0
s2-r1-m1-m1-de_ancient,10,teamB,55500,15000,4,1,0
s2-r1-m1-m1-de_ancient,11,teamA,21600,5400,4,1,0
s2-r1-m1-m1-de_ancient,11,teamB,47300,30200,4,1,0
s2-r1-m1-m1-de_ancient,12,teamA,34400,24900,5,0,0
s2-r1-m1-m1-de_ancient,12,teamB,37450,25400,4,1,0
s2-r1-m1-m1-de_ancient,13,teamA,4000,3450,0,0,0
s2-r1-m1-m1-de_ancient,13,teamB,4000,3450,0,0,0
s2-r1-m1-m1-de_ancient,14,teamA,19550,19200,4,0,1
s2-r1-m1-m1-de_ancient,14,teamB,10350,200,0,0,0
s2-r1-m1-m1-de_ancient,15,teamA,20250,9200,4,0,1
s2-r1-m1-m1-de_ancient,15,teamB,22450,21800,5,0,0
s2-r1-m1-m1-de_ancient,16,teamA,30050,10850,5,0,0
s2-r1-m1-m1-de_ancient,16,teamB,15450,7200,0,0,0
s2-r1-m1-m1-de_ancient,17,teamA,27550,25350,5,0,0
s2-r1-m1-m1-de_ancient,17,teamB,26300,19550,5,0,0
s2-r1-m2-m1-de_dust2,1,teamA,4000,3350,0,0,0
s2-r1-m2-m1-de_dust2,1,teamB,4000,3400,0,0,0
s2-r1-m2-m1-de_dust2,2,teamA,14350,13850,1,0,1
s2-r1-m2-m1-de_dust2,2,teamB,21150,20800,5,0,0
s2-r1-m2-m1-de_dust2,3,teamA,13400,2800,0,0,0
s2-r1-m2-m1-de_dust2,3,teamB,19350,13500,3,0,2
s2-r1-m2-m1-de_dust2,4,teamA,25400,25050,4,1,0
s2-r1-m2-m1-de_dust2,4,teamB,25850,10450,3,1,1
s2-r1-m2-m1-de_dust2,5,teamA,21550,21100,5,0,0
s2-r1-m2-m1-de_dust2,5,teamB,36050,18400,4,1,0
s2-r1-m2-m1-de_dust2,6,teamA,18900,15500,4,1,0
s2-r1-m2-m1-de_dust2,6,teamB,26300,24900,4,1,0
s2-r1-m2-m1-de_dust2,7,teamA,15700,7200,1,1,0
s2-r1-m2-m1-de_dust2,7,teamB,19650,18250,4,1,0
s2-r1-m2-m1-de_dust2,8,teamA,21950,21300,4,0,0
s2-r1-m2-m1-de_dust2,8,teamB,20400,6350,4,1,0
s2-r1-m2-m1-de_dust2,9,teamA,18850,10250,2,0,0
s2-r1-m2-m1-de_dust2,9,teamB,33050,24150,4,1,0
s2-r1-m2-m1-de_dust2,10,teamA,23700,20800,4,1,0
s2-r1-m2-m1-de_dust2,10,teamB,27150,24200,4,1,0
s2-r1-m2-m1-de_dust2,11,teamA,21300,9100,4,1,0
s2-r1-m2-m1-de_dust2,11,teamB,10500,8500,3,1,1
s2-r1-m2-m1-de_dust2,12,teamA,29450,21300,4,1,0
s2-r1-m2-m1-de_dust2,12,teamB,13700,13050,1,0,1
s2-r1-m2-m1-de_dust2,13,teamA,4000,3300,0,0,0
s2-r1-m2-m1-de_dust2,13,teamB,4000,3500,0,0,0
s2-r1-m2-m1-de_dust2,14,teamA,19700,17950,4,0,1
s2-r1-m2-m1-de_dust2,14,teamB,10600,200,0,0,0
s2-r1-m2-m1-de_dust2,15,teamA,21050,10550,4,1,0
s2-r1-m2-m1-de_dust2,15,teamB,22400,21900,5,0,0
s2-r1-m2-m1-de_dust2,16,teamA,29500,10200,4,1,0
s2-r1-m2-m1-de_dust2,16,teamB,15300,6400,0,0,0
s2-r1-m2-m1-de_dust2,17,teamA,38300,8150,4,1,0
s2-r1-m2-m1-de_dust2,17,teamB,25500,25050,4,1,0
s2-r1-m2-m1-de_dust2,18,teamA,38800,27950,4,1,0
s2-r1-m2-m1-de_dust2,18,teamB,18100,14400,4,1,0
s2-r1-m2-m1-de_dust2,19,teamA,30850,22900,4,1,0
s2-r1-m2-m1-de_dust2,19,teamB,22100,21250,4,0,1
s2-r1-m2-m1-de_dust2,20,teamA,16400,14950,2,1,1
s2-r1-m2-m1-de_dust2,20,teamB,19850,15200,5,0,0
s2-r1-m2-m1-de_dust2,21,teamA,22100,20700,4,1,0
s2-r1-m2-m1-de_dust2,21,teamB,21150,20400,5,0,0
s2-r1-m2-m1-de_dust2,22,teamA,8200,7800,3,1,1
s2-r1-m2-m1-de_dust2,22,teamB,18850,5800,5,0,0
s2-r1-m3-m1-de_ancient,1,teamA,4000,3450,0,0,0
s2-r1-m3-m1-de_ancient,1,teamB,4000,3400,0,0,0
s2-r1-m3-m1-de_ancient,2,teamA,18600,17400,4,0,1
s2-r1-m3-m1-de_ancient,2,teamB,11750,10650,0,0,1
s2-r1-m3-m1-de_ancient,3,teamA,20500,6250,4,0,1
s2-r1-m3-m1-de_ancient,3,teamB,13950,2650,0,0,0
s2-r1-m3-m1-de_ancient,4,teamA,32400,8550,4,1,0
s2-r1-m3-m1-de_ancient,4,teamB,25800,25200,5,0,0
s2-r1-m3-m1-de_ancient,5,teamA,34550,26250,4,1,0
s2-r1-m3-m1-de_ancient,5,teamB,21150,14900,4,1,0
s2-r1-m3-m1-de_ancient,6,teamA,21700,19200,4,1,0
s2-r1-m3-m1-de_ancient,6,teamB,26050,14300,4,1,0
s2-r1-m3-m1-de_ancient,7,teamA,17700,8300,1,0,0
s2-r1-m3-m1-de_ancient,7,teamB,31900,9400,4,1,0
s2-r1-m3-m1-de_ancient,8,teamA,23900,23300,4,1,0
s2-r1-m3-m1-de_ancient,8,teamB,41300,5300,4,1,0
s2-r1-m3-m1-de_ancient,9,teamA,18150,13050,4,1,0
s2-r1-m3-m1-de_ancient,9,teamB,43700,28700,4,1,0
s2-r1-m3-m1-de_ancient,10,teamA,12100,2550,2,0,0
s2-r1-m3-m1-de_ancient,10,teamB,32700,6000,4,1,0
s2-r1-m3-m1-de_ancient,11,teamA,23100,22850,3,1,1
s2-r1-m3-m1-de_ancient,11,teamB,45100,6300,4,1,0
s2-r1-m3-m1-de_ancient,12,teamA,19550,19000,5,0,0
s2-r1-m3-m1-de_ancient,12,teamB,48350,28300,4,1,0
s2-r1-m3-m1-de_ancient,13,teamA,4000,3400,0,0,0
s2-r1-m3-m1-de_ancient,13,teamB,4000,3400,0,0,0
s2-r1-m3-m1-de_ancient,14,teamA,12300,12000,0,0,4
s2-r1-m3-m1-de_ancient,14,teamB,19600,19300,5,0,0
s2-r1-m3-m1-de_ancient,15,teamA,12300,2050,0,0,3
s2-r1-m3-m1-de_ancient,15,teamB,18400,5350,5,0,0
s2-r1-m3-m1-de_ancient,16,teamA,27850,27050,4,1,0
s2-r1-m3-m1-de_ancient,16,teamB,30400,22450,4,1,0
s2-r1-m3-m1-de_ancient,17,teamA,19400,5800,4,1,0
s2-r1-m3-m1-de_ancient,17,teamB,14650,2200,0,0,0
s2-r1-m3-m1-de_ancient,18,teamA,32400,17600,4,1,0
s2-r1-m3-m1-de_ancient,18,teamB,22850,22000,5,0,0
s2-r1-m3-m1-de_ancient,19,teamA,35150,22900,4,1,0
s2-r1-m3-m1-de_ancient,19,teamB,17350,7200,0,0,0
s2-r1-m3-m1-de_ancient,20,teamA,30850,17700,4,1,0
s2-r1-m3-m1-de_ancient,20,teamB,25550,23300,5,0,0
s2-r1-m3-m1-de_ancient,21,teamA,31750,14900,4,1,0
s2-r1-m3-m1-de_ancient,21,teamB,19850,14600,3,0,0
s2-r1-m3-m1-de_ancient,22,teamA,24750,23950,4,1,0
s2-r1-m3-m1-de_ancient,22,teamB,23100,15150,3,1,1
s2-r1-m3-m1-de_ancient,23,teamA,10450,10100,2,0,1
s2-r1-m3-m1-de_ancient,23,teamB,26950,8200,4,1,0
s2-r1-m3-m1-de_ancient,24,teamA,20900,20150,4,1,0
s2-r1-m3-m1-de_ancient,24,teamB,34750,27850,4,1,0
s2-r1-m4-m1-de_mirage,1,teamA,4000,3300,0,0,0
s2-r1-m4-m1-de_mirage,1,teamB,4000,3250,0,0,0
s2-r1-m4-m1-de_mirage,2,teamA,18450,18350,4,0,1
s2-r1-m4-m1-de_mirage,2,teamB,12450,11750,1,0,2
s2-r1-m4-m1-de_mirage,3,teamA,11600,10650,0,0,0
s2-r1-m4-m1-de_mirage,3,teamB,21550,19650,4,1,0
s2-r1-m4-m1-de_mirage,4,teamA,18800,17900,3,1,1
s2-r1-m4-m1-de_mirage,4,teamB,10900,10250,1,0,1
s2-r1-m4-m1-de_mirage,5,teamA,19800,13950,3,1,1
s2-r1-m4-m1-de_mirage,5,teamB,11300,0,0,0,0
s2-r1-m4-m1-de_mirage,6,teamA,25450,13050,4,1,0
s2-r1-m4-m1-de_mirage,6,teamB,23400,22950,4,1,0
s2-r1-m4-m1-de_mirage,7,teamA,23300,21100,5,0,0
s2-r1-m4-m1-de_mirage,7,teamB,20700,15150,5,0,0
s2-r1-m4-m1-de_mirage,8,teamA,12300,700,0,0,0
s2-r1-m4-m1-de_mirage,8,teamB,24550,14900,5,0,0
s2-r1-m4-m1-de_mirage,9,teamA,23600,22400,5,0,0
s2-r1-m4-m1-de_mirage,9,teamB,28650,3800,5,0,0
s2-r1-m4-m1-de_mirage,10,teamA,19250,17400,5,0,0
s2-r1-m4-m1-de_mirage,10,teamB,34050,29650,3,2,0
s2-r1-m4-m1-de_mirage,11,teamA,20550,8300,5,0,0
s2-r1-m4-m1-de_mirage,11,teamB,14450,14050,3,2,0
s2-r1-m4-m1-de_mirage,12,teamA,20050,18800,4,0,0
s2-r1-m4-m1-de_mirage,12,teamB,19000,13750,4,1,0
s2-r1-m4-m1-de_mirage,13,teamA,4000,3400,0,0,0
s2-r1-m4-m1-de_mirage,13,teamB,4000,3450,0,0,0
s2-r1-m4-m1-de_mirage,14,teamA,19600,19150,4,0,1
s2-r1-m4-m1-de_mirage,14,teamB,10650,0,0,0,0
s2-r1-m4-m1-de_mirage,15,teamA,19450,5400,4,0,1
s2-r1-m4-m1-de_mirage,15,teamB,21950,21700,5,0,0
s2-r1-m4-m1-de_mirage,16,teamA,32000,10300,4,1,0
s2-r1-m4-m1-de_mirage,16,teamB,12150,6400,1,0,0
s2-r1-m4-m1-de_mirage,17,teamA,42050,13600,4,1,0
s2-r1-m4-m1-de_mirage,17,teamB,26450,24750,4,1,0
s2-r1-m4-m1-de_mirage,18,teamA,47050,17950,4,1,0
s2-r1-m4-m1-de_mirage,18,teamB,19400,10800,1,0,0
s2-r1-m4-m1-de_mirage,19,teamA,47900,10400,4,1,0
s2-r1-m4-m1-de_mirage,19,teamB,25900,24650,4,1,0
s2-r1-m4-m1-de_mirage,20,teamA,45600,13550,4,1,0
s2-r1-m4-m1-de_mirage,20,teamB,19450,12700,4,1,0
s2-r1-m4-m1-de_mirage,21,teamA,42450,28400,4,1,0
s2-r1-m4-m1-de_mirage,21,teamB,24100,12000,4,1,0
s2-r1-m4-m1-de_mirage,22,teamA,26950,24000,4,1,0
s2-r1-m4-m1-de_mirage,22,teamB,30800,12900,4,1,0
s2-r1-m5-m1-de_mirage,1,teamA,4000,3350,0,0,0
s2-r1-m5-m1-de_mirage,1,teamB,4000,3550,0,0,0
s2-r1-m5-m1-de_mirage,2,teamA,10150,9650,0,0,0
s2-r1-m5-m1-de_mirage,2,teamB,19450,17150,3,0,1
s2-r1-m5-m1-de_mirage,3,teamA,13100,1900,0,0,0
s2-r1-m5-m1-de_mirage,3,teamB,19650,13800,4,0,1
s2-r1-m5-m1-de_mirage,4,teamA,25500,23800,5,0,0
s2-r1-m5-m1-de_mirage,4,teamB,26350,5600,4,0,1
s2-r1-m5-m1-de_mirage,5,teamA,15900,6450,1,0,0
s2-r1-m5-m1-de_mirage,5,teamB,39500,23650,4,1,0
s2-r1-m5-m1-de_mirage,6,teamA,24550,22500,5,0,0
s2-r1-m5-m1-de_mirage,6,teamB,34650,11800,4,1,0
s2-r1-m5-m1-de_mirage,7,teamA,18450,6200,0,0,0
s2-r1-m5-m1-de_mirage,7,teamB,41850,10300,4,1,0
s2-r1-m5-m1-de_mirage,8,teamA,29100,17100,4,1,0
s2-r1-m5-m1-de_mirage,8,teamB,40000,27600,4,1,0
s2-r1-m5-m1-de_mirage,9,teamA,26800,23800,5,0,0
s2-r1-m5-m1-de_mirage,9,teamB,31400,13500,4,1,0
s2-r1-m5-m1-de_mirage,10,teamA,20300,10650,1,0,0
s2-r1-m5-m1-de_mirage,10,teamB,36300,18550,4,1,0
s2-r1-m5-m1-de_mirage,11,teamA,27000,17550,4,1,0
s2-r1-m5-m1-de_mirage,11,teamB,26400,24800,4,1,0
s2-r1-m5-m1-de_mirage,12,teamA,27450,24450,4,1,0
s2-r1-m5-m1-de_mirage,12,teamB,21950,21400,4,1,0
s2-r1-m5-m1-de_mirage,13,teamA,4000,3550,0,0,0
s2-r1-m5-m1-de_mirage,13,teamB,4000,3500,0,0,0
s2-r1-m5-m1-de_mirage,14,teamA,10500,9950,0,0,1
s2-r1-m5-m1-de_mirage,14,teamB,18550,18400,4,0,1
s2-r1-m5-m1-de_mirage,15,teamA,15050,13300,2,0,1
s2-r1-m5-m1-de_mirage,15,teamB,18500,17000,5,0,0
s2-r1-m5-m1-de_mirage,16,teamA,21650,17550,4,0,1
s2-r1-m5-m1-de_mirage,16,teamB,12700,1000,0,0,0
s2-r1-m5-m1-de_mirage,17,teamA,23100,14150,4,0,1
s2-r1-m5-m1-de_mirage,17,teamB,21800,21500,5,0,0
s2-r1-m5-m1-de_mirage,18,teamA,27400,10850,5,0,0
s2-r1-m5-m1-de_mirage,18,teamB,10200,2200,1,0,0
s2-r1-m5-m1-de_mirage,19,teamA,35550,11850,4,1,0
s2-r1-m5-m1-de_mirage,19,teamB,22500,21800,5,0,0
s2-r1-m5-m1-de_mirage,20,teamA,42150,15400,4,1,0
s2-r1-m5-m1-de_mirage,20,teamB,14900,6700,1,0,0
s2-r1-m5-m1-de_mirage,21,teamA,46900,14250,4,1,0
s2-r1-m5-m1-de_mirage,21,teamB,28700,24550,4,1,0
s2-r1-m6-m1-de_mirage,1,teamA,4000,3550,0,0,0
s2-r1-m6-m1-de_mirage,1,teamB,4000,3400,0,0,0
s2-r1-m6-m1-de_mirage,2,teamA,9950,0,0,0,0
s2-r1-m6-m1-de_mirage,2,teamB,19600,19150,5,0,0
s2-r1-m6-m1-de_mirage,3,teamA,21950,21600,5,0,0
s2-r1-m6-m1-de_mirage,3,teamB,19450,6800,5,0,0
s2-r1-m6-m1-de_mirage,4,teamA,18100,15000,5,0,0
s2-r1-m6-m1-de_mirage,4,teamB,21300,21000,4,1,0
s2-r1-m6-m1-de_mirage,5,teamA,21150,15800,4,1,0
s2-r1-m6-m1-de_mirage,5,teamB,11450,1000,0,0,0
s2-r1-m6-m1-de_mirage,6,teamA,23100,6000,4,1,0
s2-r1-m6-m1-de_mirage,6,teamB,23300,22950,5,0,0
s2-r1-m6-m1-de_mirage,7,teamA,34950,13850,3,1,1
s2-r1-m6-m1-de_mirage,7,teamB,16500,7000,0,0,2
s2-r1-m6-m1-de_mirage,8,teamA,37950,20300,4,1,0
s2-r1-m6-m1-de_mirage,8,teamB,29000,28050,4,1,0
s2-r1-m6-m1-de_mirage,9,teamA,36350,7050,3,1,1
s2-r1-m6-m1-de_mirage,9,teamB,18200,7200,1,0,0
s2-r1-m6-m1-de_mirage,10,teamA,36900,26250,4,1,0
s2-r1-m6-m1-de_mirage,10,teamB,30000,18100,4,1,0
s2-r1-m6-m1-de_mirage,11,teamA,20850,12000,3,0,0
s2-r1-m6-m1-de_mirage,11,teamB,30700,18700,4,1,0
s2-r1-m6-m1-de_mirage,12,teamA,27050,17150,4,1,0
s2-r1-m6-m1-de_mirage,12,teamB,24550,20800,3,2,0
s2-r1-m6-m1-de_mirage,13,teamA,4000,3400,0,0,0
s2-r1-m6-m1-de_mirage,13,teamB,4000,3350,0,0,0
s2-r1-m6-m1-de_mirage,14,teamA,11750,10550,0,0,3
s2-r1-m6-m1-de_mirage,14,teamB,18700,18200,3,0,2
s2-r1-m6-m1-de_mirage,15,teamA,20850,13950,3,0,1
s2-r1-m6-m1-de_mirage,15,teamB,7800,5700,0,0,0
s2-r1-m6-m1-de_mirage,16,teamA,25650,15800,3,1,1
s2-r1-m6-m1-de_mirage,16,teamB,9800,650,1,0,0
s2-r1-m6-m1-de_mirage,17,teamA,28850,12600,4,1,0
s2-r1-m6-m1-de_mirage,17,teamB,21750,20600,5,0,0
s2-r1-m6-m1-de_mirage,18,teamA,25050,24000,3,1,1
s2-r1-m6-m1-de_mirage,18,teamB,18600,16500,4,1,0
s2-r1-m6-m1-de_mirage,19,teamA,19250,16400,3,1,1
s2-r1-m6-m1-de_mirage,19,teamB,12000,700,0,0,0
s2-r1-m6-m1-de_mirage,20,teamA,22150,8400,4,1,0
s2-r1-m6-m1-de_mirage,20,teamB,23300,23000,5,0,0
s2-r1-m6-m1-de_mirage,21,teamA,21300,20300,4,1,0
s2-r1-m6-m1-de_mirage,21,teamB,19300,8800,4,1,0
s2-r1-m7-m1-de_mirage,1,teamA,4000,3450,0,0,0
s2-r1-m7-m1-de_mirage,1,teamB,4000,3450,0,0,0
s2-r1-m7-m1-de_mirage,2,teamA,11250,700,0,0,0
s2-r1-m7-m1-de_mirage,2,teamB,19550,16850,2,0,2
s2-r1-m7-m1-de_mirage,3,teamA,22550,22400,5,0,0
s2-r1-m7-m1-de_mirage,3,teamB,22000,10650,2,1,2
s2-r1-m7-m1-de_mirage,4,teamA,18850,8400,4,1,0
s2-r1-m7-m1-de_mirage,4,teamB,19200,15350,4,0,0
s2-r1-m7-m1-de_mirage,5,teamA,28850,8600,4,1,0
s2-r1-m7-m1-de_mirage,5,teamB,13900,11400,3,1,1
s2-r1-m7-m1-de_mirage,6,teamA,38650,9300,4,1,0
s2-r1-m7-m1-de_mirage,6,teamB,15050,5250,2,1,1
s2-r1-m7-m1-de_mirage,7,teamA,48350,6200,4,1,0
s2-r1-m7-m1-de_mirage,7,teamB,24300,21300,4,1,0
s2-r1-m7-m1-de_mirage,8,teamA,48150,19500,4,1,0
s2-r1-m7-m1-de_mirage,8,teamB,21450,13750,4,1,0
s2-r1-m7-m1-de_mirage,9,teamA,37950,26250,4,1,0
s2-r1-m7-m1-de_mirage,9,teamB,26700,9400,4,1,0
s2-r1-m7-m1-de_mirage,10,teamA,24100,22650,3,1,0
s2-r1-m7-m1-de_mirage,10,teamB,35900,14800,4,1,0
s2-r1-m7-m1-de_mirage,11,teamA,16550,12500,1,0,1
s2-r1-m7-m1-de_mirage,11,teamB,39900,14700,4,1,0
s2-r1-m7-m1-de_mirage,12,teamA,23200,22950,4,1,0
s2-r1-m7-m1-de_mirage,12,teamB,45200,32300,4,1,0
s2-r1-m7-m1-de_mirage,13,teamA,4000,3250,0,0,0
s2-r1-m7-m1-de_mirage,13,teamB,4000,3450,0,0,0
s2-r1-m7-m1-de_mirage,14,teamA,11350,200,0,0,0
s2-r1-m7-m1-de_mirage,14,teamB,18600,17500,2,0,3
s2-r1-m7-m1-de_mirage,15,teamA,22850,22550,5,0,0
s2-r1-m7-m1-de_mirage,15,teamB,19450,4400,2,0,3
s2-r1-m7-m1-de_mirage,16,teamA,19300,17500,4,0,1
s2-r1-m7-m1-de_mirage,16,teamB,23350,21500,5,0,0
s2-r1-m7-m1-de_mirage,17,teamA,12950,12550,1,0,0
s2-r1-m7-m1-de_mirage,17,teamB,19900,14550,4,0,1
s2-r1-m7-m1-de_mirage,18,teamA,14050,12150,2,0,2
s2-r1-m7-m1-de_mirage,18,teamB,24350,16600,5,0,0
s2-r1-m8-m1-de_nuke,1,teamA,4000,3550,0,0,0
s2-r1-m8-m1-de_nuke,1,teamB,4000,3400,0,0,0
s2-r1-m8-m1-de_nuke,2,teamA,18200,17750,2,0,3
s2-r1-m8-m1-de_nuke,2,teamB,10650,9950,0,0,1
s2-r1-m8-m1-de_nuke,3,teamA,19750,13300,4,0,1
s2-r1-m8-m1-de_nuke,3,teamB,14100,3800,0,0,1
s2-r1-m8-m1-de_nuke,4,teamA,25450,14450,4,1,0
s2-r1-m8-m1-de_nuke,4,teamB,25900,23400,4,1,0
s2-r1-m8-m1-de_nuke,5,teamA,29800,14250,4,0,1
s2-r1-m8-m1-de_nuke,5,teamB,20200,18250,2,2,1
s2-r1-m8-m1-de_nuke,6,teamA,23750,20350,4,0,1
s2-r1-m8-m1-de_nuke,6,teamB,20850,18000,4,1,0
s2-r1-m8-m1-de_nuke,7,teamA,21450,18050,4,0,1
s2-r1-m8-m1-de_nuke,7,teamB,19250,10450,1,0,0
s2-r1-m8-m1-de_nuke,8,teamA,15800,13850,4,0,0
s2-r1-m8-m1-de_nuke,8,teamB,28400,26400,4,1,0
s2-r1-m8-m1-de_nuke,9,teamA,11050,0,0,0,0
s2-r1-m8-m1-de_nuke,9,teamB,20800,6450,4,1,0
s2-r1-m8-m1-de_nuke,10,teamA,23350,23100,5,0,0
s2-r1-m8-m1-de_nuke,10,teamB,33350,9400,4,1,0
s2-r1-m8-m1-de_nuke,11,teamA,15650,9200,1,0,0
s2-r1-m8-m1-de_nuke,11,teamB,42950,22050,4,1,0
s2-r1-m8-m1-de_nuke,12,teamA,24050,23600,5,0,0
s2-r1-m8-m1-de_nuke,12,teamB,39900,24650,3,2,0
s2-r1-m8-m1-de_nuke,13,teamA,4000,3400,0,0,0
s2-r1-m8-m1-de_nuke,13,teamB,4000,3400,0,0,0
s2-r1-m8-m1-de_nuke,14,teamA,21150,21000,5,0,0
s2-r1-m8-m1-de_nuke,14,teamB,14000,13550,3,0,0
s2-r1-m8-m1-de_nuke,15,teamA,20700,18600,4,0,1
s2-r1-m8-m1-de_nuke,15,teamB,17150,8050,1,0,0
s2-r1-m8-m1-de_nuke,16,teamA,21100,6000,5,0,0
s2-r1-m8-m1-de_nuke,16,teamB,23600,21400,5,0,0
s2-r1-m8-m1-de_nuke,17,teamA,22100,17800,4,1,0
s2-r1-m8-m1-de_nuke,17,teamB,20900,4600,5,0,0
s2-r1-m8-m1-de_nuke,18,teamA,15250,1500,1,1,0
s2-r1-m8-m1-de_nuke,18,teamB,35000,20150,4,1,0
s2-r1-m8-m1-de_nuke,19,teamA,31450,17000,4,1,0
s2-r1-m8-m1-de_nuke,19,teamB,20850,15900,5,0,0
s2-r1-m8-m1-de_nuke,20,teamA,33250,9700,4,1,0
s2-r1-m8-m1-de_nuke,20,teamB,17250,17050,3,0,0
s2-r1-m8-m1-de_nuke,21,teamA,43700,18550,4,1,0
s2-r1-m8-m1-de_nuke,21,teamB,18900,17800,4,0,0
s2-r2-l1-m1-de_overpass,1,teamA,4000,3550,0,0,0
s2-r2-l1-m1-de_overpass,1,teamB,4000,3450,0,0,0
s2-r2-l1-m1-de_overpass,2,teamA,10850,700,0,0,0
s2-r2-l1-m1-de_overpass,2,teamB,19550,18550,4,0,1
s2-r2-l1-m1-de_overpass,3,teamA,28500,19000,5,0,0
s2-r2-l1-m1-de_overpass,3,teamB,9650,9250,0,0,0
s2-r2-l1-m1-de_overpass,4,teamA,17100,16650,1,1,0
s2-r2-l1-m1-de_overpass,4,teamB,19400,16200,5,0,0
s2-r2-l1-m1-de_overpass,5,teamA,18100,15200,3,1,1
s2-r2-l1-m1-de_overpass,5,teamB,11850,10500,1,0,1
s2-r2-l1-m1-de_overpass,6,teamA,10900,8800,1,0,0
s2-r2-l1-m1-de_overpass,6,teamB,20350,16400,4,1,0
s2-r2-l1-m1-de_overpass,7,teamA,9850,0,0,0,0
s2-r2-l1-m1-de_overpass,7,teamB,22550,8550,3,1,1
s2-r2-l1-m1-de_overpass,8,teamA,21850,21100,5,0,0
s2-r2-l1-m1-de_overpass,8,teamB,32900,6200,4,1,0
s2-r2-l1-m1-de_overpass,9,teamA,19150,15900,5,0,0
s2-r2-l1-m1-de_overpass,9,teamB,35050,15300,4,1,0
s2-r2-l1-m1-de_overpass,10,teamA,16350,12200,1,0,0
s2-r2-l1-m1-de_overpass,10,teamB,39800,14400,4,1,0
s2-r2-l1-m1-de_overpass,11,teamA,16450,5450,1,0,0
s2-r2-l1-m1-de_overpass,11,teamB,44400,11000,4,1,0
s2-r2-l1-m1-de_overpass,12,teamA,28750,25350,4,1,0
s2-r2-l1-m1-de_overpass,12,teamB,42200,32450,4,1,0
s2-r2-l1-m1-de_overpass,13,teamA,4000,3400,0,0,0
s2-r2-l1-m1-de_overpass,13,teamB,4000,3350,0,0,0
s2-r2-l1-m1-de_overpass,14,teamA,19600,18400,3,0,2
s2-r2-l1-m1-de_overpass,14,teamB,10750,700,0,0,0
s2-r2-l1-m1-de_overpass,15,teamA,20800,9500,4,0,1
s2-r2-l1-m1-de_overpass,15,teamB,22350,21200,5,0,0
s2-r2-l1-m1-de_overpass,16,teamA,30700,24350,4,1,0
s2-r2-l1-m1-de_overpass,16,teamB,20150,17600,5,0,0
s2-r2-l1-m1-de_overpass,17,teamA,13900,12150,3,1,1
s2-r2-l1-m1-de_overpass,17,teamB,20950,8800,5,0,0
s2-r2-l1-m1-de_overpass,18,teamA,13200,1200,0,0,0
s2-r2-l1-m1-de_overpass,18,teamB,29800,16400,4,1,0
s2-r2-l1-m1-de_overpass,19,teamA,24550,24350,4,1,0
s2-r2-l1-m1-de_overpass,19,teamB,31250,7450,3,1,0
s2-r2-l1-m1-de_overpass,20,teamA,18050,13350,4,1,0
s2-r2-l1-m1-de_overpass,20,teamB,27300,21450,4,1,0
s2-r2-l1-m1-de_overpass,21,teamA,15650,15250,2,0,2
s2-r2-l1-m1-de_overpass,21,teamB,23700,21250,4,1,0
s2-r2-l1-m1-de_overpass,22,teamA,20000,13050,3,1,1
s2-r2-l1-m1-de_overpass,22,teamB,9750,9200,1,0,0
s2-r2-l2-m1-de_dust2,1,teamA,4000,3350,0,0,0
s2-r2-l2-m1-de_dust2,1,teamB,4000,3550,0,0,0
s2-r2-l2-m1-de_dust2,2,teamA,14350,12750,2,0,0
s2-r2-l2-m1-de_dust2,2,teamB,21000,19700,4,0,1
s2-r2-l2-m1-de_dust2,3,teamA,18400,15200,5,0,0
s2-r2-l2-m1-de_dust2,3,teamB,9450,9050,0,0,0
s2-r2-l2-m1-de_dust2,4,teamA,21250,19500,3,1,1
s2-r2-l2-m1-de_dust2,4,teamB,12100,1200,0,0,0
s2-r2-l2-m1-de_dust2,5,teamA,19900,5500,3,1,1
s2-r2-l2-m1-de_dust2,5,teamB,22600,22100,4,1,0
s2-r2-l2-m1-de_dust2,6,teamA,31650,16400,4,1,0
s2-r2-l2-m1-de_dust2,6,teamB,16450,4900,0,0,0
s2-r2-l2-m1-de_dust2,7,teamA,32800,16400,4,1,0
s2-r2-l2-m1-de_dust2,7,teamB,27750,26350,4,1,0
s2-r2-l2-m1-de_dust2,8,teamA,23800,22450,4,1,0
s2-r2-l2-m1-de_dust2,8,teamB,19800,14150,4,1,0
s2-r2-l2-m1-de_dust2,9,teamA,8650,0,0,0,0
s2-r2-l2-m1-de_dust2,9,teamB,24450,15200,4,1,0
s2-r2-l2-m1-de_dust2,10,teamA,20650,20500,4,0,0
s2-r2-l2-m1-de_dust2,10,teamB,28050,5000,4,1,0
s2-r2-l2-m1-de_dust2,11,teamA,18000,13100,4,1,0
s2-r2-l2-m1-de_dust2,11,teamB,33650,28900,3,2,0
s2-r2-l2-m1-de_dust2,12,teamA,13200,13000,2,1,0
s2-r2-l2-m1-de_dust2,12,teamB,22450,20700,4,1,0
s2-r2-l2-m1-de_dust2,13,teamA,4000,3400,0,0,0
s2-r2-l2-m1-de_dust2,13,teamB,4000,3450,0,0,0
s2-r2-l2-m1-de_dust2,14,teamA,11450,9550,0,0,2
s2-r2-l2-m1-de_dust2,14,teamB,19550,19000,5,0,0
s2-r2-l2-m1-de_dust2,15,teamA,13950,1200,0,0,1
s2-r2-l2-m1-de_dust2,15,teamB,19250,11500,5,0,0
s2-r2-l2-m1-de_dust2,16,teamA,28600,26550,4,1,0
s2-r2-l2-m1-de_dust2,16,teamB,25100,17950,4,1,0
s2-r2-l2-m1-de_dust2,17,teamA,19200,8900,1,0,1
s2-r2-l2-m1-de_dust2,17,teamB,25750,9400,4,1,0
s2-r2-l2-m1-de_dust2,18,teamA,28400,27250,4,1,0
s2-r2-l2-m1-de_dust2,18,teamB,33400,11500,4,1,0
s2-r2-l2-m1-de_dust2,19,teamA,19550,4550,4,1,0
s2-r2-l2-m1-de_dust2,19,teamB,28600,24150,4,1,0
s2-r2-l2-m1-de_dust2,20,teamA,31150,29450,3,2,0
s2-r2-l2-m1-de_dust2,20,teamB,21700,16100,4,1,0
s2-r2-l3-m1-de_nuke,1,teamA,4000,3400,0,0,0
s2-r2-l3-m1-de_nuke,1,teamB,4000,3300,0,0,0
s2-r2-l3-m1-de_nuke,2,teamA,10400,0,0,0,0
s2-r2-l3-m1-de_nuke,2,teamB,19700,18950,3,0,2
s2-r2-l3-m1-de_nuke,3,teamA,22700,22100,5,0,0
s2-r2-l3-m1-de_nuke,3,teamB,19350,8750,2,1,2
s2-r2-l3-m1-de_nuke,4,teamA,19600,15700,5,0,0
s2-r2-l3-m1-de_nuke,4,teamB,19850,19150,3,1,1
s2-r2-l3-m1-de_nuke,5,teamA,22900,19300,5,0,0
s2-r2-l3-m1-de_nuke,5,teamB,12300,2000,0,1,0
s2-r2-l3-m1-de_nuke,6,teamA,11500,11250,2,0,0
s2-r2-l3-m1-de_nuke,6,teamB,28800,19700,4,1,0
s2-r2-l3-m1-de_nuke,7,teamA,10050,0,0,0,0
s2-r2-l3-m1-de_nuke,7,teamB,27400,7350,3,1,1
s2-r2-l3-m1-de_nuke,8,teamA,22350,21800,5,0,0
s2-r2-l3-m1-de_nuke,8,teamB,39950,7450,4,1,0
s2-r2-l3-m1-de_nuke,9,teamA,12750,6400,0,1,0
s2-r2-l3-m1-de_nuke,9,teamB,50950,15950,4,1,0
s2-r2-l3-m1-de_nuke,10,teamA,23150,22800,5,0,0
s2-r2-l3-m1-de_nuke,10,teamB,53700,11000,4,1,0
s2-r2-l3-m1-de_nuke,11,teamA,18100,16300,4,1,0
s2-r2-l3-m1-de_nuke,11,teamB,51500,29450,4,1,0
s2-r2-l3-m1-de_nuke,12,teamA,19850,17050,2,1,2
s2-r2-l3-m1-de_nuke,12,teamB,33750,31000,5,0,0
s2-r2-l3-m1-de_nuke,13,teamA,4000,3400,0,0,0
s2-r2-l3-m1-de_nuke,13,teamB,4000,3450,0,0,0
s2-r2-l3-m1-de_nuke,14,teamA,21150,20750,4,0,1
s2-r2-l3-m1-de_nuke,14,teamB,13950,12500,1,0,0
s2-r2-l3-m1-de_nuke,15,teamA,20750,17000,5,0,0
s2-r2-l3-m1-de_nuke,15,teamB,16850,16600,2,0,2
s2-r2-l3-m1-de_nuke,16,teamA,22750,5450,5,0,0
s2-r2-l3-m1-de_nuke,16,teamB,14750,6000,0,0,0
s2-r2-l3-m1-de_nuke,17,teamA,37850,23850,4,1,0
s2-r2-l3-m1-de_nuke,17,teamB,29950,25650,4,1,0
s2-r2-l3-m1-de_nuke,18,teamA,22450,22100,3,1,1
s2-r2-l3-m1-de_nuke,18,teamB,21850,13450,3,1,1
s2-r2-l3-m1-de_nuke,19,teamA,11300,200,0,0,0
s2-r2-l3-m1-de_nuke,19,teamB,26050,14850,3,1,1
s2-r2-l3-m1-de_nuke,20,teamA,23650,23050,5,0,0
s2-r2-l3-m1-de_nuke,20,teamB,28850,7000,3,1,1
s2-r2-l3-m1-de_nuke,21,teamA,18500,10550,5,0,0
s2-r2-l3-m1-de_nuke,21,teamB,27850,16400,4,1,0
s2-r2-l3-m1-de_nuke,22,teamA,19650,19300,4,0,0
s2-r2-l3-m1-de_nuke,22,teamB,29300,21000,4,1,0
s2-r2-l4-m1-de_mirage,1,teamA,4000,3350,0,0,0
s2-r2-l4-m1-de_mirage,1,teamB,4000,3400,0,0,0
s2-r2-l4-m1-de_mirage,2,teamA,19350,17700,2,0,2
s2-r2-l4-m1-de_mirage,2,teamB,10650,10500,0,0,3
s2-r2-l4-m1-de_mirage,3,teamA,19450,7150,3,0,2
s2-r2-l4-m1-de_mirage,3,teamB,12700,3350,0,0,2
s2-r2-l4-m1-de_mirage,4,teamA,30350,14650,4,0,1
s2-r2-l4-m1-de_mirage,4,teamB,25500,25250,4,1,0
s2-r2-l4-m1-de_mirage,5,teamA,23300,21100,3,1,0
s2-r2-l4-m1-de_mirage,5,teamB,18850,11750,3,1,0
s2-r2-l4-m1-de_mirage,6,teamA,14900,2550,1,0,0
s2-r2-l4-m1-de_mirage,6,teamB,24400,14100,4,1,0
s2-r2-l4-m1-de_mirage,7,teamA,25250,23500,5,0,0
s2-r2-l4-m1-de_mirage,7,teamB,28900,14200,4,1,0
s2-r2-l4-m1-de_mirage,8,teamA,20450,11850,1,0,0
s2-r2-l4-m1-de_mirage,8,teamB,35050,17900,4,1,0
s2-r2-l4-m1-de_mirage,9,teamA,25600,24900,4,1,0
s2-r2-l4-m1-de_mirage,9,teamB,35950,5300,4,1,0
s2-r2-l4-m1-de_mirage,10,teamA,18300,7650,1,0,0
s2-r2-l4-m1-de_mirage,10,teamB,49650,14500,4,1,0
s2-r2-l4-m1-de_mirage,11,teamA,27000,25300,4,1,0
s2-r2-l4-m1-de_mirage,11,teamB,54150,21150,4,1,0
s2-r2-l4-m1-de_mirage,12,teamA,20200,8600,4,1,0
s2-r2-l4-m1-de_mirage,12,teamB,40350,25150,4,1,0
s2-r2-l4-m1-de_mirage,13,teamA,4000,3450,0,0,0
s2-r2-l4-m1-de_mirage,13,teamB,4000,2800,0,0,0
s2-r2-l4-m1-de_mirage,14,teamA,19550,16700,2,0,2
s2-r2-l4-m1-de_mirage,14,teamB,11300,700,0,0,0
s2-r2-l4-m1-de_mirage,15,teamA,19400,9850,4,0,1
s2-r2-l4-m1-de_mirage,15,teamB,22200,22000,5,0,0
s2-r2-l4-m1-de_mirage,16,teamA,18750,18500,4,0,0
s2-r2-l4-m1-de_mirage,16,teamB,18250,16800,5,0,0
s2-r2-l4-m1-de_mirage,17,teamA,19250,18050,4,0,1
s2-r2-l4-m1-de_mirage,17,teamB,11950,2100,0,0,0
s2-r2-l4-m1-de_mirage,18,teamA,20200,14500,5,0,0
s2-r2-l4-m1-de_mirage,18,teamB,22450,21400,5,0,0
s2-r2-l4-m1-de_mirage,19,teamA,24150,12100,4,1,0
s2-r2-l4-m1-de_mirage,19,teamB,12950,5350,1,0,0
s2-r2-l4-m1-de_mirage,20,teamA,19400,18850,2,1,1
s2-r2-l4-m1-de_mirage,20,teamB,24750,12000,4,1,0
s2-r2-l4-m1-de_mirage,21,teamA,19350,9700,3,1,1
s2-r2-l4-m1-de_mirage,21,teamB,24850,23850,3,1,0
s2-r2-l4-m1-de_mirage,22,teamA,29600,11450,4,1,0
s2-r2-l4-m1-de_mirage,22,teamB,18900,18600,5,0,0
s2-r2-l4-m1-de_mirage,23,teamA,27900,13950,4,1,0
s2-r2-l4-m1-de_mirage,23,teamB,18700,17950,4,0,1
s2-r2-w1-m1-de_overpass,1,teamA,4000,2650,0,0,0
s2-r2-w1-m1-de_overpass,1,teamB,4000,3550,0,0,0
s2-r2-w1-m1-de_overpass,2,teamA,13800,13100,3,0,1
s2-r2-w1-m1-de_overpass,2,teamB,21000,19100,3,0,2
s2-r2-w1-m1-de_overpass,3,teamA,16500,3200,0,0,0
s2-r2-w1-m1-de_overpass,3,teamB,23050,19950,4,1,0
s2-r2-w1-m1-de_overpass,4,teamA,27650,24200,5,0,0
s2-r2-w1-m1-de_overpass,4,teamB,22100,15050,4,1,0
s2-r2-w1-m1-de_overpass,5,teamA,22450,7400,5,0,0
s2-r2-w1-m1-de_overpass,5,teamB,14600,13900,3,0,0
s2-r2-w1-m1-de_overpass,6,teamA,33100,16850,4,0,1
s2-r2-w1-m1-de_overpass,6,teamB,12200,700,0,0,0
s2-r2-w1-m1-de_overpass,7,teamA,34300,14400,5,0,0
s2-r2-w1-m1-de_overpass,7,teamB,25150,25000,4,1,0
s2-r2-w1-m1-de_overpass,8,teamA,27000,21650,4,1,0
s2-r2-w1-m1-de_overpass,8,teamB,18400,17600,4,0,1
s2-r2-w1-m1-de_overpass,9,teamA,11150,10100,3,1,0
s2-r2-w1-m1-de_overpass,9,teamB,19000,11550,5,0,0
s2-r2-w1-m1-de_overpass,10,teamA,6150,4550,2,1,0
s2-r2-w1-m1-de_overpass,10,teamB,24600,20100,4,1,0
s2-r2-w1-m1-de_overpass,11,teamA,16400,4000,0,0,0
s2-r2-w1-m1-de_overpass,11,teamB,23100,17650,4,1,0
s2-r2-w1-m1-de_overpass,12,teamA,31500,27250,4,1,0
s2-r2-w1-m1-de_overpass,12,teamB,25800,18200,4,1,0
s2-r2-w1-m1-de_overpass,13,teamA,4000,3400,0,0,0
s2-r2-w1-m1-de_overpass,13,teamB,4000,3450,0,0,0
s2-r2-w1-m1-de_overpass,14,teamA,10650,10350,0,0,1
s2-r2-w1-m1-de_overpass,14,teamB,18600,18200,4,0,1
s2-r2-w1-m1-de_overpass,15,teamA,20850,18300,3,0,2
s2-r2-w1-m1-de_overpass,15,teamB,11900,11800,1,0,0
s2-r2-w1-m1-de_overpass,16,teamA,22400,14350,4,0,1
s2-r2-w1-m1-de_overpass,16,teamB,10500,700,0,0,0
s2-r2-w1-m1-de_overpass,17,teamA,27050,14350,4,1,0
s2-r2-w1-m1-de_overpass,17,teamB,22400,22150,5,0,0
s2-r2-w1-m1-de_overpass,18,teamA,20050,13050,4,1,0
s2-r2-w1-m1-de_overpass,18,teamB,18650,10000,5,0,0
s2-r2-w1-m1-de_overpass,19,teamA,17050,16450,3,1,1
s2-r2-w1-m1-de_overpass,19,teamB,27350,9550,4,1,0
s2-r2-w1-m1-de_overpass,20,teamA,19200,12200,4,1,0
s2-r2-w1-m1-de_overpass,20,teamB,25100,22750,5,0,0
s2-r2-w1-m1-de_overpass,21,teamA,25800,14400,4,1,0
s2-r2-w1-m1-de_overpass,21,teamB,12450,4400,1,0,0
s2-r2-w1-m1-de_overpass,22,teamA,30200,3000,4,1,0
s2-r2-w1-m1-de_overpass,22,teamB,19750,19250,4,0,0
s2-r2-w2-m1-de_nuke,1,teamA,4000,3550,0,0,0
s2-r2-w2-m1-de_nuke,1,teamB,4000,3300,0,0,0
s2-r2-w2-m1-de_nuke,2,teamA,18500,17550,4,0,1
s2-r2-w2-m1-de_nuke,2,teamB,11300,9650,0,0,1
s2-r2-w2-m1-de_nuke,3,teamA,19350,13850,4,0,1
s2-r2-w2-m1-de_nuke,3,teamB,15700,2250,1,0,0
s2-r2-w2-m1-de_nuke,4,teamA,13700,11200,1,0,1
s2-r2-w2-m1-de_nuke,4,teamB,32450,25100,4,1,0
s2-r2-w2-m1-de_nuke,5,teamA,10200,1300,0,1,0
s2-r2-w2-m1-de_nuke,5,teamB,25800,20250,4,1,0
s2-r2-w2-m1-de_nuke,6,teamA,24300,23100,5,0,0
s2-r2-w2-m1-de_nuke,6,teamB,26100,13700,4,1,0
s2-r2-w2-m1-de_nuke,7,teamA,16600,11000,1,0,0
s2-r2-w2-m1-de_nuke,7,teamB,31400,18800,4,1,0
s2-r2-w2-m1-de_nuke,8,teamA,23650,16250,4,1,0
s2-r2-w2-m1-de_nuke,8,teamB,20700,20600,3,1,0
s2-r2-w2-m1-de_nuke,9,teamA,25500,13500,4,1,0
s2-r2-w2-m1-de_nuke,9,teamB,10200,7750,3,1,0
s2-r2-w2-m1-de_nuke,10,teamA,30700,8950,4,1,0
s2-r2-w2-m1-de_nuke,10,teamB,15000,3100,2,0,0
s2-r2-w2-m1-de_nuke,11,teamA,39300,11800,4,1,0
s2-r2-w2-m1-de_nuke,11,teamB,27500,26450,4,1,0
s2-r2-w2-m1-de_nuke,12,teamA,34900,27150,4,1,0
s2-r2-w2-m1-de_nuke,12,teamB,19850,17500,4,1,0
s2-r2-w2-m1-de_nuke,13,teamA,4000,3250,0,0,0
s2-r2-w2-m1-de_nuke,13,teamB,4000,3450,0,0,0
s2-r2-w2-m1-de_nuke,14,teamA,21300,20750,2,1,2
s2-r2-w2-m1-de_nuke,14,teamB,14550,14100,2,0,0
s2-r2-w2-m1-de_nuke,15,teamA,20150,13300,3,1,1
s2-r2-w2-m1-de_nuke,15,teamB,13050,3500,0,0,0
s2-r2-w2-m1-de_nuke,16,teamA,25950,2100,3,1,1
s2-r2-w2-m1-de_nuke,16,teamB,24050,23300,5,0,0
s2-r2-w2-m1-de_nuke,17,teamA,43150,20150,3,1,0
s2-r2-w2-m1-de_nuke,17,teamB,18650,10150,1,0,0
s2-r2-w2-m1-de_nuke,18,teamA,42000,9000,4,1,0
s2-r2-w2-m1-de_nuke,18,teamB,25800,25150,4,1,0
s2-r2-w3-m1-de_mirage,1,teamA,4000,3450,0,0,0
s2-r2-w3-m1-de_mirage,1,teamB,4000,3400,0,0,0
s2-r2-w3-m1-de_mirage,2,teamA,10050,50,0,0,0
s2-r2-w3-m1-de_mirage,2,teamB,19600,18250,3,0,2
s2-r2-w3-m1-de_mirage,3,teamA,22900,22500,5,0,0
s2-r2-w3-m1-de_mirage,3,teamB,20350,17450,3,1,1
s2-r2-w3-m1-de_mirage,4,teamA,19400,11600,4,1,0
s2-r2-w3-m1-de_mirage,4,teamB,11000,10050,3,0,0
s2-r2-w3-m1-de_mirage,5,teamA,15800,15450,4,1,0
s2-r2-w3-m1-de_mirage,5,teamB,19400,13850,5,0,0
s2-r2-w3-m1-de_mirage,6,teamA,18750,5450,4,1,0
s2-r2-w3-m1-de_mirage,6,teamB,12550,11200,5,0,0
s2-r2-w3-m1-de_mirage,7,teamA,23700,22700,5,0,0
s2-r2-w3-m1-de_mirage,7,teamB,21900,9850,4,1,0
s2-r2-w3-m1-de_mirage,8,teamA,21200,19100,4,0,1
s2-r2-w3-m1-de_mirage,8,teamB,21400,20750,3,1,1
s2-r2-w3-m1-de_mirage,9,teamA,9700,8850,1,0,0
s2-r2-w3-m1-de_mirage,9,teamB,19950,15700,4,1,0
s2-r2-w3-m1-de_mirage,10,teamA,10950,0,0,0,0
s2-r2-w3-m1-de_mirage,10,teamB,23050,11750,3,1,1
s2-r2-w3-m1-de_mirage,11,teamA,22950,22300,5,0,0
s2-r2-w3-m1-de_mirage,11,teamB,30600,3500,3,1,1
s2-r2-w3-m1-de_mirage,12,teamA,19350,17800,5,0,0
s2-r2-w3-m1-de_mirage,12,teamB,35700,27000,4,1,0
s2-r2-w3-m1-de_mirage,13,teamA,4000,3400,0,0,0
s2-r2-w3-m1-de_mirage,13,teamB,4000,3450,0,0,0
s2-r2-w3-m1-de_mirage,14,teamA,19600,19000,4,0,1
s2-r2-w3-m1-de_mirage,14,teamB,10950,10600,0,0,1
s2-r2-w3-m1-de_mirage,15,teamA,19900,10150,4,0,1
s2-r2-w3-m1-de_mirage,15,teamB,12950,2700,0,0,0
s2-r2-w3-m1-de_mirage,16,teamA,20400,19750,3,1,0
s2-r2-w3-m1-de_mirage,16,teamB,29250,24950,4,1,0
s2-r2-w3-m1-de_mirage,17,teamA,12150,0,0,0,0
s2-r2-w3-m1-de_mirage,17,teamB,23300,20000,5,0,0
s2-r2-w3-m1-de_mirage,18,teamA,24150,24050,4,1,0
s2-r2-w3-m1-de_mirage,18,teamB,21150,5000,5,0,0
s2-r2-w3-m1-de_mirage,19,teamA,18700,10800,4,1,0
s2-r2-w3-m1-de_mirage,19,teamB,23250,20700,5,0,0
s2-r2-w3-m1-de_mirage,20,teamA,26700,19200,4,1,0
s2-r2-w3-m1-de_mirage,20,teamB,12550,1000,0,0,0
s2-r2-w3-m1-de_mirage,21,teamA,26300,17700,4,1,0
s2-r2-w3-m1-de_mirage,21,teamB,24450,23600,4,1,0
s2-r2-w3-m1-de_mirage,22,teamA,17800,17550,4,0,1
s2-r2-w3-m1-de_mirage,22,teamB,18300,17300,4,1,0
s2-r2-w3-m1-de_mirage,23,teamA,9750,9150,4,0,1
s2-r2-w3-m1-de_mirage,23,teamB,19100,5400,4,1,0
s2-r2-w3-m1-de_mirage,24,teamA,19900,17150,4,1,0
s2-r2-w3-m1-de_mirage,24,teamB,21100,20800,5,0,0
s2-r2-w4-m1-de_mirage,1,teamA,4000,3350,0,0,0
s2-r2-w4-m1-de_mirage,1,teamB,4000,3450,0,0,0
s2-r2-w4-m1-de_mirage,2,teamA,10750,10300,1,0,0
s2-r2-w4-m1-de_mirage,2,teamB,19550,19050,3,0,2
s2-r2-w4-m1-de_mirage,3,teamA,12450,2700,0,0,0
s2-r2-w4-m1-de_mirage,3,teamB,19500,5900,4,0,1
s2-r2-w4-m1-de_mirage,4,teamA,25150,24000,5,0,0
s2-r2-w4-m1-de_mirage,4,teamB,32900,22750,4,1,0
s2-r2-w4-m1-de_mirage,5,teamA,18450,10900,1,0,0
s2-r2-w4-m1-de_mirage,5,teamB,29150,10800,4,1,0
s2-r2-w4-m1-de_mirage,6,teamA,24850,24000,5,0,0
s2-r2-w4-m1-de_mirage,6,teamB,37150,9800,4,1,0
s2-r2-w4-m1-de_mirage,7,teamA,18150,10300,1,0,0
s2-r2-w4-m1-de_mirage,7,teamB,46350,10600,5,0,0
s2-r2-w4-m1-de_mirage,8,teamA,25150,24300,5,0,0
s2-r2-w4-m1-de_mirage,8,teamB,54750,10350,4,1,0
s2-r2-w4-m1-de_mirage,9,teamA,18750,10350,0,0,0
s2-r2-w4-m1-de_mirage,9,teamB,63100,19600,5,0,0
s2-r2-w4-m1-de_mirage,10,teamA,26450,22600,4,1,0
s2-r2-w4-m1-de_mirage,10,teamB,52700,29050,4,1,0
s2-r2-w4-m1-de_mirage,11,teamA,18450,9500,1,0,0
s2-r2-w4-m1-de_mirage,11,teamB,42250,15500,4,1,0
s2-r2-w4-m1-de_mirage,12,teamA,25750,25000,4,1,0
s2-r2-w4-m1-de_mirage,12,teamB,45350,5000,4,1,0
s2-r2-w4-m1-de_mirage,13,teamA,4000,3400,0,0,0
s2-r2-w4-m1-de_mirage,13,teamB,4000,3450,0,0,0
s2-r2-w4-m1-de_mirage,14,teamA,11200,10550,1,0,1
s2-r2-w4-m1-de_mirage,14,teamB,18600,18150,3,0,2
s2-r3-a1-m1-de_mirage,1,teamA,4000,3550,0,0,0
s2-r3-a1-m1-de_mirage,1,teamB,4000,3250,0,0,0
s2-r3-a1-m1-de_mirage,2,teamA,11150,1400,0,0,0
s2-r3-a1-m1-de_mirage,2,teamB,19750,19500,5,0,0
s2-r3-a1-m1-de_mirage,3,teamA,22050,21600,5,0,0
s2-r3-a1-m1-de_mirage,3,teamB,19250,13850,4,0,0
s2-r3-a1-m1-de_mirage,4,teamA,19450,9300,5,0,0
s2-r3-a1-m1-de_mirage,4,teamB,12950,10250,1,0,1
s2-r3-a1-m1-de_mirage,5,teamA,28000,7450,4,0,1
s2-r3-a1-m1-de_mirage,5,teamB,11700,0,0,0,0
s2-r3-a1-m1-de_mirage,6,teamA,38300,8650,4,1,0
s2-r3-a1-m1-de_mirage,6,teamB,24250,23600,4,1,0
s2-r3-a1-m1-de_mirage,7,teamA,40750,26350,4,1,0
s2-r3-a1-m1-de_mirage,7,teamB,21000,17600,4,1,0
s2-r3-a1-m1-de_mirage,8,teamA,32900,15650,3,1,1
s2-r3-a1-m1-de_mirage,8,teamB,14550,11050,2,1,0
s2-r3-a1-m1-de_mirage,9,teamA,36350,15250,3,1,1
s2-r3-a1-m1-de_mirage,9,teamB,16550,9050,2,1,0
s2-r3-a1-m1-de_mirage,10,teamA,39700,8600,4,1,0
s2-r3-a1-m1-de_mirage,10,teamB,22050,18650,5,0,0
s2-r3-a1-m1-de_mirage,11,teamA,48450,16700,4,1,0
s2-r3-a1-m1-de_mirage,11,teamB,22050,11350,1,0,1
s2-r3-a1-m1-de_mirage,12,teamA,49100,19000,3,2,0
s2-r3-a1-m1-de_mirage,12,teamB,28000,27500,4,1,0
s2-r3-a1-m1-de_mirage,13,teamA,4000,3400,0,0,0
s2-r3-a1-m1-de_mirage,13,teamB,4000,3350,0,0,0
s2-r3-a1-m1-de_mirage,14,teamA,19600,19100,4,0,1
s2-r3-a1-m1-de_mirage,14,teamB,10750,0,0,0,0
s2-r3-a1-m1-de_mirage,15,teamA,19500,10650,3,1,1
s2-r3-a1-m1-de_mirage,15,teamB,23050,22600,5,0,0
s2-r3-a1-m1-de_mirage,16,teamA,27650,19100,4,1,0
s2-r3-a1-m1-de_mirage,16,teamB,15850,14800,2,0,1
s2-r3-a1-m2-de_nuke,1,teamA,4000,3450,0,0,0
s2-r3-a1-m2-de_nuke,1,teamB,4000,3550,0,0,0
s2-r3-a1-m2-de_nuke,2,teamA,14550,13200,2,0,0
s2-r3-a1-m2-de_nuke,2,teamB,21000,19900,3,0,2
s2-r3-a1-m2-de_nuke,3,teamA,13650,2600,0,0,0
s2-r3-a1-m2-de_nuke,3,teamB,20400,9700,4,0,1
s2-r3-a1-m2-de_nuke,4,teamA,28750,23900,5,0,0
s2-r3-a1-m2-de_nuke,4,teamB,31850,15850,4,1,0
s2-r3-a1-m2-de_nuke,5,teamA,21850,20900,5,0,0
s2-r3-a1-m2-de_nuke,5,teamB,35000,4700,4,1,0
s2-r3-a1-m2-de_nuke,6,teamA,22150,21700,5,0,0
s2-r3-a1-m2-de_nuke,6,teamB,50450,20550,4,1,0
s2-r3-a1-m2-de_nuke,7,teamA,19450,16100,5,0,0
s2-r3-a1-m2-de_nuke,7,teamB,38550,22100,4,1,0
s2-r3-a1-m2-de_nuke,8,teamA,18750,17650,3,0,1
s2-r3-a1-m2-de_nuke,8,teamB,35450,17200,4,1,0
s2-r3-a1-m2-de_nuke,9,teamA,18700,9200,0,0,1
s2-r3-a1-m2-de_nuke,9,teamB,37250,12100,4,1,0
s2-r3-a1-m2-de_nuke,10,teamA,26450,25350,4,1,0
s2-r3-a1-m2-de_nuke,10,teamB,43950,16250,4,1,0
s2-r3-a1-m2-de_nuke,11,teamA,18400,18100,5,0,0
s2-r3-a1-m2-de_nuke,11,teamB,46500,8100,4,1,0
s2-r3-a1-m2-de_nuke,12,teamA,21500,20650,5,0,0
s2-r3-a1-m2-de_nuke,12,teamB,58950,21850,4,1,0
s2-r3-a1-m2-de_nuke,13,teamA,4000,3250,0,0,0
s2-r3-a1-m2-de_nuke,13,teamB,4000,3300,0,0,0
s2-r3-a1-m2-de_nuke,14,teamA,11900,11100,1,0,1
s2-r3-a1-m2-de_nuke,14,teamB,18450,18250,4,0,1
s2-r3-a2-m1-de_anubis,1,teamA,4000,3350,0,0,0
s2-r3-a2-m1-de_anubis,1,teamB,4000,3550,0,0,0
s2-r3-a2-m1-de_anubis,2,teamA,10750,700,0,0,0
s2-r3-a2-m1-de_anubis,2,teamB,19450,18800,5,0,0
s2-r3-a2-m1-de_anubis,3,teamA,22350,22100,5,0,0
s2-r3-a2-m1-de_anubis,3,teamB,19450,9200,5,0,0
s2-r3-a2-m1-de_anubis,4,teamA,18950,12800,5,0,0
s2-r3-a2-m1-de_anubis,4,teamB,18350,15800,5,0,0
s2-r3-a2-m1-de_anubis,5,teamA,20150,19850,3,1,0
s2-r3-a2-m1-de_anubis,5,teamB,23100,21100,4,1,0
s2-r3-a2-m1-de_anubis,6,teamA,18500,13100,4,1,0
s2-r3-a2-m1-de_anubis,6,teamB,9900,8550,2,1,1
s2-r3-a2-m1-de_anubis,7,teamA,16300,13550,2,0,0
s2-r3-a2-m1-de_anubis,7,teamB,21800,15250,4,1,0
s2-r3-a2-m1-de_anubis,8,teamA,11650,11300,0,0,0
s2-r3-a2-m1-de_anubis,8,teamB,25350,20850,4,1,0
s2-r3-a2-m1-de_anubis,9,teamA,12650,2400,0,0,0
s2-r3-a2-m1-de_anubis,9,teamB,23300,10250,4,1,0
s2-r3-a2-m1-de_anubis,10,teamA,25650,24100,5,0,0
s2-r3-a2-m1-de_anubis,10,teamB,31650,18700,4,1,0
s2-r3-a2-m1-de_anubis,11,teamA,20550,9000,4,1,0
s2-r3-a2-m1-de_anubis,11,teamB,20500,19550,3,1,1
s2-r3-a2-m1-de_anubis,12,teamA,24050,22950,3,1,0
s2-r3-a2-m1-de_anubis,12,teamB,20350,13050,4,1,0
s2-r3-a2-m1-de_anubis,13,teamA,4000,3450,0,0,0
s2-r3-a2-m1-de_anubis,13,teamB,4000,3450,0,0,0
s2-r3-a2-m1-de_anubis,14,teamA,12250,11400,0,0,3
s2-r3-a2-m1-de_anubis,14,teamB,18600,18000,3,0,2
s2-r3-a2-m1-de_anubis,15,teamA,22000,17300,5,0,0
s2-r3-a2-m1-de_anubis,15,teamB,11800,11550,1,0,0
s2-r3-a2-m1-de_anubis,16,teamA,23700,15750,4,1,0
s2-r3-a2-m1-de_anubis,16,teamB,10350,0,0,0,0
s2-r3-a2-m1-de_anubis,17,teamA,26750,7850,4,1,0
s2-r3-a2-m1-de_anubis,17,teamB,22650,21850,5,0,0
s2-r3-a2-m1-de_anubis,18,teamA,37700,9350,4,1,0
s2-r3-a2-m1-de_anubis,18,teamB,15600,5300,0,0,0
s2-r3-a2-m1-de_anubis,19,teamA,48900,18950,4,1,0
s2-r3-a2-m1-de_anubis,19,teamB,31000,26450,4,1,0
s2-r3-a2-m1-de_anubis,20,teamA,37500,18750,4,1,0
s2-r3-a2-m1-de_anubis,20,teamB,23050,9350,4,1,0
s2-r3-a2-m1-de_anubis,21,teamA,28250,13900,4,1,0
s2-r3-a2-m1-de_anubis,21,teamB,32100,5850,4,1,0
s2-r3-a2-m1-de_anubis,22,teamA,32800,9450,4,1,0
s2-r3-a2-m1-de_anubis,22,teamB,35750,22050,4,1,0
s2-r3-a2-m1-de_anubis,23,teamA,41950,15150,4,1,0
s2-r3-a2-m1-de_anubis,23,teamB,28400,25700,4,1,0
s2-r3-a2-m1-de_anubis,24,teamA,35400,25700,4,1,0
s2-r3-a2-m1-de_anubis,24,teamB,21500,19300,4,1,0
s2-r3-a2-m2-de_overpass,1,teamA,4000,3300,0,0,0
s2-r3-a2-m2-de_overpass,1,teamB,4000,3550,0,0,0
s2-r3-a2-m2-de_overpass,2,teamA,11100,11000,1,0,0
s2-r3-a2-m2-de_overpass,2,teamB,19450,18750,4,0,1
s2-r3-a2-m2-de_overpass,3,teamA,16000,15650,5,0,0
s2-r3-a2-m2-de_overpass,3,teamB,21550,14650,4,1,0
s2-r3-a2-m2-de_overpass,4,teamA,15150,5950,0,0,0
s2-r3-a2-m2-de_overpass,4,teamB,25700,11200,4,1,0
s2-r3-a2-m2-de_overpass,5,teamA,26500,25750,4,1,0
s2-r3-a2-m2-de_overpass,5,teamB,33500,11250,4,1,0
s2-r3-a2-m2-de_overpass,6,teamA,14750,8250,0,1,0
s2-r3-a2-m2-de_overpass,6,teamB,40100,14000,4,1,0
s2-r3-a2-m2-de_overpass,7,teamA,24700,13600,4,1,0
s2-r3-a2-m2-de_overpass,7,teamB,33650,13050,4,1,0
s2-r3-a2-m2-de_overpass,8,teamA,28550,17000,4,1,0
s2-r3-a2-m2-de_overpass,8,teamB,31550,27950,4,1,0
s2-r3-a2-m2-de_overpass,9,teamA,30250,10600,3,1,0
s2-r3-a2-m2-de_overpass,9,teamB,16700,14600,4,1,0
s2-r3-a2-m2-de_overpass,10,teamA,35250,12250,4,1,0
s2-r3-a2-m2-de_overpass,10,teamB,17700,6600,2,0,0
s2-r3-a2-m2-de_overpass,11,teamA,41050,20050,5,0,0
s2-r3-a2-m2-de_overpass,11,teamB,29750,27650,4,1,0
s2-r3-a2-m2-de_overpass,12,teamA,39050,9550,4,1,0
s2-r3-a2-m2-de_overpass,12,teamB,19650,19500,3,1,0
s2-r3-a2-m2-de_overpass,13,teamA,4000,3300,0,0,0
s2-r3-a2-m2-de_overpass,13,teamB,4000,3350,0,0,0
s2-r3-a2-m2-de_overpass,14,teamA,19700,19250,4,0,1
s2-r3-a2-m2-de_overpass,14,teamB,10750,700,0,0,0
s2-r3-a2-m2-de_overpass,15,teamA,19750,6200,4,0,1
s2-r3-a2-m2-de_overpass,15,teamB,22050,21700,5,0,0
s2-r3-a2-m2-de_overpass,16,teamA,32150,11400,5,0,0
s2-r3-a2-m2-de_overpass,16,teamB,15150,3750,0,0,0
s2-r3-a2-m2-de_overpass,17,teamA,39550,4250,5,0,0
s2-r3-a2-m2-de_overpass,17,teamB,28400,23950,5,0,0
s2-r3-a2-m2-de_overpass,18,teamA,42300,15200,4,1,0
s2-r3-a2-m2-de_overpass,18,teamB,22500,5200,5,0,0
s2-r3-a2-m2-de_overpass,19,teamA,45300,15250,4,1,0
s2-r3-a2-m2-de_overpass,19,teamB,32400,26350,4,1,0
s2-r3-a2-m2-de_overpass,20,teamA,39250,28950,4,1,0
s2-r3-a2-m2-de_overpass,20,teamB,23600,20450,5,0,0
s2-r3-a2-m3-de_ancient,1,teamA,4000,3350,0,0,0
s2-r3-a2-m3-de_ancient,1,teamB,4000,3400,0,0,0
s2-r3-a2-m3-de_ancient,2,teamA,19650,18000,2,0,2
s2-r3-a2-m3-de_ancient,2,teamB,11750,9600,1,0,0
s2-r3-a2-m3-de_ancient,3,teamA,20300,17650,4,0,1
s2-r3-a2-m3-de_ancient,3,teamB,14800,14100,1,0,3
s2-r3-a2-m3-de_ancient,4,teamA,10550,9900,0,0,1
s2-r3-a2-m3-de_ancient,4,teamB,20600,14700,4,0,1
s2-r3-a2-m3-de_ancient,5,teamA,14350,3100,1,0,0
s2-r3-a2-m3-de_ancient,5,teamB,26000,13700,4,0,1
s2-r3-a2-m3-de_ancient,6,teamA,23850,23400,5,0,0
s2-r3-a2-m3-de_ancient,6,teamB,31100,16200,4,1,0
s2-r3-a2-m3-de_ancient,7,teamA,12650,7050,1,0,0
s2-r3-a2-m3-de_ancient,7,teamB,33150,14900,4,1,0
s2-r3-a2-m3-de_ancient,8,teamA,22900,22300,5,0,0
s2-r3-a2-m3-de_ancient,8,teamB,37050,9300,4,1,0
s2-r3-a2-m3-de_ancient,9,teamA,21800,21400,5,0,0
s2-r3-a2-m3-de_ancient,9,teamB,47900,18400,4,1,0
s2-r3-a2-m3-de_ancient,10,teamA,19100,12400,5,0,0
s2-r3-a2-m3-de_ancient,10,teamB,37200,18600,4,1,0
s2-r3-a2-m3-de_ancient,11,teamA,22100,21200,4,0,0
s2-r3-a2-m3-de_ancient,11,teamB,37200,19700,4,1,0
s2-r3-a2-m3-de_ancient,12,teamA,18500,18200,5,0,0
s2-r3-a2-m3-de_ancient,12,teamB,35700,18350,4,1,0
s2-r3-a2-m3-de_ancient,13,teamA,4000,3400,0,0,0
s2-r3-a2-m3-de_ancient,13,teamB,4000,3350,0,0,0
s2-r3-a2-m3-de_ancient,14,teamA,19600,18600,4,0,1
s2-r3-a2-m3-de_ancient,14,teamB,10450,8550,1,0,0
s2-r3-a2-m3-de_ancient,15,teamA,8250,8050,3,0,1
s2-r3-a2-m3-de_ancient,15,teamB,19250,10800,4,0,1
s2-r3-a2-m3-de_ancient,16,teamA,11650,600,0,0,0
s2-r3-a2-m3-de_ancient,16,teamB,26500,16900,5,0,0
s2-r3-a2-m3-de_ancient,17,teamA,23400,23050,5,0,0
s2-r3-a2-m3-de_ancient,17,teamB,27350,10400,4,1,0
s2-r3-e1-m1-de_nuke,1,teamA,4000,3400,0,0,0
s2-r3-e1-m1-de_nuke,1,teamB,4000,3400,0,0,0
s2-r3-e1-m1-de_nuke,2,teamA,18650,18300,4,0,1
s2-r3-e1-m1-de_nuke,2,teamB,10100,9850,0,0,0
s2-r3-e1-m1-de_nuke,3,teamA,19650,10850,4,0,1
s2-r3-e1-m1-de_nuke,3,teamB,13350,1900,0,0,0
s2-r3-e1-m1-de_nuke,4,teamA,17000,16750,3,0,1
s2-r3-e1-m1-de_nuke,4,teamB,30450,25000,4,1,0
s2-r3-e1-m1-de_nuke,5,teamA,18650,12900,5,0,0
s2-r3-e1-m1-de_nuke,5,teamB,16050,10450,3,1,1
s2-r3-e1-m1-de_nuke,6,teamA,12250,10850,3,0,0
s2-r3-e1-m1-de_nuke,6,teamB,23950,17700,4,1,0
s2-r3-e1-m1-de_nuke,7,teamA,18700,8600,5,0,0
s2-r3-e1-m1-de_nuke,7,teamB,13600,7150,4,1,0
s2-r3-e1-m1-de_nuke,8,teamA,27850,16800,4,1,0
s2-r3-e1-m1-de_nuke,8,teamB,17200,3000,0,0,0
s2-r3-e1-m1-de_nuke,9,teamA,29100,8600,4,1,0
s2-r3-e1-m1-de_nuke,9,teamB,25800,24900,4,1,0
s2-r3-e1-m1-de_nuke,10,teamA,38550,9800,2,1,2
s2-r3-e1-m1-de_nuke,10,teamB,16500,7000,0,0,0
s2-r3-e1-m1-de_nuke,11,teamA,48300,6750,3,1,1
s2-r3-e1-m1-de_nuke,11,teamB,26200,25500,4,1,0
s2-r3-e1-m1-de_nuke,12,teamA,49550,27850,4,1,0
s2-r3-e1-m1-de_nuke,12,teamB,19500,17500,3,1,1
s2-r3-e1-m1-de_nuke,13,teamA,4000,3400,0,0,0
s2-r3-e1-m1-de_nuke,13,teamB,4000,3450,0,0,0
s2-r3-e1-m1-de_nuke,14,teamA,21150,19850,3,0,2
s2-r3-e1-m1-de_nuke,14,teamB,13950,12500,0,0,2
s2-r3-e1-m1-de_nuke,15,teamA,10500,7800,0,0,1
s2-r3-e1-m1-de_nuke,15,teamB,20100,16750,4,0,1
s2-r3-e1-m1-de_nuke,16,teamA,12500,300,1,0,0
s2-r3-e1-m1-de_nuke,16,teamB,23250,9300,4,0,1
s2-r3-e1-m1-de_nuke,17,teamA,25300,24950,4,1,0
s2-r3-e1-m1-de_nuke,17,teamB,32300,12500,5,0,0
s2-r3-e1-m1-de_nuke,18,teamA,18950,16350,3,1,1
s2-r3-e1-m1-de_nuke,18,teamB,27700,24450,4,1,0
s2-r3-e1-m1-de_nuke,19,teamA,21400,14250,4,1,0
s2-r3-e1-m1-de_nuke,19,teamB,13350,2100,0,0,0
s2-r3-e1-m1-de_nuke,20,teamA,25950,14500,4,1,0
s2-r3-e1-m1-de_nuke,20,teamB,23850,23300,5,0,0
s2-r3-e1-m2-de_anubis,1,teamA,4000,3350,0,0,0
s2-r3-e1-m2-de_anubis,1,teamB,4000,3400,0,0,0
s2-r3-e1-m2-de_anubis,2,teamA,19650,18950,4,0,1
s2-r3-e1-m2-de_anubis,2,teamB,12850,10950,0,0,2
s2-r3-e1-m2-de_anubis,3,teamA,18750,5300,4,0,1
s2-r3-e1-m2-de_anubis,3,teamB,13400,2000,0,0,0
s2-r3-e1-m2-de_anubis,4,teamA,32150,14650,3,1,1
s2-r3-e1-m2-de_anubis,4,teamB,27000,21150,4,1,0
s2-r3-e1-m2-de_anubis,5,teamA,35750,7200,4,1,0
s2-r3-e1-m2-de_anubis,5,teamB,23400,11200,2,0,0
s2-r3-e1-m2-de_anubis,6,teamA,46400,12900,4,1,0
s2-r3-e1-m2-de_anubis,6,teamB,30000,26950,4,1,0
s2-r3-e1-m2-de_anubis,7,teamA,52500,16200,4,1,0
s2-r3-e1-m2-de_anubis,7,teamB,21700,10700,1,1,1
s2-r3-e1-m2-de_anubis,8,teamA,54800,16500,4,1,0
s2-r3-e1-m2-de_anubis,8,teamB,29950,22050,4,1,0
s2-r3-e1-m2-de_anubis,9,teamA,45800,26950,4,1,0
s2-r3-e1-m2-de_anubis,9,teamB,26700,12750,4,1,0
s2-r3-e1-m2-de_anubis,10,teamA,36600,12700,4,1,0
s2-r3-e1-m2-de_anubis,10,teamB,29550,26250,4,1,0
s2-r3-e1-m2-de_anubis,11,teamA,41750,23400,4,1,0
s2-r3-e1-m2-de_anubis,11,teamB,22500,21900,5,0,0
s2-r3-e1-m2-de_anubis,12,teamA,25950,23850,4,0,1
s2-r3-e1-m2-de_anubis,12,teamB,19600,15800,4,1,0
s2-r3-e1-m2-de_anubis,13,teamA,4000,3400,0,0,0
s2-r3-e1-m2-de_anubis,13,teamB,4000,3450,0,0,0
s2-r3-e1-m2-de_anubis,14,teamA,11750,11350,0,0,3
s2-r3-e1-m2-de_anubis,14,teamB,18600,17600,2,0,3
s2-r3-e1-m2-de_anubis,15,teamA,14950,3250,0,0,0
s2-r3-e1-m2-de_anubis,15,teamB,19650,14550,4,0,1
s2-r3-e1-m2-de_anubis,16,teamA,26200,26050,4,1,0
s2-r3-e1-m2-de_anubis,16,teamB,24100,4100,4,0,1
s2-r3-e1-m2-de_anubis,17,teamA,17150,6200,1,1,1
s2-r3-e1-m2-de_anubis,17,teamB,39000,5200,5,0,0
s2-r3-e1-m2-de_anubis,18,teamA,28700,15450,4,1,0
s2-r3-e1-m2-de_anubis,18,teamB,41400,26150,4,1,0
s2-r3-e1-m2-de_anubis,19,teamA,32050,13100,4,1,0
s2-r3-e1-m2-de_anubis,19,teamB,25150,22350,3,1,0
s2-r3-e1-m2-de_anubis,20,teamA,31500,19550,3,2,0
s2-r3-e1-m2-de_anubis,20,teamB,21300,10100,4,1,0
s2-r3-e1-m2-de_anubis,21,teamA,29850,16750,3,2,0
s2-r3-e1-m2-de_anubis,21,teamB,18300,17300,3,0,0
s2-r3-e1-m2-de_anubis,22,teamA,22600,11800,4,1,0
s2-r3-e1-m2-de_anubis,22,teamB,19000,8500,5,0,0
s2-r3-e1-m2-de_anubis,23,teamA,24450,22750,4,1,0
s2-r3-e1-m2-de_anubis,23,teamB,29500,17200,4,1,0
s2-r3-e2-m1-de_inferno,1,teamA,4000,3400,0,0,0
s2-r3-e2-m1-de_inferno,1,teamB,4000,3400,0,0,0
s2-r3-e2-m1-de_inferno,2,teamA,18650,17300,3,0,2
s2-r3-e2-m1-de_inferno,2,teamB,10650,9700,0,0,0
s2-r3-e2-m1-de_inferno,3,teamA,9250,8600,0,0,0
s2-r3-e2-m1-de_inferno,3,teamB,19950,17850,3,0,2
s2-r3-e2-m1-de_inferno,4,teamA,14450,3000,0,0,0
s2-r3-e2-m1-de_inferno,4,teamB,23250,16200,5,0,0
s2-r3-e2-m1-de_inferno,5,teamA,30950,18050,4,1,0
s2-r3-e2-m1-de_inferno,5,teamB,13450,12150,2,0,1
s2-r3-e2-m1-de_inferno,6,teamA,19100,16650,3,1,0
s2-r3-e2-m1-de_inferno,6,teamB,20350,15300,5,0,0
s2-r3-e2-m1-de_inferno,7,teamA,12450,1400,0,0,0
s2-r3-e2-m1-de_inferno,7,teamB,24050,18100,4,1,0
s2-r3-e2-m1-de_inferno,8,teamA,23050,22400,5,0,0
s2-r3-e2-m1-de_inferno,8,teamB,24350,4600,4,1,0
s2-r3-e2-m1-de_inferno,9,teamA,19100,9100,4,1,0
s2-r3-e2-m1-de_inferno,9,teamB,27300,26300,4,1,0
s2-r3-e2-m1-de_inferno,10,teamA,28700,20500,3,0,0
s2-r3-e2-m1-de_inferno,10,teamB,13050,1700,0,1,0
s2-r3-e2-m1-de_inferno,11,teamA,24100,6700,4,1,0
s2-r3-e2-m1-de_inferno,11,teamB,23900,23750,5,0,0
s2-r3-e2-m1-de_inferno,12,teamA,24400,22300,5,0,0
s2-r3-e2-m1-de_inferno,12,teamB,19150,8100,4,1,0
s2-r3-e2-m1-de_inferno,13,teamA,4000,3400,0,0,0
s2-r3-e2-m1-de_inferno,13,teamB,4000,3400,0,0,0
s2-r3-e2-m1-de_inferno,14,teamA,11750,9650,1,0,0
s2-r3-e2-m1-de_inferno,14,teamB,18650,16850,3,0,2
s2-r3-e2-m1-de_inferno,15,teamA,20700,18900,4,0,1
s2-r3-e2-m1-de_inferno,15,teamB,9100,1400,0,0,0
s2-r3-e2-m1-de_inferno,16,teamA,20800,8950,4,0,1
s2-r3-e2-m1-de_inferno,16,teamB,15400,1800,0,0,0
s2-r3-e2-m1-de_inferno,17,teamA,30850,6900,4,0,1
s2-r3-e2-m1-de_inferno,17,teamB,25900,23800,5,0,0
s2-r3-e2-m1-de_inferno,18,teamA,32200,29050,4,1,0
s2-r3-e2-m1-de_inferno,18,teamB,20150,17150,4,1,0
s2-r3-e2-m1-de_inferno,19,teamA,23700,19950,3,1,1
s2-r3-e2-m1-de_inferno,19,teamB,17000,16700,3,0,0
s2-r3-e2-m1-de_inferno,20,teamA,11300,10900,2,1,2
s2-r3-e2-m1-de_inferno,20,teamB,19000,9300,5,0,0
s2-r3-e2-m1-de_inferno,21,teamA,11850,2600,0,0,0
s2-r3-e2-m1-de_inferno,21,teamB,27750,18000,5,0,0
s2-r3-e2-m1-de_inferno,22,teamA,28250,23200,5,0,0
s2-r3-e2-m1-de_inferno,22,teamB,17950,17550,3,0,1
s2-r3-e2-m1-de_inferno,23,teamA,24050,15700,5,0,0
s2-r3-e2-m1-de_inferno,23,teamB,10500,9500,0,0,0
s2-r3-e2-m1-de_inferno,24,teamA,27350,14150,4,1,0
s2-r3-e2-m1-de_inferno,24,teamB,13300,12750,1,0,0
s2-r3-e2-m2-de_mirage,1,teamA,4000,3450,0,0,0
s2-r3-e2-m2-de_mirage,1,teamB,4000,3300,0,0,0
s2-r3-e2-m2-de_mirage,2,teamA,10950,1400,0,0,0
s2-r3-e2-m2-de_mirage,2,teamB,19700,19350,5,0,0
s2-r3-e2-m2-de_mirage,3,teamA,21550,21100,5,0,0
s2-r3-e2-m2-de_mirage,3,teamB,19350,7600,5,0,0
s2-r3-e2-m2-de_mirage,4,teamA,18200,8000,5,0,0
s2-r3-e2-m2-de_mirage,4,teamB,19300,5550,1,0,0
s2-r3-e2-m2-de_mirage,5,teamA,23300,21700,3,1,0
s2-r3-e2-m2-de_mirage,5,teamB,34300,16950,4,1,0
s2-r3-e2-m2-de_mirage,6,teamA,20400,14500,4,1,0
s2-r3-e2-m2-de_mirage,6,teamB,24950,21550,4,1,0
s2-r3-e2-m2-de_mirage,7,teamA,16800,16700,4,0,1
s2-r3-e2-m2-de_mirage,7,teamB,23500,18500,4,1,0
s2-r3-e2-m2-de_mirage,8,teamA,10200,700,0,0,0
s2-r3-e2-m2-de_mirage,8,teamB,23800,12600,4,1,0
s2-r3-e2-m2-de_mirage,9,teamA,21500,20600,5,0,0
s2-r3-e2-m2-de_mirage,9,teamB,30200,3600,4,1,0
s2-r3-e2-m2-de_mirage,10,teamA,19900,10350,1,0,1
s2-r3-e2-m2-de_mirage,10,teamB,47150,24500,4,1,0
s2-r3-e2-m2-de_mirage,11,teamA,26850,25450,4,1,0
s2-r3-e2-m2-de_mirage,11,teamB,41450,20850,4,1,0
s2-r3-e2-m2-de_mirage,12,teamA,19050,17500,4,1,0
s2-r3-e2-m2-de_mirage,12,teamB,29600,28050,3,2,0
s2-r3-e2-m2-de_mirage,13,teamA,4000,3400,0,0,0
s2-r3-e2-m2-de_mirage,13,teamB,4000,3350,0,0,0
s2-r3-e2-m2-de_mirage,14,teamA,19600,18450,4,0,1
s2-r3-e2-m2-de_mirage,14,teamB,10450,700,0,0,0
s2-r3-e2-m2-de_mirage,15,teamA,21800,16150,4,1,0
s2-r3-e2-m2-de_mirage,15,teamB,25650,23300,5,0,0
s2-r3-e2-m2-de_mirage,16,teamA,24100,14000,4,1,0
s2-r3-e2-m2-de_mirage,16,teamB,14550,6300,1,0,0
s2-r3-e2-m2-de_mirage,17,teamA,18900,18500,3,1,1
s2-r3-e2-m2-de_mirage,17,teamB,25900,21300,4,1,0
s2-r3-e2-m2-de_mirage,18,teamA,11350,3100,0,0,0
s2-r3-e2-m2-de_mirage,18,teamB,22450,15600,4,1,0
s2-r3-e2-m2-de_mirage,19,teamA,21350,21200,5,0,0
s2-r3-e2-m2-de_mirage,19,teamB,24300,11400,4,1,0
s2-r3-e2-m2-de_mirage,20,teamA,19150,15050,5,0,0
s2-r3-e2-m2-de_mirage,20,teamB,20300,18400,3,0,0
s2-r3-e2-m2-de_mirage,21,teamA,15800,15700,3,0,1
s2-r3-e2-m2-de_mirage,21,teamB,19650,17100,5,0,0
s2-r3-e2-m3-de_nuke,1,teamA,4000,2600,0,0,0
s2-r3-e2-m3-de_nuke,1,teamB,4000,3250,0,0,0
s2-r3-e2-m3-de_nuke,2,teamA,18700,18150,4,0,1
s2-r3-e2-m3-de_nuke,2,teamB,11350,11100,0,0,3
s2-r3-e2-m3-de_nuke,3,teamA,8450,7400,0,0,0
s2-r3-e2-m3-de_nuke,3,teamB,20750,16700,5,0,0
s2-r3-e2-m3-de_nuke,4,teamA,18150,16550,4,0,1
s2-r3-e2-m3-de_nuke,4,teamB,13250,12100,1,0,1
s2-r3-e2-m3-de_nuke,5,teamA,19950,14350,4,0,1
s2-r3-e2-m3-de_nuke,5,teamB,12600,1700,0,0,0
s2-r3-e2-m3-de_nuke,6,teamA,23950,12400,5,0,0
s2-r3-e2-m3-de_nuke,6,teamB,24300,24000,4,1,0
s2-r3-e2-m3-de_nuke,7,teamA,29700,12900,5,0,0
s2-r3-e2-m3-de_nuke,7,teamB,15900,9200,1,0,0
s2-r3-e2-m3-de_nuke,8,teamA,34550,5100,5,0,0
s2-r3-e2-m3-de_nuke,8,teamB,23700,23250,3,1,1
s2-r3-e2-m3-de_nuke,9,teamA,48150,17550,5,0,0
s2-r3-e2-m3-de_nuke,9,teamB,18600,8200,1,0,3
s2-r3-e2-m3-de_nuke,10,teamA,38200,24300,5,0,0
s2-r3-e2-m3-de_nuke,10,teamB,29700,18150,4,1,0
s2-r3-e2-m3-de_nuke,11,teamA,32600,14850,4,1,0
s2-r3-e2-m3-de_nuke,11,teamB,26850,19250,4,1,0
s2-r3-e2-m3-de_nuke,12,teamA,35600,20950,5,0,0
s2-r3-e2-m3-de_nuke,12,teamB,25700,24450,4,1,0
s2-r3-e2-m3-de_nuke,13,teamA,4000,3400,0,0,0
s2-r3-e2-m3-de_nuke,13,teamB,4000,3400,0,0,0
s2-r3-e2-m3-de_nuke,14,teamA,12300,8000,0,0,0
s2-r3-e2-m3-de_nuke,14,teamB,18350,18100,5,0,0
s2-r3-e2-m3-de_nuke,15,teamA,15950,4900,0,0,0
s2-r3-e2-m3-de_nuke,15,teamB,18300,14800,3,0,2
s2-r3-e2-m3-de_nuke,16,teamA,27200,25950,4,1,0
s2-r3-e2-m3-de_nuke,16,teamB,22700,18350,4,1,0
s2-r3-e2-m3-de_nuke,17,teamA,19500,15150,4,1,0
s2-r3-e2-m3-de_nuke,17,teamB,10550,6700,1,0,0
s2-r3-e2-m3-de_nuke,18,teamA,17500,6550,2,0,0
s2-r3-e2-m3-de_nuke,18,teamB,19450,16600,5,0,0
s2-r3-e2-m3-de_nuke,19,teamA,26450,23050,4,1,0
s2-r3-e2-m3-de_nuke,19,teamB,21850,16800,5,0,0
s2-r3-e2-m3-de_nuke,20,teamA,21000,16900,4,1,0
s2-r3-e2-m3-de_nuke,20,teamB,23750,14250,4,1,0
s2-r3-e2-m3-de_nuke,21,teamA,22550,21950,5,0,0
s2-r3-e2-m3-de_nuke,21,teamB,27550,15900,5,0,0
s2-r3-e2-m3-de_nuke,22,teamA,18500,8900,1,0,1
s2-r3-e2-m3-de_nuke,22,teamB,29700,10750,3,0,1
s2-r3-e2-m3-de_nuke,23,teamA,28900,18750,4,1,0
s2-r3-e2-m3-de_nuke,23,teamB,26550,23400,5,0,0
s2-r3-e2-m3-de_nuke,24,teamA,25000,21300,4,1,0
s2-r3-e2-m3-de_nuke,24,teamB,22150,12100,4,1,0
s2-r3-m1-m1-de_ancient,1,teamA,4000,3350,0,0,0
s2-r3-m1-m1-de_ancient,1,teamB,4000,3400,0,0,0
s2-r3-m1-m1-de_ancient,2,teamA,14050,13800,2,0,1
s2-r3-m1-m1-de_ancient,2,teamB,21150,20900,5,0,0
s2-r3-m1-m1-de_ancient,3,teamA,18600,11550,4,0,1
s2-r3-m1-m1-de_ancient,3,teamB,8350,8000,0,0,0
s2-r3-m1-m1-de_ancient,4,teamA,25450,8800,4,0,1
s2-r3-m1-m1-de_ancient,4,teamB,10400,200,1,0,0
s2-r3-m1-m1-de_ancient,5,teamA,35750,5300,5,0,0
s2-r3-m1-m1-de_ancient,5,teamB,22200,20650,4,0,1
s2-r3-m1-m1-de_ancient,6,teamA,41550,26550,4,1,0
s2-r3-m1-m1-de_ancient,6,teamB,22400,19700,3,0,2
s2-r3-m1-m1-de_ancient,7,teamA,32650,5800,4,1,0
s2-r3-m1-m1-de_ancient,7,teamB,11900,0,0,0,0
s2-r3-m1-m1-de_ancient,8,teamA,44600,16800,4,1,0
s2-r3-m1-m1-de_ancient,8,teamB,25550,25100,4,1,0
s2-r3-m1-m1-de_ancient,9,teamA,34200,24700,3,1,1
s2-r3-m1-m1-de_ancient,9,teamB,19250,6400,4,1,0
s2-r3-m1-m1-de_ancient,10,teamA,22700,21050,4,0,1
s2-r3-m1-m1-de_ancient,10,teamB,33000,14700,4,1,0
s2-r3-m1-m1-de_ancient,11,teamA,19400,17450,4,0,1
s2-r3-m1-m1-de_ancient,11,teamB,26200,25000,3,1,1
s2-r3-m1-m1-de_ancient,12,teamA,12050,11800,1,0,1
s2-r3-m1-m1-de_ancient,12,teamB,21550,11650,4,1,0
s2-r3-m1-m1-de_ancient,13,teamA,4000,3400,0,0,0
s2-r3-m1-m1-de_ancient,13,teamB,4000,3350,0,0,0
s2-r3-m1-m1-de_ancient,14,teamA,19600,17900,3,0,1
s2-r3-m1-m1-de_ancient,14,teamB,10750,200,0,0,0
s2-r3-m1-m1-de_ancient,15,teamA,21000,14450,4,1,0
s2-r3-m1-m1-de_ancient,15,teamB,22850,21900,5,0,0
s2-r3-m1-m1-de_ancient,16,teamA,15550,15000,3,0,0
s2-r3-m1-m1-de_ancient,16,teamB,18700,16700,5,0,0
s2-r3-m1-m1-de_ancient,17,teamA,11200,1800,1,0,0
s2-r3-m1-m1-de_ancient,17,teamB,21000,14950,4,0,1
s2-r3-m1-m1-de_ancient,18,teamA,23450,23250,5,0,0
s2-r3-m1-m1-de_ancient,18,teamB,24100,16700,5,0,0
s2-r3-m1-m1-de_ancient,19,teamA,15350,7900,0,0,0
s2-r3-m1-m1-de_ancient,19,teamB,25150,7450,4,0,1
s2-r3-m1-m1-de_ancient,20,teamA,25000,24500,4,1,0
s2-r3-m1-m1-de_ancient,20,teamB,36700,11050,4,1,0
s2-r3-m1-m1-de_ancient,21,teamA,18950,11150,0,0,1
s2-r3-m1-m1-de_ancient,21,teamB,43400,16800,4,1,0
s2-r3-m1-m1-de_ancient,22,teamA,28450,18450,4,1,0
s2-r3-m1-m1-de_ancient,22,teamB,37400,26050,4,1,0
s2-r3-m1-m1-de_ancient,23,teamA,24300,16250,4,1,0
s2-r3-m1-m1-de_ancient,23,teamB,29550,4600,4,1,0
s2-r3-m1-m1-de_ancient,24,teamA,28000,25600,4,1,0
s2-r3-m1-m1-de_ancient,24,teamB,35450,26300,4,1,0
s2-r3-m2-m1-de_nuke,1,teamA,4000,3550,0,0,0
s2-r3-m2-m1-de_nuke,1,teamB,4000,3400,0,0,0
s2-r3-m2-m1-de_nuke,2,teamA,18500,16550,3,0,1
s2-r3-m2-m1-de_nuke,2,teamB,10100,0,0,0,0
s2-r3-m2-m1-de_nuke,3,teamA,20100,7100,4,0,1
s2-r3-m2-m1-de_nuke,3,teamB,22100,21850,5,0,0
s2-r3-m2-m1-de_nuke,4,teamA,32000,12150,5,0,0
s2-r3-m2-m1-de_nuke,4,teamB,15850,6800,1,0,0
s2-r3-m2-m1-de_nuke,5,teamA,27450,24650,4,1,0
s2-r3-m2-m1-de_nuke,5,teamB,28050,17450,4,1,0
s2-r3-m2-m1-de_nuke,6,teamA,12900,0,0,0,0
s2-r3-m2-m1-de_nuke,6,teamB,29400,13800,4,1,0
s2-r3-m2-m1-de_nuke,7,teamA,24200,23100,5,0,0
s2-r3-m2-m1-de_nuke,7,teamB,34600,3700,4,1,0
s2-r3-m2-m1-de_nuke,8,teamA,19800,5000,5,0,0
s2-r3-m2-m1-de_nuke,8,teamB,37900,17450,4,1,0
s2-r3-m2-m1-de_nuke,9,teamA,32850,19300,5,0,0
s2-r3-m2-m1-de_nuke,9,teamB,32150,27550,4,1,0
s2-r3-m2-m1-de_nuke,10,teamA,31600,20500,4,1,0
s2-r3-m2-m1-de_nuke,10,teamB,18200,8150,0,0,1
s2-r3-m2-m1-de_nuke,11,teamA,29150,19800,5,0,0
s2-r3-m2-m1-de_nuke,11,teamB,26750,26650,4,1,0
s2-r3-m2-m1-de_nuke,12,teamA,16350,15500,2,0,0
s2-r3-m2-m1-de_nuke,12,teamB,18700,13400,4,1,0
s2-r3-m2-m1-de_nuke,13,teamA,4000,3400,0,0,0
s2-r3-m2-m1-de_nuke,13,teamB,4000,3550,0,0,0
s2-r3-m2-m1-de_nuke,14,teamA,10100,8350,1,0,0
s2-r3-m2-m1-de_nuke,14,teamB,19450,18450,4,0,1
s2-r3-m2-m1-de_nuke,15,teamA,20750,15450,4,0,1
s2-r3-m2-m1-de_nuke,15,teamB,8600,6450,0,0,0
s2-r3-m2-m1-de_nuke,16,teamA,24600,9200,5,0,0
s2-r3-m2-m1-de_nuke,16,teamB,10100,0,0,0,0
s2-r3-m2-m1-de_nuke,17,teamA,34400,14500,4,1,0
s2-r3-m2-m1-de_nuke,17,teamB,22700,21500,5,0,0
s2-r3-m2-m1-de_nuke,18,teamA,38900,5900,4,1,0
s2-r3-m2-m1-de_nuke,18,teamB,15700,9600,1,0,0
s2-r3-m2-m1-de_nuke,19,teamA,51800,8900,4,1,0
s2-r3-m2-m1-de_nuke,19,teamB,23400,22000,5,0,0
s2-r3-m3-m1-de_inferno,1,teamA,4000,3350,0,0,0
s2-r3-m3-m1-de_inferno,1,teamB,4000,3550,0,0,0
s2-r3-m3-m1-de_inferno,2,teamA,18400,18100,3,0,2
s2-r3-m3-m1-de_inferno,2,teamB,11600,11150,1,0,2
s2-r3-m3-m1-de_inferno,3,teamA,19250,12000,5,0,0
s2-r3-m3-m1-de_inferno,3,teamB,13250,2000,0,0,0
s2-r3-m3-m1-de_inferno,4,teamA,25300,4000,5,0,0
s2-r3-m3-m1-de_inferno,4,teamB,25250,24750,5,0,0
s2-r3-m3-m1-de_inferno,5,teamA,39350,19050,4,1,0
s2-r3-m3-m1-de_inferno,5,teamB,19150,9150,0,0,1
s2-r3-m3-m1-de_inferno,6,teamA,38150,20900,4,1,0
s2-r3-m3-m1-de_inferno,6,teamB,29500,27200,4,1,0
s2-r3-m3-m1-de_inferno,7,teamA,35950,12600,4,1,0
s2-r3-m3-m1-de_inferno,7,teamB,20200,16550,5,0,0
s2-r3-m3-m1-de_inferno,8,teamA,41000,20400,4,1,0
s2-r3-m3-m1-de_inferno,8,teamB,22850,21350,5,0,0
s2-r3-m3-m1-de_inferno,9,teamA,28200,25550,4,1,0
s2-r3-m3-m1-de_inferno,9,teamB,20300,14050,5,0,0
s2-r3-m3-m1-de_inferno,10,teamA,10550,1800,1,0,0
s2-r3-m3-m1-de_inferno,10,teamB,24700,11950,4,1,0
s2-r3-m3-m1-de_inferno,11,teamA,21350,20200,4,0,0
s2-r3-m3-m1-de_inferno,11,teamB,31750,15050,4,1,0
s2-r3-m3-m1-de_inferno,12,teamA,19550,19350,4,0,1
s2-r3-m3-m1-de_inferno,12,teamB,37050,22050,4,1,0
s2-r3-m3-m1-de_inferno,13,teamA,4000,3400,0,0,0
s2-r3-m3-m1-de_inferno,13,teamB,4000,3350,0,0,0
s2-r3-m3-m1-de_inferno,14,teamA,19600,18200,4,0,1
s2-r3-m3-m1-de_inferno,14,teamB,10150,0,0,0,0
s2-r3-m3-m1-de_inferno,15,teamA,19450,10400,4,0,1
s2-r3-m3-m1-de_inferno,15,teamB,22450,22300,5,0,0
s2-r3-m3-m1-de_inferno,16,teamA,27800,10200,5,0,0
s2-r3-m3-m1-de_inferno,16,teamB,12050,6550,1,0,0
s2-r3-m3-m1-de_inferno,17,teamA,36400,5200,5,0,0
s2-r3-m3-m1-de_inferno,17,teamB,22700,22200,5,0,0
s2-r3-m3-m1-de_inferno,18,teamA,39350,20300,4,1,0
s2-r3-m3-m1-de_inferno,18,teamB,18900,15500,5,0,0
s2-r3-m3-m1-de_inferno,19,teamA,30500,25050,4,1,0
s2-r3-m3-m1-de_inferno,19,teamB,22400,22100,5,0,0
s2-r3-m3-m1-de_inferno,20,teamA,19800,15950,2,2,1
s2-r3-m3-m1-de_inferno,20,teamB,19300,17100,4,0,0
s2-r3-m3-m1-de_inferno,21,teamA,19450,7300,3,1,1
s2-r3-m3-m1-de_inferno,21,teamB,10150,9850,0,0,0
s2-r3-m4-m1-de_dust2,1,teamA,4000,3500,0,0,0
s2-r3-m4-m1-de_dust2,1,teamB,4000,3400,0,0,0
s2-r3-m4-m1-de_dust2,2,teamA,13900,13700,3,0,0
s2-r3-m4-m1-de_dust2,2,teamB,21150,20700,3,1,1
s2-r3-m4-m1-de_dust2,3,teamA,12500,1400,0,0,0
s2-r3-m4-m1-de_dust2,3,teamB,19450,8300,3,1,1
s2-r3-m4-m1-de_dust2,4,teamA,25600,23900,5,0,0
s2-r3-m4-m1-de_dust2,4,teamB,30250,10500,2,2,1
s2-r3-m4-m1-de_dust2,5,teamA,11900,11700,5,0,0
s2-r3-m4-m1-de_dust2,5,teamB,38050,5250,3,2,0
s2-r3-m4-m1-de_dust2,6,teamA,15000,2500,1,0,0
s2-r3-m4-m1-de_dust2,6,teamB,50850,23000,4,1,0
s2-r3-m4-m1-de_dust2,7,teamA,24900,23450,5,0,0
s2-r3-m4-m1-de_dust2,7,teamB,46550,6400,4,1,0
s2-r3-m4-m1-de_dust2,8,teamA,18450,7900,1,0,0
s2-r3-m4-m1-de_dust2,8,teamB,58750,5600,4,1,0
s2-r3-m4-m1-de_dust2,9,teamA,29600,26250,4,1,0
s2-r3-m4-m1-de_dust2,9,teamB,71450,15650,3,2,0
s2-r3-m4-m1-de_dust2,10,teamA,21150,12100,1,0,0
s2-r3-m4-m1-de_dust2,10,teamB,70900,26450,4,1,0
s2-r3-m4-m1-de_dust2,11,teamA,26450,24900,4,1,0
s2-r3-m4-m1-de_dust2,11,teamB,63450,11450,3,2,0
s2-r3-m4-m1-de_dust2,12,teamA,19200,14400,4,1,0
s2-r3-m4-m1-de_dust2,12,teamB,60450,33050,4,1,0
s2-r3-m4-m1-de_dust2,13,teamA,4000,3550,0,0,0
s2-r3-m4-m1-de_dust2,13,teamB,4000,3550,0,0,0
s2-r3-m4-m1-de_dust2,14,teamA,11600,11250,0,0,4
s2-r3-m4-m1-de_dust2,14,teamB,18500,18000,3,0,1
s2-r3-m4-m1-de_dust2,15,teamA,13200,11550,1,0,1
s2-r3-m4-m1-de_dust2,15,teamB,19800,6550,3,0,1
s2-r4-a1-m1-de_nuke,1,teamA,4000,3450,0,0,0
s2-r4-a1-m1-de_nuke,1,teamB,4000,3400,0,0,0
s2-r4-a1-m1-de_nuke,2,teamA,19550,18550,4,0,1
s2-r4-a1-m1-de_nuke,2,teamB,12850,12300,1,0,2
s2-r4-a1-m1-de_nuke,3,teamA,9200,9050,0,0,0
s2-r4-a1-m1-de_nuke,3,teamB,20150,18500,3,0,2
s2-r4-a1-m1-de_nuke,4,teamA,9650,0,0,0,0
s2-r4-a1-m1-de_nuke,4,teamB,21850,4700,3,0,2
s2-r4-a1-m1-de_nuke,5,teamA,21950,21000,5,0,0
s2-r4-a1-m1-de_nuke,5,teamB,36450,8200,4,0,1
s2-r4-a1-m1-de_nuke,6,teamA,15450,6200,0,0,0
s2-r4-a1-m1-de_nuke,6,teamB,47850,8700,5,0,0
s2-r4-a1-m1-de_nuke,7,teamA,30450,26350,4,1,0
s2-r4-a1-m1-de_nuke,7,teamB,59700,21050,4,1,0
s2-r4-a1-m1-de_nuke,8,teamA,22900,12800,4,1,0
s2-r4-a1-m1-de_nuke,8,teamB,46750,22950,4,1,0
s2-r4-a1-m1-de_nuke,9,teamA,28500,25450,4,1,0
s2-r4-a1-m1-de_nuke,9,teamB,44150,14900,4,1,0
s2-r4-a1-m1-de_nuke,10,teamA,20900,3000,4,1,0
s2-r4-a1-m1-de_nuke,10,teamB,36250,28700,4,1,0
s2-r4-a1-m1-de_nuke,11,teamA,36400,10000,4,1,0
s2-r4-a1-m1-de_nuke,11,teamB,17600,14100,3,1,1
s2-r4-a1-m1-de_nuke,12,teamA,44250,13950,4,0,0
s2-r4-a1-m1-de_nuke,12,teamB,16700,13300,1,0,3
s2-r4-a1-m1-de_nuke,13,teamA,4000,3400,0,0,0
s2-r4-a1-m1-de_nuke,13,teamB,4000,3300,0,0,0
s2-r4-a1-m1-de_nuke,14,teamA,19600,19000,4,0,1
s2-r4-a1-m1-de_nuke,14,teamB,10200,9600,0,0,0
s2-r4-a1-m1-de_nuke,15,teamA,19400,6300,4,0,1
s2-r4-a1-m1-de_nuke,15,teamB,12600,700,0,0,0
s2-r4-a1-m1-de_nuke,16,teamA,32100,3700,4,0,1
s2-r4-a1-m1-de_nuke,16,teamB,26400,25200,4,1,0
s2-r4-a1-m1-de_nuke,17,teamA,47700,13100,5,0,0
s2-r4-a1-m1-de_nuke,17,teamB,18800,10300,1,0,0
s2-r4-a1-m1-de_nuke,18,teamA,53600,9700,4,1,0
s2-r4-a1-m1-de_nuke,18,teamB,25800,24800,4,1,0
s2-r4-a1-m1-de_nuke,19,teamA,61350,11550,4,1,0
s2-r4-a1-m1-de_nuke,19,teamB,8100,7650,3,1,0
s2-r4-a1-m1-de_nuke,20,teamA,57700,29250,4,1,0
s2-r4-a1-m1-de_nuke,20,teamB,18300,12850,3,1,1
s2-r4-a1-m2-de_mirage,1,teamA,4000,3400,0,0,0
s2-r4-a1-m2-de_mirage,1,teamB,4000,3400,0,0,0
s2-r4-a1-m2-de_mirage,2,teamA,18650,18300,4,0,1
s2-r4-a1-m2-de_mirage,2,teamB,10900,10350,0,0,4
s2-r4-a1-m2-de_mirage,3,teamA,18400,14250,4,0,1
s2-r4-a1-m2-de_mirage,3,teamB,15050,5350,1,0,0
s2-r4-a1-m2-de_mirage,4,teamA,22200,3300,5,0,0
s2-r4-a1-m2-de_mirage,4,teamB,24500,23750,3,1,1
s2-r4-a1-m2-de_mirage,5,teamA,37600,9600,4,1,0
s2-r4-a1-m2-de_mirage,5,teamB,18100,8800,2,0,3
s2-r4-a1-m2-de_mirage,6,teamA,45750,7500,4,1,0
s2-r4-a1-m2-de_mirage,6,teamB,27150,25950,4,1,0
s2-r4-a1-m2-de_mirage,7,teamA,57050,16900,4,1,0
s2-r4-a1-m2-de_mirage,7,teamB,19200,10550,2,1,0
s2-r4-a1-m2-de_mirage,8,teamA,58200,13600,4,1,0
s2-r4-a1-m2-de_mirage,8,teamB,25550,25150,4,1,0
s2-r4-a1-m2-de_mirage,9,teamA,52200,26350,4,1,0
s2-r4-a1-m2-de_mirage,9,teamB,19200,14200,2,2,0
s2-r4-a1-m2-de_mirage,10,teamA,44350,5300,4,1,0
s2-r4-a1-m2-de_mirage,10,teamB,19850,12400,3,2,0
s2-r4-a1-m2-de_mirage,11,teamA,46650,26150,4,1,0
s2-r4-a1-m2-de_mirage,11,teamB,26050,14250,4,1,0
s2-r4-a1-m2-de_mirage,12,teamA,30600,27450,4,1,0
s2-r4-a1-m2-de_mirage,12,teamB,30800,20900,4,1,0
s2-r4-a1-m2-de_mirage,13,teamA,4000,3400,0,0,0
s2-r4-a1-m2-de_mirage,13,teamB,4000,3400,0,0,0
s2-r4-a1-m2-de_mirage,14,teamA,11200,9500,0,0,3
s2-r4-a1-m2-de_mirage,14,teamB,18650,18600,4,0,1
s2-r4-a1-m2-de_mirage,15,teamA,14250,1900,0,0,0
s2-r4-a1-m2-de_mirage,15,teamB,17800,7100,5,0,0
s2-r4-a1-m2-de_mirage,16,teamA,27400,27200,4,1,0
s2-r4-a1-m2-de_mirage,16,teamB,28450,8150,4,1,0
s2-r4-a1-m2-de_mirage,17,teamA,19000,11000,4,1,0
s2-r4-a1-m2-de_mirage,17,teamB,27100,23400,5,0,0
s2-r4-a1-m2-de_mirage,18,teamA,26450,9350,4,1,0
s2-r4-a1-m2-de_mirage,18,teamB,10700,9150,2,0,0
s2-r4-a1-m2-de_mirage,19,teamA,36100,14000,4,1,0
s2-r4-a1-m2-de_mirage,19,teamB,13950,13600,1,0,0
s2-r4-a1-m3-de_dust2,1,teamA,4000,3350,0,0,0
s2-r4-a1-m3-de_dust2,1,teamB,4000,3400,0,0,0
s2-r4-a1-m3-de_dust2,2,teamA,19650,18650,4,0,1
s2-r4-a1-m3-de_dust2,2,teamB,11750,10950,1,0,0
s2-r4-a1-m3-de_dust2,3,teamA,18650,15050,4,0,1
s2-r4-a1-m3-de_dust2,3,teamB,14450,2900,0,0,0
s2-r4-a1-m3-de_dust2,4,teamA,22350,13750,3,1,1
s2-r4-a1-m3-de_dust2,4,teamB,27150,26550,4,1,0
s2-r4-a1-m3-de_dust2,5,teamA,18800,18450,3,0,1
s2-r4-a1-m3-de_dust2,5,teamB,21150,10450,4,1,0
s2-r4-a1-m3-de_dust2,6,teamA,18400,9850,3,1,1
s2-r4-a1-m3-de_dust2,6,teamB,23800,23600,4,1,0
s2-r4-a1-m3-de_dust2,7,teamA,26600,3650,4,1,0
s2-r4-a1-m3-de_dust2,7,teamB,14700,5550,0,0,0
s2-r4-a1-m3-de_dust2,8,teamA,33650,25650,4,1,0
s2-r4-a1-m3-de_dust2,8,teamB,29700,16000,4,1,0
s2-r4-a1-m3-de_dust2,9,teamA,17800,7850,1,0,0
s2-r4-a1-m3-de_dust2,9,teamB,31750,10100,4,1,0
s2-r4-a1-m3-de_dust2,10,teamA,28400,17900,4,1,0
s2-r4-a1-m3-de_dust2,10,teamB,32600,28150,4,1,0
s2-r4-a1-m3-de_dust2,11,teamA,28900,18950,4,1,0
s2-r4-a1-m3-de_dust2,11,teamB,17700,6600,1,1,0
s2-r4-a1-m3-de_dust2,12,teamA,17550,17050,3,0,0
s2-r4-a1-m3-de_dust2,12,teamB,30100,19800,4,1,0
s2-r4-a1-m3-de_dust2,13,teamA,4000,3350,0,0,0
s2-r4-a1-m3-de_dust2,13,teamB,4000,3450,0,0,0
s2-r4-a1-m3-de_dust2,14,teamA,11250,10850,0,0,1
s2-r4-a1-m3-de_dust2,14,teamB,18300,17550,4,0,1
s2-r4-a1-m3-de_dust2,15,teamA,12950,2750,0,0,1
s2-r4-a1-m3-de_dust2,15,teamB,18850,9200,4,0,1
s2-r4-a1-m3-de_dust2,16,teamA,25500,23650,4,1,0
s2-r4-a1-m3-de_dust2,16,teamB,28650,15150,4,1,0
s2-r4-a1-m3-de_dust2,17,teamA,20850,14350,4,1,0
s2-r4-a1-m3-de_dust2,17,teamB,21100,19100,4,0,0
s2-r4-a1-m3-de_dust2,18,teamA,26850,14900,4,1,0
s2-r4-a1-m3-de_dust2,18,teamB,14600,2200,0,0,0
s2-r4-a1-m3-de_dust2,19,teamA,30750,5000,3,1,0
s2-r4-a1-m3-de_dust2,19,teamB,24700,24000,4,1,0
s2-r4-a1-m3-de_dust2,20,teamA,30350,20200,4,1,0
s2-r4-a1-m3-de_dust2,20,teamB,19500,13000,4,1,0
s2-r4-a1-m3-de_dust2,21,teamA,28850,8550,4,1,0
s2-r4-a1-m3-de_dust2,21,teamB,16300,15850,3,0,0
s2-r4-a2-m1-de_overpass,1,teamA,4000,3450,0,0,0
s2-r4-a2-m1-de_overpass,1,teamB,4000,3400,0,0,0
s2-r4-a2-m1-de_overpass,2,teamA,18300,17700,3,0,2
s2-r4-a2-m1-de_overpass,2,teamB,12300,11850,1,0,2
s2-r4-a2-m1-de_overpass,3,teamA,19000,4500,3,0,2
s2-r4-a2-m1-de_overpass,3,teamB,12450,1300,1,0,1
s2-r4-a2-m1-de_overpass,4,teamA,34400,7700,4,0,1
s2-r4-a2-m1-de_overpass,4,teamB,26200,25700,4,1,0
s2-r4-a2-m1-de_overpass,5,teamA,44450,20600,5,0,0
s2-r4-a2-m1-de_overpass,5,teamB,19500,8450,0,0,1
s2-r4-a2-m1-de_overpass,6,teamA,41900,10450,4,1,0
s2-r4-a2-m1-de_overpass,6,teamB,28600,27300,4,1,0
s2-r4-a2-m1-de_overpass,7,teamA,49400,8500,4,1,0
s2-r4-a2-m1-de_overpass,7,teamB,18650,9650,0,0,3
s2-r4-a2-m1-de_overpass,8,teamA,58650,15300,4,1,0
s2-r4-a2-m1-de_overpass,8,teamB,28250,27100,4,1,0
s2-r4-a2-m1-de_overpass,9,teamA,49250,22250,4,1,0
s2-r4-a2-m1-de_overpass,9,teamB,19400,9850,4,1,0
s2-r4-a2-m1-de_overpass,10,teamA,35000,19900,4,1,0
s2-r4-a2-m1-de_overpass,10,teamB,28000,14000,4,1,0
s2-r4-a2-m1-de_overpass,11,teamA,27500,24200,5,0,0
s2-r4-a2-m1-de_overpass,11,teamB,32600,15250,4,1,0
s2-r4-a2-m1-de_overpass,12,teamA,12300,12050,4,0,1
s2-r4-a2-m1-de_overpass,12,teamB,35250,11100,4,1,0
s2-r4-a2-m1-de_overpass,13,teamA,4000,3400,0,0,0
s2-r4-a2-m1-de_overpass,13,teamB,4000,3400,0,0,0
s2-r4-a2-m1-de_overpass,14,teamA,19600,19150,3,0,2
s2-r4-a2-m1-de_overpass,14,teamB,11000,0,0,0,0
s2-r4-a2-m1-de_overpass,15,teamA,19750,6400,3,0,2
s2-r4-a2-m1-de_overpass,15,teamB,22300,21500,5,0,0
s2-r4-a2-m1-de_overpass,16,teamA,34800,16750,4,1,0
s2-r4-a2-m1-de_overpass,16,teamB,19200,12250,1,0,0
s2-r4-a2-m1-de_overpass,17,teamA,26500,25550,4,1,0
s2-r4-a2-m1-de_overpass,17,teamB,25000,16400,4,1,0
s2-r4-a2-m1-de_overpass,18,teamA,19950,10600,4,1,0
s2-r4-a2-m1-de_overpass,18,teamB,20900,20500,4,0,0
s2-r4-a2-m1-de_overpass,19,teamA,17050,3350,0,0,1
s2-r4-a2-m1-de_overpass,19,teamB,18150,11200,4,1,0
s2-r4-a2-m1-de_overpass,20,teamA,23750,22200,3,1,1
s2-r4-a2-m1-de_overpass,20,teamB,25550,7600,4,1,0
s2-r4-a2-m1-de_overpass,21,teamA,15650,4800,0,0,1
s2-r4-a2-m1-de_overpass,21,teamB,35400,20700,4,1,0
s2-r4-a2-m1-de_overpass,22,teamA,26800,22400,4,1,0
s2-r4-a2-m1-de_overpass,22,teamB,33300,17750,4,1,0
s2-r4-a2-m1-de_overpass,23,teamA,22600,10250,4,1,0
s2-r4-a2-m1-de_overpass,23,teamB,22850,21900,5,0,0
s2-r4-a2-m2-de_inferno,1,teamA,4000,3400,0,0,0
s2-r4-a2-m2-de_inferno,1,teamB,4000,3400,0,0,0
s2-r4-a2-m2-de_inferno,2,teamA,19600,17900,4,0,1
s2-r4-a2-m2-de_inferno,2,teamB,11750,10750,1,0,2
s2-r4-a2-m2-de_inferno,3,teamA,7600,7250,1,0,0
s2-r4-a2-m2-de_inferno,3,teamB,20050,11800,4,0,1
s2-r4-a2-m2-de_inferno,4,teamA,11050,0,0,0,0
s2-r4-a2-m2-de_inferno,4,teamB,27250,19050,4,1,0
s2-r4-a2-m2-de_inferno,5,teamA,23050,22900,5,0,0
s2-r4-a2-m2-de_inferno,5,teamB,27200,3100,4,1,0
s2-r4-a2-m2-de_inferno,6,teamA,18850,11850,1,0,0
s2-r4-a2-m2-de_inferno,6,teamB,44150,19400,4,1,0
s2-r4-a2-m2-de_inferno,7,teamA,23900,23300,5,0,0
s2-r4-a2-m2-de_inferno,7,teamB,43750,7350,4,1,0
s2-r4-a2-m2-de_inferno,8,teamA,19600,12900,5,0,0
s2-r4-a2-m2-de_inferno,8,teamB,44500,23450,4,1,0
s2-r4-a2-m2-de_inferno,9,teamA,25600,12850,5,0,0
s2-r4-a2-m2-de_inferno,9,teamB,31650,23550,4,1,0
s2-r4-a2-m2-de_inferno,10,teamA,28950,24100,5,0,0
s2-r4-a2-m2-de_inferno,10,teamB,28650,17150,4,1,0
s2-r4-a2-m2-de_inferno,11,teamA,10650,9700,5,0,0
s2-r4-a2-m2-de_inferno,11,teamB,28850,5800,4,1,0
s2-r4-a2-m2-de_inferno,12,teamA,18250,17200,4,0,0
s2-r4-a2-m2-de_inferno,12,teamB,42050,16000,4,1,0
s2-r4-a2-m2-de_inferno,13,teamA,4000,3400,0,0,0
s2-r4-a2-m2-de_inferno,13,teamB,4000,3450,0,0,0
s2-r4-a2-m2-de_inferno,14,teamA,10650,6600,0,0,0
s2-r4-a2-m2-de_inferno,14,teamB,19550,19050,4,0,1
s2-r4-a2-m2-de_inferno,15,teamA,13650,4750,0,0,1
s2-r4-a2-m2-de_inferno,15,teamB,19800,8200,5,0,0
s2-r4-a2-m2-de_inferno,16,teamA,29450,20950,4,1,0
s2-r4-a2-m2-de_inferno,16,teamB,22800,20350,3,0,1
s2-r4-a2-m2-de_inferno,17,teamA,27150,14900,4,1,0
s2-r4-a2-m2-de_inferno,17,teamB,12550,0,0,0,0
s2-r4-a2-m2-de_inferno,18,teamA,31250,4950,4,1,0
s2-r4-a2-m2-de_inferno,18,teamB,23650,23200,5,0,0
s2-r4-a2-m2-de_inferno,19,teamA,35200,29450,4,1,0
s2-r4-a2-m2-de_inferno,19,teamB,18500,15550,4,0,1
s2-r4-a3-m1-de_inferno,1,teamA,4000,3350,0,0,0
s2-r4-a3-m1-de_inferno,1,teamB,4000,3550,0,0,0
s2-r4-a3-m1-de_inferno,2,teamA,10450,700,0,0,0
s2-r4-a3-m1-de_inferno,2,teamB,19450,19000,4,0,1
s2-r4-a3-m1-de_inferno,3,teamA,21750,20800,5,0,0
s2-r4-a3-m1-de_inferno,3,teamB,19450,6600,4,0,1
s2-r4-a3-m1-de_inferno,4,teamA,16050,8850,0,0,0
s2-r4-a3-m1-de_inferno,4,teamB,31850,14600,5,0,0
s2-r4-a3-m1-de_inferno,5,teamA,24100,22500,5,0,0
s2-r4-a3-m1-de_inferno,5,teamB,36250,11250,4,1,0
s2-r4-a3-m1-de_inferno,6,teamA,18600,8800,0,0,0
s2-r4-a3-m1-de_inferno,6,teamB,44000,5100,4,1,0
s2-r4-a3-m1-de_inferno,7,teamA,25300,25100,4,1,0
s2-r4-a3-m1-de_inferno,7,teamB,57700,6650,4,1,0
s2-r4-a3-m1-de_inferno,8,teamA,21500,20700,5,0,0
s2-r4-a3-m1-de_inferno,8,teamB,68400,26550,4,1,0
s2-r4-a3-m1-de_inferno,9,teamA,19200,5800,5,0,0
s2-r4-a3-m1-de_inferno,9,teamB,48850,15150,4,1,0
s2-r4-a3-m1-de_inferno,10,teamA,31150,20900,4,1,0
s2-r4-a3-m1-de_inferno,10,teamB,45200,28250,4,1,0
s2-r4-a3-m1-de_inferno,11,teamA,22550,12600,1,0,0
s2-r4-a3-m1-de_inferno,11,teamB,35150,9300,4,1,0
s2-r4-a3-m1-de_inferno,12,teamA,24750,24100,4,1,0
s2-r4-a3-m1-de_inferno,12,teamB,44450,17700,4,1,0
s2-r4-a3-m1-de_inferno,13,teamA,4000,3400,0,0,0
s2-r4-a3-m1-de_inferno,13,teamB,4000,3400,0,0,0
s2-r4-a3-m1-de_inferno,14,teamA,11200,10300,0,0,2
s2-r4-a3-m1-de_inferno,14,teamB,18350,17500,3,0,2
s2-r4-a3-m1-de_inferno,15,teamA,20200,18700,5,0,0
s2-r4-a3-m1-de_inferno,15,teamB,9350,9300,0,0,0
s2-r4-a3-m1-de_inferno,16,teamA,10650,10300,0,0,3
s2-r4-a3-m1-de_inferno,16,teamB,18100,17850,3,0,2
s2-r4-a3-m2-de_mirage,1,teamA,4000,3350,0,0,0
s2-r4-a3-m2-de_mirage,1,teamB,4000,3400,0,0,0
s2-r4-a3-m2-de_mirage,2,teamA,10150,0,0,0,0
s2-r4-a3-m2-de_mirage,2,teamB,19600,19350,5,0,0
s2-r4-a3-m2-de_mirage,3,teamA,22150,22000,5,0,0
s2-r4-a3-m2-de_mirage,3,teamB,19250,5400,5,0,0
s2-r4-a3-m2-de_mirage,4,teamA,18850,15200,5,0,0
s2-r4-a3-m2-de_mirage,4,teamB,22300,17950,4,1,0
s2-r4-a3-m2-de_mirage,5,teamA,22050,9200,5,0,0
s2-r4-a3-m2-de_mirage,5,teamB,14200,11400,4,1,0
s2-r4-a3-m2-de_mirage,6,teamA,31850,12500,4,1,0
s2-r4-a3-m2-de_mirage,6,teamB,15900,3500,1,0,0
s2-r4-a3-m2-de_mirage,7,teamA,37400,16400,4,1,0
s2-r4-a3-m2-de_mirage,7,teamB,28550,26850,4,1,0
s2-r4-a3-m2-de_mirage,8,teamA,28700,23500,5,0,0
s2-r4-a3-m2-de_mirage,8,teamB,20500,17550,4,1,0
s2-r4-a3-m2-de_mirage,9,teamA,14700,2850,0,0,0
s2-r4-a3-m2-de_mirage,9,teamB,21950,11800,4,1,0
s2-r4-a3-m2-de_mirage,10,teamA,28750,15500,5,0,0
s2-r4-a3-m2-de_mirage,10,teamB,20550,18700,3,1,1
s2-r4-a3-m2-de_mirage,11,teamA,31300,17200,4,1,0
s2-r4-a3-m2-de_mirage,11,teamB,15300,5500,0,0,1
s2-r4-a3-m2-de_mirage,12,teamA,31850,23550,4,1,0
s2-r4-a3-m2-de_mirage,12,teamB,26800,26450,4,1,0
s2-r4-a3-m2-de_mirage,13,teamA,4000,3400,0,0,0
s2-r4-a3-m2-de_mirage,13,teamB,4000,3450,0,0,0
s2-r4-a3-m2-de_mirage,14,teamA,19600,19200,3,0,2
s2-r4-a3-m2-de_mirage,14,teamB,10650,9300,0,0,0
s2-r4-a3-m2-de_mirage,15,teamA,20000,13600,4,0,1
s2-r4-a3-m2-de_mirage,15,teamB,13250,4450,0,0,0
s2-r4-a3-m2-de_mirage,16,teamA,25400,8850,5,0,0
s2-r4-a3-m2-de_mirage,16,teamB,23250,22800,5,0,0
s2-r4-a3-m2-de_mirage,17,teamA,35550,23250,5,0,0
s2-r4-a3-m2-de_mirage,17,teamB,18650,11650,1,0,2
s2-r4-a3-m2-de_mirage,18,teamA,31300,11350,4,1,0
s2-r4-a3-m2-de_mirage,18,teamB,24300,23200,4,1,0
s2-r4-a3-m2-de_mirage,19,teamA,28950,22050,4,1,0
s2-r4-a3-m2-de_mirage,19,teamB,19400,17400,5,0,0
s2-r4-a3-m2-de_mirage,20,teamA,17850,6200,0,1,1
s2-r4-a3-m2-de_mirage,20,teamB,21000,16400,5,0,0
s2-r4-a3-m2-de_mirage,21,teamA,24250,23800,4,1,0
s2-r4-a3-m2-de_mirage,21,teamB,22650,12900,4,1,0
s2-r4-e1-m1-de_nuke,1,teamA,4000,3300,0,0,0
s2-r4-e1-m1-de_nuke,1,teamB,4000,3250,0,0,0
s2-r4-e1-m1-de_nuke,2,teamA,18750,18300,4,0,1
s2-r4-e1-m1-de_nuke,2,teamB,10800,9650,0,0,1
s2-r4-e1-m1-de_nuke,3,teamA,8050,6150,0,0,0
s2-r4-e1-m1-de_nuke,3,teamB,21400,17150,5,0,0
s2-r4-e1-m1-de_nuke,4,teamA,13600,1000,0,0,0
s2-r4-e1-m1-de_nuke,4,teamB,24800,13900,5,0,0
s2-r4-e1-m1-de_nuke,5,teamA,24600,23300,5,0,0
s2-r4-e1-m1-de_nuke,5,teamB,29900,3300,5,0,0
s2-r4-e1-m1-de_nuke,6,teamA,19350,14900,5,0,0
s2-r4-e1-m1-de_nuke,6,teamB,35250,27550,4,1,0
s2-r4-e1-m1-de_nuke,7,teamA,13650,700,0,0,0
s2-r4-e1-m1-de_nuke,7,teamB,26500,6450,4,1,0
s2-r4-e1-m1-de_nuke,8,teamA,24950,24700,4,1,0
s2-r4-e1-m1-de_nuke,8,teamB,39050,4800,4,1,0
s2-r4-e1-m1-de_nuke,9,teamA,19250,8550,4,1,0
s2-r4-e1-m1-de_nuke,9,teamB,41600,24800,4,1,0
s2-r4-e1-m1-de_nuke,10,teamA,29100,13000,4,1,0
s2-r4-e1-m1-de_nuke,10,teamB,27400,16850,4,1,0
s2-r4-e1-m1-de_nuke,11,teamA,33550,16400,4,1,0
s2-r4-e1-m1-de_nuke,11,teamB,24200,23150,3,1,0
s2-r4-e1-m1-de_nuke,12,teamA,24750,24650,4,1,0
s2-r4-e1-m1-de_nuke,12,teamB,20050,16550,4,1,0
s2-r4-e1-m1-de_nuke,13,teamA,4000,3400,0,0,0
s2-r4-e1-m1-de_nuke,13,teamB,4000,3550,0,0,0
s2-r4-e1-m1-de_nuke,14,teamA,19600,18950,4,0,1
s2-r4-e1-m1-de_nuke,14,teamB,9950,9000,0,0,0
s2-r4-e1-m1-de_nuke,15,teamA,8200,7700,0,0,2
s2-r4-e1-m1-de_nuke,15,teamB,19950,9950,5,0,0
s2-r4-e1-m1-de_nuke,16,teamA,11700,0,0,0,0
s2-r4-e1-m1-de_nuke,16,teamB,28050,10050,4,0,1
s2-r4-e1-m1-de_nuke,17,teamA,24600,24100,4,1,0
s2-r4-e1-m1-de_nuke,17,teamB,35750,10500,5,0,0
s2-r4-e1-m1-de_nuke,18,teamA,20850,18150,4,1,0
s2-r4-e1-m1-de_nuke,18,teamB,36450,26050,4,1,0
s2-r4-e1-m1-de_nuke,19,teamA,21500,10050,4,1,0
s2-r4-e1-m1-de_nuke,19,teamB,20200,18850,3,0,1
s2-r4-e1-m1-de_nuke,20,teamA,30250,9900,4,1,0
s2-r4-e1-m1-de_nuke,20,teamB,13650,1400,0,0,0
s2-r4-e1-m1-de_nuke,21,teamA,38950,13400,4,1,0
s2-r4-e1-m1-de_nuke,21,teamB,27350,25750,4,1,0
s2-r4-e1-m1-de_nuke,22,teamA,45550,16950,4,1,0
s2-r4-e1-m1-de_nuke,22,teamB,22300,20000,4,1,0
s2-r4-e1-m1-de_nuke,23,teamA,37250,28550,3,2,0
s2-r4-e1-m1-de_nuke,23,teamB,19850,16100,4,1,0
s2-r4-e1-m1-de_nuke,24,teamA,28850,25250,4,1,0
s2-r4-e1-m1-de_nuke,24,teamB,22550,21350,4,0,1
s2-r4-e1-m2-de_overpass,1,teamA,4000,3350,0,0,0
s2-r4-e1-m2-de_overpass,1,teamB,4000,3400,0,0,0
s2-r4-e1-m2-de_overpass,2,teamA,11050,0,0,0,0
s2-r4-e1-m2-de_overpass,2,teamB,19600,19300,4,0,1
s2-r4-e1-m2-de_overpass,3,teamA,23050,22700,5,0,0
s2-r4-e1-m2-de_overpass,3,teamB,19900,6300,4,0,1
s2-r4-e1-m2-de_overpass,4,teamA,15750,7350,0,0,0
s2-r4-e1-m2-de_overpass,4,teamB,32200,20350,4,1,0
s2-r4-e1-m2-de_overpass,5,teamA,25700,24750,4,1,0
s2-r4-e1-m2-de_overpass,5,teamB,30450,10500,4,1,0
s2-r4-e1-m2-de_overpass,6,teamA,18650,6550,0,0,0
s2-r4-e1-m2-de_overpass,6,teamB,38750,19050,4,1,0
s2-r4-e1-m2-de_overpass,7,teamA,27700,25950,4,1,0
s2-r4-e1-m2-de_overpass,7,teamB,38500,21050,4,1,0
s2-r4-e1-m2-de_overpass,8,teamA,18750,10100,1,0,0
s2-r4-e1-m2-de_overpass,8,teamB,36450,5500,4,1,0
s2-r4-e1-m2-de_overpass,9,teamA,25650,24650,4,1,0
s2-r4-e1-m2-de_overpass,9,teamB,49950,9700,4,1,0
s2-r4-e1-m2-de_overpass,10,teamA,18700,9950,1,0,0
s2-r4-e1-m2-de_overpass,10,teamB,58250,23000,4,1,0
s2-r4-e1-m2-de_overpass,11,teamA,25350,24850,4,1,0
s2-r4-e1-m2-de_overpass,11,teamB,54250,9800,4,1,0
s2-r4-e1-m2-de_overpass,12,teamA,18600,16250,3,0,0
s2-r4-e1-m2-de_overpass,12,teamB,63450,25200,3,2,0
s2-r4-e1-m2-de_overpass,13,teamA,4000,3400,0,0,0
s2-r4-e1-m2-de_overpass,13,teamB,4000,3350,0,0,0
s2-r4-e1-m2-de_overpass,14,teamA,19600,17850,3,0,2
s2-r4-e1-m2-de_overpass,14,teamB,11050,700,0,0,0
s2-r4-e1-m2-de_overpass,15,teamA,21350,12450,3,1,1
s2-r4-e1-m2-de_overpass,15,teamB,22350,22100,5,0,0
s2-r4-e1-m2-de_overpass,16,teamA,27500,20000,4,1,0
s2-r4-e1-m2-de_overpass,16,teamB,15650,6700,0,0,0
s2-r4-e1-m2-de_overpass,17,teamA,25900,6800,4,1,0
s2-r4-e1-m2-de_overpass,17,teamB,25950,25250,4,1,0
s2-r4-e2-m1-de_mirage,1,teamA,4000,3400,0,0,0
s2-r4-e2-m1-de_mirage,1,teamB,4000,3550,0,0,0
s2-r4-e2-m1-de_mirage,2,teamA,10400,300,0,0,0
s2-r4-e2-m1-de_mirage,2,teamB,19450,19300,5,0,0
s2-r4-e2-m1-de_mirage,3,teamA,22100,21600,5,0,0
s2-r4-e2-m1-de_mirage,3,teamB,19150,4600,5,0,0
s2-r4-e2-m1-de_mirage,4,teamA,18550,15600,5,0,0
s2-r4-e2-m1-de_mirage,4,teamB,23200,23100,4,1,0
s2-r4-e2-m1-de_mirage,5,teamA,16650,6850,0,0,0
s2-r4-e2-m1-de_mirage,5,teamB,20450,18250,4,1,0
s2-r4-e2-m1-de_mirage,6,teamA,21700,21300,5,0,0
s2-r4-e2-m1-de_mirage,6,teamB,21200,14400,4,1,0
s2-r4-e2-m1-de_mirage,7,teamA,12300,6050,1,0,0
s2-r4-e2-m1-de_mirage,7,teamB,25050,8600,4,1,0
s2-r4-e2-m1-de_mirage,8,teamA,24450,23900,4,1,0
s2-r4-e2-m1-de_mirage,8,teamB,35450,24750,4,1,0
s2-r4-e2-m1-de_mirage,9,teamA,15150,9850,3,0,0
s2-r4-e2-m1-de_mirage,9,teamB,28550,24150,4,1,0
s2-r4-e2-m1-de_mirage,10,teamA,22600,22300,4,1,0
s2-r4-e2-m1-de_mirage,10,teamB,22800,7800,4,1,0
s2-r4-e2-m1-de_mirage,11,teamA,18300,8150,1,0,0
s2-r4-e2-m1-de_mirage,11,teamB,34000,22700,4,1,0
s2-r4-e2-m1-de_mirage,12,teamA,25900,25050,4,1,0
s2-r4-e2-m1-de_mirage,12,teamB,30100,16650,3,2,0
s2-r4-e2-m1-de_mirage,13,teamA,4000,3400,0,0,0
s2-r4-e2-m1-de_mirage,13,teamB,4000,3450,0,0,0
s2-r4-e2-m1-de_mirage,14,teamA,12850,12500,1,0,3
s2-r4-e2-m1-de_mirage,14,teamB,18950,18050,4,0,1
s2-r4-e2-m1-de_mirage,15,teamA,14850,14350,2,0,3
s2-r4-e2-m1-de_mirage,15,teamB,18750,15750,3,0,2
s2-r4-e2-m1-de_mirage,16,teamA,19800,11800,4,0,1
s2-r4-e2-m1-de_mirage,16,teamB,10000,8250,0,0,0
s2-r4-e2-m1-de_mirage,17,teamA,27000,23650,4,1,0
s2-r4-e2-m1-de_mirage,17,teamB,11350,900,0,0,0
s2-r4-e2-m1-de_mirage,18,teamA,22350,8600,4,1,0
s2-r4-e2-m1-de_mirage,18,teamB,22750,22400,5,0,0
s2-r4-e2-m1-de_mirage,19,teamA,32850,18400,4,1,0
s2-r4-e2-m1-de_mirage,19,teamB,15750,7600,1,0,0
s2-r4-e2-m1-de_mirage,20,teamA,35000,10100,4,1,0
s2-r4-e2-m1-de_mirage,20,teamB,27200,24800,5,0,0
s2-r4-e2-m2-de_nuke,1,teamA,4000,3450,0,0,0
s2-r4-e2-m2-de_nuke,1,teamB,4000,3400,0,0,0
s2-r4-e2-m2-de_nuke,2,teamA,10650,700,0,0,0
s2-r4-e2-m2-de_nuke,2,teamB,19600,16350,1,0,4
s2-r4-e2-m2-de_nuke,3,teamA,25550,24100,5,0,0
s2-r4-e2-m2-de_nuke,3,teamB,25000,13650,2,1,2
s2-r4-e2-m2-de_nuke,4,teamA,20150,19800,5,0,0
s2-r4-e2-m2-de_nuke,4,teamB,32300,18400,4,1,0
s2-r4-e2-m2-de_nuke,5,teamA,18400,12300,5,0,0
s2-r4-e2-m2-de_nuke,5,teamB,22000,20450,3,1,1
s2-r4-e2-m2-de_nuke,6,teamA,18400,4500,0,0,0
s2-r4-e2-m2-de_nuke,6,teamB,19450,12250,4,1,0
s2-r4-e2-m2-de_nuke,7,teamA,24850,23400,5,0,0
s2-r4-e2-m2-de_nuke,7,teamB,26000,9100,4,1,0
s2-r4-e2-m2-de_nuke,8,teamA,19350,9950,0,0,0
s2-r4-e2-m2-de_nuke,8,teamB,35500,20150,4,1,0
s2-r4-e2-m2-de_nuke,9,teamA,27300,24100,5,0,0
s2-r4-e2-m2-de_nuke,9,teamB,34150,18700,4,1,0
s2-r4-e2-m2-de_nuke,10,teamA,20200,12000,1,0,1
s2-r4-e2-m2-de_nuke,10,teamB,33450,4000,4,1,0
s2-r4-e2-m2-de_nuke,11,teamA,25500,24100,5,0,0
s2-r4-e2-m2-de_nuke,11,teamB,48450,10000,4,1,0
s2-r4-e2-m2-de_nuke,12,teamA,19000,18800,5,0,0
s2-r4-e2-m2-de_nuke,12,teamB,57250,17900,4,1,0
s2-r4-e2-m2-de_nuke,13,teamA,4000,3400,0,0,0
s2-r4-e2-m2-de_nuke,13,teamB,4000,3400,0,0,0
s2-r4-e2-m2-de_nuke,14,teamA,19600,19300,5,0,0
s2-r4-e2-m2-de_nuke,14,teamB,10700,0,0,0,0
s2-r4-e2-m2-de_nuke,15,teamA,19300,5800,5,0,0
s2-r4-e2-m2-de_nuke,15,teamB,22100,21700,5,0,0
s2-r4-e2-m2-de_nuke,16,teamA,32500,10900,5,0,0
s2-r4-e2-m2-de_nuke,16,teamB,15200,3600,0,0,0
s2-r4-e2-m2-de_nuke,17,teamA,40600,11100,4,1,0
s2-r4-e2-m2-de_nuke,17,teamB,26850,25550,4,1,0
s2-r4-e2-m2-de_nuke,18,teamA,49300,14700,4,1,0
s2-r4-e2-m2-de_nuke,18,teamB,22000,19600,4,1,0
s2-r4-e2-m2-de_nuke,19,teamA,42150,29150,4,1,0
s2-r4-e2-m2-de_nuke,19,teamB,19850,8600,4,1,0
s2-r4-e2-m2-de_nuke,20,teamA,23600,23000,4,1,0
s2-r4-e2-m2-de_nuke,20,teamB,28900,12200,4,1,0
s2-r4-e2-m2-de_nuke,21,teamA,19600,18550,4,1,0
s2-r4-e2-m2-de_nuke,21,teamB,29700,25450,4,1,0
s2-r4-e2-m2-de_nuke,22,teamA,20050,11250,4,1,0
s2-r4-e2-m2-de_nuke,22,teamB,19050,9650,1,0,1
s2-r4-e2-m2-de_nuke,23,teamA,27200,8800,4,1,0
s2-r4-e2-m2-de_nuke,23,teamB,26050,25250,4,1,0
s2-r4-e2-m3-de_ancient,1,teamA,4000,3300,0,0,0
s2-r4-e2-m3-de_ancient,1,teamB,4000,3400,0,0,0
s2-r4-e2-m3-de_ancient,2,teamA,11100,1300,0,0,0
s2-r4-e2-m3-de_ancient,2,teamB,19600,19150,4,0,1
s2-r4-e2-m3-de_ancient,3,teamA,22400,22000,5,0,0
s2-r4-e2-m3-de_ancient,3,teamB,20050,6900,4,0,1
s2-r4-e2-m3-de_ancient,4,teamA,18150,14800,5,0,0
s2-r4-e2-m3-de_ancient,4,teamB,21600,21350,5,0,0
s2-r4-e2-m3-de_ancient,5,teamA,21550,8800,5,0,0
s2-r4-e2-m3-de_ancient,5,teamB,10300,300,3,0,0
s2-r4-e2-m3-de_ancient,6,teamA,31350,20600,5,0,0
s2-r4-e2-m3-de_ancient,6,teamB,24200,21900,5,0,0
s2-r4-e2-m3-de_ancient,7,teamA,28400,12300,3,0,2
s2-r4-e2-m3-de_ancient,7,teamB,18450,8600,1,0,1
s2-r4-e2-m3-de_ancient,8,teamA,35500,26550,4,1,0
s2-r4-e2-m3-de_ancient,8,teamB,29600,25050,4,1,0
s2-r4-e2-m3-de_ancient,9,teamA,16250,3000,1,0,0
s2-r4-e2-m3-de_ancient,9,teamB,23350,9850,3,2,0
s2-r4-e2-m3-de_ancient,10,teamA,32750,18700,4,1,0
s2-r4-e2-m3-de_ancient,10,teamB,28350,27300,4,1,0
s2-r4-e2-m3-de_ancient,11,teamA,24050,22800,3,1,0
s2-r4-e2-m3-de_ancient,11,teamB,19850,16300,3,1,1
s2-r4-e2-m3-de_ancient,12,teamA,18700,11750,4,1,0
s2-r4-e2-m3-de_ancient,12,teamB,15900,15400,3,0,2
s2-r4-e2-m3-de_ancient,13,teamA,4000,3400,0,0,0
s2-r4-e2-m3-de_ancient,13,teamB,4000,3400,0,0,0
s2-r4-e2-m3-de_ancient,14,teamA,11600,1000,0,0,0
s2-r4-e2-m3-de_ancient,14,teamB,18350,17900,2,0,3
s2-r4-e2-m3-de_ancient,15,teamA,24050,23750,5,0,0
s2-r4-e2-m3-de_ancient,15,teamB,19100,15300,4,0,1
s2-r4-e2-m3-de_ancient,16,teamA,19300,17150,4,0,1
s2-r4-e2-m3-de_ancient,16,teamB,11700,11150,2,0,0
s2-r4-e2-m3-de_ancient,17,teamA,21250,7450,4,0,1
s2-r4-e2-m3-de_ancient,17,teamB,10350,200,0,0,0
s2-r4-e2-m3-de_ancient,18,teamA,33200,12350,4,1,0
s2-r4-e2-m3-de_ancient,18,teamB,22400,22100,5,0,0
s2-r4-e2-m3-de_ancient,19,teamA,39650,20750,4,1,0
s2-r4-e2-m3-de_ancient,19,teamB,15700,8350,0,0,0
s2-r4-e2-m3-de_ancient,20,teamA,37700,13600,4,1,0
s2-r4-e2-m3-de_ancient,20,teamB,24900,24300,5,0,0
s2-r4-e2-m3-de_ancient,21,teamA,32000,28100,4,1,0
s2-r4-e2-m3-de_ancient,21,teamB,18350,11600,5,0,0
s2-r4-e3-m1-de_dust2,1,teamA,4000,3450,0,0,0
s2-r4-e3-m1-de_dust2,1,teamB,4000,3550,0,0,0
s2-r4-e3-m1-de_dust2,2,teamA,18600,17100,4,0,0
s2-r4-e3-m1-de_dust2,2,teamB,11050,10250,0,0,2
s2-r4-e3-m1-de_dust2,3,teamA,19150,9100,5,0,0
s2-r4-e3-m1-de_dust2,3,teamB,13650,300,0,0,0
s2-r4-e3-m1-de_dust2,4,teamA,27800,21850,3,1,0
s2-r4-e3-m1-de_dust2,4,teamB,30050,27750,4,1,0
s2-r4-e3-m1-de_dust2,5,teamA,24450,22150,4,1,0
s2-r4-e3-m1-de_dust2,5,teamB,20850,16300,3,2,0
s2-r4-e3-m1-de_dust2,6,teamA,7600,2000,1,0,0
s2-r4-e3-m1-de_dust2,6,teamB,22200,6600,3,2,0
s2-r4-e3-m1-de_dust2,7,teamA,19300,19000,5,0,0
s2-r4-e3-m1-de_dust2,7,teamB,32350,27050,4,1,0
s2-r4-e3-m1-de_dust2,8,teamA,18400,5300,5,0,0
s2-r4-e3-m1-de_dust2,8,teamB,22300,9900,4,1,0
s2-r4-e3-m1-de_dust2,9,teamA,31500,11800,4,1,0
s2-r4-e3-m1-de_dust2,9,teamB,29950,14700,4,1,0
s2-r4-e3-m1-de_dust2,10,teamA,38500,21050,4,1,0
s2-r4-e3-m1-de_dust2,10,teamB,34450,22950,4,1,0
s2-r4-e3-m1-de_dust2,11,teamA,21650,16300,5,0,0
s2-r4-e3-m1-de_dust2,11,teamB,29200,6050,4,1,0
s2-r4-e3-m1-de_dust2,12,teamA,23400,21250,4,1,0
s2-r4-e3-m1-de_dust2,12,teamB,39250,31100,4,1,0
s2-r4-e3-m1-de_dust2,13,teamA,4000,3450,0,0,0
s2-r4-e3-m1-de_dust2,13,teamB,4000,3400,0,0,0
s2-r4-e3-m1-de_dust2,14,teamA,11700,10600,0,0,3
s2-r4-e3-m1-de_dust2,14,teamB,18650,17800,3,0,2
s2-r4-e3-m1-de_dust2,15,teamA,13350,4650,1,0,1
s2-r4-e3-m1-de_dust2,15,teamB,20450,5150,3,0,2
s2-r4-e3-m1-de_dust2,16,teamA,22350,20750,5,0,0
s2-r4-e3-m1-de_dust2,16,teamB,34000,10050,3,1,1
s2-r4-e3-m1-de_dust2,17,teamA,20400,11900,5,0,0
s2-r4-e3-m1-de_dust2,17,teamB,31050,26250,4,1,0
s2-r4-e3-m1-de_dust2,18,teamA,21050,13850,4,1,0
s2-r4-e3-m1-de_dust2,18,teamB,23200,8700,4,1,0
s2-r4-e3-m1-de_dust2,19,teamA,21300,10800,4,1,0
s2-r4-e3-m1-de_dust2,19,teamB,32400,3900,4,1,0
s2-r4-e3-m1-de_dust2,20,teamA,29500,10950,4,1,0
s2-r4-e3-m1-de_dust2,20,teamB,35800,26150,4,1,0
s2-r4-e3-m1-de_dust2,21,teamA,31450,23350,4,1,0
s2-r4-e3-m1-de_dust2,21,teamB,28250,13100,4,1,0
s2-r4-e3-m2-de_inferno,1,teamA,4000,3400,0,0,0
s2-r4-e3-m2-de_inferno,1,teamB,4000,3400,0,0,0
s2-r4-e3-m2-de_inferno,2,teamA,14000,13450,2,0,1
s2-r4-e3-m2-de_inferno,2,teamB,21150,20800,3,0,2
s2-r4-e3-m2-de_inferno,3,teamA,17050,6450,0,0,0
s2-r4-e3-m2-de_inferno,3,teamB,21200,18550,4,0,1
s2-r4-e3-m2-de_inferno,4,teamA,24150,23800,5,0,0
s2-r4-e3-m2-de_inferno,4,teamB,21950,10800,4,0,1
s2-r4-e3-m2-de_inferno,5,teamA,19000,12700,5,0,0
s2-r4-e3-m2-de_inferno,5,teamB,19550,16800,4,1,0
s2-r4-e3-m2-de_inferno,6,teamA,24700,5600,4,1,0
s2-r4-e3-m2-de_inferno,6,teamB,12250,10000,4,0,0
s2-r4-e3-m2-de_inferno,7,teamA,37300,9100,4,1,0
s2-r4-e3-m2-de_inferno,7,teamB,14800,4850,2,0,0
s2-r4-e3-m2-de_inferno,8,teamA,46300,6300,4,1,0
s2-r4-e3-m2-de_inferno,8,teamB,24550,17950,4,1,0
s2-r4-e3-m2-de_inferno,9,teamA,58100,7150,4,1,0
s2-r4-e3-m2-de_inferno,9,teamB,23400,11400,4,1,0
s2-r4-e3-m2-de_inferno,10,teamA,69550,17200,4,1,0
s2-r4-e3-m2-de_inferno,10,teamB,30450,19000,4,1,0
s2-r4-e3-m2-de_inferno,11,teamA,62450,26550,4,1,0
s2-r4-e3-m2-de_inferno,11,teamB,31200,10750,4,1,0
s2-r4-e3-m2-de_inferno,12,teamA,49100,27350,4,1,0
s2-r4-e3-m2-de_inferno,12,teamB,40600,19700,4,1,0
s2-r4-e3-m2-de_inferno,13,teamA,4000,3550,0,0,0
s2-r4-e3-m2-de_inferno,13,teamB,4000,3500,0,0,0
s2-r4-e3-m2-de_inferno,14,teamA,11050,10300,0,0,1
s2-r4-e3-m2-de_inferno,14,teamB,18550,17750,4,0,1
s2-r4-e3-m2-de_inferno,15,teamA,14750,1300,0,0,1
s2-r4-e3-m2-de_inferno,15,teamB,19800,9900,4,0,0
s2-r4-e3-m2-de_inferno,16,teamA,29600,28800,4,1,0
s2-r4-e3-m2-de_inferno,16,teamB,26600,17200,5,0,0
s2-r4-e3-m2-de_inferno,17,teamA,19800,12700,4,1,0
s2-r4-e3-m2-de_inferno,17,teamB,17000,12300,1,0,0
s2-r4-e3-m2-de_inferno,18,teamA,18750,16000,4,1,0
s2-r4-e3-m2-de_inferno,18,teamB,20500,9300,4,0,1
s2-r4-e3-m2-de_inferno,19,teamA,22900,18700,3,1,1
s2-r4-e3-m2-de_inferno,19,teamB,22700,21350,4,0,0
s2-r4-e3-m2-de_inferno,20,teamA,21900,4800,4,1,0
s2-r4-e3-m2-de_inferno,20,teamB,7050,6600,2,0,0
s2-r4-e3-m2-de_inferno,21,teamA,37450,19650,4,1,0
s2-r4-e3-m2-de_inferno,21,teamB,16650,7350,0,0,0
s2-r4-e3-m2-de_inferno,22,teamA,35900,7800,4,1,0
s2-r4-e3-m2-de_inferno,22,teamB,23900,23200,5,0,0
s2-r4-e3-m2-de_inferno,23,teamA,36750,28500,4,1,0
s2-r4-e3-m2-de_inferno,23,teamB,20000,15300,5,0,0
s2-r4-e3-m2-de_inferno,24,teamA,18500,16650,4,1,0
s2-r4-e3-m2-de_inferno,24,teamB,23400,16350,4,1,0
s2-r5-d1-m1-de_nuke,1,teamA,4000,3450,0,0,0
s2-r5-d1-m1-de_nuke,1,teamB,4000,3400,0,0,0
s2-r5-d1-m1-de_nuke,2,teamA,19250,19100,4,0,1
s2-r5-d1-m1-de_nuke,2,teamB,10650,9100,1,0,1
s2-r5-d1-m1-de_nuke,3,teamA,19150,4300,4,0,1
s2-r5-d1-m1-de_nuke,3,teamB,13550,1600,0,0,0
s2-r5-d1-m1-de_nuke,4,teamA,32600,12600,4,0,0
s2-r5-d1-m1-de_nuke,4,teamB,27250,25900,4,1,0
s2-r5-d1-m1-de_nuke,5,teamA,25600,22150,4,1,0
s2-r5-d1-m1-de_nuke,5,teamB,19600,5600,4,1,0
s2-r5-d1-m1-de_nuke,6,teamA,13250,200,0,0,0
s2-r5-d1-m1-de_nuke,6,teamB,32250,11500,4,1,0
s2-r5-d1-m1-de_nuke,7,teamA,25050,24550,4,1,0
s2-r5-d1-m1-de_nuke,7,teamB,39550,2600,4,1,0
s2-r5-d1-m1-de_nuke,8,teamA,12500,4700,1,0,0
s2-r5-d1-m1-de_nuke,8,teamB,55200,15050,4,1,0
s2-r5-d1-m1-de_nuke,9,teamA,28050,23600,5,0,0
s2-r5-d1-m1-de_nuke,9,teamB,60700,18500,4,1,0
s2-r5-d1-m1-de_nuke,10,teamA,18950,9450,1,0,0
s2-r5-d1-m1-de_nuke,10,teamB,58400,19600,4,1,0
s2-r5-d1-m1-de_nuke,11,teamA,26550,14300,5,0,0
s2-r5-d1-m1-de_nuke,11,teamB,46900,29450,4,1,0
s2-r5-d1-m1-de_nuke,12,teamA,30950,25800,5,0,0
s2-r5-d1-m1-de_nuke,12,teamB,37600,23950,4,1,0
s2-r5-d1-m1-de_nuke,13,teamA,4000,3450,0,0,0
s2-r5-d1-m1-de_nuke,13,teamB,4000,3450,0,0,0
s2-r5-d1-m1-de_nuke,14,teamA,10600,10350,0,0,2
s2-r5-d1-m1-de_nuke,14,teamB,18600,17800,3,0,2
s2-r5-d1-m1-de_nuke,15,teamA,13650,2200,0,0,0
s2-r5-d1-m1-de_nuke,15,teamB,18950,8850,3,0,2
s2-r5-d1-m1-de_nuke,16,teamA,26500,25950,4,1,0
s2-r5-d1-m1-de_nuke,16,teamB,29050,8000,4,0,1
s2-r5-d1-m1-de_nuke,17,teamA,18950,16350,3,1,1
s2-r5-d1-m1-de_nuke,17,teamB,28950,24200,5,0,0
s2-r5-d1-m1-de_nuke,18,teamA,15700,14900,4,1,0
s2-r5-d1-m1-de_nuke,18,teamB,23450,12500,5,0,0
s2-r5-d1-m2-de_dust2,1,teamA,4000,3450,0,0,0
s2-r5-d1-m2-de_dust2,1,teamB,4000,3400,0,0,0
s2-r5-d1-m2-de_dust2,2,teamA,10650,0,0,0,0
s2-r5-d1-m2-de_dust2,2,teamB,19600,19300,4,0,1
s2-r5-d1-m2-de_dust2,3,teamA,22650,22200,5,0,0
s2-r5-d1-m2-de_dust2,3,teamB,19300,5400,4,0,1
s2-r5-d1-m2-de_dust2,4,teamA,19150,11500,2,0,0
s2-r5-d1-m2-de_dust2,4,teamB,34450,20350,4,1,0
s2-r5-d1-m2-de_dust2,5,teamA,26050,13000,5,0,0
s2-r5-d1-m2-de_dust2,5,teamB,21800,15150,3,2,0
s2-r5-d1-m2-de_dust2,6,teamA,31150,12600,4,1,0
s2-r5-d1-m2-de_dust2,6,teamB,17050,13700,4,1,0
s2-r5-d1-m2-de_dust2,7,teamA,29150,24550,4,1,0
s2-r5-d1-m2-de_dust2,7,teamB,22050,16750,3,1,1
s2-r5-d1-m2-de_dust2,8,teamA,14800,2950,0,1,0
s2-r5-d1-m2-de_dust2,8,teamB,24050,21650,4,1,0
s2-r5-d1-m2-de_dust2,9,teamA,28650,20300,4,0,0
s2-r5-d1-m2-de_dust2,9,teamB,22750,15300,4,1,0
s2-r5-d1-m2-de_dust2,10,teamA,23550,16800,4,1,0
s2-r5-d1-m2-de_dust2,10,teamB,15900,15600,3,0,2
s2-r5-d1-m2-de_dust2,11,teamA,24350,4200,4,1,0
s2-r5-d1-m2-de_dust2,11,teamB,9800,7200,3,0,2
s2-r5-d1-m2-de_dust2,12,teamA,26850,18900,4,1,0
s2-r5-d1-m2-de_dust2,12,teamB,20500,19100,4,1,0
s2-r5-d1-m2-de_dust2,13,teamA,4000,3400,0,0,0
s2-r5-d1-m2-de_dust2,13,teamB,4000,3450,0,0,0
s2-r5-d1-m2-de_dust2,14,teamA,12300,11100,0,0,2
s2-r5-d1-m2-de_dust2,14,teamB,18600,17950,5,0,0
s2-r5-d1-m2-de_dust2,15,teamA,19800,18850,4,1,0
s2-r5-d1-m2-de_dust2,15,teamB,8750,6650,0,0,0
s2-r5-d1-m2-de_dust2,16,teamA,19950,11250,3,1,1
s2-r5-d1-m2-de_dust2,16,teamB,10550,200,0,0,0
s2-r5-d1-m2-de_dust2,17,teamA,28200,13300,4,1,0
s2-r5-d1-m2-de_dust2,17,teamB,22950,22200,5,0,0
s2-r5-d1-m2-de_dust2,18,teamA,33150,7100,4,1,0
s2-r5-d1-m2-de_dust2,18,teamB,9050,8850,2,0,1
s2-r5-d1-m2-de_dust2,19,teamA,34150,24800,4,1,0
s2-r5-d1-m2-de_dust2,19,teamB,19800,12100,4,1,0
s2-r5-d1-m2-de_dust2,20,teamA,27800,16800,4,1,0
s2-r5-d1-m2-de_dust2,20,teamB,18000,16700,4,1,0
s2-r5-d1-m2-de_dust2,21,teamA,19650,19100,2,1,1
s2-r5-d1-m2-de_dust2,21,teamB,18850,15100,4,1,0
s2-r5-d1-m2-de_dust2,22,teamA,19650,12800,4,1,0
s2-r5-d1-m2-de_dust2,22,teamB,13550,2400,0,0,0
s2-r5-d1-m2-de_dust2,23,teamA,25650,5500,4,1,0
s2-r5-d1-m2-de_dust2,23,teamB,23150,22800,5,0,0
s2-r5-d1-m2-de_dust2,24,teamA,28250,27350,4,1,0
s2-r5-d1-m2-de_dust2,24,teamB,18400,13400,4,1,0
s2-r5-d2-m1-de_mirage,1,teamA,4000,3350,0,0,0
s2-r5-d2-m1-de_mirage,1,teamB,4000,3400,0,0,0
s2-r5-d2-m1-de_mirage,2,teamA,14350,14150,2,0,0
s2-r5-d2-m1-de_mirage,2,teamB,21150,20650,4,0,1
s2-r5-d2-m1-de_mirage,3,teamA,12800,2800,0,0,0
s2-r5-d2-m1-de_mirage,3,teamB,19500,13400,5,0,0
s2-r5-d2-m1-de_mirage,4,teamA,24800,23500,5,0,0
s2-r5-d2-m1-de_mirage,4,teamB,25100,10800,4,1,0
s2-r5-d2-m1-de_mirage,5,teamA,20300,12100,5,0,0
s2-r5-d2-m1-de_mirage,5,teamB,22400,19650,4,1,0
s2-r5-d2-m1-de_mirage,6,teamA,26600,5400,4,1,0
s2-r5-d2-m1-de_mirage,6,teamB,12250,1200,3,0,0
s2-r5-d2-m1-de_mirage,7,teamA,40000,8300,4,1,0
s2-r5-d2-m1-de_mirage,7,teamB,23600,21350,4,1,0
s2-r5-d2-m1-de_mirage,8,teamA,50500,14750,4,1,0
s2-r5-d2-m1-de_mirage,8,teamB,17650,9800,1,1,0
s2-r5-d2-m1-de_mirage,9,teamA,53950,9800,4,1,0
s2-r5-d2-m1-de_mirage,9,teamB,25150,23650,4,1,0
s2-r5-d2-m1-de_mirage,10,teamA,62750,17100,4,1,0
s2-r5-d2-m1-de_mirage,10,teamB,19750,8200,0,1,2
s2-r5-d2-m1-de_mirage,11,teamA,62800,16900,4,1,0
s2-r5-d2-m1-de_mirage,11,teamB,30000,27650,4,1,0
s2-r5-d2-m1-de_mirage,12,teamA,51500,35050,2,3,0
s2-r5-d2-m1-de_mirage,12,teamB,20800,9750,4,1,0
s2-r5-d2-m1-de_mirage,13,teamA,4000,3400,0,0,0
s2-r5-d2-m1-de_mirage,13,teamB,4000,3450,0,0,0
s2-r5-d2-m1-de_mirage,14,teamA,11750,10850,0,0,1
s2-r5-d2-m1-de_mirage,14,teamB,18600,17850,4,0,1
s2-r5-d2-m1-de_mirage,15,teamA,13450,2600,0,0,0
s2-r5-d2-m1-de_mirage,15,teamB,19250,8500,5,0,0
s2-r5-d2-m1-de_mirage,16,teamA,26300,26050,4,1,0
s2-r5-d2-m1-de_mirage,16,teamB,28800,16200,5,0,0
s2-r5-d2-m1-de_mirage,17,teamA,19250,16050,3,1,1
s2-r5-d2-m1-de_mirage,17,teamB,20500,18900,4,0,0
s2-r5-d2-m1-de_mirage,18,teamA,23750,14300,4,1,0
s2-r5-d2-m1-de_mirage,18,teamB,15000,6700,0,0,0
s2-r5-d2-m1-de_mirage,19,teamA,30000,9900,4,1,0
s2-r5-d2-m1-de_mirage,19,teamB,23350,22200,5,0,0
s2-r5-d2-m1-de_mirage,20,teamA,39100,16750,4,1,0
s2-r5-d2-m1-de_mirage,20,teamB,16250,12350,2,0,1
s2-r5-d2-m2-de_inferno,1,teamA,4000,3350,0,0,0
s2-r5-d2-m2-de_inferno,1,teamB,4000,3400,0,0,0
s2-r5-d2-m2-de_inferno,2,teamA,14650,14250,4,0,0
s2-r5-d2-m2-de_inferno,2,teamB,21150,20600,2,0,3
s2-r5-d2-m2-de_inferno,3,teamA,16300,8400,0,0,0
s2-r5-d2-m2-de_inferno,3,teamB,22000,14700,5,0,0
s2-r5-d2-m2-de_inferno,4,teamA,22700,22600,5,0,0
s2-r5-d2-m2-de_inferno,4,teamB,26100,10800,4,1,0
s2-r5-d2-m2-de_inferno,5,teamA,17700,10100,0,0,0
s2-r5-d2-m2-de_inferno,5,teamB,34100,15150,5,0,0
s2-r5-d2-m2-de_inferno,6,teamA,28800,24300,5,0,0
s2-r5-d2-m2-de_inferno,6,teamB,38950,22250,4,1,0
s2-r5-d2-m2-de_inferno,7,teamA,22550,16600,5,0,0
s2-r5-d2-m2-de_inferno,7,teamB,25150,24500,3,1,0
s2-r5-d2-m2-de_inferno,8,teamA,20450,19100,4,0,0
s2-r5-d2-m2-de_inferno,8,teamB,18850,8800,4,1,0
s2-r5-d2-m2-de_inferno,9,teamA,18750,11700,2,0,0
s2-r5-d2-m2-de_inferno,9,teamB,28850,14000,5,0,0
s2-r5-d2-m2-de_inferno,10,teamA,23600,21150,4,0,0
s2-r5-d2-m2-de_inferno,10,teamB,33450,15300,4,1,0
s2-r5-d2-m2-de_inferno,11,teamA,19650,19200,5,0,0
s2-r5-d2-m2-de_inferno,11,teamB,36750,19850,5,0,0
s2-r5-d2-m2-de_inferno,12,teamA,18500,15900,5,0,0
s2-r5-d2-m2-de_inferno,12,teamB,25250,24550,2,2,1
s2-r5-d2-m2-de_inferno,13,teamA,4000,3550,0,0,0
s2-r5-d2-m2-de_inferno,13,teamB,4000,3450,0,0,0
s2-r5-d2-m2-de_inferno,14,teamA,19450,18700,3,0,2
s2-r5-d2-m2-de_inferno,14,teamB,10350,0,0,0,0
s2-r5-d2-m2-de_inferno,15,teamA,20150,4850,3,0,2
s2-r5-d2-m2-de_inferno,15,teamB,21650,20350,4,0,1
s2-r5-d2-m2-de_inferno,16,teamA,24250,23300,4,1,0
s2-r5-d2-m2-de_inferno,16,teamB,19350,15450,4,0,1
s2-r5-d2-m2-de_inferno,17,teamA,10500,9800,1,1,0
s2-r5-d2-m2-de_inferno,17,teamB,23200,8700,4,0,1
s2-r5-d3-m1-de_ancient,1,teamA,4000,3450,0,0,0
s2-r5-d3-m1-de_ancient,1,teamB,4000,3400,0,0,0
s2-r5-d3-m1-de_ancient,2,teamA,10650,0,0,0,0
s2-r5-d3-m1-de_ancient,2,teamB,19600,19150,4,0,1
s2-r5-d3-m1-de_ancient,3,teamA,22650,22500,5,0,0
s2-r5-d3-m1-de_ancient,3,teamB,20050,7000,4,0,1
s2-r5-d3-m1-de_ancient,4,teamA,12350,5250,1,0,0
s2-r5-d3-m1-de_ancient,4,teamB,31400,15750,4,1,0
s2-r5-d3-m1-de_ancient,5,teamA,25300,24250,4,1,0
s2-r5-d3-m1-de_ancient,5,teamB,33850,22600,4,1,0
s2-r5-d3-m1-de_ancient,6,teamA,19100,15500,4,1,0
s2-r5-d3-m1-de_ancient,6,teamB,19700,19100,2,1,2
s2-r5-d3-m1-de_ancient,7,teamA,18500,10550,1,0,0
s2-r5-d3-m1-de_ancient,7,teamB,19700,14450,4,1,0
s2-r5-d3-m1-de_ancient,8,teamA,26950,25250,4,1,0
s2-r5-d3-m1-de_ancient,8,teamB,14600,13700,2,0,1
s2-r5-d3-m1-de_ancient,9,teamA,19350,16850,3,1,1
s2-r5-d3-m1-de_ancient,9,teamB,12600,300,0,0,0
s2-r5-d3-m1-de_ancient,10,teamA,19850,2900,3,1,1
s2-r5-d3-m1-de_ancient,10,teamB,24300,23950,4,1,0
s2-r5-d3-m1-de_ancient,11,teamA,22350,18800,5,0,0
s2-r5-d3-m1-de_ancient,11,teamB,18800,9200,3,1,0
s2-r5-d3-m1-de_ancient,12,teamA,17050,16650,1,1,2
s2-r5-d3-m1-de_ancient,12,teamB,27150,20000,4,1,0
s2-r5-d3-m1-de_ancient,13,teamA,4000,3400,0,0,0
s2-r5-d3-m1-de_ancient,13,teamB,4000,3400,0,0,0
s2-r5-d3-m1-de_ancient,14,teamA,19600,17600,3,0,2
s2-r5-d3-m1-de_ancient,14,teamB,10700,700,0,0,0
s2-r5-d3-m1-de_ancient,15,teamA,20800,9450,3,1,1
s2-r5-d3-m1-de_ancient,15,teamB,22300,22000,5,0,0
s2-r5-d3-m1-de_ancient,16,teamA,19450,19100,4,0,1
s2-r5-d3-m1-de_ancient,16,teamB,18350,11700,4,1,0
s2-r5-d3-m1-de_ancient,17,teamA,10950,0,1,0,0
s2-r5-d3-m1-de_ancient,17,teamB,25250,9850,3,1,1
s2-r5-d3-m1-de_ancient,18,teamA,22950,22650,5,0,0
s2-r5-d3-m1-de_ancient,18,teamB,34400,4900,3,1,1
s2-r5-d3-m1-de_ancient,19,teamA,19300,14500,4,1,0
s2-r5-d3-m1-de_ancient,19,teamB,34200,25550,4,1,0
s2-r5-d3-m1-de_ancient,20,teamA,15900,15500,3,0,2
s2-r5-d3-m1-de_ancient,20,teamB,25900,20100,4,1,0
s2-r5-d3-m2-de_overpass,1,teamA,4000,3300,0,0,0
s2-r5-d3-m2-de_overpass,1,teamB,4000,3400,0,0,0
s2-r5-d3-m2-de_overpass,2,teamA,10800,700,0,0,0
s2-r5-d3-m2-de_overpass,2,teamB,19600,16750,1,0,4
s2-r5-d3-m2-de_overpass,3,teamA,22100,21600,5,0,0
s2-r5-d3-m2-de_overpass,3,teamB,22450,13550,2,1,2
s2-r5-d3-m2-de_overpass,4,teamA,15300,8650,0,0,0
s2-r5-d3-m2-de_overpass,4,teamB,27900,9100,3,1,1
s2-r5-d3-m2-de_overpass,5,teamA,23950,23200,5,0,0
s2-r5-d3-m2-de_overpass,5,teamB,37200,9500,3,1,1
s2-r5-d3-m2-de_overpass,6,teamA,22250,13450,1,0,0
s2-r5-d3-m2-de_overpass,6,teamB,48350,24750,4,1,0
s2-r5-d3-m2-de_overpass,7,teamA,26100,25050,4,1,0
s2-r5-d3-m2-de_overpass,7,teamB,42400,9200,4,1,0
s2-r5-d3-m2-de_overpass,8,teamA,19250,10500,0,0,1
s2-r5-d3-m2-de_overpass,8,teamB,51200,22800,4,1,0
s2-r5-d3-m2-de_overpass,9,teamA,26900,22450,4,1,0
s2-r5-d3-m2-de_overpass,9,teamB,37300,29050,4,1,0
s2-r5-d3-m2-de_overpass,10,teamA,13450,13400,4,1,0
s2-r5-d3-m2-de_overpass,10,teamB,25950,9800,4,1,0
s2-r5-d3-m2-de_overpass,11,teamA,17350,10950,0,0,0
s2-r5-d3-m2-de_overpass,11,teamB,34950,8700,4,1,0
s2-r5-d3-m2-de_overpass,12,teamA,23500,22600,5,0,0
s2-r5-d3-m2-de_overpass,12,teamB,44450,12200,4,1,0
s2-r5-d3-m2-de_overpass,13,teamA,4000,3400,0,0,0
s2-r5-d3-m2-de_overpass,13,teamB,4000,3300,0,0,0
s2-r5-d3-m2-de_overpass,14,teamA,21150,18050,4,0,0
s2-r5-d3-m2-de_overpass,14,teamB,14100,10100,0,0,0
s2-r5-d3-m2-de_overpass,15,teamA,19200,12550,4,0,1
s2-r5-d3-m2-de_overpass,15,teamB,14150,3450,0,0,0
s2-r5-d3-m2-de_overpass,16,teamA,25950,18050,4,1,0
s2-r5-d3-m2-de_overpass,16,teamB,25800,25000,4,1,0
s2-r5-d3-m2-de_overpass,17,teamA,25800,9700,4,1,0
s2-r5-d3-m2-de_overpass,17,teamB,11100,6450,1,1,0
s2-r5-d3-m2-de_overpass,18,teamA,34700,14500,4,1,0
s2-r5-d3-m2-de_overpass,18,teamB,22050,21600,5,0,0
s2-r5-d3-m2-de_overpass,19,teamA,29400,27550,4,1,0
s2-r5-d3-m2-de_overpass,19,teamB,18500,16900,5,0,0
s2-r5-d3-m3-de_dust2,1,teamA,4000,3450,0,0,0
s2-r5-d3-m3-de_dust2,1,teamB,4000,3400,0,0,0
s2-r5-d3-m3-de_dust2,2,teamA,10950,0,0,0,0
s2-r5-d3-m3-de_dust2,2,teamB,19600,18400,3,0,2
s2-r5-d3-m3-de_dust2,3,teamA,22950,22700,5,0,0
s2-r5-d3-m3-de_dust2,3,teamB,20500,9700,4,0,1
s2-r5-d3-m3-de_dust2,4,teamA,18950,8250,0,0,0
s2-r5-d3-m3-de_dust2,4,teamB,31350,19050,4,1,0
s2-r5-d3-m3-de_dust2,5,teamA,27700,25950,4,1,0
s2-r5-d3-m3-de_dust2,5,teamB,30300,4700,4,1,0
s2-r5-d3-m3-de_dust2,6,teamA,12450,6350,1,1,0
s2-r5-d3-m3-de_dust2,6,teamB,43500,21450,4,1,0
s2-r5-d3-m3-de_dust2,7,teamA,23200,22100,4,0,0
s2-r5-d3-m3-de_dust2,7,teamB,40850,10200,4,1,0
s2-r5-d3-m3-de_dust2,8,teamA,19250,12300,5,0,0
s2-r5-d3-m3-de_dust2,8,teamB,38350,28200,4,1,0
s2-r5-d3-m3-de_dust2,9,teamA,25950,18250,4,1,0
s2-r5-d3-m3-de_dust2,9,teamB,20900,19250,4,1,0
s2-r5-d3-m3-de_dust2,10,teamA,26300,21550,4,1,0
s2-r5-d3-m3-de_dust2,10,teamB,15450,14450,2,1,2
s2-r5-d3-m3-de_dust2,11,teamA,22500,15700,3,1,1
s2-r5-d3-m3-de_dust2,11,teamB,17550,6050,0,0,0
s2-r5-d3-m3-de_dust2,12,teamA,24650,7000,4,1,0
s2-r5-d3-m3-de_dust2,12,teamB,26550,26150,4,1,0
s2-r5-d3-m3-de_dust2,13,teamA,4000,3400,0,0,0
s2-r5-d3-m3-de_dust2,13,teamB,4000,3350,0,0,0
s2-r5-d3-m3-de_dust2,14,teamA,19600,15400,3,0,2
s2-r5-d3-m3-de_dust2,14,teamB,10150,900,0,0,0
s2-r5-d3-m3-de_dust2,15,teamA,24700,12150,3,1,1
s2-r5-d3-m3-de_dust2,15,teamB,21550,21400,5,0,0
s2-r5-d3-m3-de_dust2,16,teamA,31850,18100,4,1,0
s2-r5-d3-m3-de_dust2,16,teamB,15550,7500,0,0,0
s2-r5-d3-m3-de_dust2,17,teamA,32550,4200,4,1,0
s2-r5-d3-m3-de_dust2,17,teamB,25050,24700,4,1,0
s2-r5-d3-m3-de_dust2,18,teamA,36450,24800,4,1,0
s2-r5-d3-m3-de_dust2,18,teamB,19350,14000,4,1,0
s2-r5-d3-m3-de_dust2,19,teamA,30450,16600,4,1,0
s2-r5-d3-m3-de_dust2,19,teamB,20250,19800,4,0,0
s2-r5-d3-m3-de_dust2,20,teamA,32650,17500,4,1,0
s2-r5-d3-m3-de_dust2,20,teamB,18350,9300,0,0,0
s2-r5-d3-m3-de_dust2,21,teamA,33950,7500,4,1,0
s2-r5-d3-m3-de_dust2,21,teamB,26350,25950,4,1,0
s3-r1-m1-m1-de_overpass,1,teamA,4000,3450,0,0,0
s3-r1-m1-m1-de_overpass,1,teamB,4000,3400,0,0,0
s3-r1-m1-m1-de_overpass,2,teamA,18600,18250,4,0,1
s3-r1-m1-m1-de_overpass,2,teamB,12250,11750,1,0,1
s3-r1-m1-m1-de_overpass,3,teamA,19950,4700,4,0,1
s3-r1-m1-m1-de_overpass,3,teamB,12500,1300,0,0,0
s3-r1-m1-m1-de_overpass,4,teamA,33600,13950,4,1,0
s3-r1-m1-m1-de_overpass,4,teamB,25850,25650,4,1,0
s3-r1-m1-m1-de_overpass,5,teamA,37500,16700,4,1,0
s3-r1-m1-m1-de_overpass,5,teamB,18850,10700,1,0,3
s3-r1-m1-m1-de_overpass,6,teamA,38550,8000,4,1,0
s3-r1-m1-m1-de_overpass,6,teamB,25200,24950,4,1,0
s3-r1-m1-m1-de_overpass,7,teamA,38450,26150,4,1,0
s3-r1-m1-m1-de_overpass,7,teamB,18650,15900,4,1,0
s3-r1-m1-m1-de_overpass,8,teamA,30350,12800,4,1,0
s3-r1-m1-m1-de_overpass,8,teamB,18350,9600,0,0,4
s3-r1-m1-m1-de_overpass,9,teamA,35950,4900,4,1,0
s3-r1-m1-m1-de_overpass,9,teamB,25850,24750,4,1,0
s3-r1-m1-m1-de_overpass,10,teamA,48700,16650,4,1,0
s3-r1-m1-m1-de_overpass,10,teamB,19750,15950,4,0,0
s3-r1-m1-m1-de_overpass,11,teamA,49900,19350,4,1,0
s3-r1-m1-m1-de_overpass,11,teamB,21450,21050,4,1,0
s3-r1-m1-m1-de_overpass,12,teamA,48400,23650,4,1,0
s3-r1-m1-m1-de_overpass,12,teamB,19600,19400,5,0,0
s3-r1-m1-m1-de_overpass,13,teamA,4000,3300,0,0,0
s3-r1-m1-m1-de_overpass,13,teamB,4000,3350,0,0,0
s3-r1-m1-m1-de_overpass,14,teamA,19700,19450,3,0,2
s3-r1-m1-m1-de_overpass,14,teamB,10450,10200,0,0,0
s3-r1-m1-m2-de_dust2,1,teamA,4000,3350,0,0,0
s3-r1-m1-m2-de_dust2,1,teamB,4000,3300,0,0,0
s3-r1-m1-m2-de_dust2,2,teamA,10650,2000,0,0,0
s3-r1-m1-m2-de_dust2,2,teamB,19400,18950,4,0,1
s3-r1-m1-m2-de_dust2,3,teamA,19450,19100,4,0,0
s3-r1-m1-m2-de_dust2,3,teamB,19450,12150,4,1,0
s3-r1-m1-m2-de_dust2,4,teamA,19350,8100,4,1,0
s3-r1-m1-m2-de_dust2,4,teamB,14850,12700,3,0,0
s3-r1-m1-m2-de_dust2,5,teamA,21450,20700,4,0,0
s3-r1-m1-m2-de_dust2,5,teamB,20950,17250,4,0,0
s3-r1-m1-m2-de_dust2,6,teamA,19450,12700,5,0,0
s3-r1-m1-m2-de_dust2,6,teamB,11800,11400,4,0,1
s3-r1-m1-m2-de_dust2,7,teamA,24800,16500,3,1,1
s3-r1-m1-m2-de_dust2,7,teamB,11550,0,0,0,0
s3-r1-m1-m2-de_dust2,8,teamA,26800,10000,4,1,0
s3-r1-m1-m2-de_dust2,8,teamB,24100,20850,5,0,0
s3-r1-m1-m2-de_dust2,9,teamA,34450,18950,3,1,1
s3-r1-m1-m2-de_dust2,9,teamB,19950,9500,0,1,0
s3-r1-m1-m2-de_dust2,10,teamA,33150,16600,4,1,0
s3-r1-m1-m2-de_dust2,10,teamB,29200,27300,4,1,0
s3-r1-m1-m2-de_dust2,11,teamA,33900,16900,4,1,0
s3-r1-m1-m2-de_dust2,11,teamB,20550,11900,2,0,0
s3-r1-m1-m2-de_dust2,12,teamA,24400,23950,4,1,0
s3-r1-m1-m2-de_dust2,12,teamB,27350,22100,4,1,0
s3-r1-m1-m2-de_dust2,13,teamA,4000,3450,0,0,0
s3-r1-m1-m2-de_dust2,13,teamB,4000,3400,0,0,0
s3-r1-m1-m2-de_dust2,14,teamA,10600,500,0,0,0
s3-r1-m1-m2-de_dust2,14,teamB,18650,17850,3,0,2
s3-r1-m1-m2-de_dust2,15,teamA,21300,20950,5,0,0
s3-r1-m1-m2-de_dust2,15,teamB,20050,4200,3,0,2
s3-r1-m1-m2-de_dust2,16,teamA,19350,13100,5,0,0
s3-r1-m1-m2-de_dust2,16,teamB,23250,22750,4,1,0
s3-r1-m1-m2-de_dust2,17,teamA,17400,17250,2,1,1
s3-r1-m1-m2-de_dust2,17,teamB,18350,15000,4,1,0
s3-r1-m1-m2-de_dust2,18,teamA,18700,15000,4,1,0
s3-r1-m1-m2-de_dust2,18,teamB,9550,8900,1,1,1
s3-r1-m1-m2-de_dust2,19,teamA,22700,7600,4,1,0
s3-r1-m1-m2-de_dust2,19,teamB,9850,0,0,0,0
s3-r1-m1-m2-de_dust2,20,teamA,33700,15550,4,1,0
s3-r1-m1-m2-de_dust2,20,teamB,22250,22000,5,0,0
s3-r1-m1-m2-de_dust2,21,teamA,25700,13800,4,1,0
s3-r1-m1-m2-de_dust2,21,teamB,18650,9100,5,0,0
s3-r1-m1-m3-de_inferno,1,teamA,4000,3350,0,0,0
s3-r1-m1-m3-de_inferno,1,teamB,4000,3400,0,0,0
s3-r1-m1-m3-de_inferno,2,teamA,14350,13250,1,0,3
s3-r1-m1-m3-de_inferno,2,teamB,21150,17550,1,0,3
s3-r1-m1-m3-de_inferno,3,teamA,17600,10600,1,0,0
s3-r1-m1-m3-de_inferno,3,teamB,22150,16450,3,1,1
s3-r1-m1-m3-de_inferno,4,teamA,25450,20000,4,1,0
s3-r1-m1-m3-de_inferno,4,teamB,14700,3250,0,0,0
s3-r1-m1-m3-de_inferno,5,teamA,14250,13900,3,0,0
s3-r1-m1-m3-de_inferno,5,teamB,29700,25050,4,1,0
s3-r1-m1-m3-de_inferno,6,teamA,19050,12600,5,0,0
s3-r1-m1-m3-de_inferno,6,teamB,12750,12600,4,1,0
s3-r1-m1-m3-de_inferno,7,teamA,24500,19700,5,0,0
s3-r1-m1-m3-de_inferno,7,teamB,11450,500,0,0,0
s3-r1-m1-m3-de_inferno,8,teamA,24100,3100,5,0,0
s3-r1-m1-m3-de_inferno,8,teamB,21950,21200,4,0,1
s3-r1-m1-m3-de_inferno,9,teamA,40000,9450,5,0,0
s3-r1-m1-m3-de_inferno,9,teamB,15800,7850,1,0,0
s3-r1-m1-m3-de_inferno,10,teamA,48600,18650,4,1,0
s3-r1-m1-m3-de_inferno,10,teamB,25800,25600,4,1,0
s3-r1-m1-m3-de_inferno,11,teamA,48450,21100,4,1,0
s3-r1-m1-m3-de_inferno,11,teamB,18800,17000,4,1,0
s3-r1-m1-m3-de_inferno,12,teamA,35250,28750,4,1,0
s3-r1-m1-m3-de_inferno,12,teamB,20800,18350,4,1,0
s3-r1-m1-m3-de_inferno,13,teamA,4000,3400,0,0,0
s3-r1-m1-m3-de_inferno,13,teamB,4000,3400,0,0,0
s3-r1-m1-m3-de_inferno,14,teamA,11450,10450,1,0,1
s3-r1-m1-m3-de_inferno,14,teamB,19600,18600,4,0,1
s3-r1-m1-m3-de_inferno,15,teamA,13550,1400,1,0,0
s3-r1-m1-m3-de_inferno,15,teamB,19700,9200,5,0,0
s3-r1-m1-m3-de_inferno,16,teamA,26350,22000,4,1,0
s3-r1-m1-m3-de_inferno,16,teamB,28900,5600,5,0,0
s3-r1-m1-m3-de_inferno,17,teamA,22200,20100,4,1,0
s3-r1-m1-m3-de_inferno,17,teamB,29800,20200,4,1,0
s3-r1-m1-m3-de_inferno,18,teamA,20900,9550,4,1,0
s3-r1-m1-m3-de_inferno,18,teamB,19400,9050,1,0,1
s3-r1-m1-m3-de_inferno,19,teamA,22500,22150,5,0,0
s3-r1-m1-m3-de_inferno,19,teamB,28600,16500,4,1,0
s3-r1-m1-m3-de_inferno,20,teamA,19150,9900,5,0,0
s3-r1-m1-m3-de_inferno,20,teamB,19400,18000,3,0,0
s3-r1-m1-m3-de_inferno,21,teamA,28250,15100,5,0,0
s3-r1-m1-m3-de_inferno,21,teamB,11100,3300,0,0,0
s3-r1-m1-m3-de_inferno,22,teamA,31950,5200,5,0,0
s3-r1-m1-m3-de_inferno,22,teamB,19200,18800,4,0,0
s3-r1-m2-m1-de_dust2,1,teamA,4000,3450,0,0,0
s3-r1-m2-m1-de_dust2,1,teamB,4000,2750,0,0,0
s3-r1-m2-m1-de_dust2,2,teamA,11250,2400,0,0,0
s3-r1-m2-m1-de_dust2,2,teamB,19600,19050,4,0,1
s3-r1-m2-m1-de_dust2,3,teamA,20850,20300,4,0,0
s3-r1-m2-m1-de_dust2,3,teamB,19550,5400,4,0,1
s3-r1-m2-m1-de_dust2,4,teamA,15650,6050,0,0,0
s3-r1-m2-m1-de_dust2,4,teamB,32450,15650,4,1,0
s3-r1-m2-m1-de_dust2,5,teamA,28800,25450,4,1,0
s3-r1-m2-m1-de_dust2,5,teamB,36950,13800,4,1,0
s3-r1-m2-m1-de_dust2,6,teamA,20700,18700,4,1,0
s3-r1-m2-m1-de_dust2,6,teamB,31950,27400,4,1,0
s3-r1-m2-m1-de_dust2,7,teamA,16600,7250,1,0,0
s3-r1-m2-m1-de_dust2,7,teamB,23150,9850,4,1,0
s3-r1-m2-m1-de_dust2,8,teamA,26350,24850,4,1,0
s3-r1-m2-m1-de_dust2,8,teamB,31500,5800,4,1,0
s3-r1-m2-m1-de_dust2,9,teamA,19000,18350,2,0,1
s3-r1-m2-m1-de_dust2,9,teamB,44100,14000,4,1,0
s3-r1-m2-m1-de_dust2,10,teamA,18600,16200,4,1,0
s3-r1-m2-m1-de_dust2,10,teamB,39100,28850,4,1,0
s3-r1-m2-m1-de_dust2,11,teamA,17400,10800,1,0,0
s3-r1-m2-m1-de_dust2,11,teamB,29050,21050,4,1,0
s3-r1-m2-m1-de_dust2,12,teamA,23500,22900,4,1,0
s3-r1-m2-m1-de_dust2,12,teamB,26600,15950,3,2,0
s3-r1-m2-m1-de_dust2,13,teamA,4000,3550,0,0,0
s3-r1-m2-m1-de_dust2,13,teamB,4000,3450,0,0,0
s3-r1-m2-m1-de_dust2,14,teamA,11600,1900,0,0,0
s3-r1-m2-m1-de_dust2,14,teamB,18600,17650,4,0,1
s3-r1-m2-m1-de_dust2,15,teamA,22250,21900,5,0,0
s3-r1-m2-m1-de_dust2,15,teamB,18700,7000,4,0,1
s3-r1-m2-m1-de_dust2,16,teamA,19350,11300,5,0,0
s3-r1-m2-m1-de_dust2,16,teamB,18800,17750,3,0,0
s3-r1-m2-m1-de_dust2,17,teamA,18100,13950,2,0,1
s3-r1-m2-m1-de_dust2,17,teamB,18800,7950,5,0,0
s3-r1-m2-m1-de_dust2,18,teamA,19400,13150,5,0,0
s3-r1-m2-m1-de_dust2,18,teamB,18150,17600,3,0,0
s3-r1-m2-m1-de_dust2,19,teamA,24850,6700,5,0,0
s3-r1-m2-m1-de_dust2,19,teamB,9850,700,0,0,0
s3-r1-m2-m1-de_dust2,20,teamA,37150,9250,4,1,0
s3-r1-m2-m1-de_dust2,20,teamB,21850,21400,5,0,0
s3-r1-m2-m1-de_dust2,21,teamA,46900,21850,4,1,0
s3-r1-m2-m1-de_dust2,21,teamB,15850,5500,0,0,0
s3-r1-m2-m1-de_dust2,22,teamA,45600,16550,3,2,0
s3-r1-m2-m1-de_dust2,22,teamB,31200,26250,4,1,0
s3-r1-m2-m1-de_dust2,23,teamA,47300,19700,4,1,0
s3-r1-m2-m1-de_dust2,23,teamB,19450,18000,5,0,0
s3-r1-m2-m1-de_dust2,24,teamA,46000,23900,4,1,0
s3-r1-m2-m1-de_dust2,24,teamB,19050,18600,5,0,0
s3-r1-m2-m2-de_mirage,1,teamA,4000,3350,0,0,0
s3-r1-m2-m2-de_mirage,1,teamB,4000,3350,0,0,0
s3-r1-m2-m2-de_mirage,2,teamA,18700,17200,3,0,2
s3-r1-m2-m2-de_mirage,2,teamB,11250,10350,0,0,0
s3-r1-m2-m2-de_mirage,3,teamA,21400,4500,3,0,2
s3-r1-m2-m2-de_mirage,3,teamB,12400,1300,0,0,0
s3-r1-m2-m2-de_mirage,4,teamA,35250,4700,3,0,2
s3-r1-m2-m2-de_mirage,4,teamB,25600,25150,4,1,0
s3-r1-m2-m2-de_mirage,5,teamA,37250,26250,4,1,0
s3-r1-m2-m2-de_mirage,5,teamB,19250,9400,4,1,0
s3-r1-m2-m2-de_mirage,6,teamA,20700,20250,3,1,0
s3-r1-m2-m2-de_mirage,6,teamB,28650,18200,4,1,0
s3-r1-m2-m2-de_mirage,7,teamA,10050,1000,1,0,0
s3-r1-m2-m2-de_mirage,7,teamB,28300,5300,4,1,0
s3-r1-m2-m2-de_mirage,8,teamA,22550,21400,4,0,0
s3-r1-m2-m2-de_mirage,8,teamB,42000,5700,4,1,0
s3-r1-m2-m2-de_mirage,9,teamA,18750,11750,1,0,0
s3-r1-m2-m2-de_mirage,9,teamB,55300,14000,4,1,0
s3-r1-m2-m2-de_mirage,10,teamA,24100,22600,5,0,0
s3-r1-m2-m2-de_mirage,10,teamB,59900,9850,4,1,0
s3-r1-m2-m2-de_mirage,11,teamA,19550,12500,4,1,0
s3-r1-m2-m2-de_mirage,11,teamB,58150,30000,4,1,0
s3-r1-m2-m2-de_mirage,12,teamA,21450,20150,5,0,0
s3-r1-m2-m2-de_mirage,12,teamB,46750,18250,3,2,0
s3-r1-m2-m2-de_mirage,13,teamA,4000,3400,0,0,0
s3-r1-m2-m2-de_mirage,13,teamB,4000,3350,0,0,0
s3-r1-m2-m2-de_mirage,14,teamA,21150,20800,5,0,0
s3-r1-m2-m2-de_mirage,14,teamB,13750,3750,1,0,0
s3-r1-m2-m2-de_mirage,15,teamA,19350,16350,2,0,3
s3-r1-m2-m2-de_mirage,15,teamB,22500,21450,4,0,1
s3-r1-m2-m2-de_mirage,16,teamA,12250,11700,3,0,0
s3-r1-m2-m2-de_mirage,16,teamB,19850,14750,4,0,1
s3-r1-m2-m2-de_mirage,17,teamA,10600,300,0,0,0
s3-r1-m2-m2-de_mirage,17,teamB,23450,6900,5,0,0
s3-r1-m2-m2-de_mirage,18,teamA,23250,23000,5,0,0
s3-r1-m2-m2-de_mirage,18,teamB,34600,17150,4,1,0
s3-r1-m2-m2-de_mirage,19,teamA,16950,16650,3,0,2
s3-r1-m2-m2-de_mirage,19,teamB,36250,20400,4,1,0
s3-r1-m2-m3-de_ancient,1,teamA,4000,3400,0,0,0
s3-r1-m2-m3-de_ancient,1,teamB,4000,3450,0,0,0
s3-r1-m2-m3-de_ancient,2,teamA,14300,13650,3,0,0
s3-r1-m2-m3-de_ancient,2,teamB,20800,20100,4,0,1
s3-r1-m2-m3-de_ancient,3,teamA,16850,16400,4,0,0
s3-r1-m2-m3-de_ancient,3,teamB,21350,16900,5,0,0
s3-r1-m2-m3-de_ancient,4,teamA,19150,17850,4,0,1
s3-r1-m2-m3-de_ancient,4,teamB,24800,20050,4,1,0
s3-r1-m2-m3-de_ancient,5,teamA,19350,10400,3,1,0
s3-r1-m2-m3-de_ancient,5,teamB,12250,0,0,0,0
s3-r1-m2-m3-de_ancient,6,teamA,23400,11300,4,1,0
s3-r1-m2-m3-de_ancient,6,teamB,21850,21150,3,1,1
s3-r1-m2-m3-de_ancient,7,teamA,29650,14750,3,1,1
s3-r1-m2-m3-de_ancient,7,teamB,14350,4750,0,0,0
s3-r1-m2-m3-de_ancient,8,teamA,33050,16700,4,1,0
s3-r1-m2-m3-de_ancient,8,teamB,25750,24700,3,1,1
s3-r1-m2-m3-de_ancient,9,teamA,35050,13300,4,1,0
s3-r1-m2-m3-de_ancient,9,teamB,19150,16700,5,0,0
s3-r1-m2-m3-de_ancient,10,teamA,28950,24550,4,1,0
s3-r1-m2-m3-de_ancient,10,teamB,21250,15750,4,1,0
s3-r1-m2-m3-de_ancient,11,teamA,14400,4400,1,0,0
s3-r1-m2-m3-de_ancient,11,teamB,23700,19200,4,1,0
s3-r1-m2-m3-de_ancient,12,teamA,24550,23250,5,0,0
s3-r1-m2-m3-de_ancient,12,teamB,24450,18650,3,2,0
s3-r1-m2-m3-de_ancient,13,teamA,4000,3400,0,0,0
s3-r1-m2-m3-de_ancient,13,teamB,4000,3400,0,0,0
s3-r1-m2-m3-de_ancient,14,teamA,21150,20000,4,0,1
s3-r1-m2-m3-de_ancient,14,teamB,13400,12900,1,0,0
s3-r1-m2-m3-de_ancient,15,teamA,20200,10650,5,0,0
s3-r1-m2-m3-de_ancient,15,teamB,12800,1400,0,0,0
s3-r1-m2-m3-de_ancient,16,teamA,28250,4800,5,0,0
s3-r1-m2-m3-de_ancient,16,teamB,24800,23900,5,0,0
s3-r1-m2-m3-de_ancient,17,teamA,31250,27950,4,1,0
s3-r1-m2-m3-de_ancient,17,teamB,18950,11900,5,0,0
s3-r1-m2-m3-de_ancient,18,teamA,14450,2450,1,0,0
s3-r1-m2-m3-de_ancient,18,teamB,25750,18850,4,1,0
s3-r1-m2-m3-de_ancient,19,teamA,32550,21000,4,1,0
s3-r1-m2-m3-de_ancient,19,teamB,20400,19550,2,1,1
s3-r1-m2-m3-de_ancient,20,teamA,19650,16750,3,1,1
s3-r1-m2-m3-de_ancient,20,teamB,19750,12850,4,1,0
s3-r1-m2-m3-de_ancient,21,teamA,12100,2100,2,0,0
s3-r1-m2-m3-de_ancient,21,teamB,25400,13100,4,1,0
s3-r1-m2-m3-de_ancient,22,teamA,30000,20300,4,1,0
s3-r1-m2-m3-de_ancient,22,teamB,22200,20800,3,1,1
s3-r1-m2-m3-de_ancient,23,teamA,16900,16250,1,1,1
s3-r1-m2-m3-de_ancient,23,teamB,20800,8600,4,1,0
s3-r1-m2-m3-de_ancient,24,teamA,20050,16800,2,1,2
s3-r1-m2-m3-de_ancient,24,teamB,20100,19800,3,0,2
s3-r1-m3-m1-de_anubis,1,teamA,4000,3300,0,0,0
s3-r1-m3-m1-de_anubis,1,teamB,4000,3400,0,0,0
s3-r1-m3-m1-de_anubis,2,teamA,18750,17100,3,0,2
s3-r1-m3-m1-de_anubis,2,teamB,10100,9550,0,0,1
s3-r1-m3-m1-de_anubis,3,teamA,7550,7250,0,0,0
s3-r1-m3-m1-de_anubis,3,teamB,19850,11650,3,0,2
s3-r1-m3-m1-de_anubis,4,teamA,10100,0,0,0,0
s3-r1-m3-m1-de_anubis,4,teamB,28400,11150,3,1,1
s3-r1-m3-m1-de_anubis,5,teamA,22400,21100,5,0,0
s3-r1-m3-m1-de_anubis,5,teamB,36550,13050,4,1,0
s3-r1-m3-m1-de_anubis,6,teamA,20300,9300,4,1,0
s3-r1-m3-m1-de_anubis,6,teamB,31050,24050,4,1,0
s3-r1-m3-m1-de_anubis,7,teamA,29050,16900,4,1,0
s3-r1-m3-m1-de_anubis,7,teamB,17750,6800,1,0,0
s3-r1-m3-m1-de_anubis,8,teamA,23350,22800,5,0,0
s3-r1-m3-m1-de_anubis,8,teamB,31500,21100,4,1,0
s3-r1-m3-m1-de_anubis,9,teamA,10650,600,0,0,0
s3-r1-m3-m1-de_anubis,9,teamB,29400,13500,4,1,0
s3-r1-m3-m1-de_anubis,10,teamA,29050,18600,4,1,0
s3-r1-m3-m1-de_anubis,10,teamB,24350,21400,4,1,0
s3-r1-m3-m1-de_anubis,11,teamA,28950,21000,4,1,0
s3-r1-m3-m1-de_anubis,11,teamB,14450,13700,3,1,1
s3-r1-m3-m1-de_anubis,12,teamA,15550,13600,2,0,0
s3-r1-m3-m1-de_anubis,12,teamB,20050,16250,4,1,0
s3-r1-m3-m1-de_anubis,13,teamA,4000,3300,0,0,0
s3-r1-m3-m1-de_anubis,13,teamB,4000,3350,0,0,0
s3-r1-m3-m1-de_anubis,14,teamA,11850,9750,0,0,3
s3-r1-m3-m1-de_anubis,14,teamB,18700,16900,3,0,2
s3-r1-m3-m1-de_anubis,15,teamA,12950,2400,0,0,2
s3-r1-m3-m1-de_anubis,15,teamB,20200,7150,3,0,2
s3-r1-m3-m1-de_anubis,16,teamA,26450,26150,4,1,0
s3-r1-m3-m1-de_anubis,16,teamB,31400,13050,5,0,0
s3-r1-m3-m1-de_anubis,17,teamA,18200,16500,4,1,0
s3-r1-m3-m1-de_anubis,17,teamB,36650,12850,5,0,0
s3-r1-m3-m1-de_anubis,18,teamA,20150,19500,5,0,0
s3-r1-m3-m1-de_anubis,18,teamB,42600,20000,4,1,0
s3-r1-m3-m2-de_overpass,1,teamA,4000,3350,0,0,0
s3-r1-m3-m2-de_overpass,1,teamB,4000,3550,0,0,0
s3-r1-m3-m2-de_overpass,2,teamA,18700,18150,3,0,2
s3-r1-m3-m2-de_overpass,2,teamB,11600,9400,0,0,2
s3-r1-m3-m2-de_overpass,3,teamA,19800,7500,4,0,1
s3-r1-m3-m2-de_overpass,3,teamB,13150,2200,0,0,0
s3-r1-m3-m2-de_overpass,4,teamA,31300,8900,4,0,1
s3-r1-m3-m2-de_overpass,4,teamB,26000,22300,5,0,0
s3-r1-m3-m2-de_overpass,5,teamA,40450,6250,5,0,0
s3-r1-m3-m2-de_overpass,5,teamB,20500,8100,1,0,0
s3-r1-m3-m2-de_overpass,6,teamA,52250,20400,5,0,0
s3-r1-m3-m2-de_overpass,6,teamB,30900,27600,4,1,0
s3-r1-m3-m2-de_overpass,7,teamA,39150,26250,4,1,0
s3-r1-m3-m2-de_overpass,7,teamB,21700,11000,4,1,0
s3-r1-m3-m2-de_overpass,8,teamA,31300,8600,4,1,0
s3-r1-m3-m2-de_overpass,8,teamB,25750,13000,4,1,0
s3-r1-m3-m2-de_overpass,9,teamA,40250,17200,4,1,0
s3-r1-m3-m2-de_overpass,9,teamB,31200,27250,4,1,0
s3-r1-m3-m2-de_overpass,10,teamA,41100,11800,4,1,0
s3-r1-m3-m2-de_overpass,10,teamB,21650,21200,5,0,0
s3-r1-m3-m2-de_overpass,11,teamA,36900,24200,5,0,0
s3-r1-m3-m2-de_overpass,11,teamB,19250,15600,5,0,0
s3-r1-m3-m2-de_overpass,12,teamA,30750,18000,5,0,0
s3-r1-m3-m2-de_overpass,12,teamB,19800,19500,4,0,1
s3-r1-m3-m2-de_overpass,13,teamA,4000,3300,0,0,0
s3-r1-m3-m2-de_overpass,13,teamB,4000,3300,0,0,0
s3-r1-m3-m2-de_overpass,14,teamA,19700,19100,3,0,2
s3-r1-m3-m2-de_overpass,14,teamB,11400,11250,1,0,0
s3-r1-m3-m2-de_overpass,15,teamA,20500,11300,4,0,1
s3-r1-m3-m2-de_overpass,15,teamB,12450,12300,1,0,1
s3-r1-m3-m3-de_nuke,1,teamA,4000,3400,0,0,0
s3-r1-m3-m3-de_nuke,1,teamB,4000,3400,0,0,0
s3-r1-m3-m3-de_nuke,2,teamA,10700,9250,1,0,0
s3-r1-m3-m3-de_nuke,2,teamB,19600,18100,4,0,1
s3-r1-m3-m3-de_nuke,3,teamA,12750,2800,0,0,0
s3-r1-m3-m3-de_nuke,3,teamB,20800,8950,4,0,1
s3-r1-m3-m3-de_nuke,4,teamA,24450,23700,5,0,0
s3-r1-m3-m3-de_nuke,4,teamB,30850,2600,4,0,1
s3-r1-m3-m3-de_nuke,5,teamA,15250,7750,1,0,0
s3-r1-m3-m3-de_nuke,5,teamB,47000,19450,4,1,0
s3-r1-m3-m3-de_nuke,6,teamA,25950,24650,4,1,0
s3-r1-m3-m3-de_nuke,6,teamB,46550,9700,4,1,0
s3-r1-m3-m3-de_nuke,7,teamA,19200,10250,1,0,1
s3-r1-m3-m3-de_nuke,7,teamB,54850,18800,4,1,0
s3-r1-m3-m3-de_nuke,8,teamA,27000,17600,5,0,0
s3-r1-m3-m3-de_nuke,8,teamB,44700,29100,4,1,0
s3-r1-m3-m3-de_nuke,9,teamA,28100,23550,5,0,0
s3-r1-m3-m3-de_nuke,9,teamB,35950,18600,4,1,0
s3-r1-m3-m3-de_nuke,10,teamA,26050,23800,5,0,0
s3-r1-m3-m3-de_nuke,10,teamB,37500,23600,4,1,0
s3-r1-m3-m3-de_nuke,11,teamA,20000,14350,4,0,1
s3-r1-m3-m3-de_nuke,11,teamB,22550,22300,3,1,1
s3-r1-m3-m3-de_nuke,12,teamA,20450,20050,5,0,0
s3-r1-m3-m3-de_nuke,12,teamB,19850,12500,4,1,0
s3-r1-m3-m3-de_nuke,13,teamA,4000,3250,0,0,0
s3-r1-m3-m3-de_nuke,13,teamB,4000,3450,0,0,0
s3-r1-m3-m3-de_nuke,14,teamA,10800,10250,0,0,0
s3-r1-m3-m3-de_nuke,14,teamB,18600,18100,4,0,1
s3-r1-m3-m3-de_nuke,15,teamA,19550,12950,5,0,0
s3-r1-m3-m3-de_nuke,15,teamB,8850,7750,0,0,0
s3-r1-m3-m3-de_nuke,16,teamA,27150,23250,4,1,0
s3-r1-m3-m3-de_nuke,16,teamB,14250,5600,1,0,0
s3-r1-m3-m3-de_nuke,17,teamA,24250,16950,4,1,0
s3-r1-m3-m3-de_nuke,17,teamB,24850,22500,5,0,0
s3-r1-m3-m3-de_nuke,18,teamA,27250,14350,4,1,0
s3-r1-m3-m3-de_nuke,18,teamB,20750,12750,1,0,0
s3-r1-m3-m3-de_nuke,19,teamA,31900,18700,4,1,0
s3-r1-m3-m3-de_nuke,19,teamB,25900,24050,5,0,0
s3-r1-m3-m3-de_nuke,20,teamA,20200,20000,2,1,2
s3-r1-m3-m3-de_nuke,20,teamB,19900,3800,5,0,0
s3-r1-m3-m3-de_nuke,21,teamA,20550,16500,4,1,0
s3-r1-m3-m3-de_nuke,21,teamB,34500,24100,5,0,0
s3-r1-m4-m1-de_dust2,1,teamA,4000,3450,0,0,0
s3-r1-m4-m1-de_dust2,1,teamB,4000,3400,0,0,0
s3-r1-m4-m1-de_dust2,2,teamA,10950,4400,0,0,0
s3-r1-m4-m1-de_dust2,2,teamB,19600,19350,3,0,2
s3-r1-m4-m1-de_dust2,3,teamA,21050,20800,4,0,0
s3-r1-m4-m1-de_dust2,3,teamB,19850,11950,3,1,1
s3-r1-m4-m1-de_dust2,4,teamA,18950,5900,5,0,0
s3-r1-m4-m1-de_dust2,4,teamB,14700,13500,3,1,1
s3-r1-m4-m1-de_dust2,5,teamA,23450,22400,5,0,0
s3-r1-m4-m1-de_dust2,5,teamB,19800,16700,4,1,0
s3-r1-m4-m1-de_dust2,6,teamA,13950,6150,1,0,0
s3-r1-m4-m1-de_dust2,6,teamB,21900,17000,4,1,0
s3-r1-m4-m1-de_dust2,7,teamA,22500,21700,4,1,0
s3-r1-m4-m1-de_dust2,7,teamB,23500,4400,4,1,0
s3-r1-m4-m1-de_dust2,8,teamA,17800,8700,0,0,0
s3-r1-m4-m1-de_dust2,8,teamB,38100,5300,4,1,0
s3-r1-m4-m1-de_dust2,9,teamA,29400,26250,4,1,0
s3-r1-m4-m1-de_dust2,9,teamB,53350,14300,4,1,0
s3-r1-m4-m1-de_dust2,10,teamA,21950,4700,4,1,0
s3-r1-m4-m1-de_dust2,10,teamB,46050,25450,4,1,0
s3-r1-m4-m1-de_dust2,11,teamA,34900,21100,4,1,0
s3-r1-m4-m1-de_dust2,11,teamB,31900,26900,4,1,0
s3-r1-m4-m1-de_dust2,12,teamA,25700,23550,3,1,0
s3-r1-m4-m1-de_dust2,12,teamB,23400,19550,4,1,0
s3-r1-m4-m1-de_dust2,13,teamA,4000,3400,0,0,0
s3-r1-m4-m1-de_dust2,13,teamB,4000,3400,0,0,0
s3-r1-m4-m1-de_dust2,14,teamA,21150,20600,4,0,1
s3-r1-m4-m1-de_dust2,14,teamB,14300,13050,2,0,1
s3-r1-m4-m1-de_dust2,15,teamA,8650,8500,1,0,0
s3-r1-m4-m1-de_dust2,15,teamB,19950,13550,4,0,1
s3-r1-m4-m1-de_dust2,16,teamA,10200,1000,1,0,1
s3-r1-m4-m1-de_dust2,16,teamB,24300,10850,4,1,0
s3-r1-m4-m1-de_dust2,17,teamA,28000,19150,4,1,0
s3-r1-m4-m1-de_dust2,17,teamB,21350,20800,5,0,0
s3-r1-m4-m1-de_dust2,18,teamA,16950,16550,2,1,0
s3-r1-m4-m1-de_dust2,18,teamB,18600,12900,4,1,0
s3-r1-m4-m2-de_nuke,1,teamA,4000,3400,0,0,0
s3-r1-m4-m2-de_nuke,1,teamB,4000,3400,0,0,0
s3-r1-m4-m2-de_nuke,2,teamA,18650,17900,4,0,1
s3-r1-m4-m2-de_nuke,2,teamB,11200,10450,0,0,1
s3-r1-m4-m2-de_nuke,3,teamA,8350,8050,1,0,0
s3-r1-m4-m2-de_nuke,3,teamB,19750,16100,4,0,1
s3-r1-m4-m2-de_nuke,4,teamA,10400,700,0,0,0
s3-r1-m4-m2-de_nuke,4,teamB,22950,13900,4,0,1
s3-r1-m4-m2-de_nuke,5,teamA,22000,21700,5,0,0
s3-r1-m4-m2-de_nuke,5,teamB,28350,10350,4,1,0
s3-r1-m4-m2-de_nuke,6,teamA,18400,13300,5,0,0
s3-r1-m4-m2-de_nuke,6,teamB,26350,18000,4,1,0
s3-r1-m4-m2-de_nuke,7,teamA,12700,11600,3,0,0
s3-r1-m4-m2-de_nuke,7,teamB,26400,3900,4,1,0
s3-r1-m4-m2-de_nuke,8,teamA,18350,12000,4,1,0
s3-r1-m4-m2-de_nuke,8,teamB,30600,27250,4,1,0
s3-r1-m4-m2-de_nuke,9,teamA,14250,13850,2,0,0
s3-r1-m4-m2-de_nuke,9,teamB,22150,16500,3,1,1
s3-r1-m4-m2-de_nuke,10,teamA,18450,7950,4,1,0
s3-r1-m4-m2-de_nuke,10,teamB,13000,850,0,0,0
s3-r1-m4-m2-de_nuke,11,teamA,28550,7900,4,1,0
s3-r1-m4-m2-de_nuke,11,teamB,10450,1300,0,0,0
s3-r1-m4-m2-de_nuke,12,teamA,38200,12600,4,1,0
s3-r1-m4-m2-de_nuke,12,teamB,22300,21850,4,0,1
s3-r1-m4-m2-de_nuke,13,teamA,4000,3400,0,0,0
s3-r1-m4-m2-de_nuke,13,teamB,4000,3400,0,0,0
s3-r1-m4-m2-de_nuke,14,teamA,19600,19150,3,0,2
s3-r1-m4-m2-de_nuke,14,teamB,10700,8650,0,0,0
s3-r1-m4-m2-de_nuke,15,teamA,20350,14250,3,1,1
s3-r1-m4-m2-de_nuke,15,teamB,14150,2750,0,0,0
s3-r1-m4-m2-de_nuke,16,teamA,25700,3350,3,1,1
s3-r1-m4-m2-de_nuke,16,teamB,25900,25050,4,1,0
s3-r1-m4-m2-de_nuke,17,teamA,41450,13900,4,1,0
s3-r1-m4-m2-de_nuke,17,teamB,18250,17950,5,0,0
s3-r1-m4-m2-de_nuke,18,teamA,47900,14550,4,1,0
s3-r1-m4-m2-de_nuke,18,teamB,21200,21000,5,0,0
s3-r1-m4-m2-de_nuke,19,teamA,41800,29950,4,1,0
s3-r1-m4-m2-de_nuke,19,teamB,17950,14200,5,0,0
s3-r1-m5-m1-de_mirage,1,teamA,4000,3450,0,0,0
s3-r1-m5-m1-de_mirage,1,teamB,4000,3450,0,0,0
s3-r1-m5-m1-de_mirage,2,teamA,19550,18650,4,0,1
s3-r1-m5-m1-de_mirage,2,teamB,10600,9750,0,0,1
s3-r1-m5-m1-de_mirage,3,teamA,9200,8850,0,0,1
s3-r1-m5-m1-de_mirage,3,teamB,20150,18550,4,0,1
s3-r1-m5-m1-de_mirage,4,teamA,9950,0,0,0,0
s3-r1-m5-m1-de_mirage,4,teamB,20700,4900,4,0,1
s3-r1-m5-m1-de_mirage,5,teamA,21950,21800,5,0,0
s3-r1-m5-m1-de_mirage,5,teamB,35700,5100,4,0,1
s3-r1-m5-m1-de_mirage,6,teamA,12050,4950,1,0,0
s3-r1-m5-m1-de_mirage,6,teamB,49350,10100,5,0,0
s3-r1-m5-m1-de_mirage,7,teamA,27950,25650,4,1,0
s3-r1-m5-m1-de_mirage,7,teamB,59800,19350,5,0,0
s3-r1-m5-m1-de_mirage,8,teamA,20000,8050,0,0,0
s3-r1-m5-m1-de_mirage,8,teamB,59450,20000,5,0,0
s3-r1-m5-m1-de_mirage,9,teamA,27500,26000,4,1,0
s3-r1-m5-m1-de_mirage,9,teamB,58450,10750,4,1,0
s3-r1-m5-m1-de_mirage,10,teamA,20300,12400,5,0,0
s3-r1-m5-m1-de_mirage,10,teamB,55600,24650,4,1,0
s3-r1-m5-m1-de_mirage,11,teamA,22700,22350,3,1,0
s3-r1-m5-m1-de_mirage,11,teamB,49750,9900,4,1,0
s3-r1-m5-m1-de_mirage,12,teamA,18200,17400,5,0,0
s3-r1-m5-m1-de_mirage,12,teamB,48850,34600,3,2,0
s3-r1-m5-m1-de_mirage,13,teamA,4000,3250,0,0,0
s3-r1-m5-m1-de_mirage,13,teamB,4000,3500,0,0,0
s3-r1-m5-m1-de_mirage,14,teamA,19750,17450,4,0,1
s3-r1-m5-m1-de_mirage,14,teamB,10300,400,0,0,0
s3-r1-m5-m1-de_mirage,15,teamA,21600,10150,4,1,0
s3-r1-m5-m1-de_mirage,15,teamB,21900,21400,5,0,0
s3-r1-m5-m1-de_mirage,16,teamA,28950,11600,4,1,0
s3-r1-m5-m1-de_mirage,16,teamB,9300,7050,2,0,0
s3-r1-m5-m1-de_mirage,17,teamA,25250,21900,4,1,0
s3-r1-m5-m1-de_mirage,17,teamB,21250,13200,5,0,0
s3-r1-m5-m1-de_mirage,18,teamA,20500,5400,4,1,0
s3-r1-m5-m1-de_mirage,18,teamB,12650,11100,5,0,0
s3-r1-m5-m1-de_mirage,19,teamA,33700,19550,4,1,0
s3-r1-m5-m1-de_mirage,19,teamB,16650,9600,1,0,0
s3-r1-m5-m1-de_mirage,20,teamA,34300,17900,4,1,0
s3-r1-m5-m1-de_mirage,20,teamB,25550,23700,5,0,0
s3-r1-m5-m1-de_mirage,21,teamA,23750,17700,4,1,0
s3-r1-m5-m1-de_mirage,21,teamB,20550,9200,4,0,0
s3-r1-m5-m1-de_mirage,22,teamA,23950,6300,4,1,0
s3-r1-m5-m1-de_mirage,22,teamB,19550,16350,4,1,0
s3-r1-m5-m1-de_mirage,23,teamA,25200,21850,4,1,0
s3-r1-m5-m1-de_mirage,23,teamB,21700,9600,4,1,0
s3-r1-m5-m2-de_inferno,1,teamA,4000,3400,0,0,0
s3-r1-m5-m2-de_inferno,1,teamB,4000,3550,0,0,0
s3-r1-m5-m2-de_inferno,2,teamA,14600,14350,2,0,2
s3-r1-m5-m2-de_inferno,2,teamB,21000,19700,1,1,3
s3-r1-m5-m2-de_inferno,3,teamA,12250,2800,0,0,0
s3-r1-m5-m2-de_inferno,3,teamB,20200,7400,2,1,2
s3-r1-m5-m2-de_inferno,4,teamA,24050,23800,5,0,0
s3-r1-m5-m2-de_inferno,4,teamB,32300,16450,3,1,1
s3-r1-m5-m2-de_inferno,5,teamA,20850,11600,1,0,2
s3-r1-m5-m2-de_inferno,5,teamB,35450,10800,4,1,0
s3-r1-m5-m2-de_inferno,6,teamA,28550,22450,4,1,0
s3-r1-m5-m2-de_inferno,6,teamB,33250,22950,4,1,0
s3-r1-m5-m2-de_inferno,7,teamA,11900,9100,3,1,0
s3-r1-m5-m2-de_inferno,7,teamB,26900,5600,4,1,0
s3-r1-m5-m2-de_inferno,8,teamA,16600,15850,3,1,1
s3-r1-m5-m2-de_inferno,8,teamB,39550,13600,2,1,0
s3-r1-m5-m2-de_inferno,9,teamA,18800,15900,4,0,0
s3-r1-m5-m2-de_inferno,9,teamB,35150,29100,4,1,0
s3-r1-m5-m2-de_inferno,10,teamA,21600,13300,5,0,0
s3-r1-m5-m2-de_inferno,10,teamB,16250,5250,0,1,1
s3-r1-m5-m2-de_inferno,11,teamA,20600,13100,1,0,1
s3-r1-m5-m2-de_inferno,11,teamB,29600,15650,4,1,0
s3-r1-m5-m2-de_inferno,12,teamA,22400,22100,4,1,0
s3-r1-m5-m2-de_inferno,12,teamB,32750,4900,4,1,0
s3-r1-m5-m2-de_inferno,13,teamA,4000,3400,0,0,0
s3-r1-m5-m2-de_inferno,13,teamB,4000,3450,0,0,0
s3-r1-m5-m2-de_inferno,14,teamA,12300,11450,0,0,3
s3-r1-m5-m2-de_inferno,14,teamB,18300,17200,2,0,3
s3-r1-m5-m2-de_inferno,15,teamA,15450,12950,2,0,2
s3-r1-m5-m2-de_inferno,15,teamB,20050,17900,4,0,1
s3-r1-m5-m2-de_inferno,16,teamA,16500,14400,4,0,1
s3-r1-m5-m2-de_inferno,16,teamB,20250,5000,4,0,1
s3-r1-m5-m2-de_inferno,17,teamA,22950,19350,4,1,0
s3-r1-m5-m2-de_inferno,17,teamB,26450,23800,5,0,0
s3-r1-m6-m1-de_inferno,1,teamA,4000,3450,0,0,0
s3-r1-m6-m1-de_inferno,1,teamB,4000,3400,0,0,0
s3-r1-m6-m1-de_inferno,2,teamA,10050,9750,0,0,0
s3-r1-m6-m1-de_inferno,2,teamB,19600,19200,4,0,1
s3-r1-m6-m1-de_inferno,3,teamA,18350,16050,3,0,2
s3-r1-m6-m1-de_inferno,3,teamB,9900,9250,0,0,0
s3-r1-m6-m1-de_inferno,4,teamA,21550,10350,4,0,1
s3-r1-m6-m1-de_inferno,4,teamB,11250,0,0,0,0
s3-r1-m6-m1-de_inferno,5,teamA,19400,19200,5,0,0
s3-r1-m6-m1-de_inferno,5,teamB,29550,24950,4,1,0
s3-r1-m6-m1-de_inferno,6,teamA,18900,12100,4,1,0
s3-r1-m6-m1-de_inferno,6,teamB,12500,11500,4,0,0
s3-r1-m6-m1-de_inferno,7,teamA,12400,12300,2,1,0
s3-r1-m6-m1-de_inferno,7,teamB,19450,8800,5,0,0
s3-r1-m6-m1-de_inferno,8,teamA,19100,12800,4,1,0
s3-r1-m6-m1-de_inferno,8,teamB,18550,17650,4,0,1
s3-r1-m6-m1-de_inferno,9,teamA,18100,17800,5,0,0
s3-r1-m6-m1-de_inferno,9,teamB,20900,19600,3,0,2
s3-r1-m6-m1-de_inferno,10,teamA,19300,8300,0,0,0
s3-r1-m6-m1-de_inferno,10,teamB,11650,11400,2,0,1
s3-r1-m6-m1-de_inferno,11,teamA,22200,21900,5,0,0
s3-r1-m6-m1-de_inferno,11,teamB,21100,17450,3,1,1
s3-r1-m6-m1-de_inferno,12,teamA,9800,9500,0,0,0
s3-r1-m6-m1-de_inferno,12,teamB,22450,11850,4,1,0
s3-r1-m6-m1-de_inferno,13,teamA,4000,3400,0,0,0
s3-r1-m6-m1-de_inferno,13,teamB,4000,3450,0,0,0
s3-r1-m6-m1-de_inferno,14,teamA,11200,10050,0,0,3
s3-r1-m6-m1-de_inferno,14,teamB,19550,17900,3,0,2
s3-r1-m6-m1-de_inferno,15,teamA,22300,17400,5,0,0
s3-r1-m6-m1-de_inferno,15,teamB,12850,12550,1,0,0
s3-r1-m6-m1-de_inferno,16,teamA,23900,14700,5,0,0
s3-r1-m6-m1-de_inferno,16,teamB,10400,200,0,0,0
s3-r1-m6-m1-de_inferno,17,teamA,28200,3850,5,0,0
s3-r1-m6-m1-de_inferno,17,teamB,22200,21600,5,0,0
s3-r1-m6-m1-de_inferno,18,teamA,34100,27950,4,1,0
s3-r1-m6-m1-de_inferno,18,teamB,19600,18650,4,0,1
s3-r1-m6-m1-de_inferno,19,teamA,24000,13600,4,1,0
s3-r1-m6-m1-de_inferno,19,teamB,8950,700,1,0,0
s3-r1-m6-m1-de_inferno,20,teamA,29400,5100,4,1,0
s3-r1-m6-m1-de_inferno,20,teamB,20250,19500,4,0,0
s3-r1-m6-m1-de_inferno,21,teamA,44650,21200,4,1,0
s3-r1-m6-m1-de_inferno,21,teamB,19450,11500,0,0,0
s3-r1-m6-m1-de_inferno,22,teamA,44000,14200,4,1,0
s3-r1-m6-m1-de_inferno,22,teamB,28850,26050,4,1,0
s3-r1-m6-m1-de_inferno,23,teamA,36800,14050,4,1,0
s3-r1-m6-m1-de_inferno,23,teamB,20800,5500,4,1,0
s3-r1-m6-m2-de_dust2,1,teamA,4000,3350,0,0,0
s3-r1-m6-m2-de_dust2,1,teamB,4000,3400,0,0,0
s3-r1-m6-m2-de_dust2,2,teamA,18700,17050,2,0,2
s3-r1-m6-m2-de_dust2,2,teamB,11200,10850,0,0,0
s3-r1-m6-m2-de_dust2,3,teamA,10150,9850,1,0,0
s3-r1-m6-m2-de_dust2,3,teamB,19350,15750,2,0,2
s3-r1-m6-m2-de_dust2,4,teamA,18350,13300,2,0,2
s3-r1-m6-m2-de_dust2,4,teamB,12850,11550,1,0,1
s3-r1-m6-m2-de_dust2,5,teamA,24350,17650,4,1,0
s3-r1-m6-m2-de_dust2,5,teamB,12550,1800,1,0,0
s3-r1-m6-m2-de_dust2,6,teamA,24550,4000,4,1,0
s3-r1-m6-m2-de_dust2,6,teamB,22750,22450,5,0,0
s3-r1-m6-m2-de_dust2,7,teamA,27850,24850,4,1,0
s3-r1-m6-m2-de_dust2,7,teamB,19300,14050,4,1,0
s3-r1-m6-m2-de_dust2,8,teamA,20650,17750,3,1,1
s3-r1-m6-m2-de_dust2,8,teamB,16550,3900,0,0,0
s3-r1-m6-m2-de_dust2,9,teamA,21900,12050,4,1,0
s3-r1-m6-m2-de_dust2,9,teamB,24850,22200,4,1,0
s3-r1-m6-m2-de_dust2,10,teamA,28650,25700,4,1,0
s3-r1-m6-m2-de_dust2,10,teamB,19600,18200,3,1,1
s3-r1-m6-m2-de_dust2,11,teamA,20300,7100,4,1,0
s3-r1-m6-m2-de_dust2,11,teamB,19250,11050,1,0,0
s3-r1-m6-m2-de_dust2,12,teamA,30350,23450,3,2,0
s3-r1-m6-m2-de_dust2,12,teamB,26300,26050,4,1,0
s3-r1-m6-m2-de_dust2,13,teamA,4000,3400,0,0,0
s3-r1-m6-m2-de_dust2,13,teamB,4000,3450,0,0,0
s3-r1-m6-m2-de_dust2,14,teamA,10650,9350,1,0,0
s3-r1-m6-m2-de_dust2,14,teamB,18950,17000,3,0,2
s3-r1-m6-m2-de_dust2,15,teamA,14400,3350,0,0,0
s3-r1-m6-m2-de_dust2,15,teamB,20900,11900,4,0,1
s3-r1-m6-m2-de_dust2,16,teamA,27500,27000,4,1,0
s3-r1-m6-m2-de_dust2,16,teamB,27050,18450,4,1,0
s3-r1-m6-m2-de_dust2,17,teamA,18550,8650,0,1,1
s3-r1-m6-m2-de_dust2,17,teamB,27600,18800,4,1,0
s3-r1-m6-m2-de_dust2,18,teamA,29100,28050,4,1,0
s3-r1-m6-m2-de_dust2,18,teamB,26650,19800,4,1,0
s3-r1-m6-m2-de_dust2,19,teamA,21600,14100,4,1,0
s3-r1-m6-m2-de_dust2,19,teamB,17750,15300,3,0,0
s3-r1-m6-m2-de_dust2,20,teamA,26500,8400,4,1,0
s3-r1-m6-m2-de_dust2,20,teamB,10250,10100,0,0,0
s3-r1-m6-m2-de_dust2,21,teamA,30450,23500,4,1,0
s3-r1-m6-m2-de_dust2,21,teamB,19150,12400,4,1,0
s3-r1-m6-m3-de_ancient,1,teamA,4000,3450,0,0,0
s3-r1-m6-m3-de_ancient,1,teamB,4000,3550,0,0,0
s3-r1-m6-m3-de_ancient,2,teamA,18600,17300,2,0,3
s3-r1-m6-m3-de_ancient,2,teamB,11600,400,0,0,0
s3-r1-m6-m3-de_ancient,3,teamA,20250,5250,2,0,3
s3-r1-m6-m3-de_ancient,3,teamB,23200,23100,5,0,0
s3-r1-m6-m3-de_ancient,4,teamA,34700,8300,5,0,0
s3-r1-m6-m3-de_ancient,4,teamB,15150,6500,1,0,0
s3-r1-m6-m3-de_ancient,5,teamA,45100,8800,5,0,0
s3-r1-m6-m3-de_ancient,5,teamB,26000,24750,4,1,0
s3-r1-m6-m3-de_ancient,6,teamA,43300,26350,4,1,0
s3-r1-m6-m3-de_ancient,6,teamB,19850,7250,4,1,0
s3-r1-m6-m3-de_ancient,7,teamA,27650,22900,5,0,0
s3-r1-m6-m3-de_ancient,7,teamB,31200,22500,4,1,0
s3-r1-m6-m3-de_ancient,8,teamA,17450,10700,2,0,0
s3-r1-m6-m3-de_ancient,8,teamB,27100,19650,4,1,0
s3-r1-m6-m3-de_ancient,9,teamA,25150,23200,5,0,0
s3-r1-m6-m3-de_ancient,9,teamB,27600,18200,4,1,0
s3-r1-m6-m3-de_ancient,10,teamA,12150,11600,5,0,0
s3-r1-m6-m3-de_ancient,10,teamB,27100,4600,4,1,0
s3-r1-m6-m3-de_ancient,11,teamA,18600,12900,5,0,0
s3-r1-m6-m3-de_ancient,11,teamB,30600,27950,4,1,0
s3-r1-m6-m3-de_ancient,12,teamA,20200,18900,4,0,0
s3-r1-m6-m3-de_ancient,12,teamB,20900,9550,4,1,0
s3-r1-m6-m3-de_ancient,13,teamA,4000,3550,0,0,0
s3-r1-m6-m3-de_ancient,13,teamB,4000,3400,0,0,0
s3-r1-m6-m3-de_ancient,14,teamA,21000,20800,3,1,1
s3-r1-m6-m3-de_ancient,14,teamB,14600,13800,2,0,0
s3-r1-m6-m3-de_ancient,15,teamA,9200,8450,0,0,0
s3-r1-m6-m3-de_ancient,15,teamB,18850,17150,3,1,1
s3-r1-m6-m3-de_ancient,16,teamA,21300,14400,4,1,0
s3-r1-m6-m3-de_ancient,16,teamB,12700,1000,0,0,0
s3-r1-m6-m3-de_ancient,17,teamA,25600,8350,4,1,0
s3-r1-m6-m3-de_ancient,17,teamB,21500,21200,5,0,0
s3-r1-m6-m3-de_ancient,18,teamA,36250,9350,4,1,0
s3-r1-m6-m3-de_ancient,18,teamB,12600,2800,0,0,0
s3-r1-m6-m3-de_ancient,19,teamA,45400,5700,4,1,0
s3-r1-m6-m3-de_ancient,19,teamB,24300,23800,4,1,0
s3-r1-m6-m3-de_ancient,20,teamA,47500,27300,4,1,0
s3-r1-m6-m3-de_ancient,20,teamB,18150,13250,4,1,0
s3-r1-m6-m3-de_ancient,21,teamA,30000,26250,4,1,0
s3-r1-m6-m3-de_ancient,21,teamB,22550,12700,4,1,0
s3-r1-m6-m3-de_ancient,22,teamA,16300,14550,4,1,0
s3-r1-m6-m3-de_ancient,22,teamB,28250,8800,4,1,0
s3-r1-m6-m3-de_ancient,23,teamA,22100,14550,4,1,0
s3-r1-m6-m3-de_ancient,23,teamB,29350,25850,4,1,0
s3-r1-m6-m3-de_ancient,24,teamA,25600,22600,3,1,0
s3-r1-m6-m3-de_ancient,24,teamB,11800,11250,1,1,0
s3-r1-m7-m1-de_nuke,1,teamA,4000,3400,0,0,0
s3-r1-m7-m1-de_nuke,1,teamB,4000,3400,0,0,0
s3-r1-m7-m1-de_nuke,2,teamA,11000,0,0,0,0
s3-r1-m7-m1-de_nuke,2,teamB,19600,16500,3,0,2
s3-r1-m7-m1-de_nuke,3,teamA,23300,22750,5,0,0
s3-r1-m7-m1-de_nuke,3,teamB,22200,15650,4,1,0
s3-r1-m7-m1-de_nuke,4,teamA,18300,16500,5,0,0
s3-r1-m7-m1-de_nuke,4,teamB,15750,15400,3,0,1
s3-r1-m7-m1-de_nuke,5,teamA,15500,1600,0,0,0
s3-r1-m7-m1-de_nuke,5,teamB,21500,15950,4,0,1
s3-r1-m7-m1-de_nuke,6,teamA,25400,23500,5,0,0
s3-r1-m7-m1-de_nuke,6,teamB,24550,8650,4,1,0
s3-r1-m7-m1-de_nuke,7,teamA,16700,8050,1,0,0
s3-r1-m7-m1-de_nuke,7,teamB,34900,8600,4,1,0
s3-r1-m7-m1-de_nuke,8,teamA,25350,25000,4,1,0
s3-r1-m7-m1-de_nuke,8,teamB,45100,3700,4,1,0
s3-r1-m7-m1-de_nuke,9,teamA,18050,8650,0,0,1
s3-r1-m7-m1-de_nuke,9,teamB,60400,19000,4,1,0
s3-r1-m7-m1-de_nuke,10,teamA,25700,24800,4,1,0
s3-r1-m7-m1-de_nuke,10,teamB,59250,5450,4,1,0
s3-r1-m7-m1-de_nuke,11,teamA,18750,14100,4,1,0
s3-r1-m7-m1-de_nuke,11,teamB,61500,30150,4,1,0
s3-r1-m7-m1-de_nuke,12,teamA,22300,13900,4,1,0
s3-r1-m7-m1-de_nuke,12,teamB,41750,32350,4,1,0
s3-r1-m7-m1-de_nuke,13,teamA,4000,3400,0,0,0
s3-r1-m7-m1-de_nuke,13,teamB,4000,3400,0,0,0
s3-r1-m7-m1-de_nuke,14,teamA,19600,19250,3,0,2
s3-r1-m7-m1-de_nuke,14,teamB,11000,700,0,0,0
s3-r1-m7-m1-de_nuke,15,teamA,19950,10150,3,0,1
s3-r1-m7-m1-de_nuke,15,teamB,22900,21800,5,0,0
s3-r1-m7-m1-de_nuke,16,teamA,26200,15250,4,1,0
s3-r1-m7-m1-de_nuke,16,teamB,16200,8300,0,0,1
s3-r1-m7-m1-de_nuke,17,teamA,29150,13500,4,1,0
s3-r1-m7-m1-de_nuke,17,teamB,24250,22700,5,0,0
s3-r1-m7-m1-de_nuke,18,teamA,24800,21700,4,1,0
s3-r1-m7-m1-de_nuke,18,teamB,20550,18950,4,0,1
s3-r1-m7-m1-de_nuke,19,teamA,20800,5100,4,1,0
s3-r1-m7-m1-de_nuke,19,teamB,10300,7950,4,0,0
s3-r1-m7-m1-de_nuke,20,teamA,22000,18700,5,0,0
s3-r1-m7-m1-de_nuke,20,teamB,19550,10200,4,1,0
s3-r1-m7-m1-de_nuke,21,teamA,23850,17700,4,1,0
s3-r1-m7-m1-de_nuke,21,teamB,25550,22050,4,0,1
s3-r1-m7-m1-de_nuke,22,teamA,14050,13000,3,1,1
s3-r1-m7-m1-de_nuke,22,teamB,22200,12500,5,0,0
s3-r1-m7-m1-de_nuke,23,teamA,11150,9800,0,1,3
s3-r1-m7-m1-de_nuke,23,teamB,28400,13850,5,0,0
s3-r1-m7-m2-de_anubis,1,teamA,4000,3350,0,0,0
s3-r1-m7-m2-de_anubis,1,teamB,4000,3400,0,0,0
s3-r1-m7-m2-de_anubis,2,teamA,13750,13350,4,0,0
s3-r1-m7-m2-de_anubis,2,teamB,21150,19050,4,0,1
s3-r1-m7-m2-de_anubis,3,teamA,12700,1600,0,0,0
s3-r1-m7-m2-de_anubis,3,teamB,21100,10450,4,0,1
s3-r1-m7-m2-de_anubis,4,teamA,25400,23800,5,0,0
s3-r1-m7-m2-de_anubis,4,teamB,29750,10350,4,1,0
s3-r1-m7-m2-de_anubis,5,teamA,22800,13400,3,0,0
s3-r1-m7-m2-de_anubis,5,teamB,39550,21050,3,2,0
s3-r1-m7-m2-de_anubis,6,teamA,26300,24950,4,1,0
s3-r1-m7-m2-de_anubis,6,teamB,37100,9400,3,2,0
s3-r1-m7-m2-de_anubis,7,teamA,19750,9000,4,1,0
s3-r1-m7-m2-de_anubis,7,teamB,34850,13300,4,1,0
s3-r1-m7-m2-de_anubis,8,teamA,29050,12800,4,1,0
s3-r1-m7-m2-de_anubis,8,teamB,31950,18200,4,1,0
s3-r1-m7-m2-de_anubis,9,teamA,34750,16750,4,1,0
s3-r1-m7-m2-de_anubis,9,teamB,27300,19000,3,2,0
s3-r1-m7-m2-de_anubis,10,teamA,31700,25650,4,1,0
s3-r1-m7-m2-de_anubis,10,teamB,28250,23300,4,1,0
s3-r1-m7-m2-de_anubis,11,teamA,23400,8200,4,1,0
s3-r1-m7-m2-de_anubis,11,teamB,15000,6500,1,0,1
s3-r1-m7-m2-de_anubis,12,teamA,33900,9900,4,1,0
s3-r1-m7-m2-de_anubis,12,teamB,20850,20550,5,0,0
s3-r1-m7-m2-de_anubis,13,teamA,4000,3400,0,0,0
s3-r1-m7-m2-de_anubis,13,teamB,4000,3350,0,0,0
s3-r1-m7-m2-de_anubis,14,teamA,10650,8200,1,0,0
s3-r1-m7-m2-de_anubis,14,teamB,19350,18950,4,0,1
s3-r1-m7-m2-de_anubis,15,teamA,12350,1600,0,0,1
s3-r1-m7-m2-de_anubis,15,teamB,18500,6350,4,0,1
s3-r1-m7-m2-de_anubis,16,teamA,25800,24750,5,0,0
s3-r1-m7-m2-de_anubis,16,teamB,30500,8000,5,0,0
s3-r1-m7-m2-de_anubis,17,teamA,20050,6650,5,0,0
s3-r1-m7-m2-de_anubis,17,teamB,29500,24300,3,1,1
s3-r1-m7-m2-de_anubis,18,teamA,25950,25150,4,1,0
s3-r1-m7-m2-de_anubis,18,teamB,22550,8900,4,1,0
s3-r1-m7-m2-de_anubis,19,teamA,15300,9150,4,1,0
s3-r1-m7-m2-de_anubis,19,teamB,31750,4800,4,1,0
s3-r1-m7-m2-de_anubis,20,teamA,23500,22100,4,1,0
s3-r1-m7-m2-de_anubis,20,teamB,45750,8950,4,1,0
s3-r1-m8-m1-de_dust2,1,teamA,4000,3450,0,0,0
s3-r1-m8-m1-de_dust2,1,teamB,4000,3550,0,0,0
s3-r1-m8-m1-de_dust2,2,teamA,18600,18150,4,0,1
s3-r1-m8-m1-de_dust2,2,teamB,11600,9600,0,0,0
s3-r1-m8-m1-de_dust2,3,teamA,20050,5000,4,0,1
s3-r1-m8-m1-de_dust2,3,teamB,13200,2300,0,0,0
s3-r1-m8-m1-de_dust2,4,teamA,34150,10250,3,1,0
s3-r1-m8-m1-de_dust2,4,teamB,25950,25250,4,1,0
s3-r1-m8-m1-de_dust2,5,teamA,42400,14050,4,1,0
s3-r1-m8-m1-de_dust2,5,teamB,18400,14300,3,1,1
s3-r1-m8-m1-de_dust2,6,teamA,45900,11900,4,1,0
s3-r1-m8-m1-de_dust2,6,teamB,22300,13050,1,0,2
s3-r1-m8-m1-de_dust2,7,teamA,51850,7000,4,1,0
s3-r1-m8-m1-de_dust2,7,teamB,27100,26650,3,2,0
s3-r1-m8-m1-de_dust2,8,teamA,61700,21300,4,1,0
s3-r1-m8-m1-de_dust2,8,teamB,19250,8600,0,0,1
s3-r1-m8-m1-de_dust2,9,teamA,59400,9300,4,1,0
s3-r1-m8-m1-de_dust2,9,teamB,27550,22450,4,1,0
s3-r1-m8-m1-de_dust2,10,teamA,67550,18350,2,2,0
s3-r1-m8-m1-de_dust2,10,teamB,23000,12500,0,1,1
s3-r1-m8-m1-de_dust2,11,teamA,67700,9950,4,1,0
s3-r1-m8-m1-de_dust2,11,teamB,25950,21350,4,1,0
s3-r1-m8-m1-de_dust2,12,teamA,62750,27050,3,2,0
s3-r1-m8-m1-de_dust2,12,teamB,22850,21850,4,1,0
s3-r1-m8-m1-de_dust2,13,teamA,4000,3550,0,0,0
s3-r1-m8-m1-de_dust2,13,teamB,4000,3350,0,0,0
s3-r1-m8-m1-de_dust2,14,teamA,19450,19000,2,0,3
s3-r1-m8-m1-de_dust2,14,teamB,11050,10700,1,0,0
s3-r1-m8-m2-de_anubis,1,teamA,4000,3450,0,0,0
s3-r1-m8-m2-de_anubis,1,teamB,4000,3550,0,0,0
s3-r1-m8-m2-de_anubis,2,teamA,14550,13600,2,0,0
s3-r1-m8-m2-de_anubis,2,teamB,21000,20550,4,0,1
s3-r1-m8-m2-de_anubis,3,teamA,13250,3550,0,0,0
s3-r1-m8-m2-de_anubis,3,teamB,20050,8500,5,0,0
s3-r1-m8-m2-de_anubis,4,teamA,27450,18500,5,0,0
s3-r1-m8-m2-de_anubis,4,teamB,20200,17300,2,1,1
s3-r1-m8-m2-de_anubis,5,teamA,26800,18850,4,0,1
s3-r1-m8-m2-de_anubis,5,teamB,12150,1150,0,0,0
s3-r1-m8-m2-de_anubis,6,teamA,26950,18250,4,1,0
s3-r1-m8-m2-de_anubis,6,teamB,23950,20700,5,0,0
s3-r1-m8-m2-de_anubis,7,teamA,27300,16900,4,1,0
s3-r1-m8-m2-de_anubis,7,teamB,19400,9450,2,0,1
s3-r1-m8-m2-de_anubis,8,teamA,29100,13100,4,1,0
s3-r1-m8-m2-de_anubis,8,teamB,28350,22500,4,1,0
s3-r1-m8-m2-de_anubis,9,teamA,34050,16200,4,1,0
s3-r1-m8-m2-de_anubis,9,teamB,24300,16650,2,1,1
s3-r1-m8-m2-de_anubis,10,teamA,25550,22250,4,0,1
s3-r1-m8-m2-de_anubis,10,teamB,26050,18650,4,1,0
s3-r1-m8-m2-de_anubis,11,teamA,22000,13300,5,0,0
s3-r1-m8-m2-de_anubis,11,teamB,23000,17700,4,1,0
s3-r1-m8-m2-de_anubis,12,teamA,26550,15850,4,1,0
s3-r1-m8-m2-de_anubis,12,teamB,22500,22450,4,1,0
s3-r1-m8-m2-de_anubis,13,teamA,4000,3400,0,0,0
s3-r1-m8-m2-de_anubis,13,teamB,4000,3350,0,0,0
s3-r1-m8-m2-de_anubis,14,teamA,10650,700,0,0,0
s3-r1-m8-m2-de_anubis,14,teamB,19650,17850,4,0,1
s3-r1-m8-m2-de_anubis,15,teamA,22500,22150,4,0,1
s3-r1-m8-m2-de_anubis,15,teamB,19550,7200,4,0,1
s3-r1-m8-m2-de_anubis,16,teamA,16250,7600,1,0,2
s3-r1-m8-m2-de_anubis,16,teamB,31350,15250,4,1,0
s3-r1-m8-m2-de_anubis,17,teamA,27400,26900,4,1,0
s3-r1-m8-m2-de_anubis,17,teamB,23200,21250,4,1,0
s3-r1-m8-m2-de_anubis,18,teamA,13200,1200,0,0,0
s3-r1-m8-m2-de_anubis,18,teamB,19500,12500,4,1,0
s3-r1-m8-m2-de_anubis,19,teamA,26250,25600,3,2,0
s3-r1-m8-m2-de_anubis,19,teamB,24750,12000,4,1,0
s3-r1-m8-m2-de_anubis,20,teamA,19450,13750,3,2,0
s3-r1-m8-m2-de_anubis,20,teamB,19950,19650,4,0,1
s3-r1-m8-m2-de_anubis,21,teamA,26050,16850,4,1,0
s3-r1-m8-m2-de_anubis,21,teamB,14000,13600,1,0,1
s3-r2-l1-m1-de_mirage,1,teamA,4000,3450,0,0,0
s3-r2-l1-m1-de_mirage,1,teamB,4000,3400,0,0,0
s3-r2-l1-m1-de_mirage,2,teamA,10650,0,0,0,0
s3-r2-l1-m1-de_mirage,2,teamB,19600,16000,2,0,2
s3-r2-l1-m1-de_mirage,3,teamA,22250,22100,5,0,0
s3-r2-l1-m1-de_mirage,3,teamB,22600,13650,3,1,1
s3-r2-l1-m1-de_mirage,4,teamA,12350,4650,1,0,0
s3-r2-l1-m1-de_mirage,4,teamB,27200,14500,4,1,0
s3-r2-l1-m1-de_mirage,5,teamA,25000,24050,4,1,0
s3-r2-l1-m1-de_mirage,5,teamB,31300,9200,4,1,0
s3-r2-l1-m1-de_mirage,6,teamA,11450,6900,1,1,0
s3-r2-l1-m1-de_mirage,6,teamB,40000,10800,4,1,0
s3-r2-l1-m1-de_mirage,7,teamA,21750,21100,5,0,0
s3-r2-l1-m1-de_mirage,7,teamB,47800,14400,4,1,0
s3-r2-l1-m1-de_mirage,8,teamA,14550,7300,1,0,1
s3-r2-l1-m1-de_mirage,8,teamB,51250,8800,4,1,0
s3-r2-l1-m1-de_mirage,9,teamA,26250,15750,4,1,0
s3-r2-l1-m1-de_mirage,9,teamB,50550,22400,4,1,0
s3-r2-l1-m1-de_mirage,10,teamA,25400,23850,3,1,0
s3-r2-l1-m1-de_mirage,10,teamB,46550,14200,4,1,0
s3-r2-l1-m1-de_mirage,11,teamA,8450,8300,3,1,0
s3-r2-l1-m1-de_mirage,11,teamB,49700,10800,4,1,0
s3-r2-l1-m1-de_mirage,12,teamA,17700,14000,4,1,0
s3-r2-l1-m1-de_mirage,12,teamB,46250,35400,3,2,0
s3-r2-l1-m1-de_mirage,13,teamA,4000,3250,0,0,0
s3-r2-l1-m1-de_mirage,13,teamB,4000,3400,0,0,0
s3-r2-l1-m1-de_mirage,14,teamA,19750,17350,3,0,2
s3-r2-l1-m1-de_mirage,14,teamB,10700,1600,0,0,0
s3-r2-l1-m1-de_mirage,15,teamA,22300,16650,4,1,0
s3-r2-l1-m1-de_mirage,15,teamB,22600,21600,5,0,0
s3-r2-l1-m1-de_mirage,16,teamA,14450,13850,2,0,1
s3-r2-l1-m1-de_mirage,16,teamB,19050,16550,4,0,1
s3-r2-l1-m1-de_mirage,17,teamA,19900,14150,4,0,1
s3-r2-l1-m1-de_mirage,17,teamB,12300,1400,0,0,0
s3-r2-l1-m1-de_mirage,18,teamA,24350,14550,4,1,0
s3-r2-l1-m1-de_mirage,18,teamB,23200,22500,5,0,0
s3-r2-l1-m1-de_mirage,19,teamA,28600,17800,4,1,0
s3-r2-l1-m1-de_mirage,19,teamB,16100,5500,0,0,0
s3-r2-l1-m1-de_mirage,20,teamA,29800,3400,4,1,0
s3-r2-l1-m1-de_mirage,20,teamB,25150,24100,4,1,0
s3-r2-l1-m1-de_mirage,21,teamA,34500,29450,4,1,0
s3-r2-l1-m1-de_mirage,21,teamB,18900,11950,4,1,0
s3-r2-l1-m1-de_mirage,22,teamA,24050,5600,4,1,0
s3-r2-l1-m1-de_mirage,22,teamB,21450,20850,3,1,1
s3-r2-l1-m1-de_mirage,23,teamA,37250,9600,4,1,0
s3-r2-l1-m1-de_mirage,23,teamB,17900,7500,0,0,0
s3-r2-l1-m1-de_mirage,24,teamA,45650,25700,4,1,0
s3-r2-l1-m1-de_mirage,24,teamB,27600,25450,4,1,0
s3-r2-l1-m2-de_overpass,1,teamA,4000,2650,0,0,0
s3-r2-l1-m2-de_overpass,1,teamB,4000,3400,0,0,0
s3-r2-l1-m2-de_overpass,2,teamA,18750,17050,1,0,4
s3-r2-l1-m2-de_overpass,2,teamB,11200,200,0,0,0
s3-r2-l1-m2-de_overpass,3,teamA,20950,5700,2,0,3
s3-r2-l1-m2-de_overpass,3,teamB,23550,23450,5,0,0
s3-r2-l1-m2-de_overpass,4,teamA,33900,7900,5,0,0
s3-r2-l1-m2-de_overpass,4,teamB,15150,5800,0,0,0
s3-r2-l1-m2-de_overpass,5,teamA,45000,2100,5,0,0
s3-r2-l1-m2-de_overpass,5,teamB,26350,25550,4,1,0
s3-r2-l1-m2-de_overpass,6,teamA,50800,26250,4,1,0
s3-r2-l1-m2-de_overpass,6,teamB,19800,17800,4,1,0
s3-r2-l1-m2-de_overpass,7,teamA,41900,16900,4,1,0
s3-r2-l1-m2-de_overpass,7,teamB,18150,7900,0,0,2
s3-r2-l1-m2-de_overpass,8,teamA,42850,18450,4,1,0
s3-r2-l1-m2-de_overpass,8,teamB,28900,27650,4,1,0
s3-r2-l1-m2-de_overpass,9,teamA,31800,26150,4,1,0
s3-r2-l1-m2-de_overpass,9,teamB,19850,14750,4,1,0
s3-r2-l1-m2-de_overpass,10,teamA,23700,9200,4,1,0
s3-r2-l1-m2-de_overpass,10,teamB,19950,14200,1,1,2
s3-r2-l1-m2-de_overpass,11,teamA,32250,10800,4,1,0
s3-r2-l1-m2-de_overpass,11,teamB,23450,21750,4,0,1
s3-r2-l1-m2-de_overpass,12,teamA,39500,22450,4,1,0
s3-r2-l1-m2-de_overpass,12,teamB,21250,21050,5,0,0
s3-r2-l1-m2-de_overpass,13,teamA,4000,3300,0,0,0
s3-r2-l1-m2-de_overpass,13,teamB,4000,3400,0,0,0
s3-r2-l1-m2-de_overpass,14,teamA,19700,17500,2,0,3
s3-r2-l1-m2-de_overpass,14,teamB,11000,1400,0,0,0
s3-r2-l1-m2-de_overpass,15,teamA,21600,13300,4,0,1
s3-r2-l1-m2-de_overpass,15,teamB,22900,22400,5,0,0
s3-r2-l1-m2-de_overpass,16,teamA,25950,22500,4,1,0
s3-r2-l1-m2-de_overpass,16,teamB,7800,7500,4,0,0
s3-r2-l2-m1-de_mirage,1,teamA,4000,3350,0,0,0
s3-r2-l2-m1-de_mirage,1,teamB,4000,3300,0,0,0
s3-r2-l2-m1-de_mirage,2,teamA,19350,18650,5,0,0
s3-r2-l2-m1-de_mirage,2,teamB,10200,9450,0,0,0
s3-r2-l2-m1-de_mirage,3,teamA,8900,6500,0,0,0
s3-r2-l2-m1-de_mirage,3,teamB,19750,16900,3,0,2
s3-r2-l2-m1-de_mirage,4,teamA,14350,1400,1,0,0
s3-r2-l2-m1-de_mirage,4,teamB,21900,15650,3,1,1
s3-r2-l2-m1-de_mirage,5,teamA,29800,19650,4,0,1
s3-r2-l2-m1-de_mirage,5,teamB,15250,15000,1,1,0
s3-r2-l2-m1-de_mirage,6,teamA,16350,16100,2,1,1
s3-r2-l2-m1-de_mirage,6,teamB,18500,11250,4,1,0
s3-r2-l2-m1-de_mirage,7,teamA,9750,0,0,0,0
s3-r2-l2-m1-de_mirage,7,teamB,25850,3500,4,1,0
s3-r2-l2-m1-de_mirage,8,teamA,21700,20900,5,0,0
s3-r2-l2-m1-de_mirage,8,teamB,40650,3900,4,1,0
s3-r2-l2-m1-de_mirage,9,teamA,15900,4500,0,0,0
s3-r2-l2-m1-de_mirage,9,teamB,55550,14800,4,1,0
s3-r2-l2-m1-de_mirage,10,teamA,29550,26250,4,1,0
s3-r2-l2-m1-de_mirage,10,teamB,61300,10650,3,2,0
s3-r2-l2-m1-de_mirage,11,teamA,17200,9300,2,1,0
s3-r2-l2-m1-de_mirage,11,teamB,67500,13700,4,1,0
s3-r2-l2-m1-de_mirage,12,teamA,21900,20100,5,0,0
s3-r2-l2-m1-de_mirage,12,teamB,70000,18400,3,1,0
s3-r2-l2-m1-de_mirage,13,teamA,4000,3400,0,0,0
s3-r2-l2-m1-de_mirage,13,teamB,4000,2700,0,0,0
s3-r2-l2-m1-de_mirage,14,teamA,19600,17550,4,0,1
s3-r2-l2-m1-de_mirage,14,teamB,11050,300,0,0,0
s3-r2-l2-m1-de_mirage,15,teamA,21750,7250,4,0,1
s3-r2-l2-m1-de_mirage,15,teamB,22250,21900,5,0,0
s3-r2-l2-m1-de_mirage,16,teamA,32700,11550,4,1,0
s3-r2-l2-m1-de_mirage,16,teamB,9250,5400,2,0,0
s3-r2-l2-m1-de_mirage,17,teamA,39600,20450,3,2,0
s3-r2-l2-m1-de_mirage,17,teamB,17950,17600,5,0,0
s3-r2-l2-m1-de_mirage,18,teamA,39500,14900,4,1,0
s3-r2-l2-m1-de_mirage,18,teamB,21250,20100,5,0,0
s3-r2-l2-m1-de_mirage,19,teamA,33800,28700,4,1,0
s3-r2-l2-m1-de_mirage,19,teamB,18800,16500,4,0,0
s3-r2-l2-m1-de_mirage,20,teamA,16800,16550,4,0,0
s3-r2-l2-m1-de_mirage,20,teamB,20050,14550,3,0,1
s3-r2-l2-m2-de_ancient,1,teamA,4000,3550,0,0,0
s3-r2-l2-m2-de_ancient,1,teamB,4000,3450,0,0,0
s3-r2-l2-m2-de_ancient,2,teamA,19450,18850,4,0,1
s3-r2-l2-m2-de_ancient,2,teamB,10600,10100,1,0,0
s3-r2-l2-m2-de_ancient,3,teamA,11200,0,0,0,0
s3-r2-l2-m2-de_ancient,3,teamB,21050,11850,5,0,0
s3-r2-l2-m2-de_ancient,4,teamA,20400,19100,4,0,0
s3-r2-l2-m2-de_ancient,4,teamB,28200,3700,5,0,0
s3-r2-l2-m2-de_ancient,5,teamA,17200,9050,0,0,0
s3-r2-l2-m2-de_ancient,5,teamB,45050,15750,4,1,0
s3-r2-l2-m2-de_ancient,6,teamA,22950,22700,5,0,0
s3-r2-l2-m2-de_ancient,6,teamB,48300,10600,4,1,0
s3-r2-l2-m2-de_ancient,7,teamA,21450,19900,4,0,0
s3-r2-l2-m2-de_ancient,7,teamB,58000,19100,4,1,0
s3-r2-l2-m2-de_ancient,8,teamA,19450,12400,1,0,0
s3-r2-l2-m2-de_ancient,8,teamB,57700,20350,4,1,0
s3-r2-l2-m2-de_ancient,9,teamA,24900,13400,4,1,0
s3-r2-l2-m2-de_ancient,9,teamB,45250,28700,4,1,0
s3-r2-l2-m2-de_ancient,10,teamA,29050,12900,4,1,0
s3-r2-l2-m2-de_ancient,10,teamB,26750,23950,5,0,0
s3-r2-l2-m2-de_ancient,11,teamA,31750,26650,4,1,0
s3-r2-l2-m2-de_ancient,11,teamB,22950,14150,4,1,0
s3-r2-l2-m2-de_ancient,12,teamA,23600,14550,4,1,0
s3-r2-l2-m2-de_ancient,12,teamB,16700,16350,3,0,1
s3-r2-l2-m2-de_ancient,13,teamA,4000,3400,0,0,0
s3-r2-l2-m2-de_ancient,13,teamB,4000,3350,0,0,0
s3-r2-l2-m2-de_ancient,14,teamA,12550,12300,1,0,2
s3-r2-l2-m2-de_ancient,14,teamB,19650,17900,3,0,2
s3-r2-l2-m2-de_ancient,15,teamA,20450,16550,4,0,1
s3-r2-l2-m2-de_ancient,15,teamB,9850,8100,0,0,0
s3-r2-l2-m2-de_ancient,16,teamA,22500,4500,4,0,1
s3-r2-l2-m2-de_ancient,16,teamB,10400,0,0,0,0
s3-r2-l2-m2-de_ancient,17,teamA,37000,10350,3,1,1
s3-r2-l2-m2-de_ancient,17,teamB,22400,22000,5,0,0
s3-r2-l2-m2-de_ancient,18,teamA,34900,28350,4,1,0
s3-r2-l2-m2-de_ancient,18,teamB,18450,15200,4,1,0
s3-r2-l2-m2-de_ancient,19,teamA,24800,21450,4,1,0
s3-r2-l2-m2-de_ancient,19,teamB,12050,2300,1,0,0
s3-r2-l2-m2-de_ancient,20,teamA,22350,11300,4,1,0
s3-r2-l2-m2-de_ancient,20,teamB,21850,19300,4,0,0
s3-r2-l2-m2-de_ancient,21,teamA,18750,18500,3,0,2
s3-r2-l2-m2-de_ancient,21,teamB,18300,12300,4,1,0
s3-r2-l2-m2-de_ancient,22,teamA,9750,9100,4,0,1
s3-r2-l2-m2-de_ancient,22,teamB,24000,6150,4,1,0
s3-r2-l2-m3-de_inferno,1,teamA,4000,3550,0,0,0
s3-r2-l2-m3-de_inferno,1,teamB,4000,3400,0,0,0
s3-r2-l2-m3-de_inferno,2,teamA,18550,18200,4,0,1
s3-r2-l2-m3-de_inferno,2,teamB,11750,9750,0,0,1
s3-r2-l2-m3-de_inferno,3,teamA,19050,3400,4,0,1
s3-r2-l2-m3-de_inferno,3,teamB,12900,1600,0,0,0
s3-r2-l2-m3-de_inferno,4,teamA,33700,15300,5,0,0
s3-r2-l2-m3-de_inferno,4,teamB,27450,27050,4,1,0
s3-r2-l2-m3-de_inferno,5,teamA,37100,7500,4,1,0
s3-r2-l2-m3-de_inferno,5,teamB,17950,13450,4,0,0
s3-r2-l2-m3-de_inferno,6,teamA,48100,26450,4,1,0
s3-r2-l2-m3-de_inferno,6,teamB,24250,21850,4,1,0
s3-r2-l2-m3-de_inferno,7,teamA,39950,9200,4,1,0
s3-r2-l2-m3-de_inferno,7,teamB,19950,13000,4,1,0
s3-r2-l2-m3-de_inferno,8,teamA,36550,19700,4,1,0
s3-r2-l2-m3-de_inferno,8,teamB,24900,17850,4,1,0
s3-r2-l2-m3-de_inferno,9,teamA,35250,8700,4,1,0
s3-r2-l2-m3-de_inferno,9,teamB,22100,12400,4,1,0
s3-r2-l2-m3-de_inferno,10,teamA,44450,26550,4,1,0
s3-r2-l2-m3-de_inferno,10,teamB,29450,27550,4,0,0
s3-r2-l2-m3-de_inferno,11,teamA,38200,4900,4,1,0
s3-r2-l2-m3-de_inferno,11,teamB,18900,18800,4,0,1
s3-r2-l2-m3-de_inferno,12,teamA,50950,14100,4,1,0
s3-r2-l2-m3-de_inferno,12,teamB,18200,17300,4,0,1
s3-r2-l2-m3-de_inferno,13,teamA,4000,3300,0,0,0
s3-r2-l2-m3-de_inferno,13,teamB,4000,3400,0,0,0
s3-r2-l2-m3-de_inferno,14,teamA,21250,20000,4,0,1
s3-r2-l2-m3-de_inferno,14,teamB,14000,13700,2,0,0
s3-r2-l2-m3-de_inferno,15,teamA,9900,9250,0,0,1
s3-r2-l2-m3-de_inferno,15,teamB,18050,15450,4,0,1
s3-r2-l2-m3-de_inferno,16,teamA,11550,0,0,0,0
s3-r2-l2-m3-de_inferno,16,teamB,20650,14200,5,0,0
s3-r2-l2-m3-de_inferno,17,teamA,24650,21700,5,0,0
s3-r2-l2-m3-de_inferno,17,teamB,25150,15450,4,1,0
s3-r2-l2-m3-de_inferno,18,teamA,19100,11000,0,1,1
s3-r2-l2-m3-de_inferno,18,teamB,28600,16300,4,1,0
s3-r2-l3-m1-de_overpass,1,teamA,4000,3350,0,0,0
s3-r2-l3-m1-de_overpass,1,teamB,4000,3550,0,0,0
s3-r2-l3-m1-de_overpass,2,teamA,11350,9850,0,0,0
s3-r2-l3-m1-de_overpass,2,teamB,19450,18350,3,0,2
s3-r2-l3-m1-de_overpass,3,teamA,13050,2900,0,0,0
s3-r2-l3-m1-de_overpass,3,teamB,20700,13900,4,0,1
s3-r2-l3-m1-de_overpass,4,teamA,24950,24000,5,0,0
s3-r2-l3-m1-de_overpass,4,teamB,25600,11800,4,1,0
s3-r2-l3-m1-de_overpass,5,teamA,19950,8200,5,0,0
s3-r2-l3-m1-de_overpass,5,teamB,21150,20550,4,1,0
s3-r2-l3-m1-de_overpass,6,teamA,29500,21350,4,1,0
s3-r2-l3-m1-de_overpass,6,teamB,12100,0,0,0,0
s3-r2-l3-m1-de_overpass,7,teamA,25900,7000,4,1,0
s3-r2-l3-m1-de_overpass,7,teamB,24650,24100,5,0,0
s3-r2-l3-m1-de_overpass,8,teamA,37300,8100,4,1,0
s3-r2-l3-m1-de_overpass,8,teamB,15400,3750,3,0,0
s3-r2-l3-m1-de_overpass,9,teamA,47050,12750,4,1,0
s3-r2-l3-m1-de_overpass,9,teamB,29450,27200,4,1,0
s3-r2-l3-m1-de_overpass,10,teamA,41600,26450,4,1,0
s3-r2-l3-m1-de_overpass,10,teamB,21050,12550,4,1,0
s3-r2-l3-m1-de_overpass,11,teamA,33100,12700,4,1,0
s3-r2-l3-m1-de_overpass,11,teamB,23900,23300,5,0,0
s3-r2-l3-m1-de_overpass,12,teamA,37850,19450,4,1,0
s3-r2-l3-m1-de_overpass,12,teamB,19250,19100,5,0,0
s3-r2-l3-m1-de_overpass,13,teamA,4000,3300,0,0,0
s3-r2-l3-m1-de_overpass,13,teamB,4000,3400,0,0,0
s3-r2-l3-m1-de_overpass,14,teamA,11300,10100,1,0,1
s3-r2-l3-m1-de_overpass,14,teamB,18650,17950,5,0,0
s3-r2-l3-m1-de_overpass,15,teamA,20200,13800,4,0,1
s3-r2-l3-m1-de_overpass,15,teamB,7800,7650,0,0,0
s3-r2-l3-m1-de_overpass,16,teamA,25200,6400,4,0,1
s3-r2-l3-m1-de_overpass,16,teamB,9650,0,0,0,0
s3-r2-l3-m1-de_overpass,17,teamA,38100,9600,4,1,0
s3-r2-l3-m1-de_overpass,17,teamB,21950,21700,5,0,0
s3-r2-l3-m1-de_overpass,18,teamA,46900,15700,4,1,0
s3-r2-l3-m1-de_overpass,18,teamB,15350,14450,1,0,1
s3-r2-l3-m2-de_ancient,1,teamA,4000,3350,0,0,0
s3-r2-l3-m2-de_ancient,1,teamB,4000,3250,0,0,0
s3-r2-l3-m2-de_ancient,2,teamA,14050,13400,2,0,1
s3-r2-l3-m2-de_ancient,2,teamB,21300,21000,4,0,1
s3-r2-l3-m2-de_ancient,3,teamA,19950,13100,5,0,0
s3-r2-l3-m2-de_ancient,3,teamB,8400,8000,0,0,0
s3-r2-l3-m2-de_ancient,4,teamA,24700,19050,4,0,1
s3-r2-l3-m2-de_ancient,4,teamB,12100,1900,0,0,0
s3-r2-l3-m2-de_ancient,5,teamA,24650,13100,5,0,0
s3-r2-l3-m2-de_ancient,5,teamB,23300,20000,4,0,1
s3-r2-l3-m2-de_ancient,6,teamA,29100,8850,5,0,0
s3-r2-l3-m2-de_ancient,6,teamB,18150,8650,0,0,0
s3-r2-l3-m2-de_ancient,7,teamA,39250,10150,5,0,0
s3-r2-l3-m2-de_ancient,7,teamB,27050,25900,4,1,0
s3-r2-l3-m2-de_ancient,8,teamA,36200,24600,5,0,0
s3-r2-l3-m2-de_ancient,8,teamB,19950,9550,4,1,0
s3-r2-l3-m2-de_ancient,9,teamA,21400,9900,2,0,0
s3-r2-l3-m2-de_ancient,9,teamB,29200,9450,4,1,0
s3-r2-l3-m2-de_ancient,10,teamA,23600,22350,5,0,0
s3-r2-l3-m2-de_ancient,10,teamB,38750,17150,4,1,0
s3-r2-l3-m2-de_ancient,11,teamA,19300,13250,5,0,0
s3-r2-l3-m2-de_ancient,11,teamB,32000,26950,4,1,0
s3-r2-l3-m2-de_ancient,12,teamA,24100,17300,4,1,0
s3-r2-l3-m2-de_ancient,12,teamB,18700,18400,3,0,0
s3-r2-l3-m2-de_ancient,13,teamA,4000,3400,0,0,0
s3-r2-l3-m2-de_ancient,13,teamB,4000,3350,0,0,0
s3-r2-l3-m2-de_ancient,14,teamA,11750,10550,0,0,2
s3-r2-l3-m2-de_ancient,14,teamB,18700,17300,2,0,3
s3-r2-l3-m2-de_ancient,15,teamA,20000,13850,3,0,2
s3-r2-l3-m2-de_ancient,15,teamB,7900,7550,0,0,0
s3-r2-l3-m2-de_ancient,16,teamA,26800,12900,5,0,0
s3-r2-l3-m2-de_ancient,16,teamB,14050,6100,1,0,0
s3-r2-l3-m2-de_ancient,17,teamA,32700,11350,4,1,0
s3-r2-l3-m2-de_ancient,17,teamB,20450,20050,4,0,0
s3-r2-l3-m2-de_ancient,18,teamA,39950,10000,4,1,0
s3-r2-l3-m2-de_ancient,18,teamB,15200,9000,0,0,0
s3-r2-l3-m2-de_ancient,19,teamA,48950,13850,4,1,0
s3-r2-l3-m2-de_ancient,19,teamB,23800,23500,5,0,0
s3-r2-l3-m3-de_mirage,1,teamA,4000,3400,0,0,0
s3-r2-l3-m3-de_mirage,1,teamB,4000,3400,0,0,0
s3-r2-l3-m3-de_mirage,2,teamA,18650,18000,5,0,0
s3-r2-l3-m3-de_mirage,2,teamB,11750,10950,0,0,2
s3-r2-l3-m3-de_mirage,3,teamA,6950,6300,1,0,0
s3-r2-l3-m3-de_mirage,3,teamB,19250,16500,5,0,0
s3-r2-l3-m3-de_mirage,4,teamA,19050,8750,5,0,0
s3-r2-l3-m3-de_mirage,4,teamB,9750,8350,3,0,0
s3-r2-l3-m3-de_mirage,5,teamA,28450,20400,5,0,0
s3-r2-l3-m3-de_mirage,5,teamB,13100,2200,0,0,0
s3-r2-l3-m3-de_mirage,6,teamA,26100,7600,5,0,0
s3-r2-l3-m3-de_mirage,6,teamB,23450,23000,4,1,0
s3-r2-l3-m3-de_mirage,7,teamA,36250,16400,4,1,0
s3-r2-l3-m3-de_mirage,7,teamB,16600,4800,0,0,0
s3-r2-l3-m3-de_mirage,8,teamA,37600,12900,4,1,0
s3-r2-l3-m3-de_mirage,8,teamB,29900,27600,4,1,0
s3-r2-l3-m3-de_mirage,9,teamA,30200,19300,4,1,0
s3-r2-l3-m3-de_mirage,9,teamB,20750,11050,4,1,0
s3-r2-l3-m3-de_mirage,10,teamA,28950,20100,5,0,0
s3-r2-l3-m3-de_mirage,10,teamB,26000,25500,3,1,1
s3-r2-l3-m3-de_mirage,11,teamA,16150,5150,0,0,0
s3-r2-l3-m3-de_mirage,11,teamB,19800,12700,4,1,0
s3-r2-l3-m3-de_mirage,12,teamA,20300,19700,5,0,0
s3-r2-l3-m3-de_mirage,12,teamB,25700,12600,4,1,0
s3-r2-l3-m3-de_mirage,13,teamA,4000,3250,0,0,0
s3-r2-l3-m3-de_mirage,13,teamB,4000,3350,0,0,0
s3-r2-l3-m3-de_mirage,14,teamA,19750,19100,4,0,1
s3-r2-l3-m3-de_mirage,14,teamB,10750,9850,1,0,0
s3-r2-l3-m3-de_mirage,15,teamA,8450,8000,1,0,1
s3-r2-l3-m3-de_mirage,15,teamB,19600,14300,5,0,0
s3-r2-l3-m3-de_mirage,16,teamA,9950,500,0,0,1
s3-r2-l3-m3-de_mirage,16,teamB,23400,4800,5,0,0
s3-r2-l3-m3-de_mirage,17,teamA,21450,21050,5,0,0
s3-r2-l3-m3-de_mirage,17,teamB,36650,6050,5,0,0
s3-r2-l3-m3-de_mirage,18,teamA,19400,10300,5,0,0
s3-r2-l3-m3-de_mirage,18,teamB,37300,26450,4,1,0
s3-r2-l3-m3-de_mirage,19,teamA,19700,16300,4,1,0
s3-r2-l3-m3-de_mirage,19,teamB,29150,13750,4,1,0
s3-r2-l3-m3-de_mirage,20,teamA,22000,18200,4,1,0
s3-r2-l3-m3-de_mirage,20,teamB,23300,22800,3,1,0
s3-r2-l3-m3-de_mirage,21,teamA,22600,14700,4,1,0
s3-r2-l3-m3-de_mirage,21,teamB,10600,600,0,0,0
s3-r2-l3-m3-de_mirage,22,teamA,26900,6500,4,1,0
s3-r2-l3-m3-de_mirage,22,teamB,19650,18950,4,0,1
s3-r2-l4-m1-de_inferno,1,teamA,4000,3400,0,0,0
s3-r2-l4-m1-de_inferno,1,teamB,4000,3400,0,0,0
s3-r2-l4-m1-de_inferno,2,teamA,10400,8050,0,0,0
s3-r2-l4-m1-de_inferno,2,teamB,19600,19350,3,0,2
s3-r2-l4-m1-de_inferno,3,teamA,19150,17700,3,0,2
s3-r2-l4-m1-de_inferno,3,teamB,11500,9700,1,0,0
s3-r2-l4-m1-de_inferno,4,teamA,13050,12750,0,0,3
s3-r2-l4-m1-de_inferno,4,teamB,21350,19500,4,0,1
s3-r2-l4-m1-de_inferno,5,teamA,9700,0,0,0,0
s3-r2-l4-m1-de_inferno,5,teamB,20850,5200,4,0,1
s3-r2-l4-m1-de_inferno,6,teamA,21300,20250,4,0,1
s3-r2-l4-m1-de_inferno,6,teamB,34950,9600,4,0,1
s3-r2-l4-m1-de_inferno,7,teamA,15850,7700,0,0,0
s3-r2-l4-m1-de_inferno,7,teamB,44150,13100,3,1,1
s3-r2-l4-m1-de_inferno,8,teamA,25850,24200,5,0,0
s3-r2-l4-m1-de_inferno,8,teamB,39750,18400,3,1,0
s3-r2-l4-m1-de_inferno,9,teamA,20050,6200,5,0,0
s3-r2-l4-m1-de_inferno,9,teamB,30850,14200,4,1,0
s3-r2-l4-m1-de_inferno,10,teamA,27550,24400,5,0,0
s3-r2-l4-m1-de_inferno,10,teamB,37000,18100,4,1,0
s3-r2-l4-m1-de_inferno,11,teamA,13950,9100,1,0,0
s3-r2-l4-m1-de_inferno,11,teamB,38550,25150,4,1,0
s3-r2-l4-m1-de_inferno,12,teamA,17550,16750,3,0,0
s3-r2-l4-m1-de_inferno,12,teamB,32200,9100,4,1,0
s3-r2-l4-m1-de_inferno,13,teamA,4000,3550,0,0,0
s3-r2-l4-m1-de_inferno,13,teamB,4000,3450,0,0,0
s3-r2-l4-m1-de_inferno,14,teamA,10500,9650,0,0,0
s3-r2-l4-m1-de_inferno,14,teamB,19550,18650,3,0,2
s3-r2-l4-m1-de_inferno,15,teamA,12850,9550,0,0,2
s3-r2-l4-m1-de_inferno,15,teamB,19900,3500,3,0,2
s3-r2-l4-m1-de_inferno,16,teamA,18700,18150,3,0,2
s3-r2-l4-m1-de_inferno,16,teamB,35000,12400,5,0,0
s3-r2-l4-m1-de_inferno,17,teamA,20450,14600,5,0,0
s3-r2-l4-m1-de_inferno,17,teamB,30200,24000,5,0,0
s3-r2-l4-m2-de_ancient,1,teamA,4000,3400,0,0,0
s3-r2-l4-m2-de_ancient,1,teamB,4000,3400,0,0,0
s3-r2-l4-m2-de_ancient,2,teamA,18650,17900,4,0,1
s3-r2-l4-m2-de_ancient,2,teamB,11200,8700,0,0,0
s3-r2-l4-m2-de_ancient,3,teamA,18550,5200,4,0,1
s3-r2-l4-m2-de_ancient,3,teamB,13000,2100,0,0,0
s3-r2-l4-m2-de_ancient,4,teamA,32150,16600,5,0,0
s3-r2-l4-m2-de_ancient,4,teamB,27050,25600,4,1,0
s3-r2-l4-m2-de_ancient,5,teamA,34350,16300,4,1,0
s3-r2-l4-m2-de_ancient,5,teamB,19800,17450,4,0,0
s3-r2-l4-m2-de_ancient,6,teamA,25450,23900,4,1,0
s3-r2-l4-m2-de_ancient,6,teamB,21150,14550,4,1,0
s3-r2-l4-m2-de_ancient,7,teamA,11350,1000,0,0,0
s3-r2-l4-m2-de_ancient,7,teamB,25200,11900,4,1,0
s3-r2-l4-m2-de_ancient,8,teamA,26550,24300,5,0,0
s3-r2-l4-m2-de_ancient,8,teamB,33650,19200,4,1,0
s3-r2-l4-m2-de_ancient,9,teamA,20650,11250,2,0,0
s3-r2-l4-m2-de_ancient,9,teamB,34600,20750,4,1,0
s3-r2-l4-m2-de_ancient,10,teamA,26100,25150,4,1,0
s3-r2-l4-m2-de_ancient,10,teamB,32650,5000,4,1,0
s3-r2-l4-m2-de_ancient,11,teamA,19550,13200,4,1,0
s3-r2-l4-m2-de_ancient,11,teamB,35350,28350,4,1,0
s3-r2-l4-m2-de_ancient,12,teamA,18250,17250,4,1,0
s3-r2-l4-m2-de_ancient,12,teamB,25250,13900,4,1,0
s3-r2-l4-m2-de_ancient,13,teamA,4000,3550,0,0,0
s3-r2-l4-m2-de_ancient,13,teamB,4000,3350,0,0,0
s3-r2-l4-m2-de_ancient,14,teamA,21000,20650,4,0,1
s3-r2-l4-m2-de_ancient,14,teamB,14350,13450,3,0,1
s3-r2-l4-m2-de_ancient,15,teamA,21500,10300,5,0,0
s3-r2-l4-m2-de_ancient,15,teamB,16000,6350,0,0,0
s3-r2-l4-m2-de_ancient,16,teamA,30000,5500,5,0,0
s3-r2-l4-m2-de_ancient,16,teamB,24150,23000,5,0,0
s3-r2-l4-m2-de_ancient,17,teamA,33500,27300,4,1,0
s3-r2-l4-m2-de_ancient,17,teamB,19200,16250,3,0,1
s3-r2-l4-m2-de_ancient,18,teamA,25000,14650,4,1,0
s3-r2-l4-m2-de_ancient,18,teamB,15650,7900,1,0,0
s3-r2-l4-m2-de_ancient,19,teamA,30500,17900,4,1,0
s3-r2-l4-m2-de_ancient,19,teamB,26450,24400,4,1,0
s3-r2-l4-m2-de_ancient,20,teamA,22150,19850,4,1,0
s3-r2-l4-m2-de_ancient,20,teamB,20650,19950,4,0,1
s3-r2-l4-m2-de_ancient,21,teamA,22650,16050,4,1,0
s3-r2-l4-m2-de_ancient,21,teamB,16900,16100,2,0,2
s3-r2-l4-m2-de_ancient,22,teamA,14850,800,0,0,0
s3-r2-l4-m2-de_ancient,22,teamB,18950,16500,4,1,0
s3-r2-l4-m2-de_ancient,23,teamA,24100,23750,4,1,0
s3-r2-l4-m2-de_ancient,23,teamB,19800,8600,4,1,0
s3-r2-w1-m1-de_nuke,1,teamA,4000,3400,0,0,0
s3-r2-w1-m1-de_nuke,1,teamB,4000,3600,0,0,0
s3-r2-w1-m1-de_nuke,2,teamA,10700,500,0,0,0
s3-r2-w1-m1-de_nuke,2,teamB,19400,17750,1,0,4
s3-r2-w1-m1-de_nuke,3,teamA,22500,22300,5,0,0
s3-r2-w1-m1-de_nuke,3,teamB,22150,8100,2,0,3
s3-r2-w1-m1-de_nuke,4,teamA,19200,9550,0,0,1
s3-r2-w1-m1-de_nuke,4,teamB,35500,23100,5,0,0
s3-r2-w1-m1-de_nuke,5,teamA,30100,26250,4,1,0
s3-r2-w1-m1-de_nuke,5,teamB,32950,17850,5,0,0
s3-r2-w1-m1-de_nuke,6,teamA,22550,11900,4,1,0
s3-r2-w1-m1-de_nuke,6,teamB,23200,20500,3,1,1
s3-r2-w1-m1-de_nuke,7,teamA,29450,19800,5,0,0
s3-r2-w1-m1-de_nuke,7,teamB,14000,3050,0,1,0
s3-r2-w1-m1-de_nuke,8,teamA,21650,20100,5,0,0
s3-r2-w1-m1-de_nuke,8,teamB,28900,11400,4,1,0
s3-r2-w1-m1-de_nuke,9,teamA,16650,9400,0,0,0
s3-r2-w1-m1-de_nuke,9,teamB,36500,12300,3,1,1
s3-r2-w1-m1-de_nuke,10,teamA,25750,16300,4,1,0
s3-r2-w1-m1-de_nuke,10,teamB,32300,19600,4,1,0
s3-r2-w1-m1-de_nuke,11,teamA,27850,5350,4,1,0
s3-r2-w1-m1-de_nuke,11,teamB,22200,14200,3,2,0
s3-r2-w1-m1-de_nuke,12,teamA,35600,25100,5,0,0
s3-r2-w1-m1-de_nuke,12,teamB,27950,15550,3,2,0
s3-r2-w1-m1-de_nuke,13,teamA,4000,3400,0,0,0
s3-r2-w1-m1-de_nuke,13,teamB,4000,3550,0,0,0
s3-r2-w1-m1-de_nuke,14,teamA,10650,9750,1,0,1
s3-r2-w1-m1-de_nuke,14,teamB,19450,18950,5,0,0
s3-r2-w1-m1-de_nuke,15,teamA,14500,3250,0,0,0
s3-r2-w1-m1-de_nuke,15,teamB,18550,16100,5,0,0
s3-r2-w1-m1-de_nuke,16,teamA,26550,26050,4,1,0
s3-r2-w1-m1-de_nuke,16,teamB,20500,11400,5,0,0
s3-r2-w1-m1-de_nuke,17,teamA,19300,19050,4,0,1
s3-r2-w1-m1-de_nuke,17,teamB,27150,19100,4,0,1
s3-r2-w1-m1-de_nuke,18,teamA,19550,16500,4,0,1
s3-r2-w1-m1-de_nuke,18,teamB,15950,15300,2,0,0
s3-r2-w1-m2-de_inferno,1,teamA,4000,3400,0,0,0
s3-r2-w1-m2-de_inferno,1,teamB,4000,3550,0,0,0
s3-r2-w1-m2-de_inferno,2,teamA,18650,17850,2,0,2
s3-r2-w1-m2-de_inferno,2,teamB,11600,10400,0,0,2
s3-r2-w1-m2-de_inferno,3,teamA,7900,7700,1,0,0
s3-r2-w1-m2-de_inferno,3,teamB,20550,19250,3,0,2
s3-r2-w1-m2-de_inferno,4,teamA,9700,0,0,0,0
s3-r2-w1-m2-de_inferno,4,teamB,20600,5000,4,0,1
s3-r2-w1-m2-de_inferno,5,teamA,25900,24400,5,0,0
s3-r2-w1-m2-de_inferno,5,teamB,36450,23700,4,1,0
s3-r2-w1-m2-de_inferno,6,teamA,20200,19250,4,0,0
s3-r2-w1-m2-de_inferno,6,teamB,33300,18200,4,1,0
s3-r2-w1-m2-de_inferno,7,teamA,14550,9300,1,0,0
s3-r2-w1-m2-de_inferno,7,teamB,32950,7450,4,1,0
s3-r2-w1-m2-de_inferno,8,teamA,26550,23500,5,0,0
s3-r2-w1-m2-de_inferno,8,teamB,45850,24200,4,1,0
s3-r2-w1-m2-de_inferno,9,teamA,16650,15400,4,0,0
s3-r2-w1-m2-de_inferno,9,teamB,38750,5800,4,1,0
s3-r2-w1-m2-de_inferno,10,teamA,18850,18100,4,0,0
s3-r2-w1-m2-de_inferno,10,teamB,51350,15250,4,1,0
s3-r2-w1-m2-de_inferno,11,teamA,19750,15300,5,0,0
s3-r2-w1-m2-de_inferno,11,teamB,44450,25250,4,1,0
s3-r2-w1-m2-de_inferno,12,teamA,19550,18550,2,1,0
s3-r2-w1-m2-de_inferno,12,teamB,38000,20050,4,1,0
s3-r2-w1-m2-de_inferno,13,teamA,4000,3550,0,0,0
s3-r2-w1-m2-de_inferno,13,teamB,4000,3450,0,0,0
s3-r2-w1-m2-de_inferno,14,teamA,11050,10250,0,0,1
s3-r2-w1-m2-de_inferno,14,teamB,18600,17800,3,0,2
s3-r2-w1-m2-de_inferno,15,teamA,13450,12900,1,0,4
s3-r2-w1-m2-de_inferno,15,teamB,18900,9850,4,0,1
s3-r2-w1-m2-de_inferno,16,teamA,21400,18700,5,0,0
s3-r2-w1-m2-de_inferno,16,teamB,20250,19600,4,0,0
s3-r2-w1-m2-de_inferno,17,teamA,23250,21650,5,0,0
s3-r2-w1-m2-de_inferno,17,teamB,14650,3500,0,0,0
s3-r2-w1-m2-de_inferno,18,teamA,20400,14150,4,1,0
s3-r2-w1-m2-de_inferno,18,teamB,23450,22800,5,0,0
s3-r2-w1-m3-de_overpass,1,teamA,4000,3550,0,0,0
s3-r2-w1-m3-de_overpass,1,teamB,4000,3550,0,0,0
s3-r2-w1-m3-de_overpass,2,teamA,10550,0,0,0,0
s3-r2-w1-m3-de_overpass,2,teamB,19450,18100,3,0,2
s3-r2-w1-m3-de_overpass,3,teamA,22550,22200,5,0,0
s3-r2-w1-m3-de_overpass,3,teamB,20350,5300,3,0,2
s3-r2-w1-m3-de_overpass,4,teamA,19050,9650,1,0,0
s3-r2-w1-m3-de_overpass,4,teamB,35600,21650,4,1,0
s3-r2-w1-m3-de_overpass,5,teamA,30600,26350,4,1,0
s3-r2-w1-m3-de_overpass,5,teamB,34100,18400,4,1,0
s3-r2-w1-m3-de_overpass,6,teamA,21250,21100,5,0,0
s3-r2-w1-m3-de_overpass,6,teamB,33900,6000,4,1,0
s3-r2-w1-m3-de_overpass,7,teamA,17150,8200,0,0,0
s3-r2-w1-m3-de_overpass,7,teamB,46900,5200,4,1,0
s3-r2-w1-m3-de_overpass,8,teamA,27650,23200,4,1,0
s3-r2-w1-m3-de_overpass,8,teamB,50350,19300,4,1,0
s3-r2-w1-m3-de_overpass,9,teamA,19850,10300,1,0,0
s3-r2-w1-m3-de_overpass,9,teamB,49650,22300,4,1,0
s3-r2-w1-m3-de_overpass,10,teamA,26650,25950,4,1,0
s3-r2-w1-m3-de_overpass,10,teamB,46150,15300,4,1,0
s3-r2-w1-m3-de_overpass,11,teamA,18350,15300,5,0,0
s3-r2-w1-m3-de_overpass,11,teamB,39500,29450,4,1,0
s3-r2-w1-m3-de_overpass,12,teamA,18450,17600,3,0,0
s3-r2-w1-m3-de_overpass,12,teamB,28650,22750,4,1,0
s3-r2-w1-m3-de_overpass,13,teamA,4000,3550,0,0,0
s3-r2-w1-m3-de_overpass,13,teamB,4000,3450,0,0,0
s3-r2-w1-m3-de_overpass,14,teamA,21000,20800,3,1,1
s3-r2-w1-m3-de_overpass,14,teamB,14250,13600,2,0,0
s3-r2-w1-m3-de_overpass,15,teamA,8550,8200,2,0,0
s3-r2-w1-m3-de_overpass,15,teamB,19650,15900,4,1,0
s3-r2-w1-m3-de_overpass,16,teamA,18800,17500,4,0,1
s3-r2-w1-m3-de_overpass,16,teamB,10050,9900,2,1,0
s3-r2-w1-m3-de_overpass,17,teamA,20300,14350,3,1,1
s3-r2-w1-m3-de_overpass,17,teamB,10050,0,0,0,0
s3-r2-w1-m3-de_overpass,18,teamA,25250,16050,3,1,1
s3-r2-w1-m3-de_overpass,18,teamB,22450,21600,5,0,0
s3-r2-w1-m3-de_overpass,19,teamA,16200,11550,4,1,0
s3-r2-w1-m3-de_overpass,19,teamB,19250,5700,5,0,0
s3-r2-w1-m3-de_overpass,20,teamA,23450,18000,4,1,0
s3-r2-w1-m3-de_overpass,20,teamB,23950,23000,5,0,0
s3-r2-w2-m1-de_nuke,1,teamA,4000,3450,0,0,0
s3-r2-w2-m1-de_nuke,1,teamB,4000,3400,0,0,0
s3-r2-w2-m1-de_nuke,2,teamA,19550,17650,3,0,1
s3-r2-w2-m1-de_nuke,2,teamB,10650,9650,0,0,0
s3-r2-w2-m1-de_nuke,3,teamA,9800,0,0,0,0
s3-r2-w2-m1-de_nuke,3,teamB,20000,17550,4,0,1
s3-r2-w2-m1-de_nuke,4,teamA,19600,18300,3,0,2
s3-r2-w2-m1-de_nuke,4,teamB,22350,10300,5,0,0
s3-r2-w2-m1-de_nuke,5,teamA,13900,4750,0,0,0
s3-r2-w2-m1-de_nuke,5,teamB,31050,13900,5,0,0
s3-r2-w2-m1-de_nuke,6,teamA,23650,22800,5,0,0
s3-r2-w2-m1-de_nuke,6,teamB,36150,5300,5,0,0
s3-r2-w2-m1-de_nuke,7,teamA,19250,9300,5,0,0
s3-r2-w2-m1-de_nuke,7,teamB,38400,19950,4,1,0
s3-r2-w2-m1-de_nuke,8,teamA,19850,17800,4,0,0
s3-r2-w2-m1-de_nuke,8,teamB,36700,9800,4,1,0
s3-r2-w2-m1-de_nuke,9,teamA,20100,12800,5,0,0
s3-r2-w2-m1-de_nuke,9,teamB,35000,28300,4,1,0
s3-r2-w2-m1-de_nuke,10,teamA,17700,7600,1,0,0
s3-r2-w2-m1-de_nuke,10,teamB,25300,19950,4,1,0
s3-r2-w2-m1-de_nuke,11,teamA,26000,23900,5,0,0
s3-r2-w2-m1-de_nuke,11,teamB,25500,17300,4,1,0
s3-r2-w2-m1-de_nuke,12,teamA,20500,10400,5,0,0
s3-r2-w2-m1-de_nuke,12,teamB,15750,13350,4,1,0
s3-r2-w2-m1-de_nuke,13,teamA,4000,3400,0,0,0
s3-r2-w2-m1-de_nuke,13,teamB,4000,3450,0,0,0
s3-r2-w2-m1-de_nuke,14,teamA,11200,10450,0,0,1
s3-r2-w2-m1-de_nuke,14,teamB,18600,17300,2,0,3
s3-r2-w2-m1-de_nuke,15,teamA,13000,3550,0,0,0
s3-r2-w2-m1-de_nuke,15,teamB,20300,9300,3,0,2
s3-r2-w2-m1-de_nuke,16,teamA,22850,22500,4,1,0
s3-r2-w2-m1-de_nuke,16,teamB,29650,3700,3,0,2
s3-r2-w2-m1-de_nuke,17,teamA,19350,18150,3,1,1
s3-r2-w2-m1-de_nuke,17,teamB,34750,26350,4,1,0
s3-r2-w2-m1-de_nuke,18,teamA,19800,7750,3,1,1
s3-r2-w2-m1-de_nuke,18,teamB,17900,17500,3,0,2
s3-r2-w2-m1-de_nuke,19,teamA,31350,14300,4,1,0
s3-r2-w2-m1-de_nuke,19,teamB,13000,3800,0,0,0
s3-r2-w2-m1-de_nuke,20,teamA,35850,14400,4,1,0
s3-r2-w2-m1-de_nuke,20,teamB,24300,21650,4,0,1
s3-r2-w2-m1-de_nuke,21,teamA,41800,25150,4,1,0
s3-r2-w2-m1-de_nuke,21,teamB,24450,23750,4,1,0
s3-r2-w2-m1-de_nuke,22,teamA,35650,4700,5,0,0
s3-r2-w2-m1-de_nuke,22,teamB,17700,9550,0,0,0
s3-r2-w2-m1-de_nuke,23,teamA,49950,15250,4,1,0
s3-r2-w2-m1-de_nuke,23,teamB,25450,24100,5,0,0
s3-r2-w2-m1-de_nuke,24,teamA,53500,12500,5,0,0
s3-r2-w2-m1-de_nuke,24,teamB,18350,17750,5,0,0
s3-r2-w2-m2-de_ancient,1,teamA,4000,3350,0,0,0
s3-r2-w2-m2-de_ancient,1,teamB,4000,3300,0,0,0
s3-r2-w2-m2-de_ancient,2,teamA,13750,1900,0,0,0
s3-r2-w2-m2-de_ancient,2,teamB,21250,20700,4,0,1
s3-r2-w2-m2-de_ancient,3,teamA,23850,23300,4,1,0
s3-r2-w2-m2-de_ancient,3,teamB,20450,5800,4,0,1
s3-r2-w2-m2-de_ancient,4,teamA,18400,15700,5,0,0
s3-r2-w2-m2-de_ancient,4,teamB,23000,22700,4,1,0
s3-r2-w2-m2-de_ancient,5,teamA,16400,7900,1,0,0
s3-r2-w2-m2-de_ancient,5,teamB,20650,16000,3,1,1
s3-r2-w2-m2-de_ancient,6,teamA,20500,19900,4,0,0
s3-r2-w2-m2-de_ancient,6,teamB,22950,4000,3,1,1
s3-r2-w2-m2-de_ancient,7,teamA,15400,6900,0,0,0
s3-r2-w2-m2-de_ancient,7,teamB,37650,10400,4,1,0
s3-r2-w2-m2-de_ancient,8,teamA,25900,25000,4,1,0
s3-r2-w2-m2-de_ancient,8,teamB,45750,13200,4,1,0
s3-r2-w2-m2-de_ancient,9,teamA,22100,21700,5,0,0
s3-r2-w2-m2-de_ancient,9,teamB,52700,24950,4,1,0
s3-r2-w2-m2-de_ancient,10,teamA,19400,9300,5,0,0
s3-r2-w2-m2-de_ancient,10,teamB,35300,21500,4,1,0
s3-r2-w2-m2-de_ancient,11,teamA,24100,22850,3,1,0
s3-r2-w2-m2-de_ancient,11,teamB,32200,9400,4,1,0
s3-r2-w2-m2-de_ancient,12,teamA,19100,17050,3,1,1
s3-r2-w2-m2-de_ancient,12,teamB,31250,28900,3,1,1
s3-r2-w2-m2-de_ancient,13,teamA,4000,3400,0,0,0
s3-r2-w2-m2-de_ancient,13,teamB,4000,3450,0,0,0
s3-r2-w2-m2-de_ancient,14,teamA,19600,19350,3,0,2
s3-r2-w2-m2-de_ancient,14,teamB,10350,300,0,0,0
s3-r2-w2-m2-de_ancient,15,teamA,19250,6000,3,0,2
s3-r2-w2-m2-de_ancient,15,teamB,22050,19950,4,0,1
s3-r2-w2-m2-de_ancient,16,teamA,32850,18600,5,0,0
s3-r2-w2-m2-de_ancient,16,teamB,17500,6900,0,0,0
s3-r2-w2-m2-de_ancient,17,teamA,33050,4900,5,0,0
s3-r2-w2-m2-de_ancient,17,teamB,27200,25650,4,1,0
s3-r2-w2-m2-de_ancient,18,teamA,48400,23200,4,1,0
s3-r2-w2-m2-de_ancient,18,teamB,23050,22300,5,0,0
s3-r2-w2-m2-de_ancient,19,teamA,32450,23000,4,1,0
s3-r2-w2-m2-de_ancient,19,teamB,19750,8300,4,1,0
s3-r2-w2-m2-de_ancient,20,teamA,18550,18450,2,1,1
s3-r2-w2-m2-de_ancient,20,teamB,29000,5200,4,1,0
s3-r2-w2-m2-de_ancient,21,teamA,20050,15850,4,1,0
s3-r2-w2-m2-de_ancient,21,teamB,39300,24100,5,0,0
s3-r2-w2-m2-de_ancient,22,teamA,12850,12550,1,0,2
s3-r2-w2-m2-de_ancient,22,teamB,33050,17700,4,1,0
s3-r2-w2-m2-de_ancient,23,teamA,19900,16700,3,1,1
s3-r2-w2-m2-de_ancient,23,teamB,25450,23750,3,1,0
s3-r2-w3-m1-de_inferno,1,teamA,4000,3450,0,0,0
s3-r2-w3-m1-de_inferno,1,teamB,4000,3300,0,0,0
s3-r2-w3-m1-de_inferno,2,teamA,10650,0,0,0,0
s3-r2-w3-m1-de_inferno,2,teamB,19700,17650,3,0,2
s3-r2-w3-m1-de_inferno,3,teamA,22950,22500,5,0,0
s3-r2-w3-m1-de_inferno,3,teamB,19750,9700,4,0,1
s3-r2-w3-m1-de_inferno,4,teamA,12350,6900,0,0,0
s3-r2-w3-m1-de_inferno,4,teamB,28800,8800,5,0,0
s3-r2-w3-m1-de_inferno,5,teamA,22750,22600,5,0,0
s3-r2-w3-m1-de_inferno,5,teamB,39000,8600,5,0,0
s3-r2-w3-m1-de_inferno,6,teamA,21050,20600,5,0,0
s3-r2-w3-m1-de_inferno,6,teamB,50950,16250,4,1,0
s3-r2-w3-m1-de_inferno,7,teamA,14350,8600,1,0,0
s3-r2-w3-m1-de_inferno,7,teamB,52550,9800,4,1,0
s3-r2-w3-m1-de_inferno,8,teamA,24150,22800,5,0,0
s3-r2-w3-m1-de_inferno,8,teamB,51300,15950,4,1,0
s3-r2-w3-m1-de_inferno,9,teamA,9950,5050,2,0,0
s3-r2-w3-m1-de_inferno,9,teamB,50350,5800,4,1,0
s3-r2-w3-m1-de_inferno,10,teamA,22350,17050,4,1,0
s3-r2-w3-m1-de_inferno,10,teamB,52450,27850,4,1,0
s3-r2-w3-m1-de_inferno,11,teamA,24100,9600,4,1,0
s3-r2-w3-m1-de_inferno,11,teamB,33950,22400,4,1,0
s3-r2-w3-m1-de_inferno,12,teamA,22400,21100,4,1,0
s3-r2-w3-m1-de_inferno,12,teamB,29800,14900,4,1,0
s3-r2-w3-m1-de_inferno,13,teamA,4000,3400,0,0,0
s3-r2-w3-m1-de_inferno,13,teamB,4000,3450,0,0,0
s3-r2-w3-m1-de_inferno,14,teamA,21150,20500,3,0,2
s3-r2-w3-m1-de_inferno,14,teamB,14250,12950,3,0,0
s3-r2-w3-m1-de_inferno,15,teamA,10700,10450,2,0,2
s3-r2-w3-m1-de_inferno,15,teamB,20000,19000,3,0,2
s3-r2-w3-m1-de_inferno,16,teamA,11700,700,0,0,0
s3-r2-w3-m1-de_inferno,16,teamB,19950,14750,4,0,1
s3-r2-w3-m1-de_inferno,17,teamA,24500,24150,5,0,0
s3-r2-w3-m1-de_inferno,17,teamB,23350,11600,5,0,0
s3-r2-w3-m2-de_mirage,1,teamA,4000,3350,0,0,0
s3-r2-w3-m2-de_mirage,1,teamB,4000,3300,0,0,0
s3-r2-w3-m2-de_mirage,2,teamA,14050,9750,2,0,0
s3-r2-w3-m2-de_mirage,2,teamB,21250,21000,5,0,0
s3-r2-w3-m2-de_mirage,3,teamA,14200,3800,0,0,0
s3-r2-w3-m2-de_mirage,3,teamB,19250,11950,4,0,1
s3-r2-w3-m2-de_mirage,4,teamA,24900,23600,5,0,0
s3-r2-w3-m2-de_mirage,4,teamB,26300,9550,4,1,0
s3-r2-w3-m2-de_mirage,5,teamA,18900,7750,1,0,0
s3-r2-w3-m2-de_mirage,5,teamB,35750,13400,4,1,0
s3-r2-w3-m2-de_mirage,6,teamA,25050,10050,4,1,0
s3-r2-w3-m2-de_mirage,6,teamB,29700,25400,4,1,0
s3-r2-w3-m2-de_mirage,7,teamA,27300,20500,4,1,0
s3-r2-w3-m2-de_mirage,7,teamB,21650,15700,3,1,1
s3-r2-w3-m2-de_mirage,8,teamA,25400,16100,4,1,0
s3-r2-w3-m2-de_mirage,8,teamB,14900,1250,0,1,0
s3-r2-w3-m2-de_mirage,9,teamA,16500,13950,3,1,1
s3-r2-w3-m2-de_mirage,9,teamB,29850,13750,4,1,0
s3-r2-w3-m2-de_mirage,10,teamA,17050,8350,0,0,0
s3-r2-w3-m2-de_mirage,10,teamB,34900,5000,4,1,0
s3-r2-w3-m2-de_mirage,11,teamA,29100,25200,4,1,0
s3-r2-w3-m2-de_mirage,11,teamB,50050,19650,4,1,0
s3-r2-w3-m2-de_mirage,12,teamA,17400,16000,4,0,0
s3-r2-w3-m2-de_mirage,12,teamB,48450,23800,4,1,0
s3-r2-w3-m2-de_mirage,13,teamA,4000,3450,0,0,0
s3-r2-w3-m2-de_mirage,13,teamB,4000,3350,0,0,0
s3-r2-w3-m2-de_mirage,14,teamA,11700,11450,1,0,3
s3-r2-w3-m2-de_mirage,14,teamB,19650,19050,4,0,1
s3-r2-w3-m2-de_mirage,15,teamA,19850,11100,5,0,0
s3-r2-w3-m2-de_mirage,15,teamB,7900,7550,1,0,0
s3-r2-w3-m2-de_mirage,16,teamA,27850,11550,4,1,0
s3-r2-w3-m2-de_mirage,16,teamB,10150,0,0,0,0
s3-r2-w3-m2-de_mirage,17,teamA,35300,11350,4,1,0
s3-r2-w3-m2-de_mirage,17,teamB,22750,22100,5,0,0
s3-r2-w3-m2-de_mirage,18,teamA,42200,18400,4,1,0
s3-r2-w3-m2-de_mirage,18,teamB,13150,7100,2,0,0
s3-r2-w3-m2-de_mirage,19,teamA,31700,28900,4,1,0
s3-r2-w3-m2-de_mirage,19,teamB,23700,15350,4,1,0
s3-r2-w3-m2-de_mirage,20,teamA,21050,9100,3,1,0
s3-r2-w3-m2-de_mirage,20,teamB,17950,16600,5,0,0
s3-r2-w3-m2-de_mirage,21,teamA,30550,10650,3,1,0
s3-r2-w3-m2-de_mirage,21,teamB,16150,7550,1,0,0
s3-r2-w3-m2-de_mirage,22,teamA,38900,12300,4,1,0
s3-r2-w3-m2-de_mirage,22,teamB,24800,23850,4,1,0
s3-r2-w3-m3-de_dust2,1,teamA,4000,3350,0,0,0
s3-r2-w3-m3-de_dust2,1,teamB,4000,3400,0,0,0
s3-r2-w3-m3-de_dust2,2,teamA,10450,0,0,0,0
s3-r2-w3-m3-de_dust2,2,teamB,19600,19200,4,0,1
s3-r2-w3-m3-de_dust2,3,teamA,22150,22000,5,0,0
s3-r2-w3-m3-de_dust2,3,teamB,19400,5300,4,0,1
s3-r2-w3-m3-de_dust2,4,teamA,15850,6950,0,0,0
s3-r2-w3-m3-de_dust2,4,teamB,33400,24350,4,1,0
s3-r2-w3-m3-de_dust2,5,teamA,25500,24650,4,1,0
s3-r2-w3-m3-de_dust2,5,teamB,27250,10400,4,1,0
s3-r2-w3-m3-de_dust2,6,teamA,19150,9150,4,1,0
s3-r2-w3-m3-de_dust2,6,teamB,24400,20050,4,1,0
s3-r2-w3-m3-de_dust2,7,teamA,28400,9300,4,1,0
s3-r2-w3-m3-de_dust2,7,teamB,14200,12200,3,1,1
s3-r2-w3-m3-de_dust2,8,teamA,36950,19850,4,1,0
s3-r2-w3-m3-de_dust2,8,teamB,15650,5200,0,0,0
s3-r2-w3-m3-de_dust2,9,teamA,34850,6500,4,1,0
s3-r2-w3-m3-de_dust2,9,teamB,25700,24950,4,1,0
s3-r2-w3-m3-de_dust2,10,teamA,46550,8800,4,1,0
s3-r2-w3-m3-de_dust2,10,teamB,18100,12850,4,1,0
s3-r2-w3-m3-de_dust2,11,teamA,48350,26250,4,1,0
s3-r2-w3-m3-de_dust2,11,teamB,25600,15250,4,1,0
s3-r2-w3-m3-de_dust2,12,teamA,40500,7250,4,1,0
s3-r2-w3-m3-de_dust2,12,teamB,24650,21200,4,1,0
s3-r2-w3-m3-de_dust2,13,teamA,4000,3250,0,0,0
s3-r2-w3-m3-de_dust2,13,teamB,4000,3350,0,0,0
s3-r2-w3-m3-de_dust2,14,teamA,11350,10300,0,0,2
s3-r2-w3-m3-de_dust2,14,teamB,18400,17800,4,0,1
s3-r2-w3-m3-de_dust2,15,teamA,20650,19150,4,0,1
s3-r2-w3-m3-de_dust2,15,teamB,7400,7150,0,0,0
s3-r2-w3-m3-de_dust2,16,teamA,22350,16650,4,1,0
s3-r2-w3-m3-de_dust2,16,teamB,13650,1000,0,0,0
s3-r2-w3-m3-de_dust2,17,teamA,24300,12900,4,1,0
s3-r2-w3-m3-de_dust2,17,teamB,24250,22550,3,1,0
s3-r2-w3-m3-de_dust2,18,teamA,19100,18850,2,1,0
s3-r2-w3-m3-de_dust2,18,teamB,18250,12100,4,1,0
s3-r2-w3-m3-de_dust2,19,teamA,18850,14100,4,1,0
s3-r2-w3-m3-de_dust2,19,teamB,16050,7600,0,1,0
s3-r2-w3-m3-de_dust2,20,teamA,23550,12300,4,1,0
s3-r2-w3-m3-de_dust2,20,teamB,19750,19250,4,0,0
s3-r2-w3-m3-de_dust2,21,teamA,18800,16050,3,1,1
s3-r2-w3-m3-de_dust2,21,teamB,19200,7000,4,0,0
s3-r2-w3-m3-de_dust2,22,teamA,21350,18500,4,1,0
s3-r2-w3-m3-de_dust2,22,teamB,22600,21250,4,0,0
s3-r2-w3-m3-de_dust2,23,teamA,11500,0,0,0,0
s3-r2-w3-m3-de_dust2,23,teamB,19200,15700,4,1,0
s3-r2-w3-m3-de_dust2,24,teamA,21550,21250,3,1,1
s3-r2-w3-m3-de_dust2,24,teamB,21050,8450,4,1,0
s3-r2-w4-m1-de_dust2,1,teamA,4000,3450,0,0,0
s3-r2-w4-m1-de_dust2,1,teamB,4000,3400,0,0,0
s3-r2-w4-m1-de_dust2,2,teamA,10050,9700,0,0,0
s3-r2-w4-m1-de_dust2,2,teamB,19600,17400,3,0,2
s3-r2-w4-m1-de_dust2,3,teamA,12550,2500,0,0,0
s3-r2-w4-m1-de_dust2,3,teamB,21500,7250,3,0,2
s3-r2-w4-m1-de_dust2,4,teamA,24850,24450,4,1,0
s3-r2-w4-m1-de_dust2,4,teamB,33650,19250,4,1,0
s3-r2-w4-m1-de_dust2,5,teamA,18100,9500,1,0,0
s3-r2-w4-m1-de_dust2,5,teamB,33200,18500,4,1,0
s3-r2-w4-m1-de_dust2,6,teamA,29000,26150,4,1,0
s3-r2-w4-m1-de_dust2,6,teamB,34650,19800,4,1,0
s3-r2-w4-m1-de_dust2,7,teamA,16750,15700,3,0,0
s3-r2-w4-m1-de_dust2,7,teamB,33650,13600,4,1,0
s3-r2-w4-m1-de_dust2,8,teamA,18200,8200,0,0,0
s3-r2-w4-m1-de_dust2,8,teamB,38850,4900,4,1,0
s3-r2-w4-m1-de_dust2,9,teamA,30350,26850,4,1,0
s3-r2-w4-m1-de_dust2,9,teamB,53700,21250,4,1,0
s3-r2-w4-m1-de_dust2,10,teamA,21550,16300,4,1,0
s3-r2-w4-m1-de_dust2,10,teamB,40700,29850,4,1,0
s3-r2-w4-m1-de_dust2,11,teamA,24050,23450,4,1,0
s3-r2-w4-m1-de_dust2,11,teamB,31400,24850,4,1,0
s3-r2-w4-m1-de_dust2,12,teamA,18800,14400,4,1,0
s3-r2-w4-m1-de_dust2,12,teamB,14650,12350,3,1,1
s3-r2-w4-m1-de_dust2,13,teamA,4000,3300,0,0,0
s3-r2-w4-m1-de_dust2,13,teamB,4000,3400,0,0,0
s3-r2-w4-m1-de_dust2,14,teamA,19700,15200,3,0,1
s3-r2-w4-m1-de_dust2,14,teamB,10700,1700,0,0,0
s3-r2-w4-m1-de_dust2,15,teamA,22200,12400,4,1,0
s3-r2-w4-m1-de_dust2,15,teamB,20300,19700,4,0,1
s3-r2-w4-m1-de_dust2,16,teamA,28400,10300,4,1,0
s3-r2-w4-m1-de_dust2,16,teamB,15400,8850,0,0,1
s3-r2-w4-m1-de_dust2,17,teamA,36700,7800,4,1,0
s3-r2-w4-m1-de_dust2,17,teamB,23550,23200,5,0,0
s3-r2-w4-m1-de_dust2,18,teamA,46800,6400,4,1,0
s3-r2-w4-m1-de_dust2,18,teamB,10550,0,2,0,0
s3-r2-w4-m1-de_dust2,19,teamA,59000,15850,4,1,0
s3-r2-w4-m1-de_dust2,19,teamB,22600,22150,4,1,0
s3-r2-w4-m1-de_dust2,20,teamA,50500,25150,4,1,0
s3-r2-w4-m1-de_dust2,20,teamB,19450,8400,4,1,0
s3-r2-w4-m1-de_dust2,21,teamA,35400,31300,3,2,0
s3-r2-w4-m1-de_dust2,21,teamB,28900,9300,4,1,0
s3-r2-w4-m1-de_dust2,22,teamA,24250,18800,4,1,0
s3-r2-w4-m1-de_dust2,22,teamB,35800,26250,4,1,0
s3-r2-w4-m2-de_anubis,1,teamA,4000,3350,0,0,0
s3-r2-w4-m2-de_anubis,1,teamB,4000,3400,0,0,0
s3-r2-w4-m2-de_anubis,2,teamA,18400,18050,4,0,1
s3-r2-w4-m2-de_anubis,2,teamB,11750,300,0,0,0
s3-r2-w4-m2-de_anubis,3,teamA,18400,3300,4,0,1
s3-r2-w4-m2-de_anubis,3,teamB,23450,22850,4,1,0
s3-r2-w4-m2-de_anubis,4,teamA,33800,5400,5,0,0
s3-r2-w4-m2-de_anubis,4,teamB,15100,12100,4,1,0
s3-r2-w4-m2-de_anubis,5,teamA,46150,17300,4,1,0
s3-r2-w4-m2-de_anubis,5,teamB,21650,12800,1,0,4
s3-r2-w4-m2-de_anubis,6,teamA,47650,6200,3,1,0
s3-r2-w4-m2-de_anubis,6,teamB,26400,23750,4,1,0
s3-r2-w4-m2-de_anubis,7,teamA,56400,20900,4,1,0
s3-r2-w4-m2-de_anubis,7,teamB,21650,19250,5,0,0
s3-r2-w4-m2-de_anubis,8,teamA,54000,12100,4,1,0
s3-r2-w4-m2-de_anubis,8,teamB,18450,10650,3,0,2
s3-r2-w4-m2-de_anubis,9,teamA,59650,23450,4,1,0
s3-r2-w4-m2-de_anubis,9,teamB,26600,16650,4,1,0
s3-r2-w4-m2-de_anubis,10,teamA,47000,27150,4,1,0
s3-r2-w4-m2-de_anubis,10,teamB,30300,19100,4,1,0
s3-r2-w4-m2-de_anubis,11,teamA,38450,13200,4,1,0
s3-r2-w4-m2-de_anubis,11,teamB,26800,22300,4,1,0
s3-r2-w4-m2-de_anubis,12,teamA,32850,28350,4,1,0
s3-r2-w4-m2-de_anubis,12,teamB,23500,15350,4,1,0
s3-r2-w4-m2-de_anubis,13,teamA,4000,3550,0,0,0
s3-r2-w4-m2-de_anubis,13,teamB,4000,3300,0,0,0
s3-r2-w4-m2-de_anubis,14,teamA,21000,20150,3,0,2
s3-r2-w4-m2-de_anubis,14,teamB,14700,14100,1,0,3
s3-r2-w4-m2-de_anubis,15,teamA,20450,11900,4,0,1
s3-r2-w4-m2-de_anubis,15,teamB,13200,12200,1,0,2
s3-r2-w4-m2-de_anubis,16,teamA,15550,14400,1,0,4
s3-r2-w4-m2-de_anubis,16,teamB,18650,9400,5,0,0
s3-r2-w4-m2-de_anubis,17,teamA,10650,600,1,0,3
s3-r2-w4-m2-de_anubis,17,teamB,27350,10550,4,1,0
s3-r2-w4-m3-de_nuke,1,teamA,4000,3450,0,0,0
s3-r2-w4-m3-de_nuke,1,teamB,4000,3400,0,0,0
s3-r2-w4-m3-de_nuke,2,teamA,14250,13850,2,0,1
s3-r2-w4-m3-de_nuke,2,teamB,21150,19950,3,0,2
s3-r2-w4-m3-de_nuke,3,teamA,18450,16200,3,0,2
s3-r2-w4-m3-de_nuke,3,teamB,11000,10700,1,0,0
s3-r2-w4-m3-de_nuke,4,teamA,21250,7900,4,0,1
s3-r2-w4-m3-de_nuke,4,teamB,10350,0,0,0,0
s3-r2-w4-m3-de_nuke,5,teamA,32900,8650,4,1,0
s3-r2-w4-m3-de_nuke,5,teamB,22350,22300,5,0,0
s3-r2-w4-m3-de_nuke,6,teamA,30450,19900,5,0,0
s3-r2-w4-m3-de_nuke,6,teamB,18500,14400,4,1,0
s3-r2-w4-m3-de_nuke,7,teamA,28600,20700,5,0,0
s3-r2-w4-m3-de_nuke,7,teamB,15800,5000,1,0,0
s3-r2-w4-m3-de_nuke,8,teamA,25950,3300,5,0,0
s3-r2-w4-m3-de_nuke,8,teamB,22850,22450,4,1,0
s3-r2-w4-m3-de_nuke,9,teamA,40700,16500,5,0,0
s3-r2-w4-m3-de_nuke,9,teamB,16250,9450,1,0,3
s3-r2-w4-m3-de_nuke,10,teamA,41750,14150,4,1,0
s3-r2-w4-m3-de_nuke,10,teamB,24550,24050,4,1,0
s3-r2-w4-m3-de_nuke,11,teamA,39100,26250,4,1,0
s3-r2-w4-m3-de_nuke,11,teamB,20850,19000,4,1,0
s3-r2-w4-m3-de_nuke,12,teamA,30700,21900,4,1,0
s3-r2-w4-m3-de_nuke,12,teamB,18150,17700,2,0,3
s3-r2-w4-m3-de_nuke,13,teamA,4000,3300,0,0,0
s3-r2-w4-m3-de_nuke,13,teamB,4000,3450,0,0,0
s3-r2-w4-m3-de_nuke,14,teamA,19700,17950,2,0,3
s3-r2-w4-m3-de_nuke,14,teamB,10650,0,0,0,0
s3-r2-w4-m3-de_nuke,15,teamA,21650,15050,3,1,1
s3-r2-w4-m3-de_nuke,15,teamB,22550,22200,5,0,0
s3-r2-w4-m3-de_nuke,16,teamA,15000,10900,3,1,1
s3-r2-w4-m3-de_nuke,16,teamB,18750,12300,5,0,0
s3-r2-w4-m3-de_nuke,17,teamA,22000,6300,4,1,0
s3-r2-w4-m3-de_nuke,17,teamB,11950,10950,4,0,0
s3-r2-w4-m3-de_nuke,18,teamA,23600,22500,3,1,1
s3-r2-w4-m3-de_nuke,18,teamB,19050,12000,5,0,0
s3-r3-a1-m1-de_overpass,1,teamA,4000,3500,0,0,0
s3-r3-a1-m1-de_overpass,1,teamB,4000,3350,0,0,0
s3-r3-a1-m1-de_overpass,2,teamA,18550,18000,3,0,2
s3-r3-a1-m1-de_overpass,2,teamB,10700,0,0,0,0
s3-r3-a1-m1-de_overpass,3,teamA,19200,4200,3,0,2
s3-r3-a1-m1-de_overpass,3,teamB,22700,22150,5,0,0
s3-r3-a1-m1-de_overpass,4,teamA,34300,9200,5,0,0
s3-r3-a1-m1-de_overpass,4,teamB,15400,6550,1,0,0
s3-r3-a1-m1-de_overpass,5,teamA,44400,14650,4,1,0
s3-r3-a1-m1-de_overpass,5,teamB,26950,26150,4,1,0
s3-r3-a1-m1-de_overpass,6,teamA,37650,26250,4,1,0
s3-r3-a1-m1-de_overpass,6,teamB,19400,15150,4,0,1
s3-r3-a1-m1-de_overpass,7,teamA,17200,14800,4,1,0
s3-r3-a1-m1-de_overpass,7,teamB,21050,12150,4,1,0
s3-r3-a1-m1-de_overpass,8,teamA,12600,4100,0,0,0
s3-r3-a1-m1-de_overpass,8,teamB,27700,14400,4,1,0
s3-r3-a1-m1-de_overpass,9,teamA,23700,23200,3,1,0
s3-r3-a1-m1-de_overpass,9,teamB,31900,3100,4,1,0
s3-r3-a1-m1-de_overpass,10,teamA,17900,4750,0,0,0
s3-r3-a1-m1-de_overpass,10,teamB,47400,13400,4,1,0
s3-r3-a1-m1-de_overpass,11,teamA,25950,24200,5,0,0
s3-r3-a1-m1-de_overpass,11,teamB,52800,13400,4,1,0
s3-r3-a1-m1-de_overpass,12,teamA,19800,5800,4,1,0
s3-r3-a1-m1-de_overpass,12,teamB,46200,38300,3,2,0
s3-r3-a1-m1-de_overpass,13,teamA,4000,3400,0,0,0
s3-r3-a1-m1-de_overpass,13,teamB,4000,3550,0,0,0
s3-r3-a1-m1-de_overpass,14,teamA,19600,17900,3,0,2
s3-r3-a1-m1-de_overpass,14,teamB,10250,0,0,0,0
s3-r3-a1-m1-de_overpass,15,teamA,21000,10350,3,1,1
s3-r3-a1-m1-de_overpass,15,teamB,22550,21700,5,0,0
s3-r3-a1-m1-de_overpass,16,teamA,29950,17000,4,1,0
s3-r3-a1-m1-de_overpass,16,teamB,15950,6150,0,0,0
s3-r3-a1-m1-de_overpass,17,teamA,31550,8500,4,1,0
s3-r3-a1-m1-de_overpass,17,teamB,24950,24500,4,1,0
s3-r3-a1-m1-de_overpass,18,teamA,40750,19400,4,1,0
s3-r3-a1-m1-de_overpass,18,teamB,11550,11200,4,1,0
s3-r3-a1-m1-de_overpass,19,teamA,39750,14900,4,1,0
s3-r3-a1-m1-de_overpass,19,teamB,17950,17650,4,0,1
s3-r3-a1-m2-de_dust2,1,teamA,4000,3350,0,0,0
s3-r3-a1-m2-de_dust2,1,teamB,4000,3550,0,0,0
s3-r3-a1-m2-de_dust2,2,teamA,10150,300,0,0,0
s3-r3-a1-m2-de_dust2,2,teamB,19450,16500,2,0,3
s3-r3-a1-m2-de_dust2,3,teamA,25450,24000,5,0,0
s3-r3-a1-m2-de_dust2,3,teamB,24400,14550,3,1,1
s3-r3-a1-m2-de_dust2,4,teamA,20150,19600,5,0,0
s3-r3-a1-m2-de_dust2,4,teamB,30500,19200,4,1,0
s3-r3-a1-m2-de_dust2,5,teamA,18150,7050,0,0,0
s3-r3-a1-m2-de_dust2,5,teamB,30300,15500,4,1,0
s3-r3-a1-m2-de_dust2,6,teamA,27750,25650,4,1,0
s3-r3-a1-m2-de_dust2,6,teamB,33400,10100,4,1,0
s3-r3-a1-m2-de_dust2,7,teamA,20300,9100,4,1,0
s3-r3-a1-m2-de_dust2,7,teamB,30650,15100,4,1,0
s3-r3-a1-m2-de_dust2,8,teamA,25200,23400,4,1,0
s3-r3-a1-m2-de_dust2,8,teamB,34550,8800,4,1,0
s3-r3-a1-m2-de_dust2,9,teamA,19450,13650,3,1,0
s3-r3-a1-m2-de_dust2,9,teamB,33850,28350,4,1,0
s3-r3-a1-m2-de_dust2,10,teamA,23450,17400,4,1,0
s3-r3-a1-m2-de_dust2,10,teamB,16800,4550,0,0,0
s3-r3-a1-m2-de_dust2,11,teamA,22600,4800,4,1,0
s3-r3-a1-m2-de_dust2,11,teamB,23300,23000,4,1,0
s3-r3-a1-m2-de_dust2,12,teamA,29100,26100,4,1,0
s3-r3-a1-m2-de_dust2,12,teamB,20850,19800,3,1,1
s3-r3-a1-m2-de_dust2,13,teamA,4000,3400,0,0,0
s3-r3-a1-m2-de_dust2,13,teamB,4000,3450,0,0,0
s3-r3-a1-m2-de_dust2,14,teamA,10650,500,0,0,0
s3-r3-a1-m2-de_dust2,14,teamB,18600,16850,2,0,3
s3-r3-a1-m2-de_dust2,15,teamA,23250,23150,5,0,0
s3-r3-a1-m2-de_dust2,15,teamB,19700,11400,4,0,1
s3-r3-a1-m2-de_dust2,16,teamA,15700,10650,4,0,1
s3-r3-a1-m2-de_dust2,16,teamB,26700,15250,4,1,0
s3-r3-a1-m2-de_dust2,17,teamA,23150,19700,4,1,0
s3-r3-a1-m2-de_dust2,17,teamB,30150,13200,4,1,0
s3-r3-a1-m2-de_dust2,18,teamA,21900,18850,4,1,0
s3-r3-a1-m2-de_dust2,18,teamB,22750,19100,4,1,0
s3-r3-a1-m2-de_dust2,19,teamA,18650,17600,3,0,1
s3-r3-a1-m2-de_dust2,19,teamB,20800,11300,4,1,0
s3-r3-a2-m1-de_overpass,1,teamA,4000,3350,0,0,0
s3-r3-a2-m1-de_overpass,1,teamB,4000,3550,0,0,0
s3-r3-a2-m1-de_overpass,2,teamA,18700,18300,4,0,1
s3-r3-a2-m1-de_overpass,2,teamB,10500,9250,0,0,1
s3-r3-a2-m1-de_overpass,3,teamA,11600,10500,1,0,0
s3-r3-a2-m1-de_overpass,3,teamB,22200,17150,4,0,1
s3-r3-a2-m1-de_overpass,4,teamA,11200,700,0,0,0
s3-r3-a2-m1-de_overpass,4,teamB,24150,13600,5,0,0
s3-r3-a2-m1-de_overpass,5,teamA,22500,21800,5,0,0
s3-r3-a2-m1-de_overpass,5,teamB,29550,2900,5,0,0
s3-r3-a2-m1-de_overpass,6,teamA,19700,12300,2,0,0
s3-r3-a2-m1-de_overpass,6,teamB,47000,25050,4,1,0
s3-r3-a2-m1-de_overpass,7,teamA,25450,11400,4,1,0
s3-r3-a2-m1-de_overpass,7,teamB,29300,25300,4,1,0
s3-r3-a2-m1-de_overpass,8,teamA,26950,25550,4,1,0
s3-r3-a2-m1-de_overpass,8,teamB,22750,17500,3,1,1
s3-r3-a2-m1-de_overpass,9,teamA,19050,15000,4,1,0
s3-r3-a2-m1-de_overpass,9,teamB,13500,12000,0,0,3
s3-r3-a2-m1-de_overpass,10,teamA,14250,0,0,0,0
s3-r3-a2-m1-de_overpass,10,teamB,21200,19650,4,0,1
s3-r3-a2-m1-de_overpass,11,teamA,24850,23550,4,1,0
s3-r3-a2-m1-de_overpass,11,teamB,20350,4650,4,0,1
s3-r3-a2-m1-de_overpass,12,teamA,16100,15700,2,0,1
s3-r3-a2-m1-de_overpass,12,teamB,34500,11400,5,0,0
s3-r3-a2-m1-de_overpass,13,teamA,4000,3400,0,0,0
s3-r3-a2-m1-de_overpass,13,teamB,4000,3550,0,0,0
s3-r3-a2-m1-de_overpass,14,teamA,19600,16100,3,0,1
s3-r3-a2-m1-de_overpass,14,teamB,10550,900,0,0,0
s3-r3-a2-m1-de_overpass,15,teamA,22200,12000,3,1,1
s3-r3-a2-m1-de_overpass,15,teamB,21950,21500,5,0,0
s3-r3-a2-m1-de_overpass,16,teamA,19250,18750,4,0,0
s3-r3-a2-m1-de_overpass,16,teamB,18500,14500,3,1,0
s3-r3-a2-m1-de_overpass,17,teamA,18950,15800,4,0,1
s3-r3-a2-m1-de_overpass,17,teamB,11950,8850,1,1,0
s3-r3-a2-m1-de_overpass,18,teamA,21350,14500,4,1,0
s3-r3-a2-m1-de_overpass,18,teamB,12850,1400,0,0,0
s3-r3-a2-m1-de_overpass,19,teamA,25850,4700,4,1,0
s3-r3-a2-m1-de_overpass,19,teamB,24800,23750,3,1,0
s3-r3-a2-m1-de_overpass,20,teamA,39950,15300,3,1,0
s3-r3-a2-m1-de_overpass,20,teamB,17750,9950,1,0,0
s3-r3-a2-m1-de_overpass,21,teamA,32350,24650,4,1,0
s3-r3-a2-m1-de_overpass,21,teamB,26800,15650,5,0,0
s3-r3-a2-m1-de_overpass,22,teamA,17200,12600,4,1,0
s3-r3-a2-m1-de_overpass,22,teamB,29250,4200,5,0,0
s3-r3-a2-m1-de_overpass,23,teamA,23200,19400,4,1,0
s3-r3-a2-m1-de_overpass,23,teamB,37950,27350,4,1,0
s3-r3-a2-m1-de_overpass,24,teamA,21300,12650,4,1,0
s3-r3-a2-m1-de_overpass,24,teamB,19600,17400,4,1,0
s3-r3-a2-m2-de_mirage,1,teamA,4000,3450,0,0,0
s3-r3-a2-m2-de_mirage,1,teamB,4000,3400,0,0,0
s3-r3-a2-m2-de_mirage,2,teamA,19550,18050,3,0,2
s3-r3-a2-m2-de_mirage,2,teamB,11200,10900,1,0,0
s3-r3-a2-m2-de_mirage,3,teamA,9200,8900,0,0,0
s3-r3-a2-m2-de_mirage,3,teamB,19300,16250,5,0,0
s3-r3-a2-m2-de_mirage,4,teamA,10400,1000,0,0,0
s3-r3-a2-m2-de_mirage,4,teamB,22050,9900,4,0,0
s3-r3-a2-m2-de_mirage,5,teamA,25300,24000,5,0,0
s3-r3-a2-m2-de_mirage,5,teamB,32700,15100,4,1,0
s3-r3-a2-m2-de_mirage,6,teamA,16400,8350,0,0,0
s3-r3-a2-m2-de_mirage,6,teamB,36400,13800,4,1,0
s3-r3-a2-m2-de_mirage,7,teamA,24350,23750,4,1,0
s3-r3-a2-m2-de_mirage,7,teamB,41400,6100,4,1,0
s3-r3-a2-m2-de_mirage,8,teamA,18000,9700,1,0,0
s3-r3-a2-m2-de_mirage,8,teamB,54300,14900,4,1,0
s3-r3-a2-m2-de_mirage,9,teamA,24600,23950,4,1,0
s3-r3-a2-m2-de_mirage,9,teamB,58000,6300,4,1,0
s3-r3-a2-m2-de_mirage,10,teamA,18500,11800,4,1,0
s3-r3-a2-m2-de_mirage,10,teamB,59600,28750,4,1,0
s3-r3-a2-m2-de_mirage,11,teamA,25500,25050,4,1,0
s3-r3-a2-m2-de_mirage,11,teamB,51800,26850,4,1,0
s3-r3-a2-m2-de_mirage,12,teamA,21750,20350,4,0,1
s3-r3-a2-m2-de_mirage,12,teamB,45300,26000,4,1,0
s3-r3-a2-m2-de_mirage,13,teamA,4000,3400,0,0,0
s3-r3-a2-m2-de_mirage,13,teamB,4000,3350,0,0,0
s3-r3-a2-m2-de_mirage,14,teamA,11750,10700,0,0,4
s3-r3-a2-m2-de_mirage,14,teamB,18700,18050,4,0,1
s3-r3-a2-m2-de_mirage,15,teamA,23100,12550,5,0,0
s3-r3-a2-m2-de_mirage,15,teamB,11250,0,0,0,0
s3-r3-a2-m2-de_mirage,16,teamA,29550,10950,4,1,0
s3-r3-a2-m2-de_mirage,16,teamB,21050,20700,5,0,0
s3-r3-a2-m2-de_mirage,17,teamA,37200,18900,4,1,0
s3-r3-a2-m2-de_mirage,17,teamB,13250,4600,0,0,0
s3-r3-a2-m2-de_mirage,18,teamA,37300,4300,4,1,0
s3-r3-a2-m2-de_mirage,18,teamB,22850,22100,5,0,0
s3-r3-a2-m2-de_mirage,19,teamA,40550,18000,4,1,0
s3-r3-a2-m2-de_mirage,19,teamB,19450,8300,5,0,0
s3-r3-a2-m2-de_mirage,20,teamA,41150,25350,4,1,0
s3-r3-a2-m2-de_mirage,20,teamB,24050,23250,4,1,0
s3-r3-a2-m2-de_mirage,21,teamA,24250,21600,4,1,0
s3-r3-a2-m2-de_mirage,21,teamB,19800,15700,4,1,0
s3-r3-a2-m2-de_mirage,22,teamA,21250,12650,4,1,0
s3-r3-a2-m2-de_mirage,22,teamB,13900,1700,0,0,0
s3-r3-a2-m2-de_mirage,23,teamA,27200,4650,4,1,0
s3-r3-a2-m2-de_mirage,23,teamB,24200,23300,5,0,0
s3-r3-a2-m2-de_mirage,24,teamA,41550,16800,4,1,0
s3-r3-a2-m2-de_mirage,24,teamB,15700,14800,2,0,1
s3-r3-a2-m3-de_dust2,1,teamA,4000,3450,0,0,0
s3-r3-a2-m3-de_dust2,1,teamB,4000,3550,0,0,0
s3-r3-a2-m3-de_dust2,2,teamA,18600,17300,3,0,2
s3-r3-a2-m3-de_dust2,2,teamB,11050,9250,0,0,2
s3-r3-a2-m3-de_dust2,3,teamA,19350,16650,4,0,1
s3-r3-a2-m3-de_dust2,3,teamB,15350,4000,0,0,0
s3-r3-a2-m3-de_dust2,4,teamA,10300,0,0,0,0
s3-r3-a2-m3-de_dust2,4,teamB,29100,20800,5,0,0
s3-r3-a2-m3-de_dust2,5,teamA,20100,19200,4,0,0
s3-r3-a2-m3-de_dust2,5,teamB,27100,11450,4,1,0
s3-r3-a2-m3-de_dust2,6,teamA,19900,8400,4,1,0
s3-r3-a2-m3-de_dust2,6,teamB,22800,21900,4,1,0
s3-r3-a2-m3-de_dust2,7,teamA,16300,14200,4,1,0
s3-r3-a2-m3-de_dust2,7,teamB,18600,12700,4,1,0
s3-r3-a2-m3-de_dust2,8,teamA,10400,300,0,1,0
s3-r3-a2-m3-de_dust2,8,teamB,24350,17750,4,1,0
s3-r3-a2-m3-de_dust2,9,teamA,27750,14800,4,1,0
s3-r3-a2-m3-de_dust2,9,teamB,14700,13800,0,0,3
s3-r3-a2-m3-de_dust2,10,teamA,31350,5500,4,1,0
s3-r3-a2-m3-de_dust2,10,teamB,10400,0,0,0,1
s3-r3-a2-m3-de_dust2,11,teamA,43400,16600,4,1,0
s3-r3-a2-m3-de_dust2,11,teamB,23350,23000,5,0,0
s3-r3-a2-m3-de_dust2,12,teamA,37700,28350,4,1,0
s3-r3-a2-m3-de_dust2,12,teamB,20900,17200,4,1,0
s3-r3-a2-m3-de_dust2,13,teamA,4000,3300,0,0,0
s3-r3-a2-m3-de_dust2,13,teamB,4000,3450,0,0,0
s3-r3-a2-m3-de_dust2,14,teamA,19700,19050,3,0,2
s3-r3-a2-m3-de_dust2,14,teamB,10650,1000,0,0,0
s3-r3-a2-m3-de_dust2,15,teamA,22400,17400,4,1,0
s3-r3-a2-m3-de_dust2,15,teamB,25650,24450,4,1,0
s3-r3-a2-m3-de_dust2,16,teamA,22700,11900,4,1,0
s3-r3-a2-m3-de_dust2,16,teamB,10200,8800,2,1,0
s3-r3-a2-m3-de_dust2,17,teamA,29400,19650,4,1,0
s3-r3-a2-m3-de_dust2,17,teamB,18700,8900,0,0,0
s3-r3-a2-m3-de_dust2,18,teamA,28750,17250,4,1,0
s3-r3-a2-m3-de_dust2,18,teamB,26650,25250,4,1,0
s3-r3-a2-m3-de_dust2,19,teamA,19600,3950,0,0,1
s3-r3-a2-m3-de_dust2,19,teamB,19250,13100,4,1,0
s3-r3-a2-m3-de_dust2,20,teamA,25700,23450,4,1,0
s3-r3-a2-m3-de_dust2,20,teamB,24350,8800,4,1,0
s3-r3-a2-m3-de_dust2,21,teamA,16250,7300,1,0,0
s3-r3-a2-m3-de_dust2,21,teamB,33200,20700,4,1,0
s3-r3-a2-m3-de_dust2,22,teamA,24550,24200,4,1,0
s3-r3-a2-m3-de_dust2,22,teamB,29950,13400,4,1,0
s3-r3-a2-m3-de_dust2,23,teamA,19150,13200,4,1,0
s3-r3-a2-m3-de_dust2,23,teamB,23550,21850,3,1,1
s3-r3-a2-m3-de_dust2,24,teamA,19050,18700,4,1,0
s3-r3-a2-m3-de_dust2,24,teamB,19800,13100,4,1,0
s3-r3-e1-m1-de_dust2,1,teamA,4000,3350,0,0,0
s3-r3-e1-m1-de_dust2,1,teamB,4000,3300,0,0,0
s3-r3-e1-m1-de_dust2,2,teamA,18700,16650,2,0,2
s3-r3-e1-m1-de_dust2,2,teamB,12400,10400,0,0,3
s3-r3-e1-m1-de_dust2,3,teamA,20100,9600,2,0,2
s3-r3-e1-m1-de_dust2,3,teamB,14350,3550,0,0,0
s3-r3-e1-m1-de_dust2,4,teamA,29500,13200,4,0,0
s3-r3-e1-m1-de_dust2,4,teamB,26400,26200,4,1,0
s3-r3-e1-m1-de_dust2,5,teamA,35000,15250,4,1,0
s3-r3-e1-m1-de_dust2,5,teamB,18300,16350,4,1,0
s3-r3-e1-m1-de_dust2,6,teamA,26750,23900,4,1,0
s3-r3-e1-m1-de_dust2,6,teamB,20750,6200,4,1,0
s3-r3-e1-m1-de_dust2,7,teamA,16050,2500,0,0,0
s3-r3-e1-m1-de_dust2,7,teamB,34900,15100,4,1,0
s3-r3-e1-m1-de_dust2,8,teamA,25850,24700,4,1,0
s3-r3-e1-m1-de_dust2,8,teamB,38800,10550,4,1,0
s3-r3-e1-m1-de_dust2,9,teamA,13950,4800,1,0,0
s3-r3-e1-m1-de_dust2,9,teamB,46500,22700,4,1,0
s3-r3-e1-m1-de_dust2,10,teamA,27050,25300,3,1,0
s3-r3-e1-m1-de_dust2,10,teamB,42600,18600,4,1,0
s3-r3-e1-m1-de_dust2,11,teamA,19200,15650,4,0,0
s3-r3-e1-m1-de_dust2,11,teamB,32250,28600,4,1,0
s3-r3-e1-m1-de_dust2,12,teamA,23200,14600,4,1,0
s3-r3-e1-m1-de_dust2,12,teamB,14050,13700,2,0,2
s3-r3-e1-m1-de_dust2,13,teamA,4000,3550,0,0,0
s3-r3-e1-m1-de_dust2,13,teamB,4000,3400,0,0,0
s3-r3-e1-m1-de_dust2,14,teamA,19450,19200,5,0,0
s3-r3-e1-m1-de_dust2,14,teamB,10400,0,0,0,0
s3-r3-e1-m1-de_dust2,15,teamA,19250,7100,5,0,0
s3-r3-e1-m1-de_dust2,15,teamB,21800,21400,5,0,0
s3-r3-e1-m1-de_dust2,16,teamA,20250,18700,5,0,0
s3-r3-e1-m1-de_dust2,16,teamB,19400,11500,5,0,0
s3-r3-e1-m1-de_dust2,17,teamA,22100,18700,4,1,0
s3-r3-e1-m1-de_dust2,17,teamB,21600,20900,3,1,1
s3-r3-e1-m1-de_dust2,18,teamA,11500,11100,1,0,0
s3-r3-e1-m1-de_dust2,18,teamB,18350,12000,4,1,0
s3-r3-e1-m1-de_dust2,19,teamA,9900,0,0,0,0
s3-r3-e1-m1-de_dust2,19,teamB,24200,3900,4,1,0
s3-r3-e1-m1-de_dust2,20,teamA,23000,22800,5,0,0
s3-r3-e1-m1-de_dust2,20,teamB,38050,11000,4,1,0
s3-r3-e1-m1-de_dust2,21,teamA,20750,14800,4,1,0
s3-r3-e1-m1-de_dust2,21,teamB,37950,26250,4,1,0
s3-r3-e1-m1-de_dust2,22,teamA,17450,8700,1,0,1
s3-r3-e1-m1-de_dust2,22,teamB,29450,22050,4,1,0
s3-r3-e1-m1-de_dust2,23,teamA,21500,21150,5,0,0
s3-r3-e1-m1-de_dust2,23,teamB,25250,8750,4,1,0
s3-r3-e1-m2-de_mirage,1,teamA,4000,3450,0,0,0
s3-r3-e1-m2-de_mirage,1,teamB,4000,3400,0,0,0
s3-r3-e1-m2-de_mirage,2,teamA,18600,17750,3,0,2
s3-r3-e1-m2-de_mirage,2,teamB,10650,10400,0,0,2
s3-r3-e1-m2-de_mirage,3,teamA,19200,8200,3,0,2
s3-r3-e1-m2-de_mirage,3,teamB,13550,3050,0,0,0
s3-r3-e1-m2-de_mirage,4,teamA,29750,20950,3,1,0
s3-r3-e1-m2-de_mirage,4,teamB,26650,25950,4,1,0
s3-r3-e1-m2-de_mirage,5,teamA,14500,9450,2,0,0
s3-r3-e1-m2-de_mirage,5,teamB,18950,11150,4,1,0
s3-r3-e1-m2-de_mirage,6,teamA,19400,17100,4,1,0
s3-r3-e1-m2-de_mirage,6,teamB,21450,21000,3,1,1
s3-r3-e1-m2-de_mirage,7,teamA,10000,9850,0,0,2
s3-r3-e1-m2-de_mirage,7,teamB,19550,17300,4,1,0
s3-r3-e1-m2-de_mirage,8,teamA,14150,3100,0,0,0
s3-r3-e1-m2-de_mirage,8,teamB,22800,17600,4,1,0
s3-r3-e1-m2-de_mirage,9,teamA,21550,20100,5,0,0
s3-r3-e1-m2-de_mirage,9,teamB,23250,18150,4,1,0
s3-r3-e1-m2-de_mirage,10,teamA,16450,7200,0,0,0
s3-r3-e1-m2-de_mirage,10,teamB,23700,19100,4,1,0
s3-r3-e1-m2-de_mirage,11,teamA,26100,24900,4,1,0
s3-r3-e1-m2-de_mirage,11,teamB,23400,4500,4,1,0
s3-r3-e1-m2-de_mirage,12,teamA,18900,18700,5,0,0
s3-r3-e1-m2-de_mirage,12,teamB,37700,22650,4,1,0
s3-r3-e1-m2-de_mirage,13,teamA,4000,3250,0,0,0
s3-r3-e1-m2-de_mirage,13,teamB,4000,3450,0,0,0
s3-r3-e1-m2-de_mirage,14,teamA,12450,12200,0,0,4
s3-r3-e1-m2-de_mirage,14,teamB,18600,16850,4,0,1
s3-r3-e1-m2-de_mirage,15,teamA,13100,2150,0,0,3
s3-r3-e1-m2-de_mirage,15,teamB,19650,9250,5,0,0
s3-r3-e1-m2-de_mirage,16,teamA,30550,14650,3,1,1
s3-r3-e1-m2-de_mirage,16,teamB,17400,17300,4,0,0
s3-r3-e1-m2-de_mirage,17,teamA,34900,17900,4,1,0
s3-r3-e1-m2-de_mirage,17,teamB,10500,700,0,0,0
s3-r3-e1-m2-de_mirage,18,teamA,35600,3200,4,1,0
s3-r3-e1-m2-de_mirage,18,teamB,21800,21600,5,0,0
s3-r3-e1-m2-de_mirage,19,teamA,40300,28300,4,1,0
s3-r3-e1-m2-de_mirage,19,teamB,18250,12900,5,0,0
s3-r3-e1-m2-de_mirage,20,teamA,22600,17250,4,1,0
s3-r3-e1-m2-de_mirage,20,teamB,23850,13100,5,0,0
s3-r3-e1-m2-de_mirage,21,teamA,17900,16900,4,1,0
s3-r3-e1-m2-de_mirage,21,teamB,29250,9000,5,0,0
s3-r3-e1-m2-de_mirage,22,teamA,19050,17350,5,0,0
s3-r3-e1-m2-de_mirage,22,teamB,27050,20400,4,1,0
s3-r3-e1-m3-de_ancient,1,teamA,4000,3350,0,0,0
s3-r3-e1-m3-de_ancient,1,teamB,4000,3400,0,0,0
s3-r3-e1-m3-de_ancient,2,teamA,18700,18600,5,0,0
s3-r3-e1-m3-de_ancient,2,teamB,11750,10850,0,0,1
s3-r3-e1-m3-de_ancient,3,teamA,18200,5400,5,0,0
s3-r3-e1-m3-de_ancient,3,teamB,12900,1700,0,0,0
s3-r3-e1-m3-de_ancient,4,teamA,31800,12900,5,0,0
s3-r3-e1-m3-de_ancient,4,teamB,26800,22850,4,1,0
s3-r3-e1-m3-de_ancient,5,teamA,37400,13550,5,0,0
s3-r3-e1-m3-de_ancient,5,teamB,22050,16950,4,1,0
s3-r3-e1-m3-de_ancient,6,teamA,41100,22250,4,1,0
s3-r3-e1-m3-de_ancient,6,teamB,24300,24000,4,1,0
s3-r3-e1-m3-de_ancient,7,teamA,36400,20200,4,1,0
s3-r3-e1-m3-de_ancient,7,teamB,19500,11200,1,0,2
s3-r3-e1-m3-de_ancient,8,teamA,22400,17500,3,1,1
s3-r3-e1-m3-de_ancient,8,teamB,26550,23900,4,1,0
s3-r3-e1-m3-de_ancient,9,teamA,12600,2750,0,0,0
s3-r3-e1-m3-de_ancient,9,teamB,21350,17600,4,1,0
s3-r3-e1-m3-de_ancient,10,teamA,25150,24300,5,0,0
s3-r3-e1-m3-de_ancient,10,teamB,24300,9700,4,1,0
s3-r3-e1-m3-de_ancient,11,teamA,15650,6650,0,0,0
s3-r3-e1-m3-de_ancient,11,teamB,33400,11350,4,1,0
s3-r3-e1-m3-de_ancient,12,teamA,27100,24400,5,0,0
s3-r3-e1-m3-de_ancient,12,teamB,40650,21400,4,1,0
s3-r3-e1-m3-de_ancient,13,teamA,4000,3400,0,0,0
s3-r3-e1-m3-de_ancient,13,teamB,4000,3300,0,0,0
s3-r3-e1-m3-de_ancient,14,teamA,19600,19100,4,0,1
s3-r3-e1-m3-de_ancient,14,teamB,11100,700,0,0,0
s3-r3-e1-m3-de_ancient,15,teamA,20100,11850,3,1,1
s3-r3-e1-m3-de_ancient,15,teamB,22000,21500,5,0,0
s3-r3-e1-m3-de_ancient,16,teamA,29000,14900,4,1,0
s3-r3-e1-m3-de_ancient,16,teamB,18900,11100,1,0,0
s3-r3-e1-m3-de_ancient,17,teamA,32900,8800,4,1,0
s3-r3-e1-m3-de_ancient,17,teamB,24700,23800,4,1,0
s3-r3-e1-m3-de_ancient,18,teamA,32000,21850,4,1,0
s3-r3-e1-m3-de_ancient,18,teamB,20900,12600,4,1,0
s3-r3-e1-m3-de_ancient,19,teamA,30300,14400,4,1,0
s3-r3-e1-m3-de_ancient,19,teamB,26700,24700,4,1,0
s3-r3-e1-m3-de_ancient,20,teamA,23800,23550,4,1,0
s3-r3-e1-m3-de_ancient,20,teamB,19650,13200,4,1,0
s3-r3-e1-m3-de_ancient,21,teamA,11750,1700,0,0,0
s3-r3-e1-m3-de_ancient,21,teamB,24300,20200,4,1,0
s3-r3-e1-m3-de_ancient,22,teamA,22600,22150,4,0,1
s3-r3-e1-m3-de_ancient,22,teamB,21450,9200,4,1,0
s3-r3-e1-m3-de_ancient,23,teamA,17150,7050,0,0,0
s3-r3-e1-m3-de_ancient,23,teamB,29800,20600,4,1,0
s3-r3-e1-m3-de_ancient,24,teamA,27650,27150,4,1,0
s3-r3-e1-m3-de_ancient,24,teamB,26650,9100,4,1,0
s3-r3-e2-m1-de_inferno,1,teamA,4000,3400,0,0,0
s3-r3-e2-m1-de_inferno,1,teamB,4000,3400,0,0,0
s3-r3-e2-m1-de_inferno,2,teamA,19600,18400,3,0,2
s3-r3-e2-m1-de_inferno,2,teamB,12850,1600,0,0,0
s3-r3-e2-m1-de_inferno,3,teamA,19550,14500,5,0,0
s3-r3-e2-m1-de_inferno,3,teamB,25000,24750,4,1,0
s3-r3-e2-m1-de_inferno,4,teamA,22900,17300,4,1,0
s3-r3-e2-m1-de_inferno,4,teamB,16200,10550,1,0,0
s3-r3-e2-m1-de_inferno,5,teamA,24300,5200,4,1,0
s3-r3-e2-m1-de_inferno,5,teamB,22650,21900,4,1,0
s3-r3-e2-m1-de_inferno,6,teamA,37500,5800,4,1,0
s3-r3-e2-m1-de_inferno,6,teamB,17750,13600,4,1,0
s3-r3-e2-m1-de_inferno,7,teamA,39000,24700,5,0,0
s3-r3-e2-m1-de_inferno,7,teamB,22550,8450,4,1,0
s3-r3-e2-m1-de_inferno,8,teamA,24400,22700,5,0,0
s3-r3-e2-m1-de_inferno,8,teamB,33100,14200,4,1,0
s3-r3-e2-m1-de_inferno,9,teamA,6500,6000,3,0,0
s3-r3-e2-m1-de_inferno,9,teamB,36050,4400,4,1,0
s3-r3-e2-m1-de_inferno,10,teamA,18600,8400,5,0,0
s3-r3-e2-m1-de_inferno,10,teamB,41150,8600,4,1,0
s3-r3-e2-m1-de_inferno,11,teamA,28900,9400,5,0,0
s3-r3-e2-m1-de_inferno,11,teamB,44900,18600,4,1,0
s3-r3-e2-m1-de_inferno,12,teamA,37550,10850,4,1,0
s3-r3-e2-m1-de_inferno,12,teamB,41150,32950,4,1,0
s3-r3-e2-m1-de_inferno,13,teamA,4000,3550,0,0,0
s3-r3-e2-m1-de_inferno,13,teamB,4000,3450,0,0,0
s3-r3-e2-m1-de_inferno,14,teamA,11300,9350,0,0,1
s3-r3-e2-m1-de_inferno,14,teamB,19550,18400,4,0,1
s3-r3-e2-m1-de_inferno,15,teamA,13800,4600,0,0,0
s3-r3-e2-m1-de_inferno,15,teamB,19950,9000,5,0,0
s3-r3-e2-m1-de_inferno,16,teamA,23100,22550,4,1,0
s3-r3-e2-m1-de_inferno,16,teamB,29050,5300,5,0,0
s3-r3-e2-m1-de_inferno,17,teamA,19550,13950,4,1,0
s3-r3-e2-m1-de_inferno,17,teamB,31350,26450,4,1,0
s3-r3-e2-m1-de_inferno,18,teamA,24400,18500,4,1,0
s3-r3-e2-m1-de_inferno,18,teamB,15100,7300,1,0,0
s3-r3-e2-m1-de_inferno,19,teamA,16500,15000,1,2,2
s3-r3-e2-m1-de_inferno,19,teamB,26500,17300,4,1,0
s3-r3-e2-m1-de_inferno,20,teamA,18800,6250,3,2,0
s3-r3-e2-m1-de_inferno,20,teamB,13400,11850,3,1,1
s3-r3-e2-m1-de_inferno,21,teamA,31350,16000,4,1,0
s3-r3-e2-m1-de_inferno,21,teamB,11550,11050,1,0,0
s3-r3-e2-m1-de_inferno,22,teamA,24250,22550,2,1,2
s3-r3-e2-m1-de_inferno,22,teamB,18550,17200,5,0,0
s3-r3-e2-m1-de_inferno,23,teamA,10800,500,1,1,2
s3-r3-e2-m1-de_inferno,23,teamB,19450,14750,4,1,0
s3-r3-e2-m1-de_inferno,24,teamA,23500,21550,4,1,0
s3-r3-e2-m1-de_inferno,24,teamB,23700,19650,4,1,0
s3-r3-e2-m2-de_dust2,1,teamA,4000,3450,0,0,0
s3-r3-e2-m2-de_dust2,1,teamB,4000,3400,0,0,0
s3-r3-e2-m2-de_dust2,2,teamA,10650,600,0,0,0
s3-r3-e2-m2-de_dust2,2,teamB,19600,17150,4,0,0
s3-r3-e2-m2-de_dust2,3,teamA,22050,21800,5,0,0
s3-r3-e2-m2-de_dust2,3,teamB,21450,12050,4,1,0
s3-r3-e2-m2-de_dust2,4,teamA,18650,13000,5,0,0
s3-r3-e2-m2-de_dust2,4,teamB,16900,12900,4,1,0
s3-r3-e2-m2-de_dust2,5,teamA,24350,4300,5,0,0
s3-r3-e2-m2-de_dust2,5,teamB,13500,9700,2,1,1
s3-r3-e2-m2-de_dust2,6,teamA,37900,22550,4,1,0
s3-r3-e2-m2-de_dust2,6,teamB,17000,10200,1,0,0
s3-r3-e2-m2-de_dust2,7,teamA,33200,22050,4,1,0
s3-r3-e2-m2-de_dust2,7,teamB,25350,24850,4,1,0
s3-r3-e2-m2-de_dust2,8,teamA,29550,16100,4,1,0
s3-r3-e2-m2-de_dust2,8,teamB,19150,13200,2,0,0
s3-r3-e2-m2-de_dust2,9,teamA,24300,23800,4,1,0
s3-r3-e2-m2-de_dust2,9,teamB,29050,16400,4,1,0
s3-r3-e2-m2-de_dust2,10,teamA,18350,8650,4,1,0
s3-r3-e2-m2-de_dust2,10,teamB,27150,26000,2,2,1
s3-r3-e2-m2-de_dust2,11,teamA,28500,9100,3,1,0
s3-r3-e2-m2-de_dust2,11,teamB,18100,9000,1,1,0
s3-r3-e2-m2-de_dust2,12,teamA,31800,27950,4,1,0
s3-r3-e2-m2-de_dust2,12,teamB,29450,23300,3,2,0
s3-r3-e2-m2-de_dust2,13,teamA,4000,3300,0,0,0
s3-r3-e2-m2-de_dust2,13,teamB,4000,3450,0,0,0
s3-r3-e2-m2-de_dust2,14,teamA,21250,20850,3,0,2
s3-r3-e2-m2-de_dust2,14,teamB,14250,13900,2,0,0
s3-r3-e2-m2-de_dust2,15,teamA,19700,13600,5,0,0
s3-r3-e2-m2-de_dust2,15,teamB,12950,2700,0,0,0
s3-r3-e2-m2-de_dust2,16,teamA,26650,15550,4,1,0
s3-r3-e2-m2-de_dust2,16,teamB,28450,25700,4,1,0
s3-r3-e2-m2-de_dust2,17,teamA,17500,8950,0,1,0
s3-r3-e2-m2-de_dust2,17,teamB,20000,3550,4,1,0
s3-r3-e2-m2-de_dust2,18,teamA,18850,14800,3,0,1
s3-r3-e2-m2-de_dust2,18,teamB,34300,11100,4,1,0
s3-r3-e2-m2-de_dust2,19,teamA,17550,11250,0,1,0
s3-r3-e2-m2-de_dust2,19,teamB,42300,22150,4,1,0
s3-r3-e2-m2-de_dust2,20,teamA,20750,17850,3,1,1
s3-r3-e2-m2-de_dust2,20,teamB,38550,7900,4,1,0
s3-r3-e2-m2-de_dust2,21,teamA,20250,14700,4,1,0
s3-r3-e2-m2-de_dust2,21,teamB,48650,8800,4,1,0
s3-r3-e2-m2-de_dust2,22,teamA,24550,15450,4,1,0
s3-r3-e2-m2-de_dust2,22,teamB,57950,20400,4,1,0
s3-r3-e2-m2-de_dust2,23,teamA,27550,14600,4,1,0
s3-r3-e2-m2-de_dust2,23,teamB,43750,20100,4,1,0
s3-r3-e2-m2-de_dust2,24,teamA,28900,28550,4,1,0
s3-r3-e2-m2-de_dust2,24,teamB,41200,16800,4,1,0
s3-r3-m1-m1-de_nuke,1,teamA,4000,3400,0,0,0
s3-r3-m1-m1-de_nuke,1,teamB,4000,3400,0,0,0
s3-r3-m1-m1-de_nuke,2,teamA,18650,18000,3,0,2
s3-r3-m1-m1-de_nuke,2,teamB,12300,11150,1,0,2
s3-r3-m1-m1-de_nuke,3,teamA,12150,11250,0,0,0
s3-r3-m1-m1-de_nuke,3,teamB,22300,20600,4,0,1
s3-r3-m1-m1-de_nuke,4,teamA,9000,0,1,0,0
s3-r3-m1-m1-de_nuke,4,teamB,20150,15150,4,0,1
s3-r3-m1-m1-de_nuke,5,teamA,21000,20750,4,0,1
s3-r3-m1-m1-de_nuke,5,teamB,23800,6300,4,0,1
s3-r3-m1-m1-de_nuke,6,teamA,18950,8200,4,0,1
s3-r3-m1-m1-de_nuke,6,teamB,25050,20000,4,1,0
s3-r3-m1-m1-de_nuke,7,teamA,29150,14050,4,1,0
s3-r3-m1-m1-de_nuke,7,teamB,15650,12050,3,1,0
s3-r3-m1-m1-de_nuke,8,teamA,26300,24000,5,0,0
s3-r3-m1-m1-de_nuke,8,teamB,23750,18300,4,1,0
s3-r3-m1-m1-de_nuke,9,teamA,12100,700,0,0,0
s3-r3-m1-m1-de_nuke,9,teamB,24450,9600,4,1,0
s3-r3-m1-m1-de_nuke,10,teamA,23300,22550,4,1,0
s3-r3-m1-m1-de_nuke,10,teamB,33850,9300,4,1,0
s3-r3-m1-m1-de_nuke,11,teamA,19250,8100,4,1,0
s3-r3-m1-m1-de_nuke,11,teamB,32100,17700,4,1,0
s3-r3-m1-m1-de_nuke,12,teamA,29000,21850,4,1,0
s3-r3-m1-m1-de_nuke,12,teamB,25350,24650,2,2,1
s3-r3-m1-m1-de_nuke,13,teamA,4000,3400,0,0,0
s3-r3-m1-m1-de_nuke,13,teamB,4000,3300,0,0,0
s3-r3-m1-m1-de_nuke,14,teamA,21150,20750,5,0,0
s3-r3-m1-m1-de_nuke,14,teamB,14400,12350,1,0,1
s3-r3-m1-m1-de_nuke,15,teamA,19400,10200,4,0,0
s3-r3-m1-m1-de_nuke,15,teamB,14150,3800,0,0,0
s3-r3-m1-m1-de_nuke,16,teamA,28200,10250,4,1,0
s3-r3-m1-m1-de_nuke,16,teamB,25150,20750,4,0,1
s3-r3-m1-m1-de_nuke,17,teamA,26050,25000,3,1,1
s3-r3-m1-m1-de_nuke,17,teamB,22150,12100,4,1,0
s3-r3-m1-m1-de_nuke,18,teamA,18200,16700,3,0,1
s3-r3-m1-m1-de_nuke,18,teamB,16050,11000,4,1,0
s3-r3-m1-m1-de_nuke,19,teamA,20800,15000,4,0,0
s3-r3-m1-m1-de_nuke,19,teamB,20450,12150,2,0,0
s3-r3-m1-m1-de_nuke,20,teamA,21900,18750,4,1,0
s3-r3-m1-m1-de_nuke,20,teamB,24850,23700,5,0,0
s3-r3-m1-m1-de_nuke,21,teamA,10850,9250,1,1,1
s3-r3-m1-m1-de_nuke,21,teamB,19850,12800,5,0,0
s3-r3-m1-m2-de_ancient,1,teamA,4000,3450,0,0,0
s3-r3-m1-m2-de_ancient,1,teamB,4000,3400,0,0,0
s3-r3-m1-m2-de_ancient,2,teamA,10050,1000,0,0,0
s3-r3-m1-m2-de_ancient,2,teamB,19600,18600,4,0,1
s3-r3-m1-m2-de_ancient,3,teamA,21050,20750,5,0,0
s3-r3-m1-m2-de_ancient,3,teamB,20600,5200,4,0,1
s3-r3-m1-m2-de_ancient,4,teamA,15100,5550,0,0,0
s3-r3-m1-m2-de_ancient,4,teamB,34500,9200,5,0,0
s3-r3-m1-m2-de_ancient,5,teamA,26550,24400,5,0,0
s3-r3-m1-m2-de_ancient,5,teamB,43900,24550,4,1,0
s3-r3-m1-m2-de_ancient,6,teamA,23650,22900,5,0,0
s3-r3-m1-m2-de_ancient,6,teamB,39700,23850,4,1,0
s3-r3-m1-m2-de_ancient,7,teamA,19150,6100,4,1,0
s3-r3-m1-m2-de_ancient,7,teamB,22450,14300,4,1,0
s3-r3-m1-m2-de_ancient,8,teamA,27750,25950,4,1,0
s3-r3-m1-m2-de_ancient,8,teamB,26450,13400,4,1,0
s3-r3-m1-m2-de_ancient,9,teamA,12900,11800,4,1,0
s3-r3-m1-m2-de_ancient,9,teamB,29550,20050,4,1,0
s3-r3-m1-m2-de_ancient,10,teamA,19400,8900,4,1,0
s3-r3-m1-m2-de_ancient,10,teamB,16450,14800,2,1,1
s3-r3-m1-m2-de_ancient,11,teamA,28150,13950,4,1,0
s3-r3-m1-m2-de_ancient,11,teamB,11950,0,0,0,0
s3-r3-m1-m2-de_ancient,12,teamA,32050,5900,4,1,0
s3-r3-m1-m2-de_ancient,12,teamB,23950,23450,5,0,0
s3-r3-m1-m2-de_ancient,13,teamA,4000,3400,0,0,0
s3-r3-m1-m2-de_ancient,13,teamB,4000,3450,0,0,0
s3-r3-m1-m2-de_ancient,14,teamA,21150,20350,4,0,1
s3-r3-m1-m2-de_ancient,14,teamB,13950,13300,0,0,1
s3-r3-m1-m2-de_ancient,15,teamA,8900,7900,1,0,1
s3-r3-m1-m2-de_ancient,15,teamB,20250,13200,5,0,0
s3-r3-m1-m2-de_ancient,16,teamA,10850,1000,1,0,1
s3-r3-m1-m2-de_ancient,16,teamB,25250,7350,4,0,1
s3-r3-m1-m2-de_ancient,17,teamA,23800,23100,3,1,1
s3-r3-m1-m2-de_ancient,17,teamB,35850,17750,4,1,0
s3-r3-m1-m2-de_ancient,18,teamA,19550,14050,4,1,0
s3-r3-m1-m2-de_ancient,18,teamB,24300,20300,4,1,0
s3-r3-m1-m2-de_ancient,19,teamA,25550,22000,4,1,0
s3-r3-m1-m2-de_ancient,19,teamB,17800,15300,2,0,0
s3-r3-m1-m2-de_ancient,20,teamA,22350,7850,3,1,1
s3-r3-m1-m2-de_ancient,20,teamB,13100,1800,0,0,0
s3-r3-m1-m2-de_ancient,21,teamA,33100,14100,4,1,0
s3-r3-m1-m2-de_ancient,21,teamB,25500,24000,5,0,0
s3-r3-m1-m2-de_ancient,22,teamA,39350,21650,4,1,0
s3-r3-m1-m2-de_ancient,22,teamB,22700,22200,5,0,0
s3-r3-m1-m2-de_ancient,23,teamA,36100,12100,4,1,0
s3-r3-m1-m2-de_ancient,23,teamB,18100,9850,1,0,0
s3-r3-m1-m2-de_ancient,24,teamA,44150,23850,4,1,0
s3-r3-m1-m2-de_ancient,24,teamB,29250,26350,4,1,0
s3-r3-m1-m3-de_mirage,1,teamA,4000,3250,0,0,0
s3-r3-m1-m3-de_mirage,1,teamB,4000,3550,0,0,0
s3-r3-m1-m3-de_mirage,2,teamA,18800,17850,4,0,1
s3-r3-m1-m3-de_mirage,2,teamB,10500,10100,0,0,3
s3-r3-m1-m3-de_mirage,3,teamA,8350,6200,0,0,0
s3-r3-m1-m3-de_mirage,3,teamB,20600,15300,4,0,1
s3-r3-m1-m3-de_mirage,4,teamA,10550,1600,0,0,0
s3-r3-m1-m3-de_mirage,4,teamB,24900,12200,5,0,0
s3-r3-m1-m3-de_mirage,5,teamA,21250,20900,5,0,0
s3-r3-m1-m3-de_mirage,5,teamB,31700,11100,4,1,0
s3-r3-m1-m3-de_mirage,6,teamA,19350,15600,5,0,0
s3-r3-m1-m3-de_mirage,6,teamB,28850,21800,4,1,0
s3-r3-m1-m3-de_mirage,7,teamA,11950,11650,3,0,0
s3-r3-m1-m3-de_mirage,7,teamB,25300,13500,4,1,0
s3-r3-m1-m3-de_mirage,8,teamA,19100,12200,4,1,0
s3-r3-m1-m3-de_mirage,8,teamB,19500,18900,3,1,1
s3-r3-m1-m3-de_mirage,9,teamA,12600,12250,3,0,1
s3-r3-m1-m3-de_mirage,9,teamB,18850,10100,4,1,0
s3-r3-m1-m3-de_mirage,10,teamA,10750,1400,0,0,0
s3-r3-m1-m3-de_mirage,10,teamB,27350,19400,4,1,0
s3-r3-m1-m3-de_mirage,11,teamA,21150,20900,5,0,0
s3-r3-m1-m3-de_mirage,11,teamB,26150,4950,4,1,0
s3-r3-m1-m3-de_mirage,12,teamA,15350,14800,2,0,1
s3-r3-m1-m3-de_mirage,12,teamB,39400,19500,4,1,0
s3-r3-m1-m3-de_mirage,13,teamA,4000,3400,0,0,0
s3-r3-m1-m3-de_mirage,13,teamB,4000,3450,0,0,0
s3-r3-m1-m3-de_mirage,14,teamA,19600,18400,2,0,3
s3-r3-m1-m3-de_mirage,14,teamB,10650,1400,0,0,0
s3-r3-m1-m3-de_mirage,15,teamA,21100,14100,3,1,1
s3-r3-m1-m3-de_mirage,15,teamB,21550,21400,5,0,0
s3-r3-m1-m3-de_mirage,16,teamA,14000,12050,2,0,1
s3-r3-m1-m3-de_mirage,16,teamB,18200,5600,4,1,0
s3-r3-m1-m3-de_mirage,17,teamA,11300,9450,1,0,2
s3-r3-m1-m3-de_mirage,17,teamB,31400,13000,4,1,0
s3-r3-m1-m3-de_mirage,18,teamA,21150,9800,4,1,0
s3-r3-m1-m3-de_mirage,18,teamB,25500,24600,4,1,0
s3-r3-m1-m3-de_mirage,19,teamA,18350,15400,4,1,0
s3-r3-m1-m3-de_mirage,19,teamB,19600,4200,4,1,0
s3-r3-m2-m1-de_inferno,1,teamA,4000,3600,0,0,0
s3-r3-m2-m1-de_inferno,1,teamB,4000,3550,0,0,0
s3-r3-m2-m1-de_inferno,2,teamA,19400,18450,4,0,1
s3-r3-m2-m1-de_inferno,2,teamB,11050,10400,1,0,0
s3-r3-m2-m1-de_inferno,3,teamA,19650,13000,5,0,0
s3-r3-m2-m1-de_inferno,3,teamB,13750,3150,0,0,0
s3-r3-m2-m1-de_inferno,4,teamA,25350,14750,4,1,0
s3-r3-m2-m1-de_inferno,4,teamB,26200,25500,4,1,0
s3-r3-m2-m1-de_inferno,5,teamA,28600,20000,4,1,0
s3-r3-m2-m1-de_inferno,5,teamB,19700,14350,4,1,0
s3-r3-m2-m1-de_inferno,6,teamA,15700,6100,0,1,0
s3-r3-m2-m1-de_inferno,6,teamB,23350,10000,4,1,0
s3-r3-m2-m1-de_inferno,7,teamA,17200,16950,4,1,0
s3-r3-m2-m1-de_inferno,7,teamB,31400,4400,4,1,0
s3-r3-m2-m1-de_inferno,8,teamA,12950,2800,0,0,0
s3-r3-m2-m1-de_inferno,8,teamB,45600,19100,4,1,0
s3-r3-m2-m1-de_inferno,9,teamA,25250,23700,5,0,0
s3-r3-m2-m1-de_inferno,9,teamB,44900,13000,4,1,0
s3-r3-m2-m1-de_inferno,10,teamA,18850,10050,0,0,0
s3-r3-m2-m1-de_inferno,10,teamB,50500,12450,4,1,0
s3-r3-m2-m1-de_inferno,11,teamA,25700,24600,5,0,0
s3-r3-m2-m1-de_inferno,11,teamB,56450,12850,4,1,0
s3-r3-m2-m1-de_inferno,12,teamA,19150,11200,4,1,0
s3-r3-m2-m1-de_inferno,12,teamB,50650,31950,4,1,0
s3-r3-m2-m1-de_inferno,13,teamA,4000,3550,0,0,0
s3-r3-m2-m1-de_inferno,13,teamB,4000,3450,0,0,0
s3-r3-m2-m1-de_inferno,14,teamA,19450,16750,3,0,2
s3-r3-m2-m1-de_inferno,14,teamB,10950,700,0,0,0
s3-r3-m2-m1-de_inferno,15,teamA,22150,20550,3,1,1
s3-r3-m2-m1-de_inferno,15,teamB,26750,24400,5,0,0
s3-r3-m2-m1-de_inferno,16,teamA,10850,10150,0,0,2
s3-r3-m2-m1-de_inferno,16,teamB,20400,16100,5,0,0
s3-r3-m2-m1-de_inferno,17,teamA,12450,900,1,0,0
s3-r3-m2-m1-de_inferno,17,teamB,23000,16600,5,0,0
s3-r3-m2-m1-de_inferno,18,teamA,24450,24000,5,0,0
s3-r3-m2-m1-de_inferno,18,teamB,24250,15100,4,1,0
s3-r3-m2-m1-de_inferno,19,teamA,19450,17000,3,1,1
s3-r3-m2-m1-de_inferno,19,teamB,17350,17100,3,0,0
s3-r3-m2-m1-de_inferno,20,teamA,12350,1300,1,0,1
s3-r3-m2-m1-de_inferno,20,teamB,18950,13000,4,1,0
s3-r3-m2-m1-de_inferno,21,teamA,23400,19300,4,0,1
s3-r3-m2-m1-de_inferno,21,teamB,24650,9500,5,0,0
s3-r3-m2-m1-de_inferno,22,teamA,23100,15850,4,1,0
s3-r3-m2-m1-de_inferno,22,teamB,22750,20800,3,0,0
s3-r3-m2-m2-de_dust2,1,teamA,4000,3350,0,0,0
s3-r3-m2-m2-de_dust2,1,teamB,4000,3550,0,0,0
s3-r3-m2-m2-de_dust2,2,teamA,18650,18250,4,0,1
s3-r3-m2-m2-de_dust2,2,teamB,12150,10450,0,0,2
s3-r3-m2-m2-de_dust2,3,teamA,8000,6200,0,0,0
s3-r3-m2-m2-de_dust2,3,teamB,20400,15050,5,0,0
s3-r3-m2-m2-de_dust2,4,teamA,11600,200,0,0,0
s3-r3-m2-m2-de_dust2,4,teamB,24350,9300,5,0,0
s3-r3-m2-m2-de_dust2,5,teamA,23400,22600,4,1,0
s3-r3-m2-m2-de_dust2,5,teamB,34050,3400,5,0,0
s3-r3-m2-m2-de_dust2,6,teamA,19600,16200,4,1,0
s3-r3-m2-m2-de_dust2,6,teamB,39000,25000,4,1,0
s3-r3-m2-m2-de_dust2,7,teamA,22400,12500,4,1,0
s3-r3-m2-m2-de_dust2,7,teamB,24600,22100,4,1,0
s3-r3-m2-m2-de_dust2,8,teamA,20700,19450,4,1,0
s3-r3-m2-m2-de_dust2,8,teamB,22500,18950,4,1,0
s3-r3-m2-m2-de_dust2,9,teamA,10450,300,0,0,0
s3-r3-m2-m2-de_dust2,9,teamB,22350,14250,4,1,0
s3-r3-m2-m2-de_dust2,10,teamA,22450,22100,5,0,0
s3-r3-m2-m2-de_dust2,10,teamB,26900,9500,4,1,0
s3-r3-m2-m2-de_dust2,11,teamA,18750,8400,5,0,0
s3-r3-m2-m2-de_dust2,11,teamB,24750,12400,4,1,0
s3-r3-m2-m2-de_dust2,12,teamA,28100,21300,5,0,0
s3-r3-m2-m2-de_dust2,12,teamB,24050,23750,4,1,0
s3-r3-m2-m2-de_dust2,13,teamA,4000,3550,0,0,0
s3-r3-m2-m2-de_dust2,13,teamB,4000,3350,0,0,0
s3-r3-m2-m2-de_dust2,14,teamA,11600,10250,0,0,0
s3-r3-m2-m2-de_dust2,14,teamB,18700,17550,3,0,1
s3-r3-m2-m2-de_dust2,15,teamA,13350,1900,0,0,0
s3-r3-m2-m2-de_dust2,15,teamB,20150,4500,3,0,1
s3-r3-m2-m2-de_dust2,16,teamA,27000,26750,4,1,0
s3-r3-m2-m2-de_dust2,16,teamB,33200,18550,4,1,0
s3-r3-m2-m2-de_dust2,17,teamA,19250,10200,4,1,0
s3-r3-m2-m2-de_dust2,17,teamB,21750,10100,1,1,0
s3-r3-m2-m2-de_dust2,18,teamA,27450,16500,4,1,0
s3-r3-m2-m2-de_dust2,18,teamB,21650,18450,4,0,0
s3-r3-m2-m2-de_dust2,19,teamA,29150,9600,4,1,0
s3-r3-m2-m2-de_dust2,19,teamB,13250,1400,0,0,0
s3-r3-m2-m2-de_dust2,20,teamA,38350,9300,4,1,0
s3-r3-m2-m2-de_dust2,20,teamB,26650,25250,4,1,0
s3-r3-m2-m2-de_dust2,21,teamA,36050,28100,4,1,0
s3-r3-m2-m2-de_dust2,21,teamB,19250,2900,4,1,0
s3-r3-m2-m2-de_dust2,22,teamA,18150,6000,0,0,0
s3-r3-m2-m2-de_dust2,22,teamB,34100,12900,4,1,0
s3-r3-m2-m2-de_dust2,23,teamA,25600,25150,4,1,0
s3-r3-m2-m2-de_dust2,23,teamB,39050,11900,4,1,0
s3-r3-m2-m2-de_dust2,24,teamA,19450,19050,4,1,0
s3-r3-m2-m2-de_dust2,24,teamB,34650,28050,4,1,0
s3-r3-m2-m3-de_mirage,1,teamA,4000,3400,0,0,0
s3-r3-m2-m3-de_mirage,1,teamB,4000,3550,0,0,0
s3-r3-m2-m3-de_mirage,2,teamA,18650,18050,3,0,2
s3-r3-m2-m3-de_mirage,2,teamB,12150,1900,0,0,0
s3-r3-m2-m3-de_mirage,3,teamA,19850,8100,3,0,1
s3-r3-m2-m3-de_mirage,3,teamB,22800,22450,5,0,0
s3-r3-m2-m3-de_mirage,4,teamA,19150,18450,4,0,0
s3-r3-m2-m3-de_mirage,4,teamB,19350,14000,5,0,0
s3-r3-m2-m3-de_mirage,5,teamA,11100,300,0,0,0
s3-r3-m2-m3-de_mirage,5,teamB,23950,19150,4,1,0
s3-r3-m2-m3-de_mirage,6,teamA,22800,22050,5,0,0
s3-r3-m2-m3-de_mirage,6,teamB,23600,5500,4,1,0
s3-r3-m2-m3-de_mirage,7,teamA,16150,6800,0,0,0
s3-r3-m2-m3-de_mirage,7,teamB,37100,17700,4,1,0
s3-r3-m2-m3-de_mirage,8,teamA,29350,24200,5,0,0
s3-r3-m2-m3-de_mirage,8,teamB,39750,17900,4,1,0
s3-r3-m2-m3-de_mirage,9,teamA,23550,9500,5,0,0
s3-r3-m2-m3-de_mirage,9,teamB,29200,13450,4,1,0
s3-r3-m2-m3-de_mirage,10,teamA,32450,10050,4,1,0
s3-r3-m2-m3-de_mirage,10,teamB,25800,14200,4,1,0
s3-r3-m2-m3-de_mirage,11,teamA,38300,22050,4,1,0
s3-r3-m2-m3-de_mirage,11,teamB,31400,14900,4,1,0
s3-r3-m2-m3-de_mirage,12,teamA,31150,25850,3,1,0
s3-r3-m2-m3-de_mirage,12,teamB,35300,24750,4,1,0
s3-r3-m2-m3-de_mirage,13,teamA,4000,3300,0,0,0
s3-r3-m2-m3-de_mirage,13,teamB,4000,3450,0,0,0
s3-r3-m2-m3-de_mirage,14,teamA,11850,9350,0,0,3
s3-r3-m2-m3-de_mirage,14,teamB,18600,17700,3,0,2
s3-r3-m2-m3-de_mirage,15,teamA,14150,2350,1,0,1
s3-r3-m2-m3-de_mirage,15,teamB,19900,9400,3,0,2
s3-r3-m2-m3-de_mirage,16,teamA,26000,25700,4,1,0
s3-r3-m2-m3-de_mirage,16,teamB,30200,4400,4,0,1
s3-r3-m2-m3-de_mirage,17,teamA,17850,11450,3,1,1
s3-r3-m2-m3-de_mirage,17,teamB,44000,10650,4,1,0
s3-r3-m2-m3-de_mirage,18,teamA,25300,25150,4,1,0
s3-r3-m2-m3-de_mirage,18,teamB,50900,22350,4,1,0
s3-r3-m2-m3-de_mirage,19,teamA,18950,6550,4,1,0
s3-r3-m2-m3-de_mirage,19,teamB,37000,26450,4,1,0
s3-r3-m2-m3-de_mirage,20,teamA,31400,17700,4,1,0
s3-r3-m2-m3-de_mirage,20,teamB,20950,10500,1,1,0
s3-r3-m2-m3-de_mirage,21,teamA,32500,5000,4,1,0
s3-r3-m2-m3-de_mirage,21,teamB,22050,21650,5,0,0
s3-r3-m2-m3-de_mirage,22,teamA,46500,15100,4,1,0
s3-r3-m2-m3-de_mirage,22,teamB,15500,9800,1,0,0
s3-r3-m2-m3-de_mirage,23,teamA,49550,11500,4,1,0
s3-r3-m2-m3-de_mirage,23,teamB,23000,22600,5,0,0
s3-r3-m3-m1-de_overpass,1,teamA,4000,3400,0,0,0
s3-r3-m3-m1-de_overpass,1,teamB,4000,3400,0,0,0
s3-r3-m3-m1-de_overpass,2,teamA,18650,18000,3,0,2
s3-r3-m3-m1-de_overpass,2,teamB,11750,700,0,0,0
s3-r3-m3-m1-de_overpass,3,teamA,18700,8200,4,0,1
s3-r3-m3-m1-de_overpass,3,teamB,23600,23000,5,0,0
s3-r3-m3-m1-de_overpass,4,teamA,17800,17650,3,0,0
s3-r3-m3-m1-de_overpass,4,teamB,19600,13200,5,0,0
s3-r3-m3-m1-de_overpass,5,teamA,10550,1400,0,0,0
s3-r3-m3-m1-de_overpass,5,teamB,25400,20350,4,1,0
s3-r3-m3-m1-de_overpass,6,teamA,21450,21100,5,0,0
s3-r3-m3-m1-de_overpass,6,teamB,24050,10300,4,1,0
s3-r3-m3-m1-de_overpass,7,teamA,15450,6900,0,0,0
s3-r3-m3-m1-de_overpass,7,teamB,32550,15100,4,1,0
s3-r3-m3-m1-de_overpass,8,teamA,26000,25250,4,1,0
s3-r3-m3-m1-de_overpass,8,teamB,36250,18200,4,1,0
s3-r3-m3-m1-de_overpass,9,teamA,19050,12700,4,1,0
s3-r3-m3-m1-de_overpass,9,teamB,26150,14050,4,1,0
s3-r3-m3-m1-de_overpass,10,teamA,21450,21150,4,1,0
s3-r3-m3-m1-de_overpass,10,teamB,31100,17450,4,1,0
s3-r3-m3-m1-de_overpass,11,teamA,14100,7600,0,0,0
s3-r3-m3-m1-de_overpass,11,teamB,32650,15100,4,1,0
s3-r3-m3-m1-de_overpass,12,teamA,24250,20450,4,1,0
s3-r3-m3-m1-de_overpass,12,teamB,26000,25650,4,1,0
s3-r3-m3-m1-de_overpass,13,teamA,4000,3400,0,0,0
s3-r3-m3-m1-de_overpass,13,teamB,4000,3300,0,0,0
s3-r3-m3-m1-de_overpass,14,teamA,11750,10300,0,0,2
s3-r3-m3-m1-de_overpass,14,teamB,18750,18000,3,0,2
s3-r3-m3-m1-de_overpass,15,teamA,13450,1800,0,0,0
s3-r3-m3-m1-de_overpass,15,teamB,19000,8200,4,0,1
s3-r3-m3-m1-de_overpass,16,teamA,25850,25150,4,1,0
s3-r3-m3-m1-de_overpass,16,teamB,28550,8350,4,1,0
s3-r3-m3-m1-de_overpass,17,teamA,19700,10200,4,1,0
s3-r3-m3-m1-de_overpass,17,teamB,27300,25350,4,1,0
s3-r3-m3-m1-de_overpass,18,teamA,27900,5550,4,1,0
s3-r3-m3-m1-de_overpass,18,teamB,11450,700,0,0,0
s3-r3-m3-m1-de_overpass,19,teamA,40950,5600,4,1,0
s3-r3-m3-m1-de_overpass,19,teamB,22750,22400,5,0,0
s3-r3-m3-m1-de_overpass,20,teamA,53250,15600,4,1,0
s3-r3-m3-m1-de_overpass,20,teamB,9650,5150,2,0,0
s3-r3-m3-m1-de_overpass,21,teamA,46100,30150,4,1,0
s3-r3-m3-m1-de_overpass,21,teamB,21900,17700,5,0,0
s3-r3-m3-m2-de_anubis,1,teamA,4000,3350,0,0,0
s3-r3-m3-m2-de_anubis,1,teamB,4000,3450,0,0,0
s3-r3-m3-m2-de_anubis,2,teamA,13750,13000,1,0,1
s3-r3-m3-m2-de_anubis,2,teamB,21100,19350,3,0,2
s3-r3-m3-m2-de_anubis,3,teamA,17250,17000,5,0,0
s3-r3-m3-m2-de_anubis,3,teamB,22100,15700,4,0,1
s3-r3-m3-m2-de_anubis,4,teamA,19250,15500,4,0,1
s3-r3-m3-m2-de_anubis,4,teamB,15350,14800,2,1,0
s3-r3-m3-m2-de_anubis,5,teamA,21950,5200,5,0,0
s3-r3-m3-m2-de_anubis,5,teamB,10050,0,1,1,0
s3-r3-m3-m2-de_anubis,6,teamA,34850,5300,5,0,0
s3-r3-m3-m2-de_anubis,6,teamB,22050,16050,4,1,0
s3-r3-m3-m2-de_anubis,7,teamA,48350,7150,3,1,1
s3-r3-m3-m2-de_anubis,7,teamB,21050,10450,3,0,0
s3-r3-m3-m2-de_anubis,8,teamA,59200,7900,4,1,0
s3-r3-m3-m2-de_anubis,8,teamB,27600,15850,3,2,0
s3-r3-m3-m2-de_anubis,9,teamA,70000,9050,4,1,0
s3-r3-m3-m2-de_anubis,9,teamB,29300,20250,4,1,0
s3-r3-m3-m2-de_anubis,10,teamA,68300,27350,4,1,0
s3-r3-m3-m2-de_anubis,10,teamB,27850,19100,4,1,0
s3-r3-m3-m2-de_anubis,11,teamA,49250,20200,4,1,0
s3-r3-m3-m2-de_anubis,11,teamB,27200,18400,4,1,0
s3-r3-m3-m2-de_anubis,12,teamA,41150,28550,4,1,0
s3-r3-m3-m2-de_anubis,12,teamB,27400,13400,4,1,0
s3-r3-m3-m2-de_anubis,13,teamA,4000,3400,0,0,0
s3-r3-m3-m2-de_anubis,13,teamB,4000,3400,0,0,0
s3-r3-m3-m2-de_anubis,14,teamA,10650,9650,0,0,1
s3-r3-m3-m2-de_anubis,14,teamB,18650,15450,3,0,1
s3-r3-m3-m2-de_anubis,15,teamA,20000,17900,5,0,0
s3-r3-m3-m2-de_anubis,15,teamB,8100,7100,0,0,0
s3-r3-m3-m2-de_anubis,16,teamA,11300,9850,0,0,2
s3-r3-m3-m2-de_anubis,16,teamB,18400,16250,4,0,1
s3-r3-m3-m2-de_anubis,17,teamA,12050,700,0,0,0
s3-r3-m3-m2-de_anubis,17,teamB,20500,8800,3,0,2
s3-r3-m3-m2-de_anubis,18,teamA,23350,23150,4,1,0
s3-r3-m3-m2-de_anubis,18,teamB,29750,11050,4,1,0
s3-r3-m3-m2-de_anubis,19,teamA,15250,13400,4,1,0
s3-r3-m3-m2-de_anubis,19,teamB,37100,9000,4,1,0
s3-r3-m3-m2-de_anubis,20,teamA,20100,19950,4,1,0
s3-r3-m3-m2-de_anubis,20,teamB,47400,18000,4,1,0
s3-r3-m4-m1-de_mirage,1,teamA,4000,3500,0,0,0
s3-r3-m4-m1-de_mirage,1,teamB,4000,3300,0,0,0
s3-r3-m4-m1-de_mirage,2,teamA,14500,14150,3,0,0
s3-r3-m4-m1-de_mirage,2,teamB,21250,20550,5,0,0
s3-r3-m4-m1-de_mirage,3,teamA,12650,3500,0,0,0
s3-r3-m4-m1-de_mirage,3,teamB,19700,9300,5,0,0
s3-r3-m4-m1-de_mirage,4,teamA,23650,23100,5,0,0
s3-r3-m4-m1-de_mirage,4,teamB,29400,3900,5,0,0
s3-r3-m4-m1-de_mirage,5,teamA,18450,9600,2,0,0
s3-r3-m4-m1-de_mirage,5,teamB,44200,18200,5,0,0
s3-r3-m4-m1-de_mirage,6,teamA,23050,22250,3,1,0
s3-r3-m4-m1-de_mirage,6,teamB,45000,15300,4,1,0
s3-r3-m4-m1-de_mirage,7,teamA,19300,12400,4,1,0
s3-r3-m4-m1-de_mirage,7,teamB,37800,18150,4,1,0
s3-r3-m4-m1-de_mirage,8,teamA,24650,10350,3,1,1
s3-r3-m4-m1-de_mirage,8,teamB,30250,26350,4,1,0
s3-r3-m4-m1-de_mirage,9,teamA,32700,6350,4,1,0
s3-r3-m4-m1-de_mirage,9,teamB,15900,8550,4,1,0
s3-r3-m4-m1-de_mirage,10,teamA,44450,9500,4,1,0
s3-r3-m4-m1-de_mirage,10,teamB,21650,12750,4,1,0
s3-r3-m4-m1-de_mirage,11,teamA,52500,20100,4,1,0
s3-r3-m4-m1-de_mirage,11,teamB,28100,25750,4,1,0
s3-r3-m4-m1-de_mirage,12,teamA,39300,27150,4,1,0
s3-r3-m4-m1-de_mirage,12,teamB,20800,13150,4,1,0
s3-r3-m4-m1-de_mirage,13,teamA,4000,3400,0,0,0
s3-r3-m4-m1-de_mirage,13,teamB,4000,3700,0,0,0
s3-r3-m4-m1-de_mirage,14,teamA,12000,11100,0,0,3
s3-r3-m4-m1-de_mirage,14,teamB,18350,17600,3,0,2
s3-r3-m4-m1-de_mirage,15,teamA,14600,3650,1,0,1
s3-r3-m4-m1-de_mirage,15,teamB,19450,10500,3,0,1
s3-r3-m4-m1-de_mirage,16,teamA,26550,25900,4,1,0
s3-r3-m4-m1-de_mirage,16,teamB,24400,12400,5,0,0
s3-r3-m4-m1-de_mirage,17,teamA,18200,10250,1,0,1
s3-r3-m4-m1-de_mirage,17,teamB,30050,8550,5,0,0
s3-r3-m4-m1-de_mirage,18,teamA,27150,20350,4,1,0
s3-r3-m4-m1-de_mirage,18,teamB,29100,26250,4,1,0
s3-r3-m4-m1-de_mirage,19,teamA,25600,22900,3,1,1
s3-r3-m4-m1-de_mirage,19,teamB,13350,5000,1,0,0
s3-r3-m4-m1-de_mirage,20,teamA,21300,16350,4,0,1
s3-r3-m4-m1-de_mirage,20,teamB,21250,20400,4,0,0
s3-r3-m4-m1-de_mirage,21,teamA,16100,14450,0,1,4
s3-r3-m4-m1-de_mirage,21,teamB,18900,15100,5,0,0
s3-r3-m4-m1-de_mirage,22,teamA,14250,14000,2,1,2
s3-r3-m4-m1-de_mirage,22,teamB,22800,13000,5,0,0
s3-r3-m4-m2-de_dust2,1,teamA,4000,3350,0,0,0
s3-r3-m4-m2-de_dust2,1,teamB,4000,3550,0,0,0
s3-r3-m4-m2-de_dust2,2,teamA,14050,13700,3,0,0
s3-r3-m4-m2-de_dust2,2,teamB,21000,20600,4,0,1
s3-r3-m4-m2-de_dust2,3,teamA,12450,3400,0,0,0
s3-r3-m4-m2-de_dust2,3,teamB,20000,10850,4,1,0
s3-r3-m4-m2-de_dust2,4,teamA,24150,23600,5,0,0
s3-r3-m4-m2-de_dust2,4,teamB,27750,4100,4,1,0
s3-r3-m4-m2-de_dust2,5,teamA,18150,7700,1,0,0
s3-r3-m4-m2-de_dust2,5,teamB,42050,16150,4,1,0
s3-r3-m4-m2-de_dust2,6,teamA,26650,20700,4,1,0
s3-r3-m4-m2-de_dust2,6,teamB,35100,28000,4,1,0
s3-r3-m4-m2-de_dust2,7,teamA,23500,7200,4,1,0
s3-r3-m4-m2-de_dust2,7,teamB,16950,4550,1,0,0
s3-r3-m4-m2-de_dust2,8,teamA,33850,6800,4,1,0
s3-r3-m4-m2-de_dust2,8,teamB,24950,24300,4,1,0
s3-r3-m4-m2-de_dust2,9,teamA,36650,26150,4,1,0
s3-r3-m4-m2-de_dust2,9,teamB,19450,11650,4,1,0
s3-r3-m4-m2-de_dust2,10,teamA,20100,18100,4,1,0
s3-r3-m4-m2-de_dust2,10,teamB,26250,5550,4,1,0
s3-r3-m4-m2-de_dust2,11,teamA,19550,4900,4,1,0
s3-r3-m4-m2-de_dust2,11,teamB,27700,25550,3,1,1
s3-r3-m4-m2-de_dust2,12,teamA,33450,18300,4,1,0
s3-r3-m4-m2-de_dust2,12,teamB,13300,13050,2,0,1
s3-r3-m4-m2-de_dust2,13,teamA,4000,3400,0,0,0
s3-r3-m4-m2-de_dust2,13,teamB,4000,3450,0,0,0
s3-r3-m4-m2-de_dust2,14,teamA,21150,20150,3,1,1
s3-r3-m4-m2-de_dust2,14,teamB,13650,13400,3,0,0
s3-r3-m4-m2-de_dust2,15,teamA,9450,8350,1,0,2
s3-r3-m4-m2-de_dust2,15,teamB,19250,15100,4,1,0
s3-r3-m4-m2-de_dust2,16,teamA,9900,500,0,0,0
s3-r3-m4-m2-de_dust2,16,teamB,22200,5500,4,1,0
s3-r3-m4-m2-de_dust2,17,teamA,21400,21050,5,0,0
s3-r3-m4-m2-de_dust2,17,teamB,34250,2000,4,1,0
s3-r3-m4-m2-de_dust2,18,teamA,15950,8100,0,0,1
s3-r3-m4-m2-de_dust2,18,teamB,50300,13150,4,1,0
s3-r3-m4-m2-de_dust2,19,teamA,26500,25950,4,1,0
s3-r3-m4-m2-de_dust2,19,teamB,54800,14750,3,1,1
s3-r3-m4-m2-de_dust2,20,teamA,19200,19050,4,0,1
s3-r3-m4-m2-de_dust2,20,teamB,58000,17500,4,1,0
s3-r3-m4-m3-de_inferno,1,teamA,4000,3450,0,0,0
s3-r3-m4-m3-de_inferno,1,teamB,4000,3300,0,0,0
s3-r3-m4-m3-de_inferno,2,teamA,13950,13350,2,0,1
s3-r3-m4-m3-de_inferno,2,teamB,21250,20300,3,0,2
s3-r3-m4-m3-de_inferno,3,teamA,13200,3950,0,0,0
s3-r3-m4-m3-de_inferno,3,teamB,20850,12650,4,0,1
s3-r3-m4-m3-de_inferno,4,teamA,23750,22800,5,0,0
s3-r3-m4-m3-de_inferno,4,teamB,27500,3400,4,0,1
s3-r3-m4-m3-de_inferno,5,teamA,19950,13000,5,0,0
s3-r3-m4-m3-de_inferno,5,teamB,31900,23150,4,1,0
s3-r3-m4-m3-de_inferno,6,teamA,25650,14350,4,1,0
s3-r3-m4-m3-de_inferno,6,teamB,18750,17150,5,0,0
s3-r3-m4-m3-de_inferno,7,teamA,30000,13850,4,1,0
s3-r3-m4-m3-de_inferno,7,teamB,14700,3700,2,0,0
s3-r3-m4-m3-de_inferno,8,teamA,23450,21250,4,0,1
s3-r3-m4-m3-de_inferno,8,teamB,28700,12000,5,0,0
s3-r3-m4-m3-de_inferno,9,teamA,12600,2450,1,0,0
s3-r3-m4-m3-de_inferno,9,teamB,35400,21150,4,1,0
s3-r3-m4-m3-de_inferno,10,teamA,22250,21800,5,0,0
s3-r3-m4-m3-de_inferno,10,teamB,33050,10400,4,1,0
s3-r3-m4-m3-de_inferno,11,teamA,15550,5950,0,0,0
s3-r3-m4-m3-de_inferno,11,teamB,40950,13900,4,1,0
s3-r3-m4-m3-de_inferno,12,teamA,30200,26750,4,1,0
s3-r3-m4-m3-de_inferno,12,teamB,47400,11200,4,1,0
s3-r3-m4-m3-de_inferno,13,teamA,4000,3400,0,0,0
s3-r3-m4-m3-de_inferno,13,teamB,4000,3350,0,0,0
s3-r3-m4-m3-de_inferno,14,teamA,11200,10500,1,0,1
s3-r3-m4-m3-de_inferno,14,teamB,18400,17500,3,0,2
s3-r3-m4-m3-de_inferno,15,teamA,12700,2500,0,0,0
s3-r3-m4-m3-de_inferno,15,teamB,19250,4800,4,0,1
s3-r3-m4-m3-de_inferno,16,teamA,25250,24750,4,1,0
s3-r3-m4-m3-de_inferno,16,teamB,33100,8300,5,0,0
s3-r3-m4-m3-de_inferno,17,teamA,18400,14700,4,1,0
s3-r3-m4-m3-de_inferno,17,teamB,43200,14000,5,0,0
s3-r4-a1-m1-de_overpass,1,teamA,4000,2300,0,0,0
s3-r4-a1-m1-de_overpass,1,teamB,4000,3450,0,0,0
s3-r4-a1-m1-de_overpass,2,teamA,18700,18250,4,0,1
s3-r4-a1-m1-de_overpass,2,teamB,11700,700,0,0,0
s3-r4-a1-m1-de_overpass,3,teamA,18200,10400,4,0,1
s3-r4-a1-m1-de_overpass,3,teamB,24100,23300,3,1,1
s3-r4-a1-m1-de_overpass,4,teamA,25850,8200,4,1,0
s3-r4-a1-m1-de_overpass,4,teamB,15650,7000,0,0,0
s3-r4-a1-m1-de_overpass,5,teamA,35400,7900,4,1,0
s3-r4-a1-m1-de_overpass,5,teamB,25900,25250,4,1,0
s3-r4-a1-m1-de_overpass,6,teamA,33400,20700,4,1,0
s3-r4-a1-m1-de_overpass,6,teamB,18700,9500,4,1,0
s3-r4-a1-m1-de_overpass,7,teamA,26300,24750,4,1,0
s3-r4-a1-m1-de_overpass,7,teamB,29550,20700,4,1,0
s3-r4-a1-m1-de_overpass,8,teamA,14450,4000,0,0,0
s3-r4-a1-m1-de_overpass,8,teamB,27650,20150,4,1,0
s3-r4-a1-m1-de_overpass,9,teamA,24850,24250,4,1,0
s3-r4-a1-m1-de_overpass,9,teamB,26500,14500,4,1,0
s3-r4-a1-m1-de_overpass,10,teamA,17900,10450,0,0,0
s3-r4-a1-m1-de_overpass,10,teamB,30600,9450,4,1,0
s3-r4-a1-m1-de_overpass,11,teamA,25050,23600,5,0,0
s3-r4-a1-m1-de_overpass,11,teamB,39950,13300,4,1,0
s3-r4-a1-m1-de_overpass,12,teamA,19500,12700,5,0,0
s3-r4-a1-m1-de_overpass,12,teamB,34350,31000,4,1,0
s3-r4-a1-m1-de_overpass,13,teamA,4000,3300,0,0,0
s3-r4-a1-m1-de_overpass,13,teamB,4000,3450,0,0,0
s3-r4-a1-m1-de_overpass,14,teamA,12400,10700,1,0,3
s3-r4-a1-m1-de_overpass,14,teamB,18600,17150,3,0,2
s3-r4-a1-m1-de_overpass,15,teamA,20350,18450,5,0,0
s3-r4-a1-m1-de_overpass,15,teamB,8150,4450,0,0,0
s3-r4-a1-m1-de_overpass,16,teamA,20900,6400,5,0,0
s3-r4-a1-m1-de_overpass,16,teamB,17650,17250,4,0,1
s3-r4-a1-m1-de_overpass,17,teamA,33100,15900,4,1,0
s3-r4-a1-m1-de_overpass,17,teamB,13000,1400,0,0,0
s3-r4-a1-m1-de_overpass,18,teamA,35600,3500,4,1,0
s3-r4-a1-m1-de_overpass,18,teamB,25800,24500,4,1,0
s3-r4-a1-m1-de_overpass,19,teamA,50500,18200,4,1,0
s3-r4-a1-m1-de_overpass,19,teamB,19200,17650,2,0,2
s3-r4-a1-m1-de_overpass,20,teamA,40750,28350,4,1,0
s3-r4-a1-m1-de_overpass,20,teamB,19400,16800,4,1,0
s3-r4-a1-m1-de_overpass,21,teamA,31000,10000,4,1,0
s3-r4-a1-m1-de_overpass,21,teamB,18500,18050,3,0,1
s3-r4-a1-m2-de_nuke,1,teamA,4000,3300,0,0,0
s3-r4-a1-m2-de_nuke,1,teamB,4000,3400,0,0,0
s3-r4-a1-m2-de_nuke,2,teamA,18750,18400,4,0,1
s3-r4-a1-m2-de_nuke,2,teamB,10650,10150,0,0,0
s3-r4-a1-m2-de_nuke,3,teamA,11550,700,0,0,0
s3-r4-a1-m2-de_nuke,3,teamB,21050,17200,5,0,0
s3-r4-a1-m2-de_nuke,4,teamA,20350,17950,4,0,1
s3-r4-a1-m2-de_nuke,4,teamB,22850,2700,5,0,0
s3-r4-a1-m2-de_nuke,5,teamA,12800,2350,0,0,0
s3-r4-a1-m2-de_nuke,5,teamB,39150,3800,5,0,0
s3-r4-a1-m2-de_nuke,6,teamA,25550,23800,5,0,0
s3-r4-a1-m2-de_nuke,6,teamB,54050,15300,4,1,0
s3-r4-a1-m2-de_nuke,7,teamA,19050,11650,1,0,0
s3-r4-a1-m2-de_nuke,7,teamB,57550,9150,4,1,0
s3-r4-a1-m2-de_nuke,8,teamA,24700,22600,5,0,0
s3-r4-a1-m2-de_nuke,8,teamB,67000,10450,4,1,0
s3-r4-a1-m2-de_nuke,9,teamA,20050,17700,4,1,0
s3-r4-a1-m2-de_nuke,9,teamB,65350,28700,4,1,0
s3-r4-a1-m2-de_nuke,10,teamA,17150,7550,0,0,0
s3-r4-a1-m2-de_nuke,10,teamB,55650,10600,4,1,0
s3-r4-a1-m2-de_nuke,11,teamA,30500,26250,4,1,0
s3-r4-a1-m2-de_nuke,11,teamB,64450,22150,4,1,0
s3-r4-a1-m2-de_nuke,12,teamA,22650,21000,4,1,0
s3-r4-a1-m2-de_nuke,12,teamB,50700,22950,4,1,0
s3-r4-a1-m2-de_nuke,13,teamA,4000,3400,0,0,0
s3-r4-a1-m2-de_nuke,13,teamB,4000,3450,0,0,0
s3-r4-a1-m2-de_nuke,14,teamA,10650,9600,1,0,0
s3-r4-a1-m2-de_nuke,14,teamB,19550,18950,4,0,1
s3-r4-a1-m2-de_nuke,15,teamA,13850,6250,1,0,0
s3-r4-a1-m2-de_nuke,15,teamB,19600,10750,4,0,1
s3-r4-a1-m2-de_nuke,16,teamA,23200,23000,5,0,0
s3-r4-a1-m2-de_nuke,16,teamB,26900,11900,5,0,0
s3-r4-a1-m2-de_nuke,17,teamA,20750,18600,4,0,1
s3-r4-a1-m2-de_nuke,17,teamB,26500,21800,5,0,0
s3-r4-a1-m2-de_nuke,18,teamA,21900,18200,5,0,0
s3-r4-a1-m2-de_nuke,18,teamB,18400,9900,2,0,0
s3-r4-a1-m2-de_nuke,19,teamA,14300,13400,2,0,0
s3-r4-a1-m2-de_nuke,19,teamB,26550,15900,5,0,0
s3-r4-a1-m2-de_nuke,20,teamA,18500,14500,5,0,0
s3-r4-a1-m2-de_nuke,20,teamB,15150,13200,5,0,0
s3-r4-a1-m2-de_nuke,21,teamA,23000,17000,4,1,0
s3-r4-a1-m2-de_nuke,21,teamB,12050,700,0,0,0
s3-r4-a1-m2-de_nuke,22,teamA,25000,3300,4,1,0
s3-r4-a1-m2-de_nuke,22,teamB,23150,22400,5,0,0
s3-r4-a1-m2-de_nuke,23,teamA,40700,18900,4,1,0
s3-r4-a1-m2-de_nuke,23,teamB,16150,10350,1,0,0
s3-r4-a1-m2-de_nuke,24,teamA,40800,19900,4,1,0
s3-r4-a1-m2-de_nuke,24,teamB,23200,22600,5,0,0
s3-r4-a2-m1-de_nuke,1,teamA,4000,3400,0,0,0
s3-r4-a2-m1-de_nuke,1,teamB,4000,3400,0,0,0
s3-r4-a2-m1-de_nuke,2,teamA,10700,700,0,0,0
s3-r4-a2-m1-de_nuke,2,teamB,19600,18450,3,0,1
s3-r4-a2-m1-de_nuke,3,teamA,22900,22000,5,0,0
s3-r4-a2-m1-de_nuke,3,teamB,19950,17750,5,0,0
s3-r4-a2-m1-de_nuke,4,teamA,10800,9200,3,0,0
s3-r4-a2-m1-de_nuke,4,teamB,20100,18500,4,0,1
s3-r4-a2-m1-de_nuke,5,teamA,18950,13850,4,0,1
s3-r4-a2-m1-de_nuke,5,teamB,10550,9850,0,0,3
s3-r4-a2-m1-de_nuke,6,teamA,18300,10200,0,0,1
s3-r4-a2-m1-de_nuke,6,teamB,19700,15700,4,0,1
s3-r4-a2-m1-de_nuke,7,teamA,23200,22700,5,0,0
s3-r4-a2-m1-de_nuke,7,teamB,23000,9550,3,1,1
s3-r4-a2-m1-de_nuke,8,teamA,18100,9300,1,0,0
s3-r4-a2-m1-de_nuke,8,teamB,32850,14850,4,1,0
s3-r4-a2-m1-de_nuke,9,teamA,25000,23500,5,0,0
s3-r4-a2-m1-de_nuke,9,teamB,36600,4600,4,1,0
s3-r4-a2-m1-de_nuke,10,teamA,18500,9850,1,0,0
s3-r4-a2-m1-de_nuke,10,teamB,50800,4400,4,1,0
s3-r4-a2-m1-de_nuke,11,teamA,25550,24950,4,1,0
s3-r4-a2-m1-de_nuke,11,teamB,65400,11500,4,1,0
s3-r4-a2-m1-de_nuke,12,teamA,18500,18300,5,0,0
s3-r4-a2-m1-de_nuke,12,teamB,70350,22700,4,1,0
s3-r4-a2-m1-de_nuke,13,teamA,4000,3250,0,0,0
s3-r4-a2-m1-de_nuke,13,teamB,4000,3550,0,0,0
s3-r4-a2-m1-de_nuke,14,teamA,11350,10900,0,0,2
s3-r4-a2-m1-de_nuke,14,teamB,18500,18100,4,0,1
s3-r4-a2-m2-de_dust2,1,teamA,4000,3300,0,0,0
s3-r4-a2-m2-de_dust2,1,teamB,4000,3250,0,0,0
s3-r4-a2-m2-de_dust2,2,teamA,10200,1700,0,0,0
s3-r4-a2-m2-de_dust2,2,teamB,19750,19400,5,0,0
s3-r4-a2-m2-de_dust2,3,teamA,20500,20250,4,0,0
s3-r4-a2-m2-de_dust2,3,teamB,19350,7200,5,0,0
s3-r4-a2-m2-de_dust2,4,teamA,18000,6600,5,0,0
s3-r4-a2-m2-de_dust2,4,teamB,19150,3950,0,0,1
s3-r4-a2-m2-de_dust2,5,teamA,28950,10650,4,1,0
s3-r4-a2-m2-de_dust2,5,teamB,23650,22750,5,0,0
s3-r4-a2-m2-de_dust2,6,teamA,25900,23950,4,1,0
s3-r4-a2-m2-de_dust2,6,teamB,19300,14000,5,0,0
s3-r4-a2-m2-de_dust2,7,teamA,20350,12200,4,1,0
s3-r4-a2-m2-de_dust2,7,teamB,13400,200,1,0,0
s3-r4-a2-m2-de_dust2,8,teamA,26200,12300,4,1,0
s3-r4-a2-m2-de_dust2,8,teamB,23200,22900,4,1,0
s3-r4-a2-m2-de_dust2,9,teamA,31150,19900,4,1,0
s3-r4-a2-m2-de_dust2,9,teamB,14500,5000,0,0,0
s3-r4-a2-m2-de_dust2,10,teamA,29300,12100,4,1,0
s3-r4-a2-m2-de_dust2,10,teamB,25100,24500,4,1,0
s3-r4-a2-m2-de_dust2,11,teamA,35250,8750,4,1,0
s3-r4-a2-m2-de_dust2,11,teamB,18150,8350,0,0,3
s3-r4-a2-m2-de_dust2,12,teamA,34200,27550,4,1,0
s3-r4-a2-m2-de_dust2,12,teamB,29200,23950,4,1,0
s3-r4-a2-m2-de_dust2,13,teamA,4000,3450,0,0,0
s3-r4-a2-m2-de_dust2,13,teamB,4000,3450,0,0,0
s3-r4-a2-m2-de_dust2,14,teamA,10600,10100,0,0,2
s3-r4-a2-m2-de_dust2,14,teamB,18600,17900,4,0,1
s3-r4-a2-m2-de_dust2,15,teamA,21300,17100,1,1,1
s3-r4-a2-m2-de_dust2,15,teamB,8000,6950,0,0,0
s3-r4-a2-m2-de_dust2,16,teamA,22400,12450,2,1,2
s3-r4-a2-m2-de_dust2,16,teamB,10450,200,0,0,0
s3-r4-a2-m2-de_dust2,17,teamA,28650,12650,2,2,1
s3-r4-a2-m2-de_dust2,17,teamB,22250,22100,5,0,0
s3-r4-a2-m2-de_dust2,18,teamA,34350,6200,3,2,0
s3-r4-a2-m2-de_dust2,18,teamB,11750,10900,2,0,1
s3-r4-a3-m1-de_dust2,1,teamA,4000,3350,0,0,0
s3-r4-a3-m1-de_dust2,1,teamB,4000,3400,0,0,0
s3-r4-a3-m1-de_dust2,2,teamA,18700,18300,2,0,2
s3-r4-a3-m1-de_dust2,2,teamB,11750,10350,0,0,2
s3-r4-a3-m1-de_dust2,3,teamA,18750,11550,3,0,1
s3-r4-a3-m1-de_dust2,3,teamB,14500,2700,0,0,0
s3-r4-a3-m1-de_dust2,4,teamA,25250,13450,4,1,0
s3-r4-a3-m1-de_dust2,4,teamB,27100,26500,4,1,0
s3-r4-a3-m1-de_dust2,5,teamA,30200,5600,4,1,0
s3-r4-a3-m1-de_dust2,5,teamB,17300,4100,3,0,0
s3-r4-a3-m1-de_dust2,6,teamA,43000,4950,4,1,0
s3-r4-a3-m1-de_dust2,6,teamB,28700,19650,4,1,0
s3-r4-a3-m1-de_dust2,7,teamA,45050,26250,4,1,0
s3-r4-a3-m1-de_dust2,7,teamB,27850,5200,4,1,0
s3-r4-a3-m1-de_dust2,8,teamA,28600,25900,4,1,0
s3-r4-a3-m1-de_dust2,8,teamB,41650,10100,4,1,0
s3-r4-a3-m1-de_dust2,9,teamA,20750,15550,4,1,0
s3-r4-a3-m1-de_dust2,9,teamB,45200,30950,3,2,0
s3-r4-a3-m1-de_dust2,10,teamA,24200,7800,4,1,0
s3-r4-a3-m1-de_dust2,10,teamB,29100,20700,4,1,0
s3-r4-a3-m1-de_dust2,11,teamA,33950,16500,4,1,0
s3-r4-a3-m1-de_dust2,11,teamB,26650,24050,3,1,1
s3-r4-a3-m1-de_dust2,12,teamA,34900,16650,4,1,0
s3-r4-a3-m1-de_dust2,12,teamB,20300,19650,3,1,1
s3-r4-a3-m1-de_dust2,13,teamA,4000,3550,0,0,0
s3-r4-a3-m1-de_dust2,13,teamB,4000,3350,0,0,0
s3-r4-a3-m1-de_dust2,14,teamA,21000,20800,4,0,1
s3-r4-a3-m1-de_dust2,14,teamB,14350,13950,2,0,1
s3-r4-a3-m1-de_dust2,15,teamA,20750,18950,2,1,2
s3-r4-a3-m1-de_dust2,15,teamB,17200,16500,5,0,0
s3-r4-a3-m1-de_dust2,16,teamA,20900,18000,4,1,0
s3-r4-a3-m1-de_dust2,16,teamB,15700,14200,2,0,1
s3-r4-a3-m2-de_mirage,1,teamA,4000,3350,0,0,0
s3-r4-a3-m2-de_mirage,1,teamB,4000,3450,0,0,0
s3-r4-a3-m2-de_mirage,2,teamA,13750,12950,2,0,1
s3-r4-a3-m2-de_mirage,2,teamB,21100,20700,5,0,0
s3-r4-a3-m2-de_mirage,3,teamA,16100,4500,0,0,0
s3-r4-a3-m2-de_mirage,3,teamB,20850,6600,5,0,0
s3-r4-a3-m2-de_mirage,4,teamA,25150,23300,5,0,0
s3-r4-a3-m2-de_mirage,4,teamB,32850,5400,5,0,0
s3-r4-a3-m2-de_mirage,5,teamA,19900,17700,5,0,0
s3-r4-a3-m2-de_mirage,5,teamB,36650,28300,4,1,0
s3-r4-a3-m2-de_mirage,6,teamA,20600,9100,5,0,0
s3-r4-a3-m2-de_mirage,6,teamB,18400,14550,3,2,0
s3-r4-a3-m2-de_mirage,7,teamA,24900,23000,4,1,0
s3-r4-a3-m2-de_mirage,7,teamB,24000,13400,4,1,0
s3-r4-a3-m2-de_mirage,8,teamA,20700,12800,4,1,0
s3-r4-a3-m2-de_mirage,8,teamB,18500,16100,2,1,2
s3-r4-a3-m2-de_mirage,9,teamA,15200,0,0,0,0
s3-r4-a3-m2-de_mirage,9,teamB,20600,14650,4,1,0
s3-r4-a3-m2-de_mirage,10,teamA,24000,23300,4,1,0
s3-r4-a3-m2-de_mirage,10,teamB,24950,5300,4,1,0
s3-r4-a3-m2-de_mirage,11,teamA,19400,13200,4,1,0
s3-r4-a3-m2-de_mirage,11,teamB,27750,16950,4,1,0
s3-r4-a3-m2-de_mirage,12,teamA,24400,7150,4,1,0
s3-r4-a3-m2-de_mirage,12,teamB,20300,17550,4,1,0
s3-r4-a3-m2-de_mirage,13,teamA,4000,3550,0,0,0
s3-r4-a3-m2-de_mirage,13,teamB,4000,3450,0,0,0
s3-r4-a3-m2-de_mirage,14,teamA,19450,18950,3,0,2
s3-r4-a3-m2-de_mirage,14,teamB,10950,700,0,0,0
s3-r4-a3-m2-de_mirage,15,teamA,19800,8800,4,0,1
s3-r4-a3-m2-de_mirage,15,teamB,22550,22200,5,0,0
s3-r4-a3-m2-de_mirage,16,teamA,19950,19650,2,1,1
s3-r4-a3-m2-de_mirage,16,teamB,18400,15400,4,0,1
s3-r4-a3-m2-de_mirage,17,teamA,20650,15550,4,1,0
s3-r4-a3-m2-de_mirage,17,teamB,16400,2700,0,0,0
s3-r4-a3-m2-de_mirage,18,teamA,23700,17600,4,1,0
s3-r4-a3-m2-de_mirage,18,teamB,26600,25250,4,1,0
s3-r4-a3-m2-de_mirage,19,teamA,24900,10100,4,1,0
s3-r4-a3-m2-de_mirage,19,teamB,15950,8450,0,0,0
s3-r4-a3-m2-de_mirage,20,teamA,33800,9900,4,1,0
s3-r4-a3-m2-de_mirage,20,teamB,24600,23600,5,0,0
s3-r4-a3-m3-de_anubis,1,teamA,4000,3400,0,0,0
s3-r4-a3-m3-de_anubis,1,teamB,4000,3300,0,0,0
s3-r4-a3-m3-de_anubis,2,teamA,10400,1400,0,0,0
s3-r4-a3-m3-de_anubis,2,teamB,19700,19200,5,0,0
s3-r4-a3-m3-de_anubis,3,teamA,21000,20500,5,0,0
s3-r4-a3-m3-de_anubis,3,teamB,19500,5700,5,0,0
s3-r4-a3-m3-de_anubis,4,teamA,19200,10850,1,0,0
s3-r4-a3-m3-de_anubis,4,teamB,34350,20200,4,1,0
s3-r4-a3-m3-de_anubis,5,teamA,25650,24650,4,1,0
s3-r4-a3-m3-de_anubis,5,teamB,32600,10200,4,1,0
s3-r4-a3-m3-de_anubis,6,teamA,19800,17100,4,1,0
s3-r4-a3-m3-de_anubis,6,teamB,31400,23600,4,1,0
s3-r4-a3-m3-de_anubis,7,teamA,20050,17250,3,1,1
s3-r4-a3-m3-de_anubis,7,teamB,19100,18850,1,1,2
s3-r4-a3-m3-de_anubis,8,teamA,18800,12000,1,0,0
s3-r4-a3-m3-de_anubis,8,teamB,21100,17350,4,1,0
s3-r4-a3-m3-de_anubis,9,teamA,24850,13450,4,1,0
s3-r4-a3-m3-de_anubis,9,teamB,11650,11100,1,0,0
s3-r4-a3-m3-de_anubis,10,teamA,29400,4100,4,1,0
s3-r4-a3-m3-de_anubis,10,teamB,9750,0,1,0,0
s3-r4-a3-m3-de_anubis,11,teamA,42650,13750,4,1,0
s3-r4-a3-m3-de_anubis,11,teamB,22850,22550,5,0,0
s3-r4-a3-m3-de_anubis,12,teamA,46950,13500,5,0,0
s3-r4-a3-m3-de_anubis,12,teamB,15900,15800,2,0,3
s3-r4-a3-m3-de_anubis,13,teamA,4000,3300,0,0,0
s3-r4-a3-m3-de_anubis,13,teamB,4000,3550,0,0,0
s3-r4-a3-m3-de_anubis,14,teamA,19700,18850,4,0,1
s3-r4-a3-m3-de_anubis,14,teamB,10850,700,0,0,0
s3-r4-a3-m3-de_anubis,15,teamA,19450,9700,4,0,1
s3-r4-a3-m3-de_anubis,15,teamB,22450,22100,5,0,0
s3-r4-a3-m3-de_anubis,16,teamA,18200,15750,3,0,2
s3-r4-a3-m3-de_anubis,16,teamB,19350,15700,5,0,0
s3-r4-a3-m3-de_anubis,17,teamA,21250,14400,5,0,0
s3-r4-a3-m3-de_anubis,17,teamB,13750,1000,0,0,0
s3-r4-a3-m3-de_anubis,18,teamA,25650,16950,4,1,0
s3-r4-a3-m3-de_anubis,18,teamB,23950,23300,4,1,0
s3-r4-a3-m3-de_anubis,19,teamA,16250,15400,4,1,0
s3-r4-a3-m3-de_anubis,19,teamB,19150,9350,4,1,0
s3-r4-a3-m3-de_anubis,20,teamA,10900,600,1,1,0
s3-r4-a3-m3-de_anubis,20,teamB,28300,8900,4,1,0
s3-r4-a3-m3-de_anubis,21,teamA,23200,18500,4,1,0
s3-r4-a3-m3-de_anubis,21,teamB,37900,13300,4,1,0
s3-r4-a3-m3-de_anubis,22,teamA,19700,10500,1,0,1
s3-r4-a3-m3-de_anubis,22,teamB,42650,13300,4,1,0
s3-r4-a3-m3-de_anubis,23,teamA,27400,23550,4,1,0
s3-r4-a3-m3-de_anubis,23,teamB,47750,12650,4,1,0
s3-r4-a3-m3-de_anubis,24,teamA,21900,21400,3,1,1
s3-r4-a3-m3-de_anubis,24,teamB,53150,19200,4,1,0
s3-r4-e1-m1-de_ancient,1,teamA,4000,3350,0,0,0
s3-r4-e1-m1-de_ancient,1,teamB,4000,3400,0,0,0
s3-r4-e1-m1-de_ancient,2,teamA,18700,17400,3,0,2
s3-r4-e1-m1-de_ancient,2,teamB,11200,10150,0,0,2
s3-r4-e1-m1-de_ancient,3,teamA,19100,9850,3,0,2
s3-r4-e1-m1-de_ancient,3,teamB,13600,2250,1,0,1
s3-r4-e1-m1-de_ancient,4,teamA,20550,20000,4,0,0
s3-r4-e1-m1-de_ancient,4,teamB,32800,23150,4,1,0
s3-r4-e1-m1-de_ancient,5,teamA,19450,16400,5,0,0
s3-r4-e1-m1-de_ancient,5,teamB,20250,19100,3,1,1
s3-r4-e1-m1-de_ancient,6,teamA,13750,12100,1,0,0
s3-r4-e1-m1-de_ancient,6,teamB,21500,13300,4,1,0
s3-r4-e1-m1-de_ancient,7,teamA,15050,3450,0,0,0
s3-r4-e1-m1-de_ancient,7,teamB,28250,12150,3,1,1
s3-r4-e1-m1-de_ancient,8,teamA,23900,23500,4,1,0
s3-r4-e1-m1-de_ancient,8,teamB,34800,8400,3,1,1
s3-r4-e1-m1-de_ancient,9,teamA,19100,11250,4,1,0
s3-r4-e1-m1-de_ancient,9,teamB,33750,18250,4,1,0
s3-r4-e1-m1-de_ancient,10,teamA,25700,16200,4,1,0
s3-r4-e1-m1-de_ancient,10,teamB,26250,25700,4,1,0
s3-r4-e1-m1-de_ancient,11,teamA,28200,17850,4,1,0
s3-r4-e1-m1-de_ancient,11,teamB,14000,13100,3,1,1
s3-r4-e1-m1-de_ancient,12,teamA,28750,10650,4,1,0
s3-r4-e1-m1-de_ancient,12,teamB,15750,13800,3,1,0
s3-r4-e1-m1-de_ancient,13,teamA,4000,3300,0,0,0
s3-r4-e1-m1-de_ancient,13,teamB,4000,3350,0,0,0
s3-r4-e1-m1-de_ancient,14,teamA,11850,10850,0,0,0
s3-r4-e1-m1-de_ancient,14,teamB,18700,18150,4,0,1
s3-r4-e1-m1-de_ancient,15,teamA,14750,14350,1,0,3
s3-r4-e1-m1-de_ancient,15,teamB,18600,14450,4,0,1
s3-r4-e1-m1-de_ancient,16,teamA,14900,4700,1,0,2
s3-r4-e1-m1-de_ancient,16,teamB,22550,5400,4,0,1
s3-r4-e1-m1-de_ancient,17,teamA,28600,16050,3,1,1
s3-r4-e1-m1-de_ancient,17,teamB,35550,15800,4,1,0
s3-r4-e1-m1-de_ancient,18,teamA,30850,18300,4,1,0
s3-r4-e1-m1-de_ancient,18,teamB,27450,22300,5,0,0
s3-r4-e1-m1-de_ancient,19,teamA,30800,9900,4,1,0
s3-r4-e1-m1-de_ancient,19,teamB,13050,11850,3,0,0
s3-r4-e1-m1-de_ancient,20,teamA,32700,18950,4,1,0
s3-r4-e1-m1-de_ancient,20,teamB,19700,6700,4,1,0
s3-r4-e1-m1-de_ancient,21,teamA,34100,13450,4,1,0
s3-r4-e1-m1-de_ancient,21,teamB,23700,23200,5,0,0
s3-r4-e1-m1-de_ancient,22,teamA,39250,15300,4,1,0
s3-r4-e1-m1-de_ancient,22,teamB,10600,10300,0,0,0
s3-r4-e1-m1-de_ancient,23,teamA,32850,27200,4,1,0
s3-r4-e1-m1-de_ancient,23,teamB,18350,16800,5,0,0
s3-r4-e1-m1-de_ancient,24,teamA,15500,15250,2,0,2
s3-r4-e1-m1-de_ancient,24,teamB,19600,13700,5,0,0
s3-r4-e1-m2-de_nuke,1,teamA,4000,3450,0,0,0
s3-r4-e1-m2-de_nuke,1,teamB,4000,3400,0,0,0
s3-r4-e1-m2-de_nuke,2,teamA,18600,17450,3,0,2
s3-r4-e1-m2-de_nuke,2,teamB,10650,10400,0,0,2
s3-r4-e1-m2-de_nuke,3,teamA,12050,8900,1,0,0
s3-r4-e1-m2-de_nuke,3,teamB,21700,15500,4,0,1
s3-r4-e1-m2-de_nuke,4,teamA,9750,0,0,0,0
s3-r4-e1-m2-de_nuke,4,teamB,25200,5100,4,0,1
s3-r4-e1-m2-de_nuke,5,teamA,25050,24000,5,0,0
s3-r4-e1-m2-de_nuke,5,teamB,40950,7650,4,1,0
s3-r4-e1-m2-de_nuke,6,teamA,16450,7450,0,0,0
s3-r4-e1-m2-de_nuke,6,teamB,52100,17900,4,1,0
s3-r4-e1-m2-de_nuke,7,teamA,26100,25550,4,1,0
s3-r4-e1-m2-de_nuke,7,teamB,53000,11900,4,1,0
s3-r4-e1-m2-de_nuke,8,teamA,18400,15700,4,1,0
s3-r4-e1-m2-de_nuke,8,teamB,50300,28300,4,1,0
s3-r4-e1-m2-de_nuke,9,teamA,20350,18500,4,1,0
s3-r4-e1-m2-de_nuke,9,teamB,33300,26900,4,1,0
s3-r4-e1-m2-de_nuke,10,teamA,20850,10550,3,1,1
s3-r4-e1-m2-de_nuke,10,teamB,19100,18950,4,1,0
s3-r4-e1-m2-de_nuke,11,teamA,28500,9350,4,1,0
s3-r4-e1-m2-de_nuke,11,teamB,15000,3850,2,1,0
s3-r4-e1-m2-de_nuke,12,teamA,26550,24650,4,1,0
s3-r4-e1-m2-de_nuke,12,teamB,29750,20850,4,1,0
s3-r4-e1-m2-de_nuke,13,teamA,4000,3400,0,0,0
s3-r4-e1-m2-de_nuke,13,teamB,4000,3300,0,0,0
s3-r4-e1-m2-de_nuke,14,teamA,19600,18850,3,0,2
s3-r4-e1-m2-de_nuke,14,teamB,11100,10950,1,0,0
s3-r4-e1-m2-de_nuke,15,teamA,21600,14100,5,0,0
s3-r4-e1-m2-de_nuke,15,teamB,16050,15100,4,0,0
s3-r4-e1-m2-de_nuke,16,teamA,26500,9800,5,0,0
s3-r4-e1-m2-de_nuke,16,teamB,15350,5950,0,0,0
s3-r4-e1-m2-de_nuke,17,teamA,35700,11050,4,1,0
s3-r4-e1-m2-de_nuke,17,teamB,26700,23200,5,0,0
s3-r4-e1-m2-de_nuke,18,teamA,32000,24100,4,1,0
s3-r4-e1-m2-de_nuke,18,teamB,22500,8900,4,1,0
s3-r4-e1-m2-de_nuke,19,teamA,28450,22250,4,1,0
s3-r4-e1-m2-de_nuke,19,teamB,32200,24300,5,0,0
s3-r4-e1-m2-de_nuke,20,teamA,13200,12900,3,0,1
s3-r4-e1-m2-de_nuke,20,teamB,26900,4850,4,1,0
s3-r4-e1-m2-de_nuke,21,teamA,11450,600,0,0,0
s3-r4-e1-m2-de_nuke,21,teamB,39900,16400,5,0,0
s3-r4-e1-m2-de_nuke,22,teamA,23400,23100,5,0,0
s3-r4-e1-m2-de_nuke,22,teamB,41550,10050,4,1,0
s3-r4-e1-m2-de_nuke,23,teamA,19300,10750,4,1,0
s3-r4-e1-m2-de_nuke,23,teamB,38800,29050,5,0,0
s3-r4-e1-m3-de_mirage,1,teamA,4000,3550,0,0,0
s3-r4-e1-m3-de_mirage,1,teamB,4000,3400,0,0,0
s3-r4-e1-m3-de_mirage,2,teamA,18500,17750,4,0,1
s3-r4-e1-m3-de_mirage,2,teamB,11750,11250,1,0,4
s3-r4-e1-m3-de_mirage,3,teamA,19100,17350,4,0,1
s3-r4-e1-m3-de_mirage,3,teamB,15900,15650,2,0,3
s3-r4-e1-m3-de_mirage,4,teamA,9350,8900,0,0,0
s3-r4-e1-m3-de_mirage,4,teamB,19850,12700,4,0,1
s3-r4-e1-m3-de_mirage,5,teamA,13850,2000,0,0,0
s3-r4-e1-m3-de_mirage,5,teamB,28000,14850,5,0,0
s3-r4-e1-m3-de_mirage,6,teamA,23550,22500,5,0,0
s3-r4-e1-m3-de_mirage,6,teamB,32150,4600,5,0,0
s3-r4-e1-m3-de_mirage,7,teamA,19750,10800,1,0,1
s3-r4-e1-m3-de_mirage,7,teamB,48100,24000,4,1,0
s3-r4-e1-m3-de_mirage,8,teamA,28250,23650,4,1,0
s3-r4-e1-m3-de_mirage,8,teamB,33100,21850,4,1,0
s3-r4-e1-m3-de_mirage,9,teamA,23200,16500,4,1,0
s3-r4-e1-m3-de_mirage,9,teamB,22200,21550,4,1,0
s3-r4-e1-m3-de_mirage,10,teamA,25500,7550,4,1,0
s3-r4-e1-m3-de_mirage,10,teamB,13200,3000,1,0,0
s3-r4-e1-m3-de_mirage,11,teamA,35800,9200,4,1,0
s3-r4-e1-m3-de_mirage,11,teamB,25250,24950,4,1,0
s3-r4-e1-m3-de_mirage,12,teamA,45200,13100,4,1,0
s3-r4-e1-m3-de_mirage,12,teamB,18000,16900,5,0,0
s3-r4-e1-m3-de_mirage,13,teamA,4000,3550,0,0,0
s3-r4-e1-m3-de_mirage,13,teamB,4000,3350,0,0,0
s3-r4-e1-m3-de_mirage,14,teamA,11050,9900,0,0,1
s3-r4-e1-m3-de_mirage,14,teamB,18700,17950,4,0,1
s3-r4-e1-m3-de_mirage,15,teamA,13150,2550,0,0,1
s3-r4-e1-m3-de_mirage,15,teamB,19550,4800,4,0,1
s3-r4-e1-m3-de_mirage,16,teamA,25900,25650,4,1,0
s3-r4-e1-m3-de_mirage,16,teamB,34650,15800,4,1,0
s3-r4-e1-m3-de_mirage,17,teamA,18850,16050,4,1,0
s3-r4-e1-m3-de_mirage,17,teamB,26750,23200,5,0,0
s3-r4-e1-m3-de_mirage,18,teamA,21400,20250,4,1,0
s3-r4-e1-m3-de_mirage,18,teamB,14250,13650,2,0,0
s3-r4-e1-m3-de_mirage,19,teamA,20150,6750,4,1,0
s3-r4-e1-m3-de_mirage,19,teamB,12600,3500,0,0,0
s3-r4-e1-m3-de_mirage,20,teamA,32200,11050,4,1,0
s3-r4-e1-m3-de_mirage,20,teamB,23900,23500,5,0,0
s3-r4-e2-m1-de_nuke,1,teamA,4000,3450,0,0,0
s3-r4-e2-m1-de_nuke,1,teamB,4000,3400,0,0,0
s3-r4-e2-m1-de_nuke,2,teamA,18600,16400,4,0,1
s3-r4-e2-m1-de_nuke,2,teamB,10650,9700,0,0,1
s3-r4-e2-m1-de_nuke,3,teamA,20100,8800,4,0,1
s3-r4-e2-m1-de_nuke,3,teamB,12900,2850,1,0,1
s3-r4-e2-m1-de_nuke,4,teamA,29650,12100,5,0,0
s3-r4-e2-m1-de_nuke,4,teamB,25350,24800,4,1,0
s3-r4-e2-m1-de_nuke,5,teamA,36250,7500,5,0,0
s3-r4-e2-m1-de_nuke,5,teamB,18100,15000,4,1,0
s3-r4-e2-m1-de_nuke,6,teamA,39650,24100,5,0,0
s3-r4-e2-m1-de_nuke,6,teamB,23450,13750,4,1,0
s3-r4-e2-m1-de_nuke,7,teamA,25650,24300,4,1,0
s3-r4-e2-m1-de_nuke,7,teamB,28500,14450,4,1,0
s3-r4-e2-m1-de_nuke,8,teamA,19200,13100,4,1,0
s3-r4-e2-m1-de_nuke,8,teamB,27150,25250,4,1,0
s3-r4-e2-m1-de_nuke,9,teamA,25100,3300,4,1,0
s3-r4-e2-m1-de_nuke,9,teamB,16400,5400,1,0,0
s3-r4-e2-m1-de_nuke,10,teamA,39250,20300,4,1,0
s3-r4-e2-m1-de_nuke,10,teamB,29500,27350,4,1,0
s3-r4-e2-m1-de_nuke,11,teamA,26850,23100,3,1,1
s3-r4-e2-m1-de_nuke,11,teamB,21150,16900,4,1,0
s3-r4-e2-m1-de_nuke,12,teamA,22850,9300,4,1,0
s3-r4-e2-m1-de_nuke,12,teamB,19300,18550,2,1,2
s3-r4-e2-m1-de_nuke,13,teamA,4000,3400,0,0,0
s3-r4-e2-m1-de_nuke,13,teamB,4000,3300,0,0,0
s3-r4-e2-m1-de_nuke,14,teamA,12850,11750,1,0,3
s3-r4-e2-m1-de_nuke,14,teamB,19700,16050,2,0,3
s3-r4-e2-m1-de_nuke,15,teamA,15650,3700,0,0,2
s3-r4-e2-m1-de_nuke,15,teamB,22950,15900,5,0,0
s3-r4-e2-m1-de_nuke,16,teamA,26450,22250,3,1,1
s3-r4-e2-m1-de_nuke,16,teamB,25750,2500,5,0,0
s3-r4-e2-m1-de_nuke,17,teamA,22450,15600,4,1,0
s3-r4-e2-m1-de_nuke,17,teamB,29450,22450,4,1,0
s3-r4-e2-m1-de_nuke,18,teamA,19200,14750,3,1,1
s3-r4-e2-m1-de_nuke,18,teamB,25300,8500,4,1,0
s3-r4-e2-m1-de_nuke,19,teamA,21150,15600,3,1,1
s3-r4-e2-m1-de_nuke,19,teamB,35500,22350,4,1,0
s3-r4-e2-m1-de_nuke,20,teamA,25700,21800,4,1,0
s3-r4-e2-m1-de_nuke,20,teamB,24650,22050,3,1,0
s3-r4-e2-m1-de_nuke,21,teamA,24050,20900,4,1,0
s3-r4-e2-m1-de_nuke,21,teamB,16400,16150,4,0,0
s3-r4-e2-m1-de_nuke,22,teamA,21750,9200,4,1,0
s3-r4-e2-m1-de_nuke,22,teamB,12550,12250,0,0,1
s3-r4-e2-m2-de_inferno,1,teamA,4000,3350,0,0,0
s3-r4-e2-m2-de_inferno,1,teamB,4000,3550,0,0,0
s3-r4-e2-m2-de_inferno,2,teamA,11050,900,0,0,0
s3-r4-e2-m2-de_inferno,2,teamB,19450,19050,4,0,1
s3-r4-e2-m2-de_inferno,3,teamA,22150,21800,5,0,0
s3-r4-e2-m2-de_inferno,3,teamB,20300,5700,4,0,1
s3-r4-e2-m2-de_inferno,4,teamA,18400,14750,4,0,1
s3-r4-e2-m2-de_inferno,4,teamB,23150,22300,3,1,1
s3-r4-e2-m2-de_inferno,5,teamA,13450,11900,1,0,0
s3-r4-e2-m2-de_inferno,5,teamB,19950,12300,5,0,0
s3-r4-e2-m2-de_inferno,6,teamA,13550,5300,1,0,0
s3-r4-e2-m2-de_inferno,6,teamB,26650,12050,4,0,1
s3-r4-e2-m2-de_inferno,7,teamA,22750,22150,4,0,1
s3-r4-e2-m2-de_inferno,7,teamB,33900,5200,5,0,0
s3-r4-e2-m2-de_inferno,8,teamA,18950,11700,5,0,0
s3-r4-e2-m2-de_inferno,8,teamB,36800,28550,4,1,0
s3-r4-e2-m2-de_inferno,9,teamA,26250,15900,3,1,1
s3-r4-e2-m2-de_inferno,9,teamB,19200,18600,4,1,0
s3-r4-e2-m2-de_inferno,10,teamA,27500,16200,4,1,0
s3-r4-e2-m2-de_inferno,10,teamB,14250,3900,0,0,0
s3-r4-e2-m2-de_inferno,11,teamA,29150,19350,4,1,0
s3-r4-e2-m2-de_inferno,11,teamB,26300,25900,4,1,0
s3-r4-e2-m2-de_inferno,12,teamA,15700,13650,1,1,1
s3-r4-e2-m2-de_inferno,12,teamB,18450,16200,4,1,0
s3-r4-e2-m2-de_inferno,13,teamA,4000,3400,0,0,0
s3-r4-e2-m2-de_inferno,13,teamB,4000,3450,0,0,0
s3-r4-e2-m2-de_inferno,14,teamA,19600,19050,4,0,1
s3-r4-e2-m2-de_inferno,14,teamB,10350,0,0,0,0
s3-r4-e2-m2-de_inferno,15,teamA,19550,5200,4,0,1
s3-r4-e2-m2-de_inferno,15,teamB,22350,22000,5,0,0
s3-r4-e2-m2-de_inferno,16,teamA,33550,4900,5,0,0
s3-r4-e2-m2-de_inferno,16,teamB,14850,4850,0,0,0
s3-r4-e2-m2-de_inferno,17,teamA,47450,14450,4,1,0
s3-r4-e2-m2-de_inferno,17,teamB,25900,24100,5,0,0
s3-r4-e2-m2-de_inferno,18,teamA,51400,8100,4,1,0
s3-r4-e2-m2-de_inferno,18,teamB,19100,9600,0,0,0
s3-r4-e2-m2-de_inferno,19,teamA,61900,20850,4,1,0
s3-r4-e2-m2-de_inferno,19,teamB,27200,25800,4,1,0
s3-r4-e2-m2-de_inferno,20,teamA,58950,8600,4,1,0
s3-r4-e2-m2-de_inferno,20,teamB,18700,18500,5,0,0
s3-r4-e2-m3-de_dust2,1,teamA,4000,3350,0,0,0
s3-r4-e2-m3-de_dust2,1,teamB,4000,3300,0,0,0
s3-r4-e2-m3-de_dust2,2,teamA,10750,0,0,0,0
s3-r4-e2-m3-de_dust2,2,teamB,19700,18950,4,0,1
s3-r4-e2-m3-de_dust2,3,teamA,22750,22400,5,0,0
s3-r4-e2-m3-de_dust2,3,teamB,20050,5400,4,0,1
s3-r4-e2-m3-de_dust2,4,teamA,18400,3500,5,0,0
s3-r4-e2-m3-de_dust2,4,teamB,21650,19550,3,1,1
s3-r4-e2-m3-de_dust2,5,teamA,23400,20500,4,1,0
s3-r4-e2-m3-de_dust2,5,teamB,19600,15950,3,1,1
s3-r4-e2-m3-de_dust2,6,teamA,15800,6350,1,0,0
s3-r4-e2-m3-de_dust2,6,teamB,22650,17900,4,1,0
s3-r4-e2-m3-de_dust2,7,teamA,23250,22600,5,0,0
s3-r4-e2-m3-de_dust2,7,teamB,23750,5500,4,1,0
s3-r4-e2-m3-de_dust2,8,teamA,18700,8800,4,1,0
s3-r4-e2-m3-de_dust2,8,teamB,25800,25300,4,1,0
s3-r4-e2-m3-de_dust2,9,teamA,27750,11300,4,1,0
s3-r4-e2-m3-de_dust2,9,teamB,11100,0,0,0,0
s3-r4-e2-m3-de_dust2,10,teamA,34200,10100,4,1,0
s3-r4-e2-m3-de_dust2,10,teamB,23500,23050,5,0,0
s3-r4-e2-m3-de_dust2,11,teamA,31700,25950,4,1,0
s3-r4-e2-m3-de_dust2,11,teamB,19350,14650,4,1,0
s3-r4-e2-m3-de_dust2,12,teamA,23100,14100,4,1,0
s3-r4-e2-m3-de_dust2,12,teamB,15100,13400,2,0,1
s3-r4-e2-m3-de_dust2,13,teamA,4000,2900,0,0,0
s3-r4-e2-m3-de_dust2,13,teamB,4000,3400,0,0,0
s3-r4-e2-m3-de_dust2,14,teamA,12250,5400,1,0,0
s3-r4-e2-m3-de_dust2,14,teamB,18650,16300,3,0,2
s3-r4-e2-m3-de_dust2,15,teamA,14700,1000,0,0,0
s3-r4-e2-m3-de_dust2,15,teamB,20850,8100,5,0,0
s3-r4-e2-m3-de_dust2,16,teamA,28750,27600,4,1,0
s3-r4-e2-m3-de_dust2,16,teamB,30500,9650,4,1,0
s3-r4-e2-m3-de_dust2,17,teamA,19250,15750,5,0,0
s3-r4-e2-m3-de_dust2,17,teamB,39550,12900,4,1,0
s3-r4-e2-m3-de_dust2,18,teamA,23650,13800,4,1,0
s3-r4-e2-m3-de_dust2,18,teamB,37650,23300,5,0,0
s3-r4-e2-m3-de_dust2,19,teamA,28250,9400,4,1,0
s3-r4-e2-m3-de_dust2,19,teamB,24150,21350,2,1,0
s3-r4-e2-m3-de_dust2,20,teamA,39000,14900,4,1,0
s3-r4-e2-m3-de_dust2,20,teamB,18700,18050,3,0,1
s3-r4-e2-m3-de_dust2,21,teamA,42900,14000,4,1,0
s3-r4-e2-m3-de_dust2,21,teamB,15450,6700,0,0,0
s3-r4-e2-m3-de_dust2,22,teamA,49050,19200,4,1,0
s3-r4-e2-m3-de_dust2,22,teamB,29750,26150,4,1,0
s3-r4-e2-m3-de_dust2,23,teamA,37750,27800,4,1,0
s3-r4-e2-m3-de_dust2,23,teamB,21650,12200,4,1,0
s3-r4-e2-m3-de_dust2,24,teamA,20550,19250,4,1,0
s3-r4-e2-m3-de_dust2,24,teamB,27750,19150,2,2,0
s3-r4-e3-m1-de_dust2,1,teamA,4000,3450,0,0,0
s3-r4-e3-m1-de_dust2,1,teamB,4000,3400,0,0,0
s3-r4-e3-m1-de_dust2,2,teamA,14250,13750,2,0,0
s3-r4-e3-m1-de_dust2,2,teamB,21150,20800,4,1,0
s3-r4-e3-m1-de_dust2,3,teamA,11300,10350,2,0,0
s3-r4-e3-m1-de_dust2,3,teamB,18800,16300,1,1,3
s3-r4-e3-m1-de_dust2,4,teamA,19650,13450,4,0,1
s3-r4-e3-m1-de_dust2,4,teamB,11200,10500,2,1,2
s3-r4-e3-m1-de_dust2,5,teamA,12200,10200,4,0,0
s3-r4-e3-m1-de_dust2,5,teamB,19200,11000,4,1,0
s3-r4-e3-m1-de_dust2,6,teamA,20400,6350,5,0,0
s3-r4-e3-m1-de_dust2,6,teamB,15200,4200,0,1,0
s3-r4-e3-m1-de_dust2,7,teamA,21750,18100,4,0,0
s3-r4-e3-m1-de_dust2,7,teamB,29400,17400,4,1,0
s3-r4-e3-m1-de_dust2,8,teamA,19100,8300,5,0,0
s3-r4-e3-m1-de_dust2,8,teamB,19250,13350,4,1,0
s3-r4-e3-m1-de_dust2,9,teamA,18400,16950,4,0,0
s3-r4-e3-m1-de_dust2,9,teamB,24700,15950,4,1,0
s3-r4-e3-m1-de_dust2,10,teamA,10150,0,0,0,0
s3-r4-e3-m1-de_dust2,10,teamB,27350,10700,4,1,0
s3-r4-e3-m1-de_dust2,11,teamA,21750,21300,5,0,0
s3-r4-e3-m1-de_dust2,11,teamB,35650,8400,4,1,0
s3-r4-e3-m1-de_dust2,12,teamA,14950,14350,2,0,0
s3-r4-e3-m1-de_dust2,12,teamB,45850,14400,4,1,0
s3-r4-e3-m1-de_dust2,13,teamA,4000,3250,0,0,0
s3-r4-e3-m1-de_dust2,13,teamB,4000,3450,0,0,0
s3-r4-e3-m1-de_dust2,14,teamA,21300,20600,4,0,0
s3-r4-e3-m1-de_dust2,14,teamB,14550,14000,2,0,0
s3-r4-e3-m1-de_dust2,15,teamA,9400,9000,0,0,1
s3-r4-e3-m1-de_dust2,15,teamB,18600,16400,5,0,0
s3-r4-e3-m1-de_dust2,16,teamA,11050,1300,0,0,1
s3-r4-e3-m1-de_dust2,16,teamB,20300,10050,4,0,1
s3-r4-e3-m1-de_dust2,17,teamA,22900,22500,4,0,0
s3-r4-e3-m1-de_dust2,17,teamB,28600,16600,5,0,0
s3-r4-e3-m1-de_dust2,18,teamA,17750,16350,4,0,0
s3-r4-e3-m1-de_dust2,18,teamB,14300,11800,5,0,0
s3-r4-e3-m1-de_dust2,19,teamA,20400,15000,5,0,0
s3-r4-e3-m1-de_dust2,19,teamB,12600,2050,0,0,0
s3-r4-e3-m1-de_dust2,20,teamA,23300,11400,4,1,0
s3-r4-e3-m1-de_dust2,20,teamB,22650,22200,5,0,0
s3-r4-e3-m2-de_overpass,1,teamA,4000,3350,0,0,0
s3-r4-e3-m2-de_overpass,1,teamB,4000,3400,0,0,0
s3-r4-e3-m2-de_overpass,2,teamA,18700,17900,3,0,2
s3-r4-e3-m2-de_overpass,2,teamB,11200,300,0,0,0
s3-r4-e3-m2-de_overpass,3,teamA,18600,9050,3,0,2
s3-r4-e3-m2-de_overpass,3,teamB,23450,20750,5,0,0
s3-r4-e3-m2-de_overpass,4,teamA,17150,3000,0,0,0
s3-r4-e3-m2-de_overpass,4,teamB,21500,15100,4,1,0
s3-r4-e3-m2-de_overpass,5,teamA,21450,20800,5,0,0
s3-r4-e3-m2-de_overpass,5,teamB,25000,6100,4,1,0
s3-r4-e3-m2-de_overpass,6,teamA,19350,12900,5,0,0
s3-r4-e3-m2-de_overpass,6,teamB,26800,18150,4,1,0
s3-r4-e3-m2-de_overpass,7,teamA,25250,4900,4,1,0
s3-r4-e3-m2-de_overpass,7,teamB,18150,16900,5,0,0
s3-r4-e3-m2-de_overpass,8,teamA,39150,12400,4,1,0
s3-r4-e3-m2-de_overpass,8,teamB,13600,1900,1,0,0
s3-r4-e3-m2-de_overpass,9,teamA,37650,24100,5,0,0
s3-r4-e3-m2-de_overpass,9,teamB,32050,17750,4,1,0
s3-r4-e3-m2-de_overpass,10,teamA,32550,18150,4,0,1
s3-r4-e3-m2-de_overpass,10,teamB,25500,24550,2,1,2
s3-r4-e3-m2-de_overpass,11,teamA,32450,14800,4,0,1
s3-r4-e3-m2-de_overpass,11,teamB,14900,5050,0,0,0
s3-r4-e3-m2-de_overpass,12,teamA,35400,21000,4,1,0
s3-r4-e3-m2-de_overpass,12,teamB,25150,24850,4,1,0
s3-r4-e3-m2-de_overpass,13,teamA,4000,3400,0,0,0
s3-r4-e3-m2-de_overpass,13,teamB,4000,3350,0,0,0
s3-r4-e3-m2-de_overpass,14,teamA,19600,18000,3,0,2
s3-r4-e3-m2-de_overpass,14,teamB,10450,200,0,0,0
s3-r4-e3-m2-de_overpass,15,teamA,20900,5600,3,0,2
s3-r4-e3-m2-de_overpass,15,teamB,21950,21500,5,0,0
s3-r4-e3-m2-de_overpass,16,teamA,34200,20650,4,1,0
s3-r4-e3-m2-de_overpass,16,teamB,15850,15300,2,0,2
s3-r4-e3-m2-de_overpass,17,teamA,32350,17550,4,1,0
s3-r4-e3-m2-de_overpass,17,teamB,18750,16650,4,0,0
s3-r5-d1-m1-de_inferno,1,teamA,4000,3400,0,0,0
s3-r5-d1-m1-de_inferno,1,teamB,4000,3250,0,0,0
s3-r5-d1-m1-de_inferno,2,teamA,18650,16200,3,0,2
s3-r5-d1-m1-de_inferno,2,teamB,11350,9850,1,0,1
s3-r5-d1-m1-de_inferno,3,teamA,21100,18500,3,1,1
s3-r5-d1-m1-de_inferno,3,teamB,15550,4550,0,0,0
s3-r5-d1-m1-de_inferno,4,teamA,21200,8000,4,1,0
s3-r5-d1-m1-de_inferno,4,teamB,26050,24450,4,1,0
s3-r5-d1-m1-de_inferno,5,teamA,23900,23550,4,1,0
s3-r5-d1-m1-de_inferno,5,teamB,21250,14650,4,1,0
s3-r5-d1-m1-de_inferno,6,teamA,13850,3200,0,0,0
s3-r5-d1-m1-de_inferno,6,teamB,27150,19200,4,1,0
s3-r5-d1-m1-de_inferno,7,teamA,22950,22600,5,0,0
s3-r5-d1-m1-de_inferno,7,teamB,26750,10300,4,1,0
s3-r5-d1-m1-de_inferno,8,teamA,19050,8400,4,1,0
s3-r5-d1-m1-de_inferno,8,teamB,24000,19650,4,1,0
s3-r5-d1-m1-de_inferno,9,teamA,29150,13200,4,1,0
s3-r5-d1-m1-de_inferno,9,teamB,14750,12700,3,1,1
s3-r5-d1-m1-de_inferno,10,teamA,24150,22950,3,1,0
s3-r5-d1-m1-de_inferno,10,teamB,20850,19150,3,1,1
s3-r5-d1-m1-de_inferno,11,teamA,9400,5450,1,0,0
s3-r5-d1-m1-de_inferno,11,teamB,19950,14400,4,1,0
s3-r5-d1-m1-de_inferno,12,teamA,12350,12100,0,0,0
s3-r5-d1-m1-de_inferno,12,teamB,24350,11600,4,1,0
s3-r5-d1-m1-de_inferno,13,teamA,4000,3550,0,0,0
s3-r5-d1-m1-de_inferno,13,teamB,4000,3450,0,0,0
s3-r5-d1-m1-de_inferno,14,teamA,11050,10150,0,0,2
s3-r5-d1-m1-de_inferno,14,teamB,18600,18050,4,0,1
s3-r5-d1-m1-de_inferno,15,teamA,14000,700,0,0,0
s3-r5-d1-m1-de_inferno,15,teamB,19200,11700,4,0,1
s3-r5-d1-m1-de_inferno,16,teamA,27450,24500,4,1,0
s3-r5-d1-m1-de_inferno,16,teamB,25700,10400,5,0,0
s3-r5-d1-m1-de_inferno,17,teamA,21350,12600,4,1,0
s3-r5-d1-m1-de_inferno,17,teamB,22700,22100,5,0,0
s3-r5-d1-m1-de_inferno,18,teamA,20350,17200,3,1,1
s3-r5-d1-m1-de_inferno,18,teamB,19300,6200,4,1,0
s3-r5-d1-m1-de_inferno,19,teamA,18200,16700,5,0,0
s3-r5-d1-m1-de_inferno,19,teamB,31800,9000,4,1,0
s3-r5-d1-m1-de_inferno,20,teamA,19050,17300,3,0,2
s3-r5-d1-m1-de_inferno,20,teamB,41600,10200,4,1,0
s3-r5-d1-m1-de_inferno,21,teamA,22050,20000,4,0,1
s3-r5-d1-m1-de_inferno,21,teamB,42600,20900,5,0,0
s3-r5-d1-m2-de_overpass,1,teamA,4000,3350,0,0,0
s3-r5-d1-m2-de_overpass,1,teamB,4000,3400,0,0,0
s3-r5-d1-m2-de_overpass,2,teamA,18400,17550,3,0,2
s3-r5-d1-m2-de_overpass,2,teamB,11200,7900,1,0,2
s3-r5-d1-m2-de_overpass,3,teamA,18900,13550,4,0,1
s3-r5-d1-m2-de_overpass,3,teamB,14650,3600,0,0,0
s3-r5-d1-m2-de_overpass,4,teamA,23400,7700,4,0,1
s3-r5-d1-m2-de_overpass,4,teamB,26100,25700,4,1,0
s3-r5-d1-m2-de_overpass,5,teamA,23300,21750,3,1,0
s3-r5-d1-m2-de_overpass,5,teamB,19200,13200,4,1,0
s3-r5-d1-m2-de_overpass,6,teamA,19100,15500,4,1,0
s3-r5-d1-m2-de_overpass,6,teamB,19250,15700,2,1,1
s3-r5-d1-m2-de_overpass,7,teamA,22300,14550,4,1,0
s3-r5-d1-m2-de_overpass,7,teamB,16300,8050,2,1,0
s3-r5-d1-m2-de_overpass,8,teamA,15350,0,0,0,0
s3-r5-d1-m2-de_overpass,8,teamB,27050,18000,4,1,0
s3-r5-d1-m2-de_overpass,9,teamA,25450,24550,4,1,0
s3-r5-d1-m2-de_overpass,9,teamB,28050,12000,4,1,0
s3-r5-d1-m2-de_overpass,10,teamA,8100,7950,2,1,1
s3-r5-d1-m2-de_overpass,10,teamB,33950,7600,4,1,0
s3-r5-d1-m2-de_overpass,11,teamA,14950,7500,0,0,0
s3-r5-d1-m2-de_overpass,11,teamB,45350,11600,4,1,0
s3-r5-d1-m2-de_overpass,12,teamA,28450,26350,4,1,0
s3-r5-d1-m2-de_overpass,12,teamB,54100,28850,3,2,0
s3-r5-d1-m2-de_overpass,13,teamA,4000,3400,0,0,0
s3-r5-d1-m2-de_overpass,13,teamB,4000,3300,0,0,0
s3-r5-d1-m2-de_overpass,14,teamA,21150,20750,3,0,2
s3-r5-d1-m2-de_overpass,14,teamB,14400,13950,3,0,0
s3-r5-d1-m2-de_overpass,15,teamA,20000,10300,4,0,0
s3-r5-d1-m2-de_overpass,15,teamB,13050,2100,0,0,0
s3-r5-d1-m2-de_overpass,16,teamA,28700,9150,4,1,0
s3-r5-d1-m2-de_overpass,16,teamB,24350,22500,5,0,0
s3-r5-d1-m2-de_overpass,17,teamA,38150,12400,4,1,0
s3-r5-d1-m2-de_overpass,17,teamB,19150,18750,5,0,0
s3-r5-d1-m2-de_overpass,18,teamA,45900,19600,4,1,0
s3-r5-d1-m2-de_overpass,18,teamB,21600,21050,5,0,0
s3-r5-d1-m2-de_overpass,19,teamA,44900,10700,4,1,0
s3-r5-d1-m2-de_overpass,19,teamB,17850,17500,5,0,0
s3-r5-d1-m2-de_overpass,20,teamA,52800,11500,4,1,0
s3-r5-d1-m2-de_overpass,20,teamB,17650,17450,5,0,0
s3-r5-d1-m2-de_overpass,21,teamA,49750,28350,4,1,0
s3-r5-d1-m2-de_overpass,21,teamB,18250,14850,4,0,1
s3-r5-d2-m1-de_mirage,1,teamA,4000,3400,0,0,0
s3-r5-d2-m1-de_mirage,1,teamB,4000,3400,0,0,0
s3-r5-d2-m1-de_mirage,2,teamA,10400,10050,0,0,0
s3-r5-d2-m1-de_mirage,2,teamB,19600,19150,4,0,1
s3-r5-d2-m1-de_mirage,3,teamA,19050,10900,4,0,1
s3-r5-d2-m1-de_mirage,3,teamB,7450,5650,2,0,1
s3-r5-d2-m1-de_mirage,4,teamA,19050,18700,3,1,0
s3-r5-d2-m1-de_mirage,4,teamB,20600,14550,5,0,0
s3-r5-d2-m1-de_mirage,5,teamA,9850,0,0,0,0
s3-r5-d2-m1-de_mirage,5,teamB,25050,4300,4,1,0
s3-r5-d2-m1-de_mirage,6,teamA,22150,21650,5,0,0
s3-r5-d2-m1-de_mirage,6,teamB,39550,7400,4,1,0
s3-r5-d2-m1-de_mirage,7,teamA,16200,5350,0,0,0
s3-r5-d2-m1-de_mirage,7,teamB,50750,22900,4,1,0
s3-r5-d2-m1-de_mirage,8,teamA,28150,25700,4,1,0
s3-r5-d2-m1-de_mirage,8,teamB,46850,9400,4,1,0
s3-r5-d2-m1-de_mirage,9,teamA,20350,12100,2,0,0
s3-r5-d2-m1-de_mirage,9,teamB,56250,18300,4,1,0
s3-r5-d2-m1-de_mirage,10,teamA,29450,26150,4,1,0
s3-r5-d2-m1-de_mirage,10,teamB,58000,24900,4,1,0
s3-r5-d2-m1-de_mirage,11,teamA,20000,19850,5,0,0
s3-r5-d2-m1-de_mirage,11,teamB,52100,5150,4,1,0
s3-r5-d2-m1-de_mirage,12,teamA,17150,16600,4,0,1
s3-r5-d2-m1-de_mirage,12,teamB,64000,15450,4,1,0
s3-r5-d2-m1-de_mirage,13,teamA,4000,3400,0,0,0
s3-r5-d2-m1-de_mirage,13,teamB,4000,3400,0,0,0
s3-r5-d2-m1-de_mirage,14,teamA,19600,19300,4,0,1
s3-r5-d2-m1-de_mirage,14,teamB,10400,0,0,0,0
s3-r5-d2-m1-de_mirage,15,teamA,19600,9800,5,0,0
s3-r5-d2-m1-de_mirage,15,teamB,22700,22300,5,0,0
s3-r5-d2-m1-de_mirage,16,teamA,28500,19850,4,1,0
s3-r5-d2-m1-de_mirage,16,teamB,15650,7050,0,0,0
s3-r5-d2-m1-de_mirage,17,teamA,27650,8800,4,1,0
s3-r5-d2-m1-de_mirage,17,teamB,24900,23850,4,1,0
s3-r5-d2-m1-de_mirage,18,teamA,37250,13600,4,1,0
s3-r5-d2-m1-de_mirage,18,teamB,18350,9900,0,0,0
s3-r5-d2-m1-de_mirage,19,teamA,32850,29200,4,1,0
s3-r5-d2-m1-de_mirage,19,teamB,26300,20300,4,1,0
s3-r5-d2-m1-de_mirage,20,teamA,22100,17850,4,1,0
s3-r5-d2-m1-de_mirage,20,teamB,18100,16800,4,1,0
s3-r5-d2-m2-de_dust2,1,teamA,4000,3600,0,0,0
s3-r5-d2-m2-de_dust2,1,teamB,4000,3300,0,0,0
s3-r5-d2-m2-de_dust2,2,teamA,14100,13500,3,0,0
s3-r5-d2-m2-de_dust2,2,teamB,21250,21000,5,0,0
s3-r5-d2-m2-de_dust2,3,teamA,18650,11200,5,0,0
s3-r5-d2-m2-de_dust2,3,teamB,7800,7500,0,0,0
s3-r5-d2-m2-de_dust2,4,teamA,25500,7550,4,0,1
s3-r5-d2-m2-de_dust2,4,teamB,10350,0,0,0,0
s3-r5-d2-m2-de_dust2,5,teamA,37500,7650,4,1,0
s3-r5-d2-m2-de_dust2,5,teamB,22350,21900,5,0,0
s3-r5-d2-m2-de_dust2,6,teamA,40850,26450,4,1,0
s3-r5-d2-m2-de_dust2,6,teamB,21000,18350,4,1,0
s3-r5-d2-m2-de_dust2,7,teamA,32900,8250,4,1,0
s3-r5-d2-m2-de_dust2,7,teamB,12500,2650,2,0,0
s3-r5-d2-m2-de_dust2,8,teamA,32050,26150,4,1,0
s3-r5-d2-m2-de_dust2,8,teamB,28850,15400,4,1,0
s3-r5-d2-m2-de_dust2,9,teamA,18600,18300,4,0,0
s3-r5-d2-m2-de_dust2,9,teamB,34000,10400,3,2,0
s3-r5-d2-m2-de_dust2,10,teamA,15900,6250,0,0,0
s3-r5-d2-m2-de_dust2,10,teamB,43550,10450,4,1,0
s3-r5-d2-m2-de_dust2,11,teamA,27000,18150,4,1,0
s3-r5-d2-m2-de_dust2,11,teamB,41550,28700,4,1,0
s3-r5-d2-m2-de_dust2,12,teamA,26200,9700,4,1,0
s3-r5-d2-m2-de_dust2,12,teamB,22900,22750,4,1,0
s3-r5-d2-m2-de_dust2,13,teamA,4000,3400,0,0,0
s3-r5-d2-m2-de_dust2,13,teamB,4000,3450,0,0,0
s3-r5-d2-m2-de_dust2,14,teamA,10100,9800,1,0,1
s3-r5-d2-m2-de_dust2,14,teamB,19250,17300,3,0,2
s3-r5-d2-m2-de_dust2,15,teamA,20850,19200,3,1,1
s3-r5-d2-m2-de_dust2,15,teamB,13450,11400,2,0,0
s3-r5-d2-m2-de_dust2,16,teamA,20250,7100,3,1,1
s3-r5-d2-m2-de_dust2,16,teamB,10450,2400,0,0,0
s3-r5-d2-m2-de_dust2,17,teamA,32750,22900,4,1,0
s3-r5-d2-m2-de_dust2,17,teamB,21550,21150,4,0,0
s3-r5-d2-m2-de_dust2,18,teamA,28650,12250,3,1,1
s3-r5-d2-m2-de_dust2,18,teamB,15500,7850,0,0,0
s3-r5-d2-m2-de_dust2,19,teamA,35000,7000,3,1,1
s3-r5-d2-m2-de_dust2,19,teamB,25400,24800,4,1,0
s3-r5-d2-m2-de_dust2,20,teamA,36450,25200,4,1,0
s3-r5-d2-m2-de_dust2,20,teamB,18750,16000,4,1,0
s3-r5-d3-m1-de_dust2,1,teamA,4000,3450,0,0,0
s3-r5-d3-m1-de_dust2,1,teamB,4000,3400,0,0,0
s3-r5-d3-m1-de_dust2,2,teamA,10950,10600,0,0,0
s3-r5-d3-m1-de_dust2,2,teamB,19600,19450,4,0,1
s3-r5-d3-m1-de_dust2,3,teamA,12950,2400,0,0,0
s3-r5-d3-m1-de_dust2,3,teamB,19150,12400,5,0,0
s3-r5-d3-m1-de_dust2,4,teamA,25350,24700,4,1,0
s3-r5-d3-m1-de_dust2,4,teamB,25750,10200,5,0,0
s3-r5-d3-m1-de_dust2,5,teamA,19450,12850,4,1,0
s3-r5-d3-m1-de_dust2,5,teamB,23450,22000,4,1,0
s3-r5-d3-m1-de_dust2,6,teamA,25100,12450,4,1,0
s3-r5-d3-m1-de_dust2,6,teamB,11650,300,1,1,0
s3-r5-d3-m1-de_dust2,7,teamA,31650,13450,4,1,0
s3-r5-d3-m1-de_dust2,7,teamB,24250,22350,4,1,0
s3-r5-d3-m1-de_dust2,8,teamA,36700,25300,4,1,0
s3-r5-d3-m1-de_dust2,8,teamB,18650,16750,3,2,0
s3-r5-d3-m1-de_dust2,9,teamA,29400,8200,4,1,0
s3-r5-d3-m1-de_dust2,9,teamB,19250,6050,1,1,2
s3-r5-d3-m1-de_dust2,10,teamA,26400,17650,4,1,0
s3-r5-d3-m1-de_dust2,10,teamB,28150,22850,3,2,0
s3-r5-d3-m1-de_dust2,11,teamA,16450,15800,4,1,0
s3-r5-d3-m1-de_dust2,11,teamB,23350,10400,3,2,0
s3-r5-d3-m1-de_dust2,12,teamA,12950,12200,0,0,0
s3-r5-d3-m1-de_dust2,12,teamB,31150,17600,3,2,0
s3-r5-d3-m1-de_dust2,13,teamA,4000,3400,0,0,0
s3-r5-d3-m1-de_dust2,13,teamB,4000,3350,0,0,0
s3-r5-d3-m1-de_dust2,14,teamA,19600,19000,3,0,2
s3-r5-d3-m1-de_dust2,14,teamB,10750,7000,0,0,0
s3-r5-d3-m1-de_dust2,15,teamA,19300,9600,4,0,1
s3-r5-d3-m1-de_dust2,15,teamB,12800,2100,0,0,0
s3-r5-d3-m1-de_dust2,16,teamA,30850,11400,4,1,0
s3-r5-d3-m1-de_dust2,16,teamB,28500,25650,4,1,0
s3-r5-d3-m1-de_dust2,17,teamA,38250,13150,3,1,1
s3-r5-d3-m1-de_dust2,17,teamB,20150,11950,2,0,0
s3-r5-d3-m1-de_dust2,18,teamA,43800,9700,4,1,0
s3-r5-d3-m1-de_dust2,18,teamB,25800,25150,4,1,0
s3-r5-d3-m1-de_dust2,19,teamA,52900,21350,4,1,0
s3-r5-d3-m1-de_dust2,19,teamB,14750,8000,1,0,0
s3-r5-d3-m1-de_dust2,20,teamA,39450,22400,4,1,0
s3-r5-d3-m1-de_dust2,20,teamB,24750,16150,4,1,0
s3-r5-d3-m1-de_dust2,21,teamA,27450,25550,4,1,0
s3-r5-d3-m1-de_dust2,21,teamB,26150,13100,4,1,0
s3-r5-d3-m1-de_dust2,22,teamA,16100,4850,0,0,0
s3-r5-d3-m1-de_dust2,22,teamB,30700,20500,4,1,0
s3-r5-d3-m1-de_dust2,23,teamA,26300,25750,4,1,0
s3-r5-d3-m1-de_dust2,23,teamB,29200,9250,4,1,0
s3-r5-d3-m1-de_dust2,24,teamA,18900,14500,4,1,0
s3-r5-d3-m1-de_dust2,24,teamB,38150,18800,4,1,0
s3-r5-d3-m2-de_inferno,1,teamA,4000,3350,0,0,0
s3-r5-d3-m2-de_inferno,1,teamB,4000,3550,0,0,0
s3-r5-d3-m2-de_inferno,2,teamA,18700,18250,3,0,2
s3-r5-d3-m2-de_inferno,2,teamB,11600,10950,0,0,1
s3-r5-d3-m2-de_inferno,3,teamA,8350,7500,1,0,0
s3-r5-d3-m2-de_inferno,3,teamB,19650,16650,4,0,0
s3-r5-d3-m2-de_inferno,4,teamA,18750,12350,4,0,1
s3-r5-d3-m2-de_inferno,4,teamB,10150,7850,3,0,2
s3-r5-d3-m2-de_inferno,5,teamA,14300,12500,2,0,0
s3-r5-d3-m2-de_inferno,5,teamB,21900,17800,5,0,0
s3-r5-d3-m2-de_inferno,6,teamA,11700,1400,0,0,0
s3-r5-d3-m2-de_inferno,6,teamB,22900,13750,4,0,1
s3-r5-d3-m2-de_inferno,7,teamA,22300,21600,4,0,0
s3-r5-d3-m2-de_inferno,7,teamB,29050,11050,4,1,0
s3-r5-d3-m2-de_inferno,8,teamA,15800,8700,0,0,0
s3-r5-d3-m2-de_inferno,8,teamB,37000,14200,4,1,0
s3-r5-d3-m2-de_inferno,9,teamA,23450,22400,5,0,0
s3-r5-d3-m2-de_inferno,9,teamB,41400,4900,4,1,0
s3-r5-d3-m2-de_inferno,10,teamA,18650,10150,0,0,0
s3-r5-d3-m2-de_inferno,10,teamB,55100,14850,4,1,0
s3-r5-d3-m2-de_inferno,11,teamA,26550,21700,4,1,0
s3-r5-d3-m2-de_inferno,11,teamB,49050,28550,4,1,0
s3-r5-d3-m2-de_inferno,12,teamA,22900,19000,5,0,0
s3-r5-d3-m2-de_inferno,12,teamB,31800,29350,4,1,0
s3-r5-d3-m2-de_inferno,13,teamA,4000,3550,0,0,0
s3-r5-d3-m2-de_inferno,13,teamB,4000,3400,0,0,0
s3-r5-d3-m2-de_inferno,14,teamA,19450,18900,4,0,1
s3-r5-d3-m2-de_inferno,14,teamB,10700,500,0,0,0
s3-r5-d3-m2-de_inferno,15,teamA,19850,9100,4,0,1
s3-r5-d3-m2-de_inferno,15,teamB,22200,22000,5,0,0
s3-r5-d3-m2-de_inferno,16,teamA,17550,12350,5,0,0
s3-r5-d3-m2-de_inferno,16,teamB,18600,5100,5,0,0
s3-r5-d3-m2-de_inferno,17,teamA,14700,9400,4,1,0
s3-r5-d3-m2-de_inferno,17,teamB,31600,5100,5,0,0
s3-r5-d3-m2-de_inferno,18,teamA,25450,19100,4,1,0
s3-r5-d3-m2-de_inferno,18,teamB,37700,23900,5,0,0
s3-r5-d3-m2-de_inferno,19,teamA,15000,14350,1,0,3
s3-r5-d3-m2-de_inferno,19,teamB,31850,16600,5,0,0
s3-r5-d3-m2-de_inferno,20,teamA,21200,18400,5,0,0
s3-r5-d3-m2-de_inferno,20,teamB,23150,20700,4,0,0
s3-r5-d3-m2-de_inferno,21,teamA,11800,11250,1,0,1
s3-r5-d3-m2-de_inferno,21,teamB,20500,17650,4,0,1
s3-r5-d3-m2-de_inferno,22,teamA,19950,14550,5,0,0
s3-r5-d3-m2-de_inferno,22,teamB,10150,8750,1,0,0
s3-r5-d3-m2-de_inferno,23,teamA,25950,22100,3,1,1
s3-r5-d3-m2-de_inferno,23,teamB,15400,4100,0,0,0
s3-r5-d3-m2-de_inferno,24,teamA,22650,14200,4,1,0
s3-r5-d3-m2-de_inferno,24,teamB,21200,20950,4,0,0
s3-r5-d3-m3-de_mirage,1,teamA,4000,3300,0,0,0
s3-r5-d3-m3-de_mirage,1,teamB,4000,3550,0,0,0
s3-r5-d3-m3-de_mirage,2,teamA,10500,700,0,0,0
s3-r5-d3-m3-de_mirage,2,teamB,19450,17950,3,0,2
s3-r5-d3-m3-de_mirage,3,teamA,22100,20900,5,0,0
s3-r5-d3-m3-de_mirage,3,teamB,20600,9400,4,0,1
s3-r5-d3-m3-de_mirage,4,teamA,19250,15700,5,0,0
s3-r5-d3-m3-de_mirage,4,teamB,19850,19450,3,1,1
s3-r5-d3-m3-de_mirage,5,teamA,22550,11750,4,0,1
s3-r5-d3-m3-de_mirage,5,teamB,11000,1500,0,1,0
s3-r5-d3-m3-de_mirage,6,teamA,29200,10850,4,1,0
s3-r5-d3-m3-de_mirage,6,teamB,21850,19650,4,1,0
s3-r5-d3-m3-de_mirage,7,teamA,36200,13100,4,1,0
s3-r5-d3-m3-de_mirage,7,teamB,17600,9250,1,0,1
s3-r5-d3-m3-de_mirage,8,teamA,42100,12050,4,1,0
s3-r5-d3-m3-de_mirage,8,teamB,26450,24150,4,1,0
s3-r5-d3-m3-de_mirage,9,teamA,37350,26250,4,1,0
s3-r5-d3-m3-de_mirage,9,teamB,21100,9650,4,1,0
s3-r5-d3-m3-de_mirage,10,teamA,20900,10650,1,0,0
s3-r5-d3-m3-de_mirage,10,teamB,30050,9550,4,1,0
s3-r5-d3-m3-de_mirage,11,teamA,25650,22900,5,0,0
s3-r5-d3-m3-de_mirage,11,teamB,41050,10200,4,1,0
s3-r5-d3-m3-de_mirage,12,teamA,21950,15000,4,1,0
s3-r5-d3-m3-de_mirage,12,teamB,41250,27350,4,1,0
s3-r5-d3-m3-de_mirage,13,teamA,4000,3400,0,0,0
s3-r5-d3-m3-de_mirage,13,teamB,4000,3450,0,0,0
s3-r5-d3-m3-de_mirage,14,teamA,11200,10300,0,0,1
s3-r5-d3-m3-de_mirage,14,teamB,18600,17200,3,0,2
s3-r5-d3-m3-de_mirage,15,teamA,12900,1200,0,0,1
s3-r5-d3-m3-de_mirage,15,teamB,19800,4500,3,0,2
s3-r5-d3-m3-de_mirage,16,teamA,26200,24550,4,1,0
s3-r5-d3-m3-de_mirage,16,teamB,33800,7100,4,0,1
s3-r5-d3-m3-de_mirage,17,teamA,19150,5900,4,1,0
s3-r5-d3-m3-de_mirage,17,teamB,30600,17850,4,1,0
s3-r5-d3-m3-de_mirage,18,teamA,31300,9000,4,1,0
s3-r5-d3-m3-de_mirage,18,teamB,20650,19100,4,0,0
s3-r5-d3-m3-de_mirage,19,teamA,33550,27600,4,1,0
s3-r5-d3-m3-de_mirage,19,teamB,20200,15800,4,1,0
s3-r5-d3-m3-de_mirage,20,teamA,17950,11200,4,1,0
s3-r5-d3-m3-de_mirage,20,teamB,22300,4600,4,1,0
s3-r5-d3-m3-de_mirage,21,teamA,25350,17750,4,1,0
s3-r5-d3-m3-de_mirage,21,teamB,25200,24750,4,1,0
s3-r5-d3-m3-de_mirage,22,teamA,25850,17450,4,1,0
s3-r5-d3-m3-de_mirage,22,teamB,8550,900,1,0,0
s3-r5-d3-m3-de_mirage,23,teamA,27200,14500,4,1,0
s3-r5-d3-m3-de_mirage,23,teamB,19850,19050,4,0,1
