side,lossReward,retained_value,roundStartMoney,weapon,weighted_probability,effective_n
t,1400,none,2550,none,0.3894,24.1
t,1400,none,2550,MAC-10,0.4286,24.1
t,1400,none,2550,Galil AR,0.0324,24.1
t,1400,none,2550,MP5-SD,0.0448,24.1
t,1400,none,2550,AK-47,0.0626,24.1
t,1400,none,2550,MP7,0.0421,24.1
t,1400,none,2600,none,0.3863,27.4
t,1400,none,2600,MAC-10,0.4468,27.4
t,1400,none,2600,Galil AR,0.0309,27.4
t,1400,none,2600,MP5-SD,0.0407,27.4
t,1400,none,2600,AK-47,0.0573,27.4
t,1400,none,2600,MP7,0.038,27.4
t,1400,none,2650,none,0.3422,32.4
t,1400,none,2650,MAC-10,0.5089,32.4
t,1400,none,2650,Galil AR,0.0287,32.4
t,1400,none,2650,MP5-SD,0.036,32.4
t,1400,none,2650,AK-47,0.051,32.4
t,1400,none,2650,MP7,0.0333,32.4
t,1400,none,2700,none,0.3653,34.8
t,1400,none,2700,MAC-10,0.4811,34.8
t,1400,none,2700,Galil AR,0.0285,34.8
t,1400,none,2700,MP5-SD,0.0341,34.8
t,1400,none,2700,AK-47,0.0599,34.8
t,1400,none,2700,MP7,0.0312,34.8
t,1400,none,2750,none,0.3096,43.0
t,1400,none,2750,MAC-10,0.5584,43.0
t,1400,none,2750,Galil AR,0.0253,43.0
t,1400,none,2750,MP5-SD,0.0289,43.0
t,1400,none,2750,AK-47,0.0515,43.0
t,1400,none,2750,MP7,0.0262,43.0
t,1400,none,2800,none,0.3074,47.9
t,1400,none,2800,MAC-10,0.5178,47.9
t,1400,none,2800,Galil AR,0.0776,47.9
t,1400,none,2800,MP5-SD,0.0262,47.9
t,1400,none,2800,AK-47,0.0475,47.9
t,1400,none,2800,MP7,0.0235,47.9
t,1400,none,2850,none,0.3047,49.9
t,1400,none,2850,MAC-10,0.5214,49.9
t,1400,none,2850,Galil AR,0.0771,49.9
t,1400,none,2850,MP5-SD,0.026,49.9
t,1400,none,2850,AK-47,0.0478,49.9
t,1400,none,2850,MP7,0.023,49.9
t,1400,none,2900,none,0.3035,51.5
t,1400,none,2900,MAC-10,0.5226,51.5
t,1400,none,2900,Galil AR,0.0769,51.5
t,1400,none,2900,MP5-SD,0.026,51.5
t,1400,none,2900,AK-47,0.0483,51.5
t,1400,none,2900,MP7,0.0227,51.5
t,1400,none,2950,none,0.2661,59.6
t,1400,none,2950,MAC-10,0.5597,59.6
t,1400,none,2950,Galil AR,0.0675,59.6
t,1400,none,2950,MP5-SD,0.0228,59.6
t,1400,none,2950,AK-47,0.0643,59.6
t,1400,none,2950,MP7,0.0196,59.6
t,1400,none,3000,none,0.2602,62.3
t,1400,none,3000,MAC-10,0.5494,62.3
t,1400,none,3000,Galil AR,0.0661,62.3
t,1400,none,3000,MP5-SD,0.0223,62.3
t,1400,none,3000,AK-47,0.0832,62.3
t,1400,none,3000,MP7,0.0188,62.3
t,1400,none,3050,MAC-10,0.6352,77.7
t,1400,none,3050,none,0.211,77.7
t,1400,none,3050,Galil AR,0.0537,77.7
t,1400,none,3050,MP5-SD,0.0181,77.7
t,1400,none,3050,AK-47,0.067,77.7
t,1400,none,3050,MP7,0.015,77.7
t,1400,none,3100,Galil AR,0.2486,100.6
t,1400,none,3100,MAC-10,0.4694,100.6
t,1400,none,3100,none,0.1558,100.6
t,1400,none,3100,MP7,0.0636,100.6
t,1400,none,3100,MP5-SD,0.0134,100.6
t,1400,none,3100,AK-47,0.0493,100.6
t,1400,none,3150,Galil AR,0.2414,102.2
t,1400,none,3150,MAC-10,0.5776,102.2
t,1400,none,3150,none,0.0903,102.2
t,1400,none,3150,MP7,0.0512,102.2
t,1400,none,3150,MP5-SD,0.0082,102.2
t,1400,none,3150,AK-47,0.0314,102.2
t,1400,none,3200,Galil AR,0.2444,103.2
t,1400,none,3200,MAC-10,0.5571,103.2
t,1400,none,3200,none,0.087,103.2
t,1400,none,3200,AK-47,0.034,103.2
t,1400,none,3200,MP7,0.0495,103.2
t,1400,none,3200,MP5-SD,0.0082,103.2
t,1400,none,3200,SSG 08,0.0199,103.2
t,1400,none,3250,MAC-10,0.6888,107.7
t,1400,none,3250,Galil AR,0.2095,107.7
t,1400,none,3250,none,0.044,107.7
t,1400,none,3250,AK-47,0.01,107.7
t,1400,none,3250,MP7,0.0377,107.7
t,1400,none,3250,MP5-SD,0.0012,107.7
t,1400,none,3250,SSG 08,0.0088,107.7
t,1400,none,3300,MAC-10,0.4581,102.1
t,1400,none,3300,Galil AR,0.3956,102.1
t,1400,none,3300,MP7,0.0919,102.1
t,1400,none,3300,none,0.0334,102.1
t,1400,none,3300,AK-47,0.0126,102.1
t,1400,none,3300,MP5-SD,0.0001,102.1
t,1400,none,3300,SSG 08,0.0083,102.1
t,1400,none,3350,AK-47,0.0319,152.3
t,1400,none,3350,MAC-10,0.4768,152.3
t,1400,none,3350,Galil AR,0.3488,152.3
t,1400,none,3350,MP7,0.1021,152.3
t,1400,none,3350,none,0.0213,152.3
t,1400,none,3350,MP5-SD,0.0021,152.3
t,1400,none,3350,SSG 08,0.017,152.3
t,1400,none,3400,AK-47,0.0214,150.0
t,1400,none,3400,MAC-10,0.3824,150.0
t,1400,none,3400,MP7,0.0649,150.0
t,1400,none,3400,Galil AR,0.516,150.0
t,1400,none,3400,none,0.0077,150.0
t,1400,none,3400,MP5-SD,0.0068,150.0
t,1400,none,3400,SSG 08,0.0006,150.0
t,1400,none,3450,AK-47,0.0204,124.4
t,1400,none,3450,MAC-10,0.3769,124.4
t,1400,none,3450,MP7,0.0512,124.4
t,1400,none,3450,Galil AR,0.5158,124.4
t,1400,none,3450,none,0.0305,124.4
t,1400,none,3450,MP5-SD,0.005,124.4
t,1400,none,3450,SSG 08,0.0002,124.4
t,1400,none,3500,AK-47,0.046,117.8
t,1400,none,3500,MAC-10,0.3237,117.8
t,1400,none,3500,MP7,0.036,117.8
t,1400,none,3500,Galil AR,0.5607,117.8
t,1400,none,3500,none,0.0271,117.8
t,1400,none,3500,MP5-SD,0.0006,117.8
t,1400,none,3500,SSG 08,0.006,117.8
t,1400,none,3550,AK-47,0.0437,108.1
t,1400,none,3550,MAC-10,0.3205,108.1
t,1400,none,3550,MP7,0.0378,108.1
t,1400,none,3550,Galil AR,0.5631,108.1
t,1400,none,3550,none,0.0233,108.1
t,1400,none,3550,MP5-SD,0.0,108.1
t,1400,none,3550,SSG 08,0.0117,108.1
t,1400,none,3600,AK-47,0.0488,161.9
t,1400,none,3600,MAC-10,0.3213,161.9
t,1400,none,3600,MP7,0.0277,161.9
t,1400,none,3600,Galil AR,0.5629,161.9
t,1400,none,3600,SSG 08,0.0069,161.9
t,1400,none,3600,none,0.0323,161.9
t,1400,none,3600,MP5-SD,0.0,161.9
t,1400,none,3600,M4A4,0.0,161.9
t,1400,none,3650,AK-47,0.0753,141.5
t,1400,none,3650,MAC-10,0.2532,141.5
t,1400,none,3650,MP7,0.0383,141.5
t,1400,none,3650,Galil AR,0.6097,141.5
t,1400,none,3650,SSG 08,0.0148,141.5
t,1400,none,3650,none,0.0087,141.5
t,1400,none,3650,MP5-SD,0.0,141.5
t,1400,none,3650,M4A4,0.0,141.5
t,1400,none,3700,Galil AR,0.5478,161.6
t,1400,none,3700,AK-47,0.2214,161.6
t,1400,none,3700,MAC-10,0.2025,161.6
t,1400,none,3700,MP7,0.021,161.6
t,1400,none,3700,SSG 08,0.0006,161.6
t,1400,none,3700,none,0.0067,161.6
t,1400,none,3700,MP5-SD,0.0,161.6
t,1400,none,3700,M4A4,0.0,161.6
t,1400,none,3750,Galil AR,0.6165,129.2
t,1400,none,3750,AK-47,0.1883,129.2
t,1400,none,3750,MAC-10,0.1597,129.2
t,1400,none,3750,MP7,0.0309,129.2
t,1400,none,3750,SSG 08,0.0001,129.2
t,1400,none,3750,none,0.0045,129.2
t,1400,none,3750,MP5-SD,0.0,129.2
t,1400,none,3750,M4A4,0.0001,129.2
t,1400,none,3800,Galil AR,0.5661,103.1
t,1400,none,3800,AK-47,0.2466,103.1
t,1400,none,3800,MAC-10,0.1465,103.1
t,1400,none,3800,MP7,0.0097,103.1
t,1400,none,3800,SSG 08,0.0152,103.1
t,1400,none,3800,none,0.009,103.1
t,1400,none,3800,MP5-SD,0.0,103.1
t,1400,none,3800,M4A4,0.0069,103.1
t,1400,none,3850,Galil AR,0.511,121.3
t,1400,none,3850,AK-47,0.2206,121.3
t,1400,none,3850,MAC-10,0.2172,121.3
t,1400,none,3850,MP7,0.0098,121.3
t,1400,none,3850,SSG 08,0.0066,121.3
t,1400,none,3850,none,0.024,121.3
t,1400,none,3850,MP5-SD,0.0001,121.3
t,1400,none,3850,M4A4,0.0107,121.3
t,1400,none,3900,Galil AR,0.5923,126.9
t,1400,none,3900,AK-47,0.1911,126.9
t,1400,none,3900,MAC-10,0.1595,126.9
t,1400,none,3900,MP7,0.017,126.9
t,1400,none,3900,SSG 08,0.0001,126.9
t,1400,none,3900,none,0.0256,126.9
t,1400,none,3900,MP5-SD,0.0,126.9
t,1400,none,3900,M4A4,0.0028,126.9
t,1400,none,3900,FAMAS,0.0114,126.9
t,1400,none,3950,Galil AR,0.6484,107.9
t,1400,none,3950,AK-47,0.2065,107.9
t,1400,none,3950,MAC-10,0.1228,107.9
t,1400,none,3950,MP7,0.0198,107.9
t,1400,none,3950,SSG 08,0.0004,107.9
t,1400,none,3950,none,0.0013,107.9
t,1400,none,3950,MP5-SD,0.0004,107.9
t,1400,none,3950,M4A4,0.0,107.9
t,1400,none,3950,FAMAS,0.0004,107.9
t,1400,none,4000,Galil AR,0.39,107.3
t,1400,none,4000,AK-47,0.4965,107.3
t,1400,none,4000,MAC-10,0.0835,107.3
t,1400,none,4000,MP7,0.0009,107.3
t,1400,none,4000,SSG 08,0.0097,107.3
t,1400,none,4000,none,0.0097,107.3
t,1400,none,4000,MP5-SD,0.0097,107.3
t,1400,none,4000,M4A4,0.0,107.3
t,1400,none,4000,FAMAS,0.0,107.3
t,1400,none,4050,Galil AR,0.4345,103.0
t,1400,none,4050,AK-47,0.4423,103.0
t,1400,none,4050,MAC-10,0.0972,103.0
t,1400,none,4050,MP7,0.0002,103.0
t,1400,none,4050,SSG 08,0.0064,103.0
t,1400,none,4050,none,0.0067,103.0
t,1400,none,4050,MP5-SD,0.0064,103.0
t,1400,none,4050,M4A4,0.0064,103.0
t,1400,none,4050,FAMAS,0.0,103.0
t,1400,none,4100,Galil AR,0.4553,104.4
t,1400,none,4100,AK-47,0.3759,104.4
t,1400,none,4100,MAC-10,0.1213,104.4
t,1400,none,4100,MP7,0.0003,104.4
t,1400,none,4100,SSG 08,0.002,104.4
t,1400,none,4100,none,0.0285,104.4
t,1400,none,4100,MP5-SD,0.002,104.4
t,1400,none,4100,M4A4,0.0146,104.4
t,1400,none,4100,FAMAS,0.0,104.4
t,1400,none,4150,Galil AR,0.4521,101.7
t,1400,none,4150,AK-47,0.3463,101.7
t,1400,none,4150,MAC-10,0.1501,101.7
t,1400,none,4150,MP7,0.0001,101.7
t,1400,none,4150,SSG 08,0.0006,101.7
t,1400,none,4150,none,0.0409,101.7
t,1400,none,4150,MP5-SD,0.0006,101.7
t,1400,none,4150,M4A4,0.0095,101.7
t,1400,none,4150,FAMAS,0.0,101.7
t,1400,none,4200,Galil AR,0.2941,103.4
t,1400,none,4200,AK-47,0.567,103.4
t,1400,none,4200,MAC-10,0.1175,103.4
t,1400,none,4200,MP7,0.0,103.4
t,1400,none,4200,SSG 08,0.0,103.4
t,1400,none,4200,none,0.0208,103.4
t,1400,none,4200,MP5-SD,0.0,103.4
t,1400,none,4200,M4A4,0.0007,103.4
t,1400,none,4200,FAMAS,0.0,103.4
t,1400,none,4250,Galil AR,0.2031,103.7
t,1400,none,4250,AK-47,0.711,103.7
t,1400,none,4250,MAC-10,0.0844,103.7
t,1400,none,4250,MP7,0.0,103.7
t,1400,none,4250,SSG 08,0.0,103.7
t,1400,none,4250,none,0.0016,103.7
t,1400,none,4250,MP5-SD,0.0,103.7
t,1400,none,4250,M4A4,0.0,103.7
t,1400,none,4250,FAMAS,0.0,103.7
t,1400,none,4300,Galil AR,0.1642,110.8
t,1400,none,4300,AK-47,0.7729,110.8
t,1400,none,4300,MAC-10,0.0579,110.8
t,1400,none,4300,MP7,0.0,110.8
t,1400,none,4300,SSG 08,0.0,110.8
t,1400,none,4300,none,0.005,110.8
t,1400,none,4300,MP5-SD,0.0,110.8
t,1400,none,4300,M4A4,0.0,110.8
t,1400,none,4300,FAMAS,0.0,110.8
t,1400,none,4350,Galil AR,0.1709,109.7
t,1400,none,4350,AK-47,0.7206,109.7
t,1400,none,4350,MAC-10,0.0706,109.7
t,1400,none,4350,MP7,0.0002,109.7
t,1400,none,4350,SSG 08,0.0,109.7
t,1400,none,4350,none,0.0377,109.7
t,1400,none,4350,MP5-SD,0.0,109.7
t,1400,none,4350,M4A4,0.0,109.7
t,1400,none,4350,FAMAS,0.0,109.7
t,1400,none,4400,Galil AR,0.1025,103.0
t,1400,none,4400,AK-47,0.7614,103.0
t,1400,none,4400,MAC-10,0.0679,103.0
t,1400,none,4400,MP7,0.0018,103.0
t,1400,none,4400,SSG 08,0.0,103.0
t,1400,none,4400,none,0.0664,103.0
t,1400,none,4400,MP5-SD,0.0,103.0
t,1400,none,4400,M4A4,0.0,103.0
t,1400,none,4400,FAMAS,0.0,103.0
t,1400,none,4450,Galil AR,0.0758,103.7
t,1400,none,4450,AK-47,0.7764,103.7
t,1400,none,4450,MAC-10,0.0768,103.7
t,1400,none,4450,MP7,0.0079,103.7
t,1400,none,4450,SSG 08,0.0,103.7
t,1400,none,4450,none,0.0631,103.7
t,1400,none,4450,MP5-SD,0.0,103.7
t,1400,none,4450,M4A4,0.0,103.7
t,1400,none,4450,FAMAS,0.0,103.7
t,1400,none,4500,Galil AR,0.0628,104.2
t,1400,none,4500,AK-47,0.7934,104.2
t,1400,none,4500,MAC-10,0.077,104.2
t,1400,none,4500,MP7,0.0118,104.2
t,1400,none,4500,SSG 08,0.0,104.2
t,1400,none,4500,none,0.055,104.2
t,1400,none,4500,MP5-SD,0.0,104.2
t,1400,none,4500,M4A4,0.0,104.2
t,1400,none,4500,FAMAS,0.0,104.2
t,1400,none,4550,Galil AR,0.0584,103.9
t,1400,none,4550,AK-47,0.7956,103.9
t,1400,none,4550,MAC-10,0.0798,103.9
t,1400,none,4550,MP7,0.0134,103.9
t,1400,none,4550,SSG 08,0.0,103.9
t,1400,none,4550,none,0.0527,103.9
t,1400,none,4550,MP5-SD,0.0,103.9
t,1400,none,4550,M4A4,0.0,103.9
t,1400,none,4550,FAMAS,0.0,103.9
t,1400,none,4600,Galil AR,0.0156,100.0
t,1400,none,4600,AK-47,0.9042,100.0
t,1400,none,4600,MAC-10,0.0441,100.0
t,1400,none,4600,MP7,0.0113,100.0
t,1400,none,4600,SSG 08,0.0,100.0
t,1400,none,4600,none,0.0248,100.0
t,1400,none,4600,MP5-SD,0.0,100.0
t,1400,none,4600,M4A4,0.0,100.0
t,1400,none,4600,FAMAS,0.0,100.0
t,1400,none,4650,Galil AR,0.0105,100.7
t,1400,none,4650,AK-47,0.9206,100.7
t,1400,none,4650,MAC-10,0.0384,100.7
t,1400,none,4650,MP7,0.0082,100.7
t,1400,none,4650,SSG 08,0.0,100.7
t,1400,none,4650,none,0.0224,100.7
t,1400,none,4650,MP5-SD,0.0,100.7
t,1400,none,4650,M4A4,0.0,100.7
t,1400,none,4650,FAMAS,0.0,100.7
t,1400,none,4700,Galil AR,0.005,104.3
t,1400,none,4700,AK-47,0.9422,104.3
t,1400,none,4700,MAC-10,0.0311,104.3
t,1400,none,4700,MP7,0.0043,104.3
t,1400,none,4700,SSG 08,0.0,104.3
t,1400,none,4700,none,0.0174,104.3
t,1400,none,4700,MP5-SD,0.0,104.3
t,1400,none,4700,M4A4,0.0,104.3
t,1400,none,4700,FAMAS,0.0,104.3
t,1400,none,4750,Galil AR,0.0045,108.1
t,1400,none,4750,AK-47,0.9335,108.1
t,1400,none,4750,MAC-10,0.0438,108.1
t,1400,none,4750,MP7,0.0032,108.1
t,1400,none,4750,SSG 08,0.0,108.1
t,1400,none,4750,none,0.0151,108.1
t,1400,none,4750,MP5-SD,0.0,108.1
t,1400,none,4750,M4A4,0.0,108.1
t,1400,none,4750,FAMAS,0.0,108.1
t,1400,none,4800,Galil AR,0.0006,102.2
t,1400,none,4800,AK-47,0.9473,102.2
t,1400,none,4800,MAC-10,0.0336,102.2
t,1400,none,4800,MP7,0.0003,102.2
t,1400,none,4800,SSG 08,0.0,102.2
t,1400,none,4800,none,0.0071,102.2
t,1400,none,4800,FAMAS,0.0,102.2
t,1400,none,4800,MP5-SD,0.0,102.2
t,1400,none,4800,M4A4,0.0112,102.2
t,1400,none,4850,Galil AR,0.0018,108.5
t,1400,none,4850,AK-47,0.9284,108.5
t,1400,none,4850,MAC-10,0.0529,108.5
t,1400,none,4850,MP7,0.0001,108.5
t,1400,none,4850,SSG 08,0.0,108.5
t,1400,none,4850,none,0.0041,108.5
t,1400,none,4850,FAMAS,0.0,108.5
t,1400,none,4850,MP5-SD,0.0,108.5
t,1400,none,4850,M4A4,0.0126,108.5
t,1400,none,4900,Galil AR,0.0013,106.7
t,1400,none,4900,AK-47,0.9304,106.7
t,1400,none,4900,MAC-10,0.0577,106.7
t,1400,none,4900,MP7,0.0,106.7
t,1400,none,4900,SSG 08,0.0,106.7
t,1400,none,4900,none,0.0002,106.7
t,1400,none,4900,FAMAS,0.0,106.7
t,1400,none,4900,MP5-SD,0.0,106.7
t,1400,none,4900,M4A4,0.0103,106.7
t,1400,none,4900,M4A1-S,0.0,106.7
t,1400,none,4950,Galil AR,0.0046,110.2
t,1400,none,4950,AK-47,0.9293,110.2
t,1400,none,4950,MAC-10,0.0615,110.2
t,1400,none,4950,MP7,0.0,110.2
t,1400,none,4950,SSG 08,0.0,110.2
t,1400,none,4950,none,0.0,110.2
t,1400,none,4950,FAMAS,0.0,110.2
t,1400,none,4950,MP5-SD,0.0,110.2
t,1400,none,4950,M4A4,0.0046,110.2
t,1400,none,4950,M4A1-S,0.0,110.2
t,1400,none,5000,Galil AR,0.0098,106.3
t,1400,none,5000,AK-47,0.9317,106.3
t,1400,none,5000,MAC-10,0.0573,106.3
t,1400,none,5000,MP7,0.0,106.3
t,1400,none,5000,SSG 08,0.0,106.3
t,1400,none,5000,none,0.0,106.3
t,1400,none,5000,FAMAS,0.0,106.3
t,1400,none,5000,MP5-SD,0.0,106.3
t,1400,none,5000,M4A4,0.0013,106.3
t,1400,none,5000,M4A1-S,0.0,106.3
t,1400,none,5050,Galil AR,0.0121,112.8
t,1400,none,5050,AK-47,0.9339,112.8
t,1400,none,5050,MAC-10,0.0535,112.8
t,1400,none,5050,MP7,0.0,112.8
t,1400,none,5050,SSG 08,0.0,112.8
t,1400,none,5050,none,0.0,112.8
t,1400,none,5050,FAMAS,0.0,112.8
t,1400,none,5050,MP5-SD,0.0,112.8
t,1400,none,5050,M4A4,0.0005,112.8
t,1400,none,5050,M4A1-S,0.0,112.8
t,1400,none,5100,Galil AR,0.0107,112.5
t,1400,none,5100,AK-47,0.9408,112.5
t,1400,none,5100,MAC-10,0.0484,112.5
t,1400,none,5100,MP7,0.0,112.5
t,1400,none,5100,SSG 08,0.0,112.5
t,1400,none,5100,none,0.0,112.5
t,1400,none,5100,FAMAS,0.0,112.5
t,1400,none,5100,MP5-SD,0.0,112.5
t,1400,none,5100,M4A4,0.0001,112.5
t,1400,none,5100,M4A1-S,0.0,112.5
t,1400,none,5150,Galil AR,0.0063,106.9
t,1400,none,5150,AK-47,0.9232,106.9
t,1400,none,5150,MAC-10,0.0431,106.9
t,1400,none,5150,MP7,0.0,106.9
t,1400,none,5150,SSG 08,0.0,106.9
t,1400,none,5150,none,0.0,106.9
t,1400,none,5150,FAMAS,0.0,106.9
t,1400,none,5150,MP5-SD,0.0,106.9
t,1400,none,5150,AWP,0.0274,106.9
t,1400,none,5150,M4A4,0.0,106.9
t,1400,none,5150,M4A1-S,0.0,106.9
t,1400,none,5200,Galil AR,0.0032,112.1
t,1400,none,5200,AK-47,0.9367,112.1
t,1400,none,5200,MAC-10,0.0384,112.1
t,1400,none,5200,MP7,0.0,112.1
t,1400,none,5200,SSG 08,0.0,112.1
t,1400,none,5200,none,0.0,112.1
t,1400,none,5200,FAMAS,0.0,112.1
t,1400,none,5200,MP5-SD,0.0,112.1
t,1400,none,5200,AWP,0.0218,112.1
t,1400,none,5200,M4A4,0.0,112.1
t,1400,none,5200,M4A1-S,0.0,112.1
t,1400,none,5250,Galil AR,0.0011,104.4
t,1400,none,5250,AK-47,0.9512,104.4
t,1400,none,5250,MAC-10,0.0332,104.4
t,1400,none,5250,MP7,0.0,104.4
t,1400,none,5250,SSG 08,0.0,104.4
t,1400,none,5250,none,0.0001,104.4
t,1400,none,5250,FAMAS,0.0001,104.4
t,1400,none,5250,MP5-SD,0.0,104.4
t,1400,none,5250,AWP,0.0144,104.4
t,1400,none,5250,M4A4,0.0,104.4
t,1400,none,5250,M4A1-S,0.0,104.4
t,1400,none,5300,Galil AR,0.0006,112.3
t,1400,none,5300,AK-47,0.9606,112.3
t,1400,none,5300,MAC-10,0.0295,112.3
t,1400,none,5300,MP7,0.0,112.3
t,1400,none,5300,SSG 08,0.0,112.3
t,1400,none,5300,none,0.0006,112.3
t,1400,none,5300,FAMAS,0.0006,112.3
t,1400,none,5300,MP5-SD,0.0,112.3
t,1400,none,5300,AWP,0.0082,112.3
t,1400,none,5300,M4A4,0.0,112.3
t,1400,none,5300,M4A1-S,0.0,112.3
t,1400,none,5350,Galil AR,0.0001,100.4
t,1400,none,5350,AK-47,0.9687,100.4
t,1400,none,5350,MAC-10,0.0262,100.4
t,1400,none,5350,MP7,0.0,100.4
t,1400,none,5350,SSG 08,0.0,100.4
t,1400,none,5350,none,0.0012,100.4
t,1400,none,5350,FAMAS,0.0012,100.4
t,1400,none,5350,MP5-SD,0.0,100.4
t,1400,none,5350,AWP,0.0025,100.4
t,1400,none,5350,M4A4,0.0,100.4
t,1400,none,5350,M4A1-S,0.0,100.4
t,1400,none,5400,Galil AR,0.0,104.9
t,1400,none,5400,AK-47,0.9628,104.9
t,1400,none,5400,MAC-10,0.0292,104.9
t,1400,none,5400,MP7,0.0,104.9
t,1400,none,5400,SSG 08,0.0,104.9
t,1400,none,5400,none,0.0037,104.9
t,1400,none,5400,FAMAS,0.0037,104.9
t,1400,none,5400,MP5-SD,0.0,104.9
t,1400,none,5400,AWP,0.0006,104.9
t,1400,none,5400,M4A4,0.0,104.9
t,1400,none,5400,M4A1-S,0.0,104.9
t,1400,none,5450,Galil AR,0.0,104.7
t,1400,none,5450,AK-47,0.9494,104.7
t,1400,none,5450,MAC-10,0.0354,104.7
t,1400,none,5450,MP7,0.0,104.7
t,1400,none,5450,SSG 08,0.0,104.7
t,1400,none,5450,none,0.0076,104.7
t,1400,none,5450,FAMAS,0.0075,104.7
t,1400,none,5450,MP5-SD,0.0,104.7
t,1400,none,5450,AWP,0.0001,104.7
t,1400,none,5450,M4A4,0.0,104.7
t,1400,none,5450,M4A1-S,0.0,104.7
t,1400,none,5500,Galil AR,0.0,102.5
t,1400,none,5500,AK-47,0.939,102.5
t,1400,none,5500,MAC-10,0.0385,102.5
t,1400,none,5500,MP7,0.0,102.5
t,1400,none,5500,SSG 08,0.0,102.5
t,1400,none,5500,none,0.0112,102.5
t,1400,none,5500,FAMAS,0.0112,102.5
t,1400,none,5500,MP5-SD,0.0,102.5
t,1400,none,5500,AWP,0.0,102.5
t,1400,none,5500,M4A4,0.0,102.5
t,1400,none,5500,M4A1-S,0.0,102.5
t,1400,none,5550,Galil AR,0.0,103.8
t,1400,none,5550,AK-47,0.9394,103.8
t,1400,none,5550,MAC-10,0.0349,103.8
t,1400,none,5550,MP7,0.0,103.8
t,1400,none,5550,SSG 08,0.0,103.8
t,1400,none,5550,none,0.0129,103.8
t,1400,none,5550,FAMAS,0.0127,103.8
t,1400,none,5550,MP5-SD,0.0,103.8
t,1400,none,5550,AWP,0.0,103.8
t,1400,none,5550,M4A4,0.0,103.8
t,1400,none,5550,M4A1-S,0.0,103.8
t,1400,none,5600,Galil AR,0.0,105.7
t,1400,none,5600,AK-47,0.9506,105.7
t,1400,none,5600,MAC-10,0.0262,105.7
t,1400,none,5600,MP7,0.0,105.7
t,1400,none,5600,SSG 08,0.0,105.7
t,1400,none,5600,none,0.0122,105.7
t,1400,none,5600,FAMAS,0.0111,105.7
t,1400,none,5600,MP5-SD,0.0,105.7
t,1400,none,5600,AWP,0.0,105.7
t,1400,none,5600,M4A4,0.0,105.7
t,1400,none,5600,M4A1-S,0.0,105.7
t,1400,none,5650,Galil AR,0.0,101.6
t,1400,none,5650,AK-47,0.9633,101.6
t,1400,none,5650,MAC-10,0.0182,101.6
t,1400,none,5650,MP7,0.0,101.6
t,1400,none,5650,SSG 08,0.0,101.6
t,1400,none,5650,none,0.011,101.6
t,1400,none,5650,FAMAS,0.0075,101.6
t,1400,none,5650,MP5-SD,0.0,101.6
t,1400,none,5650,AWP,0.0,101.6
t,1400,none,5650,M4A4,0.0,101.6
t,1400,none,5650,M4A1-S,0.0,101.6
t,1400,none,5700,Galil AR,0.0,109.2
t,1400,none,5700,AK-47,0.9529,109.2
t,1400,none,5700,MAC-10,0.0184,109.2
t,1400,none,5700,MP7,0.0,109.2
t,1400,none,5700,SSG 08,0.0,109.2
t,1400,none,5700,AWP,0.0118,109.2
t,1400,none,5700,none,0.0126,109.2
t,1400,none,5700,FAMAS,0.0043,109.2
t,1400,none,5700,MP5-SD,0.0,109.2
t,1400,none,5700,M4A4,0.0,109.2
t,1400,none,5700,M4A1-S,0.0,109.2
t,1400,none,5750,Galil AR,0.0,105.7
t,1400,none,5750,AK-47,0.9468,105.7
t,1400,none,5750,MAC-10,0.022,105.7
t,1400,none,5750,MP7,0.0002,105.7
t,1400,none,5750,SSG 08,0.0,105.7
t,1400,none,5750,AWP,0.0141,105.7
t,1400,none,5750,none,0.015,105.7
t,1400,none,5750,FAMAS,0.0019,105.7
t,1400,none,5750,MP5-SD,0.0,105.7
t,1400,none,5750,M4A4,0.0,105.7
t,1400,none,5750,M4A1-S,0.0002,105.7
t,1400,none,5800,Galil AR,0.0,102.6
t,1400,none,5800,AK-47,0.9396,102.6
t,1400,none,5800,MAC-10,0.0287,102.6
t,1400,none,5800,MP7,0.0006,102.6
t,1400,none,5800,SSG 08,0.0,102.6
t,1400,none,5800,AWP,0.0127,102.6
t,1400,none,5800,none,0.0171,102.6
t,1400,none,5800,FAMAS,0.0006,102.6
t,1400,none,5800,MP5-SD,0.0,102.6
t,1400,none,5800,M4A4,0.0,102.6
t,1400,none,5800,M4A1-S,0.0006,102.6
t,1400,none,5850,Galil AR,0.0,100.2
t,1400,none,5850,AK-47,0.9353,100.2
t,1400,none,5850,MAC-10,0.034,100.2
t,1400,none,5850,MP7,0.0019,100.2
t,1400,none,5850,SSG 08,0.0,100.2
t,1400,none,5850,AWP,0.0086,100.2
t,1400,none,5850,none,0.018,100.2
t,1400,none,5850,FAMAS,0.0002,100.2
t,1400,none,5850,MP5-SD,0.0,100.2
t,1400,none,5850,M4A4,0.0,100.2
t,1400,none,5850,M4A1-S,0.0019,100.2
t,1400,none,5900,Galil AR,0.0,110.4
t,1400,none,5900,AK-47,0.9329,110.4
t,1400,none,5900,MAC-10,0.0327,110.4
t,1400,none,5900,MP7,0.005,110.4
t,1400,none,5900,SSG 08,0.0,110.4
t,1400,none,5900,AWP,0.005,110.4
t,1400,none,5900,none,0.0193,110.4
t,1400,none,5900,FAMAS,0.0001,110.4
t,1400,none,5900,MP5-SD,0.0,110.4
t,1400,none,5900,M4A4,0.0,110.4
t,1400,none,5900,M4A1-S,0.005,110.4
t,1400,none,5950,Galil AR,0.0,102.4
t,1400,none,5950,AK-47,0.9303,102.4
t,1400,none,5950,MAC-10,0.0303,102.4
t,1400,none,5950,MP7,0.0083,102.4
t,1400,none,5950,SSG 08,0.0,102.4
t,1400,none,5950,AWP,0.0019,102.4
t,1400,none,5950,none,0.021,102.4
t,1400,none,5950,FAMAS,0.0,102.4
t,1400,none,5950,MP5-SD,0.0,102.4
t,1400,none,5950,M4A4,0.0,102.4
t,1400,none,5950,M4A1-S,0.0083,102.4
t,1400,none,6000,Galil AR,0.0,107.8
t,1400,none,6000,AK-47,0.9305,107.8
t,1400,none,6000,MAC-10,0.0218,107.8
t,1400,none,6000,MP7,0.0119,107.8
t,1400,none,6000,SSG 08,0.0,107.8
t,1400,none,6000,AWP,0.0006,107.8
t,1400,none,6000,none,0.0234,107.8
t,1400,none,6000,FAMAS,0.0,107.8
t,1400,none,6000,MP5-SD,0.0,107.8
t,1400,none,6000,M4A4,0.0,107.8
t,1400,none,6000,M4A1-S,0.0119,107.8
t,1400,none,6050,Galil AR,0.0,102.0
t,1400,none,6050,AK-47,0.916,102.0
t,1400,none,6050,MAC-10,0.0116,102.0
t,1400,none,6050,MP7,0.0143,102.0
t,1400,none,6050,SSG 08,0.0,102.0
t,1400,none,6050,AWP,0.019,102.0
t,1400,none,6050,none,0.0248,102.0
t,1400,none,6050,FAMAS,0.0,102.0
t,1400,none,6050,MP5-SD,0.0,102.0
t,1400,none,6050,M4A4,0.0,102.0
t,1400,none,6050,M4A1-S,0.0143,102.0
t,1400,none,6100,Galil AR,0.0,109.7
t,1400,none,6100,AK-47,0.9225,109.7
t,1400,none,6100,MAC-10,0.0059,109.7
t,1400,none,6100,MP7,0.011,109.7
t,1400,none,6100,SSG 08,0.0,109.7
t,1400,none,6100,AWP,0.0295,109.7
t,1400,none,6100,none,0.0201,109.7
t,1400,none,6100,FAMAS,0.0,109.7
t,1400,none,6100,MP5-SD,0.0,109.7
t,1400,none,6100,M4A4,0.0,109.7
t,1400,none,6100,M4A1-S,0.011,109.7
t,1400,none,6150,Galil AR,0.0,108.2
t,1400,none,6150,AK-47,0.9323,108.2
t,1400,none,6150,MAC-10,0.0022,108.2
t,1400,none,6150,MP7,0.0075,108.2
t,1400,none,6150,SSG 08,0.0,108.2
t,1400,none,6150,AWP,0.0356,108.2
t,1400,none,6150,none,0.0149,108.2
t,1400,none,6150,FAMAS,0.0,108.2
t,1400,none,6150,MP5-SD,0.0,108.2
t,1400,none,6150,M4A4,0.0,108.2
t,1400,none,6150,M4A1-S,0.0075,108.2
t,1400,none,6200,Galil AR,0.0,108.9
t,1400,none,6200,AK-47,0.9467,108.9
t,1400,none,6200,MAC-10,0.0007,108.9
t,1400,none,6200,MP7,0.0041,108.9
t,1400,none,6200,SSG 08,0.0,108.9
t,1400,none,6200,AWP,0.035,108.9
t,1400,none,6200,none,0.0094,108.9
t,1400,none,6200,FAMAS,0.0,108.9
t,1400,none,6200,MP5-SD,0.0,108.9
t,1400,none,6200,M4A4,0.0,108.9
t,1400,none,6200,M4A1-S,0.0041,108.9
t,1400,none,6250,Galil AR,0.0,111.1
t,1400,none,6250,AK-47,0.9597,111.1
t,1400,none,6250,MAC-10,0.0002,111.1
t,1400,none,6250,MP7,0.0018,111.1
t,1400,none,6250,SSG 08,0.0,111.1
t,1400,none,6250,AWP,0.0318,111.1
t,1400,none,6250,none,0.0049,111.1
t,1400,none,6250,FAMAS,0.0,111.1
t,1400,none,6250,MP5-SD,0.0,111.1
t,1400,none,6250,M4A4,0.0,111.1
t,1400,none,6250,M4A1-S,0.0018,111.1
t,1400,none,6300,Galil AR,0.0,112.9
t,1400,none,6300,AK-47,0.9717,112.9
t,1400,none,6300,MAC-10,0.0,112.9
t,1400,none,6300,MP7,0.0006,112.9
t,1400,none,6300,SSG 08,0.0,112.9
t,1400,none,6300,AWP,0.025,112.9
t,1400,none,6300,none,0.0021,112.9
t,1400,none,6300,FAMAS,0.0,112.9
t,1400,none,6300,MP5-SD,0.0,112.9
t,1400,none,6300,M4A4,0.0,112.9
t,1400,none,6300,M4A1-S,0.0006,112.9
t,1400,none,6350,Galil AR,0.0,100.3
t,1400,none,6350,AK-47,0.9803,100.3
t,1400,none,6350,MAC-10,0.0,100.3
t,1400,none,6350,MP7,0.0001,100.3
t,1400,none,6350,SSG 08,0.0,100.3
t,1400,none,6350,AWP,0.0189,100.3
t,1400,none,6350,none,0.0006,100.3
t,1400,none,6350,FAMAS,0.0,100.3
t,1400,none,6350,MP5-SD,0.0,100.3
t,1400,none,6350,M4A4,0.0,100.3
t,1400,none,6350,M4A1-S,0.0001,100.3
t,1400,none,6400,Galil AR,0.0,100.7
t,1400,none,6400,AK-47,0.983,100.7
t,1400,none,6400,MAC-10,0.0,100.7
t,1400,none,6400,MP7,0.0,100.7
t,1400,none,6400,SSG 08,0.0,100.7
t,1400,none,6400,AWP,0.0158,100.7
t,1400,none,6400,none,0.0012,100.7
t,1400,none,6400,FAMAS,0.0,100.7
t,1400,none,6400,MP5-SD,0.0,100.7
t,1400,none,6400,M4A4,0.0,100.7
t,1400,none,6400,M4A1-S,0.0,100.7
t,1400,none,6450,Galil AR,0.0,101.7
t,1400,none,6450,AK-47,0.9719,101.7
t,1400,none,6450,MAC-10,0.0001,101.7
t,1400,none,6450,MP7,0.0,101.7
t,1400,none,6450,SSG 08,0.0,101.7
t,1400,none,6450,AWP,0.0248,101.7
t,1400,none,6450,none,0.0033,101.7
t,1400,none,6450,FAMAS,0.0,101.7
t,1400,none,6450,MP5-SD,0.0,101.7
t,1400,none,6450,M4A4,0.0,101.7
t,1400,none,6450,M4A1-S,0.0,101.7
t,1400,none,6500,Galil AR,0.0,105.0
t,1400,none,6500,AK-47,0.9735,105.0
t,1400,none,6500,MAC-10,0.0005,105.0
t,1400,none,6500,MP7,0.0,105.0
t,1400,none,6500,SSG 08,0.0,105.0
t,1400,none,6500,AWP,0.0185,105.0
t,1400,none,6500,none,0.0075,105.0
t,1400,none,6500,FAMAS,0.0,105.0
t,1400,none,6500,MP5-SD,0.0,105.0
t,1400,none,6500,M4A4,0.0,105.0
t,1400,none,6500,M4A1-S,0.0,105.0
t,1400,none,6550,Galil AR,0.0,104.2
t,1400,none,6550,AK-47,0.9727,104.2
t,1400,none,6550,MAC-10,0.0024,104.2
t,1400,none,6550,MP7,0.0,104.2
t,1400,none,6550,SSG 08,0.0,104.2
t,1400,none,6550,AWP,0.0136,104.2
t,1400,none,6550,none,0.0113,104.2
t,1400,none,6550,FAMAS,0.0,104.2
t,1400,none,6550,MP5-SD,0.0,104.2
t,1400,none,6550,M4A4,0.0,104.2
t,1400,none,6550,M4A1-S,0.0,104.2
t,1400,none,6600,Galil AR,0.0,103.3
t,1400,none,6600,AK-47,0.9694,103.3
t,1400,none,6600,MAC-10,0.0061,103.3
t,1400,none,6600,MP7,0.0,103.3
t,1400,none,6600,SSG 08,0.0,103.3
t,1400,none,6600,AWP,0.0111,103.3
t,1400,none,6600,none,0.0134,103.3
t,1400,none,6600,FAMAS,0.0,103.3
t,1400,none,6600,MP5-SD,0.0,103.3
t,1400,none,6600,M4A4,0.0,103.3
t,1400,none,6600,M4A1-S,0.0,103.3
t,1400,none,6650,Galil AR,0.0,105.9
t,1400,none,6650,AK-47,0.9509,105.9
t,1400,none,6650,MAC-10,0.0106,105.9
t,1400,none,6650,MP7,0.0,105.9
t,1400,none,6650,SSG 08,0.0,105.9
t,1400,none,6650,AWP,0.0252,105.9
t,1400,none,6650,none,0.0132,105.9
t,1400,none,6650,FAMAS,0.0,105.9
t,1400,none,6650,MP5-SD,0.0,105.9
t,1400,none,6650,M4A4,0.0,105.9
t,1400,none,6650,M4A1-S,0.0,105.9
t,1400,none,6700,Galil AR,0.0,108.2
t,1400,none,6700,AK-47,0.9473,108.2
t,1400,none,6700,MAC-10,0.014,108.2
t,1400,none,6700,MP7,0.0,108.2
t,1400,none,6700,SSG 08,0.0,108.2
t,1400,none,6700,AWP,0.0271,108.2
t,1400,none,6700,none,0.0116,108.2
t,1400,none,6700,FAMAS,0.0,108.2
t,1400,none,6700,MP5-SD,0.0,108.2
t,1400,none,6700,M4A4,0.0,108.2
t,1400,none,6700,M4A1-S,0.0,108.2
t,1400,none,6750,Galil AR,0.0,107.4
t,1400,none,6750,AK-47,0.948,107.4
t,1400,none,6750,MAC-10,0.0152,107.4
t,1400,none,6750,MP7,0.0001,107.4
t,1400,none,6750,SSG 08,0.0,107.4
t,1400,none,6750,AWP,0.0275,107.4
t,1400,none,6750,none,0.0092,107.4
t,1400,none,6750,FAMAS,0.0,107.4
t,1400,none,6750,MP5-SD,0.0,107.4
t,1400,none,6750,M4A4,0.0,107.4
t,1400,none,6750,M4A1-S,0.0,107.4
t,1400,none,6800,Galil AR,0.0,104.5
t,1400,none,6800,AK-47,0.9523,104.5
t,1400,none,6800,MAC-10,0.0144,104.5
t,1400,none,6800,MP7,0.0003,104.5
t,1400,none,6800,SSG 08,0.0,104.5
t,1400,none,6800,AWP,0.0262,104.5
t,1400,none,6800,none,0.0069,104.5
t,1400,none,6800,FAMAS,0.0,104.5
t,1400,none,6800,MP5-SD,0.0,104.5
t,1400,none,6800,M4A4,0.0,104.5
t,1400,none,6800,M4A1-S,0.0,104.5
t,1400,none,6850,Galil AR,0.0,107.0
t,1400,none,6850,AK-47,0.9138,107.0
t,1400,none,6850,MAC-10,0.0118,107.0
t,1400,none,6850,MP7,0.0009,107.0
t,1400,none,6850,SSG 08,0.0,107.0
t,1400,none,6850,AWP,0.0688,107.0
t,1400,none,6850,none,0.0048,107.0
t,1400,none,6850,FAMAS,0.0,107.0
t,1400,none,6850,MP5-SD,0.0,107.0
t,1400,none,6850,M4A4,0.0,107.0
t,1400,none,6850,M4A1-S,0.0,107.0
t,1400,none,6900,Galil AR,0.0,100.4
t,1400,none,6900,AK-47,0.9103,100.4
t,1400,none,6900,MAC-10,0.0097,100.4
t,1400,none,6900,MP7,0.0017,100.4
t,1400,none,6900,SSG 08,0.0,100.4
t,1400,none,6900,AWP,0.0752,100.4
t,1400,none,6900,none,0.003,100.4
t,1400,none,6900,FAMAS,0.0,100.4
t,1400,none,6900,MP5-SD,0.0,100.4
t,1400,none,6900,M4A4,0.0,100.4
t,1400,none,6900,M4A1-S,0.0,100.4
t,1400,none,6950,Galil AR,0.0,105.2
t,1400,none,6950,AK-47,0.9008,105.2
t,1400,none,6950,MAC-10,0.0073,105.2
t,1400,none,6950,MP7,0.0034,105.2
t,1400,none,6950,SSG 08,0.0,105.2
t,1400,none,6950,AWP,0.0865,105.2
t,1400,none,6950,none,0.002,105.2
t,1400,none,6950,FAMAS,0.0,105.2
t,1400,none,6950,MP5-SD,0.0,105.2
t,1400,none,6950,M4A4,0.0,105.2
t,1400,none,6950,M4A1-S,0.0,105.2
t,1400,none,7000,Galil AR,0.0,103.0
t,1400,none,7000,AK-47,0.9002,103.0
t,1400,none,7000,MAC-10,0.0053,103.0
t,1400,none,7000,MP7,0.0052,103.0
t,1400,none,7000,SSG 08,0.0,103.0
t,1400,none,7000,AWP,0.0882,103.0
t,1400,none,7000,none,0.0011,103.0
t,1400,none,7000,FAMAS,0.0,103.0
t,1400,none,7000,MP5-SD,0.0,103.0
t,1400,none,7000,M4A4,0.0,103.0
t,1400,none,7000,M4A1-S,0.0,103.0
t,1400,none,7050,Galil AR,0.0,101.3
t,1400,none,7050,AK-47,0.901,101.3
t,1400,none,7050,MAC-10,0.0037,101.3
t,1400,none,7050,MP7,0.0074,101.3
t,1400,none,7050,SSG 08,0.0,101.3
t,1400,none,7050,AWP,0.0873,101.3
t,1400,none,7050,none,0.0006,101.3
t,1400,none,7050,FAMAS,0.0,101.3
t,1400,none,7050,MP5-SD,0.0,101.3
t,1400,none,7050,M4A4,0.0,101.3
t,1400,none,7050,M4A1-S,0.0,101.3
t,1400,none,7100,Galil AR,0.0,104.0
t,1400,none,7100,AK-47,0.903,104.0
t,1400,none,7100,MAC-10,0.0033,104.0
t,1400,none,7100,MP7,0.0097,104.0
t,1400,none,7100,SSG 08,0.0,104.0
t,1400,none,7100,AWP,0.0836,104.0
t,1400,none,7100,none,0.0004,104.0
t,1400,none,7100,FAMAS,0.0,104.0
t,1400,none,7100,MP5-SD,0.0,104.0
t,1400,none,7100,M4A4,0.0,104.0
t,1400,none,7100,M4A1-S,0.0,104.0
t,1400,none,7150,Galil AR,0.0,101.1
t,1400,none,7150,AK-47,0.9051,101.1
t,1400,none,7150,MAC-10,0.003,101.1
t,1400,none,7150,MP7,0.0117,101.1
t,1400,none,7150,AWP,0.08,101.1
t,1400,none,7150,SSG 08,0.0,101.1
t,1400,none,7150,none,0.0002,101.1
t,1400,none,7150,FAMAS,0.0,101.1
t,1400,none,7150,MP5-SD,0.0,101.1
t,1400,none,7150,M4A4,0.0,101.1
t,1400,none,7150,M4A1-S,0.0,101.1
t,1400,none,7200,Galil AR,0.0,103.4
t,1400,none,7200,AK-47,0.9076,103.4
t,1400,none,7200,MAC-10,0.0042,103.4
t,1400,none,7200,MP7,0.0128,103.4
t,1400,none,7200,AWP,0.0752,103.4
t,1400,none,7200,SSG 08,0.0,103.4
t,1400,none,7200,none,0.0001,103.4
t,1400,none,7200,FAMAS,0.0,103.4
t,1400,none,7200,MP5-SD,0.0,103.4
t,1400,none,7200,M4A4,0.0,103.4
t,1400,none,7200,M4A1-S,0.0,103.4
t,1400,none,7250,Galil AR,0.0,101.3
t,1400,none,7250,AK-47,0.9103,101.3
t,1400,none,7250,MAC-10,0.0056,101.3
t,1400,none,7250,MP7,0.0137,101.3
t,1400,none,7250,AWP,0.0703,101.3
t,1400,none,7250,SSG 08,0.0,101.3
t,1400,none,7250,none,0.0001,101.3
t,1400,none,7250,FAMAS,0.0,101.3
t,1400,none,7250,MP5-SD,0.0,101.3
t,1400,none,7250,M4A4,0.0,101.3
t,1400,none,7250,M4A1-S,0.0,101.3
t,1400,none,7300,Galil AR,0.0,104.8
t,1400,none,7300,AK-47,0.9126,104.8
t,1400,none,7300,MAC-10,0.0084,104.8
t,1400,none,7300,MP7,0.0131,104.8
t,1400,none,7300,AWP,0.0658,104.8
t,1400,none,7300,SSG 08,0.0,104.8
t,1400,none,7300,none,0.0001,104.8
t,1400,none,7300,FAMAS,0.0,104.8
t,1400,none,7300,MP5-SD,0.0,104.8
t,1400,none,7300,M4A4,0.0,104.8
t,1400,none,7300,M4A1-S,0.0,104.8
t,1400,none,7350,Galil AR,0.0,103.2
t,1400,none,7350,AK-47,0.9146,103.2
t,1400,none,7350,MAC-10,0.0114,103.2
t,1400,none,7350,AWP,0.0614,103.2
t,1400,none,7350,MP7,0.0125,103.2
t,1400,none,7350,SSG 08,0.0,103.2
t,1400,none,7350,none,0.0,103.2
t,1400,none,7350,FAMAS,0.0,103.2
t,1400,none,7350,MP5-SD,0.0,103.2
t,1400,none,7350,M4A4,0.0,103.2
t,1400,none,7350,M4A1-S,0.0,103.2
t,1400,none,7400,Galil AR,0.0,100.8
t,1400,none,7400,AK-47,0.9158,100.8
t,1400,none,7400,MAC-10,0.015,100.8
t,1400,none,7400,AWP,0.0579,100.8
t,1400,none,7400,MP7,0.0113,100.8
t,1400,none,7400,SSG 08,0.0,100.8
t,1400,none,7400,none,0.0,100.8
t,1400,none,7400,FAMAS,0.0,100.8
t,1400,none,7400,MP5-SD,0.0,100.8
t,1400,none,7400,M4A4,0.0,100.8
t,1400,none,7400,M4A1-S,0.0,100.8
t,1400,none,7450,Galil AR,0.0,101.7
t,1400,none,7450,AK-47,0.9145,101.7
t,1400,none,7450,MAC-10,0.0187,101.7
t,1400,none,7450,AWP,0.0573,101.7
t,1400,none,7450,MP7,0.0095,101.7
t,1400,none,7450,SSG 08,0.0,101.7
t,1400,none,7450,none,0.0,101.7
t,1400,none,7450,FAMAS,0.0,101.7
t,1400,none,7450,MP5-SD,0.0,101.7
t,1400,none,7450,M4A4,0.0,101.7
t,1400,none,7450,M4A1-S,0.0,101.7
t,1400,none,7500,Galil AR,0.0,101.7
t,1400,none,7500,AK-47,0.9119,101.7
t,1400,none,7500,MAC-10,0.0217,101.7
t,1400,none,7500,AWP,0.0585,101.7
t,1400,none,7500,MP7,0.0078,101.7
t,1400,none,7500,SSG 08,0.0,101.7
t,1400,none,7500,none,0.0,101.7
t,1400,none,7500,FAMAS,0.0,101.7
t,1400,none,7500,MP5-SD,0.0,101.7
t,1400,none,7500,M4A4,0.0,101.7
t,1400,none,7500,M4A1-S,0.0,101.7
t,1400,none,7550,Galil AR,0.0,101.6
t,1400,none,7550,AK-47,0.9089,101.6
t,1400,none,7550,MAC-10,0.024,101.6
t,1400,none,7550,AWP,0.0607,101.6
t,1400,none,7550,MP7,0.0064,101.6
t,1400,none,7550,SSG 08,0.0,101.6
t,1400,none,7550,none,0.0,101.6
t,1400,none,7550,FAMAS,0.0,101.6
t,1400,none,7550,MP5-SD,0.0,101.6
t,1400,none,7550,M4A4,0.0,101.6
t,1400,none,7550,M4A1-S,0.0,101.6
t,1400,none,7600,Galil AR,0.0,101.9
t,1400,none,7600,AK-47,0.9063,101.9
t,1400,none,7600,MAC-10,0.0252,101.9
t,1400,none,7600,AWP,0.0632,101.9
t,1400,none,7600,MP7,0.0052,101.9
t,1400,none,7600,SSG 08,0.0,101.9
t,1400,none,7600,none,0.0,101.9
t,1400,none,7600,FAMAS,0.0,101.9
t,1400,none,7600,MP5-SD,0.0,101.9
t,1400,none,7600,M4A4,0.0,101.9
t,1400,none,7600,M4A1-S,0.0,101.9
t,1900,none,800,none,1.0,1450.1
t,1900,none,850,none,1.0,1102.1
t,1900,none,900,none,1.0,408.8
t,1900,none,950,none,1.0,573.6
t,1900,none,1000,none,1.0,863.7
t,1900,none,1050,none,1.0,248.3
t,1900,none,1050,MAC-10,0.0,248.3
t,1900,none,1100,none,1.0,641.5
t,1900,none,1100,MAC-10,0.0,641.5
t,1900,none,1150,none,1.0,184.2
t,1900,none,1150,MAC-10,0.0,184.2
t,1900,none,1200,none,1.0,108.5
t,1900,none,1200,MAC-10,0.0,108.5
t,1900,none,1250,none,1.0,126.4
t,1900,none,1250,MAC-10,0.0,126.4
t,1900,none,1300,none,1.0,111.8
t,1900,none,1300,MAC-10,0.0,111.8
t,1900,none,1350,none,1.0,110.7
t,1900,none,1350,MAC-10,0.0,110.7
t,1900,none,1400,none,1.0,110.6
t,1900,none,1400,MAC-10,0.0,110.6
t,1900,none,1450,none,1.0,103.4
t,1900,none,1450,MAC-10,0.0,103.4
t,1900,none,1500,none,1.0,100.6
t,1900,none,1500,MAC-10,0.0,100.6
t,1900,none,1550,none,1.0,102.1
t,1900,none,1550,MAC-10,0.0,102.1
t,1900,none,1600,none,1.0,103.7
t,1900,none,1600,MAC-10,0.0,103.7
t,1900,none,1650,none,1.0,110.2
t,1900,none,1650,MAC-10,0.0,110.2
t,1900,none,1700,none,0.9536,103.0
t,1900,none,1700,SSG 08,0.0464,103.0
t,1900,none,1700,MAC-10,0.0,103.0
t,1900,none,1750,none,0.9495,104.8
t,1900,none,1750,SSG 08,0.0505,104.8
t,1900,none,1750,MAC-10,0.0,104.8
t,1900,none,1800,none,0.9556,101.1
t,1900,none,1800,SSG 08,0.0444,101.1
t,1900,none,1800,MAC-10,0.0,101.1
t,1900,none,1850,none,0.9684,104.2
t,1900,none,1850,SSG 08,0.0316,104.2
t,1900,none,1850,MAC-10,0.0,104.2
t,1900,none,1900,none,0.9799,102.3
t,1900,none,1900,SSG 08,0.0201,102.3
t,1900,none,1900,MAC-10,0.0,102.3
t,1900,none,1950,none,0.9878,107.0
t,1900,none,1950,SSG 08,0.0122,107.0
t,1900,none,1950,MAC-10,0.0,107.0
t,1900,none,2000,none,0.9989,107.1
t,1900,none,2000,SSG 08,0.0011,107.1
t,1900,none,2000,MAC-10,0.0,107.1
t,1900,none,2050,none,0.9944,108.0
t,1900,none,2050,SSG 08,0.0002,108.0
t,1900,none,2050,MAC-10,0.0054,108.0
t,1900,none,2100,none,0.9895,103.3
t,1900,none,2100,SSG 08,0.0,103.3
t,1900,none,2100,MAC-10,0.0104,103.3
t,1900,none,2150,none,0.9862,103.5
t,1900,none,2150,SSG 08,0.0,103.5
t,1900,none,2150,MAC-10,0.0138,103.5
t,1900,none,2200,none,0.9741,110.0
t,1900,none,2200,SSG 08,0.014,110.0
t,1900,none,2200,MAC-10,0.012,110.0
t,1900,none,2250,none,0.9679,111.8
t,1900,none,2250,SSG 08,0.0114,111.8
t,1900,none,2250,MAC-10,0.0207,111.8
t,1900,none,2300,none,0.9775,106.9
t,1900,none,2300,SSG 08,0.0075,106.9
t,1900,none,2300,MAC-10,0.015,106.9
t,1900,none,2350,none,0.9462,102.2
t,1900,none,2350,MAC-10,0.0496,102.2
t,1900,none,2350,SSG 08,0.0042,102.2
t,1900,none,2400,none,0.9457,101.6
t,1900,none,2400,MAC-10,0.0532,101.6
t,1900,none,2400,SSG 08,0.0011,101.6
t,1900,none,2450,none,0.9034,105.6
t,1900,none,2450,MAC-10,0.0833,105.6
t,1900,none,2450,SSG 08,0.0006,105.6
t,1900,none,2450,Galil AR,0.0127,105.6
t,1900,none,2500,none,0.8925,101.4
t,1900,none,2500,MAC-10,0.0811,101.4
t,1900,none,2500,SSG 08,0.0002,101.4
t,1900,none,2500,Galil AR,0.0262,101.4
t,1900,none,2550,none,0.8496,104.2
t,1900,none,2550,MAC-10,0.0997,104.2
t,1900,none,2550,SSG 08,0.0127,104.2
t,1900,none,2550,Galil AR,0.038,104.2
t,1900,none,2600,none,0.8721,104.5
t,1900,none,2600,MAC-10,0.0756,104.5
t,1900,none,2600,SSG 08,0.0131,104.5
t,1900,none,2600,Galil AR,0.0392,104.5
t,1900,none,2650,none,0.8611,109.5
t,1900,none,2650,MAC-10,0.0697,109.5
t,1900,none,2650,SSG 08,0.0238,109.5
t,1900,none,2650,Galil AR,0.0455,109.5
t,1900,none,2700,none,0.8876,103.4
t,1900,none,2700,MAC-10,0.0497,103.4
t,1900,none,2700,SSG 08,0.0216,103.4
t,1900,none,2700,Galil AR,0.0411,103.4
t,1900,none,2750,none,0.7968,103.6
t,1900,none,2750,MAC-10,0.0934,103.6
t,1900,none,2750,SSG 08,0.013,103.6
t,1900,none,2750,Galil AR,0.0969,103.6
t,1900,none,2800,none,0.751,102.4
t,1900,none,2800,MAC-10,0.0808,102.4
t,1900,none,2800,Galil AR,0.1636,102.4
t,1900,none,2800,SSG 08,0.0046,102.4
t,1900,none,2850,none,0.7513,109.3
t,1900,none,2850,MAC-10,0.0823,109.3
t,1900,none,2850,Galil AR,0.154,109.3
t,1900,none,2850,SSG 08,0.0124,109.3
t,1900,none,2900,none,0.7902,101.5
t,1900,none,2900,MAC-10,0.0759,101.5
t,1900,none,2900,Galil AR,0.1202,101.5
t,1900,none,2900,SSG 08,0.0137,101.5
t,1900,none,2950,none,0.8097,106.3
t,1900,none,2950,MAC-10,0.0987,106.3
t,1900,none,2950,Galil AR,0.0811,106.3
t,1900,none,2950,SSG 08,0.0106,106.3
t,1900,none,3000,none,0.7826,104.7
t,1900,none,3000,Galil AR,0.1107,104.7
t,1900,none,3000,MAC-10,0.1009,104.7
t,1900,none,3000,SSG 08,0.0057,104.7
t,1900,none,3050,none,0.7445,105.5
t,1900,none,3050,Galil AR,0.1062,105.5
t,1900,none,3050,MAC-10,0.1357,105.5
t,1900,none,3050,SSG 08,0.0031,105.5
t,1900,none,3050,AK-47,0.0105,105.5
t,1900,none,3100,none,0.6068,100.3
t,1900,none,3100,Galil AR,0.2361,100.3
t,1900,none,3100,MAC-10,0.1288,100.3
t,1900,none,3100,SSG 08,0.0006,100.3
t,1900,none,3100,MP7,0.0139,100.3
t,1900,none,3100,AK-47,0.0139,100.3
t,1900,none,3150,none,0.5407,106.8
t,1900,none,3150,Galil AR,0.2856,106.8
t,1900,none,3150,MAC-10,0.1501,106.8
t,1900,none,3150,SSG 08,0.0003,106.8
t,1900,none,3150,MP7,0.0117,106.8
t,1900,none,3150,AK-47,0.0117,106.8
t,1900,none,3200,none,0.5423,106.3
t,1900,none,3200,Galil AR,0.3154,106.3
t,1900,none,3200,MAC-10,0.1255,106.3
t,1900,none,3200,SSG 08,0.0002,106.3
t,1900,none,3200,MP7,0.0083,106.3
t,1900,none,3200,AK-47,0.0083,106.3
t,1900,none,3250,none,0.5462,106.4
t,1900,none,3250,Galil AR,0.2941,106.4
t,1900,none,3250,MAC-10,0.1491,106.4
t,1900,none,3250,SSG 08,0.0001,106.4
t,1900,none,3250,MP7,0.0053,106.4
t,1900,none,3250,AK-47,0.0053,106.4
t,1900,none,3300,none,0.455,103.1
t,1900,none,3300,Galil AR,0.4142,103.1
t,1900,none,3300,MAC-10,0.1103,103.1
t,1900,none,3300,SSG 08,0.0,103.1
t,1900,none,3300,MP7,0.0187,103.1
t,1900,none,3300,AK-47,0.0017,103.1
t,1900,none,3350,none,0.4518,106.8
t,1900,none,3350,Galil AR,0.3907,106.8
t,1900,none,3350,MAC-10,0.1039,106.8
t,1900,none,3350,SSG 08,0.0,106.8
t,1900,none,3350,MP7,0.0201,106.8
t,1900,none,3350,AK-47,0.0336,106.8
t,1900,none,3400,none,0.4312,105.5
t,1900,none,3400,Galil AR,0.4204,105.5
t,1900,none,3400,MAC-10,0.0941,105.5
t,1900,none,3400,SSG 08,0.0,105.5
t,1900,none,3400,MP7,0.02,105.5
t,1900,none,3400,AK-47,0.0343,105.5
t,1900,none,3450,none,0.4563,103.9
t,1900,none,3450,Galil AR,0.38,103.9
t,1900,none,3450,MAC-10,0.112,103.9
t,1900,none,3450,SSG 08,0.0,103.9
t,1900,none,3450,MP7,0.0195,103.9
t,1900,none,3450,AK-47,0.0322,103.9
t,1900,none,3500,none,0.3771,104.8
t,1900,none,3500,Galil AR,0.4942,104.8
t,1900,none,3500,MAC-10,0.0923,104.8
t,1900,none,3500,SSG 08,0.0,104.8
t,1900,none,3500,MP7,0.0143,104.8
t,1900,none,3500,AK-47,0.0221,104.8
t,1900,none,3550,none,0.3926,100.2
t,1900,none,3550,Galil AR,0.473,100.2
t,1900,none,3550,MAC-10,0.0941,100.2
t,1900,none,3550,SSG 08,0.0,100.2
t,1900,none,3550,MP7,0.0112,100.2
t,1900,none,3550,AK-47,0.0292,100.2
t,1900,none,3600,none,0.4029,104.3
t,1900,none,3600,Galil AR,0.4663,104.3
t,1900,none,3600,MAC-10,0.0943,104.3
t,1900,none,3600,SSG 08,0.0,104.3
t,1900,none,3600,MP7,0.0089,104.3
t,1900,none,3600,AK-47,0.0276,104.3
t,1900,none,3650,none,0.4147,100.6
t,1900,none,3650,Galil AR,0.4322,100.6
t,1900,none,3650,MAC-10,0.0938,100.6
t,1900,none,3650,AK-47,0.0526,100.6
t,1900,none,3650,SSG 08,0.0,100.6
t,1900,none,3650,MP7,0.0068,100.6
t,1900,none,3700,none,0.3001,101.4
t,1900,none,3700,Galil AR,0.4469,101.4
t,1900,none,3700,AK-47,0.1855,101.4
t,1900,none,3700,MAC-10,0.0652,101.4
t,1900,none,3700,SSG 08,0.0,101.4
t,1900,none,3700,MP7,0.0023,101.4
t,1900,none,3750,none,0.3044,104.0
t,1900,none,3750,Galil AR,0.4358,104.0
t,1900,none,3750,AK-47,0.1966,104.0
t,1900,none,3750,MAC-10,0.0614,104.0
t,1900,none,3750,SSG 08,0.0,104.0
t,1900,none,3750,MP7,0.0019,104.0
t,1900,none,3800,none,0.2877,105.7
t,1900,none,3800,Galil AR,0.4699,105.7
t,1900,none,3800,AK-47,0.1867,105.7
t,1900,none,3800,MAC-10,0.0545,105.7
t,1900,none,3800,SSG 08,0.0,105.7
t,1900,none,3800,MP7,0.0013,105.7
t,1900,none,3850,none,0.297,102.3
t,1900,none,3850,Galil AR,0.4535,102.3
t,1900,none,3850,AK-47,0.1946,102.3
t,1900,none,3850,MAC-10,0.0541,102.3
t,1900,none,3850,SSG 08,0.0,102.3
t,1900,none,3850,MP7,0.0009,102.3
t,1900,none,3900,none,0.2136,102.6
t,1900,none,3900,Galil AR,0.5371,102.6
t,1900,none,3900,AK-47,0.2148,102.6
t,1900,none,3900,MAC-10,0.0344,102.6
t,1900,none,3900,SSG 08,0.0,102.6
t,1900,none,3900,MP7,0.0001,102.6
t,1900,none,3950,none,0.2126,100.5
t,1900,none,3950,Galil AR,0.5384,100.5
t,1900,none,3950,AK-47,0.2138,100.5
t,1900,none,3950,MAC-10,0.0351,100.5
t,1900,none,3950,SSG 08,0.0,100.5
t,1900,none,3950,MP7,0.0,100.5
t,1900,none,4000,none,0.1394,108.4
t,1900,none,4000,Galil AR,0.4064,108.4
t,1900,none,4000,AK-47,0.4283,108.4
t,1900,none,4000,MAC-10,0.0259,108.4
t,1900,none,4000,SSG 08,0.0,108.4
t,1900,none,4000,MP7,0.0,108.4
t,1900,none,4050,none,0.1229,105.9
t,1900,none,4050,Galil AR,0.3702,105.9
t,1900,none,4050,AK-47,0.4789,105.9
t,1900,none,4050,MAC-10,0.0279,105.9
t,1900,none,4050,SSG 08,0.0,105.9
t,1900,none,4050,MP7,0.0,105.9
t,1900,none,4100,none,0.1235,103.5
t,1900,none,4100,Galil AR,0.365,103.5
t,1900,none,4100,AK-47,0.4842,103.5
t,1900,none,4100,MAC-10,0.0273,103.5
t,1900,none,4100,SSG 08,0.0,103.5
t,1900,none,4100,MP7,0.0,103.5
t,1900,none,4150,none,0.1446,104.8
t,1900,none,4150,Galil AR,0.3666,104.8
t,1900,none,4150,AK-47,0.4613,104.8
t,1900,none,4150,MAC-10,0.0275,104.8
t,1900,none,4150,SSG 08,0.0,104.8
t,1900,none,4150,MP7,0.0,104.8
t,1900,none,4200,none,0.1048,103.5
t,1900,none,4200,Galil AR,0.2546,103.5
t,1900,none,4200,AK-47,0.6231,103.5
t,1900,none,4200,MAC-10,0.0176,103.5
t,1900,none,4200,SSG 08,0.0,103.5
t,1900,none,4200,MP7,0.0,103.5
t,1900,none,4250,none,0.1248,101.2
t,1900,none,4250,Galil AR,0.2251,101.2
t,1900,none,4250,AK-47,0.6332,101.2
t,1900,none,4250,MAC-10,0.0169,101.2
t,1900,none,4250,SSG 08,0.0,101.2
t,1900,none,4250,MP7,0.0,101.2
t,1900,none,4300,none,0.1231,102.4
t,1900,none,4300,Galil AR,0.1695,102.4
t,1900,none,4300,AK-47,0.694,102.4
t,1900,none,4300,MAC-10,0.0134,102.4
t,1900,none,4300,SSG 08,0.0,102.4
t,1900,none,4300,MP7,0.0,102.4
t,1900,none,4350,none,0.1254,105.0
t,1900,none,4350,Galil AR,0.1643,105.0
t,1900,none,4350,AK-47,0.6978,105.0
t,1900,none,4350,MAC-10,0.0126,105.0
t,1900,none,4350,SSG 08,0.0,105.0
t,1900,none,4350,MP7,0.0,105.0
t,1900,none,4400,none,0.0767,107.5
t,1900,none,4400,Galil AR,0.0545,107.5
t,1900,none,4400,AK-47,0.8645,107.5
t,1900,none,4400,MAC-10,0.0043,107.5
t,1900,none,4400,SSG 08,0.0,107.5
t,1900,none,4400,MP7,0.0,107.5
t,1900,none,4450,none,0.0574,103.0
t,1900,none,4450,Galil AR,0.0389,103.0
t,1900,none,4450,AK-47,0.9012,103.0
t,1900,none,4450,MAC-10,0.0025,103.0
t,1900,none,4450,SSG 08,0.0,103.0
t,1900,none,4450,MP7,0.0,103.0
t,1900,none,4500,none,0.0499,102.9
t,1900,none,4500,Galil AR,0.0374,102.9
t,1900,none,4500,AK-47,0.9106,102.9
t,1900,none,4500,MAC-10,0.0021,102.9
t,1900,none,4500,SSG 08,0.0,102.9
t,1900,none,4500,MP7,0.0,102.9
t,1900,none,4550,none,0.0504,101.1
t,1900,none,4550,Galil AR,0.0386,101.1
t,1900,none,4550,AK-47,0.909,101.1
t,1900,none,4550,MAC-10,0.0019,101.1
t,1900,none,4550,SSG 08,0.0,101.1
t,1900,none,4550,MP7,0.0,101.1
t,1900,none,4600,none,0.0159,102.8
t,1900,none,4600,Galil AR,0.0275,102.8
t,1900,none,4600,AK-47,0.9566,102.8
t,1900,none,4600,MAC-10,0.0,102.8
t,1900,none,4600,SSG 08,0.0,102.8
t,1900,none,4600,MP7,0.0,102.8
t,1900,none,4650,none,0.0191,106.3
t,1900,none,4650,Galil AR,0.0234,106.3
t,1900,none,4650,AK-47,0.9574,106.3
t,1900,none,4650,MAC-10,0.0,106.3
t,1900,none,4650,SSG 08,0.0,106.3
t,1900,none,4650,MP7,0.0,106.3
t,1900,none,4700,none,0.0183,101.0
t,1900,none,4700,Galil AR,0.017,101.0
t,1900,none,4700,AK-47,0.9647,101.0
t,1900,none,4700,MAC-10,0.0,101.0
t,1900,none,4700,SSG 08,0.0,101.0
t,1900,none,4700,MP7,0.0,101.0
t,1900,none,4750,none,0.0254,103.9
t,1900,none,4750,Galil AR,0.0132,103.9
t,1900,none,4750,AK-47,0.9492,103.9
t,1900,none,4750,MAC-10,0.0,103.9
t,1900,none,4750,SSG 08,0.0003,103.9
t,1900,none,4750,MP7,0.0,103.9
t,1900,none,4750,AWP,0.0118,103.9
t,1900,none,4800,none,0.0209,108.3
t,1900,none,4800,AK-47,0.963,108.3
t,1900,none,4800,Galil AR,0.0034,108.3
t,1900,none,4800,MAC-10,0.0,108.3
t,1900,none,4800,SSG 08,0.0001,108.3
t,1900,none,4800,MP7,0.0,108.3
t,1900,none,4800,AWP,0.0125,108.3
t,1900,none,4850,none,0.0282,108.7
t,1900,none,4850,AK-47,0.9577,108.7
t,1900,none,4850,Galil AR,0.0019,108.7
t,1900,none,4850,MAC-10,0.0,108.7
t,1900,none,4850,SSG 08,0.0009,108.7
t,1900,none,4850,MP7,0.0,108.7
t,1900,none,4850,AWP,0.0113,108.7
t,1900,none,4900,none,0.0276,103.5
t,1900,none,4900,AK-47,0.9658,103.5
t,1900,none,4900,Galil AR,0.0,103.5
t,1900,none,4900,MAC-10,0.0,103.5
t,1900,none,4900,SSG 08,0.0006,103.5
t,1900,none,4900,MP7,0.0,103.5
t,1900,none,4900,AWP,0.006,103.5
t,1900,none,4950,none,0.0309,103.6
t,1900,none,4950,AK-47,0.9644,103.6
t,1900,none,4950,Galil AR,0.0,103.6
t,1900,none,4950,MAC-10,0.0,103.6
t,1900,none,4950,SSG 08,0.0023,103.6
t,1900,none,4950,MP7,0.0,103.6
t,1900,none,4950,AWP,0.0023,103.6
t,1900,none,5000,none,0.0271,109.6
t,1900,none,5000,AK-47,0.9648,109.6
t,1900,none,5000,Galil AR,0.0,109.6
t,1900,none,5000,MAC-10,0.0,109.6
t,1900,none,5000,SSG 08,0.007,109.6
t,1900,none,5000,MP7,0.0,109.6
t,1900,none,5000,AWP,0.0011,109.6
t,1900,none,5050,none,0.0206,100.9
t,1900,none,5050,AK-47,0.9669,100.9
t,1900,none,5050,Galil AR,0.0,100.9
t,1900,none,5050,MAC-10,0.0,100.9
t,1900,none,5050,SSG 08,0.0122,100.9
t,1900,none,5050,MP7,0.0,100.9
t,1900,none,5050,AWP,0.0003,100.9
t,1900,none,5100,none,0.0114,103.1
t,1900,none,5100,AK-47,0.9737,103.1
t,1900,none,5100,Galil AR,0.0,103.1
t,1900,none,5100,MAC-10,0.0,103.1
t,1900,none,5100,SSG 08,0.0149,103.1
t,1900,none,5100,MP7,0.0,103.1
t,1900,none,5100,AWP,0.0001,103.1
t,1900,none,5150,none,0.0061,100.7
t,1900,none,5150,AK-47,0.978,100.7
t,1900,none,5150,Galil AR,0.0,100.7
t,1900,none,5150,MAC-10,0.0,100.7
t,1900,none,5150,SSG 08,0.0159,100.7
t,1900,none,5150,MP7,0.0,100.7
t,1900,none,5150,AWP,0.0,100.7
t,1900,none,5200,none,0.0067,105.9
t,1900,none,5200,AK-47,0.9772,105.9
t,1900,none,5200,Galil AR,0.0,105.9
t,1900,none,5200,MAC-10,0.0001,105.9
t,1900,none,5200,SSG 08,0.016,105.9
t,1900,none,5200,MP7,0.0,105.9
t,1900,none,5200,AWP,0.0,105.9
t,1900,none,5250,none,0.0097,107.8
t,1900,none,5250,AK-47,0.9729,107.8
t,1900,none,5250,Galil AR,0.0,107.8
t,1900,none,5250,MAC-10,0.001,107.8
t,1900,none,5250,SSG 08,0.0165,107.8
t,1900,none,5250,MP7,0.0,107.8
t,1900,none,5250,AWP,0.0,107.8
t,1900,none,5300,none,0.0127,102.4
t,1900,none,5300,AK-47,0.9685,102.4
t,1900,none,5300,Galil AR,0.0,102.4
t,1900,none,5300,MAC-10,0.0026,102.4
t,1900,none,5300,SSG 08,0.0162,102.4
t,1900,none,5300,MP7,0.0,102.4
t,1900,none,5300,AWP,0.0,102.4
t,1900,none,5350,none,0.0137,107.0
t,1900,none,5350,AK-47,0.9662,107.0
t,1900,none,5350,Galil AR,0.0001,107.0
t,1900,none,5350,MAC-10,0.0062,107.0
t,1900,none,5350,SSG 08,0.0139,107.0
t,1900,none,5350,MP7,0.0,107.0
t,1900,none,5350,AWP,0.0,107.0
t,1900,none,5400,none,0.0127,104.9
t,1900,none,5400,AK-47,0.9309,104.9
t,1900,none,5400,Galil AR,0.0002,104.9
t,1900,none,5400,MAC-10,0.0097,104.9
t,1900,none,5400,SSG 08,0.0103,104.9
t,1900,none,5400,MP7,0.0,104.9
t,1900,none,5400,AWP,0.0361,104.9
t,1900,none,5450,none,0.01,107.0
t,1900,none,5450,AK-47,0.9311,107.0
t,1900,none,5450,Galil AR,0.001,107.0
t,1900,none,5450,MAC-10,0.0124,107.0
t,1900,none,5450,SSG 08,0.0072,107.0
t,1900,none,5450,MP7,0.0,107.0
t,1900,none,5450,AWP,0.0382,107.0
t,1900,none,5500,none,0.0071,101.9
t,1900,none,5500,AK-47,0.9352,101.9
t,1900,none,5500,Galil AR,0.0023,101.9
t,1900,none,5500,MAC-10,0.0139,101.9
t,1900,none,5500,SSG 08,0.0044,101.9
t,1900,none,5500,MP7,0.0,101.9
t,1900,none,5500,AWP,0.0371,101.9
t,1900,none,5550,none,0.0049,106.1
t,1900,none,5550,AK-47,0.9436,106.1
t,1900,none,5550,Galil AR,0.0054,106.1
t,1900,none,5550,MAC-10,0.0126,106.1
t,1900,none,5550,SSG 08,0.0028,106.1
t,1900,none,5550,MP7,0.0,106.1
t,1900,none,5550,AWP,0.0306,106.1
t,1900,none,5600,none,0.0028,105.1
t,1900,none,5600,AK-47,0.9396,105.1
t,1900,none,5600,Galil AR,0.009,105.1
t,1900,none,5600,MAC-10,0.0105,105.1
t,1900,none,5600,SSG 08,0.0014,105.1
t,1900,none,5600,MP7,0.0,105.1
t,1900,none,5600,AWP,0.0367,105.1
t,1900,none,5650,none,0.0014,102.8
t,1900,none,5650,AK-47,0.9473,102.8
t,1900,none,5650,Galil AR,0.0137,102.8
t,1900,none,5650,MAC-10,0.0079,102.8
t,1900,none,5650,SSG 08,0.0006,102.8
t,1900,none,5650,MP7,0.0,102.8
t,1900,none,5650,AWP,0.029,102.8
t,1900,none,5700,none,0.0006,102.1
t,1900,none,5700,AK-47,0.9294,102.1
t,1900,none,5700,Galil AR,0.0182,102.1
t,1900,none,5700,MAC-10,0.0051,102.1
t,1900,none,5700,SSG 08,0.0002,102.1
t,1900,none,5700,MP7,0.0,102.1
t,1900,none,5700,AWP,0.0465,102.1
t,1900,none,5750,none,0.0004,106.1
t,1900,none,5750,AK-47,0.934,106.1
t,1900,none,5750,Galil AR,0.0214,106.1
t,1900,none,5750,MAC-10,0.0033,106.1
t,1900,none,5750,SSG 08,0.0001,106.1
t,1900,none,5750,MP7,0.0,106.1
t,1900,none,5750,AWP,0.0408,106.1
t,1900,none,5800,none,0.0002,102.5
t,1900,none,5800,AK-47,0.9397,102.5
t,1900,none,5800,Galil AR,0.0238,102.5
t,1900,none,5800,MAC-10,0.0018,102.5
t,1900,none,5800,SSG 08,0.0001,102.5
t,1900,none,5800,MP7,0.0,102.5
t,1900,none,5800,AWP,0.0345,102.5
t,1900,none,5850,none,0.0001,105.2
t,1900,none,5850,AK-47,0.9478,105.2
t,1900,none,5850,Galil AR,0.0233,105.2
t,1900,none,5850,MAC-10,0.0012,105.2
t,1900,none,5850,SSG 08,0.0,105.2
t,1900,none,5850,MP7,0.0,105.2
t,1900,none,5850,AWP,0.0275,105.2
t,1900,none,5900,none,0.0,102.5
t,1900,none,5900,AK-47,0.9434,102.5
t,1900,none,5900,Galil AR,0.022,102.5
t,1900,none,5900,MAC-10,0.0006,102.5
t,1900,none,5900,SSG 08,0.0,102.5
t,1900,none,5900,MP7,0.0,102.5
t,1900,none,5900,AWP,0.0339,102.5
t,1900,none,5950,none,0.0,100.1
t,1900,none,5950,AK-47,0.9398,100.1
t,1900,none,5950,Galil AR,0.0194,100.1
t,1900,none,5950,MAC-10,0.0003,100.1
t,1900,none,5950,SSG 08,0.0,100.1
t,1900,none,5950,MP7,0.0,100.1
t,1900,none,5950,AWP,0.0405,100.1
t,1900,none,6000,none,0.0,103.2
t,1900,none,6000,AK-47,0.9485,103.2
t,1900,none,6000,Galil AR,0.016,103.2
t,1900,none,6000,MAC-10,0.0002,103.2
t,1900,none,6000,SSG 08,0.0,103.2
t,1900,none,6000,MP7,0.0,103.2
t,1900,none,6000,AWP,0.0353,103.2
t,1900,none,6050,none,0.0,102.4
t,1900,none,6050,AK-47,0.9336,102.4
t,1900,none,6050,Galil AR,0.0123,102.4
t,1900,none,6050,MAC-10,0.0001,102.4
t,1900,none,6050,SSG 08,0.0,102.4
t,1900,none,6050,MP7,0.0,102.4
t,1900,none,6050,AWP,0.054,102.4
t,1900,none,6100,none,0.0,106.4
t,1900,none,6100,AK-47,0.9404,106.4
t,1900,none,6100,Galil AR,0.0094,106.4
t,1900,none,6100,MAC-10,0.0001,106.4
t,1900,none,6100,SSG 08,0.0,106.4
t,1900,none,6100,MP7,0.0,106.4
t,1900,none,6100,AWP,0.0501,106.4
t,1900,none,6150,none,0.0,104.5
t,1900,none,6150,AK-47,0.9479,104.5
t,1900,none,6150,Galil AR,0.0066,104.5
t,1900,none,6150,MAC-10,0.0,104.5
t,1900,none,6150,SSG 08,0.0,104.5
t,1900,none,6150,MP7,0.0,104.5
t,1900,none,6150,AWP,0.0455,104.5
t,1900,none,6200,none,0.0,103.0
t,1900,none,6200,AK-47,0.9566,103.0
t,1900,none,6200,Galil AR,0.0042,103.0
t,1900,none,6200,MAC-10,0.0,103.0
t,1900,none,6200,SSG 08,0.0,103.0
t,1900,none,6200,MP7,0.0,103.0
t,1900,none,6200,AWP,0.0391,103.0
t,1900,none,6250,none,0.0,102.9
t,1900,none,6250,AK-47,0.9382,102.9
t,1900,none,6250,Galil AR,0.0025,102.9
t,1900,none,6250,MAC-10,0.0,102.9
t,1900,none,6250,SSG 08,0.0,102.9
t,1900,none,6250,MP7,0.0,102.9
t,1900,none,6250,AWP,0.0594,102.9
t,1900,none,6300,none,0.0,101.0
t,1900,none,6300,AK-47,0.9473,101.0
t,1900,none,6300,Galil AR,0.0014,101.0
t,1900,none,6300,MAC-10,0.0,101.0
t,1900,none,6300,SSG 08,0.0,101.0
t,1900,none,6300,MP7,0.0,101.0
t,1900,none,6300,AWP,0.0513,101.0
t,1900,none,6350,none,0.0,103.8
t,1900,none,6350,AK-47,0.9566,103.8
t,1900,none,6350,Galil AR,0.0009,103.8
t,1900,none,6350,MAC-10,0.0,103.8
t,1900,none,6350,SSG 08,0.0,103.8
t,1900,none,6350,MP7,0.0,103.8
t,1900,none,6350,AWP,0.0425,103.8
t,1900,none,6400,none,0.0,100.4
t,1900,none,6400,AK-47,0.965,100.4
t,1900,none,6400,Galil AR,0.0005,100.4
t,1900,none,6400,MAC-10,0.0,100.4
t,1900,none,6400,SSG 08,0.0,100.4
t,1900,none,6400,MP7,0.0,100.4
t,1900,none,6400,AWP,0.0345,100.4
t,1900,none,6450,none,0.0,102.5
t,1900,none,6450,AK-47,0.9019,102.5
t,1900,none,6450,Galil AR,0.0002,102.5
t,1900,none,6450,MAC-10,0.0,102.5
t,1900,none,6450,SSG 08,0.0,102.5
t,1900,none,6450,MP7,0.0,102.5
t,1900,none,6450,AWP,0.0978,102.5
t,1900,none,6500,none,0.0,103.8
t,1900,none,6500,AK-47,0.9045,103.8
t,1900,none,6500,Galil AR,0.0002,103.8
t,1900,none,6500,MAC-10,0.0001,103.8
t,1900,none,6500,SSG 08,0.0,103.8
t,1900,none,6500,MP7,0.0,103.8
t,1900,none,6500,AWP,0.0952,103.8
t,1900,none,6550,none,0.0,101.2
t,1900,none,6550,AK-47,0.9076,101.2
t,1900,none,6550,Galil AR,0.0001,101.2
t,1900,none,6550,MAC-10,0.0001,101.2
t,1900,none,6550,SSG 08,0.0,101.2
t,1900,none,6550,MP7,0.0,101.2
t,1900,none,6550,AWP,0.0922,101.2
t,1900,none,6600,none,0.0,103.6
t,1900,none,6600,AK-47,0.9131,103.6
t,1900,none,6600,Galil AR,0.0001,103.6
t,1900,none,6600,MAC-10,0.0004,103.6
t,1900,none,6600,SSG 08,0.0,103.6
t,1900,none,6600,MP7,0.0,103.6
t,1900,none,6600,AWP,0.0864,103.6
t,1900,none,6650,none,0.0,103.8
t,1900,none,6650,AK-47,0.9,103.8
t,1900,none,6650,Galil AR,0.0,103.8
t,1900,none,6650,MAC-10,0.0008,103.8
t,1900,none,6650,SSG 08,0.0,103.8
t,1900,none,6650,MP7,0.0,103.8
t,1900,none,6650,AWP,0.0992,103.8
t,1900,none,6700,none,0.0,101.7
t,1900,none,6700,AK-47,0.9029,101.7
t,1900,none,6700,Galil AR,0.0,101.7
t,1900,none,6700,MAC-10,0.0014,101.7
t,1900,none,6700,SSG 08,0.0,101.7
t,1900,none,6700,MP7,0.0,101.7
t,1900,none,6700,AWP,0.0957,101.7
t,1900,none,6750,none,0.0,103.3
t,1900,none,6750,AK-47,0.908,103.3
t,1900,none,6750,Galil AR,0.0,103.3
t,1900,none,6750,MAC-10,0.0027,103.3
t,1900,none,6750,SSG 08,0.0,103.3
t,1900,none,6750,MP7,0.0,103.3
t,1900,none,6750,AWP,0.0892,103.3
t,1900,none,6800,none,0.0,104.1
t,1900,none,6800,AK-47,0.9141,104.1
t,1900,none,6800,Galil AR,0.0,104.1
t,1900,none,6800,MAC-10,0.0045,104.1
t,1900,none,6800,SSG 08,0.0,104.1
t,1900,none,6800,MP7,0.0,104.1
t,1900,none,6800,AWP,0.0815,104.1
t,1900,none,6850,none,0.0,102.4
t,1900,none,6850,AK-47,0.8325,102.4
t,1900,none,6850,Galil AR,0.0,102.4
t,1900,none,6850,AWP,0.1619,102.4
t,1900,none,6850,MAC-10,0.0056,102.4
t,1900,none,6850,SSG 08,0.0,102.4
t,1900,none,6850,MP7,0.0,102.4
t,1900,none,6900,none,0.0,103.3
t,1900,none,6900,AK-47,0.83,103.3
t,1900,none,6900,Galil AR,0.0,103.3
t,1900,none,6900,AWP,0.1623,103.3
t,1900,none,6900,MAC-10,0.0077,103.3
t,1900,none,6900,SSG 08,0.0,103.3
t,1900,none,6900,MP7,0.0,103.3
t,1900,none,6950,none,0.0,104.8
t,1900,none,6950,AK-47,0.8286,104.8
t,1900,none,6950,Galil AR,0.0,104.8
t,1900,none,6950,AWP,0.1617,104.8
t,1900,none,6950,MAC-10,0.0097,104.8
t,1900,none,6950,SSG 08,0.0,104.8
t,1900,none,6950,MP7,0.0,104.8
t,1900,none,7000,none,0.0,102.9
t,1900,none,7000,AK-47,0.8187,102.9
t,1900,none,7000,Galil AR,0.0,102.9
t,1900,none,7000,AWP,0.1699,102.9
t,1900,none,7000,MAC-10,0.0114,102.9
t,1900,none,7000,SSG 08,0.0,102.9
t,1900,none,7000,MP7,0.0,102.9
t,1900,none,7050,none,0.0,100.7
t,1900,none,7050,AK-47,0.8161,100.7
t,1900,none,7050,Galil AR,0.0,100.7
t,1900,none,7050,AWP,0.1708,100.7
t,1900,none,7050,MAC-10,0.013,100.7
t,1900,none,7050,SSG 08,0.0,100.7
t,1900,none,7050,MP7,0.0,100.7
t,1900,none,7100,none,0.0,103.3
t,1900,none,7100,AK-47,0.8136,103.3
t,1900,none,7100,Galil AR,0.0,103.3
t,1900,none,7100,AWP,0.1728,103.3
t,1900,none,7100,MAC-10,0.0136,103.3
t,1900,none,7100,SSG 08,0.0,103.3
t,1900,none,7100,MP7,0.0,103.3
t,1900,none,7150,none,0.0,101.4
t,1900,none,7150,AK-47,0.8105,101.4
t,1900,none,7150,Galil AR,0.0,101.4
t,1900,none,7150,AWP,0.1754,101.4
t,1900,none,7150,MAC-10,0.0141,101.4
t,1900,none,7150,SSG 08,0.0,101.4
t,1900,none,7150,MP7,0.0,101.4
t,1900,none,7200,none,0.0,100.4
t,1900,none,7200,AK-47,0.7971,100.4
t,1900,none,7200,Galil AR,0.0,100.4
t,1900,none,7200,AWP,0.189,100.4
t,1900,none,7200,MAC-10,0.0139,100.4
t,1900,none,7200,SSG 08,0.0,100.4
t,1900,none,7200,MP7,0.0,100.4
t,1900,none,7250,none,0.0,102.3
t,1900,none,7250,AK-47,0.7908,102.3
t,1900,none,7250,Galil AR,0.0,102.3
t,1900,none,7250,AWP,0.1964,102.3
t,1900,none,7250,MAC-10,0.0129,102.3
t,1900,none,7250,SSG 08,0.0,102.3
t,1900,none,7250,MP7,0.0,102.3
t,1900,none,7300,none,0.0,100.1
t,1900,none,7300,AK-47,0.7845,100.1
t,1900,none,7300,Galil AR,0.0,100.1
t,1900,none,7300,AWP,0.2036,100.1
t,1900,none,7300,MAC-10,0.0119,100.1
t,1900,none,7300,SSG 08,0.0,100.1
t,1900,none,7300,MP7,0.0,100.1
t,1900,none,7350,none,0.0,103.8
t,1900,none,7350,AK-47,0.7681,103.8
t,1900,none,7350,AWP,0.2216,103.8
t,1900,none,7350,Galil AR,0.0,103.8
t,1900,none,7350,MAC-10,0.0103,103.8
t,1900,none,7350,SSG 08,0.0,103.8
t,1900,none,7350,MP7,0.0,103.8
t,1900,none,7400,none,0.0,102.4
t,1900,none,7400,AK-47,0.7601,102.4
t,1900,none,7400,AWP,0.231,102.4
t,1900,none,7400,Galil AR,0.0,102.4
t,1900,none,7400,MAC-10,0.0089,102.4
t,1900,none,7400,SSG 08,0.0,102.4
t,1900,none,7400,MP7,0.0,102.4
t,1900,none,7450,none,0.0,101.3
t,1900,none,7450,AK-47,0.7528,101.3
t,1900,none,7450,AWP,0.2397,101.3
t,1900,none,7450,Galil AR,0.0,101.3
t,1900,none,7450,MAC-10,0.0075,101.3
t,1900,none,7450,SSG 08,0.0,101.3
t,1900,none,7450,MP7,0.0,101.3
t,1900,none,7500,none,0.0,100.8
t,1900,none,7500,AK-47,0.7465,100.8
t,1900,none,7500,AWP,0.2475,100.8
t,1900,none,7500,Galil AR,0.0,100.8
t,1900,none,7500,MAC-10,0.0061,100.8
t,1900,none,7500,SSG 08,0.0,100.8
t,1900,none,7500,MP7,0.0,100.8
t,1900,none,7550,none,0.0,100.5
t,1900,none,7550,AK-47,0.7424,100.5
t,1900,none,7550,AWP,0.2528,100.5
t,1900,none,7550,Galil AR,0.0,100.5
t,1900,none,7550,MAC-10,0.0047,100.5
t,1900,none,7550,SSG 08,0.0,100.5
t,1900,none,7550,MP7,0.0,100.5
t,1900,none,7600,none,0.0,100.3
t,1900,none,7600,AK-47,0.7409,100.3
t,1900,none,7600,AWP,0.2555,100.3
t,1900,none,7600,Galil AR,0.0,100.3
t,1900,none,7600,MAC-10,0.0036,100.3
t,1900,none,7600,SSG 08,0.0,100.3
t,1900,none,7600,MP7,0.0,100.3
t,2400,none,800,none,1.0,118.7
t,2400,none,850,none,1.0,109.3
t,2400,none,900,none,1.0,129.8
t,2400,none,950,none,1.0,126.1
t,2400,none,1000,none,1.0,147.0
t,2400,none,1050,none,1.0,146.0
t,2400,none,1100,none,1.0,146.0
t,2400,none,1150,none,1.0,147.0
t,2400,none,1200,none,1.0,148.0
t,2400,none,1250,none,1.0,148.0
t,2400,none,1300,none,1.0,148.0
t,2400,none,1350,none,1.0,148.0
t,2400,none,1350,MAC-10,0.0,148.0
t,2400,none,1400,none,1.0,148.0
t,2400,none,1400,MAC-10,0.0,148.0
t,2400,none,1450,none,1.0,148.0
t,2400,none,1450,MAC-10,0.0,148.0
t,2400,none,1500,none,1.0,148.0
t,2400,none,1500,MAC-10,0.0,148.0
t,2400,none,1550,none,1.0,148.0
t,2400,none,1550,MAC-10,0.0,148.0
t,2400,none,1600,none,1.0,148.0
t,2400,none,1600,MAC-10,0.0,148.0
t,2400,none,1650,none,1.0,148.0
t,2400,none,1650,MAC-10,0.0,148.0
t,2400,none,1700,none,0.9801,151.0
t,2400,none,1700,MAC-10,0.0,151.0
t,2400,none,1700,SSG 08,0.0199,151.0
t,2400,none,1750,none,0.9803,152.0
t,2400,none,1750,MAC-10,0.0,152.0
t,2400,none,1750,SSG 08,0.0197,152.0
t,2400,none,1800,none,0.981,158.0
t,2400,none,1800,MAC-10,0.0,158.0
t,2400,none,1800,SSG 08,0.019,158.0
t,2400,none,1850,none,0.9756,164.0
t,2400,none,1850,MAC-10,0.0,164.0
t,2400,none,1850,SSG 08,0.0244,164.0
t,2400,none,1900,none,0.9763,174.5
t,2400,none,1900,MAC-10,0.0,174.5
t,2400,none,1900,SSG 08,0.0237,174.5
t,2400,none,1950,none,0.9892,128.3
t,2400,none,1950,MAC-10,0.0,128.3
t,2400,none,1950,SSG 08,0.0108,128.3
t,2400,none,2000,none,0.9835,211.0
t,2400,none,2000,MAC-10,0.0,211.0
t,2400,none,2000,Galil AR,0.0,211.0
t,2400,none,2000,SSG 08,0.0165,211.0
t,2400,none,2050,none,0.9942,375.2
t,2400,none,2050,MAC-10,0.0,375.2
t,2400,none,2050,Galil AR,0.0,375.2
t,2400,none,2050,SSG 08,0.0058,375.2
t,2400,none,2100,none,0.9954,308.6
t,2400,none,2100,MAC-10,0.0,308.6
t,2400,none,2100,Galil AR,0.0,308.6
t,2400,none,2100,SSG 08,0.0046,308.6
t,2400,none,2150,none,0.9984,118.0
t,2400,none,2150,MAC-10,0.0,118.0
t,2400,none,2150,Galil AR,0.0,118.0
t,2400,none,2150,SSG 08,0.0016,118.0
t,2400,none,2200,none,0.9963,114.4
t,2400,none,2200,MAC-10,0.0,114.4
t,2400,none,2200,Galil AR,0.0017,114.4
t,2400,none,2200,SSG 08,0.0021,114.4
t,2400,none,2250,none,0.9873,121.6
t,2400,none,2250,MAC-10,0.0,121.6
t,2400,none,2250,Galil AR,0.006,121.6
t,2400,none,2250,SSG 08,0.0066,121.6
t,2400,none,2300,none,0.9744,122.3
t,2400,none,2300,MAC-10,0.0,122.3
t,2400,none,2300,Galil AR,0.0114,122.3
t,2400,none,2300,SSG 08,0.0142,122.3
t,2400,none,2350,none,0.9628,112.7
t,2400,none,2350,MAC-10,0.0273,112.7
t,2400,none,2350,Galil AR,0.0004,112.7
t,2400,none,2350,SSG 08,0.0095,112.7
t,2400,none,2400,none,0.9656,142.7
t,2400,none,2400,MAC-10,0.0259,142.7
t,2400,none,2400,Galil AR,0.0012,142.7
t,2400,none,2400,SSG 08,0.0074,142.7
t,2400,none,2400,MP7,0.0,142.7
t,2400,none,2450,none,0.9343,134.8
t,2400,none,2450,MAC-10,0.042,134.8
t,2400,none,2450,Galil AR,0.0139,134.8
t,2400,none,2450,SSG 08,0.0098,134.8
t,2400,none,2450,MP7,0.0,134.8
t,2400,none,2500,none,0.9158,107.7
t,2400,none,2500,MAC-10,0.0415,107.7
t,2400,none,2500,Galil AR,0.0306,107.7
t,2400,none,2500,UMP-45,0.0,107.7
t,2400,none,2500,SSG 08,0.012,107.7
t,2400,none,2500,MP7,0.0,107.7
t,2400,none,2550,none,0.8546,106.5
t,2400,none,2550,MAC-10,0.0711,106.5
t,2400,none,2550,Galil AR,0.0548,106.5
t,2400,none,2550,SSG 08,0.0193,106.5
t,2400,none,2550,UMP-45,0.0,106.5
t,2400,none,2550,MP7,0.0001,106.5
t,2400,none,2600,none,0.8567,153.5
t,2400,none,2600,MAC-10,0.064,153.5
t,2400,none,2600,Galil AR,0.0617,153.5
t,2400,none,2600,SSG 08,0.0111,153.5
t,2400,none,2600,UMP-45,0.0022,153.5
t,2400,none,2600,MP7,0.0044,153.5
t,2400,none,2650,none,0.7081,135.3
t,2400,none,2650,MAC-10,0.1228,135.3
t,2400,none,2650,Galil AR,0.1308,135.3
t,2400,none,2650,SSG 08,0.0155,135.3
t,2400,none,2650,UMP-45,0.0076,135.3
t,2400,none,2650,MP7,0.0152,135.3
t,2400,none,2700,none,0.7876,103.8
t,2400,none,2700,MAC-10,0.0894,103.8
t,2400,none,2700,Galil AR,0.0951,103.8
t,2400,none,2700,SSG 08,0.0112,103.8
t,2400,none,2700,UMP-45,0.0056,103.8
t,2400,none,2700,MP7,0.0111,103.8
t,2400,none,2750,none,0.8704,109.8
t,2400,none,2750,MAC-10,0.0634,109.8
t,2400,none,2750,Galil AR,0.0493,109.8
t,2400,none,2750,SSG 08,0.0086,109.8
t,2400,none,2750,UMP-45,0.0028,109.8
t,2400,none,2750,MP7,0.0056,109.8
t,2400,none,2800,none,0.8298,105.6
t,2400,none,2800,MAC-10,0.0464,105.6
t,2400,none,2800,Galil AR,0.1097,105.6
t,2400,none,2800,SSG 08,0.0115,105.6
t,2400,none,2800,UMP-45,0.0006,105.6
t,2400,none,2800,MP7,0.0019,105.6
t,2400,none,2850,none,0.7722,113.1
t,2400,none,2850,MAC-10,0.0406,113.1
t,2400,none,2850,Galil AR,0.1637,113.1
t,2400,none,2850,SSG 08,0.0216,113.1
t,2400,none,2850,UMP-45,0.0,113.1
t,2400,none,2850,MP7,0.0018,113.1
t,2400,none,2900,none,0.652,123.2
t,2400,none,2900,MAC-10,0.0265,123.2
t,2400,none,2900,Galil AR,0.2667,123.2
t,2400,none,2900,SSG 08,0.0383,123.2
t,2400,none,2900,UMP-45,0.0,123.2
t,2400,none,2900,MP7,0.0165,123.2
t,2400,none,2950,none,0.5778,117.3
t,2400,none,2950,MAC-10,0.0608,117.3
t,2400,none,2950,Galil AR,0.3176,117.3
t,2400,none,2950,SSG 08,0.0293,117.3
t,2400,none,2950,UMP-45,0.0,117.3
t,2400,none,2950,MP7,0.0145,117.3
t,2400,none,3000,none,0.6422,114.7
t,2400,none,3000,MAC-10,0.0639,114.7
t,2400,none,3000,Galil AR,0.2594,114.7
t,2400,none,3000,SSG 08,0.0237,114.7
t,2400,none,3000,UMP-45,0.0,114.7
t,2400,none,3000,MP7,0.0108,114.7
t,2400,none,3050,none,0.7209,109.2
t,2400,none,3050,MAC-10,0.0653,109.2
t,2400,none,3050,Galil AR,0.1781,109.2
t,2400,none,3050,SSG 08,0.0282,109.2
t,2400,none,3050,UMP-45,0.0,109.2
t,2400,none,3050,MP7,0.0076,109.2
t,2400,none,3100,none,0.6422,124.3
t,2400,none,3100,MAC-10,0.0487,124.3
t,2400,none,3100,Galil AR,0.2801,124.3
t,2400,none,3100,SSG 08,0.0242,124.3
t,2400,none,3100,UMP-45,0.0,124.3
t,2400,none,3100,MP7,0.0048,124.3
t,2400,none,3150,none,0.5789,116.5
t,2400,none,3150,MAC-10,0.0499,116.5
t,2400,none,3150,Galil AR,0.351,116.5
t,2400,none,3150,SSG 08,0.0177,116.5
t,2400,none,3150,UMP-45,0.0,116.5
t,2400,none,3150,MP7,0.0025,116.5
t,2400,none,3200,none,0.5399,110.3
t,2400,none,3200,MAC-10,0.0519,110.3
t,2400,none,3200,Galil AR,0.3955,110.3
t,2400,none,3200,SSG 08,0.0114,110.3
t,2400,none,3200,UMP-45,0.0,110.3
t,2400,none,3200,MP7,0.0013,110.3
t,2400,none,3250,none,0.5321,100.5
t,2400,none,3250,MAC-10,0.0683,100.5
t,2400,none,3250,Galil AR,0.393,100.5
t,2400,none,3250,SSG 08,0.0062,100.5
t,2400,none,3250,UMP-45,0.0,100.5
t,2400,none,3250,MP7,0.0004,100.5
t,2400,none,3300,none,0.5043,100.4
t,2400,none,3300,MAC-10,0.0708,100.4
t,2400,none,3300,Galil AR,0.423,100.4
t,2400,none,3300,SSG 08,0.0019,100.4
t,2400,none,3300,UMP-45,0.0,100.4
t,2400,none,3300,MP7,0.0,100.4
t,2400,none,3350,none,0.5698,102.7
t,2400,none,3350,MAC-10,0.0707,102.7
t,2400,none,3350,Galil AR,0.345,102.7
t,2400,none,3350,SSG 08,0.0006,102.7
t,2400,none,3350,AK-47,0.0139,102.7
t,2400,none,3350,UMP-45,0.0,102.7
t,2400,none,3350,MP7,0.0,102.7
t,2400,none,3400,none,0.6286,106.4
t,2400,none,3400,Galil AR,0.2827,106.4
t,2400,none,3400,MAC-10,0.062,106.4
t,2400,none,3400,SSG 08,0.0088,106.4
t,2400,none,3400,AK-47,0.0179,106.4
t,2400,none,3400,UMP-45,0.0,106.4
t,2400,none,3400,MP7,0.0,106.4
t,2400,none,3450,none,0.6752,105.4
t,2400,none,3450,Galil AR,0.2309,105.4
t,2400,none,3450,MAC-10,0.0551,105.4
t,2400,none,3450,SSG 08,0.0176,105.4
t,2400,none,3450,AK-47,0.0211,105.4
t,2400,none,3450,UMP-45,0.0,105.4
t,2400,none,3450,MP7,0.0,105.4
t,2400,none,3500,none,0.5705,102.7
t,2400,none,3500,Galil AR,0.3386,102.7
t,2400,none,3500,MAC-10,0.0396,102.7
t,2400,none,3500,SSG 08,0.0205,102.7
t,2400,none,3500,AK-47,0.0309,102.7
t,2400,none,3500,UMP-45,0.0,102.7
t,2400,none,3500,MP7,0.0,102.7
t,2400,none,3550,none,0.5214,106.7
t,2400,none,3550,Galil AR,0.3274,106.7
t,2400,none,3550,MAC-10,0.0373,106.7
t,2400,none,3550,SSG 08,0.0219,106.7
t,2400,none,3550,AK-47,0.092,106.7
t,2400,none,3550,UMP-45,0.0,106.7
t,2400,none,3550,MP7,0.0,106.7
t,2400,none,3600,none,0.5154,105.9
t,2400,none,3600,Galil AR,0.3327,105.9
t,2400,none,3600,MAC-10,0.0394,105.9
t,2400,none,3600,SSG 08,0.0219,105.9
t,2400,none,3600,AK-47,0.0906,105.9
t,2400,none,3600,UMP-45,0.0,105.9
t,2400,none,3600,MP7,0.0,105.9
t,2400,none,3650,none,0.5235,102.2
t,2400,none,3650,Galil AR,0.3202,102.2
t,2400,none,3650,MAC-10,0.043,102.2
t,2400,none,3650,SSG 08,0.021,102.2
t,2400,none,3650,AK-47,0.0922,102.2
t,2400,none,3650,UMP-45,0.0,102.2
t,2400,none,3650,MP7,0.0,102.2
t,2400,none,3700,none,0.4216,107.5
t,2400,none,3700,Galil AR,0.3836,107.5
t,2400,none,3700,MAC-10,0.0376,107.5
t,2400,none,3700,AK-47,0.1411,107.5
t,2400,none,3700,SSG 08,0.0161,107.5
t,2400,none,3700,UMP-45,0.0,107.5
t,2400,none,3700,MP7,0.0,107.5
t,2400,none,3750,none,0.4004,100.5
t,2400,none,3750,Galil AR,0.3726,100.5
t,2400,none,3750,MAC-10,0.0397,100.5
t,2400,none,3750,AK-47,0.1716,100.5
t,2400,none,3750,SSG 08,0.0157,100.5
t,2400,none,3750,UMP-45,0.0,100.5
t,2400,none,3750,MP7,0.0,100.5
t,2400,none,3800,none,0.3649,104.8
t,2400,none,3800,Galil AR,0.4047,104.8
t,2400,none,3800,MAC-10,0.0411,104.8
t,2400,none,3800,AK-47,0.1726,104.8
t,2400,none,3800,SSG 08,0.0167,104.8
t,2400,none,3800,UMP-45,0.0,104.8
t,2400,none,3800,MP7,0.0,104.8
t,2400,none,3850,none,0.3596,106.5
t,2400,none,3850,Galil AR,0.3844,106.5
t,2400,none,3850,MAC-10,0.0448,106.5
t,2400,none,3850,AK-47,0.1928,106.5
t,2400,none,3850,SSG 08,0.0184,106.5
t,2400,none,3850,UMP-45,0.0,106.5
t,2400,none,3850,MP7,0.0,106.5
t,2400,none,3900,none,0.2512,103.5
t,2400,none,3900,Galil AR,0.4787,103.5
t,2400,none,3900,MAC-10,0.0378,103.5
t,2400,none,3900,AK-47,0.2169,103.5
t,2400,none,3900,SSG 08,0.0155,103.5
t,2400,none,3900,UMP-45,0.0,103.5
t,2400,none,3900,MP7,0.0,103.5
t,2400,none,3950,none,0.2417,101.6
t,2400,none,3950,Galil AR,0.488,101.6
t,2400,none,3950,MAC-10,0.039,101.6
t,2400,none,3950,AK-47,0.2153,101.6
t,2400,none,3950,SSG 08,0.0159,101.6
t,2400,none,3950,UMP-45,0.0,101.6
t,2400,none,3950,MP7,0.0,101.6
t,2400,none,4000,none,0.1409,104.2
t,2400,none,4000,Galil AR,0.3925,104.2
t,2400,none,4000,MAC-10,0.0285,104.2
t,2400,none,4000,AK-47,0.4258,104.2
t,2400,none,4000,SSG 08,0.0122,104.2
t,2400,none,4000,UMP-45,0.0,104.2
t,2400,none,4000,MP7,0.0,104.2
t,2400,none,4050,none,0.1424,102.2
t,2400,none,4050,Galil AR,0.3881,102.2
t,2400,none,4050,MAC-10,0.0264,102.2
t,2400,none,4050,AK-47,0.4326,102.2
t,2400,none,4050,SSG 08,0.0104,102.2
t,2400,none,4050,UMP-45,0.0,102.2
t,2400,none,4050,MP7,0.0,102.2
t,2400,none,4100,none,0.1524,104.3
t,2400,none,4100,Galil AR,0.3984,104.3
t,2400,none,4100,MAC-10,0.026,104.3
t,2400,none,4100,AK-47,0.4143,104.3
t,2400,none,4100,SSG 08,0.0088,104.3
t,2400,none,4100,UMP-45,0.0,104.3
t,2400,none,4100,MP7,0.0,104.3
t,2400,none,4150,none,0.1575,100.6
t,2400,none,4150,Galil AR,0.4117,100.6
t,2400,none,4150,MAC-10,0.0269,100.6
t,2400,none,4150,AK-47,0.3964,100.6
t,2400,none,4150,SSG 08,0.0075,100.6
t,2400,none,4150,UMP-45,0.0,100.6
t,2400,none,4150,MP7,0.0,100.6
t,2400,none,4200,none,0.1102,104.7
t,2400,none,4200,Galil AR,0.2937,104.7
t,2400,none,4200,MAC-10,0.015,104.7
t,2400,none,4200,AK-47,0.5785,104.7
t,2400,none,4200,SSG 08,0.0026,104.7
t,2400,none,4200,UMP-45,0.0,104.7
t,2400,none,4200,MP7,0.0,104.7
t,2400,none,4250,none,0.1035,104.6
t,2400,none,4250,Galil AR,0.3064,104.6
t,2400,none,4250,MAC-10,0.0183,104.6
t,2400,none,4250,AK-47,0.5696,104.6
t,2400,none,4250,SSG 08,0.0021,104.6
t,2400,none,4250,UMP-45,0.0,104.6
t,2400,none,4250,MP7,0.0,104.6
t,2400,none,4300,none,0.0857,103.8
t,2400,none,4300,Galil AR,0.2781,103.8
t,2400,none,4300,MAC-10,0.0185,103.8
t,2400,none,4300,AK-47,0.6165,103.8
t,2400,none,4300,SSG 08,0.0011,103.8
t,2400,none,4300,UMP-45,0.0,103.8
t,2400,none,4300,MP7,0.0,103.8
t,2400,none,4350,none,0.0806,103.0
t,2400,none,4350,Galil AR,0.2868,103.0
t,2400,none,4350,MAC-10,0.0224,103.0
t,2400,none,4350,AK-47,0.6092,103.0
t,2400,none,4350,SSG 08,0.0011,103.0
t,2400,none,4350,UMP-45,0.0,103.0
t,2400,none,4350,MP7,0.0,103.0
t,2400,none,4400,none,0.0339,101.9
t,2400,none,4400,Galil AR,0.1863,101.9
t,2400,none,4400,MAC-10,0.0177,101.9
t,2400,none,4400,AK-47,0.7622,101.9
t,2400,none,4400,SSG 08,0.0,101.9
t,2400,none,4400,UMP-45,0.0,101.9
t,2400,none,4400,MP7,0.0,101.9
t,2400,none,4450,none,0.0309,101.9
t,2400,none,4450,Galil AR,0.1736,101.9
t,2400,none,4450,MAC-10,0.0198,101.9
t,2400,none,4450,AK-47,0.7757,101.9
t,2400,none,4450,SSG 08,0.0,101.9
t,2400,none,4450,UMP-45,0.0,101.9
t,2400,none,4450,MP7,0.0,101.9
t,2400,none,4500,none,0.0293,101.9
t,2400,none,4500,Galil AR,0.161,101.9
t,2400,none,4500,MAC-10,0.0208,101.9
t,2400,none,4500,AK-47,0.7888,101.9
t,2400,none,4500,SSG 08,0.0,101.9
t,2400,none,4500,UMP-45,0.0,101.9
t,2400,none,4500,MP7,0.0,101.9
t,2400,none,4550,none,0.0329,104.4
t,2400,none,4550,Galil AR,0.1576,104.4
t,2400,none,4550,MAC-10,0.0211,104.4
t,2400,none,4550,AK-47,0.7883,104.4
t,2400,none,4550,SSG 08,0.0001,104.4
t,2400,none,4550,UMP-45,0.0,104.4
t,2400,none,4550,MP7,0.0,104.4
t,2400,none,4600,none,0.0168,103.5
t,2400,none,4600,Galil AR,0.0927,103.5
t,2400,none,4600,MAC-10,0.0167,103.5
t,2400,none,4600,AK-47,0.8738,103.5
t,2400,none,4600,SSG 08,0.0,103.5
t,2400,none,4600,UMP-45,0.0,103.5
t,2400,none,4600,MP7,0.0,103.5
t,2400,none,4650,none,0.0193,100.2
t,2400,none,4650,Galil AR,0.0839,100.2
t,2400,none,4650,MAC-10,0.0153,100.2
t,2400,none,4650,AK-47,0.8814,100.2
t,2400,none,4650,SSG 08,0.0,100.2
t,2400,none,4650,UMP-45,0.0,100.2
t,2400,none,4650,MP7,0.0,100.2
t,2400,none,4700,none,0.0179,104.7
t,2400,none,4700,Galil AR,0.0623,104.7
t,2400,none,4700,MAC-10,0.0119,104.7
t,2400,none,4700,AK-47,0.9078,104.7
t,2400,none,4700,SSG 08,0.0,104.7
t,2400,none,4700,UMP-45,0.0,104.7
t,2400,none,4700,MP7,0.0,104.7
t,2400,none,4750,none,0.0197,103.7
t,2400,none,4750,Galil AR,0.0583,103.7
t,2400,none,4750,MAC-10,0.0107,103.7
t,2400,none,4750,AK-47,0.8877,103.7
t,2400,none,4750,SSG 08,0.0,103.7
t,2400,none,4750,UMP-45,0.0,103.7
t,2400,none,4750,AWP,0.0236,103.7
t,2400,none,4750,MP7,0.0,103.7
t,2400,none,4800,none,0.0141,103.2
t,2400,none,4800,Galil AR,0.0193,103.2
t,2400,none,4800,MAC-10,0.0048,103.2
t,2400,none,4800,AK-47,0.9385,103.2
t,2400,none,4800,SSG 08,0.0,103.2
t,2400,none,4800,UMP-45,0.0,103.2
t,2400,none,4800,AWP,0.0232,103.2
t,2400,none,4800,MP7,0.0,103.2
t,2400,none,4850,none,0.0145,101.1
t,2400,none,4850,Galil AR,0.0171,101.1
t,2400,none,4850,MAC-10,0.0037,101.1
t,2400,none,4850,AK-47,0.9406,101.1
t,2400,none,4850,SSG 08,0.0,101.1
t,2400,none,4850,UMP-45,0.0,101.1
t,2400,none,4850,AWP,0.0241,101.1
t,2400,none,4850,MP7,0.0,101.1
t,2400,none,4900,none,0.0127,102.7
t,2400,none,4900,Galil AR,0.0083,102.7
t,2400,none,4900,MAC-10,0.0013,102.7
t,2400,none,4900,AK-47,0.9562,102.7
t,2400,none,4900,SSG 08,0.0,102.7
t,2400,none,4900,UMP-45,0.0,102.7
t,2400,none,4900,AWP,0.0215,102.7
t,2400,none,4900,MP7,0.0,102.7
t,2400,none,4950,none,0.0113,102.5
t,2400,none,4950,Galil AR,0.0109,102.5
t,2400,none,4950,MAC-10,0.0013,102.5
t,2400,none,4950,AK-47,0.9573,102.5
t,2400,none,4950,SSG 08,0.0,102.5
t,2400,none,4950,UMP-45,0.0,102.5
t,2400,none,4950,AWP,0.0192,102.5
t,2400,none,4950,MP7,0.0,102.5
t,2400,none,5000,none,0.0097,102.4
t,2400,none,5000,Galil AR,0.0149,102.4
t,2400,none,5000,MAC-10,0.0018,102.4
t,2400,none,5000,AK-47,0.957,102.4
t,2400,none,5000,SSG 08,0.0,102.4
t,2400,none,5000,UMP-45,0.0,102.4
t,2400,none,5000,AWP,0.0167,102.4
t,2400,none,5000,MP7,0.0,102.4
t,2400,none,5050,none,0.0081,102.5
t,2400,none,5050,Galil AR,0.0195,102.5
t,2400,none,5050,MAC-10,0.003,102.5
t,2400,none,5050,AK-47,0.9553,102.5
t,2400,none,5050,SSG 08,0.0,102.5
t,2400,none,5050,UMP-45,0.0,102.5
t,2400,none,5050,AWP,0.0142,102.5
t,2400,none,5050,MP7,0.0,102.5
t,2400,none,5100,none,0.0059,105.1
t,2400,none,5100,Galil AR,0.0223,105.1
t,2400,none,5100,MAC-10,0.0043,105.1
t,2400,none,5100,AK-47,0.9568,105.1
t,2400,none,5100,SSG 08,0.0,105.1
t,2400,none,5100,UMP-45,0.0,105.1
t,2400,none,5100,AWP,0.0106,105.1
t,2400,none,5100,MP7,0.0,105.1
t,2400,none,5150,none,0.0046,104.0
t,2400,none,5150,Galil AR,0.0254,104.0
t,2400,none,5150,MAC-10,0.0067,104.0
t,2400,none,5150,AK-47,0.9549,104.0
t,2400,none,5150,SSG 08,0.0,104.0
t,2400,none,5150,UMP-45,0.0,104.0
t,2400,none,5150,AWP,0.0084,104.0
t,2400,none,5150,MP7,0.0,104.0
t,2400,none,5200,none,0.0036,100.7
t,2400,none,5200,Galil AR,0.0273,100.7
t,2400,none,5200,MAC-10,0.0093,100.7
t,2400,none,5200,AK-47,0.9532,100.7
t,2400,none,5200,SSG 08,0.0,100.7
t,2400,none,5200,UMP-45,0.0,100.7
t,2400,none,5200,AWP,0.0066,100.7
t,2400,none,5200,MP7,0.0,100.7
t,2400,none,5250,none,0.0032,100.4
t,2400,none,5250,Galil AR,0.0271,100.4
t,2400,none,5250,MAC-10,0.0115,100.4
t,2400,none,5250,AK-47,0.9524,100.4
t,2400,none,5250,SSG 08,0.0,100.4
t,2400,none,5250,UMP-45,0.0,100.4
t,2400,none,5250,AWP,0.0058,100.4
t,2400,none,5250,MP7,0.0,100.4
t,2400,none,5300,none,0.0034,103.9
t,2400,none,5300,Galil AR,0.0257,103.9
t,2400,none,5300,MAC-10,0.0127,103.9
t,2400,none,5300,AK-47,0.9525,103.9
t,2400,none,5300,SSG 08,0.0,103.9
t,2400,none,5300,UMP-45,0.0,103.9
t,2400,none,5300,AWP,0.0056,103.9
t,2400,none,5300,MP7,0.0,103.9
t,2400,none,5350,none,0.0038,103.4
t,2400,none,5350,Galil AR,0.0249,103.4
t,2400,none,5350,MAC-10,0.0136,103.4
t,2400,none,5350,AK-47,0.9526,103.4
t,2400,none,5350,SSG 08,0.0,103.4
t,2400,none,5350,UMP-45,0.0,103.4
t,2400,none,5350,AWP,0.0051,103.4
t,2400,none,5350,MP7,0.0,103.4
t,2400,none,5400,none,0.004,101.0
t,2400,none,5400,Galil AR,0.0235,101.0
t,2400,none,5400,MAC-10,0.0141,101.0
t,2400,none,5400,AK-47,0.9418,101.0
t,2400,none,5400,SSG 08,0.0,101.0
t,2400,none,5400,UMP-45,0.0,101.0
t,2400,none,5400,AWP,0.0165,101.0
t,2400,none,5400,MP7,0.0,101.0
t,2400,none,5450,none,0.0052,101.4
t,2400,none,5450,Galil AR,0.0224,101.4
t,2400,none,5450,MAC-10,0.0143,101.4
t,2400,none,5450,AK-47,0.9406,101.4
t,2400,none,5450,SSG 08,0.0,101.4
t,2400,none,5450,UMP-45,0.0,101.4
t,2400,none,5450,AWP,0.0175,101.4
t,2400,none,5450,MP7,0.0,101.4
t,2400,none,5500,none,0.0068,102.1
t,2400,none,5500,Galil AR,0.0214,102.1
t,2400,none,5500,MAC-10,0.0142,102.1
t,2400,none,5500,AK-47,0.9395,102.1
t,2400,none,5500,SSG 08,0.0,102.1
t,2400,none,5500,UMP-45,0.0,102.1
t,2400,none,5500,AWP,0.0181,102.1
t,2400,none,5500,MP7,0.0,102.1
t,2400,none,5550,none,0.0086,103.2
t,2400,none,5550,Galil AR,0.0204,103.2
t,2400,none,5550,MAC-10,0.0141,103.2
t,2400,none,5550,AK-47,0.9385,103.2
t,2400,none,5550,SSG 08,0.0,103.2
t,2400,none,5550,UMP-45,0.0,103.2
t,2400,none,5550,AWP,0.0184,103.2
t,2400,none,5550,MP7,0.0,103.2
t,2400,none,5600,none,0.0103,100.7
t,2400,none,5600,Galil AR,0.0193,100.7
t,2400,none,5600,MAC-10,0.0143,100.7
t,2400,none,5600,AK-47,0.9374,100.7
t,2400,none,5600,SSG 08,0.0,100.7
t,2400,none,5600,UMP-45,0.0,100.7
t,2400,none,5600,AWP,0.0187,100.7
t,2400,none,5600,MP7,0.0,100.7
t,2400,none,5650,none,0.0123,102.1
t,2400,none,5650,Galil AR,0.0184,102.1
t,2400,none,5650,MAC-10,0.0143,102.1
t,2400,none,5650,AK-47,0.9365,102.1
t,2400,none,5650,SSG 08,0.0,102.1
t,2400,none,5650,UMP-45,0.0,102.1
t,2400,none,5650,AWP,0.0185,102.1
t,2400,none,5650,MP7,0.0,102.1
t,2400,none,5700,none,0.0131,103.0
t,2400,none,5700,Galil AR,0.016,103.0
t,2400,none,5700,MAC-10,0.0136,103.0
t,2400,none,5700,AK-47,0.866,103.0
t,2400,none,5700,SSG 08,0.0,103.0
t,2400,none,5700,UMP-45,0.0,103.0
t,2400,none,5700,AWP,0.0913,103.0
t,2400,none,5700,MP7,0.0,103.0
t,2400,none,5750,none,0.0145,103.7
t,2400,none,5750,Galil AR,0.0152,103.7
t,2400,none,5750,MAC-10,0.014,103.7
t,2400,none,5750,AK-47,0.863,103.7
t,2400,none,5750,SSG 08,0.0,103.7
t,2400,none,5750,UMP-45,0.0,103.7
t,2400,none,5750,AWP,0.0932,103.7
t,2400,none,5750,MP7,0.0,103.7
t,2400,none,5800,none,0.016,100.5
t,2400,none,5800,Galil AR,0.0142,100.5
t,2400,none,5800,MAC-10,0.0146,100.5
t,2400,none,5800,AK-47,0.8586,100.5
t,2400,none,5800,SSG 08,0.0,100.5
t,2400,none,5800,UMP-45,0.0,100.5
t,2400,none,5800,AWP,0.0966,100.5
t,2400,none,5800,MP7,0.0,100.5
t,2400,none,5850,none,0.017,100.9
t,2400,none,5850,Galil AR,0.0135,100.9
t,2400,none,5850,MAC-10,0.0155,100.9
t,2400,none,5850,AK-47,0.858,100.9
t,2400,none,5850,SSG 08,0.0,100.9
t,2400,none,5850,UMP-45,0.0,100.9
t,2400,none,5850,AWP,0.096,100.9
t,2400,none,5850,MP7,0.0,100.9
t,2400,none,5900,none,0.0174,101.5
t,2400,none,5900,Galil AR,0.0128,101.5
t,2400,none,5900,MAC-10,0.0163,101.5
t,2400,none,5900,AK-47,0.8443,101.5
t,2400,none,5900,SSG 08,0.0,101.5
t,2400,none,5900,UMP-45,0.0,101.5
t,2400,none,5900,AWP,0.1092,101.5
t,2400,none,5900,MP7,0.0,101.5
t,2400,none,5950,none,0.0178,101.3
t,2400,none,5950,Galil AR,0.0124,101.3
t,2400,none,5950,MAC-10,0.0173,101.3
t,2400,none,5950,AK-47,0.845,101.3
t,2400,none,5950,SSG 08,0.0,101.3
t,2400,none,5950,UMP-45,0.0,101.3
t,2400,none,5950,AWP,0.1075,101.3
t,2400,none,5950,MP7,0.0,101.3
t,2400,none,6000,none,0.0181,100.9
t,2400,none,6000,Galil AR,0.0121,100.9
t,2400,none,6000,MAC-10,0.0184,100.9
t,2400,none,6000,AK-47,0.8462,100.9
t,2400,none,6000,SSG 08,0.0,100.9
t,2400,none,6000,UMP-45,0.0,100.9
t,2400,none,6000,AWP,0.1052,100.9
t,2400,none,6000,MP7,0.0,100.9
t,2400,none,6050,none,0.0186,94.5
t,2400,none,6050,Galil AR,0.0106,94.5
t,2400,none,6050,MAC-10,0.0194,94.5
t,2400,none,6050,AK-47,0.829,94.5
t,2400,none,6050,SSG 08,0.0,94.5
t,2400,none,6050,UMP-45,0.0,94.5
t,2400,none,6050,AWP,0.1223,94.5
t,2400,none,6050,MP7,0.0,94.5
t,2400,none,6100,none,0.0187,88.9
t,2400,none,6100,Galil AR,0.0091,88.9
t,2400,none,6100,MAC-10,0.0201,88.9
t,2400,none,6100,AK-47,0.796,88.9
t,2400,none,6100,SSG 08,0.0,88.9
t,2400,none,6100,UMP-45,0.0,88.9
t,2400,none,6100,AWP,0.1562,88.9
t,2400,none,6100,MP7,0.0,88.9
t,2400,none,6150,none,0.0192,82.4
t,2400,none,6150,Galil AR,0.008,82.4
t,2400,none,6150,MAC-10,0.0215,82.4
t,2400,none,6150,AK-47,0.7914,82.4
t,2400,none,6150,SSG 08,0.0,82.4
t,2400,none,6150,UMP-45,0.0,82.4
t,2400,none,6150,AWP,0.16,82.4
t,2400,none,6150,MP7,0.0,82.4
t,2400,none,6200,none,0.0196,76.4
t,2400,none,6200,Galil AR,0.0069,76.4
t,2400,none,6200,MAC-10,0.023,76.4
t,2400,none,6200,AK-47,0.788,76.4
t,2400,none,6200,SSG 08,0.0,76.4
t,2400,none,6200,UMP-45,0.0,76.4
t,2400,none,6200,AWP,0.1624,76.4
t,2400,none,6200,MP7,0.0,76.4
t,2400,none,6250,none,0.019,72.3
t,2400,none,6250,Galil AR,0.0058,72.3
t,2400,none,6250,MAC-10,0.0236,72.3
t,2400,none,6250,AK-47,0.7538,72.3
t,2400,none,6250,SSG 08,0.0,72.3
t,2400,none,6250,UMP-45,0.0,72.3
t,2400,none,6250,AWP,0.1979,72.3
t,2400,none,6250,MP7,0.0,72.3
t,2400,none,6300,none,0.0186,67.9
t,2400,none,6300,Galil AR,0.0048,67.9
t,2400,none,6300,MAC-10,0.0245,67.9
t,2400,none,6300,AK-47,0.7342,67.9
t,2400,none,6300,SSG 08,0.0,67.9
t,2400,none,6300,UMP-45,0.0,67.9
t,2400,none,6300,AWP,0.2178,67.9
t,2400,none,6300,MP7,0.0,67.9
t,2400,none,6350,none,0.0184,63.3
t,2400,none,6350,Galil AR,0.0041,63.3
t,2400,none,6350,MAC-10,0.026,63.3
t,2400,none,6350,AK-47,0.7317,63.3
t,2400,none,6350,SSG 08,0.0,63.3
t,2400,none,6350,UMP-45,0.0,63.3
t,2400,none,6350,AWP,0.2197,63.3
t,2400,none,6350,MP7,0.0,63.3
t,2400,none,6400,none,0.0181,59.2
t,2400,none,6400,Galil AR,0.0034,59.2
t,2400,none,6400,MAC-10,0.0275,59.2
t,2400,none,6400,AK-47,0.7308,59.2
t,2400,none,6400,SSG 08,0.0,59.2
t,2400,none,6400,UMP-45,0.0,59.2
t,2400,none,6400,AWP,0.2202,59.2
t,2400,none,6400,MP7,0.0,59.2
t,2400,none,6450,none,0.0176,55.4
t,2400,none,6450,Galil AR,0.0029,55.4
t,2400,none,6450,MAC-10,0.029,55.4
t,2400,none,6450,AK-47,0.7314,55.4
t,2400,none,6450,SSG 08,0.0,55.4
t,2400,none,6450,UMP-45,0.0,55.4
t,2400,none,6450,AWP,0.2192,55.4
t,2400,none,6450,MP7,0.0,55.4
t,2400,none,6500,none,0.0166,52.8
t,2400,none,6500,Galil AR,0.0023,52.8
t,2400,none,6500,MAC-10,0.0295,52.8
t,2400,none,6500,AK-47,0.7136,52.8
t,2400,none,6500,SSG 08,0.0,52.8
t,2400,none,6500,UMP-45,0.0,52.8
t,2400,none,6500,AWP,0.238,52.8
t,2400,none,6500,MP7,0.0,52.8
t,2400,none,6550,none,0.0159,49.7
t,2400,none,6550,Galil AR,0.0019,49.7
t,2400,none,6550,MAC-10,0.0308,49.7
t,2400,none,6550,AK-47,0.7159,49.7
t,2400,none,6550,SSG 08,0.0,49.7
t,2400,none,6550,UMP-45,0.0,49.7
t,2400,none,6550,AWP,0.2356,49.7
t,2400,none,6550,MP7,0.0,49.7
t,2400,none,6600,none,0.0151,46.9
t,2400,none,6600,Galil AR,0.0015,46.9
t,2400,none,6600,MAC-10,0.0319,46.9
t,2400,none,6600,AK-47,0.7196,46.9
t,2400,none,6600,SSG 08,0.0,46.9
t,2400,none,6600,UMP-45,0.0,46.9
t,2400,none,6600,AWP,0.2319,46.9
t,2400,none,6600,MP7,0.0,46.9
t,2400,none,6650,none,0.0137,45.1
t,2400,none,6650,Galil AR,0.0012,45.1
t,2400,none,6650,MAC-10,0.0318,45.1
t,2400,none,6650,AK-47,0.7015,45.1
t,2400,none,6650,SSG 08,0.0,45.1
t,2400,none,6650,AWP,0.2517,45.1
t,2400,none,6650,UMP-45,0.0,45.1
t,2400,none,6650,MP7,0.0,45.1
t,2400,none,6700,none,0.0128,42.7
t,2400,none,6700,Galil AR,0.001,42.7
t,2400,none,6700,MAC-10,0.0326,42.7
t,2400,none,6700,AK-47,0.7061,42.7
t,2400,none,6700,SSG 08,0.0,42.7
t,2400,none,6700,AWP,0.2475,42.7
t,2400,none,6700,UMP-45,0.0,42.7
t,2400,none,6700,MP7,0.0,42.7
t,2400,none,6750,none,0.0119,40.5
t,2400,none,6750,Galil AR,0.0008,40.5
t,2400,none,6750,MAC-10,0.0332,40.5
t,2400,none,6750,AK-47,0.7118,40.5
t,2400,none,6750,SSG 08,0.0,40.5
t,2400,none,6750,AWP,0.2424,40.5
t,2400,none,6750,UMP-45,0.0,40.5
t,2400,none,6750,MP7,0.0,40.5
t,2400,none,6800,none,0.0109,38.4
t,2400,none,6800,Galil AR,0.0006,38.4
t,2400,none,6800,MAC-10,0.0335,38.4
t,2400,none,6800,AK-47,0.7187,38.4
t,2400,none,6800,SSG 08,0.0,38.4
t,2400,none,6800,AWP,0.2362,38.4
t,2400,none,6800,UMP-45,0.0,38.4
t,2400,none,6800,MP7,0.0,38.4
t,2400,none,6850,none,0.0089,38.9
t,2400,none,6850,Galil AR,0.0004,38.9
t,2400,none,6850,MAC-10,0.03,38.9
t,2400,none,6850,AK-47,0.6464,38.9
t,2400,none,6850,SSG 08,0.0,38.9
t,2400,none,6850,AWP,0.3143,38.9
t,2400,none,6850,UMP-45,0.0,38.9
t,2400,none,6850,MP7,0.0,38.9
t,2400,none,6900,none,0.008,36.9
t,2400,none,6900,Galil AR,0.0003,36.9
t,2400,none,6900,MAC-10,0.0296,36.9
t,2400,none,6900,AK-47,0.6475,36.9
t,2400,none,6900,SSG 08,0.0,36.9
t,2400,none,6900,AWP,0.3145,36.9
t,2400,none,6900,UMP-45,0.0,36.9
t,2400,none,6900,MP7,0.0,36.9
t,2400,none,6950,none,0.0071,35.3
t,2400,none,6950,Galil AR,0.0003,35.3
t,2400,none,6950,MAC-10,0.029,35.3
t,2400,none,6950,AK-47,0.6469,35.3
t,2400,none,6950,SSG 08,0.0,35.3
t,2400,none,6950,AWP,0.3168,35.3
t,2400,none,6950,UMP-45,0.0,35.3
t,2400,none,6950,MP7,0.0,35.3
t,2400,none,7000,none,0.0062,33.6
t,2400,none,7000,Galil AR,0.0002,33.6
t,2400,none,7000,MAC-10,0.0282,33.6
t,2400,none,7000,AK-47,0.6487,33.6
t,2400,none,7000,SSG 08,0.0,33.6
t,2400,none,7000,AWP,0.3167,33.6
t,2400,none,7000,UMP-45,0.0,33.6
t,2400,none,7000,MP7,0.0,33.6
t,2400,none,7050,none,0.0055,32.0
t,2400,none,7050,Galil AR,0.0001,32.0
t,2400,none,7050,MAC-10,0.0273,32.0
t,2400,none,7050,AK-47,0.6509,32.0
t,2400,none,7050,SSG 08,0.0,32.0
t,2400,none,7050,AWP,0.3162,32.0
t,2400,none,7050,UMP-45,0.0,32.0
t,2400,none,7050,MP7,0.0,32.0
t,2400,none,7100,none,0.0048,30.5
t,2400,none,7100,Galil AR,0.0001,30.5
t,2400,none,7100,MAC-10,0.0262,30.5
t,2400,none,7100,AK-47,0.6537,30.5
t,2400,none,7100,SSG 08,0.0,30.5
t,2400,none,7100,AWP,0.3153,30.5
t,2400,none,7100,UMP-45,0.0,30.5
t,2400,none,7100,MP7,0.0,30.5
t,2400,none,7150,none,0.0041,29.2
t,2400,none,7150,Galil AR,0.0001,29.2
t,2400,none,7150,MAC-10,0.0249,29.2
t,2400,none,7150,AK-47,0.6559,29.2
t,2400,none,7150,SSG 08,0.0,29.2
t,2400,none,7150,AWP,0.3151,29.2
t,2400,none,7150,UMP-45,0.0,29.2
t,2400,none,7150,MP7,0.0,29.2
t,2400,none,7200,none,0.0035,28.0
t,2400,none,7200,Galil AR,0.0001,28.0
t,2400,none,7200,MAC-10,0.0234,28.0
t,2400,none,7200,AK-47,0.6591,28.0
t,2400,none,7200,SSG 08,0.0,28.0
t,2400,none,7200,AWP,0.314,28.0
t,2400,none,7200,UMP-45,0.0,28.0
t,2400,none,7200,MP7,0.0,28.0
t,2400,none,7250,none,0.0029,26.7
t,2400,none,7250,Galil AR,0.0,26.7
t,2400,none,7250,MAC-10,0.0218,26.7
t,2400,none,7250,AK-47,0.6624,26.7
t,2400,none,7250,SSG 08,0.0,26.7
t,2400,none,7250,AWP,0.3128,26.7
t,2400,none,7250,UMP-45,0.0,26.7
t,2400,none,7250,MP7,0.0,26.7
t,2400,none,7300,none,0.0025,25.5
t,2400,none,7300,Galil AR,0.0,25.5
t,2400,none,7300,MAC-10,0.0201,25.5
t,2400,none,7300,AK-47,0.6658,25.5
t,2400,none,7300,SSG 08,0.0,25.5
t,2400,none,7300,AWP,0.3116,25.5
t,2400,none,7300,UMP-45,0.0,25.5
t,2400,none,7300,MP7,0.0,25.5
t,2400,none,7350,none,0.002,24.3
t,2400,none,7350,Galil AR,0.0,24.3
t,2400,none,7350,MAC-10,0.0184,24.3
t,2400,none,7350,AK-47,0.669,24.3
t,2400,none,7350,SSG 08,0.0,24.3
t,2400,none,7350,AWP,0.3106,24.3
t,2400,none,7350,UMP-45,0.0,24.3
t,2400,none,7350,MP7,0.0,24.3
t,2400,none,7400,none,0.0017,23.1
t,2400,none,7400,Galil AR,0.0,23.1
t,2400,none,7400,MAC-10,0.0165,23.1
t,2400,none,7400,AK-47,0.6717,23.1
t,2400,none,7400,SSG 08,0.0,23.1
t,2400,none,7400,AWP,0.3101,23.1
t,2400,none,7400,UMP-45,0.0,23.1
t,2400,none,7400,MP7,0.0,23.1
t,2400,none,7450,none,0.0013,21.7
t,2400,none,7450,Galil AR,0.0,21.7
t,2400,none,7450,MAC-10,0.0147,21.7
t,2400,none,7450,AK-47,0.6739,21.7
t,2400,none,7450,SSG 08,0.0,21.7
t,2400,none,7450,AWP,0.3101,21.7
t,2400,none,7450,UMP-45,0.0,21.7
t,2400,none,7450,MP7,0.0,21.7
t,2400,none,7500,none,0.0011,20.4
t,2400,none,7500,Galil AR,0.0,20.4
t,2400,none,7500,MAC-10,0.0129,20.4
t,2400,none,7500,AK-47,0.6751,20.4
t,2400,none,7500,SSG 08,0.0,20.4
t,2400,none,7500,AWP,0.311,20.4
t,2400,none,7500,UMP-45,0.0,20.4
t,2400,none,7500,MP7,0.0,20.4
t,2900,none,800,none,1.0,102.8
t,2900,none,850,none,1.0,100.4
t,2900,none,900,none,1.0,102.7
t,2900,none,950,none,1.0,101.8
t,2900,none,1000,none,1.0,100.3
t,2900,none,1050,none,1.0,102.5
t,2900,none,1100,none,1.0,104.8
t,2900,none,1150,none,1.0,103.2
t,2900,none,1200,none,1.0,100.5
t,2900,none,1250,none,1.0,103.1
t,2900,none,1300,none,1.0,100.5
t,2900,none,1350,none,1.0,103.5
t,2900,none,1400,none,1.0,100.8
t,2900,none,1450,none,1.0,104.0
t,2900,none,1500,none,1.0,101.3
t,2900,none,1550,none,1.0,104.8
t,2900,none,1600,none,1.0,102.3
t,2900,none,1650,none,1.0,106.2
t,2900,none,1700,none,1.0,103.8
t,2900,none,1700,SSG 08,0.0,103.8
t,2900,none,1750,none,1.0,101.3
t,2900,none,1750,SSG 08,0.0,101.3
t,2900,none,1800,none,1.0,106.1
t,2900,none,1800,SSG 08,0.0,106.1
t,2900,none,1850,none,1.0,107.9
t,2900,none,1850,SSG 08,0.0,107.9
t,2900,none,1900,none,1.0,108.2
t,2900,none,1900,SSG 08,0.0,108.2
t,2900,none,1950,none,1.0,111.5
t,2900,none,1950,SSG 08,0.0,111.5
t,2900,none,2000,none,1.0,102.5
t,2900,none,2000,SSG 08,0.0,102.5
t,2900,none,2050,none,1.0,114.7
t,2900,none,2050,MAC-10,0.0,114.7
t,2900,none,2050,SSG 08,0.0,114.7
t,2900,none,2100,none,1.0,102.4
t,2900,none,2100,MAC-10,0.0,102.4
t,2900,none,2100,SSG 08,0.0,102.4
t,2900,none,2150,none,1.0,105.5
t,2900,none,2150,MAC-10,0.0,105.5
t,2900,none,2150,SSG 08,0.0,105.5
t,2900,none,2200,none,1.0,105.8
t,2900,none,2200,MAC-10,0.0,105.8
t,2900,none,2200,SSG 08,0.0,105.8
t,2900,none,2250,none,1.0,108.0
t,2900,none,2250,MAC-10,0.0,108.0
t,2900,none,2250,SSG 08,0.0,108.0
t,2900,none,2300,none,1.0,102.1
t,2900,none,2300,MAC-10,0.0,102.1
t,2900,none,2300,SSG 08,0.0,102.1
t,2900,none,2350,none,0.9884,113.8
t,2900,none,2350,MAC-10,0.0116,113.8
t,2900,none,2350,SSG 08,0.0,113.8
t,2900,none,2400,none,0.9892,116.8
t,2900,none,2400,MAC-10,0.0108,116.8
t,2900,none,2400,SSG 08,0.0,116.8
t,2900,none,2450,none,0.9767,119.9
t,2900,none,2450,MAC-10,0.0129,119.9
t,2900,none,2450,Galil AR,0.0104,119.9
t,2900,none,2450,SSG 08,0.0,119.9
t,2900,none,2500,none,0.9848,134.3
t,2900,none,2500,MAC-10,0.0054,134.3
t,2900,none,2500,Galil AR,0.0098,134.3
t,2900,none,2500,SSG 08,0.0,134.3
t,2900,none,2550,none,0.9673,110.1
t,2900,none,2550,MAC-10,0.0099,110.1
t,2900,none,2550,SSG 08,0.0079,110.1
t,2900,none,2550,Galil AR,0.0149,110.1
t,2900,none,2600,none,0.9543,101.6
t,2900,none,2600,MAC-10,0.0175,101.6
t,2900,none,2600,SSG 08,0.0161,101.6
t,2900,none,2600,Galil AR,0.0121,101.6
t,2900,none,2650,none,0.9564,103.0
t,2900,none,2650,MAC-10,0.0189,103.0
t,2900,none,2650,SSG 08,0.0186,103.0
t,2900,none,2650,Galil AR,0.0062,103.0
t,2900,none,2700,none,0.9598,109.9
t,2900,none,2700,MAC-10,0.0185,109.9
t,2900,none,2700,SSG 08,0.0182,109.9
t,2900,none,2700,Galil AR,0.0035,109.9
t,2900,none,2750,none,0.952,106.6
t,2900,none,2750,MAC-10,0.0291,106.6
t,2900,none,2750,SSG 08,0.017,106.6
t,2900,none,2750,Galil AR,0.0019,106.6
t,2900,none,2800,none,0.934,101.8
t,2900,none,2800,Galil AR,0.0215,101.8
t,2900,none,2800,MAC-10,0.0302,101.8
t,2900,none,2800,SSG 08,0.0143,101.8
t,2900,none,2850,none,0.9286,102.5
t,2900,none,2850,Galil AR,0.0335,102.5
t,2900,none,2850,MAC-10,0.0281,102.5
t,2900,none,2850,SSG 08,0.0098,102.5
t,2900,none,2900,none,0.9331,106.0
t,2900,none,2900,Galil AR,0.0381,106.0
t,2900,none,2900,MAC-10,0.0237,106.0
t,2900,none,2900,SSG 08,0.0051,106.0
t,2900,none,2950,none,0.9064,108.9
t,2900,none,2950,Galil AR,0.0594,108.9
t,2900,none,2950,MAC-10,0.0324,108.9
t,2900,none,2950,SSG 08,0.0019,108.9
t,2900,none,3000,none,0.8594,100.5
t,2900,none,3000,Galil AR,0.102,100.5
t,2900,none,3000,MAC-10,0.0254,100.5
t,2900,none,3000,SSG 08,0.0132,100.5
t,2900,none,3050,none,0.8748,106.7
t,2900,none,3050,Galil AR,0.0858,106.7
t,2900,none,3050,MAC-10,0.0292,106.7
t,2900,none,3050,SSG 08,0.0103,106.7
t,2900,none,3100,none,0.8157,100.8
t,2900,none,3100,Galil AR,0.1465,100.8
t,2900,none,3100,MAC-10,0.0189,100.8
t,2900,none,3100,MP7,0.013,100.8
t,2900,none,3100,SSG 08,0.006,100.8
t,2900,none,3150,none,0.7899,109.1
t,2900,none,3150,Galil AR,0.1465,109.1
t,2900,none,3150,MAC-10,0.049,109.1
t,2900,none,3150,MP7,0.0113,109.1
t,2900,none,3150,SSG 08,0.0033,109.1
t,2900,none,3200,none,0.7869,101.3
t,2900,none,3200,Galil AR,0.1363,101.3
t,2900,none,3200,MAC-10,0.0554,101.3
t,2900,none,3200,MP7,0.0082,101.3
t,2900,none,3200,SSG 08,0.0132,101.3
t,2900,none,3250,none,0.7917,103.7
t,2900,none,3250,Galil AR,0.1061,103.7
t,2900,none,3250,MAC-10,0.0749,103.7
t,2900,none,3250,MP7,0.0048,103.7
t,2900,none,3250,SSG 08,0.0225,103.7
t,2900,none,3300,none,0.7092,102.3
t,2900,none,3300,Galil AR,0.1786,102.3
t,2900,none,3300,MAC-10,0.0842,102.3
t,2900,none,3300,MP7,0.0019,102.3
t,2900,none,3300,SSG 08,0.0261,102.3
t,2900,none,3350,none,0.6969,104.3
t,2900,none,3350,Galil AR,0.1759,104.3
t,2900,none,3350,MAC-10,0.1017,104.3
t,2900,none,3350,MP7,0.001,104.3
t,2900,none,3350,SSG 08,0.0245,104.3
t,2900,none,3350,AK-47,0.0,104.3
t,2900,none,3400,none,0.6893,105.8
t,2900,none,3400,Galil AR,0.1665,105.8
t,2900,none,3400,MAC-10,0.1119,105.8
t,2900,none,3400,MP7,0.0005,105.8
t,2900,none,3400,SSG 08,0.0318,105.8
t,2900,none,3400,AK-47,0.0,105.8
t,2900,none,3450,none,0.6996,104.8
t,2900,none,3450,Galil AR,0.1554,104.8
t,2900,none,3450,MAC-10,0.1156,104.8
t,2900,none,3450,MP7,0.0003,104.8
t,2900,none,3450,SSG 08,0.029,104.8
t,2900,none,3450,AK-47,0.0,104.8
t,2900,none,3500,none,0.6721,101.6
t,2900,none,3500,Galil AR,0.1943,101.6
t,2900,none,3500,MAC-10,0.1093,101.6
t,2900,none,3500,MP7,0.0001,101.6
t,2900,none,3500,SSG 08,0.0242,101.6
t,2900,none,3500,AK-47,0.0,101.6
t,2900,none,3550,none,0.6703,104.0
t,2900,none,3550,Galil AR,0.2108,104.0
t,2900,none,3550,MAC-10,0.0974,104.0
t,2900,none,3550,MP7,0.0001,104.0
t,2900,none,3550,SSG 08,0.0214,104.0
t,2900,none,3550,AK-47,0.0,104.0
t,2900,none,3600,none,0.6559,105.7
t,2900,none,3600,Galil AR,0.2364,105.7
t,2900,none,3600,MAC-10,0.0866,105.7
t,2900,none,3600,MP7,0.0002,105.7
t,2900,none,3600,SSG 08,0.0209,105.7
t,2900,none,3600,AK-47,0.0,105.7
t,2900,none,3650,none,0.6558,100.2
t,2900,none,3650,Galil AR,0.2425,100.2
t,2900,none,3650,MAC-10,0.08,100.2
t,2900,none,3650,MP7,0.0001,100.2
t,2900,none,3650,SSG 08,0.0216,100.2
t,2900,none,3650,AK-47,0.0,100.2
t,2900,none,3700,none,0.5314,100.7
t,2900,none,3700,Galil AR,0.3094,100.7
t,2900,none,3700,MAC-10,0.059,100.7
t,2900,none,3700,AK-47,0.0817,100.7
t,2900,none,3700,MP7,0.0001,100.7
t,2900,none,3700,SSG 08,0.0185,100.7
t,2900,none,3750,none,0.5247,100.6
t,2900,none,3750,Galil AR,0.3122,100.6
t,2900,none,3750,MAC-10,0.0578,100.6
t,2900,none,3750,AK-47,0.0849,100.6
t,2900,none,3750,MP7,0.0001,100.6
t,2900,none,3750,SSG 08,0.0203,100.6
t,2900,none,3800,none,0.4799,100.2
t,2900,none,3800,Galil AR,0.3652,100.2
t,2900,none,3800,MAC-10,0.0526,100.2
t,2900,none,3800,AK-47,0.0822,100.2
t,2900,none,3800,MP7,0.0001,100.2
t,2900,none,3800,SSG 08,0.02,100.2
t,2900,none,3850,none,0.4709,101.1
t,2900,none,3850,Galil AR,0.3654,101.1
t,2900,none,3850,MAC-10,0.0543,101.1
t,2900,none,3850,AK-47,0.0892,101.1
t,2900,none,3850,MP7,0.0001,101.1
t,2900,none,3850,SSG 08,0.0202,101.1
t,2900,none,3900,Galil AR,0.5476,104.4
t,2900,none,3900,none,0.3162,104.4
t,2900,none,3900,MAC-10,0.0349,104.4
t,2900,none,3900,AK-47,0.0855,104.4
t,2900,none,3900,MP7,0.0,104.4
t,2900,none,3900,SSG 08,0.0158,104.4
t,2900,none,3950,Galil AR,0.5892,101.4
t,2900,none,3950,none,0.272,101.4
t,2900,none,3950,MAC-10,0.0331,101.4
t,2900,none,3950,AK-47,0.0916,101.4
t,2900,none,3950,MP7,0.0,101.4
t,2900,none,3950,SSG 08,0.014,101.4
t,2900,none,4000,Galil AR,0.5477,105.6
t,2900,none,4000,none,0.126,105.6
t,2900,none,4000,AK-47,0.2996,105.6
t,2900,none,4000,MAC-10,0.0195,105.6
t,2900,none,4000,MP7,0.0,105.6
t,2900,none,4000,SSG 08,0.0072,105.6
t,2900,none,4050,Galil AR,0.5448,106.2
t,2900,none,4050,none,0.0959,106.2
t,2900,none,4050,AK-47,0.3376,106.2
t,2900,none,4050,MAC-10,0.0181,106.2
t,2900,none,4050,MP7,0.0,106.2
t,2900,none,4050,SSG 08,0.0037,106.2
t,2900,none,4100,Galil AR,0.5662,108.1
t,2900,none,4100,none,0.073,108.1
t,2900,none,4100,AK-47,0.3426,108.1
t,2900,none,4100,MAC-10,0.0168,108.1
t,2900,none,4100,MP7,0.0,108.1
t,2900,none,4100,SSG 08,0.0014,108.1
t,2900,none,4150,Galil AR,0.5972,103.6
t,2900,none,4150,none,0.0501,103.6
t,2900,none,4150,AK-47,0.3363,103.6
t,2900,none,4150,MAC-10,0.0162,103.6
t,2900,none,4150,MP7,0.0,103.6
t,2900,none,4150,SSG 08,0.0002,103.6
t,2900,none,4200,Galil AR,0.4098,130.7
t,2900,none,4200,none,0.0086,130.7
t,2900,none,4200,AK-47,0.572,130.7
t,2900,none,4200,MAC-10,0.0096,130.7
t,2900,none,4200,MP7,0.0,130.7
t,2900,none,4200,SSG 08,0.0,130.7
t,2900,none,4250,Galil AR,0.3831,103.0
t,2900,none,4250,none,0.0059,103.0
t,2900,none,4250,AK-47,0.6108,103.0
t,2900,none,4250,MAC-10,0.0001,103.0
t,2900,none,4250,MP7,0.0,103.0
t,2900,none,4250,SSG 08,0.0,103.0
t,2900,none,4300,Galil AR,0.3048,137.1
t,2900,none,4300,none,0.0075,137.1
t,2900,none,4300,AK-47,0.6877,137.1
t,2900,none,4300,MAC-10,0.0,137.1
t,2900,none,4300,MP7,0.0,137.1
t,2900,none,4300,SSG 08,0.0,137.1
t,2900,none,4350,Galil AR,0.294,110.3
t,2900,none,4350,none,0.0008,110.3
t,2900,none,4350,AK-47,0.7051,110.3
t,2900,none,4350,MAC-10,0.0,110.3
t,2900,none,4350,MP7,0.0,110.3
t,2900,none,4350,SSG 08,0.0,110.3
t,2900,none,4400,Galil AR,0.124,165.0
t,2900,none,4400,AK-47,0.8681,165.0
t,2900,none,4400,none,0.0075,165.0
t,2900,none,4400,MAC-10,0.0003,165.0
t,2900,none,4400,MP7,0.0,165.0
t,2900,none,4400,SSG 08,0.0,165.0
t,2900,none,4450,Galil AR,0.0424,240.0
t,2900,none,4450,AK-47,0.9401,240.0
t,2900,none,4450,none,0.0131,240.0
t,2900,none,4450,MAC-10,0.0045,240.0
t,2900,none,4450,MP7,0.0,240.0
t,2900,none,4450,SSG 08,0.0,240.0
t,2900,none,4500,Galil AR,0.0631,204.1
t,2900,none,4500,AK-47,0.9152,204.1
t,2900,none,4500,none,0.0082,204.1
t,2900,none,4500,MAC-10,0.0136,204.1
t,2900,none,4500,MP7,0.0,204.1
t,2900,none,4500,SSG 08,0.0,204.1
t,2900,none,4550,Galil AR,0.0684,158.8
t,2900,none,4550,AK-47,0.9196,158.8
t,2900,none,4550,none,0.0043,158.8
t,2900,none,4550,MAC-10,0.0077,158.8
t,2900,none,4550,MP7,0.0,158.8
t,2900,none,4550,SSG 08,0.0,158.8
t,2900,none,4600,Galil AR,0.0399,125.1
t,2900,none,4600,AK-47,0.9596,125.1
t,2900,none,4600,none,0.0,125.1
t,2900,none,4600,MAC-10,0.0005,125.1
t,2900,none,4600,MP7,0.0,125.1
t,2900,none,4600,SSG 08,0.0,125.1
t,2900,none,4650,Galil AR,0.028,119.0
t,2900,none,4650,AK-47,0.9715,119.0
t,2900,none,4650,none,0.0005,119.0
t,2900,none,4650,MAC-10,0.0,119.0
t,2900,none,4650,MP7,0.0,119.0
t,2900,none,4650,SSG 08,0.0,119.0
t,2900,none,4700,Galil AR,0.0193,114.7
t,2900,none,4700,AK-47,0.9775,114.7
t,2900,none,4700,none,0.0032,114.7
t,2900,none,4700,MAC-10,0.0,114.7
t,2900,none,4700,MP7,0.0,114.7
t,2900,none,4700,SSG 08,0.0,114.7
t,2900,none,4750,Galil AR,0.0135,103.8
t,2900,none,4750,AK-47,0.9758,103.8
t,2900,none,4750,none,0.0108,103.8
t,2900,none,4750,MAC-10,0.0,103.8
t,2900,none,4750,MP7,0.0,103.8
t,2900,none,4750,SSG 08,0.0,103.8
t,2900,none,4800,Galil AR,0.0074,109.1
t,2900,none,4800,AK-47,0.9859,109.1
t,2900,none,4800,none,0.0067,109.1
t,2900,none,4800,MAC-10,0.0,109.1
t,2900,none,4800,MP7,0.0,109.1
t,2900,none,4800,SSG 08,0.0,109.1
t,2900,none,4850,Galil AR,0.0045,115.7
t,2900,none,4850,AK-47,0.9879,115.7
t,2900,none,4850,none,0.0076,115.7
t,2900,none,4850,MAC-10,0.0,115.7
t,2900,none,4850,MP7,0.0,115.7
t,2900,none,4850,SSG 08,0.0,115.7
t,2900,none,4900,Galil AR,0.0007,104.1
t,2900,none,4900,AK-47,0.9887,104.1
t,2900,none,4900,none,0.0107,104.1
t,2900,none,4900,MAC-10,0.0,104.1
t,2900,none,4900,MP7,0.0,104.1
t,2900,none,4900,SSG 08,0.0,104.1
t,2900,none,4950,Galil AR,0.0001,104.9
t,2900,none,4950,AK-47,0.9869,104.9
t,2900,none,4950,none,0.013,104.9
t,2900,none,4950,MAC-10,0.0,104.9
t,2900,none,4950,MP7,0.0,104.9
t,2900,none,4950,SSG 08,0.0,104.9
t,2900,none,5000,Galil AR,0.0,105.8
t,2900,none,5000,AK-47,0.991,105.8
t,2900,none,5000,none,0.009,105.8
t,2900,none,5000,MAC-10,0.0,105.8
t,2900,none,5000,MP7,0.0,105.8
t,2900,none,5000,SSG 08,0.0,105.8
t,2900,none,5050,Galil AR,0.0,101.2
t,2900,none,5050,AK-47,0.9907,101.2
t,2900,none,5050,none,0.0047,101.2
t,2900,none,5050,MAC-10,0.0,101.2
t,2900,none,5050,MP7,0.0,101.2
t,2900,none,5050,SSG 08,0.0,101.2
t,2900,none,5050,AWP,0.0047,101.2
t,2900,none,5100,Galil AR,0.0,107.9
t,2900,none,5100,AK-47,0.9865,107.9
t,2900,none,5100,none,0.0023,107.9
t,2900,none,5100,MAC-10,0.0,107.9
t,2900,none,5100,MP7,0.0,107.9
t,2900,none,5100,SSG 08,0.0,107.9
t,2900,none,5100,AWP,0.0112,107.9
t,2900,none,5150,Galil AR,0.0,103.3
t,2900,none,5150,AK-47,0.9839,103.3
t,2900,none,5150,none,0.0013,103.3
t,2900,none,5150,MAC-10,0.0,103.3
t,2900,none,5150,MP7,0.0,103.3
t,2900,none,5150,SSG 08,0.0,103.3
t,2900,none,5150,AWP,0.0148,103.3
t,2900,none,5200,Galil AR,0.0,108.9
t,2900,none,5200,AK-47,0.9863,108.9
t,2900,none,5200,none,0.0011,108.9
t,2900,none,5200,MAC-10,0.0,108.9
t,2900,none,5200,MP7,0.0,108.9
t,2900,none,5200,SSG 08,0.0,108.9
t,2900,none,5200,AWP,0.0126,108.9
t,2900,none,5250,Galil AR,0.0,101.5
t,2900,none,5250,AK-47,0.9785,101.5
t,2900,none,5250,none,0.0007,101.5
t,2900,none,5250,MAC-10,0.0,101.5
t,2900,none,5250,MP7,0.0,101.5
t,2900,none,5250,SSG 08,0.0,101.5
t,2900,none,5250,AWP,0.0208,101.5
t,2900,none,5300,Galil AR,0.0,106.1
t,2900,none,5300,AK-47,0.9781,106.1
t,2900,none,5300,none,0.0006,106.1
t,2900,none,5300,MAC-10,0.0,106.1
t,2900,none,5300,MP7,0.0,106.1
t,2900,none,5300,SSG 08,0.0,106.1
t,2900,none,5300,AWP,0.0213,106.1
t,2900,none,5350,Galil AR,0.0,102.1
t,2900,none,5350,AK-47,0.9786,102.1
t,2900,none,5350,none,0.0004,102.1
t,2900,none,5350,MAC-10,0.0,102.1
t,2900,none,5350,MP7,0.0,102.1
t,2900,none,5350,SSG 08,0.0,102.1
t,2900,none,5350,AWP,0.021,102.1
t,2900,none,5400,Galil AR,0.0,107.0
t,2900,none,5400,AK-47,0.9809,107.0
t,2900,none,5400,none,0.0004,107.0
t,2900,none,5400,MAC-10,0.0,107.0
t,2900,none,5400,MP7,0.0,107.0
t,2900,none,5400,SSG 08,0.0,107.0
t,2900,none,5400,AWP,0.0186,107.0
t,2900,none,5450,Galil AR,0.0,100.6
t,2900,none,5450,AK-47,0.983,100.6
t,2900,none,5450,none,0.0003,100.6
t,2900,none,5450,MAC-10,0.0,100.6
t,2900,none,5450,MP7,0.0,100.6
t,2900,none,5450,SSG 08,0.0,100.6
t,2900,none,5450,AWP,0.0166,100.6
t,2900,none,5500,Galil AR,0.0,100.3
t,2900,none,5500,AK-47,0.9852,100.3
t,2900,none,5500,none,0.0004,100.3
t,2900,none,5500,MAC-10,0.0,100.3
t,2900,none,5500,MP7,0.0,100.3
t,2900,none,5500,SSG 08,0.0,100.3
t,2900,none,5500,AWP,0.0144,100.3
t,2900,none,5550,Galil AR,0.0001,106.9
t,2900,none,5550,AK-47,0.9867,106.9
t,2900,none,5550,none,0.0005,106.9
t,2900,none,5550,MAC-10,0.0,106.9
t,2900,none,5550,MP7,0.0,106.9
t,2900,none,5550,SSG 08,0.0,106.9
t,2900,none,5550,AWP,0.0127,106.9
t,2900,none,5600,Galil AR,0.0001,101.9
t,2900,none,5600,AK-47,0.946,101.9
t,2900,none,5600,none,0.0004,101.9
t,2900,none,5600,MAC-10,0.0,101.9
t,2900,none,5600,MP7,0.0,101.9
t,2900,none,5600,SSG 08,0.0,101.9
t,2900,none,5600,AWP,0.0535,101.9
t,2900,none,5650,Galil AR,0.0001,102.0
t,2900,none,5650,AK-47,0.9458,102.0
t,2900,none,5650,none,0.0004,102.0
t,2900,none,5650,MAC-10,0.0,102.0
t,2900,none,5650,MP7,0.0,102.0
t,2900,none,5650,SSG 08,0.0,102.0
t,2900,none,5650,AWP,0.0537,102.0
t,2900,none,5700,Galil AR,0.0001,104.0
t,2900,none,5700,AK-47,0.9199,104.0
t,2900,none,5700,none,0.0005,104.0
t,2900,none,5700,MAC-10,0.0,104.0
t,2900,none,5700,MP7,0.0,104.0
t,2900,none,5700,AWP,0.0796,104.0
t,2900,none,5700,SSG 08,0.0,104.0
t,2900,none,5750,Galil AR,0.0002,104.3
t,2900,none,5750,AK-47,0.9195,104.3
t,2900,none,5750,none,0.0005,104.3
t,2900,none,5750,MAC-10,0.0,104.3
t,2900,none,5750,MP7,0.0,104.3
t,2900,none,5750,AWP,0.0798,104.3
t,2900,none,5750,SSG 08,0.0,104.3
t,2900,none,5800,Galil AR,0.0003,104.6
t,2900,none,5800,AK-47,0.9203,104.6
t,2900,none,5800,none,0.0005,104.6
t,2900,none,5800,MAC-10,0.0,104.6
t,2900,none,5800,MP7,0.0,104.6
t,2900,none,5800,AWP,0.0789,104.6
t,2900,none,5800,SSG 08,0.0,104.6
t,2900,none,5850,Galil AR,0.0004,104.8
t,2900,none,5850,AK-47,0.9217,104.8
t,2900,none,5850,none,0.0006,104.8
t,2900,none,5850,MAC-10,0.0,104.8
t,2900,none,5850,MP7,0.0,104.8
t,2900,none,5850,AWP,0.0774,104.8
t,2900,none,5850,SSG 08,0.0,104.8
t,2900,none,5900,Galil AR,0.0003,100.0
t,2900,none,5900,AK-47,0.8911,100.0
t,2900,none,5900,none,0.0005,100.0
t,2900,none,5900,MAC-10,0.0,100.0
t,2900,none,5900,MP7,0.0,100.0
t,2900,none,5900,AWP,0.1081,100.0
t,2900,none,5900,SSG 08,0.0,100.0
t,2900,none,5950,Galil AR,0.0006,106.0
t,2900,none,5950,AK-47,0.8951,106.0
t,2900,none,5950,none,0.0007,106.0
t,2900,none,5950,MAC-10,0.0,106.0
t,2900,none,5950,MP7,0.0,106.0
t,2900,none,5950,AWP,0.1036,106.0
t,2900,none,5950,SSG 08,0.0,106.0
t,2900,none,6000,Galil AR,0.0008,106.0
t,2900,none,6000,AK-47,0.8961,106.0
t,2900,none,6000,none,0.0007,106.0
t,2900,none,6000,MAC-10,0.0,106.0
t,2900,none,6000,MP7,0.0,106.0
t,2900,none,6000,AWP,0.1024,106.0
t,2900,none,6000,SSG 08,0.0,106.0
t,2900,none,6050,Galil AR,0.0007,101.0
t,2900,none,6050,AK-47,0.8482,101.0
t,2900,none,6050,none,0.0006,101.0
t,2900,none,6050,MAC-10,0.0,101.0
t,2900,none,6050,MP7,0.0,101.0
t,2900,none,6050,AWP,0.1504,101.0
t,2900,none,6050,SSG 08,0.0,101.0
t,2900,none,6100,Galil AR,0.0009,101.2
t,2900,none,6100,AK-47,0.8332,101.2
t,2900,none,6100,AWP,0.1652,101.2
t,2900,none,6100,none,0.0007,101.2
t,2900,none,6100,MAC-10,0.0,101.2
t,2900,none,6100,MP7,0.0,101.2
t,2900,none,6100,SSG 08,0.0,101.2
t,2900,none,6150,Galil AR,0.0012,101.4
t,2900,none,6150,AK-47,0.8335,101.4
t,2900,none,6150,AWP,0.1645,101.4
t,2900,none,6150,none,0.0007,101.4
t,2900,none,6150,MAC-10,0.0,101.4
t,2900,none,6150,MP7,0.0,101.4
t,2900,none,6150,SSG 08,0.0,101.4
t,2900,none,6200,Galil AR,0.0015,101.9
t,2900,none,6200,AK-47,0.8345,101.9
t,2900,none,6200,AWP,0.1631,101.9
t,2900,none,6200,none,0.0008,101.9
t,2900,none,6200,MAC-10,0.0,101.9
t,2900,none,6200,MP7,0.0,101.9
t,2900,none,6200,SSG 08,0.0,101.9
t,2900,none,6250,Galil AR,0.0018,102.7
t,2900,none,6250,AK-47,0.8361,102.7
t,2900,none,6250,AWP,0.1612,102.7
t,2900,none,6250,none,0.0008,102.7
t,2900,none,6250,MAC-10,0.0001,102.7
t,2900,none,6250,MP7,0.0,102.7
t,2900,none,6250,SSG 08,0.0,102.7
t,2900,none,6300,Galil AR,0.0018,97.5
t,2900,none,6300,AK-47,0.833,97.5
t,2900,none,6300,AWP,0.1644,97.5
t,2900,none,6300,none,0.0008,97.5
t,2900,none,6300,MAC-10,0.0001,97.5
t,2900,none,6300,MP7,0.0,97.5
t,2900,none,6300,SSG 08,0.0,97.5
t,2900,none,6350,Galil AR,0.0014,87.1
t,2900,none,6350,AK-47,0.8254,87.1
t,2900,none,6350,AWP,0.1725,87.1
t,2900,none,6350,none,0.0007,87.1
t,2900,none,6350,MAC-10,0.0,87.1
t,2900,none,6350,MP7,0.0,87.1
t,2900,none,6350,SSG 08,0.0,87.1
t,2900,none,6400,Galil AR,0.0011,77.9
t,2900,none,6400,AK-47,0.8185,77.9
t,2900,none,6400,AWP,0.1798,77.9
t,2900,none,6400,none,0.0006,77.9
t,2900,none,6400,MAC-10,0.0,77.9
t,2900,none,6400,MP7,0.0,77.9
t,2900,none,6400,SSG 08,0.0,77.9
t,2900,none,6450,Galil AR,0.0008,69.9
t,2900,none,6450,AK-47,0.7673,69.9
t,2900,none,6450,AWP,0.2314,69.9
t,2900,none,6450,none,0.0004,69.9
t,2900,none,6450,MAC-10,0.0,69.9
t,2900,none,6450,MP7,0.0,69.9
t,2900,none,6450,SSG 08,0.0,69.9
t,2900,none,6500,Galil AR,0.0006,62.4
t,2900,none,6500,AK-47,0.7558,62.4
t,2900,none,6500,AWP,0.2432,62.4
t,2900,none,6500,none,0.0004,62.4
t,2900,none,6500,MAC-10,0.0,62.4
t,2900,none,6500,MP7,0.0,62.4
t,2900,none,6500,SSG 08,0.0,62.4
t,2900,none,6550,Galil AR,0.0005,55.8
t,2900,none,6550,AK-47,0.7449,55.8
t,2900,none,6550,AWP,0.2543,55.8
t,2900,none,6550,none,0.0003,55.8
t,2900,none,6550,MAC-10,0.0,55.8
t,2900,none,6550,MP7,0.0,55.8
t,2900,none,6550,SSG 08,0.0,55.8
t,2900,none,6600,Galil AR,0.0003,50.0
t,2900,none,6600,AK-47,0.7349,50.0
t,2900,none,6600,AWP,0.2645,50.0
t,2900,none,6600,none,0.0002,50.0
t,2900,none,6600,MAC-10,0.0,50.0
t,2900,none,6600,MP7,0.0,50.0
t,2900,none,6600,SSG 08,0.0,50.0
t,2900,none,6650,Galil AR,0.0002,44.7
t,2900,none,6650,AK-47,0.694,44.7
t,2900,none,6650,AWP,0.3056,44.7
t,2900,none,6650,none,0.0002,44.7
t,2900,none,6650,MAC-10,0.0,44.7
t,2900,none,6650,MP7,0.0,44.7
t,2900,none,6650,SSG 08,0.0,44.7
t,2900,none,6700,Galil AR,0.0002,40.0
t,2900,none,6700,AK-47,0.682,40.0
t,2900,none,6700,AWP,0.3176,40.0
t,2900,none,6700,none,0.0001,40.0
t,2900,none,6700,MAC-10,0.0,40.0
t,2900,none,6700,MP7,0.0,40.0
t,2900,none,6700,SSG 08,0.0,40.0
t,2900,none,6750,Galil AR,0.0001,35.8
t,2900,none,6750,AK-47,0.6713,35.8
t,2900,none,6750,AWP,0.3285,35.8
t,2900,none,6750,none,0.0001,35.8
t,2900,none,6750,MAC-10,0.0,35.8
t,2900,none,6750,MP7,0.0,35.8
t,2900,none,6750,SSG 08,0.0,35.8
t,2900,none,6800,Galil AR,0.0001,32.1
t,2900,none,6800,AK-47,0.662,32.1
t,2900,none,6800,AWP,0.3378,32.1
t,2900,none,6800,none,0.0001,32.1
t,2900,none,6800,MAC-10,0.0,32.1
t,2900,none,6800,MP7,0.0,32.1
t,2900,none,6800,SSG 08,0.0,32.1
t,2900,none,6850,Galil AR,0.0001,28.8
t,2900,none,6850,AK-47,0.6544,28.8
t,2900,none,6850,AWP,0.3455,28.8
t,2900,none,6850,none,0.0001,28.8
t,2900,none,6850,MAC-10,0.0,28.8
t,2900,none,6850,MP7,0.0,28.8
t,2900,none,6850,SSG 08,0.0,28.8
t,2900,none,6900,Galil AR,0.0,25.9
t,2900,none,6900,AK-47,0.6488,25.9
t,2900,none,6900,AWP,0.3511,25.9
t,2900,none,6900,none,0.0,25.9
t,2900,none,6900,MAC-10,0.0,25.9
t,2900,none,6900,MP7,0.0,25.9
t,2900,none,6900,SSG 08,0.0,25.9
t,2900,none,6950,Galil AR,0.0,23.4
t,2900,none,6950,AK-47,0.6455,23.4
t,2900,none,6950,AWP,0.3544,23.4
t,2900,none,6950,none,0.0,23.4
t,2900,none,6950,MAC-10,0.0,23.4
t,2900,none,6950,MP7,0.0,23.4
t,2900,none,6950,SSG 08,0.0,23.4
t,2900,none,7000,Galil AR,0.0,21.1
t,2900,none,7000,AK-47,0.6449,21.1
t,2900,none,7000,AWP,0.3551,21.1
t,2900,none,7000,none,0.0,21.1
t,2900,none,7000,MAC-10,0.0,21.1
t,2900,none,7000,MP7,0.0,21.1
t,2900,none,7000,SSG 08,0.0,21.1
t,3400,none,800,none,1.0,30.5
t,3400,none,850,none,1.0,30.8
t,3400,none,1650,none,1.0,36.3
t,3400,none,1700,none,0.9943,52.3
t,3400,none,1700,SSG 08,0.0037,52.3
t,3400,none,1700,MAC-10,0.0019,52.3
t,3400,none,1750,none,0.9943,76.5
t,3400,none,1750,SSG 08,0.0038,76.5
t,3400,none,1750,MAC-10,0.002,76.5
t,3400,none,1800,none,0.9947,102.3
t,3400,none,1800,SSG 08,0.0034,102.3
t,3400,none,1800,MAC-10,0.0018,102.3
t,3400,none,1850,none,0.9955,101.5
t,3400,none,1850,SSG 08,0.003,101.5
t,3400,none,1850,MAC-10,0.0015,101.5
t,3400,none,1900,none,0.9956,104.6
t,3400,none,1900,SSG 08,0.0029,104.6
t,3400,none,1900,MAC-10,0.0015,104.6
t,3400,none,1950,none,0.9958,111.7
t,3400,none,1950,SSG 08,0.0028,111.7
t,3400,none,1950,MAC-10,0.0014,111.7
t,3400,none,2000,none,0.9963,106.8
t,3400,none,2000,SSG 08,0.0026,106.8
t,3400,none,2000,MAC-10,0.0012,106.8
t,3400,none,2050,none,0.9952,104.5
t,3400,none,2050,SSG 08,0.0023,104.5
t,3400,none,2050,MAC-10,0.0025,104.5
t,3400,none,2050,MP7,0.0,104.5
t,3400,none,2100,none,0.9958,102.9
t,3400,none,2100,SSG 08,0.0021,102.9
t,3400,none,2100,MAC-10,0.0021,102.9
t,3400,none,2100,MP7,0.0,102.9
t,3400,none,2150,none,0.9964,108.2
t,3400,none,2150,SSG 08,0.0018,108.2
t,3400,none,2150,MAC-10,0.0017,108.2
t,3400,none,2150,MP7,0.0,108.2
t,3400,none,2200,none,0.9974,104.1
t,3400,none,2200,SSG 08,0.0014,104.1
t,3400,none,2200,MAC-10,0.0011,104.1
t,3400,none,2200,MP7,0.0,104.1
t,3400,none,2250,none,0.9984,110.4
t,3400,none,2250,SSG 08,0.001,110.4
t,3400,none,2250,MAC-10,0.0006,110.4
t,3400,none,2250,MP7,0.0,110.4
t,3400,none,2300,none,0.9995,106.4
t,3400,none,2300,SSG 08,0.0004,106.4
t,3400,none,2300,MAC-10,0.0001,106.4
t,3400,none,2300,MP7,0.0,106.4
t,3400,none,2350,none,0.9996,109.8
t,3400,none,2350,SSG 08,0.0003,109.8
t,3400,none,2350,MAC-10,0.0001,109.8
t,3400,none,2350,MP7,0.0,109.8
t,3400,none,2400,none,0.9996,107.6
t,3400,none,2400,SSG 08,0.0003,107.6
t,3400,none,2400,MAC-10,0.0001,107.6
t,3400,none,2400,MP7,0.0,107.6
t,3400,none,2450,none,0.9997,104.5
t,3400,none,2450,SSG 08,0.0002,104.5
t,3400,none,2450,MAC-10,0.0001,104.5
t,3400,none,2450,MP7,0.0,104.5
t,3400,none,2450,Galil AR,0.0,104.5
t,3400,none,2500,none,0.9998,101.5
t,3400,none,2500,SSG 08,0.0002,101.5
t,3400,none,2500,MAC-10,0.0,101.5
t,3400,none,2500,MP7,0.0,101.5
t,3400,none,2500,Galil AR,0.0,101.5
t,3400,none,2550,none,0.9996,110.6
t,3400,none,2550,SSG 08,0.0003,110.6
t,3400,none,2550,MAC-10,0.0001,110.6
t,3400,none,2550,MP7,0.0,110.6
t,3400,none,2550,Galil AR,0.0,110.6
t,3400,none,2600,none,0.9999,103.0
t,3400,none,2600,SSG 08,0.0001,103.0
t,3400,none,2600,MAC-10,0.0,103.0
t,3400,none,2600,MP7,0.0,103.0
t,3400,none,2600,Galil AR,0.0,103.0
t,3400,none,2650,none,0.9999,101.1
t,3400,none,2650,SSG 08,0.0001,101.1
t,3400,none,2650,MAC-10,0.0,101.1
t,3400,none,2650,MP7,0.0,101.1
t,3400,none,2650,Galil AR,0.0,101.1
t,3400,none,2700,none,0.9999,100.5
t,3400,none,2700,SSG 08,0.0001,100.5
t,3400,none,2700,MAC-10,0.0,100.5
t,3400,none,2700,MP7,0.0,100.5
t,3400,none,2700,Galil AR,0.0,100.5
t,3400,none,2750,none,0.9721,103.3
t,3400,none,2750,Galil AR,0.0124,103.3
t,3400,none,2750,SSG 08,0.0001,103.3
t,3400,none,2750,MAC-10,0.0155,103.3
t,3400,none,2750,MP7,0.0,103.3
t,3400,none,2800,none,0.9587,110.5
t,3400,none,2800,Galil AR,0.0264,110.5
t,3400,none,2800,SSG 08,0.0001,110.5
t,3400,none,2800,MAC-10,0.0148,110.5
t,3400,none,2800,MP7,0.0,110.5
t,3400,none,2850,none,0.9427,100.3
t,3400,none,2850,SSG 08,0.015,100.3
t,3400,none,2850,Galil AR,0.0273,100.3
t,3400,none,2850,MAC-10,0.015,100.3
t,3400,none,2850,MP7,0.0,100.3
t,3400,none,2900,none,0.9436,103.8
t,3400,none,2900,SSG 08,0.0148,103.8
t,3400,none,2900,Galil AR,0.0267,103.8
t,3400,none,2900,MAC-10,0.0148,103.8
t,3400,none,2900,MP7,0.0,103.8
t,3400,none,2950,none,0.9211,143.4
t,3400,none,2950,SSG 08,0.0107,143.4
t,3400,none,2950,Galil AR,0.0213,143.4
t,3400,none,2950,MAC-10,0.0469,143.4
t,3400,none,2950,MP7,0.0,143.4
t,3400,none,3000,none,0.9459,119.5
t,3400,none,3000,SSG 08,0.006,119.5
t,3400,none,3000,Galil AR,0.012,119.5
t,3400,none,3000,MAC-10,0.033,119.5
t,3400,none,3000,MP7,0.003,119.5
t,3400,none,3050,none,0.8971,100.9
t,3400,none,3050,SSG 08,0.0138,100.9
t,3400,none,3050,Galil AR,0.0277,100.9
t,3400,none,3050,MAC-10,0.0481,100.9
t,3400,none,3050,MP7,0.0132,100.9
t,3400,none,3100,none,0.8742,123.2
t,3400,none,3100,Galil AR,0.0426,123.2
t,3400,none,3100,SSG 08,0.0104,123.2
t,3400,none,3100,MAC-10,0.0631,123.2
t,3400,none,3100,MP7,0.0097,123.2
t,3400,none,3150,none,0.8687,119.9
t,3400,none,3150,Galil AR,0.07,119.9
t,3400,none,3150,SSG 08,0.0054,119.9
t,3400,none,3150,MAC-10,0.0508,119.9
t,3400,none,3150,MP7,0.0051,119.9
t,3400,none,3200,none,0.8791,121.4
t,3400,none,3200,Galil AR,0.071,121.4
t,3400,none,3200,SSG 08,0.0024,121.4
t,3400,none,3200,MAC-10,0.033,121.4
t,3400,none,3200,MP7,0.0145,121.4
t,3400,none,3250,none,0.9024,102.5
t,3400,none,3250,Galil AR,0.0657,102.5
t,3400,none,3250,SSG 08,0.0007,102.5
t,3400,none,3250,MAC-10,0.0205,102.5
t,3400,none,3250,MP7,0.0107,102.5
t,3400,none,3300,none,0.8507,117.2
t,3400,none,3300,Galil AR,0.1254,117.2
t,3400,none,3300,SSG 08,0.0012,117.2
t,3400,none,3300,MAC-10,0.0187,117.2
t,3400,none,3300,MP7,0.0039,117.2
t,3400,none,3350,none,0.7893,101.0
t,3400,none,3350,Galil AR,0.1836,101.0
t,3400,none,3350,SSG 08,0.0015,101.0
t,3400,none,3350,MAC-10,0.0171,101.0
t,3400,none,3350,MP7,0.0008,101.0
t,3400,none,3350,AK-47,0.0078,101.0
t,3400,none,3400,none,0.6274,112.3
t,3400,none,3400,Galil AR,0.3248,112.3
t,3400,none,3400,SSG 08,0.0057,112.3
t,3400,none,3400,MAC-10,0.0169,112.3
t,3400,none,3400,MP7,0.0028,112.3
t,3400,none,3400,AK-47,0.0224,112.3
t,3400,none,3450,none,0.7054,143.9
t,3400,none,3450,Galil AR,0.232,143.9
t,3400,none,3450,SSG 08,0.0223,143.9
t,3400,none,3450,MAC-10,0.0268,143.9
t,3400,none,3450,MP7,0.009,143.9
t,3400,none,3450,AK-47,0.0045,143.9
t,3400,none,3500,none,0.7027,101.7
t,3400,none,3500,Galil AR,0.2299,101.7
t,3400,none,3500,SSG 08,0.0222,101.7
t,3400,none,3500,MAC-10,0.0337,101.7
t,3400,none,3500,MP7,0.0115,101.7
t,3400,none,3500,AK-47,0.0,101.7
t,3400,none,3550,none,0.7417,145.2
t,3400,none,3550,Galil AR,0.2029,145.2
t,3400,none,3550,SSG 08,0.0043,145.2
t,3400,none,3550,MAC-10,0.0234,145.2
t,3400,none,3550,AK-47,0.017,145.2
t,3400,none,3550,MP7,0.0107,145.2
t,3400,none,3600,none,0.7496,149.1
t,3400,none,3600,Galil AR,0.2228,149.1
t,3400,none,3600,SSG 08,0.001,149.1
t,3400,none,3600,MAC-10,0.0113,149.1
t,3400,none,3600,AK-47,0.0099,149.1
t,3400,none,3600,MP7,0.0054,149.1
t,3400,none,3650,none,0.7026,131.1
t,3400,none,3650,Galil AR,0.2517,131.1
t,3400,none,3650,SSG 08,0.0004,131.1
t,3400,none,3650,MAC-10,0.0082,131.1
t,3400,none,3650,AK-47,0.0354,131.1
t,3400,none,3650,MP7,0.0017,131.1
t,3400,none,3700,none,0.5252,108.0
t,3400,none,3700,Galil AR,0.3683,108.0
t,3400,none,3700,AK-47,0.0882,108.0
t,3400,none,3700,SSG 08,0.0006,108.0
t,3400,none,3700,MAC-10,0.0178,108.0
t,3400,none,3700,MP7,0.0,108.0
t,3400,none,3750,none,0.5623,109.1
t,3400,none,3750,Galil AR,0.3153,109.1
t,3400,none,3750,AK-47,0.0699,109.1
t,3400,none,3750,SSG 08,0.0066,109.1
t,3400,none,3750,MAC-10,0.0458,109.1
t,3400,none,3750,MP7,0.0,109.1
t,3400,none,3800,none,0.5598,119.4
t,3400,none,3800,Galil AR,0.3232,119.4
t,3400,none,3800,AK-47,0.0657,119.4
t,3400,none,3800,SSG 08,0.0173,119.4
t,3400,none,3800,MAC-10,0.034,119.4
t,3400,none,3800,MP7,0.0,119.4
t,3400,none,3850,none,0.5906,103.7
t,3400,none,3850,Galil AR,0.2935,103.7
t,3400,none,3850,AK-47,0.0724,103.7
t,3400,none,3850,SSG 08,0.0178,103.7
t,3400,none,3850,MAC-10,0.0256,103.7
t,3400,none,3850,MP7,0.0,103.7
t,3400,none,3900,none,0.5672,121.9
t,3400,none,3900,Galil AR,0.2988,121.9
t,3400,none,3900,AK-47,0.0926,121.9
t,3400,none,3900,SSG 08,0.009,121.9
t,3400,none,3900,MAC-10,0.0323,121.9
t,3400,none,3900,MP7,0.0,121.9
t,3400,none,3950,none,0.5763,113.7
t,3400,none,3950,Galil AR,0.2896,113.7
t,3400,none,3950,AK-47,0.0874,113.7
t,3400,none,3950,SSG 08,0.0037,113.7
t,3400,none,3950,MAC-10,0.043,113.7
t,3400,none,3950,MP7,0.0,113.7
t,3400,none,4000,none,0.3652,118.4
t,3400,none,4000,Galil AR,0.286,118.4
t,3400,none,4000,AK-47,0.3162,118.4
t,3400,none,4000,SSG 08,0.0001,118.4
t,3400,none,4000,MAC-10,0.0324,118.4
t,3400,none,4000,MP7,0.0,118.4
t,3400,none,4050,none,0.2883,121.3
t,3400,none,4050,Galil AR,0.2878,121.3
t,3400,none,4050,AK-47,0.4069,121.3
t,3400,none,4050,SSG 08,0.0,121.3
t,3400,none,4050,MAC-10,0.017,121.3
t,3400,none,4050,MP7,0.0,121.3
t,3400,none,4100,none,0.2629,116.7
t,3400,none,4100,Galil AR,0.3349,116.7
t,3400,none,4100,AK-47,0.3915,116.7
t,3400,none,4100,SSG 08,0.0,116.7
t,3400,none,4100,MAC-10,0.0106,116.7
t,3400,none,4100,MP7,0.0,116.7
t,3400,none,4150,none,0.277,110.7
t,3400,none,4150,Galil AR,0.3813,110.7
t,3400,none,4150,AK-47,0.3285,110.7
t,3400,none,4150,SSG 08,0.0,110.7
t,3400,none,4150,MAC-10,0.0133,110.7
t,3400,none,4150,MP7,0.0,110.7
t,3400,none,4200,none,0.2505,113.2
t,3400,none,4200,Galil AR,0.3384,113.2
t,3400,none,4200,AK-47,0.401,113.2
t,3400,none,4200,SSG 08,0.0,113.2
t,3400,none,4200,MAC-10,0.0101,113.2
t,3400,none,4200,MP7,0.0,113.2
t,3400,none,4250,none,0.2217,116.9
t,3400,none,4250,Galil AR,0.3007,116.9
t,3400,none,4250,AK-47,0.4673,116.9
t,3400,none,4250,SSG 08,0.0,116.9
t,3400,none,4250,MAC-10,0.0102,116.9
t,3400,none,4250,MP7,0.0,116.9
t,3400,none,4300,none,0.1707,108.1
t,3400,none,4300,Galil AR,0.2524,108.1
t,3400,none,4300,AK-47,0.562,108.1
t,3400,none,4300,SSG 08,0.0,108.1
t,3400,none,4300,MAC-10,0.0149,108.1
t,3400,none,4300,MP7,0.0,108.1
t,3400,none,4350,none,0.1689,102.0
t,3400,none,4350,Galil AR,0.2599,102.0
t,3400,none,4350,AK-47,0.5474,102.0
t,3400,none,4350,SSG 08,0.0,102.0
t,3400,none,4350,MAC-10,0.0238,102.0
t,3400,none,4350,MP7,0.0,102.0
t,3400,none,4400,none,0.0979,112.4
t,3400,none,4400,Galil AR,0.1564,112.4
t,3400,none,4400,AK-47,0.7246,112.4
t,3400,none,4400,SSG 08,0.0,112.4
t,3400,none,4400,MAC-10,0.021,112.4
t,3400,none,4400,MP7,0.0,112.4
t,3400,none,4450,none,0.0826,105.3
t,3400,none,4450,Galil AR,0.1129,105.3
t,3400,none,4450,AK-47,0.7922,105.3
t,3400,none,4450,SSG 08,0.0,105.3
t,3400,none,4450,MAC-10,0.0122,105.3
t,3400,none,4450,MP7,0.0,105.3
t,3400,none,4500,none,0.0821,111.6
t,3400,none,4500,Galil AR,0.1044,111.6
t,3400,none,4500,AK-47,0.8065,111.6
t,3400,none,4500,SSG 08,0.0,111.6
t,3400,none,4500,MAC-10,0.007,111.6
t,3400,none,4500,MP7,0.0,111.6
t,3400,none,4550,none,0.0937,106.4
t,3400,none,4550,Galil AR,0.1143,106.4
t,3400,none,4550,AK-47,0.7831,106.4
t,3400,none,4550,SSG 08,0.0,106.4
t,3400,none,4550,MAC-10,0.0089,106.4
t,3400,none,4550,MP7,0.0,106.4
t,3400,none,4600,none,0.0277,125.3
t,3400,none,4600,Galil AR,0.0484,125.3
t,3400,none,4600,AK-47,0.9188,125.3
t,3400,none,4600,SSG 08,0.0,125.3
t,3400,none,4600,MAC-10,0.0051,125.3
t,3400,none,4600,MP7,0.0,125.3
t,3400,none,4650,none,0.0352,104.8
t,3400,none,4650,Galil AR,0.0409,104.8
t,3400,none,4650,AK-47,0.9123,104.8
t,3400,none,4650,SSG 08,0.0,104.8
t,3400,none,4650,MAC-10,0.0117,104.8
t,3400,none,4650,MP7,0.0,104.8
t,3400,none,4700,none,0.0585,112.7
t,3400,none,4700,Galil AR,0.0093,112.7
t,3400,none,4700,AK-47,0.9291,112.7
t,3400,none,4700,SSG 08,0.0,112.7
t,3400,none,4700,MAC-10,0.0031,112.7
t,3400,none,4700,MP7,0.0,112.7
t,3400,none,4750,none,0.0381,116.3
t,3400,none,4750,Galil AR,0.002,116.3
t,3400,none,4750,AK-47,0.9595,116.3
t,3400,none,4750,SSG 08,0.0,116.3
t,3400,none,4750,MAC-10,0.0005,116.3
t,3400,none,4750,MP7,0.0,116.3
t,3400,none,4800,none,0.021,100.4
t,3400,none,4800,Galil AR,0.0035,100.4
t,3400,none,4800,AK-47,0.9755,100.4
t,3400,none,4800,SSG 08,0.0,100.4
t,3400,none,4800,MAC-10,0.0,100.4
t,3400,none,4800,MP7,0.0,100.4
t,3400,none,4850,none,0.0166,120.8
t,3400,none,4850,Galil AR,0.011,120.8
t,3400,none,4850,AK-47,0.9724,120.8
t,3400,none,4850,SSG 08,0.0,120.8
t,3400,none,4850,MAC-10,0.0,120.8
t,3400,none,4850,MP7,0.0,120.8
t,3400,none,4900,none,0.0031,111.3
t,3400,none,4900,AK-47,0.9938,111.3
t,3400,none,4900,Galil AR,0.003,111.3
t,3400,none,4900,SSG 08,0.0,111.3
t,3400,none,4900,MAC-10,0.0,111.3
t,3400,none,4900,MP7,0.0,111.3
t,3400,none,4950,none,0.0029,112.3
t,3400,none,4950,AK-47,0.9942,112.3
t,3400,none,4950,Galil AR,0.0,112.3
t,3400,none,4950,SSG 08,0.0,112.3
t,3400,none,4950,MAC-10,0.0028,112.3
t,3400,none,4950,MP7,0.0,112.3
t,3400,none,5000,none,0.0134,103.0
t,3400,none,5000,AK-47,0.9733,103.0
t,3400,none,5000,Galil AR,0.0,103.0
t,3400,none,5000,SSG 08,0.0,103.0
t,3400,none,5000,MAC-10,0.0133,103.0
t,3400,none,5000,MP7,0.0,103.0
t,3400,none,5050,none,0.0106,119.0
t,3400,none,5050,AK-47,0.9841,119.0
t,3400,none,5050,Galil AR,0.0,119.0
t,3400,none,5050,SSG 08,0.0,119.0
t,3400,none,5050,MAC-10,0.0053,119.0
t,3400,none,5050,MP7,0.0,119.0
t,3400,none,5100,none,0.0139,103.9
t,3400,none,5100,AK-47,0.9856,103.9
t,3400,none,5100,Galil AR,0.0,103.9
t,3400,none,5100,SSG 08,0.0,103.9
t,3400,none,5100,MAC-10,0.0006,103.9
t,3400,none,5100,MP7,0.0,103.9
t,3400,none,5150,none,0.0077,122.5
t,3400,none,5150,AK-47,0.9922,122.5
t,3400,none,5150,Galil AR,0.0,122.5
t,3400,none,5150,SSG 08,0.0,122.5
t,3400,none,5150,MAC-10,0.0001,122.5
t,3400,none,5150,MP7,0.0,122.5
t,3400,none,5200,none,0.002,109.9
t,3400,none,5200,AK-47,0.998,109.9
t,3400,none,5200,Galil AR,0.0,109.9
t,3400,none,5200,SSG 08,0.0,109.9
t,3400,none,5200,MAC-10,0.0,109.9
t,3400,none,5200,MP7,0.0,109.9
t,3400,none,5250,none,0.0036,111.5
t,3400,none,5250,AK-47,0.9947,111.5
t,3400,none,5250,Galil AR,0.0,111.5
t,3400,none,5250,SSG 08,0.0,111.5
t,3400,none,5250,MAC-10,0.0,111.5
t,3400,none,5250,MP7,0.0,111.5
t,3400,none,5250,AWP,0.0017,111.5
t,3400,none,5300,none,0.0156,109.4
t,3400,none,5300,AK-47,0.9766,109.4
t,3400,none,5300,Galil AR,0.0,109.4
t,3400,none,5300,SSG 08,0.0,109.4
t,3400,none,5300,MAC-10,0.0,109.4
t,3400,none,5300,MP7,0.0,109.4
t,3400,none,5300,AWP,0.0078,109.4
t,3400,none,5350,none,0.0234,115.9
t,3400,none,5350,AK-47,0.9648,115.9
t,3400,none,5350,Galil AR,0.0,115.9
t,3400,none,5350,SSG 08,0.0,115.9
t,3400,none,5350,MAC-10,0.0,115.9
t,3400,none,5350,MP7,0.0,115.9
t,3400,none,5350,AWP,0.0117,115.9
t,3400,none,5400,none,0.0185,110.4
t,3400,none,5400,AK-47,0.9363,110.4
t,3400,none,5400,Galil AR,0.0,110.4
t,3400,none,5400,AWP,0.0447,110.4
t,3400,none,5400,SSG 08,0.0,110.4
t,3400,none,5400,MAC-10,0.0006,110.4
t,3400,none,5400,MP7,0.0,110.4
t,3400,none,5450,none,0.0071,108.9
t,3400,none,5450,AK-47,0.9339,108.9
t,3400,none,5450,Galil AR,0.0,108.9
t,3400,none,5450,AWP,0.0555,108.9
t,3400,none,5450,SSG 08,0.0,108.9
t,3400,none,5450,MAC-10,0.0035,108.9
t,3400,none,5450,MP7,0.0,108.9
t,3400,none,5500,none,0.0012,100.8
t,3400,none,5500,AK-47,0.9423,100.8
t,3400,none,5500,Galil AR,0.0,100.8
t,3400,none,5500,AWP,0.0468,100.8
t,3400,none,5500,SSG 08,0.0,100.8
t,3400,none,5500,MAC-10,0.0097,100.8
t,3400,none,5500,MP7,0.0,100.8
t,3400,none,5550,none,0.0001,102.9
t,3400,none,5550,AK-47,0.9566,102.9
t,3400,none,5550,Galil AR,0.0,102.9
t,3400,none,5550,AWP,0.03,102.9
t,3400,none,5550,SSG 08,0.0,102.9
t,3400,none,5550,MAC-10,0.0133,102.9
t,3400,none,5550,MP7,0.0,102.9
t,3400,none,5600,none,0.0,108.8
t,3400,none,5600,AK-47,0.9549,108.8
t,3400,none,5600,Galil AR,0.0,108.8
t,3400,none,5600,AWP,0.0356,108.8
t,3400,none,5600,SSG 08,0.0,108.8
t,3400,none,5600,MAC-10,0.0095,108.8
t,3400,none,5600,MP7,0.0,108.8
t,3400,none,5650,none,0.0,104.6
t,3400,none,5650,AK-47,0.9582,104.6
t,3400,none,5650,Galil AR,0.0,104.6
t,3400,none,5650,AWP,0.0353,104.6
t,3400,none,5650,SSG 08,0.0006,104.6
t,3400,none,5650,MAC-10,0.0059,104.6
t,3400,none,5650,MP7,0.0,104.6
t,3400,none,5700,none,0.0,100.5
t,3400,none,5700,AK-47,0.8646,100.5
t,3400,none,5700,Galil AR,0.0,100.5
t,3400,none,5700,AWP,0.1303,100.5
t,3400,none,5700,SSG 08,0.0025,100.5
t,3400,none,5700,MAC-10,0.0025,100.5
t,3400,none,5700,MP7,0.0,100.5
t,3400,none,5750,none,0.0,103.6
t,3400,none,5750,AK-47,0.8329,103.6
t,3400,none,5750,Galil AR,0.0,103.6
t,3400,none,5750,AWP,0.1578,103.6
t,3400,none,5750,SSG 08,0.0081,103.6
t,3400,none,5750,MAC-10,0.0013,103.6
t,3400,none,5750,MP7,0.0,103.6
t,3400,none,5800,none,0.0,100.4
t,3400,none,5800,AK-47,0.8364,100.4
t,3400,none,5800,Galil AR,0.0,100.4
t,3400,none,5800,AWP,0.1498,100.4
t,3400,none,5800,SSG 08,0.0132,100.4
t,3400,none,5800,MAC-10,0.0007,100.4
t,3400,none,5800,MP7,0.0,100.4
t,3400,none,5850,none,0.0,106.9
t,3400,none,5850,AK-47,0.8626,106.9
t,3400,none,5850,Galil AR,0.0,106.9
t,3400,none,5850,AWP,0.1234,106.9
t,3400,none,5850,SSG 08,0.0134,106.9
t,3400,none,5850,MAC-10,0.0006,106.9
t,3400,none,5850,MP7,0.0,106.9
t,3400,none,5900,none,0.0,102.1
t,3400,none,5900,AK-47,0.8036,102.1
t,3400,none,5900,Galil AR,0.0,102.1
t,3400,none,5900,AWP,0.1838,102.1
t,3400,none,5900,SSG 08,0.0124,102.1
t,3400,none,5900,MAC-10,0.0002,102.1
t,3400,none,5900,MP7,0.0,102.1
t,3400,none,5950,none,0.0,101.8
t,3400,none,5950,AK-47,0.7783,101.8
t,3400,none,5950,Galil AR,0.0,101.8
t,3400,none,5950,AWP,0.2118,101.8
t,3400,none,5950,SSG 08,0.0098,101.8
t,3400,none,5950,MAC-10,0.0001,101.8
t,3400,none,5950,MP7,0.0,101.8
t,3400,none,6000,none,0.0,105.0
t,3400,none,6000,AK-47,0.7899,105.0
t,3400,none,6000,Galil AR,0.0,105.0
t,3400,none,6000,AWP,0.2022,105.0
t,3400,none,6000,SSG 08,0.0078,105.0
t,3400,none,6000,MAC-10,0.0001,105.0
t,3400,none,6000,MP7,0.0,105.0
t,3400,none,6050,none,0.0,106.4
t,3400,none,6050,AK-47,0.6962,106.4
t,3400,none,6050,Galil AR,0.0,106.4
t,3400,none,6050,AWP,0.2986,106.4
t,3400,none,6050,SSG 08,0.0052,106.4
t,3400,none,6050,MAC-10,0.0,106.4
t,3400,none,6050,MP7,0.0,106.4
t,3400,none,6100,none,0.0,106.1
t,3400,none,6100,AK-47,0.6206,106.1
t,3400,none,6100,Galil AR,0.0,106.1
t,3400,none,6100,AWP,0.3762,106.1
t,3400,none,6100,SSG 08,0.0032,106.1
t,3400,none,6100,MAC-10,0.0,106.1
t,3400,none,6100,MP7,0.0,106.1
t,3400,none,6150,none,0.0,103.3
t,3400,none,6150,AK-47,0.6234,103.3
t,3400,none,6150,Galil AR,0.0,103.3
t,3400,none,6150,AWP,0.3742,103.3
t,3400,none,6150,SSG 08,0.0023,103.3
t,3400,none,6150,MAC-10,0.0,103.3
t,3400,none,6150,MP7,0.0,103.3
t,3400,none,6200,none,0.0,100.4
t,3400,none,6200,AK-47,0.6307,100.4
t,3400,none,6200,Galil AR,0.0,100.4
t,3400,none,6200,AWP,0.3676,100.4
t,3400,none,6200,SSG 08,0.0017,100.4
t,3400,none,6200,MAC-10,0.0,100.4
t,3400,none,6200,MP7,0.0,100.4
t,3400,none,6250,none,0.0,105.1
t,3400,none,6250,AK-47,0.5669,105.1
t,3400,none,6250,Galil AR,0.0,105.1
t,3400,none,6250,AWP,0.4319,105.1
t,3400,none,6250,SSG 08,0.0011,105.1
t,3400,none,6250,MAC-10,0.0,105.1
t,3400,none,6250,MP7,0.0,105.1
t,3400,none,6300,none,0.0,100.8
t,3400,none,6300,AK-47,0.5573,100.8
t,3400,none,6300,Galil AR,0.0,100.8
t,3400,none,6300,AWP,0.4419,100.8
t,3400,none,6300,SSG 08,0.0008,100.8
t,3400,none,6300,MAC-10,0.0,100.8
t,3400,none,6300,MP7,0.0,100.8
t,3400,none,6350,none,0.0,104.0
t,3400,none,6350,AK-47,0.5791,104.0
t,3400,none,6350,Galil AR,0.0,104.0
t,3400,none,6350,AWP,0.4199,104.0
t,3400,none,6350,SSG 08,0.001,104.0
t,3400,none,6350,MAC-10,0.0,104.0
t,3400,none,6350,MP7,0.0,104.0
t,3400,none,6400,none,0.0,102.5
t,3400,none,6400,AK-47,0.5946,102.5
t,3400,none,6400,Galil AR,0.0,102.5
t,3400,none,6400,AWP,0.4043,102.5
t,3400,none,6400,SSG 08,0.001,102.5
t,3400,none,6400,MAC-10,0.0,102.5
t,3400,none,6400,MP7,0.0,102.5
t,3400,none,6450,none,0.0,102.0
t,3400,none,6450,AK-47,0.5181,102.0
t,3400,none,6450,Galil AR,0.0,102.0
t,3400,none,6450,AWP,0.4813,102.0
t,3400,none,6450,SSG 08,0.0006,102.0
t,3400,none,6450,MAC-10,0.0,102.0
t,3400,none,6450,MP7,0.0,102.0
t,3400,none,6500,none,0.0,101.9
t,3400,none,6500,AK-47,0.5149,101.9
t,3400,none,6500,Galil AR,0.0,101.9
t,3400,none,6500,AWP,0.4844,101.9
t,3400,none,6500,SSG 08,0.0006,101.9
t,3400,none,6500,MAC-10,0.0,101.9
t,3400,none,6500,MP7,0.0,101.9
t,3400,none,6550,none,0.0,100.8
t,3400,none,6550,AK-47,0.5193,100.8
t,3400,none,6550,Galil AR,0.0,100.8
t,3400,none,6550,AWP,0.48,100.8
t,3400,none,6550,SSG 08,0.0007,100.8
t,3400,none,6550,MAC-10,0.0,100.8
t,3400,none,6550,MP7,0.0,100.8
t,3400,none,6600,none,0.0,100.0
t,3400,none,6600,AK-47,0.5251,100.0
t,3400,none,6600,Galil AR,0.0,100.0
t,3400,none,6600,AWP,0.4742,100.0
t,3400,none,6600,SSG 08,0.0007,100.0
t,3400,none,6600,MAC-10,0.0,100.0
t,3400,none,6600,MP7,0.0,100.0
t,3400,none,6650,none,0.0,100.5
t,3400,none,6650,AK-47,0.4663,100.5
t,3400,none,6650,Galil AR,0.0,100.5
t,3400,none,6650,AWP,0.5331,100.5
t,3400,none,6650,SSG 08,0.0005,100.5
t,3400,none,6650,MAC-10,0.0,100.5
t,3400,none,6650,MP7,0.0,100.5
t,3400,none,6700,none,0.0,103.9
t,3400,none,6700,AK-47,0.4744,103.9
t,3400,none,6700,Galil AR,0.0,103.9
t,3400,none,6700,AWP,0.5249,103.9
t,3400,none,6700,SSG 08,0.0007,103.9
t,3400,none,6700,MAC-10,0.0001,103.9
t,3400,none,6700,MP7,0.0,103.9
t,3400,none,6750,none,0.0,103.7
t,3400,none,6750,AK-47,0.4713,103.7
t,3400,none,6750,Galil AR,0.0,103.7
t,3400,none,6750,AWP,0.528,103.7
t,3400,none,6750,SSG 08,0.0007,103.7
t,3400,none,6750,MAC-10,0.0001,103.7
t,3400,none,6750,MP7,0.0,103.7
t,3400,none,6800,none,0.0,102.9
t,3400,none,6800,AK-47,0.475,102.9
t,3400,none,6800,Galil AR,0.0,102.9
t,3400,none,6800,AWP,0.5241,102.9
t,3400,none,6800,SSG 08,0.0007,102.9
t,3400,none,6800,MAC-10,0.0001,102.9
t,3400,none,6800,MP7,0.0,102.9
t,3400,none,6850,none,0.0,100.0
t,3400,none,6850,AK-47,0.3506,100.0
t,3400,none,6850,Galil AR,0.0,100.0
t,3400,none,6850,AWP,0.649,100.0
t,3400,none,6850,SSG 08,0.0003,100.0
t,3400,none,6850,MAC-10,0.0,100.0
t,3400,none,6850,MP7,0.0,100.0
t,3400,none,6900,none,0.0,103.1
t,3400,none,6900,AK-47,0.3504,103.1
t,3400,none,6900,Galil AR,0.0,103.1
t,3400,none,6900,AWP,0.6491,103.1
t,3400,none,6900,SSG 08,0.0004,103.1
t,3400,none,6900,MAC-10,0.0,103.1
t,3400,none,6900,MP7,0.0,103.1
t,3400,none,6950,none,0.0,103.1
t,3400,none,6950,AK-47,0.3414,103.1
t,3400,none,6950,Galil AR,0.0,103.1
t,3400,none,6950,AWP,0.6581,103.1
t,3400,none,6950,SSG 08,0.0004,103.1
t,3400,none,6950,MAC-10,0.0,103.1
t,3400,none,6950,MP7,0.0,103.1
t,3400,none,7000,none,0.0,102.1
t,3400,none,7000,AK-47,0.3365,102.1
t,3400,none,7000,Galil AR,0.0,102.1
t,3400,none,7000,AWP,0.663,102.1
t,3400,none,7000,SSG 08,0.0004,102.1
t,3400,none,7000,MAC-10,0.0001,102.1
t,3400,none,7000,MP7,0.0,102.1
t,3400,none,7050,none,0.0,101.1
t,3400,none,7050,AK-47,0.3325,101.1
t,3400,none,7050,Galil AR,0.0,101.1
t,3400,none,7050,AWP,0.667,101.1
t,3400,none,7050,SSG 08,0.0005,101.1
t,3400,none,7050,MAC-10,0.0001,101.1
t,3400,none,7050,MP7,0.0,101.1
t,3400,none,7100,none,0.0,100.3
t,3400,none,7100,AK-47,0.3293,100.3
t,3400,none,7100,Galil AR,0.0,100.3
t,3400,none,7100,AWP,0.6702,100.3
t,3400,none,7100,SSG 08,0.0005,100.3
t,3400,none,7100,MAC-10,0.0001,100.3
t,3400,none,7100,MP7,0.0,100.3
t,3400,none,7150,none,0.0001,103.7
t,3400,none,7150,AK-47,0.334,103.7
t,3400,none,7150,Galil AR,0.0,103.7
t,3400,none,7150,AWP,0.6653,103.7
t,3400,none,7150,SSG 08,0.0005,103.7
t,3400,none,7150,MAC-10,0.0001,103.7
t,3400,none,7150,MP7,0.0,103.7
t,3400,none,7200,none,0.0,95.0
t,3400,none,7200,AK-47,0.3178,95.0
t,3400,none,7200,Galil AR,0.0,95.0
t,3400,none,7200,AWP,0.6816,95.0
t,3400,none,7200,SSG 08,0.0005,95.0
t,3400,none,7200,MAC-10,0.0001,95.0
t,3400,none,7200,MP7,0.0,95.0
t,3400,none,7250,none,0.0,87.0
t,3400,none,7250,AK-47,0.3023,87.0
t,3400,none,7250,Galil AR,0.0,87.0
t,3400,none,7250,AWP,0.6972,87.0
t,3400,none,7250,SSG 08,0.0004,87.0
t,3400,none,7250,MAC-10,0.0001,87.0
t,3400,none,7250,MP7,0.0,87.0
t,3400,none,7300,none,0.0,79.7
t,3400,none,7300,AK-47,0.2874,79.7
t,3400,none,7300,Galil AR,0.0,79.7
t,3400,none,7300,AWP,0.7122,79.7
t,3400,none,7300,SSG 08,0.0003,79.7
t,3400,none,7300,MAC-10,0.0,79.7
t,3400,none,7300,MP7,0.0,79.7
t,3400,none,7350,none,0.0,72.9
t,3400,none,7350,AK-47,0.2731,72.9
t,3400,none,7350,Galil AR,0.0,72.9
t,3400,none,7350,AWP,0.7265,72.9
t,3400,none,7350,SSG 08,0.0003,72.9
t,3400,none,7350,MAC-10,0.0,72.9
t,3400,none,7350,MP7,0.0,72.9
t,3400,none,7400,none,0.0,66.8
t,3400,none,7400,AK-47,0.2595,66.8
t,3400,none,7400,Galil AR,0.0,66.8
t,3400,none,7400,AWP,0.7403,66.8
t,3400,none,7400,SSG 08,0.0002,66.8
t,3400,none,7400,MAC-10,0.0,66.8
t,3400,none,7400,MP7,0.0,66.8
t,3400,none,7450,none,0.0,61.1
t,3400,none,7450,AK-47,0.2464,61.1
t,3400,none,7450,Galil AR,0.0,61.1
t,3400,none,7450,AWP,0.7534,61.1
t,3400,none,7450,SSG 08,0.0002,61.1
t,3400,none,7450,MAC-10,0.0,61.1
t,3400,none,7450,MP7,0.0,61.1
t,3400,none,7500,none,0.0,55.9
t,3400,none,7500,AK-47,0.2338,55.9
t,3400,none,7500,Galil AR,0.0,55.9
t,3400,none,7500,AWP,0.7661,55.9
t,3400,none,7500,SSG 08,0.0001,55.9
t,3400,none,7500,MAC-10,0.0,55.9
t,3400,none,7500,MP7,0.0,55.9
t,3400,none,7550,none,0.0,51.1
t,3400,none,7550,AK-47,0.2217,51.1
t,3400,none,7550,Galil AR,0.0,51.1
t,3400,none,7550,AWP,0.7781,51.1
t,3400,none,7550,SSG 08,0.0001,51.1
t,3400,none,7550,MAC-10,0.0,51.1
t,3400,none,7550,MP7,0.0,51.1
t,3400,none,7600,none,0.0,46.6
t,3400,none,7600,AK-47,0.2102,46.6
t,3400,none,7600,Galil AR,0.0,46.6
t,3400,none,7600,AWP,0.7897,46.6
t,3400,none,7600,SSG 08,0.0001,46.6
t,3400,none,7600,MAC-10,0.0,46.6
t,3400,none,7600,MP7,0.0,46.6
ct,1400,none,2250,none,0.5171,20.1
ct,1400,none,2250,MP9,0.3957,20.1
ct,1400,none,2250,MAC-10,0.0149,20.1
ct,1400,none,2250,MP7,0.0723,20.1
ct,1400,none,2300,none,0.5113,24.5
ct,1400,none,2300,MP9,0.4143,24.5
ct,1400,none,2300,MAC-10,0.0135,24.5
ct,1400,none,2300,Galil AR,0.0002,24.5
ct,1400,none,2300,MP7,0.0606,24.5
ct,1400,none,2350,none,0.5097,25.0
ct,1400,none,2350,MP9,0.4165,25.0
ct,1400,none,2350,MAC-10,0.0143,25.0
ct,1400,none,2350,Galil AR,0.0003,25.0
ct,1400,none,2350,MP7,0.0593,25.0
ct,1400,none,2400,none,0.4981,26.5
ct,1400,none,2400,MP9,0.4174,26.5
ct,1400,none,2400,MAC-10,0.0148,26.5
ct,1400,none,2400,MP7,0.0694,26.5
ct,1400,none,2400,Galil AR,0.0003,26.5
ct,1400,none,2450,none,0.4961,27.2
ct,1400,none,2450,MP9,0.4195,27.2
ct,1400,none,2450,MAC-10,0.0155,27.2
ct,1400,none,2450,MP7,0.0685,27.2
ct,1400,none,2450,Galil AR,0.0004,27.2
ct,1400,none,2500,none,0.4908,29.1
ct,1400,none,2500,MP9,0.41,29.1
ct,1400,none,2500,MAC-10,0.0159,29.1
ct,1400,none,2500,MP7,0.0657,29.1
ct,1400,none,2500,Galil AR,0.0175,29.1
ct,1400,none,2550,none,0.4189,34.4
ct,1400,none,2550,MP9,0.4959,34.4
ct,1400,none,2550,MAC-10,0.0143,34.4
ct,1400,none,2550,MP7,0.0555,34.4
ct,1400,none,2550,Galil AR,0.0154,34.4
ct,1400,none,2600,none,0.4077,36.4
ct,1400,none,2600,MP9,0.5088,36.4
ct,1400,none,2600,MAC-10,0.0147,36.4
ct,1400,none,2600,MP7,0.0534,36.4
ct,1400,none,2600,Galil AR,0.0154,36.4
ct,1400,none,2650,none,0.4062,37.4
ct,1400,none,2650,MP9,0.51,37.4
ct,1400,none,2650,MAC-10,0.0155,37.4
ct,1400,none,2650,MP7,0.0526,37.4
ct,1400,none,2650,Galil AR,0.0158,37.4
ct,1400,none,2700,none,0.4086,42.8
ct,1400,none,2700,MP9,0.5049,42.8
ct,1400,none,2700,MAC-10,0.0149,42.8
ct,1400,none,2700,MP7,0.0475,42.8
ct,1400,none,2700,Galil AR,0.024,42.8
ct,1400,none,2750,none,0.386,46.8
ct,1400,none,2750,MP9,0.5315,46.8
ct,1400,none,2750,MAC-10,0.0148,46.8
ct,1400,none,2750,MP7,0.0443,46.8
ct,1400,none,2750,Galil AR,0.0235,46.8
ct,1400,none,2800,none,0.3761,49.3
ct,1400,none,2800,MP9,0.5425,49.3
ct,1400,none,2800,MAC-10,0.0152,49.3
ct,1400,none,2800,MP7,0.0426,49.3
ct,1400,none,2800,Galil AR,0.0236,49.3
ct,1400,none,2850,none,0.3533,54.8
ct,1400,none,2850,MP9,0.5695,54.8
ct,1400,none,2850,MAC-10,0.0149,54.8
ct,1400,none,2850,MP7,0.0395,54.8
ct,1400,none,2850,Galil AR,0.0229,54.8
ct,1400,none,2900,none,0.3429,57.9
ct,1400,none,2900,MP9,0.5812,57.9
ct,1400,none,2900,MAC-10,0.0152,57.9
ct,1400,none,2900,MP7,0.0378,57.9
ct,1400,none,2900,Galil AR,0.0229,57.9
ct,1400,none,2950,none,0.3337,61.6
ct,1400,none,2950,MP9,0.5701,61.6
ct,1400,none,2950,MAC-10,0.0155,61.6
ct,1400,none,2950,FAMAS,0.0215,61.6
ct,1400,none,2950,MP7,0.0362,61.6
ct,1400,none,2950,Galil AR,0.023,61.6
ct,1400,none,3000,none,0.3167,66.6
ct,1400,none,3000,MP9,0.5497,66.6
ct,1400,none,3000,MAC-10,0.0154,66.6
ct,1400,none,3000,FAMAS,0.0214,66.6
ct,1400,none,3000,MP7,0.0579,66.6
ct,1400,none,3000,Galil AR,0.0224,66.6
ct,1400,none,3000,SSG 08,0.0164,66.6
ct,1400,none,3050,none,0.2802,74.9
ct,1400,none,3050,MP9,0.5998,74.9
ct,1400,none,3050,MAC-10,0.0142,74.9
ct,1400,none,3050,FAMAS,0.0199,74.9
ct,1400,none,3050,MP7,0.0509,74.9
ct,1400,none,3050,Galil AR,0.0204,74.9
ct,1400,none,3050,SSG 08,0.0145,74.9
ct,1400,none,3100,M4A1-S,0.011,79.5
ct,1400,none,3100,none,0.2722,79.5
ct,1400,none,3100,MP9,0.5984,79.5
ct,1400,none,3100,MAC-10,0.0144,79.5
ct,1400,none,3100,FAMAS,0.0203,79.5
ct,1400,none,3100,MP7,0.0493,79.5
ct,1400,none,3100,Galil AR,0.0204,79.5
ct,1400,none,3100,SSG 08,0.014,79.5
ct,1400,none,3150,M4A1-S,0.0111,81.6
ct,1400,none,3150,none,0.2709,81.6
ct,1400,none,3150,MP9,0.5985,81.6
ct,1400,none,3150,MAC-10,0.015,81.6
ct,1400,none,3150,FAMAS,0.0211,81.6
ct,1400,none,3150,MP7,0.0487,81.6
ct,1400,none,3150,Galil AR,0.0209,81.6
ct,1400,none,3150,SSG 08,0.0138,81.6
ct,1400,none,3200,M4A1-S,0.0107,86.1
ct,1400,none,3200,none,0.2598,86.1
ct,1400,none,3200,MP9,0.5948,86.1
ct,1400,none,3200,MAC-10,0.015,86.1
ct,1400,none,3200,FAMAS,0.0266,86.1
ct,1400,none,3200,MP7,0.0595,86.1
ct,1400,none,3200,Galil AR,0.0206,86.1
ct,1400,none,3200,SSG 08,0.0131,86.1
ct,1400,none,3250,MP9,0.6107,99.1
ct,1400,none,3250,M4A1-S,0.0095,99.1
ct,1400,none,3250,none,0.2284,99.1
ct,1400,none,3250,MAC-10,0.0137,99.1
ct,1400,none,3250,FAMAS,0.0558,99.1
ct,1400,none,3250,MP7,0.0519,99.1
ct,1400,none,3250,Galil AR,0.0185,99.1
ct,1400,none,3250,SSG 08,0.0114,99.1
ct,1400,none,3300,MP9,0.6323,101.0
ct,1400,none,3300,M4A1-S,0.0091,101.0
ct,1400,none,3300,none,0.2159,101.0
ct,1400,none,3300,MAC-10,0.0124,101.0
ct,1400,none,3300,FAMAS,0.0522,101.0
ct,1400,none,3300,MP7,0.0499,101.0
ct,1400,none,3300,Galil AR,0.0171,101.0
ct,1400,none,3300,SSG 08,0.0111,101.0
ct,1400,none,3350,MP9,0.7873,101.6
ct,1400,none,3350,M4A1-S,0.0166,101.6
ct,1400,none,3350,none,0.1273,101.6
ct,1400,none,3350,MAC-10,0.0028,101.6
ct,1400,none,3350,FAMAS,0.0214,101.6
ct,1400,none,3350,MP7,0.0312,101.6
ct,1400,none,3350,Galil AR,0.0062,101.6
ct,1400,none,3350,SSG 08,0.0072,101.6
ct,1400,none,3400,MP9,0.7541,100.5
ct,1400,none,3400,M4A1-S,0.0159,100.5
ct,1400,none,3400,none,0.1196,100.5
ct,1400,none,3400,FAMAS,0.0378,100.5
ct,1400,none,3400,MAC-10,0.0018,100.5
ct,1400,none,3400,M4A4,0.0232,100.5
ct,1400,none,3400,MP7,0.036,100.5
ct,1400,none,3400,Galil AR,0.0049,100.5
ct,1400,none,3400,AK-47,0.0,100.5
ct,1400,none,3400,SSG 08,0.0068,100.5
ct,1400,none,3450,MP9,0.6269,102.7
ct,1400,none,3450,M4A1-S,0.0286,102.7
ct,1400,none,3450,none,0.0797,102.7
ct,1400,none,3450,FAMAS,0.2207,102.7
ct,1400,none,3450,MAC-10,0.0,102.7
ct,1400,none,3450,M4A4,0.0199,102.7
ct,1400,none,3450,MP7,0.0206,102.7
ct,1400,none,3450,Galil AR,0.0006,102.7
ct,1400,none,3450,AK-47,0.0,102.7
ct,1400,none,3450,SSG 08,0.0031,102.7
ct,1400,none,3500,MP9,0.5747,105.4
ct,1400,none,3500,M4A1-S,0.0412,105.4
ct,1400,none,3500,none,0.0733,105.4
ct,1400,none,3500,MP7,0.0683,105.4
ct,1400,none,3500,FAMAS,0.2147,105.4
ct,1400,none,3500,MAC-10,0.0,105.4
ct,1400,none,3500,M4A4,0.0259,105.4
ct,1400,none,3500,Galil AR,0.0001,105.4
ct,1400,none,3500,AK-47,0.0,105.4
ct,1400,none,3500,SSG 08,0.0019,105.4
ct,1400,none,3550,MP9,0.5309,127.4
ct,1400,none,3550,M4A1-S,0.0983,127.4
ct,1400,none,3550,none,0.0604,127.4
ct,1400,none,3550,M4A4,0.0547,127.4
ct,1400,none,3550,MP7,0.0472,127.4
ct,1400,none,3550,FAMAS,0.1937,127.4
ct,1400,none,3550,MAC-10,0.0,127.4
ct,1400,none,3550,AK-47,0.0141,127.4
ct,1400,none,3550,Galil AR,0.0,127.4
ct,1400,none,3550,SSG 08,0.0006,127.4
ct,1400,none,3600,MP9,0.3778,149.4
ct,1400,none,3600,M4A1-S,0.2142,149.4
ct,1400,none,3600,none,0.0469,149.4
ct,1400,none,3600,M4A4,0.1583,149.4
ct,1400,none,3600,MP7,0.0529,149.4
ct,1400,none,3600,FAMAS,0.1436,149.4
ct,1400,none,3600,MAC-10,0.0,149.4
ct,1400,none,3600,AK-47,0.0031,149.4
ct,1400,none,3600,Galil AR,0.0,149.4
ct,1400,none,3600,XM1014,0.0,149.4
ct,1400,none,3600,SSG 08,0.0031,149.4
ct,1400,none,3650,MP9,0.2591,186.2
ct,1400,none,3650,M4A1-S,0.2772,186.2
ct,1400,none,3650,none,0.012,186.2
ct,1400,none,3650,M4A4,0.2548,186.2
ct,1400,none,3650,MP7,0.0652,186.2
ct,1400,none,3650,FAMAS,0.1206,186.2
ct,1400,none,3650,MAC-10,0.0,186.2
ct,1400,none,3650,AUG,0.0054,186.2
ct,1400,none,3650,AK-47,0.0,186.2
ct,1400,none,3650,Galil AR,0.0,186.2
ct,1400,none,3650,XM1014,0.0002,186.2
ct,1400,none,3650,SSG 08,0.0054,186.2
ct,1400,none,3700,MP9,0.3197,169.9
ct,1400,none,3700,M4A1-S,0.2326,169.9
ct,1400,none,3700,FAMAS,0.1033,169.9
ct,1400,none,3700,none,0.0451,169.9
ct,1400,none,3700,M4A4,0.2099,169.9
ct,1400,none,3700,MP7,0.0538,169.9
ct,1400,none,3700,MAC-10,0.0,169.9
ct,1400,none,3700,AUG,0.0045,169.9
ct,1400,none,3700,SSG 08,0.0089,169.9
ct,1400,none,3700,AK-47,0.0,169.9
ct,1400,none,3700,Galil AR,0.0045,169.9
ct,1400,none,3700,XM1014,0.0179,169.9
ct,1400,none,3750,MP9,0.5311,119.5
ct,1400,none,3750,FAMAS,0.2035,119.5
ct,1400,none,3750,M4A1-S,0.1303,119.5
ct,1400,none,3750,none,0.025,119.5
ct,1400,none,3750,M4A4,0.0391,119.5
ct,1400,none,3750,MP7,0.0248,119.5
ct,1400,none,3750,MAC-10,0.0006,119.5
ct,1400,none,3750,AUG,0.0006,119.5
ct,1400,none,3750,SSG 08,0.0133,119.5
ct,1400,none,3750,AK-47,0.0,119.5
ct,1400,none,3750,Galil AR,0.0133,119.5
ct,1400,none,3750,MP5-SD,0.0127,119.5
ct,1400,none,3750,XM1014,0.0058,119.5
ct,1400,none,3800,MP9,0.5112,121.1
ct,1400,none,3800,FAMAS,0.219,121.1
ct,1400,none,3800,M4A1-S,0.1463,121.1
ct,1400,none,3800,none,0.0263,121.1
ct,1400,none,3800,M4A4,0.0305,121.1
ct,1400,none,3800,MP7,0.0379,121.1
ct,1400,none,3800,MAC-10,0.0047,121.1
ct,1400,none,3800,AUG,0.0,121.1
ct,1400,none,3800,SSG 08,0.0047,121.1
ct,1400,none,3800,AK-47,0.0004,121.1
ct,1400,none,3800,Galil AR,0.0093,121.1
ct,1400,none,3800,MAG-7,0.0046,121.1
ct,1400,none,3800,MP5-SD,0.0046,121.1
ct,1400,none,3800,XM1014,0.0004,121.1
ct,1400,none,3850,MP9,0.4127,111.9
ct,1400,none,3850,FAMAS,0.1953,111.9
ct,1400,none,3850,M4A1-S,0.1884,111.9
ct,1400,none,3850,M4A4,0.0863,111.9
ct,1400,none,3850,none,0.025,111.9
ct,1400,none,3850,MP7,0.046,111.9
ct,1400,none,3850,MAC-10,0.0142,111.9
ct,1400,none,3850,AUG,0.0,111.9
ct,1400,none,3850,SSG 08,0.0001,111.9
ct,1400,none,3850,AK-47,0.0035,111.9
ct,1400,none,3850,Galil AR,0.0142,111.9
ct,1400,none,3850,MAG-7,0.0142,111.9
ct,1400,none,3850,MP5-SD,0.0001,111.9
ct,1400,none,3850,XM1014,0.0,111.9
ct,1400,none,3900,MP9,0.2768,114.6
ct,1400,none,3900,AK-47,0.0191,114.6
ct,1400,none,3900,FAMAS,0.2385,114.6
ct,1400,none,3900,M4A1-S,0.199,114.6
ct,1400,none,3900,M4A4,0.1778,114.6
ct,1400,none,3900,none,0.0118,114.6
ct,1400,none,3900,MP7,0.0754,114.6
ct,1400,none,3900,MAC-10,0.0008,114.6
ct,1400,none,3900,AUG,0.0,114.6
ct,1400,none,3900,SSG 08,0.0,114.6
ct,1400,none,3900,Galil AR,0.0004,114.6
ct,1400,none,3900,MAG-7,0.0004,114.6
ct,1400,none,3900,MP5-SD,0.0,114.6
ct,1400,none,3900,XM1014,0.0,114.6
ct,1400,none,3950,MP9,0.1862,178.6
ct,1400,none,3950,AK-47,0.0063,178.6
ct,1400,none,3950,FAMAS,0.1621,178.6
ct,1400,none,3950,M4A1-S,0.3272,178.6
ct,1400,none,3950,M4A4,0.2757,178.6
ct,1400,none,3950,none,0.029,178.6
ct,1400,none,3950,MP7,0.0078,178.6
ct,1400,none,3950,MAC-10,0.0058,178.6
ct,1400,none,3950,AUG,0.0,178.6
ct,1400,none,3950,SSG 08,0.0,178.6
ct,1400,none,3950,Galil AR,0.0,178.6
ct,1400,none,3950,MAG-7,0.0,178.6
ct,1400,none,3950,MP5-SD,0.0,178.6
ct,1400,none,3950,XM1014,0.0,178.6
ct,1400,none,4000,MP9,0.2137,157.8
ct,1400,none,4000,AK-47,0.0044,157.8
ct,1400,none,4000,FAMAS,0.1623,157.8
ct,1400,none,4000,M4A1-S,0.2883,157.8
ct,1400,none,4000,M4A4,0.2841,157.8
ct,1400,none,4000,none,0.0214,157.8
ct,1400,none,4000,MP7,0.0133,157.8
ct,1400,none,4000,MAC-10,0.0042,157.8
ct,1400,none,4000,AUG,0.0,157.8
ct,1400,none,4000,SSG 08,0.0,157.8
ct,1400,none,4000,Galil AR,0.0042,157.8
ct,1400,none,4000,MAG-7,0.0,157.8
ct,1400,none,4000,MP5-SD,0.0042,157.8
ct,1400,none,4000,XM1014,0.0,157.8
ct,1400,none,4050,MP9,0.2147,150.6
ct,1400,none,4050,AK-47,0.0045,150.6
ct,1400,none,4050,FAMAS,0.2457,150.6
ct,1400,none,4050,M4A1-S,0.2539,150.6
ct,1400,none,4050,M4A4,0.197,150.6
ct,1400,none,4050,none,0.0263,150.6
ct,1400,none,4050,MP7,0.0357,150.6
ct,1400,none,4050,MAC-10,0.0014,150.6
ct,1400,none,4050,AUG,0.0,150.6
ct,1400,none,4050,SSG 08,0.0,150.6
ct,1400,none,4050,Galil AR,0.0104,150.6
ct,1400,none,4050,MAG-7,0.0,150.6
ct,1400,none,4050,MP5-SD,0.0104,150.6
ct,1400,none,4050,XM1014,0.0,150.6
ct,1400,none,4100,MP9,0.1928,108.5
ct,1400,none,4100,AK-47,0.0213,108.5
ct,1400,none,4100,FAMAS,0.2294,108.5
ct,1400,none,4100,M4A1-S,0.2704,108.5
ct,1400,none,4100,M4A4,0.1718,108.5
ct,1400,none,4100,none,0.0359,108.5
ct,1400,none,4100,MP7,0.0678,108.5
ct,1400,none,4100,MAC-10,0.0,108.5
ct,1400,none,4100,AUG,0.0,108.5
ct,1400,none,4100,SSG 08,0.0,108.5
ct,1400,none,4100,Galil AR,0.0053,108.5
ct,1400,none,4100,MAG-7,0.0,108.5
ct,1400,none,4100,MP5-SD,0.0053,108.5
ct,1400,none,4100,XM1014,0.0,108.5
ct,1400,none,4150,MP9,0.2048,119.0
ct,1400,none,4150,AK-47,0.0523,119.0
ct,1400,none,4150,FAMAS,0.1719,119.0
ct,1400,none,4150,M4A1-S,0.2648,119.0
ct,1400,none,4150,M4A4,0.2232,119.0
ct,1400,none,4150,none,0.0305,119.0
ct,1400,none,4150,MP7,0.0513,119.0
ct,1400,none,4150,MAC-10,0.0,119.0
ct,1400,none,4150,AUG,0.0,119.0
ct,1400,none,4150,SSG 08,0.0,119.0
ct,1400,none,4150,Galil AR,0.0006,119.0
ct,1400,none,4150,MAG-7,0.0,119.0
ct,1400,none,4150,MP5-SD,0.0006,119.0
ct,1400,none,4150,XM1014,0.0,119.0
ct,1400,none,4200,MP9,0.136,103.9
ct,1400,none,4200,AK-47,0.0018,103.9
ct,1400,none,4200,FAMAS,0.0621,103.9
ct,1400,none,4200,M4A1-S,0.3989,103.9
ct,1400,none,4200,M4A4,0.3797,103.9
ct,1400,none,4200,none,0.0206,103.9
ct,1400,none,4200,MP7,0.0009,103.9
ct,1400,none,4200,MAC-10,0.0,103.9
ct,1400,none,4200,AUG,0.0,103.9
ct,1400,none,4200,SSG 08,0.0,103.9
ct,1400,none,4200,Galil AR,0.0,103.9
ct,1400,none,4200,MAG-7,0.0,103.9
ct,1400,none,4200,MP5-SD,0.0,103.9
ct,1400,none,4200,XM1014,0.0,103.9
ct,1400,none,4250,MP9,0.0795,112.7
ct,1400,none,4250,AK-47,0.0,112.7
ct,1400,none,4250,FAMAS,0.0301,112.7
ct,1400,none,4250,M4A1-S,0.3766,112.7
ct,1400,none,4250,M4A4,0.5038,112.7
ct,1400,none,4250,none,0.01,112.7
ct,1400,none,4250,MP7,0.0,112.7
ct,1400,none,4250,MAC-10,0.0,112.7
ct,1400,none,4250,AUG,0.0,112.7
ct,1400,none,4250,SSG 08,0.0,112.7
ct,1400,none,4250,Galil AR,0.0,112.7
ct,1400,none,4250,MAG-7,0.0,112.7
ct,1400,none,4250,MP5-SD,0.0,112.7
ct,1400,none,4250,XM1014,0.0,112.7
ct,1400,none,4300,MP9,0.1028,113.2
ct,1400,none,4300,AK-47,0.0002,113.2
ct,1400,none,4300,FAMAS,0.048,113.2
ct,1400,none,4300,M4A1-S,0.4011,113.2
ct,1400,none,4300,M4A4,0.4275,113.2
ct,1400,none,4300,none,0.0069,113.2
ct,1400,none,4300,MP7,0.0,113.2
ct,1400,none,4300,MAC-10,0.0,113.2
ct,1400,none,4300,AUG,0.0,113.2
ct,1400,none,4300,SSG 08,0.0,113.2
ct,1400,none,4300,Galil AR,0.0135,113.2
ct,1400,none,4300,MAG-7,0.0,113.2
ct,1400,none,4300,MP5-SD,0.0,113.2
ct,1400,none,4300,XM1014,0.0,113.2
ct,1400,none,4350,MP9,0.1325,125.8
ct,1400,none,4350,AK-47,0.0346,125.8
ct,1400,none,4350,FAMAS,0.092,125.8
ct,1400,none,4350,M4A1-S,0.332,125.8
ct,1400,none,4350,M4A4,0.379,125.8
ct,1400,none,4350,none,0.0043,125.8
ct,1400,none,4350,MP7,0.0002,125.8
ct,1400,none,4350,MAC-10,0.0,125.8
ct,1400,none,4350,AUG,0.0,125.8
ct,1400,none,4350,SSG 08,0.0,125.8
ct,1400,none,4350,Galil AR,0.0254,125.8
ct,1400,none,4350,MAG-7,0.0,125.8
ct,1400,none,4350,MP5-SD,0.0,125.8
ct,1400,none,4350,XM1014,0.0,125.8
ct,1400,none,4400,MP9,0.1403,100.6
ct,1400,none,4400,AK-47,0.0628,100.6
ct,1400,none,4400,FAMAS,0.0931,100.6
ct,1400,none,4400,M4A1-S,0.3268,100.6
ct,1400,none,4400,M4A4,0.3553,100.6
ct,1400,none,4400,none,0.0007,100.6
ct,1400,none,4400,MP7,0.0006,100.6
ct,1400,none,4400,MAC-10,0.0,100.6
ct,1400,none,4400,AUG,0.0,100.6
ct,1400,none,4400,SSG 08,0.0,100.6
ct,1400,none,4400,Galil AR,0.0204,100.6
ct,1400,none,4400,MAG-7,0.0,100.6
ct,1400,none,4400,MP5-SD,0.0,100.6
ct,1400,none,4400,XM1014,0.0,100.6
ct,1400,none,4450,MP9,0.1268,108.7
ct,1400,none,4450,AK-47,0.0627,108.7
ct,1400,none,4450,FAMAS,0.0719,108.7
ct,1400,none,4450,M4A1-S,0.3282,108.7
ct,1400,none,4450,M4A4,0.384,108.7
ct,1400,none,4450,none,0.0003,108.7
ct,1400,none,4450,MP7,0.0048,108.7
ct,1400,none,4450,MAC-10,0.0,108.7
ct,1400,none,4450,AUG,0.0104,108.7
ct,1400,none,4450,SSG 08,0.0,108.7
ct,1400,none,4450,Galil AR,0.011,108.7
ct,1400,none,4450,MAG-7,0.0,108.7
ct,1400,none,4450,MP5-SD,0.0,108.7
ct,1400,none,4450,XM1014,0.0,108.7
ct,1400,none,4500,MP9,0.0563,111.0
ct,1400,none,4500,AK-47,0.0273,111.0
ct,1400,none,4500,FAMAS,0.0269,111.0
ct,1400,none,4500,M4A1-S,0.4154,111.0
ct,1400,none,4500,M4A4,0.4548,111.0
ct,1400,none,4500,none,0.0,111.0
ct,1400,none,4500,MP7,0.0066,111.0
ct,1400,none,4500,MAC-10,0.0,111.0
ct,1400,none,4500,AUG,0.011,111.0
ct,1400,none,4500,SSG 08,0.0,111.0
ct,1400,none,4500,Galil AR,0.0017,111.0
ct,1400,none,4500,MAG-7,0.0,111.0
ct,1400,none,4500,MP5-SD,0.0,111.0
ct,1400,none,4500,XM1014,0.0,111.0
ct,1400,none,4550,MP9,0.0418,106.6
ct,1400,none,4550,AK-47,0.0107,106.6
ct,1400,none,4550,FAMAS,0.0147,106.6
ct,1400,none,4550,M4A1-S,0.4542,106.6
ct,1400,none,4550,M4A4,0.4526,106.6
ct,1400,none,4550,none,0.0,106.6
ct,1400,none,4550,MP7,0.0118,106.6
ct,1400,none,4550,MAC-10,0.0,106.6
ct,1400,none,4550,AUG,0.0071,106.6
ct,1400,none,4550,SSG 08,0.0,106.6
ct,1400,none,4550,Galil AR,0.0071,106.6
ct,1400,none,4550,MAG-7,0.0,106.6
ct,1400,none,4550,MP5-SD,0.0,106.6
ct,1400,none,4550,XM1014,0.0,106.6
ct,1400,none,4600,MP9,0.0425,109.7
ct,1400,none,4600,AK-47,0.0134,109.7
ct,1400,none,4600,FAMAS,0.0109,109.7
ct,1400,none,4600,M4A1-S,0.4551,109.7
ct,1400,none,4600,M4A4,0.4468,109.7
ct,1400,none,4600,none,0.0,109.7
ct,1400,none,4600,MP7,0.0108,109.7
ct,1400,none,4600,MAC-10,0.0014,109.7
ct,1400,none,4600,AUG,0.005,109.7
ct,1400,none,4600,SSG 08,0.0,109.7
ct,1400,none,4600,Galil AR,0.014,109.7
ct,1400,none,4600,MAG-7,0.0,109.7
ct,1400,none,4600,MP5-SD,0.0,109.7
ct,1400,none,4600,XM1014,0.0,109.7
ct,1400,none,4650,MP9,0.0634,103.1
ct,1400,none,4650,AK-47,0.019,103.1
ct,1400,none,4650,FAMAS,0.0072,103.1
ct,1400,none,4650,M4A1-S,0.4387,103.1
ct,1400,none,4650,M4A4,0.4386,103.1
ct,1400,none,4650,none,0.0,103.1
ct,1400,none,4650,MP7,0.0079,103.1
ct,1400,none,4650,MAC-10,0.0079,103.1
ct,1400,none,4650,AUG,0.003,103.1
ct,1400,none,4650,SSG 08,0.0,103.1
ct,1400,none,4650,Galil AR,0.0143,103.1
ct,1400,none,4650,MAG-7,0.0,103.1
ct,1400,none,4650,MP5-SD,0.0,103.1
ct,1400,none,4650,XM1014,0.0,103.1
ct,1400,none,4700,MP9,0.0548,113.2
ct,1400,none,4700,AK-47,0.0284,113.2
ct,1400,none,4700,M4A4,0.4095,113.2
ct,1400,none,4700,M4A1-S,0.4785,113.2
ct,1400,none,4700,FAMAS,0.0057,113.2
ct,1400,none,4700,none,0.0,113.2
ct,1400,none,4700,MP7,0.0033,113.2
ct,1400,none,4700,MAC-10,0.0114,113.2
ct,1400,none,4700,AUG,0.0011,113.2
ct,1400,none,4700,SSG 08,0.0,113.2
ct,1400,none,4700,Galil AR,0.0072,113.2
ct,1400,none,4700,MAG-7,0.0,113.2
ct,1400,none,4700,MP5-SD,0.0,113.2
ct,1400,none,4700,XM1014,0.0,113.2
ct,1400,none,4750,MP9,0.0497,106.1
ct,1400,none,4750,AK-47,0.0349,106.1
ct,1400,none,4750,M4A4,0.3964,106.1
ct,1400,none,4750,M4A1-S,0.4918,106.1
ct,1400,none,4750,FAMAS,0.0086,106.1
ct,1400,none,4750,none,0.0001,106.1
ct,1400,none,4750,MP7,0.0017,106.1
ct,1400,none,4750,MAC-10,0.0123,106.1
ct,1400,none,4750,AUG,0.0005,106.1
ct,1400,none,4750,SSG 08,0.0,106.1
ct,1400,none,4750,Galil AR,0.004,106.1
ct,1400,none,4750,MAG-7,0.0,106.1
ct,1400,none,4750,AWP,0.0,106.1
ct,1400,none,4750,MP5-SD,0.0,106.1
ct,1400,none,4750,XM1014,0.0,106.1
ct,1400,none,4800,MP9,0.0458,102.7
ct,1400,none,4800,AK-47,0.0298,102.7
ct,1400,none,4800,M4A4,0.4017,102.7
ct,1400,none,4800,M4A1-S,0.4923,102.7
ct,1400,none,4800,FAMAS,0.0126,102.7
ct,1400,none,4800,none,0.0014,102.7
ct,1400,none,4800,MP7,0.0014,102.7
ct,1400,none,4800,MAC-10,0.0113,102.7
ct,1400,none,4800,AUG,0.0005,102.7
ct,1400,none,4800,SSG 08,0.0,102.7
ct,1400,none,4800,Galil AR,0.0032,102.7
ct,1400,none,4800,MAG-7,0.0,102.7
ct,1400,none,4800,AWP,0.0,102.7
ct,1400,none,4800,MP5-SD,0.0,102.7
ct,1400,none,4800,XM1014,0.0,102.7
ct,1400,none,4850,MP9,0.0368,106.6
ct,1400,none,4850,M4A1-S,0.5329,106.6
ct,1400,none,4850,AK-47,0.0227,106.6
ct,1400,none,4850,M4A4,0.3778,106.6
ct,1400,none,4850,FAMAS,0.0132,106.6
ct,1400,none,4850,none,0.0038,106.6
ct,1400,none,4850,MP7,0.0009,106.6
ct,1400,none,4850,MAC-10,0.0093,106.6
ct,1400,none,4850,AUG,0.0003,106.6
ct,1400,none,4850,SSG 08,0.0,106.6
ct,1400,none,4850,Galil AR,0.0023,106.6
ct,1400,none,4850,MAG-7,0.0,106.6
ct,1400,none,4850,AWP,0.0,106.6
ct,1400,none,4850,MP5-SD,0.0,106.6
ct,1400,none,4850,XM1014,0.0,106.6
ct,1400,none,4900,MP9,0.0222,107.1
ct,1400,none,4900,M4A1-S,0.5118,107.1
ct,1400,none,4900,AK-47,0.0181,107.1
ct,1400,none,4900,M4A4,0.4232,107.1
ct,1400,none,4900,FAMAS,0.0118,107.1
ct,1400,none,4900,none,0.0058,107.1
ct,1400,none,4900,MP7,0.0002,107.1
ct,1400,none,4900,MAC-10,0.0058,107.1
ct,1400,none,4900,AUG,0.0,107.1
ct,1400,none,4900,SSG 08,0.0,107.1
ct,1400,none,4900,Galil AR,0.0011,107.1
ct,1400,none,4900,MAG-7,0.0,107.1
ct,1400,none,4900,AWP,0.0,107.1
ct,1400,none,4900,MP5-SD,0.0,107.1
ct,1400,none,4900,XM1014,0.0,107.1
ct,1400,none,4950,MP9,0.0185,105.2
ct,1400,none,4950,M4A1-S,0.4995,105.2
ct,1400,none,4950,AK-47,0.0188,105.2
ct,1400,none,4950,M4A4,0.4358,105.2
ct,1400,none,4950,FAMAS,0.0103,105.2
ct,1400,none,4950,none,0.0103,105.2
ct,1400,none,4950,MP7,0.0001,105.2
ct,1400,none,4950,MAC-10,0.0042,105.2
ct,1400,none,4950,AUG,0.0,105.2
ct,1400,none,4950,SSG 08,0.0,105.2
ct,1400,none,4950,Galil AR,0.0025,105.2
ct,1400,none,4950,MAG-7,0.0,105.2
ct,1400,none,4950,AWP,0.0,105.2
ct,1400,none,4950,MP5-SD,0.0,105.2
ct,1400,none,4950,XM1014,0.0,105.2
ct,1400,none,5000,MP9,0.0071,107.7
ct,1400,none,5000,M4A1-S,0.4717,107.7
ct,1400,none,5000,AK-47,0.0137,107.7
ct,1400,none,5000,M4A4,0.4866,107.7
ct,1400,none,5000,FAMAS,0.0053,107.7
ct,1400,none,5000,none,0.0121,107.7
ct,1400,none,5000,MP7,0.0,107.7
ct,1400,none,5000,MAC-10,0.001,107.7
ct,1400,none,5000,AUG,0.0,107.7
ct,1400,none,5000,SSG 08,0.0,107.7
ct,1400,none,5000,Galil AR,0.0026,107.7
ct,1400,none,5000,MAG-7,0.0,107.7
ct,1400,none,5000,AWP,0.0,107.7
ct,1400,none,5000,MP5-SD,0.0,107.7
ct,1400,none,5000,XM1014,0.0,107.7
ct,1400,none,5050,MP9,0.0096,106.8
ct,1400,none,5050,M4A1-S,0.4317,106.8
ct,1400,none,5050,AK-47,0.0135,106.8
ct,1400,none,5050,M4A4,0.4879,106.8
ct,1400,none,5050,FAMAS,0.0031,106.8
ct,1400,none,5050,none,0.0128,106.8
ct,1400,none,5050,MP7,0.0,106.8
ct,1400,none,5050,MAC-10,0.0006,106.8
ct,1400,none,5050,AUG,0.0,106.8
ct,1400,none,5050,SSG 08,0.0,106.8
ct,1400,none,5050,Galil AR,0.0058,106.8
ct,1400,none,5050,MAG-7,0.0,106.8
ct,1400,none,5050,AWP,0.035,106.8
ct,1400,none,5050,MP5-SD,0.0,106.8
ct,1400,none,5050,XM1014,0.0,106.8
ct,1400,none,5100,MP9,0.0154,101.1
ct,1400,none,5100,M4A1-S,0.4004,101.1
ct,1400,none,5100,AK-47,0.0128,101.1
ct,1400,none,5100,M4A4,0.4957,101.1
ct,1400,none,5100,FAMAS,0.002,101.1
ct,1400,none,5100,none,0.0129,101.1
ct,1400,none,5100,MP7,0.0,101.1
ct,1400,none,5100,MAC-10,0.0003,101.1
ct,1400,none,5100,AUG,0.0,101.1
ct,1400,none,5100,SSG 08,0.0,101.1
ct,1400,none,5100,AWP,0.0508,101.1
ct,1400,none,5100,Galil AR,0.0096,101.1
ct,1400,none,5100,MAG-7,0.0,101.1
ct,1400,none,5100,MP5-SD,0.0,101.1
ct,1400,none,5100,XM1014,0.0,101.1
ct,1400,none,5150,MP9,0.0237,104.0
ct,1400,none,5150,M4A1-S,0.3856,104.0
ct,1400,none,5150,AK-47,0.0125,104.0
ct,1400,none,5150,M4A4,0.4929,104.0
ct,1400,none,5150,FAMAS,0.0017,104.0
ct,1400,none,5150,none,0.0142,104.0
ct,1400,none,5150,MP7,0.0,104.0
ct,1400,none,5150,MAC-10,0.0004,104.0
ct,1400,none,5150,AUG,0.0,104.0
ct,1400,none,5150,SSG 08,0.0,104.0
ct,1400,none,5150,AWP,0.057,104.0
ct,1400,none,5150,Galil AR,0.012,104.0
ct,1400,none,5150,MAG-7,0.0,104.0
ct,1400,none,5150,MP5-SD,0.0,104.0
ct,1400,none,5150,XM1014,0.0,104.0
ct,1400,none,5200,MP9,0.0221,100.6
ct,1400,none,5200,M4A1-S,0.3704,100.6
ct,1400,none,5200,M4A4,0.5192,100.6
ct,1400,none,5200,AK-47,0.0179,100.6
ct,1400,none,5200,FAMAS,0.0,100.6
ct,1400,none,5200,none,0.0048,100.6
ct,1400,none,5200,MP7,0.0,100.6
ct,1400,none,5200,MAC-10,0.0,100.6
ct,1400,none,5200,AUG,0.0,100.6
ct,1400,none,5200,SSG 08,0.0,100.6
ct,1400,none,5200,AWP,0.0515,100.6
ct,1400,none,5200,Galil AR,0.0141,100.6
ct,1400,none,5200,MAG-7,0.0,100.6
ct,1400,none,5200,MP5-SD,0.0,100.6
ct,1400,none,5200,XM1014,0.0,100.6
ct,1400,none,5250,MP9,0.0238,104.4
ct,1400,none,5250,M4A1-S,0.3665,104.4
ct,1400,none,5250,M4A4,0.5181,104.4
ct,1400,none,5250,AK-47,0.0134,104.4
ct,1400,none,5250,FAMAS,0.0,104.4
ct,1400,none,5250,none,0.0047,104.4
ct,1400,none,5250,MP7,0.0,104.4
ct,1400,none,5250,MAC-10,0.0,104.4
ct,1400,none,5250,AUG,0.0,104.4
ct,1400,none,5250,SSG 08,0.0,104.4
ct,1400,none,5250,AWP,0.0622,104.4
ct,1400,none,5250,Galil AR,0.0112,104.4
ct,1400,none,5250,MAG-7,0.0,104.4
ct,1400,none,5250,MP5-SD,0.0,104.4
ct,1400,none,5250,XM1014,0.0,104.4
ct,1400,none,5300,MP9,0.0246,101.8
ct,1400,none,5300,M4A1-S,0.3578,101.8
ct,1400,none,5300,M4A4,0.5373,101.8
ct,1400,none,5300,AK-47,0.0106,101.8
ct,1400,none,5300,FAMAS,0.0,101.8
ct,1400,none,5300,none,0.0085,101.8
ct,1400,none,5300,MP7,0.0,101.8
ct,1400,none,5300,MAC-10,0.0,101.8
ct,1400,none,5300,AUG,0.0,101.8
ct,1400,none,5300,SSG 08,0.0,101.8
ct,1400,none,5300,AWP,0.0542,101.8
ct,1400,none,5300,Galil AR,0.0071,101.8
ct,1400,none,5300,MAG-7,0.0,101.8
ct,1400,none,5300,MP5-SD,0.0,101.8
ct,1400,none,5300,XM1014,0.0,101.8
ct,1400,none,5350,MP9,0.0271,107.5
ct,1400,none,5350,M4A1-S,0.3582,107.5
ct,1400,none,5350,M4A4,0.5425,107.5
ct,1400,none,5350,AK-47,0.012,107.5
ct,1400,none,5350,FAMAS,0.0,107.5
ct,1400,none,5350,none,0.0155,107.5
ct,1400,none,5350,MP7,0.0,107.5
ct,1400,none,5350,MAC-10,0.0,107.5
ct,1400,none,5350,AUG,0.0,107.5
ct,1400,none,5350,SSG 08,0.0,107.5
ct,1400,none,5350,AWP,0.0406,107.5
ct,1400,none,5350,Galil AR,0.0041,107.5
ct,1400,none,5350,MAG-7,0.0,107.5
ct,1400,none,5350,MP5-SD,0.0,107.5
ct,1400,none,5350,XM1014,0.0,107.5
ct,1400,none,5400,MP9,0.0274,104.6
ct,1400,none,5400,M4A1-S,0.3741,104.6
ct,1400,none,5400,M4A4,0.5155,104.6
ct,1400,none,5400,AK-47,0.0245,104.6
ct,1400,none,5400,FAMAS,0.0,104.6
ct,1400,none,5400,none,0.0209,104.6
ct,1400,none,5400,MP7,0.0,104.6
ct,1400,none,5400,MAC-10,0.0,104.6
ct,1400,none,5400,AWP,0.0364,104.6
ct,1400,none,5400,AUG,0.0,104.6
ct,1400,none,5400,SSG 08,0.0,104.6
ct,1400,none,5400,Galil AR,0.0011,104.6
ct,1400,none,5400,MAG-7,0.0,104.6
ct,1400,none,5400,MP5-SD,0.0,104.6
ct,1400,none,5400,XM1014,0.0,104.6
ct,1400,none,5450,MP9,0.0291,107.3
ct,1400,none,5450,M4A1-S,0.3811,107.3
ct,1400,none,5450,M4A4,0.5045,107.3
ct,1400,none,5450,AK-47,0.027,107.3
ct,1400,none,5450,FAMAS,0.0,107.3
ct,1400,none,5450,none,0.0228,107.3
ct,1400,none,5450,MP7,0.0,107.3
ct,1400,none,5450,MAC-10,0.0,107.3
ct,1400,none,5450,AWP,0.0349,107.3
ct,1400,none,5450,AUG,0.0,107.3
ct,1400,none,5450,SSG 08,0.0,107.3
ct,1400,none,5450,Galil AR,0.0006,107.3
ct,1400,none,5450,MAG-7,0.0,107.3
ct,1400,none,5450,MP5-SD,0.0,107.3
ct,1400,none,5450,XM1014,0.0,107.3
ct,1400,none,5500,MP9,0.0269,109.2
ct,1400,none,5500,M4A1-S,0.3747,109.2
ct,1400,none,5500,M4A4,0.5191,109.2
ct,1400,none,5500,AK-47,0.0256,109.2
ct,1400,none,5500,FAMAS,0.0,109.2
ct,1400,none,5500,none,0.0211,109.2
ct,1400,none,5500,MP7,0.0,109.2
ct,1400,none,5500,MAC-10,0.0,109.2
ct,1400,none,5500,AWP,0.0323,109.2
ct,1400,none,5500,AUG,0.0,109.2
ct,1400,none,5500,SSG 08,0.0,109.2
ct,1400,none,5500,Galil AR,0.0003,109.2
ct,1400,none,5500,MAG-7,0.0,109.2
ct,1400,none,5500,MP5-SD,0.0,109.2
ct,1400,none,5500,XM1014,0.0,109.2
ct,1400,none,5550,MP9,0.0228,102.3
ct,1400,none,5550,M4A1-S,0.359,102.3
ct,1400,none,5550,M4A4,0.5485,102.3
ct,1400,none,5550,AK-47,0.0239,102.3
ct,1400,none,5550,FAMAS,0.0,102.3
ct,1400,none,5550,none,0.018,102.3
ct,1400,none,5550,MP7,0.0,102.3
ct,1400,none,5550,MAC-10,0.0,102.3
ct,1400,none,5550,AWP,0.0278,102.3
ct,1400,none,5550,AUG,0.0,102.3
ct,1400,none,5550,SSG 08,0.0,102.3
ct,1400,none,5550,Galil AR,0.0001,102.3
ct,1400,none,5550,MAG-7,0.0,102.3
ct,1400,none,5550,MP5-SD,0.0,102.3
ct,1400,none,5550,XM1014,0.0,102.3
ct,1400,none,5600,MP9,0.0111,101.4
ct,1400,none,5600,M4A1-S,0.3544,101.4
ct,1400,none,5600,M4A4,0.5795,101.4
ct,1400,none,5600,AK-47,0.031,101.4
ct,1400,none,5600,FAMAS,0.0,101.4
ct,1400,none,5600,none,0.0088,101.4
ct,1400,none,5600,AUG,0.0001,101.4
ct,1400,none,5600,MP7,0.0,101.4
ct,1400,none,5600,MAC-10,0.0,101.4
ct,1400,none,5600,AWP,0.0153,101.4
ct,1400,none,5600,SSG 08,0.0,101.4
ct,1400,none,5600,Galil AR,0.0,101.4
ct,1400,none,5600,MAG-7,0.0,101.4
ct,1400,none,5600,MP5-SD,0.0,101.4
ct,1400,none,5600,XM1014,0.0,101.4
ct,1400,none,5650,MP9,0.0046,100.2
ct,1400,none,5650,M4A1-S,0.3502,100.2
ct,1400,none,5650,M4A4,0.6011,100.2
ct,1400,none,5650,AK-47,0.0331,100.2
ct,1400,none,5650,FAMAS,0.0,100.2
ct,1400,none,5650,none,0.0038,100.2
ct,1400,none,5650,AUG,0.0003,100.2
ct,1400,none,5650,MP7,0.0,100.2
ct,1400,none,5650,MAC-10,0.0,100.2
ct,1400,none,5650,AWP,0.0069,100.2
ct,1400,none,5650,SSG 08,0.0,100.2
ct,1400,none,5650,Galil AR,0.0,100.2
ct,1400,none,5650,MAG-7,0.0,100.2
ct,1400,none,5650,MP5-SD,0.0,100.2
ct,1400,none,5650,XM1014,0.0,100.2
ct,1400,none,5700,MP9,0.0014,100.2
ct,1400,none,5700,M4A1-S,0.3635,100.2
ct,1400,none,5700,M4A4,0.5806,100.2
ct,1400,none,5700,AK-47,0.0362,100.2
ct,1400,none,5700,FAMAS,0.0,100.2
ct,1400,none,5700,none,0.0012,100.2
ct,1400,none,5700,AUG,0.0011,100.2
ct,1400,none,5700,MP7,0.0,100.2
ct,1400,none,5700,MAC-10,0.0,100.2
ct,1400,none,5700,AWP,0.0159,100.2
ct,1400,none,5700,SSG 08,0.0,100.2
ct,1400,none,5700,Galil AR,0.0,100.2
ct,1400,none,5700,MAG-7,0.0,100.2
ct,1400,none,5700,MP5-SD,0.0,100.2
ct,1400,none,5700,XM1014,0.0,100.2
ct,1400,none,5750,MP9,0.0007,107.6
ct,1400,none,5750,M4A1-S,0.3738,107.6
ct,1400,none,5750,M4A4,0.5654,107.6
ct,1400,none,5750,AK-47,0.0387,107.6
ct,1400,none,5750,FAMAS,0.0,107.6
ct,1400,none,5750,none,0.0007,107.6
ct,1400,none,5750,AUG,0.0041,107.6
ct,1400,none,5750,MP7,0.0,107.6
ct,1400,none,5750,AWP,0.0165,107.6
ct,1400,none,5750,MAC-10,0.0,107.6
ct,1400,none,5750,SSG 08,0.0,107.6
ct,1400,none,5750,Galil AR,0.0,107.6
ct,1400,none,5750,MAG-7,0.0,107.6
ct,1400,none,5750,MP5-SD,0.0,107.6
ct,1400,none,5750,XM1014,0.0,107.6
ct,1400,none,5800,MP9,0.0001,102.1
ct,1400,none,5800,M4A1-S,0.3661,102.1
ct,1400,none,5800,M4A4,0.5731,102.1
ct,1400,none,5800,AK-47,0.0377,102.1
ct,1400,none,5800,FAMAS,0.0,102.1
ct,1400,none,5800,none,0.0003,102.1
ct,1400,none,5800,AUG,0.0075,102.1
ct,1400,none,5800,MP7,0.0,102.1
ct,1400,none,5800,AWP,0.0151,102.1
ct,1400,none,5800,MAC-10,0.0,102.1
ct,1400,none,5800,SSG 08,0.0,102.1
ct,1400,none,5800,Galil AR,0.0,102.1
ct,1400,none,5800,MAG-7,0.0,102.1
ct,1400,none,5800,MP5-SD,0.0,102.1
ct,1400,none,5800,XM1014,0.0,102.1
ct,1400,none,5850,MP9,0.0,109.8
ct,1400,none,5850,M4A1-S,0.3644,109.8
ct,1400,none,5850,M4A4,0.5672,109.8
ct,1400,none,5850,AK-47,0.0319,109.8
ct,1400,none,5850,FAMAS,0.0,109.8
ct,1400,none,5850,none,0.0012,109.8
ct,1400,none,5850,AUG,0.0121,109.8
ct,1400,none,5850,MP7,0.0,109.8
ct,1400,none,5850,AWP,0.0232,109.8
ct,1400,none,5850,MAC-10,0.0,109.8
ct,1400,none,5850,SSG 08,0.0,109.8
ct,1400,none,5850,Galil AR,0.0,109.8
ct,1400,none,5850,MAG-7,0.0,109.8
ct,1400,none,5850,MP5-SD,0.0,109.8
ct,1400,none,5850,XM1014,0.0,109.8
ct,1400,none,5900,MP9,0.0,113.2
ct,1400,none,5900,M4A1-S,0.3543,113.2
ct,1400,none,5900,M4A4,0.5646,113.2
ct,1400,none,5900,AK-47,0.0277,113.2
ct,1400,none,5900,FAMAS,0.0,113.2
ct,1400,none,5900,none,0.0033,113.2
ct,1400,none,5900,AUG,0.0132,113.2
ct,1400,none,5900,MP7,0.0,113.2
ct,1400,none,5900,AWP,0.037,113.2
ct,1400,none,5900,MAC-10,0.0,113.2
ct,1400,none,5900,SSG 08,0.0,113.2
ct,1400,none,5900,Galil AR,0.0,113.2
ct,1400,none,5900,MAG-7,0.0,113.2
ct,1400,none,5900,MP5-SD,0.0,113.2
ct,1400,none,5900,XM1014,0.0,113.2
ct,1400,none,5950,MP9,0.0,111.9
ct,1400,none,5950,M4A1-S,0.3588,111.9
ct,1400,none,5950,M4A4,0.5599,111.9
ct,1400,none,5950,AK-47,0.0291,111.9
ct,1400,none,5950,FAMAS,0.0,111.9
ct,1400,none,5950,none,0.0066,111.9
ct,1400,none,5950,AUG,0.0105,111.9
ct,1400,none,5950,MP7,0.0,111.9
ct,1400,none,5950,AWP,0.0351,111.9
ct,1400,none,5950,MAC-10,0.0,111.9
ct,1400,none,5950,SSG 08,0.0,111.9
ct,1400,none,5950,Galil AR,0.0,111.9
ct,1400,none,5950,MAG-7,0.0,111.9
ct,1400,none,5950,MP5-SD,0.0,111.9
ct,1400,none,5950,XM1014,0.0,111.9
ct,1400,none,6000,MP9,0.0,106.5
ct,1400,none,6000,M4A1-S,0.3685,106.5
ct,1400,none,6000,M4A4,0.5431,106.5
ct,1400,none,6000,AK-47,0.0354,106.5
ct,1400,none,6000,FAMAS,0.0,106.5
ct,1400,none,6000,none,0.0104,106.5
ct,1400,none,6000,AUG,0.0059,106.5
ct,1400,none,6000,MP7,0.0,106.5
ct,1400,none,6000,AWP,0.0368,106.5
ct,1400,none,6000,MAC-10,0.0,106.5
ct,1400,none,6000,SSG 08,0.0,106.5
ct,1400,none,6000,Galil AR,0.0,106.5
ct,1400,none,6000,MAG-7,0.0,106.5
ct,1400,none,6000,MP5-SD,0.0,106.5
ct,1400,none,6000,XM1014,0.0,106.5
ct,1400,none,6050,MP9,0.0,101.5
ct,1400,none,6050,M4A1-S,0.4049,101.5
ct,1400,none,6050,M4A4,0.5059,101.5
ct,1400,none,6050,AK-47,0.0483,101.5
ct,1400,none,6050,FAMAS,0.0,101.5
ct,1400,none,6050,none,0.0138,101.5
ct,1400,none,6050,AUG,0.0016,101.5
ct,1400,none,6050,MP7,0.0,101.5
ct,1400,none,6050,AWP,0.0254,101.5
ct,1400,none,6050,MAC-10,0.0,101.5
ct,1400,none,6050,SSG 08,0.0,101.5
ct,1400,none,6050,Galil AR,0.0,101.5
ct,1400,none,6050,MAG-7,0.0,101.5
ct,1400,none,6050,MP5-SD,0.0,101.5
ct,1400,none,6050,XM1014,0.0,101.5
ct,1400,none,6100,MP9,0.0,106.0
ct,1400,none,6100,M4A1-S,0.3958,106.0
ct,1400,none,6100,M4A4,0.5162,106.0
ct,1400,none,6100,AK-47,0.0609,106.0
ct,1400,none,6100,FAMAS,0.0,106.0
ct,1400,none,6100,none,0.0107,106.0
ct,1400,none,6100,AUG,0.0016,106.0
ct,1400,none,6100,MP7,0.0,106.0
ct,1400,none,6100,AWP,0.0148,106.0
ct,1400,none,6100,MAC-10,0.0,106.0
ct,1400,none,6100,SSG 08,0.0,106.0
ct,1400,none,6100,Galil AR,0.0,106.0
ct,1400,none,6100,MAG-7,0.0,106.0
ct,1400,none,6100,MP5-SD,0.0,106.0
ct,1400,none,6100,XM1014,0.0,106.0
ct,1400,none,6150,MP9,0.0,102.3
ct,1400,none,6150,M4A1-S,0.3795,102.3
ct,1400,none,6150,M4A4,0.5285,102.3
ct,1400,none,6150,AK-47,0.0705,102.3
ct,1400,none,6150,FAMAS,0.0,102.3
ct,1400,none,6150,none,0.0063,102.3
ct,1400,none,6150,AUG,0.0049,102.3
ct,1400,none,6150,MP7,0.0,102.3
ct,1400,none,6150,AWP,0.0103,102.3
ct,1400,none,6150,MAC-10,0.0,102.3
ct,1400,none,6150,SSG 08,0.0,102.3
ct,1400,none,6150,Galil AR,0.0,102.3
ct,1400,none,6150,MAG-7,0.0,102.3
ct,1400,none,6150,MP5-SD,0.0,102.3
ct,1400,none,6150,XM1014,0.0,102.3
ct,1400,none,6200,MP9,0.0005,111.5
ct,1400,none,6200,M4A1-S,0.3584,111.5
ct,1400,none,6200,M4A4,0.5336,111.5
ct,1400,none,6200,AK-47,0.069,111.5
ct,1400,none,6200,FAMAS,0.0,111.5
ct,1400,none,6200,none,0.0078,111.5
ct,1400,none,6200,AUG,0.0102,111.5
ct,1400,none,6200,MP7,0.0,111.5
ct,1400,none,6200,AWP,0.0204,111.5
ct,1400,none,6200,MAC-10,0.0,111.5
ct,1400,none,6200,SSG 08,0.0,111.5
ct,1400,none,6200,Galil AR,0.0,111.5
ct,1400,none,6200,MAG-7,0.0,111.5
ct,1400,none,6200,MP5-SD,0.0,111.5
ct,1400,none,6200,XM1014,0.0,111.5
ct,1400,none,6250,MP9,0.0022,107.7
ct,1400,none,6250,M4A1-S,0.3297,107.7
ct,1400,none,6250,M4A4,0.535,107.7
ct,1400,none,6250,AK-47,0.0668,107.7
ct,1400,none,6250,FAMAS,0.0,107.7
ct,1400,none,6250,none,0.0113,107.7
ct,1400,none,6250,AUG,0.013,107.7
ct,1400,none,6250,MP7,0.0,107.7
ct,1400,none,6250,AWP,0.042,107.7
ct,1400,none,6250,MAC-10,0.0,107.7
ct,1400,none,6250,SSG 08,0.0,107.7
ct,1400,none,6250,Galil AR,0.0,107.7
ct,1400,none,6250,MAG-7,0.0,107.7
ct,1400,none,6250,MP5-SD,0.0,107.7
ct,1400,none,6250,XM1014,0.0,107.7
ct,1400,none,6300,MP9,0.0062,102.7
ct,1400,none,6300,M4A1-S,0.291,102.7
ct,1400,none,6300,M4A4,0.5536,102.7
ct,1400,none,6300,AK-47,0.0695,102.7
ct,1400,none,6300,FAMAS,0.0,102.7
ct,1400,none,6300,none,0.0137,102.7
ct,1400,none,6300,AUG,0.0113,102.7
ct,1400,none,6300,MP7,0.0,102.7
ct,1400,none,6300,AWP,0.0546,102.7
ct,1400,none,6300,MAC-10,0.0,102.7
ct,1400,none,6300,SSG 08,0.0,102.7
ct,1400,none,6300,Galil AR,0.0,102.7
ct,1400,none,6300,MAG-7,0.0,102.7
ct,1400,none,6300,MP5-SD,0.0,102.7
ct,1400,none,6300,XM1014,0.0,102.7
ct,1400,none,6350,MP9,0.0112,105.7
ct,1400,none,6350,M4A1-S,0.2623,105.7
ct,1400,none,6350,M4A4,0.5525,105.7
ct,1400,none,6350,AK-47,0.0834,105.7
ct,1400,none,6350,FAMAS,0.0,105.7
ct,1400,none,6350,none,0.0113,105.7
ct,1400,none,6350,AUG,0.0082,105.7
ct,1400,none,6350,MP7,0.0,105.7
ct,1400,none,6350,AWP,0.0711,105.7
ct,1400,none,6350,MAC-10,0.0,105.7
ct,1400,none,6350,SSG 08,0.0,105.7
ct,1400,none,6350,Galil AR,0.0,105.7
ct,1400,none,6350,MAG-7,0.0,105.7
ct,1400,none,6350,MP5-SD,0.0,105.7
ct,1400,none,6350,XM1014,0.0,105.7
ct,1400,none,6400,MP9,0.0128,111.7
ct,1400,none,6400,M4A1-S,0.2627,111.7
ct,1400,none,6400,M4A4,0.5349,111.7
ct,1400,none,6400,AK-47,0.0916,111.7
ct,1400,none,6400,FAMAS,0.0,111.7
ct,1400,none,6400,none,0.0078,111.7
ct,1400,none,6400,AUG,0.0083,111.7
ct,1400,none,6400,MP7,0.0,111.7
ct,1400,none,6400,AWP,0.0819,111.7
ct,1400,none,6400,MAC-10,0.0,111.7
ct,1400,none,6400,SSG 08,0.0,111.7
ct,1400,none,6400,Galil AR,0.0,111.7
ct,1400,none,6400,MAG-7,0.0,111.7
ct,1400,none,6400,MP5-SD,0.0,111.7
ct,1400,none,6400,XM1014,0.0,111.7
ct,1400,none,6450,MP9,0.0121,107.2
ct,1400,none,6450,M4A1-S,0.2804,107.2
ct,1400,none,6450,M4A4,0.511,107.2
ct,1400,none,6450,AK-47,0.0925,107.2
ct,1400,none,6450,FAMAS,0.0,107.2
ct,1400,none,6450,none,0.0045,107.2
ct,1400,none,6450,AUG,0.0102,107.2
ct,1400,none,6450,MP7,0.0,107.2
ct,1400,none,6450,AWP,0.0892,107.2
ct,1400,none,6450,MAC-10,0.0,107.2
ct,1400,none,6450,SSG 08,0.0,107.2
ct,1400,none,6450,Galil AR,0.0,107.2
ct,1400,none,6450,MAG-7,0.0,107.2
ct,1400,none,6450,MP5-SD,0.0,107.2
ct,1400,none,6450,XM1014,0.0,107.2
ct,1400,none,6500,MP9,0.0088,110.4
ct,1400,none,6500,M4A1-S,0.3265,110.4
ct,1400,none,6500,M4A4,0.4961,110.4
ct,1400,none,6500,AK-47,0.08,110.4
ct,1400,none,6500,FAMAS,0.0,110.4
ct,1400,none,6500,none,0.0025,110.4
ct,1400,none,6500,AUG,0.013,110.4
ct,1400,none,6500,MP7,0.0,110.4
ct,1400,none,6500,AWP,0.0731,110.4
ct,1400,none,6500,MAC-10,0.0,110.4
ct,1400,none,6500,SSG 08,0.0,110.4
ct,1400,none,6500,Galil AR,0.0,110.4
ct,1400,none,6500,MAG-7,0.0,110.4
ct,1400,none,6500,MP5-SD,0.0,110.4
ct,1400,none,6500,XM1014,0.0,110.4
ct,1400,none,6550,MP9,0.0053,105.6
ct,1400,none,6550,M4A1-S,0.3595,105.6
ct,1400,none,6550,M4A4,0.4628,105.6
ct,1400,none,6550,AK-47,0.0624,105.6
ct,1400,none,6550,FAMAS,0.0,105.6
ct,1400,none,6550,AWP,0.0953,105.6
ct,1400,none,6550,none,0.001,105.6
ct,1400,none,6550,AUG,0.0137,105.6
ct,1400,none,6550,MP7,0.0,105.6
ct,1400,none,6550,MAC-10,0.0,105.6
ct,1400,none,6550,SSG 08,0.0,105.6
ct,1400,none,6550,Galil AR,0.0,105.6
ct,1400,none,6550,MAG-7,0.0,105.6
ct,1400,none,6550,MP5-SD,0.0,105.6
ct,1400,none,6550,XM1014,0.0,105.6
ct,1400,none,6600,MP9,0.0034,108.9
ct,1400,none,6600,M4A1-S,0.3971,108.9
ct,1400,none,6600,M4A4,0.4484,108.9
ct,1400,none,6600,AK-47,0.0496,108.9
ct,1400,none,6600,FAMAS,0.0,108.9
ct,1400,none,6600,AWP,0.0891,108.9
ct,1400,none,6600,none,0.0006,108.9
ct,1400,none,6600,AUG,0.0119,108.9
ct,1400,none,6600,MP7,0.0,108.9
ct,1400,none,6600,MAC-10,0.0,108.9
ct,1400,none,6600,SSG 08,0.0,108.9
ct,1400,none,6600,Galil AR,0.0,108.9
ct,1400,none,6600,MAG-7,0.0,108.9
ct,1400,none,6600,MP5-SD,0.0,108.9
ct,1400,none,6600,XM1014,0.0,108.9
ct,1400,none,6650,MP9,0.0021,105.0
ct,1400,none,6650,M4A1-S,0.4305,105.0
ct,1400,none,6650,M4A4,0.4364,105.0
ct,1400,none,6650,AK-47,0.0404,105.0
ct,1400,none,6650,FAMAS,0.0,105.0
ct,1400,none,6650,AWP,0.081,105.0
ct,1400,none,6650,none,0.0002,105.0
ct,1400,none,6650,AUG,0.0094,105.0
ct,1400,none,6650,MP7,0.0,105.0
ct,1400,none,6650,MAC-10,0.0,105.0
ct,1400,none,6650,SSG 08,0.0,105.0
ct,1400,none,6650,Galil AR,0.0,105.0
ct,1400,none,6650,MAG-7,0.0,105.0
ct,1400,none,6650,MP5-SD,0.0,105.0
ct,1400,none,6650,XM1014,0.0,105.0
ct,1400,none,6700,MP9,0.0021,105.4
ct,1400,none,6700,M4A1-S,0.4419,105.4
ct,1400,none,6700,M4A4,0.4232,105.4
ct,1400,none,6700,AK-47,0.0366,105.4
ct,1400,none,6700,FAMAS,0.0,105.4
ct,1400,none,6700,AWP,0.0899,105.4
ct,1400,none,6700,none,0.0001,105.4
ct,1400,none,6700,AUG,0.0062,105.4
ct,1400,none,6700,MP7,0.0,105.4
ct,1400,none,6700,MAC-10,0.0,105.4
ct,1400,none,6700,SSG 08,0.0,105.4
ct,1400,none,6700,Galil AR,0.0,105.4
ct,1400,none,6700,MAG-7,0.0,105.4
ct,1400,none,6700,MP5-SD,0.0,105.4
ct,1400,none,6700,XM1014,0.0,105.4
ct,1400,none,6750,MP9,0.0036,106.2
ct,1400,none,6750,M4A1-S,0.4301,106.2
ct,1400,none,6750,M4A4,0.4185,106.2
ct,1400,none,6750,AK-47,0.0382,106.2
ct,1400,none,6750,FAMAS,0.0,106.2
ct,1400,none,6750,AWP,0.1062,106.2
ct,1400,none,6750,none,0.0,106.2
ct,1400,none,6750,AUG,0.0034,106.2
ct,1400,none,6750,MP7,0.0,106.2
ct,1400,none,6750,MAC-10,0.0,106.2
ct,1400,none,6750,SSG 08,0.0,106.2
ct,1400,none,6750,Galil AR,0.0,106.2
ct,1400,none,6750,MAG-7,0.0,106.2
ct,1400,none,6750,MP5-SD,0.0,106.2
ct,1400,none,6750,XM1014,0.0,106.2
ct,1400,none,6800,MP9,0.0064,104.1
ct,1400,none,6800,M4A1-S,0.4144,104.1
ct,1400,none,6800,M4A4,0.4412,104.1
ct,1400,none,6800,AK-47,0.0446,104.1
ct,1400,none,6800,FAMAS,0.0,104.1
ct,1400,none,6800,AWP,0.0918,104.1
ct,1400,none,6800,none,0.0,104.1
ct,1400,none,6800,AUG,0.0016,104.1
ct,1400,none,6800,MP7,0.0,104.1
ct,1400,none,6800,MAC-10,0.0,104.1
ct,1400,none,6800,SSG 08,0.0,104.1
ct,1400,none,6800,Galil AR,0.0,104.1
ct,1400,none,6800,MAG-7,0.0,104.1
ct,1400,none,6800,MP5-SD,0.0,104.1
ct,1400,none,6800,XM1014,0.0,104.1
ct,1400,none,6850,MP9,0.0097,101.6
ct,1400,none,6850,M4A1-S,0.3798,101.6
ct,1400,none,6850,M4A4,0.4606,101.6
ct,1400,none,6850,AK-47,0.0507,101.6
ct,1400,none,6850,FAMAS,0.0,101.6
ct,1400,none,6850,AWP,0.0985,101.6
ct,1400,none,6850,none,0.0,101.6
ct,1400,none,6850,AUG,0.0006,101.6
ct,1400,none,6850,MP7,0.0,101.6
ct,1400,none,6850,MAC-10,0.0,101.6
ct,1400,none,6850,SSG 08,0.0,101.6
ct,1400,none,6850,Galil AR,0.0,101.6
ct,1400,none,6850,MAG-7,0.0,101.6
ct,1400,none,6850,MP5-SD,0.0,101.6
ct,1400,none,6850,XM1014,0.0,101.6
ct,1400,none,6900,MP9,0.0122,103.5
ct,1400,none,6900,M4A1-S,0.3625,103.5
ct,1400,none,6900,M4A4,0.4874,103.5
ct,1400,none,6900,AK-47,0.0557,103.5
ct,1400,none,6900,FAMAS,0.0,103.5
ct,1400,none,6900,AWP,0.0819,103.5
ct,1400,none,6900,none,0.0,103.5
ct,1400,none,6900,AUG,0.0004,103.5
ct,1400,none,6900,MP7,0.0,103.5
ct,1400,none,6900,MAC-10,0.0,103.5
ct,1400,none,6900,SSG 08,0.0,103.5
ct,1400,none,6900,Galil AR,0.0,103.5
ct,1400,none,6900,MAG-7,0.0,103.5
ct,1400,none,6900,MP5-SD,0.0,103.5
ct,1400,none,6900,XM1014,0.0,103.5
ct,1400,none,6950,MP9,0.0127,106.1
ct,1400,none,6950,M4A1-S,0.3481,106.1
ct,1400,none,6950,M4A4,0.501,106.1
ct,1400,none,6950,AK-47,0.0567,106.1
ct,1400,none,6950,FAMAS,0.0,106.1
ct,1400,none,6950,AWP,0.0812,106.1
ct,1400,none,6950,none,0.0,106.1
ct,1400,none,6950,AUG,0.0002,106.1
ct,1400,none,6950,MP7,0.0,106.1
ct,1400,none,6950,MAC-10,0.0,106.1
ct,1400,none,6950,SSG 08,0.0,106.1
ct,1400,none,6950,Galil AR,0.0,106.1
ct,1400,none,6950,MAG-7,0.0,106.1
ct,1400,none,6950,MP5-SD,0.0,106.1
ct,1400,none,6950,XM1014,0.0,106.1
ct,1400,none,7000,MP9,0.0127,101.4
ct,1400,none,7000,M4A1-S,0.3401,101.4
ct,1400,none,7000,M4A4,0.5202,101.4
ct,1400,none,7000,AK-47,0.0572,101.4
ct,1400,none,7000,FAMAS,0.0,101.4
ct,1400,none,7000,AWP,0.0697,101.4
ct,1400,none,7000,none,0.0,101.4
ct,1400,none,7000,AUG,0.0001,101.4
ct,1400,none,7000,MP7,0.0,101.4
ct,1400,none,7000,MAC-10,0.0,101.4
ct,1400,none,7000,SSG 08,0.0,101.4
ct,1400,none,7000,Galil AR,0.0,101.4
ct,1400,none,7000,MAG-7,0.0,101.4
ct,1400,none,7000,MP5-SD,0.0,101.4
ct,1400,none,7000,XM1014,0.0,101.4
ct,1400,none,7050,MP9,0.0108,105.4
ct,1400,none,7050,M4A1-S,0.3376,105.4
ct,1400,none,7050,M4A4,0.5308,105.4
ct,1400,none,7050,AK-47,0.0537,105.4
ct,1400,none,7050,FAMAS,0.0,105.4
ct,1400,none,7050,AWP,0.0669,105.4
ct,1400,none,7050,none,0.0,105.4
ct,1400,none,7050,AUG,0.0002,105.4
ct,1400,none,7050,MP7,0.0,105.4
ct,1400,none,7050,MAC-10,0.0,105.4
ct,1400,none,7050,SSG 08,0.0,105.4
ct,1400,none,7050,Galil AR,0.0,105.4
ct,1400,none,7050,MAG-7,0.0,105.4
ct,1400,none,7050,MP5-SD,0.0,105.4
ct,1400,none,7050,XM1014,0.0,105.4
ct,1400,none,7100,MP9,0.0088,102.1
ct,1400,none,7100,M4A1-S,0.3371,102.1
ct,1400,none,7100,M4A4,0.5429,102.1
ct,1400,none,7100,AK-47,0.0498,102.1
ct,1400,none,7100,FAMAS,0.0,102.1
ct,1400,none,7100,AWP,0.061,102.1
ct,1400,none,7100,none,0.0,102.1
ct,1400,none,7100,AUG,0.0004,102.1
ct,1400,none,7100,MP7,0.0,102.1
ct,1400,none,7100,MAC-10,0.0,102.1
ct,1400,none,7100,SSG 08,0.0,102.1
ct,1400,none,7100,Galil AR,0.0,102.1
ct,1400,none,7100,MAG-7,0.0,102.1
ct,1400,none,7100,MP5-SD,0.0,102.1
ct,1400,none,7100,XM1014,0.0,102.1
ct,1400,none,7150,MP9,0.0065,107.0
ct,1400,none,7150,M4A1-S,0.3372,107.0
ct,1400,none,7150,M4A4,0.5404,107.0
ct,1400,none,7150,AK-47,0.0446,107.0
ct,1400,none,7150,FAMAS,0.0,107.0
ct,1400,none,7150,AWP,0.07,107.0
ct,1400,none,7150,none,0.0,107.0
ct,1400,none,7150,AUG,0.0013,107.0
ct,1400,none,7150,MP7,0.0001,107.0
ct,1400,none,7150,MAC-10,0.0,107.0
ct,1400,none,7150,SSG 08,0.0,107.0
ct,1400,none,7150,Galil AR,0.0,107.0
ct,1400,none,7150,MAG-7,0.0,107.0
ct,1400,none,7150,MP5-SD,0.0,107.0
ct,1400,none,7150,XM1014,0.0,107.0
ct,1400,none,7200,MP9,0.0044,103.1
ct,1400,none,7200,M4A1-S,0.3421,103.1
ct,1400,none,7200,M4A4,0.5431,103.1
ct,1400,none,7200,AK-47,0.0402,103.1
ct,1400,none,7200,FAMAS,0.0,103.1
ct,1400,none,7200,AWP,0.0674,103.1
ct,1400,none,7200,none,0.0,103.1
ct,1400,none,7200,AUG,0.0025,103.1
ct,1400,none,7200,MP7,0.0003,103.1
ct,1400,none,7200,MAC-10,0.0,103.1
ct,1400,none,7200,SSG 08,0.0,103.1
ct,1400,none,7200,Galil AR,0.0,103.1
ct,1400,none,7200,MAG-7,0.0,103.1
ct,1400,none,7200,MP5-SD,0.0,103.1
ct,1400,none,7200,XM1014,0.0,103.1
ct,1400,none,7250,MP9,0.0031,107.3
ct,1400,none,7250,M4A1-S,0.3507,107.3
ct,1400,none,7250,M4A4,0.5395,107.3
ct,1400,none,7250,AK-47,0.0378,107.3
ct,1400,none,7250,FAMAS,0.0,107.3
ct,1400,none,7250,AWP,0.0632,107.3
ct,1400,none,7250,none,0.0,107.3
ct,1400,none,7250,AUG,0.0047,107.3
ct,1400,none,7250,MP7,0.0009,107.3
ct,1400,none,7250,MAC-10,0.0,107.3
ct,1400,none,7250,SSG 08,0.0,107.3
ct,1400,none,7250,Galil AR,0.0,107.3
ct,1400,none,7250,MAG-7,0.0,107.3
ct,1400,none,7250,MP5-SD,0.0,107.3
ct,1400,none,7250,XM1014,0.0,107.3
ct,1400,none,7300,MP9,0.0021,104.5
ct,1400,none,7300,M4A1-S,0.3595,104.5
ct,1400,none,7300,M4A4,0.5349,104.5
ct,1400,none,7300,AK-47,0.0357,104.5
ct,1400,none,7300,FAMAS,0.0,104.5
ct,1400,none,7300,AWP,0.0589,104.5
ct,1400,none,7300,none,0.0,104.5
ct,1400,none,7300,AUG,0.0071,104.5
ct,1400,none,7300,MP7,0.0017,104.5
ct,1400,none,7300,MAC-10,0.0,104.5
ct,1400,none,7300,SSG 08,0.0,104.5
ct,1400,none,7300,Galil AR,0.0,104.5
ct,1400,none,7300,MAG-7,0.0,104.5
ct,1400,none,7300,MP5-SD,0.0,104.5
ct,1400,none,7300,XM1014,0.0,104.5
ct,1400,none,7350,MP9,0.0018,102.9
ct,1400,none,7350,M4A1-S,0.3693,102.9
ct,1400,none,7350,M4A4,0.5273,102.9
ct,1400,none,7350,AK-47,0.0345,102.9
ct,1400,none,7350,FAMAS,0.0,102.9
ct,1400,none,7350,AWP,0.0547,102.9
ct,1400,none,7350,none,0.0,102.9
ct,1400,none,7350,AUG,0.0095,102.9
ct,1400,none,7350,MP7,0.003,102.9
ct,1400,none,7350,MAC-10,0.0,102.9
ct,1400,none,7350,SSG 08,0.0,102.9
ct,1400,none,7350,Galil AR,0.0,102.9
ct,1400,none,7350,MAG-7,0.0,102.9
ct,1400,none,7350,MP5-SD,0.0,102.9
ct,1400,none,7350,XM1014,0.0,102.9
ct,1400,none,7400,MP9,0.0021,102.5
ct,1400,none,7400,M4A1-S,0.3792,102.5
ct,1400,none,7400,M4A4,0.5173,102.5
ct,1400,none,7400,AK-47,0.0337,102.5
ct,1400,none,7400,FAMAS,0.0,102.5
ct,1400,none,7400,AWP,0.0514,102.5
ct,1400,none,7400,none,0.0,102.5
ct,1400,none,7400,AUG,0.0117,102.5
ct,1400,none,7400,MP7,0.0047,102.5
ct,1400,none,7400,MAC-10,0.0,102.5
ct,1400,none,7400,SSG 08,0.0,102.5
ct,1400,none,7400,Galil AR,0.0,102.5
ct,1400,none,7400,MAG-7,0.0,102.5
ct,1400,none,7400,MP5-SD,0.0,102.5
ct,1400,none,7400,XM1014,0.0,102.5
ct,1400,none,7450,MP9,0.003,103.3
ct,1400,none,7450,M4A1-S,0.387,103.3
ct,1400,none,7450,M4A4,0.5049,103.3
ct,1400,none,7450,AK-47,0.0326,103.3
ct,1400,none,7450,FAMAS,0.0,103.3
ct,1400,none,7450,AWP,0.0526,103.3
ct,1400,none,7450,none,0.0,103.3
ct,1400,none,7450,AUG,0.013,103.3
ct,1400,none,7450,MP7,0.0068,103.3
ct,1400,none,7450,MAC-10,0.0,103.3
ct,1400,none,7450,SSG 08,0.0,103.3
ct,1400,none,7450,Galil AR,0.0,103.3
ct,1400,none,7450,MAG-7,0.0,103.3
ct,1400,none,7450,MP5-SD,0.0,103.3
ct,1400,none,7450,XM1014,0.0,103.3
ct,1400,none,7500,MP9,0.0046,104.3
ct,1400,none,7500,M4A1-S,0.3931,104.3
ct,1400,none,7500,M4A4,0.4938,104.3
ct,1400,none,7500,AK-47,0.0311,104.3
ct,1400,none,7500,FAMAS,0.0,104.3
ct,1400,none,7500,AWP,0.0549,104.3
ct,1400,none,7500,none,0.0,104.3
ct,1400,none,7500,AUG,0.0134,104.3
ct,1400,none,7500,MP7,0.0091,104.3
ct,1400,none,7500,MAC-10,0.0,104.3
ct,1400,none,7500,SSG 08,0.0,104.3
ct,1400,none,7500,Galil AR,0.0,104.3
ct,1400,none,7500,MAG-7,0.0,104.3
ct,1400,none,7500,MP5-SD,0.0,104.3
ct,1400,none,7500,XM1014,0.0,104.3
ct,1400,none,7550,MP9,0.0066,105.5
ct,1400,none,7550,M4A1-S,0.3957,105.5
ct,1400,none,7550,M4A4,0.4853,105.5
ct,1400,none,7550,AK-47,0.0292,105.5
ct,1400,none,7550,FAMAS,0.0,105.5
ct,1400,none,7550,AWP,0.0595,105.5
ct,1400,none,7550,none,0.0,105.5
ct,1400,none,7550,AUG,0.0126,105.5
ct,1400,none,7550,MP7,0.0111,105.5
ct,1400,none,7550,MAC-10,0.0,105.5
ct,1400,none,7550,SSG 08,0.0,105.5
ct,1400,none,7550,Galil AR,0.0,105.5
ct,1400,none,7550,MAG-7,0.0,105.5
ct,1400,none,7550,MP5-SD,0.0,105.5
ct,1400,none,7550,XM1014,0.0,105.5
ct,1400,none,7600,MP9,0.0089,100.7
ct,1400,none,7600,M4A1-S,0.3972,100.7
ct,1400,none,7600,M4A4,0.477,100.7
ct,1400,none,7600,AK-47,0.027,100.7
ct,1400,none,7600,FAMAS,0.0,100.7
ct,1400,none,7600,AWP,0.0653,100.7
ct,1400,none,7600,none,0.0,100.7
ct,1400,none,7600,AUG,0.0114,100.7
ct,1400,none,7600,MP7,0.0132,100.7
ct,1400,none,7600,MAC-10,0.0,100.7
ct,1400,none,7600,SSG 08,0.0,100.7
ct,1400,none,7600,Galil AR,0.0,100.7
ct,1400,none,7600,MAG-7,0.0,100.7
ct,1400,none,7600,MP5-SD,0.0,100.7
ct,1400,none,7600,XM1014,0.0,100.7
ct,1900,none,800,none,1.0,1578.0
ct,1900,none,850,none,1.0,1578.0
ct,1900,none,900,none,1.0,1578.0
ct,1900,none,950,none,1.0,1578.0
ct,1900,none,1000,none,1.0,1578.0
ct,1900,none,1050,none,1.0,1578.0
ct,1900,none,1100,none,1.0,1579.0
ct,1900,none,1150,none,1.0,212.8
ct,1900,none,1200,none,1.0,137.7
ct,1900,none,1250,none,1.0,249.0
ct,1900,none,1250,MP9,0.0,249.0
ct,1900,none,1300,none,1.0,178.6
ct,1900,none,1300,MP9,0.0,178.6
ct,1900,none,1350,none,1.0,167.8
ct,1900,none,1350,MP9,0.0,167.8
ct,1900,none,1400,none,1.0,151.9
ct,1900,none,1400,MP9,0.0,151.9
ct,1900,none,1450,none,0.9886,116.0
ct,1900,none,1450,MP9,0.0114,116.0
ct,1900,none,1500,none,0.9881,108.1
ct,1900,none,1500,MP9,0.0119,108.1
ct,1900,none,1550,none,0.988,106.5
ct,1900,none,1550,MP9,0.012,106.5
ct,1900,none,1600,none,0.9877,100.2
ct,1900,none,1600,MP9,0.0123,100.2
ct,1900,none,1650,none,0.9888,101.4
ct,1900,none,1650,MP9,0.0112,101.4
ct,1900,none,1700,none,0.9644,101.4
ct,1900,none,1700,SSG 08,0.0253,101.4
ct,1900,none,1700,MP9,0.0103,101.4
ct,1900,none,1750,none,0.9669,102.4
ct,1900,none,1750,SSG 08,0.0255,102.4
ct,1900,none,1750,MP9,0.0076,102.4
ct,1900,none,1800,none,0.974,100.5
ct,1900,none,1800,SSG 08,0.0217,100.5
ct,1900,none,1800,MP9,0.0044,100.5
ct,1900,none,1850,none,0.9802,101.3
ct,1900,none,1850,SSG 08,0.017,101.3
ct,1900,none,1850,MP9,0.0028,101.3
ct,1900,none,1900,none,0.9332,105.7
ct,1900,none,1900,MP9,0.0526,105.7
ct,1900,none,1900,SSG 08,0.0141,105.7
ct,1900,none,1950,none,0.9273,100.2
ct,1900,none,1950,MP9,0.0624,100.2
ct,1900,none,1950,SSG 08,0.0103,100.2
ct,1900,none,2000,none,0.9043,100.5
ct,1900,none,2000,MP9,0.0727,100.5
ct,1900,none,2000,SSG 08,0.0231,100.5
ct,1900,none,2050,none,0.8901,105.5
ct,1900,none,2050,MP9,0.0776,105.5
ct,1900,none,2050,SSG 08,0.0322,105.5
ct,1900,none,2050,MP7,0.0,105.5
ct,1900,none,2100,none,0.849,100.7
ct,1900,none,2100,MP9,0.1146,100.7
ct,1900,none,2100,SSG 08,0.0365,100.7
ct,1900,none,2100,MP7,0.0,100.7
ct,1900,none,2150,none,0.8539,105.4
ct,1900,none,2150,MP9,0.1086,105.4
ct,1900,none,2150,SSG 08,0.0375,105.4
ct,1900,none,2150,MP7,0.0,105.4
ct,1900,none,2200,none,0.7431,103.9
ct,1900,none,2200,MP9,0.2204,103.9
ct,1900,none,2200,SSG 08,0.0365,103.9
ct,1900,none,2200,MP7,0.0,103.9
ct,1900,none,2250,none,0.6885,102.8
ct,1900,none,2250,MP9,0.2794,102.8
ct,1900,none,2250,SSG 08,0.0321,102.8
ct,1900,none,2250,MP7,0.0,102.8
ct,1900,none,2300,none,0.6843,103.7
ct,1900,none,2300,MP9,0.2897,103.7
ct,1900,none,2300,SSG 08,0.0261,103.7
ct,1900,none,2300,MP7,0.0,103.7
ct,1900,none,2350,none,0.6718,105.3
ct,1900,none,2350,MP9,0.2788,105.3
ct,1900,none,2350,SSG 08,0.037,105.3
ct,1900,none,2350,MP7,0.0124,105.3
ct,1900,none,2400,none,0.6296,101.4
ct,1900,none,2400,MP9,0.3208,101.4
ct,1900,none,2400,SSG 08,0.036,101.4
ct,1900,none,2400,MP7,0.0136,101.4
ct,1900,none,2450,none,0.63,100.0
ct,1900,none,2450,MP9,0.32,100.0
ct,1900,none,2450,SSG 08,0.0365,100.0
ct,1900,none,2450,MP7,0.0134,100.0
ct,1900,none,2500,none,0.6224,104.5
ct,1900,none,2500,MP9,0.3327,104.5
ct,1900,none,2500,SSG 08,0.0333,104.5
ct,1900,none,2500,MP7,0.0115,104.5
ct,1900,none,2550,none,0.5625,100.6
ct,1900,none,2550,MP9,0.348,100.6
ct,1900,none,2550,SSG 08,0.0408,100.6
ct,1900,none,2550,MP7,0.0353,100.6
ct,1900,none,2550,FAMAS,0.0134,100.6
ct,1900,none,2600,none,0.561,104.5
ct,1900,none,2600,MP9,0.3357,104.5
ct,1900,none,2600,SSG 08,0.0378,104.5
ct,1900,none,2600,MP7,0.0457,104.5
ct,1900,none,2600,FAMAS,0.0199,104.5
ct,1900,none,2650,none,0.5701,103.2
ct,1900,none,2650,MP9,0.3182,103.2
ct,1900,none,2650,SSG 08,0.0355,103.2
ct,1900,none,2650,MP7,0.0542,103.2
ct,1900,none,2650,FAMAS,0.022,103.2
ct,1900,none,2700,none,0.5082,102.2
ct,1900,none,2700,MP9,0.3793,102.2
ct,1900,none,2700,SSG 08,0.0284,102.2
ct,1900,none,2700,MP7,0.0625,102.2
ct,1900,none,2700,FAMAS,0.0216,102.2
ct,1900,none,2750,none,0.4989,104.7
ct,1900,none,2750,MP9,0.3982,104.7
ct,1900,none,2750,SSG 08,0.0242,104.7
ct,1900,none,2750,MP7,0.0574,104.7
ct,1900,none,2750,FAMAS,0.0212,104.7
ct,1900,none,2800,none,0.5111,100.0
ct,1900,none,2800,MP9,0.3923,100.0
ct,1900,none,2800,SSG 08,0.021,100.0
ct,1900,none,2800,MP7,0.0542,100.0
ct,1900,none,2800,FAMAS,0.0214,100.0
ct,1900,none,2850,none,0.4974,100.6
ct,1900,none,2850,MP9,0.419,100.6
ct,1900,none,2850,SSG 08,0.0185,100.6
ct,1900,none,2850,MP7,0.0457,100.6
ct,1900,none,2850,FAMAS,0.0194,100.6
ct,1900,none,2900,none,0.3874,101.7
ct,1900,none,2900,MP9,0.4132,101.7
ct,1900,none,2900,SSG 08,0.0108,101.7
ct,1900,none,2900,MP7,0.0288,101.7
ct,1900,none,2900,M4A1-S,0.0,101.7
ct,1900,none,2900,FAMAS,0.1598,101.7
ct,1900,none,2950,none,0.4127,103.8
ct,1900,none,2950,MP9,0.3791,103.8
ct,1900,none,2950,SSG 08,0.0233,103.8
ct,1900,none,2950,MP7,0.0219,103.8
ct,1900,none,2950,M4A1-S,0.0,103.8
ct,1900,none,2950,FAMAS,0.163,103.8
ct,1900,none,3000,none,0.4013,100.6
ct,1900,none,3000,MP9,0.3986,100.6
ct,1900,none,3000,SSG 08,0.0258,100.6
ct,1900,none,3000,MP7,0.0138,100.6
ct,1900,none,3000,M4A1-S,0.0,100.6
ct,1900,none,3000,FAMAS,0.1606,100.6
ct,1900,none,3050,none,0.3806,101.5
ct,1900,none,3050,MP9,0.4204,101.5
ct,1900,none,3050,SSG 08,0.0291,101.5
ct,1900,none,3050,MP7,0.0285,101.5
ct,1900,none,3050,M4A1-S,0.0,101.5
ct,1900,none,3050,FAMAS,0.1414,101.5
ct,1900,none,3100,none,0.3739,100.9
ct,1900,none,3100,MP9,0.3885,100.9
ct,1900,none,3100,SSG 08,0.0342,100.9
ct,1900,none,3100,MP7,0.0269,100.9
ct,1900,none,3100,M4A1-S,0.0,100.9
ct,1900,none,3100,FAMAS,0.1765,100.9
ct,1900,none,3150,none,0.3967,100.2
ct,1900,none,3150,MP9,0.3547,100.2
ct,1900,none,3150,SSG 08,0.0422,100.2
ct,1900,none,3150,MP7,0.0405,100.2
ct,1900,none,3150,M4A1-S,0.0,100.2
ct,1900,none,3150,FAMAS,0.1658,100.2
ct,1900,none,3200,none,0.3556,104.1
ct,1900,none,3200,MP9,0.3415,104.1
ct,1900,none,3200,SSG 08,0.0439,104.1
ct,1900,none,3200,MP7,0.0359,104.1
ct,1900,none,3200,FAMAS,0.2232,104.1
ct,1900,none,3200,M4A1-S,0.0,104.1
ct,1900,none,3250,none,0.3688,103.0
ct,1900,none,3250,MP9,0.3354,103.0
ct,1900,none,3250,SSG 08,0.0496,103.0
ct,1900,none,3250,MP7,0.0324,103.0
ct,1900,none,3250,FAMAS,0.2139,103.0
ct,1900,none,3250,M4A1-S,0.0,103.0
ct,1900,none,3300,none,0.394,103.0
ct,1900,none,3300,MP9,0.3194,103.0
ct,1900,none,3300,SSG 08,0.0528,103.0
ct,1900,none,3300,MP7,0.0295,103.0
ct,1900,none,3300,FAMAS,0.2042,103.0
ct,1900,none,3300,M4A1-S,0.0,103.0
ct,1900,none,3350,none,0.4111,103.2
ct,1900,none,3350,MP9,0.3323,103.2
ct,1900,none,3350,SSG 08,0.0529,103.2
ct,1900,none,3350,MP7,0.0275,103.2
ct,1900,none,3350,FAMAS,0.1762,103.2
ct,1900,none,3350,M4A1-S,0.0,103.2
ct,1900,none,3400,none,0.3802,105.1
ct,1900,none,3400,MP9,0.2965,105.1
ct,1900,none,3400,SSG 08,0.0466,105.1
ct,1900,none,3400,MP7,0.0228,105.1
ct,1900,none,3400,FAMAS,0.254,105.1
ct,1900,none,3400,M4A1-S,0.0,105.1
ct,1900,none,3450,none,0.394,100.9
ct,1900,none,3450,MP9,0.2909,100.9
ct,1900,none,3450,SSG 08,0.045,100.9
ct,1900,none,3450,MP7,0.0223,100.9
ct,1900,none,3450,FAMAS,0.2477,100.9
ct,1900,none,3450,M4A1-S,0.0001,100.9
ct,1900,none,3500,none,0.4091,102.4
ct,1900,none,3500,MP9,0.2885,102.4
ct,1900,none,3500,SSG 08,0.0441,102.4
ct,1900,none,3500,MP7,0.0227,102.4
ct,1900,none,3500,FAMAS,0.2353,102.4
ct,1900,none,3500,M4A1-S,0.0004,102.4
ct,1900,none,3550,none,0.3396,104.5
ct,1900,none,3550,MP9,0.2553,104.5
ct,1900,none,3550,SSG 08,0.034,104.5
ct,1900,none,3550,MP7,0.0175,104.5
ct,1900,none,3550,FAMAS,0.1997,104.5
ct,1900,none,3550,M4A1-S,0.0727,104.5
ct,1900,none,3550,M4A4,0.0812,104.5
ct,1900,none,3600,none,0.3365,102.2
ct,1900,none,3600,MP9,0.2566,102.2
ct,1900,none,3600,SSG 08,0.0318,102.2
ct,1900,none,3600,MP7,0.0175,102.2
ct,1900,none,3600,FAMAS,0.1913,102.2
ct,1900,none,3600,M4A1-S,0.0771,102.2
ct,1900,none,3600,M4A4,0.0893,102.2
ct,1900,none,3650,none,0.3407,104.1
ct,1900,none,3650,MP9,0.2548,104.1
ct,1900,none,3650,SSG 08,0.0307,104.1
ct,1900,none,3650,MP7,0.0198,104.1
ct,1900,none,3650,FAMAS,0.1874,104.1
ct,1900,none,3650,M4A1-S,0.0767,104.1
ct,1900,none,3650,M4A4,0.0899,104.1
ct,1900,none,3700,none,0.3402,102.3
ct,1900,none,3700,MP9,0.2476,102.3
ct,1900,none,3700,SSG 08,0.0289,102.3
ct,1900,none,3700,MP7,0.0223,102.3
ct,1900,none,3700,FAMAS,0.195,102.3
ct,1900,none,3700,M4A1-S,0.0762,102.3
ct,1900,none,3700,M4A4,0.0898,102.3
ct,1900,none,3750,none,0.3034,102.8
ct,1900,none,3750,MP9,0.2134,102.8
ct,1900,none,3750,SSG 08,0.0239,102.8
ct,1900,none,3750,MP7,0.0225,102.8
ct,1900,none,3750,FAMAS,0.2089,102.8
ct,1900,none,3750,M4A1-S,0.1079,102.8
ct,1900,none,3750,M4A4,0.12,102.8
ct,1900,none,3800,none,0.298,102.0
ct,1900,none,3800,MP9,0.2287,102.0
ct,1900,none,3800,SSG 08,0.0223,102.0
ct,1900,none,3800,MP7,0.0259,102.0
ct,1900,none,3800,FAMAS,0.2058,102.0
ct,1900,none,3800,M4A1-S,0.1039,102.0
ct,1900,none,3800,M4A4,0.1154,102.0
ct,1900,none,3850,none,0.1808,100.7
ct,1900,none,3850,MP9,0.1414,100.7
ct,1900,none,3850,SSG 08,0.0107,100.7
ct,1900,none,3850,MP7,0.0193,100.7
ct,1900,none,3850,M4A1-S,0.3138,100.7
ct,1900,none,3850,M4A4,0.1981,100.7
ct,1900,none,3850,FAMAS,0.1232,100.7
ct,1900,none,3850,AK-47,0.0126,100.7
ct,1900,none,3900,none,0.181,103.1
ct,1900,none,3900,MP9,0.1318,103.1
ct,1900,none,3900,SSG 08,0.0105,103.1
ct,1900,none,3900,M4A1-S,0.3236,103.1
ct,1900,none,3900,MP7,0.0231,103.1
ct,1900,none,3900,M4A4,0.1972,103.1
ct,1900,none,3900,FAMAS,0.1202,103.1
ct,1900,none,3900,AK-47,0.0126,103.1
ct,1900,none,3950,none,0.1775,102.0
ct,1900,none,3950,MP9,0.1566,102.0
ct,1900,none,3950,SSG 08,0.0105,102.0
ct,1900,none,3950,M4A1-S,0.3209,102.0
ct,1900,none,3950,MP7,0.0255,102.0
ct,1900,none,3950,M4A4,0.1903,102.0
ct,1900,none,3950,FAMAS,0.1065,102.0
ct,1900,none,3950,AK-47,0.0121,102.0
ct,1900,none,4000,none,0.188,102.2
ct,1900,none,4000,MP9,0.1543,102.2
ct,1900,none,4000,SSG 08,0.0124,102.2
ct,1900,none,4000,M4A1-S,0.3171,102.2
ct,1900,none,4000,MP7,0.0282,102.2
ct,1900,none,4000,M4A4,0.186,102.2
ct,1900,none,4000,FAMAS,0.1024,102.2
ct,1900,none,4000,AK-47,0.0115,102.2
ct,1900,none,4050,none,0.1261,102.9
ct,1900,none,4050,MP9,0.0976,102.9
ct,1900,none,4050,SSG 08,0.0075,102.9
ct,1900,none,4050,M4A1-S,0.3763,102.9
ct,1900,none,4050,MP7,0.0237,102.9
ct,1900,none,4050,M4A4,0.3064,102.9
ct,1900,none,4050,FAMAS,0.0541,102.9
ct,1900,none,4050,AK-47,0.0082,102.9
ct,1900,none,4100,none,0.1334,100.1
ct,1900,none,4100,MP9,0.0901,100.1
ct,1900,none,4100,SSG 08,0.01,100.1
ct,1900,none,4100,M4A1-S,0.3615,100.1
ct,1900,none,4100,MP7,0.0243,100.1
ct,1900,none,4100,M4A4,0.3243,100.1
ct,1900,none,4100,FAMAS,0.0496,100.1
ct,1900,none,4100,AK-47,0.0068,100.1
ct,1900,none,4150,none,0.1117,100.7
ct,1900,none,4150,MP9,0.0561,100.7
ct,1900,none,4150,SSG 08,0.0105,100.7
ct,1900,none,4150,M4A1-S,0.3887,100.7
ct,1900,none,4150,MP7,0.019,100.7
ct,1900,none,4150,M4A4,0.3688,100.7
ct,1900,none,4150,FAMAS,0.0316,100.7
ct,1900,none,4150,AK-47,0.0136,100.7
ct,1900,none,4200,none,0.1102,100.3
ct,1900,none,4200,MP9,0.0499,100.3
ct,1900,none,4200,SSG 08,0.0127,100.3
ct,1900,none,4200,M4A1-S,0.3655,100.3
ct,1900,none,4200,MP7,0.0184,100.3
ct,1900,none,4200,M4A4,0.3885,100.3
ct,1900,none,4200,FAMAS,0.04,100.3
ct,1900,none,4200,AK-47,0.0148,100.3
ct,1900,none,4250,none,0.1051,100.1
ct,1900,none,4250,MP9,0.046,100.1
ct,1900,none,4250,SSG 08,0.0134,100.1
ct,1900,none,4250,M4A1-S,0.3416,100.1
ct,1900,none,4250,MP7,0.0185,100.1
ct,1900,none,4250,M4A4,0.3942,100.1
ct,1900,none,4250,FAMAS,0.0662,100.1
ct,1900,none,4250,AK-47,0.0149,100.1
ct,1900,none,4300,none,0.1101,103.0
ct,1900,none,4300,MP9,0.0534,103.0
ct,1900,none,4300,SSG 08,0.0132,103.0
ct,1900,none,4300,M4A1-S,0.3381,103.0
ct,1900,none,4300,MP7,0.021,103.0
ct,1900,none,4300,M4A4,0.3792,103.0
ct,1900,none,4300,FAMAS,0.0702,103.0
ct,1900,none,4300,AK-47,0.0149,103.0
ct,1900,none,4350,none,0.0741,102.7
ct,1900,none,4350,MP9,0.0321,102.7
ct,1900,none,4350,SSG 08,0.0109,102.7
ct,1900,none,4350,M4A4,0.3874,102.7
ct,1900,none,4350,M4A1-S,0.4194,102.7
ct,1900,none,4350,MP7,0.0155,102.7
ct,1900,none,4350,FAMAS,0.0494,102.7
ct,1900,none,4350,AK-47,0.0112,102.7
ct,1900,none,4400,none,0.0721,102.6
ct,1900,none,4400,MP9,0.0346,102.6
ct,1900,none,4400,SSG 08,0.0092,102.6
ct,1900,none,4400,M4A4,0.3817,102.6
ct,1900,none,4400,M4A1-S,0.4289,102.6
ct,1900,none,4400,MP7,0.0156,102.6
ct,1900,none,4400,FAMAS,0.0485,102.6
ct,1900,none,4400,AK-47,0.0095,102.6
ct,1900,none,4450,none,0.0739,100.4
ct,1900,none,4450,MP9,0.0383,100.4
ct,1900,none,4450,SSG 08,0.0082,100.4
ct,1900,none,4450,M4A4,0.3744,100.4
ct,1900,none,4450,M4A1-S,0.4311,100.4
ct,1900,none,4450,MP7,0.0155,100.4
ct,1900,none,4450,FAMAS,0.0502,100.4
ct,1900,none,4450,AK-47,0.0085,100.4
ct,1900,none,4500,none,0.0725,103.7
ct,1900,none,4500,MP9,0.04,103.7
ct,1900,none,4500,SSG 08,0.007,103.7
ct,1900,none,4500,M4A4,0.3547,103.7
ct,1900,none,4500,M4A1-S,0.4549,103.7
ct,1900,none,4500,MP7,0.0143,103.7
ct,1900,none,4500,FAMAS,0.0492,103.7
ct,1900,none,4500,AK-47,0.0074,103.7
ct,1900,none,4550,none,0.0488,102.4
ct,1900,none,4550,MP9,0.0298,102.4
ct,1900,none,4550,SSG 08,0.0036,102.4
ct,1900,none,4550,M4A4,0.3572,102.4
ct,1900,none,4550,M4A1-S,0.5126,102.4
ct,1900,none,4550,MP7,0.0098,102.4
ct,1900,none,4550,FAMAS,0.0345,102.4
ct,1900,none,4550,AK-47,0.0037,102.4
ct,1900,none,4600,none,0.0506,101.1
ct,1900,none,4600,MP9,0.032,101.1
ct,1900,none,4600,SSG 08,0.0033,101.1
ct,1900,none,4600,M4A4,0.3569,101.1
ct,1900,none,4600,M4A1-S,0.5104,101.1
ct,1900,none,4600,MP7,0.0088,101.1
ct,1900,none,4600,FAMAS,0.0347,101.1
ct,1900,none,4600,AK-47,0.0033,101.1
ct,1900,none,4650,none,0.0374,101.8
ct,1900,none,4650,MP9,0.0259,101.8
ct,1900,none,4650,SSG 08,0.0014,101.8
ct,1900,none,4650,M4A4,0.3867,101.8
ct,1900,none,4650,M4A1-S,0.5161,101.8
ct,1900,none,4650,MP7,0.0054,101.8
ct,1900,none,4650,FAMAS,0.0257,101.8
ct,1900,none,4650,AK-47,0.0014,101.8
ct,1900,none,4700,none,0.0354,103.2
ct,1900,none,4700,MP9,0.0255,103.2
ct,1900,none,4700,SSG 08,0.001,103.2
ct,1900,none,4700,M4A4,0.4052,103.2
ct,1900,none,4700,M4A1-S,0.5052,103.2
ct,1900,none,4700,MP7,0.0041,103.2
ct,1900,none,4700,FAMAS,0.0226,103.2
ct,1900,none,4700,AK-47,0.001,103.2
ct,1900,none,4750,none,0.0327,101.7
ct,1900,none,4750,MP9,0.0246,101.7
ct,1900,none,4750,SSG 08,0.0006,101.7
ct,1900,none,4750,M4A4,0.3752,101.7
ct,1900,none,4750,AWP,0.0683,101.7
ct,1900,none,4750,M4A1-S,0.4763,101.7
ct,1900,none,4750,MP7,0.0028,101.7
ct,1900,none,4750,FAMAS,0.019,101.7
ct,1900,none,4750,AK-47,0.0006,101.7
ct,1900,none,4800,none,0.0345,100.9
ct,1900,none,4800,MP9,0.0265,100.9
ct,1900,none,4800,SSG 08,0.0006,100.9
ct,1900,none,4800,M4A4,0.3719,100.9
ct,1900,none,4800,AWP,0.0766,100.9
ct,1900,none,4800,M4A1-S,0.4687,100.9
ct,1900,none,4800,MP7,0.0027,100.9
ct,1900,none,4800,FAMAS,0.0179,100.9
ct,1900,none,4800,AK-47,0.0006,100.9
ct,1900,none,4850,none,0.0214,103.0
ct,1900,none,4850,MP9,0.0177,103.0
ct,1900,none,4850,SSG 08,0.0,103.0
ct,1900,none,4850,M4A4,0.4516,103.0
ct,1900,none,4850,M4A1-S,0.4143,103.0
ct,1900,none,4850,AWP,0.0709,103.0
ct,1900,none,4850,MP7,0.0003,103.0
ct,1900,none,4850,FAMAS,0.02,103.0
ct,1900,none,4850,AK-47,0.0039,103.0
ct,1900,none,4900,none,0.0207,102.1
ct,1900,none,4900,MP9,0.0177,102.1
ct,1900,none,4900,SSG 08,0.0,102.1
ct,1900,none,4900,M4A4,0.4447,102.1
ct,1900,none,4900,M4A1-S,0.4245,102.1
ct,1900,none,4900,AWP,0.0669,102.1
ct,1900,none,4900,MP7,0.0002,102.1
ct,1900,none,4900,FAMAS,0.0187,102.1
ct,1900,none,4900,AK-47,0.0067,102.1
ct,1900,none,4950,none,0.02,102.7
ct,1900,none,4950,MP9,0.0174,102.7
ct,1900,none,4950,SSG 08,0.0,102.7
ct,1900,none,4950,M4A4,0.442,102.7
ct,1900,none,4950,M4A1-S,0.4323,102.7
ct,1900,none,4950,AWP,0.061,102.7
ct,1900,none,4950,MP7,0.0002,102.7
ct,1900,none,4950,FAMAS,0.0174,102.7
ct,1900,none,4950,AK-47,0.0097,102.7
ct,1900,none,5000,none,0.0173,100.9
ct,1900,none,5000,MP9,0.0155,100.9
ct,1900,none,5000,SSG 08,0.0,100.9
ct,1900,none,5000,M4A4,0.4577,100.9
ct,1900,none,5000,M4A1-S,0.4321,100.9
ct,1900,none,5000,AWP,0.0514,100.9
ct,1900,none,5000,MP7,0.0001,100.9
ct,1900,none,5000,FAMAS,0.0144,100.9
ct,1900,none,5000,AK-47,0.0116,100.9
ct,1900,none,5050,none,0.0141,101.6
ct,1900,none,5050,MP9,0.0129,101.6
ct,1900,none,5050,SSG 08,0.0,101.6
ct,1900,none,5050,M4A4,0.4628,101.6
ct,1900,none,5050,M4A1-S,0.4184,101.6
ct,1900,none,5050,AWP,0.0678,101.6
ct,1900,none,5050,MP7,0.0,101.6
ct,1900,none,5050,FAMAS,0.0112,101.6
ct,1900,none,5050,AK-47,0.0127,101.6
ct,1900,none,5100,none,0.0129,100.5
ct,1900,none,5100,MP9,0.0118,100.5
ct,1900,none,5100,SSG 08,0.0,100.5
ct,1900,none,5100,M4A4,0.4561,100.5
ct,1900,none,5100,M4A1-S,0.427,100.5
ct,1900,none,5100,AWP,0.0689,100.5
ct,1900,none,5100,MP7,0.0001,100.5
ct,1900,none,5100,FAMAS,0.01,100.5
ct,1900,none,5100,AK-47,0.0133,100.5
ct,1900,none,5150,none,0.0125,104.3
ct,1900,none,5150,MP9,0.011,104.3
ct,1900,none,5150,SSG 08,0.0,104.3
ct,1900,none,5150,M4A4,0.447,104.3
ct,1900,none,5150,M4A1-S,0.4377,104.3
ct,1900,none,5150,AWP,0.0694,104.3
ct,1900,none,5150,MP7,0.0001,104.3
ct,1900,none,5150,FAMAS,0.0095,104.3
ct,1900,none,5150,AK-47,0.0129,104.3
ct,1900,none,5200,none,0.0062,102.4
ct,1900,none,5200,MP9,0.0058,102.4
ct,1900,none,5200,SSG 08,0.0,102.4
ct,1900,none,5200,M4A4,0.478,102.4
ct,1900,none,5200,M4A1-S,0.4438,102.4
ct,1900,none,5200,AWP,0.0506,102.4
ct,1900,none,5200,MP7,0.0,102.4
ct,1900,none,5200,FAMAS,0.0041,102.4
ct,1900,none,5200,AK-47,0.0116,102.4
ct,1900,none,5250,none,0.0034,104.2
ct,1900,none,5250,MP9,0.0032,104.2
ct,1900,none,5250,SSG 08,0.0,104.2
ct,1900,none,5250,M4A4,0.476,104.2
ct,1900,none,5250,M4A1-S,0.4541,104.2
ct,1900,none,5250,AWP,0.0523,104.2
ct,1900,none,5250,AK-47,0.009,104.2
ct,1900,none,5250,MP7,0.0,104.2
ct,1900,none,5250,FAMAS,0.002,104.2
ct,1900,none,5300,none,0.0028,102.8
ct,1900,none,5300,MP9,0.0024,102.8
ct,1900,none,5300,SSG 08,0.0,102.8
ct,1900,none,5300,M4A4,0.4846,102.8
ct,1900,none,5300,M4A1-S,0.4523,102.8
ct,1900,none,5300,AWP,0.0491,102.8
ct,1900,none,5300,AK-47,0.0074,102.8
ct,1900,none,5300,MP7,0.0,102.8
ct,1900,none,5300,FAMAS,0.0014,102.8
ct,1900,none,5350,none,0.0029,101.9
ct,1900,none,5350,MP9,0.0018,101.9
ct,1900,none,5350,SSG 08,0.0,101.9
ct,1900,none,5350,M4A4,0.4954,101.9
ct,1900,none,5350,M4A1-S,0.4476,101.9
ct,1900,none,5350,AWP,0.0451,101.9
ct,1900,none,5350,AK-47,0.006,101.9
ct,1900,none,5350,MP7,0.0,101.9
ct,1900,none,5350,FAMAS,0.0011,101.9
ct,1900,none,5400,none,0.0022,103.3
ct,1900,none,5400,MP9,0.0008,103.3
ct,1900,none,5400,SSG 08,0.0,103.3
ct,1900,none,5400,M4A4,0.4944,103.3
ct,1900,none,5400,M4A1-S,0.4027,103.3
ct,1900,none,5400,AWP,0.0958,103.3
ct,1900,none,5400,AK-47,0.0037,103.3
ct,1900,none,5400,MP7,0.0,103.3
ct,1900,none,5400,FAMAS,0.0004,103.3
ct,1900,none,5450,none,0.0035,102.6
ct,1900,none,5450,MP9,0.0006,102.6
ct,1900,none,5450,SSG 08,0.0,102.6
ct,1900,none,5450,M4A4,0.5072,102.6
ct,1900,none,5450,M4A1-S,0.3901,102.6
ct,1900,none,5450,AWP,0.0955,102.6
ct,1900,none,5450,AK-47,0.0029,102.6
ct,1900,none,5450,MP7,0.0,102.6
ct,1900,none,5450,FAMAS,0.0003,102.6
ct,1900,none,5500,none,0.0054,101.5
ct,1900,none,5500,MP9,0.0004,101.5
ct,1900,none,5500,SSG 08,0.0,101.5
ct,1900,none,5500,M4A4,0.5189,101.5
ct,1900,none,5500,M4A1-S,0.3802,101.5
ct,1900,none,5500,AWP,0.0925,101.5
ct,1900,none,5500,AK-47,0.0022,101.5
ct,1900,none,5500,MP7,0.0,101.5
ct,1900,none,5500,FAMAS,0.0002,101.5
ct,1900,none,5550,none,0.0079,100.4
ct,1900,none,5550,MP9,0.0004,100.4
ct,1900,none,5550,SSG 08,0.0,100.4
ct,1900,none,5550,M4A4,0.5299,100.4
ct,1900,none,5550,M4A1-S,0.3727,100.4
ct,1900,none,5550,AWP,0.0872,100.4
ct,1900,none,5550,AK-47,0.0018,100.4
ct,1900,none,5550,MP7,0.0,100.4
ct,1900,none,5550,FAMAS,0.0002,100.4
ct,1900,none,5600,none,0.0084,103.4
ct,1900,none,5600,MP9,0.0001,103.4
ct,1900,none,5600,SSG 08,0.0,103.4
ct,1900,none,5600,M4A4,0.525,103.4
ct,1900,none,5600,M4A1-S,0.3459,103.4
ct,1900,none,5600,AWP,0.12,103.4
ct,1900,none,5600,AK-47,0.0006,103.4
ct,1900,none,5600,MP7,0.0,103.4
ct,1900,none,5600,FAMAS,0.0,103.4
ct,1900,none,5650,none,0.0106,105.7
ct,1900,none,5650,MP9,0.0001,105.7
ct,1900,none,5650,SSG 08,0.0,105.7
ct,1900,none,5650,M4A4,0.523,105.7
ct,1900,none,5650,M4A1-S,0.3467,105.7
ct,1900,none,5650,AWP,0.1069,105.7
ct,1900,none,5650,AK-47,0.0004,105.7
ct,1900,none,5650,MP7,0.0,105.7
ct,1900,none,5650,FAMAS,0.0,105.7
ct,1900,none,5650,AUG,0.0122,105.7
ct,1900,none,5700,none,0.0125,103.8
ct,1900,none,5700,MP9,0.0,103.8
ct,1900,none,5700,SSG 08,0.0,103.8
ct,1900,none,5700,M4A4,0.5115,103.8
ct,1900,none,5700,M4A1-S,0.3427,103.8
ct,1900,none,5700,AWP,0.1194,103.8
ct,1900,none,5700,AK-47,0.0002,103.8
ct,1900,none,5700,MP7,0.0,103.8
ct,1900,none,5700,FAMAS,0.0,103.8
ct,1900,none,5700,AUG,0.0136,103.8
ct,1900,none,5750,none,0.0142,100.9
ct,1900,none,5750,MP9,0.0,100.9
ct,1900,none,5750,SSG 08,0.0,100.9
ct,1900,none,5750,M4A4,0.5109,100.9
ct,1900,none,5750,M4A1-S,0.3542,100.9
ct,1900,none,5750,AWP,0.1059,100.9
ct,1900,none,5750,AK-47,0.0001,100.9
ct,1900,none,5750,MP7,0.0,100.9
ct,1900,none,5750,FAMAS,0.0,100.9
ct,1900,none,5750,AUG,0.0146,100.9
ct,1900,none,5800,none,0.0144,102.6
ct,1900,none,5800,MP9,0.0,102.6
ct,1900,none,5800,SSG 08,0.0,102.6
ct,1900,none,5800,M4A4,0.4889,102.6
ct,1900,none,5800,M4A1-S,0.3974,102.6
ct,1900,none,5800,AWP,0.0851,102.6
ct,1900,none,5800,AK-47,0.0001,102.6
ct,1900,none,5800,MP7,0.0,102.6
ct,1900,none,5800,FAMAS,0.0001,102.6
ct,1900,none,5800,AUG,0.014,102.6
ct,1900,none,5850,none,0.0144,100.3
ct,1900,none,5850,MP9,0.0,100.3
ct,1900,none,5850,SSG 08,0.0,100.3
ct,1900,none,5850,M4A4,0.4843,100.3
ct,1900,none,5850,M4A1-S,0.4197,100.3
ct,1900,none,5850,AWP,0.0682,100.3
ct,1900,none,5850,AK-47,0.0001,100.3
ct,1900,none,5850,MP7,0.0,100.3
ct,1900,none,5850,FAMAS,0.0001,100.3
ct,1900,none,5850,AUG,0.0132,100.3
ct,1900,none,5900,none,0.0127,103.9
ct,1900,none,5900,MP9,0.0,103.9
ct,1900,none,5900,SSG 08,0.0,103.9
ct,1900,none,5900,M4A4,0.475,103.9
ct,1900,none,5900,M4A1-S,0.4335,103.9
ct,1900,none,5900,AWP,0.0669,103.9
ct,1900,none,5900,AK-47,0.0004,103.9
ct,1900,none,5900,MP7,0.0,103.9
ct,1900,none,5900,FAMAS,0.0003,103.9
ct,1900,none,5900,AUG,0.0112,103.9
ct,1900,none,5950,none,0.0113,101.7
ct,1900,none,5950,MP9,0.0,101.7
ct,1900,none,5950,SSG 08,0.0,101.7
ct,1900,none,5950,M4A4,0.4736,101.7
ct,1900,none,5950,M4A1-S,0.4507,101.7
ct,1900,none,5950,AWP,0.0537,101.7
ct,1900,none,5950,AK-47,0.0006,101.7
ct,1900,none,5950,MP7,0.0,101.7
ct,1900,none,5950,FAMAS,0.0006,101.7
ct,1900,none,5950,AUG,0.0094,101.7
ct,1900,none,6000,none,0.0095,100.1
ct,1900,none,6000,MP9,0.0,100.1
ct,1900,none,6000,SSG 08,0.0,100.1
ct,1900,none,6000,M4A4,0.4738,100.1
ct,1900,none,6000,M4A1-S,0.4651,100.1
ct,1900,none,6000,AWP,0.0419,100.1
ct,1900,none,6000,AK-47,0.0011,100.1
ct,1900,none,6000,MP7,0.0,100.1
ct,1900,none,6000,FAMAS,0.0011,100.1
ct,1900,none,6000,AUG,0.0075,100.1
ct,1900,none,6050,none,0.0074,100.4
ct,1900,none,6050,MP9,0.0,100.4
ct,1900,none,6050,SSG 08,0.0,100.4
ct,1900,none,6050,M4A4,0.4821,100.4
ct,1900,none,6050,M4A1-S,0.4698,100.4
ct,1900,none,6050,AWP,0.0315,100.4
ct,1900,none,6050,AK-47,0.0018,100.4
ct,1900,none,6050,MP7,0.0,100.4
ct,1900,none,6050,FAMAS,0.0018,100.4
ct,1900,none,6050,AUG,0.0056,100.4
ct,1900,none,6100,none,0.0053,104.0
ct,1900,none,6100,MP9,0.0,104.0
ct,1900,none,6100,SSG 08,0.0,104.0
ct,1900,none,6100,M4A4,0.4766,104.0
ct,1900,none,6100,M4A1-S,0.4597,104.0
ct,1900,none,6100,AWP,0.0492,104.0
ct,1900,none,6100,AK-47,0.0027,104.0
ct,1900,none,6100,MP7,0.0,104.0
ct,1900,none,6100,FAMAS,0.0026,104.0
ct,1900,none,6100,AUG,0.0038,104.0
ct,1900,none,6150,none,0.0035,100.1
ct,1900,none,6150,MP9,0.0,100.1
ct,1900,none,6150,SSG 08,0.0,100.1
ct,1900,none,6150,M4A4,0.4818,100.1
ct,1900,none,6150,M4A1-S,0.4632,100.1
ct,1900,none,6150,AWP,0.0421,100.1
ct,1900,none,6150,AK-47,0.0036,100.1
ct,1900,none,6150,MP7,0.0,100.1
ct,1900,none,6150,FAMAS,0.0035,100.1
ct,1900,none,6150,AUG,0.0023,100.1
ct,1900,none,6200,none,0.0018,101.9
ct,1900,none,6200,MP9,0.0,101.9
ct,1900,none,6200,SSG 08,0.0,101.9
ct,1900,none,6200,M4A4,0.4551,101.9
ct,1900,none,6200,M4A1-S,0.4314,101.9
ct,1900,none,6200,AWP,0.1016,101.9
ct,1900,none,6200,AK-47,0.0046,101.9
ct,1900,none,6200,MP7,0.0,101.9
ct,1900,none,6200,FAMAS,0.0044,101.9
ct,1900,none,6200,AUG,0.0011,101.9
ct,1900,none,6250,none,0.0011,101.1
ct,1900,none,6250,MP9,0.0,101.1
ct,1900,none,6250,SSG 08,0.0,101.1
ct,1900,none,6250,M4A4,0.4587,101.1
ct,1900,none,6250,M4A1-S,0.4277,101.1
ct,1900,none,6250,AWP,0.0993,101.1
ct,1900,none,6250,AK-47,0.0065,101.1
ct,1900,none,6250,MP7,0.0,101.1
ct,1900,none,6250,FAMAS,0.0062,101.1
ct,1900,none,6250,AUG,0.0006,101.1
ct,1900,none,6300,none,0.0004,101.6
ct,1900,none,6300,MP9,0.0,101.6
ct,1900,none,6300,SSG 08,0.0,101.6
ct,1900,none,6300,M4A4,0.4685,101.6
ct,1900,none,6300,M4A1-S,0.4256,101.6
ct,1900,none,6300,AWP,0.0898,101.6
ct,1900,none,6300,AK-47,0.008,101.6
ct,1900,none,6300,MP7,0.0,101.6
ct,1900,none,6300,FAMAS,0.0076,101.6
ct,1900,none,6300,AUG,0.0002,101.6
ct,1900,none,6350,none,0.0002,100.1
ct,1900,none,6350,MP9,0.0,100.1
ct,1900,none,6350,SSG 08,0.0,100.1
ct,1900,none,6350,M4A4,0.4672,100.1
ct,1900,none,6350,M4A1-S,0.4192,100.1
ct,1900,none,6350,AWP,0.0934,100.1
ct,1900,none,6350,AK-47,0.0103,100.1
ct,1900,none,6350,MP7,0.0,100.1
ct,1900,none,6350,FAMAS,0.0095,100.1
ct,1900,none,6350,AUG,0.0001,100.1
ct,1900,none,6400,none,0.0001,100.5
ct,1900,none,6400,MP9,0.0,100.5
ct,1900,none,6400,SSG 08,0.0,100.5
ct,1900,none,6400,M4A4,0.4577,100.5
ct,1900,none,6400,M4A1-S,0.4076,100.5
ct,1900,none,6400,AWP,0.1108,100.5
ct,1900,none,6400,AK-47,0.0126,100.5
ct,1900,none,6400,MP7,0.0,100.5
ct,1900,none,6400,FAMAS,0.0112,100.5
ct,1900,none,6400,AUG,0.0,100.5
ct,1900,none,6450,none,0.0001,103.9
ct,1900,none,6450,MP9,0.0,103.9
ct,1900,none,6450,SSG 08,0.0,103.9
ct,1900,none,6450,M4A4,0.4598,103.9
ct,1900,none,6450,M4A1-S,0.4098,103.9
ct,1900,none,6450,AWP,0.103,103.9
ct,1900,none,6450,AK-47,0.015,103.9
ct,1900,none,6450,MP7,0.0,103.9
ct,1900,none,6450,FAMAS,0.0123,103.9
ct,1900,none,6450,AUG,0.0,103.9
ct,1900,none,6500,none,0.0,104.0
ct,1900,none,6500,MP9,0.0,104.0
ct,1900,none,6500,SSG 08,0.0,104.0
ct,1900,none,6500,M4A4,0.4454,104.0
ct,1900,none,6500,M4A1-S,0.3912,104.0
ct,1900,none,6500,AWP,0.1334,104.0
ct,1900,none,6500,AK-47,0.0169,104.0
ct,1900,none,6500,MP7,0.0,104.0
ct,1900,none,6500,FAMAS,0.0131,104.0
ct,1900,none,6500,AUG,0.0,104.0
ct,1900,none,6550,none,0.0,100.7
ct,1900,none,6550,MP9,0.0,100.7
ct,1900,none,6550,SSG 08,0.0,100.7
ct,1900,none,6550,M4A4,0.4334,100.7
ct,1900,none,6550,M4A1-S,0.3797,100.7
ct,1900,none,6550,AWP,0.1546,100.7
ct,1900,none,6550,AK-47,0.0188,100.7
ct,1900,none,6550,MP7,0.0,100.7
ct,1900,none,6550,FAMAS,0.0135,100.7
ct,1900,none,6550,AUG,0.0,100.7
ct,1900,none,6600,none,0.0,100.7
ct,1900,none,6600,MP9,0.0,100.7
ct,1900,none,6600,SSG 08,0.0,100.7
ct,1900,none,6600,M4A4,0.4302,100.7
ct,1900,none,6600,M4A1-S,0.3706,100.7
ct,1900,none,6600,AWP,0.167,100.7
ct,1900,none,6600,AK-47,0.0199,100.7
ct,1900,none,6600,MP7,0.0,100.7
ct,1900,none,6600,FAMAS,0.0122,100.7
ct,1900,none,6600,AUG,0.0,100.7
ct,1900,none,6650,none,0.0,101.4
ct,1900,none,6650,MP9,0.0,101.4
ct,1900,none,6650,SSG 08,0.0,101.4
ct,1900,none,6650,M4A4,0.4317,101.4
ct,1900,none,6650,M4A1-S,0.3777,101.4
ct,1900,none,6650,AWP,0.1595,101.4
ct,1900,none,6650,AK-47,0.0207,101.4
ct,1900,none,6650,MP7,0.0,101.4
ct,1900,none,6650,FAMAS,0.0104,101.4
ct,1900,none,6650,AUG,0.0,101.4
ct,1900,none,6700,none,0.0,101.5
ct,1900,none,6700,MP9,0.0,101.5
ct,1900,none,6700,SSG 08,0.0,101.5
ct,1900,none,6700,M4A4,0.41,101.5
ct,1900,none,6700,M4A1-S,0.3653,101.5
ct,1900,none,6700,AWP,0.1963,101.5
ct,1900,none,6700,AK-47,0.0203,101.5
ct,1900,none,6700,MP7,0.0,101.5
ct,1900,none,6700,FAMAS,0.0081,101.5
ct,1900,none,6700,AUG,0.0,101.5
ct,1900,none,6750,none,0.0,100.3
ct,1900,none,6750,MP9,0.0,100.3
ct,1900,none,6750,SSG 08,0.0,100.3
ct,1900,none,6750,M4A4,0.3929,100.3
ct,1900,none,6750,M4A1-S,0.3592,100.3
ct,1900,none,6750,AWP,0.2226,100.3
ct,1900,none,6750,AK-47,0.0194,100.3
ct,1900,none,6750,MP7,0.0,100.3
ct,1900,none,6750,FAMAS,0.0059,100.3
ct,1900,none,6750,AUG,0.0,100.3
ct,1900,none,6800,none,0.0,103.2
ct,1900,none,6800,MP9,0.0,103.2
ct,1900,none,6800,SSG 08,0.0,103.2
ct,1900,none,6800,M4A4,0.3912,103.2
ct,1900,none,6800,M4A1-S,0.3681,103.2
ct,1900,none,6800,AWP,0.218,103.2
ct,1900,none,6800,AK-47,0.0182,103.2
ct,1900,none,6800,MP7,0.0,103.2
ct,1900,none,6800,FAMAS,0.0045,103.2
ct,1900,none,6800,AUG,0.0,103.2
ct,1900,none,6850,none,0.0,100.9
ct,1900,none,6850,MP9,0.0,100.9
ct,1900,none,6850,SSG 08,0.0,100.9
ct,1900,none,6850,M4A4,0.3899,100.9
ct,1900,none,6850,M4A1-S,0.3766,100.9
ct,1900,none,6850,AWP,0.2136,100.9
ct,1900,none,6850,AK-47,0.0168,100.9
ct,1900,none,6850,MP7,0.0,100.9
ct,1900,none,6850,FAMAS,0.0031,100.9
ct,1900,none,6850,AUG,0.0,100.9
ct,1900,none,6900,none,0.0,104.1
ct,1900,none,6900,MP9,0.0,104.1
ct,1900,none,6900,SSG 08,0.0,104.1
ct,1900,none,6900,M4A4,0.3918,104.1
ct,1900,none,6900,M4A1-S,0.3835,104.1
ct,1900,none,6900,AWP,0.2079,104.1
ct,1900,none,6900,AK-47,0.0146,104.1
ct,1900,none,6900,MP7,0.0,104.1
ct,1900,none,6900,FAMAS,0.0023,104.1
ct,1900,none,6900,AUG,0.0,104.1
ct,1900,none,6950,none,0.0,103.3
ct,1900,none,6950,MP9,0.0,103.3
ct,1900,none,6950,SSG 08,0.0,103.3
ct,1900,none,6950,M4A4,0.3873,103.3
ct,1900,none,6950,M4A1-S,0.3827,103.3
ct,1900,none,6950,AWP,0.2164,103.3
ct,1900,none,6950,AK-47,0.0122,103.3
ct,1900,none,6950,MP7,0.0,103.3
ct,1900,none,6950,FAMAS,0.0014,103.3
ct,1900,none,6950,AUG,0.0,103.3
ct,1900,none,7000,none,0.0,101.1
ct,1900,none,7000,MP9,0.0,101.1
ct,1900,none,7000,SSG 08,0.0,101.1
ct,1900,none,7000,M4A4,0.391,101.1
ct,1900,none,7000,M4A1-S,0.3857,101.1
ct,1900,none,7000,AWP,0.2125,101.1
ct,1900,none,7000,AK-47,0.0099,101.1
ct,1900,none,7000,MP7,0.0,101.1
ct,1900,none,7000,FAMAS,0.0008,101.1
ct,1900,none,7000,AUG,0.0,101.1
ct,1900,none,7050,none,0.0,103.2
ct,1900,none,7050,MP9,0.0,103.2
ct,1900,none,7050,SSG 08,0.0,103.2
ct,1900,none,7050,M4A4,0.3817,103.2
ct,1900,none,7050,M4A1-S,0.3711,103.2
ct,1900,none,7050,AWP,0.2394,103.2
ct,1900,none,7050,AK-47,0.0073,103.2
ct,1900,none,7050,MP7,0.0,103.2
ct,1900,none,7050,FAMAS,0.0005,103.2
ct,1900,none,7050,AUG,0.0,103.2
ct,1900,none,7100,none,0.0,102.9
ct,1900,none,7100,MP9,0.0,102.9
ct,1900,none,7100,SSG 08,0.0,102.9
ct,1900,none,7100,M4A4,0.381,102.9
ct,1900,none,7100,M4A1-S,0.3603,102.9
ct,1900,none,7100,AWP,0.2533,102.9
ct,1900,none,7100,AK-47,0.0052,102.9
ct,1900,none,7100,MP7,0.0,102.9
ct,1900,none,7100,FAMAS,0.0002,102.9
ct,1900,none,7100,AUG,0.0,102.9
ct,1900,none,7150,none,0.0,102.2
ct,1900,none,7150,MP9,0.0,102.2
ct,1900,none,7150,SSG 08,0.0,102.2
ct,1900,none,7150,M4A4,0.3874,102.2
ct,1900,none,7150,M4A1-S,0.3521,102.2
ct,1900,none,7150,AWP,0.2567,102.2
ct,1900,none,7150,AK-47,0.0036,102.2
ct,1900,none,7150,MP7,0.0,102.2
ct,1900,none,7150,FAMAS,0.0001,102.2
ct,1900,none,7150,AUG,0.0,102.2
ct,1900,none,7200,none,0.0,101.5
ct,1900,none,7200,MP9,0.0,101.5
ct,1900,none,7200,SSG 08,0.0,101.5
ct,1900,none,7200,M4A4,0.3958,101.5
ct,1900,none,7200,M4A1-S,0.3425,101.5
ct,1900,none,7200,AWP,0.2593,101.5
ct,1900,none,7200,AK-47,0.0024,101.5
ct,1900,none,7200,MP7,0.0,101.5
ct,1900,none,7200,FAMAS,0.0001,101.5
ct,1900,none,7200,AUG,0.0,101.5
ct,1900,none,7250,none,0.0,100.6
ct,1900,none,7250,MP9,0.0,100.6
ct,1900,none,7250,SSG 08,0.0,100.6
ct,1900,none,7250,M4A4,0.4057,100.6
ct,1900,none,7250,M4A1-S,0.3323,100.6
ct,1900,none,7250,AWP,0.2604,100.6
ct,1900,none,7250,AK-47,0.0015,100.6
ct,1900,none,7250,MP7,0.0,100.6
ct,1900,none,7250,FAMAS,0.0,100.6
ct,1900,none,7250,AUG,0.0,100.6
ct,1900,none,7300,none,0.0,103.7
ct,1900,none,7300,MP9,0.0,103.7
ct,1900,none,7300,SSG 08,0.0,103.7
ct,1900,none,7300,M4A4,0.4169,103.7
ct,1900,none,7300,M4A1-S,0.3239,103.7
ct,1900,none,7300,AWP,0.2579,103.7
ct,1900,none,7300,AK-47,0.0013,103.7
ct,1900,none,7300,MP7,0.0,103.7
ct,1900,none,7300,FAMAS,0.0,103.7
ct,1900,none,7300,AUG,0.0,103.7
ct,1900,none,7350,none,0.0,102.8
ct,1900,none,7350,MP9,0.0,102.8
ct,1900,none,7350,SSG 08,0.0,102.8
ct,1900,none,7350,M4A4,0.4255,102.8
ct,1900,none,7350,M4A1-S,0.3145,102.8
ct,1900,none,7350,AWP,0.2589,102.8
ct,1900,none,7350,AK-47,0.0011,102.8
ct,1900,none,7350,MP7,0.0,102.8
ct,1900,none,7350,FAMAS,0.0,102.8
ct,1900,none,7350,AUG,0.0,102.8
ct,1900,none,7400,none,0.0,101.0
ct,1900,none,7400,MP9,0.0,101.0
ct,1900,none,7400,SSG 08,0.0,101.0
ct,1900,none,7400,M4A4,0.4355,101.0
ct,1900,none,7400,M4A1-S,0.3079,101.0
ct,1900,none,7400,AWP,0.2554,101.0
ct,1900,none,7400,AK-47,0.0013,101.0
ct,1900,none,7400,MP7,0.0,101.0
ct,1900,none,7400,FAMAS,0.0,101.0
ct,1900,none,7400,AUG,0.0,101.0
ct,1900,none,7450,none,0.0,103.8
ct,1900,none,7450,MP9,0.0,103.8
ct,1900,none,7450,SSG 08,0.0,103.8
ct,1900,none,7450,M4A4,0.4426,103.8
ct,1900,none,7450,M4A1-S,0.3036,103.8
ct,1900,none,7450,AWP,0.2515,103.8
ct,1900,none,7450,AK-47,0.0023,103.8
ct,1900,none,7450,MP7,0.0,103.8
ct,1900,none,7450,FAMAS,0.0,103.8
ct,1900,none,7450,AUG,0.0,103.8
ct,1900,none,7500,none,0.0,102.2
ct,1900,none,7500,MP9,0.0,102.2
ct,1900,none,7500,SSG 08,0.0,102.2
ct,1900,none,7500,M4A4,0.4503,102.2
ct,1900,none,7500,M4A1-S,0.2996,102.2
ct,1900,none,7500,AWP,0.2467,102.2
ct,1900,none,7500,AK-47,0.0034,102.2
ct,1900,none,7500,MP7,0.0,102.2
ct,1900,none,7500,FAMAS,0.0,102.2
ct,1900,none,7500,AUG,0.0,102.2
ct,1900,none,7550,none,0.0,100.6
ct,1900,none,7550,MP9,0.0,100.6
ct,1900,none,7550,SSG 08,0.0,100.6
ct,1900,none,7550,M4A4,0.4571,100.6
ct,1900,none,7550,M4A1-S,0.2964,100.6
ct,1900,none,7550,AWP,0.2414,100.6
ct,1900,none,7550,AK-47,0.0051,100.6
ct,1900,none,7550,MP7,0.0,100.6
ct,1900,none,7550,FAMAS,0.0,100.6
ct,1900,none,7550,AUG,0.0,100.6
ct,1900,none,7600,none,0.0,103.1
ct,1900,none,7600,MP9,0.0,103.1
ct,1900,none,7600,SSG 08,0.0,103.1
ct,1900,none,7600,M4A4,0.4622,103.1
ct,1900,none,7600,M4A1-S,0.2932,103.1
ct,1900,none,7600,AWP,0.2365,103.1
ct,1900,none,7600,AK-47,0.0081,103.1
ct,1900,none,7600,MP7,0.0,103.1
ct,1900,none,7600,FAMAS,0.0,103.1
ct,1900,none,7600,AUG,0.0,103.1
ct,2400,none,800,none,0.9999,104.0
ct,2400,none,800,MAC-10,0.0001,104.0
ct,2400,none,850,none,0.9999,110.5
ct,2400,none,850,MAC-10,0.0001,110.5
ct,2400,none,900,none,0.9999,106.0
ct,2400,none,900,MAC-10,0.0001,106.0
ct,2400,none,950,none,1.0,101.6
ct,2400,none,950,MAC-10,0.0,101.6
ct,2400,none,1000,none,0.9999,108.9
ct,2400,none,1000,MAC-10,0.0001,108.9
ct,2400,none,1050,none,1.0,104.5
ct,2400,none,1050,MAC-10,0.0,104.5
ct,2400,none,1100,none,1.0,100.1
ct,2400,none,1100,MAC-10,0.0,100.1
ct,2400,none,1150,none,0.999,109.2
ct,2400,none,1150,SSG 08,0.0009,109.2
ct,2400,none,1150,MAC-10,0.0001,109.2
ct,2400,none,1200,none,0.9991,105.2
ct,2400,none,1200,SSG 08,0.0009,105.2
ct,2400,none,1200,MAC-10,0.0,105.2
ct,2400,none,1250,none,0.9991,101.2
ct,2400,none,1250,SSG 08,0.0008,101.2
ct,2400,none,1250,MAC-10,0.0,101.2
ct,2400,none,1300,none,0.999,112.0
ct,2400,none,1300,SSG 08,0.0009,112.0
ct,2400,none,1300,MAG-7,0.0,112.0
ct,2400,none,1300,MAC-10,0.0,112.0
ct,2400,none,1350,none,0.9991,109.0
ct,2400,none,1350,SSG 08,0.0009,109.0
ct,2400,none,1350,MAG-7,0.0,109.0
ct,2400,none,1350,MAC-10,0.0,109.0
ct,2400,none,1400,none,0.9991,105.9
ct,2400,none,1400,SSG 08,0.0008,105.9
ct,2400,none,1400,MAG-7,0.0,105.9
ct,2400,none,1400,MAC-10,0.0,105.9
ct,2400,none,1450,none,0.9971,105.1
ct,2400,none,1450,SSG 08,0.0029,105.1
ct,2400,none,1450,MAG-7,0.0,105.1
ct,2400,none,1450,MAC-10,0.0,105.1
ct,2400,none,1500,none,0.9972,103.7
ct,2400,none,1500,SSG 08,0.0028,103.7
ct,2400,none,1500,MAG-7,0.0,103.7
ct,2400,none,1500,MAC-10,0.0,103.7
ct,2400,none,1550,none,0.9973,101.9
ct,2400,none,1550,SSG 08,0.0027,101.9
ct,2400,none,1550,MP9,0.0,101.9
ct,2400,none,1550,MAG-7,0.0,101.9
ct,2400,none,1550,MAC-10,0.0,101.9
ct,2400,none,1600,none,0.9973,101.0
ct,2400,none,1600,SSG 08,0.0027,101.0
ct,2400,none,1600,MP9,0.0,101.0
ct,2400,none,1600,MAG-7,0.0,101.0
ct,2400,none,1600,MAC-10,0.0,101.0
ct,2400,none,1650,none,0.9967,102.8
ct,2400,none,1650,SSG 08,0.0032,102.8
ct,2400,none,1650,MP9,0.0,102.8
ct,2400,none,1650,MAG-7,0.0,102.8
ct,2400,none,1650,MAC-10,0.0,102.8
ct,2400,none,1700,none,0.982,106.6
ct,2400,none,1700,SSG 08,0.018,106.6
ct,2400,none,1700,MP9,0.0,106.6
ct,2400,none,1700,MAG-7,0.0,106.6
ct,2400,none,1700,MAC-10,0.0,106.6
ct,2400,none,1750,none,0.9808,113.8
ct,2400,none,1750,SSG 08,0.0173,113.8
ct,2400,none,1750,MP9,0.0019,113.8
ct,2400,none,1750,MAG-7,0.0,113.8
ct,2400,none,1750,MAC-10,0.0,113.8
ct,2400,none,1800,none,0.9729,108.2
ct,2400,none,1800,SSG 08,0.0151,108.2
ct,2400,none,1800,MP9,0.012,108.2
ct,2400,none,1800,MAG-7,0.0,108.2
ct,2400,none,1800,MAC-10,0.0,108.2
ct,2400,none,1850,none,0.9739,124.2
ct,2400,none,1850,SSG 08,0.0147,124.2
ct,2400,none,1850,MP9,0.0114,124.2
ct,2400,none,1850,MAG-7,0.0,124.2
ct,2400,none,1850,MAC-10,0.0,124.2
ct,2400,none,1900,none,0.8958,103.9
ct,2400,none,1900,SSG 08,0.0242,103.9
ct,2400,none,1900,MP9,0.08,103.9
ct,2400,none,1900,FAMAS,0.0,103.9
ct,2400,none,1900,MAG-7,0.0,103.9
ct,2400,none,1900,MAC-10,0.0,103.9
ct,2400,none,1950,none,0.909,131.5
ct,2400,none,1950,SSG 08,0.0217,131.5
ct,2400,none,1950,MP9,0.0689,131.5
ct,2400,none,1950,FAMAS,0.0005,131.5
ct,2400,none,1950,MAG-7,0.0,131.5
ct,2400,none,1950,MAC-10,0.0,131.5
ct,2400,none,2000,none,0.9263,102.2
ct,2400,none,2000,SSG 08,0.0028,102.2
ct,2400,none,2000,MP9,0.0704,102.2
ct,2400,none,2000,FAMAS,0.0005,102.2
ct,2400,none,2000,MAG-7,0.0,102.2
ct,2400,none,2000,MAC-10,0.0,102.2
ct,2400,none,2050,none,0.879,159.4
ct,2400,none,2050,SSG 08,0.03,159.4
ct,2400,none,2050,MP7,0.0067,159.4
ct,2400,none,2050,MP9,0.0767,159.4
ct,2400,none,2050,FAMAS,0.0076,159.4
ct,2400,none,2050,MAG-7,0.0,159.4
ct,2400,none,2050,MAC-10,0.0,159.4
ct,2400,none,2100,none,0.8103,192.2
ct,2400,none,2100,SSG 08,0.0686,192.2
ct,2400,none,2100,MP7,0.0015,192.2
ct,2400,none,2100,MP9,0.1023,192.2
ct,2400,none,2100,FAMAS,0.0174,192.2
ct,2400,none,2100,MAG-7,0.0,192.2
ct,2400,none,2100,MAC-10,0.0,192.2
ct,2400,none,2150,none,0.7761,163.2
ct,2400,none,2150,SSG 08,0.0312,163.2
ct,2400,none,2150,MP7,0.0338,163.2
ct,2400,none,2150,MP9,0.144,163.2
ct,2400,none,2150,FAMAS,0.0146,163.2
ct,2400,none,2150,MAG-7,0.0003,163.2
ct,2400,none,2150,MAC-10,0.0,163.2
ct,2400,none,2200,none,0.6706,133.0
ct,2400,none,2200,SSG 08,0.042,133.0
ct,2400,none,2200,MP7,0.0259,133.0
ct,2400,none,2200,MP9,0.2284,133.0
ct,2400,none,2200,UMP-45,0.008,133.0
ct,2400,none,2200,FAMAS,0.0168,133.0
ct,2400,none,2200,MAG-7,0.008,133.0
ct,2400,none,2200,MAC-10,0.0004,133.0
ct,2400,none,2250,none,0.6452,145.8
ct,2400,none,2250,SSG 08,0.0248,145.8
ct,2400,none,2250,MP7,0.0175,145.8
ct,2400,none,2250,MP9,0.2877,145.8
ct,2400,none,2250,UMP-45,0.0025,145.8
ct,2400,none,2250,FAMAS,0.0099,145.8
ct,2400,none,2250,MAG-7,0.0025,145.8
ct,2400,none,2250,MAC-10,0.0099,145.8
ct,2400,none,2300,none,0.6844,102.2
ct,2400,none,2300,SSG 08,0.0168,102.2
ct,2400,none,2300,MP7,0.0034,102.2
ct,2400,none,2300,MP9,0.2619,102.2
ct,2400,none,2300,UMP-45,0.0001,102.2
ct,2400,none,2300,FAMAS,0.0267,102.2
ct,2400,none,2300,MAG-7,0.0034,102.2
ct,2400,none,2300,MAC-10,0.0033,102.2
ct,2400,none,2350,none,0.7247,143.0
ct,2400,none,2350,SSG 08,0.0306,143.0
ct,2400,none,2350,MP7,0.0113,143.0
ct,2400,none,2350,MP9,0.1843,143.0
ct,2400,none,2350,UMP-45,0.0,143.0
ct,2400,none,2350,FAMAS,0.0336,143.0
ct,2400,none,2350,MAG-7,0.0151,143.0
ct,2400,none,2350,MAC-10,0.0005,143.0
ct,2400,none,2400,none,0.663,113.1
ct,2400,none,2400,SSG 08,0.0878,113.1
ct,2400,none,2400,MP7,0.0089,113.1
ct,2400,none,2400,MP9,0.1643,113.1
ct,2400,none,2400,UMP-45,0.0,113.1
ct,2400,none,2400,FAMAS,0.0614,113.1
ct,2400,none,2400,MAG-7,0.0146,113.1
ct,2400,none,2400,MAC-10,0.0,113.1
ct,2400,none,2450,none,0.5224,137.5
ct,2400,none,2450,SSG 08,0.1507,137.5
ct,2400,none,2450,MP7,0.0255,137.5
ct,2400,none,2450,MP9,0.2643,137.5
ct,2400,none,2450,UMP-45,0.0,137.5
ct,2400,none,2450,FAMAS,0.0347,137.5
ct,2400,none,2450,MAG-7,0.0023,137.5
ct,2400,none,2450,MAC-10,0.0,137.5
ct,2400,none,2500,none,0.5364,128.5
ct,2400,none,2500,SSG 08,0.0932,128.5
ct,2400,none,2500,MP7,0.0334,128.5
ct,2400,none,2500,MP9,0.301,128.5
ct,2400,none,2500,UMP-45,0.0095,128.5
ct,2400,none,2500,FAMAS,0.0264,128.5
ct,2400,none,2500,MAG-7,0.0,128.5
ct,2400,none,2500,MAC-10,0.0,128.5
ct,2400,none,2550,none,0.4585,134.1
ct,2400,none,2550,SSG 08,0.1002,134.1
ct,2400,none,2550,MP7,0.0217,134.1
ct,2400,none,2550,MP9,0.3866,134.1
ct,2400,none,2550,FAMAS,0.0279,134.1
ct,2400,none,2550,UMP-45,0.0052,134.1
ct,2400,none,2550,MAG-7,0.0,134.1
ct,2400,none,2550,MAC-10,0.0,134.1
ct,2400,none,2600,none,0.4911,105.0
ct,2400,none,2600,SSG 08,0.0906,105.0
ct,2400,none,2600,MP7,0.02,105.0
ct,2400,none,2600,MP9,0.3591,105.0
ct,2400,none,2600,FAMAS,0.0373,105.0
ct,2400,none,2600,UMP-45,0.0019,105.0
ct,2400,none,2600,MAG-7,0.0,105.0
ct,2400,none,2600,MAC-10,0.0,105.0
ct,2400,none,2650,none,0.5673,120.5
ct,2400,none,2650,SSG 08,0.076,120.5
ct,2400,none,2650,MP7,0.0308,120.5
ct,2400,none,2650,MP9,0.2696,120.5
ct,2400,none,2650,FAMAS,0.0549,120.5
ct,2400,none,2650,UMP-45,0.0014,120.5
ct,2400,none,2650,MAG-7,0.0,120.5
ct,2400,none,2650,MAC-10,0.0,120.5
ct,2400,none,2700,none,0.6385,118.2
ct,2400,none,2700,SSG 08,0.0682,118.2
ct,2400,none,2700,MP7,0.0295,118.2
ct,2400,none,2700,MP9,0.1952,118.2
ct,2400,none,2700,M4A1-S,0.0006,118.2
ct,2400,none,2700,FAMAS,0.0674,118.2
ct,2400,none,2700,UMP-45,0.0006,118.2
ct,2400,none,2700,MAG-7,0.0,118.2
ct,2400,none,2700,MAC-10,0.0,118.2
ct,2400,none,2750,none,0.6201,115.6
ct,2400,none,2750,SSG 08,0.0625,115.6
ct,2400,none,2750,MP7,0.0279,115.6
ct,2400,none,2750,MP9,0.2188,115.6
ct,2400,none,2750,M4A1-S,0.0031,115.6
ct,2400,none,2750,FAMAS,0.0672,115.6
ct,2400,none,2750,UMP-45,0.0003,115.6
ct,2400,none,2750,MAG-7,0.0,115.6
ct,2400,none,2750,MAC-10,0.0,115.6
ct,2400,none,2800,none,0.6068,104.4
ct,2400,none,2800,SSG 08,0.0554,104.4
ct,2400,none,2800,MP7,0.0268,104.4
ct,2400,none,2800,MP9,0.1811,104.4
ct,2400,none,2800,FAMAS,0.1232,104.4
ct,2400,none,2800,M4A1-S,0.0066,104.4
ct,2400,none,2800,UMP-45,0.0,104.4
ct,2400,none,2800,MAG-7,0.0,104.4
ct,2400,none,2800,MAC-10,0.0,104.4
ct,2400,none,2850,none,0.6159,103.2
ct,2400,none,2850,SSG 08,0.0468,103.2
ct,2400,none,2850,MP7,0.0253,103.2
ct,2400,none,2850,MP9,0.1769,103.2
ct,2400,none,2850,FAMAS,0.1243,103.2
ct,2400,none,2850,M4A1-S,0.0108,103.2
ct,2400,none,2850,UMP-45,0.0,103.2
ct,2400,none,2850,MAG-7,0.0,103.2
ct,2400,none,2850,MAC-10,0.0,103.2
ct,2400,none,2900,none,0.6052,105.8
ct,2400,none,2900,SSG 08,0.0481,105.8
ct,2400,none,2900,MP7,0.021,105.8
ct,2400,none,2900,MP9,0.1601,105.8
ct,2400,none,2900,FAMAS,0.1269,105.8
ct,2400,none,2900,M4A1-S,0.0126,105.8
ct,2400,none,2900,UMP-45,0.0126,105.8
ct,2400,none,2900,MAG-7,0.0,105.8
ct,2400,none,2900,MAC-10,0.0,105.8
ct,2400,none,2900,M4A4,0.0135,105.8
ct,2400,none,2950,none,0.6183,107.3
ct,2400,none,2950,SSG 08,0.0501,107.3
ct,2400,none,2950,MP7,0.0171,107.3
ct,2400,none,2950,MP9,0.1404,107.3
ct,2400,none,2950,FAMAS,0.1323,107.3
ct,2400,none,2950,M4A1-S,0.0128,107.3
ct,2400,none,2950,UMP-45,0.0128,107.3
ct,2400,none,2950,MAG-7,0.0,107.3
ct,2400,none,2950,MAC-10,0.0,107.3
ct,2400,none,2950,M4A4,0.0162,107.3
ct,2400,none,3000,none,0.6276,107.4
ct,2400,none,3000,SSG 08,0.0468,107.4
ct,2400,none,3000,MP7,0.0129,107.4
ct,2400,none,3000,MP9,0.1479,107.4
ct,2400,none,3000,FAMAS,0.1236,107.4
ct,2400,none,3000,M4A1-S,0.0112,107.4
ct,2400,none,3000,UMP-45,0.0112,107.4
ct,2400,none,3000,MAG-7,0.0,107.4
ct,2400,none,3000,MAC-10,0.0,107.4
ct,2400,none,3000,M4A4,0.0189,107.4
ct,2400,none,3050,none,0.6509,102.2
ct,2400,none,3050,SSG 08,0.0444,102.2
ct,2400,none,3050,MP7,0.0094,102.2
ct,2400,none,3050,MP9,0.1447,102.2
ct,2400,none,3050,FAMAS,0.1112,102.2
ct,2400,none,3050,M4A1-S,0.009,102.2
ct,2400,none,3050,UMP-45,0.009,102.2
ct,2400,none,3050,MAG-7,0.0,102.2
ct,2400,none,3050,MAC-10,0.0,102.2
ct,2400,none,3050,M4A4,0.0214,102.2
ct,2400,none,3100,none,0.6694,102.3
ct,2400,none,3100,SSG 08,0.0428,102.3
ct,2400,none,3100,MP7,0.0076,102.3
ct,2400,none,3100,MP9,0.1339,102.3
ct,2400,none,3100,FAMAS,0.0953,102.3
ct,2400,none,3100,M4A1-S,0.0223,102.3
ct,2400,none,3100,UMP-45,0.007,102.3
ct,2400,none,3100,MAG-7,0.0,102.3
ct,2400,none,3100,MAC-10,0.0,102.3
ct,2400,none,3100,M4A4,0.0216,102.3
ct,2400,none,3150,none,0.6938,100.6
ct,2400,none,3150,SSG 08,0.0419,100.6
ct,2400,none,3150,MP7,0.0066,100.6
ct,2400,none,3150,MP9,0.1274,100.6
ct,2400,none,3150,FAMAS,0.0834,100.6
ct,2400,none,3150,M4A1-S,0.0203,100.6
ct,2400,none,3150,UMP-45,0.0058,100.6
ct,2400,none,3150,MAG-7,0.0,100.6
ct,2400,none,3150,MAC-10,0.0,100.6
ct,2400,none,3150,M4A4,0.0209,100.6
ct,2400,none,3200,none,0.6479,105.4
ct,2400,none,3200,SSG 08,0.0373,105.4
ct,2400,none,3200,MP7,0.0054,105.4
ct,2400,none,3200,MP9,0.1365,105.4
ct,2400,none,3200,FAMAS,0.1079,105.4
ct,2400,none,3200,M4A1-S,0.0166,105.4
ct,2400,none,3200,UMP-45,0.0045,105.4
ct,2400,none,3200,M4A4,0.0316,105.4
ct,2400,none,3200,AK-47,0.0122,105.4
ct,2400,none,3200,MAG-7,0.0,105.4
ct,2400,none,3200,MAC-10,0.0,105.4
ct,2400,none,3250,none,0.647,106.0
ct,2400,none,3250,SSG 08,0.0361,106.0
ct,2400,none,3250,MP7,0.0183,106.0
ct,2400,none,3250,MP9,0.1365,106.0
ct,2400,none,3250,FAMAS,0.1004,106.0
ct,2400,none,3250,M4A1-S,0.0147,106.0
ct,2400,none,3250,UMP-45,0.0039,106.0
ct,2400,none,3250,M4A4,0.0296,106.0
ct,2400,none,3250,AK-47,0.0134,106.0
ct,2400,none,3250,MAG-7,0.0,106.0
ct,2400,none,3250,MAC-10,0.0,106.0
ct,2400,none,3300,none,0.647,100.7
ct,2400,none,3300,SSG 08,0.0478,100.7
ct,2400,none,3300,MP7,0.0186,100.7
ct,2400,none,3300,MP9,0.1349,100.7
ct,2400,none,3300,FAMAS,0.0927,100.7
ct,2400,none,3300,M4A1-S,0.0132,100.7
ct,2400,none,3300,UMP-45,0.0032,100.7
ct,2400,none,3300,M4A4,0.0282,100.7
ct,2400,none,3300,AK-47,0.0145,100.7
ct,2400,none,3300,MAG-7,0.0,100.7
ct,2400,none,3300,MAC-10,0.0,100.7
ct,2400,none,3350,none,0.6333,104.5
ct,2400,none,3350,SSG 08,0.0485,104.5
ct,2400,none,3350,MP7,0.0179,104.5
ct,2400,none,3350,MP9,0.1623,104.5
ct,2400,none,3350,FAMAS,0.0842,104.5
ct,2400,none,3350,M4A1-S,0.0116,104.5
ct,2400,none,3350,UMP-45,0.0029,104.5
ct,2400,none,3350,M4A4,0.0253,104.5
ct,2400,none,3350,AK-47,0.0141,104.5
ct,2400,none,3350,MAG-7,0.0,104.5
ct,2400,none,3350,MAC-10,0.0,104.5
ct,2400,none,3400,none,0.6274,101.7
ct,2400,none,3400,SSG 08,0.0496,101.7
ct,2400,none,3400,MP7,0.0173,101.7
ct,2400,none,3400,MP9,0.1669,101.7
ct,2400,none,3400,FAMAS,0.0889,101.7
ct,2400,none,3400,M4A1-S,0.0102,101.7
ct,2400,none,3400,UMP-45,0.0024,101.7
ct,2400,none,3400,M4A4,0.0232,101.7
ct,2400,none,3400,AK-47,0.0141,101.7
ct,2400,none,3400,MAG-7,0.0,101.7
ct,2400,none,3400,MAC-10,0.0,101.7
ct,2400,none,3450,none,0.6279,104.0
ct,2400,none,3450,SSG 08,0.0524,104.0
ct,2400,none,3450,MP7,0.0165,104.0
ct,2400,none,3450,MP9,0.1722,104.0
ct,2400,none,3450,FAMAS,0.085,104.0
ct,2400,none,3450,M4A1-S,0.0093,104.0
ct,2400,none,3450,UMP-45,0.0023,104.0
ct,2400,none,3450,M4A4,0.0212,104.0
ct,2400,none,3450,AK-47,0.0133,104.0
ct,2400,none,3450,MAG-7,0.0,104.0
ct,2400,none,3450,MAC-10,0.0,104.0
ct,2400,none,3500,none,0.628,105.5
ct,2400,none,3500,SSG 08,0.0559,105.5
ct,2400,none,3500,MP7,0.0157,105.5
ct,2400,none,3500,MP9,0.1767,105.5
ct,2400,none,3500,FAMAS,0.0812,105.5
ct,2400,none,3500,M4A1-S,0.0085,105.5
ct,2400,none,3500,UMP-45,0.0022,105.5
ct,2400,none,3500,M4A4,0.0194,105.5
ct,2400,none,3500,AK-47,0.0124,105.5
ct,2400,none,3500,MAG-7,0.0,105.5
ct,2400,none,3500,MAC-10,0.0,105.5
ct,2400,none,3550,none,0.5762,104.7
ct,2400,none,3550,SSG 08,0.0548,104.7
ct,2400,none,3550,MP7,0.0135,104.7
ct,2400,none,3550,MP9,0.1789,104.7
ct,2400,none,3550,FAMAS,0.0836,104.7
ct,2400,none,3550,M4A1-S,0.0639,104.7
ct,2400,none,3550,UMP-45,0.0017,104.7
ct,2400,none,3550,M4A4,0.0163,104.7
ct,2400,none,3550,AK-47,0.011,104.7
ct,2400,none,3550,MAG-7,0.0,104.7
ct,2400,none,3550,MAC-10,0.0,104.7
ct,2400,none,3600,none,0.5535,100.2
ct,2400,none,3600,SSG 08,0.0569,100.2
ct,2400,none,3600,MP7,0.0122,100.2
ct,2400,none,3600,MP9,0.1769,100.2
ct,2400,none,3600,FAMAS,0.1087,100.2
ct,2400,none,3600,M4A1-S,0.0661,100.2
ct,2400,none,3600,UMP-45,0.0015,100.2
ct,2400,none,3600,M4A4,0.0143,100.2
ct,2400,none,3600,AK-47,0.01,100.2
ct,2400,none,3600,MAG-7,0.0,100.2
ct,2400,none,3600,MAC-10,0.0,100.2
ct,2400,none,3650,none,0.5411,100.2
ct,2400,none,3650,SSG 08,0.0608,100.2
ct,2400,none,3650,MP7,0.0113,100.2
ct,2400,none,3650,MP9,0.1768,100.2
ct,2400,none,3650,FAMAS,0.1207,100.2
ct,2400,none,3650,M4A1-S,0.0657,100.2
ct,2400,none,3650,UMP-45,0.0014,100.2
ct,2400,none,3650,M4A4,0.0131,100.2
ct,2400,none,3650,AK-47,0.0091,100.2
ct,2400,none,3650,MAG-7,0.0,100.2
ct,2400,none,3650,MAC-10,0.0,100.2
ct,2400,none,3700,none,0.5149,102.0
ct,2400,none,3700,SSG 08,0.0629,102.0
ct,2400,none,3700,MP7,0.0103,102.0
ct,2400,none,3700,MP9,0.1715,102.0
ct,2400,none,3700,FAMAS,0.1564,102.0
ct,2400,none,3700,M4A1-S,0.0627,102.0
ct,2400,none,3700,UMP-45,0.0013,102.0
ct,2400,none,3700,M4A4,0.0118,102.0
ct,2400,none,3700,AK-47,0.0081,102.0
ct,2400,none,3700,MAG-7,0.0,102.0
ct,2400,none,3700,MAC-10,0.0,102.0
ct,2400,none,3750,none,0.4897,104.0
ct,2400,none,3750,SSG 08,0.0646,104.0
ct,2400,none,3750,MP7,0.0094,104.0
ct,2400,none,3750,MP9,0.1658,104.0
ct,2400,none,3750,FAMAS,0.1486,104.0
ct,2400,none,3750,M4A1-S,0.088,104.0
ct,2400,none,3750,UMP-45,0.0013,104.0
ct,2400,none,3750,M4A4,0.0254,104.0
ct,2400,none,3750,AK-47,0.0072,104.0
ct,2400,none,3750,MAG-7,0.0,104.0
ct,2400,none,3750,MAC-10,0.0,104.0
ct,2400,none,3800,none,0.4865,104.5
ct,2400,none,3800,SSG 08,0.0686,104.5
ct,2400,none,3800,MP7,0.009,104.5
ct,2400,none,3800,MP9,0.1695,104.5
ct,2400,none,3800,FAMAS,0.1464,104.5
ct,2400,none,3800,M4A1-S,0.0867,104.5
ct,2400,none,3800,UMP-45,0.0012,104.5
ct,2400,none,3800,M4A4,0.0253,104.5
ct,2400,none,3800,AK-47,0.0067,104.5
ct,2400,none,3800,MAG-7,0.0001,104.5
ct,2400,none,3800,MAC-10,0.0,104.5
ct,2400,none,3850,none,0.4089,104.0
ct,2400,none,3850,SSG 08,0.0627,104.0
ct,2400,none,3850,MP7,0.0069,104.0
ct,2400,none,3850,MP9,0.1601,104.0
ct,2400,none,3850,FAMAS,0.1265,104.0
ct,2400,none,3850,M4A1-S,0.1511,104.0
ct,2400,none,3850,M4A4,0.0775,104.0
ct,2400,none,3850,UMP-45,0.0009,104.0
ct,2400,none,3850,AK-47,0.0054,104.0
ct,2400,none,3850,MAG-7,0.0,104.0
ct,2400,none,3850,MAC-10,0.0,104.0
ct,2400,none,3900,none,0.3843,102.6
ct,2400,none,3900,SSG 08,0.0631,102.6
ct,2400,none,3900,MP7,0.0061,102.6
ct,2400,none,3900,MP9,0.1544,102.6
ct,2400,none,3900,FAMAS,0.1459,102.6
ct,2400,none,3900,M4A1-S,0.1634,102.6
ct,2400,none,3900,M4A4,0.0771,102.6
ct,2400,none,3900,UMP-45,0.0007,102.6
ct,2400,none,3900,AK-47,0.0047,102.6
ct,2400,none,3900,MAG-7,0.0,102.6
ct,2400,none,3900,MAC-10,0.0,102.6
ct,2400,none,3950,none,0.3827,103.3
ct,2400,none,3950,SSG 08,0.0654,103.3
ct,2400,none,3950,MP7,0.0059,103.3
ct,2400,none,3950,MP9,0.1559,103.3
ct,2400,none,3950,FAMAS,0.1432,103.3
ct,2400,none,3950,M4A1-S,0.1634,103.3
ct,2400,none,3950,M4A4,0.0781,103.3
ct,2400,none,3950,UMP-45,0.0008,103.3
ct,2400,none,3950,AK-47,0.0045,103.3
ct,2400,none,3950,MAG-7,0.0,103.3
ct,2400,none,3950,MAC-10,0.0,103.3
ct,2400,none,4000,none,0.3767,100.1
ct,2400,none,4000,SSG 08,0.0678,100.1
ct,2400,none,4000,MP7,0.0055,100.1
ct,2400,none,4000,MP9,0.1568,100.1
ct,2400,none,4000,FAMAS,0.1414,100.1
ct,2400,none,4000,M4A1-S,0.1664,100.1
ct,2400,none,4000,M4A4,0.0805,100.1
ct,2400,none,4000,UMP-45,0.0007,100.1
ct,2400,none,4000,AK-47,0.0042,100.1
ct,2400,none,4000,MAG-7,0.0,100.1
ct,2400,none,4000,MAC-10,0.0,100.1
ct,2400,none,4050,none,0.3129,102.6
ct,2400,none,4050,SSG 08,0.0604,102.6
ct,2400,none,4050,MP7,0.004,102.6
ct,2400,none,4050,MP9,0.1343,102.6
ct,2400,none,4050,FAMAS,0.1197,102.6
ct,2400,none,4050,M4A1-S,0.2796,102.6
ct,2400,none,4050,M4A4,0.0854,102.6
ct,2400,none,4050,UMP-45,0.0005,102.6
ct,2400,none,4050,AK-47,0.0032,102.6
ct,2400,none,4050,MAG-7,0.0,102.6
ct,2400,none,4050,MAC-10,0.0,102.6
ct,2400,none,4100,none,0.3129,102.9
ct,2400,none,4100,SSG 08,0.0612,102.9
ct,2400,none,4100,MP7,0.004,102.9
ct,2400,none,4100,MP9,0.1351,102.9
ct,2400,none,4100,FAMAS,0.1161,102.9
ct,2400,none,4100,M4A1-S,0.2811,102.9
ct,2400,none,4100,M4A4,0.0861,102.9
ct,2400,none,4100,UMP-45,0.0005,102.9
ct,2400,none,4100,AK-47,0.0031,102.9
ct,2400,none,4100,MAG-7,0.0,102.9
ct,2400,none,4100,MAC-10,0.0,102.9
ct,2400,none,4150,none,0.2491,100.5
ct,2400,none,4150,SSG 08,0.0545,100.5
ct,2400,none,4150,MP7,0.0025,100.5
ct,2400,none,4150,MP9,0.1133,100.5
ct,2400,none,4150,FAMAS,0.0961,100.5
ct,2400,none,4150,M4A1-S,0.3135,100.5
ct,2400,none,4150,M4A4,0.1687,100.5
ct,2400,none,4150,UMP-45,0.0002,100.5
ct,2400,none,4150,AK-47,0.0021,100.5
ct,2400,none,4150,MAG-7,0.0,100.5
ct,2400,none,4150,MAC-10,0.0,100.5
ct,2400,none,4200,none,0.2374,100.1
ct,2400,none,4200,SSG 08,0.0532,100.1
ct,2400,none,4200,MP7,0.0022,100.1
ct,2400,none,4200,MP9,0.1093,100.1
ct,2400,none,4200,FAMAS,0.0893,100.1
ct,2400,none,4200,M4A1-S,0.325,100.1
ct,2400,none,4200,M4A4,0.1814,100.1
ct,2400,none,4200,UMP-45,0.0002,100.1
ct,2400,none,4200,AK-47,0.0018,100.1
ct,2400,none,4200,MAG-7,0.0,100.1
ct,2400,none,4200,MAC-10,0.0,100.1
ct,2400,none,4250,none,0.2211,101.0
ct,2400,none,4250,SSG 08,0.0503,101.0
ct,2400,none,4250,MP7,0.0019,101.0
ct,2400,none,4250,MP9,0.1028,101.0
ct,2400,none,4250,FAMAS,0.1072,101.0
ct,2400,none,4250,M4A1-S,0.3373,101.0
ct,2400,none,4250,M4A4,0.1777,101.0
ct,2400,none,4250,UMP-45,0.0002,101.0
ct,2400,none,4250,AK-47,0.0016,101.0
ct,2400,none,4250,MAG-7,0.0,101.0
ct,2400,none,4250,MAC-10,0.0,101.0
ct,2400,none,4300,none,0.2199,101.6
ct,2400,none,4300,SSG 08,0.0491,101.6
ct,2400,none,4300,MP7,0.0019,101.6
ct,2400,none,4300,MP9,0.1016,101.6
ct,2400,none,4300,FAMAS,0.1171,101.6
ct,2400,none,4300,M4A1-S,0.3308,101.6
ct,2400,none,4300,M4A4,0.1779,101.6
ct,2400,none,4300,UMP-45,0.0002,101.6
ct,2400,none,4300,AK-47,0.0015,101.6
ct,2400,none,4300,MAG-7,0.0,101.6
ct,2400,none,4300,MAC-10,0.0,101.6
ct,2400,none,4350,none,0.1507,101.5
ct,2400,none,4350,SSG 08,0.0393,101.5
ct,2400,none,4350,MP7,0.0007,101.5
ct,2400,none,4350,MP9,0.0752,101.5
ct,2400,none,4350,FAMAS,0.0892,101.5
ct,2400,none,4350,M4A1-S,0.3417,101.5
ct,2400,none,4350,M4A4,0.3026,101.5
ct,2400,none,4350,UMP-45,0.0,101.5
ct,2400,none,4350,AK-47,0.0006,101.5
ct,2400,none,4350,MAG-7,0.0,101.5
ct,2400,none,4350,MAC-10,0.0,101.5
ct,2400,none,4400,none,0.1451,100.7
ct,2400,none,4400,SSG 08,0.0372,100.7
ct,2400,none,4400,MP7,0.0006,100.7
ct,2400,none,4400,MP9,0.0722,100.7
ct,2400,none,4400,FAMAS,0.0841,100.7
ct,2400,none,4400,M4A1-S,0.344,100.7
ct,2400,none,4400,M4A4,0.3162,100.7
ct,2400,none,4400,UMP-45,0.0,100.7
ct,2400,none,4400,AK-47,0.0006,100.7
ct,2400,none,4400,MAG-7,0.0,100.7
ct,2400,none,4400,MAC-10,0.0,100.7
ct,2400,none,4450,none,0.151,101.9
ct,2400,none,4450,SSG 08,0.0364,101.9
ct,2400,none,4450,MP7,0.0007,101.9
ct,2400,none,4450,MP9,0.073,101.9
ct,2400,none,4450,FAMAS,0.083,101.9
ct,2400,none,4450,M4A1-S,0.3387,101.9
ct,2400,none,4450,M4A4,0.3165,101.9
ct,2400,none,4450,UMP-45,0.0001,101.9
ct,2400,none,4450,AK-47,0.0006,101.9
ct,2400,none,4450,MAG-7,0.0,101.9
ct,2400,none,4450,MAC-10,0.0,101.9
ct,2400,none,4500,none,0.1346,100.2
ct,2400,none,4500,SSG 08,0.0328,100.2
ct,2400,none,4500,MP7,0.0005,100.2
ct,2400,none,4500,MP9,0.0658,100.2
ct,2400,none,4500,FAMAS,0.0736,100.2
ct,2400,none,4500,M4A1-S,0.3564,100.2
ct,2400,none,4500,M4A4,0.3228,100.2
ct,2400,none,4500,AK-47,0.0134,100.2
ct,2400,none,4500,UMP-45,0.0,100.2
ct,2400,none,4500,MAG-7,0.0,100.2
ct,2400,none,4500,MAC-10,0.0,100.2
ct,2400,none,4550,none,0.1055,101.6
ct,2400,none,4550,SSG 08,0.0261,101.6
ct,2400,none,4550,MP7,0.0002,101.6
ct,2400,none,4550,MP9,0.0525,101.6
ct,2400,none,4550,FAMAS,0.0569,101.6
ct,2400,none,4550,M4A1-S,0.3932,101.6
ct,2400,none,4550,M4A4,0.3407,101.6
ct,2400,none,4550,AK-47,0.0249,101.6
ct,2400,none,4550,UMP-45,0.0,101.6
ct,2400,none,4550,MAG-7,0.0,101.6
ct,2400,none,4550,MAC-10,0.0,101.6
ct,2400,none,4600,none,0.1039,100.6
ct,2400,none,4600,SSG 08,0.0244,100.6
ct,2400,none,4600,M4A1-S,0.3999,100.6
ct,2400,none,4600,MP7,0.0002,100.6
ct,2400,none,4600,MP9,0.0505,100.6
ct,2400,none,4600,FAMAS,0.0533,100.6
ct,2400,none,4600,M4A4,0.338,100.6
ct,2400,none,4600,AK-47,0.0297,100.6
ct,2400,none,4600,UMP-45,0.0,100.6
ct,2400,none,4600,MAG-7,0.0,100.6
ct,2400,none,4600,MAC-10,0.0,100.6
ct,2400,none,4650,none,0.0757,101.1
ct,2400,none,4650,SSG 08,0.0161,101.1
ct,2400,none,4650,M4A1-S,0.4097,101.1
ct,2400,none,4650,MP7,0.0,101.1
ct,2400,none,4650,MP9,0.0366,101.1
ct,2400,none,4650,FAMAS,0.0345,101.1
ct,2400,none,4650,M4A4,0.3998,101.1
ct,2400,none,4650,AK-47,0.0275,101.1
ct,2400,none,4650,UMP-45,0.0,101.1
ct,2400,none,4650,MAG-7,0.0,101.1
ct,2400,none,4650,MAC-10,0.0,101.1
ct,2400,none,4700,none,0.071,101.5
ct,2400,none,4700,SSG 08,0.0135,101.5
ct,2400,none,4700,M4A1-S,0.41,101.5
ct,2400,none,4700,MP7,0.0,101.5
ct,2400,none,4700,MP9,0.0328,101.5
ct,2400,none,4700,FAMAS,0.0291,101.5
ct,2400,none,4700,M4A4,0.4047,101.5
ct,2400,none,4700,AK-47,0.0389,101.5
ct,2400,none,4700,UMP-45,0.0,101.5
ct,2400,none,4700,MAG-7,0.0,101.5
ct,2400,none,4700,MAC-10,0.0,101.5
ct,2400,none,4750,none,0.0692,101.5
ct,2400,none,4750,SSG 08,0.0119,101.5
ct,2400,none,4750,M4A1-S,0.3963,101.5
ct,2400,none,4750,MP7,0.0,101.5
ct,2400,none,4750,MP9,0.0305,101.5
ct,2400,none,4750,FAMAS,0.026,101.5
ct,2400,none,4750,M4A4,0.4264,101.5
ct,2400,none,4750,AK-47,0.0398,101.5
ct,2400,none,4750,UMP-45,0.0,101.5
ct,2400,none,4750,MAG-7,0.0,101.5
ct,2400,none,4750,MAC-10,0.0,101.5
ct,2400,none,4800,none,0.0707,100.4
ct,2400,none,4800,SSG 08,0.0115,100.4
ct,2400,none,4800,M4A1-S,0.3957,100.4
ct,2400,none,4800,MP7,0.0,100.4
ct,2400,none,4800,MP9,0.0298,100.4
ct,2400,none,4800,FAMAS,0.0252,100.4
ct,2400,none,4800,M4A4,0.4255,100.4
ct,2400,none,4800,AK-47,0.0416,100.4
ct,2400,none,4800,UMP-45,0.0,100.4
ct,2400,none,4800,MAG-7,0.0,100.4
ct,2400,none,4800,MAC-10,0.0,100.4
ct,2400,none,4850,none,0.0529,102.0
ct,2400,none,4850,SSG 08,0.0049,102.0
ct,2400,none,4850,M4A1-S,0.4305,102.0
ct,2400,none,4850,MP7,0.0,102.0
ct,2400,none,4850,MP9,0.0192,102.0
ct,2400,none,4850,FAMAS,0.0118,102.0
ct,2400,none,4850,M4A4,0.444,102.0
ct,2400,none,4850,AK-47,0.0366,102.0
ct,2400,none,4850,UMP-45,0.0,102.0
ct,2400,none,4850,MAG-7,0.0,102.0
ct,2400,none,4850,MAC-10,0.0,102.0
ct,2400,none,4900,none,0.0514,100.6
ct,2400,none,4900,SSG 08,0.0042,100.6
ct,2400,none,4900,M4A1-S,0.4363,100.6
ct,2400,none,4900,MP7,0.0,100.6
ct,2400,none,4900,MP9,0.0172,100.6
ct,2400,none,4900,FAMAS,0.0102,100.6
ct,2400,none,4900,M4A4,0.4439,100.6
ct,2400,none,4900,AK-47,0.0367,100.6
ct,2400,none,4900,UMP-45,0.0,100.6
ct,2400,none,4900,MAG-7,0.0,100.6
ct,2400,none,4900,MAC-10,0.0,100.6
ct,2400,none,4950,none,0.0509,100.3
ct,2400,none,4950,SSG 08,0.0041,100.3
ct,2400,none,4950,M4A1-S,0.4342,100.3
ct,2400,none,4950,MP7,0.0,100.3
ct,2400,none,4950,MP9,0.0162,100.3
ct,2400,none,4950,FAMAS,0.0098,100.3
ct,2400,none,4950,M4A4,0.4476,100.3
ct,2400,none,4950,AK-47,0.0372,100.3
ct,2400,none,4950,UMP-45,0.0,100.3
ct,2400,none,4950,MAG-7,0.0,100.3
ct,2400,none,4950,MAC-10,0.0,100.3
ct,2400,none,5000,none,0.048,100.7
ct,2400,none,5000,SSG 08,0.0035,100.7
ct,2400,none,5000,M4A1-S,0.4521,100.7
ct,2400,none,5000,MP7,0.0,100.7
ct,2400,none,5000,MP9,0.0143,100.7
ct,2400,none,5000,FAMAS,0.0084,100.7
ct,2400,none,5000,M4A4,0.4376,100.7
ct,2400,none,5000,AK-47,0.0362,100.7
ct,2400,none,5000,UMP-45,0.0,100.7
ct,2400,none,5000,MAG-7,0.0,100.7
ct,2400,none,5000,MAC-10,0.0,100.7
ct,2400,none,5050,none,0.0435,100.7
ct,2400,none,5050,SSG 08,0.0026,100.7
ct,2400,none,5050,M4A1-S,0.4604,100.7
ct,2400,none,5050,MP7,0.0,100.7
ct,2400,none,5050,MP9,0.0117,100.7
ct,2400,none,5050,FAMAS,0.0064,100.7
ct,2400,none,5050,M4A4,0.4411,100.7
ct,2400,none,5050,AK-47,0.0342,100.7
ct,2400,none,5050,UMP-45,0.0,100.7
ct,2400,none,5050,MAG-7,0.0,100.7
ct,2400,none,5050,MAC-10,0.0,100.7
ct,2400,none,5100,none,0.0425,100.5
ct,2400,none,5100,SSG 08,0.0026,100.5
ct,2400,none,5100,M4A1-S,0.4556,100.5
ct,2400,none,5100,MP7,0.0,100.5
ct,2400,none,5100,MP9,0.0112,100.5
ct,2400,none,5100,FAMAS,0.0063,100.5
ct,2400,none,5100,M4A4,0.4476,100.5
ct,2400,none,5100,AK-47,0.0342,100.5
ct,2400,none,5100,UMP-45,0.0,100.5
ct,2400,none,5100,MAG-7,0.0,100.5
ct,2400,none,5100,MAC-10,0.0,100.5
ct,2400,none,5150,none,0.0424,101.7
ct,2400,none,5150,SSG 08,0.0029,101.7
ct,2400,none,5150,M4A1-S,0.455,101.7
ct,2400,none,5150,MP7,0.0,101.7
ct,2400,none,5150,MP9,0.0114,101.7
ct,2400,none,5150,FAMAS,0.0069,101.7
ct,2400,none,5150,M4A4,0.447,101.7
ct,2400,none,5150,AK-47,0.0344,101.7
ct,2400,none,5150,UMP-45,0.0,101.7
ct,2400,none,5150,MAG-7,0.0,101.7
ct,2400,none,5150,MAC-10,0.0,101.7
ct,2400,none,5200,none,0.0345,101.7
ct,2400,none,5200,SSG 08,0.0014,101.7
ct,2400,none,5200,M4A1-S,0.4767,101.7
ct,2400,none,5200,MP7,0.0,101.7
ct,2400,none,5200,MP9,0.0075,101.7
ct,2400,none,5200,FAMAS,0.0036,101.7
ct,2400,none,5200,M4A4,0.446,101.7
ct,2400,none,5200,AK-47,0.0303,101.7
ct,2400,none,5200,UMP-45,0.0,101.7
ct,2400,none,5200,MAG-7,0.0,101.7
ct,2400,none,5200,MAC-10,0.0,101.7
ct,2400,none,5250,none,0.03,102.0
ct,2400,none,5250,SSG 08,0.001,102.0
ct,2400,none,5250,M4A1-S,0.4416,102.0
ct,2400,none,5250,MP7,0.0,102.0
ct,2400,none,5250,MP9,0.0058,102.0
ct,2400,none,5250,FAMAS,0.0027,102.0
ct,2400,none,5250,M4A4,0.4508,102.0
ct,2400,none,5250,AK-47,0.0276,102.0
ct,2400,none,5250,UMP-45,0.0,102.0
ct,2400,none,5250,AWP,0.0405,102.0
ct,2400,none,5250,MAG-7,0.0,102.0
ct,2400,none,5250,MAC-10,0.0,102.0
ct,2400,none,5300,none,0.029,101.3
ct,2400,none,5300,SSG 08,0.0011,101.3
ct,2400,none,5300,M4A1-S,0.4431,101.3
ct,2400,none,5300,MP7,0.0,101.3
ct,2400,none,5300,MP9,0.0057,101.3
ct,2400,none,5300,FAMAS,0.0027,101.3
ct,2400,none,5300,M4A4,0.45,101.3
ct,2400,none,5300,AK-47,0.0272,101.3
ct,2400,none,5300,UMP-45,0.0,101.3
ct,2400,none,5300,AWP,0.0412,101.3
ct,2400,none,5300,MAG-7,0.0,101.3
ct,2400,none,5300,MAC-10,0.0,101.3
ct,2400,none,5350,none,0.0278,101.5
ct,2400,none,5350,SSG 08,0.0011,101.5
ct,2400,none,5350,M4A1-S,0.4525,101.5
ct,2400,none,5350,MP7,0.0,101.5
ct,2400,none,5350,MP9,0.0055,101.5
ct,2400,none,5350,FAMAS,0.0028,101.5
ct,2400,none,5350,M4A4,0.4428,101.5
ct,2400,none,5350,AK-47,0.0265,101.5
ct,2400,none,5350,UMP-45,0.0,101.5
ct,2400,none,5350,AWP,0.041,101.5
ct,2400,none,5350,MAG-7,0.0,101.5
ct,2400,none,5350,MAC-10,0.0,101.5
ct,2400,none,5400,none,0.0256,101.2
ct,2400,none,5400,SSG 08,0.001,101.2
ct,2400,none,5400,M4A1-S,0.4387,101.2
ct,2400,none,5400,MP7,0.0,101.2
ct,2400,none,5400,MP9,0.0049,101.2
ct,2400,none,5400,FAMAS,0.0025,101.2
ct,2400,none,5400,M4A4,0.4618,101.2
ct,2400,none,5400,AK-47,0.0251,101.2
ct,2400,none,5400,UMP-45,0.0,101.2
ct,2400,none,5400,AWP,0.0405,101.2
ct,2400,none,5400,MAG-7,0.0,101.2
ct,2400,none,5400,MAC-10,0.0,101.2
ct,2400,none,5450,none,0.0246,101.5
ct,2400,none,5450,SSG 08,0.001,101.5
ct,2400,none,5450,M4A1-S,0.4333,101.5
ct,2400,none,5450,MP7,0.0,101.5
ct,2400,none,5450,MP9,0.0048,101.5
ct,2400,none,5450,FAMAS,0.0025,101.5
ct,2400,none,5450,M4A4,0.4699,101.5
ct,2400,none,5450,AK-47,0.0243,101.5
ct,2400,none,5450,UMP-45,0.0,101.5
ct,2400,none,5450,AWP,0.0396,101.5
ct,2400,none,5450,MAG-7,0.0,101.5
ct,2400,none,5450,MAC-10,0.0,101.5
ct,2400,none,5500,none,0.024,101.1
ct,2400,none,5500,SSG 08,0.0011,101.1
ct,2400,none,5500,M4A1-S,0.4341,101.1
ct,2400,none,5500,MP7,0.0,101.1
ct,2400,none,5500,MP9,0.0048,101.1
ct,2400,none,5500,FAMAS,0.0026,101.1
ct,2400,none,5500,M4A4,0.4705,101.1
ct,2400,none,5500,AK-47,0.0238,101.1
ct,2400,none,5500,UMP-45,0.0,101.1
ct,2400,none,5500,AWP,0.0391,101.1
ct,2400,none,5500,MAG-7,0.0,101.1
ct,2400,none,5500,MAC-10,0.0,101.1
ct,2400,none,5550,none,0.0229,98.4
ct,2400,none,5550,SSG 08,0.001,98.4
ct,2400,none,5550,M4A1-S,0.4349,98.4
ct,2400,none,5550,MP7,0.0,98.4
ct,2400,none,5550,MP9,0.0045,98.4
ct,2400,none,5550,FAMAS,0.0024,98.4
ct,2400,none,5550,M4A4,0.4717,98.4
ct,2400,none,5550,AK-47,0.0233,98.4
ct,2400,none,5550,UMP-45,0.0,98.4
ct,2400,none,5550,AWP,0.0392,98.4
ct,2400,none,5550,MAG-7,0.0,98.4
ct,2400,none,5550,MAC-10,0.0,98.4
ct,2400,none,5600,none,0.0182,101.9
ct,2400,none,5600,SSG 08,0.0006,101.9
ct,2400,none,5600,M4A4,0.4905,101.9
ct,2400,none,5600,M4A1-S,0.4311,101.9
ct,2400,none,5600,MP7,0.0,101.9
ct,2400,none,5600,MP9,0.0031,101.9
ct,2400,none,5600,FAMAS,0.0016,101.9
ct,2400,none,5600,AK-47,0.0196,101.9
ct,2400,none,5600,UMP-45,0.0,101.9
ct,2400,none,5600,AWP,0.0353,101.9
ct,2400,none,5600,MAG-7,0.0,101.9
ct,2400,none,5600,MAC-10,0.0,101.9
ct,2400,none,5650,none,0.017,99.6
ct,2400,none,5650,SSG 08,0.0006,99.6
ct,2400,none,5650,M4A4,0.4922,99.6
ct,2400,none,5650,M4A1-S,0.4327,99.6
ct,2400,none,5650,MP7,0.0,99.6
ct,2400,none,5650,MP9,0.0029,99.6
ct,2400,none,5650,FAMAS,0.0014,99.6
ct,2400,none,5650,AK-47,0.0187,99.6
ct,2400,none,5650,UMP-45,0.0,99.6
ct,2400,none,5650,AWP,0.0344,99.6
ct,2400,none,5650,MAG-7,0.0,99.6
ct,2400,none,5650,MAC-10,0.0,99.6
ct,2400,none,5700,none,0.0145,97.7
ct,2400,none,5700,SSG 08,0.0004,97.7
ct,2400,none,5700,M4A4,0.4642,97.7
ct,2400,none,5700,M4A1-S,0.4074,97.7
ct,2400,none,5700,MP7,0.0,97.7
ct,2400,none,5700,MP9,0.0023,97.7
ct,2400,none,5700,FAMAS,0.0011,97.7
ct,2400,none,5700,AK-47,0.0166,97.7
ct,2400,none,5700,UMP-45,0.0,97.7
ct,2400,none,5700,AWP,0.0936,97.7
ct,2400,none,5700,MAG-7,0.0,97.7
ct,2400,none,5700,MAC-10,0.0,97.7
ct,2400,none,5750,none,0.0129,92.7
ct,2400,none,5750,SSG 08,0.0003,92.7
ct,2400,none,5750,M4A4,0.4641,92.7
ct,2400,none,5750,M4A1-S,0.4074,92.7
ct,2400,none,5750,MP7,0.0,92.7
ct,2400,none,5750,MP9,0.0019,92.7
ct,2400,none,5750,FAMAS,0.0009,92.7
ct,2400,none,5750,AK-47,0.0155,92.7
ct,2400,none,5750,UMP-45,0.0,92.7
ct,2400,none,5750,AWP,0.0971,92.7
ct,2400,none,5750,MAG-7,0.0,92.7
ct,2400,none,5750,MAC-10,0.0,92.7
ct,2400,none,5800,none,0.0111,89.8
ct,2400,none,5800,SSG 08,0.0002,89.8
ct,2400,none,5800,M4A4,0.4641,89.8
ct,2400,none,5800,M4A1-S,0.4117,89.8
ct,2400,none,5800,MP7,0.0,89.8
ct,2400,none,5800,MP9,0.0015,89.8
ct,2400,none,5800,FAMAS,0.0006,89.8
ct,2400,none,5800,AK-47,0.0139,89.8
ct,2400,none,5800,UMP-45,0.0,89.8
ct,2400,none,5800,AWP,0.0968,89.8
ct,2400,none,5800,MAG-7,0.0,89.8
ct,2400,none,5800,MAC-10,0.0,89.8
ct,2400,none,5850,none,0.0098,85.0
ct,2400,none,5850,SSG 08,0.0002,85.0
ct,2400,none,5850,M4A4,0.4636,85.0
ct,2400,none,5850,M4A1-S,0.4133,85.0
ct,2400,none,5850,MP7,0.0,85.0
ct,2400,none,5850,MP9,0.0012,85.0
ct,2400,none,5850,FAMAS,0.0005,85.0
ct,2400,none,5850,AK-47,0.0127,85.0
ct,2400,none,5850,UMP-45,0.0,85.0
ct,2400,none,5850,AWP,0.0987,85.0
ct,2400,none,5850,MAG-7,0.0,85.0
ct,2400,none,5850,MAC-10,0.0,85.0
ct,2400,none,5900,none,0.0082,81.7
ct,2400,none,5900,SSG 08,0.0001,81.7
ct,2400,none,5900,M4A4,0.4461,81.7
ct,2400,none,5900,M4A1-S,0.4003,81.7
ct,2400,none,5900,MP7,0.0,81.7
ct,2400,none,5900,MP9,0.0009,81.7
ct,2400,none,5900,FAMAS,0.0004,81.7
ct,2400,none,5900,AK-47,0.0111,81.7
ct,2400,none,5900,UMP-45,0.0,81.7
ct,2400,none,5900,AWP,0.1329,81.7
ct,2400,none,5900,MAG-7,0.0,81.7
ct,2400,none,5900,MAC-10,0.0,81.7
ct,2400,none,5950,none,0.0071,77.1
ct,2400,none,5950,SSG 08,0.0001,77.1
ct,2400,none,5950,M4A4,0.4441,77.1
ct,2400,none,5950,M4A1-S,0.4019,77.1
ct,2400,none,5950,MP7,0.0,77.1
ct,2400,none,5950,MP9,0.0007,77.1
ct,2400,none,5950,FAMAS,0.0003,77.1
ct,2400,none,5950,AK-47,0.01,77.1
ct,2400,none,5950,UMP-45,0.0,77.1
ct,2400,none,5950,AWP,0.1357,77.1
ct,2400,none,5950,MAG-7,0.0,77.1
ct,2400,none,5950,MAC-10,0.0,77.1
ct,2400,none,6000,none,0.006,72.9
ct,2400,none,6000,SSG 08,0.0001,72.9
ct,2400,none,6000,M4A4,0.4422,72.9
ct,2400,none,6000,M4A1-S,0.4043,72.9
ct,2400,none,6000,MP7,0.0,72.9
ct,2400,none,6000,MP9,0.0006,72.9
ct,2400,none,6000,FAMAS,0.0002,72.9
ct,2400,none,6000,AK-47,0.009,72.9
ct,2400,none,6000,UMP-45,0.0,72.9
ct,2400,none,6000,AWP,0.1376,72.9
ct,2400,none,6000,MAG-7,0.0,72.9
ct,2400,none,6000,MAC-10,0.0,72.9
ct,2400,none,6050,none,0.0051,68.9
ct,2400,none,6050,SSG 08,0.0001,68.9
ct,2400,none,6050,M4A4,0.4404,68.9
ct,2400,none,6050,M4A1-S,0.4075,68.9
ct,2400,none,6050,MP7,0.0,68.9
ct,2400,none,6050,MP9,0.0005,68.9
ct,2400,none,6050,FAMAS,0.0002,68.9
ct,2400,none,6050,AK-47,0.0079,68.9
ct,2400,none,6050,UMP-45,0.0,68.9
ct,2400,none,6050,AWP,0.1384,68.9
ct,2400,none,6050,MAG-7,0.0,68.9
ct,2400,none,6050,MAC-10,0.0,68.9
ct,2400,none,6100,none,0.0042,66.0
ct,2400,none,6100,SSG 08,0.0,66.0
ct,2400,none,6100,M4A4,0.429,66.0
ct,2400,none,6100,M4A1-S,0.4017,66.0
ct,2400,none,6100,MP7,0.0,66.0
ct,2400,none,6100,MP9,0.0003,66.0
ct,2400,none,6100,FAMAS,0.0001,66.0
ct,2400,none,6100,AK-47,0.0068,66.0
ct,2400,none,6100,UMP-45,0.0,66.0
ct,2400,none,6100,AWP,0.1578,66.0
ct,2400,none,6100,MAG-7,0.0,66.0
ct,2400,none,6100,MAC-10,0.0,66.0
ct,2400,none,6150,none,0.0035,62.7
ct,2400,none,6150,SSG 08,0.0,62.7
ct,2400,none,6150,M4A4,0.4272,62.7
ct,2400,none,6150,M4A1-S,0.4055,62.7
ct,2400,none,6150,MP7,0.0,62.7
ct,2400,none,6150,MP9,0.0003,62.7
ct,2400,none,6150,FAMAS,0.0001,62.7
ct,2400,none,6150,AK-47,0.0059,62.7
ct,2400,none,6150,UMP-45,0.0,62.7
ct,2400,none,6150,AWP,0.1576,62.7
ct,2400,none,6150,MAG-7,0.0,62.7
ct,2400,none,6150,MAC-10,0.0,62.7
ct,2400,none,6200,none,0.0027,61.2
ct,2400,none,6200,SSG 08,0.0,61.2
ct,2400,none,6200,M4A4,0.4051,61.2
ct,2400,none,6200,M4A1-S,0.39,61.2
ct,2400,none,6200,MP7,0.0,61.2
ct,2400,none,6200,MP9,0.0002,61.2
ct,2400,none,6200,FAMAS,0.0001,61.2
ct,2400,none,6200,AK-47,0.0049,61.2
ct,2400,none,6200,UMP-45,0.0,61.2
ct,2400,none,6200,AWP,0.1971,61.2
ct,2400,none,6200,MAG-7,0.0,61.2
ct,2400,none,6200,MAC-10,0.0,61.2
ct,2400,none,6250,none,0.0022,58.5
ct,2400,none,6250,SSG 08,0.0,58.5
ct,2400,none,6250,M4A4,0.4033,58.5
ct,2400,none,6250,M4A1-S,0.3936,58.5
ct,2400,none,6250,MP7,0.0,58.5
ct,2400,none,6250,MP9,0.0001,58.5
ct,2400,none,6250,FAMAS,0.0,58.5
ct,2400,none,6250,AK-47,0.0041,58.5
ct,2400,none,6250,UMP-45,0.0,58.5
ct,2400,none,6250,AWP,0.1966,58.5
ct,2400,none,6250,MAG-7,0.0,58.5
ct,2400,none,6250,MAC-10,0.0,58.5
ct,2400,none,6300,none,0.0017,57.1
ct,2400,none,6300,SSG 08,0.0,57.1
ct,2400,none,6300,M4A4,0.3909,57.1
ct,2400,none,6300,M4A1-S,0.3888,57.1
ct,2400,none,6300,MP7,0.0,57.1
ct,2400,none,6300,AWP,0.2151,57.1
ct,2400,none,6300,MP9,0.0001,57.1
ct,2400,none,6300,FAMAS,0.0,57.1
ct,2400,none,6300,AK-47,0.0034,57.1
ct,2400,none,6300,UMP-45,0.0,57.1
ct,2400,none,6300,MAG-7,0.0,57.1
ct,2400,none,6300,MAC-10,0.0,57.1
ct,2400,none,6350,none,0.0014,55.0
ct,2400,none,6350,SSG 08,0.0,55.0
ct,2400,none,6350,M4A4,0.39,55.0
ct,2400,none,6350,M4A1-S,0.3931,55.0
ct,2400,none,6350,MP7,0.0,55.0
ct,2400,none,6350,AWP,0.2127,55.0
ct,2400,none,6350,MP9,0.0001,55.0
ct,2400,none,6350,FAMAS,0.0,55.0
ct,2400,none,6350,AK-47,0.0028,55.0
ct,2400,none,6350,UMP-45,0.0,55.0
ct,2400,none,6350,MAG-7,0.0,55.0
ct,2400,none,6350,MAC-10,0.0,55.0
ct,2400,none,6400,none,0.001,54.6
ct,2400,none,6400,SSG 08,0.0,54.6
ct,2400,none,6400,M4A4,0.37,54.6
ct,2400,none,6400,M4A1-S,0.3771,54.6
ct,2400,none,6400,MP7,0.0,54.6
ct,2400,none,6400,AWP,0.2496,54.6
ct,2400,none,6400,MP9,0.0001,54.6
ct,2400,none,6400,FAMAS,0.0,54.6
ct,2400,none,6400,AK-47,0.0022,54.6
ct,2400,none,6400,UMP-45,0.0,54.6
ct,2400,none,6400,MAG-7,0.0,54.6
ct,2400,none,6400,MAC-10,0.0,54.6
ct,2400,none,6450,none,0.0008,53.5
ct,2400,none,6450,SSG 08,0.0,53.5
ct,2400,none,6450,M4A4,0.3597,53.5
ct,2400,none,6450,M4A1-S,0.3699,53.5
ct,2400,none,6450,MP7,0.0,53.5
ct,2400,none,6450,AWP,0.2679,53.5
ct,2400,none,6450,MP9,0.0,53.5
ct,2400,none,6450,FAMAS,0.0,53.5
ct,2400,none,6450,AK-47,0.0018,53.5
ct,2400,none,6450,UMP-45,0.0,53.5
ct,2400,none,6450,MAG-7,0.0,53.5
ct,2400,none,6450,MAC-10,0.0,53.5
ct,2400,none,6500,none,0.0006,53.3
ct,2400,none,6500,SSG 08,0.0,53.3
ct,2400,none,6500,M4A4,0.3682,53.3
ct,2400,none,6500,M4A1-S,0.3529,53.3
ct,2400,none,6500,MP7,0.0,53.3
ct,2400,none,6500,AWP,0.277,53.3
ct,2400,none,6500,MP9,0.0,53.3
ct,2400,none,6500,FAMAS,0.0,53.3
ct,2400,none,6500,AK-47,0.0013,53.3
ct,2400,none,6500,UMP-45,0.0,53.3
ct,2400,none,6500,MAG-7,0.0,53.3
ct,2400,none,6500,MAC-10,0.0,53.3
ct,2400,none,6550,none,0.0004,51.5
ct,2400,none,6550,SSG 08,0.0,51.5
ct,2400,none,6550,M4A4,0.3706,51.5
ct,2400,none,6550,M4A1-S,0.355,51.5
ct,2400,none,6550,MP7,0.0,51.5
ct,2400,none,6550,AWP,0.2729,51.5
ct,2400,none,6550,MP9,0.0,51.5
ct,2400,none,6550,FAMAS,0.0,51.5
ct,2400,none,6550,AK-47,0.0011,51.5
ct,2400,none,6550,UMP-45,0.0,51.5
ct,2400,none,6550,MAG-7,0.0,51.5
ct,2400,none,6550,MAC-10,0.0,51.5
ct,2400,none,6600,none,0.0003,49.8
ct,2400,none,6600,SSG 08,0.0,49.8
ct,2400,none,6600,M4A4,0.3744,49.8
ct,2400,none,6600,M4A1-S,0.3573,49.8
ct,2400,none,6600,MP7,0.0,49.8
ct,2400,none,6600,AWP,0.2672,49.8
ct,2400,none,6600,MP9,0.0,49.8
ct,2400,none,6600,FAMAS,0.0,49.8
ct,2400,none,6600,AK-47,0.0008,49.8
ct,2400,none,6600,UMP-45,0.0,49.8
ct,2400,none,6600,MAG-7,0.0,49.8
ct,2400,none,6600,MAC-10,0.0,49.8
ct,2400,none,6650,none,0.0002,48.1
ct,2400,none,6650,SSG 08,0.0,48.1
ct,2400,none,6650,M4A4,0.3795,48.1
ct,2400,none,6650,M4A1-S,0.3598,48.1
ct,2400,none,6650,MP7,0.0,48.1
ct,2400,none,6650,AWP,0.2598,48.1
ct,2400,none,6650,MP9,0.0,48.1
ct,2400,none,6650,FAMAS,0.0,48.1
ct,2400,none,6650,AK-47,0.0007,48.1
ct,2400,none,6650,UMP-45,0.0,48.1
ct,2400,none,6650,MAG-7,0.0,48.1
ct,2400,none,6650,MAC-10,0.0,48.1
ct,2400,none,6700,none,0.0002,48.2
ct,2400,none,6700,SSG 08,0.0,48.2
ct,2400,none,6700,M4A4,0.3665,48.2
ct,2400,none,6700,M4A1-S,0.3443,48.2
ct,2400,none,6700,AWP,0.2885,48.2
ct,2400,none,6700,MP7,0.0,48.2
ct,2400,none,6700,MP9,0.0,48.2
ct,2400,none,6700,FAMAS,0.0,48.2
ct,2400,none,6700,AK-47,0.0005,48.2
ct,2400,none,6700,UMP-45,0.0,48.2
ct,2400,none,6700,MAG-7,0.0,48.2
ct,2400,none,6700,MAC-10,0.0,48.2
ct,2400,none,6750,none,0.0001,46.5
ct,2400,none,6750,SSG 08,0.0,46.5
ct,2400,none,6750,M4A4,0.3725,46.5
ct,2400,none,6750,M4A1-S,0.3456,46.5
ct,2400,none,6750,AWP,0.2815,46.5
ct,2400,none,6750,MP7,0.0,46.5
ct,2400,none,6750,MP9,0.0,46.5
ct,2400,none,6750,FAMAS,0.0,46.5
ct,2400,none,6750,AK-47,0.0004,46.5
ct,2400,none,6750,UMP-45,0.0,46.5
ct,2400,none,6750,MAG-7,0.0,46.5
ct,2400,none,6750,MAC-10,0.0,46.5
ct,2400,none,6800,none,0.0001,44.7
ct,2400,none,6800,SSG 08,0.0,44.7
ct,2400,none,6800,M4A4,0.3796,44.7
ct,2400,none,6800,M4A1-S,0.3469,44.7
ct,2400,none,6800,AWP,0.2732,44.7
ct,2400,none,6800,MP7,0.0,44.7
ct,2400,none,6800,MP9,0.0,44.7
ct,2400,none,6800,FAMAS,0.0,44.7
ct,2400,none,6800,AK-47,0.0003,44.7
ct,2400,none,6800,UMP-45,0.0,44.7
ct,2400,none,6800,MAG-7,0.0,44.7
ct,2400,none,6800,MAC-10,0.0,44.7
ct,2400,none,6850,none,0.0001,43.0
ct,2400,none,6850,SSG 08,0.0,43.0
ct,2400,none,6850,M4A4,0.3877,43.0
ct,2400,none,6850,M4A1-S,0.3482,43.0
ct,2400,none,6850,AWP,0.2639,43.0
ct,2400,none,6850,MP7,0.0,43.0
ct,2400,none,6850,MP9,0.0,43.0
ct,2400,none,6850,FAMAS,0.0,43.0
ct,2400,none,6850,AK-47,0.0002,43.0
ct,2400,none,6850,UMP-45,0.0,43.0
ct,2400,none,6850,MAG-7,0.0,43.0
ct,2400,none,6850,MAC-10,0.0,43.0
ct,2400,none,6900,none,0.0,41.3
ct,2400,none,6900,SSG 08,0.0,41.3
ct,2400,none,6900,M4A4,0.3968,41.3
ct,2400,none,6900,M4A1-S,0.3494,41.3
ct,2400,none,6900,AWP,0.2536,41.3
ct,2400,none,6900,MP7,0.0,41.3
ct,2400,none,6900,MP9,0.0,41.3
ct,2400,none,6900,FAMAS,0.0,41.3
ct,2400,none,6900,AK-47,0.0002,41.3
ct,2400,none,6900,UMP-45,0.0,41.3
ct,2400,none,6900,MAG-7,0.0,41.3
ct,2400,none,6900,MAC-10,0.0,41.3
ct,2400,none,6950,none,0.0,41.3
ct,2400,none,6950,SSG 08,0.0,41.3
ct,2400,none,6950,M4A4,0.386,41.3
ct,2400,none,6950,M4A1-S,0.3327,41.3
ct,2400,none,6950,AWP,0.2812,41.3
ct,2400,none,6950,MP7,0.0,41.3
ct,2400,none,6950,MP9,0.0,41.3
ct,2400,none,6950,FAMAS,0.0,41.3
ct,2400,none,6950,AK-47,0.0001,41.3
ct,2400,none,6950,UMP-45,0.0,41.3
ct,2400,none,6950,MAG-7,0.0,41.3
ct,2400,none,6950,MAC-10,0.0,41.3
ct,2400,none,7000,none,0.0,39.7
ct,2400,none,7000,SSG 08,0.0,39.7
ct,2400,none,7000,M4A4,0.3944,39.7
ct,2400,none,7000,M4A1-S,0.3325,39.7
ct,2400,none,7000,AWP,0.273,39.7
ct,2400,none,7000,MP7,0.0,39.7
ct,2400,none,7000,MP9,0.0,39.7
ct,2400,none,7000,FAMAS,0.0,39.7
ct,2400,none,7000,AK-47,0.0001,39.7
ct,2400,none,7000,UMP-45,0.0,39.7
ct,2400,none,7000,MAG-7,0.0,39.7
ct,2400,none,7000,MAC-10,0.0,39.7
ct,2400,none,7050,none,0.0,39.9
ct,2400,none,7050,SSG 08,0.0,39.9
ct,2400,none,7050,M4A4,0.3758,39.9
ct,2400,none,7050,M4A1-S,0.3095,39.9
ct,2400,none,7050,AWP,0.3146,39.9
ct,2400,none,7050,MP7,0.0,39.9
ct,2400,none,7050,MP9,0.0,39.9
ct,2400,none,7050,FAMAS,0.0,39.9
ct,2400,none,7050,AK-47,0.0001,39.9
ct,2400,none,7050,UMP-45,0.0,39.9
ct,2400,none,7050,MAG-7,0.0,39.9
ct,2400,none,7050,MAC-10,0.0,39.9
ct,2400,none,7100,none,0.0,38.4
ct,2400,none,7100,SSG 08,0.0,38.4
ct,2400,none,7100,M4A4,0.3832,38.4
ct,2400,none,7100,M4A1-S,0.3084,38.4
ct,2400,none,7100,AWP,0.3084,38.4
ct,2400,none,7100,MP7,0.0,38.4
ct,2400,none,7100,MP9,0.0,38.4
ct,2400,none,7100,FAMAS,0.0,38.4
ct,2400,none,7100,AK-47,0.0,38.4
ct,2400,none,7100,UMP-45,0.0,38.4
ct,2400,none,7100,MAG-7,0.0,38.4
ct,2400,none,7100,MAC-10,0.0,38.4
ct,2400,none,7150,none,0.0,37.0
ct,2400,none,7150,SSG 08,0.0,37.0
ct,2400,none,7150,M4A4,0.3909,37.0
ct,2400,none,7150,M4A1-S,0.3074,37.0
ct,2400,none,7150,AWP,0.3016,37.0
ct,2400,none,7150,MP7,0.0,37.0
ct,2400,none,7150,MP9,0.0,37.0
ct,2400,none,7150,FAMAS,0.0,37.0
ct,2400,none,7150,AK-47,0.0,37.0
ct,2400,none,7150,UMP-45,0.0,37.0
ct,2400,none,7150,MAG-7,0.0,37.0
ct,2400,none,7150,MAC-10,0.0,37.0
ct,2400,none,7200,none,0.0,35.8
ct,2400,none,7200,SSG 08,0.0,35.8
ct,2400,none,7200,M4A4,0.3988,35.8
ct,2400,none,7200,M4A1-S,0.3067,35.8
ct,2400,none,7200,AWP,0.2945,35.8
ct,2400,none,7200,MP7,0.0,35.8
ct,2400,none,7200,MP9,0.0,35.8
ct,2400,none,7200,FAMAS,0.0,35.8
ct,2400,none,7200,AK-47,0.0,35.8
ct,2400,none,7200,UMP-45,0.0,35.8
ct,2400,none,7200,MAG-7,0.0,35.8
ct,2400,none,7200,MAC-10,0.0,35.8
ct,2400,none,7250,none,0.0,34.6
ct,2400,none,7250,SSG 08,0.0,34.6
ct,2400,none,7250,M4A4,0.4067,34.6
ct,2400,none,7250,M4A1-S,0.3064,34.6
ct,2400,none,7250,AWP,0.2868,34.6
ct,2400,none,7250,MP7,0.0,34.6
ct,2400,none,7250,MP9,0.0,34.6
ct,2400,none,7250,FAMAS,0.0,34.6
ct,2400,none,7250,AK-47,0.0,34.6
ct,2400,none,7250,UMP-45,0.0,34.6
ct,2400,none,7250,MAG-7,0.0,34.6
ct,2400,none,7250,MAC-10,0.0,34.6
ct,2400,none,7300,none,0.0,33.5
ct,2400,none,7300,SSG 08,0.0,33.5
ct,2400,none,7300,M4A4,0.4147,33.5
ct,2400,none,7300,M4A1-S,0.3065,33.5
ct,2400,none,7300,AWP,0.2788,33.5
ct,2400,none,7300,MP7,0.0,33.5
ct,2400,none,7300,MP9,0.0,33.5
ct,2400,none,7300,FAMAS,0.0,33.5
ct,2400,none,7300,AK-47,0.0,33.5
ct,2400,none,7300,UMP-45,0.0,33.5
ct,2400,none,7300,MAG-7,0.0,33.5
ct,2400,none,7300,MAC-10,0.0,33.5
ct,2400,none,7350,none,0.0,32.8
ct,2400,none,7350,SSG 08,0.0,32.8
ct,2400,none,7350,M4A4,0.4202,32.8
ct,2400,none,7350,M4A1-S,0.3053,32.8
ct,2400,none,7350,AWP,0.2745,32.8
ct,2400,none,7350,MP7,0.0,32.8
ct,2400,none,7350,MP9,0.0,32.8
ct,2400,none,7350,FAMAS,0.0,32.8
ct,2400,none,7350,AK-47,0.0,32.8
ct,2400,none,7350,UMP-45,0.0,32.8
ct,2400,none,7350,MAG-7,0.0,32.8
ct,2400,none,7350,MAC-10,0.0,32.8
ct,2400,none,7400,none,0.0,32.8
ct,2400,none,7400,SSG 08,0.0,32.8
ct,2400,none,7400,M4A4,0.4093,32.8
ct,2400,none,7400,M4A1-S,0.2932,32.8
ct,2400,none,7400,AWP,0.2974,32.8
ct,2400,none,7400,MP7,0.0,32.8
ct,2400,none,7400,MP9,0.0,32.8
ct,2400,none,7400,FAMAS,0.0,32.8
ct,2400,none,7400,AK-47,0.0,32.8
ct,2400,none,7400,UMP-45,0.0,32.8
ct,2400,none,7400,MAG-7,0.0,32.8
ct,2400,none,7400,MAC-10,0.0,32.8
ct,2400,none,7450,none,0.0,32.0
ct,2400,none,7450,SSG 08,0.0,32.0
ct,2400,none,7450,M4A4,0.4146,32.0
ct,2400,none,7450,M4A1-S,0.2937,32.0
ct,2400,none,7450,AWP,0.2917,32.0
ct,2400,none,7450,MP7,0.0,32.0
ct,2400,none,7450,MP9,0.0,32.0
ct,2400,none,7450,FAMAS,0.0,32.0
ct,2400,none,7450,AK-47,0.0,32.0
ct,2400,none,7450,UMP-45,0.0,32.0
ct,2400,none,7450,MAG-7,0.0,32.0
ct,2400,none,7450,MAC-10,0.0,32.0
ct,2400,none,7500,none,0.0,31.1
ct,2400,none,7500,SSG 08,0.0,31.1
ct,2400,none,7500,M4A4,0.4195,31.1
ct,2400,none,7500,M4A1-S,0.2949,31.1
ct,2400,none,7500,AWP,0.2856,31.1
ct,2400,none,7500,MP7,0.0,31.1
ct,2400,none,7500,MP9,0.0,31.1
ct,2400,none,7500,FAMAS,0.0,31.1
ct,2400,none,7500,AK-47,0.0,31.1
ct,2400,none,7500,UMP-45,0.0,31.1
ct,2400,none,7500,MAG-7,0.0,31.1
ct,2400,none,7500,MAC-10,0.0,31.1
ct,2400,none,7550,none,0.0,30.3
ct,2400,none,7550,SSG 08,0.0,30.3
ct,2400,none,7550,M4A4,0.4239,30.3
ct,2400,none,7550,M4A1-S,0.2968,30.3
ct,2400,none,7550,AWP,0.2793,30.3
ct,2400,none,7550,MP7,0.0,30.3
ct,2400,none,7550,MP9,0.0,30.3
ct,2400,none,7550,FAMAS,0.0,30.3
ct,2400,none,7550,AK-47,0.0,30.3
ct,2400,none,7550,UMP-45,0.0,30.3
ct,2400,none,7550,MAG-7,0.0,30.3
ct,2400,none,7550,MAC-10,0.0,30.3
ct,2400,none,7600,none,0.0,29.5
ct,2400,none,7600,SSG 08,0.0,29.5
ct,2400,none,7600,M4A4,0.4278,29.5
ct,2400,none,7600,M4A1-S,0.2994,29.5
ct,2400,none,7600,AWP,0.2728,29.5
ct,2400,none,7600,MP7,0.0,29.5
ct,2400,none,7600,MP9,0.0,29.5
ct,2400,none,7600,FAMAS,0.0,29.5
ct,2400,none,7600,AK-47,0.0,29.5
ct,2400,none,7600,UMP-45,0.0,29.5
ct,2400,none,7600,MAG-7,0.0,29.5
ct,2400,none,7600,MAC-10,0.0,29.5
ct,2900,none,800,none,0.9989,103.8
ct,2900,none,800,MAC-10,0.0011,103.8
ct,2900,none,850,none,0.9989,100.8
ct,2900,none,850,MAC-10,0.0011,100.8
ct,2900,none,900,none,0.9989,104.2
ct,2900,none,900,MAC-10,0.0011,104.2
ct,2900,none,950,none,0.999,104.0
ct,2900,none,950,MAC-10,0.001,104.0
ct,2900,none,1000,none,0.999,101.0
ct,2900,none,1000,MAC-10,0.001,101.0
ct,2900,none,1050,none,0.9989,104.7
ct,2900,none,1050,MAC-10,0.0011,104.7
ct,2900,none,1100,none,0.999,101.7
ct,2900,none,1100,MAC-10,0.001,101.7
ct,2900,none,1150,none,0.9991,100.3
ct,2900,none,1150,MAC-10,0.0009,100.3
ct,2900,none,1200,none,0.999,104.6
ct,2900,none,1200,MAC-10,0.001,104.6
ct,2900,none,1250,none,0.999,101.7
ct,2900,none,1250,MAC-10,0.0009,101.7
ct,2900,none,1250,MP9,0.0,101.7
ct,2900,none,1300,none,0.9945,107.0
ct,2900,none,1300,MAC-10,0.001,107.0
ct,2900,none,1300,MP9,0.0,107.0
ct,2900,none,1300,MAG-7,0.0045,107.0
ct,2900,none,1350,none,0.9946,104.0
ct,2900,none,1350,MAC-10,0.001,104.0
ct,2900,none,1350,MP9,0.0,104.0
ct,2900,none,1350,MAG-7,0.0044,104.0
ct,2900,none,1400,none,0.9938,101.2
ct,2900,none,1400,MAC-10,0.0009,101.2
ct,2900,none,1400,MP7,0.0009,101.2
ct,2900,none,1400,MP9,0.0,101.2
ct,2900,none,1400,MAG-7,0.0044,101.2
ct,2900,none,1450,none,0.9935,107.0
ct,2900,none,1450,MAC-10,0.001,107.0
ct,2900,none,1450,MP7,0.001,107.0
ct,2900,none,1450,MP9,0.0,107.0
ct,2900,none,1450,MAG-7,0.0045,107.0
ct,2900,none,1500,none,0.9937,104.1
ct,2900,none,1500,MAC-10,0.0009,104.1
ct,2900,none,1500,MP7,0.0009,104.1
ct,2900,none,1500,MP9,0.0,104.1
ct,2900,none,1500,MAG-7,0.0044,104.1
ct,2900,none,1550,none,0.9895,101.9
ct,2900,none,1550,MAC-10,0.0009,101.9
ct,2900,none,1550,MP7,0.0009,101.9
ct,2900,none,1550,MP9,0.0044,101.9
ct,2900,none,1550,MAG-7,0.0044,101.9
ct,2900,none,1600,none,0.9891,108.2
ct,2900,none,1600,MAC-10,0.001,108.2
ct,2900,none,1600,MP7,0.001,108.2
ct,2900,none,1600,MP9,0.0045,108.2
ct,2900,none,1600,MAG-7,0.0045,108.2
ct,2900,none,1650,none,0.9892,105.8
ct,2900,none,1650,MAC-10,0.0009,105.8
ct,2900,none,1650,MP7,0.0009,105.8
ct,2900,none,1650,MP9,0.0045,105.8
ct,2900,none,1650,MAG-7,0.0044,105.8
ct,2900,none,1700,none,0.9891,103.3
ct,2900,none,1700,SSG 08,0.0004,103.3
ct,2900,none,1700,MAC-10,0.0009,103.3
ct,2900,none,1700,MP7,0.0009,103.3
ct,2900,none,1700,MP9,0.0044,103.3
ct,2900,none,1700,MAG-7,0.0044,103.3
ct,2900,none,1750,none,0.9893,100.9
ct,2900,none,1750,SSG 08,0.0003,100.9
ct,2900,none,1750,MAC-10,0.0008,100.9
ct,2900,none,1750,MP7,0.0008,100.9
ct,2900,none,1750,MP9,0.0044,100.9
ct,2900,none,1750,MAG-7,0.0044,100.9
ct,2900,none,1800,none,0.9886,108.9
ct,2900,none,1800,SSG 08,0.0004,108.9
ct,2900,none,1800,MAC-10,0.001,108.9
ct,2900,none,1800,MP7,0.001,108.9
ct,2900,none,1800,MP9,0.0045,108.9
ct,2900,none,1800,MAG-7,0.0045,108.9
ct,2900,none,1850,none,0.9888,107.1
ct,2900,none,1850,SSG 08,0.0004,107.1
ct,2900,none,1850,MAC-10,0.0009,107.1
ct,2900,none,1850,MP7,0.0009,107.1
ct,2900,none,1850,MP9,0.0045,107.1
ct,2900,none,1850,MAG-7,0.0045,107.1
ct,2900,none,1900,none,0.9889,105.5
ct,2900,none,1900,SSG 08,0.0004,105.5
ct,2900,none,1900,MAC-10,0.0009,105.5
ct,2900,none,1900,MP7,0.0009,105.5
ct,2900,none,1900,MP9,0.0045,105.5
ct,2900,none,1900,MAG-7,0.0045,105.5
ct,2900,none,1950,none,0.989,104.3
ct,2900,none,1950,SSG 08,0.0003,104.3
ct,2900,none,1950,MAC-10,0.0009,104.3
ct,2900,none,1950,MP7,0.0009,104.3
ct,2900,none,1950,MP9,0.0045,104.3
ct,2900,none,1950,MAG-7,0.0045,104.3
ct,2900,none,2000,none,0.9891,103.4
ct,2900,none,2000,SSG 08,0.0003,103.4
ct,2900,none,2000,MAC-10,0.0008,103.4
ct,2900,none,2000,MP7,0.0008,103.4
ct,2900,none,2000,MP9,0.0045,103.4
ct,2900,none,2000,MAG-7,0.0045,103.4
ct,2900,none,2050,none,0.9891,103.2
ct,2900,none,2050,SSG 08,0.0003,103.2
ct,2900,none,2050,MAC-10,0.0008,103.2
ct,2900,none,2050,MP7,0.0008,103.2
ct,2900,none,2050,MP9,0.0045,103.2
ct,2900,none,2050,MAG-7,0.0045,103.2
ct,2900,none,2100,none,0.9893,104.0
ct,2900,none,2100,SSG 08,0.0003,104.0
ct,2900,none,2100,MAC-10,0.0008,104.0
ct,2900,none,2100,MP7,0.0008,104.0
ct,2900,none,2100,MP9,0.0045,104.0
ct,2900,none,2100,MAG-7,0.0045,104.0
ct,2900,none,2150,none,0.98,106.7
ct,2900,none,2150,SSG 08,0.0003,106.7
ct,2900,none,2150,MAC-10,0.0008,106.7
ct,2900,none,2150,MP7,0.0008,106.7
ct,2900,none,2150,MP9,0.0137,106.7
ct,2900,none,2150,MAG-7,0.0045,106.7
ct,2900,none,2200,none,0.9797,109.8
ct,2900,none,2200,SSG 08,0.0003,109.8
ct,2900,none,2200,MAC-10,0.0008,109.8
ct,2900,none,2200,MP7,0.0008,109.8
ct,2900,none,2200,MP9,0.0139,109.8
ct,2900,none,2200,MAG-7,0.0046,109.8
ct,2900,none,2250,none,0.9785,100.1
ct,2900,none,2250,SSG 08,0.0001,100.1
ct,2900,none,2250,MAC-10,0.0006,100.1
ct,2900,none,2250,MAG-7,0.0061,100.1
ct,2900,none,2250,MP7,0.0006,100.1
ct,2900,none,2250,MP9,0.0141,100.1
ct,2900,none,2300,none,0.9777,108.2
ct,2900,none,2300,SSG 08,0.0002,108.2
ct,2900,none,2300,MAC-10,0.0006,108.2
ct,2900,none,2300,MAG-7,0.0066,108.2
ct,2900,none,2300,MP7,0.0006,108.2
ct,2900,none,2300,MP9,0.0144,108.2
ct,2900,none,2350,none,0.964,106.3
ct,2900,none,2350,SSG 08,0.0048,106.3
ct,2900,none,2350,MAC-10,0.0004,106.3
ct,2900,none,2350,MAG-7,0.0063,106.3
ct,2900,none,2350,MP5-SD,0.0047,106.3
ct,2900,none,2350,MP7,0.0004,106.3
ct,2900,none,2350,MP9,0.0195,106.3
ct,2900,none,2400,none,0.9511,111.5
ct,2900,none,2400,SSG 08,0.0051,111.5
ct,2900,none,2400,MAC-10,0.0002,111.5
ct,2900,none,2400,MAG-7,0.0065,111.5
ct,2900,none,2400,MP5-SD,0.0051,111.5
ct,2900,none,2400,MP7,0.0002,111.5
ct,2900,none,2400,MP9,0.0319,111.5
ct,2900,none,2450,none,0.9199,108.2
ct,2900,none,2450,SSG 08,0.0063,108.2
ct,2900,none,2450,MAC-10,0.0,108.2
ct,2900,none,2450,MAG-7,0.0069,108.2
ct,2900,none,2450,MP5-SD,0.0063,108.2
ct,2900,none,2450,MP7,0.0,108.2
ct,2900,none,2450,MP9,0.0541,108.2
ct,2900,none,2450,FAMAS,0.0063,108.2
ct,2900,none,2500,none,0.9193,110.1
ct,2900,none,2500,SSG 08,0.0111,110.1
ct,2900,none,2500,MAC-10,0.0,110.1
ct,2900,none,2500,MAG-7,0.0139,110.1
ct,2900,none,2500,MP5-SD,0.0111,110.1
ct,2900,none,2500,MP7,0.0,110.1
ct,2900,none,2500,MP9,0.0333,110.1
ct,2900,none,2500,FAMAS,0.0111,110.1
ct,2900,none,2550,none,0.9421,107.9
ct,2900,none,2550,SSG 08,0.0031,107.9
ct,2900,none,2550,MAC-10,0.003,107.9
ct,2900,none,2550,MP9,0.0276,107.9
ct,2900,none,2550,MAG-7,0.0151,107.9
ct,2900,none,2550,MP5-SD,0.003,107.9
ct,2900,none,2550,MP7,0.003,107.9
ct,2900,none,2550,FAMAS,0.003,107.9
ct,2900,none,2600,none,0.8632,119.1
ct,2900,none,2600,MP9,0.0858,119.1
ct,2900,none,2600,SSG 08,0.0063,119.1
ct,2900,none,2600,MAC-10,0.0125,119.1
ct,2900,none,2600,FAMAS,0.0005,119.1
ct,2900,none,2600,MAG-7,0.0063,119.1
ct,2900,none,2600,MP5-SD,0.0005,119.1
ct,2900,none,2600,MP7,0.0249,119.1
ct,2900,none,2650,none,0.8231,111.5
ct,2900,none,2650,MP9,0.1371,111.5
ct,2900,none,2650,SSG 08,0.0128,111.5
ct,2900,none,2650,MAC-10,0.0077,111.5
ct,2900,none,2650,FAMAS,0.0001,111.5
ct,2900,none,2650,MAG-7,0.0019,111.5
ct,2900,none,2650,MP5-SD,0.0001,111.5
ct,2900,none,2650,MP7,0.0171,111.5
ct,2900,none,2700,none,0.8121,112.1
ct,2900,none,2700,MP9,0.1454,112.1
ct,2900,none,2700,SSG 08,0.0093,112.1
ct,2900,none,2700,MAC-10,0.0032,112.1
ct,2900,none,2700,FAMAS,0.0006,112.1
ct,2900,none,2700,MP7,0.0287,112.1
ct,2900,none,2700,MAG-7,0.0006,112.1
ct,2900,none,2700,MP5-SD,0.0001,112.1
ct,2900,none,2750,none,0.841,114.8
ct,2900,none,2750,MP9,0.1221,114.8
ct,2900,none,2750,SSG 08,0.0047,114.8
ct,2900,none,2750,MAC-10,0.0013,114.8
ct,2900,none,2750,FAMAS,0.0047,114.8
ct,2900,none,2750,MP7,0.0259,114.8
ct,2900,none,2750,MAG-7,0.0002,114.8
ct,2900,none,2750,MP5-SD,0.0,114.8
ct,2900,none,2800,none,0.877,112.5
ct,2900,none,2800,MP9,0.092,112.5
ct,2900,none,2800,SSG 08,0.0022,112.5
ct,2900,none,2800,MAC-10,0.0006,112.5
ct,2900,none,2800,FAMAS,0.0105,112.5
ct,2900,none,2800,MP7,0.0175,112.5
ct,2900,none,2800,MAG-7,0.0001,112.5
ct,2900,none,2800,MP5-SD,0.0,112.5
ct,2900,none,2850,none,0.8909,111.6
ct,2900,none,2850,MP9,0.0848,111.6
ct,2900,none,2850,SSG 08,0.0011,111.6
ct,2900,none,2850,MAC-10,0.0003,111.6
ct,2900,none,2850,FAMAS,0.0125,111.6
ct,2900,none,2850,MP7,0.0104,111.6
ct,2900,none,2850,MAG-7,0.0001,111.6
ct,2900,none,2850,MP5-SD,0.0,111.6
ct,2900,none,2900,none,0.8778,102.1
ct,2900,none,2900,MP9,0.0833,102.1
ct,2900,none,2900,SSG 08,0.0003,102.1
ct,2900,none,2900,MAC-10,0.0001,102.1
ct,2900,none,2900,FAMAS,0.022,102.1
ct,2900,none,2900,MP7,0.0047,102.1
ct,2900,none,2900,MAG-7,0.0,102.1
ct,2900,none,2900,MP5-SD,0.0,102.1
ct,2900,none,2900,M4A1-S,0.0118,102.1
ct,2900,none,2950,none,0.8721,103.2
ct,2900,none,2950,MP9,0.0775,103.2
ct,2900,none,2950,SSG 08,0.0002,103.2
ct,2900,none,2950,MAC-10,0.0,103.2
ct,2900,none,2950,FAMAS,0.0337,103.2
ct,2900,none,2950,MP7,0.0026,103.2
ct,2900,none,2950,MAG-7,0.0,103.2
ct,2900,none,2950,MP5-SD,0.0,103.2
ct,2900,none,2950,M4A1-S,0.0139,103.2
ct,2900,none,3000,none,0.8263,109.6
ct,2900,none,3000,MP9,0.1188,109.6
ct,2900,none,3000,SSG 08,0.0001,109.6
ct,2900,none,3000,MAC-10,0.0,109.6
ct,2900,none,3000,FAMAS,0.0412,109.6
ct,2900,none,3000,MP7,0.0014,109.6
ct,2900,none,3000,MAG-7,0.0003,109.6
ct,2900,none,3000,MP5-SD,0.0,109.6
ct,2900,none,3000,M4A1-S,0.012,109.6
ct,2900,none,3050,none,0.8129,102.6
ct,2900,none,3050,MP9,0.1307,102.6
ct,2900,none,3050,SSG 08,0.0,102.6
ct,2900,none,3050,MAC-10,0.0,102.6
ct,2900,none,3050,FAMAS,0.0454,102.6
ct,2900,none,3050,MP7,0.0004,102.6
ct,2900,none,3050,MAG-7,0.0011,102.6
ct,2900,none,3050,MP5-SD,0.0,102.6
ct,2900,none,3050,M4A1-S,0.0094,102.6
ct,2900,none,3100,none,0.8017,107.2
ct,2900,none,3100,MP9,0.1273,107.2
ct,2900,none,3100,SSG 08,0.0001,107.2
ct,2900,none,3100,MAC-10,0.0,107.2
ct,2900,none,3100,FAMAS,0.061,107.2
ct,2900,none,3100,MP7,0.0002,107.2
ct,2900,none,3100,MAG-7,0.0033,107.2
ct,2900,none,3100,MP5-SD,0.0,107.2
ct,2900,none,3100,M4A1-S,0.0063,107.2
ct,2900,none,3150,none,0.8217,106.8
ct,2900,none,3150,MP9,0.1116,106.8
ct,2900,none,3150,SSG 08,0.0004,106.8
ct,2900,none,3150,MAC-10,0.0,106.8
ct,2900,none,3150,FAMAS,0.0546,106.8
ct,2900,none,3150,MP7,0.0002,106.8
ct,2900,none,3150,MAG-7,0.0067,106.8
ct,2900,none,3150,MP5-SD,0.0,106.8
ct,2900,none,3150,M4A1-S,0.0049,106.8
ct,2900,none,3200,none,0.8114,100.6
ct,2900,none,3200,MP9,0.1043,100.6
ct,2900,none,3200,SSG 08,0.0009,100.6
ct,2900,none,3200,MAC-10,0.0,100.6
ct,2900,none,3200,FAMAS,0.069,100.6
ct,2900,none,3200,MP7,0.0,100.6
ct,2900,none,3200,MAG-7,0.01,100.6
ct,2900,none,3200,MP5-SD,0.0,100.6
ct,2900,none,3200,M4A1-S,0.0042,100.6
ct,2900,none,3250,none,0.8201,105.2
ct,2900,none,3250,MP9,0.0936,105.2
ct,2900,none,3250,SSG 08,0.0032,105.2
ct,2900,none,3250,MAC-10,0.0,105.2
ct,2900,none,3250,FAMAS,0.0637,105.2
ct,2900,none,3250,MP7,0.0001,105.2
ct,2900,none,3250,MAG-7,0.0122,105.2
ct,2900,none,3250,MP5-SD,0.0,105.2
ct,2900,none,3250,M4A1-S,0.007,105.2
ct,2900,none,3300,none,0.8248,102.5
ct,2900,none,3300,MP9,0.0858,102.5
ct,2900,none,3300,SSG 08,0.0061,102.5
ct,2900,none,3300,MAC-10,0.0,102.5
ct,2900,none,3300,FAMAS,0.0599,102.5
ct,2900,none,3300,MP7,0.0001,102.5
ct,2900,none,3300,MAG-7,0.0134,102.5
ct,2900,none,3300,MP5-SD,0.0,102.5
ct,2900,none,3300,M4A1-S,0.0099,102.5
ct,2900,none,3350,none,0.815,100.4
ct,2900,none,3350,MP9,0.0936,100.4
ct,2900,none,3350,SSG 08,0.0095,100.4
ct,2900,none,3350,MAC-10,0.0,100.4
ct,2900,none,3350,FAMAS,0.0557,100.4
ct,2900,none,3350,MP7,0.0,100.4
ct,2900,none,3350,MAG-7,0.0134,100.4
ct,2900,none,3350,MP5-SD,0.0,100.4
ct,2900,none,3350,M4A1-S,0.0127,100.4
ct,2900,none,3400,none,0.7716,100.4
ct,2900,none,3400,MP9,0.1124,100.4
ct,2900,none,3400,SSG 08,0.0122,100.4
ct,2900,none,3400,MAC-10,0.0,100.4
ct,2900,none,3400,FAMAS,0.0775,100.4
ct,2900,none,3400,MP7,0.0,100.4
ct,2900,none,3400,MAG-7,0.0121,100.4
ct,2900,none,3400,MP5-SD,0.0,100.4
ct,2900,none,3400,M4A1-S,0.0143,100.4
ct,2900,none,3450,none,0.75,103.2
ct,2900,none,3450,MP9,0.1243,103.2
ct,2900,none,3450,SSG 08,0.0135,103.2
ct,2900,none,3450,MAC-10,0.0,103.2
ct,2900,none,3450,FAMAS,0.0731,103.2
ct,2900,none,3450,MP7,0.014,103.2
ct,2900,none,3450,MAG-7,0.0105,103.2
ct,2900,none,3450,MP5-SD,0.0,103.2
ct,2900,none,3450,M4A1-S,0.0146,103.2
ct,2900,none,3500,none,0.7526,103.4
ct,2900,none,3500,MP9,0.1254,103.4
ct,2900,none,3500,SSG 08,0.0142,103.4
ct,2900,none,3500,MAC-10,0.0,103.4
ct,2900,none,3500,FAMAS,0.0698,103.4
ct,2900,none,3500,MP7,0.014,103.4
ct,2900,none,3500,MAG-7,0.0094,103.4
ct,2900,none,3500,MP5-SD,0.0,103.4
ct,2900,none,3500,M4A1-S,0.0145,103.4
ct,2900,none,3550,none,0.6628,101.2
ct,2900,none,3550,MP9,0.1484,101.2
ct,2900,none,3550,SSG 08,0.014,101.2
ct,2900,none,3550,MAC-10,0.0,101.2
ct,2900,none,3550,FAMAS,0.0729,101.2
ct,2900,none,3550,MP7,0.013,101.2
ct,2900,none,3550,MAG-7,0.0075,101.2
ct,2900,none,3550,MP5-SD,0.0,101.2
ct,2900,none,3550,M4A1-S,0.0389,101.2
ct,2900,none,3550,M4A4,0.0426,101.2
ct,2900,none,3600,none,0.6237,103.4
ct,2900,none,3600,MP9,0.1615,103.4
ct,2900,none,3600,SSG 08,0.0127,103.4
ct,2900,none,3600,MAC-10,0.0,103.4
ct,2900,none,3600,FAMAS,0.1054,103.4
ct,2900,none,3600,MP7,0.0116,103.4
ct,2900,none,3600,MAG-7,0.0063,103.4
ct,2900,none,3600,MP5-SD,0.0,103.4
ct,2900,none,3600,M4A1-S,0.038,103.4
ct,2900,none,3600,M4A4,0.0409,103.4
ct,2900,none,3650,none,0.6169,101.7
ct,2900,none,3650,MP9,0.1718,101.7
ct,2900,none,3650,SSG 08,0.012,101.7
ct,2900,none,3650,MAC-10,0.0,101.7
ct,2900,none,3650,FAMAS,0.1042,101.7
ct,2900,none,3650,MP7,0.0112,101.7
ct,2900,none,3650,MAG-7,0.0057,101.7
ct,2900,none,3650,MP5-SD,0.0,101.7
ct,2900,none,3650,M4A1-S,0.038,101.7
ct,2900,none,3650,M4A4,0.0402,101.7
ct,2900,none,3700,none,0.607,101.5
ct,2900,none,3700,MP9,0.18,101.5
ct,2900,none,3700,SSG 08,0.0112,101.5
ct,2900,none,3700,MAC-10,0.0,101.5
ct,2900,none,3700,FAMAS,0.1013,101.5
ct,2900,none,3700,MP7,0.0194,101.5
ct,2900,none,3700,MAG-7,0.0052,101.5
ct,2900,none,3700,MP5-SD,0.0,101.5
ct,2900,none,3700,M4A1-S,0.0372,101.5
ct,2900,none,3700,M4A4,0.0387,101.5
ct,2900,none,3750,none,0.5233,103.4
ct,2900,none,3750,MP9,0.1807,103.4
ct,2900,none,3750,SSG 08,0.0095,103.4
ct,2900,none,3750,MAC-10,0.0,103.4
ct,2900,none,3750,FAMAS,0.0876,103.4
ct,2900,none,3750,MP7,0.0198,103.4
ct,2900,none,3750,M4A1-S,0.1275,103.4
ct,2900,none,3750,MAG-7,0.0041,103.4
ct,2900,none,3750,MP5-SD,0.0,103.4
ct,2900,none,3750,M4A4,0.0474,103.4
ct,2900,none,3800,none,0.516,103.1
ct,2900,none,3800,MP9,0.187,103.1
ct,2900,none,3800,SSG 08,0.0089,103.1
ct,2900,none,3800,MAC-10,0.0,103.1
ct,2900,none,3800,FAMAS,0.0853,103.1
ct,2900,none,3800,MP7,0.0229,103.1
ct,2900,none,3800,M4A1-S,0.1301,103.1
ct,2900,none,3800,MAG-7,0.0039,103.1
ct,2900,none,3800,MP5-SD,0.0,103.1
ct,2900,none,3800,M4A4,0.046,103.1
ct,2900,none,3850,none,0.4804,101.7
ct,2900,none,3850,MP9,0.186,101.7
ct,2900,none,3850,SSG 08,0.008,101.7
ct,2900,none,3850,MAC-10,0.0,101.7
ct,2900,none,3850,FAMAS,0.0793,101.7
ct,2900,none,3850,MP7,0.0251,101.7
ct,2900,none,3850,M4A1-S,0.1468,101.7
ct,2900,none,3850,MAG-7,0.0033,101.7
ct,2900,none,3850,MP5-SD,0.0,101.7
ct,2900,none,3850,M4A4,0.0711,101.7
ct,2900,none,3900,none,0.4614,103.9
ct,2900,none,3900,MP9,0.1847,103.9
ct,2900,none,3900,SSG 08,0.0073,103.9
ct,2900,none,3900,MAC-10,0.0,103.9
ct,2900,none,3900,FAMAS,0.1029,103.9
ct,2900,none,3900,MP7,0.0273,103.9
ct,2900,none,3900,M4A1-S,0.144,103.9
ct,2900,none,3900,MAG-7,0.0031,103.9
ct,2900,none,3900,MP5-SD,0.0,103.9
ct,2900,none,3900,M4A4,0.0693,103.9
ct,2900,none,3950,none,0.4464,100.6
ct,2900,none,3950,MP9,0.1923,100.6
ct,2900,none,3950,SSG 08,0.0068,100.6
ct,2900,none,3950,MAC-10,0.0,100.6
ct,2900,none,3950,FAMAS,0.1034,100.6
ct,2900,none,3950,MP7,0.0304,100.6
ct,2900,none,3950,M4A1-S,0.1475,100.6
ct,2900,none,3950,MAG-7,0.0028,100.6
ct,2900,none,3950,MP5-SD,0.0,100.6
ct,2900,none,3950,M4A4,0.0704,100.6
ct,2900,none,4000,none,0.4346,101.9
ct,2900,none,4000,MP9,0.193,101.9
ct,2900,none,4000,SSG 08,0.0063,101.9
ct,2900,none,4000,MAC-10,0.0,101.9
ct,2900,none,4000,FAMAS,0.1018,101.9
ct,2900,none,4000,MP7,0.0323,101.9
ct,2900,none,4000,M4A1-S,0.1604,101.9
ct,2900,none,4000,MAG-7,0.0026,101.9
ct,2900,none,4000,MP5-SD,0.0,101.9
ct,2900,none,4000,M4A4,0.0689,101.9
ct,2900,none,4050,none,0.3407,103.7
ct,2900,none,4050,MP9,0.1645,103.7
ct,2900,none,4050,SSG 08,0.0048,103.7
ct,2900,none,4050,MAC-10,0.0,103.7
ct,2900,none,4050,FAMAS,0.0845,103.7
ct,2900,none,4050,MP7,0.0295,103.7
ct,2900,none,4050,M4A1-S,0.2232,103.7
ct,2900,none,4050,MAG-7,0.0018,103.7
ct,2900,none,4050,MP5-SD,0.0,103.7
ct,2900,none,4050,M4A4,0.1509,103.7
ct,2900,none,4100,none,0.3238,100.5
ct,2900,none,4100,MP9,0.1649,100.5
ct,2900,none,4100,SSG 08,0.0043,100.5
ct,2900,none,4100,MAC-10,0.0,100.5
ct,2900,none,4100,FAMAS,0.0914,100.5
ct,2900,none,4100,MP7,0.031,100.5
ct,2900,none,4100,M4A1-S,0.2266,100.5
ct,2900,none,4100,MAG-7,0.0016,100.5
ct,2900,none,4100,MP5-SD,0.0,100.5
ct,2900,none,4100,M4A4,0.1562,100.5
ct,2900,none,4150,none,0.1586,102.6
ct,2900,none,4150,MP9,0.1465,102.6
ct,2900,none,4150,SSG 08,0.0016,102.6
ct,2900,none,4150,MAC-10,0.0,102.6
ct,2900,none,4150,FAMAS,0.0757,102.6
ct,2900,none,4150,MP7,0.0239,102.6
ct,2900,none,4150,M4A1-S,0.3654,102.6
ct,2900,none,4150,MAG-7,0.0004,102.6
ct,2900,none,4150,MP5-SD,0.0,102.6
ct,2900,none,4150,M4A4,0.2279,102.6
ct,2900,none,4200,none,0.1152,101.0
ct,2900,none,4200,MP9,0.1305,101.0
ct,2900,none,4200,M4A4,0.2496,101.0
ct,2900,none,4200,SSG 08,0.0008,101.0
ct,2900,none,4200,MAC-10,0.0,101.0
ct,2900,none,4200,FAMAS,0.0663,101.0
ct,2900,none,4200,MP7,0.0223,101.0
ct,2900,none,4200,M4A1-S,0.4152,101.0
ct,2900,none,4200,MAG-7,0.0001,101.0
ct,2900,none,4200,MP5-SD,0.0,101.0
ct,2900,none,4250,none,0.0771,101.5
ct,2900,none,4250,MP9,0.1109,101.5
ct,2900,none,4250,M4A4,0.2548,101.5
ct,2900,none,4250,SSG 08,0.0003,101.5
ct,2900,none,4250,MAC-10,0.0,101.5
ct,2900,none,4250,FAMAS,0.0877,101.5
ct,2900,none,4250,MP7,0.0199,101.5
ct,2900,none,4250,M4A1-S,0.4493,101.5
ct,2900,none,4250,MAG-7,0.0,101.5
ct,2900,none,4250,MP5-SD,0.0,101.5
ct,2900,none,4300,none,0.071,101.6
ct,2900,none,4300,MP9,0.1098,101.6
ct,2900,none,4300,M4A4,0.2477,101.6
ct,2900,none,4300,SSG 08,0.0002,101.6
ct,2900,none,4300,MAC-10,0.0,101.6
ct,2900,none,4300,FAMAS,0.1109,101.6
ct,2900,none,4300,MP7,0.0188,101.6
ct,2900,none,4300,M4A1-S,0.4417,101.6
ct,2900,none,4300,MAG-7,0.0,101.6
ct,2900,none,4300,MP5-SD,0.0,101.6
ct,2900,none,4350,none,0.0231,105.6
ct,2900,none,4350,MP9,0.0439,105.6
ct,2900,none,4350,M4A4,0.4351,105.6
ct,2900,none,4350,SSG 08,0.0,105.6
ct,2900,none,4350,MAC-10,0.0,105.6
ct,2900,none,4350,FAMAS,0.0607,105.6
ct,2900,none,4350,MP7,0.0109,105.6
ct,2900,none,4350,M4A1-S,0.4264,105.6
ct,2900,none,4350,MAG-7,0.0,105.6
ct,2900,none,4350,MP5-SD,0.0,105.6
ct,2900,none,4400,none,0.0035,112.6
ct,2900,none,4400,MP9,0.0306,112.6
ct,2900,none,4400,M4A4,0.4744,112.6
ct,2900,none,4400,SSG 08,0.0,112.6
ct,2900,none,4400,MAC-10,0.0,112.6
ct,2900,none,4400,FAMAS,0.0341,112.6
ct,2900,none,4400,MP7,0.0018,112.6
ct,2900,none,4400,M4A1-S,0.4556,112.6
ct,2900,none,4400,MAG-7,0.0,112.6
ct,2900,none,4400,MP5-SD,0.0,112.6
ct,2900,none,4450,none,0.0,117.4
ct,2900,none,4450,MP9,0.0171,117.4
ct,2900,none,4450,M4A4,0.4324,117.4
ct,2900,none,4450,SSG 08,0.0,117.4
ct,2900,none,4450,MAC-10,0.0,117.4
ct,2900,none,4450,FAMAS,0.0599,117.4
ct,2900,none,4450,MP7,0.0,117.4
ct,2900,none,4450,M4A1-S,0.4906,117.4
ct,2900,none,4450,MAG-7,0.0,117.4
ct,2900,none,4450,MP5-SD,0.0,117.4
ct,2900,none,4500,none,0.0,114.9
ct,2900,none,4500,MP9,0.0102,114.9
ct,2900,none,4500,M4A4,0.4258,114.9
ct,2900,none,4500,SSG 08,0.0,114.9
ct,2900,none,4500,MAC-10,0.0,114.9
ct,2900,none,4500,FAMAS,0.0832,114.9
ct,2900,none,4500,MP7,0.0,114.9
ct,2900,none,4500,M4A1-S,0.4803,114.9
ct,2900,none,4500,AK-47,0.0005,114.9
ct,2900,none,4500,MAG-7,0.0,114.9
ct,2900,none,4500,MP5-SD,0.0,114.9
ct,2900,none,4550,none,0.0005,130.7
ct,2900,none,4550,MP9,0.0123,130.7
ct,2900,none,4550,M4A4,0.4945,130.7
ct,2900,none,4550,M4A1-S,0.4437,130.7
ct,2900,none,4550,SSG 08,0.0,130.7
ct,2900,none,4550,MAC-10,0.0,130.7
ct,2900,none,4550,FAMAS,0.0438,130.7
ct,2900,none,4550,MP7,0.0,130.7
ct,2900,none,4550,AK-47,0.0052,130.7
ct,2900,none,4550,MAG-7,0.0,130.7
ct,2900,none,4550,MP5-SD,0.0,130.7
ct,2900,none,4600,none,0.0071,113.6
ct,2900,none,4600,MP9,0.0144,113.6
ct,2900,none,4600,M4A4,0.5192,113.6
ct,2900,none,4600,M4A1-S,0.4304,113.6
ct,2900,none,4600,SSG 08,0.0,113.6
ct,2900,none,4600,MAC-10,0.0,113.6
ct,2900,none,4600,FAMAS,0.0171,113.6
ct,2900,none,4600,MP7,0.0,113.6
ct,2900,none,4600,AK-47,0.0118,113.6
ct,2900,none,4600,MAG-7,0.0,113.6
ct,2900,none,4600,MP5-SD,0.0,113.6
ct,2900,none,4650,none,0.0126,110.1
ct,2900,none,4650,MP9,0.0143,110.1
ct,2900,none,4650,M4A4,0.5146,110.1
ct,2900,none,4650,M4A1-S,0.4484,110.1
ct,2900,none,4650,SSG 08,0.0,110.1
ct,2900,none,4650,MAC-10,0.0,110.1
ct,2900,none,4650,FAMAS,0.0026,110.1
ct,2900,none,4650,MP7,0.0,110.1
ct,2900,none,4650,AK-47,0.0076,110.1
ct,2900,none,4650,MAG-7,0.0,110.1
ct,2900,none,4650,MP5-SD,0.0,110.1
ct,2900,none,4700,none,0.0088,115.8
ct,2900,none,4700,MP9,0.0094,115.8
ct,2900,none,4700,M4A4,0.5115,115.8
ct,2900,none,4700,M4A1-S,0.4632,115.8
ct,2900,none,4700,AK-47,0.0062,115.8
ct,2900,none,4700,SSG 08,0.0,115.8
ct,2900,none,4700,MAC-10,0.0,115.8
ct,2900,none,4700,FAMAS,0.0008,115.8
ct,2900,none,4700,MP7,0.0,115.8
ct,2900,none,4700,MAG-7,0.0,115.8
ct,2900,none,4700,MP5-SD,0.0,115.8
ct,2900,none,4750,none,0.0044,113.7
ct,2900,none,4750,MP9,0.0047,113.7
ct,2900,none,4750,M4A4,0.4579,113.7
ct,2900,none,4750,M4A1-S,0.5118,113.7
ct,2900,none,4750,AK-47,0.0152,113.7
ct,2900,none,4750,SSG 08,0.0,113.7
ct,2900,none,4750,MAC-10,0.0,113.7
ct,2900,none,4750,FAMAS,0.0003,113.7
ct,2900,none,4750,MP7,0.0,113.7
ct,2900,none,4750,MAG-7,0.0,113.7
ct,2900,none,4750,MP5-SD,0.0,113.7
ct,2900,none,4750,AWP,0.0057,113.7
ct,2900,none,4800,none,0.0032,107.8
ct,2900,none,4800,MP9,0.0034,107.8
ct,2900,none,4800,M4A4,0.4306,107.8
ct,2900,none,4800,M4A1-S,0.52,107.8
ct,2900,none,4800,AK-47,0.0246,107.8
ct,2900,none,4800,SSG 08,0.0,107.8
ct,2900,none,4800,MAC-10,0.0,107.8
ct,2900,none,4800,FAMAS,0.0006,107.8
ct,2900,none,4800,MP7,0.0,107.8
ct,2900,none,4800,MAG-7,0.0,107.8
ct,2900,none,4800,MP5-SD,0.0,107.8
ct,2900,none,4800,AWP,0.0177,107.8
ct,2900,none,4850,none,0.0006,103.9
ct,2900,none,4850,MP9,0.0006,103.9
ct,2900,none,4850,M4A4,0.3982,103.9
ct,2900,none,4850,M4A1-S,0.5529,103.9
ct,2900,none,4850,AK-47,0.024,103.9
ct,2900,none,4850,SSG 08,0.0,103.9
ct,2900,none,4850,MAC-10,0.0,103.9
ct,2900,none,4850,FAMAS,0.0,103.9
ct,2900,none,4850,MP7,0.0,103.9
ct,2900,none,4850,MAG-7,0.0,103.9
ct,2900,none,4850,MP5-SD,0.0,103.9
ct,2900,none,4850,AWP,0.0239,103.9
ct,2900,none,4900,none,0.0001,103.6
ct,2900,none,4900,MP9,0.0001,103.6
ct,2900,none,4900,M4A4,0.4536,103.6
ct,2900,none,4900,M4A1-S,0.5057,103.6
ct,2900,none,4900,AK-47,0.0167,103.6
ct,2900,none,4900,SSG 08,0.0,103.6
ct,2900,none,4900,MAC-10,0.0,103.6
ct,2900,none,4900,FAMAS,0.0,103.6
ct,2900,none,4900,MP7,0.0,103.6
ct,2900,none,4900,MAG-7,0.0,103.6
ct,2900,none,4900,MP5-SD,0.0,103.6
ct,2900,none,4900,AWP,0.0237,103.6
ct,2900,none,4950,none,0.0001,105.6
ct,2900,none,4950,MP9,0.0001,105.6
ct,2900,none,4950,M4A4,0.4825,105.6
ct,2900,none,4950,M4A1-S,0.4597,105.6
ct,2900,none,4950,AK-47,0.0122,105.6
ct,2900,none,4950,SSG 08,0.0,105.6
ct,2900,none,4950,MAC-10,0.0,105.6
ct,2900,none,4950,FAMAS,0.0,105.6
ct,2900,none,4950,MP7,0.0,105.6
ct,2900,none,4950,MAG-7,0.0,105.6
ct,2900,none,4950,MP5-SD,0.0,105.6
ct,2900,none,4950,AWP,0.0453,105.6
ct,2900,none,5000,none,0.0001,100.2
ct,2900,none,5000,MP9,0.0001,100.2
ct,2900,none,5000,M4A4,0.5292,100.2
ct,2900,none,5000,M4A1-S,0.4197,100.2
ct,2900,none,5000,AK-47,0.0096,100.2
ct,2900,none,5000,SSG 08,0.0,100.2
ct,2900,none,5000,MAC-10,0.0,100.2
ct,2900,none,5000,FAMAS,0.0,100.2
ct,2900,none,5000,MP7,0.0,100.2
ct,2900,none,5000,MAG-7,0.0,100.2
ct,2900,none,5000,MP5-SD,0.0,100.2
ct,2900,none,5000,AWP,0.0414,100.2
ct,2900,none,5050,none,0.0001,104.9
ct,2900,none,5050,MP9,0.0001,104.9
ct,2900,none,5050,M4A4,0.551,104.9
ct,2900,none,5050,M4A1-S,0.3943,104.9
ct,2900,none,5050,AK-47,0.0086,104.9
ct,2900,none,5050,SSG 08,0.0,104.9
ct,2900,none,5050,MAC-10,0.0,104.9
ct,2900,none,5050,FAMAS,0.0,104.9
ct,2900,none,5050,MP7,0.0,104.9
ct,2900,none,5050,MAG-7,0.0,104.9
ct,2900,none,5050,MP5-SD,0.0,104.9
ct,2900,none,5050,AWP,0.0361,104.9
ct,2900,none,5050,AUG,0.0099,104.9
ct,2900,none,5100,none,0.0001,103.5
ct,2900,none,5100,MP9,0.0001,103.5
ct,2900,none,5100,M4A4,0.5695,103.5
ct,2900,none,5100,M4A1-S,0.369,103.5
ct,2900,none,5100,AK-47,0.0125,103.5
ct,2900,none,5100,SSG 08,0.0,103.5
ct,2900,none,5100,MAC-10,0.0,103.5
ct,2900,none,5100,FAMAS,0.0,103.5
ct,2900,none,5100,MP7,0.0,103.5
ct,2900,none,5100,MAG-7,0.0,103.5
ct,2900,none,5100,MP5-SD,0.0,103.5
ct,2900,none,5100,AWP,0.0354,103.5
ct,2900,none,5100,AUG,0.0135,103.5
ct,2900,none,5150,none,0.0002,109.0
ct,2900,none,5150,MP9,0.0002,109.0
ct,2900,none,5150,M4A4,0.5649,109.0
ct,2900,none,5150,M4A1-S,0.3682,109.0
ct,2900,none,5150,AK-47,0.0167,109.0
ct,2900,none,5150,SSG 08,0.0,109.0
ct,2900,none,5150,MAC-10,0.0,109.0
ct,2900,none,5150,FAMAS,0.0001,109.0
ct,2900,none,5150,MP7,0.0,109.0
ct,2900,none,5150,MAG-7,0.0,109.0
ct,2900,none,5150,MP5-SD,0.0,109.0
ct,2900,none,5150,AWP,0.0356,109.0
ct,2900,none,5150,AUG,0.0142,109.0
ct,2900,none,5200,none,0.0001,102.7
ct,2900,none,5200,MP9,0.0001,102.7
ct,2900,none,5200,M4A4,0.5608,102.7
ct,2900,none,5200,M4A1-S,0.38,102.7
ct,2900,none,5200,AK-47,0.0164,102.7
ct,2900,none,5200,SSG 08,0.0,102.7
ct,2900,none,5200,MAC-10,0.0,102.7
ct,2900,none,5200,FAMAS,0.0,102.7
ct,2900,none,5200,MP7,0.0,102.7
ct,2900,none,5200,MAG-7,0.0,102.7
ct,2900,none,5200,MP5-SD,0.0,102.7
ct,2900,none,5200,AWP,0.0288,102.7
ct,2900,none,5200,AUG,0.0137,102.7
ct,2900,none,5250,none,0.0001,106.5
ct,2900,none,5250,MP9,0.0001,106.5
ct,2900,none,5250,M4A4,0.5365,106.5
ct,2900,none,5250,M4A1-S,0.3846,106.5
ct,2900,none,5250,AK-47,0.0159,106.5
ct,2900,none,5250,SSG 08,0.0,106.5
ct,2900,none,5250,MAC-10,0.0,106.5
ct,2900,none,5250,FAMAS,0.0001,106.5
ct,2900,none,5250,MP7,0.0,106.5
ct,2900,none,5250,MAG-7,0.0,106.5
ct,2900,none,5250,MP5-SD,0.0,106.5
ct,2900,none,5250,AWP,0.051,106.5
ct,2900,none,5250,AUG,0.0118,106.5
ct,2900,none,5300,none,0.0001,103.7
ct,2900,none,5300,MP9,0.0001,103.7
ct,2900,none,5300,M4A4,0.5307,103.7
ct,2900,none,5300,M4A1-S,0.3896,103.7
ct,2900,none,5300,AK-47,0.0162,103.7
ct,2900,none,5300,SSG 08,0.0,103.7
ct,2900,none,5300,MAC-10,0.0,103.7
ct,2900,none,5300,FAMAS,0.0001,103.7
ct,2900,none,5300,MP7,0.0,103.7
ct,2900,none,5300,MAG-7,0.0,103.7
ct,2900,none,5300,MP5-SD,0.0,103.7
ct,2900,none,5300,AWP,0.0521,103.7
ct,2900,none,5300,AUG,0.011,103.7
ct,2900,none,5350,none,0.0001,102.2
ct,2900,none,5350,MP9,0.0002,102.2
ct,2900,none,5350,M4A4,0.5258,102.2
ct,2900,none,5350,M4A1-S,0.3948,102.2
ct,2900,none,5350,AK-47,0.0162,102.2
ct,2900,none,5350,SSG 08,0.0,102.2
ct,2900,none,5350,MAC-10,0.0,102.2
ct,2900,none,5350,FAMAS,0.0002,102.2
ct,2900,none,5350,MP7,0.0,102.2
ct,2900,none,5350,MAG-7,0.0,102.2
ct,2900,none,5350,MP5-SD,0.0,102.2
ct,2900,none,5350,AWP,0.0523,102.2
ct,2900,none,5350,AUG,0.0104,102.2
ct,2900,none,5400,none,0.0001,101.2
ct,2900,none,5400,MP9,0.0002,101.2
ct,2900,none,5400,M4A4,0.457,101.2
ct,2900,none,5400,M4A1-S,0.3781,101.2
ct,2900,none,5400,AK-47,0.0143,101.2
ct,2900,none,5400,SSG 08,0.0,101.2
ct,2900,none,5400,MAC-10,0.0,101.2
ct,2900,none,5400,FAMAS,0.0001,101.2
ct,2900,none,5400,MP7,0.0,101.2
ct,2900,none,5400,MAG-7,0.0,101.2
ct,2900,none,5400,MP5-SD,0.0,101.2
ct,2900,none,5400,AWP,0.1414,101.2
ct,2900,none,5400,AUG,0.0088,101.2
ct,2900,none,5450,none,0.0001,100.7
ct,2900,none,5450,MP9,0.0002,100.7
ct,2900,none,5450,M4A4,0.4546,100.7
ct,2900,none,5450,M4A1-S,0.3726,100.7
ct,2900,none,5450,AK-47,0.0137,100.7
ct,2900,none,5450,SSG 08,0.0,100.7
ct,2900,none,5450,MAC-10,0.0,100.7
ct,2900,none,5450,FAMAS,0.0002,100.7
ct,2900,none,5450,MP7,0.0,100.7
ct,2900,none,5450,MAG-7,0.0,100.7
ct,2900,none,5450,MP5-SD,0.0,100.7
ct,2900,none,5450,AWP,0.1504,100.7
ct,2900,none,5450,AUG,0.0082,100.7
ct,2900,none,5500,none,0.0002,100.0
ct,2900,none,5500,MP9,0.0002,100.0
ct,2900,none,5500,M4A4,0.447,100.0
ct,2900,none,5500,M4A1-S,0.3733,100.0
ct,2900,none,5500,AK-47,0.0133,100.0
ct,2900,none,5500,SSG 08,0.0,100.0
ct,2900,none,5500,MAC-10,0.0,100.0
ct,2900,none,5500,FAMAS,0.0003,100.0
ct,2900,none,5500,MP7,0.0,100.0
ct,2900,none,5500,MAG-7,0.0,100.0
ct,2900,none,5500,MP5-SD,0.0,100.0
ct,2900,none,5500,AWP,0.1581,100.0
ct,2900,none,5500,AUG,0.0077,100.0
ct,2900,none,5550,none,0.0003,107.2
ct,2900,none,5550,MP9,0.0004,107.2
ct,2900,none,5550,M4A4,0.4448,107.2
ct,2900,none,5550,M4A1-S,0.378,107.2
ct,2900,none,5550,AK-47,0.0129,107.2
ct,2900,none,5550,SSG 08,0.0,107.2
ct,2900,none,5550,MAC-10,0.0,107.2
ct,2900,none,5550,FAMAS,0.0005,107.2
ct,2900,none,5550,MP7,0.0,107.2
ct,2900,none,5550,MAG-7,0.0,107.2
ct,2900,none,5550,MP5-SD,0.0,107.2
ct,2900,none,5550,AWP,0.1557,107.2
ct,2900,none,5550,AUG,0.0073,107.2
ct,2900,none,5600,none,0.0002,103.0
ct,2900,none,5600,MP9,0.0003,103.0
ct,2900,none,5600,M4A4,0.4203,103.0
ct,2900,none,5600,M4A1-S,0.3586,103.0
ct,2900,none,5600,AK-47,0.0115,103.0
ct,2900,none,5600,SSG 08,0.0,103.0
ct,2900,none,5600,MAC-10,0.0,103.0
ct,2900,none,5600,FAMAS,0.0005,103.0
ct,2900,none,5600,MP7,0.0,103.0
ct,2900,none,5600,MAG-7,0.0,103.0
ct,2900,none,5600,MP5-SD,0.0,103.0
ct,2900,none,5600,AWP,0.2022,103.0
ct,2900,none,5600,AUG,0.0064,103.0
ct,2900,none,5650,none,0.0003,102.9
ct,2900,none,5650,MP9,0.0004,102.9
ct,2900,none,5650,M4A4,0.4178,102.9
ct,2900,none,5650,M4A1-S,0.3592,102.9
ct,2900,none,5650,AK-47,0.0112,102.9
ct,2900,none,5650,SSG 08,0.0,102.9
ct,2900,none,5650,MAC-10,0.0,102.9
ct,2900,none,5650,FAMAS,0.0006,102.9
ct,2900,none,5650,MP7,0.0,102.9
ct,2900,none,5650,MAG-7,0.0,102.9
ct,2900,none,5650,MP5-SD,0.0,102.9
ct,2900,none,5650,AWP,0.2043,102.9
ct,2900,none,5650,AUG,0.0062,102.9
ct,2900,none,5700,none,0.0003,105.2
ct,2900,none,5700,MP9,0.0004,105.2
ct,2900,none,5700,M4A4,0.375,105.2
ct,2900,none,5700,M4A1-S,0.3241,105.2
ct,2900,none,5700,AK-47,0.0099,105.2
ct,2900,none,5700,SSG 08,0.0,105.2
ct,2900,none,5700,MAC-10,0.0,105.2
ct,2900,none,5700,FAMAS,0.0007,105.2
ct,2900,none,5700,MP7,0.0,105.2
ct,2900,none,5700,AWP,0.2843,105.2
ct,2900,none,5700,MAG-7,0.0,105.2
ct,2900,none,5700,MP5-SD,0.0,105.2
ct,2900,none,5700,AUG,0.0054,105.2
ct,2900,none,5750,none,0.0003,105.3
ct,2900,none,5750,MP9,0.0005,105.3
ct,2900,none,5750,M4A4,0.3596,105.3
ct,2900,none,5750,M4A1-S,0.3116,105.3
ct,2900,none,5750,AK-47,0.0093,105.3
ct,2900,none,5750,SSG 08,0.0,105.3
ct,2900,none,5750,MAC-10,0.0,105.3
ct,2900,none,5750,FAMAS,0.0008,105.3
ct,2900,none,5750,MP7,0.0,105.3
ct,2900,none,5750,AWP,0.3129,105.3
ct,2900,none,5750,MAG-7,0.0,105.3
ct,2900,none,5750,MP5-SD,0.0,105.3
ct,2900,none,5750,AUG,0.005,105.3
ct,2900,none,5800,none,0.0003,105.1
ct,2900,none,5800,MP9,0.0006,105.1
ct,2900,none,5800,M4A4,0.3582,105.1
ct,2900,none,5800,M4A1-S,0.3107,105.1
ct,2900,none,5800,AK-47,0.0091,105.1
ct,2900,none,5800,SSG 08,0.0,105.1
ct,2900,none,5800,MAC-10,0.0,105.1
ct,2900,none,5800,FAMAS,0.001,105.1
ct,2900,none,5800,MP7,0.0,105.1
ct,2900,none,5800,AWP,0.3152,105.1
ct,2900,none,5800,MAG-7,0.0,105.1
ct,2900,none,5800,MP5-SD,0.0,105.1
ct,2900,none,5800,AUG,0.0048,105.1
ct,2900,none,5850,none,0.0004,105.5
ct,2900,none,5850,MP9,0.0007,105.5
ct,2900,none,5850,M4A4,0.3582,105.5
ct,2900,none,5850,M4A1-S,0.3104,105.5
ct,2900,none,5850,AK-47,0.009,105.5
ct,2900,none,5850,SSG 08,0.0,105.5
ct,2900,none,5850,MAC-10,0.0,105.5
ct,2900,none,5850,FAMAS,0.0011,105.5
ct,2900,none,5850,MP7,0.0,105.5
ct,2900,none,5850,AWP,0.3156,105.5
ct,2900,none,5850,MAG-7,0.0,105.5
ct,2900,none,5850,MP5-SD,0.0,105.5
ct,2900,none,5850,AUG,0.0047,105.5
ct,2900,none,5900,none,0.0003,100.4
ct,2900,none,5900,MP9,0.0006,100.4
ct,2900,none,5900,M4A4,0.314,100.4
ct,2900,none,5900,AWP,0.4009,100.4
ct,2900,none,5900,M4A1-S,0.2715,100.4
ct,2900,none,5900,AK-47,0.0077,100.4
ct,2900,none,5900,SSG 08,0.0,100.4
ct,2900,none,5900,MAC-10,0.0,100.4
ct,2900,none,5900,FAMAS,0.001,100.4
ct,2900,none,5900,MP7,0.0,100.4
ct,2900,none,5900,MAG-7,0.0,100.4
ct,2900,none,5900,MP5-SD,0.0,100.4
ct,2900,none,5900,AUG,0.004,100.4
ct,2900,none,5950,none,0.0004,100.5
ct,2900,none,5950,MP9,0.0007,100.5
ct,2900,none,5950,M4A4,0.3141,100.5
ct,2900,none,5950,AWP,0.4016,100.5
ct,2900,none,5950,M4A1-S,0.2706,100.5
ct,2900,none,5950,AK-47,0.0076,100.5
ct,2900,none,5950,SSG 08,0.0,100.5
ct,2900,none,5950,MAC-10,0.0,100.5
ct,2900,none,5950,FAMAS,0.0011,100.5
ct,2900,none,5950,MP7,0.0,100.5
ct,2900,none,5950,MAG-7,0.0,100.5
ct,2900,none,5950,MP5-SD,0.0,100.5
ct,2900,none,5950,AUG,0.0039,100.5
ct,2900,none,6000,none,0.0004,101.2
ct,2900,none,6000,MP9,0.0007,101.2
ct,2900,none,6000,M4A4,0.3094,101.2
ct,2900,none,6000,AWP,0.4118,101.2
ct,2900,none,6000,M4A1-S,0.2652,101.2
ct,2900,none,6000,AK-47,0.0074,101.2
ct,2900,none,6000,SSG 08,0.0,101.2
ct,2900,none,6000,MAC-10,0.0,101.2
ct,2900,none,6000,FAMAS,0.0013,101.2
ct,2900,none,6000,MP7,0.0,101.2
ct,2900,none,6000,MAG-7,0.0,101.2
ct,2900,none,6000,MP5-SD,0.0,101.2
ct,2900,none,6000,AUG,0.0038,101.2
ct,2900,none,6050,none,0.0004,102.0
ct,2900,none,6050,MP9,0.0008,102.0
ct,2900,none,6050,M4A4,0.3112,102.0
ct,2900,none,6050,AWP,0.4098,102.0
ct,2900,none,6050,M4A1-S,0.2653,102.0
ct,2900,none,6050,AK-47,0.0073,102.0
ct,2900,none,6050,SSG 08,0.0,102.0
ct,2900,none,6050,MAC-10,0.0,102.0
ct,2900,none,6050,FAMAS,0.0015,102.0
ct,2900,none,6050,MP7,0.0,102.0
ct,2900,none,6050,MAG-7,0.0,102.0
ct,2900,none,6050,MP5-SD,0.0,102.0
ct,2900,none,6050,AUG,0.0037,102.0
ct,2900,none,6100,none,0.0004,96.7
ct,2900,none,6100,MP9,0.0008,96.7
ct,2900,none,6100,M4A4,0.3137,96.7
ct,2900,none,6100,AWP,0.4251,96.7
ct,2900,none,6100,M4A1-S,0.2484,96.7
ct,2900,none,6100,AK-47,0.0068,96.7
ct,2900,none,6100,SSG 08,0.0,96.7
ct,2900,none,6100,MAC-10,0.0,96.7
ct,2900,none,6100,FAMAS,0.0014,96.7
ct,2900,none,6100,MP7,0.0,96.7
ct,2900,none,6100,MAG-7,0.0,96.7
ct,2900,none,6100,MP5-SD,0.0,96.7
ct,2900,none,6100,AUG,0.0034,96.7
ct,2900,none,6150,none,0.0003,86.1
ct,2900,none,6150,MP9,0.0006,86.1
ct,2900,none,6150,M4A4,0.3041,86.1
ct,2900,none,6150,AWP,0.45,86.1
ct,2900,none,6150,M4A1-S,0.2343,86.1
ct,2900,none,6150,AK-47,0.0063,86.1
ct,2900,none,6150,SSG 08,0.0,86.1
ct,2900,none,6150,MAC-10,0.0,86.1
ct,2900,none,6150,FAMAS,0.0011,86.1
ct,2900,none,6150,MP7,0.0,86.1
ct,2900,none,6150,MAG-7,0.0,86.1
ct,2900,none,6150,MP5-SD,0.0,86.1
ct,2900,none,6150,AUG,0.0032,86.1
ct,2900,none,6200,none,0.0003,76.7
ct,2900,none,6200,MP9,0.0005,76.7
ct,2900,none,6200,M4A4,0.2955,76.7
ct,2900,none,6200,AWP,0.4736,76.7
ct,2900,none,6200,M4A1-S,0.2204,76.7
ct,2900,none,6200,AK-47,0.0058,76.7
ct,2900,none,6200,SSG 08,0.0,76.7
ct,2900,none,6200,MAC-10,0.0,76.7
ct,2900,none,6200,FAMAS,0.0009,76.7
ct,2900,none,6200,MP7,0.0,76.7
ct,2900,none,6200,MAG-7,0.0,76.7
ct,2900,none,6200,MP5-SD,0.0,76.7
ct,2900,none,6200,AUG,0.003,76.7
ct,2900,none,6250,none,0.0002,68.5
ct,2900,none,6250,MP9,0.0004,68.5
ct,2900,none,6250,M4A4,0.2884,68.5
ct,2900,none,6250,AWP,0.4955,68.5
ct,2900,none,6250,M4A1-S,0.2067,68.5
ct,2900,none,6250,AK-47,0.0053,68.5
ct,2900,none,6250,SSG 08,0.0,68.5
ct,2900,none,6250,MAC-10,0.0,68.5
ct,2900,none,6250,FAMAS,0.0007,68.5
ct,2900,none,6250,MP7,0.0,68.5
ct,2900,none,6250,MAG-7,0.0,68.5
ct,2900,none,6250,MP5-SD,0.0,68.5
ct,2900,none,6250,AUG,0.0027,68.5
ct,2900,none,6300,none,0.0002,61.3
ct,2900,none,6300,MP9,0.0003,61.3
ct,2900,none,6300,M4A4,0.2828,61.3
ct,2900,none,6300,AWP,0.5154,61.3
ct,2900,none,6300,M4A1-S,0.1933,61.3
ct,2900,none,6300,AK-47,0.0049,61.3
ct,2900,none,6300,SSG 08,0.0,61.3
ct,2900,none,6300,MAC-10,0.0,61.3
ct,2900,none,6300,FAMAS,0.0006,61.3
ct,2900,none,6300,MP7,0.0,61.3
ct,2900,none,6300,MAG-7,0.0,61.3
ct,2900,none,6300,MP5-SD,0.0,61.3
ct,2900,none,6300,AUG,0.0025,61.3
ct,2900,none,6350,none,0.0001,54.9
ct,2900,none,6350,MP9,0.0003,54.9
ct,2900,none,6350,M4A4,0.2791,54.9
ct,2900,none,6350,AWP,0.533,54.9
ct,2900,none,6350,M4A1-S,0.1803,54.9
ct,2900,none,6350,AK-47,0.0044,54.9
ct,2900,none,6350,SSG 08,0.0,54.9
ct,2900,none,6350,MAC-10,0.0,54.9
ct,2900,none,6350,FAMAS,0.0005,54.9
ct,2900,none,6350,MP7,0.0,54.9
ct,2900,none,6350,MAG-7,0.0,54.9
ct,2900,none,6350,MP5-SD,0.0,54.9
ct,2900,none,6350,AUG,0.0023,54.9
ct,2900,none,6400,none,0.0001,49.3
ct,2900,none,6400,MP9,0.0002,49.3
ct,2900,none,6400,M4A4,0.2774,49.3
ct,2900,none,6400,AWP,0.5482,49.3
ct,2900,none,6400,M4A1-S,0.1677,49.3
ct,2900,none,6400,AK-47,0.004,49.3
ct,2900,none,6400,SSG 08,0.0,49.3
ct,2900,none,6400,MAC-10,0.0,49.3
ct,2900,none,6400,FAMAS,0.0004,49.3
ct,2900,none,6400,MP7,0.0,49.3
ct,2900,none,6400,MAG-7,0.0,49.3
ct,2900,none,6400,MP5-SD,0.0,49.3
ct,2900,none,6400,AUG,0.002,49.3
ct,2900,none,6450,none,0.0001,44.2
ct,2900,none,6450,MP9,0.0002,44.2
ct,2900,none,6450,M4A4,0.2779,44.2
ct,2900,none,6450,AWP,0.5606,44.2
ct,2900,none,6450,M4A1-S,0.1556,44.2
ct,2900,none,6450,AK-47,0.0036,44.2
ct,2900,none,6450,SSG 08,0.0,44.2
ct,2900,none,6450,MAC-10,0.0,44.2
ct,2900,none,6450,FAMAS,0.0003,44.2
ct,2900,none,6450,MP7,0.0,44.2
ct,2900,none,6450,MAG-7,0.0,44.2
ct,2900,none,6450,MP5-SD,0.0,44.2
ct,2900,none,6450,AUG,0.0018,44.2
ct,2900,none,6500,none,0.0001,39.0
ct,2900,none,6500,MP9,0.0001,39.0
ct,2900,none,6500,M4A4,0.2647,39.0
ct,2900,none,6500,AWP,0.5947,39.0
ct,2900,none,6500,M4A1-S,0.1357,39.0
ct,2900,none,6500,AK-47,0.003,39.0
ct,2900,none,6500,SSG 08,0.0,39.0
ct,2900,none,6500,MAC-10,0.0,39.0
ct,2900,none,6500,FAMAS,0.0002,39.0
ct,2900,none,6500,MP7,0.0,39.0
ct,2900,none,6500,MAG-7,0.0,39.0
ct,2900,none,6500,MP5-SD,0.0,39.0
ct,2900,none,6500,AUG,0.0015,39.0
ct,2900,none,6550,none,0.0001,34.6
ct,2900,none,6550,MP9,0.0001,34.6
ct,2900,none,6550,M4A4,0.2673,34.6
ct,2900,none,6550,AWP,0.6044,34.6
ct,2900,none,6550,M4A1-S,0.124,34.6
ct,2900,none,6550,AK-47,0.0026,34.6
ct,2900,none,6550,SSG 08,0.0,34.6
ct,2900,none,6550,MAC-10,0.0,34.6
ct,2900,none,6550,FAMAS,0.0002,34.6
ct,2900,none,6550,MP7,0.0,34.6
ct,2900,none,6550,MAG-7,0.0,34.6
ct,2900,none,6550,MP5-SD,0.0,34.6
ct,2900,none,6550,AUG,0.0013,34.6
ct,2900,none,6600,none,0.0,30.7
ct,2900,none,6600,MP9,0.0001,30.7
ct,2900,none,6600,M4A4,0.2721,30.7
ct,2900,none,6600,AWP,0.6113,30.7
ct,2900,none,6600,M4A1-S,0.113,30.7
ct,2900,none,6600,AK-47,0.0023,30.7
ct,2900,none,6600,SSG 08,0.0,30.7
ct,2900,none,6600,MAC-10,0.0,30.7
ct,2900,none,6600,FAMAS,0.0001,30.7
ct,2900,none,6600,MP7,0.0,30.7
ct,2900,none,6600,MAG-7,0.0,30.7
ct,2900,none,6600,MP5-SD,0.0,30.7
ct,2900,none,6600,AUG,0.0011,30.7
ct,2900,none,6650,none,0.0,27.1
ct,2900,none,6650,MP9,0.0001,27.1
ct,2900,none,6650,M4A4,0.279,27.1
ct,2900,none,6650,AWP,0.6154,27.1
ct,2900,none,6650,M4A1-S,0.1025,27.1
ct,2900,none,6650,AK-47,0.002,27.1
ct,2900,none,6650,SSG 08,0.0,27.1
ct,2900,none,6650,MAC-10,0.0,27.1
ct,2900,none,6650,FAMAS,0.0001,27.1
ct,2900,none,6650,MP7,0.0,27.1
ct,2900,none,6650,MAG-7,0.0,27.1
ct,2900,none,6650,MP5-SD,0.0,27.1
ct,2900,none,6650,AUG,0.001,27.1
ct,2900,none,6700,none,0.0,24.8
ct,2900,none,6700,MP9,0.0,24.8
ct,2900,none,6700,M4A4,0.2763,24.8
ct,2900,none,6700,AWP,0.6324,24.8
ct,2900,none,6700,M4A1-S,0.0888,24.8
ct,2900,none,6700,AK-47,0.0016,24.8
ct,2900,none,6700,SSG 08,0.0,24.8
ct,2900,none,6700,MAC-10,0.0,24.8
ct,2900,none,6700,FAMAS,0.0001,24.8
ct,2900,none,6700,MP7,0.0,24.8
ct,2900,none,6700,MAG-7,0.0,24.8
ct,2900,none,6700,MP5-SD,0.0,24.8
ct,2900,none,6700,AUG,0.0008,24.8
ct,2900,none,6750,none,0.0,21.9
ct,2900,none,6750,MP9,0.0,21.9
ct,2900,none,6750,M4A4,0.2837,21.9
ct,2900,none,6750,AWP,0.6353,21.9
ct,2900,none,6750,M4A1-S,0.0789,21.9
ct,2900,none,6750,AK-47,0.0014,21.9
ct,2900,none,6750,SSG 08,0.0,21.9
ct,2900,none,6750,MAC-10,0.0,21.9
ct,2900,none,6750,FAMAS,0.0,21.9
ct,2900,none,6750,MP7,0.0,21.9
ct,2900,none,6750,MAG-7,0.0,21.9
ct,2900,none,6750,MP5-SD,0.0,21.9
ct,2900,none,6750,AUG,0.0007,21.9
ct,3400,none,1000,none,1.0,24.2
ct,3400,none,1050,none,1.0,24.6
ct,3400,none,1100,none,1.0,26.0
ct,3400,none,1150,none,1.0,30.3
ct,3400,none,1200,none,1.0,30.9
ct,3400,none,1250,none,1.0,33.3
ct,3400,none,1300,none,1.0,35.1
ct,3400,none,1350,none,1.0,37.7
ct,3400,none,1400,none,1.0,39.3
ct,3400,none,1450,none,1.0,61.4
ct,3400,none,1500,none,1.0,63.1
ct,3400,none,1550,none,1.0,64.9
ct,3400,none,1600,none,1.0,66.0
ct,3400,none,1650,none,1.0,78.7
ct,3400,none,1700,none,0.9853,81.8
ct,3400,none,1700,SSG 08,0.0147,81.8
ct,3400,none,1750,none,0.9869,92.6
ct,3400,none,1750,SSG 08,0.0131,92.6
ct,3400,none,1800,none,0.9869,96.3
ct,3400,none,1800,SSG 08,0.0131,96.3
ct,3400,none,1850,none,0.9867,98.7
ct,3400,none,1850,SSG 08,0.0133,98.7
ct,3400,none,1900,none,0.9713,101.0
ct,3400,none,1900,MP9,0.0157,101.0
ct,3400,none,1900,SSG 08,0.0131,101.0
ct,3400,none,1950,none,0.9604,100.6
ct,3400,none,1950,MP9,0.0147,100.6
ct,3400,none,1950,SSG 08,0.0127,100.6
ct,3400,none,1950,MAG-7,0.0122,100.6
ct,3400,none,2000,none,0.9604,100.8
ct,3400,none,2000,MP9,0.0147,100.8
ct,3400,none,2000,SSG 08,0.0127,100.8
ct,3400,none,2000,MAG-7,0.0122,100.8
ct,3400,none,2050,none,0.9604,100.8
ct,3400,none,2050,MP9,0.0147,100.8
ct,3400,none,2050,SSG 08,0.0127,100.8
ct,3400,none,2050,MAG-7,0.0122,100.8
ct,3400,none,2100,none,0.9605,101.0
ct,3400,none,2100,MP9,0.0147,101.0
ct,3400,none,2100,SSG 08,0.0127,101.0
ct,3400,none,2100,MAG-7,0.0121,101.0
ct,3400,none,2150,none,0.9604,101.2
ct,3400,none,2150,MP9,0.0147,101.2
ct,3400,none,2150,SSG 08,0.0127,101.2
ct,3400,none,2150,MAG-7,0.0121,101.2
ct,3400,none,2200,none,0.9479,100.9
ct,3400,none,2200,MP9,0.0276,100.9
ct,3400,none,2200,SSG 08,0.0124,100.9
ct,3400,none,2200,MAG-7,0.0122,100.9
ct,3400,none,2250,none,0.9477,101.4
ct,3400,none,2250,MP9,0.0276,101.4
ct,3400,none,2250,SSG 08,0.0124,101.4
ct,3400,none,2250,MAG-7,0.0122,101.4
ct,3400,none,2300,none,0.9476,101.8
ct,3400,none,2300,MP9,0.0278,101.8
ct,3400,none,2300,SSG 08,0.0124,101.8
ct,3400,none,2300,MAG-7,0.0122,101.8
ct,3400,none,2350,none,0.9472,102.4
ct,3400,none,2350,MP9,0.0279,102.4
ct,3400,none,2350,SSG 08,0.0126,102.4
ct,3400,none,2350,MP7,0.0001,102.4
ct,3400,none,2350,MAG-7,0.0122,102.4
ct,3400,none,2400,none,0.9467,103.1
ct,3400,none,2400,MP9,0.0285,103.1
ct,3400,none,2400,SSG 08,0.0126,103.1
ct,3400,none,2400,MP7,0.0001,103.1
ct,3400,none,2400,MAG-7,0.0121,103.1
ct,3400,none,2450,none,0.9483,100.5
ct,3400,none,2450,MP9,0.0269,100.5
ct,3400,none,2450,SSG 08,0.0125,100.5
ct,3400,none,2450,MP7,0.0001,100.5
ct,3400,none,2450,MAG-7,0.0123,100.5
ct,3400,none,2500,none,0.9468,101.7
ct,3400,none,2500,MP9,0.0284,101.7
ct,3400,none,2500,SSG 08,0.0125,101.7
ct,3400,none,2500,MP7,0.0001,101.7
ct,3400,none,2500,MAG-7,0.0122,101.7
ct,3400,none,2550,none,0.946,103.0
ct,3400,none,2550,MP9,0.0292,103.0
ct,3400,none,2550,SSG 08,0.0126,103.0
ct,3400,none,2550,MP7,0.0001,103.0
ct,3400,none,2550,MAG-7,0.0121,103.0
ct,3400,none,2600,none,0.9476,100.7
ct,3400,none,2600,MP9,0.0276,100.7
ct,3400,none,2600,FAMAS,0.0,100.7
ct,3400,none,2600,SSG 08,0.0124,100.7
ct,3400,none,2600,MP7,0.0001,100.7
ct,3400,none,2600,MAG-7,0.0123,100.7
ct,3400,none,2650,none,0.9469,102.4
ct,3400,none,2650,MP9,0.0284,102.4
ct,3400,none,2650,FAMAS,0.0,102.4
ct,3400,none,2650,SSG 08,0.0126,102.4
ct,3400,none,2650,MP7,0.0001,102.4
ct,3400,none,2650,MAG-7,0.0121,102.4
ct,3400,none,2700,none,0.9482,100.6
ct,3400,none,2700,MP9,0.027,100.6
ct,3400,none,2700,FAMAS,0.0,100.6
ct,3400,none,2700,SSG 08,0.0125,100.6
ct,3400,none,2700,MP7,0.0,100.6
ct,3400,none,2700,MAG-7,0.0123,100.6
ct,3400,none,2750,none,0.9471,103.0
ct,3400,none,2750,MP9,0.0281,103.0
ct,3400,none,2750,FAMAS,0.0,103.0
ct,3400,none,2750,SSG 08,0.0126,103.0
ct,3400,none,2750,MP7,0.0,103.0
ct,3400,none,2750,MAG-7,0.0121,103.0
ct,3400,none,2800,none,0.9481,101.9
ct,3400,none,2800,MP9,0.0271,101.9
ct,3400,none,2800,FAMAS,0.0,101.9
ct,3400,none,2800,SSG 08,0.0126,101.9
ct,3400,none,2800,MP7,0.0,101.9
ct,3400,none,2800,MAG-7,0.0121,101.9
ct,3400,none,2850,none,0.9489,101.4
ct,3400,none,2850,MP9,0.0264,101.4
ct,3400,none,2850,FAMAS,0.0,101.4
ct,3400,none,2850,SSG 08,0.0126,101.4
ct,3400,none,2850,MP7,0.0,101.4
ct,3400,none,2850,MAG-7,0.0121,101.4
ct,3400,none,2900,none,0.9393,102.6
ct,3400,none,2900,MP9,0.0361,102.6
ct,3400,none,2900,FAMAS,0.0001,102.6
ct,3400,none,2900,SSG 08,0.0125,102.6
ct,3400,none,2900,MP7,0.0,102.6
ct,3400,none,2900,MAG-7,0.012,102.6
ct,3400,none,2950,none,0.939,103.6
ct,3400,none,2950,MP9,0.0366,103.6
ct,3400,none,2950,FAMAS,0.0,103.6
ct,3400,none,2950,SSG 08,0.0127,103.6
ct,3400,none,2950,MP7,0.0,103.6
ct,3400,none,2950,MAG-7,0.0117,103.6
ct,3400,none,3000,none,0.9127,101.4
ct,3400,none,3000,MP7,0.0117,101.4
ct,3400,none,3000,MP9,0.0518,101.4
ct,3400,none,3000,FAMAS,0.0,101.4
ct,3400,none,3000,SSG 08,0.0121,101.4
ct,3400,none,3000,MAG-7,0.0117,101.4
ct,3400,none,3050,none,0.8812,100.1
ct,3400,none,3050,MP9,0.085,100.1
ct,3400,none,3050,MP7,0.0107,100.1
ct,3400,none,3050,FAMAS,0.0,100.1
ct,3400,none,3050,SSG 08,0.0123,100.1
ct,3400,none,3050,MAG-7,0.0107,100.1
ct,3400,none,3100,none,0.8558,101.3
ct,3400,none,3100,MP9,0.1174,101.3
ct,3400,none,3100,MP7,0.0076,101.3
ct,3400,none,3100,FAMAS,0.0,101.3
ct,3400,none,3100,SSG 08,0.0117,101.3
ct,3400,none,3100,MAG-7,0.0076,101.3
ct,3400,none,3150,none,0.8534,108.2
ct,3400,none,3150,MP9,0.1244,108.2
ct,3400,none,3150,MP7,0.0051,108.2
ct,3400,none,3150,FAMAS,0.0,108.2
ct,3400,none,3150,SSG 08,0.012,108.2
ct,3400,none,3150,MAG-7,0.0051,108.2
ct,3400,none,3200,none,0.8374,110.0
ct,3400,none,3200,MP9,0.1284,110.0
ct,3400,none,3200,MP7,0.0027,110.0
ct,3400,none,3200,FAMAS,0.0,110.0
ct,3400,none,3200,SSG 08,0.014,110.0
ct,3400,none,3200,MAG-7,0.0027,110.0
ct,3400,none,3200,M4A1-S,0.0146,110.0
ct,3400,none,3250,none,0.8296,106.5
ct,3400,none,3250,MP9,0.1333,106.5
ct,3400,none,3250,MP7,0.0012,106.5
ct,3400,none,3250,FAMAS,0.0001,106.5
ct,3400,none,3250,SSG 08,0.0194,106.5
ct,3400,none,3250,MAG-7,0.0012,106.5
ct,3400,none,3250,M4A1-S,0.0152,106.5
ct,3400,none,3300,none,0.8041,100.9
ct,3400,none,3300,MP9,0.1407,100.9
ct,3400,none,3300,MP7,0.0004,100.9
ct,3400,none,3300,FAMAS,0.0158,100.9
ct,3400,none,3300,SSG 08,0.0254,100.9
ct,3400,none,3300,MAG-7,0.0004,100.9
ct,3400,none,3300,M4A1-S,0.0132,100.9
ct,3400,none,3350,none,0.7839,103.2
ct,3400,none,3350,MP9,0.1565,103.2
ct,3400,none,3350,MP7,0.0059,103.2
ct,3400,none,3350,FAMAS,0.0141,103.2
ct,3400,none,3350,SSG 08,0.0281,103.2
ct,3400,none,3350,MAG-7,0.0002,103.2
ct,3400,none,3350,M4A1-S,0.0114,103.2
ct,3400,none,3400,none,0.7306,107.5
ct,3400,none,3400,MP9,0.1795,107.5
ct,3400,none,3400,MP7,0.0084,107.5
ct,3400,none,3400,FAMAS,0.0448,107.5
ct,3400,none,3400,SSG 08,0.0264,107.5
ct,3400,none,3400,MAG-7,0.0002,107.5
ct,3400,none,3400,M4A1-S,0.0101,107.5
ct,3400,none,3450,none,0.7026,109.1
ct,3400,none,3450,MP9,0.207,109.1
ct,3400,none,3450,MP7,0.0116,109.1
ct,3400,none,3450,FAMAS,0.0475,109.1
ct,3400,none,3450,SSG 08,0.0196,109.1
ct,3400,none,3450,MAG-7,0.0003,109.1
ct,3400,none,3450,M4A1-S,0.0116,109.1
ct,3400,none,3500,none,0.6674,104.1
ct,3400,none,3500,MP9,0.2258,104.1
ct,3400,none,3500,MP7,0.0257,104.1
ct,3400,none,3500,SSG 08,0.0205,104.1
ct,3400,none,3500,FAMAS,0.0475,104.1
ct,3400,none,3500,MAG-7,0.0006,104.1
ct,3400,none,3500,M4A1-S,0.0126,104.1
ct,3400,none,3550,none,0.599,107.9
ct,3400,none,3550,MP9,0.2447,107.9
ct,3400,none,3550,MP7,0.0195,107.9
ct,3400,none,3550,SSG 08,0.0294,107.9
ct,3400,none,3550,FAMAS,0.0656,107.9
ct,3400,none,3550,M4A1-S,0.0407,107.9
ct,3400,none,3550,M4A4,0.0,107.9
ct,3400,none,3550,MAG-7,0.0012,107.9
ct,3400,none,3600,MP9,0.2357,106.2
ct,3400,none,3600,none,0.5546,106.2
ct,3400,none,3600,MP7,0.0099,106.2
ct,3400,none,3600,SSG 08,0.0286,106.2
ct,3400,none,3600,FAMAS,0.1262,106.2
ct,3400,none,3600,M4A1-S,0.0416,106.2
ct,3400,none,3600,M4A4,0.0,106.2
ct,3400,none,3600,MAG-7,0.0033,106.2
ct,3400,none,3650,MP9,0.2415,104.8
ct,3400,none,3650,none,0.5347,104.8
ct,3400,none,3650,MP7,0.0129,104.8
ct,3400,none,3650,SSG 08,0.0289,104.8
ct,3400,none,3650,FAMAS,0.1119,104.8
ct,3400,none,3650,M4A1-S,0.0597,104.8
ct,3400,none,3650,M4A4,0.0,104.8
ct,3400,none,3650,MAG-7,0.0103,104.8
ct,3400,none,3700,MP9,0.2359,107.4
ct,3400,none,3700,none,0.5366,107.4
ct,3400,none,3700,MP7,0.0153,107.4
ct,3400,none,3700,SSG 08,0.0359,107.4
ct,3400,none,3700,FAMAS,0.0943,107.4
ct,3400,none,3700,M4A1-S,0.0689,107.4
ct,3400,none,3700,M4A4,0.0003,107.4
ct,3400,none,3700,MAG-7,0.013,107.4
ct,3400,none,3750,MP9,0.2229,107.1
ct,3400,none,3750,none,0.4983,107.1
ct,3400,none,3750,MP7,0.0258,107.1
ct,3400,none,3750,SSG 08,0.0376,107.1
ct,3400,none,3750,FAMAS,0.0763,107.1
ct,3400,none,3750,M4A1-S,0.1013,107.1
ct,3400,none,3750,M4A4,0.0258,107.1
ct,3400,none,3750,MAG-7,0.012,107.1
ct,3400,none,3800,MP9,0.2345,100.1
ct,3400,none,3800,none,0.4825,100.1
ct,3400,none,3800,MP7,0.0282,100.1
ct,3400,none,3800,FAMAS,0.08,100.1
ct,3400,none,3800,SSG 08,0.0364,100.1
ct,3400,none,3800,M4A1-S,0.093,100.1
ct,3400,none,3800,M4A4,0.0356,100.1
ct,3400,none,3800,MAG-7,0.0098,100.1
ct,3400,none,3850,M4A4,0.1351,103.7
ct,3400,none,3850,MP9,0.1786,103.7
ct,3400,none,3850,none,0.3457,103.7
ct,3400,none,3850,M4A1-S,0.232,103.7
ct,3400,none,3850,MP7,0.0229,103.7
ct,3400,none,3850,FAMAS,0.0561,103.7
ct,3400,none,3850,SSG 08,0.0243,103.7
ct,3400,none,3850,MAG-7,0.0053,103.7
ct,3400,none,3900,M4A4,0.1454,107.3
ct,3400,none,3900,MP9,0.1843,107.3
ct,3400,none,3900,none,0.3231,107.3
ct,3400,none,3900,M4A1-S,0.2382,107.3
ct,3400,none,3900,MP7,0.023,107.3
ct,3400,none,3900,FAMAS,0.0636,107.3
ct,3400,none,3900,SSG 08,0.0186,107.3
ct,3400,none,3900,MAG-7,0.0039,107.3
ct,3400,none,3950,M4A4,0.1463,107.9
ct,3400,none,3950,MP9,0.2002,107.9
ct,3400,none,3950,none,0.3194,107.9
ct,3400,none,3950,M4A1-S,0.2283,107.9
ct,3400,none,3950,MP7,0.0234,107.9
ct,3400,none,3950,FAMAS,0.0637,107.9
ct,3400,none,3950,SSG 08,0.0155,107.9
ct,3400,none,3950,MAG-7,0.0032,107.9
ct,3400,none,4000,M4A4,0.1467,101.7
ct,3400,none,4000,MP9,0.2159,101.7
ct,3400,none,4000,none,0.3133,101.7
ct,3400,none,4000,M4A1-S,0.2227,101.7
ct,3400,none,4000,MP7,0.0234,101.7
ct,3400,none,4000,FAMAS,0.0629,101.7
ct,3400,none,4000,SSG 08,0.0126,101.7
ct,3400,none,4000,MAG-7,0.0025,101.7
ct,3400,none,4050,M4A4,0.1841,102.0
ct,3400,none,4050,MP9,0.2104,102.0
ct,3400,none,4050,none,0.2826,102.0
ct,3400,none,4050,M4A1-S,0.235,102.0
ct,3400,none,4050,MP7,0.0206,102.0
ct,3400,none,4050,FAMAS,0.0562,102.0
ct,3400,none,4050,SSG 08,0.0092,102.0
ct,3400,none,4050,MAG-7,0.0017,102.0
ct,3400,none,4100,M4A4,0.1661,104.6
ct,3400,none,4100,MP9,0.2116,104.6
ct,3400,none,4100,none,0.2774,104.6
ct,3400,none,4100,M4A1-S,0.2499,104.6
ct,3400,none,4100,MP7,0.0184,104.6
ct,3400,none,4100,FAMAS,0.0669,104.6
ct,3400,none,4100,SSG 08,0.0081,104.6
ct,3400,none,4100,MAG-7,0.0016,104.6
ct,3400,none,4150,M4A4,0.1705,102.7
ct,3400,none,4150,MP9,0.2,102.7
ct,3400,none,4150,none,0.2527,102.7
ct,3400,none,4150,M4A1-S,0.2905,102.7
ct,3400,none,4150,MP7,0.0154,102.7
ct,3400,none,4150,FAMAS,0.0637,102.7
ct,3400,none,4150,SSG 08,0.0061,102.7
ct,3400,none,4150,MAG-7,0.0012,102.7
ct,3400,none,4200,M4A4,0.1803,103.9
ct,3400,none,4200,MP9,0.1953,103.9
ct,3400,none,4200,none,0.245,103.9
ct,3400,none,4200,M4A1-S,0.2912,103.9
ct,3400,none,4200,MP7,0.0136,103.9
ct,3400,none,4200,FAMAS,0.0639,103.9
ct,3400,none,4200,SSG 08,0.0056,103.9
ct,3400,none,4200,AK-47,0.0041,103.9
ct,3400,none,4200,MAG-7,0.0011,103.9
ct,3400,none,4250,M4A4,0.1839,103.9
ct,3400,none,4250,MP9,0.1923,103.9
ct,3400,none,4250,none,0.2374,103.9
ct,3400,none,4250,M4A1-S,0.2967,103.9
ct,3400,none,4250,MP7,0.0122,103.9
ct,3400,none,4250,FAMAS,0.0646,103.9
ct,3400,none,4250,SSG 08,0.0052,103.9
ct,3400,none,4250,AK-47,0.0066,103.9
ct,3400,none,4250,MAG-7,0.001,103.9
ct,3400,none,4300,M4A4,0.1767,103.8
ct,3400,none,4300,MP9,0.1932,103.8
ct,3400,none,4300,none,0.2323,103.8
ct,3400,none,4300,M4A1-S,0.3048,103.8
ct,3400,none,4300,MP7,0.0113,103.8
ct,3400,none,4300,FAMAS,0.0662,103.8
ct,3400,none,4300,SSG 08,0.0051,103.8
ct,3400,none,4300,AK-47,0.0093,103.8
ct,3400,none,4300,MAG-7,0.001,103.8
ct,3400,none,4350,M4A4,0.2021,104.9
ct,3400,none,4350,M4A1-S,0.427,104.9
ct,3400,none,4350,MP9,0.1434,104.9
ct,3400,none,4350,none,0.1584,104.9
ct,3400,none,4350,MP7,0.0067,104.9
ct,3400,none,4350,FAMAS,0.05,104.9
ct,3400,none,4350,SSG 08,0.0024,104.9
ct,3400,none,4350,AK-47,0.0096,104.9
ct,3400,none,4350,MAG-7,0.0005,104.9
ct,3400,none,4400,M4A4,0.2244,102.2
ct,3400,none,4400,M4A1-S,0.433,102.2
ct,3400,none,4400,MP9,0.1353,102.2
ct,3400,none,4400,none,0.1403,102.2
ct,3400,none,4400,MP7,0.0055,102.2
ct,3400,none,4400,FAMAS,0.0479,102.2
ct,3400,none,4400,SSG 08,0.0019,102.2
ct,3400,none,4400,AK-47,0.0114,102.2
ct,3400,none,4400,MAG-7,0.0004,102.2
ct,3400,none,4450,M4A4,0.2278,101.8
ct,3400,none,4450,M4A1-S,0.4319,101.8
ct,3400,none,4450,MP9,0.1371,101.8
ct,3400,none,4450,none,0.1344,101.8
ct,3400,none,4450,MP7,0.0051,101.8
ct,3400,none,4450,FAMAS,0.0484,101.8
ct,3400,none,4450,SSG 08,0.0019,101.8
ct,3400,none,4450,AK-47,0.0128,101.8
ct,3400,none,4450,MAG-7,0.0004,101.8
ct,3400,none,4500,M4A4,0.2411,103.1
ct,3400,none,4500,M4A1-S,0.4234,103.1
ct,3400,none,4500,MP9,0.1383,103.1
ct,3400,none,4500,none,0.1281,103.1
ct,3400,none,4500,MP7,0.0049,103.1
ct,3400,none,4500,FAMAS,0.0482,103.1
ct,3400,none,4500,SSG 08,0.002,103.1
ct,3400,none,4500,AK-47,0.0136,103.1
ct,3400,none,4500,MAG-7,0.0004,103.1
ct,3400,none,4550,M4A4,0.318,102.2
ct,3400,none,4550,M4A1-S,0.4413,102.2
ct,3400,none,4550,MP9,0.1052,102.2
ct,3400,none,4550,none,0.0821,102.2
ct,3400,none,4550,MP7,0.0024,102.2
ct,3400,none,4550,FAMAS,0.0371,102.2
ct,3400,none,4550,SSG 08,0.0008,102.2
ct,3400,none,4550,AK-47,0.0131,102.2
ct,3400,none,4550,MAG-7,0.0001,102.2
ct,3400,none,4600,M4A4,0.3412,100.9
ct,3400,none,4600,M4A1-S,0.4473,100.9
ct,3400,none,4600,MP9,0.097,100.9
ct,3400,none,4600,none,0.0655,100.9
ct,3400,none,4600,MP7,0.0017,100.9
ct,3400,none,4600,FAMAS,0.0336,100.9
ct,3400,none,4600,SSG 08,0.0005,100.9
ct,3400,none,4600,AK-47,0.0132,100.9
ct,3400,none,4600,MAG-7,0.0001,100.9
ct,3400,none,4650,M4A4,0.4278,102.2
ct,3400,none,4650,M4A1-S,0.4766,102.2
ct,3400,none,4650,MP9,0.0506,102.2
ct,3400,none,4650,none,0.0156,102.2
ct,3400,none,4650,MP7,0.0,102.2
ct,3400,none,4650,FAMAS,0.0186,102.2
ct,3400,none,4650,SSG 08,0.0,102.2
ct,3400,none,4650,AK-47,0.0108,102.2
ct,3400,none,4650,MAG-7,0.0,102.2
ct,3400,none,4700,M4A4,0.4667,100.4
ct,3400,none,4700,M4A1-S,0.4661,100.4
ct,3400,none,4700,MP9,0.0409,100.4
ct,3400,none,4700,none,0.0045,100.4
ct,3400,none,4700,MP7,0.0,100.4
ct,3400,none,4700,FAMAS,0.0138,100.4
ct,3400,none,4700,SSG 08,0.0,100.4
ct,3400,none,4700,AK-47,0.0079,100.4
ct,3400,none,4700,MAG-7,0.0,100.4
ct,3400,none,4750,M4A4,0.475,102.8
ct,3400,none,4750,M4A1-S,0.4682,102.8
ct,3400,none,4750,MP9,0.0368,102.8
ct,3400,none,4750,none,0.003,102.8
ct,3400,none,4750,MP7,0.0,102.8
ct,3400,none,4750,FAMAS,0.0113,102.8
ct,3400,none,4750,SSG 08,0.0,102.8
ct,3400,none,4750,AK-47,0.0058,102.8
ct,3400,none,4750,MAG-7,0.0,102.8
ct,3400,none,4800,M4A4,0.4738,103.1
ct,3400,none,4800,M4A1-S,0.4633,103.1
ct,3400,none,4800,MP9,0.0353,103.1
ct,3400,none,4800,none,0.0021,103.1
ct,3400,none,4800,MP7,0.0,103.1
ct,3400,none,4800,FAMAS,0.0095,103.1
ct,3400,none,4800,SSG 08,0.0,103.1
ct,3400,none,4800,AK-47,0.0045,103.1
ct,3400,none,4800,MAG-7,0.0,103.1
ct,3400,none,4800,AWP,0.0114,103.1
ct,3400,none,4850,M4A4,0.519,106.7
ct,3400,none,4850,M4A1-S,0.4599,106.7
ct,3400,none,4850,MP9,0.008,106.7
ct,3400,none,4850,none,0.0,106.7
ct,3400,none,4850,MP7,0.0,106.7
ct,3400,none,4850,FAMAS,0.0006,106.7
ct,3400,none,4850,SSG 08,0.0,106.7
ct,3400,none,4850,AK-47,0.0,106.7
ct,3400,none,4850,MAG-7,0.0,106.7
ct,3400,none,4850,AWP,0.0125,106.7
ct,3400,none,4900,M4A4,0.5336,104.8
ct,3400,none,4900,M4A1-S,0.4568,104.8
ct,3400,none,4900,MP9,0.0006,104.8
ct,3400,none,4900,none,0.0,104.8
ct,3400,none,4900,MP7,0.0,104.8
ct,3400,none,4900,FAMAS,0.0,104.8
ct,3400,none,4900,SSG 08,0.0,104.8
ct,3400,none,4900,AK-47,0.0,104.8
ct,3400,none,4900,MAG-7,0.0,104.8
ct,3400,none,4900,AWP,0.009,104.8
ct,3400,none,4950,M4A4,0.5271,102.0
ct,3400,none,4950,M4A1-S,0.4695,102.0
ct,3400,none,4950,MP9,0.0002,102.0
ct,3400,none,4950,none,0.0,102.0
ct,3400,none,4950,MP7,0.0,102.0
ct,3400,none,4950,FAMAS,0.0,102.0
ct,3400,none,4950,SSG 08,0.0,102.0
ct,3400,none,4950,AK-47,0.0,102.0
ct,3400,none,4950,MAG-7,0.0,102.0
ct,3400,none,4950,AWP,0.0033,102.0
ct,3400,none,5000,M4A4,0.5298,110.0
ct,3400,none,5000,M4A1-S,0.4685,110.0
ct,3400,none,5000,MP9,0.0011,110.0
ct,3400,none,5000,none,0.0,110.0
ct,3400,none,5000,MP7,0.0,110.0
ct,3400,none,5000,FAMAS,0.0,110.0
ct,3400,none,5000,SSG 08,0.0,110.0
ct,3400,none,5000,AK-47,0.0,110.0
ct,3400,none,5000,MAG-7,0.0,110.0
ct,3400,none,5000,AWP,0.0005,110.0
ct,3400,none,5050,M4A4,0.4728,100.7
ct,3400,none,5050,M4A1-S,0.5232,100.7
ct,3400,none,5050,MP9,0.004,100.7
ct,3400,none,5050,none,0.0,100.7
ct,3400,none,5050,MP7,0.0,100.7
ct,3400,none,5050,FAMAS,0.0,100.7
ct,3400,none,5050,SSG 08,0.0,100.7
ct,3400,none,5050,AK-47,0.0,100.7
ct,3400,none,5050,MAG-7,0.0,100.7
ct,3400,none,5050,AWP,0.0,100.7
ct,3400,none,5100,M4A4,0.4928,101.9
ct,3400,none,5100,M4A1-S,0.4905,101.9
ct,3400,none,5100,MP9,0.0167,101.9
ct,3400,none,5100,none,0.0,101.9
ct,3400,none,5100,MP7,0.0,101.9
ct,3400,none,5100,FAMAS,0.0,101.9
ct,3400,none,5100,SSG 08,0.0,101.9
ct,3400,none,5100,AK-47,0.0,101.9
ct,3400,none,5100,MAG-7,0.0,101.9
ct,3400,none,5100,AWP,0.0,101.9
ct,3400,none,5150,M4A4,0.5162,109.1
ct,3400,none,5150,M4A1-S,0.4596,109.1
ct,3400,none,5150,MP9,0.0242,109.1
ct,3400,none,5150,none,0.0,109.1
ct,3400,none,5150,MP7,0.0,109.1
ct,3400,none,5150,FAMAS,0.0,109.1
ct,3400,none,5150,SSG 08,0.0,109.1
ct,3400,none,5150,AK-47,0.0,109.1
ct,3400,none,5150,MAG-7,0.0,109.1
ct,3400,none,5150,AWP,0.0,109.1
ct,3400,none,5200,M4A4,0.5827,102.3
ct,3400,none,5200,M4A1-S,0.399,102.3
ct,3400,none,5200,MP9,0.0183,102.3
ct,3400,none,5200,none,0.0,102.3
ct,3400,none,5200,MP7,0.0,102.3
ct,3400,none,5200,FAMAS,0.0,102.3
ct,3400,none,5200,SSG 08,0.0,102.3
ct,3400,none,5200,AK-47,0.0,102.3
ct,3400,none,5200,MAG-7,0.0,102.3
ct,3400,none,5200,AWP,0.0,102.3
ct,3400,none,5250,M4A4,0.5236,114.7
ct,3400,none,5250,M4A1-S,0.4536,114.7
ct,3400,none,5250,MP9,0.0144,114.7
ct,3400,none,5250,none,0.0,114.7
ct,3400,none,5250,MP7,0.0,114.7
ct,3400,none,5250,FAMAS,0.0,114.7
ct,3400,none,5250,SSG 08,0.0,114.7
ct,3400,none,5250,AK-47,0.0,114.7
ct,3400,none,5250,MAG-7,0.0,114.7
ct,3400,none,5250,AWP,0.0084,114.7
ct,3400,none,5300,M4A4,0.4873,114.2
ct,3400,none,5300,M4A1-S,0.4851,114.2
ct,3400,none,5300,MP9,0.015,114.2
ct,3400,none,5300,none,0.0,114.2
ct,3400,none,5300,MP7,0.0,114.2
ct,3400,none,5300,FAMAS,0.0,114.2
ct,3400,none,5300,SSG 08,0.0002,114.2
ct,3400,none,5300,AK-47,0.0,114.2
ct,3400,none,5300,MAG-7,0.0,114.2
ct,3400,none,5300,AWP,0.0124,114.2
ct,3400,none,5350,M4A4,0.4893,110.7
ct,3400,none,5350,M4A1-S,0.4852,110.7
ct,3400,none,5350,MP9,0.0122,110.7
ct,3400,none,5350,none,0.0,110.7
ct,3400,none,5350,MP7,0.0,110.7
ct,3400,none,5350,FAMAS,0.0,110.7
ct,3400,none,5350,SSG 08,0.0023,110.7
ct,3400,none,5350,AK-47,0.0,110.7
ct,3400,none,5350,MAG-7,0.0,110.7
ct,3400,none,5350,AWP,0.011,110.7
ct,3400,none,5400,M4A4,0.5061,105.5
ct,3400,none,5400,M4A1-S,0.4377,105.5
ct,3400,none,5400,AWP,0.0436,105.5
ct,3400,none,5400,MP9,0.0064,105.5
ct,3400,none,5400,none,0.0,105.5
ct,3400,none,5400,MP7,0.0,105.5
ct,3400,none,5400,FAMAS,0.0,105.5
ct,3400,none,5400,SSG 08,0.0062,105.5
ct,3400,none,5400,AK-47,0.0,105.5
ct,3400,none,5400,MAG-7,0.0,105.5
ct,3400,none,5450,M4A4,0.5573,109.8
ct,3400,none,5450,M4A1-S,0.3813,109.8
ct,3400,none,5450,AWP,0.0475,109.8
ct,3400,none,5450,MP9,0.0032,109.8
ct,3400,none,5450,none,0.0,109.8
ct,3400,none,5450,MP7,0.0,109.8
ct,3400,none,5450,FAMAS,0.0,109.8
ct,3400,none,5450,SSG 08,0.0107,109.8
ct,3400,none,5450,AK-47,0.0,109.8
ct,3400,none,5450,MAG-7,0.0,109.8
ct,3400,none,5500,M4A4,0.5905,107.2
ct,3400,none,5500,M4A1-S,0.3488,107.2
ct,3400,none,5500,AWP,0.0462,107.2
ct,3400,none,5500,MP9,0.0018,107.2
ct,3400,none,5500,none,0.0,107.2
ct,3400,none,5500,MP7,0.0,107.2
ct,3400,none,5500,FAMAS,0.0001,107.2
ct,3400,none,5500,SSG 08,0.0126,107.2
ct,3400,none,5500,AK-47,0.0,107.2
ct,3400,none,5500,MAG-7,0.0,107.2
ct,3400,none,5550,M4A4,0.6116,104.3
ct,3400,none,5550,M4A1-S,0.3324,104.3
ct,3400,none,5550,AWP,0.0419,104.3
ct,3400,none,5550,MP9,0.001,104.3
ct,3400,none,5550,none,0.0,104.3
ct,3400,none,5550,MP7,0.0,104.3
ct,3400,none,5550,FAMAS,0.001,104.3
ct,3400,none,5550,SSG 08,0.0121,104.3
ct,3400,none,5550,AK-47,0.0,104.3
ct,3400,none,5550,MAG-7,0.0,104.3
ct,3400,none,5600,M4A4,0.5728,109.2
ct,3400,none,5600,M4A1-S,0.3037,109.2
ct,3400,none,5600,AWP,0.1014,109.2
ct,3400,none,5600,MP9,0.0001,109.2
ct,3400,none,5600,none,0.0,109.2
ct,3400,none,5600,MP7,0.0,109.2
ct,3400,none,5600,FAMAS,0.0017,109.2
ct,3400,none,5600,SSG 08,0.0077,109.2
ct,3400,none,5600,AUG,0.0127,109.2
ct,3400,none,5600,AK-47,0.0,109.2
ct,3400,none,5600,MAG-7,0.0,109.2
ct,3400,none,5650,M4A4,0.5684,107.5
ct,3400,none,5650,M4A1-S,0.3073,107.5
ct,3400,none,5650,AWP,0.0903,107.5
ct,3400,none,5650,MP9,0.0001,107.5
ct,3400,none,5650,none,0.0,107.5
ct,3400,none,5650,MP7,0.0,107.5
ct,3400,none,5650,FAMAS,0.005,107.5
ct,3400,none,5650,SSG 08,0.005,107.5
ct,3400,none,5650,AUG,0.024,107.5
ct,3400,none,5650,AK-47,0.0,107.5
ct,3400,none,5650,MAG-7,0.0,107.5
ct,3400,none,5700,M4A4,0.478,102.2
ct,3400,none,5700,M4A1-S,0.265,102.2
ct,3400,none,5700,AWP,0.2278,102.2
ct,3400,none,5700,MP9,0.0,102.2
ct,3400,none,5700,none,0.0,102.2
ct,3400,none,5700,MP7,0.0,102.2
ct,3400,none,5700,FAMAS,0.008,102.2
ct,3400,none,5700,SSG 08,0.0018,102.2
ct,3400,none,5700,AUG,0.0195,102.2
ct,3400,none,5700,AK-47,0.0,102.2
ct,3400,none,5700,MAG-7,0.0,102.2
ct,3400,none,5750,M4A4,0.4598,100.7
ct,3400,none,5750,M4A1-S,0.2569,100.7
ct,3400,none,5750,AWP,0.2561,100.7
ct,3400,none,5750,MP9,0.0,100.7
ct,3400,none,5750,none,0.0,100.7
ct,3400,none,5750,MP7,0.0,100.7
ct,3400,none,5750,FAMAS,0.0121,100.7
ct,3400,none,5750,SSG 08,0.001,100.7
ct,3400,none,5750,AUG,0.0142,100.7
ct,3400,none,5750,AK-47,0.0,100.7
ct,3400,none,5750,MAG-7,0.0,100.7
ct,3400,none,5800,M4A4,0.4843,106.7
ct,3400,none,5800,M4A1-S,0.25,106.7
ct,3400,none,5800,AWP,0.2413,106.7
ct,3400,none,5800,MP9,0.0,106.7
ct,3400,none,5800,none,0.0,106.7
ct,3400,none,5800,MP7,0.0,106.7
ct,3400,none,5800,FAMAS,0.0129,106.7
ct,3400,none,5800,SSG 08,0.0009,106.7
ct,3400,none,5800,AUG,0.0106,106.7
ct,3400,none,5800,AK-47,0.0,106.7
ct,3400,none,5800,MAG-7,0.0,106.7
ct,3400,none,5850,M4A4,0.5032,106.9
ct,3400,none,5850,M4A1-S,0.2485,106.9
ct,3400,none,5850,AWP,0.2261,106.9
ct,3400,none,5850,MP9,0.0,106.9
ct,3400,none,5850,none,0.0,106.9
ct,3400,none,5850,MP7,0.0,106.9
ct,3400,none,5850,FAMAS,0.0125,106.9
ct,3400,none,5850,SSG 08,0.0009,106.9
ct,3400,none,5850,AUG,0.0087,106.9
ct,3400,none,5850,AK-47,0.0,106.9
ct,3400,none,5850,MAG-7,0.0,106.9
ct,3400,none,5900,M4A4,0.4314,106.1
ct,3400,none,5900,M4A1-S,0.2017,106.1
ct,3400,none,5900,AWP,0.3509,106.1
ct,3400,none,5900,MP9,0.0,106.1
ct,3400,none,5900,none,0.0,106.1
ct,3400,none,5900,MP7,0.0,106.1
ct,3400,none,5900,FAMAS,0.0105,106.1
ct,3400,none,5900,SSG 08,0.0004,106.1
ct,3400,none,5900,AUG,0.0051,106.1
ct,3400,none,5900,AK-47,0.0,106.1
ct,3400,none,5900,MAG-7,0.0,106.1
ct,3400,none,5950,M4A4,0.4413,106.5
ct,3400,none,5950,M4A1-S,0.196,106.5
ct,3400,none,5950,AWP,0.3487,106.5
ct,3400,none,5950,MP9,0.0,106.5
ct,3400,none,5950,none,0.0,106.5
ct,3400,none,5950,MP7,0.0,106.5
ct,3400,none,5950,FAMAS,0.0091,106.5
ct,3400,none,5950,SSG 08,0.0004,106.5
ct,3400,none,5950,AUG,0.0045,106.5
ct,3400,none,5950,AK-47,0.0,106.5
ct,3400,none,5950,MAG-7,0.0,106.5
ct,3400,none,6000,M4A4,0.387,105.0
ct,3400,none,6000,M4A1-S,0.1613,105.0
ct,3400,none,6000,AWP,0.4421,105.0
ct,3400,none,6000,MP9,0.0,105.0
ct,3400,none,6000,none,0.0,105.0
ct,3400,none,6000,MP7,0.0,105.0
ct,3400,none,6000,FAMAS,0.0069,105.0
ct,3400,none,6000,SSG 08,0.0002,105.0
ct,3400,none,6000,AUG,0.0025,105.0
ct,3400,none,6000,AK-47,0.0,105.0
ct,3400,none,6000,MAG-7,0.0,105.0
ct,3400,none,6050,M4A4,0.3734,102.4
ct,3400,none,6050,M4A1-S,0.1521,102.4
ct,3400,none,6050,AWP,0.4671,102.4
ct,3400,none,6050,MP9,0.0,102.4
ct,3400,none,6050,none,0.0,102.4
ct,3400,none,6050,MP7,0.0,102.4
ct,3400,none,6050,FAMAS,0.0054,102.4
ct,3400,none,6050,SSG 08,0.0001,102.4
ct,3400,none,6050,AUG,0.0018,102.4
ct,3400,none,6050,AK-47,0.0,102.4
ct,3400,none,6050,MAG-7,0.0,102.4
ct,3400,none,6100,M4A4,0.3479,100.2
ct,3400,none,6100,M4A1-S,0.1443,100.2
ct,3400,none,6100,AWP,0.5023,100.2
ct,3400,none,6100,MP9,0.0,100.2
ct,3400,none,6100,none,0.0,100.2
ct,3400,none,6100,MP7,0.0,100.2
ct,3400,none,6100,FAMAS,0.0041,100.2
ct,3400,none,6100,SSG 08,0.0001,100.2
ct,3400,none,6100,AUG,0.0013,100.2
ct,3400,none,6100,AK-47,0.0,100.2
ct,3400,none,6100,MAG-7,0.0,100.2
ct,3400,none,6150,M4A4,0.3504,104.5
ct,3400,none,6150,M4A1-S,0.1594,104.5
ct,3400,none,6150,AWP,0.4844,104.5
ct,3400,none,6150,MP9,0.0,104.5
ct,3400,none,6150,none,0.0,104.5
ct,3400,none,6150,MP7,0.0,104.5
ct,3400,none,6150,FAMAS,0.0039,104.5
ct,3400,none,6150,SSG 08,0.0002,104.5
ct,3400,none,6150,AUG,0.0017,104.5
ct,3400,none,6150,AK-47,0.0,104.5
ct,3400,none,6150,MAG-7,0.0,104.5
ct,3400,none,6200,M4A4,0.2894,104.5
ct,3400,none,6200,M4A1-S,0.1382,104.5
ct,3400,none,6200,AWP,0.5689,104.5
ct,3400,none,6200,MP9,0.0,104.5
ct,3400,none,6200,none,0.0,104.5
ct,3400,none,6200,MP7,0.0,104.5
ct,3400,none,6200,FAMAS,0.0026,104.5
ct,3400,none,6200,SSG 08,0.0001,104.5
ct,3400,none,6200,AUG,0.0009,104.5
ct,3400,none,6200,AK-47,0.0,104.5
ct,3400,none,6200,MAG-7,0.0,104.5
ct,3400,none,6250,M4A4,0.2727,104.8
ct,3400,none,6250,M4A1-S,0.1399,104.8
ct,3400,none,6250,AWP,0.5841,104.8
ct,3400,none,6250,MP9,0.0,104.8
ct,3400,none,6250,none,0.0,104.8
ct,3400,none,6250,MP7,0.0,104.8
ct,3400,none,6250,FAMAS,0.0023,104.8
ct,3400,none,6250,SSG 08,0.0001,104.8
ct,3400,none,6250,AUG,0.0009,104.8
ct,3400,none,6250,AK-47,0.0,104.8
ct,3400,none,6250,MAG-7,0.0,104.8
ct,3400,none,6300,M4A4,0.269,102.5
ct,3400,none,6300,M4A1-S,0.1455,102.5
ct,3400,none,6300,AWP,0.5823,102.5
ct,3400,none,6300,MP9,0.0,102.5
ct,3400,none,6300,none,0.0,102.5
ct,3400,none,6300,MP7,0.0,102.5
ct,3400,none,6300,FAMAS,0.0021,102.5
ct,3400,none,6300,SSG 08,0.0001,102.5
ct,3400,none,6300,AUG,0.001,102.5
ct,3400,none,6300,AK-47,0.0,102.5
ct,3400,none,6300,MAG-7,0.0,102.5
ct,3400,none,6350,M4A4,0.261,102.5
ct,3400,none,6350,M4A1-S,0.1461,102.5
ct,3400,none,6350,AWP,0.5898,102.5
ct,3400,none,6350,MP9,0.0,102.5
ct,3400,none,6350,none,0.0,102.5
ct,3400,none,6350,MP7,0.0,102.5
ct,3400,none,6350,FAMAS,0.002,102.5
ct,3400,none,6350,SSG 08,0.0001,102.5
ct,3400,none,6350,AUG,0.001,102.5
ct,3400,none,6350,AK-47,0.0,102.5
ct,3400,none,6350,MAG-7,0.0,102.5
ct,3400,none,6400,M4A4,0.2172,100.5
ct,3400,none,6400,M4A1-S,0.1279,100.5
ct,3400,none,6400,AWP,0.6528,100.5
ct,3400,none,6400,MP9,0.0,100.5
ct,3400,none,6400,none,0.0,100.5
ct,3400,none,6400,MP7,0.0,100.5
ct,3400,none,6400,FAMAS,0.0014,100.5
ct,3400,none,6400,SSG 08,0.0001,100.5
ct,3400,none,6400,AUG,0.0006,100.5
ct,3400,none,6400,AK-47,0.0,100.5
ct,3400,none,6400,MAG-7,0.0,100.5
ct,3400,none,6450,M4A4,0.215,100.4
ct,3400,none,6450,M4A1-S,0.1275,100.4
ct,3400,none,6450,AWP,0.6554,100.4
ct,3400,none,6450,MP9,0.0,100.4
ct,3400,none,6450,none,0.0,100.4
ct,3400,none,6450,MP7,0.0,100.4
ct,3400,none,6450,FAMAS,0.0013,100.4
ct,3400,none,6450,SSG 08,0.0001,100.4
ct,3400,none,6450,AUG,0.0007,100.4
ct,3400,none,6450,AK-47,0.0,100.4
ct,3400,none,6450,MAG-7,0.0,100.4
ct,3400,none,6500,M4A4,0.2031,104.2
ct,3400,none,6500,M4A1-S,0.12,104.2
ct,3400,none,6500,AWP,0.6748,104.2
ct,3400,none,6500,MP9,0.0,104.2
ct,3400,none,6500,none,0.0,104.2
ct,3400,none,6500,MP7,0.0,104.2
ct,3400,none,6500,FAMAS,0.0013,104.2
ct,3400,none,6500,SSG 08,0.0001,104.2
ct,3400,none,6500,AUG,0.0007,104.2
ct,3400,none,6500,AK-47,0.0,104.2
ct,3400,none,6500,MAG-7,0.0,104.2
ct,3400,none,6550,M4A4,0.192,102.0
ct,3400,none,6550,M4A1-S,0.1142,102.0
ct,3400,none,6550,AWP,0.692,102.0
ct,3400,none,6550,MP9,0.0,102.0
ct,3400,none,6550,none,0.0,102.0
ct,3400,none,6550,MP7,0.0,102.0
ct,3400,none,6550,FAMAS,0.0011,102.0
ct,3400,none,6550,SSG 08,0.0001,102.0
ct,3400,none,6550,AUG,0.0006,102.0
ct,3400,none,6550,AK-47,0.0,102.0
ct,3400,none,6550,MAG-7,0.0,102.0
ct,3400,none,6600,M4A4,0.1929,102.7
ct,3400,none,6600,M4A1-S,0.1131,102.7
ct,3400,none,6600,AWP,0.6922,102.7
ct,3400,none,6600,MP9,0.0,102.7
ct,3400,none,6600,none,0.0,102.7
ct,3400,none,6600,MP7,0.0,102.7
ct,3400,none,6600,FAMAS,0.0011,102.7
ct,3400,none,6600,SSG 08,0.0001,102.7
ct,3400,none,6600,AUG,0.0006,102.7
ct,3400,none,6600,AK-47,0.0,102.7
ct,3400,none,6600,MAG-7,0.0,102.7
ct,3400,none,6650,M4A4,0.1973,102.8
ct,3400,none,6650,M4A1-S,0.1141,102.8
ct,3400,none,6650,AWP,0.6866,102.8
ct,3400,none,6650,MP9,0.0,102.8
ct,3400,none,6650,none,0.0,102.8
ct,3400,none,6650,MP7,0.0,102.8
ct,3400,none,6650,FAMAS,0.0011,102.8
ct,3400,none,6650,SSG 08,0.0001,102.8
ct,3400,none,6650,AUG,0.0007,102.8
ct,3400,none,6650,AK-47,0.0,102.8
ct,3400,none,6650,MAG-7,0.0,102.8
ct,3400,none,6700,M4A4,0.1791,103.7
ct,3400,none,6700,M4A1-S,0.1032,103.7
ct,3400,none,6700,AWP,0.7161,103.7
ct,3400,none,6700,MP9,0.0,103.7
ct,3400,none,6700,none,0.0,103.7
ct,3400,none,6700,MP7,0.0,103.7
ct,3400,none,6700,FAMAS,0.0009,103.7
ct,3400,none,6700,SSG 08,0.0001,103.7
ct,3400,none,6700,AUG,0.0006,103.7
ct,3400,none,6700,AK-47,0.0,103.7
ct,3400,none,6700,MAG-7,0.0,103.7
ct,3400,none,6750,M4A4,0.1826,103.7
ct,3400,none,6750,M4A1-S,0.1041,103.7
ct,3400,none,6750,AWP,0.7115,103.7
ct,3400,none,6750,MP9,0.0,103.7
ct,3400,none,6750,none,0.0,103.7
ct,3400,none,6750,MP7,0.0,103.7
ct,3400,none,6750,FAMAS,0.001,103.7
ct,3400,none,6750,SSG 08,0.0001,103.7
ct,3400,none,6750,AUG,0.0006,103.7
ct,3400,none,6750,AK-47,0.0,103.7
ct,3400,none,6750,MAG-7,0.0,103.7
ct,3400,none,6800,M4A4,0.1864,103.7
ct,3400,none,6800,M4A1-S,0.1056,103.7
ct,3400,none,6800,AWP,0.7062,103.7
ct,3400,none,6800,MP9,0.0,103.7
ct,3400,none,6800,none,0.0,103.7
ct,3400,none,6800,MP7,0.0,103.7
ct,3400,none,6800,FAMAS,0.001,103.7
ct,3400,none,6800,SSG 08,0.0001,103.7
ct,3400,none,6800,AUG,0.0007,103.7
ct,3400,none,6800,AK-47,0.0,103.7
ct,3400,none,6800,MAG-7,0.0,103.7
ct,3400,none,6850,M4A4,0.1904,103.7
ct,3400,none,6850,M4A1-S,0.1075,103.7
ct,3400,none,6850,AWP,0.7002,103.7
ct,3400,none,6850,MP9,0.0001,103.7
ct,3400,none,6850,none,0.0,103.7
ct,3400,none,6850,MP7,0.0,103.7
ct,3400,none,6850,FAMAS,0.001,103.7
ct,3400,none,6850,SSG 08,0.0002,103.7
ct,3400,none,6850,AUG,0.0007,103.7
ct,3400,none,6850,AK-47,0.0,103.7
ct,3400,none,6850,MAG-7,0.0,103.7
ct,3400,none,6900,M4A4,0.1944,103.7
ct,3400,none,6900,M4A1-S,0.1097,103.7
ct,3400,none,6900,AWP,0.6938,103.7
ct,3400,none,6900,MP9,0.0001,103.7
ct,3400,none,6900,none,0.0,103.7
ct,3400,none,6900,MP7,0.0,103.7
ct,3400,none,6900,FAMAS,0.001,103.7
ct,3400,none,6900,SSG 08,0.0002,103.7
ct,3400,none,6900,AUG,0.0008,103.7
ct,3400,none,6900,AK-47,0.0,103.7
ct,3400,none,6900,MAG-7,0.0,103.7
ct,3400,none,6950,M4A4,0.1948,103.9
ct,3400,none,6950,M4A1-S,0.1102,103.9
ct,3400,none,6950,AWP,0.6928,103.9
ct,3400,none,6950,MP9,0.0001,103.9
ct,3400,none,6950,none,0.0,103.9
ct,3400,none,6950,MP7,0.0,103.9
ct,3400,none,6950,FAMAS,0.001,103.9
ct,3400,none,6950,SSG 08,0.0002,103.9
ct,3400,none,6950,AUG,0.0008,103.9
ct,3400,none,6950,AK-47,0.0,103.9
ct,3400,none,6950,MAG-7,0.0,103.9
ct,3400,none,7000,M4A4,0.1987,103.9
ct,3400,none,7000,M4A1-S,0.113,103.9
ct,3400,none,7000,AWP,0.686,103.9
ct,3400,none,7000,MP9,0.0001,103.9
ct,3400,none,7000,none,0.0,103.9
ct,3400,none,7000,MP7,0.0,103.9
ct,3400,none,7000,FAMAS,0.0011,103.9
ct,3400,none,7000,SSG 08,0.0002,103.9
ct,3400,none,7000,AUG,0.0009,103.9
ct,3400,none,7000,AK-47,0.0,103.9
ct,3400,none,7000,MAG-7,0.0,103.9
ct,3400,none,7050,M4A4,0.192,95.9
ct,3400,none,7050,M4A1-S,0.1099,95.9
ct,3400,none,7050,AWP,0.6962,95.9
ct,3400,none,7050,MP9,0.0001,95.9
ct,3400,none,7050,none,0.0,95.9
ct,3400,none,7050,MP7,0.0,95.9
ct,3400,none,7050,FAMAS,0.0009,95.9
ct,3400,none,7050,SSG 08,0.0002,95.9
ct,3400,none,7050,AUG,0.0007,95.9
ct,3400,none,7050,AK-47,0.0,95.9
ct,3400,none,7050,MAG-7,0.0,95.9
ct,3400,none,7100,M4A4,0.1893,87.6
ct,3400,none,7100,M4A1-S,0.1092,87.6
ct,3400,none,7100,AWP,0.6999,87.6
ct,3400,none,7100,MP9,0.0001,87.6
ct,3400,none,7100,none,0.0,87.6
ct,3400,none,7100,MP7,0.0,87.6
ct,3400,none,7100,FAMAS,0.0008,87.6
ct,3400,none,7100,SSG 08,0.0001,87.6
ct,3400,none,7100,AUG,0.0006,87.6
ct,3400,none,7100,AK-47,0.0,87.6
ct,3400,none,7100,MAG-7,0.0,87.6
ct,3400,none,7150,M4A4,0.1875,79.5
ct,3400,none,7150,M4A1-S,0.1094,79.5
ct,3400,none,7150,AWP,0.7018,79.5
ct,3400,none,7150,MP9,0.0,79.5
ct,3400,none,7150,none,0.0,79.5
ct,3400,none,7150,MP7,0.0,79.5
ct,3400,none,7150,FAMAS,0.0007,79.5
ct,3400,none,7150,SSG 08,0.0001,79.5
ct,3400,none,7150,AUG,0.0005,79.5
ct,3400,none,7150,AK-47,0.0,79.5
ct,3400,none,7150,MAG-7,0.0,79.5
ct,3400,none,7200,M4A4,0.1867,71.7
ct,3400,none,7200,M4A1-S,0.1104,71.7
ct,3400,none,7200,AWP,0.7018,71.7
ct,3400,none,7200,MP9,0.0,71.7
ct,3400,none,7200,none,0.0,71.7
ct,3400,none,7200,MP7,0.0,71.7
ct,3400,none,7200,FAMAS,0.0006,71.7
ct,3400,none,7200,SSG 08,0.0001,71.7
ct,3400,none,7200,AUG,0.0004,71.7
ct,3400,none,7200,AK-47,0.0,71.7
ct,3400,none,7200,MAG-7,0.0,71.7
ct,3400,none,7250,M4A4,0.1869,64.2
ct,3400,none,7250,M4A1-S,0.1124,64.2
ct,3400,none,7250,AWP,0.6998,64.2
ct,3400,none,7250,MP9,0.0,64.2
ct,3400,none,7250,none,0.0,64.2
ct,3400,none,7250,MP7,0.0,64.2
ct,3400,none,7250,FAMAS,0.0005,64.2
ct,3400,none,7250,SSG 08,0.0001,64.2
ct,3400,none,7250,AUG,0.0003,64.2
ct,3400,none,7250,AK-47,0.0,64.2
ct,3400,none,7250,MAG-7,0.0,64.2
ct,3400,none,7300,M4A4,0.1879,57.1
ct,3400,none,7300,M4A1-S,0.1154,57.1
ct,3400,none,7300,AWP,0.6959,57.1
ct,3400,none,7300,MP9,0.0,57.1
ct,3400,none,7300,none,0.0,57.1
ct,3400,none,7300,MP7,0.0,57.1
ct,3400,none,7300,FAMAS,0.0004,57.1
ct,3400,none,7300,SSG 08,0.0001,57.1
ct,3400,none,7300,AUG,0.0003,57.1
ct,3400,none,7300,AK-47,0.0,57.1
ct,3400,none,7300,MAG-7,0.0,57.1
ct,3400,none,7350,M4A4,0.1841,51.2
ct,3400,none,7350,M4A1-S,0.1159,51.2
ct,3400,none,7350,AWP,0.6993,51.2
ct,3400,none,7350,MP9,0.0,51.2
ct,3400,none,7350,none,0.0,51.2
ct,3400,none,7350,MP7,0.0,51.2
ct,3400,none,7350,FAMAS,0.0003,51.2
ct,3400,none,7350,SSG 08,0.0,51.2
ct,3400,none,7350,AUG,0.0002,51.2
ct,3400,none,7350,AK-47,0.0,51.2
ct,3400,none,7350,MAG-7,0.0,51.2
ct,3400,none,7400,M4A4,0.1856,45.0
ct,3400,none,7400,M4A1-S,0.1203,45.0
ct,3400,none,7400,AWP,0.6936,45.0
ct,3400,none,7400,MP9,0.0,45.0
ct,3400,none,7400,none,0.0,45.0
ct,3400,none,7400,MP7,0.0,45.0
ct,3400,none,7400,FAMAS,0.0003,45.0
ct,3400,none,7400,SSG 08,0.0,45.0
ct,3400,none,7400,AUG,0.0002,45.0
ct,3400,none,7400,AK-47,0.0,45.0
ct,3400,none,7400,MAG-7,0.0,45.0
ct,3400,none,7450,M4A4,0.1875,39.3
ct,3400,none,7450,M4A1-S,0.1257,39.3
ct,3400,none,7450,AWP,0.6864,39.3
ct,3400,none,7450,MP9,0.0,39.3
ct,3400,none,7450,none,0.0,39.3
ct,3400,none,7450,MP7,0.0,39.3
ct,3400,none,7450,FAMAS,0.0002,39.3
ct,3400,none,7450,SSG 08,0.0,39.3
ct,3400,none,7450,AUG,0.0001,39.3
ct,3400,none,7450,AK-47,0.0,39.3
ct,3400,none,7450,MAG-7,0.0,39.3
ct,3400,none,7500,M4A4,0.1899,34.3
ct,3400,none,7500,M4A1-S,0.1321,34.3
ct,3400,none,7500,AWP,0.6777,34.3
ct,3400,none,7500,MP9,0.0,34.3
ct,3400,none,7500,none,0.0,34.3
ct,3400,none,7500,MP7,0.0,34.3
ct,3400,none,7500,FAMAS,0.0002,34.3
ct,3400,none,7500,SSG 08,0.0,34.3
ct,3400,none,7500,AUG,0.0001,34.3
ct,3400,none,7500,AK-47,0.0,34.3
ct,3400,none,7500,MAG-7,0.0,34.3
ct,3400,none,7550,M4A4,0.1925,29.8
ct,3400,none,7550,M4A1-S,0.1394,29.8
ct,3400,none,7550,AWP,0.6678,29.8
ct,3400,none,7550,MP9,0.0,29.8
ct,3400,none,7550,none,0.0,29.8
ct,3400,none,7550,MP7,0.0,29.8
ct,3400,none,7550,FAMAS,0.0001,29.8
ct,3400,none,7550,SSG 08,0.0,29.8
ct,3400,none,7550,AUG,0.0001,29.8
ct,3400,none,7550,AK-47,0.0,29.8
ct,3400,none,7550,MAG-7,0.0,29.8
ct,3400,none,7600,M4A4,0.1953,25.9
ct,3400,none,7600,M4A1-S,0.1477,25.9
ct,3400,none,7600,AWP,0.6568,25.9
ct,3400,none,7600,MP9,0.0,25.9
ct,3400,none,7600,none,0.0,25.9
ct,3400,none,7600,MP7,0.0,25.9
ct,3400,none,7600,FAMAS,0.0001,25.9
ct,3400,none,7600,SSG 08,0.0,25.9
ct,3400,none,7600,AUG,0.0001,25.9
ct,3400,none,7600,AK-47,0.0,25.9
ct,3400,none,7600,MAG-7,0.0,25.9
t,1900,exact,1500,Galil AR,0.0765,27.2
t,1900,exact,1500,AK-47,0.7078,27.2
t,1900,exact,1500,none,0.1795,27.2
t,1900,exact,1500,MAC-10,0.0362,27.2
t,1900,family,1500,Galil AR,0.072,34.2
t,1900,family,1500,AK-47,0.6445,34.2
t,1900,family,1500,none,0.2457,34.2
t,1900,family,1500,M4A1-S,0.0089,34.2
t,1900,family,1500,MAC-10,0.0289,34.2
t,1900,family,1500,Galil AR,0.072,34.2
t,1900,family,1500,AK-47,0.6445,34.2
t,1900,family,1500,none,0.2457,34.2
t,1900,family,1500,M4A1-S,0.0089,34.2
t,1900,family,1500,MAC-10,0.0289,34.2
t,2400,family,1500,none,0.7014,29.1
t,2400,family,1500,AK-47,0.2502,29.1
t,2400,family,1500,Galil AR,0.0485,29.1
t,2400,family,2500,none,0.9755,29.3
t,2400,family,2500,AK-47,0.0233,29.3
t,2400,family,2500,Galil AR,0.0012,29.3
t,2400,family,1500,none,0.7014,29.1
t,2400,family,1500,AK-47,0.2502,29.1
t,2400,family,1500,Galil AR,0.0485,29.1
t,2400,family,2500,none,0.9755,29.3
t,2400,family,2500,AK-47,0.0233,29.3
t,2400,family,2500,Galil AR,0.0012,29.3
t,2400,family,1500,none,0.7014,29.1
t,2400,family,1500,AK-47,0.2502,29.1
t,2400,family,1500,Galil AR,0.0485,29.1
t,2400,family,2500,none,0.9755,29.3
t,2400,family,2500,AK-47,0.0233,29.3
t,2400,family,2500,Galil AR,0.0012,29.3
ct,1900,family,1500,M4A4,0.3359,29.7
ct,1900,family,1500,AK-47,0.1423,29.7
ct,1900,family,1500,M4A1-S,0.2224,29.7
ct,1900,family,1500,FAMAS,0.1064,29.7
ct,1900,family,1500,none,0.1729,29.7
ct,1900,family,1500,MP9,0.0202,29.7
ct,1900,family,1500,AWP,0.0,29.7
ct,1900,family,2500,M4A4,0.2192,39.3
ct,1900,family,2500,AK-47,0.1177,39.3
ct,1900,family,2500,M4A1-S,0.3478,39.3
ct,1900,family,2500,FAMAS,0.041,39.3
ct,1900,family,2500,none,0.2462,39.3
ct,1900,family,2500,MP9,0.0277,39.3
ct,1900,family,2500,AWP,0.0003,39.3
ct,1900,family,3000,M4A4,0.2496,32.2
ct,1900,family,3000,AK-47,0.0891,32.2
ct,1900,family,3000,M4A1-S,0.38,32.2
ct,1900,family,3000,FAMAS,0.0259,32.2
ct,1900,family,3000,none,0.2421,32.2
ct,1900,family,3000,MP9,0.0085,32.2
ct,1900,family,3000,AWP,0.0047,32.2
ct,1900,family,3500,M4A4,0.2951,28.1
ct,1900,family,3500,AK-47,0.0941,28.1
ct,1900,family,3500,M4A1-S,0.2885,28.1
ct,1900,family,3500,FAMAS,0.0481,28.1
ct,1900,family,3500,none,0.2459,28.1
ct,1900,family,3500,MP9,0.001,28.1
ct,1900,family,3500,AWP,0.0271,28.1
ct,1900,family,4000,M4A4,0.3733,23.8
ct,1900,family,4000,AK-47,0.2303,23.8
ct,1900,family,4000,M4A1-S,0.1424,23.8
ct,1900,family,4000,FAMAS,0.0481,23.8
ct,1900,family,4000,none,0.1448,23.8
ct,1900,family,4000,MP9,0.0,23.8
ct,1900,family,4000,AWP,0.0611,23.8
ct,1900,family,1500,M4A4,0.3359,29.7
ct,1900,family,1500,AK-47,0.1423,29.7
ct,1900,family,1500,M4A1-S,0.2224,29.7
ct,1900,family,1500,FAMAS,0.1064,29.7
ct,1900,family,1500,none,0.1729,29.7
ct,1900,family,1500,MP9,0.0202,29.7
ct,1900,family,1500,AWP,0.0,29.7
ct,1900,family,2500,M4A4,0.2192,39.3
ct,1900,family,2500,AK-47,0.1177,39.3
ct,1900,family,2500,M4A1-S,0.3478,39.3
ct,1900,family,2500,FAMAS,0.041,39.3
ct,1900,family,2500,none,0.2462,39.3
ct,1900,family,2500,MP9,0.0277,39.3
ct,1900,family,2500,AWP,0.0003,39.3
ct,1900,family,3000,M4A4,0.2496,32.2
ct,1900,family,3000,AK-47,0.0891,32.2
ct,1900,family,3000,M4A1-S,0.38,32.2
ct,1900,family,3000,FAMAS,0.0259,32.2
ct,1900,family,3000,none,0.2421,32.2
ct,1900,family,3000,MP9,0.0085,32.2
ct,1900,family,3000,AWP,0.0047,32.2
ct,1900,family,3500,M4A4,0.2951,28.1
ct,1900,family,3500,AK-47,0.0941,28.1
ct,1900,family,3500,M4A1-S,0.2885,28.1
ct,1900,family,3500,FAMAS,0.0481,28.1
ct,1900,family,3500,none,0.2459,28.1
ct,1900,family,3500,MP9,0.001,28.1
ct,1900,family,3500,AWP,0.0271,28.1
ct,1900,family,4000,M4A4,0.3733,23.8
ct,1900,family,4000,AK-47,0.2303,23.8
ct,1900,family,4000,M4A1-S,0.1424,23.8
ct,1900,family,4000,FAMAS,0.0481,23.8
ct,1900,family,4000,none,0.1448,23.8
ct,1900,family,4000,MP9,0.0,23.8
ct,1900,family,4000,AWP,0.0611,23.8
ct,1900,family,1500,M4A4,0.3359,29.7
ct,1900,family,1500,AK-47,0.1423,29.7
ct,1900,family,1500,M4A1-S,0.2224,29.7
ct,1900,family,1500,FAMAS,0.1064,29.7
ct,1900,family,1500,none,0.1729,29.7
ct,1900,family,1500,MP9,0.0202,29.7
ct,1900,family,1500,AWP,0.0,29.7
ct,1900,family,2500,M4A4,0.2192,39.3
ct,1900,family,2500,AK-47,0.1177,39.3
ct,1900,family,2500,M4A1-S,0.3478,39.3
ct,1900,family,2500,FAMAS,0.041,39.3
ct,1900,family,2500,none,0.2462,39.3
ct,1900,family,2500,MP9,0.0277,39.3
ct,1900,family,2500,AWP,0.0003,39.3
ct,1900,family,3000,M4A4,0.2496,32.2
ct,1900,family,3000,AK-47,0.0891,32.2
ct,1900,family,3000,M4A1-S,0.38,32.2
ct,1900,family,3000,FAMAS,0.0259,32.2
ct,1900,family,3000,none,0.2421,32.2
ct,1900,family,3000,MP9,0.0085,32.2
ct,1900,family,3000,AWP,0.0047,32.2
ct,1900,family,3500,M4A4,0.2951,28.1
ct,1900,family,3500,AK-47,0.0941,28.1
ct,1900,family,3500,M4A1-S,0.2885,28.1
ct,1900,family,3500,FAMAS,0.0481,28.1
ct,1900,family,3500,none,0.2459,28.1
ct,1900,family,3500,MP9,0.001,28.1
ct,1900,family,3500,AWP,0.0271,28.1
ct,1900,family,4000,M4A4,0.3733,23.8
ct,1900,family,4000,AK-47,0.2303,23.8
ct,1900,family,4000,M4A1-S,0.1424,23.8
ct,1900,family,4000,FAMAS,0.0481,23.8
ct,1900,family,4000,none,0.1448,23.8
ct,1900,family,4000,MP9,0.0,23.8
ct,1900,family,4000,AWP,0.0611,23.8
ct,2400,family,1500,AK-47,0.1756,41.7
ct,2400,family,1500,none,0.1271,41.7
ct,2400,family,1500,M4A1-S,0.2344,41.7
ct,2400,family,1500,FAMAS,0.0926,41.7
ct,2400,family,1500,M4A4,0.3626,41.7
ct,2400,family,1500,MP9,0.0077,41.7
ct,2400,family,2500,AK-47,0.2037,66.3
ct,2400,family,2500,none,0.1748,66.3
ct,2400,family,2500,M4A1-S,0.2446,66.3
ct,2400,family,2500,FAMAS,0.0694,66.3
ct,2400,family,2500,M4A4,0.288,66.3
ct,2400,family,2500,MP9,0.0195,66.3
ct,2400,family,3000,AK-47,0.1865,49.7
ct,2400,family,3000,none,0.1543,49.7
ct,2400,family,3000,M4A1-S,0.2556,49.7
ct,2400,family,3000,FAMAS,0.0718,49.7
ct,2400,family,3000,M4A4,0.3132,49.7
ct,2400,family,3000,MP9,0.0187,49.7
ct,2400,family,3500,AK-47,0.1193,25.3
ct,2400,family,3500,none,0.0957,25.3
ct,2400,family,3500,M4A1-S,0.3734,25.3
ct,2400,family,3500,FAMAS,0.0392,25.3
ct,2400,family,3500,M4A4,0.3656,25.3
ct,2400,family,3500,MP9,0.0067,25.3
ct,2400,family,1500,AK-47,0.1756,41.7
ct,2400,family,1500,none,0.1271,41.7
ct,2400,family,1500,M4A1-S,0.2344,41.7
ct,2400,family,1500,FAMAS,0.0926,41.7
ct,2400,family,1500,M4A4,0.3626,41.7
ct,2400,family,1500,MP9,0.0077,41.7
ct,2400,family,2500,AK-47,0.2037,66.3
ct,2400,family,2500,none,0.1748,66.3
ct,2400,family,2500,M4A1-S,0.2446,66.3
ct,2400,family,2500,FAMAS,0.0694,66.3
ct,2400,family,2500,M4A4,0.288,66.3
ct,2400,family,2500,MP9,0.0195,66.3
ct,2400,family,3000,AK-47,0.1865,49.7
ct,2400,family,3000,none,0.1543,49.7
ct,2400,family,3000,M4A1-S,0.2556,49.7
ct,2400,family,3000,FAMAS,0.0718,49.7
ct,2400,family,3000,M4A4,0.3132,49.7
ct,2400,family,3000,MP9,0.0187,49.7
ct,2400,family,3500,AK-47,0.1193,25.3
ct,2400,family,3500,none,0.0957,25.3
ct,2400,family,3500,M4A1-S,0.3734,25.3
ct,2400,family,3500,FAMAS,0.0392,25.3
ct,2400,family,3500,M4A4,0.3656,25.3
ct,2400,family,3500,MP9,0.0067,25.3
ct,2400,family,1500,AK-47,0.1756,41.7
ct,2400,family,1500,none,0.1271,41.7
ct,2400,family,1500,M4A1-S,0.2344,41.7
ct,2400,family,1500,FAMAS,0.0926,41.7
ct,2400,family,1500,M4A4,0.3626,41.7
ct,2400,family,1500,MP9,0.0077,41.7
ct,2400,family,2500,AK-47,0.2037,66.3
ct,2400,family,2500,none,0.1748,66.3
ct,2400,family,2500,M4A1-S,0.2446,66.3
ct,2400,family,2500,FAMAS,0.0694,66.3
ct,2400,family,2500,M4A4,0.288,66.3
ct,2400,family,2500,MP9,0.0195,66.3
ct,2400,family,3000,AK-47,0.1865,49.7
ct,2400,family,3000,none,0.1543,49.7
ct,2400,family,3000,M4A1-S,0.2556,49.7
ct,2400,family,3000,FAMAS,0.0718,49.7
ct,2400,family,3000,M4A4,0.3132,49.7
ct,2400,family,3000,MP9,0.0187,49.7
ct,2400,family,3500,AK-47,0.1193,25.3
ct,2400,family,3500,none,0.0957,25.3
ct,2400,family,3500,M4A1-S,0.3734,25.3
ct,2400,family,3500,FAMAS,0.0392,25.3
ct,2400,family,3500,M4A4,0.3656,25.3
ct,2400,family,3500,MP9,0.0067,25.3
ct,2400,exact,1500,AWP,0.7824,25.7
ct,2400,exact,1500,none,0.2176,25.7
ct,2400,exact,2500,AWP,0.7127,37.3
ct,2400,exact,2500,none,0.2873,37.3
ct,2400,exact,3000,AWP,0.7067,30.3
ct,2400,exact,3000,none,0.2933,30.3
